response_id,session_id,turn_number,model_version,created_at,latency_ms,is_safe,predicted_helpfulness,language,cost_usd
1,371,7,v2,2026-05-27T15:39,1114,1,0.792,es,0.0345
2,147,11,v3,2026-01-02T05:20,2479,1,0.567,es,0.0242
3,1005,12,v2,2026-01-01T13:58,1306,1,0.505,en,0.0461
4,1258,3,v1,2026-06-01T08:23,972,1,0.668,en,0.0348
5,1293,11,v1,2026-06-25T19:14,613,1,0.823,ja,0.0687
6,203,9,v2,2026-06-11T00:08,1474,1,1.0,fr,0.0267
7,1174,9,v3,2026-06-20T00:50,919,1,0.595,es,0.0089
8,1214,8,v3,2026-01-05T06:47,1478,1,0.866,es,0.058
9,602,5,v2,2026-05-04T11:07,740,1,0.804,en,0.0235
10,331,7,v1,2026-02-23T18:15,1238,1,0.531,ja,0.0455
11,252,4,v3,2026-06-04T04:46,422,1,0.957,de,0.0578
12,1553,7,v1,2026-03-18T17:40,1161,1,0.68,en,0.0779
13,307,7,v2,2026-01-20T22:13,932,1,0.855,fr,0.0085
14,1368,4,v1,2026-06-18T06:30,1288,1,0.636,en,0.0388
15,1099,10,v1,2026-06-13T14:19,1164,1,0.633,en,0.0608
16,1120,1,v3,2026-06-06T05:14,1537,1,0.659,es,0.0031
17,884,7,v2,2026-03-05T20:05,675,0,0.633,en,0.0376
18,1408,7,v3,2026-07-17T19:32,1149,1,0.681,ja,0.0762
19,1702,8,v3,2026-02-01T16:12,878,1,0.694,ja,0.0758
20,1452,3,v3,2026-01-29T03:23,2000,1,0.532,es,0.0629
21,192,9,v3,2026-02-17T02:24,549,1,0.661,en,0.0567
22,24,12,v3,2026-03-07T12:54,2054,1,0.938,he,0.0128
23,1594,5,v3,2026-01-21T13:06,1215,1,0.913,es,0.0699
24,1548,10,v1,2026-04-18T10:07,1228,1,0.752,fr,0.0365
25,64,10,v2,2026-06-07T13:19,1673,1,0.733,en,0.0766
26,775,12,v1,2026-06-06T07:43,1439,1,0.869,en,0.0065
27,1331,1,v2,2026-06-14T03:54,1533,1,0.535,ja,0.0236
28,1178,6,v1,2026-01-16T23:09,1589,0,0.603,en,0.0345
29,391,2,v2,2026-06-12T10:30,1429,1,0.843,en,0.0299
30,547,1,v3,2026-03-08T12:11,1409,1,0.772,es,0.0476
31,1530,8,v3,2026-04-28T14:46,1119,1,0.778,en,0.0477
32,732,8,v3,2026-01-04T03:26,1072,1,0.512,de,0.0699
33,1620,10,v1,2026-05-07T03:37,1349,1,0.599,en,0.0208
34,1031,12,v2,2026-03-15T16:26,528,1,0.588,en,0.0756
35,227,3,v3,2026-07-07T03:55,1455,1,0.801,en,0.0532
36,946,4,v3,2026-02-14T16:57,694,1,0.604,es,0.0729
37,1105,7,v2,2026-02-08T08:00,928,1,0.601,en,0.052
38,1199,1,v2,2026-05-18T04:03,544,1,0.643,en,0.0136
39,275,8,v2,2026-03-27T16:30,613,1,0.631,en,0.0369
40,128,5,v3,2026-01-11T18:57,457,0,0.649,es,0.067
41,1370,7,v3,2026-04-05T21:41,567,1,0.641,en,0.0274
42,1454,6,v3,2026-01-30T07:32,809,1,0.843,en,0.0609
43,697,11,v3,2026-04-02T18:53,1140,1,0.699,de,0.0775
44,1658,10,v2,2026-04-20T09:28,1275,1,0.564,en,0.0486
45,389,6,v1,2026-04-09T10:10,1976,1,0.682,en,0.0184
46,152,2,v2,2026-04-20T16:57,719,1,0.825,de,0.0548
47,738,2,v1,2026-01-13T20:40,1544,1,0.701,de,0.0188
48,1628,11,v3,2026-01-05T23:12,1518,1,0.595,es,0.0714
49,1296,1,v2,2026-06-11T14:20,1611,1,0.77,en,0.0025
50,486,1,v2,2026-06-07T02:25,2092,1,0.696,de,0.0304
51,536,10,v1,2026-04-23T05:00,2054,1,0.74,es,0.0794
52,1274,5,v1,2026-07-26T14:48,1625,1,0.763,en,0.0749
53,386,2,v1,2026-05-05T23:42,1914,0,0.613,ja,0.0086
54,1259,5,v1,2026-04-14T04:46,1236,1,0.507,es,0.052
55,1459,6,v1,2026-03-30T17:23,2082,1,0.957,en,0.0473
56,909,10,v3,2026-05-10T14:30,1174,1,0.901,en,0.0505
57,1126,8,v3,2026-03-05T00:26,1500,1,0.731,en,0.0208
58,1279,8,v1,2026-06-23T22:30,1404,1,0.742,es,0.0469
59,1743,9,v2,2026-04-22T12:00,249,1,0.922,de,0.0389
60,695,5,v2,2026-04-11T07:15,989,1,0.526,en,0.0398
61,15,7,v1,2026-02-01T19:38,1439,1,0.799,es,0.037
62,1651,11,v2,2026-03-14T15:50,360,1,0.882,en,0.0207
63,365,11,v3,2026-02-24T01:17,1394,1,0.605,ja,0.0082
64,425,8,v1,2026-07-06T10:18,1346,1,0.531,es,0.0474
65,1241,6,v1,2026-07-07T09:52,1154,1,0.983,de,0.0717
66,1039,7,v2,2026-07-07T15:07,1608,1,0.502,en,0.0639
67,909,3,v1,2026-05-10T14:30,1591,1,0.81,en,0.0197
68,697,11,v2,2026-04-02T18:53,754,1,0.989,de,0.0793
69,632,4,v1,2026-06-05T15:25,1878,1,0.494,en,0.076
70,1376,11,v3,2026-07-03T22:18,1780,0,0.615,en,0.0435
71,1524,6,v3,2026-04-14T09:35,1422,1,0.544,en,0.0385
72,612,8,v3,2026-06-04T06:51,837,1,0.96,en,0.0132
73,62,7,v2,2026-03-10T20:02,180,1,0.729,en,0.0273
74,558,5,v2,2026-02-15T11:07,1514,1,0.881,es,0.0502
75,565,2,v2,2026-06-04T17:54,1081,1,0.635,he,0.0343
76,1743,2,v3,2026-04-22T12:00,1246,1,0.683,de,0.0393
77,545,9,v1,2026-01-24T08:34,1551,1,0.667,en,0.0759
78,1461,4,v1,2026-07-28T04:26,2058,1,0.687,es,0.0674
79,886,8,v2,2026-05-04T07:44,388,1,0.772,es,0.0239
80,1593,1,v3,2026-04-04T05:53,1060,1,0.622,en,0.0576
81,1168,4,v3,2026-02-19T22:49,805,1,0.798,de,0.0051
82,479,3,v2,2026-05-17T11:52,1608,1,0.636,ja,0.0503
83,680,1,v2,2026-03-24T23:13,1203,1,0.504,en,0.0561
84,642,4,v3,2026-07-01T23:05,390,1,0.831,es,0.0604
85,559,11,v1,2026-06-04T03:37,1161,1,0.766,es,0.0194
86,343,3,v3,2026-02-26T14:42,1378,1,0.849,fr,0.0185
87,1567,8,v1,2026-06-23T09:39,1892,1,0.972,es,0.0055
88,53,1,v3,2026-02-20T23:16,1983,1,0.611,he,0.022
89,1781,10,v3,2026-05-17T16:25,938,0,0.488,en,0.07
90,883,11,v1,2026-04-25T18:01,1468,1,0.709,en,0.0205
91,841,5,v1,2026-05-16T21:53,1324,1,0.634,en,0.0721
92,958,9,v3,2026-07-09T20:43,888,1,1.0,fr,0.0069
93,1752,10,v3,2026-03-03T14:22,970,1,0.754,en,0.0403
94,1494,11,v1,2026-02-06T07:05,1585,1,0.843,es,0.0172
95,321,2,v2,2026-05-07T18:38,1199,1,0.478,de,0.043
96,597,11,v2,2026-07-25T15:40,703,1,0.783,en,0.0577
97,608,1,v1,2026-07-14T15:03,1622,1,0.711,fr,0.0617
98,1331,8,v2,2026-06-14T03:54,992,0,0.769,ja,0.0038
99,1405,4,v2,2026-03-25T07:26,983,1,0.87,es,0.0264
100,10,9,v2,2026-06-05T12:22,1250,1,0.499,de,0.0192
101,236,7,v3,2026-07-09T07:03,1188,1,0.876,en,0.0495
102,1446,9,v3,2026-05-20T15:34,324,1,0.771,he,0.0748
103,1357,8,v1,2026-04-03T12:23,1189,1,0.493,en,0.0419
104,571,1,v2,2026-03-15T13:21,1121,1,0.457,en,0.0627
105,348,11,v2,2026-04-28T17:22,987,1,0.597,en,0.0549
106,1168,6,v1,2026-02-19T22:49,791,1,0.74,de,0.0073
107,1119,1,v3,2026-07-18T15:27,1239,1,0.763,en,0.0537
108,1134,11,v3,2026-02-24T01:54,1281,1,0.862,ja,0.0445
109,1209,7,v3,2026-06-08T23:59,827,1,0.881,en,0.0203
110,1202,5,v2,2026-03-25T07:48,958,1,0.642,en,0.0311
111,1172,12,v3,2026-01-21T02:52,2342,1,0.758,es,0.0584
112,1390,11,v1,2026-01-30T22:13,1055,0,0.482,es,0.0324
113,926,3,v3,2026-01-11T08:56,928,1,0.798,es,0.0346
114,36,8,v3,2026-07-08T10:51,990,1,0.899,de,0.0738
115,1248,2,v3,2026-03-18T19:32,1110,1,0.611,ja,0.0381
116,1494,3,v2,2026-02-06T07:05,180,1,0.657,es,0.0175
117,408,1,v3,2026-07-06T05:40,1757,1,0.676,en,0.0566
118,71,8,v3,2026-05-10T03:42,1291,1,0.939,en,0.0355
119,886,6,v1,2026-05-04T07:44,1345,1,0.686,es,0.0041
120,77,7,v2,2026-05-17T20:39,1467,1,0.712,es,0.0581
121,1588,1,v3,2026-05-12T01:56,1719,1,0.77,ja,0.0599
122,624,10,v2,2026-02-28T09:45,1492,1,0.766,en,0.0184
123,1347,6,v3,2026-03-25T20:20,902,1,0.386,fr,0.0643
124,520,4,v2,2026-04-01T08:08,1153,1,0.975,fr,0.0779
125,843,11,v1,2026-05-22T15:26,1572,1,0.89,fr,0.0206
126,704,10,v2,2026-04-11T10:41,928,1,0.923,en,0.0296
127,1326,8,v3,2026-03-30T17:49,1286,1,0.83,es,0.0557
128,1474,3,v1,2026-04-17T15:43,1214,1,0.663,de,0.0118
129,1651,7,v1,2026-03-14T15:50,1372,1,0.89,en,0.0594
130,790,4,v3,2026-04-26T01:12,1021,1,0.515,ja,0.0779
131,4,3,v2,2026-05-07T02:46,1362,1,0.536,es,0.0425
132,505,10,v1,2026-01-21T11:01,1483,1,0.577,en,0.0496
133,1216,10,v2,2026-07-20T01:01,1051,1,0.63,de,0.0187
134,1552,6,v1,2026-07-21T05:50,804,1,0.53,de,0.0792
135,314,1,v2,2026-01-06T18:50,2112,1,0.615,de,0.0622
136,487,9,v1,2026-03-14T08:05,1776,1,0.726,ja,0.0708
137,191,10,v2,2026-07-17T20:13,936,1,0.674,ja,0.0594
138,200,12,v1,2026-01-16T04:55,1521,1,0.596,he,0.0599
139,449,5,v3,2026-02-06T00:58,1196,1,0.841,he,0.0744
140,484,7,v3,2026-03-22T05:32,1211,1,1.0,ja,0.071
141,770,3,v3,2026-06-12T14:29,1404,1,0.764,en,0.0502
142,826,1,v2,2026-01-01T18:15,1260,1,0.637,fr,0.0096
143,1482,4,v1,2026-02-18T07:17,1284,1,0.692,de,0.0706
144,1353,9,v2,2026-07-01T18:36,1139,1,0.684,fr,0.0081
145,195,10,v3,2026-01-24T23:56,487,1,0.924,ja,0.0428
146,1509,10,v2,2026-04-21T20:29,770,1,0.469,es,0.0689
147,358,2,v1,2026-06-22T23:57,843,1,0.772,de,0.0112
148,594,6,v3,2026-01-06T17:25,1970,1,0.483,en,0.0202
149,553,5,v1,2026-07-12T14:50,1173,1,0.62,en,0.0541
150,144,2,v1,2026-04-06T01:40,1137,1,0.598,he,0.0498
151,493,2,v2,2026-01-27T19:39,1480,1,0.816,he,0.007
152,245,3,v2,2026-03-17T09:52,687,0,0.241,es,0.0186
153,1174,5,v2,2026-06-20T00:50,1711,1,0.801,es,0.0433
154,211,3,v1,2026-01-14T06:42,1711,1,0.554,he,0.0119
155,387,8,v3,2026-01-26T13:27,1113,1,0.548,en,0.0652
156,1581,3,v1,2026-07-19T18:09,1266,1,0.798,fr,0.053
157,1384,9,v2,2026-03-26T11:51,1494,1,0.408,en,0.0309
158,1000,7,v3,2026-05-10T03:49,1522,1,0.844,en,0.0053
159,557,8,v1,2026-06-04T11:43,1142,1,0.711,he,0.0624
160,389,9,v3,2026-04-09T10:10,1172,1,1.0,en,0.0312
161,224,11,v2,2026-01-27T11:38,1595,1,0.677,ja,0.0742
162,891,6,v1,2026-06-10T01:56,1604,1,0.816,ja,0.0679
163,451,5,v2,2026-03-19T06:53,1346,1,0.843,en,0.0294
164,1325,7,v3,2026-03-05T19:18,953,1,0.365,en,0.0726
165,1030,5,v3,2026-04-10T18:14,1380,1,0.906,de,0.0228
166,1254,3,v2,2026-07-15T00:49,1209,0,0.775,es,0.0061
167,1303,6,v2,2026-03-24T18:25,1838,1,0.646,en,0.0737
168,725,1,v1,2026-06-24T08:12,1427,1,0.798,ja,0.0709
169,685,9,v3,2026-03-21T21:00,1443,1,1.0,he,0.007
170,1436,3,v2,2026-06-03T03:55,1127,1,0.643,en,0.0529
171,1143,9,v2,2026-04-07T07:49,1088,1,1.0,de,0.014
172,1668,11,v2,2026-04-24T05:42,1214,1,0.851,fr,0.0498
173,1721,2,v1,2026-03-12T20:21,1524,1,0.785,es,0.0432
174,369,8,v1,2026-04-12T13:54,699,1,0.254,en,0.0078
175,532,12,v2,2026-01-23T15:24,1496,1,0.798,en,0.0066
176,1614,1,v2,2026-01-01T16:49,963,1,1.0,en,0.0425
177,1400,8,v1,2026-07-16T01:11,1800,1,0.803,en,0.0384
178,826,9,v3,2026-01-01T18:15,2340,1,0.827,fr,0.0334
179,1080,2,v3,2026-04-29T18:18,1595,1,0.924,en,0.0712
180,1108,11,v2,2026-03-25T01:10,1126,1,0.326,ja,0.0166
181,259,12,v1,2026-05-06T21:33,1630,1,0.652,es,0.0368
182,1016,9,v1,2026-07-22T15:00,1017,1,0.598,en,0.041
183,1319,6,v1,2026-05-06T02:10,2089,1,0.635,ja,0.0341
184,524,3,v1,2026-03-19T03:15,1199,1,0.751,es,0.0204
185,433,3,v3,2026-01-31T04:18,1180,1,0.672,en,0.0316
186,1551,5,v3,2026-02-12T05:54,1100,1,0.517,en,0.0218
187,750,3,v3,2026-02-12T21:12,452,1,0.813,fr,0.0407
188,478,5,v1,2026-02-28T08:58,1471,1,1.0,en,0.0469
189,1468,3,v1,2026-03-29T08:13,1543,1,0.814,en,0.0456
190,146,1,v3,2026-07-05T03:48,1783,1,0.7,es,0.0668
191,851,12,v3,2026-06-18T19:38,1307,1,1.0,en,0.0539
192,468,3,v2,2026-03-12T22:00,895,1,0.627,en,0.0796
193,1570,8,v3,2026-05-31T09:28,1751,1,0.922,en,0.0629
194,1579,11,v1,2026-02-01T20:33,1635,1,0.871,ja,0.0677
195,1681,4,v1,2026-02-23T14:54,1525,1,0.597,es,0.0651
196,1299,11,v3,2026-04-26T18:48,1255,1,0.641,es,0.0155
197,1655,12,v2,2026-07-04T11:17,969,1,0.82,en,0.0034
198,386,8,v3,2026-05-05T23:42,572,0,0.464,ja,0.0285
199,404,4,v2,2026-03-22T10:06,1236,1,1.0,en,0.0297
200,1171,10,v1,2026-02-04T05:22,1431,1,0.502,de,0.0378
201,1126,1,v1,2026-03-05T00:26,1238,1,0.589,en,0.055
202,460,11,v1,2026-01-23T18:20,1952,1,0.631,fr,0.0511
203,49,3,v2,2026-01-26T03:50,1649,1,0.613,he,0.0315
204,446,2,v2,2026-05-16T15:52,1368,1,0.646,en,0.0674
205,911,1,v2,2026-06-14T16:12,1569,1,0.836,de,0.0243
206,722,11,v2,2026-02-10T17:49,977,1,0.744,he,0.0108
207,1639,9,v3,2026-02-12T22:17,1357,0,0.693,fr,0.0144
208,168,8,v3,2026-04-17T09:07,657,1,0.919,es,0.0684
209,512,8,v2,2026-02-14T15:33,784,1,0.786,en,0.0039
210,855,1,v2,2026-01-25T06:58,1332,1,0.791,ja,0.0354
211,1775,1,v1,2026-06-04T18:18,1827,1,0.253,fr,0.0419
212,342,8,v2,2026-01-03T01:42,423,0,0.512,es,0.0342
213,1776,7,v2,2026-07-20T22:20,1269,1,0.713,en,0.003
214,1242,9,v2,2026-02-03T04:33,1984,1,0.529,fr,0.061
215,481,9,v1,2026-03-28T18:16,1710,1,0.815,en,0.0448
216,657,10,v1,2026-05-10T11:52,1397,1,0.824,en,0.0245
217,962,9,v1,2026-03-23T13:52,1945,1,1.0,de,0.0248
218,1284,6,v3,2026-02-14T11:53,1274,1,0.587,es,0.0669
219,370,1,v1,2026-04-24T15:41,1474,1,0.712,de,0.0694
220,418,7,v2,2026-07-21T05:01,806,1,0.706,en,0.0484
221,66,2,v3,2026-07-16T19:23,1762,1,0.8,en,0.0667
222,1690,7,v2,2026-06-04T05:06,1307,1,0.662,en,0.0606
223,1029,6,v3,2026-03-15T15:17,1476,1,0.947,fr,0.0786
224,836,4,v3,2026-03-29T14:27,1096,1,0.625,de,0.0497
225,629,2,v2,2026-05-03T03:16,1395,1,0.659,de,0.0452
226,1086,10,v1,2026-01-09T09:48,1571,0,0.288,ja,0.078
227,336,3,v3,2026-07-24T17:19,886,1,0.686,fr,0.0045
228,433,4,v2,2026-01-31T04:18,941,1,0.661,en,0.0766
229,1775,7,v1,2026-06-04T18:18,1175,1,0.815,fr,0.0555
230,823,7,v1,2026-05-13T22:39,1672,1,0.899,en,0.0147
231,1588,12,v1,2026-05-12T01:56,1467,1,0.756,ja,0.049
232,425,10,v3,2026-07-06T10:18,1049,1,0.55,es,0.0199
233,225,3,v3,2026-07-07T19:30,885,1,1.0,de,0.0638
234,1689,5,v3,2026-01-14T14:45,1123,1,0.611,en,0.0456
235,375,10,v2,2026-07-22T17:52,1185,1,0.456,he,0.0211
236,1020,3,v3,2026-07-27T05:59,1348,1,0.96,en,0.036
237,884,6,v1,2026-03-05T20:05,1731,1,0.84,en,0.0436
238,625,7,v2,2026-07-02T17:02,1158,1,0.884,en,0.051
239,1600,9,v3,2026-05-22T19:35,1634,1,1.0,en,0.0126
240,1123,2,v3,2026-04-24T02:46,1218,0,0.555,es,0.0166
241,692,5,v3,2026-04-20T07:15,741,1,0.907,en,0.0614
242,40,8,v1,2026-07-23T05:38,1098,1,0.781,en,0.0538
243,724,12,v2,2026-01-13T03:47,1301,1,0.601,fr,0.0489
244,20,5,v3,2026-05-07T04:42,600,1,0.906,en,0.074
245,947,5,v3,2026-06-05T20:37,1999,1,0.873,en,0.0546
246,1053,10,v2,2026-04-17T07:38,529,0,0.603,de,0.0636
247,1661,10,v3,2026-05-28T13:44,1009,1,0.925,en,0.0373
248,1128,5,v3,2026-07-10T19:15,1704,1,0.693,ja,0.0461
249,1525,4,v2,2026-04-02T16:34,919,1,0.66,de,0.0626
250,554,5,v1,2026-04-08T18:29,1189,1,0.823,en,0.073
251,1447,4,v1,2026-03-24T21:50,1705,1,0.761,en,0.0105
252,89,11,v3,2026-06-08T12:57,733,1,1.0,en,0.0577
253,1656,1,v2,2026-04-14T15:12,918,1,0.574,es,0.055
254,334,9,v2,2026-05-18T16:30,1131,1,0.738,en,0.056
255,569,1,v2,2026-03-07T20:29,2036,1,0.656,es,0.0777
256,408,10,v1,2026-07-06T05:40,1631,0,0.982,en,0.0353
257,1288,2,v2,2026-06-29T22:11,659,1,0.629,en,0.0148
258,637,5,v2,2026-04-18T21:00,678,1,0.837,en,0.0771
259,57,11,v1,2026-07-15T00:20,1950,1,0.745,es,0.0573
260,687,9,v1,2026-05-27T05:49,1369,0,0.647,en,0.0225
261,563,12,v3,2026-01-30T03:26,2002,1,0.482,es,0.0551
262,136,12,v2,2026-06-14T15:50,180,1,0.688,en,0.0578
263,1168,7,v2,2026-02-19T22:49,1181,0,1.0,de,0.022
264,1266,8,v2,2026-07-03T19:59,1811,1,0.589,ja,0.0087
265,1688,11,v3,2026-03-24T04:55,1544,1,0.51,ja,0.072
266,88,5,v2,2026-06-26T11:54,1635,1,0.71,es,0.0337
267,284,8,v1,2026-04-30T04:55,1853,1,0.158,es,0.074
268,376,5,v2,2026-01-01T17:31,2094,1,0.778,ja,0.0435
269,1257,6,v2,2026-03-20T13:54,1625,1,0.772,de,0.042
270,1176,8,v1,2026-07-08T18:05,1601,1,0.623,es,0.0674
271,837,8,v2,2026-02-15T13:53,1570,1,0.694,es,0.0343
272,856,2,v2,2026-06-08T00:05,1830,1,0.47,en,0.0036
273,1285,2,v3,2026-04-15T05:45,1032,1,0.798,ja,0.0683
274,1212,11,v3,2026-05-02T19:54,733,1,0.948,de,0.0388
275,245,11,v1,2026-03-17T09:52,1210,1,0.598,es,0.0648
276,1303,2,v1,2026-03-24T18:25,855,0,0.577,en,0.0595
277,1750,11,v3,2026-06-20T22:26,538,1,0.696,fr,0.0047
278,1614,10,v1,2026-01-01T16:49,1058,1,0.712,en,0.052
279,275,5,v3,2026-03-27T16:30,1462,1,0.775,en,0.0047
280,1454,11,v2,2026-01-30T07:32,1312,1,0.703,en,0.0303
281,1715,4,v1,2026-03-18T10:12,1116,1,0.537,ja,0.0301
282,107,6,v1,2026-03-30T20:09,1468,1,0.726,en,0.0673
283,61,11,v3,2026-06-27T21:12,1720,0,0.673,fr,0.0289
284,42,9,v2,2026-02-03T10:09,1027,1,0.822,he,0.0256
285,1522,2,v3,2026-01-17T07:11,1303,1,0.648,en,0.0084
286,990,12,v2,2026-07-02T02:17,1584,1,0.695,es,0.0661
287,14,7,v3,2026-07-27T12:53,1020,1,0.624,en,0.0187
288,1206,8,v3,2026-07-16T00:50,1090,1,1.0,en,0.0169
289,491,9,v3,2026-06-29T15:31,225,1,0.628,en,0.0791
290,215,6,v2,2026-07-03T23:47,823,0,0.488,fr,0.0441
291,495,3,v3,2026-06-24T13:32,1603,1,0.902,es,0.0486
292,1769,9,v1,2026-06-04T13:40,1991,1,0.698,en,0.0447
293,991,8,v1,2026-01-09T06:18,1518,1,0.43,de,0.035
294,324,10,v1,2026-05-13T12:41,1321,1,0.792,en,0.0292
295,207,1,v3,2026-04-08T03:17,1050,0,0.807,en,0.0671
296,111,6,v3,2026-04-06T18:09,573,1,0.754,ja,0.0477
297,1525,11,v3,2026-04-02T16:34,1037,1,0.671,de,0.0269
298,1242,6,v1,2026-02-03T04:33,1887,1,0.952,fr,0.0157
299,648,4,v1,2026-06-30T10:24,1559,1,0.812,ja,0.0471
300,1086,6,v2,2026-01-09T09:48,1136,1,0.601,ja,0.0497
301,336,5,v2,2026-07-24T17:19,639,1,0.58,fr,0.0363
302,648,3,v2,2026-06-30T10:24,1455,1,1.0,ja,0.0788
303,811,7,v2,2026-03-13T20:11,1171,1,0.796,en,0.0244
304,85,1,v2,2026-07-22T09:37,1232,1,0.766,fr,0.065
305,661,12,v3,2026-07-15T23:18,1352,1,1.0,en,0.0224
306,160,5,v2,2026-04-30T12:19,180,0,0.537,he,0.0047
307,1,6,v2,2026-03-08T21:39,934,1,0.824,en,0.06
308,1208,8,v3,2026-07-18T06:14,602,1,0.741,es,0.0264
309,1260,1,v3,2026-05-20T06:16,1483,1,0.603,es,0.0217
310,42,10,v3,2026-02-03T10:09,1143,1,0.447,he,0.0663
311,474,12,v3,2026-06-07T08:36,980,1,0.837,es,0.0234
312,1064,7,v2,2026-05-09T17:05,1175,1,0.701,en,0.015
313,1749,9,v2,2026-03-13T15:41,1558,1,0.601,fr,0.0634
314,1555,3,v1,2026-06-05T23:21,999,1,0.62,ja,0.0616
315,691,6,v2,2026-06-25T01:25,1217,1,0.664,fr,0.016
316,189,6,v1,2026-04-26T14:34,1353,1,0.901,en,0.0569
317,20,1,v1,2026-05-07T04:42,1414,1,0.716,en,0.0595
318,355,9,v1,2026-01-22T16:09,964,1,0.687,en,0.0434
319,328,5,v3,2026-06-07T22:08,1368,1,0.541,fr,0.0714
320,666,10,v1,2026-07-04T04:14,1866,1,0.735,fr,0.0074
321,1458,5,v1,2026-06-03T09:50,1011,1,0.768,es,0.0126
322,743,3,v2,2026-03-06T23:36,759,1,0.715,en,0.0593
323,292,4,v1,2026-07-14T15:44,617,1,0.618,he,0.0664
324,766,1,v1,2026-07-02T14:27,1993,1,0.983,ja,0.0558
325,1334,4,v3,2026-07-27T08:54,1234,1,0.616,he,0.0757
326,287,2,v2,2026-07-08T16:36,1342,0,0.775,he,0.0743
327,878,6,v1,2026-07-08T16:42,1715,1,0.555,he,0.057
328,745,9,v1,2026-03-03T22:58,1731,1,0.789,en,0.0685
329,1258,8,v2,2026-06-01T08:23,1071,1,0.672,en,0.058
330,74,1,v3,2026-02-01T16:57,180,1,0.635,en,0.0025
331,1616,2,v1,2026-01-20T07:33,1613,1,0.816,de,0.0204
332,1667,5,v1,2026-04-18T03:33,2013,1,0.712,es,0.011
333,1734,9,v3,2026-07-02T07:41,1124,1,0.666,de,0.023
334,1769,4,v3,2026-06-04T13:40,1631,1,0.797,en,0.0302
335,1656,4,v2,2026-04-14T15:12,1271,1,0.904,es,0.0331
336,385,5,v3,2026-04-28T03:51,1010,1,0.754,en,0.0315
337,1149,9,v2,2026-04-25T05:33,1141,1,0.416,en,0.0214
338,1736,2,v3,2026-04-17T23:24,1061,0,1.0,en,0.0599
339,583,8,v3,2026-03-29T20:02,1473,1,0.918,en,0.0717
340,319,2,v1,2026-01-25T05:54,180,1,0.56,fr,0.057
341,742,7,v3,2026-03-15T01:14,625,1,0.876,es,0.0342
342,1454,2,v2,2026-01-30T07:32,986,1,0.979,en,0.0524
343,921,8,v2,2026-06-21T13:43,1254,1,0.73,ja,0.0266
344,1651,1,v1,2026-03-14T15:50,1921,1,0.645,en,0.0395
345,445,1,v2,2026-01-11T06:57,1548,1,0.609,fr,0.0041
346,1610,12,v1,2026-03-26T02:30,2076,1,0.748,fr,0.0118
347,1167,1,v3,2026-04-20T07:48,946,1,0.557,en,0.0151
348,848,11,v2,2026-03-18T05:57,1107,1,0.847,fr,0.0094
349,838,10,v3,2026-01-20T01:47,893,1,0.941,he,0.0673
350,1136,1,v2,2026-03-25T17:58,1581,1,0.818,en,0.0042
351,1077,1,v1,2026-06-05T19:20,1694,0,0.716,en,0.018
352,846,3,v1,2026-06-13T17:24,1486,1,0.757,en,0.0204
353,90,5,v3,2026-04-21T00:53,1648,1,0.722,es,0.0341
354,958,5,v3,2026-07-09T20:43,1717,1,0.772,fr,0.0689
355,205,12,v2,2026-03-21T09:27,1413,1,0.759,en,0.0234
356,843,8,v2,2026-05-22T15:26,969,1,0.677,fr,0.0303
357,120,9,v1,2026-05-20T14:08,1233,1,0.496,en,0.0769
358,377,2,v2,2026-07-03T13:42,1595,1,0.423,de,0.0291
359,705,8,v1,2026-02-07T00:19,795,1,0.98,ja,0.0598
360,537,1,v2,2026-03-05T21:11,921,1,0.783,he,0.0255
361,722,8,v1,2026-02-10T17:49,1909,1,0.76,he,0.0481
362,1534,12,v2,2026-02-23T05:26,1187,1,0.519,en,0.0176
363,1263,2,v2,2026-06-15T07:56,1186,1,0.807,en,0.0163
364,1776,8,v2,2026-07-20T22:20,704,1,0.761,en,0.0358
365,221,6,v2,2026-06-08T15:39,1090,1,0.955,en,0.0356
366,1171,11,v1,2026-02-04T05:22,1141,1,0.762,de,0.0359
367,277,7,v2,2026-06-24T22:26,1427,1,0.428,es,0.0219
368,1626,6,v1,2026-05-22T06:39,1672,1,0.581,en,0.0701
369,422,7,v3,2026-04-09T02:16,2076,1,0.64,ja,0.0532
370,1133,6,v3,2026-04-22T14:45,787,1,0.852,fr,0.0252
371,732,5,v3,2026-01-04T03:26,647,1,0.757,de,0.008
372,36,9,v1,2026-07-08T10:51,1699,1,0.947,de,0.0263
373,1711,11,v2,2026-05-22T18:41,815,1,0.758,ja,0.0078
374,1342,1,v2,2026-02-03T20:14,1934,1,0.949,en,0.0609
375,1468,5,v1,2026-03-29T08:13,1798,0,0.518,en,0.0624
376,409,9,v1,2026-05-31T04:24,1332,1,0.749,es,0.0468
377,1733,5,v3,2026-03-11T07:33,645,1,0.751,fr,0.0484
378,471,2,v1,2026-01-01T06:14,1577,1,0.608,es,0.01
379,1723,12,v2,2026-03-17T18:29,1186,1,0.754,en,0.0676
380,77,6,v1,2026-05-17T20:39,1632,1,0.534,es,0.0765
381,1648,3,v1,2026-04-26T19:22,1379,1,0.577,es,0.0382
382,1292,12,v3,2026-01-04T12:45,1085,1,0.78,en,0.0347
383,731,3,v2,2026-06-10T09:13,1281,1,1.0,ja,0.0573
384,993,3,v2,2026-01-03T16:17,622,1,0.659,en,0.0513
385,1562,6,v1,2026-07-06T23:59,1169,1,0.823,en,0.0247
386,117,7,v2,2026-06-12T10:52,1601,1,0.491,en,0.0428
387,1656,7,v3,2026-04-14T15:12,1510,1,0.611,es,0.0549
388,1640,3,v2,2026-04-05T03:16,588,1,0.67,en,0.0285
389,1229,11,v2,2026-04-14T03:40,668,1,0.757,en,0.0752
390,1718,10,v3,2026-03-30T11:49,773,1,0.754,en,0.0683
391,603,10,v3,2026-03-10T19:30,763,1,0.826,en,0.0394
392,208,10,v3,2026-05-16T04:53,979,1,0.82,en,0.0566
393,731,1,v2,2026-06-10T09:13,1579,1,0.778,ja,0.02
394,1006,10,v1,2026-05-25T18:57,990,1,0.735,es,0.0757
395,190,12,v2,2026-04-25T20:59,1313,1,1.0,en,0.0189
396,1039,5,v1,2026-07-07T15:07,1993,1,0.457,en,0.0517
397,1534,3,v3,2026-02-23T05:26,903,1,0.687,en,0.0608
398,1380,7,v3,2026-04-18T01:16,1499,1,0.528,en,0.0144
399,141,9,v3,2026-02-23T17:12,905,0,0.716,ja,0.0496
400,1355,11,v1,2026-03-25T03:12,1251,1,0.998,es,0.0391
401,1321,11,v2,2026-02-27T21:31,2116,1,0.829,en,0.0116
402,143,1,v1,2026-03-18T04:06,2071,1,0.604,de,0.0706
403,1251,12,v1,2026-04-29T20:00,1781,1,0.418,en,0.0576
404,398,7,v2,2026-03-02T20:34,1269,1,0.672,es,0.0434
405,375,5,v1,2026-07-22T17:52,2000,1,0.592,he,0.039
406,682,1,v2,2026-06-18T02:47,911,1,0.917,en,0.0712
407,1453,11,v2,2026-07-25T00:22,181,1,0.623,es,0.0628
408,1243,1,v2,2026-02-22T10:34,1271,1,0.665,en,0.0542
409,1473,7,v1,2026-03-06T16:02,1267,1,0.732,en,0.0325
410,937,2,v2,2026-04-16T14:11,1114,1,0.481,es,0.0751
411,1575,5,v3,2026-02-04T13:20,422,0,0.976,ja,0.0435
412,1419,3,v2,2026-03-27T08:25,1003,1,0.909,en,0.0246
413,1267,5,v1,2026-06-22T04:02,1669,1,0.491,en,0.0411
414,1233,1,v2,2026-03-30T17:34,693,1,0.78,ja,0.0563
415,1060,11,v1,2026-01-03T03:44,1375,1,0.758,es,0.0756
416,808,2,v1,2026-03-16T16:59,1929,1,0.764,en,0.028
417,780,12,v2,2026-06-20T08:40,1475,1,0.699,es,0.0703
418,674,2,v1,2026-06-05T00:16,1138,1,0.898,en,0.0606
419,52,4,v3,2026-06-06T18:02,832,1,0.842,de,0.0161
420,484,11,v2,2026-03-22T05:32,1377,1,0.778,ja,0.0225
421,837,7,v2,2026-02-15T13:53,562,1,0.845,es,0.0355
422,405,10,v2,2026-01-05T21:23,419,1,0.924,en,0.0101
423,925,12,v3,2026-04-09T07:46,946,1,0.937,en,0.0764
424,342,2,v3,2026-01-03T01:42,514,1,0.731,es,0.028
425,1237,11,v1,2026-04-30T11:53,1006,1,0.774,de,0.0629
426,92,9,v3,2026-04-03T05:06,1589,1,0.929,de,0.0112
427,1536,5,v3,2026-07-01T12:42,1351,1,0.885,en,0.0526
428,1181,3,v2,2026-06-05T17:15,730,1,0.535,es,0.0335
429,90,9,v1,2026-04-21T00:53,998,1,0.643,es,0.0716
430,984,11,v1,2026-05-13T14:38,842,1,0.593,en,0.0225
431,1127,3,v1,2026-07-20T02:54,1715,1,0.865,de,0.0075
432,545,7,v3,2026-01-24T08:34,1105,1,0.731,en,0.061
433,1320,5,v2,2026-07-20T14:29,1497,1,0.761,en,0.0067
434,375,10,v2,2026-07-22T17:52,553,1,0.605,he,0.0225
435,1672,11,v2,2026-04-28T15:56,1342,1,0.632,en,0.0704
436,404,8,v3,2026-03-22T10:06,1501,1,0.913,en,0.0645
437,298,2,v3,2026-05-29T19:12,851,1,0.684,es,0.0189
438,1377,7,v1,2026-03-16T12:51,2229,1,0.778,en,0.0309
439,859,6,v2,2026-02-28T11:36,1449,1,0.596,en,0.0617
440,972,6,v1,2026-02-23T05:35,794,1,1.0,de,0.0129
441,180,9,v3,2026-05-25T21:34,1167,1,0.679,es,0.0335
442,1527,3,v1,2026-05-08T20:28,1236,1,0.954,de,0.0516
443,1349,3,v2,2026-02-14T00:08,735,1,0.966,en,0.0776
444,1488,11,v3,2026-04-19T00:36,693,1,0.665,ja,0.0064
445,1268,2,v1,2026-01-09T23:20,1301,1,0.403,es,0.0292
446,805,9,v1,2026-03-17T10:26,1729,1,0.807,de,0.0361
447,1117,10,v2,2026-01-01T07:01,763,1,0.496,en,0.0461
448,601,10,v3,2026-03-28T16:59,1124,1,0.637,en,0.0761
449,1203,1,v2,2026-04-10T05:31,1806,1,1.0,de,0.071
450,1329,1,v1,2026-05-04T02:24,776,1,0.778,de,0.0682
451,415,4,v3,2026-05-17T11:37,921,0,0.72,en,0.0319
452,1503,3,v2,2026-05-01T18:31,1721,1,0.791,en,0.0258
453,1599,11,v1,2026-07-14T00:25,1201,1,0.571,es,0.0491
454,474,10,v2,2026-06-07T08:36,838,1,0.839,es,0.0028
455,1528,11,v2,2026-04-20T04:08,1829,0,0.612,es,0.0768
456,327,5,v3,2026-03-31T02:58,1555,1,0.619,en,0.0117
457,91,7,v1,2026-05-14T01:49,1598,1,0.553,en,0.0237
458,942,10,v2,2026-04-07T16:40,956,0,0.8,en,0.074
459,459,5,v1,2026-05-25T11:11,1598,1,0.674,en,0.0487
460,16,6,v1,2026-03-19T03:32,1140,1,0.684,en,0.0468
461,705,12,v2,2026-02-07T00:19,1150,1,0.927,ja,0.0765
462,1012,7,v3,2026-07-07T18:52,1619,1,0.773,en,0.0639
463,408,2,v3,2026-07-06T05:40,1477,0,0.657,en,0.0053
464,1716,2,v1,2026-03-01T17:43,1424,1,0.383,ja,0.0196
465,171,9,v3,2026-03-29T03:03,1127,1,0.662,de,0.0716
466,794,2,v3,2026-04-25T19:40,1582,1,1.0,fr,0.0321
467,1293,12,v1,2026-06-25T19:14,2495,0,0.81,ja,0.0605
468,345,7,v3,2026-07-13T09:07,180,1,0.602,en,0.0431
469,1782,2,v1,2026-03-18T20:39,905,1,0.792,de,0.0756
470,307,4,v2,2026-01-20T22:13,371,1,0.718,fr,0.0437
471,1569,10,v2,2026-06-20T05:07,1352,1,0.876,fr,0.0773
472,16,2,v3,2026-03-19T03:32,1475,1,0.661,en,0.0626
473,219,5,v1,2026-01-06T11:25,1828,1,0.919,en,0.0224
474,119,6,v1,2026-07-14T21:03,956,1,0.932,es,0.0265
475,161,8,v2,2026-06-13T09:14,1126,1,0.471,fr,0.0522
476,1787,9,v1,2026-05-25T02:30,1871,1,0.602,en,0.0273
477,1362,1,v3,2026-03-28T08:00,727,0,0.704,de,0.042
478,34,10,v3,2026-02-09T12:47,1357,1,0.74,ja,0.0562
479,1790,4,v3,2026-02-13T13:07,1331,1,0.61,en,0.0786
480,383,8,v3,2026-06-03T19:52,1387,1,1.0,fr,0.0451
481,1214,7,v1,2026-01-05T06:47,1719,1,0.833,es,0.0682
482,1100,11,v1,2026-05-13T04:55,1069,1,0.634,es,0.0792
483,676,5,v1,2026-06-16T00:48,1336,0,0.966,en,0.0768
484,769,11,v2,2026-04-25T21:17,180,1,0.752,fr,0.0563
485,1523,8,v2,2026-01-21T10:12,855,1,0.656,en,0.0026
486,83,9,v1,2026-07-25T15:13,1715,1,0.981,fr,0.0238
487,1238,10,v1,2026-03-12T16:41,1215,1,0.405,ja,0.036
488,1024,1,v3,2026-04-07T18:21,1632,1,0.756,en,0.0721
489,213,3,v3,2026-01-25T18:46,999,1,0.69,he,0.0123
490,871,4,v3,2026-02-18T17:25,894,1,0.687,ja,0.0753
491,1543,8,v1,2026-07-15T16:52,1736,1,0.552,fr,0.0645
492,1655,2,v3,2026-07-04T11:17,735,1,0.666,en,0.0543
493,834,1,v2,2026-02-15T14:07,993,1,0.974,en,0.0578
494,1072,9,v1,2026-04-01T02:01,1037,1,0.744,ja,0.0492
495,1437,8,v1,2026-06-12T05:43,1929,1,0.621,he,0.0405
496,1256,9,v2,2026-01-21T04:29,1177,1,0.78,es,0.0467
497,547,11,v2,2026-03-08T12:11,939,1,0.563,es,0.037
498,1045,6,v2,2026-06-22T01:52,877,1,0.63,en,0.011
499,1074,4,v3,2026-02-28T07:29,1010,1,0.753,fr,0.0294
500,1675,8,v2,2026-03-15T12:35,1401,1,0.681,he,0.0136
501,344,10,v3,2026-06-17T17:20,754,0,0.776,de,0.0626
502,523,5,v1,2026-04-12T15:49,1443,1,0.588,en,0.0563
503,221,8,v2,2026-06-08T15:39,1119,1,0.777,en,0.0387
504,917,5,v2,2026-03-16T07:49,652,1,0.757,es,0.0488
505,413,2,v3,2026-02-03T00:24,555,1,0.417,de,0.041
506,859,4,v3,2026-02-28T11:36,798,1,0.81,en,0.0392
507,537,7,v2,2026-03-05T21:11,1507,1,0.563,he,0.0641
508,1080,1,v1,2026-04-29T18:18,859,1,0.726,en,0.0262
509,1480,6,v3,2026-04-21T15:36,867,1,0.503,ja,0.0471
510,1350,7,v2,2026-06-22T02:08,837,1,0.849,de,0.0754
511,1176,12,v1,2026-07-08T18:05,944,1,0.727,es,0.0358
512,499,2,v3,2026-06-28T16:02,1102,1,0.494,fr,0.078
513,1085,4,v1,2026-03-06T07:56,1270,1,0.725,de,0.0397
514,674,4,v3,2026-06-05T00:16,1206,1,0.817,en,0.0181
515,331,8,v1,2026-02-23T18:15,1351,1,0.83,ja,0.0634
516,815,10,v1,2026-01-13T07:14,2657,1,0.71,de,0.0026
517,837,9,v3,2026-02-15T13:53,897,1,0.807,es,0.0193
518,1698,7,v2,2026-04-20T20:44,1144,1,0.644,he,0.0261
519,994,2,v3,2026-02-03T10:43,1347,1,1.0,en,0.0513
520,517,9,v1,2026-01-29T06:14,1754,1,1.0,ja,0.0528
521,662,12,v2,2026-05-29T01:29,1411,1,0.686,fr,0.0344
522,566,7,v3,2026-01-27T21:21,2020,0,0.653,en,0.0627
523,1105,9,v3,2026-02-08T08:00,1579,1,0.698,en,0.0754
524,362,3,v1,2026-05-25T07:19,2432,1,0.746,ja,0.0399
525,615,8,v2,2026-01-03T17:01,1325,1,0.919,fr,0.0391
526,363,11,v2,2026-03-03T06:58,1422,1,1.0,en,0.0378
527,713,1,v1,2026-02-05T01:13,1288,1,0.696,en,0.0166
528,457,2,v2,2026-02-16T14:07,844,1,1.0,he,0.073
529,1547,11,v1,2026-06-01T09:18,916,1,0.846,he,0.0574
530,1345,4,v2,2026-05-26T03:27,1448,1,0.781,ja,0.045
531,670,6,v1,2026-07-16T04:40,1908,1,0.786,fr,0.0242
532,1665,2,v1,2026-03-10T22:55,1161,1,0.641,en,0.0614
533,313,12,v2,2026-05-21T16:27,935,1,0.708,en,0.0332
534,504,9,v3,2026-02-25T15:08,1705,1,0.784,en,0.0635
535,705,6,v1,2026-02-07T00:19,1127,0,0.677,ja,0.0281
536,80,7,v2,2026-06-20T06:46,966,1,1.0,en,0.03
537,285,3,v3,2026-02-17T10:57,1087,1,0.813,ja,0.0199
538,1573,5,v1,2026-07-25T06:27,1245,1,0.77,en,0.0154
539,1094,5,v2,2026-01-28T13:06,1152,1,0.767,en,0.0311
540,554,11,v3,2026-04-08T18:29,911,1,1.0,en,0.033
541,985,5,v3,2026-07-13T18:37,1480,1,0.666,en,0.0067
542,1399,3,v2,2026-04-10T06:48,1162,1,0.849,de,0.073
543,503,6,v2,2026-04-17T12:12,798,1,1.0,fr,0.0438
544,292,12,v1,2026-07-14T15:44,1331,1,0.788,he,0.0363
545,1364,10,v1,2026-05-06T13:12,1855,1,0.612,de,0.0729
546,1231,1,v3,2026-04-23T12:23,1340,1,0.639,en,0.0679
547,105,5,v1,2026-05-06T05:21,1215,1,0.664,es,0.0781
548,1773,10,v3,2026-01-04T20:28,1362,1,0.609,ja,0.0553
549,1626,2,v2,2026-05-22T06:39,1641,1,0.683,en,0.0024
550,1324,3,v2,2026-01-03T14:08,1200,1,0.769,he,0.0265
551,1638,1,v3,2026-07-20T02:50,1235,1,0.547,fr,0.0794
552,68,12,v3,2026-01-28T11:21,1069,1,0.597,he,0.0098
553,1538,4,v3,2026-07-19T00:13,1477,1,0.714,ja,0.0122
554,1164,6,v2,2026-04-17T17:06,2009,1,0.702,es,0.0397
555,1326,11,v3,2026-03-30T17:49,1098,1,0.713,es,0.0526
556,1658,9,v2,2026-04-20T09:28,1013,0,0.718,en,0.0293
557,336,7,v3,2026-07-24T17:19,1396,1,0.749,fr,0.0149
558,906,1,v1,2026-04-25T12:43,1131,1,0.72,en,0.0225
559,1557,5,v1,2026-01-02T22:06,2728,1,0.528,fr,0.0207
560,470,3,v2,2026-03-10T13:40,1947,1,0.721,en,0.0324
561,1733,10,v3,2026-03-11T07:33,407,1,0.535,fr,0.0703
562,169,5,v2,2026-01-28T22:49,1487,1,0.61,en,0.0166
563,147,8,v1,2026-01-02T05:20,1076,1,0.816,es,0.0296
564,1252,8,v2,2026-06-29T18:48,964,1,0.682,en,0.0688
565,909,4,v3,2026-05-10T14:30,1758,1,0.426,en,0.0522
566,647,9,v3,2026-06-21T10:59,1082,1,0.694,en,0.0227
567,768,5,v1,2026-05-03T03:57,1646,1,0.774,en,0.0198
568,1024,9,v1,2026-04-07T18:21,1321,1,0.55,en,0.0509
569,37,10,v2,2026-06-12T18:08,1791,0,0.585,he,0.0315
570,922,8,v1,2026-05-07T12:48,1100,1,0.833,en,0.0748
571,1077,9,v1,2026-06-05T19:20,1775,0,0.762,en,0.0161
572,614,9,v2,2026-02-28T10:38,563,1,0.891,en,0.0461
573,985,4,v1,2026-07-13T18:37,1472,1,0.79,en,0.0186
574,393,2,v2,2026-07-21T18:58,828,1,0.799,en,0.0779
575,1503,11,v3,2026-05-01T18:31,1524,0,0.889,en,0.0026
576,494,9,v3,2026-07-07T11:02,765,1,0.93,he,0.0551
577,1336,8,v1,2026-04-21T16:21,1763,1,0.794,en,0.066
578,1598,4,v2,2026-05-19T03:28,1130,1,0.609,ja,0.0137
579,1053,3,v3,2026-04-17T07:38,1439,0,0.738,de,0.0151
580,1359,12,v2,2026-06-04T17:02,906,0,0.904,en,0.0497
581,1762,11,v2,2026-02-23T19:43,515,1,0.856,de,0.0112
582,1160,7,v2,2026-02-28T19:17,1109,1,0.696,ja,0.0531
583,1037,10,v3,2026-06-03T22:02,966,1,0.4,ja,0.0641
584,557,2,v2,2026-06-04T11:43,602,1,0.591,he,0.0421
585,1516,8,v1,2026-04-09T15:30,1321,1,0.821,ja,0.0642
586,340,1,v1,2026-01-10T10:57,1262,1,0.653,en,0.0701
587,677,1,v2,2026-07-21T18:09,887,1,0.774,en,0.0717
588,68,2,v1,2026-01-28T11:21,1796,1,0.725,he,0.0432
589,628,11,v2,2026-06-14T09:37,1029,1,0.476,he,0.015
590,1037,5,v1,2026-06-03T22:02,1482,1,0.879,ja,0.0136
591,1482,8,v1,2026-02-18T07:17,1566,1,0.577,de,0.02
592,159,7,v2,2026-07-15T00:35,1407,1,0.568,es,0.039
593,1558,5,v1,2026-04-01T11:02,1637,1,0.478,de,0.0139
594,210,5,v2,2026-04-26T18:14,1372,1,1.0,en,0.0236
595,137,2,v3,2026-05-14T06:06,737,1,0.814,de,0.0321
596,1209,4,v1,2026-06-08T23:59,890,1,1.0,en,0.0282
597,123,2,v2,2026-01-21T17:16,790,1,0.657,en,0.0285
598,245,6,v2,2026-03-17T09:52,1259,0,0.471,es,0.0479
599,994,7,v2,2026-02-03T10:43,774,1,0.715,en,0.0711
600,643,6,v2,2026-05-13T04:51,895,1,1.0,en,0.0116
601,147,4,v1,2026-01-02T05:20,1311,1,0.911,es,0.0608
602,1786,3,v3,2026-01-30T09:05,1467,1,0.746,es,0.037
603,1343,7,v2,2026-06-24T10:03,1417,1,0.787,he,0.0022
604,531,5,v3,2026-05-26T15:11,883,1,0.739,en,0.0707
605,945,12,v1,2026-06-03T06:04,1753,1,0.859,en,0.0586
606,1490,3,v3,2026-06-15T23:16,1427,1,1.0,en,0.0495
607,1683,11,v1,2026-05-02T21:37,2049,1,0.552,en,0.0527
608,1099,5,v1,2026-06-13T14:19,1166,1,0.674,en,0.0652
609,79,6,v2,2026-02-25T00:57,1507,1,0.504,en,0.0289
610,260,10,v3,2026-05-26T05:23,833,1,1.0,de,0.0629
611,1026,2,v1,2026-01-31T04:43,1364,1,0.917,fr,0.0216
612,1463,5,v1,2026-04-22T23:27,915,1,0.939,en,0.0434
613,231,4,v3,2026-06-02T22:57,1275,1,0.874,fr,0.0177
614,617,5,v1,2026-04-09T05:34,1339,1,0.884,en,0.0695
615,275,5,v3,2026-03-27T16:30,605,1,0.669,en,0.0267
616,189,9,v1,2026-04-26T14:34,1309,1,0.749,en,0.0211
617,757,1,v3,2026-06-05T22:57,1022,1,0.796,en,0.0553
618,445,6,v3,2026-01-11T06:57,1818,1,0.863,fr,0.0418
619,1003,7,v1,2026-04-03T11:23,1250,1,0.664,ja,0.0297
620,171,5,v2,2026-03-29T03:03,1648,1,0.613,de,0.0146
621,205,1,v3,2026-03-21T09:27,898,1,0.729,en,0.006
622,145,4,v3,2026-04-17T17:43,1424,1,1.0,he,0.0778
623,259,5,v3,2026-05-06T21:33,691,1,0.653,es,0.0441
624,1459,12,v1,2026-03-30T17:23,1441,0,0.774,en,0.0307
625,766,5,v2,2026-07-02T14:27,1177,1,0.377,ja,0.0285
626,971,4,v2,2026-04-01T03:30,1080,1,0.788,en,0.0723
627,894,11,v2,2026-03-22T19:16,1704,1,0.884,he,0.0744
628,1363,5,v3,2026-04-19T16:18,1192,1,0.761,es,0.0123
629,1554,11,v3,2026-05-24T08:28,1211,1,0.626,es,0.0485
630,1392,9,v2,2026-03-22T21:51,1129,1,0.638,en,0.0036
631,515,6,v1,2026-04-18T06:53,1681,1,0.505,en,0.0406
632,597,10,v2,2026-07-25T15:40,722,1,0.869,en,0.0682
633,110,4,v3,2026-07-17T07:17,997,1,0.792,es,0.058
634,1201,2,v3,2026-01-31T20:46,1310,1,0.936,en,0.0528
635,1574,10,v3,2026-04-17T05:03,1306,1,0.962,de,0.0477
636,1219,4,v2,2026-04-01T17:51,959,1,0.542,en,0.0775
637,480,4,v1,2026-07-20T21:47,1557,1,0.707,fr,0.0725
638,440,11,v1,2026-02-04T20:38,1417,1,0.505,ja,0.0681
639,1575,7,v1,2026-02-04T13:20,1582,1,0.603,ja,0.0211
640,1512,3,v3,2026-03-14T04:33,937,1,0.505,en,0.0105
641,405,8,v1,2026-01-05T21:23,1091,1,0.557,en,0.038
642,1137,9,v3,2026-07-12T13:18,1143,1,1.0,fr,0.0206
643,1275,2,v2,2026-06-20T07:35,1405,0,0.784,en,0.0753
644,1728,11,v3,2026-06-14T15:30,180,1,0.844,de,0.0486
645,782,1,v2,2026-02-18T03:15,1523,1,0.755,en,0.0076
646,869,4,v1,2026-07-14T20:15,1088,1,0.377,de,0.0724
647,216,8,v2,2026-07-07T05:23,770,1,0.867,en,0.0472
648,1392,1,v3,2026-03-22T21:51,1118,1,0.704,en,0.0603
649,117,9,v3,2026-06-12T10:52,1389,0,0.927,en,0.0053
650,724,1,v2,2026-01-13T03:47,433,1,0.749,fr,0.0775
651,1747,11,v1,2026-07-15T22:41,1247,1,0.739,en,0.028
652,492,8,v1,2026-06-03T05:05,1082,1,0.895,de,0.0027
653,1675,1,v1,2026-03-15T12:35,2182,1,0.692,he,0.0581
654,385,12,v1,2026-04-28T03:51,1101,0,0.952,en,0.0175
655,291,7,v1,2026-03-18T12:37,1893,1,1.0,en,0.0488
656,1691,1,v1,2026-06-18T07:38,680,1,0.614,fr,0.0461
657,810,6,v1,2026-02-21T23:03,1713,1,0.777,de,0.0199
658,1671,7,v3,2026-02-07T05:51,1009,1,0.84,en,0.0432
659,355,2,v1,2026-01-22T16:09,943,1,0.74,en,0.0522
660,974,9,v2,2026-05-27T14:15,1262,1,1.0,en,0.047
661,291,3,v1,2026-03-18T12:37,1375,0,0.642,en,0.0746
662,1755,11,v1,2026-04-13T12:23,1988,1,0.513,de,0.0303
663,926,11,v2,2026-01-11T08:56,1871,1,0.787,es,0.0339
664,1248,3,v2,2026-03-18T19:32,1982,1,0.65,ja,0.0269
665,754,6,v1,2026-04-03T03:16,1297,1,0.596,he,0.034
666,330,10,v2,2026-06-05T22:50,1442,1,0.999,en,0.0347
667,1543,8,v3,2026-07-15T16:52,429,1,0.732,fr,0.078
668,399,12,v1,2026-04-18T07:18,486,1,0.589,ja,0.0406
669,885,11,v1,2026-04-25T09:34,1546,1,0.948,es,0.0342
670,1173,6,v1,2026-05-19T22:10,1582,1,0.845,es,0.0096
671,837,11,v3,2026-02-15T13:53,1292,1,0.836,es,0.0501
672,1702,12,v1,2026-02-01T16:12,1716,1,0.403,ja,0.0515
673,1548,7,v2,2026-04-18T10:07,678,1,0.613,fr,0.0391
674,546,2,v3,2026-07-25T02:48,1601,1,0.736,en,0.0422
675,1641,1,v3,2026-04-08T09:59,458,1,0.712,es,0.0164
676,1569,7,v3,2026-06-20T05:07,1054,1,0.689,fr,0.0354
677,169,6,v1,2026-01-28T22:49,1843,1,0.887,en,0.0513
678,889,4,v2,2026-07-04T10:25,1027,1,0.668,en,0.0612
679,1291,4,v3,2026-02-22T15:51,1476,1,0.988,he,0.0393
680,1350,3,v1,2026-06-22T02:08,1293,1,1.0,de,0.0254
681,27,8,v2,2026-05-16T07:30,1223,1,0.525,en,0.0796
682,585,4,v2,2026-02-20T16:39,1301,1,0.944,de,0.0403
683,258,7,v3,2026-07-22T10:38,1030,1,0.693,de,0.0071
684,338,3,v1,2026-02-03T23:27,1785,1,0.748,en,0.0589
685,287,4,v3,2026-07-08T16:36,1203,1,0.749,he,0.0239
686,716,4,v1,2026-07-14T03:15,1064,1,0.774,he,0.0237
687,1599,6,v2,2026-07-14T00:25,1492,1,0.627,es,0.0415
688,1232,9,v2,2026-03-14T11:16,597,1,0.795,de,0.0635
689,1010,9,v2,2026-05-09T05:08,713,1,0.644,de,0.0033
690,859,11,v2,2026-02-28T11:36,1157,0,0.791,en,0.0335
691,1074,1,v2,2026-02-28T07:29,1010,1,0.685,fr,0.047
692,382,8,v2,2026-07-13T05:11,1184,1,0.872,en,0.0049
693,525,7,v2,2026-04-18T16:29,2113,1,0.841,he,0.0754
694,1004,12,v2,2026-06-12T12:43,1347,1,0.597,en,0.043
695,394,8,v2,2026-02-16T05:07,1887,1,0.985,es,0.0562
696,1233,6,v3,2026-03-30T17:34,1276,1,0.817,ja,0.0177
697,309,10,v1,2026-07-22T00:48,1795,1,0.553,ja,0.0029
698,1790,2,v3,2026-02-13T13:07,810,1,0.76,en,0.039
699,1417,11,v3,2026-06-05T23:50,1212,1,0.679,ja,0.0081
700,638,7,v1,2026-06-23T02:59,1268,1,0.584,de,0.0444
701,1765,3,v3,2026-05-07T18:11,770,0,0.61,de,0.0531
702,1360,4,v2,2026-05-17T05:12,853,1,0.899,en,0.0111
703,1725,7,v3,2026-02-05T17:56,953,1,0.856,en,0.0057
704,1025,9,v2,2026-05-07T03:13,708,1,1.0,en,0.0416
705,1137,3,v3,2026-07-12T13:18,1037,1,0.825,fr,0.0501
706,1148,2,v2,2026-05-25T04:32,347,1,0.589,de,0.0031
707,448,5,v3,2026-05-31T10:27,752,1,0.622,de,0.0571
708,978,2,v2,2026-06-13T05:55,1090,0,0.509,de,0.0481
709,264,1,v3,2026-05-21T21:34,1346,1,0.681,en,0.0599
710,1685,7,v2,2026-01-20T20:29,1786,1,0.58,de,0.0593
711,1067,2,v2,2026-03-06T10:09,804,1,0.56,de,0.0522
712,1456,9,v1,2026-07-22T05:46,1795,1,0.644,he,0.0149
713,810,11,v2,2026-02-21T23:03,592,1,0.78,de,0.0597
714,1127,1,v2,2026-07-20T02:54,914,1,0.763,de,0.0125
715,497,2,v2,2026-05-30T15:14,1631,1,0.822,en,0.0105
716,1505,7,v3,2026-01-29T11:53,914,1,0.748,en,0.012
717,1573,8,v1,2026-07-25T06:27,1529,1,0.818,en,0.0175
718,1455,12,v2,2026-03-02T22:03,619,1,0.586,en,0.0628
719,872,1,v1,2026-02-19T19:28,835,0,0.645,en,0.0212
720,795,7,v1,2026-07-21T21:33,913,1,0.779,es,0.0278
721,1575,1,v3,2026-02-04T13:20,707,1,0.935,ja,0.0435
722,598,1,v2,2026-01-05T03:58,823,0,0.812,en,0.0557
723,170,10,v2,2026-06-06T20:45,596,1,0.484,en,0.0208
724,178,2,v2,2026-07-02T23:55,180,1,0.865,ja,0.0466
725,523,6,v2,2026-04-12T15:49,1345,1,0.788,en,0.0324
726,1791,2,v1,2026-02-16T02:40,1377,1,0.597,de,0.002
727,774,12,v2,2026-03-03T04:05,1519,1,0.799,en,0.045
728,1204,6,v2,2026-02-12T22:18,1268,1,0.737,en,0.0543
729,551,4,v3,2026-06-07T15:40,904,1,0.648,fr,0.0676
730,195,12,v2,2026-01-24T23:56,1024,1,0.466,ja,0.0381
731,239,1,v1,2026-06-02T03:55,1650,1,0.687,en,0.0208
732,1790,9,v1,2026-02-13T13:07,1566,1,0.946,en,0.0097
733,1591,2,v1,2026-06-13T18:36,1610,1,0.51,en,0.0646
734,187,3,v3,2026-05-13T04:20,929,0,0.655,he,0.0047
735,490,8,v3,2026-02-13T03:06,1207,1,0.785,es,0.0609
736,256,2,v1,2026-03-10T06:50,2075,1,0.726,fr,0.0165
737,1084,4,v3,2026-06-18T13:47,1027,0,0.985,en,0.0682
738,1063,2,v2,2026-06-22T23:33,1125,1,0.637,de,0.018
739,814,9,v2,2026-05-09T18:26,180,1,0.821,en,0.027
740,1409,1,v2,2026-01-06T05:26,1133,1,0.647,en,0.0595
741,1618,7,v1,2026-07-05T05:48,1003,1,0.637,en,0.0185
742,1176,11,v3,2026-07-08T18:05,1158,1,0.618,es,0.0721
743,723,1,v2,2026-03-03T10:51,918,1,0.899,es,0.0287
744,768,4,v3,2026-05-03T03:57,1073,1,0.759,en,0.0437
745,1070,2,v1,2026-02-23T07:53,1324,1,0.666,en,0.0687
746,1295,6,v3,2026-07-05T19:07,790,1,0.848,en,0.0507
747,537,6,v2,2026-03-05T21:11,945,1,0.554,he,0.0459
748,1266,3,v1,2026-07-03T19:59,1686,1,0.909,ja,0.0468
749,1131,12,v1,2026-07-17T02:53,1687,1,0.838,en,0.013
750,1155,8,v1,2026-01-09T09:59,1682,1,0.807,es,0.0111
751,444,1,v2,2026-01-14T01:35,882,1,0.586,es,0.0726
752,83,9,v2,2026-07-25T15:13,889,1,0.547,fr,0.0238
753,910,7,v3,2026-06-10T08:49,733,1,0.951,es,0.0587
754,333,8,v2,2026-05-05T13:50,1133,1,0.5,en,0.0744
755,670,9,v3,2026-07-16T04:40,1203,1,0.863,fr,0.0371
756,2,3,v3,2026-02-10T14:20,1987,1,0.628,en,0.0464
757,845,1,v2,2026-03-05T04:15,183,1,0.79,en,0.0509
758,986,6,v3,2026-03-04T17:20,1486,1,0.54,es,0.0454
759,605,11,v3,2026-01-28T20:12,1329,1,0.927,de,0.0676
760,1465,3,v3,2026-02-13T03:32,762,1,0.73,en,0.0601
761,1179,6,v3,2026-01-14T05:30,1072,1,0.689,es,0.0279
762,1571,11,v2,2026-06-22T13:41,1224,1,0.659,en,0.0076
763,1671,11,v1,2026-02-07T05:51,1676,1,0.784,en,0.0224
764,1333,4,v2,2026-02-22T19:46,1576,1,0.831,en,0.044
765,444,9,v2,2026-01-14T01:35,1734,1,0.805,es,0.062
766,660,4,v2,2026-07-23T07:26,1111,1,0.647,en,0.0607
767,1115,9,v2,2026-06-10T10:31,568,1,0.877,en,0.0346
768,633,10,v3,2026-07-08T07:08,180,1,0.844,ja,0.0197
769,1421,9,v1,2026-05-10T02:00,1737,1,0.621,es,0.0403
770,1794,9,v1,2026-04-02T19:00,1352,1,0.756,de,0.0051
771,1776,10,v1,2026-07-20T22:20,1283,1,0.776,en,0.0755
772,1336,9,v1,2026-04-21T16:21,1528,1,0.691,en,0.0413
773,897,10,v3,2026-07-02T16:53,1410,1,0.938,en,0.0245
774,1128,3,v1,2026-07-10T19:15,1194,1,0.531,ja,0.0519
775,1665,5,v2,2026-03-10T22:55,1294,1,0.744,en,0.0114
776,446,7,v1,2026-05-16T15:52,1601,1,1.0,en,0.0741
777,1413,10,v1,2026-01-16T06:38,1178,1,0.745,ja,0.0158
778,1721,10,v1,2026-03-12T20:21,1666,1,0.843,es,0.0502
779,467,11,v2,2026-01-08T22:50,1288,1,0.692,en,0.0056
780,256,3,v2,2026-03-10T06:50,1600,1,0.321,fr,0.005
781,700,12,v3,2026-06-13T02:04,1332,1,0.906,es,0.0798
782,1623,1,v2,2026-03-21T03:44,1163,1,0.64,fr,0.0075
783,489,4,v3,2026-04-03T01:07,1313,1,0.628,en,0.0146
784,1247,6,v1,2026-07-07T23:46,1822,1,0.722,es,0.0166
785,1748,4,v1,2026-06-20T08:20,2439,1,0.673,es,0.0037
786,174,10,v1,2026-05-23T06:36,1562,1,0.573,ja,0.0623
787,409,10,v3,2026-05-31T04:24,738,1,0.804,es,0.015
788,1766,7,v3,2026-04-16T20:15,881,0,0.772,es,0.0207
789,250,1,v1,2026-01-26T02:08,1543,1,0.993,de,0.0515
790,796,10,v2,2026-06-22T18:27,1297,1,0.382,fr,0.0568
791,177,12,v2,2026-06-21T10:12,997,1,0.619,he,0.0323
792,1205,3,v1,2026-01-13T20:10,715,1,0.639,es,0.0264
793,294,4,v3,2026-04-06T02:14,2123,1,0.592,en,0.0466
794,256,5,v1,2026-03-10T06:50,1233,1,0.65,fr,0.0311
795,717,6,v3,2026-06-05T06:53,977,0,0.731,de,0.0167
796,509,9,v2,2026-01-10T09:46,659,0,0.853,es,0.0546
797,909,5,v3,2026-05-10T14:30,1073,1,0.651,en,0.0128
798,433,3,v2,2026-01-31T04:18,938,1,0.464,en,0.0569
799,1358,3,v2,2026-05-18T01:31,1403,1,0.836,es,0.0311
800,1592,11,v2,2026-01-12T06:28,1472,0,0.71,en,0.0201
801,828,3,v2,2026-05-11T17:05,1387,1,0.576,en,0.0362
802,905,4,v1,2026-01-05T13:27,856,1,0.457,en,0.0057
803,1016,4,v3,2026-07-22T15:00,490,1,0.717,en,0.0104
804,1286,8,v3,2026-03-15T05:26,1103,1,0.493,en,0.0153
805,576,12,v2,2026-04-08T19:45,1141,1,0.678,en,0.0616
806,788,11,v1,2026-06-07T16:58,1104,1,0.444,fr,0.0784
807,1187,8,v2,2026-01-01T21:35,711,1,0.472,ja,0.0167
808,1517,12,v2,2026-07-13T20:20,1057,1,0.621,de,0.0667
809,1755,1,v3,2026-04-13T12:23,1144,1,0.811,de,0.0117
810,157,4,v1,2026-06-23T13:31,1173,1,0.584,en,0.0253
811,839,3,v3,2026-05-26T15:38,1316,1,0.804,en,0.0122
812,1167,4,v1,2026-04-20T07:48,1564,1,0.978,en,0.0198
813,1167,5,v2,2026-04-20T07:48,1468,1,0.771,en,0.0026
814,90,10,v2,2026-04-21T00:53,883,1,0.651,es,0.0723
815,1362,8,v2,2026-03-28T08:00,614,1,0.717,de,0.023
816,692,7,v1,2026-04-20T07:15,1524,0,0.642,en,0.0435
817,327,5,v3,2026-03-31T02:58,881,1,0.761,en,0.0402
818,1133,1,v1,2026-04-22T14:45,748,1,0.858,fr,0.0185
819,210,1,v2,2026-04-26T18:14,1654,1,0.966,en,0.0204
820,1542,6,v1,2026-07-01T18:55,1147,0,0.916,de,0.0565
821,566,6,v2,2026-01-27T21:21,1002,1,0.832,en,0.0023
822,707,12,v1,2026-06-08T18:28,1512,0,0.887,ja,0.0079
823,406,11,v1,2026-06-08T18:05,977,1,0.754,en,0.0564
824,1485,5,v1,2026-02-03T16:26,1792,1,0.635,es,0.0686
825,1450,10,v3,2026-07-10T13:36,557,1,0.656,en,0.0021
826,1184,3,v3,2026-03-13T08:46,1237,1,0.722,ja,0.0512
827,1236,2,v3,2026-01-31T09:42,1024,1,0.644,en,0.0206
828,99,3,v1,2026-05-05T07:22,2106,1,0.656,ja,0.0094
829,1057,11,v2,2026-07-15T22:40,1844,0,0.955,ja,0.0197
830,1022,1,v1,2026-02-28T12:55,1247,0,0.719,de,0.0491
831,1200,8,v3,2026-04-03T21:05,347,1,0.917,de,0.053
832,467,1,v3,2026-01-08T22:50,1472,1,0.873,en,0.0148
833,1617,5,v1,2026-06-03T00:04,851,1,0.877,de,0.0707
834,60,8,v3,2026-04-16T19:07,1013,0,0.615,en,0.0198
835,1157,5,v3,2026-01-10T12:56,411,1,1.0,en,0.0565
836,717,6,v3,2026-06-05T06:53,920,1,0.713,de,0.0666
837,1545,8,v2,2026-02-05T00:37,987,1,0.677,es,0.0705
838,1093,10,v2,2026-05-18T16:04,1290,1,0.6,en,0.0546
839,440,4,v2,2026-02-04T20:38,1487,1,0.776,ja,0.0183
840,1718,12,v3,2026-03-30T11:49,828,1,0.819,en,0.0379
841,1076,11,v2,2026-04-06T09:05,274,1,0.682,en,0.0356
842,1473,1,v2,2026-03-06T16:02,1075,0,0.594,en,0.0795
843,932,10,v1,2026-02-18T18:58,2170,1,0.812,en,0.0756
844,1268,5,v3,2026-01-09T23:20,303,1,0.574,es,0.0031
845,533,7,v1,2026-01-31T06:14,1519,1,0.491,he,0.0408
846,1640,4,v1,2026-04-05T03:16,1393,1,0.582,en,0.0293
847,292,5,v3,2026-07-14T15:44,494,0,0.815,he,0.0583
848,1510,5,v2,2026-04-02T08:37,1963,1,0.296,ja,0.0334
849,1558,11,v2,2026-04-01T11:02,1431,0,0.918,de,0.0687
850,272,5,v1,2026-06-18T14:40,1588,1,0.654,de,0.0456
851,292,10,v1,2026-07-14T15:44,1390,1,0.667,he,0.0495
852,780,3,v2,2026-06-20T08:40,1480,1,0.698,es,0.0649
853,309,6,v1,2026-07-22T00:48,795,1,0.501,ja,0.0199
854,482,3,v1,2026-07-21T19:01,1885,1,0.605,en,0.0044
855,43,12,v1,2026-03-21T23:13,1671,1,0.603,he,0.0249
856,426,10,v2,2026-05-17T08:24,1096,1,0.633,en,0.0094
857,1211,1,v1,2026-03-04T02:31,1550,1,0.783,en,0.0304
858,64,9,v2,2026-06-07T13:19,1522,1,0.624,en,0.0796
859,841,4,v3,2026-05-16T21:53,1071,1,0.53,en,0.0651
860,140,1,v3,2026-07-16T19:51,1378,1,0.574,en,0.0054
861,309,1,v1,2026-07-22T00:48,1576,1,0.484,ja,0.0193
862,665,7,v1,2026-05-10T14:37,2035,1,0.66,en,0.0303
863,1020,11,v3,2026-07-27T05:59,1419,1,0.769,en,0.0179
864,824,2,v3,2026-05-26T04:55,830,1,0.558,en,0.0121
865,747,3,v2,2026-01-22T20:51,1011,1,0.591,ja,0.0752
866,1715,10,v2,2026-03-18T10:12,692,1,0.973,ja,0.0721
867,318,3,v1,2026-06-28T22:29,1477,1,1.0,en,0.0248
868,791,9,v1,2026-02-26T18:02,1424,1,0.906,ja,0.0386
869,204,11,v2,2026-02-13T04:24,896,1,0.795,fr,0.059
870,170,5,v1,2026-06-06T20:45,1945,1,0.741,en,0.0277
871,789,6,v2,2026-06-11T14:17,2188,1,0.935,fr,0.0686
872,1192,7,v1,2026-04-14T00:38,1199,1,0.509,ja,0.0167
873,1063,4,v2,2026-06-22T23:33,1044,1,0.857,de,0.0743
874,1017,8,v3,2026-04-07T13:31,513,0,1.0,en,0.0227
875,946,4,v2,2026-02-14T16:57,508,1,0.505,es,0.0028
876,435,5,v3,2026-03-12T17:55,1946,1,0.721,es,0.0669
877,887,9,v2,2026-07-20T08:43,1076,1,0.956,en,0.075
878,351,2,v3,2026-03-30T15:12,1022,1,0.798,en,0.0056
879,184,11,v3,2026-02-20T14:47,1162,1,0.67,de,0.0183
880,261,4,v2,2026-02-16T00:01,1331,1,0.678,es,0.0331
881,1485,9,v2,2026-02-03T16:26,814,1,0.626,es,0.0526
882,70,4,v1,2026-02-13T04:26,2016,1,0.399,es,0.0601
883,762,11,v3,2026-05-31T10:28,214,1,0.95,en,0.0388
884,780,4,v2,2026-06-20T08:40,1237,0,0.578,es,0.037
885,1198,5,v3,2026-06-20T12:08,911,1,0.642,es,0.0101
886,1488,7,v3,2026-04-19T00:36,1187,1,0.743,ja,0.0347
887,692,11,v2,2026-04-20T07:15,1563,1,0.631,en,0.0462
888,766,12,v1,2026-07-02T14:27,944,1,0.717,ja,0.0143
889,1028,5,v1,2026-02-28T01:43,435,1,0.587,en,0.0585
890,1144,10,v1,2026-06-03T23:27,1466,1,0.714,en,0.0744
891,1686,11,v1,2026-01-22T08:29,1688,1,0.801,fr,0.004
892,690,12,v3,2026-03-18T19:43,816,1,0.907,de,0.0518
893,1363,2,v2,2026-04-19T16:18,1852,1,0.515,es,0.0329
894,732,1,v3,2026-01-04T03:26,701,1,0.625,de,0.0271
895,465,11,v2,2026-05-23T20:54,1118,1,0.463,en,0.0667
896,499,4,v1,2026-06-28T16:02,1505,1,0.751,fr,0.0388
897,1444,9,v2,2026-04-06T12:17,1497,1,0.605,ja,0.0618
898,171,4,v1,2026-03-29T03:03,1882,1,0.683,de,0.0113
899,906,1,v2,2026-04-25T12:43,752,1,0.694,en,0.0501
900,403,4,v3,2026-01-20T06:15,693,1,0.629,fr,0.0441
901,888,11,v1,2026-01-27T23:34,1601,1,0.9,en,0.0689
902,349,1,v2,2026-04-06T09:51,404,1,0.366,en,0.0348
903,133,10,v1,2026-06-26T21:39,1247,1,0.601,ja,0.046
904,1498,7,v3,2026-01-17T23:19,1134,0,0.894,es,0.0411
905,1775,11,v3,2026-06-04T18:18,1671,1,0.907,fr,0.0405
906,4,11,v2,2026-05-07T02:46,1562,1,0.907,es,0.0676
907,796,5,v1,2026-06-22T18:27,1429,1,0.528,fr,0.0315
908,1386,9,v2,2026-07-19T04:39,784,1,0.755,de,0.0518
909,956,12,v1,2026-06-04T20:43,1754,0,0.716,es,0.0089
910,1440,10,v3,2026-07-12T08:04,2001,1,0.791,en,0.0644
911,1473,1,v3,2026-03-06T16:02,1716,1,0.961,en,0.0672
912,826,5,v3,2026-01-01T18:15,1553,1,0.793,fr,0.03
913,328,7,v3,2026-06-07T22:08,180,0,0.757,fr,0.0449
914,904,10,v2,2026-04-18T14:12,1677,1,0.778,de,0.0602
915,370,1,v3,2026-04-24T15:41,1659,1,0.721,de,0.0112
916,691,5,v2,2026-06-25T01:25,675,1,0.442,fr,0.0201
917,336,11,v2,2026-07-24T17:19,1191,1,0.566,fr,0.0729
918,992,9,v1,2026-02-02T20:21,586,1,0.795,en,0.0198
919,909,10,v3,2026-05-10T14:30,1892,1,0.964,en,0.0648
920,1307,9,v1,2026-07-02T00:56,1890,1,0.535,en,0.0096
921,913,6,v1,2026-03-26T21:47,1291,1,0.695,es,0.0527
922,758,2,v3,2026-05-18T08:35,825,0,0.722,de,0.0529
923,1715,5,v2,2026-03-18T10:12,1456,1,0.517,ja,0.074
924,781,3,v2,2026-03-01T05:30,1396,0,0.304,he,0.0481
925,912,5,v1,2026-02-11T21:29,1850,1,0.546,en,0.0091
926,219,10,v3,2026-01-06T11:25,1121,1,1.0,en,0.0684
927,133,9,v1,2026-06-26T21:39,1334,1,0.61,ja,0.0103
928,1011,10,v1,2026-02-27T01:09,1303,1,0.696,en,0.0238
929,1297,6,v3,2026-02-19T00:04,1595,1,0.661,en,0.0781
930,1265,3,v3,2026-02-22T12:49,1678,1,0.45,he,0.0098
931,1562,5,v2,2026-07-06T23:59,729,1,0.942,en,0.0096
932,109,2,v3,2026-07-06T05:42,803,1,0.757,en,0.0553
933,1572,2,v1,2026-06-15T04:07,1673,1,0.768,en,0.0456
934,486,11,v3,2026-06-07T02:25,551,1,0.865,de,0.0182
935,1380,12,v2,2026-04-18T01:16,985,1,0.649,en,0.0198
936,1038,6,v2,2026-07-13T16:19,1181,0,0.651,en,0.0351
937,758,12,v3,2026-05-18T08:35,1350,1,0.538,de,0.0747
938,652,6,v3,2026-05-08T19:50,1659,1,0.986,ja,0.0466
939,361,6,v3,2026-03-02T13:32,973,0,0.834,fr,0.0414
940,544,4,v3,2026-03-20T04:20,1050,1,0.694,he,0.0343
941,789,8,v1,2026-06-11T14:17,2015,1,1.0,fr,0.0464
942,797,1,v3,2026-04-14T02:44,1085,1,0.822,en,0.0731
943,1475,7,v3,2026-04-01T16:36,1045,1,0.875,en,0.0744
944,111,11,v2,2026-04-06T18:09,962,0,0.663,ja,0.0585
945,590,5,v1,2026-06-13T09:29,1229,1,0.558,fr,0.0631
946,1022,3,v2,2026-02-28T12:55,1999,1,0.789,de,0.008
947,425,8,v1,2026-07-06T10:18,1585,1,0.748,es,0.0497
948,1706,2,v1,2026-05-06T04:40,1061,1,0.606,en,0.0423
949,1102,12,v3,2026-03-14T13:39,1289,1,0.523,ja,0.0149
950,516,7,v3,2026-05-18T07:19,1327,1,0.739,es,0.0459
951,358,5,v3,2026-06-22T23:57,1173,0,1.0,de,0.0036
952,1453,9,v1,2026-07-25T00:22,1414,1,0.695,es,0.0166
953,1535,5,v3,2026-03-27T00:29,1561,1,0.724,en,0.0753
954,1099,12,v2,2026-06-13T14:19,1960,1,0.612,en,0.0304
955,1027,1,v2,2026-04-08T13:25,655,1,0.651,es,0.0235
956,12,9,v3,2026-06-01T07:52,1256,1,1.0,en,0.01
957,848,12,v3,2026-03-18T05:57,1231,1,0.535,fr,0.0362
958,924,6,v1,2026-04-05T22:35,804,0,0.693,fr,0.0717
959,1395,4,v1,2026-04-07T00:21,2143,1,0.84,en,0.0541
960,1339,4,v2,2026-05-08T03:17,1315,1,0.629,en,0.0168
961,1568,12,v1,2026-01-26T14:14,992,1,0.575,ja,0.0113
962,965,1,v3,2026-05-19T20:38,1210,1,1.0,en,0.0407
963,1557,5,v2,2026-01-02T22:06,2077,1,0.519,fr,0.01
964,930,5,v1,2026-01-03T19:57,1826,0,0.499,en,0.0426
965,1325,12,v3,2026-03-05T19:18,849,1,0.727,en,0.0284
966,260,8,v3,2026-05-26T05:23,1274,1,0.743,de,0.0488
967,1109,8,v1,2026-05-26T08:13,1647,1,0.859,es,0.0458
968,1229,9,v3,2026-04-14T03:40,1060,1,0.814,en,0.0566
969,1602,6,v1,2026-01-22T06:14,518,1,0.487,he,0.0607
970,1162,8,v1,2026-04-04T09:01,1661,1,0.596,en,0.0772
971,1167,1,v3,2026-04-20T07:48,952,1,0.797,en,0.0705
972,803,1,v2,2026-02-28T08:30,899,1,0.401,es,0.0148
973,967,1,v3,2026-01-06T16:29,531,1,0.594,en,0.0572
974,1534,10,v3,2026-02-23T05:26,1265,1,0.698,en,0.0489
975,11,9,v3,2026-01-06T02:09,850,1,0.63,en,0.0688
976,1012,6,v2,2026-07-07T18:52,655,1,0.604,en,0.0329
977,955,11,v1,2026-04-18T01:03,1746,1,0.443,en,0.0455
978,1274,1,v3,2026-07-26T14:48,1400,1,0.451,en,0.0746
979,138,6,v1,2026-02-17T11:17,2158,1,0.565,fr,0.0452
980,1092,7,v1,2026-02-16T20:29,1643,1,0.794,en,0.0146
981,378,2,v2,2026-05-29T08:49,1396,1,0.595,en,0.0326
982,1500,5,v2,2026-03-18T09:48,931,1,0.715,fr,0.0161
983,1403,2,v2,2026-02-12T00:30,980,1,0.421,he,0.0627
984,1217,10,v3,2026-01-21T20:16,1147,1,0.72,en,0.0152
985,1470,1,v1,2026-06-14T21:17,1483,1,0.687,fr,0.0612
986,454,5,v2,2026-03-18T22:28,1217,1,0.702,en,0.0221
987,860,2,v2,2026-01-15T16:52,1544,1,0.877,es,0.0035
988,1,8,v3,2026-03-08T21:39,1125,1,0.902,en,0.035
989,562,5,v2,2026-05-21T12:11,1284,1,0.819,es,0.0049
990,498,6,v2,2026-02-25T05:03,1368,0,0.827,es,0.027
991,962,10,v1,2026-03-23T13:52,1886,1,0.477,de,0.0537
992,1726,3,v1,2026-01-08T11:29,1734,1,0.82,en,0.05
993,203,10,v1,2026-06-11T00:08,1761,1,0.621,fr,0.0167
994,1477,1,v1,2026-02-08T01:10,849,1,0.687,fr,0.0298
995,263,12,v3,2026-05-04T04:41,506,1,0.561,es,0.024
996,758,5,v3,2026-05-18T08:35,1284,1,0.732,de,0.0317
997,1175,9,v2,2026-03-31T19:06,1583,1,0.8,de,0.0479
998,1449,11,v1,2026-03-10T02:04,1388,1,0.735,fr,0.0152
999,1449,9,v1,2026-03-10T02:04,1565,1,0.694,fr,0.0142
1000,1711,9,v2,2026-05-22T18:41,1666,1,0.485,ja,0.0436
1001,1599,3,v3,2026-07-14T00:25,436,1,0.93,es,0.0629
1002,1373,7,v1,2026-06-01T02:26,1097,1,0.537,en,0.0203
1003,657,5,v2,2026-05-10T11:52,1687,1,0.635,en,0.013
1004,1370,4,v3,2026-04-05T21:41,295,1,0.832,en,0.075
1005,953,6,v2,2026-03-24T13:55,1336,1,0.538,en,0.0085
1006,1453,2,v2,2026-07-25T00:22,1069,1,0.717,es,0.0759
1007,1607,7,v1,2026-07-01T10:06,1728,1,0.822,ja,0.0748
1008,686,10,v2,2026-02-05T11:54,869,1,0.39,en,0.0507
1009,1512,2,v3,2026-03-14T04:33,1214,1,0.513,en,0.0691
1010,776,8,v1,2026-03-19T20:55,1380,1,0.779,es,0.0262
1011,1762,3,v2,2026-02-23T19:43,180,1,0.762,de,0.0166
1012,1075,5,v3,2026-02-09T21:36,1388,1,0.839,ja,0.0275
1013,122,11,v3,2026-02-22T17:13,758,1,0.405,de,0.0632
1014,665,5,v2,2026-05-10T14:37,344,1,0.966,en,0.0766
1015,1133,3,v1,2026-04-22T14:45,1563,1,0.591,fr,0.0653
1016,1383,11,v2,2026-05-11T13:52,1250,1,0.587,en,0.0369
1017,824,12,v1,2026-05-26T04:55,869,0,0.775,en,0.0624
1018,1632,2,v1,2026-01-14T02:20,1596,1,0.493,en,0.0225
1019,319,5,v2,2026-01-25T05:54,1006,0,0.407,fr,0.0255
1020,847,12,v2,2026-02-15T00:13,1625,1,0.562,en,0.0562
1021,722,6,v2,2026-02-10T17:49,1420,1,0.504,he,0.0379
1022,1487,3,v3,2026-01-04T11:08,938,1,1.0,en,0.0268
1023,812,2,v2,2026-02-17T04:50,1263,1,0.583,en,0.0335
1024,453,4,v3,2026-04-27T09:55,1160,1,0.91,he,0.0065
1025,1582,6,v3,2026-02-12T08:00,180,1,0.682,de,0.0441
1026,299,10,v3,2026-02-24T10:15,789,1,0.848,en,0.0222
1027,268,9,v1,2026-05-31T11:57,1794,1,0.574,en,0.0786
1028,1596,3,v3,2026-03-29T15:23,1026,1,0.504,en,0.0258
1029,1041,7,v3,2026-04-28T16:10,1150,1,0.672,en,0.0109
1030,742,2,v3,2026-03-15T01:14,1335,1,0.55,es,0.0437
1031,948,6,v1,2026-02-25T04:55,1873,1,0.748,en,0.0686
1032,736,8,v2,2026-04-05T07:02,1022,1,0.72,en,0.0149
1033,859,2,v2,2026-02-28T11:36,1342,1,0.754,en,0.0237
1034,1794,7,v3,2026-04-02T19:00,1410,1,0.761,de,0.0155
1035,510,8,v2,2026-06-15T06:36,1034,1,0.875,en,0.0247
1036,1012,8,v2,2026-07-07T18:52,1286,1,0.798,en,0.0667
1037,1712,9,v2,2026-04-13T06:34,805,1,0.781,es,0.0166
1038,238,7,v2,2026-01-04T15:50,1385,1,0.795,de,0.0652
1039,1011,1,v3,2026-02-27T01:09,446,1,0.955,en,0.0262
1040,670,9,v1,2026-07-16T04:40,1939,1,0.469,fr,0.0726
1041,1515,11,v2,2026-06-03T12:42,1267,1,0.548,es,0.0595
1042,1519,2,v3,2026-07-10T16:23,1126,1,0.67,en,0.0255
1043,986,2,v1,2026-03-04T17:20,1091,1,0.878,es,0.0432
1044,1112,6,v3,2026-06-14T10:21,1369,1,0.582,he,0.0148
1045,1482,11,v2,2026-02-18T07:17,263,1,0.386,de,0.0198
1046,1166,11,v3,2026-06-23T18:17,634,0,0.912,ja,0.035
1047,605,4,v2,2026-01-28T20:12,1301,1,0.547,de,0.0403
1048,1083,9,v1,2026-04-19T15:30,918,1,0.92,ja,0.0116
1049,1395,1,v2,2026-04-07T00:21,1156,1,0.759,en,0.0408
1050,421,4,v1,2026-05-07T01:44,1130,1,0.681,en,0.0309
1051,1541,7,v3,2026-03-02T04:09,1042,1,0.753,en,0.0454
1052,431,8,v2,2026-05-02T15:32,1599,1,0.586,en,0.0135
1053,332,8,v3,2026-05-02T06:32,614,1,0.859,en,0.0509
1054,1178,7,v2,2026-01-16T23:09,2016,1,0.744,en,0.0035
1055,1019,6,v2,2026-07-15T17:40,827,1,0.707,es,0.0113
1056,402,11,v1,2026-02-02T23:37,1475,1,0.884,fr,0.0144
1057,1176,7,v2,2026-07-08T18:05,717,1,0.67,es,0.0371
1058,76,1,v1,2026-03-20T16:00,1916,1,0.671,en,0.016
1059,1067,8,v1,2026-03-06T10:09,1681,1,0.772,de,0.0392
1060,1086,9,v3,2026-01-09T09:48,1092,1,0.578,ja,0.0054
1061,551,6,v3,2026-06-07T15:40,1488,1,0.874,fr,0.0603
1062,937,2,v3,2026-04-16T14:11,1347,1,0.991,es,0.0033
1063,991,7,v3,2026-01-09T06:18,1376,1,0.922,de,0.0783
1064,1420,7,v2,2026-01-16T01:24,1560,1,0.743,ja,0.0568
1065,1741,11,v3,2026-04-17T07:44,2042,1,0.752,en,0.077
1066,1549,10,v2,2026-04-20T09:05,1463,1,0.795,en,0.0372
1067,1689,12,v2,2026-01-14T14:45,871,1,0.824,en,0.075
1068,1519,10,v2,2026-07-10T16:23,1483,1,1.0,en,0.063
1069,54,10,v2,2026-01-18T18:21,568,1,0.589,ja,0.0673
1070,464,11,v3,2026-05-30T20:03,796,1,0.784,es,0.0445
1071,400,6,v3,2026-06-30T01:00,922,1,0.808,en,0.0387
1072,584,4,v3,2026-06-03T12:58,1090,1,0.482,en,0.0474
1073,1784,9,v1,2026-05-18T02:05,980,1,0.693,en,0.0372
1074,27,9,v1,2026-05-16T07:30,1591,1,1.0,en,0.0213
1075,524,3,v3,2026-03-19T03:15,1032,1,0.737,es,0.065
1076,973,8,v2,2026-07-27T06:17,1626,1,0.791,en,0.0308
1077,1172,10,v3,2026-01-21T02:52,1108,1,0.859,es,0.063
1078,214,9,v1,2026-03-24T03:52,1573,1,0.571,en,0.0636
1079,20,12,v2,2026-05-07T04:42,1466,1,0.667,en,0.034
1080,1575,11,v3,2026-02-04T13:20,186,1,0.76,ja,0.0559
1081,1354,4,v1,2026-07-10T01:57,1982,1,0.861,de,0.0363
1082,1587,5,v3,2026-06-17T10:14,801,1,0.683,en,0.0642
1083,1130,1,v1,2026-02-02T13:14,1745,1,0.728,en,0.0562
1084,1548,5,v1,2026-04-18T10:07,1194,1,0.989,fr,0.0596
1085,1669,7,v3,2026-01-05T10:26,953,1,1.0,es,0.0661
1086,562,8,v3,2026-05-21T12:11,1082,1,0.864,es,0.0431
1087,1086,12,v2,2026-01-09T09:48,688,0,0.931,ja,0.0228
1088,1254,7,v2,2026-07-15T00:49,751,1,0.634,es,0.0524
1089,844,4,v3,2026-06-22T02:22,633,0,0.381,he,0.0724
1090,1691,9,v2,2026-06-18T07:38,1761,1,0.749,fr,0.0349
1091,937,3,v1,2026-04-16T14:11,1757,1,0.761,es,0.0579
1092,965,9,v2,2026-05-19T20:38,1289,1,0.39,en,0.0273
1093,784,5,v3,2026-04-07T13:07,1401,1,0.696,fr,0.0228
1094,1636,4,v1,2026-03-02T15:56,2002,1,0.832,en,0.0052
1095,1508,2,v1,2026-03-30T03:10,1718,1,0.387,fr,0.0285
1096,506,11,v3,2026-01-05T05:00,797,1,0.576,he,0.0291
1097,746,12,v3,2026-03-12T14:15,1191,1,0.576,en,0.0569
1098,648,1,v1,2026-06-30T10:24,1580,1,0.806,ja,0.0083
1099,934,12,v3,2026-05-11T10:56,1072,1,0.687,es,0.0257
1100,15,11,v1,2026-02-01T19:38,1618,1,0.634,es,0.0343
1101,85,9,v3,2026-07-22T09:37,984,1,1.0,fr,0.0073
1102,1580,12,v3,2026-06-16T08:47,632,1,0.746,es,0.0524
1103,320,5,v3,2026-03-16T01:50,1316,1,0.789,en,0.0334
1104,1684,10,v2,2026-01-09T11:39,1965,1,0.842,fr,0.06
1105,1230,6,v1,2026-04-18T01:48,1846,1,0.785,en,0.0384
1106,1422,10,v3,2026-02-24T08:34,489,1,0.8,en,0.0311
1107,431,12,v2,2026-05-02T15:32,927,1,0.308,en,0.0768
1108,585,5,v1,2026-02-20T16:39,852,1,0.636,de,0.0232
1109,1237,3,v2,2026-04-30T11:53,1964,1,0.688,de,0.0247
1110,392,6,v2,2026-07-12T04:24,1682,1,0.773,he,0.067
1111,1508,2,v2,2026-03-30T03:10,1094,1,0.696,fr,0.0294
1112,977,12,v2,2026-06-20T16:18,1114,1,0.508,en,0.0101
1113,1281,10,v3,2026-05-05T05:01,942,1,0.772,en,0.0522
1114,510,12,v2,2026-06-15T06:36,1259,1,0.582,en,0.0557
1115,1233,4,v3,2026-03-30T17:34,1132,1,0.653,ja,0.049
1116,1388,3,v3,2026-07-06T16:14,814,1,0.854,en,0.056
1117,470,10,v2,2026-03-10T13:40,945,1,0.529,en,0.0201
1118,1628,2,v3,2026-01-05T23:12,1141,0,0.961,es,0.0115
1119,588,2,v2,2026-06-12T16:59,852,1,0.423,en,0.036
1120,413,12,v3,2026-02-03T00:24,194,1,0.446,de,0.0095
1121,663,3,v2,2026-05-20T10:12,1102,1,0.647,en,0.0791
1122,320,5,v3,2026-03-16T01:50,180,1,0.724,en,0.0713
1123,946,9,v1,2026-02-14T16:57,1907,1,0.846,es,0.018
1124,1101,4,v3,2026-07-12T09:43,659,1,0.624,es,0.0607
1125,770,4,v1,2026-06-12T14:29,1684,1,0.724,en,0.0252
1126,1781,10,v3,2026-05-17T16:25,905,1,0.904,en,0.0305
1127,1060,8,v1,2026-01-03T03:44,1230,0,0.568,es,0.043
1128,69,9,v2,2026-04-13T06:05,988,1,0.601,es,0.0463
1129,1047,4,v2,2026-06-30T02:00,1263,1,0.912,en,0.0605
1130,889,7,v1,2026-07-04T10:25,1746,1,0.865,en,0.0402
1131,1774,9,v1,2026-04-10T12:37,1723,1,0.731,en,0.0058
1132,1772,9,v3,2026-06-24T04:17,1555,1,0.82,en,0.0028
1133,1387,2,v3,2026-02-25T05:02,1145,1,0.835,en,0.0244
1134,11,3,v2,2026-01-06T02:09,641,1,0.909,en,0.0389
1135,1617,6,v3,2026-06-03T00:04,1156,1,0.887,de,0.0539
1136,815,12,v3,2026-01-13T07:14,1441,0,0.534,de,0.0777
1137,448,9,v1,2026-05-31T10:27,1457,1,0.733,de,0.0223
1138,1675,4,v1,2026-03-15T12:35,1431,1,0.596,he,0.0426
1139,762,11,v2,2026-05-31T10:28,1645,0,0.841,en,0.0745
1140,1334,6,v2,2026-07-27T08:54,1016,1,0.391,he,0.08
1141,371,10,v2,2026-05-27T15:39,1417,1,0.683,es,0.0595
1142,999,12,v3,2026-03-15T08:44,1331,1,0.774,de,0.0267
1143,1421,6,v1,2026-05-10T02:00,1681,1,0.905,es,0.0494
1144,646,3,v3,2026-02-11T02:50,1219,1,0.46,fr,0.0436
1145,1251,10,v3,2026-04-29T20:00,982,1,0.912,en,0.0216
1146,491,12,v3,2026-06-29T15:31,877,1,0.583,en,0.0569
1147,744,3,v1,2026-03-19T06:18,1477,1,0.791,fr,0.0657
1148,1170,8,v2,2026-07-16T08:01,1121,0,0.779,es,0.0633
1149,1652,10,v3,2026-01-26T04:43,1379,1,0.74,en,0.0717
1150,1490,10,v1,2026-06-15T23:16,2020,1,0.661,en,0.0726
1151,470,3,v1,2026-03-10T13:40,1496,1,0.603,en,0.0155
1152,1130,3,v1,2026-02-02T13:14,2002,1,0.89,en,0.0174
1153,552,12,v3,2026-05-29T08:59,898,1,0.913,ja,0.0744
1154,779,9,v1,2026-06-15T01:02,1447,0,0.831,en,0.0583
1155,1673,3,v1,2026-04-12T17:10,1428,1,0.849,fr,0.0566
1156,816,10,v2,2026-02-18T05:47,1706,1,0.925,en,0.0556
1157,1776,1,v1,2026-07-20T22:20,1970,1,0.678,en,0.0028
1158,36,8,v1,2026-07-08T10:51,1299,0,0.736,de,0.0696
1159,1110,5,v1,2026-03-18T17:06,1293,1,0.527,en,0.0438
1160,162,7,v2,2026-04-30T15:03,1637,1,0.42,en,0.059
1161,1609,3,v1,2026-07-20T01:32,1590,1,0.662,es,0.0108
1162,220,8,v1,2026-01-14T16:50,1914,0,0.648,en,0.0436
1163,1172,10,v2,2026-01-21T02:52,1583,1,0.74,es,0.049
1164,951,5,v3,2026-07-09T00:10,1821,1,0.921,es,0.0119
1165,193,11,v2,2026-06-07T14:06,841,1,0.505,en,0.049
1166,921,6,v1,2026-06-21T13:43,1548,1,0.55,ja,0.0713
1167,1046,9,v2,2026-06-07T07:45,796,1,0.823,fr,0.0502
1168,1762,11,v1,2026-02-23T19:43,1334,1,0.586,de,0.0658
1169,709,8,v2,2026-03-15T03:39,588,0,0.728,en,0.0076
1170,625,7,v3,2026-07-02T17:02,819,1,0.533,en,0.0496
1171,29,7,v1,2026-01-26T02:16,1150,1,0.687,en,0.0548
1172,614,9,v1,2026-02-28T10:38,644,0,0.611,en,0.044
1173,1071,4,v2,2026-03-09T02:06,1262,1,0.18,es,0.0165
1174,185,2,v1,2026-02-15T21:16,1900,1,0.529,de,0.0455
1175,570,9,v3,2026-05-12T03:44,870,1,0.908,en,0.0338
1176,913,5,v2,2026-03-26T21:47,739,1,0.9,es,0.0199
1177,746,11,v2,2026-03-12T14:15,1818,1,0.712,en,0.057
1178,1390,6,v1,2026-01-30T22:13,1625,1,0.889,es,0.0689
1179,1047,10,v3,2026-06-30T02:00,1367,1,0.767,en,0.0594
1180,1434,6,v2,2026-04-26T12:06,892,1,0.575,es,0.0044
1181,1462,2,v1,2026-06-08T23:22,2378,1,0.656,de,0.0641
1182,1155,10,v2,2026-01-09T09:59,1529,1,0.749,es,0.0453
1183,700,8,v3,2026-06-13T02:04,1832,1,0.81,es,0.0153
1184,541,8,v3,2026-02-08T14:11,654,0,1.0,en,0.0097
1185,43,6,v2,2026-03-21T23:13,1208,1,0.637,he,0.0107
1186,792,7,v3,2026-01-28T01:10,1015,1,0.693,de,0.0305
1187,1178,4,v3,2026-01-16T23:09,1170,1,0.826,en,0.0748
1188,593,3,v2,2026-03-01T15:39,1339,1,0.553,en,0.0495
1189,1698,1,v3,2026-04-20T20:44,856,1,0.782,he,0.026
1190,824,5,v1,2026-05-26T04:55,1770,1,0.737,en,0.0676
1191,1337,5,v3,2026-07-06T01:10,1030,1,0.562,de,0.077
1192,1477,6,v3,2026-02-08T01:10,881,1,0.973,fr,0.058
1193,904,8,v3,2026-04-18T14:12,1447,1,0.726,de,0.0268
1194,806,7,v3,2026-06-01T02:05,1123,1,0.794,he,0.0076
1195,842,10,v2,2026-03-14T08:06,986,0,0.706,en,0.0191
1196,1660,5,v3,2026-04-29T05:55,817,1,0.559,en,0.0796
1197,50,12,v3,2026-07-03T13:22,765,1,0.645,en,0.0206
1198,1168,10,v1,2026-02-19T22:49,1240,1,0.593,de,0.057
1199,1528,10,v3,2026-04-20T04:08,1821,1,0.926,es,0.0022
1200,59,3,v1,2026-03-17T07:32,2016,1,0.744,ja,0.0135
1201,1738,4,v1,2026-04-24T10:35,2538,1,0.551,en,0.079
1202,502,1,v1,2026-03-25T17:11,2186,1,0.814,es,0.0417
1203,310,4,v2,2026-06-05T02:46,1289,1,0.693,es,0.0197
1204,1612,10,v3,2026-07-18T15:46,1637,1,0.516,en,0.0211
1205,989,9,v3,2026-01-25T17:35,1893,1,0.875,de,0.0718
1206,819,3,v3,2026-06-13T11:56,666,0,0.619,en,0.0169
1207,448,9,v1,2026-05-31T10:27,1225,1,0.494,de,0.0359
1208,194,12,v3,2026-06-02T17:27,1422,1,0.693,en,0.0152
1209,1290,9,v1,2026-03-15T18:06,1778,1,0.669,es,0.0626
1210,141,10,v1,2026-02-23T17:12,1138,0,0.775,ja,0.0549
1211,45,2,v2,2026-05-25T14:15,1767,1,0.754,ja,0.0447
1212,1034,5,v1,2026-06-15T19:50,590,1,0.612,fr,0.0251
1213,824,10,v2,2026-05-26T04:55,732,1,0.678,en,0.0561
1214,859,10,v3,2026-02-28T11:36,2098,1,0.791,en,0.0022
1215,450,2,v2,2026-05-02T04:22,557,1,0.606,en,0.0314
1216,367,2,v1,2026-04-22T17:58,1519,1,0.556,fr,0.071
1217,1156,2,v3,2026-06-22T10:49,1441,0,0.654,es,0.0662
1218,1006,5,v3,2026-05-25T18:57,966,0,0.788,es,0.0703
1219,1431,3,v1,2026-06-30T09:34,1362,1,0.979,en,0.0366
1220,1244,12,v3,2026-07-17T23:45,1146,1,0.603,en,0.0704
1221,794,2,v1,2026-04-25T19:40,1072,1,0.832,fr,0.0765
1222,1632,4,v2,2026-01-14T02:20,1217,1,0.645,en,0.0205
1223,520,6,v3,2026-04-01T08:08,1136,1,0.752,fr,0.0184
1224,696,6,v2,2026-04-14T08:52,794,0,0.535,en,0.0238
1225,81,12,v3,2026-02-02T15:47,1738,0,0.762,es,0.0321
1226,1415,2,v1,2026-01-07T11:16,2081,1,0.537,de,0.027
1227,1585,3,v3,2026-07-12T14:47,1124,1,0.914,fr,0.046
1228,443,4,v3,2026-01-23T10:24,1491,1,0.781,fr,0.0759
1229,304,9,v2,2026-03-20T22:41,1155,1,0.865,en,0.0796
1230,745,11,v1,2026-03-03T22:58,1875,0,0.992,en,0.0701
1231,1361,9,v3,2026-01-01T12:55,1629,1,1.0,de,0.0034
1232,1183,5,v2,2026-01-16T12:28,1887,1,0.894,es,0.0623
1233,1099,8,v3,2026-06-13T14:19,1411,1,0.696,en,0.078
1234,1431,9,v1,2026-06-30T09:34,1625,1,0.862,en,0.0438
1235,1563,1,v3,2026-01-07T04:04,1030,1,0.838,de,0.0389
1236,1728,7,v1,2026-06-14T15:30,1324,1,0.899,de,0.0665
1237,660,10,v2,2026-07-23T07:26,1126,0,0.709,en,0.0456
1238,866,3,v1,2026-03-31T07:40,1435,1,0.844,en,0.0501
1239,688,2,v2,2026-04-26T23:48,1242,1,0.481,de,0.0136
1240,1656,5,v2,2026-04-14T15:12,1086,1,0.614,es,0.0138
1241,172,2,v3,2026-02-21T07:02,674,1,0.81,en,0.0158
1242,1079,1,v3,2026-07-02T14:17,514,0,0.575,de,0.0035
1243,223,12,v3,2026-06-12T08:12,783,1,0.887,en,0.006
1244,1583,3,v3,2026-05-01T22:22,1412,1,0.656,en,0.06
1245,1617,3,v2,2026-06-03T00:04,916,1,0.739,de,0.0587
1246,297,10,v3,2026-06-20T23:33,939,1,0.365,en,0.0511
1247,471,1,v3,2026-01-01T06:14,602,1,0.821,es,0.0481
1248,1560,3,v2,2026-04-22T19:10,1433,1,0.661,en,0.0585
1249,702,9,v3,2026-05-11T12:58,1377,1,1.0,de,0.0495
1250,1496,5,v1,2026-05-13T02:06,1700,1,0.738,ja,0.0612
1251,1299,8,v3,2026-04-26T18:48,943,0,0.933,es,0.0087
1252,1564,6,v2,2026-04-03T23:46,1479,1,0.954,es,0.0099
1253,864,4,v3,2026-04-06T01:41,1597,1,0.508,en,0.058
1254,653,11,v3,2026-01-12T04:04,912,1,1.0,es,0.0439
1255,1216,9,v2,2026-07-20T01:01,1443,1,0.894,de,0.077
1256,437,5,v1,2026-04-29T11:59,1985,1,0.683,en,0.0667
1257,1134,8,v3,2026-02-24T01:54,1109,1,0.756,ja,0.0689
1258,1086,1,v2,2026-01-09T09:48,1230,1,0.739,ja,0.0059
1259,1185,2,v1,2026-06-18T17:33,1643,1,0.842,en,0.0353
1260,890,1,v1,2026-03-28T03:30,589,1,0.757,he,0.0041
1261,1423,10,v1,2026-07-02T08:14,1498,0,0.783,en,0.004
1262,433,3,v3,2026-01-31T04:18,1052,1,0.589,en,0.0667
1263,533,11,v3,2026-01-31T06:14,1380,1,0.951,he,0.008
1264,1346,12,v1,2026-04-24T12:23,1685,1,0.577,en,0.0337
1265,1059,9,v2,2026-03-14T21:36,1117,1,0.841,de,0.0759
1266,351,9,v1,2026-03-30T15:12,1874,1,0.939,en,0.0241
1267,105,9,v1,2026-05-06T05:21,1419,1,0.692,es,0.036
1268,1370,6,v1,2026-04-05T21:41,760,1,0.791,en,0.0637
1269,887,6,v1,2026-07-20T08:43,1708,1,0.849,en,0.0709
1270,1662,3,v3,2026-01-29T03:28,938,1,0.573,ja,0.0048
1271,1496,2,v3,2026-05-13T02:06,1063,1,0.605,ja,0.0372
1272,785,1,v1,2026-02-07T21:24,1338,0,0.525,en,0.0567
1273,248,6,v3,2026-07-02T08:30,609,1,0.944,en,0.0423
1274,1767,12,v1,2026-02-01T10:05,1276,1,0.965,fr,0.0716
1275,1474,5,v2,2026-04-17T15:43,1323,1,0.593,de,0.0187
1276,1654,4,v3,2026-02-10T00:01,1298,1,0.892,en,0.0284
1277,955,3,v3,2026-04-18T01:03,1019,1,0.849,en,0.0563
1278,1268,5,v2,2026-01-09T23:20,376,1,0.416,es,0.0682
1279,185,2,v1,2026-02-15T21:16,1384,1,0.656,de,0.0693
1280,1348,3,v1,2026-03-30T08:21,1766,1,0.635,en,0.0613
1281,827,7,v2,2026-04-28T14:02,1038,1,0.564,es,0.0794
1282,1021,9,v3,2026-03-20T15:10,1266,0,0.527,en,0.0759
1283,384,8,v2,2026-03-26T22:50,315,0,0.88,es,0.0459
1284,411,1,v3,2026-07-22T00:19,1641,1,0.759,de,0.011
1285,802,12,v2,2026-03-22T09:48,1457,1,0.738,ja,0.0365
1286,996,3,v1,2026-05-04T15:56,1473,1,0.432,fr,0.0789
1287,1103,2,v2,2026-02-09T05:26,788,1,0.703,en,0.0545
1288,743,6,v2,2026-03-06T23:36,1218,1,0.887,en,0.0434
1289,352,8,v1,2026-03-17T17:59,1697,1,0.897,en,0.0319
1290,1202,10,v1,2026-03-25T07:48,1812,1,0.799,en,0.0027
1291,545,10,v3,2026-01-24T08:34,583,1,0.807,en,0.0329
1292,147,1,v2,2026-01-02T05:20,1328,1,0.639,es,0.0479
1293,842,7,v1,2026-03-14T08:06,1379,1,0.628,en,0.0366
1294,1259,7,v1,2026-04-14T04:46,1233,1,0.711,es,0.0341
1295,997,2,v3,2026-02-23T05:16,1486,1,0.699,en,0.0031
1296,777,12,v2,2026-04-17T21:15,753,1,0.858,en,0.0541
1297,1677,11,v3,2026-02-17T06:53,1646,1,0.841,en,0.0603
1298,838,9,v2,2026-01-20T01:47,969,1,0.57,he,0.0274
1299,650,2,v3,2026-01-17T01:11,1663,1,0.932,en,0.0561
1300,948,2,v1,2026-02-25T04:55,1637,1,0.776,en,0.0721
1301,150,10,v1,2026-02-02T22:17,1297,1,0.552,ja,0.031
1302,649,12,v2,2026-01-22T22:43,1548,1,0.868,en,0.0743
1303,210,7,v2,2026-04-26T18:14,925,1,0.5,en,0.0705
1304,463,10,v3,2026-07-03T16:58,1552,1,0.828,en,0.0522
1305,269,2,v1,2026-04-06T10:19,1027,1,0.645,de,0.0054
1306,1199,1,v3,2026-05-18T04:03,1758,1,0.823,en,0.0138
1307,1209,2,v1,2026-06-08T23:59,1621,1,0.632,en,0.0755
1308,1022,1,v1,2026-02-28T12:55,1927,1,0.413,de,0.0742
1309,1182,2,v2,2026-03-08T15:11,2037,1,0.909,en,0.0739
1310,1613,12,v1,2026-04-12T04:47,1270,1,0.939,de,0.0353
1311,441,7,v3,2026-03-23T01:25,681,1,0.863,he,0.0124
1312,1749,9,v1,2026-03-13T15:41,1045,1,0.61,fr,0.0336
1313,877,10,v2,2026-06-01T22:55,1486,1,0.666,en,0.0568
1314,111,4,v2,2026-04-06T18:09,2034,1,0.57,ja,0.0483
1315,1430,6,v1,2026-05-20T17:47,960,0,0.708,de,0.0536
1316,683,8,v2,2026-01-04T21:13,1264,1,0.691,en,0.0469
1317,803,8,v2,2026-02-28T08:30,1621,1,0.892,es,0.0253
1318,691,4,v2,2026-06-25T01:25,1253,1,0.612,fr,0.0757
1319,1561,8,v3,2026-05-15T14:43,1336,0,0.491,en,0.0209
1320,942,8,v3,2026-04-07T16:40,1476,0,0.815,en,0.0559
1321,1463,12,v3,2026-04-22T23:27,784,1,0.557,en,0.0705
1322,1220,4,v3,2026-02-09T04:51,722,1,0.699,en,0.0357
1323,31,4,v2,2026-06-26T09:02,910,1,0.764,de,0.058
1324,1485,4,v2,2026-02-03T16:26,894,1,0.815,es,0.0547
1325,486,8,v1,2026-06-07T02:25,1344,1,0.855,de,0.0656
1326,460,1,v1,2026-01-23T18:20,1810,1,0.573,fr,0.0607
1327,126,4,v2,2026-06-28T02:15,997,1,0.771,es,0.0628
1328,1319,11,v1,2026-05-06T02:10,1563,1,0.912,ja,0.0608
1329,1087,10,v1,2026-04-02T07:46,1988,1,0.85,en,0.0355
1330,613,8,v2,2026-07-17T14:18,368,1,0.94,en,0.0672
1331,794,2,v3,2026-04-25T19:40,1638,1,0.688,fr,0.019
1332,151,7,v1,2026-05-12T00:32,1563,1,0.698,es,0.0622
1333,1742,8,v2,2026-03-09T04:06,1713,1,0.736,en,0.0083
1334,323,4,v2,2026-07-25T07:28,1642,1,0.878,en,0.0675
1335,877,6,v2,2026-06-01T22:55,1002,1,0.702,en,0.0335
1336,647,2,v1,2026-06-21T10:59,1832,1,0.86,en,0.0571
1337,398,9,v1,2026-03-02T20:34,2043,1,0.786,es,0.0564
1338,194,8,v2,2026-06-02T17:27,1386,0,0.44,en,0.0713
1339,350,3,v3,2026-06-21T10:58,370,1,1.0,es,0.0637
1340,608,2,v2,2026-07-14T15:03,1130,1,0.476,fr,0.0618
1341,927,3,v2,2026-05-06T18:44,1469,0,0.719,he,0.0474
1342,515,4,v2,2026-04-18T06:53,1074,0,0.594,en,0.0297
1343,1757,3,v1,2026-06-29T01:18,1003,1,0.778,es,0.0472
1344,24,9,v3,2026-03-07T12:54,1449,1,0.507,he,0.0383
1345,1240,1,v1,2026-02-10T07:11,1478,1,0.72,ja,0.0063
1346,452,6,v2,2026-01-27T23:59,1676,1,0.822,es,0.0537
1347,1490,5,v1,2026-06-15T23:16,1875,1,0.771,en,0.0472
1348,606,3,v1,2026-01-03T16:04,805,1,1.0,en,0.0314
1349,98,7,v3,2026-06-16T12:16,1819,1,0.746,en,0.0426
1350,922,12,v2,2026-05-07T12:48,1290,1,0.665,en,0.0032
1351,1385,12,v2,2026-03-20T07:50,1211,1,0.501,es,0.0689
1352,300,2,v1,2026-03-15T03:54,1512,1,0.842,en,0.0424
1353,319,7,v3,2026-01-25T05:54,1108,1,0.852,fr,0.0459
1354,719,6,v2,2026-04-04T19:23,1135,1,0.832,en,0.0563
1355,350,2,v2,2026-06-21T10:58,718,1,0.782,es,0.064
1356,166,3,v1,2026-07-17T23:15,1085,1,0.777,en,0.0554
1357,686,4,v3,2026-02-05T11:54,996,1,0.827,en,0.0132
1358,611,7,v3,2026-04-27T10:26,941,0,0.733,ja,0.0406
1359,754,7,v3,2026-04-03T03:16,895,1,0.825,he,0.0585
1360,676,2,v3,2026-06-16T00:48,1445,1,0.868,en,0.0133
1361,1150,5,v3,2026-02-18T14:45,982,1,0.683,es,0.0514
1362,1632,11,v1,2026-01-14T02:20,1558,1,0.782,en,0.0349
1363,1069,10,v1,2026-05-29T04:35,1586,1,0.804,en,0.0759
1364,606,3,v3,2026-01-03T16:04,1592,1,0.821,en,0.0252
1365,74,7,v1,2026-02-01T16:57,1481,1,0.644,en,0.0054
1366,12,4,v3,2026-06-01T07:52,995,1,0.923,en,0.022
1367,73,7,v2,2026-05-02T01:37,1328,1,0.701,en,0.0645
1368,1275,1,v3,2026-06-20T07:35,1139,1,0.818,en,0.0299
1369,6,1,v2,2026-04-13T07:20,866,1,0.783,en,0.006
1370,868,12,v1,2026-03-12T21:25,2207,1,0.545,de,0.047
1371,876,10,v2,2026-03-14T03:30,1505,1,1.0,es,0.0201
1372,22,9,v3,2026-04-16T20:48,696,1,0.8,en,0.0562
1373,59,5,v3,2026-03-17T07:32,1576,1,0.743,ja,0.0397
1374,156,12,v1,2026-02-24T05:40,1544,1,0.635,en,0.0455
1375,1582,2,v2,2026-02-12T08:00,1051,1,0.713,de,0.0161
1376,1007,9,v2,2026-04-30T23:56,1030,1,0.544,de,0.0045
1377,1076,12,v2,2026-04-06T09:05,1426,1,0.785,en,0.046
1378,1036,3,v2,2026-04-21T16:52,1016,1,0.93,en,0.044
1379,834,11,v3,2026-02-15T14:07,1114,1,0.833,en,0.0733
1380,1666,11,v3,2026-05-20T16:19,532,1,0.952,en,0.0679
1381,1287,5,v1,2026-04-03T22:47,876,1,0.563,en,0.0085
1382,1748,4,v1,2026-06-20T08:20,812,1,0.641,es,0.0547
1383,1559,2,v1,2026-03-01T04:33,1074,1,0.78,he,0.0461
1384,134,12,v3,2026-06-07T01:31,568,1,0.755,en,0.005
1385,1417,6,v2,2026-06-05T23:50,1626,1,0.624,ja,0.0149
1386,1563,11,v3,2026-01-07T04:04,1634,1,0.853,de,0.0728
1387,1581,4,v2,2026-07-19T18:09,902,1,0.696,fr,0.0717
1388,1627,9,v2,2026-04-02T09:29,1326,1,0.6,ja,0.0502
1389,933,10,v3,2026-06-03T15:30,1105,1,0.69,he,0.0113
1390,916,10,v3,2026-06-22T12:16,1098,1,0.802,de,0.0776
1391,1585,12,v1,2026-07-12T14:47,1052,1,0.599,fr,0.0294
1392,969,8,v2,2026-04-27T13:11,1186,1,1.0,fr,0.0454
1393,370,5,v3,2026-04-24T15:41,1195,0,0.934,de,0.0069
1394,1535,7,v2,2026-03-27T00:29,842,1,0.487,en,0.0765
1395,843,4,v2,2026-05-22T15:26,1500,1,0.839,fr,0.0233
1396,1492,4,v3,2026-07-03T07:10,1129,1,0.836,de,0.0376
1397,445,10,v3,2026-01-11T06:57,1592,1,0.674,fr,0.0503
1398,209,8,v3,2026-05-18T09:56,514,1,0.771,en,0.0689
1399,312,4,v1,2026-06-15T08:13,1360,1,0.987,en,0.0756
1400,1363,7,v2,2026-04-19T16:18,1463,1,0.905,es,0.0323
1401,745,6,v3,2026-03-03T22:58,1118,1,0.657,en,0.0363
1402,153,3,v2,2026-01-27T12:43,780,1,0.465,en,0.0709
1403,669,8,v2,2026-07-12T12:48,1221,1,0.819,en,0.0231
1404,1,4,v2,2026-03-08T21:39,954,1,0.583,en,0.0164
1405,1741,8,v2,2026-04-17T07:44,1869,1,0.512,en,0.0203
1406,995,3,v2,2026-02-07T04:56,1237,1,0.719,fr,0.0748
1407,1092,2,v2,2026-02-16T20:29,1290,1,0.544,en,0.0401
1408,1236,7,v3,2026-01-31T09:42,770,1,0.771,en,0.0289
1409,1647,6,v1,2026-07-05T07:14,1713,1,0.627,ja,0.0137
1410,1366,4,v3,2026-02-28T08:16,1503,1,0.522,es,0.0348
1411,522,1,v2,2026-06-18T19:24,940,1,0.494,he,0.0523
1412,718,9,v3,2026-02-12T14:17,695,0,0.99,ja,0.0183
1413,1447,11,v2,2026-03-24T21:50,967,0,0.766,en,0.0021
1414,1746,7,v1,2026-04-02T10:57,448,0,0.539,en,0.0351
1415,1695,10,v1,2026-01-03T09:19,1838,1,0.775,fr,0.0181
1416,23,5,v2,2026-06-17T11:18,556,1,0.825,de,0.0317
1417,445,5,v2,2026-01-11T06:57,1216,0,0.625,fr,0.0139
1418,1123,3,v2,2026-04-24T02:46,889,1,0.694,es,0.0175
1419,221,11,v3,2026-06-08T15:39,1674,1,0.479,en,0.0379
1420,429,2,v3,2026-02-13T04:54,925,1,0.796,fr,0.0102
1421,1326,2,v3,2026-03-30T17:49,1604,1,0.699,es,0.0451
1422,849,7,v1,2026-02-04T18:13,1392,1,0.678,en,0.0728
1423,1622,12,v1,2026-04-10T03:55,1792,1,0.845,en,0.0275
1424,388,9,v2,2026-03-02T20:31,1102,0,0.82,en,0.0217
1425,819,6,v3,2026-06-13T11:56,1138,1,0.767,en,0.0393
1426,1672,1,v2,2026-04-28T15:56,602,0,0.694,en,0.0605
1427,1172,7,v2,2026-01-21T02:52,1580,1,0.728,es,0.014
1428,395,4,v2,2026-01-17T17:30,899,0,0.734,fr,0.0557
1429,286,7,v2,2026-07-22T19:10,732,1,0.952,de,0.0619
1430,706,9,v3,2026-03-12T21:47,842,1,0.553,en,0.0673
1431,1516,10,v3,2026-04-09T15:30,909,1,0.776,ja,0.0272
1432,328,6,v3,2026-06-07T22:08,755,1,1.0,fr,0.0795
1433,632,2,v3,2026-06-05T15:25,708,1,0.779,en,0.0264
1434,1598,7,v3,2026-05-19T03:28,1500,0,0.87,ja,0.0465
1435,148,5,v2,2026-01-11T03:24,1203,1,0.551,de,0.0139
1436,1187,4,v1,2026-01-01T21:35,889,1,0.771,ja,0.0555
1437,288,7,v1,2026-02-21T03:19,1650,1,0.883,en,0.0508
1438,962,9,v2,2026-03-23T13:52,736,1,0.265,de,0.0191
1439,1492,1,v2,2026-07-03T07:10,180,1,0.787,de,0.0073
1440,1504,1,v2,2026-05-02T03:44,626,1,0.861,en,0.036
1441,1698,1,v2,2026-04-20T20:44,1306,1,0.884,he,0.0411
1442,720,5,v3,2026-06-25T06:56,1803,0,0.726,en,0.0571
1443,1412,11,v3,2026-02-20T07:30,1087,1,0.779,en,0.0291
1444,1718,4,v1,2026-03-30T11:49,1106,1,0.97,en,0.0115
1445,1618,7,v3,2026-07-05T05:48,1594,1,0.765,en,0.0329
1446,639,4,v2,2026-04-16T00:49,1468,1,0.5,en,0.0261
1447,1660,4,v2,2026-04-29T05:55,1144,1,0.779,en,0.0501
1448,76,5,v2,2026-03-20T16:00,940,1,0.731,en,0.0177
1449,347,2,v1,2026-05-22T08:44,1085,1,0.987,en,0.0251
1450,163,10,v3,2026-07-27T12:43,1419,1,1.0,ja,0.0747
1451,158,10,v3,2026-03-27T04:56,1473,1,0.944,he,0.0235
1452,1121,4,v1,2026-05-05T15:12,1396,1,0.746,en,0.02
1453,1710,10,v1,2026-02-23T08:32,1163,1,0.649,es,0.0404
1454,942,2,v2,2026-04-07T16:40,1265,1,0.834,en,0.0138
1455,580,4,v3,2026-01-03T07:07,706,1,0.84,ja,0.0606
1456,1701,5,v3,2026-04-06T05:15,835,1,0.442,en,0.0469
1457,628,11,v3,2026-06-14T09:37,1734,0,0.558,he,0.0501
1458,1198,1,v1,2026-06-20T12:08,1571,1,0.792,es,0.0323
1459,1715,2,v2,2026-03-18T10:12,1642,1,0.624,ja,0.0721
1460,517,2,v2,2026-01-29T06:14,917,1,0.876,ja,0.023
1461,532,7,v2,2026-01-23T15:24,1218,1,0.799,en,0.0776
1462,979,8,v2,2026-03-20T19:40,1006,1,0.686,de,0.0457
1463,1625,7,v3,2026-04-01T06:01,832,1,0.584,de,0.0506
1464,1363,10,v1,2026-04-19T16:18,1191,1,0.562,es,0.0791
1465,377,6,v2,2026-07-03T13:42,818,1,0.734,de,0.0733
1466,1527,9,v2,2026-05-08T20:28,2286,0,0.289,de,0.0437
1467,1523,4,v2,2026-01-21T10:12,1629,1,0.858,en,0.0797
1468,120,4,v2,2026-05-20T14:08,1649,1,0.933,en,0.0102
1469,1436,2,v3,2026-06-03T03:55,1324,0,0.691,en,0.0608
1470,991,6,v1,2026-01-09T06:18,1450,1,0.401,de,0.0735
1471,365,9,v2,2026-02-24T01:17,440,1,0.951,ja,0.0335
1472,681,5,v1,2026-03-13T09:53,1215,1,0.729,ja,0.0415
1473,433,6,v2,2026-01-31T04:18,1721,1,0.977,en,0.02
1474,505,8,v2,2026-01-21T11:01,1004,1,0.976,en,0.0535
1475,797,2,v2,2026-04-14T02:44,594,1,1.0,en,0.027
1476,314,8,v1,2026-01-06T18:50,1442,1,0.902,de,0.0766
1477,1468,12,v3,2026-03-29T08:13,774,1,0.766,en,0.0603
1478,663,6,v3,2026-05-20T10:12,640,1,0.745,en,0.0575
1479,750,7,v1,2026-02-12T21:12,1905,1,0.774,fr,0.0421
1480,266,12,v3,2026-05-22T19:06,1007,1,0.901,fr,0.0324
1481,968,9,v2,2026-06-24T22:43,1223,1,0.962,en,0.0289
1482,490,8,v1,2026-02-13T03:06,866,1,0.732,es,0.0268
1483,140,3,v3,2026-07-16T19:51,1075,1,0.823,en,0.0557
1484,994,5,v3,2026-02-03T10:43,1038,1,0.516,en,0.0032
1485,1430,1,v1,2026-05-20T17:47,932,1,0.622,de,0.0653
1486,644,8,v2,2026-07-09T13:46,1676,1,0.879,en,0.0428
1487,602,10,v2,2026-05-04T11:07,1408,1,0.848,en,0.0744
1488,1428,5,v1,2026-02-01T23:46,544,1,0.638,de,0.0022
1489,400,5,v2,2026-06-30T01:00,301,1,0.749,en,0.0269
1490,1748,12,v1,2026-06-20T08:20,1590,1,0.653,es,0.0026
1491,471,9,v1,2026-01-01T06:14,412,1,0.689,es,0.0275
1492,622,3,v3,2026-04-09T19:08,886,1,0.629,de,0.0126
1493,930,10,v2,2026-01-03T19:57,1409,1,0.759,en,0.0222
1494,895,10,v1,2026-04-19T22:38,582,1,0.682,en,0.0348
1495,1178,8,v1,2026-01-16T23:09,965,1,0.609,en,0.0607
1496,805,4,v2,2026-03-17T10:26,528,0,0.812,de,0.0674
1497,518,5,v1,2026-03-14T02:43,1612,1,0.537,de,0.0283
1498,1017,8,v1,2026-04-07T13:31,1349,0,0.826,en,0.028
1499,1631,8,v1,2026-05-24T04:14,1740,1,0.314,en,0.0428
1500,1409,5,v1,2026-01-06T05:26,1318,0,0.747,en,0.0211
1501,89,4,v1,2026-06-08T12:57,2909,1,0.657,en,0.0362
1502,477,8,v2,2026-06-28T05:40,1237,1,0.788,en,0.0492
1503,895,3,v2,2026-04-19T22:38,1298,1,0.871,en,0.0302
1504,786,12,v2,2026-06-14T20:13,812,1,0.846,en,0.0525
1505,1091,6,v1,2026-03-08T19:02,1050,1,0.656,en,0.0585
1506,924,9,v3,2026-04-05T22:35,290,1,0.762,fr,0.0663
1507,357,4,v3,2026-07-02T04:21,1155,1,0.877,en,0.0154
1508,408,1,v2,2026-07-06T05:40,577,1,0.873,en,0.0209
1509,322,3,v1,2026-04-07T16:09,1073,1,0.868,de,0.0374
1510,1638,6,v2,2026-07-20T02:50,964,1,0.766,fr,0.0671
1511,357,4,v3,2026-07-02T04:21,2092,1,0.86,en,0.0364
1512,339,8,v1,2026-01-08T22:01,1899,1,0.616,en,0.064
1513,441,6,v1,2026-03-23T01:25,1126,1,0.876,he,0.0273
1514,1217,11,v1,2026-01-21T20:16,1399,0,0.7,en,0.009
1515,1073,10,v1,2026-07-06T23:54,1338,1,0.728,en,0.047
1516,1247,8,v2,2026-07-07T23:46,1416,1,0.757,es,0.0369
1517,1235,5,v3,2026-04-01T02:40,1607,1,0.562,ja,0.0727
1518,943,5,v1,2026-07-25T20:44,2429,1,0.596,en,0.0088
1519,401,5,v1,2026-05-05T03:40,1320,1,0.745,he,0.0323
1520,537,1,v3,2026-03-05T21:11,356,1,0.853,he,0.0737
1521,1541,3,v1,2026-03-02T04:09,1526,1,1.0,en,0.0431
1522,221,5,v2,2026-06-08T15:39,875,1,0.738,en,0.027
1523,1157,3,v3,2026-01-10T12:56,1478,1,0.903,en,0.0526
1524,1539,5,v2,2026-04-30T03:16,800,1,0.784,en,0.0063
1525,714,6,v3,2026-02-13T15:48,2045,1,0.801,he,0.0411
1526,1765,10,v3,2026-05-07T18:11,1280,1,0.797,de,0.0612
1527,539,8,v2,2026-07-09T00:53,566,1,0.751,ja,0.0441
1528,1518,11,v2,2026-04-28T03:08,939,1,0.754,es,0.0109
1529,1414,7,v3,2026-05-14T16:51,1383,1,0.766,en,0.0065
1530,1173,5,v1,2026-05-19T22:10,1431,1,0.568,es,0.0217
1531,86,2,v1,2026-06-16T15:23,969,1,0.445,he,0.0601
1532,488,4,v3,2026-04-11T10:09,1057,1,0.677,en,0.0271
1533,976,11,v1,2026-01-22T16:48,1267,1,0.758,es,0.054
1534,941,6,v3,2026-04-12T10:05,766,1,0.757,de,0.0112
1535,136,2,v3,2026-06-14T15:50,897,1,0.884,en,0.0401
1536,546,10,v1,2026-07-25T02:48,956,1,0.467,en,0.0402
1537,45,8,v1,2026-05-25T14:15,1850,1,0.675,ja,0.0666
1538,1082,3,v2,2026-07-14T14:27,1773,1,0.836,en,0.0666
1539,692,12,v2,2026-04-20T07:15,940,1,0.748,en,0.0233
1540,192,3,v2,2026-02-17T02:24,1236,1,0.839,en,0.0152
1541,1316,5,v2,2026-05-08T02:34,746,1,0.377,en,0.0673
1542,1435,11,v2,2026-03-11T13:23,829,1,0.58,de,0.0087
1543,929,11,v3,2026-01-26T19:26,1332,1,0.565,en,0.0357
1544,368,4,v1,2026-01-08T20:46,1758,1,0.688,en,0.0597
1545,510,9,v1,2026-06-15T06:36,1388,1,0.627,en,0.0559
1546,1655,10,v2,2026-07-04T11:17,2047,1,0.882,en,0.0654
1547,1064,12,v1,2026-05-09T17:05,1299,1,0.665,en,0.0645
1548,654,12,v3,2026-05-31T11:31,1572,1,0.573,en,0.0779
1549,1164,4,v2,2026-04-17T17:06,1067,1,0.43,es,0.0093
1550,71,3,v1,2026-05-10T03:42,1324,1,0.546,en,0.0261
1551,727,6,v2,2026-03-30T18:03,1698,0,0.755,de,0.042
1552,1263,3,v2,2026-06-15T07:56,1383,1,0.958,en,0.0057
1553,118,10,v2,2026-03-30T18:08,1328,1,0.778,de,0.0268
1554,292,2,v2,2026-07-14T15:44,922,1,0.621,he,0.0291
1555,266,7,v1,2026-05-22T19:06,1136,1,0.802,fr,0.0678
1556,1477,3,v2,2026-02-08T01:10,919,1,0.691,fr,0.0457
1557,1713,2,v1,2026-06-14T11:19,1707,1,0.694,de,0.0164
1558,1506,6,v2,2026-05-14T15:47,1911,1,0.617,en,0.0639
1559,2,12,v1,2026-02-10T14:20,1067,1,0.763,en,0.0255
1560,1405,11,v3,2026-03-25T07:26,1568,1,0.784,es,0.0134
1561,411,6,v3,2026-07-22T00:19,308,1,0.679,de,0.0536
1562,1697,8,v2,2026-06-22T11:39,1250,1,0.725,ja,0.0062
1563,1561,2,v2,2026-05-15T14:43,793,1,0.707,en,0.0335
1564,1064,2,v3,2026-05-09T17:05,1703,1,0.745,en,0.0758
1565,1472,9,v1,2026-07-07T02:29,1385,1,0.639,en,0.0456
1566,534,9,v1,2026-01-18T13:38,1566,1,0.914,en,0.0312
1567,633,7,v3,2026-07-08T07:08,855,1,0.885,ja,0.0711
1568,1755,2,v1,2026-04-13T12:23,2107,0,0.817,de,0.0358
1569,795,11,v2,2026-07-21T21:33,619,1,0.745,es,0.0692
1570,1211,8,v3,2026-03-04T02:31,770,1,0.678,en,0.0507
1571,1174,1,v1,2026-06-20T00:50,2228,1,1.0,es,0.032
1572,748,9,v3,2026-07-23T16:37,519,1,0.297,en,0.0476
1573,976,2,v2,2026-01-22T16:48,754,1,0.529,es,0.0239
1574,293,10,v3,2026-04-07T06:58,874,1,0.847,en,0.0234
1575,1196,4,v2,2026-03-18T03:32,1267,1,0.69,fr,0.0517
1576,81,9,v1,2026-02-02T15:47,1316,1,0.773,es,0.0496
1577,1784,2,v2,2026-05-18T02:05,1076,1,0.366,en,0.0162
1578,1775,3,v1,2026-06-04T18:18,1801,1,0.563,fr,0.0374
1579,211,2,v3,2026-01-14T06:42,1545,1,0.465,he,0.0457
1580,891,10,v3,2026-06-10T01:56,968,1,0.617,ja,0.0716
1581,1760,6,v2,2026-01-12T18:59,1012,0,0.709,de,0.0078
1582,405,8,v2,2026-01-05T21:23,401,1,0.571,en,0.0642
1583,1146,1,v3,2026-04-22T22:25,983,1,0.743,fr,0.0631
1584,1219,8,v3,2026-04-01T17:51,1236,1,0.962,en,0.0428
1585,546,5,v2,2026-07-25T02:48,1402,1,0.546,en,0.0033
1586,468,10,v1,2026-03-12T22:00,1967,1,0.532,en,0.0275
1587,588,5,v2,2026-06-12T16:59,1174,1,0.652,en,0.0428
1588,1239,9,v3,2026-02-22T12:19,1719,1,0.62,fr,0.0274
1589,218,11,v1,2026-05-27T06:01,2075,1,0.74,en,0.0399
1590,615,8,v3,2026-01-03T17:01,440,0,0.675,fr,0.0211
1591,1112,1,v1,2026-06-14T10:21,1180,1,0.583,he,0.0504
1592,370,9,v3,2026-04-24T15:41,1068,1,0.853,de,0.0375
1593,729,2,v1,2026-03-06T07:06,743,1,0.726,en,0.0436
1594,891,2,v3,2026-06-10T01:56,691,0,0.86,ja,0.0116
1595,582,4,v3,2026-01-18T13:44,1454,1,1.0,es,0.0076
1596,981,6,v1,2026-01-19T02:39,1522,1,0.837,fr,0.0302
1597,265,12,v2,2026-04-01T14:12,1293,1,0.524,en,0.0527
1598,1465,2,v1,2026-02-13T03:32,1397,0,0.994,en,0.0717
1599,1362,3,v2,2026-03-28T08:00,576,1,0.869,de,0.0314
1600,1339,3,v2,2026-05-08T03:17,184,1,0.724,en,0.0763
1601,314,5,v3,2026-01-06T18:50,657,1,0.601,de,0.05
1602,925,6,v1,2026-04-09T07:46,1682,1,0.817,en,0.0429
1603,397,4,v3,2026-01-10T12:23,1026,1,0.633,en,0.0409
1604,1547,9,v2,2026-06-01T09:18,773,1,0.886,he,0.0043
1605,243,8,v1,2026-01-16T13:42,1506,1,0.801,en,0.049
1606,312,12,v1,2026-06-15T08:13,1072,1,0.828,en,0.0452
1607,741,3,v1,2026-03-05T15:10,971,1,0.809,ja,0.0054
1608,864,6,v2,2026-04-06T01:41,1600,1,0.678,en,0.0092
1609,1451,12,v3,2026-02-02T13:13,1061,1,0.893,en,0.0776
1610,1480,9,v3,2026-04-21T15:36,1581,1,0.32,ja,0.0667
1611,406,10,v3,2026-06-08T18:05,1010,1,0.835,en,0.0385
1612,203,11,v2,2026-06-11T00:08,666,1,0.784,fr,0.0403
1613,785,6,v2,2026-02-07T21:24,1000,1,0.485,en,0.0301
1614,967,11,v2,2026-01-06T16:29,1377,0,0.853,en,0.0553
1615,1504,5,v2,2026-05-02T03:44,180,1,0.603,en,0.0305
1616,527,5,v1,2026-05-08T05:33,1787,1,0.653,de,0.0075
1617,56,6,v2,2026-03-26T18:21,1219,1,0.974,en,0.0769
1618,219,8,v2,2026-01-06T11:25,756,1,0.864,en,0.054
1619,653,8,v2,2026-01-12T04:04,966,1,0.742,es,0.0035
1620,909,12,v2,2026-05-10T14:30,714,1,0.447,en,0.0532
1621,26,1,v2,2026-06-18T10:16,934,1,0.784,ja,0.0318
1622,338,5,v2,2026-02-03T23:27,981,1,0.541,en,0.0238
1623,1140,7,v2,2026-02-28T12:38,1560,1,0.911,en,0.044
1624,1156,7,v1,2026-06-22T10:49,2376,1,0.996,es,0.026
1625,364,7,v2,2026-01-01T04:44,924,1,0.798,ja,0.0059
1626,1501,12,v2,2026-06-23T07:59,507,1,0.681,en,0.012
1627,930,12,v1,2026-01-03T19:57,1765,1,0.977,en,0.0783
1628,1329,6,v2,2026-05-04T02:24,671,1,0.523,de,0.0717
1629,1768,1,v2,2026-02-18T03:18,1344,1,0.743,es,0.0584
1630,1419,10,v1,2026-03-27T08:25,1311,1,0.543,en,0.0457
1631,1180,3,v1,2026-05-16T18:38,2209,1,0.696,de,0.0505
1632,1294,7,v3,2026-01-08T04:58,1130,1,0.688,ja,0.038
1633,311,1,v1,2026-06-14T05:44,1412,1,0.559,de,0.0146
1634,550,10,v3,2026-06-23T06:39,1560,1,0.942,en,0.0475
1635,69,4,v2,2026-04-13T06:05,918,0,0.734,es,0.0695
1636,440,12,v1,2026-02-04T20:38,1579,0,0.789,ja,0.0242
1637,1015,10,v3,2026-01-15T07:12,1284,1,0.915,es,0.021
1638,251,11,v2,2026-01-13T15:08,1390,1,0.47,he,0.0338
1639,107,4,v2,2026-03-30T20:09,876,0,0.872,en,0.0374
1640,693,11,v1,2026-04-16T01:20,1293,1,0.517,en,0.0599
1641,715,4,v3,2026-04-07T20:32,1412,1,0.885,en,0.0058
1642,447,9,v2,2026-06-27T00:56,1342,1,0.957,es,0.0578
1643,287,2,v2,2026-07-08T16:36,904,1,0.732,he,0.0739
1644,1784,11,v1,2026-05-18T02:05,1600,1,0.541,en,0.0598
1645,1598,3,v2,2026-05-19T03:28,735,1,0.91,ja,0.0688
1646,677,11,v2,2026-07-21T18:09,993,1,0.76,en,0.0685
1647,1222,6,v3,2026-05-10T05:47,1368,1,0.718,en,0.074
1648,1387,10,v1,2026-02-25T05:02,1014,0,0.624,en,0.0323
1649,1425,9,v2,2026-05-11T21:51,1022,1,0.68,en,0.022
1650,1586,4,v1,2026-01-15T11:14,911,1,0.601,en,0.0228
1651,493,2,v3,2026-01-27T19:39,1175,1,0.896,he,0.0146
1652,1573,2,v2,2026-07-25T06:27,1081,1,0.597,en,0.0601
1653,585,4,v1,2026-02-20T16:39,1798,1,0.866,de,0.0166
1654,1603,8,v1,2026-03-19T08:56,1367,1,0.754,en,0.0329
1655,880,9,v1,2026-02-02T20:25,1876,1,0.795,en,0.0556
1656,1410,7,v1,2026-04-13T02:47,1621,1,0.737,en,0.0522
1657,1238,3,v2,2026-03-12T16:41,1837,1,0.786,ja,0.0125
1658,336,2,v3,2026-07-24T17:19,1034,0,0.532,fr,0.0703
1659,1645,8,v1,2026-02-05T17:51,1358,1,0.583,es,0.0331
1660,1021,10,v1,2026-03-20T15:10,1634,1,0.653,en,0.0274
1661,371,1,v1,2026-05-27T15:39,1958,1,0.9,es,0.0272
1662,1210,3,v2,2026-07-07T13:45,944,1,0.997,en,0.042
1663,565,11,v2,2026-06-04T17:54,1235,1,0.662,he,0.0152
1664,1232,6,v1,2026-03-14T11:16,1049,1,0.538,de,0.0639
1665,1192,9,v1,2026-04-14T00:38,955,1,0.826,ja,0.0688
1666,791,10,v3,2026-02-26T18:02,1488,0,0.877,ja,0.0307
1667,205,11,v2,2026-03-21T09:27,1433,1,0.428,en,0.0366
1668,1286,5,v2,2026-03-15T05:26,903,1,0.438,en,0.0755
1669,190,6,v1,2026-04-25T20:59,2107,0,1.0,en,0.0413
1670,1677,1,v2,2026-02-17T06:53,1016,1,0.757,en,0.0155
1671,919,12,v1,2026-02-24T07:47,1785,1,0.643,he,0.0699
1672,281,4,v2,2026-07-17T21:13,1300,1,0.88,en,0.0352
1673,583,4,v1,2026-03-29T20:02,1816,1,0.657,en,0.0778
1674,129,6,v3,2026-05-09T05:59,1909,1,0.751,en,0.0062
1675,1750,11,v2,2026-06-20T22:26,2192,0,0.647,fr,0.0402
1676,651,11,v1,2026-06-11T13:16,2875,1,0.482,en,0.0333
1677,471,4,v3,2026-01-01T06:14,1550,1,0.822,es,0.0338
1678,338,8,v1,2026-02-03T23:27,1597,1,0.996,en,0.018
1679,106,1,v3,2026-06-08T12:49,1464,1,0.634,es,0.0484
1680,659,8,v1,2026-07-11T09:05,2013,1,0.833,en,0.0689
1681,690,11,v1,2026-03-18T19:43,1399,1,0.796,de,0.0178
1682,431,6,v2,2026-05-02T15:32,1370,1,0.638,en,0.0261
1683,1324,10,v3,2026-01-03T14:08,1448,1,0.927,he,0.0231
1684,1109,11,v3,2026-05-26T08:13,489,1,0.755,es,0.0627
1685,185,8,v2,2026-02-15T21:16,1216,1,0.757,de,0.0787
1686,377,3,v2,2026-07-03T13:42,1614,1,0.437,de,0.0077
1687,377,6,v2,2026-07-03T13:42,1817,1,0.775,de,0.0162
1688,1467,7,v1,2026-02-28T16:45,2143,1,0.628,en,0.0063
1689,237,1,v2,2026-07-12T11:09,1373,1,0.815,de,0.023
1690,215,9,v2,2026-07-03T23:47,1102,1,0.592,fr,0.0192
1691,350,1,v2,2026-06-21T10:58,662,0,0.562,es,0.0244
1692,1057,1,v2,2026-07-15T22:40,1322,1,0.938,ja,0.0526
1693,543,9,v3,2026-07-24T16:05,698,1,0.717,en,0.0764
1694,1015,6,v1,2026-01-15T07:12,2157,1,0.664,es,0.0106
1695,1129,1,v2,2026-02-03T04:49,1024,1,0.745,fr,0.0629
1696,1643,6,v2,2026-02-16T07:15,1849,1,0.725,es,0.06
1697,794,5,v2,2026-04-25T19:40,1327,1,0.622,fr,0.0562
1698,102,5,v3,2026-04-15T16:38,919,1,0.594,de,0.0069
1699,432,7,v1,2026-02-02T05:39,479,1,1.0,en,0.0285
1700,1086,7,v3,2026-01-09T09:48,1310,1,0.68,ja,0.0567
1701,12,10,v1,2026-06-01T07:52,1298,1,0.651,en,0.0221
1702,389,7,v2,2026-04-09T10:10,1739,1,0.683,en,0.0449
1703,688,5,v3,2026-04-26T23:48,1177,0,0.758,de,0.0752
1704,1142,8,v2,2026-05-25T09:01,1169,1,0.574,en,0.0413
1705,924,3,v1,2026-04-05T22:35,1699,1,0.66,fr,0.0204
1706,1641,6,v1,2026-04-08T09:59,1146,1,0.702,es,0.0584
1707,1386,3,v1,2026-07-19T04:39,854,1,0.768,de,0.0744
1708,216,6,v1,2026-07-07T05:23,1263,1,0.644,en,0.0542
1709,1385,2,v3,2026-03-20T07:50,1402,1,0.706,es,0.0285
1710,1391,6,v3,2026-03-12T23:08,1377,1,0.653,fr,0.0149
1711,216,9,v1,2026-07-07T05:23,1635,1,0.909,en,0.041
1712,985,5,v1,2026-07-13T18:37,1344,1,0.661,en,0.0782
1713,1739,2,v2,2026-02-21T10:23,1210,1,0.901,es,0.0246
1714,1474,12,v2,2026-04-17T15:43,795,1,0.784,de,0.0122
1715,1290,10,v2,2026-03-15T18:06,1269,1,0.611,es,0.0793
1716,408,11,v2,2026-07-06T05:40,1473,1,0.537,en,0.0162
1717,504,1,v1,2026-02-25T15:08,1358,0,0.66,en,0.0035
1718,1510,10,v2,2026-04-02T08:37,1132,0,0.724,ja,0.034
1719,9,12,v2,2026-01-08T01:44,794,1,0.839,ja,0.0593
1720,97,8,v2,2026-01-08T12:08,1744,1,0.819,fr,0.0302
1721,755,4,v2,2026-06-20T22:54,1087,1,0.97,fr,0.0434
1722,655,2,v3,2026-02-10T17:20,1488,1,0.73,en,0.008
1723,220,8,v1,2026-01-14T16:50,2493,1,0.94,en,0.0765
1724,382,6,v1,2026-07-13T05:11,1277,1,0.906,en,0.0033
1725,1605,11,v2,2026-05-10T06:04,1272,1,0.637,he,0.0725
1726,1585,4,v2,2026-07-12T14:47,1272,1,0.622,fr,0.0617
1727,530,1,v2,2026-06-09T17:50,1674,1,0.827,fr,0.0694
1728,499,5,v3,2026-06-28T16:02,912,1,0.8,fr,0.0496
1729,1495,8,v3,2026-05-27T07:57,846,1,1.0,es,0.0293
1730,1702,9,v1,2026-02-01T16:12,1719,1,0.464,ja,0.0332
1731,143,3,v2,2026-03-18T04:06,801,1,0.822,de,0.0415
1732,425,6,v3,2026-07-06T10:18,781,1,0.996,es,0.0723
1733,1147,5,v1,2026-04-09T11:57,862,1,0.818,he,0.0488
1734,120,5,v1,2026-05-20T14:08,1916,1,0.545,en,0.0425
1735,98,4,v1,2026-06-16T12:16,1460,1,0.791,en,0.027
1736,1638,3,v2,2026-07-20T02:50,1563,0,0.565,fr,0.0757
1737,1657,3,v1,2026-07-13T14:25,1348,1,0.61,en,0.0649
1738,526,1,v3,2026-02-05T10:08,1339,1,0.853,de,0.0289
1739,438,10,v1,2026-05-08T02:34,814,1,0.819,en,0.0601
1740,761,6,v1,2026-05-16T08:18,2337,1,0.583,de,0.0057
1741,804,6,v2,2026-05-12T16:51,629,1,0.584,es,0.0367
1742,1590,2,v1,2026-01-18T06:46,928,1,0.901,en,0.0543
1743,1478,8,v2,2026-05-03T08:21,1276,0,0.631,en,0.0251
1744,1283,1,v1,2026-01-23T16:13,1343,1,0.866,de,0.0297
1745,379,2,v2,2026-02-23T18:12,928,0,0.546,en,0.0785
1746,1381,6,v1,2026-02-11T07:19,1470,1,0.486,de,0.0333
1747,703,8,v3,2026-06-06T15:56,1195,1,0.889,en,0.0105
1748,1559,11,v1,2026-03-01T04:33,1058,1,0.869,he,0.0635
1749,1051,1,v3,2026-04-03T14:20,1190,1,0.764,en,0.0352
1750,930,11,v2,2026-01-03T19:57,738,1,0.889,en,0.0415
1751,1508,7,v3,2026-03-30T03:10,1174,1,0.516,fr,0.0445
1752,1243,11,v2,2026-02-22T10:34,1306,1,0.882,en,0.0196
1753,107,2,v3,2026-03-30T20:09,1030,1,0.851,en,0.0764
1754,1596,8,v3,2026-03-29T15:23,1082,0,0.708,en,0.0519
1755,626,11,v1,2026-01-06T03:07,1245,1,0.586,en,0.0378
1756,1136,6,v2,2026-03-25T17:58,336,1,0.941,en,0.0485
1757,1036,7,v3,2026-04-21T16:52,974,1,0.749,en,0.0681
1758,78,12,v3,2026-05-11T16:00,1060,1,0.94,en,0.016
1759,1228,12,v1,2026-01-20T16:40,999,1,0.733,es,0.0547
1760,413,6,v2,2026-02-03T00:24,853,1,0.884,de,0.0651
1761,503,3,v1,2026-04-17T12:12,1843,1,0.754,fr,0.0502
1762,1529,4,v2,2026-01-01T05:59,1100,1,0.494,en,0.07
1763,409,12,v3,2026-05-31T04:24,1387,1,0.81,es,0.0516
1764,1798,7,v1,2026-03-11T00:25,1288,1,0.655,en,0.0094
1765,313,6,v2,2026-05-21T16:27,1126,1,0.578,en,0.0093
1766,1621,9,v3,2026-01-25T17:36,1429,1,0.585,en,0.0145
1767,417,12,v3,2026-07-20T16:43,1799,1,0.68,he,0.0107
1768,749,6,v3,2026-04-15T01:48,930,1,0.593,es,0.0754
1769,1422,11,v2,2026-02-24T08:34,1264,0,0.89,en,0.0754
1770,277,1,v2,2026-06-24T22:26,705,1,0.647,es,0.0479
1771,575,4,v2,2026-02-23T22:15,1709,1,0.705,en,0.0051
1772,1725,1,v3,2026-02-05T17:56,1164,1,0.577,en,0.0146
1773,823,4,v3,2026-05-13T22:39,609,1,0.731,en,0.052
1774,87,9,v1,2026-03-30T11:17,1012,0,0.946,he,0.0649
1775,986,4,v2,2026-03-04T17:20,1250,1,0.711,es,0.0657
1776,1575,3,v3,2026-02-04T13:20,673,1,0.746,ja,0.0092
1777,882,5,v3,2026-01-27T04:51,698,1,1.0,ja,0.0262
1778,1035,8,v1,2026-04-10T19:00,1271,1,0.644,es,0.0135
1779,378,2,v1,2026-05-29T08:49,1102,0,1.0,en,0.0115
1780,273,9,v1,2026-06-20T05:48,1697,1,0.64,en,0.0223
1781,473,6,v2,2026-06-25T03:55,1099,1,0.843,en,0.0103
1782,1580,2,v2,2026-06-16T08:47,1086,1,0.751,es,0.0574
1783,1648,5,v3,2026-04-26T19:22,1268,1,0.762,es,0.0194
1784,1309,3,v3,2026-03-11T22:55,474,1,0.793,es,0.0472
1785,117,8,v1,2026-06-12T10:52,1775,1,1.0,en,0.0251
1786,240,11,v1,2026-07-05T11:59,1716,1,0.689,fr,0.0267
1787,126,8,v3,2026-06-28T02:15,844,1,0.807,es,0.0205
1788,1672,10,v2,2026-04-28T15:56,1339,1,0.79,en,0.0067
1789,1721,10,v2,2026-03-12T20:21,1381,0,0.582,es,0.0376
1790,1602,11,v2,2026-01-22T06:14,1310,1,0.802,he,0.0484
1791,1512,12,v2,2026-03-14T04:33,1338,1,0.82,en,0.0143
1792,1767,12,v3,2026-02-01T10:05,1834,1,0.607,fr,0.0333
1793,791,10,v3,2026-02-26T18:02,1261,1,0.841,ja,0.0759
1794,1538,2,v1,2026-07-19T00:13,1484,1,0.776,ja,0.0379
1795,711,3,v3,2026-03-28T03:06,946,1,0.647,es,0.0276
1796,899,2,v1,2026-06-29T23:20,1489,1,0.738,de,0.0694
1797,17,11,v2,2026-07-01T20:55,1231,1,0.975,es,0.0793
1798,621,1,v2,2026-05-12T11:56,1489,1,0.549,es,0.0709
1799,808,10,v1,2026-03-16T16:59,1655,1,0.452,en,0.0123
1800,1181,7,v1,2026-06-05T17:15,1608,1,0.481,es,0.0739
1801,1007,11,v1,2026-04-30T23:56,1845,0,0.806,de,0.0777
1802,884,3,v3,2026-03-05T20:05,1049,1,1.0,en,0.072
1803,687,12,v3,2026-05-27T05:49,1160,1,0.799,en,0.0518
1804,1121,1,v1,2026-05-05T15:12,1525,1,0.617,en,0.0688
1805,161,8,v2,2026-06-13T09:14,846,1,0.774,fr,0.0513
1806,802,1,v1,2026-03-22T09:48,1319,1,0.556,ja,0.0346
1807,1556,10,v2,2026-05-04T07:05,1824,1,0.617,es,0.0697
1808,700,9,v1,2026-06-13T02:04,1952,1,1.0,es,0.0176
1809,1579,11,v2,2026-02-01T20:33,1025,1,0.971,ja,0.0103
1810,1217,6,v1,2026-01-21T20:16,865,1,0.758,en,0.0526
1811,1609,6,v2,2026-07-20T01:32,1300,1,0.827,es,0.0788
1812,1775,4,v3,2026-06-04T18:18,729,1,1.0,fr,0.0179
1813,391,8,v3,2026-06-12T10:30,1411,1,0.679,en,0.0345
1814,386,6,v2,2026-05-05T23:42,1738,1,1.0,ja,0.0495
1815,1577,6,v1,2026-06-21T06:28,1271,1,0.508,en,0.0749
1816,1180,10,v2,2026-05-16T18:38,1124,0,0.805,de,0.0547
1817,161,6,v1,2026-06-13T09:14,1399,0,0.569,fr,0.0303
1818,1038,5,v3,2026-07-13T16:19,1256,0,0.97,en,0.0696
1819,1583,12,v1,2026-05-01T22:22,1641,1,0.776,en,0.0273
1820,99,4,v1,2026-05-05T07:22,1033,1,0.834,ja,0.0104
1821,34,8,v2,2026-02-09T12:47,974,1,0.989,ja,0.0379
1822,420,9,v2,2026-06-19T09:25,1748,1,0.728,en,0.013
1823,144,5,v1,2026-04-06T01:40,973,1,0.731,he,0.0719
1824,40,11,v3,2026-07-23T05:38,1050,1,0.627,en,0.0417
1825,826,6,v2,2026-01-01T18:15,982,1,0.649,fr,0.0759
1826,34,6,v1,2026-02-09T12:47,1232,1,0.446,ja,0.0608
1827,754,3,v3,2026-04-03T03:16,1237,1,0.729,he,0.0673
1828,414,11,v3,2026-06-11T04:21,372,1,1.0,en,0.0797
1829,884,10,v1,2026-03-05T20:05,1520,1,0.809,en,0.0681
1830,193,2,v2,2026-06-07T14:06,939,1,0.936,en,0.03
1831,298,2,v1,2026-05-29T19:12,1867,1,0.569,es,0.0225
1832,256,12,v3,2026-03-10T06:50,843,1,0.886,fr,0.0118
1833,706,1,v3,2026-03-12T21:47,1263,1,0.974,en,0.0283
1834,1071,7,v1,2026-03-09T02:06,921,1,1.0,es,0.0669
1835,147,3,v1,2026-01-02T05:20,1755,1,0.713,es,0.077
1836,915,12,v1,2026-05-21T06:58,1891,1,0.748,ja,0.0081
1837,1312,4,v3,2026-03-28T16:56,944,1,1.0,he,0.026
1838,522,7,v2,2026-06-18T19:24,1335,1,0.689,he,0.0298
1839,812,3,v1,2026-02-17T04:50,1260,1,0.835,en,0.0238
1840,1596,10,v2,2026-03-29T15:23,731,1,0.534,en,0.0404
1841,254,2,v2,2026-02-27T02:57,943,1,0.8,de,0.0204
1842,1671,3,v2,2026-02-07T05:51,1211,1,0.647,en,0.0414
1843,1792,4,v3,2026-06-15T06:47,1919,1,0.692,en,0.0285
1844,1207,1,v3,2026-07-02T07:48,1017,1,1.0,ja,0.0256
1845,325,5,v2,2026-03-30T23:54,247,0,0.656,ja,0.0038
1846,620,1,v2,2026-07-27T19:31,736,1,0.663,en,0.0506
1847,326,9,v1,2026-06-01T07:01,1273,1,0.807,en,0.0798
1848,1120,3,v2,2026-06-06T05:14,923,1,1.0,es,0.0489
1849,646,6,v1,2026-02-11T02:50,1451,1,0.679,fr,0.0084
1850,463,2,v1,2026-07-03T16:58,1068,1,0.78,en,0.0099
1851,1484,11,v2,2026-05-13T09:27,1268,1,0.527,en,0.0266
1852,66,7,v3,2026-07-16T19:23,1264,1,0.774,en,0.0783
1853,1009,12,v2,2026-04-04T08:08,886,0,0.764,es,0.0723
1854,893,4,v3,2026-04-06T08:35,401,0,0.917,ja,0.05
1855,1053,9,v1,2026-04-17T07:38,1407,1,0.742,de,0.0279
1856,1456,11,v2,2026-07-22T05:46,1176,1,0.958,he,0.0199
1857,647,4,v3,2026-06-21T10:59,1678,1,0.751,en,0.0767
1858,690,8,v1,2026-03-18T19:43,968,1,0.798,de,0.0707
1859,392,9,v2,2026-07-12T04:24,1533,1,0.815,he,0.055
1860,176,9,v2,2026-04-20T13:16,1089,1,0.677,en,0.0747
1861,399,7,v1,2026-04-18T07:18,2010,1,0.733,ja,0.0046
1862,643,6,v1,2026-05-13T04:51,1797,0,0.935,en,0.0639
1863,1162,4,v2,2026-04-04T09:01,1434,1,0.893,en,0.0448
1864,1593,5,v2,2026-04-04T05:53,1151,1,0.818,en,0.0729
1865,439,8,v1,2026-02-07T16:20,945,0,0.896,en,0.0713
1866,288,2,v1,2026-02-21T03:19,2248,1,1.0,en,0.0754
1867,1731,6,v1,2026-02-28T17:02,1774,1,0.975,fr,0.0678
1868,323,6,v3,2026-07-25T07:28,1668,1,1.0,en,0.0463
1869,809,3,v2,2026-07-04T20:06,1226,1,0.854,de,0.0635
1870,697,7,v3,2026-04-02T18:53,346,1,0.849,de,0.0502
1871,1039,8,v1,2026-07-07T15:07,2042,1,0.44,en,0.0171
1872,1724,10,v1,2026-06-18T03:03,1200,1,0.632,he,0.0213
1873,1532,7,v1,2026-04-18T02:33,1102,1,0.615,ja,0.0676
1874,786,9,v3,2026-06-14T20:13,298,1,0.842,en,0.0023
1875,415,12,v1,2026-05-17T11:37,2295,1,0.833,en,0.0661
1876,891,3,v3,2026-06-10T01:56,1541,1,0.967,ja,0.0432
1877,798,8,v1,2026-06-16T14:33,655,1,0.505,fr,0.0471
1878,366,12,v1,2026-07-02T20:00,1750,1,0.729,en,0.0298
1879,1275,11,v1,2026-06-20T07:35,1789,1,0.832,en,0.062
1880,748,1,v2,2026-07-23T16:37,1089,1,0.741,en,0.0364
1881,36,12,v3,2026-07-08T10:51,1269,1,0.563,de,0.0214
1882,1590,2,v2,2026-01-18T06:46,929,1,0.423,en,0.0158
1883,251,5,v1,2026-01-13T15:08,1717,1,0.673,he,0.0191
1884,973,6,v1,2026-07-27T06:17,1869,1,0.826,en,0.0083
1885,1612,2,v1,2026-07-18T15:46,855,1,0.844,en,0.0071
1886,397,12,v1,2026-01-10T12:23,1947,0,0.859,en,0.0227
1887,1112,10,v2,2026-06-14T10:21,1253,1,0.667,he,0.0617
1888,275,12,v1,2026-03-27T16:30,2442,1,0.709,en,0.0379
1889,559,2,v2,2026-06-04T03:37,1315,1,0.769,es,0.0141
1890,491,6,v3,2026-06-29T15:31,1011,1,0.927,en,0.0736
1891,1295,4,v2,2026-07-05T19:07,1227,1,0.679,en,0.0302
1892,655,1,v3,2026-02-10T17:20,1111,1,0.899,en,0.0381
1893,1083,3,v3,2026-04-19T15:30,1550,1,0.847,ja,0.0578
1894,237,2,v1,2026-07-12T11:09,1030,1,0.773,de,0.0321
1895,1083,6,v2,2026-04-19T15:30,1395,1,0.701,ja,0.0175
1896,1691,2,v1,2026-06-18T07:38,2657,0,0.836,fr,0.0107
1897,1114,2,v1,2026-01-18T16:06,1322,1,0.678,de,0.0064
1898,1727,12,v1,2026-05-04T13:23,1753,1,0.511,he,0.0679
1899,312,6,v2,2026-06-15T08:13,881,1,0.607,en,0.0511
1900,1355,8,v2,2026-03-25T03:12,1506,1,0.855,es,0.0476
1901,1515,8,v1,2026-06-03T12:42,398,1,0.791,es,0.0521
1902,647,4,v3,2026-06-21T10:59,1198,1,0.761,en,0.0167
1903,684,5,v2,2026-02-28T18:22,1049,1,0.731,fr,0.0474
1904,681,2,v1,2026-03-13T09:53,2580,1,0.501,ja,0.0586
1905,798,5,v1,2026-06-16T14:33,1687,1,0.699,fr,0.0271
1906,900,2,v3,2026-04-07T12:06,1283,1,0.878,es,0.0738
1907,995,2,v1,2026-02-07T04:56,2046,1,0.778,fr,0.0084
1908,774,7,v3,2026-03-03T04:05,1105,0,0.653,en,0.0542
1909,678,8,v3,2026-07-05T18:21,659,1,0.87,de,0.0307
1910,1545,11,v1,2026-02-05T00:37,1548,0,0.715,es,0.064
1911,196,3,v1,2026-05-26T13:01,1603,1,0.705,ja,0.0334
1912,949,4,v1,2026-01-21T08:05,1491,1,0.79,fr,0.0568
1913,1532,12,v2,2026-04-18T02:33,1457,1,0.914,ja,0.0212
1914,812,12,v1,2026-02-17T04:50,1427,1,0.602,en,0.0051
1915,1611,4,v2,2026-03-31T02:41,1251,1,0.811,en,0.0528
1916,409,10,v3,2026-05-31T04:24,1185,1,0.668,es,0.0386
1917,1458,5,v3,2026-06-03T09:50,1385,1,0.804,es,0.0118
1918,918,6,v2,2026-07-07T05:07,976,1,0.833,en,0.0235
1919,615,5,v2,2026-01-03T17:01,1097,1,0.641,fr,0.0166
1920,888,4,v3,2026-01-27T23:34,1856,0,0.826,en,0.0323
1921,357,1,v3,2026-07-02T04:21,1594,0,1.0,en,0.065
1922,1781,5,v3,2026-05-17T16:25,1392,1,0.764,en,0.0728
1923,211,5,v1,2026-01-14T06:42,995,0,0.675,he,0.08
1924,1119,12,v1,2026-07-18T15:27,957,1,0.749,en,0.0123
1925,1348,3,v1,2026-03-30T08:21,697,1,0.738,en,0.0644
1926,680,4,v3,2026-03-24T23:13,1398,1,0.5,en,0.0278
1927,996,8,v1,2026-05-04T15:56,2060,1,0.855,fr,0.0679
1928,1249,4,v3,2026-02-04T16:02,1344,1,0.851,ja,0.0656
1929,378,6,v3,2026-05-29T08:49,514,1,0.607,en,0.0299
1930,1,9,v1,2026-03-08T21:39,1962,0,0.723,en,0.0181
1931,1337,9,v1,2026-07-06T01:10,2171,1,0.5,de,0.0632
1932,1260,5,v2,2026-05-20T06:16,1293,1,0.648,es,0.0112
1933,1284,3,v2,2026-02-14T11:53,704,1,0.64,es,0.0029
1934,1331,5,v1,2026-06-14T03:54,1089,1,0.775,ja,0.0081
1935,1667,8,v2,2026-04-18T03:33,2002,1,0.83,es,0.0736
1936,536,2,v2,2026-04-23T05:00,1833,1,0.623,es,0.0263
1937,1493,4,v2,2026-02-25T23:30,2329,1,0.523,es,0.0103
1938,1094,2,v3,2026-01-28T13:06,923,0,0.762,en,0.0161
1939,348,1,v1,2026-04-28T17:22,924,1,0.674,en,0.0784
1940,486,7,v2,2026-06-07T02:25,1193,1,0.701,de,0.0393
1941,434,8,v2,2026-06-26T17:47,1555,1,0.799,en,0.0484
1942,705,10,v2,2026-02-07T00:19,1050,1,0.918,ja,0.0795
1943,477,9,v2,2026-06-28T05:40,817,1,0.695,en,0.0057
1944,716,1,v3,2026-07-14T03:15,1510,1,0.81,he,0.0347
1945,1336,6,v1,2026-04-21T16:21,940,1,0.808,en,0.0266
1946,1537,1,v3,2026-01-12T23:17,1656,0,0.875,de,0.0518
1947,1576,9,v2,2026-02-26T13:39,991,1,0.676,en,0.0178
1948,588,6,v1,2026-06-12T16:59,1507,1,0.796,en,0.0572
1949,902,6,v2,2026-06-07T00:40,1289,1,0.612,he,0.0384
1950,385,11,v1,2026-04-28T03:51,1080,1,0.836,en,0.0166
1951,1715,3,v1,2026-03-18T10:12,1841,1,0.547,ja,0.0582
1952,979,10,v3,2026-03-20T19:40,692,1,0.421,de,0.0311
1953,1710,12,v3,2026-02-23T08:32,1080,1,0.554,es,0.0701
1954,1024,2,v2,2026-04-07T18:21,1786,1,0.646,en,0.0069
1955,1247,3,v1,2026-07-07T23:46,1251,1,0.5,es,0.0227
1956,1092,7,v2,2026-02-16T20:29,1008,0,0.804,en,0.0241
1957,506,3,v3,2026-01-05T05:00,1274,1,0.821,he,0.0516
1958,544,2,v2,2026-03-20T04:20,879,1,0.792,he,0.0652
1959,1054,3,v3,2026-02-16T00:50,1285,1,0.722,ja,0.0768
1960,1576,11,v2,2026-02-26T13:39,1271,1,0.838,en,0.0028
1961,218,2,v2,2026-05-27T06:01,1077,1,0.72,en,0.0793
1962,790,6,v3,2026-04-26T01:12,875,1,0.732,ja,0.0754
1963,803,2,v2,2026-02-28T08:30,1790,1,0.812,es,0.0523
1964,1319,7,v3,2026-05-06T02:10,1161,1,0.528,ja,0.0348
1965,1124,12,v3,2026-01-01T22:59,788,0,0.552,es,0.0073
1966,1032,7,v3,2026-07-20T14:50,1182,1,0.836,en,0.0771
1967,503,4,v1,2026-04-17T12:12,1326,0,0.648,fr,0.0722
1968,517,1,v3,2026-01-29T06:14,799,0,0.738,ja,0.035
1969,1393,10,v2,2026-05-11T22:38,908,1,0.627,en,0.0468
1970,394,8,v2,2026-02-16T05:07,928,1,0.482,es,0.0681
1971,711,4,v3,2026-03-28T03:06,1287,1,1.0,es,0.0104
1972,59,12,v3,2026-03-17T07:32,1053,1,0.661,ja,0.0604
1973,1444,12,v3,2026-04-06T12:17,1433,1,0.71,ja,0.0059
1974,1173,6,v2,2026-05-19T22:10,423,1,0.563,es,0.0318
1975,1204,7,v2,2026-02-12T22:18,964,0,0.993,en,0.0719
1976,1494,5,v2,2026-02-06T07:05,1100,0,0.929,es,0.0472
1977,1370,2,v1,2026-04-05T21:41,1349,1,0.798,en,0.0298
1978,1716,3,v1,2026-03-01T17:43,1451,1,0.478,ja,0.0379
1979,354,6,v1,2026-02-10T14:28,1295,1,0.53,en,0.0747
1980,969,8,v2,2026-04-27T13:11,587,1,0.886,fr,0.0286
1981,1459,9,v2,2026-03-30T17:23,972,1,0.597,en,0.0613
1982,1055,5,v3,2026-01-02T23:17,1108,1,0.524,ja,0.0282
1983,1082,12,v3,2026-07-14T14:27,735,1,0.826,en,0.0449
1984,746,2,v2,2026-03-12T14:15,2014,1,0.508,en,0.0628
1985,854,12,v3,2026-03-31T18:13,592,1,0.856,en,0.0415
1986,1175,8,v3,2026-03-31T19:06,814,1,0.468,de,0.05
1987,1711,9,v3,2026-05-22T18:41,1272,1,0.941,ja,0.0528
1988,146,9,v1,2026-07-05T03:48,1443,1,0.62,es,0.0778
1989,107,4,v2,2026-03-30T20:09,531,1,0.489,en,0.0153
1990,1366,4,v3,2026-02-28T08:16,1681,1,0.618,es,0.0267
1991,1724,3,v3,2026-06-18T03:03,1710,0,0.836,he,0.0593
1992,1541,8,v2,2026-03-02T04:09,1038,1,0.477,en,0.0048
1993,550,5,v1,2026-06-23T06:39,1234,1,0.653,en,0.033
1994,312,1,v1,2026-06-15T08:13,2038,1,0.578,en,0.0161
1995,1462,9,v1,2026-06-08T23:22,1407,1,0.525,de,0.064
1996,1372,9,v2,2026-01-05T16:35,1221,1,0.966,de,0.0273
1997,1461,10,v3,2026-07-28T04:26,1580,1,1.0,es,0.0546
1998,973,12,v1,2026-07-27T06:17,807,1,0.628,en,0.0704
1999,159,3,v1,2026-07-15T00:35,1357,1,0.596,es,0.0495
2000,475,12,v2,2026-05-24T11:36,1402,1,0.496,es,0.0705
2001,359,3,v1,2026-04-24T09:18,934,1,0.735,es,0.0546
2002,501,11,v3,2026-07-06T23:19,942,0,0.743,de,0.0634
2003,1701,2,v2,2026-04-06T05:15,1151,1,0.627,en,0.0787
2004,981,11,v1,2026-01-19T02:39,2160,1,0.744,fr,0.0152
2005,502,7,v1,2026-03-25T17:11,1081,0,0.681,es,0.026
2006,581,5,v3,2026-01-19T00:05,925,1,0.911,de,0.0158
2007,217,2,v1,2026-04-08T06:46,1713,1,0.629,es,0.0113
2008,1324,10,v2,2026-01-03T14:08,1644,0,0.719,he,0.0255
2009,676,7,v1,2026-06-16T00:48,1682,1,0.622,en,0.0788
2010,223,6,v2,2026-06-12T08:12,1157,1,0.814,en,0.0305
2011,221,7,v2,2026-06-08T15:39,861,1,0.828,en,0.0498
2012,540,12,v2,2026-06-27T18:14,1284,1,1.0,es,0.0712
2013,995,7,v2,2026-02-07T04:56,1457,1,0.732,fr,0.0469
2014,537,9,v3,2026-03-05T21:11,671,1,0.818,he,0.0782
2015,902,4,v3,2026-06-07T00:40,1031,1,0.68,he,0.0663
2016,1332,7,v2,2026-02-20T00:46,782,1,0.471,ja,0.0678
2017,748,3,v1,2026-07-23T16:37,1329,1,0.785,en,0.0281
2018,425,9,v1,2026-07-06T10:18,1548,1,0.785,es,0.0215
2019,501,5,v1,2026-07-06T23:19,1538,1,0.733,de,0.0131
2020,1763,6,v1,2026-01-01T09:40,1835,1,0.864,de,0.0222
2021,73,2,v2,2026-05-02T01:37,1203,1,0.813,en,0.056
2022,249,3,v1,2026-07-21T05:26,2041,1,0.836,he,0.0459
2023,136,5,v1,2026-06-14T15:50,1464,1,0.589,en,0.0168
2024,25,10,v1,2026-06-22T12:35,1208,1,0.501,en,0.0643
2025,3,8,v3,2026-04-20T22:45,1295,1,0.554,en,0.0769
2026,401,2,v2,2026-05-05T03:40,1002,1,1.0,he,0.0471
2027,1053,2,v1,2026-04-17T07:38,1672,1,0.706,de,0.0665
2028,1507,4,v1,2026-02-11T13:30,1418,1,0.397,es,0.0344
2029,1478,10,v1,2026-05-03T08:21,1718,0,0.779,en,0.019
2030,1774,1,v3,2026-04-10T12:37,1423,1,0.991,en,0.0324
2031,885,8,v3,2026-04-25T09:34,1417,1,0.631,es,0.0369
2032,1367,5,v3,2026-06-17T14:15,1395,0,0.79,fr,0.0676
2033,1118,9,v1,2026-03-09T07:56,2051,1,0.565,en,0.0155
2034,330,2,v1,2026-06-05T22:50,1011,1,0.36,en,0.0353
2035,1021,5,v1,2026-03-20T15:10,1535,1,0.647,en,0.0163
2036,273,4,v2,2026-06-20T05:48,1149,1,0.483,en,0.0391
2037,75,2,v2,2026-03-19T16:10,1265,1,0.964,en,0.0507
2038,1739,3,v2,2026-02-21T10:23,1084,1,0.93,es,0.0086
2039,896,7,v2,2026-02-03T15:55,1102,1,0.559,en,0.0614
2040,1290,9,v3,2026-03-15T18:06,1155,1,0.586,es,0.055
2041,896,9,v2,2026-02-03T15:55,1072,1,0.929,en,0.0078
2042,1082,9,v1,2026-07-14T14:27,681,1,0.855,en,0.0597
2043,443,12,v3,2026-01-23T10:24,1167,1,0.855,fr,0.07
2044,95,9,v2,2026-07-14T15:52,565,1,0.74,en,0.0485
2045,790,4,v1,2026-04-26T01:12,1094,1,0.189,ja,0.0783
2046,992,10,v3,2026-02-02T20:21,1793,0,0.383,en,0.0704
2047,670,2,v2,2026-07-16T04:40,822,1,0.638,fr,0.0538
2048,1326,1,v2,2026-03-30T17:49,1098,1,0.833,es,0.0032
2049,332,2,v3,2026-05-02T06:32,1433,1,1.0,en,0.0719
2050,1069,6,v2,2026-05-29T04:35,1102,1,0.895,en,0.0174
2051,1190,1,v2,2026-02-04T15:41,1040,1,0.753,en,0.0611
2052,202,11,v3,2026-06-18T06:51,829,1,0.481,en,0.0176
2053,1546,6,v1,2026-07-27T08:44,1822,1,0.821,en,0.0199
2054,110,2,v1,2026-07-17T07:17,542,1,0.817,es,0.0174
2055,523,1,v3,2026-04-12T15:49,331,0,0.848,en,0.0124
2056,759,7,v1,2026-02-28T14:11,1530,0,0.769,es,0.0491
2057,1490,7,v3,2026-06-15T23:16,1538,1,0.886,en,0.0369
2058,153,5,v1,2026-01-27T12:43,621,0,0.582,en,0.0603
2059,368,6,v2,2026-01-08T20:46,257,0,0.72,en,0.021
2060,694,1,v2,2026-01-09T23:29,670,1,0.552,es,0.0052
2061,609,12,v3,2026-03-03T11:31,657,1,0.796,en,0.056
2062,742,2,v1,2026-03-15T01:14,1753,1,0.841,es,0.0091
2063,1038,7,v2,2026-07-13T16:19,690,1,0.653,en,0.0414
2064,809,4,v2,2026-07-04T20:06,1032,1,0.757,de,0.0154
2065,363,11,v2,2026-03-03T06:58,782,1,0.815,en,0.0706
2066,834,8,v1,2026-02-15T14:07,1175,1,0.594,en,0.0637
2067,765,3,v3,2026-05-21T16:11,1628,1,0.95,ja,0.0703
2068,1762,9,v2,2026-02-23T19:43,1094,0,0.825,de,0.0465
2069,1601,3,v2,2026-04-18T15:12,1783,1,0.767,he,0.005
2070,518,8,v1,2026-03-14T02:43,1184,1,0.938,de,0.0561
2071,107,10,v2,2026-03-30T20:09,1030,1,0.623,en,0.0033
2072,1501,1,v3,2026-06-23T07:59,1005,1,0.605,en,0.0659
2073,1428,5,v2,2026-02-01T23:46,1079,0,0.87,de,0.0081
2074,1277,1,v2,2026-04-12T23:41,1382,0,0.714,en,0.072
2075,1654,8,v3,2026-02-10T00:01,984,1,0.506,en,0.0114
2076,1553,2,v2,2026-03-18T17:40,1070,1,0.913,en,0.0482
2077,1115,1,v2,2026-06-10T10:31,1603,1,0.904,en,0.0612
2078,689,8,v3,2026-01-03T21:34,882,1,0.923,ja,0.0686
2079,1363,2,v2,2026-04-19T16:18,1484,1,0.673,es,0.0296
2080,696,7,v1,2026-04-14T08:52,1678,1,0.751,en,0.0153
2081,859,7,v1,2026-02-28T11:36,1365,1,0.731,en,0.0795
2082,398,2,v2,2026-03-02T20:34,1056,1,0.694,es,0.0371
2083,1484,11,v3,2026-05-13T09:27,557,0,0.983,en,0.0038
2084,280,6,v2,2026-05-27T10:20,1077,1,1.0,de,0.0155
2085,989,11,v3,2026-01-25T17:35,1272,1,0.923,de,0.0613
2086,1700,10,v1,2026-02-27T00:21,1789,1,0.575,de,0.0737
2087,776,9,v2,2026-03-19T20:55,909,1,0.823,es,0.03
2088,955,10,v1,2026-04-18T01:03,453,1,0.667,en,0.03
2089,1349,2,v3,2026-02-14T00:08,2060,1,0.773,en,0.0152
2090,759,8,v2,2026-02-28T14:11,1881,1,0.591,es,0.05
2091,821,3,v2,2026-01-28T09:56,973,1,0.592,en,0.0182
2092,623,2,v2,2026-01-29T05:10,1332,1,0.591,en,0.0552
2093,1525,3,v2,2026-04-02T16:34,831,1,0.62,de,0.0213
2094,280,10,v2,2026-05-27T10:20,1103,1,0.623,de,0.0443
2095,26,2,v1,2026-06-18T10:16,1444,1,0.588,ja,0.0716
2096,600,1,v3,2026-07-21T19:44,2015,0,0.824,ja,0.0127
2097,1729,9,v2,2026-06-12T23:10,886,1,0.543,de,0.0711
2098,603,8,v1,2026-03-10T19:30,1776,1,0.707,en,0.0207
2099,417,11,v2,2026-07-20T16:43,1013,1,0.603,he,0.0155
2100,32,7,v2,2026-04-02T06:11,1447,0,0.764,fr,0.0608
2101,1303,10,v3,2026-03-24T18:25,1288,1,0.871,en,0.0695
2102,1408,4,v2,2026-07-17T19:32,908,1,0.457,ja,0.0227
2103,589,12,v3,2026-04-11T11:26,884,1,1.0,en,0.0335
2104,1174,10,v2,2026-06-20T00:50,1598,1,0.842,es,0.0657
2105,1239,5,v3,2026-02-22T12:19,950,0,0.921,fr,0.0188
2106,389,12,v1,2026-04-09T10:10,1231,1,0.769,en,0.0584
2107,1207,5,v2,2026-07-02T07:48,1556,1,0.674,ja,0.0559
2108,379,8,v3,2026-02-23T18:12,1358,1,1.0,en,0.0662
2109,1068,8,v2,2026-03-19T03:44,1244,1,0.755,ja,0.0292
2110,522,11,v3,2026-06-18T19:24,393,1,0.669,he,0.0347
2111,935,7,v2,2026-01-09T03:24,1209,1,0.452,en,0.0565
2112,502,5,v1,2026-03-25T17:11,1482,1,0.606,es,0.0787
2113,1023,8,v2,2026-06-13T07:14,1559,1,0.765,fr,0.0354
2114,1477,4,v1,2026-02-08T01:10,1570,1,0.784,fr,0.0082
2115,1552,4,v3,2026-07-21T05:50,1767,1,0.771,de,0.0557
2116,39,11,v3,2026-03-24T04:11,1087,1,0.677,en,0.0339
2117,1560,8,v1,2026-04-22T19:10,1429,1,0.778,en,0.0171
2118,332,2,v1,2026-05-02T06:32,1854,1,0.333,en,0.0537
2119,975,7,v3,2026-03-20T20:36,1974,0,0.365,es,0.037
2120,750,5,v2,2026-02-12T21:12,621,1,1.0,fr,0.0397
2121,1340,3,v1,2026-02-05T20:55,1378,0,0.766,en,0.0202
2122,921,3,v2,2026-06-21T13:43,1116,0,0.891,ja,0.0431
2123,510,6,v3,2026-06-15T06:36,753,1,0.68,en,0.0575
2124,385,10,v3,2026-04-28T03:51,1469,1,0.741,en,0.0554
2125,28,2,v2,2026-06-29T11:52,1305,1,0.712,en,0.0625
2126,1728,5,v2,2026-06-14T15:30,1469,1,0.807,de,0.0766
2127,1775,5,v3,2026-06-04T18:18,1091,1,0.486,fr,0.0509
2128,1679,12,v1,2026-04-23T17:39,2169,1,0.733,es,0.0555
2129,1693,6,v3,2026-04-20T02:15,614,1,0.664,en,0.008
2130,23,2,v2,2026-06-17T11:18,1324,1,0.776,de,0.07
2131,138,5,v2,2026-02-17T11:17,1860,1,0.834,fr,0.0773
2132,889,3,v3,2026-07-04T10:25,1145,1,0.692,en,0.0678
2133,945,5,v3,2026-06-03T06:04,878,1,0.914,en,0.0507
2134,199,2,v1,2026-01-07T03:07,686,1,0.913,en,0.0637
2135,676,10,v3,2026-06-16T00:48,600,1,0.491,en,0.0434
2136,1467,8,v3,2026-02-28T16:45,1338,1,0.982,en,0.0679
2137,1008,12,v2,2026-04-21T02:45,702,1,0.843,ja,0.0613
2138,263,9,v3,2026-05-04T04:41,850,1,0.991,es,0.0112
2139,1328,6,v1,2026-07-09T07:57,1611,1,0.707,ja,0.0779
2140,1072,2,v3,2026-04-01T02:01,1460,1,0.667,ja,0.0249
2141,378,8,v2,2026-05-29T08:49,1055,1,0.736,en,0.0212
2142,594,3,v1,2026-01-06T17:25,1844,1,0.847,en,0.0315
2143,588,9,v3,2026-06-12T16:59,1274,1,0.754,en,0.0552
2144,1562,12,v3,2026-07-06T23:59,842,1,0.7,en,0.031
2145,524,10,v1,2026-03-19T03:15,927,1,0.887,es,0.0482
2146,138,5,v3,2026-02-17T11:17,1187,0,0.849,fr,0.0079
2147,1145,8,v2,2026-03-18T05:03,604,1,0.535,ja,0.0072
2148,1594,10,v3,2026-01-21T13:06,2009,1,0.795,es,0.0442
2149,1721,9,v3,2026-03-12T20:21,752,1,0.707,es,0.0482
2150,828,9,v2,2026-05-11T17:05,981,1,0.622,en,0.011
2151,1469,8,v1,2026-07-11T16:01,1488,0,0.522,es,0.0756
2152,711,6,v1,2026-03-28T03:06,1239,1,0.656,es,0.0735
2153,1477,12,v1,2026-02-08T01:10,1666,1,0.791,fr,0.0153
2154,1165,5,v2,2026-03-22T01:05,467,1,0.729,es,0.0098
2155,185,7,v1,2026-02-15T21:16,2369,1,0.62,de,0.0083
2156,539,9,v2,2026-07-09T00:53,1000,1,0.39,ja,0.0049
2157,844,10,v1,2026-06-22T02:22,2549,1,0.863,he,0.0065
2158,1528,11,v1,2026-04-20T04:08,1327,1,0.794,es,0.0103
2159,230,9,v3,2026-07-14T09:31,1443,1,0.749,en,0.0731
2160,448,8,v3,2026-05-31T10:27,714,1,0.585,de,0.0321
2161,646,12,v2,2026-02-11T02:50,1996,1,0.856,fr,0.0702
2162,979,2,v3,2026-03-20T19:40,601,1,0.864,de,0.0152
2163,88,1,v1,2026-06-26T11:54,911,1,0.493,es,0.0273
2164,777,6,v1,2026-04-17T21:15,1817,1,0.999,en,0.0036
2165,819,5,v3,2026-06-13T11:56,1073,1,0.962,en,0.0371
2166,482,10,v1,2026-07-21T19:01,1443,1,1.0,en,0.0168
2167,93,2,v1,2026-01-22T04:41,1375,1,0.728,ja,0.0551
2168,1446,5,v1,2026-05-20T15:34,1169,1,0.604,he,0.0699
2169,897,3,v3,2026-07-02T16:53,1614,1,0.728,en,0.0517
2170,1097,4,v1,2026-02-18T17:37,1342,1,0.561,en,0.0187
2171,1246,8,v2,2026-02-24T04:52,1047,1,0.471,es,0.0223
2172,1150,7,v3,2026-02-18T14:45,1668,0,0.585,es,0.0104
2173,699,4,v2,2026-01-20T23:13,1099,1,0.705,es,0.0449
2174,391,1,v2,2026-06-12T10:30,1670,1,0.678,en,0.0284
2175,1187,6,v1,2026-01-01T21:35,1833,0,0.572,ja,0.0388
2176,1665,7,v2,2026-03-10T22:55,1714,1,0.764,en,0.0722
2177,943,8,v1,2026-07-25T20:44,1062,1,1.0,en,0.0435
2178,106,5,v1,2026-06-08T12:49,1436,1,0.745,es,0.0395
2179,1628,6,v2,2026-01-05T23:12,360,1,0.638,es,0.0463
2180,882,1,v2,2026-01-27T04:51,180,1,0.523,ja,0.0276
2181,544,7,v1,2026-03-20T04:20,1174,1,0.579,he,0.0641
2182,1468,7,v1,2026-03-29T08:13,993,1,0.727,en,0.0215
2183,1358,4,v2,2026-05-18T01:31,753,1,0.785,es,0.078
2184,1097,5,v3,2026-02-18T17:37,392,1,0.678,en,0.0572
2185,1703,6,v2,2026-01-12T11:33,871,1,0.95,en,0.0108
2186,997,3,v2,2026-02-23T05:16,1479,1,0.571,en,0.0361
2187,1777,12,v2,2026-02-27T22:59,1126,1,0.764,en,0.0369
2188,905,1,v3,2026-01-05T13:27,1690,1,0.96,en,0.0239
2189,1290,7,v1,2026-03-15T18:06,1804,0,0.811,es,0.002
2190,79,8,v3,2026-02-25T00:57,967,1,0.705,en,0.0416
2191,733,11,v1,2026-05-18T13:08,1536,0,0.747,fr,0.0112
2192,1715,9,v3,2026-03-18T10:12,1665,1,0.689,ja,0.0585
2193,884,10,v1,2026-03-05T20:05,1949,1,0.884,en,0.0451
2194,1414,7,v2,2026-05-14T16:51,1563,1,0.972,en,0.0317
2195,1743,8,v2,2026-04-22T12:00,665,1,0.766,de,0.012
2196,204,6,v3,2026-02-13T04:24,1603,1,0.694,fr,0.0318
2197,508,2,v2,2026-02-17T05:22,1145,0,0.706,en,0.0721
2198,115,11,v2,2026-05-23T17:24,1504,1,0.682,es,0.068
2199,1041,3,v1,2026-04-28T16:10,2061,1,0.642,en,0.0211
2200,40,10,v2,2026-07-23T05:38,1701,0,0.539,en,0.0253
2201,1117,12,v1,2026-01-01T07:01,1443,1,0.782,en,0.0245
2202,368,8,v2,2026-01-08T20:46,715,1,0.674,en,0.0746
2203,1065,10,v3,2026-06-08T09:50,1034,1,0.694,es,0.0565
2204,816,12,v1,2026-02-18T05:47,1981,1,0.541,en,0.0351
2205,1548,11,v3,2026-04-18T10:07,845,1,0.84,fr,0.0676
2206,1181,11,v1,2026-06-05T17:15,1264,1,0.861,es,0.0072
2207,778,11,v3,2026-03-26T16:21,1319,1,0.634,ja,0.0458
2208,1373,11,v3,2026-06-01T02:26,730,1,0.849,en,0.0379
2209,1178,8,v1,2026-01-16T23:09,1463,0,0.634,en,0.0397
2210,79,12,v2,2026-02-25T00:57,1239,0,0.834,en,0.0236
2211,1799,7,v1,2026-07-11T23:11,1471,1,0.784,en,0.013
2212,623,10,v2,2026-01-29T05:10,1448,1,0.667,en,0.0478
2213,122,7,v1,2026-02-22T17:13,887,1,0.787,de,0.0588
2214,945,1,v2,2026-06-03T06:04,1475,1,0.586,en,0.0378
2215,1313,1,v2,2026-06-04T10:30,1436,1,0.866,es,0.046
2216,1018,10,v1,2026-04-04T22:44,1910,1,0.81,es,0.0798
2217,1532,2,v3,2026-04-18T02:33,1004,1,0.795,ja,0.0494
2218,301,9,v3,2026-04-19T18:27,1969,1,0.682,ja,0.0661
2219,889,8,v3,2026-07-04T10:25,718,1,0.716,en,0.0587
2220,474,4,v2,2026-06-07T08:36,1361,1,0.741,es,0.0381
2221,1254,3,v1,2026-07-15T00:49,1271,1,0.816,es,0.0115
2222,1395,3,v2,2026-04-07T00:21,2092,1,0.742,en,0.0472
2223,743,5,v3,2026-03-06T23:36,966,1,0.778,en,0.0289
2224,1351,1,v2,2026-05-24T15:50,1338,1,0.418,he,0.0743
2225,1237,4,v3,2026-04-30T11:53,473,1,0.675,de,0.0191
2226,81,7,v3,2026-02-02T15:47,945,1,0.587,es,0.0146
2227,323,5,v2,2026-07-25T07:28,1501,1,0.614,en,0.031
2228,1467,9,v1,2026-02-28T16:45,1808,1,0.599,en,0.0552
2229,1380,11,v1,2026-04-18T01:16,1669,0,0.698,en,0.0661
2230,1167,2,v2,2026-04-20T07:48,702,1,0.664,en,0.0369
2231,758,6,v2,2026-05-18T08:35,1016,1,0.569,de,0.0633
2232,213,12,v3,2026-01-25T18:46,1893,1,0.731,he,0.0628
2233,585,12,v1,2026-02-20T16:39,1135,1,0.406,de,0.007
2234,1700,6,v3,2026-02-27T00:21,2164,1,0.838,de,0.0647
2235,774,5,v3,2026-03-03T04:05,1719,1,0.928,en,0.0058
2236,1704,8,v3,2026-04-19T18:23,961,1,0.786,en,0.063
2237,1310,10,v2,2026-03-20T17:33,752,1,0.411,es,0.0026
2238,125,6,v1,2026-03-14T16:12,908,1,0.698,en,0.071
2239,274,10,v3,2026-03-19T20:23,1449,1,0.86,fr,0.0373
2240,731,2,v3,2026-06-10T09:13,2123,1,0.95,ja,0.0068
2241,1742,4,v1,2026-03-09T04:06,1339,1,0.928,en,0.0576
2242,794,10,v1,2026-04-25T19:40,1105,1,0.59,fr,0.0527
2243,1338,6,v2,2026-05-27T20:04,1740,0,0.728,en,0.0796
2244,584,3,v2,2026-06-03T12:58,1275,1,0.937,en,0.0775
2245,1771,2,v3,2026-07-25T14:52,1359,1,0.784,es,0.0376
2246,1763,2,v2,2026-01-01T09:40,896,1,0.937,de,0.0451
2247,319,1,v2,2026-01-25T05:54,208,1,0.617,fr,0.062
2248,1002,5,v2,2026-05-20T17:57,1394,1,0.786,de,0.0456
2249,834,2,v2,2026-02-15T14:07,1386,1,0.694,en,0.0088
2250,1354,10,v3,2026-07-10T01:57,1598,0,0.723,de,0.0072
2251,800,1,v2,2026-05-12T16:55,951,0,0.578,he,0.0425
2252,264,12,v3,2026-05-21T21:34,663,1,0.652,en,0.0785
2253,413,4,v3,2026-02-03T00:24,719,1,1.0,de,0.0336
2254,716,10,v2,2026-07-14T03:15,1677,1,0.276,he,0.077
2255,1224,5,v3,2026-07-02T03:58,231,1,0.462,en,0.0329
2256,441,12,v2,2026-03-23T01:25,1389,1,0.8,he,0.0079
2257,1305,3,v2,2026-02-19T08:51,1746,1,0.261,en,0.0637
2258,861,12,v2,2026-06-22T14:12,1055,0,0.603,ja,0.0724
2259,911,6,v2,2026-06-14T16:12,881,1,0.726,de,0.0581
2260,1714,2,v1,2026-05-08T09:03,1070,1,0.936,en,0.0166
2261,1129,5,v3,2026-02-03T04:49,1222,1,0.744,fr,0.0361
2262,1234,3,v3,2026-03-21T05:28,510,1,0.785,de,0.0516
2263,1604,2,v2,2026-04-17T21:50,847,1,0.48,de,0.0722
2264,286,8,v2,2026-07-22T19:10,1011,1,0.768,de,0.0763
2265,466,3,v3,2026-01-23T23:11,1399,1,0.604,he,0.0325
2266,665,1,v3,2026-05-10T14:37,1658,1,0.867,en,0.0335
2267,857,2,v2,2026-04-16T23:49,950,1,0.927,en,0.0559
2268,121,7,v1,2026-01-14T10:54,2657,1,0.801,en,0.0093
2269,1655,2,v3,2026-07-04T11:17,1353,1,0.87,en,0.023
2270,1039,7,v1,2026-07-07T15:07,1399,1,0.793,en,0.0395
2271,1308,6,v1,2026-02-11T21:09,1767,1,0.99,fr,0.0392
2272,183,11,v3,2026-05-14T00:13,796,1,0.609,ja,0.0244
2273,37,7,v3,2026-06-12T18:08,180,1,0.763,he,0.045
2274,182,2,v3,2026-01-08T00:11,1248,0,1.0,en,0.0094
2275,1365,7,v3,2026-05-19T08:11,855,1,0.656,de,0.0151
2276,1708,12,v2,2026-07-19T11:59,671,1,0.615,ja,0.0072
2277,1289,8,v1,2026-01-27T05:08,1842,1,0.64,es,0.0554
2278,372,1,v3,2026-01-31T21:46,2009,1,0.941,es,0.0026
2279,1013,3,v1,2026-02-27T15:22,1760,0,0.988,en,0.0233
2280,1521,10,v1,2026-05-01T05:22,1771,1,0.855,fr,0.0049
2281,325,3,v3,2026-03-30T23:54,1385,1,0.567,ja,0.0269
2282,596,9,v3,2026-02-26T06:40,1284,1,0.598,es,0.0053
2283,474,10,v3,2026-06-07T08:36,1614,1,0.712,es,0.0232
2284,1642,9,v3,2026-04-27T23:16,826,1,1.0,es,0.0422
2285,482,8,v3,2026-07-21T19:01,1193,1,0.675,en,0.0748
2286,911,11,v1,2026-06-14T16:12,2041,0,0.832,de,0.0798
2287,850,7,v2,2026-03-31T01:33,1095,1,0.67,es,0.0253
2288,295,11,v3,2026-03-31T10:59,1860,1,0.726,es,0.0619
2289,1384,7,v2,2026-03-26T11:51,1208,1,0.776,en,0.0581
2290,1406,9,v3,2026-03-15T14:20,798,1,0.828,en,0.0591
2291,1202,3,v2,2026-03-25T07:48,934,1,0.393,en,0.054
2292,546,7,v1,2026-07-25T02:48,1949,1,0.649,en,0.026
2293,960,12,v2,2026-01-05T16:25,826,1,1.0,fr,0.0053
2294,864,1,v2,2026-04-06T01:41,463,1,0.829,en,0.0797
2295,1182,8,v3,2026-03-08T15:11,1514,1,1.0,en,0.0066
2296,709,1,v1,2026-03-15T03:39,1857,1,0.564,en,0.0108
2297,794,5,v1,2026-04-25T19:40,2267,1,0.903,fr,0.0147
2298,114,2,v1,2026-04-23T23:52,1672,1,0.855,en,0.0528
2299,1106,12,v2,2026-01-11T00:31,403,1,0.58,es,0.0109
2300,1227,4,v1,2026-03-04T09:45,1655,1,0.588,es,0.0377
2301,104,4,v1,2026-07-19T17:48,1777,1,0.834,fr,0.0358
2302,703,9,v2,2026-06-06T15:56,1310,1,0.619,en,0.0331
2303,696,8,v1,2026-04-14T08:52,989,1,0.614,en,0.0159
2304,1007,8,v1,2026-04-30T23:56,2177,1,0.609,de,0.0224
2305,72,7,v2,2026-01-24T18:22,1637,1,0.956,de,0.0117
2306,737,7,v2,2026-06-13T00:47,1252,1,0.943,en,0.0158
2307,430,4,v2,2026-03-04T02:48,1502,1,0.903,en,0.0231
2308,935,8,v2,2026-01-09T03:24,1141,1,0.929,en,0.014
2309,726,5,v3,2026-07-03T16:51,1230,1,0.595,en,0.0174
2310,909,6,v2,2026-05-10T14:30,1280,1,0.454,en,0.0376
2311,185,4,v2,2026-02-15T21:16,1370,1,0.618,de,0.0339
2312,1640,6,v1,2026-04-05T03:16,1438,1,1.0,en,0.0179
2313,490,2,v3,2026-02-13T03:06,1724,1,0.507,es,0.0742
2314,799,7,v1,2026-02-05T03:19,1537,1,0.673,en,0.021
2315,1441,4,v2,2026-04-20T02:01,859,1,0.835,en,0.0206
2316,1363,7,v3,2026-04-19T16:18,1667,1,0.868,es,0.0083
2317,1242,9,v1,2026-02-03T04:33,1450,0,0.638,fr,0.0696
2318,590,11,v3,2026-06-13T09:29,1171,1,0.69,fr,0.0199
2319,1588,4,v1,2026-05-12T01:56,2303,1,0.447,ja,0.0058
2320,464,6,v2,2026-05-30T20:03,2366,0,0.32,es,0.0566
2321,1361,10,v3,2026-01-01T12:55,823,1,0.592,de,0.0652
2322,981,5,v2,2026-01-19T02:39,1521,1,0.612,fr,0.007
2323,1654,5,v1,2026-02-10T00:01,1569,1,0.658,en,0.0606
2324,927,6,v3,2026-05-06T18:44,1933,0,0.65,he,0.0226
2325,817,8,v3,2026-02-25T02:04,840,1,0.739,fr,0.0534
2326,634,4,v3,2026-06-17T21:42,434,1,1.0,es,0.0089
2327,1217,7,v2,2026-01-21T20:16,577,1,0.656,en,0.044
2328,1535,2,v3,2026-03-27T00:29,1028,1,0.78,en,0.0719
2329,365,3,v1,2026-02-24T01:17,1968,1,0.693,ja,0.0524
2330,1467,9,v3,2026-02-28T16:45,1176,1,0.815,en,0.0288
2331,190,12,v2,2026-04-25T20:59,1236,1,0.398,en,0.0598
2332,1005,3,v1,2026-01-01T13:58,992,1,0.969,en,0.0498
2333,931,7,v2,2026-07-08T16:45,967,1,0.634,de,0.0641
2334,1120,8,v1,2026-06-06T05:14,1788,1,0.552,es,0.0088
2335,1296,3,v2,2026-06-11T14:20,641,1,0.686,en,0.0367
2336,610,12,v1,2026-01-05T01:37,1703,0,0.882,ja,0.0245
2337,1706,2,v2,2026-05-06T04:40,2126,1,0.686,en,0.069
2338,73,9,v2,2026-05-02T01:37,1132,1,0.688,en,0.0669
2339,1061,3,v3,2026-04-28T21:36,1070,1,0.837,ja,0.0322
2340,1773,3,v1,2026-01-04T20:28,1783,1,0.721,ja,0.0741
2341,276,11,v3,2026-04-05T15:46,1478,0,0.741,en,0.0113
2342,196,7,v1,2026-05-26T13:01,1731,1,0.759,ja,0.0134
2343,1184,9,v2,2026-03-13T08:46,1584,1,0.534,ja,0.0139
2344,1168,12,v3,2026-02-19T22:49,709,1,1.0,de,0.0497
2345,282,1,v3,2026-07-25T21:05,1170,1,0.99,ja,0.0182
2346,305,3,v2,2026-02-06T04:15,929,0,0.829,ja,0.0769
2347,1513,10,v2,2026-07-12T15:07,1640,1,0.541,en,0.0466
2348,1309,6,v2,2026-03-11T22:55,1193,1,0.897,es,0.0652
2349,759,11,v2,2026-02-28T14:11,762,1,0.737,es,0.0484
2350,137,2,v3,2026-05-14T06:06,1186,1,0.89,de,0.0305
2351,585,7,v2,2026-02-20T16:39,1339,1,0.626,de,0.046
2352,523,9,v2,2026-04-12T15:49,1411,1,0.494,en,0.0277
2353,936,7,v1,2026-02-21T12:33,1451,1,0.609,en,0.0564
2354,104,8,v1,2026-07-19T17:48,1754,1,0.724,fr,0.0354
2355,339,9,v1,2026-01-08T22:01,1830,1,0.829,en,0.0425
2356,436,9,v2,2026-02-07T20:09,1042,1,0.629,en,0.0396
2357,326,6,v1,2026-06-01T07:01,1506,1,0.781,en,0.0337
2358,1625,3,v2,2026-04-01T06:01,428,1,0.735,de,0.0323
2359,1170,4,v3,2026-07-16T08:01,180,1,0.534,es,0.0048
2360,262,4,v3,2026-07-12T04:47,1365,1,0.973,de,0.0372
2361,416,12,v1,2026-01-17T17:37,1816,1,0.795,en,0.0763
2362,1161,8,v2,2026-05-19T13:16,1263,1,0.548,de,0.0405
2363,292,7,v1,2026-07-14T15:44,1820,1,0.671,he,0.0274
2364,196,1,v3,2026-05-26T13:01,876,1,0.939,ja,0.0445
2365,721,3,v2,2026-05-20T23:38,967,1,0.917,en,0.0483
2366,760,11,v1,2026-03-06T17:47,1775,1,0.803,es,0.0278
2367,1601,6,v2,2026-04-18T15:12,1657,1,0.692,he,0.0211
2368,875,8,v3,2026-02-27T19:08,959,1,0.84,en,0.0622
2369,748,4,v3,2026-07-23T16:37,1037,0,0.658,en,0.0511
2370,822,3,v2,2026-06-30T04:58,1083,1,0.65,fr,0.0361
2371,255,12,v1,2026-06-02T20:39,1810,1,0.814,en,0.0034
2372,1280,6,v1,2026-06-12T22:30,1359,1,0.723,es,0.0359
2373,841,10,v3,2026-05-16T21:53,725,1,0.533,en,0.0329
2374,542,1,v3,2026-03-24T15:27,641,1,0.955,es,0.0644
2375,1396,2,v1,2026-02-02T10:55,1539,1,0.65,en,0.0295
2376,735,9,v2,2026-05-30T06:50,615,1,0.889,fr,0.0771
2377,653,2,v2,2026-01-12T04:04,994,1,0.657,es,0.0172
2378,602,12,v1,2026-05-04T11:07,2093,1,0.553,en,0.0245
2379,373,3,v3,2026-06-28T18:19,1713,1,0.734,en,0.0027
2380,1598,4,v2,2026-05-19T03:28,1620,1,0.466,ja,0.0787
2381,924,4,v1,2026-04-05T22:35,1762,1,0.68,fr,0.0526
2382,920,12,v1,2026-06-13T19:11,600,1,0.691,de,0.0045
2383,352,3,v2,2026-03-17T17:59,1033,1,0.57,en,0.0473
2384,1207,12,v1,2026-07-02T07:48,1964,1,0.942,ja,0.015
2385,431,9,v2,2026-05-02T15:32,576,0,0.469,en,0.0718
2386,745,9,v2,2026-03-03T22:58,358,0,0.65,en,0.0731
2387,18,4,v3,2026-05-13T21:42,839,1,0.729,en,0.0641
2388,184,3,v2,2026-02-20T14:47,1916,1,0.637,de,0.0499
2389,397,8,v3,2026-01-10T12:23,1156,1,0.651,en,0.0217
2390,957,4,v3,2026-01-27T00:09,1544,1,0.699,ja,0.0481
2391,1409,11,v2,2026-01-06T05:26,677,1,0.566,en,0.0131
2392,786,1,v1,2026-06-14T20:13,1887,1,0.603,en,0.0156
2393,1579,7,v1,2026-02-01T20:33,1957,1,0.591,ja,0.0714
2394,17,8,v3,2026-07-01T20:55,1444,1,0.539,es,0.0504
2395,1754,5,v3,2026-06-01T06:42,1705,0,0.754,en,0.0356
2396,614,10,v2,2026-02-28T10:38,1469,1,0.721,en,0.072
2397,1741,1,v1,2026-04-17T07:44,2335,1,0.924,en,0.0445
2398,1369,9,v2,2026-06-25T18:57,1491,1,0.75,es,0.0533
2399,1429,7,v2,2026-04-15T16:34,946,1,0.629,en,0.0586
2400,1626,4,v1,2026-05-22T06:39,1707,1,0.713,en,0.0195
2401,1252,2,v3,2026-06-29T18:48,1433,1,0.746,en,0.028
2402,793,2,v3,2026-04-02T20:55,1042,1,0.665,es,0.0475
2403,1730,2,v1,2026-01-06T00:32,1291,1,0.866,fr,0.061
2404,487,8,v1,2026-03-14T08:05,1056,1,0.614,ja,0.0433
2405,1057,11,v3,2026-07-15T22:40,933,1,0.639,ja,0.0335
2406,1736,12,v3,2026-04-17T23:24,856,1,1.0,en,0.0668
2407,1735,12,v1,2026-05-04T23:22,1111,1,0.65,en,0.0635
2408,856,4,v3,2026-06-08T00:05,1489,1,0.481,en,0.0094
2409,458,6,v1,2026-03-28T18:39,1069,1,0.645,en,0.0351
2410,636,3,v1,2026-03-19T17:39,1462,1,0.813,ja,0.0737
2411,1369,2,v1,2026-06-25T18:57,1328,1,0.712,es,0.0404
2412,1611,5,v3,2026-03-31T02:41,687,1,0.904,en,0.0283
2413,1074,11,v2,2026-02-28T07:29,1359,1,0.804,fr,0.0202
2414,263,11,v3,2026-05-04T04:41,1209,1,0.805,es,0.0359
2415,660,7,v3,2026-07-23T07:26,1377,1,0.685,en,0.0067
2416,1496,5,v3,2026-05-13T02:06,1299,0,0.964,ja,0.057
2417,1791,8,v2,2026-02-16T02:40,765,1,0.894,de,0.039
2418,1114,4,v2,2026-01-18T16:06,1894,1,0.931,de,0.0465
2419,586,12,v2,2026-05-20T05:59,1146,1,0.531,en,0.0741
2420,842,3,v3,2026-03-14T08:06,1420,1,0.851,en,0.0705
2421,459,3,v3,2026-05-25T11:11,1346,1,0.863,en,0.0189
2422,1593,7,v2,2026-04-04T05:53,1027,1,0.721,en,0.0199
2423,261,9,v3,2026-02-16T00:01,1016,0,0.916,es,0.0377
2424,875,12,v1,2026-02-27T19:08,2013,1,0.746,en,0.0718
2425,446,4,v1,2026-05-16T15:52,1610,1,0.657,en,0.0463
2426,437,10,v3,2026-04-29T11:59,666,1,0.938,en,0.03
2427,188,2,v1,2026-05-30T00:11,1148,1,0.639,en,0.0566
2428,470,6,v2,2026-03-10T13:40,1321,1,0.8,en,0.0668
2429,1249,9,v3,2026-02-04T16:02,1030,0,0.602,ja,0.0586
2430,1739,12,v3,2026-02-21T10:23,744,1,0.731,es,0.0028
2431,1246,3,v3,2026-02-24T04:52,786,0,0.509,es,0.0297
2432,1690,5,v3,2026-06-04T05:06,870,1,0.488,en,0.0079
2433,1211,11,v2,2026-03-04T02:31,713,1,0.938,en,0.0782
2434,895,10,v2,2026-04-19T22:38,1336,1,0.476,en,0.0118
2435,869,8,v1,2026-07-14T20:15,1112,1,0.563,de,0.0201
2436,440,8,v2,2026-02-04T20:38,1017,1,0.438,ja,0.058
2437,1359,7,v2,2026-06-04T17:02,868,1,0.775,en,0.0728
2438,1600,2,v3,2026-05-22T19:35,404,1,0.737,en,0.0637
2439,181,5,v2,2026-07-07T18:14,1409,1,0.765,en,0.059
2440,256,3,v2,2026-03-10T06:50,1135,1,0.636,fr,0.05
2441,1209,8,v1,2026-06-08T23:59,1592,1,0.601,en,0.0358
2442,609,10,v1,2026-03-03T11:31,913,1,0.689,en,0.0578
2443,1533,3,v2,2026-01-31T17:57,751,1,0.815,es,0.0313
2444,1325,6,v2,2026-03-05T19:18,1384,1,0.632,en,0.0079
2445,1639,10,v3,2026-02-12T22:17,1482,1,0.54,fr,0.0055
2446,722,3,v3,2026-02-10T17:49,1242,0,1.0,he,0.0046
2447,1357,2,v3,2026-04-03T12:23,598,1,0.678,en,0.0117
2448,1531,7,v1,2026-01-14T19:04,1802,1,0.977,de,0.0076
2449,1116,8,v3,2026-06-02T04:18,1138,1,0.74,ja,0.0364
2450,767,4,v1,2026-02-26T22:28,1622,1,0.636,de,0.0423
2451,1428,8,v1,2026-02-01T23:46,1892,1,0.695,de,0.0579
2452,609,5,v3,2026-03-03T11:31,1779,1,0.807,en,0.0617
2453,1008,8,v1,2026-04-21T02:45,1652,1,0.311,ja,0.0654
2454,258,10,v3,2026-07-22T10:38,1391,0,0.742,de,0.0242
2455,826,8,v1,2026-01-01T18:15,1751,1,0.582,fr,0.0128
2456,1731,10,v3,2026-02-28T17:02,491,0,0.602,fr,0.0652
2457,990,2,v2,2026-07-02T02:17,822,1,0.781,es,0.0726
2458,857,2,v2,2026-04-16T23:49,1333,1,0.589,en,0.0569
2459,181,11,v1,2026-07-07T18:14,1346,1,0.676,en,0.0513
2460,1362,5,v3,2026-03-28T08:00,1793,1,0.718,de,0.0081
2461,802,6,v3,2026-03-22T09:48,1163,1,0.737,ja,0.0478
2462,1058,9,v1,2026-07-21T03:22,1410,1,0.427,en,0.0034
2463,1259,10,v3,2026-04-14T04:46,623,1,0.714,es,0.0429
2464,1501,11,v2,2026-06-23T07:59,323,1,1.0,en,0.003
2465,1643,11,v3,2026-02-16T07:15,1572,1,1.0,es,0.0341
2466,738,2,v1,2026-01-13T20:40,1253,1,0.896,de,0.0475
2467,552,12,v3,2026-05-29T08:59,1483,1,0.748,ja,0.0486
2468,1444,12,v3,2026-04-06T12:17,1310,0,0.691,ja,0.0214
2469,77,6,v3,2026-05-17T20:39,881,0,0.76,es,0.0733
2470,786,12,v3,2026-06-14T20:13,1793,1,0.921,en,0.0413
2471,1617,7,v1,2026-06-03T00:04,1831,1,0.653,de,0.0189
2472,214,3,v3,2026-03-24T03:52,1230,1,0.582,en,0.0588
2473,273,3,v3,2026-06-20T05:48,1105,1,0.908,en,0.0074
2474,555,11,v2,2026-06-26T06:31,1188,1,0.509,de,0.0308
2475,1295,4,v1,2026-07-05T19:07,1504,1,0.61,en,0.0574
2476,58,12,v2,2026-06-03T23:23,1359,1,0.599,en,0.0605
2477,1235,9,v1,2026-04-01T02:40,1052,1,0.721,ja,0.0181
2478,1583,8,v1,2026-05-01T22:22,2172,1,0.929,en,0.0256
2479,399,12,v3,2026-04-18T07:18,1360,1,0.85,ja,0.0777
2480,149,8,v3,2026-07-24T08:17,1767,1,1.0,de,0.0232
2481,517,6,v3,2026-01-29T06:14,1283,1,0.862,ja,0.0565
2482,1064,6,v2,2026-05-09T17:05,1538,1,0.814,en,0.0689
2483,1540,12,v1,2026-04-27T01:38,892,1,0.536,en,0.0321
2484,1225,2,v2,2026-01-29T15:34,2194,1,0.706,en,0.0617
2485,990,3,v3,2026-07-02T02:17,1100,1,0.653,es,0.0202
2486,1783,8,v3,2026-03-30T14:49,624,1,0.728,ja,0.0192
2487,887,4,v1,2026-07-20T08:43,1822,1,0.805,en,0.0663
2488,143,11,v1,2026-03-18T04:06,1057,1,0.652,de,0.0215
2489,1558,6,v1,2026-04-01T11:02,1110,1,0.694,de,0.0141
2490,1179,3,v1,2026-01-14T05:30,1339,1,0.735,es,0.0357
2491,1457,9,v1,2026-01-06T21:47,1650,1,0.531,en,0.0555
2492,358,9,v3,2026-06-22T23:57,1280,1,0.545,de,0.0363
2493,1153,12,v2,2026-05-12T14:17,611,1,0.954,en,0.0342
2494,1479,7,v1,2026-03-29T14:28,1696,1,0.652,en,0.0618
2495,1115,3,v3,2026-06-10T10:31,1447,1,0.725,en,0.0679
2496,549,2,v1,2026-05-23T22:44,1105,1,0.983,en,0.0035
2497,913,5,v3,2026-03-26T21:47,1007,1,0.764,es,0.0166
2498,1297,11,v1,2026-02-19T00:04,1819,1,0.205,en,0.0068
2499,1438,7,v3,2026-04-04T23:04,986,1,0.527,en,0.0393
2500,1773,7,v3,2026-01-04T20:28,1432,1,0.712,ja,0.0203
2501,1283,11,v2,2026-01-23T16:13,1248,1,0.566,de,0.0428
2502,1135,2,v2,2026-05-23T03:22,1149,1,0.747,en,0.0138
2503,492,7,v1,2026-06-03T05:05,1596,1,0.652,de,0.0041
2504,221,10,v1,2026-06-08T15:39,1301,0,0.554,en,0.0056
2505,46,12,v1,2026-06-23T01:29,1797,1,0.71,ja,0.0488
2506,160,4,v1,2026-04-30T12:19,1745,1,0.641,he,0.0389
2507,1797,2,v1,2026-03-12T04:13,1041,0,0.852,de,0.0673
2508,168,6,v1,2026-04-17T09:07,1218,1,0.804,es,0.0107
2509,817,11,v3,2026-02-25T02:04,1717,0,0.873,fr,0.0062
2510,739,7,v2,2026-02-08T02:37,880,1,0.943,ja,0.0211
2511,1339,10,v3,2026-05-08T03:17,1263,0,0.648,en,0.0591
2512,301,11,v2,2026-04-19T18:27,372,1,0.632,ja,0.0093
2513,1608,8,v2,2026-03-16T20:27,1072,1,0.606,es,0.0355
2514,1474,3,v3,2026-04-17T15:43,1281,1,0.814,de,0.0299
2515,873,2,v3,2026-01-21T21:06,1009,1,0.906,en,0.01
2516,1532,7,v2,2026-04-18T02:33,327,1,0.898,ja,0.0556
2517,827,4,v2,2026-04-28T14:02,1069,1,0.831,es,0.0189
2518,1000,4,v3,2026-05-10T03:49,1338,1,0.722,en,0.0738
2519,328,9,v1,2026-06-07T22:08,1423,1,0.644,fr,0.0372
2520,1276,2,v1,2026-01-23T07:02,2353,1,0.88,de,0.0442
2521,1434,7,v3,2026-04-26T12:06,1382,1,1.0,es,0.0537
2522,1446,6,v2,2026-05-20T15:34,1636,1,0.613,he,0.0562
2523,1783,5,v2,2026-03-30T14:49,560,1,0.815,ja,0.0182
2524,962,11,v3,2026-03-23T13:52,1506,1,0.602,de,0.0117
2525,994,8,v2,2026-02-03T10:43,705,1,0.804,en,0.0777
2526,192,9,v3,2026-02-17T02:24,518,1,1.0,en,0.0529
2527,1636,7,v2,2026-03-02T15:56,704,1,0.653,en,0.0728
2528,1759,10,v2,2026-05-27T09:16,747,1,0.526,en,0.07
2529,1330,9,v2,2026-03-12T13:40,998,1,0.85,ja,0.0405
2530,1626,10,v2,2026-05-22T06:39,1448,1,0.6,en,0.0408
2531,1554,10,v2,2026-05-24T08:28,1364,1,0.709,es,0.0168
2532,548,5,v3,2026-07-24T23:34,1262,1,0.83,en,0.0558
2533,1035,10,v3,2026-04-10T19:00,533,1,0.97,es,0.0443
2534,716,8,v3,2026-07-14T03:15,2258,1,0.699,he,0.0715
2535,1485,8,v1,2026-02-03T16:26,1356,1,0.511,es,0.0712
2536,9,2,v2,2026-01-08T01:44,1161,1,0.771,ja,0.0132
2537,1200,2,v3,2026-04-03T21:05,1473,1,0.752,de,0.0228
2538,1431,9,v3,2026-06-30T09:34,888,1,0.918,en,0.0619
2539,1087,9,v1,2026-04-02T07:46,1117,1,0.716,en,0.039
2540,450,11,v1,2026-05-02T04:22,1879,1,0.855,en,0.0638
2541,522,2,v2,2026-06-18T19:24,746,1,0.645,he,0.0751
2542,1318,11,v2,2026-01-02T13:06,1028,1,0.753,en,0.0161
2543,1349,10,v2,2026-02-14T00:08,1238,0,0.591,en,0.034
2544,1464,3,v2,2026-02-21T05:29,1459,1,0.734,es,0.0204
2545,425,11,v2,2026-07-06T10:18,1544,1,0.733,es,0.0787
2546,564,6,v3,2026-02-03T09:38,1603,1,0.504,en,0.0279
2547,1287,3,v1,2026-04-03T22:47,424,1,0.809,en,0.0327
2548,1639,12,v1,2026-02-12T22:17,963,0,0.892,fr,0.0588
2549,1186,11,v1,2026-03-29T19:46,1843,1,0.897,fr,0.0523
2550,1040,7,v1,2026-02-18T09:52,1235,1,0.943,he,0.0231
2551,651,7,v1,2026-06-11T13:16,1606,1,0.72,en,0.0564
2552,227,1,v2,2026-07-07T03:55,1049,1,0.838,en,0.0413
2553,848,11,v1,2026-03-18T05:57,403,0,0.826,fr,0.037
2554,1106,10,v1,2026-01-11T00:31,1092,0,0.617,es,0.0509
2555,203,4,v3,2026-06-11T00:08,666,1,0.442,fr,0.0244
2556,977,2,v2,2026-06-20T16:18,937,0,0.866,en,0.0229
2557,1307,12,v3,2026-07-02T00:56,1387,1,0.388,en,0.0417
2558,334,8,v1,2026-05-18T16:30,1878,1,0.693,en,0.049
2559,894,4,v2,2026-03-22T19:16,752,0,0.695,he,0.0268
2560,937,8,v1,2026-04-16T14:11,1565,1,0.594,es,0.0108
2561,1760,6,v2,2026-01-12T18:59,812,1,0.564,de,0.0276
2562,1207,9,v3,2026-07-02T07:48,2206,1,0.75,ja,0.0504
2563,575,5,v1,2026-02-23T22:15,1775,1,0.68,en,0.0779
2564,1245,3,v3,2026-03-21T22:08,1433,1,0.509,en,0.0146
2565,943,11,v2,2026-07-25T20:44,1016,1,1.0,en,0.0314
2566,1535,8,v1,2026-03-27T00:29,2143,0,0.699,en,0.0647
2567,446,4,v2,2026-05-16T15:52,1232,1,0.601,en,0.0069
2568,1404,12,v1,2026-01-12T14:06,905,1,0.544,fr,0.0485
2569,95,5,v1,2026-07-14T15:52,1491,1,0.642,en,0.023
2570,867,11,v3,2026-06-20T21:19,1582,1,0.921,en,0.0738
2571,63,3,v3,2026-05-24T09:34,1326,1,0.51,es,0.055
2572,93,6,v3,2026-01-22T04:41,1772,0,0.343,ja,0.026
2573,1103,8,v2,2026-02-09T05:26,1889,1,0.599,en,0.0612
2574,1519,6,v3,2026-07-10T16:23,289,1,0.622,en,0.0328
2575,715,12,v2,2026-04-07T20:32,2189,1,0.521,en,0.0627
2576,575,2,v2,2026-02-23T22:15,1623,1,0.629,en,0.0544
2577,1199,12,v3,2026-05-18T04:03,2028,1,0.774,en,0.0799
2578,1565,9,v1,2026-05-30T13:57,1779,1,0.881,en,0.0298
2579,997,3,v2,2026-02-23T05:16,506,1,0.526,en,0.0689
2580,1383,8,v2,2026-05-11T13:52,374,0,0.711,en,0.0754
2581,1166,6,v2,2026-06-23T18:17,1229,1,0.549,ja,0.0129
2582,753,4,v1,2026-06-07T03:28,1466,0,0.756,en,0.0576
2583,545,2,v3,2026-01-24T08:34,841,1,0.99,en,0.0781
2584,682,4,v1,2026-06-18T02:47,1007,1,0.837,en,0.0302
2585,161,9,v3,2026-06-13T09:14,1331,1,0.782,fr,0.024
2586,454,10,v2,2026-03-18T22:28,1317,1,0.558,en,0.0142
2587,117,5,v1,2026-06-12T10:52,1700,1,0.939,en,0.0484
2588,1028,4,v2,2026-02-28T01:43,1410,1,0.753,en,0.0773
2589,663,5,v2,2026-05-20T10:12,1123,1,0.972,en,0.0134
2590,557,9,v3,2026-06-04T11:43,248,1,1.0,he,0.047
2591,857,12,v3,2026-04-16T23:49,1330,1,0.751,en,0.0576
2592,1509,4,v2,2026-04-21T20:29,1490,1,0.851,es,0.026
2593,280,10,v3,2026-05-27T10:20,1403,1,0.791,de,0.0182
2594,1065,8,v3,2026-06-08T09:50,1710,1,0.807,es,0.0357
2595,1670,9,v1,2026-04-17T12:26,1083,1,0.818,es,0.0295
2596,1298,5,v2,2026-02-09T01:09,1188,1,0.531,he,0.0549
2597,75,8,v2,2026-03-19T16:10,868,1,0.404,en,0.0047
2598,387,4,v1,2026-01-26T13:27,2251,1,0.767,en,0.0697
2599,1610,12,v3,2026-03-26T02:30,1421,1,0.538,fr,0.0422
2600,1594,2,v1,2026-01-21T13:06,1556,1,0.763,es,0.0718
2601,1349,7,v2,2026-02-14T00:08,1239,1,0.858,en,0.078
2602,1321,8,v1,2026-02-27T21:31,996,0,0.554,en,0.0421
2603,1648,3,v1,2026-04-26T19:22,1092,1,0.881,es,0.0163
2604,1674,11,v3,2026-01-23T12:21,1475,1,0.601,en,0.0254
2605,1158,7,v2,2026-07-21T07:57,1078,1,0.733,en,0.0714
2606,1593,10,v2,2026-04-04T05:53,1585,1,0.602,en,0.0767
2607,741,5,v3,2026-03-05T15:10,1287,1,0.994,ja,0.0443
2608,91,1,v1,2026-05-14T01:49,2057,1,0.638,en,0.0612
2609,1476,5,v2,2026-04-24T06:38,1211,1,0.695,en,0.0404
2610,1015,2,v3,2026-01-15T07:12,1014,0,0.78,es,0.0491
2611,757,6,v1,2026-06-05T22:57,2023,1,0.645,en,0.0025
2612,1538,1,v2,2026-07-19T00:13,785,1,0.516,ja,0.0468
2613,628,2,v2,2026-06-14T09:37,1046,0,1.0,he,0.0493
2614,593,3,v1,2026-03-01T15:39,1524,1,0.711,en,0.0597
2615,289,9,v1,2026-06-23T12:20,1374,1,0.766,en,0.0569
2616,856,10,v1,2026-06-08T00:05,1522,1,0.674,en,0.0629
2617,490,2,v2,2026-02-13T03:06,1367,1,0.624,es,0.0757
2618,986,10,v2,2026-03-04T17:20,862,1,0.727,es,0.0172
2619,1695,4,v2,2026-01-03T09:19,1606,1,0.69,fr,0.0266
2620,1083,11,v2,2026-04-19T15:30,953,1,0.792,ja,0.0745
2621,604,9,v1,2026-04-19T19:02,1284,1,0.877,en,0.0373
2622,760,3,v3,2026-03-06T17:47,1002,1,0.58,es,0.0254
2623,1206,7,v2,2026-07-16T00:50,1110,0,0.53,en,0.0412
2624,1522,4,v1,2026-01-17T07:11,781,1,0.871,en,0.0532
2625,245,11,v1,2026-03-17T09:52,1564,1,0.567,es,0.0451
2626,384,12,v1,2026-03-26T22:50,1107,1,0.713,es,0.07
2627,361,4,v3,2026-03-02T13:32,1229,1,0.529,fr,0.0766
2628,844,10,v2,2026-06-22T02:22,1504,1,0.648,he,0.0368
2629,511,11,v2,2026-05-18T02:06,565,1,0.76,he,0.06
2630,1547,8,v3,2026-06-01T09:18,1338,1,0.77,he,0.0614
2631,93,11,v2,2026-01-22T04:41,345,1,0.796,ja,0.0559
2632,1417,12,v3,2026-06-05T23:50,1657,1,0.957,ja,0.0242
2633,91,4,v2,2026-05-14T01:49,1584,1,0.552,en,0.0671
2634,1053,1,v2,2026-04-17T07:38,951,1,0.817,de,0.0784
2635,987,5,v2,2026-06-23T13:24,1408,1,0.75,ja,0.0553
2636,458,9,v1,2026-03-28T18:39,892,1,0.934,en,0.0122
2637,386,7,v1,2026-05-05T23:42,1585,1,0.69,ja,0.0115
2638,1663,4,v3,2026-05-06T19:10,718,1,0.645,de,0.0695
2639,459,2,v3,2026-05-25T11:11,1502,1,0.846,en,0.0446
2640,569,6,v2,2026-03-07T20:29,1243,1,0.801,es,0.0331
2641,896,2,v3,2026-02-03T15:55,1124,1,0.811,en,0.0706
2642,58,6,v2,2026-06-03T23:23,741,1,0.739,en,0.0365
2643,209,4,v1,2026-05-18T09:56,1649,0,0.795,en,0.0637
2644,1595,5,v2,2026-04-29T22:00,740,1,0.794,en,0.0619
2645,1005,3,v3,2026-01-01T13:58,466,1,0.516,en,0.069
2646,1771,4,v3,2026-07-25T14:52,180,1,0.775,es,0.057
2647,1327,1,v3,2026-05-15T23:19,814,1,0.781,en,0.0268
2648,89,2,v1,2026-06-08T12:57,441,1,0.843,en,0.0722
2649,1091,12,v2,2026-03-08T19:02,1832,1,0.772,en,0.0055
2650,176,9,v2,2026-04-20T13:16,1783,1,0.709,en,0.0785
2651,1758,5,v3,2026-04-20T08:54,1092,1,0.996,fr,0.0714
2652,959,12,v1,2026-01-29T18:01,1569,1,0.601,de,0.0247
2653,678,11,v1,2026-07-05T18:21,1538,1,0.589,de,0.0491
2654,796,12,v1,2026-06-22T18:27,1188,1,0.894,fr,0.0792
2655,734,7,v2,2026-02-10T04:19,1155,1,0.697,en,0.043
2656,287,9,v2,2026-07-08T16:36,1344,1,0.617,he,0.0604
2657,579,7,v1,2026-05-15T10:57,1617,1,0.822,en,0.0248
2658,1700,7,v2,2026-02-27T00:21,694,1,1.0,de,0.0372
2659,1481,7,v3,2026-02-03T20:45,1450,1,0.543,en,0.0511
2660,1198,4,v3,2026-06-20T12:08,1219,1,0.792,es,0.0437
2661,1606,10,v2,2026-06-11T20:25,1890,1,0.789,es,0.0443
2662,312,7,v2,2026-06-15T08:13,1451,1,0.446,en,0.0216
2663,782,8,v2,2026-02-18T03:15,1269,1,0.97,en,0.0234
2664,59,12,v3,2026-03-17T07:32,783,0,0.683,ja,0.0497
2665,55,11,v3,2026-07-21T14:02,1402,1,0.718,es,0.0466
2666,704,11,v2,2026-04-11T10:41,889,0,0.798,en,0.052
2667,22,12,v2,2026-04-16T20:48,1763,1,0.683,en,0.0149
2668,608,8,v2,2026-07-14T15:03,974,1,0.626,fr,0.0587
2669,1184,12,v2,2026-03-13T08:46,1245,1,0.551,ja,0.0273
2670,179,4,v2,2026-04-24T06:25,1490,1,0.851,es,0.0799
2671,444,4,v1,2026-01-14T01:35,1700,1,0.885,es,0.0509
2672,567,5,v2,2026-07-25T17:09,1554,1,0.55,de,0.0632
2673,557,5,v3,2026-06-04T11:43,1079,0,0.548,he,0.0781
2674,970,10,v2,2026-01-17T14:23,1095,1,0.833,en,0.0123
2675,835,7,v2,2026-04-18T12:46,787,1,0.674,en,0.0364
2676,1195,2,v2,2026-05-03T15:23,1103,1,0.683,he,0.0599
2677,1792,6,v3,2026-06-15T06:47,616,1,0.877,en,0.0354
2678,1752,2,v3,2026-03-03T14:22,632,0,0.806,en,0.0658
2679,495,7,v3,2026-06-24T13:32,1058,1,0.656,es,0.0327
2680,1298,9,v2,2026-02-09T01:09,1343,1,0.511,he,0.014
2681,399,11,v2,2026-04-18T07:18,933,0,0.664,ja,0.0658
2682,1571,11,v2,2026-06-22T13:41,1300,1,0.825,en,0.037
2683,816,9,v2,2026-02-18T05:47,1054,1,0.922,en,0.0574
2684,109,2,v3,2026-07-06T05:42,1682,1,0.801,en,0.0232
2685,1319,7,v2,2026-05-06T02:10,781,1,0.713,ja,0.0673
2686,1543,3,v2,2026-07-15T16:52,1067,1,0.603,fr,0.0513
2687,878,1,v1,2026-07-08T16:42,1273,1,0.82,he,0.0728
2688,1176,5,v3,2026-07-08T18:05,1183,1,0.858,es,0.0729
2689,214,5,v2,2026-03-24T03:52,867,1,0.943,en,0.0475
2690,1308,7,v3,2026-02-11T21:09,1424,0,0.579,fr,0.0173
2691,1084,5,v1,2026-06-18T13:47,1081,1,0.848,en,0.0487
2692,922,8,v3,2026-05-07T12:48,1086,1,0.479,en,0.0552
2693,655,10,v3,2026-02-10T17:20,1443,1,0.634,en,0.0636
2694,1166,4,v1,2026-06-23T18:17,2246,0,0.711,ja,0.0315
2695,1189,6,v3,2026-01-20T00:44,1377,0,0.878,en,0.0401
2696,1042,12,v2,2026-06-10T20:24,1632,0,0.936,de,0.0123
2697,418,7,v3,2026-07-21T05:01,1647,0,0.877,en,0.069
2698,1505,8,v1,2026-01-29T11:53,1831,1,0.663,en,0.0619
2699,276,12,v2,2026-04-05T15:46,1503,1,0.602,en,0.052
2700,113,6,v1,2026-02-09T05:25,1217,1,0.565,en,0.0709
2701,1439,2,v3,2026-03-21T12:14,664,1,0.726,es,0.059
2702,888,1,v2,2026-01-27T23:34,1339,1,0.821,en,0.055
2703,1427,6,v3,2026-07-26T05:37,841,1,0.766,en,0.0287
2704,31,12,v1,2026-06-26T09:02,1339,1,0.805,de,0.0375
2705,1709,9,v1,2026-04-11T13:35,1186,1,0.823,en,0.0791
2706,1572,2,v2,2026-06-15T04:07,1246,1,0.733,en,0.0374
2707,1412,10,v3,2026-02-20T07:30,1427,1,0.697,en,0.0305
2708,995,4,v2,2026-02-07T04:56,585,1,0.362,fr,0.0114
2709,587,10,v3,2026-01-10T10:22,1319,0,0.844,es,0.066
2710,1767,3,v3,2026-02-01T10:05,607,1,0.717,fr,0.0772
2711,1203,7,v2,2026-04-10T05:31,648,1,0.592,de,0.0047
2712,448,12,v2,2026-05-31T10:27,723,1,0.969,de,0.008
2713,1702,7,v1,2026-02-01T16:12,1694,1,0.667,ja,0.0778
2714,765,7,v3,2026-05-21T16:11,998,1,0.924,ja,0.0584
2715,155,3,v1,2026-04-30T05:14,1485,1,0.504,en,0.0694
2716,1534,12,v1,2026-02-23T05:26,1423,1,0.83,en,0.0072
2717,1095,2,v1,2026-03-26T16:21,2054,1,0.603,ja,0.0091
2718,1083,4,v2,2026-04-19T15:30,868,1,0.548,ja,0.0691
2719,56,8,v2,2026-03-26T18:21,1664,1,0.736,en,0.0177
2720,1156,2,v1,2026-06-22T10:49,1201,1,0.365,es,0.0159
2721,1459,3,v2,2026-03-30T17:23,1796,0,0.597,en,0.0281
2722,289,3,v2,2026-06-23T12:20,911,1,0.575,en,0.0674
2723,631,1,v1,2026-07-17T18:37,2164,1,0.695,fr,0.0566
2724,397,5,v2,2026-01-10T12:23,1271,1,0.799,en,0.06
2725,670,1,v3,2026-07-16T04:40,2080,1,0.968,fr,0.0051
2726,539,3,v1,2026-07-09T00:53,1259,1,0.778,ja,0.0577
2727,1216,6,v3,2026-07-20T01:01,2233,1,0.802,de,0.0425
2728,934,4,v1,2026-05-11T10:56,1624,1,0.763,es,0.037
2729,477,7,v1,2026-06-28T05:40,1106,0,0.649,en,0.0428
2730,1462,5,v2,2026-06-08T23:22,440,1,0.828,de,0.0301
2731,1431,10,v3,2026-06-30T09:34,1062,1,0.679,en,0.0087
2732,544,1,v1,2026-03-20T04:20,1345,1,1.0,he,0.0118
2733,1437,11,v2,2026-06-12T05:43,670,0,0.673,he,0.0514
2734,1573,11,v3,2026-07-25T06:27,1875,0,0.694,en,0.0771
2735,447,3,v3,2026-06-27T00:56,626,1,0.693,es,0.0216
2736,1225,11,v3,2026-01-29T15:34,1664,1,0.663,en,0.0687
2737,982,3,v2,2026-07-21T03:24,1594,1,0.935,en,0.0113
2738,410,5,v1,2026-05-28T15:30,2324,1,0.739,en,0.0588
2739,1213,6,v3,2026-07-03T02:30,1590,0,0.959,ja,0.0694
2740,39,8,v1,2026-03-24T04:11,1650,1,0.723,en,0.0069
2741,1258,10,v2,2026-06-01T08:23,1793,1,0.851,en,0.0536
2742,1538,10,v1,2026-07-19T00:13,2188,1,0.516,ja,0.0709
2743,784,11,v2,2026-04-07T13:07,1585,1,0.967,fr,0.0372
2744,1192,10,v3,2026-04-14T00:38,859,1,0.849,ja,0.0112
2745,1158,4,v3,2026-07-21T07:57,1108,1,0.791,en,0.0781
2746,1555,5,v1,2026-06-05T23:21,1126,1,0.86,ja,0.0617
2747,584,2,v3,2026-06-03T12:58,1694,1,0.923,en,0.0292
2748,829,7,v1,2026-03-29T17:37,812,1,0.853,ja,0.0188
2749,1656,10,v3,2026-04-14T15:12,1266,1,0.64,es,0.0373
2750,418,8,v1,2026-07-21T05:01,885,1,0.529,en,0.0719
2751,219,7,v2,2026-01-06T11:25,902,1,0.856,en,0.0772
2752,443,2,v1,2026-01-23T10:24,1523,1,0.627,fr,0.068
2753,432,4,v3,2026-02-02T05:39,1275,1,0.739,en,0.0462
2754,619,5,v3,2026-04-13T21:13,778,0,0.919,de,0.07
2755,1763,5,v1,2026-01-01T09:40,1436,0,0.263,de,0.028
2756,776,4,v1,2026-03-19T20:55,1865,1,0.792,es,0.0138
2757,690,2,v2,2026-03-18T19:43,1699,1,0.776,de,0.0771
2758,647,12,v2,2026-06-21T10:59,1510,1,0.818,en,0.0639
2759,767,10,v1,2026-02-26T22:28,1301,0,0.789,de,0.0353
2760,773,4,v2,2026-02-03T03:21,1360,0,0.846,en,0.0581
2761,788,2,v1,2026-06-07T16:58,1604,1,0.573,fr,0.0385
2762,134,11,v1,2026-06-07T01:31,825,1,0.852,en,0.0698
2763,1484,2,v2,2026-05-13T09:27,635,1,0.74,en,0.0454
2764,271,10,v3,2026-05-25T09:51,960,1,0.738,es,0.0037
2765,893,6,v2,2026-04-06T08:35,1027,1,0.873,ja,0.0295
2766,100,5,v1,2026-03-11T19:21,1583,1,0.867,fr,0.0463
2767,1338,7,v1,2026-05-27T20:04,1007,1,0.443,en,0.071
2768,780,12,v2,2026-06-20T08:40,1126,1,0.797,es,0.0484
2769,416,5,v2,2026-01-17T17:37,1208,1,0.753,en,0.0784
2770,1302,1,v3,2026-03-29T08:38,673,1,0.573,en,0.0708
2771,993,12,v1,2026-01-03T16:17,1572,1,0.702,en,0.0037
2772,385,8,v2,2026-04-28T03:51,1456,1,0.716,en,0.0384
2773,798,8,v1,2026-06-16T14:33,1446,1,0.919,fr,0.0443
2774,202,2,v3,2026-06-18T06:51,1152,1,0.594,en,0.039
2775,907,6,v2,2026-02-02T09:39,1343,1,0.464,ja,0.0066
2776,1315,4,v2,2026-02-05T17:36,1278,1,0.89,es,0.0511
2777,157,11,v2,2026-06-23T13:31,1370,1,0.784,en,0.0725
2778,851,12,v3,2026-06-18T19:38,346,1,0.701,en,0.0453
2779,474,10,v2,2026-06-07T08:36,696,1,0.585,es,0.0741
2780,1236,12,v2,2026-01-31T09:42,834,1,0.292,en,0.0674
2781,391,5,v2,2026-06-12T10:30,1555,1,0.839,en,0.0783
2782,173,9,v3,2026-04-07T05:16,805,1,0.688,en,0.0394
2783,140,11,v2,2026-07-16T19:51,1092,1,0.817,en,0.0515
2784,1284,1,v2,2026-02-14T11:53,1162,1,0.763,es,0.0287
2785,749,4,v1,2026-04-15T01:48,1616,1,0.72,es,0.02
2786,1566,5,v2,2026-04-11T03:11,1084,1,0.776,en,0.0136
2787,201,8,v3,2026-07-12T16:53,1099,1,0.786,en,0.0157
2788,789,8,v3,2026-06-11T14:17,754,1,0.584,fr,0.0694
2789,1004,10,v2,2026-06-12T12:43,1226,1,0.597,en,0.0635
2790,1736,3,v1,2026-04-17T23:24,1595,0,0.673,en,0.0062
2791,1429,7,v3,2026-04-15T16:34,696,1,0.786,en,0.0258
2792,790,6,v1,2026-04-26T01:12,1930,1,0.802,ja,0.0151
2793,1609,12,v2,2026-07-20T01:32,1493,1,0.964,es,0.0179
2794,603,6,v2,2026-03-10T19:30,747,1,0.654,en,0.0484
2795,1409,7,v2,2026-01-06T05:26,1797,1,0.866,en,0.0681
2796,1340,2,v2,2026-02-05T20:55,1406,1,0.812,en,0.0635
2797,1537,11,v2,2026-01-12T23:17,455,1,0.957,de,0.0352
2798,75,12,v2,2026-03-19T16:10,1192,1,0.791,en,0.0315
2799,110,2,v3,2026-07-17T07:17,818,1,0.707,es,0.0496
2800,965,8,v3,2026-05-19T20:38,617,1,0.654,en,0.0379
2801,1712,11,v3,2026-04-13T06:34,1036,0,0.957,es,0.0704
2802,559,8,v1,2026-06-04T03:37,1392,0,0.637,es,0.0206
2803,964,6,v1,2026-01-15T13:53,1470,1,0.701,ja,0.0513
2804,531,3,v1,2026-05-26T15:11,1012,1,0.614,en,0.0393
2805,1314,2,v2,2026-07-13T06:54,1358,1,0.734,en,0.0147
2806,708,12,v2,2026-03-19T05:12,828,1,0.776,en,0.0786
2807,1299,6,v2,2026-04-26T18:48,1036,1,0.676,es,0.0667
2808,72,11,v2,2026-01-24T18:22,1226,0,1.0,de,0.066
2809,944,9,v2,2026-03-03T06:38,944,1,0.11,en,0.0475
2810,427,7,v3,2026-05-24T01:31,886,1,0.572,en,0.0642
2811,936,6,v2,2026-02-21T12:33,955,1,0.559,en,0.0035
2812,350,2,v1,2026-06-21T10:58,1599,1,0.79,es,0.033
2813,1158,5,v2,2026-07-21T07:57,795,1,0.747,en,0.0197
2814,187,3,v2,2026-05-13T04:20,712,1,0.678,he,0.0287
2815,601,9,v1,2026-03-28T16:59,1460,1,0.818,en,0.0137
2816,591,6,v1,2026-03-05T22:38,1742,1,0.958,he,0.0792
2817,1193,2,v3,2026-02-28T19:42,940,1,0.623,es,0.0572
2818,1178,4,v3,2026-01-16T23:09,1445,1,0.993,en,0.0509
2819,1038,7,v2,2026-07-13T16:19,1048,1,1.0,en,0.0641
2820,17,1,v3,2026-07-01T20:55,1362,1,0.713,es,0.0123
2821,1316,12,v3,2026-05-08T02:34,1656,1,0.888,en,0.0157
2822,1373,12,v2,2026-06-01T02:26,1252,1,0.401,en,0.0655
2823,1716,6,v1,2026-03-01T17:43,2007,0,0.719,ja,0.028
2824,1303,1,v1,2026-03-24T18:25,2037,1,0.798,en,0.0271
2825,4,12,v1,2026-05-07T02:46,1460,1,0.741,es,0.0415
2826,746,9,v2,2026-03-12T14:15,1338,0,0.872,en,0.0459
2827,909,4,v1,2026-05-10T14:30,1512,1,0.58,en,0.0239
2828,735,2,v3,2026-05-30T06:50,674,1,0.835,fr,0.0425
2829,1482,8,v2,2026-02-18T07:17,1202,1,0.492,de,0.0484
2830,941,4,v2,2026-04-12T10:05,1590,1,0.605,de,0.013
2831,334,8,v2,2026-05-18T16:30,711,1,0.75,en,0.0266
2832,630,4,v1,2026-06-17T04:54,1417,1,1.0,ja,0.039
2833,1425,4,v3,2026-05-11T21:51,601,1,0.686,en,0.0581
2834,861,8,v3,2026-06-22T14:12,246,1,0.835,ja,0.0187
2835,635,10,v3,2026-07-15T12:10,870,1,0.786,en,0.0083
2836,1060,4,v1,2026-01-03T03:44,1502,1,0.827,es,0.021
2837,1558,5,v3,2026-04-01T11:02,1124,1,0.856,de,0.072
2838,777,12,v2,2026-04-17T21:15,1347,1,0.55,en,0.015
2839,516,12,v1,2026-05-18T07:19,1036,1,0.783,es,0.0338
2840,620,9,v2,2026-07-27T19:31,1535,1,0.735,en,0.0354
2841,1190,6,v2,2026-02-04T15:41,1057,1,0.919,en,0.0602
2842,57,3,v1,2026-07-15T00:20,1507,0,0.766,es,0.0509
2843,1254,11,v1,2026-07-15T00:49,715,1,0.797,es,0.0323
2844,1292,11,v1,2026-01-04T12:45,997,1,0.977,en,0.0457
2845,1021,5,v3,2026-03-20T15:10,549,1,0.721,en,0.0349
2846,276,10,v2,2026-04-05T15:46,595,1,0.878,en,0.0436
2847,287,10,v2,2026-07-08T16:36,815,1,0.87,he,0.0162
2848,210,8,v1,2026-04-26T18:14,1191,1,0.603,en,0.0165
2849,1489,12,v1,2026-01-17T05:33,1472,1,0.71,en,0.0517
2850,114,5,v1,2026-04-23T23:52,1949,1,0.328,en,0.0061
2851,1592,10,v3,2026-01-12T06:28,1082,0,0.875,en,0.0525
2852,113,11,v3,2026-02-09T05:25,1341,1,0.858,en,0.0218
2853,1516,6,v3,2026-04-09T15:30,896,0,0.709,ja,0.0782
2854,450,1,v2,2026-05-02T04:22,971,1,0.594,en,0.0356
2855,973,4,v2,2026-07-27T06:17,1354,1,0.626,en,0.0173
2856,535,3,v2,2026-02-09T01:07,995,1,0.672,en,0.0169
2857,379,7,v1,2026-02-23T18:12,1826,1,0.698,en,0.0204
2858,1642,2,v2,2026-04-27T23:16,506,1,0.641,es,0.0763
2859,1727,10,v2,2026-05-04T13:23,998,1,0.604,he,0.0063
2860,1677,3,v1,2026-02-17T06:53,2421,1,0.57,en,0.0441
2861,694,7,v1,2026-01-09T23:29,1740,1,0.734,es,0.0237
2862,1155,9,v2,2026-01-09T09:59,1565,1,0.657,es,0.0289
2863,1210,4,v1,2026-07-07T13:45,1419,1,0.774,en,0.0205
2864,135,12,v2,2026-03-20T20:41,896,1,0.711,ja,0.0686
2865,1191,8,v1,2026-02-25T09:08,1319,1,0.943,fr,0.0396
2866,984,10,v3,2026-05-13T14:38,730,1,0.884,en,0.0327
2867,1240,12,v1,2026-02-10T07:11,723,1,0.908,ja,0.0146
2868,815,7,v1,2026-01-13T07:14,1555,1,0.703,de,0.0681
2869,1765,6,v2,2026-05-07T18:11,1948,1,0.721,de,0.0243
2870,1461,4,v2,2026-07-28T04:26,1041,0,0.497,es,0.016
2871,1148,3,v3,2026-05-25T04:32,1244,1,0.739,de,0.0025
2872,151,3,v1,2026-05-12T00:32,2082,1,0.732,es,0.0352
2873,1697,12,v1,2026-06-22T11:39,817,1,0.727,ja,0.0794
2874,506,7,v3,2026-01-05T05:00,1685,0,0.648,he,0.0575
2875,938,10,v2,2026-05-16T03:11,1492,1,0.529,es,0.0051
2876,187,6,v1,2026-05-13T04:20,1473,1,0.654,he,0.0154
2877,548,9,v2,2026-07-24T23:34,2071,1,0.467,en,0.0112
2878,1082,2,v2,2026-07-14T14:27,1409,1,0.615,en,0.0517
2879,369,11,v1,2026-04-12T13:54,1282,1,0.501,en,0.0626
2880,178,6,v3,2026-07-02T23:55,1035,1,0.803,ja,0.0179
2881,117,2,v2,2026-06-12T10:52,1935,1,0.729,en,0.0584
2882,73,12,v3,2026-05-02T01:37,1475,1,0.599,en,0.0591
2883,1425,4,v2,2026-05-11T21:51,1154,1,0.698,en,0.028
2884,283,1,v3,2026-06-27T18:43,1138,0,0.978,en,0.0471
2885,1465,9,v3,2026-02-13T03:32,1001,1,0.986,en,0.0205
2886,744,2,v1,2026-03-19T06:18,1219,1,0.779,fr,0.074
2887,788,6,v2,2026-06-07T16:58,1041,0,0.435,fr,0.0056
2888,1281,5,v1,2026-05-05T05:01,1487,1,0.753,en,0.0407
2889,952,3,v1,2026-02-14T03:29,1172,1,0.612,en,0.0487
2890,121,12,v1,2026-01-14T10:54,1228,1,0.56,en,0.0354
2891,1119,9,v3,2026-07-18T15:27,1142,1,0.588,en,0.0795
2892,917,11,v3,2026-03-16T07:49,895,1,0.656,es,0.0462
2893,822,1,v2,2026-06-30T04:58,538,1,0.77,fr,0.0455
2894,1789,9,v1,2026-04-24T07:34,1602,1,0.94,en,0.0727
2895,81,6,v2,2026-02-02T15:47,180,1,0.862,es,0.0308
2896,615,2,v1,2026-01-03T17:01,1520,1,0.467,fr,0.0043
2897,1790,3,v1,2026-02-13T13:07,1616,1,0.434,en,0.011
2898,529,7,v3,2026-02-27T16:41,1314,1,0.761,fr,0.0496
2899,936,7,v3,2026-02-21T12:33,1707,1,0.919,en,0.0047
2900,1015,1,v2,2026-01-15T07:12,453,1,0.735,es,0.0425
2901,373,1,v2,2026-06-28T18:19,594,1,0.698,en,0.051
2902,1003,9,v1,2026-04-03T11:23,1784,1,0.869,ja,0.0713
2903,1155,6,v3,2026-01-09T09:59,1568,1,0.864,es,0.0296
2904,1610,6,v3,2026-03-26T02:30,1195,0,0.495,fr,0.079
2905,1251,12,v1,2026-04-29T20:00,1266,1,0.926,en,0.0194
2906,943,2,v3,2026-07-25T20:44,1045,1,1.0,en,0.0708
2907,504,2,v3,2026-02-25T15:08,964,0,0.445,en,0.0361
2908,522,8,v2,2026-06-18T19:24,1421,1,0.842,he,0.0168
2909,790,8,v3,2026-04-26T01:12,1768,1,0.694,ja,0.004
2910,1415,8,v2,2026-01-07T11:16,1205,1,0.647,de,0.032
2911,1796,4,v3,2026-03-27T22:00,1101,1,0.947,en,0.0716
2912,625,10,v1,2026-07-02T17:02,1762,1,0.742,en,0.0786
2913,406,6,v3,2026-06-08T18:05,1703,1,0.852,en,0.0773
2914,1447,12,v2,2026-03-24T21:50,777,1,1.0,en,0.0334
2915,92,5,v1,2026-04-03T05:06,1460,1,0.662,de,0.073
2916,386,11,v3,2026-05-05T23:42,593,1,0.702,ja,0.0709
2917,1207,11,v3,2026-07-02T07:48,1493,1,0.89,ja,0.0363
2918,317,12,v1,2026-07-22T10:18,1173,1,0.976,de,0.014
2919,1551,6,v1,2026-02-12T05:54,1368,1,0.568,en,0.0766
2920,578,6,v2,2026-03-27T10:11,1302,1,0.827,en,0.0695
2921,876,12,v1,2026-03-14T03:30,2015,1,0.547,es,0.0453
2922,1685,2,v2,2026-01-20T20:29,1180,1,0.658,de,0.0681
2923,1592,11,v3,2026-01-12T06:28,798,1,0.832,en,0.0201
2924,1498,3,v1,2026-01-17T23:19,1311,1,0.729,es,0.0544
2925,3,7,v3,2026-04-20T22:45,391,1,0.747,en,0.0676
2926,1492,12,v1,2026-07-03T07:10,1620,1,0.571,de,0.0268
2927,1107,5,v3,2026-02-08T09:13,1221,1,0.766,fr,0.0245
2928,701,8,v2,2026-05-04T11:29,949,1,0.567,he,0.0764
2929,248,11,v3,2026-07-02T08:30,469,1,0.685,en,0.0657
2930,750,10,v1,2026-02-12T21:12,1844,1,0.57,fr,0.0523
2931,1285,6,v3,2026-04-15T05:45,285,1,0.478,ja,0.0635
2932,1436,10,v2,2026-06-03T03:55,1490,1,0.827,en,0.0359
2933,1211,5,v2,2026-03-04T02:31,683,1,0.541,en,0.0304
2934,1237,9,v1,2026-04-30T11:53,1512,1,0.902,de,0.0055
2935,372,7,v1,2026-01-31T21:46,1358,1,0.701,es,0.0574
2936,867,11,v1,2026-06-20T21:19,1496,1,1.0,en,0.0662
2937,741,7,v1,2026-03-05T15:10,1752,1,1.0,ja,0.0773
2938,395,12,v3,2026-01-17T17:30,1190,1,0.958,fr,0.0729
2939,730,1,v3,2026-02-25T16:11,1400,1,0.625,es,0.0476
2940,447,7,v1,2026-06-27T00:56,1703,1,1.0,es,0.0552
2941,407,12,v2,2026-05-18T12:51,1123,0,0.671,en,0.0659
2942,298,1,v3,2026-05-29T19:12,1879,1,0.785,es,0.0573
2943,382,10,v3,2026-07-13T05:11,1378,1,0.57,en,0.0658
2944,22,6,v3,2026-04-16T20:48,2018,1,1.0,en,0.0402
2945,520,5,v2,2026-04-01T08:08,575,0,0.616,fr,0.0311
2946,81,1,v2,2026-02-02T15:47,1364,0,0.811,es,0.074
2947,1006,5,v3,2026-05-25T18:57,493,1,0.708,es,0.0437
2948,1085,5,v3,2026-03-06T07:56,207,1,0.765,de,0.0413
2949,1741,11,v3,2026-04-17T07:44,1165,1,0.858,en,0.0608
2950,1738,8,v3,2026-04-24T10:35,1444,1,0.808,en,0.0584
2951,1695,9,v3,2026-01-03T09:19,1881,1,0.644,fr,0.0587
2952,347,1,v3,2026-05-22T08:44,1367,1,0.929,en,0.0488
2953,131,10,v1,2026-03-11T10:26,1828,1,0.635,fr,0.0732
2954,468,9,v3,2026-03-12T22:00,903,1,0.7,en,0.0726
2955,213,11,v2,2026-01-25T18:46,1369,1,0.659,he,0.0085
2956,933,6,v1,2026-06-03T15:30,1934,1,0.832,he,0.013
2957,306,3,v1,2026-05-10T23:15,1644,0,0.591,de,0.0531
2958,1465,5,v1,2026-02-13T03:32,1381,1,0.701,en,0.0762
2959,903,10,v1,2026-03-11T22:23,1369,0,0.71,es,0.0118
2960,837,10,v2,2026-02-15T13:53,1369,0,0.493,es,0.0389
2961,1659,8,v2,2026-04-11T00:13,926,0,0.71,de,0.0311
2962,461,5,v2,2026-07-12T18:11,1245,1,0.647,en,0.0263
2963,1021,11,v1,2026-03-20T15:10,2029,1,0.967,en,0.0666
2964,654,10,v3,2026-05-31T11:31,1517,0,0.601,en,0.0752
2965,973,3,v1,2026-07-27T06:17,1607,1,0.882,en,0.0461
2966,961,11,v1,2026-06-18T01:27,2204,1,0.991,en,0.0266
2967,250,5,v1,2026-01-26T02:08,1171,1,0.746,de,0.0361
2968,1548,12,v3,2026-04-18T10:07,1791,0,0.657,fr,0.0707
2969,654,3,v2,2026-05-31T11:31,1970,1,0.76,en,0.0056
2970,1051,2,v2,2026-04-03T14:20,1087,1,0.622,en,0.0585
2971,1654,8,v1,2026-02-10T00:01,1189,1,0.639,en,0.0697
2972,1569,11,v1,2026-06-20T05:07,1480,1,0.695,fr,0.0343
2973,726,7,v3,2026-07-03T16:51,480,1,0.475,en,0.012
2974,1339,9,v1,2026-05-08T03:17,2161,1,0.531,en,0.0721
2975,451,12,v2,2026-03-19T06:53,1300,1,0.462,en,0.0492
2976,1607,9,v3,2026-07-01T10:06,806,1,0.769,ja,0.0534
2977,425,4,v1,2026-07-06T10:18,1335,1,0.862,es,0.0311
2978,285,2,v2,2026-02-17T10:57,1302,1,0.748,ja,0.0271
2979,1700,1,v2,2026-02-27T00:21,639,1,0.943,de,0.0124
2980,343,7,v1,2026-02-26T14:42,1488,1,0.759,fr,0.0661
2981,234,12,v2,2026-01-27T15:00,1305,1,0.954,es,0.0099
2982,179,7,v3,2026-04-24T06:25,1560,1,0.575,es,0.0037
2983,1718,8,v3,2026-03-30T11:49,1514,1,0.763,en,0.0292
2984,1711,9,v1,2026-05-22T18:41,1626,1,0.731,ja,0.0201
2985,211,4,v2,2026-01-14T06:42,1945,0,0.823,he,0.0402
2986,703,2,v1,2026-06-06T15:56,1625,1,0.765,en,0.0443
2987,264,3,v1,2026-05-21T21:34,1393,1,0.605,en,0.068
2988,1120,10,v3,2026-06-06T05:14,1383,1,0.834,es,0.0088
2989,747,3,v2,2026-01-22T20:51,1755,1,0.707,ja,0.0781
2990,1555,1,v1,2026-06-05T23:21,1687,0,0.744,ja,0.0444
2991,1094,12,v1,2026-01-28T13:06,2124,0,0.521,en,0.0112
2992,1451,9,v3,2026-02-02T13:13,1260,1,0.485,en,0.0682
2993,689,1,v2,2026-01-03T21:34,1075,0,0.58,ja,0.0488
2994,1245,2,v1,2026-03-21T22:08,1413,1,0.589,en,0.0507
2995,1748,5,v3,2026-06-20T08:20,1361,1,0.881,es,0.0063
2996,1178,4,v2,2026-01-16T23:09,1000,1,0.717,en,0.0146
2997,418,12,v1,2026-07-21T05:01,1712,1,0.654,en,0.0766
2998,328,4,v2,2026-06-07T22:08,1015,1,0.636,fr,0.0703
2999,466,4,v1,2026-01-23T23:11,1889,0,0.611,he,0.0636
3000,712,11,v2,2026-05-03T17:33,1259,1,0.992,en,0.002
3001,18,11,v3,2026-05-13T21:42,1223,1,0.422,en,0.0332
3002,513,6,v1,2026-01-26T13:38,1953,1,0.539,en,0.0195
3003,971,5,v2,2026-04-01T03:30,1337,1,0.886,en,0.0483
3004,485,3,v2,2026-05-29T01:02,1282,0,0.791,en,0.0162
3005,320,11,v2,2026-03-16T01:50,863,1,0.564,en,0.0743
3006,877,3,v2,2026-06-01T22:55,1596,1,1.0,en,0.0193
3007,1015,5,v2,2026-01-15T07:12,1379,1,0.98,es,0.0097
3008,1563,4,v2,2026-01-07T04:04,835,1,0.729,de,0.0067
3009,584,4,v2,2026-06-03T12:58,1090,1,0.721,en,0.0181
3010,1121,12,v1,2026-05-05T15:12,2086,1,0.749,en,0.0483
3011,1526,9,v1,2026-01-25T06:40,2286,1,0.895,en,0.0767
3012,277,9,v2,2026-06-24T22:26,871,1,0.709,es,0.0592
3013,671,7,v2,2026-05-25T04:16,640,1,0.809,ja,0.0245
3014,1037,2,v1,2026-06-03T22:02,2012,1,0.591,ja,0.0371
3015,122,7,v2,2026-02-22T17:13,889,1,0.902,de,0.0776
3016,1032,2,v1,2026-07-20T14:50,1954,1,0.692,en,0.0363
3017,1715,5,v3,2026-03-18T10:12,1427,1,0.9,ja,0.0435
3018,1398,12,v1,2026-07-11T05:45,1602,1,0.844,fr,0.0624
3019,353,3,v3,2026-02-05T22:54,1349,0,0.556,de,0.0379
3020,1702,2,v3,2026-02-01T16:12,878,1,0.709,ja,0.0393
3021,1268,4,v3,2026-01-09T23:20,1729,0,0.962,es,0.0481
3022,662,2,v3,2026-05-29T01:29,909,1,0.644,fr,0.0283
3023,484,8,v3,2026-03-22T05:32,1261,0,0.718,ja,0.0578
3024,1135,10,v3,2026-05-23T03:22,702,1,0.762,en,0.0229
3025,1459,5,v2,2026-03-30T17:23,1531,1,0.825,en,0.0414
3026,428,5,v2,2026-06-15T15:38,916,1,0.772,he,0.0336
3027,1666,6,v2,2026-05-20T16:19,1942,1,0.784,en,0.0468
3028,424,9,v2,2026-02-14T13:14,579,0,0.612,en,0.0166
3029,196,7,v2,2026-05-26T13:01,841,1,0.959,ja,0.0041
3030,860,12,v2,2026-01-15T16:52,692,1,0.644,es,0.0532
3031,559,5,v2,2026-06-04T03:37,1186,1,0.935,es,0.079
3032,921,10,v1,2026-06-21T13:43,1787,1,0.668,ja,0.0595
3033,447,10,v3,2026-06-27T00:56,1157,0,0.909,es,0.0148
3034,1362,6,v2,2026-03-28T08:00,1248,1,0.544,de,0.0355
3035,845,4,v1,2026-03-05T04:15,1753,1,0.891,en,0.0083
3036,482,9,v3,2026-07-21T19:01,740,1,0.539,en,0.0518
3037,1723,4,v1,2026-03-17T18:29,1443,1,0.571,en,0.0223
3038,1456,12,v1,2026-07-22T05:46,783,1,0.86,he,0.0064
3039,283,1,v1,2026-06-27T18:43,1163,1,0.822,en,0.0338
3040,663,9,v1,2026-05-20T10:12,1019,1,0.483,en,0.035
3041,660,8,v2,2026-07-23T07:26,596,1,0.932,en,0.0271
3042,155,7,v3,2026-04-30T05:14,1411,1,0.795,en,0.0593
3043,645,10,v2,2026-04-03T19:00,1688,1,0.745,en,0.0351
3044,1566,1,v3,2026-04-11T03:11,545,1,0.767,en,0.0168
3045,540,6,v2,2026-06-27T18:14,1116,0,0.669,es,0.057
3046,403,5,v2,2026-01-20T06:15,1120,1,0.312,fr,0.0032
3047,1680,2,v3,2026-05-01T04:04,1017,1,0.805,en,0.0583
3048,1365,9,v1,2026-05-19T08:11,1431,1,0.667,de,0.0536
3049,1730,10,v3,2026-01-06T00:32,1026,1,0.953,fr,0.0568
3050,891,5,v1,2026-06-10T01:56,1602,1,0.718,ja,0.0052
3051,118,2,v2,2026-03-30T18:08,1006,1,0.944,de,0.0779
3052,313,4,v1,2026-05-21T16:27,1230,1,0.761,en,0.0573
3053,1570,6,v2,2026-05-31T09:28,657,1,0.674,en,0.0678
3054,1263,3,v1,2026-06-15T07:56,1445,1,0.777,en,0.0364
3055,1132,11,v3,2026-01-27T14:59,726,1,0.714,en,0.0597
3056,971,9,v3,2026-04-01T03:30,1067,1,0.911,en,0.0476
3057,1611,8,v3,2026-03-31T02:41,1575,1,0.866,en,0.0373
3058,1327,11,v3,2026-05-15T23:19,912,1,0.418,en,0.0165
3059,1495,11,v3,2026-05-27T07:57,1204,1,0.895,es,0.0451
3060,489,1,v2,2026-04-03T01:07,1895,1,0.596,en,0.038
3061,31,10,v3,2026-06-26T09:02,944,1,0.722,de,0.0478
3062,1,7,v1,2026-03-08T21:39,1958,1,0.728,en,0.0044
3063,664,1,v2,2026-02-01T18:04,936,1,0.66,en,0.0265
3064,1253,9,v2,2026-03-27T12:18,1412,1,0.602,fr,0.0394
3065,538,8,v1,2026-07-09T19:53,2349,1,0.678,en,0.0029
3066,1368,8,v1,2026-06-18T06:30,1238,1,0.585,en,0.0606
3067,1177,11,v1,2026-01-23T19:17,1949,1,0.689,en,0.0477
3068,762,12,v3,2026-05-31T10:28,1660,1,0.887,en,0.0659
3069,1144,2,v1,2026-06-03T23:27,1160,1,0.697,en,0.0484
3070,442,3,v3,2026-03-05T00:38,1235,1,0.628,fr,0.012
3071,750,12,v1,2026-02-12T21:12,968,1,0.687,fr,0.0121
3072,1312,11,v2,2026-03-28T16:56,811,1,0.495,he,0.0528
3073,101,11,v2,2026-01-06T03:04,1903,0,0.752,fr,0.0606
3074,297,8,v1,2026-06-20T23:33,1547,0,0.56,en,0.0696
3075,260,4,v3,2026-05-26T05:23,2002,1,0.814,de,0.0207
3076,1675,9,v2,2026-03-15T12:35,1232,1,0.497,he,0.0504
3077,810,2,v2,2026-02-21T23:03,754,1,0.956,de,0.0403
3078,1042,12,v2,2026-06-10T20:24,1194,1,0.765,de,0.08
3079,1068,2,v2,2026-03-19T03:44,1864,1,1.0,ja,0.0471
3080,1515,6,v3,2026-06-03T12:42,2108,1,0.637,es,0.0456
3081,1382,11,v3,2026-04-10T22:02,823,1,0.959,he,0.0339
3082,2,6,v1,2026-02-10T14:20,1819,1,0.944,en,0.0029
3083,1327,4,v2,2026-05-15T23:19,1208,1,0.599,en,0.0282
3084,1184,12,v3,2026-03-13T08:46,775,1,0.618,ja,0.0202
3085,672,9,v3,2026-02-12T17:14,744,0,0.684,fr,0.0718
3086,1108,3,v1,2026-03-25T01:10,1380,1,0.873,ja,0.0236
3087,1762,7,v3,2026-02-23T19:43,529,1,1.0,de,0.061
3088,872,10,v3,2026-02-19T19:28,1599,1,0.619,en,0.0533
3089,1039,12,v1,2026-07-07T15:07,1520,0,0.583,en,0.0492
3090,308,2,v1,2026-05-28T07:07,1875,1,1.0,he,0.0755
3091,1065,6,v1,2026-06-08T09:50,1934,1,0.729,es,0.0476
3092,879,2,v1,2026-03-11T19:59,1619,0,0.703,en,0.0332
3093,314,8,v2,2026-01-06T18:50,1031,1,0.586,de,0.0476
3094,187,7,v2,2026-05-13T04:20,1076,0,0.68,he,0.0788
3095,1759,8,v1,2026-05-27T09:16,1653,1,0.686,en,0.0309
3096,327,6,v1,2026-03-31T02:58,1166,1,0.777,en,0.0641
3097,1031,7,v2,2026-03-15T16:26,1406,0,0.72,en,0.0143
3098,252,1,v3,2026-06-04T04:46,1363,1,0.773,de,0.0458
3099,252,1,v3,2026-06-04T04:46,1091,1,0.722,de,0.0214
3100,952,11,v1,2026-02-14T03:29,1755,1,0.859,en,0.0189
3101,815,12,v2,2026-01-13T07:14,961,1,0.804,de,0.0148
3102,280,4,v2,2026-05-27T10:20,912,0,1.0,de,0.043
3103,1342,4,v1,2026-02-03T20:14,1221,1,0.496,en,0.0648
3104,1359,12,v3,2026-06-04T17:02,1385,1,0.863,en,0.0296
3105,1453,5,v3,2026-07-25T00:22,1316,1,0.7,es,0.0024
3106,502,10,v1,2026-03-25T17:11,771,1,0.407,es,0.0025
3107,631,7,v2,2026-07-17T18:37,921,1,0.933,fr,0.0106
3108,1290,8,v3,2026-03-15T18:06,957,1,0.462,es,0.0678
3109,1216,9,v2,2026-07-20T01:01,1420,1,0.725,de,0.0163
3110,717,4,v3,2026-06-05T06:53,752,1,1.0,de,0.0329
3111,163,11,v1,2026-07-27T12:43,355,1,0.765,ja,0.0581
3112,1103,1,v1,2026-02-09T05:26,1859,1,1.0,en,0.0073
3113,805,3,v1,2026-03-17T10:26,1658,1,1.0,de,0.0334
3114,1469,11,v3,2026-07-11T16:01,907,1,0.62,es,0.0315
3115,786,1,v3,2026-06-14T20:13,1292,0,0.748,en,0.055
3116,1152,3,v3,2026-07-22T14:21,1450,1,0.626,de,0.0439
3117,1081,12,v1,2026-07-07T21:52,1293,1,0.899,de,0.0694
3118,334,2,v2,2026-05-18T16:30,1885,1,0.732,en,0.0115
3119,891,5,v2,2026-06-10T01:56,582,1,0.665,ja,0.0766
3120,511,11,v1,2026-05-18T02:06,1374,1,0.789,he,0.0628
3121,92,10,v2,2026-04-03T05:06,2346,1,0.437,de,0.0549
3122,1694,5,v1,2026-07-02T10:29,1034,1,0.708,fr,0.0317
3123,327,8,v3,2026-03-31T02:58,1441,1,1.0,en,0.0664
3124,1044,2,v3,2026-03-04T22:03,704,1,1.0,en,0.0476
3125,401,2,v2,2026-05-05T03:40,1435,1,0.875,he,0.0619
3126,1168,6,v2,2026-02-19T22:49,848,1,0.541,de,0.0703
3127,402,9,v2,2026-02-02T23:37,1181,1,0.687,fr,0.0622
3128,1633,12,v2,2026-07-23T00:57,402,1,0.621,es,0.0448
3129,141,10,v2,2026-02-23T17:12,1900,1,0.693,ja,0.0296
3130,227,3,v2,2026-07-07T03:55,862,1,0.559,en,0.0342
3131,760,8,v3,2026-03-06T17:47,1555,1,0.534,es,0.0235
3132,1105,12,v2,2026-02-08T08:00,1314,1,0.524,en,0.0633
3133,1081,6,v1,2026-07-07T21:52,1963,1,0.885,de,0.067
3134,538,10,v2,2026-07-09T19:53,1013,0,0.615,en,0.061
3135,1607,12,v2,2026-07-01T10:06,906,1,0.539,ja,0.0536
3136,278,7,v1,2026-06-05T05:35,1132,1,0.651,es,0.0789
3137,353,4,v3,2026-02-05T22:54,902,1,0.697,de,0.0286
3138,1394,5,v3,2026-02-13T00:48,1218,1,0.598,ja,0.0116
3139,1466,7,v2,2026-04-13T05:06,585,1,0.828,en,0.0235
3140,937,5,v2,2026-04-16T14:11,1078,1,0.787,es,0.0562
3141,674,10,v3,2026-06-05T00:16,1382,1,0.563,en,0.0719
3142,1185,2,v3,2026-06-18T17:33,825,1,0.699,en,0.08
3143,1516,5,v3,2026-04-09T15:30,972,0,0.967,ja,0.0191
3144,698,2,v3,2026-01-26T18:38,811,0,0.836,de,0.058
3145,1243,5,v3,2026-02-22T10:34,781,1,0.896,en,0.0684
3146,736,2,v2,2026-04-05T07:02,1053,1,0.754,en,0.006
3147,127,3,v2,2026-05-28T03:46,394,1,0.78,ja,0.0613
3148,1194,9,v2,2026-04-15T11:12,914,1,0.981,he,0.038
3149,203,11,v1,2026-06-11T00:08,1177,1,0.719,fr,0.0137
3150,2,1,v3,2026-02-10T14:20,905,1,0.857,en,0.0783
3151,172,6,v1,2026-02-21T07:02,1623,0,0.659,en,0.0443
3152,841,8,v2,2026-05-16T21:53,1032,1,0.615,en,0.0533
3153,938,10,v1,2026-05-16T03:11,1542,1,0.926,es,0.0461
3154,844,2,v3,2026-06-22T02:22,715,1,0.713,he,0.0369
3155,497,10,v3,2026-05-30T15:14,1098,0,0.947,en,0.0159
3156,344,10,v2,2026-06-17T17:20,1628,1,0.409,de,0.0756
3157,1217,3,v2,2026-01-21T20:16,796,1,0.569,en,0.0052
3158,1638,8,v2,2026-07-20T02:50,1412,1,0.495,fr,0.0508
3159,846,7,v2,2026-06-13T17:24,1051,1,0.956,en,0.0187
3160,728,7,v1,2026-05-17T11:45,1771,1,0.698,fr,0.0697
3161,82,1,v3,2026-06-06T19:15,1690,1,1.0,es,0.0752
3162,857,2,v2,2026-04-16T23:49,1452,1,0.832,en,0.0342
3163,1798,3,v2,2026-03-11T00:25,1359,1,0.93,en,0.0609
3164,862,10,v1,2026-06-30T06:40,1608,1,0.71,ja,0.0247
3165,582,9,v1,2026-01-18T13:44,1565,1,0.857,es,0.0693
3166,440,11,v3,2026-02-04T20:38,842,1,0.904,ja,0.0078
3167,1007,1,v3,2026-04-30T23:56,1531,1,1.0,de,0.0518
3168,402,9,v2,2026-02-02T23:37,1026,1,0.703,fr,0.0586
3169,1754,5,v2,2026-06-01T06:42,726,1,0.653,en,0.0082
3170,1177,6,v1,2026-01-23T19:17,1161,1,0.891,en,0.0256
3171,112,5,v2,2026-01-28T18:25,716,1,0.579,en,0.0757
3172,813,9,v1,2026-06-18T03:52,1707,1,0.839,es,0.031
3173,1213,9,v2,2026-07-03T02:30,1884,1,0.767,ja,0.0773
3174,43,9,v3,2026-03-21T23:13,415,1,0.611,he,0.0501
3175,983,6,v3,2026-07-06T22:49,1240,1,0.882,en,0.0294
3176,89,12,v2,2026-06-08T12:57,1693,1,0.563,en,0.0515
3177,961,10,v3,2026-06-18T01:27,1019,1,0.523,en,0.0523
3178,645,9,v2,2026-04-03T19:00,1673,1,0.68,en,0.0132
3179,1394,4,v3,2026-02-13T00:48,1448,1,0.593,ja,0.0134
3180,344,12,v1,2026-06-17T17:20,2429,1,0.628,de,0.0033
3181,66,8,v1,2026-07-16T19:23,2357,1,0.594,en,0.0593
3182,991,8,v1,2026-01-09T06:18,2005,1,0.271,de,0.0225
3183,1092,11,v1,2026-02-16T20:29,1374,1,0.752,en,0.0315
3184,1468,9,v2,2026-03-29T08:13,1243,0,0.628,en,0.0716
3185,218,5,v1,2026-05-27T06:01,770,1,0.627,en,0.0774
3186,932,11,v2,2026-02-18T18:58,1092,1,0.635,en,0.0253
3187,50,1,v1,2026-07-03T13:22,1010,1,0.722,en,0.0395
3188,237,6,v3,2026-07-12T11:09,1073,1,0.752,de,0.0573
3189,866,12,v1,2026-03-31T07:40,1192,1,0.61,en,0.0104
3190,510,12,v1,2026-06-15T06:36,1701,1,0.674,en,0.0742
3191,1742,3,v1,2026-03-09T04:06,1333,1,0.635,en,0.008
3192,932,9,v3,2026-02-18T18:58,1410,0,0.704,en,0.0189
3193,1163,3,v3,2026-06-28T22:29,338,1,0.802,ja,0.0438
3194,1617,12,v3,2026-06-03T00:04,1082,1,0.635,de,0.0709
3195,1455,5,v3,2026-03-02T22:03,1382,1,0.615,en,0.0591
3196,799,11,v3,2026-02-05T03:19,1020,1,0.739,en,0.0116
3197,810,6,v2,2026-02-21T23:03,1700,1,0.772,de,0.0434
3198,1095,3,v2,2026-03-26T16:21,1218,1,0.815,ja,0.0573
3199,839,6,v2,2026-05-26T15:38,988,1,0.851,en,0.0112
3200,91,12,v1,2026-05-14T01:49,794,1,0.641,en,0.0352
3201,1117,1,v3,2026-01-01T07:01,1479,1,0.688,en,0.0029
3202,386,9,v2,2026-05-05T23:42,1334,1,0.442,ja,0.0066
3203,1018,2,v2,2026-04-04T22:44,1608,1,0.945,es,0.0169
3204,1405,11,v2,2026-03-25T07:26,439,1,0.976,es,0.0541
3205,335,8,v3,2026-05-15T17:39,256,1,0.801,en,0.032
3206,736,4,v1,2026-04-05T07:02,2403,1,0.785,en,0.0108
3207,577,5,v2,2026-04-04T22:44,438,1,0.689,en,0.0641
3208,1451,6,v3,2026-02-02T13:13,1488,0,0.34,en,0.0306
3209,477,11,v1,2026-06-28T05:40,1106,1,0.549,en,0.0281
3210,342,4,v3,2026-01-03T01:42,1548,0,0.823,es,0.0719
3211,261,2,v2,2026-02-16T00:01,904,1,0.782,es,0.0769
3212,156,5,v2,2026-02-24T05:40,1093,1,0.582,en,0.0471
3213,447,2,v3,2026-06-27T00:56,950,1,0.63,es,0.0424
3214,657,3,v3,2026-05-10T11:52,896,1,0.777,en,0.073
3215,196,4,v1,2026-05-26T13:01,1617,1,0.555,ja,0.0197
3216,1297,5,v2,2026-02-19T00:04,1103,0,0.648,en,0.0243
3217,759,4,v1,2026-02-28T14:11,1704,1,0.978,es,0.0045
3218,1190,4,v3,2026-02-04T15:41,1663,1,0.995,en,0.0105
3219,1249,12,v1,2026-02-04T16:02,1177,1,0.461,ja,0.0122
3220,30,8,v1,2026-04-24T12:41,1150,1,0.498,es,0.0527
3221,1157,11,v2,2026-01-10T12:56,1226,1,0.791,en,0.0386
3222,279,11,v2,2026-07-09T22:53,734,1,0.747,en,0.0506
3223,1165,3,v3,2026-03-22T01:05,1584,1,0.905,es,0.04
3224,677,8,v1,2026-07-21T18:09,1549,1,0.781,en,0.024
3225,953,5,v1,2026-03-24T13:55,1791,1,0.593,en,0.0677
3226,1317,12,v2,2026-06-03T23:06,1743,1,0.986,fr,0.0513
3227,698,11,v3,2026-01-26T18:38,458,0,1.0,de,0.0585
3228,1331,5,v2,2026-06-14T03:54,569,1,0.968,ja,0.0409
3229,347,11,v2,2026-05-22T08:44,1348,1,0.55,en,0.0416
3230,866,2,v2,2026-03-31T07:40,805,1,0.648,en,0.0234
3231,1683,12,v1,2026-05-02T21:37,815,1,0.762,en,0.0667
3232,373,12,v3,2026-06-28T18:19,1912,1,0.971,en,0.0655
3233,1725,3,v1,2026-02-05T17:56,1557,0,0.771,en,0.0061
3234,1322,10,v3,2026-05-19T07:54,1027,1,0.776,es,0.0041
3235,567,9,v3,2026-07-25T17:09,1670,1,1.0,de,0.0375
3236,1115,3,v3,2026-06-10T10:31,1582,1,0.725,en,0.0224
3237,1534,1,v1,2026-02-23T05:26,2045,1,0.755,en,0.0668
3238,1027,3,v1,2026-04-08T13:25,1386,1,0.621,es,0.0171
3239,1447,12,v1,2026-03-24T21:50,898,1,0.736,en,0.0473
3240,1146,2,v3,2026-04-22T22:25,879,1,0.964,fr,0.0488
3241,1117,8,v3,2026-01-01T07:01,638,1,0.724,en,0.0169
3242,347,8,v3,2026-05-22T08:44,939,0,0.544,en,0.0746
3243,1438,11,v3,2026-04-04T23:04,884,1,0.761,en,0.0505
3244,1355,9,v3,2026-03-25T03:12,1249,1,0.761,es,0.0566
3245,1187,2,v2,2026-01-01T21:35,1528,0,0.483,ja,0.0062
3246,915,4,v3,2026-05-21T06:58,488,1,0.772,ja,0.0281
3247,1059,6,v3,2026-03-14T21:36,1473,0,0.613,de,0.0034
3248,1191,10,v2,2026-02-25T09:08,1621,1,0.716,fr,0.0341
3249,1475,4,v1,2026-04-01T16:36,1264,1,0.778,en,0.0204
3250,1474,2,v3,2026-04-17T15:43,1398,1,1.0,de,0.0613
3251,1206,10,v3,2026-07-16T00:50,1716,1,0.819,en,0.0205
3252,723,10,v3,2026-03-03T10:51,1345,1,0.857,es,0.0643
3253,147,6,v1,2026-01-02T05:20,1715,1,0.897,es,0.0343
3254,499,11,v3,2026-06-28T16:02,1163,1,0.531,fr,0.0206
3255,733,10,v3,2026-05-18T13:08,1027,1,0.852,fr,0.0196
3256,1031,2,v3,2026-03-15T16:26,1196,1,0.837,en,0.0604
3257,428,10,v1,2026-06-15T15:38,1546,1,0.631,he,0.0086
3258,430,4,v3,2026-03-04T02:48,1739,1,1.0,en,0.0117
3259,642,4,v3,2026-07-01T23:05,521,1,0.99,es,0.0131
3260,1004,10,v2,2026-06-12T12:43,1146,1,1.0,en,0.0427
3261,1422,11,v1,2026-02-24T08:34,1412,1,0.789,en,0.0471
3262,1784,12,v1,2026-05-18T02:05,1035,1,0.787,en,0.0305
3263,19,7,v3,2026-04-03T14:05,1160,1,0.914,en,0.0442
3264,326,12,v1,2026-06-01T07:01,837,1,0.616,en,0.0047
3265,1343,5,v3,2026-06-24T10:03,687,1,0.789,he,0.0105
3266,1618,11,v1,2026-07-05T05:48,2077,1,0.657,en,0.0736
3267,1773,12,v3,2026-01-04T20:28,1513,1,0.835,ja,0.0457
3268,1375,4,v2,2026-07-28T01:51,180,1,0.313,en,0.0456
3269,650,3,v2,2026-01-17T01:11,2083,1,0.654,en,0.0177
3270,1340,6,v3,2026-02-05T20:55,376,1,0.948,en,0.041
3271,889,9,v1,2026-07-04T10:25,1322,1,0.703,en,0.0223
3272,1702,7,v2,2026-02-01T16:12,1505,1,1.0,ja,0.0068
3273,1751,7,v2,2026-01-17T01:58,2131,0,1.0,fr,0.0433
3274,890,10,v2,2026-03-28T03:30,1517,1,0.756,he,0.0026
3275,125,12,v3,2026-03-14T16:12,1109,1,0.679,en,0.0224
3276,68,9,v1,2026-01-28T11:21,1109,1,0.205,he,0.0638
3277,1681,2,v3,2026-02-23T14:54,1129,1,0.821,es,0.0038
3278,1027,6,v2,2026-04-08T13:25,750,0,0.664,es,0.0772
3279,68,3,v1,2026-01-28T11:21,1712,1,0.771,he,0.0053
3280,517,12,v2,2026-01-29T06:14,1124,1,0.851,ja,0.0685
3281,1792,8,v2,2026-06-15T06:47,702,1,0.888,en,0.0788
3282,546,10,v2,2026-07-25T02:48,1077,1,0.833,en,0.0391
3283,16,7,v2,2026-03-19T03:32,883,1,0.642,en,0.0719
3284,923,12,v1,2026-05-17T01:45,1138,1,0.668,ja,0.0499
3285,391,8,v1,2026-06-12T10:30,2014,0,0.645,en,0.0604
3286,731,2,v3,2026-06-10T09:13,1202,1,0.726,ja,0.0431
3287,1003,6,v1,2026-04-03T11:23,1493,1,0.792,ja,0.0463
3288,442,5,v2,2026-03-05T00:38,1178,1,0.92,fr,0.0256
3289,396,7,v2,2026-06-23T21:14,639,1,0.841,en,0.0623
3290,1029,9,v1,2026-03-15T15:17,1184,1,0.667,fr,0.0602
3291,734,2,v3,2026-02-10T04:19,994,1,0.494,en,0.0653
3292,457,11,v3,2026-02-16T14:07,1368,1,0.894,he,0.0302
3293,1538,4,v3,2026-07-19T00:13,1374,1,1.0,ja,0.0362
3294,1222,4,v3,2026-05-10T05:47,1490,1,0.854,en,0.0343
3295,1364,3,v1,2026-05-06T13:12,1414,1,0.64,de,0.0664
3296,575,12,v1,2026-02-23T22:15,1899,1,0.645,en,0.0091
3297,1663,10,v2,2026-05-06T19:10,1058,1,0.772,de,0.0104
3298,998,6,v2,2026-04-03T18:17,1167,1,0.437,en,0.0701
3299,788,7,v3,2026-06-07T16:58,769,1,0.741,fr,0.0137
3300,1625,11,v2,2026-04-01T06:01,1442,1,0.774,de,0.0101
3301,6,12,v1,2026-04-13T07:20,2116,1,0.629,en,0.0134
3302,342,10,v2,2026-01-03T01:42,1811,1,0.718,es,0.0787
3303,1729,7,v2,2026-06-12T23:10,779,1,0.886,de,0.039
3304,1186,8,v2,2026-03-29T19:46,1155,1,0.534,fr,0.0107
3305,1157,8,v3,2026-01-10T12:56,1280,1,0.899,en,0.0168
3306,1210,9,v2,2026-07-07T13:45,1582,1,0.797,en,0.0186
3307,827,3,v1,2026-04-28T14:02,1283,1,0.638,es,0.0672
3308,250,12,v3,2026-01-26T02:08,1000,1,0.595,de,0.0284
3309,1185,4,v2,2026-06-18T17:33,782,1,1.0,en,0.0605
3310,1422,7,v2,2026-02-24T08:34,965,1,0.538,en,0.0646
3311,372,9,v2,2026-01-31T21:46,727,1,0.601,es,0.0776
3312,1271,11,v1,2026-05-21T14:36,1824,1,0.635,fr,0.0462
3313,863,4,v1,2026-02-13T08:13,1371,1,0.863,fr,0.0468
3314,1282,12,v1,2026-04-16T11:23,1396,1,0.708,fr,0.0216
3315,470,4,v1,2026-03-10T13:40,1530,1,0.593,en,0.068
3316,126,7,v3,2026-06-28T02:15,1200,1,0.743,es,0.035
3317,1331,9,v2,2026-06-14T03:54,1071,1,0.519,ja,0.0246
3318,360,11,v1,2026-02-20T04:28,925,1,0.677,de,0.0658
3319,1168,2,v1,2026-02-19T22:49,1603,1,0.645,de,0.0677
3320,1767,3,v2,2026-02-01T10:05,253,1,1.0,fr,0.0335
3321,1261,2,v3,2026-06-19T07:11,1997,1,0.681,en,0.0226
3322,1204,4,v1,2026-02-12T22:18,1018,1,0.771,en,0.0415
3323,1742,3,v3,2026-03-09T04:06,1432,1,0.425,en,0.0201
3324,136,4,v1,2026-06-14T15:50,892,1,0.901,en,0.0107
3325,1471,2,v2,2026-03-04T14:01,1642,0,0.641,he,0.0592
3326,1276,3,v3,2026-01-23T07:02,499,1,0.466,de,0.0249
3327,214,10,v3,2026-03-24T03:52,1539,1,0.751,en,0.0559
3328,1421,12,v1,2026-05-10T02:00,1114,1,0.525,es,0.0482
3329,153,9,v1,2026-01-27T12:43,2129,1,0.884,en,0.0599
3330,1147,8,v2,2026-04-09T11:57,1120,0,0.757,he,0.0268
3331,1632,5,v3,2026-01-14T02:20,519,1,0.555,en,0.0331
3332,356,3,v3,2026-06-08T17:36,1467,1,0.736,es,0.0727
3333,842,3,v1,2026-03-14T08:06,1220,1,0.514,en,0.0529
3334,847,3,v2,2026-02-15T00:13,796,1,0.904,en,0.0747
3335,1511,7,v3,2026-05-30T14:42,951,1,0.647,fr,0.0055
3336,406,6,v2,2026-06-08T18:05,1156,1,0.265,en,0.0413
3337,707,2,v2,2026-06-08T18:28,580,1,0.762,ja,0.0227
3338,669,9,v3,2026-07-12T12:48,899,1,0.947,en,0.0466
3339,178,12,v1,2026-07-02T23:55,2140,1,0.633,ja,0.0483
3340,1336,8,v3,2026-04-21T16:21,1691,1,0.531,en,0.062
3341,1664,4,v2,2026-05-04T21:11,1407,1,0.813,es,0.0167
3342,1340,12,v1,2026-02-05T20:55,2030,1,0.827,en,0.043
3343,249,3,v2,2026-07-21T05:26,2146,1,0.788,he,0.0347
3344,100,8,v1,2026-03-11T19:21,2584,1,0.625,fr,0.0612
3345,1130,2,v3,2026-02-02T13:14,901,1,0.703,en,0.0616
3346,931,3,v1,2026-07-08T16:45,963,1,0.567,de,0.0508
3347,353,7,v3,2026-02-05T22:54,1271,1,0.784,de,0.0486
3348,975,3,v2,2026-03-20T20:36,1079,1,0.753,es,0.0195
3349,449,11,v2,2026-02-06T00:58,1053,1,0.782,he,0.0677
3350,83,7,v3,2026-07-25T15:13,1286,1,0.905,fr,0.0341
3351,1308,3,v3,2026-02-11T21:09,730,1,0.582,fr,0.0284
3352,1721,7,v2,2026-03-12T20:21,617,1,0.875,es,0.0788
3353,1326,10,v2,2026-03-30T17:49,769,1,0.612,es,0.015
3354,540,8,v2,2026-06-27T18:14,676,1,0.797,es,0.076
3355,1141,11,v2,2026-01-07T01:39,1377,1,0.477,en,0.018
3356,541,4,v3,2026-02-08T14:11,1648,1,0.604,en,0.0299
3357,1359,9,v3,2026-06-04T17:02,1160,1,0.717,en,0.038
3358,13,1,v1,2026-01-25T08:50,1708,1,0.912,en,0.0089
3359,415,5,v3,2026-05-17T11:37,901,1,1.0,en,0.0393
3360,891,10,v1,2026-06-10T01:56,1395,1,0.896,ja,0.074
3361,947,11,v3,2026-06-05T20:37,1038,1,0.738,en,0.0704
3362,1679,4,v2,2026-04-23T17:39,1297,1,0.673,es,0.0613
3363,343,8,v2,2026-02-26T14:42,1072,1,0.841,fr,0.0706
3364,567,11,v3,2026-07-25T17:09,941,1,0.803,de,0.0622
3365,23,7,v1,2026-06-17T11:18,1384,0,0.629,de,0.0769
3366,59,11,v2,2026-03-17T07:32,1458,1,0.789,ja,0.0445
3367,579,9,v3,2026-05-15T10:57,1546,1,0.842,en,0.08
3368,421,11,v3,2026-05-07T01:44,1026,0,0.751,en,0.051
3369,1060,10,v2,2026-01-03T03:44,1651,1,0.677,es,0.0026
3370,1156,6,v1,2026-06-22T10:49,1386,1,0.494,es,0.0684
3371,93,7,v2,2026-01-22T04:41,961,1,0.665,ja,0.0034
3372,1180,4,v1,2026-05-16T18:38,2032,1,0.584,de,0.0152
3373,1779,5,v1,2026-05-23T23:00,1385,1,0.919,fr,0.0328
3374,1567,9,v1,2026-06-23T09:39,1448,1,1.0,es,0.0082
3375,661,4,v1,2026-07-15T23:18,1215,1,0.571,en,0.0316
3376,112,1,v1,2026-01-28T18:25,1692,1,0.734,en,0.0064
3377,386,11,v3,2026-05-05T23:42,1819,1,0.954,ja,0.0667
3378,1550,1,v3,2026-06-14T15:30,968,1,1.0,en,0.0527
3379,14,6,v1,2026-07-27T12:53,1444,1,1.0,en,0.025
3380,84,12,v2,2026-05-31T02:01,1373,1,0.795,en,0.0526
3381,1743,1,v3,2026-04-22T12:00,1508,1,0.938,de,0.0199
3382,316,5,v1,2026-04-20T13:11,1479,1,0.593,de,0.0657
3383,233,7,v2,2026-04-05T21:12,1868,1,0.495,de,0.0717
3384,1339,4,v1,2026-05-08T03:17,1239,1,0.933,en,0.0408
3385,1524,11,v1,2026-04-14T09:35,1868,1,0.961,en,0.0295
3386,119,1,v3,2026-07-14T21:03,651,1,0.814,es,0.0433
3387,434,4,v3,2026-06-26T17:47,2221,1,0.754,en,0.0086
3388,1185,6,v2,2026-06-18T17:33,1119,1,0.831,en,0.075
3389,854,12,v2,2026-03-31T18:13,829,1,1.0,en,0.0716
3390,199,5,v2,2026-01-07T03:07,2040,1,0.693,en,0.0484
3391,454,7,v1,2026-03-18T22:28,753,1,0.784,en,0.0578
3392,1113,10,v1,2026-06-25T09:16,1502,0,0.203,de,0.0089
3393,1438,4,v2,2026-04-04T23:04,1252,1,0.744,en,0.0173
3394,1716,6,v3,2026-03-01T17:43,1467,1,1.0,ja,0.0435
3395,58,5,v3,2026-06-03T23:23,1283,1,1.0,en,0.0026
3396,1726,8,v3,2026-01-08T11:29,188,1,0.921,en,0.0481
3397,35,4,v2,2026-06-06T05:37,1026,1,0.509,es,0.0685
3398,1619,4,v2,2026-05-29T12:48,2168,1,0.653,en,0.0103
3399,492,11,v1,2026-06-03T05:05,1605,0,0.8,de,0.0147
3400,536,2,v3,2026-04-23T05:00,1363,1,0.89,es,0.0771
3401,1656,2,v2,2026-04-14T15:12,958,0,1.0,es,0.0033
3402,469,5,v1,2026-04-29T17:40,1859,1,0.731,de,0.0704
3403,1295,11,v2,2026-07-05T19:07,1736,1,0.966,en,0.0317
3404,673,10,v1,2026-03-21T06:02,1778,1,0.632,ja,0.0723
3405,1467,1,v1,2026-02-28T16:45,1299,1,0.692,en,0.0533
3406,171,9,v2,2026-03-29T03:03,1055,1,0.714,de,0.0206
3407,1397,7,v3,2026-05-31T20:18,471,1,0.726,ja,0.0333
3408,1401,4,v1,2026-02-12T08:33,1706,1,0.639,es,0.0777
3409,859,2,v3,2026-02-28T11:36,587,1,0.711,en,0.0602
3410,232,2,v3,2026-07-12T15:10,1334,1,0.822,en,0.054
3411,1333,4,v2,2026-02-22T19:46,1717,1,0.935,en,0.0544
3412,520,10,v3,2026-04-01T08:08,968,1,0.74,fr,0.0137
3413,1587,12,v3,2026-06-17T10:14,767,1,0.782,en,0.0677
3414,17,6,v1,2026-07-01T20:55,1320,1,0.702,es,0.0702
3415,719,1,v3,2026-04-04T19:23,926,0,0.571,en,0.0349
3416,550,7,v2,2026-06-23T06:39,1376,1,1.0,en,0.0705
3417,657,8,v1,2026-05-10T11:52,1855,1,0.957,en,0.0269
3418,1616,6,v2,2026-01-20T07:33,976,1,0.65,de,0.0032
3419,780,9,v2,2026-06-20T08:40,650,1,0.712,es,0.0593
3420,481,6,v1,2026-03-28T18:16,2380,1,0.705,en,0.0323
3421,16,6,v3,2026-03-19T03:32,869,1,0.939,en,0.0321
3422,831,8,v2,2026-05-16T18:29,1217,1,0.71,en,0.0362
3423,243,11,v1,2026-01-16T13:42,1098,1,0.561,en,0.0152
3424,739,8,v3,2026-02-08T02:37,1651,1,0.684,ja,0.0538
3425,349,9,v1,2026-04-06T09:51,1823,1,0.433,en,0.0732
3426,1162,2,v3,2026-04-04T09:01,1162,1,0.6,en,0.0167
3427,84,7,v1,2026-05-31T02:01,2314,1,0.331,en,0.0517
3428,1754,9,v1,2026-06-01T06:42,1850,1,0.514,en,0.0291
3429,174,11,v3,2026-05-23T06:36,1193,1,0.707,ja,0.0672
3430,549,4,v2,2026-05-23T22:44,1020,1,0.983,en,0.0374
3431,1290,2,v1,2026-03-15T18:06,1588,1,0.749,es,0.0769
3432,652,2,v2,2026-05-08T19:50,1091,1,1.0,ja,0.0759
3433,1097,4,v3,2026-02-18T17:37,1519,1,0.789,en,0.0513
3434,282,3,v3,2026-07-25T21:05,1234,1,1.0,ja,0.0169
3435,146,1,v3,2026-07-05T03:48,1508,1,0.351,es,0.0782
3436,159,3,v2,2026-07-15T00:35,979,1,0.634,es,0.0616
3437,1590,5,v1,2026-01-18T06:46,1159,1,0.935,en,0.0195
3438,513,6,v3,2026-01-26T13:38,1270,1,0.767,en,0.0212
3439,496,12,v1,2026-03-05T15:09,1972,1,0.617,en,0.0494
3440,1115,11,v2,2026-06-10T10:31,746,1,0.821,en,0.0598
3441,262,1,v2,2026-07-12T04:47,1095,1,0.899,de,0.0189
3442,1527,4,v3,2026-05-08T20:28,1600,1,0.613,de,0.0054
3443,528,6,v3,2026-02-06T00:31,1191,1,0.812,en,0.0375
3444,708,10,v3,2026-03-19T05:12,720,1,0.777,en,0.0117
3445,1636,9,v1,2026-03-02T15:56,1455,1,0.751,en,0.0377
3446,614,1,v1,2026-02-28T10:38,2306,1,0.711,en,0.0189
3447,1579,9,v3,2026-02-01T20:33,758,1,0.86,ja,0.0348
3448,1331,11,v3,2026-06-14T03:54,868,1,0.638,ja,0.0305
3449,1186,6,v2,2026-03-29T19:46,435,0,0.724,fr,0.0691
3450,674,1,v1,2026-06-05T00:16,1719,1,0.827,en,0.073
3451,38,12,v1,2026-02-10T02:14,1393,1,0.653,en,0.0125
3452,832,7,v2,2026-07-16T07:25,1204,1,0.988,en,0.0598
3453,605,4,v3,2026-01-28T20:12,528,1,0.87,de,0.0384
3454,1159,6,v3,2026-07-06T08:17,1147,1,0.72,de,0.012
3455,4,6,v3,2026-05-07T02:46,1115,1,0.871,es,0.0469
3456,1623,6,v2,2026-03-21T03:44,1997,1,0.814,fr,0.0088
3457,1536,6,v2,2026-07-01T12:42,1004,1,0.729,en,0.0171
3458,10,8,v1,2026-06-05T12:22,1347,1,0.966,de,0.0658
3459,1375,7,v3,2026-07-28T01:51,1481,1,0.657,en,0.0491
3460,1583,11,v2,2026-05-01T22:22,1577,0,0.781,en,0.0419
3461,974,3,v3,2026-05-27T14:15,1307,1,0.845,en,0.0314
3462,1520,1,v3,2026-03-01T07:45,584,1,0.557,es,0.074
3463,1581,4,v2,2026-07-19T18:09,1016,0,0.598,fr,0.0527
3464,1167,3,v3,2026-04-20T07:48,180,0,0.596,en,0.0302
3465,1417,8,v3,2026-06-05T23:50,1112,1,0.61,ja,0.0367
3466,1494,12,v1,2026-02-06T07:05,1930,1,0.832,es,0.003
3467,315,12,v3,2026-02-19T14:26,967,1,0.737,en,0.0326
3468,1424,7,v1,2026-02-25T07:40,1677,1,0.634,en,0.0063
3469,1720,5,v2,2026-01-05T09:56,1363,1,0.694,he,0.0026
3470,524,9,v1,2026-03-19T03:15,1256,1,0.775,es,0.0407
3471,1603,7,v3,2026-03-19T08:56,1363,1,0.786,en,0.0407
3472,196,2,v3,2026-05-26T13:01,1150,1,0.827,ja,0.0577
3473,1635,1,v2,2026-01-27T14:05,1473,1,0.609,de,0.0569
3474,1395,11,v2,2026-04-07T00:21,816,1,0.412,en,0.0777
3475,1525,11,v3,2026-04-02T16:34,1437,1,0.555,de,0.0251
3476,1034,5,v1,2026-06-15T19:50,2034,1,0.735,fr,0.0136
3477,285,6,v3,2026-02-17T10:57,1352,1,0.822,ja,0.072
3478,1783,5,v3,2026-03-30T14:49,1465,1,1.0,ja,0.0253
3479,1459,2,v1,2026-03-30T17:23,1225,1,0.581,en,0.0195
3480,694,1,v3,2026-01-09T23:29,1919,1,0.648,es,0.0734
3481,623,11,v1,2026-01-29T05:10,1847,1,0.881,en,0.0591
3482,54,8,v3,2026-01-18T18:21,1127,1,0.69,ja,0.0412
3483,1534,11,v1,2026-02-23T05:26,2231,1,0.656,en,0.0177
3484,242,3,v3,2026-01-21T22:56,1180,1,0.837,de,0.0049
3485,747,11,v3,2026-01-22T20:51,1437,1,0.7,ja,0.003
3486,921,7,v1,2026-06-21T13:43,1312,1,0.74,ja,0.0536
3487,858,4,v2,2026-06-11T01:03,1470,1,0.637,ja,0.0418
3488,235,2,v1,2026-07-12T12:20,2144,1,0.45,en,0.073
3489,1222,3,v1,2026-05-10T05:47,1142,1,0.763,en,0.034
3490,116,9,v3,2026-07-25T19:46,1374,1,0.81,es,0.0053
3491,1058,7,v2,2026-07-21T03:22,1592,1,0.72,en,0.0251
3492,1350,3,v3,2026-06-22T02:08,1623,1,0.721,de,0.0506
3493,1639,5,v2,2026-02-12T22:17,1022,1,0.851,fr,0.0632
3494,1634,5,v1,2026-06-19T05:18,1216,1,0.732,en,0.0486
3495,1630,4,v1,2026-07-16T07:21,1598,1,0.637,en,0.0762
3496,1442,1,v3,2026-04-03T03:40,1103,1,0.636,es,0.0734
3497,55,4,v2,2026-07-21T14:02,1185,1,0.49,es,0.0388
3498,1589,12,v1,2026-06-06T10:21,1127,1,0.649,en,0.072
3499,153,2,v2,2026-01-27T12:43,762,1,1.0,en,0.0709
3500,920,10,v3,2026-06-13T19:11,1347,1,0.965,de,0.0551
3501,1512,5,v1,2026-03-14T04:33,842,0,0.763,en,0.0368
3502,1727,8,v3,2026-05-04T13:23,991,1,0.987,he,0.0728
3503,1669,3,v1,2026-01-05T10:26,1605,1,0.548,es,0.0646
3504,258,3,v2,2026-07-22T10:38,1139,1,0.643,de,0.0783
3505,605,8,v2,2026-01-28T20:12,210,1,0.375,de,0.0049
3506,87,5,v3,2026-03-30T11:17,1374,1,0.416,he,0.0349
3507,604,9,v2,2026-04-19T19:02,1114,0,0.809,en,0.0123
3508,1625,10,v3,2026-04-01T06:01,1531,1,0.95,de,0.0469
3509,477,4,v3,2026-06-28T05:40,1070,1,0.787,en,0.0752
3510,367,2,v2,2026-04-22T17:58,1412,1,0.741,fr,0.0774
3511,1681,10,v2,2026-02-23T14:54,1903,1,0.489,es,0.0631
3512,1137,8,v3,2026-07-12T13:18,1280,1,0.614,fr,0.0331
3513,1193,11,v3,2026-02-28T19:42,1475,1,0.814,es,0.0713
3514,1157,2,v3,2026-01-10T12:56,939,1,0.832,en,0.0073
3515,1104,3,v3,2026-04-27T05:07,180,1,0.608,en,0.0326
3516,1613,9,v3,2026-04-12T04:47,515,1,0.676,de,0.0258
3517,793,4,v2,2026-04-02T20:55,1555,1,0.803,es,0.0504
3518,1037,5,v1,2026-06-03T22:02,1888,1,0.656,ja,0.0723
3519,143,10,v1,2026-03-18T04:06,1866,1,0.646,de,0.036
3520,127,7,v3,2026-05-28T03:46,1396,1,1.0,ja,0.0371
3521,1462,5,v1,2026-06-08T23:22,1051,1,0.64,de,0.0689
3522,58,1,v1,2026-06-03T23:23,1082,1,0.728,en,0.0332
3523,499,6,v2,2026-06-28T16:02,1498,1,0.643,fr,0.0432
3524,1754,2,v1,2026-06-01T06:42,1708,1,0.625,en,0.0259
3525,1695,11,v3,2026-01-03T09:19,1489,1,0.895,fr,0.0064
3526,1209,9,v2,2026-06-08T23:59,1731,1,0.658,en,0.0739
3527,1172,11,v1,2026-01-21T02:52,1947,1,0.738,es,0.0311
3528,1785,5,v3,2026-03-30T03:39,1244,1,0.668,en,0.0477
3529,983,2,v1,2026-07-06T22:49,1921,0,1.0,en,0.0783
3530,341,3,v1,2026-01-28T15:53,1305,1,0.56,he,0.0215
3531,292,4,v3,2026-07-14T15:44,1051,1,0.69,he,0.0561
3532,1782,5,v3,2026-03-18T20:39,1692,1,0.953,de,0.0567
3533,969,3,v1,2026-04-27T13:11,1844,1,0.699,fr,0.045
3534,59,11,v2,2026-03-17T07:32,845,1,0.745,ja,0.0667
3535,1351,3,v1,2026-05-24T15:50,2207,0,1.0,he,0.0309
3536,682,6,v1,2026-06-18T02:47,1218,1,0.955,en,0.0736
3537,1239,9,v1,2026-02-22T12:19,1976,1,0.368,fr,0.0495
3538,16,8,v3,2026-03-19T03:32,1542,1,0.535,en,0.0302
3539,640,11,v3,2026-02-07T02:06,1172,1,0.569,en,0.0786
3540,1496,2,v3,2026-05-13T02:06,1615,1,1.0,ja,0.013
3541,1772,11,v1,2026-06-24T04:17,1414,1,0.741,en,0.0138
3542,974,7,v2,2026-05-27T14:15,1357,1,0.927,en,0.0664
3543,1768,9,v2,2026-02-18T03:18,491,1,0.762,es,0.0768
3544,1748,5,v3,2026-06-20T08:20,1336,1,0.664,es,0.0505
3545,1133,8,v2,2026-04-22T14:45,1582,1,0.423,fr,0.0743
3546,703,10,v1,2026-06-06T15:56,793,1,0.999,en,0.0598
3547,730,2,v2,2026-02-25T16:11,516,1,0.806,es,0.0653
3548,1294,7,v3,2026-01-08T04:58,1404,1,0.785,ja,0.0721
3549,427,5,v1,2026-05-24T01:31,1672,1,0.559,en,0.0132
3550,1041,6,v2,2026-04-28T16:10,2234,1,0.419,en,0.047
3551,253,10,v1,2026-02-21T23:39,2042,1,0.861,he,0.0489
3552,1606,12,v3,2026-06-11T20:25,1543,1,1.0,es,0.0553
3553,974,4,v1,2026-05-27T14:15,1588,1,0.566,en,0.073
3554,1757,3,v2,2026-06-29T01:18,1232,1,0.87,es,0.0268
3555,739,10,v2,2026-02-08T02:37,668,1,0.607,ja,0.0064
3556,1196,1,v2,2026-03-18T03:32,990,0,0.722,fr,0.0688
3557,1770,6,v3,2026-01-27T13:32,601,1,0.709,en,0.059
3558,1764,3,v3,2026-04-13T15:12,1130,1,0.792,he,0.0485
3559,287,2,v1,2026-07-08T16:36,1581,1,0.757,he,0.0248
3560,152,9,v2,2026-04-20T16:57,604,1,1.0,de,0.0537
3561,643,11,v2,2026-05-13T04:51,491,1,0.699,en,0.057
3562,810,1,v3,2026-02-21T23:03,657,1,0.552,de,0.0179
3563,1406,12,v3,2026-03-15T14:20,1045,1,1.0,en,0.0609
3564,1015,9,v3,2026-01-15T07:12,1509,1,0.65,es,0.0342
3565,1677,8,v2,2026-02-17T06:53,1487,1,0.681,en,0.0625
3566,1607,3,v3,2026-07-01T10:06,917,1,0.641,ja,0.0162
3567,1258,5,v1,2026-06-01T08:23,1855,1,0.547,en,0.047
3568,1116,5,v3,2026-06-02T04:18,832,1,0.804,ja,0.0618
3569,1215,2,v1,2026-02-25T17:30,2117,1,1.0,en,0.0287
3570,1193,4,v1,2026-02-28T19:42,2204,1,0.642,es,0.0568
3571,1124,11,v1,2026-01-01T22:59,1601,1,0.678,es,0.0454
3572,328,2,v3,2026-06-07T22:08,1509,0,0.628,fr,0.0345
3573,1560,10,v2,2026-04-22T19:10,826,1,0.498,en,0.0791
3574,892,8,v1,2026-04-23T20:15,1519,1,0.757,en,0.0514
3575,322,11,v3,2026-04-07T16:09,1118,1,0.463,de,0.0145
3576,338,9,v1,2026-02-03T23:27,2037,1,0.651,en,0.04
3577,4,10,v3,2026-05-07T02:46,1654,1,0.934,es,0.0078
3578,379,2,v2,2026-02-23T18:12,1764,1,0.781,en,0.0063
3579,375,1,v2,2026-07-22T17:52,589,1,0.607,he,0.0641
3580,598,9,v2,2026-01-05T03:58,941,1,0.911,en,0.0274
3581,337,9,v1,2026-03-16T16:09,1956,1,0.566,de,0.0707
3582,1417,7,v3,2026-06-05T23:50,1066,0,0.922,ja,0.0541
3583,1788,8,v3,2026-05-05T05:22,1198,1,0.772,ja,0.0631
3584,499,11,v3,2026-06-28T16:02,723,1,0.821,fr,0.0598
3585,1410,2,v1,2026-04-13T02:47,2202,1,0.638,en,0.0594
3586,663,12,v2,2026-05-20T10:12,1384,1,0.712,en,0.0064
3587,293,3,v3,2026-04-07T06:58,1200,1,0.72,en,0.0574
3588,1035,11,v3,2026-04-10T19:00,1334,1,0.849,es,0.0451
3589,1197,10,v1,2026-07-23T08:16,1527,1,0.692,en,0.0444
3590,687,3,v2,2026-05-27T05:49,1368,1,0.868,en,0.0401
3591,590,10,v1,2026-06-13T09:29,1207,1,0.761,fr,0.0342
3592,1704,5,v2,2026-04-19T18:23,1532,1,0.831,en,0.0796
3593,1178,10,v2,2026-01-16T23:09,1270,1,0.586,en,0.033
3594,1129,7,v3,2026-02-03T04:49,909,1,0.846,fr,0.0163
3595,319,1,v1,2026-01-25T05:54,2167,1,0.893,fr,0.0668
3596,1104,7,v3,2026-04-27T05:07,606,1,0.741,en,0.0272
3597,829,3,v3,2026-03-29T17:37,1210,1,0.564,ja,0.0223
3598,1525,4,v3,2026-04-02T16:34,1109,1,0.587,de,0.0432
3599,1699,8,v2,2026-07-10T14:28,2279,1,0.83,en,0.0095
3600,429,2,v1,2026-02-13T04:54,1553,1,0.954,fr,0.0496
3601,318,4,v1,2026-06-28T22:29,912,1,0.929,en,0.0495
3602,1580,9,v1,2026-06-16T08:47,1661,0,0.682,es,0.0484
3603,1686,10,v3,2026-01-22T08:29,598,1,0.945,fr,0.0711
3604,1590,7,v3,2026-01-18T06:46,1379,1,0.707,en,0.0667
3605,1144,12,v3,2026-06-03T23:27,1504,1,0.644,en,0.0635
3606,1712,4,v1,2026-04-13T06:34,1526,1,1.0,es,0.0709
3607,1150,2,v3,2026-02-18T14:45,983,1,1.0,es,0.0664
3608,1230,1,v3,2026-04-18T01:48,759,1,0.964,en,0.0541
3609,1195,9,v2,2026-05-03T15:23,715,1,0.589,he,0.0443
3610,650,3,v2,2026-01-17T01:11,1724,1,0.961,en,0.0102
3611,52,12,v2,2026-06-06T18:02,971,1,0.824,de,0.0567
3612,1735,9,v2,2026-05-04T23:22,1055,1,0.594,en,0.0175
3613,626,10,v2,2026-01-06T03:07,957,1,0.601,en,0.0308
3614,102,7,v1,2026-04-15T16:38,1563,0,0.682,de,0.0161
3615,1686,3,v1,2026-01-22T08:29,1713,1,0.622,fr,0.0499
3616,89,2,v1,2026-06-08T12:57,1354,1,0.785,en,0.0206
3617,1410,1,v3,2026-04-13T02:47,1068,1,0.731,en,0.0074
3618,631,8,v3,2026-07-17T18:37,1080,0,0.879,fr,0.0624
3619,1774,9,v1,2026-04-10T12:37,1198,1,0.851,en,0.0559
3620,1024,7,v1,2026-04-07T18:21,1863,1,0.589,en,0.0405
3621,976,8,v2,2026-01-22T16:48,841,1,0.937,es,0.0097
3622,929,7,v1,2026-01-26T19:26,1219,1,0.676,en,0.0514
3623,1249,9,v2,2026-02-04T16:02,856,1,0.862,ja,0.059
3624,496,7,v2,2026-03-05T15:09,1346,1,0.664,en,0.0347
3625,482,2,v3,2026-07-21T19:01,997,1,0.756,en,0.0704
3626,197,10,v1,2026-07-17T10:19,1915,0,0.537,ja,0.0383
3627,958,7,v3,2026-07-09T20:43,1280,1,0.938,fr,0.0635
3628,994,5,v1,2026-02-03T10:43,1762,1,0.731,en,0.0231
3629,1664,1,v3,2026-05-04T21:11,1502,1,0.292,es,0.0044
3630,38,12,v2,2026-02-10T02:14,1093,1,0.654,en,0.0627
3631,1631,5,v1,2026-05-24T04:14,1447,1,0.887,en,0.0274
3632,1574,11,v2,2026-04-17T05:03,885,1,0.687,de,0.0379
3633,624,3,v2,2026-02-28T09:45,909,1,0.994,en,0.0442
3634,1085,10,v3,2026-03-06T07:56,1262,1,0.609,de,0.0187
3635,1240,11,v2,2026-02-10T07:11,1425,1,0.978,ja,0.0201
3636,1493,8,v2,2026-02-25T23:30,977,1,0.803,es,0.0094
3637,429,4,v2,2026-02-13T04:54,1301,1,0.817,fr,0.0482
3638,1167,8,v2,2026-04-20T07:48,1008,0,0.471,en,0.019
3639,1758,7,v3,2026-04-20T08:54,1246,1,0.916,fr,0.0448
3640,639,9,v3,2026-04-16T00:49,955,1,0.627,en,0.0194
3641,1592,5,v1,2026-01-12T06:28,1813,1,0.537,en,0.0526
3642,391,11,v3,2026-06-12T10:30,1246,1,0.784,en,0.0761
3643,89,2,v3,2026-06-08T12:57,1778,1,0.827,en,0.0481
3644,1629,4,v3,2026-02-10T16:27,872,1,0.774,en,0.0301
3645,38,12,v3,2026-02-10T02:14,1191,1,0.875,en,0.0569
3646,905,2,v2,2026-01-05T13:27,671,1,0.991,en,0.0563
3647,398,11,v3,2026-03-02T20:34,348,1,0.76,es,0.0405
3648,52,5,v2,2026-06-06T18:02,2369,1,0.75,de,0.0471
3649,1640,5,v3,2026-04-05T03:16,1346,1,0.637,en,0.0459
3650,343,2,v3,2026-02-26T14:42,966,0,0.953,fr,0.073
3651,710,3,v3,2026-05-05T08:29,1195,1,0.537,de,0.067
3652,854,10,v1,2026-03-31T18:13,1684,1,0.733,en,0.0739
3653,980,7,v1,2026-07-03T02:13,1476,1,0.593,ja,0.0147
3654,615,10,v1,2026-01-03T17:01,1192,1,0.715,fr,0.0212
3655,1356,5,v1,2026-05-09T22:22,915,1,0.938,en,0.0535
3656,1410,1,v2,2026-04-13T02:47,627,1,0.698,en,0.0237
3657,625,2,v1,2026-07-02T17:02,1649,1,0.737,en,0.0328
3658,115,2,v1,2026-05-23T17:24,1564,1,0.735,es,0.0148
3659,259,6,v3,2026-05-06T21:33,1318,1,0.682,es,0.0209
3660,1768,11,v2,2026-02-18T03:18,1125,1,0.906,es,0.0491
3661,1643,11,v3,2026-02-16T07:15,959,1,0.791,es,0.0391
3662,1505,6,v1,2026-01-29T11:53,2262,1,0.702,en,0.0742
3663,1261,6,v3,2026-06-19T07:11,1483,0,0.687,en,0.0437
3664,670,6,v1,2026-07-16T04:40,1244,1,0.937,fr,0.0196
3665,870,11,v2,2026-03-27T17:51,1121,0,0.959,es,0.0316
3666,1255,4,v2,2026-05-22T22:27,1299,1,0.718,en,0.025
3667,649,5,v3,2026-01-22T22:43,1058,1,0.853,en,0.0319
3668,1263,9,v2,2026-06-15T07:56,1275,1,0.657,en,0.0474
3669,582,12,v3,2026-01-18T13:44,515,1,0.916,es,0.0295
3670,1273,2,v2,2026-06-19T11:03,1523,1,0.725,he,0.0271
3671,1149,12,v2,2026-04-25T05:33,1373,1,0.616,en,0.0615
3672,1423,11,v1,2026-07-02T08:14,1338,1,0.773,en,0.0192
3673,912,4,v3,2026-02-11T21:29,1189,1,0.965,en,0.0578
3674,1387,10,v2,2026-02-25T05:02,1541,1,0.675,en,0.078
3675,1364,6,v2,2026-05-06T13:12,1643,1,0.541,de,0.0182
3676,1074,12,v3,2026-02-28T07:29,859,1,0.844,fr,0.0279
3677,1230,1,v1,2026-04-18T01:48,1199,1,0.88,en,0.0288
3678,804,6,v2,2026-05-12T16:51,1208,1,0.787,es,0.0593
3679,620,5,v3,2026-07-27T19:31,1158,0,0.653,en,0.0476
3680,1655,9,v1,2026-07-04T11:17,1870,1,0.848,en,0.0372
3681,181,11,v2,2026-07-07T18:14,1183,1,0.854,en,0.0085
3682,1658,1,v1,2026-04-20T09:28,1278,1,0.41,en,0.0369
3683,575,1,v3,2026-02-23T22:15,1300,0,0.924,en,0.0108
3684,1094,3,v2,2026-01-28T13:06,2270,1,0.81,en,0.0492
3685,1553,5,v1,2026-03-18T17:40,1799,1,0.878,en,0.0619
3686,983,12,v1,2026-07-06T22:49,1118,1,0.845,en,0.0333
3687,1138,5,v1,2026-01-12T14:58,1602,1,0.722,en,0.0183
3688,96,10,v3,2026-07-26T17:07,1048,1,0.804,en,0.0054
3689,1648,12,v1,2026-04-26T19:22,1314,1,0.991,es,0.022
3690,469,1,v2,2026-04-29T17:40,1135,1,0.507,de,0.0664
3691,417,3,v3,2026-07-20T16:43,1254,1,0.572,he,0.0583
3692,1039,11,v1,2026-07-07T15:07,1908,1,0.513,en,0.0636
3693,511,7,v1,2026-05-18T02:06,1985,1,0.276,he,0.05
3694,38,3,v3,2026-02-10T02:14,1193,1,0.822,en,0.0249
3695,40,7,v1,2026-07-23T05:38,1410,1,0.671,en,0.0523
3696,678,8,v2,2026-07-05T18:21,1042,1,0.361,de,0.0452
3697,666,12,v1,2026-07-04T04:14,1272,0,0.839,fr,0.0797
3698,320,9,v3,2026-03-16T01:50,1467,1,0.84,en,0.0746
3699,1024,4,v1,2026-04-07T18:21,1248,1,0.759,en,0.0719
3700,585,8,v3,2026-02-20T16:39,1547,1,0.868,de,0.0737
3701,187,12,v1,2026-05-13T04:20,2425,1,0.831,he,0.069
3702,913,6,v2,2026-03-26T21:47,1216,1,0.781,es,0.0784
3703,1198,12,v1,2026-06-20T12:08,1662,1,0.832,es,0.0148
3704,575,7,v2,2026-02-23T22:15,1713,1,0.976,en,0.0369
3705,1512,1,v2,2026-03-14T04:33,1609,1,0.902,en,0.0494
3706,1629,5,v2,2026-02-10T16:27,1754,1,0.832,en,0.0653
3707,780,8,v2,2026-06-20T08:40,907,0,0.736,es,0.034
3708,931,6,v1,2026-07-08T16:45,2320,0,0.707,de,0.024
3709,1394,6,v3,2026-02-13T00:48,1226,1,1.0,ja,0.0403
3710,1437,6,v3,2026-06-12T05:43,1171,1,0.612,he,0.0545
3711,1665,8,v2,2026-03-10T22:55,1242,1,0.661,en,0.0725
3712,1577,4,v1,2026-06-21T06:28,1381,1,0.817,en,0.0728
3713,1399,6,v3,2026-04-10T06:48,1504,1,0.589,de,0.0598
3714,1524,8,v3,2026-04-14T09:35,1057,1,0.772,en,0.0675
3715,304,6,v2,2026-03-20T22:41,637,1,0.674,en,0.0083
3716,108,9,v2,2026-01-11T23:10,1977,1,0.972,es,0.0343
3717,261,11,v2,2026-02-16T00:01,1736,1,0.706,es,0.0182
3718,1605,12,v1,2026-05-10T06:04,2072,1,0.819,he,0.061
3719,618,11,v3,2026-07-09T16:13,1306,1,0.715,en,0.0028
3720,102,3,v2,2026-04-15T16:38,953,1,0.688,de,0.0346
3721,444,3,v1,2026-01-14T01:35,1283,1,0.928,es,0.0466
3722,1189,6,v3,2026-01-20T00:44,780,1,0.61,en,0.0509
3723,542,9,v1,2026-03-24T15:27,1123,0,0.533,es,0.0731
3724,581,11,v2,2026-01-19T00:05,1365,1,0.634,de,0.0489
3725,1770,5,v1,2026-01-27T13:32,882,1,0.35,en,0.0704
3726,632,4,v2,2026-06-05T15:25,550,1,0.412,en,0.0692
3727,401,6,v3,2026-05-05T03:40,813,1,0.598,he,0.0415
3728,401,1,v3,2026-05-05T03:40,1008,1,0.738,he,0.0479
3729,1476,11,v1,2026-04-24T06:38,2009,1,0.692,en,0.0257
3730,598,8,v2,2026-01-05T03:58,906,1,0.766,en,0.0698
3731,1398,8,v1,2026-07-11T05:45,1987,1,0.83,fr,0.0702
3732,1404,1,v1,2026-01-12T14:06,1034,1,0.707,fr,0.0112
3733,787,2,v1,2026-06-22T21:00,1565,1,0.976,ja,0.0446
3734,805,3,v2,2026-03-17T10:26,1015,1,0.959,de,0.034
3735,872,6,v3,2026-02-19T19:28,1321,1,0.46,en,0.0294
3736,762,9,v1,2026-05-31T10:28,1536,1,0.601,en,0.0488
3737,346,7,v1,2026-07-16T05:35,1781,1,0.727,ja,0.0276
3738,485,2,v3,2026-05-29T01:02,1012,1,0.746,en,0.025
3739,260,4,v3,2026-05-26T05:23,1712,1,0.744,de,0.0799
3740,1335,5,v3,2026-03-01T11:51,1587,0,0.857,de,0.0378
3741,1784,9,v3,2026-05-18T02:05,1012,1,0.588,en,0.0248
3742,1217,5,v1,2026-01-21T20:16,1161,1,0.761,en,0.0138
3743,1622,1,v1,2026-04-10T03:55,892,0,0.598,en,0.0398
3744,914,4,v1,2026-03-02T23:04,1145,1,0.853,en,0.0537
3745,1480,5,v3,2026-04-21T15:36,988,1,0.622,ja,0.0272
3746,1794,12,v3,2026-04-02T19:00,485,0,0.774,de,0.0389
3747,1551,3,v1,2026-02-12T05:54,1604,1,0.671,en,0.0703
3748,1229,6,v1,2026-04-14T03:40,1064,1,0.556,en,0.0022
3749,482,11,v3,2026-07-21T19:01,458,0,0.928,en,0.0039
3750,1602,12,v3,2026-01-22T06:14,638,1,0.947,he,0.0746
3751,902,12,v1,2026-06-07T00:40,1802,1,0.977,he,0.0255
3752,1338,10,v1,2026-05-27T20:04,1910,1,0.544,en,0.042
3753,1184,12,v3,2026-03-13T08:46,568,1,0.353,ja,0.0689
3754,1085,9,v1,2026-03-06T07:56,1223,1,0.56,de,0.0458
3755,528,9,v3,2026-02-06T00:31,1665,1,0.866,en,0.0417
3756,298,5,v2,2026-05-29T19:12,1047,1,0.479,es,0.0467
3757,77,1,v3,2026-05-17T20:39,1042,1,1.0,es,0.0333
3758,662,11,v2,2026-05-29T01:29,1651,1,0.964,fr,0.0093
3759,946,4,v3,2026-02-14T16:57,835,1,0.869,es,0.0129
3760,369,3,v3,2026-04-12T13:54,2035,1,0.8,en,0.0696
3761,200,4,v1,2026-01-16T04:55,1852,1,0.797,he,0.0094
3762,1769,3,v1,2026-06-04T13:40,1633,0,1.0,en,0.0123
3763,803,10,v2,2026-02-28T08:30,992,1,0.65,es,0.0278
3764,333,6,v1,2026-05-05T13:50,948,1,0.522,en,0.0459
3765,1638,12,v3,2026-07-20T02:50,1289,1,0.719,fr,0.0473
3766,1677,1,v3,2026-02-17T06:53,1440,1,0.567,en,0.0163
3767,232,11,v3,2026-07-12T15:10,1065,1,0.805,en,0.0244
3768,995,4,v3,2026-02-07T04:56,792,1,0.785,fr,0.0593
3769,1497,9,v1,2026-03-08T21:51,1849,1,0.863,en,0.043
3770,502,8,v1,2026-03-25T17:11,1911,1,0.791,es,0.0709
3771,335,9,v3,2026-05-15T17:39,1320,1,0.789,en,0.0223
3772,1138,3,v1,2026-01-12T14:58,1353,1,0.747,en,0.0609
3773,585,2,v2,2026-02-20T16:39,1517,1,0.904,de,0.0183
3774,1229,4,v3,2026-04-14T03:40,1065,0,0.75,en,0.0449
3775,601,5,v1,2026-03-28T16:59,1289,1,0.754,en,0.0715
3776,1723,11,v1,2026-03-17T18:29,1979,1,0.569,en,0.0324
3777,500,10,v1,2026-06-02T08:17,1773,1,0.911,en,0.0674
3778,1053,6,v3,2026-04-17T07:38,1184,1,0.938,de,0.0726
3779,620,1,v1,2026-07-27T19:31,1589,1,0.808,en,0.0069
3780,642,1,v1,2026-07-01T23:05,982,1,0.688,es,0.0222
3781,1468,6,v2,2026-03-29T08:13,1618,1,0.805,en,0.0608
3782,743,10,v2,2026-03-06T23:36,1117,1,0.727,en,0.0471
3783,948,3,v2,2026-02-25T04:55,442,1,0.516,en,0.0076
3784,133,12,v1,2026-06-26T21:39,1648,1,0.714,ja,0.0422
3785,1181,5,v3,2026-06-05T17:15,764,0,0.814,es,0.0369
3786,236,9,v1,2026-07-09T07:03,701,1,1.0,en,0.0319
3787,632,3,v1,2026-06-05T15:25,1012,1,0.711,en,0.0361
3788,530,10,v1,2026-06-09T17:50,1070,1,0.675,fr,0.0449
3789,564,10,v1,2026-02-03T09:38,716,1,0.571,en,0.0501
3790,960,7,v1,2026-01-05T16:25,1427,1,0.848,fr,0.0218
3791,1256,2,v1,2026-01-21T04:29,1338,1,0.552,es,0.0315
3792,749,11,v3,2026-04-15T01:48,1133,0,0.873,es,0.057
3793,1225,9,v2,2026-01-29T15:34,891,1,0.699,en,0.0585
3794,1740,2,v1,2026-06-10T05:13,2054,1,1.0,en,0.0201
3795,1385,11,v1,2026-03-20T07:50,1093,1,0.784,es,0.0766
3796,821,9,v2,2026-01-28T09:56,1112,1,0.517,en,0.0096
3797,155,2,v1,2026-04-30T05:14,1052,1,0.531,en,0.0177
3798,418,2,v2,2026-07-21T05:01,939,1,0.813,en,0.0228
3799,619,8,v3,2026-04-13T21:13,2673,1,0.871,de,0.0752
3800,1691,11,v3,2026-06-18T07:38,1304,1,0.653,fr,0.0331
3801,879,9,v1,2026-03-11T19:59,1280,1,0.635,en,0.0167
3802,391,6,v2,2026-06-12T10:30,901,1,0.623,en,0.0203
3803,200,3,v2,2026-01-16T04:55,1895,1,0.495,he,0.0527
3804,925,6,v2,2026-04-09T07:46,811,1,0.847,en,0.051
3805,1481,12,v1,2026-02-03T20:45,1411,0,0.845,en,0.0553
3806,599,12,v3,2026-05-06T07:03,1042,1,0.691,fr,0.0183
3807,74,1,v3,2026-02-01T16:57,1353,1,0.78,en,0.0182
3808,102,3,v1,2026-04-15T16:38,1727,1,0.5,de,0.0766
3809,1409,8,v1,2026-01-06T05:26,1666,1,0.747,en,0.0068
3810,95,7,v2,2026-07-14T15:52,561,1,0.675,en,0.0283
3811,1373,2,v1,2026-06-01T02:26,1342,1,0.428,en,0.0785
3812,1480,6,v3,2026-04-21T15:36,902,0,0.698,ja,0.0734
3813,1276,1,v2,2026-01-23T07:02,1738,1,0.632,de,0.0531
3814,1099,8,v2,2026-06-13T14:19,1406,1,0.616,en,0.0158
3815,777,5,v3,2026-04-17T21:15,2105,1,0.73,en,0.0038
3816,410,7,v3,2026-05-28T15:30,1110,1,0.735,en,0.0529
3817,400,9,v1,2026-06-30T01:00,1265,1,0.675,en,0.0412
3818,450,7,v1,2026-05-02T04:22,2593,0,0.81,en,0.0246
3819,1092,8,v3,2026-02-16T20:29,813,1,0.728,en,0.0386
3820,223,5,v3,2026-06-12T08:12,1384,1,0.677,en,0.0046
3821,774,6,v1,2026-03-03T04:05,2330,1,0.653,en,0.0731
3822,1115,1,v1,2026-06-10T10:31,1119,1,0.716,en,0.0729
3823,1173,3,v1,2026-05-19T22:10,549,1,0.772,es,0.0691
3824,225,8,v3,2026-07-07T19:30,180,1,0.514,de,0.0332
3825,1073,7,v2,2026-07-06T23:54,603,1,0.612,en,0.0771
3826,1618,7,v1,2026-07-05T05:48,1326,1,0.679,en,0.0632
3827,424,11,v1,2026-02-14T13:14,837,1,0.766,en,0.0431
3828,970,3,v3,2026-01-17T14:23,367,1,0.883,en,0.0606
3829,473,12,v3,2026-06-25T03:55,1178,1,0.524,en,0.0189
3830,513,3,v2,2026-01-26T13:38,928,1,0.644,en,0.0365
3831,1140,2,v3,2026-02-28T12:38,701,1,1.0,en,0.0515
3832,1229,9,v2,2026-04-14T03:40,657,1,0.94,en,0.0093
3833,95,8,v1,2026-07-14T15:52,1499,1,0.545,en,0.0541
3834,1357,6,v1,2026-04-03T12:23,2475,1,0.606,en,0.0564
3835,1041,2,v2,2026-04-28T16:10,1422,1,0.803,en,0.015
3836,1589,6,v3,2026-06-06T10:21,1226,1,0.915,en,0.0103
3837,165,3,v2,2026-02-04T11:44,351,1,0.69,fr,0.071
3838,408,1,v1,2026-07-06T05:40,1442,1,1.0,en,0.0458
3839,723,12,v1,2026-03-03T10:51,983,1,0.952,es,0.0037
3840,1329,5,v3,2026-05-04T02:24,921,1,0.748,de,0.0396
3841,856,4,v2,2026-06-08T00:05,1401,0,0.748,en,0.0798
3842,23,4,v3,2026-06-17T11:18,1492,1,0.794,de,0.0269
3843,728,11,v1,2026-05-17T11:45,1154,1,0.793,fr,0.0414
3844,1052,6,v1,2026-07-22T08:39,1563,1,0.652,ja,0.0759
3845,874,5,v2,2026-03-14T12:13,1337,1,0.719,en,0.0106
3846,977,5,v2,2026-06-20T16:18,808,1,0.7,en,0.0401
3847,687,5,v1,2026-05-27T05:49,1012,1,0.279,en,0.0743
3848,94,10,v2,2026-01-28T01:31,1312,1,1.0,ja,0.0279
3849,581,7,v2,2026-01-19T00:05,704,1,0.694,de,0.0451
3850,664,5,v2,2026-02-01T18:04,928,1,0.478,en,0.0189
3851,776,1,v1,2026-03-19T20:55,2038,0,0.844,es,0.0421
3852,513,12,v3,2026-01-26T13:38,736,1,0.612,en,0.0083
3853,1008,12,v1,2026-04-21T02:45,648,1,0.972,ja,0.0379
3854,553,5,v3,2026-07-12T14:50,1466,1,0.84,en,0.0297
3855,876,12,v2,2026-03-14T03:30,579,0,1.0,es,0.0641
3856,1230,5,v2,2026-04-18T01:48,1743,1,0.478,en,0.0683
3857,427,11,v2,2026-05-24T01:31,1811,1,0.661,en,0.0615
3858,16,10,v2,2026-03-19T03:32,2070,1,0.581,en,0.04
3859,1628,3,v2,2026-01-05T23:12,1282,1,0.738,es,0.0616
3860,233,9,v2,2026-04-05T21:12,579,0,0.762,de,0.0486
3861,602,11,v3,2026-05-04T11:07,652,1,0.441,en,0.0472
3862,552,1,v1,2026-05-29T08:59,1416,1,0.752,ja,0.0337
3863,1405,12,v1,2026-03-25T07:26,1504,1,0.729,es,0.0244
3864,51,8,v3,2026-04-15T21:42,1301,1,0.773,es,0.0349
3865,10,12,v2,2026-06-05T12:22,1771,0,0.66,de,0.0325
3866,1137,6,v2,2026-07-12T13:18,682,1,0.465,fr,0.0152
3867,96,2,v3,2026-07-26T17:07,1074,1,0.539,en,0.0251
3868,313,11,v3,2026-05-21T16:27,586,1,0.757,en,0.0121
3869,1495,5,v2,2026-05-27T07:57,1285,1,0.713,es,0.036
3870,235,1,v1,2026-07-12T12:20,1531,1,0.777,en,0.0325
3871,583,4,v3,2026-03-29T20:02,1543,1,0.721,en,0.0036
3872,81,2,v3,2026-02-02T15:47,1384,1,0.928,es,0.0714
3873,1005,11,v1,2026-01-01T13:58,2075,1,0.718,en,0.0741
3874,514,10,v3,2026-05-10T10:47,1728,0,0.885,en,0.0794
3875,1378,5,v3,2026-05-12T08:51,1040,0,0.713,en,0.02
3876,673,9,v1,2026-03-21T06:02,1167,1,0.238,ja,0.0081
3877,452,2,v1,2026-01-27T23:59,2242,1,0.737,es,0.0264
3878,1245,6,v1,2026-03-21T22:08,773,1,0.795,en,0.0713
3879,1776,3,v3,2026-07-20T22:20,1404,1,0.746,en,0.0451
3880,1484,7,v3,2026-05-13T09:27,261,1,0.72,en,0.0557
3881,148,9,v1,2026-01-11T03:24,1697,1,0.506,de,0.0037
3882,826,1,v2,2026-01-01T18:15,1812,1,0.63,fr,0.0605
3883,119,5,v2,2026-07-14T21:03,1087,1,0.738,es,0.0304
3884,231,10,v2,2026-06-02T22:57,1414,1,0.416,fr,0.0296
3885,1556,11,v2,2026-05-04T07:05,659,1,0.808,es,0.0104
3886,94,2,v2,2026-01-28T01:31,1210,0,0.753,ja,0.044
3887,1173,7,v3,2026-05-19T22:10,1619,0,0.887,es,0.0677
3888,436,12,v3,2026-02-07T20:09,958,1,0.894,en,0.0573
3889,1343,8,v1,2026-06-24T10:03,1207,1,1.0,he,0.0157
3890,591,9,v2,2026-03-05T22:38,1349,1,0.524,he,0.0502
3891,1652,12,v3,2026-01-26T04:43,912,1,0.662,en,0.0047
3892,1144,10,v1,2026-06-03T23:27,1889,1,0.869,en,0.003
3893,1452,9,v2,2026-01-29T03:23,1336,1,0.746,es,0.0681
3894,963,12,v1,2026-01-18T03:17,1405,1,0.837,es,0.0695
3895,650,2,v2,2026-01-17T01:11,1041,1,1.0,en,0.0438
3896,1733,2,v2,2026-03-11T07:33,692,1,0.811,fr,0.0042
3897,1125,1,v3,2026-07-01T04:38,180,1,0.668,en,0.0785
3898,34,5,v3,2026-02-09T12:47,1140,1,0.569,ja,0.0451
3899,704,7,v2,2026-04-11T10:41,743,1,0.635,en,0.0798
3900,828,11,v1,2026-05-11T17:05,1886,1,0.865,en,0.0699
3901,386,11,v3,2026-05-05T23:42,1161,0,0.86,ja,0.0135
3902,1624,8,v1,2026-01-27T09:21,2403,1,0.643,es,0.0093
3903,266,10,v3,2026-05-22T19:06,480,0,0.768,fr,0.0659
3904,1498,1,v2,2026-01-17T23:19,1276,1,0.815,es,0.0555
3905,1031,8,v3,2026-03-15T16:26,375,1,0.771,en,0.0138
3906,1446,3,v3,2026-05-20T15:34,1860,1,0.775,he,0.0322
3907,1145,5,v3,2026-03-18T05:03,685,1,0.687,ja,0.0766
3908,65,5,v2,2026-04-26T18:39,375,1,0.837,fr,0.0481
3909,851,9,v3,2026-06-18T19:38,1094,1,0.816,en,0.0498
3910,889,7,v2,2026-07-04T10:25,1070,1,0.76,en,0.0443
3911,408,9,v1,2026-07-06T05:40,2301,1,0.613,en,0.0326
3912,1270,11,v2,2026-01-16T07:11,940,1,0.322,en,0.0143
3913,1246,4,v3,2026-02-24T04:52,1503,1,1.0,es,0.0562
3914,1321,9,v3,2026-02-27T21:31,857,1,0.805,en,0.0777
3915,1651,8,v1,2026-03-14T15:50,1363,1,0.65,en,0.0191
3916,1235,6,v1,2026-04-01T02:40,1823,1,0.502,ja,0.0257
3917,1751,7,v3,2026-01-17T01:58,1584,1,0.855,fr,0.0481
3918,277,8,v2,2026-06-24T22:26,1880,0,0.892,es,0.0539
3919,1345,4,v2,2026-05-26T03:27,547,1,0.75,ja,0.0117
3920,1666,7,v3,2026-05-20T16:19,1443,1,1.0,en,0.0092
3921,257,9,v1,2026-04-26T22:26,2058,1,0.898,fr,0.0644
3922,741,11,v1,2026-03-05T15:10,1394,1,0.753,ja,0.051
3923,1376,6,v1,2026-07-03T22:18,2572,1,0.808,en,0.0542
3924,1240,4,v2,2026-02-10T07:11,1541,1,0.887,ja,0.061
3925,1319,9,v3,2026-05-06T02:10,1028,1,0.798,ja,0.018
3926,1562,7,v2,2026-07-06T23:59,365,1,0.738,en,0.0162
3927,639,10,v1,2026-04-16T00:49,1573,1,0.993,en,0.0484
3928,161,4,v2,2026-06-13T09:14,1712,1,1.0,fr,0.0751
3929,568,10,v2,2026-04-16T05:12,1771,1,0.606,de,0.0255
3930,900,8,v2,2026-04-07T12:06,999,1,0.73,es,0.0483
3931,572,8,v3,2026-02-06T01:10,336,0,0.762,es,0.0294
3932,1422,3,v3,2026-02-24T08:34,613,1,0.503,en,0.0069
3933,442,1,v2,2026-03-05T00:38,596,1,0.595,fr,0.0114
3934,968,4,v2,2026-06-24T22:43,756,1,0.938,en,0.0784
3935,633,8,v1,2026-07-08T07:08,1885,1,0.434,ja,0.0348
3936,111,9,v1,2026-04-06T18:09,1533,1,0.596,ja,0.0051
3937,592,8,v2,2026-02-21T21:37,1104,1,0.743,en,0.0797
3938,37,1,v1,2026-06-12T18:08,1792,1,0.515,he,0.0249
3939,1671,9,v2,2026-02-07T05:51,917,1,0.773,en,0.039
3940,1518,8,v3,2026-04-28T03:08,1010,1,0.863,es,0.0118
3941,1670,11,v3,2026-04-17T12:26,1802,1,0.738,es,0.0596
3942,428,4,v2,2026-06-15T15:38,773,1,0.942,he,0.0448
3943,778,4,v3,2026-03-26T16:21,1095,1,0.512,ja,0.0644
3944,1694,8,v3,2026-07-02T10:29,1061,1,0.967,fr,0.0596
3945,1194,2,v2,2026-04-15T11:12,1128,1,0.705,he,0.0713
3946,284,10,v1,2026-04-30T04:55,2016,1,0.634,es,0.0151
3947,1534,8,v3,2026-02-23T05:26,748,0,0.724,en,0.0326
3948,8,10,v3,2026-07-09T19:28,639,1,1.0,es,0.0342
3949,745,5,v2,2026-03-03T22:58,1175,1,0.55,en,0.0286
3950,16,10,v2,2026-03-19T03:32,856,1,0.526,en,0.0573
3951,642,1,v2,2026-07-01T23:05,1594,1,0.745,es,0.0752
3952,827,9,v1,2026-04-28T14:02,1536,1,0.666,es,0.0063
3953,757,4,v2,2026-06-05T22:57,1414,1,0.988,en,0.0591
3954,1118,1,v2,2026-03-09T07:56,1003,1,0.539,en,0.0689
3955,1235,8,v2,2026-04-01T02:40,1460,1,0.491,ja,0.0548
3956,1473,4,v2,2026-03-06T16:02,547,0,0.969,en,0.0609
3957,42,4,v1,2026-02-03T10:09,1938,1,0.721,he,0.0686
3958,1286,1,v1,2026-03-15T05:26,2451,1,0.653,en,0.0538
3959,101,8,v2,2026-01-06T03:04,979,1,0.861,fr,0.0105
3960,914,5,v2,2026-03-02T23:04,1745,1,1.0,en,0.0333
3961,1229,3,v3,2026-04-14T03:40,774,0,0.795,en,0.0183
3962,634,11,v3,2026-06-17T21:42,1654,1,0.923,es,0.0311
3963,2,4,v2,2026-02-10T14:20,1284,1,0.661,en,0.0247
3964,913,6,v1,2026-03-26T21:47,1585,0,0.691,es,0.0689
3965,525,1,v2,2026-04-18T16:29,1448,1,0.653,he,0.0139
3966,2,6,v2,2026-02-10T14:20,1169,1,0.446,en,0.0613
3967,405,10,v3,2026-01-05T21:23,632,1,0.739,en,0.0789
3968,866,7,v3,2026-03-31T07:40,820,1,0.775,en,0.0369
3969,1011,8,v2,2026-02-27T01:09,1120,1,0.588,en,0.037
3970,593,6,v3,2026-03-01T15:39,1121,0,0.947,en,0.0787
3971,1332,12,v3,2026-02-20T00:46,1637,0,0.971,ja,0.0382
3972,323,11,v2,2026-07-25T07:28,1783,1,1.0,en,0.0681
3973,267,12,v1,2026-06-12T18:49,1627,1,0.946,es,0.0576
3974,1672,2,v3,2026-04-28T15:56,842,1,0.686,en,0.0311
3975,427,10,v2,2026-05-24T01:31,557,1,0.779,en,0.0675
3976,279,6,v1,2026-07-09T22:53,562,1,0.752,en,0.0254
3977,764,2,v1,2026-01-25T02:05,1717,1,0.85,de,0.046
3978,979,9,v2,2026-03-20T19:40,720,1,0.587,de,0.0202
3979,738,12,v2,2026-01-13T20:40,1427,0,0.951,de,0.0154
3980,688,10,v2,2026-04-26T23:48,2083,1,0.9,de,0.0349
3981,1527,8,v3,2026-05-08T20:28,1284,1,1.0,de,0.0409
3982,286,11,v1,2026-07-22T19:10,1362,1,0.711,de,0.0123
3983,1665,1,v3,2026-03-10T22:55,180,1,0.922,en,0.0355
3984,1194,3,v3,2026-04-15T11:12,782,1,0.789,he,0.051
3985,584,10,v2,2026-06-03T12:58,1016,1,0.959,en,0.011
3986,1505,6,v1,2026-01-29T11:53,2145,1,0.846,en,0.051
3987,1513,10,v1,2026-07-12T15:07,1382,1,0.826,en,0.0627
3988,1204,11,v2,2026-02-12T22:18,589,0,0.805,en,0.0186
3989,1111,9,v1,2026-03-09T18:03,1548,1,0.615,en,0.0546
3990,428,6,v3,2026-06-15T15:38,1136,0,0.692,he,0.0071
3991,200,10,v1,2026-01-16T04:55,373,1,0.88,he,0.0684
3992,1713,5,v3,2026-06-14T11:19,1440,1,0.942,de,0.0047
3993,1341,12,v2,2026-01-15T21:05,1282,1,0.665,en,0.024
3994,863,3,v3,2026-02-13T08:13,940,1,0.877,fr,0.0361
3995,302,12,v1,2026-05-01T12:17,2444,1,0.656,en,0.055
3996,1246,3,v3,2026-02-24T04:52,1734,0,0.82,es,0.0158
3997,1442,2,v1,2026-04-03T03:40,2288,1,0.782,es,0.0427
3998,1636,4,v2,2026-03-02T15:56,1649,1,0.884,en,0.0707
3999,1068,11,v2,2026-03-19T03:44,1702,1,0.992,ja,0.013
4000,429,2,v3,2026-02-13T04:54,1653,1,0.602,fr,0.0641
4001,1264,4,v2,2026-06-16T05:30,807,0,0.715,en,0.0281
4002,1190,8,v2,2026-02-04T15:41,1843,1,0.896,en,0.0387
4003,1016,3,v1,2026-07-22T15:00,1206,1,0.953,en,0.0551
4004,51,1,v2,2026-04-15T21:42,1155,1,0.729,es,0.075
4005,1751,12,v1,2026-01-17T01:58,1335,1,0.868,fr,0.0286
4006,1233,11,v1,2026-03-30T17:34,1290,0,0.725,ja,0.0729
4007,480,12,v1,2026-07-20T21:47,1954,1,0.515,fr,0.0057
4008,449,2,v1,2026-02-06T00:58,1644,1,0.895,he,0.0149
4009,616,8,v1,2026-01-30T15:12,1482,1,0.915,he,0.0707
4010,490,11,v2,2026-02-13T03:06,1236,1,0.831,es,0.0224
4011,9,4,v3,2026-01-08T01:44,1629,0,0.84,ja,0.0264
4012,1593,11,v1,2026-04-04T05:53,345,1,0.9,en,0.047
4013,1176,11,v2,2026-07-08T18:05,1424,1,0.663,es,0.0179
4014,867,1,v1,2026-06-20T21:19,1935,1,0.707,en,0.0231
4015,1481,6,v1,2026-02-03T20:45,1223,1,0.814,en,0.0591
4016,1242,9,v2,2026-02-03T04:33,885,1,0.571,fr,0.0479
4017,644,7,v3,2026-07-09T13:46,2042,1,0.68,en,0.0787
4018,1224,8,v2,2026-07-02T03:58,1244,1,0.561,en,0.0122
4019,297,6,v2,2026-06-20T23:33,1285,0,0.836,en,0.0728
4020,1698,10,v2,2026-04-20T20:44,636,0,0.49,he,0.0327
4021,8,2,v1,2026-07-09T19:28,1002,1,0.698,es,0.0199
4022,686,7,v3,2026-02-05T11:54,1974,1,0.555,en,0.008
4023,1090,10,v1,2026-06-27T03:57,976,1,0.602,en,0.0356
4024,496,11,v3,2026-03-05T15:09,631,1,0.747,en,0.0625
4025,1042,3,v1,2026-06-10T20:24,1440,1,0.869,de,0.0412
4026,1674,2,v3,2026-01-23T12:21,1324,1,0.553,en,0.0365
4027,1303,2,v2,2026-03-24T18:25,904,1,0.703,en,0.0441
4028,496,4,v3,2026-03-05T15:09,1343,1,0.946,en,0.0197
4029,1140,3,v1,2026-02-28T12:38,603,1,0.832,en,0.0738
4030,200,2,v1,2026-01-16T04:55,1075,1,0.849,he,0.0068
4031,271,8,v3,2026-05-25T09:51,1293,1,0.788,es,0.0506
4032,1685,8,v2,2026-01-20T20:29,706,1,0.799,de,0.0762
4033,1557,12,v2,2026-01-02T22:06,1624,1,0.801,fr,0.0307
4034,656,7,v1,2026-07-09T17:58,1133,1,0.666,en,0.0503
4035,383,12,v1,2026-06-03T19:52,1156,1,0.643,fr,0.0507
4036,712,5,v1,2026-05-03T17:33,840,1,0.647,en,0.0219
4037,1488,12,v3,2026-04-19T00:36,1552,1,0.598,ja,0.0762
4038,1779,3,v1,2026-05-23T23:00,2029,0,0.536,fr,0.0059
4039,1511,11,v1,2026-05-30T14:42,1230,1,0.513,fr,0.0056
4040,447,4,v2,2026-06-27T00:56,1365,1,0.536,es,0.0631
4041,298,4,v1,2026-05-29T19:12,1209,1,0.748,es,0.0633
4042,523,1,v3,2026-04-12T15:49,904,0,0.604,en,0.0293
4043,1050,6,v3,2026-05-26T11:13,752,1,0.836,es,0.0087
4044,1537,1,v3,2026-01-12T23:17,1023,1,0.994,de,0.0697
4045,1175,6,v2,2026-03-31T19:06,1806,1,0.94,de,0.0657
4046,1278,5,v1,2026-02-09T04:29,1309,1,0.788,en,0.0227
4047,589,1,v2,2026-04-11T11:26,1156,1,0.529,en,0.0162
4048,1796,10,v2,2026-03-27T22:00,1142,1,0.711,en,0.0747
4049,1113,8,v2,2026-06-25T09:16,1094,0,0.727,de,0.0605
4050,1277,5,v1,2026-04-12T23:41,1290,1,0.45,en,0.0599
4051,1184,9,v3,2026-03-13T08:46,336,1,0.806,ja,0.0254
4052,188,5,v2,2026-05-30T00:11,1164,1,0.886,en,0.0647
4053,304,8,v2,2026-03-20T22:41,1301,1,0.756,en,0.0648
4054,1665,5,v3,2026-03-10T22:55,796,1,0.404,en,0.0638
4055,845,3,v2,2026-03-05T04:15,1482,1,0.688,en,0.0145
4056,1737,10,v3,2026-02-11T13:51,876,1,0.857,en,0.07
4057,1108,1,v2,2026-03-25T01:10,1037,1,0.842,ja,0.044
4058,313,6,v3,2026-05-21T16:27,1072,1,0.897,en,0.0402
4059,655,5,v2,2026-02-10T17:20,953,1,0.878,en,0.0174
4060,102,10,v3,2026-04-15T16:38,1180,1,0.738,de,0.0552
4061,538,9,v2,2026-07-09T19:53,736,1,0.482,en,0.0374
4062,1726,5,v3,2026-01-08T11:29,1002,1,0.775,en,0.0478
4063,836,2,v3,2026-03-29T14:27,1234,1,0.982,de,0.0028
4064,989,11,v1,2026-01-25T17:35,1242,1,0.733,de,0.035
4065,278,12,v3,2026-06-05T05:35,1041,1,0.638,es,0.078
4066,1020,8,v3,2026-07-27T05:59,1094,1,0.528,en,0.0722
4067,1087,11,v3,2026-04-02T07:46,817,1,0.799,en,0.0079
4068,1473,11,v2,2026-03-06T16:02,941,1,0.562,en,0.0294
4069,793,12,v3,2026-04-02T20:55,1840,1,0.731,es,0.0784
4070,1254,2,v2,2026-07-15T00:49,1532,1,0.511,es,0.0158
4071,1674,12,v2,2026-01-23T12:21,1375,1,0.547,en,0.0415
4072,165,10,v1,2026-02-04T11:44,1910,1,0.576,fr,0.0174
4073,1357,9,v3,2026-04-03T12:23,1636,0,0.61,en,0.0263
4074,127,1,v2,2026-05-28T03:46,1400,1,0.66,ja,0.0431
4075,632,1,v3,2026-06-05T15:25,933,1,0.911,en,0.0104
4076,95,1,v1,2026-07-14T15:52,1379,1,0.606,en,0.0348
4077,908,3,v2,2026-05-12T04:47,993,0,0.778,en,0.0775
4078,953,6,v3,2026-03-24T13:55,705,1,0.969,en,0.0381
4079,51,7,v3,2026-04-15T21:42,1089,1,0.847,es,0.0631
4080,783,10,v2,2026-06-16T06:08,1134,1,0.551,en,0.0158
4081,1663,5,v2,2026-05-06T19:10,2065,1,0.805,de,0.0307
4082,585,5,v1,2026-02-20T16:39,1604,1,0.825,de,0.0352
4083,940,2,v3,2026-04-23T01:53,1514,1,0.796,ja,0.0561
4084,1455,6,v1,2026-03-02T22:03,2139,1,0.853,en,0.0382
4085,904,10,v2,2026-04-18T14:12,1431,1,0.449,de,0.0219
4086,659,11,v1,2026-07-11T09:05,2271,1,0.873,en,0.012
4087,595,6,v1,2026-07-16T22:48,1219,1,0.849,he,0.0047
4088,930,12,v1,2026-01-03T19:57,999,1,0.838,en,0.0478
4089,247,1,v3,2026-04-27T03:27,1769,1,0.741,es,0.0487
4090,1540,10,v1,2026-04-27T01:38,1992,1,0.818,en,0.0088
4091,1006,6,v1,2026-05-25T18:57,1325,0,0.568,es,0.0334
4092,857,10,v1,2026-04-16T23:49,1324,1,0.591,en,0.0361
4093,723,12,v2,2026-03-03T10:51,1101,1,0.605,es,0.0479
4094,763,2,v3,2026-02-01T20:33,872,1,0.902,he,0.0104
4095,684,12,v2,2026-02-28T18:22,1341,1,0.727,fr,0.0725
4096,1565,9,v2,2026-05-30T13:57,1159,1,0.827,en,0.0484
4097,891,1,v1,2026-06-10T01:56,1628,1,0.942,ja,0.0504
4098,1358,6,v1,2026-05-18T01:31,1335,1,0.84,es,0.0608
4099,1691,4,v1,2026-06-18T07:38,1537,1,0.658,fr,0.0565
4100,1043,2,v3,2026-05-12T04:05,217,1,0.998,he,0.0182
4101,554,4,v3,2026-04-08T18:29,1762,1,0.739,en,0.0677
4102,1756,9,v2,2026-07-15T01:05,1526,1,0.587,ja,0.0706
4103,518,5,v2,2026-03-14T02:43,729,1,0.939,de,0.0526
4104,284,1,v3,2026-04-30T04:55,1317,1,0.826,es,0.0192
4105,408,2,v2,2026-07-06T05:40,1879,1,0.539,en,0.0256
4106,1248,12,v1,2026-03-18T19:32,1209,1,0.813,ja,0.0187
4107,912,11,v2,2026-02-11T21:29,1332,1,0.697,en,0.0129
4108,555,12,v3,2026-06-26T06:31,1510,1,0.866,de,0.075
4109,131,12,v1,2026-03-11T10:26,1243,1,0.346,fr,0.0735
4110,715,12,v2,2026-04-07T20:32,681,1,0.739,en,0.0587
4111,1474,9,v3,2026-04-17T15:43,1491,1,0.759,de,0.0133
4112,251,4,v1,2026-01-13T15:08,1925,1,0.649,he,0.0292
4113,1303,12,v1,2026-03-24T18:25,1296,0,0.929,en,0.0229
4114,1338,10,v3,2026-05-27T20:04,1884,0,0.953,en,0.0477
4115,134,9,v1,2026-06-07T01:31,1634,1,0.709,en,0.038
4116,1373,2,v3,2026-06-01T02:26,1449,0,0.42,en,0.0645
4117,321,6,v1,2026-05-07T18:38,1271,1,0.587,de,0.0173
4118,1368,5,v1,2026-06-18T06:30,1394,1,0.963,en,0.0504
4119,505,5,v1,2026-01-21T11:01,1104,1,0.929,en,0.0352
4120,732,8,v2,2026-01-04T03:26,516,1,0.611,de,0.0378
4121,899,3,v2,2026-06-29T23:20,1219,1,0.877,de,0.0361
4122,1625,10,v2,2026-04-01T06:01,1289,1,0.725,de,0.0647
4123,1043,2,v1,2026-05-12T04:05,1366,1,0.829,he,0.077
4124,505,10,v2,2026-01-21T11:01,1064,1,0.771,en,0.0798
4125,1560,12,v2,2026-04-22T19:10,809,1,0.823,en,0.0589
4126,592,6,v1,2026-02-21T21:37,1732,1,1.0,en,0.079
4127,91,2,v3,2026-05-14T01:49,1699,1,0.663,en,0.0261
4128,12,3,v1,2026-06-01T07:52,1629,1,0.774,en,0.0069
4129,931,10,v3,2026-07-08T16:45,1183,1,1.0,de,0.014
4130,780,2,v3,2026-06-20T08:40,596,1,0.683,es,0.0374
4131,446,3,v2,2026-05-16T15:52,1294,1,0.663,en,0.0083
4132,254,12,v1,2026-02-27T02:57,2688,1,0.755,de,0.0462
4133,1154,3,v3,2026-02-12T23:52,724,1,0.636,en,0.0189
4134,1002,9,v3,2026-05-20T17:57,2047,1,0.731,de,0.0717
4135,1089,5,v2,2026-03-03T22:31,1253,1,0.611,en,0.0788
4136,830,11,v3,2026-07-27T19:40,665,1,0.502,he,0.0151
4137,1691,4,v3,2026-06-18T07:38,1030,0,0.543,fr,0.0227
4138,378,3,v3,2026-05-29T08:49,1042,1,0.734,en,0.0278
4139,309,1,v3,2026-07-22T00:48,1521,1,1.0,ja,0.0743
4140,1394,10,v2,2026-02-13T00:48,1050,1,0.667,ja,0.0169
4141,677,3,v2,2026-07-21T18:09,1997,1,0.64,en,0.0098
4142,1458,5,v2,2026-06-03T09:50,753,1,0.615,es,0.0385
4143,1548,2,v2,2026-04-18T10:07,465,1,0.637,fr,0.02
4144,1531,2,v1,2026-01-14T19:04,1459,0,0.802,de,0.0588
4145,1638,2,v3,2026-07-20T02:50,1821,1,0.92,fr,0.0457
4146,604,10,v2,2026-04-19T19:02,838,1,0.72,en,0.0034
4147,958,6,v3,2026-07-09T20:43,1378,1,0.399,fr,0.0264
4148,382,8,v2,2026-07-13T05:11,302,1,0.616,en,0.0368
4149,299,11,v1,2026-02-24T10:15,1835,1,0.577,en,0.0125
4150,279,1,v2,2026-07-09T22:53,1634,1,0.465,en,0.0134
4151,824,7,v2,2026-05-26T04:55,1388,1,0.669,en,0.0229
4152,831,6,v2,2026-05-16T18:29,1383,1,0.875,en,0.0297
4153,1788,6,v3,2026-05-05T05:22,875,1,0.931,ja,0.0629
4154,445,3,v3,2026-01-11T06:57,1736,1,0.888,fr,0.0405
4155,30,7,v2,2026-04-24T12:41,1021,1,0.846,es,0.0272
4156,895,4,v1,2026-04-19T22:38,1285,1,0.967,en,0.0103
4157,1214,1,v2,2026-01-05T06:47,948,1,0.824,es,0.041
4158,1587,6,v2,2026-06-17T10:14,1097,1,1.0,en,0.0756
4159,1650,4,v2,2026-03-01T08:25,1187,1,0.683,en,0.0303
4160,367,4,v1,2026-04-22T17:58,1680,1,0.458,fr,0.0737
4161,833,5,v3,2026-06-20T13:53,268,1,0.819,en,0.0047
4162,1330,6,v3,2026-03-12T13:40,1039,1,0.616,ja,0.0207
4163,936,1,v3,2026-02-21T12:33,1608,1,0.852,en,0.0479
4164,964,11,v1,2026-01-15T13:53,1235,1,0.69,ja,0.0221
4165,1177,4,v3,2026-01-23T19:17,1090,1,0.632,en,0.0455
4166,781,6,v3,2026-03-01T05:30,790,1,0.73,he,0.0121
4167,115,1,v3,2026-05-23T17:24,610,1,0.709,es,0.0183
4168,1301,5,v3,2026-03-24T12:07,1025,1,0.924,he,0.0375
4169,971,6,v3,2026-04-01T03:30,350,1,1.0,en,0.0116
4170,1247,5,v2,2026-07-07T23:46,1356,1,0.856,es,0.0597
4171,1268,1,v1,2026-01-09T23:20,1387,1,0.755,es,0.0095
4172,977,12,v2,2026-06-20T16:18,1489,1,0.582,en,0.0246
4173,1656,11,v3,2026-04-14T15:12,1397,1,0.574,es,0.0502
4174,883,1,v1,2026-04-25T18:01,1633,1,0.653,en,0.0774
4175,603,3,v1,2026-03-10T19:30,1486,1,0.78,en,0.0493
4176,1431,6,v2,2026-06-30T09:34,1476,1,0.531,en,0.0403
4177,187,4,v3,2026-05-13T04:20,1575,1,0.993,he,0.0798
4178,664,3,v2,2026-02-01T18:04,1316,1,0.69,en,0.0492
4179,1311,4,v2,2026-02-15T02:48,755,1,0.8,he,0.01
4180,750,8,v3,2026-02-12T21:12,1251,1,0.799,fr,0.0742
4181,350,10,v1,2026-06-21T10:58,2272,1,0.89,es,0.0195
4182,1645,5,v2,2026-02-05T17:51,991,1,0.561,es,0.0228
4183,397,5,v2,2026-01-10T12:23,501,1,0.952,en,0.0389
4184,522,8,v1,2026-06-18T19:24,1702,1,0.685,he,0.0637
4185,834,11,v1,2026-02-15T14:07,1960,1,0.703,en,0.0201
4186,1695,7,v3,2026-01-03T09:19,771,1,0.703,fr,0.0112
4187,150,12,v1,2026-02-02T22:17,1571,1,0.779,ja,0.0758
4188,1358,2,v2,2026-05-18T01:31,680,1,0.881,es,0.0601
4189,1516,5,v2,2026-04-09T15:30,1037,1,1.0,ja,0.0403
4190,302,8,v3,2026-05-01T12:17,1009,1,1.0,en,0.006
4191,779,5,v3,2026-06-15T01:02,1248,1,0.672,en,0.0303
4192,181,8,v2,2026-07-07T18:14,766,1,0.616,en,0.0779
4193,864,2,v3,2026-04-06T01:41,1845,1,0.915,en,0.0092
4194,1143,11,v2,2026-04-07T07:49,614,1,0.392,de,0.0689
4195,348,12,v2,2026-04-28T17:22,966,1,0.829,en,0.0564
4196,1633,7,v2,2026-07-23T00:57,1006,1,0.571,es,0.0038
4197,246,9,v1,2026-05-08T18:40,1722,1,0.746,ja,0.026
4198,1332,6,v2,2026-02-20T00:46,1359,1,0.743,ja,0.0065
4199,1651,4,v1,2026-03-14T15:50,1719,1,0.871,en,0.0227
4200,1202,9,v3,2026-03-25T07:48,1111,1,0.829,en,0.0655
4201,1778,1,v1,2026-02-28T15:50,1467,1,0.658,es,0.0713
4202,1469,11,v3,2026-07-11T16:01,1861,1,0.81,es,0.0671
4203,597,6,v1,2026-07-25T15:40,1106,1,0.793,en,0.0572
4204,787,7,v2,2026-06-22T21:00,1291,1,0.784,ja,0.0439
4205,1465,8,v2,2026-02-13T03:32,1247,1,0.609,en,0.0158
4206,78,9,v2,2026-05-11T16:00,1663,1,0.682,en,0.0389
4207,534,7,v2,2026-01-18T13:38,1387,1,0.875,en,0.065
4208,406,7,v2,2026-06-08T18:05,180,1,0.753,en,0.0117
4209,281,5,v1,2026-07-17T21:13,1042,1,0.775,en,0.0707
4210,935,12,v3,2026-01-09T03:24,2253,1,0.832,en,0.01
4211,349,12,v1,2026-04-06T09:51,1565,1,0.801,en,0.0704
4212,1474,5,v3,2026-04-17T15:43,1343,1,0.911,de,0.0665
4213,320,7,v1,2026-03-16T01:50,1322,1,0.669,en,0.0693
4214,166,8,v3,2026-07-17T23:15,498,1,0.467,en,0.0576
4215,1759,6,v3,2026-05-27T09:16,1536,1,0.663,en,0.0699
4216,1337,10,v3,2026-07-06T01:10,1832,1,0.86,de,0.0421
4217,1632,12,v1,2026-01-14T02:20,1763,1,0.449,en,0.0195
4218,639,8,v2,2026-04-16T00:49,1935,1,0.639,en,0.0146
4219,486,3,v3,2026-06-07T02:25,952,1,0.44,de,0.0554
4220,1470,2,v2,2026-06-14T21:17,705,1,0.826,fr,0.0533
4221,809,12,v2,2026-07-04T20:06,1507,1,0.857,de,0.0341
4222,832,2,v2,2026-07-16T07:25,699,0,0.674,en,0.0731
4223,817,4,v3,2026-02-25T02:04,1402,1,0.77,fr,0.0043
4224,1450,7,v1,2026-07-10T13:36,1152,1,0.789,en,0.0565
4225,867,8,v2,2026-06-20T21:19,976,1,0.55,en,0.0688
4226,398,5,v2,2026-03-02T20:34,1158,1,0.624,es,0.0622
4227,1112,10,v3,2026-06-14T10:21,1060,1,0.715,he,0.0269
4228,1051,11,v2,2026-04-03T14:20,746,0,0.489,en,0.0748
4229,1349,12,v3,2026-02-14T00:08,1352,1,0.591,en,0.0346
4230,206,2,v1,2026-06-15T21:35,1850,1,0.571,en,0.0789
4231,446,7,v2,2026-05-16T15:52,1701,1,0.538,en,0.0128
4232,221,10,v2,2026-06-08T15:39,914,0,0.713,en,0.0076
4233,1212,7,v3,2026-05-02T19:54,260,1,0.784,de,0.0303
4234,435,7,v3,2026-03-12T17:55,742,1,0.81,es,0.0042
4235,1366,8,v3,2026-02-28T08:16,1347,0,0.877,es,0.0696
4236,967,5,v2,2026-01-06T16:29,1450,1,0.865,en,0.0607
4237,1628,12,v3,2026-01-05T23:12,180,1,0.756,es,0.0023
4238,306,2,v2,2026-05-10T23:15,1040,0,0.558,de,0.0094
4239,549,11,v2,2026-05-23T22:44,1729,1,0.377,en,0.0467
4240,1697,11,v3,2026-06-22T11:39,1076,1,0.46,ja,0.006
4241,203,4,v3,2026-06-11T00:08,1371,1,0.401,fr,0.0598
4242,1635,9,v3,2026-01-27T14:05,1922,1,0.508,de,0.0114
4243,1463,8,v2,2026-04-22T23:27,869,1,0.81,en,0.0661
4244,1739,4,v1,2026-02-21T10:23,1783,1,0.703,es,0.0409
4245,1108,8,v2,2026-03-25T01:10,621,1,0.375,ja,0.0776
4246,1148,1,v1,2026-05-25T04:32,1588,1,0.593,de,0.0791
4247,1227,1,v1,2026-03-04T09:45,1674,1,0.572,es,0.024
4248,677,8,v2,2026-07-21T18:09,1470,1,0.806,en,0.0595
4249,303,6,v1,2026-07-25T15:15,2170,1,0.953,fr,0.0194
4250,747,11,v2,2026-01-22T20:51,1109,1,0.517,ja,0.0551
4251,639,4,v3,2026-04-16T00:49,926,1,0.991,en,0.0119
4252,673,2,v3,2026-03-21T06:02,1998,1,0.888,ja,0.0765
4253,1471,10,v1,2026-03-04T14:01,995,1,0.75,he,0.0205
4254,172,4,v1,2026-02-21T07:02,1589,1,0.843,en,0.0614
4255,1093,5,v3,2026-05-18T16:04,1769,1,0.844,en,0.0171
4256,245,12,v2,2026-03-17T09:52,1135,1,0.76,es,0.0402
4257,350,4,v1,2026-06-21T10:58,1735,1,0.841,es,0.0499
4258,1164,12,v2,2026-04-17T17:06,708,1,0.816,es,0.0384
4259,1435,11,v1,2026-03-11T13:23,1528,1,0.717,de,0.0755
4260,850,7,v2,2026-03-31T01:33,1160,0,0.814,es,0.0392
4261,1150,6,v2,2026-02-18T14:45,1170,1,0.752,es,0.0722
4262,1417,5,v3,2026-06-05T23:50,1247,1,1.0,ja,0.0761
4263,366,3,v3,2026-07-02T20:00,802,1,0.785,en,0.05
4264,1775,1,v2,2026-06-04T18:18,1364,1,0.447,fr,0.0259
4265,886,4,v1,2026-05-04T07:44,1341,1,0.628,es,0.0251
4266,832,12,v3,2026-07-16T07:25,656,1,0.884,en,0.0308
4267,380,8,v3,2026-07-07T17:58,1320,1,0.454,es,0.0641
4268,5,6,v1,2026-03-21T01:12,1734,1,0.636,en,0.0121
4269,1766,6,v1,2026-04-16T20:15,780,1,0.874,es,0.0135
4270,1677,2,v1,2026-02-17T06:53,1919,1,0.81,en,0.0661
4271,479,9,v1,2026-05-17T11:52,1668,1,0.577,ja,0.0662
4272,713,2,v3,2026-02-05T01:13,1709,1,0.661,en,0.0529
4273,236,6,v1,2026-07-09T07:03,2431,1,0.663,en,0.0191
4274,451,7,v2,2026-03-19T06:53,1739,1,0.645,en,0.0167
4275,1038,4,v2,2026-07-13T16:19,878,1,0.729,en,0.0203
4276,182,4,v3,2026-01-08T00:11,720,1,0.936,en,0.0187
4277,1603,12,v3,2026-03-19T08:56,1043,0,0.599,en,0.0635
4278,583,9,v1,2026-03-29T20:02,1646,1,0.89,en,0.063
4279,43,9,v2,2026-03-21T23:13,1002,1,0.8,he,0.0118
4280,1726,12,v1,2026-01-08T11:29,1224,1,0.915,en,0.0762
4281,636,8,v1,2026-03-19T17:39,1568,1,0.862,ja,0.0605
4282,564,10,v3,2026-02-03T09:38,1631,1,0.462,en,0.0527
4283,238,3,v1,2026-01-04T15:50,1870,1,0.455,de,0.0518
4284,728,10,v2,2026-05-17T11:45,1678,1,0.619,fr,0.0287
4285,340,6,v1,2026-01-10T10:57,1466,0,0.6,en,0.0273
4286,699,11,v3,2026-01-20T23:13,665,0,0.594,es,0.0547
4287,650,11,v2,2026-01-17T01:11,1349,0,0.958,en,0.0408
4288,1390,4,v2,2026-01-30T22:13,1095,1,0.801,es,0.0634
4289,343,4,v3,2026-02-26T14:42,1993,1,0.775,fr,0.0516
4290,786,12,v3,2026-06-14T20:13,1503,1,0.487,en,0.0086
4291,1002,5,v1,2026-05-20T17:57,881,0,0.911,de,0.0664
4292,638,6,v1,2026-06-23T02:59,975,1,1.0,de,0.0368
4293,1176,9,v1,2026-07-08T18:05,1982,1,1.0,es,0.0484
4294,1710,7,v2,2026-02-23T08:32,1116,1,0.81,es,0.0121
4295,573,5,v2,2026-05-07T00:13,955,1,0.505,en,0.036
4296,1109,9,v2,2026-05-26T08:13,943,1,0.832,es,0.0579
4297,176,7,v2,2026-04-20T13:16,297,1,0.445,en,0.0093
4298,1695,11,v1,2026-01-03T09:19,1494,1,0.627,fr,0.0653
4299,1333,3,v2,2026-02-22T19:46,690,1,0.575,en,0.0684
4300,1765,10,v1,2026-05-07T18:11,1294,1,0.475,de,0.0208
4301,1657,8,v2,2026-07-13T14:25,847,1,0.868,en,0.012
4302,666,6,v3,2026-07-04T04:14,1527,1,0.566,fr,0.0691
4303,1655,3,v3,2026-07-04T11:17,457,0,0.692,en,0.0317
4304,279,12,v3,2026-07-09T22:53,1077,1,0.786,en,0.0206
4305,441,7,v3,2026-03-23T01:25,1589,0,0.852,he,0.0703
4306,261,3,v2,2026-02-16T00:01,550,1,0.666,es,0.0332
4307,976,12,v2,2026-01-22T16:48,1276,0,0.818,es,0.074
4308,456,1,v1,2026-04-28T03:06,1061,1,0.532,fr,0.0511
4309,1327,1,v2,2026-05-15T23:19,920,1,0.735,en,0.0637
4310,1289,8,v1,2026-01-27T05:08,1872,1,0.714,es,0.0127
4311,1179,8,v2,2026-01-14T05:30,1303,1,0.716,es,0.0386
4312,1524,7,v2,2026-04-14T09:35,1206,1,0.642,en,0.0118
4313,1100,8,v2,2026-05-13T04:55,1175,1,0.724,es,0.0053
4314,350,8,v1,2026-06-21T10:58,2361,1,0.903,es,0.0347
4315,877,10,v2,2026-06-01T22:55,1466,1,0.895,en,0.0089
4316,1080,8,v2,2026-04-29T18:18,1776,1,0.45,en,0.0394
4317,113,5,v2,2026-02-09T05:25,1204,1,0.872,en,0.0766
4318,490,1,v3,2026-02-13T03:06,1367,1,0.788,es,0.026
4319,255,4,v1,2026-06-02T20:39,2044,1,0.794,en,0.0585
4320,692,4,v2,2026-04-20T07:15,884,1,0.961,en,0.0647
4321,1045,11,v2,2026-06-22T01:52,1190,1,0.885,en,0.0168
4322,477,9,v2,2026-06-28T05:40,312,1,0.606,en,0.0684
4323,222,8,v2,2026-03-08T18:59,426,1,0.797,de,0.049
4324,963,8,v3,2026-01-18T03:17,790,1,0.978,es,0.0334
4325,359,9,v2,2026-04-24T09:18,479,0,0.713,es,0.0284
4326,224,12,v1,2026-01-27T11:38,1575,0,0.475,ja,0.0625
4327,1298,12,v1,2026-02-09T01:09,1006,1,0.583,he,0.0097
4328,1334,9,v1,2026-07-27T08:54,479,0,0.665,he,0.008
4329,269,1,v2,2026-04-06T10:19,1230,1,0.684,de,0.0673
4330,445,12,v1,2026-01-11T06:57,1245,0,0.545,fr,0.0418
4331,235,4,v1,2026-07-12T12:20,1080,1,0.856,en,0.039
4332,38,8,v1,2026-02-10T02:14,1460,1,0.55,en,0.0276
4333,1741,12,v2,2026-04-17T07:44,700,1,0.64,en,0.0416
4334,1654,5,v3,2026-02-10T00:01,1032,1,0.699,en,0.0522
4335,1762,9,v1,2026-02-23T19:43,660,1,0.694,de,0.0307
4336,622,1,v1,2026-04-09T19:08,1617,1,0.732,de,0.0593
4337,979,5,v2,2026-03-20T19:40,1665,1,0.803,de,0.0798
4338,268,9,v2,2026-05-31T11:57,450,1,0.667,en,0.0539
4339,869,6,v3,2026-07-14T20:15,1383,1,0.92,de,0.0525
4340,128,10,v1,2026-01-11T18:57,1707,1,0.701,es,0.016
4341,266,3,v1,2026-05-22T19:06,2375,1,0.555,fr,0.01
4342,1767,7,v1,2026-02-01T10:05,1452,1,0.603,fr,0.0396
4343,618,7,v2,2026-07-09T16:13,748,1,0.834,en,0.0298
4344,1506,11,v1,2026-05-14T15:47,1025,1,0.624,en,0.0574
4345,451,2,v3,2026-03-19T06:53,1130,1,0.93,en,0.0581
4346,1594,6,v2,2026-01-21T13:06,1278,1,0.585,es,0.0518
4347,1577,7,v2,2026-06-21T06:28,437,1,0.49,en,0.0089
4348,117,5,v1,2026-06-12T10:52,1830,1,0.711,en,0.0335
4349,80,9,v1,2026-06-20T06:46,1802,1,0.824,en,0.0066
4350,348,11,v2,2026-04-28T17:22,1341,1,0.601,en,0.005
4351,671,8,v2,2026-05-25T04:16,1885,1,0.68,ja,0.0456
4352,49,9,v3,2026-01-26T03:50,681,1,0.599,he,0.0771
4353,385,12,v3,2026-04-28T03:51,1380,1,0.867,en,0.0358
4354,133,4,v1,2026-06-26T21:39,1089,0,0.602,ja,0.0497
4355,592,3,v1,2026-02-21T21:37,1301,1,0.606,en,0.0263
4356,1092,7,v3,2026-02-16T20:29,1043,1,0.803,en,0.0631
4357,1607,10,v3,2026-07-01T10:06,1055,1,0.81,ja,0.0225
4358,1214,9,v3,2026-01-05T06:47,744,1,0.35,es,0.0596
4359,1186,5,v3,2026-03-29T19:46,1396,1,0.608,fr,0.0139
4360,1538,5,v1,2026-07-19T00:13,1855,1,0.933,ja,0.0326
4361,1120,8,v2,2026-06-06T05:14,377,0,0.751,es,0.0312
4362,154,7,v2,2026-05-29T08:17,660,1,0.561,en,0.0085
4363,456,9,v3,2026-04-28T03:06,1996,1,0.593,fr,0.0439
4364,153,9,v2,2026-01-27T12:43,311,1,0.714,en,0.0495
4365,801,11,v1,2026-02-04T21:13,1044,1,0.617,en,0.0589
4366,815,9,v1,2026-01-13T07:14,2092,1,0.571,de,0.0195
4367,548,11,v1,2026-07-24T23:34,1197,0,0.374,en,0.0727
4368,1745,2,v2,2026-06-18T06:17,655,1,0.701,en,0.0377
4369,245,2,v2,2026-03-17T09:52,1428,1,0.688,es,0.0736
4370,224,10,v1,2026-01-27T11:38,1198,1,0.394,ja,0.0263
4371,1295,6,v3,2026-07-05T19:07,1133,1,0.866,en,0.0142
4372,1063,3,v1,2026-06-22T23:33,1391,1,0.854,de,0.0533
4373,800,9,v1,2026-05-12T16:55,1173,1,0.796,he,0.0121
4374,61,12,v2,2026-06-27T21:12,916,1,0.578,fr,0.0294
4375,519,7,v2,2026-05-21T00:26,1391,1,0.572,en,0.024
4376,200,4,v3,2026-01-16T04:55,560,1,0.958,he,0.0395
4377,450,5,v2,2026-05-02T04:22,793,1,0.601,en,0.0285
4378,822,10,v3,2026-06-30T04:58,731,1,0.842,fr,0.0617
4379,663,12,v2,2026-05-20T10:12,1044,1,0.859,en,0.0153
4380,1636,8,v2,2026-03-02T15:56,1876,1,0.581,en,0.0183
4381,1364,1,v3,2026-05-06T13:12,541,1,0.884,de,0.0531
4382,231,8,v1,2026-06-02T22:57,1239,1,0.791,fr,0.0227
4383,1079,9,v2,2026-07-02T14:17,1229,1,0.575,de,0.0318
4384,798,3,v1,2026-06-16T14:33,1693,1,0.747,fr,0.0168
4385,1552,7,v2,2026-07-21T05:50,985,1,0.983,de,0.0085
4386,788,5,v3,2026-06-07T16:58,1128,1,0.717,fr,0.0359
4387,1675,2,v3,2026-03-15T12:35,1577,1,0.358,he,0.0123
4388,841,11,v1,2026-05-16T21:53,782,1,0.947,en,0.0085
4389,1266,9,v1,2026-07-03T19:59,1811,1,0.677,ja,0.0752
4390,950,7,v2,2026-01-12T20:26,1099,1,0.71,en,0.0285
4391,1366,11,v3,2026-02-28T08:16,730,1,0.453,es,0.0055
4392,387,5,v2,2026-01-26T13:27,1247,0,0.853,en,0.0334
4393,963,2,v3,2026-01-18T03:17,531,1,1.0,es,0.0032
4394,675,9,v3,2026-01-01T11:14,1205,1,1.0,es,0.0481
4395,1208,2,v2,2026-07-18T06:14,319,1,0.619,es,0.0645
4396,595,11,v3,2026-07-16T22:48,1793,1,0.467,he,0.0427
4397,490,10,v1,2026-02-13T03:06,1682,1,0.916,es,0.0758
4398,1473,2,v3,2026-03-06T16:02,654,1,0.634,en,0.0582
4399,1396,9,v3,2026-02-02T10:55,925,1,1.0,en,0.0443
4400,457,3,v1,2026-02-16T14:07,1285,1,0.882,he,0.0659
4401,972,3,v3,2026-02-23T05:35,1105,0,0.624,de,0.0778
4402,1380,9,v3,2026-04-18T01:16,665,1,0.721,en,0.0569
4403,757,9,v2,2026-06-05T22:57,1646,1,0.932,en,0.0338
4404,63,4,v3,2026-05-24T09:34,1284,1,0.897,es,0.0667
4405,812,12,v3,2026-02-17T04:50,1201,1,0.735,en,0.079
4406,729,12,v1,2026-03-06T07:06,1486,1,0.832,en,0.0264
4407,222,11,v1,2026-03-08T18:59,928,1,0.736,de,0.034
4408,96,10,v2,2026-07-26T17:07,551,1,0.932,en,0.0768
4409,1467,7,v3,2026-02-28T16:45,1961,1,0.671,en,0.0565
4410,1125,6,v2,2026-07-01T04:38,1099,1,0.653,en,0.0149
4411,456,3,v2,2026-04-28T03:06,1438,1,0.698,fr,0.0191
4412,265,4,v2,2026-04-01T14:12,1278,1,0.318,en,0.0783
4413,1622,4,v1,2026-04-10T03:55,1619,1,0.437,en,0.0344
4414,233,12,v2,2026-04-05T21:12,1079,1,0.618,de,0.0278
4415,1313,8,v3,2026-06-04T10:30,1339,1,0.699,es,0.0659
4416,93,11,v3,2026-01-22T04:41,1171,1,0.523,ja,0.0415
4417,629,4,v1,2026-05-03T03:16,961,1,0.586,de,0.068
4418,414,4,v3,2026-06-11T04:21,1389,1,0.65,en,0.0102
4419,1712,2,v2,2026-04-13T06:34,1681,1,0.721,es,0.0599
4420,96,4,v1,2026-07-26T17:07,2318,1,0.814,en,0.0388
4421,1411,8,v2,2026-02-27T08:54,1511,0,0.595,en,0.0533
4422,1118,11,v1,2026-03-09T07:56,1072,1,0.702,en,0.0545
4423,1093,7,v2,2026-05-18T16:04,710,1,0.761,en,0.0758
4424,650,7,v1,2026-01-17T01:11,1641,1,0.703,en,0.0252
4425,1306,10,v1,2026-03-28T01:39,1192,1,0.613,en,0.0607
4426,491,10,v2,2026-06-29T15:31,727,1,1.0,en,0.0057
4427,768,8,v2,2026-05-03T03:57,625,1,0.952,en,0.0074
4428,1287,1,v3,2026-04-03T22:47,908,1,0.74,en,0.0537
4429,630,11,v2,2026-06-17T04:54,1401,1,0.668,ja,0.0281
4430,581,3,v3,2026-01-19T00:05,818,1,1.0,de,0.0561
4431,1716,10,v1,2026-03-01T17:43,1896,1,0.66,ja,0.0155
4432,330,11,v2,2026-06-05T22:50,1811,1,0.521,en,0.0484
4433,1485,10,v3,2026-02-03T16:26,1779,1,0.836,es,0.0638
4434,1604,11,v2,2026-04-17T21:50,1162,1,0.5,de,0.0263
4435,1733,4,v2,2026-03-11T07:33,1259,0,0.802,fr,0.0105
4436,315,4,v1,2026-02-19T14:26,1048,1,0.702,en,0.0776
4437,455,6,v3,2026-07-21T06:59,626,1,1.0,ja,0.0214
4438,1357,11,v3,2026-04-03T12:23,891,1,1.0,en,0.0751
4439,1123,12,v2,2026-04-24T02:46,1394,1,0.51,es,0.0513
4440,304,9,v3,2026-03-20T22:41,655,1,0.61,en,0.0726
4441,603,3,v3,2026-03-10T19:30,1878,1,0.724,en,0.0367
4442,1061,2,v2,2026-04-28T21:36,1247,1,0.735,ja,0.0512
4443,1779,12,v1,2026-05-23T23:00,1618,1,0.76,fr,0.0302
4444,1222,12,v3,2026-05-10T05:47,1067,1,0.638,en,0.0569
4445,184,3,v3,2026-02-20T14:47,911,1,0.773,de,0.0382
4446,1659,5,v1,2026-04-11T00:13,1346,1,0.722,de,0.0784
4447,1502,5,v3,2026-03-01T01:16,916,1,0.759,ja,0.0757
4448,1158,11,v3,2026-07-21T07:57,1671,1,0.731,en,0.0639
4449,1560,9,v2,2026-04-22T19:10,1577,1,0.747,en,0.0187
4450,743,7,v3,2026-03-06T23:36,1516,1,0.521,en,0.0676
4451,206,12,v2,2026-06-15T21:35,1962,1,0.599,en,0.0402
4452,394,2,v2,2026-02-16T05:07,593,1,0.573,es,0.0528
4453,1142,8,v1,2026-05-25T09:01,985,1,0.994,en,0.0027
4454,62,2,v3,2026-03-10T20:02,1390,1,0.747,en,0.052
4455,952,12,v3,2026-02-14T03:29,857,1,0.636,en,0.0256
4456,118,1,v3,2026-03-30T18:08,610,1,0.315,de,0.0477
4457,1582,7,v2,2026-02-12T08:00,1806,1,0.62,de,0.0124
4458,1234,3,v3,2026-03-21T05:28,1423,1,0.688,de,0.058
4459,491,5,v1,2026-06-29T15:31,1253,1,0.904,en,0.0327
4460,473,9,v1,2026-06-25T03:55,1181,1,0.854,en,0.0048
4461,1774,1,v3,2026-04-10T12:37,1774,1,0.861,en,0.0338
4462,779,10,v1,2026-06-15T01:02,1483,1,0.734,en,0.0109
4463,1148,2,v3,2026-05-25T04:32,1332,1,0.774,de,0.0271
4464,1053,7,v3,2026-04-17T07:38,1672,1,0.878,de,0.009
4465,1456,9,v3,2026-07-22T05:46,739,1,1.0,he,0.017
4466,1570,4,v2,2026-05-31T09:28,903,1,0.924,en,0.0137
4467,928,1,v1,2026-01-27T19:06,1594,1,0.681,de,0.0286
4468,1767,2,v2,2026-02-01T10:05,1073,1,0.559,fr,0.0188
4469,932,5,v3,2026-02-18T18:58,1350,1,0.701,en,0.0651
4470,767,6,v2,2026-02-26T22:28,1357,1,0.635,de,0.0142
4471,1468,10,v3,2026-03-29T08:13,1310,1,0.621,en,0.0756
4472,1394,7,v1,2026-02-13T00:48,1713,1,0.849,ja,0.0305
4473,891,11,v3,2026-06-10T01:56,1327,0,1.0,ja,0.0033
4474,1459,6,v3,2026-03-30T17:23,1007,1,0.78,en,0.0166
4475,398,4,v2,2026-03-02T20:34,1264,1,0.801,es,0.0701
4476,1469,2,v3,2026-07-11T16:01,447,0,0.873,es,0.0639
4477,1058,4,v3,2026-07-21T03:22,1389,1,0.722,en,0.0642
4478,360,10,v2,2026-02-20T04:28,1743,1,0.547,de,0.0164
4479,1426,10,v1,2026-07-21T21:04,837,1,0.702,en,0.0202
4480,672,1,v2,2026-02-12T17:14,1575,1,0.645,fr,0.0319
4481,1736,11,v2,2026-04-17T23:24,1555,0,0.597,en,0.0498
4482,96,5,v3,2026-07-26T17:07,1104,1,0.545,en,0.0479
4483,935,8,v1,2026-01-09T03:24,1666,1,0.776,en,0.043
4484,1604,7,v1,2026-04-17T21:50,1687,1,0.52,de,0.0402
4485,1061,4,v2,2026-04-28T21:36,1239,1,0.742,ja,0.015
4486,1788,7,v3,2026-05-05T05:22,1180,0,0.65,ja,0.0366
4487,559,2,v2,2026-06-04T03:37,922,1,0.714,es,0.0293
4488,448,9,v2,2026-05-31T10:27,1839,1,0.684,de,0.052
4489,1524,7,v1,2026-04-14T09:35,1313,1,0.643,en,0.0438
4490,9,4,v1,2026-01-08T01:44,1061,1,0.812,ja,0.0359
4491,301,11,v2,2026-04-19T18:27,798,1,0.824,ja,0.0601
4492,940,7,v1,2026-04-23T01:53,1504,1,0.838,ja,0.0453
4493,820,5,v1,2026-07-09T23:35,565,1,0.635,fr,0.0691
4494,908,10,v2,2026-05-12T04:47,1610,1,0.797,en,0.0643
4495,1314,8,v2,2026-07-13T06:54,1174,1,0.574,en,0.0672
4496,415,11,v3,2026-05-17T11:37,855,1,0.673,en,0.0435
4497,1086,12,v1,2026-01-09T09:48,1642,0,0.852,ja,0.0155
4498,207,1,v1,2026-04-08T03:17,1543,0,0.275,en,0.055
4499,256,6,v3,2026-03-10T06:50,696,1,0.884,fr,0.0557
4500,559,7,v3,2026-06-04T03:37,828,1,0.815,es,0.0603
4501,1572,1,v2,2026-06-15T04:07,1318,1,0.594,en,0.0553
4502,1113,4,v1,2026-06-25T09:16,1602,1,0.636,de,0.042
4503,295,9,v2,2026-03-31T10:59,662,1,0.631,es,0.0741
4504,551,5,v3,2026-06-07T15:40,1151,0,0.692,fr,0.0066
4505,1129,8,v2,2026-02-03T04:49,1110,1,0.74,fr,0.0066
4506,822,12,v3,2026-06-30T04:58,296,1,0.525,fr,0.0129
4507,662,12,v1,2026-05-29T01:29,1751,1,0.779,fr,0.0084
4508,1689,5,v2,2026-01-14T14:45,1117,0,0.815,en,0.0666
4509,937,1,v1,2026-04-16T14:11,1402,1,0.752,es,0.0362
4510,1374,4,v3,2026-06-04T18:40,396,1,0.913,fr,0.0507
4511,1369,8,v1,2026-06-25T18:57,1374,1,1.0,es,0.0693
4512,1584,5,v1,2026-01-17T22:35,1327,0,0.591,en,0.0774
4513,144,8,v1,2026-04-06T01:40,1379,1,0.37,he,0.0654
4514,851,5,v2,2026-06-18T19:38,1383,1,0.645,en,0.0424
4515,299,7,v3,2026-02-24T10:15,1046,1,0.669,en,0.0407
4516,629,7,v1,2026-05-03T03:16,2256,0,1.0,de,0.0513
4517,1002,12,v1,2026-05-20T17:57,885,1,1.0,de,0.0138
4518,1549,3,v3,2026-04-20T09:05,444,1,0.722,en,0.0551
4519,23,12,v2,2026-06-17T11:18,1610,1,0.77,de,0.0546
4520,1587,5,v3,2026-06-17T10:14,995,1,0.767,en,0.064
4521,246,11,v3,2026-05-08T18:40,1058,1,0.836,ja,0.0758
4522,272,4,v1,2026-06-18T14:40,2185,1,0.473,de,0.0777
4523,999,11,v3,2026-03-15T08:44,1034,1,1.0,de,0.0668
4524,229,5,v3,2026-05-06T17:11,1149,1,0.553,en,0.0676
4525,703,7,v1,2026-06-06T15:56,1056,1,0.707,en,0.072
4526,1454,4,v3,2026-01-30T07:32,470,0,1.0,en,0.0311
4527,782,3,v1,2026-02-18T03:15,891,0,0.717,en,0.0324
4528,581,9,v2,2026-01-19T00:05,1681,1,0.816,de,0.0724
4529,429,10,v3,2026-02-13T04:54,1572,1,0.898,fr,0.0265
4530,1668,7,v1,2026-04-24T05:42,1755,1,0.991,fr,0.006
4531,1635,9,v2,2026-01-27T14:05,1603,1,0.445,de,0.0266
4532,101,1,v1,2026-01-06T03:04,1938,1,0.802,fr,0.0566
4533,1682,5,v1,2026-05-15T22:02,1429,1,0.783,de,0.0063
4534,293,10,v3,2026-04-07T06:58,1759,1,0.828,en,0.031
4535,1284,3,v1,2026-02-14T11:53,1124,1,0.904,es,0.0498
4536,796,9,v3,2026-06-22T18:27,1579,1,0.883,fr,0.0686
4537,1511,3,v2,2026-05-30T14:42,1158,1,0.706,fr,0.0453
4538,1787,6,v1,2026-05-25T02:30,1004,1,1.0,en,0.0335
4539,1596,10,v2,2026-03-29T15:23,2157,1,0.96,en,0.0481
4540,1017,11,v3,2026-04-07T13:31,1165,1,0.953,en,0.0516
4541,1716,12,v1,2026-03-01T17:43,1909,1,0.419,ja,0.0772
4542,113,4,v3,2026-02-09T05:25,947,1,1.0,en,0.0556
4543,986,7,v3,2026-03-04T17:20,1379,1,0.832,es,0.0744
4544,393,6,v3,2026-07-21T18:58,1706,1,0.679,en,0.0358
4545,1415,2,v1,2026-01-07T11:16,1406,1,0.736,de,0.0529
4546,1657,4,v3,2026-07-13T14:25,579,1,0.601,en,0.0544
4547,1463,7,v2,2026-04-22T23:27,2086,1,0.693,en,0.0343
4548,1543,6,v2,2026-07-15T16:52,1833,1,0.842,fr,0.0414
4549,274,9,v1,2026-03-19T20:23,718,0,1.0,fr,0.0072
4550,1541,1,v2,2026-03-02T04:09,1156,1,0.58,en,0.0122
4551,238,4,v2,2026-01-04T15:50,919,1,0.968,de,0.064
4552,1261,1,v1,2026-06-19T07:11,1369,1,0.723,en,0.0521
4553,559,2,v3,2026-06-04T03:37,976,1,0.954,es,0.0349
4554,724,3,v3,2026-01-13T03:47,787,1,0.918,fr,0.0154
4555,349,4,v2,2026-04-06T09:51,1129,1,0.942,en,0.06
4556,1303,6,v3,2026-03-24T18:25,915,1,0.553,en,0.0299
4557,728,6,v1,2026-05-17T11:45,1932,0,0.636,fr,0.0751
4558,683,10,v3,2026-01-04T21:13,999,1,0.638,en,0.0601
4559,802,11,v2,2026-03-22T09:48,1021,1,0.69,ja,0.0167
4560,349,7,v2,2026-04-06T09:51,1400,1,0.718,en,0.0225
4561,966,1,v2,2026-01-04T01:30,1194,0,0.381,en,0.0612
4562,585,4,v2,2026-02-20T16:39,1265,1,0.833,de,0.0464
4563,1401,3,v1,2026-02-12T08:33,1953,0,0.418,es,0.0135
4564,1454,12,v2,2026-01-30T07:32,805,1,0.783,en,0.0537
4565,1415,8,v1,2026-01-07T11:16,2300,1,0.831,de,0.0345
4566,1207,12,v1,2026-07-02T07:48,2301,1,0.816,ja,0.0188
4567,1277,3,v2,2026-04-12T23:41,1298,1,0.355,en,0.0544
4568,754,3,v1,2026-04-03T03:16,1596,1,0.848,he,0.0647
4569,1077,1,v1,2026-06-05T19:20,1481,1,1.0,en,0.0038
4570,98,4,v2,2026-06-16T12:16,1026,0,0.657,en,0.0711
4571,754,5,v1,2026-04-03T03:16,1122,1,0.791,he,0.0712
4572,1648,2,v1,2026-04-26T19:22,1227,1,0.636,es,0.0095
4573,769,4,v3,2026-04-25T21:17,955,1,0.454,fr,0.0535
4574,476,3,v2,2026-01-10T03:05,830,1,0.781,en,0.0658
4575,1040,12,v1,2026-02-18T09:52,1361,1,0.972,he,0.0722
4576,533,10,v3,2026-01-31T06:14,1095,1,0.827,he,0.0059
4577,669,10,v1,2026-07-12T12:48,1612,1,0.665,en,0.0048
4578,1783,7,v1,2026-03-30T14:49,2151,1,0.827,ja,0.0406
4579,557,6,v3,2026-06-04T11:43,1238,0,0.714,he,0.029
4580,1377,12,v3,2026-03-16T12:51,1062,1,0.995,en,0.0043
4581,216,12,v3,2026-07-07T05:23,1649,1,0.699,en,0.0718
4582,1780,10,v2,2026-01-16T13:56,1423,1,0.762,en,0.0403
4583,1774,8,v1,2026-04-10T12:37,787,1,0.449,en,0.06
4584,579,10,v3,2026-05-15T10:57,1444,1,0.848,en,0.0146
4585,1791,12,v1,2026-02-16T02:40,1648,1,0.528,de,0.0754
4586,268,12,v3,2026-05-31T11:57,1224,1,0.977,en,0.0461
4587,142,10,v1,2026-06-19T03:19,1991,1,0.443,de,0.0197
4588,1701,12,v3,2026-04-06T05:15,785,0,0.713,en,0.0356
4589,1004,4,v1,2026-06-12T12:43,1749,1,0.835,en,0.0669
4590,1164,4,v3,2026-04-17T17:06,729,1,0.688,es,0.0228
4591,346,4,v1,2026-07-16T05:35,1410,1,0.438,ja,0.0434
4592,674,1,v3,2026-06-05T00:16,1158,0,0.815,en,0.0337
4593,824,11,v3,2026-05-26T04:55,1644,1,0.965,en,0.0402
4594,1165,5,v1,2026-03-22T01:05,1704,1,0.677,es,0.0642
4595,1419,11,v3,2026-03-27T08:25,800,1,0.812,en,0.0446
4596,61,1,v1,2026-06-27T21:12,1828,0,0.702,fr,0.0563
4597,184,2,v3,2026-02-20T14:47,2050,1,0.841,de,0.0278
4598,1667,1,v1,2026-04-18T03:33,1339,1,0.591,es,0.0794
4599,755,4,v3,2026-06-20T22:54,1747,1,0.713,fr,0.007
4600,593,2,v2,2026-03-01T15:39,1207,1,0.498,en,0.079
4601,782,12,v3,2026-02-18T03:15,1141,1,0.803,en,0.0219
4602,715,9,v2,2026-04-07T20:32,1310,1,0.519,en,0.0442
4603,166,5,v2,2026-07-17T23:15,1549,0,0.757,en,0.0387
4604,1408,5,v3,2026-07-17T19:32,815,1,0.691,ja,0.0063
4605,83,6,v3,2026-07-25T15:13,764,1,1.0,fr,0.0135
4606,1170,2,v2,2026-07-16T08:01,1204,1,0.74,es,0.0314
4607,1092,9,v2,2026-02-16T20:29,1150,1,0.506,en,0.0105
4608,759,7,v3,2026-02-28T14:11,1037,1,0.877,es,0.0293
4609,1671,9,v2,2026-02-07T05:51,1963,0,0.601,en,0.0677
4610,888,10,v2,2026-01-27T23:34,833,1,0.525,en,0.0473
4611,1609,8,v2,2026-07-20T01:32,1457,1,0.826,es,0.0214
4612,656,6,v2,2026-07-09T17:58,919,1,0.881,en,0.053
4613,1159,3,v1,2026-07-06T08:17,1630,1,0.895,de,0.0101
4614,1430,6,v3,2026-05-20T17:47,809,1,0.67,de,0.0531
4615,668,11,v2,2026-04-28T19:22,1247,1,0.598,ja,0.0316
4616,1432,9,v2,2026-05-23T13:28,699,1,0.852,en,0.0396
4617,1278,12,v2,2026-02-09T04:29,1430,1,0.54,en,0.053
4618,1646,1,v1,2026-04-30T07:36,1304,0,0.968,es,0.0726
4619,704,8,v2,2026-04-11T10:41,813,1,0.688,en,0.0051
4620,1607,7,v3,2026-07-01T10:06,1140,1,0.848,ja,0.0607
4621,1501,6,v3,2026-06-23T07:59,774,1,0.975,en,0.0755
4622,73,11,v2,2026-05-02T01:37,1193,1,0.868,en,0.0741
4623,124,8,v2,2026-04-09T15:55,850,1,0.658,en,0.0375
4624,447,8,v3,2026-06-27T00:56,1327,1,0.924,es,0.0562
4625,1442,8,v3,2026-04-03T03:40,724,1,0.724,es,0.0347
4626,181,5,v2,2026-07-07T18:14,847,1,0.514,en,0.0577
4627,95,5,v3,2026-07-14T15:52,774,1,0.996,en,0.0289
4628,1157,7,v1,2026-01-10T12:56,1032,1,0.757,en,0.064
4629,579,10,v2,2026-05-15T10:57,1683,1,0.946,en,0.0784
4630,352,11,v1,2026-03-17T17:59,1020,0,0.781,en,0.0328
4631,25,2,v3,2026-06-22T12:35,1537,1,0.927,en,0.0034
4632,1091,11,v3,2026-03-08T19:02,1452,1,0.94,en,0.0684
4633,725,4,v1,2026-06-24T08:12,930,1,0.588,ja,0.0437
4634,1089,2,v3,2026-03-03T22:31,1277,1,0.773,en,0.0477
4635,1121,8,v2,2026-05-05T15:12,849,1,0.769,en,0.0771
4636,709,6,v3,2026-03-15T03:39,908,1,0.806,en,0.0584
4637,912,4,v1,2026-02-11T21:29,1616,1,0.875,en,0.0213
4638,704,4,v2,2026-04-11T10:41,1514,1,0.895,en,0.0337
4639,1386,12,v2,2026-07-19T04:39,775,1,0.85,de,0.0456
4640,729,11,v3,2026-03-06T07:06,1645,1,0.797,en,0.0285
4641,691,9,v2,2026-06-25T01:25,1262,1,0.858,fr,0.0258
4642,1249,11,v2,2026-02-04T16:02,2160,1,0.75,ja,0.0321
4643,938,6,v1,2026-05-16T03:11,1261,1,0.829,es,0.0636
4644,1478,1,v3,2026-05-03T08:21,544,0,0.553,en,0.0722
4645,801,2,v3,2026-02-04T21:13,825,1,0.774,en,0.0252
4646,440,8,v1,2026-02-04T20:38,1472,1,0.753,ja,0.0327
4647,662,8,v1,2026-05-29T01:29,787,1,0.745,fr,0.0589
4648,1119,3,v3,2026-07-18T15:27,1359,1,0.615,en,0.0029
4649,824,11,v2,2026-05-26T04:55,1147,1,0.723,en,0.0252
4650,1386,6,v3,2026-07-19T04:39,1369,1,0.717,de,0.0636
4651,904,6,v2,2026-04-18T14:12,1849,1,0.566,de,0.0259
4652,701,7,v1,2026-05-04T11:29,2733,1,0.948,he,0.0762
4653,1434,10,v1,2026-04-26T12:06,968,1,0.662,es,0.0613
4654,751,3,v1,2026-04-01T18:44,1260,1,0.756,es,0.0085
4655,1611,5,v3,2026-03-31T02:41,1526,1,1.0,en,0.0324
4656,139,10,v3,2026-05-17T14:56,1063,1,0.998,en,0.038
4657,190,11,v3,2026-04-25T20:59,918,1,0.591,en,0.0606
4658,1502,4,v2,2026-03-01T01:16,1669,1,0.899,ja,0.0731
4659,94,6,v3,2026-01-28T01:31,1807,1,0.756,ja,0.026
4660,631,2,v3,2026-07-17T18:37,1452,0,0.646,fr,0.0225
4661,392,11,v2,2026-07-12T04:24,291,1,0.803,he,0.0247
4662,1217,2,v2,2026-01-21T20:16,529,1,0.547,en,0.0141
4663,1013,1,v1,2026-02-27T15:22,656,1,0.644,en,0.0544
4664,408,7,v1,2026-07-06T05:40,1119,1,0.705,en,0.0682
4665,1473,7,v2,2026-03-06T16:02,1826,1,0.37,en,0.0334
4666,1208,5,v3,2026-07-18T06:14,1153,1,0.611,es,0.0325
4667,1297,1,v3,2026-02-19T00:04,747,1,0.682,en,0.0589
4668,946,10,v3,2026-02-14T16:57,1013,1,0.702,es,0.0149
4669,263,3,v2,2026-05-04T04:41,1166,1,0.522,es,0.03
4670,472,1,v2,2026-01-22T16:42,1730,1,0.576,ja,0.0087
4671,1108,8,v3,2026-03-25T01:10,1127,1,0.921,ja,0.0729
4672,1087,12,v3,2026-04-02T07:46,180,1,0.756,en,0.0423
4673,1126,8,v1,2026-03-05T00:26,1131,1,0.566,en,0.0686
4674,1233,12,v3,2026-03-30T17:34,1308,1,0.545,ja,0.0765
4675,825,10,v1,2026-04-27T12:06,1950,1,0.712,es,0.0074
4676,1149,10,v2,2026-04-25T05:33,1585,1,0.863,en,0.0349
4677,340,8,v3,2026-01-10T10:57,1536,1,0.567,en,0.0672
4678,1648,12,v2,2026-04-26T19:22,1238,0,0.609,es,0.0726
4679,1591,6,v2,2026-06-13T18:36,1740,1,0.715,en,0.053
4680,252,12,v2,2026-06-04T04:46,1952,1,0.759,de,0.0646
4681,1399,12,v2,2026-04-10T06:48,2165,1,0.644,de,0.0212
4682,668,12,v2,2026-04-28T19:22,1592,1,0.612,ja,0.066
4683,503,7,v1,2026-04-17T12:12,1598,1,0.606,fr,0.0558
4684,603,8,v1,2026-03-10T19:30,1710,1,0.822,en,0.0184
4685,111,6,v3,2026-04-06T18:09,1012,1,0.865,ja,0.0551
4686,1409,11,v3,2026-01-06T05:26,730,1,0.586,en,0.0777
4687,667,12,v1,2026-05-29T19:27,1752,1,0.673,es,0.0721
4688,1242,5,v3,2026-02-03T04:33,846,1,0.603,fr,0.0551
4689,284,3,v1,2026-04-30T04:55,1158,1,0.728,es,0.0201
4690,1073,2,v3,2026-07-06T23:54,2311,0,0.458,en,0.0783
4691,200,11,v3,2026-01-16T04:55,1561,1,0.658,he,0.0634
4692,860,5,v3,2026-01-15T16:52,1389,1,0.789,es,0.0075
4693,640,9,v2,2026-02-07T02:06,626,1,0.718,en,0.0602
4694,679,4,v1,2026-01-25T16:30,1617,1,0.522,en,0.0416
4695,724,6,v3,2026-01-13T03:47,1121,0,0.517,fr,0.0202
4696,73,1,v1,2026-05-02T01:37,1599,1,0.66,en,0.0414
4697,1175,4,v3,2026-03-31T19:06,887,1,0.656,de,0.0266
4698,1266,8,v1,2026-07-03T19:59,1386,1,0.649,ja,0.0351
4699,1756,2,v2,2026-07-15T01:05,941,1,0.708,ja,0.0165
4700,611,4,v3,2026-04-27T10:26,1172,1,0.784,ja,0.0158
4701,459,5,v1,2026-05-25T11:11,2289,1,0.52,en,0.0042
4702,1676,6,v1,2026-04-15T20:22,1610,0,0.612,en,0.0275
4703,1040,5,v2,2026-02-18T09:52,180,1,0.698,he,0.0314
4704,1166,2,v2,2026-06-23T18:17,722,0,0.628,ja,0.0455
4705,257,8,v3,2026-04-26T22:26,965,1,0.828,fr,0.0472
4706,550,12,v1,2026-06-23T06:39,1479,1,0.418,en,0.0103
4707,81,2,v1,2026-02-02T15:47,1329,1,0.994,es,0.0054
4708,1759,8,v2,2026-05-27T09:16,1384,1,0.792,en,0.0229
4709,52,7,v3,2026-06-06T18:02,1076,1,0.686,de,0.0068
4710,1114,12,v3,2026-01-18T16:06,631,1,0.661,de,0.0598
4711,412,4,v2,2026-07-02T11:37,1918,1,0.716,es,0.0709
4712,1706,3,v2,2026-05-06T04:40,1236,0,0.637,en,0.0187
4713,484,1,v1,2026-03-22T05:32,1952,1,0.767,ja,0.0709
4714,871,6,v3,2026-02-18T17:25,373,1,0.811,ja,0.0294
4715,1732,9,v1,2026-03-18T13:27,1220,0,0.713,en,0.0221
4716,1231,12,v1,2026-04-23T12:23,1531,1,0.559,en,0.046
4717,450,11,v3,2026-05-02T04:22,1745,0,0.783,en,0.0674
4718,1136,2,v3,2026-03-25T17:58,537,0,0.8,en,0.0509
4719,85,10,v3,2026-07-22T09:37,906,0,0.636,fr,0.0632
4720,1500,8,v1,2026-03-18T09:48,2032,1,0.797,fr,0.004
4721,1355,8,v2,2026-03-25T03:12,1636,1,0.803,es,0.0627
4722,472,4,v3,2026-01-22T16:42,632,1,0.912,ja,0.0547
4723,1099,12,v2,2026-06-13T14:19,701,1,0.58,en,0.0128
4724,1490,11,v1,2026-06-15T23:16,1330,1,0.779,en,0.0144
4725,768,11,v3,2026-05-03T03:57,834,1,0.972,en,0.0796
4726,891,6,v2,2026-06-10T01:56,1580,1,0.762,ja,0.0676
4727,1110,6,v3,2026-03-18T17:06,874,1,0.76,en,0.0786
4728,1218,7,v2,2026-01-09T11:36,1212,1,0.735,en,0.0161
4729,659,11,v1,2026-07-11T09:05,1271,1,0.764,en,0.0546
4730,580,1,v2,2026-01-03T07:07,1203,0,0.643,ja,0.0611
4731,293,1,v1,2026-04-07T06:58,878,1,0.722,en,0.0519
4732,112,6,v1,2026-01-28T18:25,1493,0,0.707,en,0.0037
4733,192,12,v3,2026-02-17T02:24,1389,1,0.698,en,0.0705
4734,1269,4,v1,2026-01-21T23:12,1704,1,0.669,es,0.0697
4735,1124,4,v2,2026-01-01T22:59,978,1,0.631,es,0.0238
4736,1328,10,v2,2026-07-09T07:57,1190,1,0.822,ja,0.0497
4737,1527,11,v2,2026-05-08T20:28,998,1,0.703,de,0.0086
4738,1792,1,v3,2026-06-15T06:47,1045,1,0.624,en,0.0737
4739,492,11,v3,2026-06-03T05:05,915,1,0.78,de,0.0693
4740,348,4,v3,2026-04-28T17:22,1301,1,0.755,en,0.0169
4741,1210,8,v1,2026-07-07T13:45,1525,1,1.0,en,0.0177
4742,1684,3,v3,2026-01-09T11:39,1422,1,0.73,fr,0.0713
4743,36,3,v2,2026-07-08T10:51,1585,1,0.529,de,0.0303
4744,1707,3,v2,2026-07-10T11:30,1850,1,0.632,en,0.0189
4745,1519,5,v2,2026-07-10T16:23,779,1,0.95,en,0.0212
4746,1563,2,v2,2026-01-07T04:04,1275,1,0.53,de,0.0615
4747,430,12,v3,2026-03-04T02:48,1243,1,0.576,en,0.0301
4748,804,8,v3,2026-05-12T16:51,838,0,0.843,es,0.0578
4749,915,11,v3,2026-05-21T06:58,1180,1,0.662,ja,0.0278
4750,1632,8,v3,2026-01-14T02:20,1862,1,0.817,en,0.0403
4751,1284,1,v3,2026-02-14T11:53,783,1,1.0,es,0.0599
4752,1576,4,v1,2026-02-26T13:39,1893,1,0.708,en,0.0575
4753,1501,6,v2,2026-06-23T07:59,1106,1,1.0,en,0.0428
4754,1726,2,v1,2026-01-08T11:29,1011,1,0.745,en,0.0152
4755,1329,12,v1,2026-05-04T02:24,2422,1,0.561,de,0.0351
4756,626,9,v2,2026-01-06T03:07,1748,1,0.911,en,0.014
4757,15,8,v2,2026-02-01T19:38,275,1,0.409,es,0.0597
4758,84,5,v1,2026-05-31T02:01,1311,0,0.728,en,0.0711
4759,326,3,v2,2026-06-01T07:01,884,1,0.69,en,0.0627
4760,1343,2,v3,2026-06-24T10:03,1339,1,0.845,he,0.072
4761,924,12,v1,2026-04-05T22:35,1489,1,0.601,fr,0.0324
4762,62,8,v3,2026-03-10T20:02,1024,1,0.528,en,0.0657
4763,812,9,v2,2026-02-17T04:50,820,1,0.775,en,0.0137
4764,98,12,v1,2026-06-16T12:16,2241,1,0.894,en,0.0244
4765,405,1,v1,2026-01-05T21:23,1542,1,0.671,en,0.0748
4766,640,8,v1,2026-02-07T02:06,2130,1,0.778,en,0.0401
4767,824,4,v1,2026-05-26T04:55,1547,1,0.537,en,0.0219
4768,516,8,v1,2026-05-18T07:19,1604,1,0.574,es,0.0025
4769,1675,1,v1,2026-03-15T12:35,2165,1,0.579,he,0.0615
4770,1619,10,v3,2026-05-29T12:48,879,1,0.679,en,0.0068
4771,411,7,v1,2026-07-22T00:19,1388,1,0.751,de,0.005
4772,316,7,v1,2026-04-20T13:11,702,1,0.916,de,0.0436
4773,26,12,v2,2026-06-18T10:16,933,0,0.737,ja,0.0254
4774,218,11,v2,2026-05-27T06:01,875,1,0.44,en,0.0295
4775,1281,10,v3,2026-05-05T05:01,1139,1,0.702,en,0.0245
4776,1395,9,v3,2026-04-07T00:21,988,1,0.614,en,0.0501
4777,212,9,v1,2026-07-26T22:39,2017,1,0.787,en,0.0514
4778,1454,9,v2,2026-01-30T07:32,1557,1,0.954,en,0.0133
4779,331,4,v1,2026-02-23T18:15,1020,1,0.995,ja,0.038
4780,848,1,v3,2026-03-18T05:57,2275,0,0.684,fr,0.0471
4781,501,4,v3,2026-07-06T23:19,778,1,0.629,de,0.0396
4782,1491,9,v3,2026-03-02T07:31,693,1,0.78,en,0.0054
4783,1023,11,v1,2026-06-13T07:14,1640,1,0.846,fr,0.0642
4784,1304,8,v3,2026-01-21T14:58,1142,1,0.47,en,0.0421
4785,1286,10,v1,2026-03-15T05:26,1331,1,0.642,en,0.0147
4786,278,2,v3,2026-06-05T05:35,1235,1,0.679,es,0.0723
4787,922,8,v1,2026-05-07T12:48,1206,1,1.0,en,0.0419
4788,778,1,v2,2026-03-26T16:21,1150,1,0.709,ja,0.0786
4789,234,7,v1,2026-01-27T15:00,881,1,0.819,es,0.0225
4790,58,9,v2,2026-06-03T23:23,1228,1,0.989,en,0.0127
4791,79,4,v1,2026-02-25T00:57,1230,1,0.627,en,0.0153
4792,1679,8,v3,2026-04-23T17:39,1173,1,0.6,es,0.0464
4793,1064,1,v1,2026-05-09T17:05,2133,1,0.813,en,0.0066
4794,998,8,v2,2026-04-03T18:17,798,1,0.365,en,0.0712
4795,214,11,v3,2026-03-24T03:52,1388,1,0.713,en,0.022
4796,1506,10,v3,2026-05-14T15:47,1319,1,0.769,en,0.0566
4797,1450,11,v2,2026-07-10T13:36,1256,1,0.704,en,0.0151
4798,220,4,v2,2026-01-14T16:50,324,1,0.704,en,0.0194
4799,1490,8,v1,2026-06-15T23:16,902,1,0.858,en,0.0664
4800,1529,4,v2,2026-01-01T05:59,898,1,0.511,en,0.0573
4801,290,1,v1,2026-05-01T18:14,1359,1,0.569,en,0.0078
4802,75,2,v1,2026-03-19T16:10,1739,1,0.539,en,0.047
4803,431,12,v1,2026-05-02T15:32,1701,1,0.718,en,0.0357
4804,307,5,v1,2026-01-20T22:13,1817,1,1.0,fr,0.0275
4805,26,8,v1,2026-06-18T10:16,2137,1,0.746,ja,0.0372
4806,687,9,v1,2026-05-27T05:49,1519,1,0.669,en,0.0258
4807,109,1,v1,2026-07-06T05:42,1757,0,0.648,en,0.0097
4808,115,1,v1,2026-05-23T17:24,1305,1,0.547,es,0.0147
4809,973,7,v2,2026-07-27T06:17,1175,1,0.857,en,0.0667
4810,1765,10,v3,2026-05-07T18:11,805,1,0.623,de,0.0561
4811,1594,4,v2,2026-01-21T13:06,802,1,0.734,es,0.0431
4812,653,4,v3,2026-01-12T04:04,1061,0,0.954,es,0.0635
4813,1374,11,v3,2026-06-04T18:40,1472,1,0.549,fr,0.036
4814,212,12,v3,2026-07-26T22:39,1657,1,0.957,en,0.0291
4815,1104,2,v2,2026-04-27T05:07,1511,1,0.812,en,0.0395
4816,1585,1,v1,2026-07-12T14:47,2115,1,0.334,fr,0.0432
4817,431,12,v1,2026-05-02T15:32,1976,1,1.0,en,0.0415
4818,1265,11,v3,2026-02-22T12:49,1589,1,0.933,he,0.0564
4819,1403,11,v3,2026-02-12T00:30,1018,1,0.586,he,0.0335
4820,1371,5,v1,2026-02-07T20:55,1105,1,0.952,es,0.0717
4821,1754,10,v2,2026-06-01T06:42,1563,1,0.935,en,0.0412
4822,1587,10,v3,2026-06-17T10:14,550,1,0.596,en,0.0697
4823,1548,4,v2,2026-04-18T10:07,860,1,0.839,fr,0.0308
4824,268,1,v2,2026-05-31T11:57,716,1,0.92,en,0.0049
4825,327,9,v2,2026-03-31T02:58,798,1,0.632,en,0.0043
4826,989,3,v1,2026-01-25T17:35,1671,1,0.855,de,0.0331
4827,1401,5,v2,2026-02-12T08:33,1137,1,0.952,es,0.045
4828,758,3,v3,2026-05-18T08:35,1685,1,0.643,de,0.0625
4829,1414,5,v1,2026-05-14T16:51,1309,1,0.878,en,0.0103
4830,938,12,v3,2026-05-16T03:11,769,1,0.949,es,0.0411
4831,272,11,v3,2026-06-18T14:40,711,1,0.927,de,0.0771
4832,1526,12,v3,2026-01-25T06:40,1402,1,0.778,en,0.0644
4833,1689,9,v1,2026-01-14T14:45,1949,1,0.836,en,0.0799
4834,314,1,v3,2026-01-06T18:50,1873,1,0.656,de,0.0793
4835,1559,3,v3,2026-03-01T04:33,1840,1,0.701,he,0.0118
4836,847,8,v1,2026-02-15T00:13,1501,1,0.945,en,0.0196
4837,709,11,v2,2026-03-15T03:39,944,1,0.535,en,0.0067
4838,1,3,v1,2026-03-08T21:39,682,1,0.634,en,0.0725
4839,176,8,v2,2026-04-20T13:16,1249,1,0.714,en,0.0625
4840,1108,1,v2,2026-03-25T01:10,823,1,0.547,ja,0.0605
4841,577,11,v2,2026-04-04T22:44,1235,1,0.541,en,0.0152
4842,235,9,v2,2026-07-12T12:20,1769,1,0.692,en,0.0399
4843,148,11,v3,2026-01-11T03:24,1950,1,0.913,de,0.0468
4844,1692,6,v1,2026-03-19T08:21,1262,1,0.779,en,0.0488
4845,696,10,v2,2026-04-14T08:52,1627,1,0.77,en,0.0471
4846,135,11,v3,2026-03-20T20:41,688,0,0.735,ja,0.0183
4847,884,11,v3,2026-03-05T20:05,1359,1,0.841,en,0.0739
4848,1080,9,v1,2026-04-29T18:18,1604,1,0.704,en,0.0766
4849,476,12,v1,2026-01-10T03:05,1942,1,0.499,en,0.0267
4850,1688,10,v1,2026-03-24T04:55,1108,1,0.882,ja,0.0234
4851,1514,11,v1,2026-05-27T11:04,1879,0,0.57,en,0.0046
4852,46,9,v3,2026-06-23T01:29,1238,1,0.902,ja,0.0101
4853,1130,1,v2,2026-02-02T13:14,1222,1,0.935,en,0.0343
4854,1748,9,v1,2026-06-20T08:20,606,1,0.608,es,0.052
4855,164,4,v3,2026-04-03T20:44,848,1,1.0,en,0.0184
4856,288,12,v2,2026-02-21T03:19,920,1,0.749,en,0.0177
4857,1049,6,v2,2026-01-21T10:26,1807,0,0.831,es,0.0576
4858,1474,11,v2,2026-04-17T15:43,1704,1,0.622,de,0.0415
4859,758,7,v1,2026-05-18T08:35,971,1,0.963,de,0.0625
4860,311,3,v1,2026-06-14T05:44,1607,1,0.398,de,0.0259
4861,588,4,v3,2026-06-12T16:59,1259,1,0.635,en,0.0736
4862,897,6,v1,2026-07-02T16:53,1496,1,0.969,en,0.0266
4863,328,1,v1,2026-06-07T22:08,1204,1,0.768,fr,0.0739
4864,106,8,v1,2026-06-08T12:49,1708,1,0.738,es,0.0158
4865,1497,1,v1,2026-03-08T21:51,1018,1,0.537,en,0.0433
4866,583,12,v3,2026-03-29T20:02,1120,1,0.789,en,0.0574
4867,186,8,v2,2026-06-12T03:41,1396,1,0.793,en,0.0269
4868,1556,10,v3,2026-05-04T07:05,1020,1,0.799,es,0.0327
4869,726,2,v1,2026-07-03T16:51,1348,1,0.89,en,0.0162
4870,543,1,v3,2026-07-24T16:05,1941,1,0.799,en,0.0636
4871,613,10,v2,2026-07-17T14:18,1391,1,0.82,en,0.053
4872,121,4,v3,2026-01-14T10:54,947,0,0.717,en,0.0493
4873,88,6,v1,2026-06-26T11:54,1466,1,0.852,es,0.0633
4874,68,5,v3,2026-01-28T11:21,1331,1,0.603,he,0.0131
4875,924,5,v3,2026-04-05T22:35,1727,1,0.955,fr,0.0567
4876,1717,6,v2,2026-02-01T01:39,1380,1,0.759,en,0.0265
4877,1363,7,v2,2026-04-19T16:18,1324,1,0.528,es,0.059
4878,949,5,v2,2026-01-21T08:05,1469,1,0.738,fr,0.0799
4879,170,7,v1,2026-06-06T20:45,2411,1,0.656,en,0.0782
4880,1391,10,v2,2026-03-12T23:08,180,1,0.668,fr,0.015
4881,1445,1,v3,2026-03-12T15:46,928,1,0.648,es,0.0109
4882,841,4,v2,2026-05-16T21:53,422,1,0.627,en,0.0198
4883,1438,12,v1,2026-04-04T23:04,2113,1,0.725,en,0.0628
4884,1000,6,v1,2026-05-10T03:49,1273,1,0.932,en,0.0212
4885,298,4,v2,2026-05-29T19:12,1091,1,0.476,es,0.0075
4886,551,4,v3,2026-06-07T15:40,575,1,0.867,fr,0.0156
4887,322,12,v3,2026-04-07T16:09,444,1,0.85,de,0.0062
4888,287,6,v2,2026-07-08T16:36,1479,1,1.0,he,0.0597
4889,1218,1,v3,2026-01-09T11:36,1307,1,0.663,en,0.0171
4890,514,7,v2,2026-05-10T10:47,442,1,0.886,en,0.0408
4891,849,5,v2,2026-02-04T18:13,928,1,0.825,en,0.0022
4892,1753,7,v1,2026-03-30T14:36,1657,1,0.586,es,0.0259
4893,1018,6,v1,2026-04-04T22:44,1759,1,0.833,es,0.0505
4894,1262,5,v1,2026-06-24T12:21,1800,1,0.67,fr,0.0587
4895,668,9,v3,2026-04-28T19:22,2433,1,0.807,ja,0.0614
4896,77,11,v2,2026-05-17T20:39,1391,1,0.889,es,0.0409
4897,494,12,v2,2026-07-07T11:02,832,1,0.931,he,0.0327
4898,517,3,v2,2026-01-29T06:14,1287,1,0.611,ja,0.0267
4899,1566,9,v2,2026-04-11T03:11,1248,1,0.75,en,0.0244
4900,191,11,v3,2026-07-17T20:13,1171,1,0.582,ja,0.0483
4901,450,10,v1,2026-05-02T04:22,1610,1,0.839,en,0.0598
4902,309,9,v2,2026-07-22T00:48,1410,1,0.699,ja,0.0321
4903,1444,4,v3,2026-04-06T12:17,451,1,0.616,ja,0.0611
4904,78,1,v3,2026-05-11T16:00,712,1,0.917,en,0.0579
4905,951,7,v2,2026-07-09T00:10,807,1,0.59,es,0.004
4906,719,12,v3,2026-04-04T19:23,609,1,0.817,en,0.0732
4907,342,6,v2,2026-01-03T01:42,1352,1,0.512,es,0.0701
4908,352,2,v2,2026-03-17T17:59,1302,1,0.783,en,0.0591
4909,430,6,v3,2026-03-04T02:48,1666,1,0.819,en,0.0416
4910,983,7,v3,2026-07-06T22:49,1033,1,0.791,en,0.0775
4911,573,2,v3,2026-05-07T00:13,811,0,0.563,en,0.0094
4912,1111,12,v1,2026-03-09T18:03,1716,1,0.766,en,0.0759
4913,1281,8,v1,2026-05-05T05:01,518,1,0.564,en,0.0128
4914,1020,5,v3,2026-07-27T05:59,180,1,0.91,en,0.0538
4915,1291,9,v1,2026-02-22T15:51,821,1,0.827,he,0.0543
4916,562,5,v3,2026-05-21T12:11,985,1,0.712,es,0.0204
4917,854,2,v3,2026-03-31T18:13,1222,1,0.603,en,0.0459
4918,1167,4,v3,2026-04-20T07:48,500,1,1.0,en,0.0021
4919,1042,12,v2,2026-06-10T20:24,771,1,0.818,de,0.0513
4920,1373,12,v1,2026-06-01T02:26,1696,1,0.531,en,0.0361
4921,744,4,v1,2026-03-19T06:18,1905,1,0.622,fr,0.0274
4922,267,1,v2,2026-06-12T18:49,736,1,0.841,es,0.048
4923,1263,7,v1,2026-06-15T07:56,1022,1,0.696,en,0.0325
4924,631,7,v3,2026-07-17T18:37,880,1,0.674,fr,0.071
4925,78,8,v3,2026-05-11T16:00,1633,1,0.454,en,0.0033
4926,1110,11,v2,2026-03-18T17:06,747,1,0.906,en,0.0299
4927,804,6,v3,2026-05-12T16:51,1561,1,0.665,es,0.0102
4928,518,8,v1,2026-03-14T02:43,1210,1,0.417,de,0.0597
4929,977,4,v2,2026-06-20T16:18,838,1,0.646,en,0.0715
4930,433,6,v1,2026-01-31T04:18,2140,1,0.511,en,0.0274
4931,902,12,v1,2026-06-07T00:40,2151,1,0.797,he,0.0075
4932,163,9,v1,2026-07-27T12:43,1911,1,0.814,ja,0.0084
4933,696,2,v1,2026-04-14T08:52,1398,1,0.83,en,0.0492
4934,847,11,v1,2026-02-15T00:13,1493,1,0.399,en,0.0363
4935,599,3,v2,2026-05-06T07:03,840,0,0.936,fr,0.0456
4936,1439,1,v2,2026-03-21T12:14,1452,1,0.692,es,0.0325
4937,1798,6,v2,2026-03-11T00:25,941,1,0.793,en,0.0323
4938,658,7,v3,2026-03-09T04:36,836,1,0.483,en,0.0378
4939,307,12,v2,2026-01-20T22:13,1417,1,0.812,fr,0.0512
4940,1319,11,v3,2026-05-06T02:10,1292,1,0.458,ja,0.066
4941,837,11,v2,2026-02-15T13:53,1619,1,0.47,es,0.0559
4942,61,10,v2,2026-06-27T21:12,701,1,0.711,fr,0.0046
4943,943,6,v1,2026-07-25T20:44,987,1,0.221,en,0.0309
4944,716,3,v2,2026-07-14T03:15,1261,1,0.822,he,0.0057
4945,1117,11,v1,2026-01-01T07:01,2362,1,0.913,en,0.0213
4946,699,3,v1,2026-01-20T23:13,657,1,0.755,es,0.0603
4947,298,6,v3,2026-05-29T19:12,1478,0,0.632,es,0.0295
4948,769,8,v1,2026-04-25T21:17,2065,1,0.705,fr,0.0448
4949,1430,1,v3,2026-05-20T17:47,1433,1,0.549,de,0.0579
4950,897,2,v3,2026-07-02T16:53,2161,1,0.62,en,0.0495
4951,1682,4,v1,2026-05-15T22:02,1538,0,0.645,de,0.0405
4952,1477,5,v1,2026-02-08T01:10,1299,0,0.795,fr,0.0303
4953,85,1,v2,2026-07-22T09:37,1231,1,0.717,fr,0.0532
4954,1102,4,v3,2026-03-14T13:39,512,0,0.952,ja,0.0553
4955,843,11,v3,2026-05-22T15:26,1411,1,0.644,fr,0.0635
4956,1468,6,v2,2026-03-29T08:13,2107,0,0.847,en,0.0054
4957,1245,10,v2,2026-03-21T22:08,926,1,0.894,en,0.0187
4958,1240,2,v3,2026-02-10T07:11,700,1,0.844,ja,0.0637
4959,371,3,v3,2026-05-27T15:39,343,1,0.686,es,0.0579
4960,1236,8,v3,2026-01-31T09:42,891,1,0.742,en,0.0596
4961,138,12,v3,2026-02-17T11:17,752,1,0.518,fr,0.076
4962,110,8,v1,2026-07-17T07:17,888,1,0.543,es,0.0333
4963,988,7,v2,2026-06-12T18:23,1083,1,0.363,en,0.0764
4964,1300,9,v3,2026-02-16T02:04,1517,1,0.983,de,0.0141
4965,1492,12,v3,2026-07-03T07:10,1373,1,0.618,de,0.0777
4966,416,11,v2,2026-01-17T17:37,1076,1,0.79,en,0.0624
4967,327,6,v1,2026-03-31T02:58,1110,1,0.624,en,0.0032
4968,1445,9,v1,2026-03-12T15:46,1019,1,0.461,es,0.0187
4969,1756,3,v2,2026-07-15T01:05,1187,1,0.666,ja,0.0112
4970,127,11,v3,2026-05-28T03:46,1495,1,0.806,ja,0.0754
4971,1215,2,v3,2026-02-25T17:30,993,1,0.809,en,0.0382
4972,709,3,v1,2026-03-15T03:39,1839,1,0.466,en,0.0646
4973,164,2,v3,2026-04-03T20:44,1494,1,0.695,en,0.0358
4974,987,11,v1,2026-06-23T13:24,1114,1,0.888,ja,0.066
4975,188,3,v3,2026-05-30T00:11,1028,1,0.687,en,0.0039
4976,499,7,v3,2026-06-28T16:02,1222,1,0.895,fr,0.021
4977,1695,5,v1,2026-01-03T09:19,1069,1,0.664,fr,0.0662
4978,749,1,v2,2026-04-15T01:48,1212,1,0.697,es,0.053
4979,1555,11,v2,2026-06-05T23:21,1498,1,0.74,ja,0.013
4980,988,8,v2,2026-06-12T18:23,1092,1,0.721,en,0.0112
4981,905,12,v2,2026-01-05T13:27,809,0,0.678,en,0.0258
4982,1448,3,v1,2026-01-05T12:52,1870,1,0.782,en,0.0219
4983,1520,11,v3,2026-03-01T07:45,1467,1,0.718,es,0.0083
4984,228,10,v3,2026-07-22T16:05,1110,0,0.619,en,0.0585
4985,1185,9,v3,2026-06-18T17:33,469,1,1.0,en,0.0572
4986,1051,2,v1,2026-04-03T14:20,1399,1,0.647,en,0.0377
4987,1790,3,v3,2026-02-13T13:07,1383,1,0.798,en,0.0658
4988,128,1,v1,2026-01-11T18:57,1833,1,0.737,es,0.0466
4989,581,4,v1,2026-01-19T00:05,1292,1,0.653,de,0.0789
4990,1795,9,v3,2026-02-23T06:43,1404,1,0.681,he,0.0593
4991,771,12,v3,2026-05-21T10:39,1042,1,0.826,es,0.0457
4992,521,1,v2,2026-01-05T18:23,180,1,0.456,de,0.0092
4993,1201,8,v3,2026-01-31T20:46,1755,1,0.724,en,0.0526
4994,476,12,v1,2026-01-10T03:05,913,1,0.469,en,0.0158
4995,1543,8,v1,2026-07-15T16:52,1480,1,0.905,fr,0.0777
4996,1580,5,v2,2026-06-16T08:47,871,1,0.734,es,0.0595
4997,1697,1,v2,2026-06-22T11:39,1180,1,0.581,ja,0.035
4998,913,11,v2,2026-03-26T21:47,1107,1,0.81,es,0.0518
4999,253,5,v2,2026-02-21T23:39,1388,1,0.749,he,0.0571
5000,309,6,v2,2026-07-22T00:48,512,1,0.704,ja,0.0709
5001,1624,8,v3,2026-01-27T09:21,1010,1,0.9,es,0.0556
5002,1488,7,v2,2026-04-19T00:36,1206,1,0.759,ja,0.05
5003,1419,12,v1,2026-03-27T08:25,1670,1,0.844,en,0.0232
5004,845,5,v1,2026-03-05T04:15,1250,1,0.8,en,0.0713
5005,290,5,v3,2026-05-01T18:14,1618,1,0.808,en,0.013
5006,102,8,v3,2026-04-15T16:38,813,1,0.884,de,0.0092
5007,253,7,v1,2026-02-21T23:39,1691,1,0.584,he,0.0776
5008,578,3,v2,2026-03-27T10:11,1525,0,0.503,en,0.0093
5009,1640,4,v1,2026-04-05T03:16,323,1,0.965,en,0.0566
5010,905,3,v2,2026-01-05T13:27,1519,1,0.908,en,0.0028
5011,1143,2,v1,2026-04-07T07:49,1867,1,0.842,de,0.0432
5012,914,8,v1,2026-03-02T23:04,1968,1,0.598,en,0.0258
5013,557,8,v2,2026-06-04T11:43,989,1,0.81,he,0.0166
5014,1070,1,v1,2026-02-23T07:53,1679,1,0.87,en,0.0655
5015,1799,7,v1,2026-07-11T23:11,1238,1,0.816,en,0.0742
5016,754,8,v3,2026-04-03T03:16,180,1,0.871,he,0.0474
5017,1735,11,v2,2026-05-04T23:22,536,1,0.483,en,0.0653
5018,1608,3,v2,2026-03-16T20:27,1132,1,0.573,es,0.0075
5019,1480,12,v2,2026-04-21T15:36,1090,1,0.548,ja,0.0513
5020,1172,1,v3,2026-01-21T02:52,900,1,0.829,es,0.0742
5021,221,2,v2,2026-06-08T15:39,1387,1,0.811,en,0.0615
5022,1124,3,v1,2026-01-01T22:59,1519,1,0.849,es,0.057
5023,1469,8,v3,2026-07-11T16:01,1698,1,0.528,es,0.0151
5024,991,9,v1,2026-01-09T06:18,1342,1,0.607,de,0.0351
5025,1676,4,v2,2026-04-15T20:22,1341,1,0.849,en,0.0272
5026,1196,3,v2,2026-03-18T03:32,995,0,0.275,fr,0.0377
5027,18,10,v3,2026-05-13T21:42,1686,1,0.7,en,0.0753
5028,1787,12,v2,2026-05-25T02:30,825,1,0.449,en,0.0211
5029,489,5,v2,2026-04-03T01:07,643,0,0.486,en,0.0458
5030,1396,3,v1,2026-02-02T10:55,1139,1,0.863,en,0.0212
5031,380,12,v1,2026-07-07T17:58,1826,1,0.544,es,0.0467
5032,1579,12,v2,2026-02-01T20:33,685,1,0.489,ja,0.022
5033,77,11,v2,2026-05-17T20:39,1325,1,1.0,es,0.0659
5034,1367,8,v3,2026-06-17T14:15,1476,1,0.6,fr,0.065
5035,1508,11,v3,2026-03-30T03:10,1135,1,0.678,fr,0.0183
5036,1645,2,v1,2026-02-05T17:51,2039,1,0.777,es,0.0757
5037,202,10,v2,2026-06-18T06:51,720,1,0.828,en,0.0291
5038,1373,12,v2,2026-06-01T02:26,757,1,0.851,en,0.067
5039,429,11,v3,2026-02-13T04:54,1355,1,0.72,fr,0.0275
5040,278,10,v1,2026-06-05T05:35,1363,1,0.671,es,0.0316
5041,864,6,v2,2026-04-06T01:41,1027,1,1.0,en,0.0201
5042,141,12,v3,2026-02-23T17:12,799,1,0.636,ja,0.0513
5043,822,8,v3,2026-06-30T04:58,880,1,0.927,fr,0.0197
5044,586,4,v2,2026-05-20T05:59,1284,1,0.718,en,0.0706
5045,1366,5,v2,2026-02-28T08:16,1747,1,0.706,es,0.0173
5046,1465,10,v2,2026-02-13T03:32,1104,1,0.75,en,0.0031
5047,1400,1,v2,2026-07-16T01:11,1960,1,0.653,en,0.0679
5048,1345,11,v2,2026-05-26T03:27,1176,1,0.262,ja,0.0109
5049,1735,11,v1,2026-05-04T23:22,1912,1,0.689,en,0.0172
5050,594,11,v3,2026-01-06T17:25,1578,1,0.875,en,0.0435
5051,74,12,v2,2026-02-01T16:57,982,1,0.78,en,0.0498
5052,647,2,v2,2026-06-21T10:59,1711,1,0.47,en,0.0225
5053,212,9,v1,2026-07-26T22:39,1016,1,0.833,en,0.0602
5054,670,5,v1,2026-07-16T04:40,1356,1,0.54,fr,0.0648
5055,220,8,v2,2026-01-14T16:50,593,1,1.0,en,0.0286
5056,721,5,v1,2026-05-20T23:38,1468,0,0.545,en,0.0579
5057,1227,1,v1,2026-03-04T09:45,1789,0,0.531,es,0.0405
5058,999,12,v2,2026-03-15T08:44,1354,1,0.704,de,0.0515
5059,1473,3,v1,2026-03-06T16:02,715,1,0.513,en,0.0515
5060,190,9,v2,2026-04-25T20:59,1268,1,0.577,en,0.0769
5061,914,12,v3,2026-03-02T23:04,1324,1,0.643,en,0.0044
5062,1277,10,v3,2026-04-12T23:41,1409,1,0.548,en,0.0292
5063,387,12,v1,2026-01-26T13:27,2093,1,0.753,en,0.0328
5064,774,10,v2,2026-03-03T04:05,1665,0,0.624,en,0.0662
5065,120,1,v1,2026-05-20T14:08,2399,1,0.896,en,0.0331
5066,835,11,v3,2026-04-18T12:46,826,1,0.838,en,0.0088
5067,705,4,v2,2026-02-07T00:19,375,1,0.383,ja,0.0322
5068,1471,3,v2,2026-03-04T14:01,1169,1,0.865,he,0.0507
5069,151,11,v2,2026-05-12T00:32,1329,1,0.898,es,0.0155
5070,239,8,v2,2026-06-02T03:55,485,1,0.91,en,0.0244
5071,488,5,v2,2026-04-11T10:09,706,0,0.735,en,0.0263
5072,1423,1,v2,2026-07-02T08:14,1657,1,0.545,en,0.0757
5073,426,2,v1,2026-05-17T08:24,987,1,0.816,en,0.0744
5074,1733,5,v1,2026-03-11T07:33,2186,1,0.875,fr,0.0531
5075,1040,10,v3,2026-02-18T09:52,1367,1,0.75,he,0.0774
5076,1295,5,v2,2026-07-05T19:07,1393,1,0.778,en,0.0665
5077,329,6,v3,2026-01-27T22:13,1499,1,0.568,de,0.0365
5078,936,12,v1,2026-02-21T12:33,1540,1,0.67,en,0.0668
5079,370,11,v2,2026-04-24T15:41,1386,1,0.857,de,0.0363
5080,656,3,v3,2026-07-09T17:58,990,1,0.711,en,0.0631
5081,46,11,v2,2026-06-23T01:29,852,0,0.692,ja,0.056
5082,915,8,v2,2026-05-21T06:58,542,1,0.841,ja,0.0484
5083,1043,3,v1,2026-05-12T04:05,1495,1,0.728,he,0.0679
5084,1624,4,v3,2026-01-27T09:21,1504,1,0.71,es,0.0146
5085,130,4,v3,2026-03-30T06:29,1190,1,0.867,he,0.0779
5086,1073,8,v1,2026-07-06T23:54,964,1,0.729,en,0.0408
5087,690,12,v1,2026-03-18T19:43,732,1,0.769,de,0.0472
5088,347,10,v2,2026-05-22T08:44,481,1,0.733,en,0.0445
5089,1225,5,v3,2026-01-29T15:34,1674,1,0.447,en,0.0437
5090,1043,6,v1,2026-05-12T04:05,1918,1,1.0,he,0.0312
5091,1438,7,v2,2026-04-04T23:04,833,1,0.721,en,0.0374
5092,1064,3,v3,2026-05-09T17:05,1403,1,0.604,en,0.0382
5093,381,3,v3,2026-01-20T12:19,1294,1,0.72,ja,0.0433
5094,298,2,v1,2026-05-29T19:12,1187,1,0.629,es,0.0104
5095,803,8,v2,2026-02-28T08:30,1372,1,0.492,es,0.0241
5096,583,4,v2,2026-03-29T20:02,670,1,0.93,en,0.0755
5097,330,3,v3,2026-06-05T22:50,638,1,0.577,en,0.024
5098,1467,1,v3,2026-02-28T16:45,1023,0,0.947,en,0.058
5099,1718,2,v3,2026-03-30T11:49,870,1,0.967,en,0.0157
5100,1510,9,v1,2026-04-02T08:37,1624,1,0.786,ja,0.0262
5101,761,3,v1,2026-05-16T08:18,1996,1,0.79,de,0.0399
5102,1586,7,v2,2026-01-15T11:14,1498,1,0.687,en,0.0517
5103,1681,6,v2,2026-02-23T14:54,866,1,0.55,es,0.0408
5104,750,5,v3,2026-02-12T21:12,925,1,0.553,fr,0.0289
5105,701,4,v2,2026-05-04T11:29,998,1,0.605,he,0.0147
5106,1756,9,v2,2026-07-15T01:05,1813,0,0.652,ja,0.0189
5107,1066,8,v2,2026-01-02T14:33,1282,0,0.538,en,0.0391
5108,405,12,v3,2026-01-05T21:23,756,1,0.794,en,0.0546
5109,770,8,v1,2026-06-12T14:29,1800,1,0.626,en,0.0143
5110,1488,10,v3,2026-04-19T00:36,956,1,0.556,ja,0.0288
5111,1069,12,v1,2026-05-29T04:35,1480,1,1.0,en,0.0181
5112,705,12,v1,2026-02-07T00:19,1382,1,0.746,ja,0.031
5113,1639,4,v2,2026-02-12T22:17,1373,1,0.884,fr,0.0585
5114,293,10,v3,2026-04-07T06:58,906,1,0.564,en,0.0608
5115,714,9,v3,2026-02-13T15:48,1223,1,0.658,he,0.0316
5116,1138,7,v3,2026-01-12T14:58,728,1,0.847,en,0.0705
5117,1019,8,v1,2026-07-15T17:40,1347,1,0.788,es,0.0479
5118,1156,2,v1,2026-06-22T10:49,1042,1,0.641,es,0.0176
5119,1486,5,v2,2026-06-18T05:27,1059,1,0.755,en,0.0276
5120,754,2,v1,2026-04-03T03:16,1760,1,0.459,he,0.011
5121,692,6,v1,2026-04-20T07:15,1460,1,0.536,en,0.0071
5122,47,5,v2,2026-07-07T12:05,413,1,0.801,de,0.0776
5123,1343,3,v3,2026-06-24T10:03,1348,0,0.378,he,0.0482
5124,262,8,v2,2026-07-12T04:47,981,1,0.575,de,0.0291
5125,1045,12,v1,2026-06-22T01:52,1910,1,0.832,en,0.062
5126,1573,3,v3,2026-07-25T06:27,1033,1,1.0,en,0.0549
5127,217,12,v1,2026-04-08T06:46,1436,1,0.732,es,0.0516
5128,1323,1,v1,2026-01-27T06:10,1512,1,0.868,en,0.0759
5129,1577,11,v3,2026-06-21T06:28,876,1,0.853,en,0.0505
5130,749,12,v3,2026-04-15T01:48,1802,1,0.841,es,0.024
5131,1547,5,v1,2026-06-01T09:18,1887,1,0.373,he,0.0224
5132,528,1,v1,2026-02-06T00:31,1553,0,0.395,en,0.0199
5133,355,3,v2,2026-01-22T16:09,1228,1,0.394,en,0.066
5134,58,5,v2,2026-06-03T23:23,1140,1,0.902,en,0.0387
5135,1617,1,v3,2026-06-03T00:04,932,1,0.793,de,0.0204
5136,1792,5,v2,2026-06-15T06:47,1422,1,0.695,en,0.0671
5137,780,1,v1,2026-06-20T08:40,1518,1,0.8,es,0.0182
5138,1289,9,v2,2026-01-27T05:08,813,1,0.335,es,0.019
5139,1223,10,v1,2026-05-31T07:28,1996,1,0.857,ja,0.0321
5140,533,4,v2,2026-01-31T06:14,1005,1,0.602,he,0.0525
5141,403,7,v1,2026-01-20T06:15,1609,1,0.611,fr,0.0162
5142,729,10,v2,2026-03-06T07:06,904,1,0.826,en,0.071
5143,624,7,v3,2026-02-28T09:45,928,1,0.735,en,0.0726
5144,495,8,v3,2026-06-24T13:32,797,1,1.0,es,0.0736
5145,1501,5,v2,2026-06-23T07:59,777,0,0.729,en,0.0064
5146,1595,10,v3,2026-04-29T22:00,1496,1,0.974,en,0.028
5147,1079,4,v1,2026-07-02T14:17,1632,1,0.55,de,0.029
5148,798,6,v3,2026-06-16T14:33,1523,1,0.727,fr,0.0743
5149,1377,3,v3,2026-03-16T12:51,985,1,0.9,en,0.0177
5150,1010,9,v1,2026-05-09T05:08,1025,1,0.712,de,0.0106
5151,458,6,v2,2026-03-28T18:39,1116,1,0.527,en,0.0024
5152,1461,10,v3,2026-07-28T04:26,1809,0,0.686,es,0.0647
5153,781,2,v3,2026-03-01T05:30,1133,1,0.939,he,0.0686
5154,1364,10,v1,2026-05-06T13:12,1311,1,0.771,de,0.0081
5155,1002,11,v1,2026-05-20T17:57,1962,1,0.769,de,0.0484
5156,1286,11,v3,2026-03-15T05:26,1050,1,0.761,en,0.032
5157,593,4,v3,2026-03-01T15:39,650,1,0.735,en,0.0125
5158,626,6,v1,2026-01-06T03:07,1170,1,0.715,en,0.0626
5159,206,1,v1,2026-06-15T21:35,1433,1,0.73,en,0.0729
5160,1495,10,v3,2026-05-27T07:57,2015,1,0.986,es,0.0063
5161,1344,7,v1,2026-03-08T20:50,1061,1,0.86,he,0.0135
5162,359,7,v1,2026-04-24T09:18,1805,0,0.48,es,0.0716
5163,936,12,v3,2026-02-21T12:33,349,1,0.851,en,0.023
5164,228,2,v3,2026-07-22T16:05,772,1,0.756,en,0.0142
5165,1353,7,v1,2026-07-01T18:36,1059,1,0.724,fr,0.0769
5166,1344,3,v2,2026-03-08T20:50,1292,0,0.831,he,0.0754
5167,1234,9,v1,2026-03-21T05:28,290,1,0.405,de,0.0331
5168,266,4,v3,2026-05-22T19:06,805,1,0.733,fr,0.0105
5169,1083,1,v3,2026-04-19T15:30,1287,0,0.774,ja,0.0648
5170,1206,1,v1,2026-07-16T00:50,1356,1,0.651,en,0.0668
5171,816,1,v1,2026-02-18T05:47,1406,1,0.473,en,0.0242
5172,586,3,v1,2026-05-20T05:59,1850,1,0.685,en,0.0645
5173,1189,5,v3,2026-01-20T00:44,878,1,0.749,en,0.0733
5174,1204,3,v3,2026-02-12T22:18,992,1,0.805,en,0.0632
5175,496,5,v3,2026-03-05T15:09,1288,1,0.891,en,0.0335
5176,1792,1,v3,2026-06-15T06:47,311,1,0.663,en,0.0613
5177,551,8,v2,2026-06-07T15:40,1504,1,0.426,fr,0.054
5178,1529,10,v3,2026-01-01T05:59,885,1,0.76,en,0.0495
5179,749,2,v1,2026-04-15T01:48,1890,1,0.637,es,0.012
5180,1142,10,v2,2026-05-25T09:01,447,1,0.518,en,0.022
5181,325,8,v3,2026-03-30T23:54,1023,1,0.592,ja,0.0558
5182,784,2,v2,2026-04-07T13:07,1738,1,0.926,fr,0.0635
5183,821,8,v2,2026-01-28T09:56,1446,1,0.825,en,0.0377
5184,1112,10,v3,2026-06-14T10:21,624,1,0.87,he,0.0743
5185,251,12,v1,2026-01-13T15:08,1767,1,0.733,he,0.0092
5186,734,7,v3,2026-02-10T04:19,726,1,0.716,en,0.0698
5187,272,11,v1,2026-06-18T14:40,1384,1,0.798,de,0.062
5188,1529,12,v1,2026-01-01T05:59,1611,1,0.545,en,0.0261
5189,410,8,v1,2026-05-28T15:30,1823,1,0.723,en,0.0221
5190,1385,9,v3,2026-03-20T07:50,1329,1,0.472,es,0.0302
5191,178,3,v3,2026-07-02T23:55,1322,1,0.941,ja,0.0125
5192,1018,6,v1,2026-04-04T22:44,1074,1,0.671,es,0.0564
5193,1768,3,v2,2026-02-18T03:18,180,0,0.871,es,0.015
5194,1268,5,v2,2026-01-09T23:20,725,1,0.602,es,0.0147
5195,501,6,v1,2026-07-06T23:19,1400,1,0.889,de,0.0634
5196,92,6,v2,2026-04-03T05:06,687,1,0.988,de,0.0453
5197,1095,11,v1,2026-03-26T16:21,1615,1,0.715,ja,0.0776
5198,251,11,v3,2026-01-13T15:08,2014,0,0.864,he,0.0705
5199,1541,5,v2,2026-03-02T04:09,699,1,0.702,en,0.0618
5200,1470,7,v2,2026-06-14T21:17,1283,1,0.949,fr,0.0597
5201,935,1,v3,2026-01-09T03:24,1296,0,0.473,en,0.0419
5202,328,11,v2,2026-06-07T22:08,2001,1,0.835,fr,0.0061
5203,1687,10,v3,2026-04-24T23:08,1070,1,0.53,en,0.0336
5204,1208,5,v1,2026-07-18T06:14,1606,1,0.73,es,0.0105
5205,1752,6,v3,2026-03-03T14:22,2090,1,0.954,en,0.074
5206,1796,7,v2,2026-03-27T22:00,1018,1,1.0,en,0.0024
5207,962,4,v1,2026-03-23T13:52,1313,0,0.624,de,0.006
5208,1380,9,v3,2026-04-18T01:16,1215,1,0.616,en,0.0308
5209,1326,11,v3,2026-03-30T17:49,848,1,0.692,es,0.0308
5210,272,8,v2,2026-06-18T14:40,1270,1,0.766,de,0.0713
5211,1616,6,v1,2026-01-20T07:33,1703,1,0.817,de,0.0559
5212,801,1,v3,2026-02-04T21:13,923,0,1.0,en,0.0596
5213,845,5,v2,2026-03-05T04:15,1763,1,0.683,en,0.0436
5214,640,3,v2,2026-02-07T02:06,1252,0,0.745,en,0.0688
5215,432,3,v2,2026-02-02T05:39,913,0,0.67,en,0.0603
5216,421,3,v3,2026-05-07T01:44,1161,1,1.0,en,0.0448
5217,248,1,v3,2026-07-02T08:30,992,1,0.762,en,0.056
5218,1060,7,v1,2026-01-03T03:44,1565,1,0.666,es,0.0531
5219,1159,6,v3,2026-07-06T08:17,884,1,0.714,de,0.077
5220,1631,6,v2,2026-05-24T04:14,604,1,0.76,en,0.0563
5221,1297,2,v3,2026-02-19T00:04,861,1,0.826,en,0.0771
5222,154,4,v1,2026-05-29T08:17,1420,1,0.658,en,0.0506
5223,1408,9,v1,2026-07-17T19:32,1479,1,0.583,ja,0.0541
5224,257,12,v2,2026-04-26T22:26,1174,1,0.544,fr,0.065
5225,1114,2,v2,2026-01-18T16:06,1277,1,1.0,de,0.0756
5226,1739,10,v1,2026-02-21T10:23,1325,1,0.581,es,0.0196
5227,1164,7,v3,2026-04-17T17:06,1190,1,0.336,es,0.0141
5228,971,8,v2,2026-04-01T03:30,939,1,1.0,en,0.0331
5229,1185,7,v3,2026-06-18T17:33,1387,1,1.0,en,0.0774
5230,1047,1,v2,2026-06-30T02:00,2127,1,0.754,en,0.065
5231,1326,12,v2,2026-03-30T17:49,870,1,0.491,es,0.04
5232,1174,12,v3,2026-06-20T00:50,1082,1,0.756,es,0.0539
5233,1359,5,v1,2026-06-04T17:02,1567,1,0.628,en,0.0125
5234,157,9,v1,2026-06-23T13:31,999,1,0.7,en,0.0307
5235,308,6,v3,2026-05-28T07:07,986,1,0.725,he,0.0593
5236,179,7,v1,2026-04-24T06:25,880,0,0.448,es,0.0147
5237,873,6,v3,2026-01-21T21:06,1117,1,0.548,en,0.0671
5238,1284,4,v1,2026-02-14T11:53,2212,1,0.613,es,0.0205
5239,1354,6,v1,2026-07-10T01:57,1264,1,0.551,de,0.0147
5240,1482,9,v3,2026-02-18T07:17,933,0,1.0,de,0.067
5241,744,11,v3,2026-03-19T06:18,778,1,0.712,fr,0.0491
5242,1545,6,v3,2026-02-05T00:37,1220,1,0.721,es,0.0262
5243,233,5,v3,2026-04-05T21:12,2046,1,0.641,de,0.0144
5244,341,10,v2,2026-01-28T15:53,672,1,0.56,he,0.0535
5245,330,6,v1,2026-06-05T22:50,1417,1,0.809,en,0.0681
5246,842,11,v3,2026-03-14T08:06,1093,1,0.738,en,0.0354
5247,1030,3,v2,2026-04-10T18:14,1802,1,0.425,de,0.0399
5248,295,4,v1,2026-03-31T10:59,1378,1,0.867,es,0.0421
5249,442,5,v2,2026-03-05T00:38,1126,1,1.0,fr,0.0547
5250,603,12,v2,2026-03-10T19:30,704,1,0.749,en,0.0689
5251,1593,10,v2,2026-04-04T05:53,796,1,0.805,en,0.0401
5252,63,5,v1,2026-05-24T09:34,1441,1,0.492,es,0.074
5253,851,12,v2,2026-06-18T19:38,1235,1,0.999,en,0.0367
5254,30,10,v3,2026-04-24T12:41,1408,1,0.72,es,0.0072
5255,1497,11,v1,2026-03-08T21:51,1208,1,0.827,en,0.0529
5256,263,10,v3,2026-05-04T04:41,1764,1,1.0,es,0.0482
5257,792,4,v2,2026-01-28T01:10,1661,1,0.807,de,0.0646
5258,413,4,v3,2026-02-03T00:24,912,0,0.72,de,0.0279
5259,1797,12,v2,2026-03-12T04:13,1572,1,0.512,de,0.0611
5260,821,10,v2,2026-01-28T09:56,969,1,0.314,en,0.0622
5261,1402,7,v2,2026-07-21T10:20,695,1,0.856,en,0.0059
5262,1035,6,v1,2026-04-10T19:00,1592,1,0.947,es,0.0354
5263,1782,7,v2,2026-03-18T20:39,1215,1,0.609,de,0.0369
5264,841,10,v3,2026-05-16T21:53,1189,1,0.858,en,0.0607
5265,1344,11,v2,2026-03-08T20:50,886,1,0.591,he,0.0285
5266,8,12,v1,2026-07-09T19:28,1701,0,0.625,es,0.0134
5267,1396,11,v1,2026-02-02T10:55,1409,1,0.779,en,0.0328
5268,1454,3,v3,2026-01-30T07:32,185,1,0.453,en,0.0694
5269,330,5,v1,2026-06-05T22:50,1997,1,0.494,en,0.062
5270,1434,8,v2,2026-04-26T12:06,637,1,0.796,es,0.0424
5271,990,9,v1,2026-07-02T02:17,1479,1,0.767,es,0.015
5272,664,10,v1,2026-02-01T18:04,1851,1,0.55,en,0.045
5273,11,3,v2,2026-01-06T02:09,1564,1,0.91,en,0.0717
5274,1075,9,v3,2026-02-09T21:36,616,1,0.845,ja,0.0325
5275,681,12,v1,2026-03-13T09:53,1585,1,0.51,ja,0.0217
5276,268,5,v2,2026-05-31T11:57,716,1,0.59,en,0.0547
5277,146,2,v2,2026-07-05T03:48,799,1,0.706,es,0.0629
5278,778,2,v1,2026-03-26T16:21,2114,1,0.444,ja,0.016
5279,1318,9,v2,2026-01-02T13:06,745,1,1.0,en,0.0378
5280,341,1,v3,2026-01-28T15:53,577,1,0.904,he,0.0169
5281,480,3,v1,2026-07-20T21:47,1604,1,0.599,fr,0.0602
5282,822,3,v1,2026-06-30T04:58,1201,1,0.771,fr,0.073
5283,1094,8,v2,2026-01-28T13:06,1023,1,0.762,en,0.022
5284,437,11,v1,2026-04-29T11:59,1942,1,0.475,en,0.0036
5285,381,10,v3,2026-01-20T12:19,1519,1,1.0,ja,0.0184
5286,1156,2,v2,2026-06-22T10:49,1179,1,0.699,es,0.0733
5287,1168,4,v2,2026-02-19T22:49,656,1,0.848,de,0.0661
5288,1273,7,v1,2026-06-19T11:03,1362,1,0.632,he,0.0159
5289,1402,5,v1,2026-07-21T10:20,1936,0,0.611,en,0.0798
5290,1102,11,v1,2026-03-14T13:39,1984,1,0.492,ja,0.0341
5291,1373,2,v1,2026-06-01T02:26,1665,1,0.831,en,0.0448
5292,1419,1,v3,2026-03-27T08:25,1258,0,0.814,en,0.0349
5293,453,5,v3,2026-04-27T09:55,370,1,1.0,he,0.0134
5294,894,4,v3,2026-03-22T19:16,1336,1,0.769,he,0.06
5295,1198,12,v1,2026-06-20T12:08,2102,1,0.869,es,0.0749
5296,1060,12,v1,2026-01-03T03:44,1698,0,0.675,es,0.006
5297,1356,12,v3,2026-05-09T22:22,985,1,0.756,en,0.0139
5298,38,4,v3,2026-02-10T02:14,1018,0,0.886,en,0.0441
5299,749,6,v2,2026-04-15T01:48,1937,1,0.773,es,0.0137
5300,1729,8,v3,2026-06-12T23:10,729,1,0.892,de,0.0575
5301,1171,4,v1,2026-02-04T05:22,1726,1,0.569,de,0.0691
5302,195,7,v3,2026-01-24T23:56,1846,1,0.919,ja,0.066
5303,692,11,v3,2026-04-20T07:15,497,1,0.866,en,0.0387
5304,666,11,v1,2026-07-04T04:14,2014,1,0.76,fr,0.029
5305,253,7,v1,2026-02-21T23:39,1364,1,0.589,he,0.0407
5306,1646,3,v2,2026-04-30T07:36,848,1,0.94,es,0.0036
5307,1236,9,v2,2026-01-31T09:42,910,1,0.617,en,0.044
5308,1675,3,v3,2026-03-15T12:35,1874,1,1.0,he,0.0769
5309,846,5,v1,2026-06-13T17:24,904,1,0.798,en,0.0062
5310,692,12,v2,2026-04-20T07:15,1631,1,0.843,en,0.0449
5311,1423,6,v3,2026-07-02T08:14,1110,1,0.533,en,0.0401
5312,307,2,v3,2026-01-20T22:13,848,1,0.667,fr,0.0476
5313,170,7,v1,2026-06-06T20:45,1802,1,0.838,en,0.0749
5314,40,3,v3,2026-07-23T05:38,1516,1,0.919,en,0.0039
5315,491,5,v1,2026-06-29T15:31,2002,0,0.655,en,0.0145
5316,89,4,v1,2026-06-08T12:57,1783,1,0.935,en,0.0183
5317,466,5,v2,2026-01-23T23:11,1515,1,0.946,he,0.003
5318,891,5,v1,2026-06-10T01:56,1704,1,0.669,ja,0.0233
5319,561,5,v3,2026-05-22T13:58,1462,1,0.572,en,0.0038
5320,394,6,v2,2026-02-16T05:07,1369,1,0.776,es,0.0195
5321,1398,3,v2,2026-07-11T05:45,1234,1,0.682,fr,0.04
5322,1691,3,v1,2026-06-18T07:38,1632,1,0.81,fr,0.0196
5323,1377,1,v1,2026-03-16T12:51,631,1,0.636,en,0.0759
5324,387,1,v2,2026-01-26T13:27,1243,1,0.809,en,0.0034
5325,187,8,v1,2026-05-13T04:20,1511,1,0.812,he,0.0672
5326,34,1,v2,2026-02-09T12:47,1295,0,0.836,ja,0.0296
5327,722,5,v3,2026-02-10T17:49,738,1,0.548,he,0.057
5328,390,7,v3,2026-07-04T04:42,1234,1,0.734,en,0.0785
5329,1696,9,v2,2026-06-19T21:43,1368,1,0.452,de,0.0066
5330,1067,8,v1,2026-03-06T10:09,1867,0,0.542,de,0.0042
5331,1578,11,v1,2026-03-03T04:45,1714,0,0.832,ja,0.0784
5332,773,9,v2,2026-02-03T03:21,929,1,1.0,en,0.0535
5333,1446,1,v2,2026-05-20T15:34,905,0,0.62,he,0.0474
5334,467,6,v1,2026-01-08T22:50,1742,1,0.858,en,0.0598
5335,715,5,v1,2026-04-07T20:32,1119,1,0.955,en,0.0767
5336,979,6,v3,2026-03-20T19:40,1625,1,0.768,de,0.046
5337,1373,7,v2,2026-06-01T02:26,681,1,0.994,en,0.041
5338,319,4,v2,2026-01-25T05:54,976,1,0.453,fr,0.0177
5339,1669,9,v3,2026-01-05T10:26,1341,1,0.793,es,0.0591
5340,1024,7,v2,2026-04-07T18:21,1693,1,0.678,en,0.0498
5341,324,8,v1,2026-05-13T12:41,1734,1,0.818,en,0.015
5342,584,5,v1,2026-06-03T12:58,1445,1,0.779,en,0.0264
5343,612,6,v1,2026-06-04T06:51,1453,1,0.847,en,0.0237
5344,1035,7,v2,2026-04-10T19:00,1603,1,0.893,es,0.0511
5345,221,11,v3,2026-06-08T15:39,1244,1,0.833,en,0.0277
5346,595,2,v1,2026-07-16T22:48,1020,1,0.761,he,0.0118
5347,854,9,v3,2026-03-31T18:13,1248,1,0.545,en,0.057
5348,814,11,v1,2026-05-09T18:26,1152,1,0.84,en,0.0577
5349,595,11,v2,2026-07-16T22:48,1513,1,0.587,he,0.0365
5350,1077,9,v1,2026-06-05T19:20,1957,1,0.826,en,0.0709
5351,1739,6,v2,2026-02-21T10:23,1457,1,0.766,es,0.0058
5352,204,2,v1,2026-02-13T04:24,1411,1,0.989,fr,0.0689
5353,1752,6,v3,2026-03-03T14:22,1046,1,0.744,en,0.0198
5354,1271,1,v1,2026-05-21T14:36,1656,0,0.606,fr,0.0195
5355,1761,6,v3,2026-06-15T08:33,1651,1,1.0,he,0.003
5356,506,1,v3,2026-01-05T05:00,1106,1,0.674,he,0.0118
5357,622,6,v1,2026-04-09T19:08,1651,1,0.796,de,0.026
5358,1017,7,v2,2026-04-07T13:31,1209,1,1.0,en,0.0685
5359,470,11,v2,2026-03-10T13:40,732,1,0.679,en,0.0122
5360,18,10,v1,2026-05-13T21:42,1682,1,0.979,en,0.0145
5361,964,7,v1,2026-01-15T13:53,1770,1,0.621,ja,0.0702
5362,1462,2,v2,2026-06-08T23:22,1236,0,0.7,de,0.0617
5363,517,4,v1,2026-01-29T06:14,1333,1,0.462,ja,0.0057
5364,1307,5,v1,2026-07-02T00:56,1393,1,0.984,en,0.0779
5365,260,3,v3,2026-05-26T05:23,528,1,0.799,de,0.0731
5366,992,2,v2,2026-02-02T20:21,1544,1,0.552,en,0.0799
5367,917,7,v2,2026-03-16T07:49,806,0,0.75,es,0.0598
5368,308,12,v1,2026-05-28T07:07,820,1,0.996,he,0.0383
5369,306,3,v2,2026-05-10T23:15,611,1,0.624,de,0.0496
5370,775,12,v3,2026-06-06T07:43,692,1,0.907,en,0.0111
5371,1669,6,v3,2026-01-05T10:26,1220,1,0.845,es,0.0226
5372,1002,2,v3,2026-05-20T17:57,690,1,0.895,de,0.0696
5373,7,8,v1,2026-03-26T09:48,1323,1,0.447,en,0.0436
5374,1651,8,v2,2026-03-14T15:50,863,0,0.895,en,0.0349
5375,739,4,v3,2026-02-08T02:37,804,1,0.535,ja,0.0505
5376,1066,9,v3,2026-01-02T14:33,428,1,0.689,en,0.006
5377,1595,7,v2,2026-04-29T22:00,1543,1,0.516,en,0.0143
5378,179,4,v3,2026-04-24T06:25,1477,1,0.928,es,0.0066
5379,552,8,v1,2026-05-29T08:59,2389,1,0.628,ja,0.0401
5380,1047,8,v1,2026-06-30T02:00,1547,1,0.277,en,0.0331
5381,152,2,v2,2026-04-20T16:57,840,1,0.982,de,0.037
5382,1118,2,v3,2026-03-09T07:56,606,1,0.84,en,0.0231
5383,693,10,v2,2026-04-16T01:20,1462,1,0.935,en,0.0168
5384,335,7,v2,2026-05-15T17:39,1598,1,0.542,en,0.0674
5385,403,3,v2,2026-01-20T06:15,1051,1,0.445,fr,0.0057
5386,1017,3,v1,2026-04-07T13:31,1628,1,0.846,en,0.0288
5387,311,7,v2,2026-06-14T05:44,1722,1,0.697,de,0.0198
5388,325,7,v2,2026-03-30T23:54,1640,1,0.609,ja,0.0259
5389,634,4,v1,2026-06-17T21:42,1538,1,0.844,es,0.0518
5390,567,7,v3,2026-07-25T17:09,802,1,0.614,de,0.0372
5391,1525,6,v3,2026-04-02T16:34,180,1,0.98,de,0.0693
5392,146,2,v3,2026-07-05T03:48,1793,1,0.786,es,0.0233
5393,11,12,v3,2026-01-06T02:09,1461,0,0.499,en,0.0251
5394,833,6,v1,2026-06-20T13:53,1110,1,0.568,en,0.0367
5395,1336,6,v2,2026-04-21T16:21,756,1,0.818,en,0.0583
5396,909,9,v1,2026-05-10T14:30,2012,1,0.704,en,0.0467
5397,1212,2,v1,2026-05-02T19:54,1679,1,0.511,de,0.0345
5398,1275,3,v3,2026-06-20T07:35,1742,1,0.82,en,0.0324
5399,478,2,v1,2026-02-28T08:58,2237,1,0.524,en,0.0113
5400,1411,8,v2,2026-02-27T08:54,1604,1,0.807,en,0.017
5401,56,3,v2,2026-03-26T18:21,1812,1,0.783,en,0.0595
5402,464,12,v2,2026-05-30T20:03,1250,1,0.806,es,0.0171
5403,1286,1,v1,2026-03-15T05:26,1986,1,0.706,en,0.0157
5404,613,1,v1,2026-07-17T14:18,1678,0,0.54,en,0.0054
5405,1017,4,v3,2026-04-07T13:31,1088,1,0.789,en,0.0513
5406,1466,1,v1,2026-04-13T05:06,1541,1,0.866,en,0.052
5407,1463,5,v2,2026-04-22T23:27,1438,1,0.687,en,0.0157
5408,578,1,v1,2026-03-27T10:11,1443,1,0.677,en,0.0439
5409,24,10,v3,2026-03-07T12:54,1579,0,1.0,he,0.0038
5410,970,6,v3,2026-01-17T14:23,577,1,1.0,en,0.0608
5411,13,3,v1,2026-01-25T08:50,1456,1,0.725,en,0.0237
5412,1610,8,v1,2026-03-26T02:30,1611,0,0.998,fr,0.0343
5413,733,4,v3,2026-05-18T13:08,1137,1,0.966,fr,0.0061
5414,1248,1,v1,2026-03-18T19:32,863,1,0.399,ja,0.0034
5415,1411,6,v3,2026-02-27T08:54,919,1,0.847,en,0.0317
5416,819,4,v2,2026-06-13T11:56,2347,1,0.701,en,0.0332
5417,647,7,v1,2026-06-21T10:59,1472,1,0.668,en,0.0084
5418,1011,8,v1,2026-02-27T01:09,1588,1,0.887,en,0.0118
5419,482,12,v3,2026-07-21T19:01,1431,0,0.546,en,0.0595
5420,332,1,v1,2026-05-02T06:32,2153,1,0.696,en,0.0606
5421,826,2,v2,2026-01-01T18:15,1223,1,0.652,fr,0.0722
5422,1418,11,v1,2026-02-05T01:47,1743,1,0.831,en,0.0168
5423,1356,7,v2,2026-05-09T22:22,992,1,0.767,en,0.0452
5424,518,12,v2,2026-03-14T02:43,1313,1,0.647,de,0.0666
5425,1475,2,v3,2026-04-01T16:36,1604,1,0.859,en,0.07
5426,1603,4,v3,2026-03-19T08:56,703,0,0.912,en,0.0399
5427,979,6,v3,2026-03-20T19:40,1211,1,1.0,de,0.0666
5428,119,1,v1,2026-07-14T21:03,2006,1,0.594,es,0.0356
5429,401,8,v3,2026-05-05T03:40,810,1,0.763,he,0.0643
5430,858,8,v2,2026-06-11T01:03,948,1,0.872,ja,0.0366
5431,690,5,v3,2026-03-18T19:43,319,1,0.59,de,0.0693
5432,736,2,v2,2026-04-05T07:02,1705,1,0.756,en,0.0351
5433,1043,9,v2,2026-05-12T04:05,1620,1,0.785,he,0.0541
5434,355,5,v1,2026-01-22T16:09,1365,1,0.863,en,0.0357
5435,1341,2,v1,2026-01-15T21:05,1730,1,0.561,en,0.0658
5436,1012,6,v2,2026-07-07T18:52,1098,1,0.723,en,0.0523
5437,1603,8,v1,2026-03-19T08:56,1363,1,0.835,en,0.0113
5438,1150,4,v1,2026-02-18T14:45,1743,1,0.703,es,0.0408
5439,722,9,v1,2026-02-10T17:49,1216,0,0.692,he,0.058
5440,899,8,v2,2026-06-29T23:20,1255,1,0.793,de,0.0684
5441,1322,7,v2,2026-05-19T07:54,1322,1,0.81,es,0.0795
5442,353,5,v3,2026-02-05T22:54,1447,1,0.69,de,0.0565
5443,1354,11,v2,2026-07-10T01:57,1379,1,0.61,de,0.0123
5444,866,6,v3,2026-03-31T07:40,1125,1,0.893,en,0.0454
5445,393,5,v1,2026-07-21T18:58,1767,1,0.681,en,0.0642
5446,914,11,v1,2026-03-02T23:04,1884,1,0.747,en,0.017
5447,1614,5,v1,2026-01-01T16:49,1597,1,0.754,en,0.0554
5448,951,1,v2,2026-07-09T00:10,1224,1,0.849,es,0.0362
5449,941,11,v1,2026-04-12T10:05,2321,1,0.614,de,0.0483
5450,253,7,v1,2026-02-21T23:39,1797,1,0.904,he,0.0508
5451,265,9,v2,2026-04-01T14:12,641,1,0.959,en,0.0524
5452,869,9,v2,2026-07-14T20:15,438,1,1.0,de,0.0366
5453,1209,3,v2,2026-06-08T23:59,895,1,0.712,en,0.02
5454,1364,4,v2,2026-05-06T13:12,1641,1,0.556,de,0.0373
5455,1200,11,v1,2026-04-03T21:05,1275,1,0.732,de,0.0082
5456,1166,5,v1,2026-06-23T18:17,1689,1,0.643,ja,0.0077
5457,422,7,v1,2026-04-09T02:16,1566,1,0.666,ja,0.0102
5458,379,11,v1,2026-02-23T18:12,1160,1,0.911,en,0.0326
5459,1541,9,v3,2026-03-02T04:09,633,1,0.926,en,0.0614
5460,1638,8,v1,2026-07-20T02:50,1566,1,0.609,fr,0.0552
5461,1200,9,v3,2026-04-03T21:05,524,1,0.605,de,0.0174
5462,624,2,v1,2026-02-28T09:45,944,1,0.783,en,0.0067
5463,67,6,v3,2026-04-08T08:02,1577,0,0.755,ja,0.039
5464,1031,2,v2,2026-03-15T16:26,1062,1,0.603,en,0.0094
5465,1078,7,v2,2026-07-22T16:42,572,1,0.733,en,0.0067
5466,206,3,v1,2026-06-15T21:35,1280,1,0.612,en,0.0373
5467,798,1,v2,2026-06-16T14:33,542,0,0.893,fr,0.0405
5468,208,12,v3,2026-05-16T04:53,1521,1,0.365,en,0.017
5469,1005,3,v3,2026-01-01T13:58,2017,1,0.79,en,0.0758
5470,1252,4,v1,2026-06-29T18:48,1258,1,0.824,en,0.061
5471,8,4,v1,2026-07-09T19:28,1282,1,0.793,es,0.011
5472,650,4,v2,2026-01-17T01:11,978,1,0.415,en,0.0526
5473,1411,8,v2,2026-02-27T08:54,992,1,0.897,en,0.0268
5474,70,5,v1,2026-02-13T04:26,1323,1,0.869,es,0.0796
5475,344,4,v3,2026-06-17T17:20,1938,1,0.863,de,0.0463
5476,114,7,v3,2026-04-23T23:52,614,1,1.0,en,0.0718
5477,233,4,v2,2026-04-05T21:12,1307,0,0.493,de,0.0557
5478,870,11,v1,2026-03-27T17:51,1652,1,0.398,es,0.0281
5479,1202,8,v3,2026-03-25T07:48,1020,0,0.614,en,0.0234
5480,253,2,v2,2026-02-21T23:39,1303,1,0.653,he,0.0666
5481,948,10,v1,2026-02-25T04:55,844,0,0.852,en,0.052
5482,1439,6,v1,2026-03-21T12:14,779,1,0.593,es,0.0335
5483,645,10,v1,2026-04-03T19:00,1557,1,0.739,en,0.0282
5484,215,5,v1,2026-07-03T23:47,1574,1,0.959,fr,0.0765
5485,1338,7,v1,2026-05-27T20:04,1684,1,0.405,en,0.0786
5486,1585,7,v1,2026-07-12T14:47,2171,1,0.684,fr,0.0691
5487,642,3,v2,2026-07-01T23:05,1077,1,0.84,es,0.0668
5488,1714,1,v3,2026-05-08T09:03,1044,0,0.988,en,0.0148
5489,805,7,v3,2026-03-17T10:26,988,1,0.649,de,0.0443
5490,837,7,v3,2026-02-15T13:53,1618,0,0.668,es,0.0262
5491,1344,7,v2,2026-03-08T20:50,658,1,0.853,he,0.0627
5492,872,4,v3,2026-02-19T19:28,1113,1,0.614,en,0.0046
5493,743,9,v2,2026-03-06T23:36,1368,0,0.688,en,0.0483
5494,1559,4,v2,2026-03-01T04:33,1830,1,0.844,he,0.0158
5495,530,2,v1,2026-06-09T17:50,1460,1,0.318,fr,0.0402
5496,1408,9,v2,2026-07-17T19:32,1246,1,0.609,ja,0.0112
5497,378,10,v3,2026-05-29T08:49,1798,1,1.0,en,0.0704
5498,1036,7,v1,2026-04-21T16:52,1433,1,0.738,en,0.0311
5499,389,3,v1,2026-04-09T10:10,967,1,0.706,en,0.0491
5500,331,7,v1,2026-02-23T18:15,656,1,0.96,ja,0.0674
5501,1257,2,v3,2026-03-20T13:54,931,1,0.586,de,0.0647
5502,620,12,v2,2026-07-27T19:31,1368,1,0.85,en,0.075
5503,331,3,v1,2026-02-23T18:15,1619,1,0.545,ja,0.071
5504,479,6,v2,2026-05-17T11:52,1822,1,0.595,ja,0.0285
5505,1611,8,v1,2026-03-31T02:41,1799,1,0.611,en,0.0277
5506,790,12,v1,2026-04-26T01:12,1554,1,0.78,ja,0.0231
5507,495,7,v2,2026-06-24T13:32,1286,1,0.56,es,0.0796
5508,636,10,v1,2026-03-19T17:39,1711,1,0.964,ja,0.0307
5509,205,8,v3,2026-03-21T09:27,1063,1,0.314,en,0.0647
5510,447,2,v3,2026-06-27T00:56,579,1,0.654,es,0.0295
5511,853,8,v1,2026-06-20T06:18,1331,1,0.759,en,0.0436
5512,1144,2,v1,2026-06-03T23:27,1726,0,0.65,en,0.0461
5513,1684,8,v3,2026-01-09T11:39,942,1,0.755,fr,0.0644
5514,1672,9,v3,2026-04-28T15:56,957,1,0.667,en,0.0794
5515,136,12,v1,2026-06-14T15:50,1352,1,0.764,en,0.067
5516,938,5,v3,2026-05-16T03:11,1278,1,0.834,es,0.051
5517,655,7,v3,2026-02-10T17:20,1158,1,0.704,en,0.0596
5518,527,5,v1,2026-05-08T05:33,2160,1,1.0,de,0.0564
5519,1040,10,v3,2026-02-18T09:52,1748,1,0.513,he,0.0689
5520,345,6,v1,2026-07-13T09:07,2017,1,0.396,en,0.0138
5521,1265,2,v2,2026-02-22T12:49,317,1,0.918,he,0.0681
5522,907,6,v2,2026-02-02T09:39,1559,1,0.58,ja,0.0695
5523,1246,8,v2,2026-02-24T04:52,1320,1,0.739,es,0.0509
5524,869,6,v3,2026-07-14T20:15,1052,1,0.665,de,0.0611
5525,94,12,v2,2026-01-28T01:31,1525,0,0.489,ja,0.0731
5526,412,2,v1,2026-07-02T11:37,842,1,0.704,es,0.0284
5527,1563,1,v2,2026-01-07T04:04,1737,1,0.613,de,0.0675
5528,1648,1,v1,2026-04-26T19:22,1700,1,0.892,es,0.0473
5529,1500,10,v3,2026-03-18T09:48,904,1,0.795,fr,0.0138
5530,567,5,v2,2026-07-25T17:09,1172,1,0.608,de,0.0305
5531,464,9,v2,2026-05-30T20:03,1154,1,0.728,es,0.0784
5532,1481,7,v2,2026-02-03T20:45,1005,1,0.583,en,0.0097
5533,266,10,v2,2026-05-22T19:06,1387,1,0.884,fr,0.0235
5534,1675,7,v2,2026-03-15T12:35,1780,1,0.681,he,0.0665
5535,291,3,v3,2026-03-18T12:37,1283,1,0.553,en,0.0203
5536,562,5,v2,2026-05-21T12:11,1237,1,0.735,es,0.0022
5537,1627,9,v3,2026-04-02T09:29,974,1,0.681,ja,0.0501
5538,522,9,v1,2026-06-18T19:24,2112,1,0.648,he,0.0753
5539,847,7,v2,2026-02-15T00:13,1080,1,0.832,en,0.0077
5540,484,11,v1,2026-03-22T05:32,1642,1,0.712,ja,0.0638
5541,1086,11,v2,2026-01-09T09:48,1137,1,0.775,ja,0.0349
5542,1097,8,v3,2026-02-18T17:37,1130,1,0.915,en,0.0575
5543,1146,2,v3,2026-04-22T22:25,541,1,0.722,fr,0.0044
5544,265,3,v1,2026-04-01T14:12,1819,1,0.697,en,0.012
5545,1040,4,v3,2026-02-18T09:52,628,1,0.85,he,0.0208
5546,582,2,v1,2026-01-18T13:44,1430,1,0.839,es,0.0739
5547,622,8,v1,2026-04-09T19:08,1601,1,0.685,de,0.0672
5548,259,1,v3,2026-05-06T21:33,1509,1,0.655,es,0.0124
5549,1732,10,v1,2026-03-18T13:27,1829,1,0.981,en,0.0454
5550,742,6,v2,2026-03-15T01:14,1726,1,0.731,es,0.0572
5551,1410,11,v1,2026-04-13T02:47,1970,1,0.799,en,0.0303
5552,1578,7,v1,2026-03-03T04:45,1262,1,0.562,ja,0.0371
5553,1245,8,v1,2026-03-21T22:08,1450,1,0.968,en,0.0336
5554,1643,4,v3,2026-02-16T07:15,1085,1,0.691,es,0.0465
5555,277,10,v1,2026-06-24T22:26,2395,1,0.603,es,0.0323
5556,823,12,v3,2026-05-13T22:39,382,1,0.822,en,0.0695
5557,758,5,v1,2026-05-18T08:35,1884,0,0.879,de,0.027
5558,487,4,v2,2026-03-14T08:05,841,1,0.749,ja,0.0021
5559,1263,12,v3,2026-06-15T07:56,933,0,0.694,en,0.0635
5560,1639,9,v3,2026-02-12T22:17,1055,1,0.956,fr,0.0573
5561,382,3,v3,2026-07-13T05:11,700,1,0.942,en,0.0247
5562,171,10,v1,2026-03-29T03:03,1647,1,0.851,de,0.0704
5563,208,1,v3,2026-05-16T04:53,1465,1,0.235,en,0.0593
5564,934,7,v2,2026-05-11T10:56,1885,1,0.486,es,0.0443
5565,1742,8,v1,2026-03-09T04:06,1824,1,0.917,en,0.0362
5566,58,3,v3,2026-06-03T23:23,907,1,0.672,en,0.01
5567,1534,12,v2,2026-02-23T05:26,1422,1,0.779,en,0.0334
5568,380,8,v3,2026-07-07T17:58,1545,1,0.696,es,0.0673
5569,1180,11,v2,2026-05-16T18:38,719,1,0.628,de,0.0351
5570,908,3,v1,2026-05-12T04:47,1017,1,0.699,en,0.0595
5571,1625,7,v2,2026-04-01T06:01,449,1,0.922,de,0.073
5572,1723,8,v1,2026-03-17T18:29,1271,1,0.537,en,0.0195
5573,1358,7,v2,2026-05-18T01:31,1144,1,0.882,es,0.0273
5574,840,11,v1,2026-01-25T04:17,1791,1,0.974,es,0.0426
5575,241,2,v3,2026-06-16T18:34,485,1,0.462,de,0.0494
5576,1459,6,v1,2026-03-30T17:23,2542,1,0.782,en,0.029
5577,152,4,v3,2026-04-20T16:57,931,1,0.675,de,0.0445
5578,465,5,v1,2026-05-23T20:54,1709,1,0.484,en,0.0161
5579,625,3,v2,2026-07-02T17:02,549,1,0.636,en,0.0136
5580,876,3,v3,2026-03-14T03:30,2017,1,0.638,es,0.0737
5581,227,1,v1,2026-07-07T03:55,1352,1,0.656,en,0.0438
5582,104,11,v3,2026-07-19T17:48,910,1,0.607,fr,0.01
5583,1308,12,v3,2026-02-11T21:09,1416,1,0.628,fr,0.005
5584,1244,8,v3,2026-07-17T23:45,1742,0,0.72,en,0.0202
5585,1510,2,v3,2026-04-02T08:37,1613,1,0.772,ja,0.0421
5586,1558,1,v1,2026-04-01T11:02,1698,1,0.646,de,0.0263
5587,1457,11,v3,2026-01-06T21:47,905,1,0.788,en,0.0144
5588,1673,4,v3,2026-04-12T17:10,1093,1,0.825,fr,0.029
5589,736,4,v1,2026-04-05T07:02,1152,1,0.776,en,0.0206
5590,13,8,v2,2026-01-25T08:50,1101,1,1.0,en,0.0519
5591,21,12,v1,2026-01-17T16:35,1147,1,0.733,de,0.0694
5592,651,3,v1,2026-06-11T13:16,2035,1,0.385,en,0.0053
5593,53,3,v2,2026-02-20T23:16,626,0,0.614,he,0.0094
5594,1314,6,v2,2026-07-13T06:54,1151,1,0.806,en,0.0227
5595,1283,2,v1,2026-01-23T16:13,1015,1,0.841,de,0.0049
5596,739,9,v1,2026-02-08T02:37,787,1,0.52,ja,0.0292
5597,1521,3,v1,2026-05-01T05:22,1745,1,0.732,fr,0.0566
5598,119,8,v3,2026-07-14T21:03,999,1,0.62,es,0.0663
5599,371,10,v3,2026-05-27T15:39,1926,1,0.779,es,0.065
5600,1102,3,v1,2026-03-14T13:39,1065,0,1.0,ja,0.0172
5601,432,5,v2,2026-02-02T05:39,1141,1,0.825,en,0.0775
5602,636,3,v1,2026-03-19T17:39,2019,0,0.736,ja,0.0666
5603,54,8,v1,2026-01-18T18:21,2160,1,0.593,ja,0.0668
5604,1314,7,v2,2026-07-13T06:54,1639,1,0.837,en,0.0353
5605,400,5,v3,2026-06-30T01:00,761,1,0.782,en,0.0384
5606,289,5,v3,2026-06-23T12:20,892,1,0.884,en,0.0438
5607,120,10,v3,2026-05-20T14:08,1862,1,0.723,en,0.0218
5608,568,2,v3,2026-04-16T05:12,2096,1,0.909,de,0.0513
5609,374,4,v3,2026-04-05T06:14,1015,1,0.702,es,0.0224
5610,1780,1,v2,2026-01-16T13:56,1751,1,0.677,en,0.0193
5611,1659,5,v1,2026-04-11T00:13,2466,1,0.753,de,0.034
5612,851,7,v1,2026-06-18T19:38,1366,0,0.324,en,0.0668
5613,561,5,v2,2026-05-22T13:58,1090,1,0.879,en,0.0166
5614,49,10,v1,2026-01-26T03:50,1104,1,0.376,he,0.0242
5615,1319,3,v2,2026-05-06T02:10,1447,1,0.506,ja,0.0024
5616,1159,11,v1,2026-07-06T08:17,1600,1,0.567,de,0.05
5617,330,3,v3,2026-06-05T22:50,1916,1,0.717,en,0.0261
5618,515,2,v1,2026-04-18T06:53,1752,1,0.893,en,0.0293
5619,1410,3,v3,2026-04-13T02:47,343,1,0.586,en,0.0411
5620,49,7,v2,2026-01-26T03:50,1160,0,0.455,he,0.0206
5621,1730,2,v3,2026-01-06T00:32,1487,0,0.555,fr,0.0185
5622,547,5,v1,2026-03-08T12:11,1290,1,0.765,es,0.0631
5623,313,12,v2,2026-05-21T16:27,562,1,0.817,en,0.0211
5624,1323,3,v2,2026-01-27T06:10,1281,1,0.916,en,0.0667
5625,853,9,v1,2026-06-20T06:18,2291,1,0.672,en,0.0384
5626,558,9,v3,2026-02-15T11:07,1609,1,0.67,es,0.0202
5627,643,8,v2,2026-05-13T04:51,974,1,0.45,en,0.008
5628,1363,5,v1,2026-04-19T16:18,1718,1,0.988,es,0.0547
5629,1756,6,v1,2026-07-15T01:05,1051,1,0.607,ja,0.0688
5630,1159,1,v1,2026-07-06T08:17,1331,1,0.615,de,0.0412
5631,1727,3,v2,2026-05-04T13:23,2235,1,0.74,he,0.0554
5632,1223,10,v2,2026-05-31T07:28,1269,1,0.574,ja,0.0211
5633,605,7,v2,2026-01-28T20:12,1145,1,0.856,de,0.0631
5634,1199,5,v2,2026-05-18T04:03,1038,1,0.579,en,0.0082
5635,92,9,v1,2026-04-03T05:06,1296,1,0.699,de,0.0071
5636,163,6,v1,2026-07-27T12:43,2245,1,0.565,ja,0.0336
5637,1390,11,v3,2026-01-30T22:13,1284,1,0.68,es,0.0448
5638,185,5,v1,2026-02-15T21:16,1341,1,0.764,de,0.0178
5639,1477,8,v3,2026-02-08T01:10,1149,1,0.977,fr,0.0252
5640,107,10,v2,2026-03-30T20:09,852,1,0.91,en,0.0764
5641,473,4,v1,2026-06-25T03:55,1501,1,0.914,en,0.0154
5642,240,11,v2,2026-07-05T11:59,817,1,0.593,fr,0.0502
5643,511,7,v2,2026-05-18T02:06,927,1,0.768,he,0.0634
5644,1400,9,v3,2026-07-16T01:11,1500,1,1.0,en,0.032
5645,1643,4,v3,2026-02-16T07:15,1388,1,0.691,es,0.0148
5646,726,6,v2,2026-07-03T16:51,1095,1,0.517,en,0.0607
5647,1389,4,v3,2026-05-24T17:18,1062,0,0.986,en,0.0784
5648,526,10,v1,2026-02-05T10:08,1809,1,0.505,de,0.0456
5649,57,8,v2,2026-07-15T00:20,1480,1,0.645,es,0.0104
5650,1088,4,v1,2026-05-26T07:41,1512,0,0.598,en,0.0115
5651,173,1,v1,2026-04-07T05:16,1402,1,0.461,en,0.0412
5652,515,6,v3,2026-04-18T06:53,1551,1,0.687,en,0.0666
5653,873,4,v1,2026-01-21T21:06,1688,1,0.726,en,0.065
5654,330,9,v1,2026-06-05T22:50,1219,1,0.594,en,0.0586
5655,23,8,v3,2026-06-17T11:18,2012,1,0.418,de,0.0123
5656,300,2,v3,2026-03-15T03:54,751,1,0.704,en,0.0634
5657,1179,9,v2,2026-01-14T05:30,1204,1,1.0,es,0.07
5658,309,7,v2,2026-07-22T00:48,1525,1,0.595,ja,0.0621
5659,531,7,v3,2026-05-26T15:11,600,1,0.838,en,0.0707
5660,1417,4,v2,2026-06-05T23:50,238,1,0.709,ja,0.0579
5661,666,2,v3,2026-07-04T04:14,980,1,0.72,fr,0.0199
5662,1445,2,v1,2026-03-12T15:46,1723,1,0.527,es,0.0278
5663,1573,11,v1,2026-07-25T06:27,1392,1,0.758,en,0.0391
5664,536,5,v2,2026-04-23T05:00,1311,1,0.922,es,0.0429
5665,1512,6,v1,2026-03-14T04:33,1278,1,0.444,en,0.0303
5666,999,10,v2,2026-03-15T08:44,1847,1,0.74,de,0.071
5667,1107,5,v1,2026-02-08T09:13,1102,1,0.67,fr,0.0283
5668,539,10,v2,2026-07-09T00:53,1306,1,0.546,ja,0.0634
5669,1324,4,v1,2026-01-03T14:08,1725,1,0.665,he,0.0262
5670,1177,9,v1,2026-01-23T19:17,1299,1,0.52,en,0.0455
5671,774,2,v3,2026-03-03T04:05,1004,1,0.721,en,0.0213
5672,1335,12,v3,2026-03-01T11:51,848,1,0.744,de,0.0727
5673,1670,12,v2,2026-04-17T12:26,1251,1,0.71,es,0.0273
5674,673,8,v2,2026-03-21T06:02,958,1,0.804,ja,0.0644
5675,1137,2,v2,2026-07-12T13:18,370,1,0.444,fr,0.0579
5676,347,11,v3,2026-05-22T08:44,1213,1,0.545,en,0.0044
5677,331,10,v1,2026-02-23T18:15,1965,1,0.878,ja,0.019
5678,1245,1,v1,2026-03-21T22:08,1249,1,0.765,en,0.027
5679,783,3,v1,2026-06-16T06:08,1069,1,0.49,en,0.0706
5680,1472,6,v1,2026-07-07T02:29,1314,1,0.962,en,0.0186
5681,1399,8,v3,2026-04-10T06:48,1161,0,0.627,de,0.0712
5682,481,8,v3,2026-03-28T18:16,748,1,0.484,en,0.0789
5683,1521,5,v1,2026-05-01T05:22,1359,1,0.69,fr,0.0375
5684,259,1,v1,2026-05-06T21:33,1305,1,0.739,es,0.0122
5685,1636,2,v2,2026-03-02T15:56,1209,1,0.899,en,0.0637
5686,1757,9,v1,2026-06-29T01:18,1394,1,0.684,es,0.0425
5687,1353,8,v1,2026-07-01T18:36,1552,1,0.634,fr,0.0207
5688,991,11,v3,2026-01-09T06:18,1707,1,0.748,de,0.0527
5689,63,10,v2,2026-05-24T09:34,1581,1,0.613,es,0.0696
5690,1650,1,v2,2026-03-01T08:25,1697,1,0.593,en,0.0636
5691,1011,4,v1,2026-02-27T01:09,1079,1,0.552,en,0.0773
5692,1054,12,v2,2026-02-16T00:50,1255,1,0.691,ja,0.0243
5693,835,3,v1,2026-04-18T12:46,1819,1,0.635,en,0.0681
5694,1493,11,v2,2026-02-25T23:30,891,1,0.676,es,0.0484
5695,1703,9,v1,2026-01-12T11:33,1329,1,0.89,en,0.0585
5696,31,10,v3,2026-06-26T09:02,1425,1,0.608,de,0.0585
5697,145,1,v3,2026-04-17T17:43,1663,1,0.892,he,0.0062
5698,13,1,v1,2026-01-25T08:50,1798,1,0.836,en,0.0783
5699,1554,4,v3,2026-05-24T08:28,1149,1,0.65,es,0.049
5700,11,10,v3,2026-01-06T02:09,733,1,0.734,en,0.0615
5701,944,4,v1,2026-03-03T06:38,2263,1,0.855,en,0.0714
5702,1589,12,v1,2026-06-06T10:21,1312,1,0.466,en,0.0353
5703,479,3,v2,2026-05-17T11:52,457,0,0.784,ja,0.0566
5704,1166,1,v3,2026-06-23T18:17,1467,1,0.857,ja,0.0252
5705,1278,11,v1,2026-02-09T04:29,1629,1,0.95,en,0.0148
5706,1674,7,v1,2026-01-23T12:21,968,1,0.928,en,0.054
5707,181,12,v3,2026-07-07T18:14,1062,1,0.698,en,0.0522
5708,821,8,v3,2026-01-28T09:56,1016,1,0.865,en,0.0636
5709,17,12,v3,2026-07-01T20:55,926,1,0.732,es,0.0211
5710,434,8,v3,2026-06-26T17:47,927,1,0.75,en,0.0192
5711,1179,4,v1,2026-01-14T05:30,1531,1,0.53,es,0.0189
5712,1778,5,v2,2026-02-28T15:50,617,1,0.656,es,0.0632
5713,866,12,v2,2026-03-31T07:40,270,1,0.876,en,0.0148
5714,528,11,v3,2026-02-06T00:31,912,1,0.912,en,0.0152
5715,279,6,v2,2026-07-09T22:53,276,1,1.0,en,0.0273
5716,678,10,v3,2026-07-05T18:21,922,1,0.892,de,0.0679
5717,1746,8,v2,2026-04-02T10:57,949,1,0.713,en,0.0344
5718,805,9,v1,2026-03-17T10:26,1256,0,0.809,de,0.0134
5719,1490,2,v2,2026-06-15T23:16,1679,1,0.726,en,0.0762
5720,1233,11,v1,2026-03-30T17:34,1177,1,0.687,ja,0.0777
5721,93,6,v1,2026-01-22T04:41,2000,1,0.616,ja,0.0334
5722,962,9,v3,2026-03-23T13:52,632,1,0.564,de,0.0564
5723,450,11,v2,2026-05-02T04:22,1342,1,0.711,en,0.066
5724,450,12,v3,2026-05-02T04:22,818,1,0.451,en,0.078
5725,585,12,v2,2026-02-20T16:39,494,1,0.763,de,0.0132
5726,1170,6,v2,2026-07-16T08:01,1155,1,0.45,es,0.0181
5727,565,4,v2,2026-06-04T17:54,915,0,0.78,he,0.0362
5728,728,4,v1,2026-05-17T11:45,1173,1,0.561,fr,0.0033
5729,1730,7,v2,2026-01-06T00:32,688,1,0.757,fr,0.063
5730,707,6,v3,2026-06-08T18:28,1335,1,0.613,ja,0.003
5731,1743,2,v2,2026-04-22T12:00,923,1,0.758,de,0.0598
5732,1695,1,v2,2026-01-03T09:19,1209,0,0.819,fr,0.0056
5733,513,2,v3,2026-01-26T13:38,1477,1,0.783,en,0.0674
5734,1448,9,v1,2026-01-05T12:52,1543,1,0.81,en,0.0645
5735,612,7,v3,2026-06-04T06:51,1988,1,0.972,en,0.0119
5736,798,7,v2,2026-06-16T14:33,624,1,0.491,fr,0.0453
5737,954,1,v2,2026-03-06T13:48,1266,0,0.711,de,0.0376
5738,130,6,v2,2026-03-30T06:29,735,1,0.669,he,0.0374
5739,1111,3,v1,2026-03-09T18:03,2242,1,0.652,en,0.0038
5740,1513,8,v1,2026-07-12T15:07,1257,1,0.566,en,0.0305
5741,149,6,v1,2026-07-24T08:17,1696,1,0.735,de,0.0497
5742,49,7,v1,2026-01-26T03:50,1685,1,0.498,he,0.023
5743,456,11,v2,2026-04-28T03:06,848,1,0.571,fr,0.0423
5744,196,10,v1,2026-05-26T13:01,1289,1,0.552,ja,0.0203
5745,1025,5,v1,2026-05-07T03:13,1328,1,0.835,en,0.054
5746,366,5,v3,2026-07-02T20:00,1116,1,0.777,en,0.0483
5747,1272,11,v1,2026-01-24T02:40,1729,1,0.417,en,0.0281
5748,1133,8,v2,2026-04-22T14:45,1412,1,0.72,fr,0.0649
5749,1496,6,v3,2026-05-13T02:06,1006,1,0.79,ja,0.0267
5750,1434,1,v3,2026-04-26T12:06,1201,1,0.629,es,0.047
5751,1398,3,v3,2026-07-11T05:45,1424,0,0.502,fr,0.071
5752,715,8,v2,2026-04-07T20:32,938,1,0.663,en,0.0121
5753,441,11,v2,2026-03-23T01:25,814,0,0.624,he,0.0235
5754,1510,2,v3,2026-04-02T08:37,1052,0,0.938,ja,0.0208
5755,1019,11,v2,2026-07-15T17:40,1191,1,0.758,es,0.064
5756,1253,11,v3,2026-03-27T12:18,1328,1,0.555,fr,0.0258
5757,43,5,v2,2026-03-21T23:13,794,1,0.798,he,0.0245
5758,1311,10,v1,2026-02-15T02:48,1524,0,0.615,he,0.0349
5759,1274,12,v1,2026-07-26T14:48,2101,1,0.986,en,0.0617
5760,1097,2,v3,2026-02-18T17:37,1310,1,0.675,en,0.0388
5761,1015,4,v3,2026-01-15T07:12,1897,0,1.0,es,0.0503
5762,825,9,v1,2026-04-27T12:06,932,1,0.825,es,0.0436
5763,1193,6,v2,2026-02-28T19:42,1848,1,0.723,es,0.0324
5764,892,10,v2,2026-04-23T20:15,1017,1,0.763,en,0.0595
5765,56,4,v3,2026-03-26T18:21,1676,1,0.615,en,0.0524
5766,423,1,v2,2026-01-11T04:41,693,1,1.0,en,0.0131
5767,707,10,v3,2026-06-08T18:28,518,1,0.609,ja,0.0483
5768,622,1,v1,2026-04-09T19:08,2794,1,0.618,de,0.0479
5769,685,4,v3,2026-03-21T21:00,1146,1,0.474,he,0.014
5770,204,4,v3,2026-02-13T04:24,1469,1,0.771,fr,0.0059
5771,154,10,v1,2026-05-29T08:17,1816,1,0.452,en,0.0298
5772,6,5,v1,2026-04-13T07:20,1784,1,0.507,en,0.0099
5773,532,1,v3,2026-01-23T15:24,1432,1,0.631,en,0.0356
5774,67,7,v2,2026-04-08T08:02,635,1,0.637,ja,0.07
5775,538,10,v1,2026-07-09T19:53,1474,1,0.688,en,0.0292
5776,817,8,v1,2026-02-25T02:04,1836,1,0.536,fr,0.029
5777,1268,11,v2,2026-01-09T23:20,1409,1,0.832,es,0.0296
5778,1464,11,v2,2026-02-21T05:29,1749,0,0.718,es,0.0098
5779,305,4,v1,2026-02-06T04:15,1345,1,0.48,ja,0.049
5780,968,5,v1,2026-06-24T22:43,1172,1,0.811,en,0.0734
5781,1072,6,v3,2026-04-01T02:01,700,0,0.817,ja,0.0112
5782,788,5,v2,2026-06-07T16:58,764,1,0.712,fr,0.0755
5783,679,3,v2,2026-01-25T16:30,1397,1,0.974,en,0.0689
5784,1364,5,v1,2026-05-06T13:12,878,1,0.695,de,0.0316
5785,1083,3,v3,2026-04-19T15:30,1371,1,0.765,ja,0.0549
5786,324,10,v1,2026-05-13T12:41,1816,1,0.593,en,0.0049
5787,922,8,v1,2026-05-07T12:48,1545,1,0.647,en,0.0469
5788,1531,1,v2,2026-01-14T19:04,1717,1,0.814,de,0.0033
5789,1528,12,v3,2026-04-20T04:08,1296,1,0.322,es,0.0737
5790,713,10,v2,2026-02-05T01:13,1143,1,0.902,en,0.0057
5791,806,9,v2,2026-06-01T02:05,988,1,0.457,he,0.051
5792,319,12,v1,2026-01-25T05:54,1694,1,0.665,fr,0.0416
5793,843,12,v2,2026-05-22T15:26,1176,0,0.253,fr,0.0135
5794,528,10,v2,2026-02-06T00:31,1562,1,0.836,en,0.0203
5795,1529,9,v1,2026-01-01T05:59,1506,1,0.733,en,0.0114
5796,473,9,v3,2026-06-25T03:55,543,1,0.717,en,0.031
5797,32,1,v3,2026-04-02T06:11,785,1,0.908,fr,0.0599
5798,1512,2,v1,2026-03-14T04:33,1172,1,0.866,en,0.0414
5799,229,5,v1,2026-05-06T17:11,941,1,0.732,en,0.0725
5800,236,5,v3,2026-07-09T07:03,1593,1,0.773,en,0.0618
5801,962,7,v3,2026-03-23T13:52,1074,0,0.702,de,0.0296
5802,110,4,v3,2026-07-17T07:17,610,0,0.905,es,0.0192
5803,116,7,v3,2026-07-25T19:46,975,1,0.769,es,0.0449
5804,1400,1,v3,2026-07-16T01:11,1988,1,0.65,en,0.0664
5805,853,10,v3,2026-06-20T06:18,843,1,0.694,en,0.0065
5806,870,10,v1,2026-03-27T17:51,1370,1,0.874,es,0.0729
5807,1198,7,v3,2026-06-20T12:08,1111,1,0.685,es,0.0486
5808,929,1,v1,2026-01-26T19:26,1649,1,0.867,en,0.0773
5809,893,12,v2,2026-04-06T08:35,777,1,0.737,ja,0.0284
5810,182,3,v3,2026-01-08T00:11,725,1,0.768,en,0.008
5811,1317,8,v3,2026-06-03T23:06,627,1,0.833,fr,0.0109
5812,626,9,v3,2026-01-06T03:07,708,1,0.435,en,0.067
5813,1576,3,v3,2026-02-26T13:39,719,1,1.0,en,0.0366
5814,171,9,v3,2026-03-29T03:03,1308,1,1.0,de,0.0701
5815,1510,10,v1,2026-04-02T08:37,1387,0,0.78,ja,0.0127
5816,618,10,v2,2026-07-09T16:13,679,0,0.569,en,0.014
5817,1369,11,v1,2026-06-25T18:57,2087,1,0.623,es,0.0455
5818,875,7,v3,2026-02-27T19:08,645,1,0.62,en,0.0201
5819,477,1,v3,2026-06-28T05:40,779,1,0.541,en,0.0621
5820,214,1,v2,2026-03-24T03:52,1147,1,0.79,en,0.0183
5821,1053,7,v1,2026-04-17T07:38,1308,1,0.734,de,0.0676
5822,1427,4,v3,2026-07-26T05:37,1781,1,0.663,en,0.0071
5823,1770,9,v1,2026-01-27T13:32,1068,0,0.763,en,0.05
5824,972,5,v2,2026-02-23T05:35,897,1,0.563,de,0.0287
5825,36,11,v3,2026-07-08T10:51,604,1,0.858,de,0.0407
5826,136,8,v1,2026-06-14T15:50,1521,1,0.612,en,0.0045
5827,619,8,v2,2026-04-13T21:13,1644,0,0.655,de,0.0229
5828,1625,10,v3,2026-04-01T06:01,1432,1,0.865,de,0.076
5829,1410,5,v3,2026-04-13T02:47,1097,1,0.754,en,0.0375
5830,345,5,v3,2026-07-13T09:07,2261,1,0.879,en,0.0423
5831,1012,9,v1,2026-07-07T18:52,2038,1,0.685,en,0.0796
5832,374,9,v1,2026-04-05T06:14,1679,1,0.698,es,0.0174
5833,628,7,v1,2026-06-14T09:37,1584,1,0.727,he,0.0573
5834,538,9,v3,2026-07-09T19:53,1201,1,0.604,en,0.007
5835,250,4,v2,2026-01-26T02:08,1349,1,0.805,de,0.0686
5836,571,3,v2,2026-03-15T13:21,180,1,0.639,en,0.0721
5837,308,3,v1,2026-05-28T07:07,1084,0,0.827,he,0.0211
5838,483,5,v2,2026-05-05T13:58,1550,1,0.65,en,0.0489
5839,417,5,v3,2026-07-20T16:43,856,1,1.0,he,0.0064
5840,30,9,v1,2026-04-24T12:41,1950,1,0.852,es,0.0386
5841,1434,3,v2,2026-04-26T12:06,631,0,0.367,es,0.0472
5842,1011,4,v2,2026-02-27T01:09,509,1,0.701,en,0.0464
5843,638,6,v1,2026-06-23T02:59,1125,1,0.533,de,0.047
5844,373,2,v3,2026-06-28T18:19,1288,1,0.748,en,0.0334
5845,246,6,v3,2026-05-08T18:40,1692,1,0.777,ja,0.0508
5846,1695,2,v1,2026-01-03T09:19,1269,1,0.635,fr,0.0724
5847,544,7,v3,2026-03-20T04:20,1282,0,0.647,he,0.0704
5848,673,8,v2,2026-03-21T06:02,1019,1,0.717,ja,0.0463
5849,1539,3,v3,2026-04-30T03:16,1023,0,0.8,en,0.0238
5850,1242,9,v3,2026-02-03T04:33,965,1,0.499,fr,0.0176
5851,1462,3,v1,2026-06-08T23:22,2218,1,0.382,de,0.0294
5852,757,3,v2,2026-06-05T22:57,1318,1,0.699,en,0.0346
5853,1025,8,v1,2026-05-07T03:13,1639,1,0.883,en,0.0693
5854,1465,9,v1,2026-02-13T03:32,1674,1,0.84,en,0.0354
5855,625,5,v3,2026-07-02T17:02,895,1,0.957,en,0.0025
5856,850,11,v1,2026-03-31T01:33,1092,1,0.522,es,0.0462
5857,187,10,v1,2026-05-13T04:20,756,1,0.829,he,0.0465
5858,1715,4,v2,2026-03-18T10:12,198,0,0.509,ja,0.0643
5859,470,8,v2,2026-03-10T13:40,636,0,0.83,en,0.0732
5860,1030,8,v3,2026-04-10T18:14,1057,1,0.775,de,0.0206
5861,272,2,v1,2026-06-18T14:40,1375,1,0.75,de,0.0508
5862,1520,9,v1,2026-03-01T07:45,1503,1,1.0,es,0.0562
5863,1649,2,v3,2026-04-09T23:46,1602,1,0.56,es,0.0131
5864,1773,9,v3,2026-01-04T20:28,1381,1,0.844,ja,0.0583
5865,126,4,v3,2026-06-28T02:15,1350,1,0.72,es,0.0045
5866,68,3,v3,2026-01-28T11:21,659,1,0.604,he,0.0475
5867,1377,7,v2,2026-03-16T12:51,1163,1,0.844,en,0.0063
5868,1338,4,v3,2026-05-27T20:04,958,1,0.651,en,0.0306
5869,353,9,v1,2026-02-05T22:54,1983,1,0.863,de,0.0192
5870,692,4,v2,2026-04-20T07:15,1346,1,0.733,en,0.0064
5871,1708,9,v1,2026-07-19T11:59,480,0,0.501,ja,0.0609
5872,146,9,v2,2026-07-05T03:48,1749,0,0.653,es,0.0493
5873,590,7,v1,2026-06-13T09:29,1658,1,0.583,fr,0.0647
5874,1225,8,v3,2026-01-29T15:34,1083,1,0.661,en,0.0654
5875,724,3,v2,2026-01-13T03:47,585,1,0.819,fr,0.0193
5876,299,1,v2,2026-02-24T10:15,1816,1,0.945,en,0.0554
5877,532,1,v1,2026-01-23T15:24,1296,1,0.853,en,0.0096
5878,1272,7,v3,2026-01-24T02:40,1146,1,0.72,en,0.0136
5879,1181,1,v1,2026-06-05T17:15,1669,1,0.87,es,0.0057
5880,1419,3,v1,2026-03-27T08:25,1555,1,0.771,en,0.0704
5881,189,12,v3,2026-04-26T14:34,1392,1,0.867,en,0.0149
5882,801,7,v1,2026-02-04T21:13,1632,1,0.569,en,0.0082
5883,673,3,v2,2026-03-21T06:02,1563,1,0.773,ja,0.0246
5884,182,12,v2,2026-01-08T00:11,1187,1,0.743,en,0.0792
5885,1505,10,v3,2026-01-29T11:53,1173,1,0.68,en,0.045
5886,336,8,v1,2026-07-24T17:19,1191,1,0.668,fr,0.0619
5887,1726,6,v1,2026-01-08T11:29,1504,1,1.0,en,0.06
5888,315,4,v2,2026-02-19T14:26,1304,0,0.578,en,0.0663
5889,1603,12,v2,2026-03-19T08:56,909,1,0.873,en,0.0178
5890,1128,8,v1,2026-07-10T19:15,1433,1,0.696,ja,0.0243
5891,897,2,v1,2026-07-02T16:53,1234,1,0.6,en,0.0652
5892,973,5,v2,2026-07-27T06:17,1719,1,0.591,en,0.0165
5893,725,6,v2,2026-06-24T08:12,951,1,0.443,ja,0.0401
5894,602,12,v3,2026-05-04T11:07,1705,1,0.822,en,0.0585
5895,1079,2,v1,2026-07-02T14:17,1379,1,0.949,de,0.009
5896,698,9,v2,2026-01-26T18:38,856,0,0.801,de,0.0072
5897,368,1,v1,2026-01-08T20:46,2036,1,0.773,en,0.0294
5898,1151,9,v2,2026-05-11T07:00,1719,1,0.53,en,0.0314
5899,309,7,v2,2026-07-22T00:48,713,1,0.777,ja,0.0207
5900,1572,8,v3,2026-06-15T04:07,1444,1,0.527,en,0.0322
5901,797,7,v1,2026-04-14T02:44,1590,0,0.537,en,0.0447
5902,1486,2,v1,2026-06-18T05:27,1608,1,0.707,en,0.0564
5903,1144,1,v2,2026-06-03T23:27,1377,1,0.647,en,0.0152
5904,778,1,v1,2026-03-26T16:21,1428,1,0.658,ja,0.0591
5905,1641,4,v1,2026-04-08T09:59,2458,1,0.927,es,0.0657
5906,1567,8,v3,2026-06-23T09:39,1527,1,0.789,es,0.0072
5907,1569,9,v3,2026-06-20T05:07,992,1,0.798,fr,0.0468
5908,1496,2,v1,2026-05-13T02:06,1573,1,0.848,ja,0.0601
5909,182,1,v3,2026-01-08T00:11,751,1,0.956,en,0.0241
5910,249,9,v1,2026-07-21T05:26,949,1,0.526,he,0.009
5911,456,7,v1,2026-04-28T03:06,1200,1,0.599,fr,0.0135
5912,175,7,v2,2026-07-16T22:25,223,1,0.897,es,0.0142
5913,896,2,v3,2026-02-03T15:55,1561,1,0.81,en,0.0569
5914,1165,6,v2,2026-03-22T01:05,1366,1,0.624,es,0.0468
5915,301,1,v3,2026-04-19T18:27,974,1,0.603,ja,0.0147
5916,277,4,v2,2026-06-24T22:26,1349,0,0.845,es,0.0174
5917,411,10,v1,2026-07-22T00:19,1370,1,0.68,de,0.0707
5918,281,10,v2,2026-07-17T21:13,1230,1,0.624,en,0.0713
5919,176,5,v3,2026-04-20T13:16,1187,1,1.0,en,0.0499
5920,359,11,v1,2026-04-24T09:18,1811,1,0.876,es,0.0142
5921,536,4,v2,2026-04-23T05:00,1456,1,0.596,es,0.0798
5922,215,7,v2,2026-07-03T23:47,596,1,1.0,fr,0.0365
5923,274,4,v2,2026-03-19T20:23,1185,1,0.645,fr,0.0556
5924,1607,8,v1,2026-07-01T10:06,1794,1,0.749,ja,0.0189
5925,501,6,v2,2026-07-06T23:19,768,1,0.764,de,0.0399
5926,1561,5,v1,2026-05-15T14:43,1913,1,0.678,en,0.0193
5927,393,2,v3,2026-07-21T18:58,753,1,0.61,en,0.005
5928,26,2,v3,2026-06-18T10:16,1459,1,0.786,ja,0.0655
5929,58,8,v3,2026-06-03T23:23,687,0,0.762,en,0.0349
5930,828,10,v2,2026-05-11T17:05,839,1,0.537,en,0.0425
5931,1603,3,v1,2026-03-19T08:56,1402,1,0.773,en,0.0621
5932,1127,3,v2,2026-07-20T02:54,999,1,0.58,de,0.0781
5933,422,12,v1,2026-04-09T02:16,1969,1,0.736,ja,0.0521
5934,1062,7,v3,2026-04-05T00:40,1069,1,0.759,ja,0.0088
5935,387,11,v1,2026-01-26T13:27,1633,1,1.0,en,0.0573
5936,529,10,v3,2026-02-27T16:41,1217,1,0.737,fr,0.0244
5937,1279,10,v1,2026-06-23T22:30,745,1,1.0,es,0.0417
5938,1176,8,v2,2026-07-08T18:05,697,1,0.615,es,0.0597
5939,868,5,v3,2026-03-12T21:25,1087,1,0.758,de,0.0091
5940,852,10,v3,2026-06-23T05:32,1791,1,0.894,en,0.0158
5941,286,10,v2,2026-07-22T19:10,883,1,0.965,de,0.0482
5942,1133,10,v2,2026-04-22T14:45,628,1,0.764,fr,0.0345
5943,164,5,v1,2026-04-03T20:44,1269,0,0.777,en,0.0228
5944,1151,4,v2,2026-05-11T07:00,1876,1,0.668,en,0.0157
5945,1664,6,v1,2026-05-04T21:11,1051,1,0.753,es,0.0516
5946,106,5,v3,2026-06-08T12:49,1224,0,0.806,es,0.0425
5947,504,6,v2,2026-02-25T15:08,1659,1,0.874,en,0.0783
5948,852,2,v1,2026-06-23T05:32,1686,1,0.835,en,0.0041
5949,937,7,v2,2026-04-16T14:11,1096,1,0.652,es,0.0491
5950,1407,11,v3,2026-05-02T22:08,1360,1,0.57,es,0.0071
5951,289,8,v3,2026-06-23T12:20,496,1,0.882,en,0.0619
5952,309,2,v1,2026-07-22T00:48,1313,1,0.801,ja,0.0075
5953,982,1,v3,2026-07-21T03:24,1243,1,0.826,en,0.0433
5954,1425,9,v3,2026-05-11T21:51,1426,1,0.777,en,0.0512
5955,164,7,v3,2026-04-03T20:44,1669,1,0.587,en,0.0306
5956,836,12,v1,2026-03-29T14:27,1386,1,0.767,de,0.0322
5957,1476,11,v3,2026-04-24T06:38,1189,1,0.8,en,0.0533
5958,1731,5,v1,2026-02-28T17:02,1336,1,0.913,fr,0.0561
5959,889,6,v1,2026-07-04T10:25,887,1,0.559,en,0.0305
5960,47,6,v3,2026-07-07T12:05,1142,1,0.773,de,0.011
5961,637,10,v1,2026-04-18T21:00,764,1,0.605,en,0.0185
5962,1706,6,v3,2026-05-06T04:40,1695,1,0.595,en,0.0504
5963,119,8,v3,2026-07-14T21:03,1562,1,0.804,es,0.0612
5964,410,8,v3,2026-05-28T15:30,1704,1,0.593,en,0.0736
5965,1580,2,v3,2026-06-16T08:47,1387,1,0.444,es,0.0166
5966,1551,6,v3,2026-02-12T05:54,854,1,0.641,en,0.052
5967,1095,1,v3,2026-03-26T16:21,2004,1,0.646,ja,0.0248
5968,559,5,v1,2026-06-04T03:37,579,1,1.0,es,0.0242
5969,1780,10,v2,2026-01-16T13:56,716,1,0.532,en,0.0268
5970,1039,12,v2,2026-07-07T15:07,1103,1,0.711,en,0.0227
5971,1016,12,v3,2026-07-22T15:00,898,1,0.828,en,0.0462
5972,1024,10,v2,2026-04-07T18:21,345,1,0.53,en,0.0461
5973,1654,4,v3,2026-02-10T00:01,1294,1,0.798,en,0.0329
5974,1120,11,v3,2026-06-06T05:14,927,0,0.743,es,0.0124
5975,1178,2,v2,2026-01-16T23:09,1522,1,0.776,en,0.0736
5976,268,7,v3,2026-05-31T11:57,1289,1,0.723,en,0.0096
5977,792,6,v1,2026-01-28T01:10,1809,1,0.718,de,0.0787
5978,1702,9,v3,2026-02-01T16:12,1236,1,0.922,ja,0.062
5979,440,2,v3,2026-02-04T20:38,1371,1,0.665,ja,0.0629
5980,772,1,v1,2026-04-19T01:36,1572,1,0.657,es,0.0152
5981,1158,10,v2,2026-07-21T07:57,1167,1,0.903,en,0.0157
5982,130,2,v2,2026-03-30T06:29,1348,1,1.0,he,0.0022
5983,720,4,v2,2026-06-25T06:56,1012,1,0.582,en,0.0491
5984,833,9,v2,2026-06-20T13:53,1273,1,0.699,en,0.0648
5985,1298,5,v3,2026-02-09T01:09,825,1,0.705,he,0.0538
5986,1543,1,v1,2026-07-15T16:52,1539,1,0.604,fr,0.0173
5987,1302,1,v1,2026-03-29T08:38,1605,1,0.536,en,0.052
5988,270,9,v1,2026-07-18T20:47,2971,1,0.772,fr,0.0489
5989,1125,5,v2,2026-07-01T04:38,1395,1,0.48,en,0.0445
5990,215,2,v2,2026-07-03T23:47,798,1,0.832,fr,0.0245
5991,957,8,v3,2026-01-27T00:09,1396,1,0.912,ja,0.0415
5992,1800,7,v3,2026-03-15T17:42,894,1,0.76,en,0.0128
5993,811,2,v2,2026-03-13T20:11,1026,1,0.913,en,0.0265
5994,759,9,v2,2026-02-28T14:11,1052,1,0.645,es,0.0782
5995,1509,11,v3,2026-04-21T20:29,1698,1,0.385,es,0.0505
5996,253,9,v3,2026-02-21T23:39,1228,1,0.961,he,0.0768
5997,604,1,v3,2026-04-19T19:02,1536,1,0.596,en,0.0046
5998,1690,11,v3,2026-06-04T05:06,1253,1,0.99,en,0.0557
5999,337,4,v2,2026-03-16T16:09,1341,1,0.601,de,0.0471
6000,947,10,v2,2026-06-05T20:37,989,1,0.713,en,0.0384
6001,515,11,v3,2026-04-18T06:53,1300,1,1.0,en,0.073
6002,81,8,v2,2026-02-02T15:47,973,1,0.796,es,0.0553
6003,741,4,v3,2026-03-05T15:10,1088,1,0.452,ja,0.0756
6004,1319,11,v2,2026-05-06T02:10,1512,1,0.945,ja,0.0056
6005,23,2,v1,2026-06-17T11:18,1510,1,0.981,de,0.0148
6006,1501,2,v3,2026-06-23T07:59,1611,1,0.663,en,0.0469
6007,1800,2,v1,2026-03-15T17:42,1548,1,0.717,en,0.0768
6008,1100,4,v3,2026-05-13T04:55,1462,1,0.95,es,0.0401
6009,612,12,v3,2026-06-04T06:51,400,1,0.907,en,0.0605
6010,578,4,v3,2026-03-27T10:11,952,1,0.829,en,0.0387
6011,1643,11,v3,2026-02-16T07:15,923,1,0.744,es,0.0118
6012,546,1,v3,2026-07-25T02:48,1158,1,0.825,en,0.0395
6013,1575,10,v2,2026-02-04T13:20,1612,1,0.824,ja,0.0022
6014,164,12,v2,2026-04-03T20:44,1277,1,0.628,en,0.011
6015,862,6,v1,2026-06-30T06:40,592,1,0.967,ja,0.0226
6016,1306,7,v1,2026-03-28T01:39,1406,1,0.628,en,0.023
6017,1598,4,v1,2026-05-19T03:28,592,1,0.631,ja,0.0394
6018,1285,7,v1,2026-04-15T05:45,755,1,1.0,ja,0.0349
6019,1524,9,v1,2026-04-14T09:35,2158,1,0.641,en,0.0517
6020,956,11,v1,2026-06-04T20:43,1548,1,0.808,es,0.07
6021,441,3,v3,2026-03-23T01:25,1655,1,0.483,he,0.0732
6022,1560,10,v1,2026-04-22T19:10,1147,1,0.719,en,0.0541
6023,1556,7,v1,2026-05-04T07:05,2214,1,0.788,es,0.0154
6024,385,4,v1,2026-04-28T03:51,1684,0,0.558,en,0.0178
6025,866,3,v1,2026-03-31T07:40,1357,1,0.725,en,0.0733
6026,1272,3,v2,2026-01-24T02:40,701,1,0.722,en,0.0152
6027,90,2,v3,2026-04-21T00:53,1320,1,0.747,es,0.0258
6028,128,10,v3,2026-01-11T18:57,1166,0,0.573,es,0.0716
6029,366,10,v1,2026-07-02T20:00,2704,1,0.805,en,0.0634
6030,114,6,v3,2026-04-23T23:52,999,1,0.456,en,0.0165
6031,1009,8,v1,2026-04-04T08:08,1149,1,0.846,es,0.0566
6032,7,10,v1,2026-03-26T09:48,642,1,0.754,en,0.0792
6033,1707,2,v2,2026-07-10T11:30,548,1,0.94,en,0.0428
6034,1245,7,v2,2026-03-21T22:08,894,1,0.754,en,0.0687
6035,1221,11,v1,2026-03-27T23:23,1774,1,1.0,ja,0.0271
6036,62,12,v1,2026-03-10T20:02,1511,1,0.726,en,0.0441
6037,1124,12,v2,2026-01-01T22:59,1520,1,0.549,es,0.0078
6038,1447,8,v2,2026-03-24T21:50,529,1,0.552,en,0.0023
6039,889,12,v1,2026-07-04T10:25,1292,1,0.726,en,0.0037
6040,1519,8,v3,2026-07-10T16:23,1082,1,0.796,en,0.0682
6041,910,2,v2,2026-06-10T08:49,1924,1,0.775,es,0.0316
6042,66,4,v1,2026-07-16T19:23,1726,1,0.709,en,0.0092
6043,1422,12,v3,2026-02-24T08:34,1348,1,1.0,en,0.0787
6044,1412,9,v3,2026-02-20T07:30,1516,1,0.968,en,0.0437
6045,298,4,v1,2026-05-29T19:12,1765,1,0.999,es,0.0336
6046,324,8,v2,2026-05-13T12:41,744,1,0.489,en,0.0699
6047,219,10,v3,2026-01-06T11:25,993,1,0.751,en,0.0463
6048,201,6,v3,2026-07-12T16:53,1327,1,0.697,en,0.0746
6049,1618,2,v2,2026-07-05T05:48,1302,1,0.601,en,0.0757
6050,1454,7,v3,2026-01-30T07:32,1140,0,0.421,en,0.0346
6051,693,6,v1,2026-04-16T01:20,1174,1,0.655,en,0.0755
6052,42,1,v1,2026-02-03T10:09,1999,1,0.507,he,0.021
6053,387,10,v1,2026-01-26T13:27,2050,1,0.695,en,0.0424
6054,1677,3,v3,2026-02-17T06:53,869,0,0.794,en,0.0503
6055,73,7,v2,2026-05-02T01:37,1754,1,0.69,en,0.0069
6056,515,12,v2,2026-04-18T06:53,1206,1,0.358,en,0.0207
6057,633,3,v3,2026-07-08T07:08,1450,1,0.935,ja,0.0314
6058,1411,11,v2,2026-02-27T08:54,1255,1,0.691,en,0.0335
6059,1229,7,v3,2026-04-14T03:40,1295,1,0.81,en,0.0622
6060,98,11,v2,2026-06-16T12:16,839,0,0.459,en,0.0416
6061,951,8,v3,2026-07-09T00:10,1148,1,0.654,es,0.033
6062,195,8,v3,2026-01-24T23:56,763,1,0.656,ja,0.0044
6063,1759,7,v2,2026-05-27T09:16,663,1,0.791,en,0.0253
6064,651,9,v3,2026-06-11T13:16,782,1,0.61,en,0.0455
6065,176,12,v2,2026-04-20T13:16,1083,1,0.875,en,0.0785
6066,1621,12,v2,2026-01-25T17:36,1664,1,0.626,en,0.0175
6067,1407,7,v2,2026-05-02T22:08,619,1,0.812,es,0.0316
6068,390,11,v3,2026-07-04T04:42,437,1,0.688,en,0.0266
6069,1251,9,v3,2026-04-29T20:00,385,1,0.921,en,0.0686
6070,960,5,v1,2026-01-05T16:25,1829,1,1.0,fr,0.044
6071,325,10,v3,2026-03-30T23:54,1224,1,0.663,ja,0.0437
6072,245,10,v1,2026-03-17T09:52,1598,1,0.683,es,0.0104
6073,1295,1,v1,2026-07-05T19:07,1682,1,0.724,en,0.0698
6074,1713,1,v2,2026-06-14T11:19,308,1,0.929,de,0.0589
6075,852,1,v2,2026-06-23T05:32,680,1,0.784,en,0.0723
6076,1044,5,v1,2026-03-04T22:03,721,1,0.591,en,0.0029
6077,115,11,v3,2026-05-23T17:24,624,1,0.544,es,0.0677
6078,1064,4,v3,2026-05-09T17:05,1579,1,0.862,en,0.0664
6079,388,5,v2,2026-03-02T20:31,683,0,0.357,en,0.0049
6080,1115,10,v3,2026-06-10T10:31,912,1,0.611,en,0.067
6081,1082,2,v3,2026-07-14T14:27,1471,1,0.656,en,0.0158
6082,1267,8,v1,2026-06-22T04:02,1997,1,0.817,en,0.0291
6083,1694,6,v2,2026-07-02T10:29,977,1,0.572,fr,0.064
6084,267,2,v2,2026-06-12T18:49,1155,1,0.754,es,0.0316
6085,563,10,v1,2026-01-30T03:26,1296,0,0.863,es,0.0777
6086,1672,12,v3,2026-04-28T15:56,1786,1,0.856,en,0.0461
6087,1340,7,v2,2026-02-05T20:55,914,1,1.0,en,0.0334
6088,631,6,v3,2026-07-17T18:37,907,0,0.727,fr,0.0686
6089,1388,5,v2,2026-07-06T16:14,1251,1,0.584,en,0.0265
6090,1175,2,v2,2026-03-31T19:06,1321,1,0.908,de,0.0257
6091,610,12,v2,2026-01-05T01:37,470,1,0.777,ja,0.0549
6092,627,11,v2,2026-03-10T17:00,637,1,0.975,es,0.0372
6093,1542,12,v3,2026-07-01T18:55,627,1,1.0,de,0.0047
6094,874,12,v1,2026-03-14T12:13,1334,1,0.498,en,0.0339
6095,1342,12,v3,2026-02-03T20:14,1111,1,0.583,en,0.0256
6096,1445,10,v3,2026-03-12T15:46,1649,1,0.836,es,0.0246
6097,293,10,v2,2026-04-07T06:58,1111,1,0.68,en,0.0617
6098,875,5,v2,2026-02-27T19:08,592,1,0.76,en,0.0616
6099,638,1,v3,2026-06-23T02:59,745,1,0.814,de,0.0575
6100,840,9,v2,2026-01-25T04:17,928,1,0.932,es,0.0665
6101,1672,9,v3,2026-04-28T15:56,1652,1,0.693,en,0.0408
6102,1033,4,v1,2026-06-04T15:57,753,1,0.414,he,0.04
6103,871,1,v1,2026-02-18T17:25,1238,1,0.676,ja,0.025
6104,428,6,v2,2026-06-15T15:38,1007,1,0.897,he,0.0137
6105,460,9,v2,2026-01-23T18:20,1245,1,1.0,fr,0.0358
6106,475,9,v3,2026-05-24T11:36,870,1,0.953,es,0.0087
6107,158,4,v3,2026-03-27T04:56,1782,1,0.704,he,0.027
6108,780,4,v2,2026-06-20T08:40,725,1,0.785,es,0.032
6109,917,4,v3,2026-03-16T07:49,948,1,0.779,es,0.0253
6110,1678,4,v2,2026-05-11T15:52,1396,1,0.722,he,0.0788
6111,277,3,v2,2026-06-24T22:26,1094,1,0.921,es,0.0412
6112,143,6,v3,2026-03-18T04:06,699,0,0.723,de,0.057
6113,1230,2,v3,2026-04-18T01:48,1233,1,0.668,en,0.0645
6114,1304,6,v3,2026-01-21T14:58,623,1,0.625,en,0.0524
6115,756,9,v1,2026-05-09T22:41,2159,1,0.679,en,0.003
6116,249,5,v2,2026-07-21T05:26,519,1,0.92,he,0.0368
6117,749,6,v2,2026-04-15T01:48,682,1,0.861,es,0.0087
6118,1612,9,v1,2026-07-18T15:46,2259,1,0.548,en,0.0276
6119,1647,12,v3,2026-07-05T07:14,1029,0,0.564,ja,0.0772
6120,13,6,v2,2026-01-25T08:50,991,1,0.645,en,0.0457
6121,809,12,v3,2026-07-04T20:06,280,1,0.65,de,0.045
6122,1782,5,v2,2026-03-18T20:39,252,1,0.43,de,0.0222
6123,1742,5,v2,2026-03-09T04:06,1634,1,0.511,en,0.0266
6124,538,8,v3,2026-07-09T19:53,1172,1,0.921,en,0.0679
6125,1498,4,v1,2026-01-17T23:19,1911,1,0.706,es,0.0649
6126,311,1,v3,2026-06-14T05:44,895,1,0.689,de,0.0754
6127,1397,8,v1,2026-05-31T20:18,1433,1,0.833,ja,0.0168
6128,91,2,v2,2026-05-14T01:49,771,1,0.822,en,0.0495
6129,751,9,v2,2026-04-01T18:44,1260,1,0.887,es,0.0165
6130,1299,2,v2,2026-04-26T18:48,774,1,0.668,es,0.0357
6131,1245,9,v3,2026-03-21T22:08,1983,1,0.762,en,0.0031
6132,1690,12,v1,2026-06-04T05:06,2194,1,0.817,en,0.0621
6133,1155,11,v1,2026-01-09T09:59,2018,1,0.791,es,0.0041
6134,860,11,v3,2026-01-15T16:52,902,0,0.719,es,0.0314
6135,1594,6,v1,2026-01-21T13:06,1506,1,0.7,es,0.022
6136,594,4,v3,2026-01-06T17:25,1641,1,0.781,en,0.0402
6137,764,10,v3,2026-01-25T02:05,1432,1,0.896,de,0.0361
6138,813,11,v1,2026-06-18T03:52,1662,1,0.792,es,0.0748
6139,1199,12,v2,2026-05-18T04:03,1266,1,0.561,en,0.0476
6140,1105,8,v2,2026-02-08T08:00,1373,1,0.591,en,0.0292
6141,1203,1,v3,2026-04-10T05:31,810,0,0.663,de,0.0418
6142,297,9,v1,2026-06-20T23:33,2074,1,0.77,en,0.0629
6143,1642,8,v2,2026-04-27T23:16,1083,1,0.707,es,0.0365
6144,891,12,v2,2026-06-10T01:56,1306,1,0.964,ja,0.0434
6145,600,8,v2,2026-07-21T19:44,1236,1,0.969,ja,0.0115
6146,957,7,v3,2026-01-27T00:09,735,1,0.793,ja,0.004
6147,1744,7,v2,2026-04-01T11:27,821,1,0.589,ja,0.0381
6148,1571,8,v3,2026-06-22T13:41,1317,1,0.748,en,0.0714
6149,1318,3,v3,2026-01-02T13:06,2192,1,0.963,en,0.0406
6150,1228,3,v2,2026-01-20T16:40,1791,1,0.809,es,0.0686
6151,1125,12,v3,2026-07-01T04:38,913,1,0.914,en,0.0145
6152,592,12,v1,2026-02-21T21:37,1832,1,0.848,en,0.0162
6153,887,1,v1,2026-07-20T08:43,1344,1,0.791,en,0.0345
6154,1699,8,v1,2026-07-10T14:28,1253,1,0.81,en,0.0232
6155,701,11,v3,2026-05-04T11:29,180,1,0.762,he,0.0679
6156,634,12,v1,2026-06-17T21:42,2280,1,0.969,es,0.0747
6157,750,11,v3,2026-02-12T21:12,709,1,0.823,fr,0.0107
6158,174,9,v2,2026-05-23T06:36,981,1,0.525,ja,0.0549
6159,973,1,v1,2026-07-27T06:17,1598,1,0.78,en,0.0594
6160,1565,2,v2,2026-05-30T13:57,536,1,0.548,en,0.0478
6161,1763,2,v1,2026-01-01T09:40,221,1,0.706,de,0.0426
6162,1689,9,v1,2026-01-14T14:45,1707,1,0.71,en,0.039
6163,1273,11,v1,2026-06-19T11:03,1646,1,0.893,he,0.039
6164,328,2,v2,2026-06-07T22:08,1401,1,0.865,fr,0.0336
6165,414,7,v3,2026-06-11T04:21,978,1,0.859,en,0.0135
6166,1751,5,v1,2026-01-17T01:58,1212,1,0.845,fr,0.0369
6167,481,6,v1,2026-03-28T18:16,1452,1,0.809,en,0.025
6168,683,3,v2,2026-01-04T21:13,1062,1,0.628,en,0.032
6169,405,3,v3,2026-01-05T21:23,986,1,1.0,en,0.0416
6170,1084,9,v1,2026-06-18T13:47,1942,1,0.772,en,0.015
6171,1488,3,v1,2026-04-19T00:36,1560,1,0.48,ja,0.0196
6172,243,2,v3,2026-01-16T13:42,1313,1,1.0,en,0.049
6173,226,8,v3,2026-02-12T21:14,1545,1,0.451,fr,0.0054
6174,648,8,v1,2026-06-30T10:24,1880,1,0.593,ja,0.0789
6175,161,5,v1,2026-06-13T09:14,1704,1,0.681,fr,0.0414
6176,675,5,v1,2026-01-01T11:14,1610,1,0.599,es,0.0396
6177,605,4,v1,2026-01-28T20:12,1394,1,0.725,de,0.0642
6178,1035,1,v2,2026-04-10T19:00,853,1,1.0,es,0.0114
6179,1707,5,v2,2026-07-10T11:30,1148,1,0.573,en,0.0149
6180,964,7,v2,2026-01-15T13:53,1253,1,0.46,ja,0.0566
6181,634,2,v3,2026-06-17T21:42,724,1,0.491,es,0.0341
6182,188,7,v1,2026-05-30T00:11,1495,1,0.998,en,0.0737
6183,621,8,v1,2026-05-12T11:56,1211,1,0.692,es,0.0175
6184,705,9,v3,2026-02-07T00:19,1245,1,0.763,ja,0.0078
6185,1177,7,v1,2026-01-23T19:17,1831,1,1.0,en,0.0516
6186,438,8,v2,2026-05-08T02:34,741,1,0.632,en,0.0466
6187,1617,8,v3,2026-06-03T00:04,1568,1,0.902,de,0.0751
6188,856,3,v3,2026-06-08T00:05,1294,1,0.675,en,0.0507
6189,247,10,v3,2026-04-27T03:27,1664,1,0.799,es,0.0382
6190,1711,7,v2,2026-05-22T18:41,1066,1,0.827,ja,0.0244
6191,5,4,v1,2026-03-21T01:12,1353,1,0.552,en,0.0108
6192,618,5,v2,2026-07-09T16:13,1021,1,0.713,en,0.0041
6193,1732,3,v2,2026-03-18T13:27,813,1,0.765,en,0.0068
6194,131,2,v3,2026-03-11T10:26,1575,1,0.877,fr,0.0273
6195,1377,6,v1,2026-03-16T12:51,1322,1,1.0,en,0.0239
6196,1141,12,v1,2026-01-07T01:39,1664,1,0.617,en,0.0226
6197,1364,5,v1,2026-05-06T13:12,1273,1,0.905,de,0.0376
6198,583,12,v3,2026-03-29T20:02,902,1,0.575,en,0.0093
6199,1349,3,v2,2026-02-14T00:08,1102,0,0.802,en,0.0473
6200,57,10,v3,2026-07-15T00:20,659,0,0.653,es,0.056
6201,329,3,v1,2026-01-27T22:13,1083,1,0.667,de,0.0186
6202,292,3,v3,2026-07-14T15:44,1585,1,0.776,he,0.014
6203,81,9,v1,2026-02-02T15:47,1906,1,0.666,es,0.0554
6204,114,7,v2,2026-04-23T23:52,864,1,0.733,en,0.0058
6205,1304,6,v3,2026-01-21T14:58,1429,1,0.941,en,0.0319
6206,735,7,v3,2026-05-30T06:50,826,1,0.507,fr,0.0555
6207,872,4,v3,2026-02-19T19:28,1508,1,0.688,en,0.0314
6208,1624,12,v3,2026-01-27T09:21,777,1,0.579,es,0.0718
6209,51,11,v1,2026-04-15T21:42,1573,1,0.858,es,0.0119
6210,1331,7,v3,2026-06-14T03:54,631,1,0.878,ja,0.0756
6211,91,11,v3,2026-05-14T01:49,1063,1,0.651,en,0.0497
6212,183,10,v1,2026-05-14T00:13,2347,1,0.753,ja,0.0417
6213,757,11,v3,2026-06-05T22:57,769,1,1.0,en,0.0789
6214,1340,7,v3,2026-02-05T20:55,1428,1,0.82,en,0.0158
6215,1673,8,v3,2026-04-12T17:10,1078,0,0.582,fr,0.0111
6216,961,11,v1,2026-06-18T01:27,2083,0,0.83,en,0.0296
6217,1313,9,v3,2026-06-04T10:30,1138,1,0.786,es,0.017
6218,59,11,v2,2026-03-17T07:32,1128,0,0.835,ja,0.0697
6219,254,10,v2,2026-02-27T02:57,1636,0,0.717,de,0.0349
6220,1597,2,v3,2026-01-18T11:55,751,1,0.896,en,0.0593
6221,1137,7,v3,2026-07-12T13:18,908,1,0.738,fr,0.043
6222,32,7,v3,2026-04-02T06:11,624,1,0.691,fr,0.0034
6223,159,8,v3,2026-07-15T00:35,1134,1,0.927,es,0.0025
6224,574,2,v2,2026-02-15T22:20,385,1,0.607,en,0.0023
6225,1536,3,v2,2026-07-01T12:42,1483,1,0.897,en,0.0292
6226,966,6,v1,2026-01-04T01:30,1130,1,0.657,en,0.0602
6227,214,10,v2,2026-03-24T03:52,1072,1,0.564,en,0.0759
6228,1459,4,v3,2026-03-30T17:23,1453,0,0.849,en,0.0741
6229,790,1,v2,2026-04-26T01:12,868,1,0.802,ja,0.0297
6230,1254,10,v2,2026-07-15T00:49,1097,1,0.879,es,0.035
6231,984,5,v3,2026-05-13T14:38,800,1,0.815,en,0.0557
6232,30,12,v1,2026-04-24T12:41,2141,1,0.608,es,0.0587
6233,1312,1,v1,2026-03-28T16:56,1945,1,0.646,he,0.0374
6234,1468,6,v1,2026-03-29T08:13,2309,1,0.699,en,0.0789
6235,1134,12,v3,2026-02-24T01:54,1636,1,0.632,ja,0.0384
6236,1552,11,v2,2026-07-21T05:50,1487,1,0.898,de,0.0282
6237,1281,5,v2,2026-05-05T05:01,552,1,0.517,en,0.0282
6238,291,6,v2,2026-03-18T12:37,1298,1,0.814,en,0.0349
6239,165,9,v3,2026-02-04T11:44,1540,0,0.676,fr,0.0295
6240,1548,5,v1,2026-04-18T10:07,1367,1,0.875,fr,0.0076
6241,886,7,v3,2026-05-04T07:44,1416,1,0.725,es,0.0736
6242,1409,2,v3,2026-01-06T05:26,1184,1,0.88,en,0.0653
6243,823,2,v2,2026-05-13T22:39,1022,1,0.865,en,0.0633
6244,1558,7,v1,2026-04-01T11:02,1112,1,1.0,de,0.0024
6245,1161,12,v1,2026-05-19T13:16,1278,0,0.729,de,0.0172
6246,836,4,v3,2026-03-29T14:27,924,1,0.592,de,0.0457
6247,1786,7,v3,2026-01-30T09:05,1203,1,0.731,es,0.0168
6248,1047,10,v3,2026-06-30T02:00,608,1,0.569,en,0.0283
6249,1213,11,v2,2026-07-03T02:30,1590,1,0.964,ja,0.0711
6250,1619,8,v1,2026-05-29T12:48,742,0,0.892,en,0.0475
6251,579,3,v3,2026-05-15T10:57,1226,1,0.617,en,0.0404
6252,1742,9,v2,2026-03-09T04:06,701,1,0.673,en,0.0222
6253,345,10,v1,2026-07-13T09:07,1897,0,0.926,en,0.0503
6254,516,11,v3,2026-05-18T07:19,2094,0,0.83,es,0.0743
6255,784,5,v2,2026-04-07T13:07,1270,1,0.814,fr,0.0089
6256,1372,4,v3,2026-01-05T16:35,670,1,0.737,de,0.079
6257,345,12,v1,2026-07-13T09:07,543,1,0.863,en,0.0555
6258,1394,7,v3,2026-02-13T00:48,937,1,0.864,ja,0.0054
6259,268,7,v2,2026-05-31T11:57,1634,1,0.561,en,0.0469
6260,91,9,v1,2026-05-14T01:49,2031,1,0.468,en,0.0764
6261,262,7,v3,2026-07-12T04:47,1293,1,1.0,de,0.0741
6262,1110,8,v3,2026-03-18T17:06,1336,1,0.909,en,0.056
6263,1407,12,v1,2026-05-02T22:08,1433,1,0.602,es,0.0547
6264,938,3,v1,2026-05-16T03:11,1283,0,0.791,es,0.0661
6265,234,8,v3,2026-01-27T15:00,1120,1,0.844,es,0.049
6266,1688,4,v2,2026-03-24T04:55,1652,1,0.69,ja,0.0087
6267,1768,6,v1,2026-02-18T03:18,1710,1,0.674,es,0.0627
6268,65,12,v3,2026-04-26T18:39,678,1,0.878,fr,0.0244
6269,427,4,v2,2026-05-24T01:31,961,1,0.486,en,0.0636
6270,1330,9,v1,2026-03-12T13:40,1532,1,0.648,ja,0.0509
6271,272,5,v2,2026-06-18T14:40,287,1,0.931,de,0.0477
6272,1223,8,v3,2026-05-31T07:28,1261,1,0.61,ja,0.0689
6273,299,5,v2,2026-02-24T10:15,1636,1,0.597,en,0.0404
6274,1734,1,v3,2026-07-02T07:41,766,1,0.836,de,0.0062
6275,1325,11,v1,2026-03-05T19:18,1230,1,0.795,en,0.0769
6276,1590,11,v1,2026-01-18T06:46,1535,1,0.774,en,0.0053
6277,1605,3,v2,2026-05-10T06:04,719,1,0.761,he,0.0414
6278,424,2,v3,2026-02-14T13:14,828,1,0.609,en,0.0722
6279,377,2,v2,2026-07-03T13:42,1248,1,0.449,de,0.0286
6280,1799,11,v1,2026-07-11T23:11,1672,1,1.0,en,0.0769
6281,1600,7,v1,2026-05-22T19:35,1602,1,0.713,en,0.005
6282,431,11,v3,2026-05-02T15:32,768,1,0.47,en,0.0558
6283,1374,4,v1,2026-06-04T18:40,1719,1,0.707,fr,0.0457
6284,3,4,v3,2026-04-20T22:45,1407,1,0.724,en,0.038
6285,853,1,v2,2026-06-20T06:18,1451,1,0.566,en,0.0267
6286,1340,8,v3,2026-02-05T20:55,1395,1,0.998,en,0.0791
6287,401,6,v2,2026-05-05T03:40,1623,0,0.648,he,0.0189
6288,1001,5,v3,2026-01-09T16:18,1490,0,0.587,ja,0.0579
6289,1571,6,v3,2026-06-22T13:41,1448,1,0.712,en,0.0497
6290,419,5,v3,2026-06-28T17:31,1163,1,0.801,en,0.0476
6291,53,7,v1,2026-02-20T23:16,2080,0,0.88,he,0.0103
6292,1076,12,v3,2026-04-06T09:05,1260,1,0.752,en,0.065
6293,57,6,v1,2026-07-15T00:20,940,1,0.557,es,0.0437
6294,705,6,v3,2026-02-07T00:19,1020,1,0.636,ja,0.0352
6295,1088,3,v1,2026-05-26T07:41,1435,1,0.931,en,0.0769
6296,457,6,v1,2026-02-16T14:07,1714,1,0.716,he,0.0513
6297,1408,7,v1,2026-07-17T19:32,1472,1,0.54,ja,0.0629
6298,545,4,v3,2026-01-24T08:34,1854,0,0.86,en,0.0257
6299,1054,3,v1,2026-02-16T00:50,1931,1,1.0,ja,0.0686
6300,1211,2,v2,2026-03-04T02:31,743,0,0.49,en,0.0181
6301,461,5,v3,2026-07-12T18:11,1295,1,0.865,en,0.042
6302,995,1,v3,2026-02-07T04:56,193,1,0.518,fr,0.0221
6303,1248,10,v3,2026-03-18T19:32,1007,1,0.632,ja,0.0589
6304,133,10,v2,2026-06-26T21:39,919,1,0.533,ja,0.0525
6305,436,12,v1,2026-02-07T20:09,1528,1,0.756,en,0.045
6306,1771,5,v2,2026-07-25T14:52,1737,1,0.756,es,0.0249
6307,1149,4,v2,2026-04-25T05:33,489,1,0.68,en,0.0699
6308,290,3,v2,2026-05-01T18:14,1222,1,0.991,en,0.0081
6309,1383,10,v1,2026-05-11T13:52,1750,1,1.0,en,0.0052
6310,97,12,v1,2026-01-08T12:08,1957,1,0.834,fr,0.0472
6311,424,2,v1,2026-02-14T13:14,1456,1,0.725,en,0.0086
6312,1512,7,v3,2026-03-14T04:33,2013,1,0.765,en,0.034
6313,1633,3,v3,2026-07-23T00:57,1057,1,0.796,es,0.0441
6314,376,8,v3,2026-01-01T17:31,842,1,0.752,ja,0.0715
6315,780,7,v2,2026-06-20T08:40,953,0,0.666,es,0.0502
6316,375,8,v3,2026-07-22T17:52,1112,0,0.473,he,0.0094
6317,1708,6,v3,2026-07-19T11:59,1498,1,0.532,ja,0.0519
6318,1323,4,v3,2026-01-27T06:10,1240,1,1.0,en,0.0091
6319,1083,10,v3,2026-04-19T15:30,1110,1,0.494,ja,0.033
6320,455,6,v2,2026-07-21T06:59,1277,1,0.813,ja,0.0086
6321,1569,5,v2,2026-06-20T05:07,1299,1,0.748,fr,0.0175
6322,99,11,v1,2026-05-05T07:22,1732,1,0.474,ja,0.0748
6323,877,11,v2,2026-06-01T22:55,1496,1,0.844,en,0.0107
6324,1390,12,v1,2026-01-30T22:13,1631,1,0.928,es,0.0048
6325,1627,5,v3,2026-04-02T09:29,1145,1,0.842,ja,0.0497
6326,1775,9,v3,2026-06-04T18:18,1009,1,0.636,fr,0.0283
6327,1559,7,v1,2026-03-01T04:33,2265,1,0.872,he,0.0763
6328,537,4,v1,2026-03-05T21:11,2370,1,0.68,he,0.0697
6329,278,11,v2,2026-06-05T05:35,1208,1,0.994,es,0.0597
6330,1799,6,v2,2026-07-11T23:11,601,1,0.75,en,0.0222
6331,329,3,v3,2026-01-27T22:13,903,1,0.64,de,0.0572
6332,631,5,v1,2026-07-17T18:37,1122,1,0.601,fr,0.0735
6333,1671,2,v1,2026-02-07T05:51,1172,1,0.672,en,0.0101
6334,630,7,v2,2026-06-17T04:54,1701,1,0.815,ja,0.0178
6335,395,1,v1,2026-01-17T17:30,1051,1,0.397,fr,0.0456
6336,936,9,v2,2026-02-21T12:33,1597,1,0.645,en,0.0493
6337,106,2,v1,2026-06-08T12:49,1164,1,0.58,es,0.0404
6338,1258,10,v3,2026-06-01T08:23,609,1,0.556,en,0.0158
6339,864,12,v1,2026-04-06T01:41,1326,0,0.554,en,0.0664
6340,706,3,v3,2026-03-12T21:47,798,1,0.709,en,0.0177
6341,702,3,v3,2026-05-11T12:58,1174,1,0.694,de,0.0659
6342,1274,5,v1,2026-07-26T14:48,2201,1,0.95,en,0.0691
6343,923,1,v1,2026-05-17T01:45,1683,1,0.297,ja,0.0525
6344,775,8,v1,2026-06-06T07:43,1284,1,1.0,en,0.0678
6345,520,8,v1,2026-04-01T08:08,1373,1,0.602,fr,0.01
6346,1770,12,v2,2026-01-27T13:32,797,1,0.503,en,0.0755
6347,486,8,v2,2026-06-07T02:25,1420,1,0.523,de,0.07
6348,1754,1,v3,2026-06-01T06:42,750,0,0.81,en,0.0336
6349,1700,10,v3,2026-02-27T00:21,1627,1,0.874,de,0.0365
6350,860,2,v1,2026-01-15T16:52,1806,1,0.83,es,0.0749
6351,1389,9,v1,2026-05-24T17:18,1541,1,0.544,en,0.0023
6352,1457,12,v3,2026-01-06T21:47,1844,1,0.876,en,0.0329
6353,1545,5,v1,2026-02-05T00:37,1015,1,0.572,es,0.0545
6354,717,3,v3,2026-06-05T06:53,1497,1,0.67,de,0.0388
6355,1352,3,v3,2026-01-18T06:48,1920,1,0.986,he,0.0554
6356,396,7,v2,2026-06-23T21:14,1934,1,1.0,en,0.0703
6357,178,9,v3,2026-07-02T23:55,1151,1,0.652,ja,0.037
6358,1395,1,v3,2026-04-07T00:21,723,1,1.0,en,0.0096
6359,332,1,v2,2026-05-02T06:32,1724,1,0.744,en,0.0273
6360,309,4,v2,2026-07-22T00:48,621,0,0.502,ja,0.0694
6361,1675,3,v3,2026-03-15T12:35,1192,0,0.765,he,0.0462
6362,559,5,v3,2026-06-04T03:37,1082,1,0.671,es,0.0193
6363,393,11,v1,2026-07-21T18:58,1205,1,1.0,en,0.0522
6364,230,10,v3,2026-07-14T09:31,1052,1,0.748,en,0.019
6365,210,11,v2,2026-04-26T18:14,1706,0,0.635,en,0.0054
6366,37,7,v2,2026-06-12T18:08,1448,0,0.67,he,0.0249
6367,1192,12,v2,2026-04-14T00:38,1083,1,0.737,ja,0.0227
6368,173,6,v3,2026-04-07T05:16,1074,1,1.0,en,0.0769
6369,1527,3,v3,2026-05-08T20:28,2166,1,0.723,de,0.018
6370,1035,11,v1,2026-04-10T19:00,1626,1,0.66,es,0.0749
6371,1136,8,v1,2026-03-25T17:58,1521,1,0.699,en,0.0276
6372,1275,7,v2,2026-06-20T07:35,893,1,0.777,en,0.0182
6373,133,3,v3,2026-06-26T21:39,1082,1,0.908,ja,0.0691
6374,1285,1,v1,2026-04-15T05:45,1274,1,0.763,ja,0.0342
6375,1768,2,v3,2026-02-18T03:18,1644,1,0.722,es,0.0775
6376,1534,7,v1,2026-02-23T05:26,1792,1,0.773,en,0.0384
6377,754,6,v1,2026-04-03T03:16,1494,1,0.957,he,0.0191
6378,1098,11,v3,2026-02-21T09:22,1742,1,1.0,es,0.0681
6379,548,12,v2,2026-07-24T23:34,384,0,0.769,en,0.0642
6380,932,4,v2,2026-02-18T18:58,952,1,0.737,en,0.0444
6381,258,3,v2,2026-07-22T10:38,1205,1,0.838,de,0.0418
6382,437,2,v1,2026-04-29T11:59,1059,1,0.676,en,0.0653
6383,1347,3,v2,2026-03-25T20:20,394,1,0.507,fr,0.0686
6384,926,8,v1,2026-01-11T08:56,832,1,0.683,es,0.0286
6385,381,5,v1,2026-01-20T12:19,2305,1,0.628,ja,0.062
6386,1470,6,v3,2026-06-14T21:17,1355,1,0.471,fr,0.0394
6387,218,11,v2,2026-05-27T06:01,1609,1,0.638,en,0.0158
6388,1224,6,v1,2026-07-02T03:58,1942,1,0.723,en,0.0214
6389,597,6,v1,2026-07-25T15:40,2161,1,0.87,en,0.0103
6390,1371,9,v2,2026-02-07T20:55,1616,1,0.993,es,0.073
6391,862,3,v1,2026-06-30T06:40,1571,1,0.769,ja,0.0334
6392,693,1,v2,2026-04-16T01:20,1385,1,0.829,en,0.0107
6393,783,7,v2,2026-06-16T06:08,1193,1,0.808,en,0.0187
6394,1456,6,v3,2026-07-22T05:46,712,1,0.863,he,0.0708
6395,1108,6,v1,2026-03-25T01:10,1408,1,0.512,ja,0.0073
6396,807,8,v1,2026-03-14T19:26,1632,1,0.661,en,0.0229
6397,1578,8,v2,2026-03-03T04:45,1082,1,0.792,ja,0.0321
6398,1236,6,v2,2026-01-31T09:42,532,1,0.868,en,0.0043
6399,721,12,v3,2026-05-20T23:38,962,1,0.672,en,0.0674
6400,1112,12,v3,2026-06-14T10:21,922,1,0.667,he,0.0651
6401,98,1,v1,2026-06-16T12:16,1705,1,0.774,en,0.0036
6402,1518,9,v2,2026-04-28T03:08,1796,1,0.929,es,0.0405
6403,1346,10,v1,2026-04-24T12:23,1471,0,0.681,en,0.0517
6404,1729,5,v2,2026-06-12T23:10,1304,1,0.575,de,0.0407
6405,557,8,v3,2026-06-04T11:43,1965,1,0.673,he,0.0218
6406,1482,1,v1,2026-02-18T07:17,807,0,0.909,de,0.0558
6407,799,4,v2,2026-02-05T03:19,1822,1,0.774,en,0.0782
6408,122,9,v1,2026-02-22T17:13,2757,1,0.64,de,0.0164
6409,1564,10,v2,2026-04-03T23:46,579,1,0.736,es,0.0101
6410,1214,10,v1,2026-01-05T06:47,1853,1,0.746,es,0.0347
6411,1377,7,v2,2026-03-16T12:51,1330,1,0.925,en,0.0448
6412,1544,12,v3,2026-04-12T05:21,1220,1,0.951,en,0.0349
6413,1189,12,v2,2026-01-20T00:44,1845,1,0.703,en,0.0418
6414,587,2,v3,2026-01-10T10:22,1314,1,0.808,es,0.0561
6415,517,7,v2,2026-01-29T06:14,1379,1,0.449,ja,0.0181
6416,1403,8,v1,2026-02-12T00:30,1558,1,0.624,he,0.076
6417,1661,7,v1,2026-05-28T13:44,787,1,0.399,en,0.0352
6418,675,1,v3,2026-01-01T11:14,968,0,0.608,es,0.0358
6419,52,11,v3,2026-06-06T18:02,1777,1,1.0,de,0.0204
6420,243,7,v2,2026-01-16T13:42,972,1,0.516,en,0.0658
6421,1746,6,v2,2026-04-02T10:57,1656,1,0.8,en,0.0474
6422,1639,3,v2,2026-02-12T22:17,749,1,0.6,fr,0.0781
6423,861,10,v3,2026-06-22T14:12,1695,1,0.714,ja,0.0294
6424,372,1,v3,2026-01-31T21:46,180,1,0.583,es,0.0042
6425,35,1,v1,2026-06-06T05:37,1480,1,0.8,es,0.066
6426,1384,9,v2,2026-03-26T11:51,1179,1,0.77,en,0.0137
6427,615,4,v1,2026-01-03T17:01,1754,1,0.672,fr,0.0116
6428,1337,12,v1,2026-07-06T01:10,1832,1,0.769,de,0.0254
6429,1438,8,v1,2026-04-04T23:04,2147,1,0.489,en,0.0306
6430,860,9,v3,2026-01-15T16:52,1027,1,0.932,es,0.0192
6431,383,11,v2,2026-06-03T19:52,745,1,1.0,fr,0.0718
6432,47,10,v2,2026-07-07T12:05,929,1,0.283,de,0.0336
6433,1524,8,v2,2026-04-14T09:35,1334,1,0.775,en,0.0745
6434,1403,3,v1,2026-02-12T00:30,1790,1,0.781,he,0.0612
6435,1719,4,v2,2026-07-21T20:43,984,1,0.825,en,0.0136
6436,823,3,v3,2026-05-13T22:39,980,1,0.833,en,0.0666
6437,1171,10,v2,2026-02-04T05:22,667,1,0.754,de,0.0435
6438,1325,7,v1,2026-03-05T19:18,1573,1,0.729,en,0.0045
6439,559,4,v3,2026-06-04T03:37,609,1,0.903,es,0.0287
6440,137,1,v3,2026-05-14T06:06,1361,1,0.947,de,0.0469
6441,1312,12,v2,2026-03-28T16:56,1201,1,0.828,he,0.0421
6442,932,7,v3,2026-02-18T18:58,817,1,0.83,en,0.0559
6443,1018,4,v2,2026-04-04T22:44,865,0,0.346,es,0.0577
6444,545,12,v3,2026-01-24T08:34,1979,1,0.612,en,0.0298
6445,431,10,v1,2026-05-02T15:32,1054,1,0.702,en,0.0129
6446,419,8,v3,2026-06-28T17:31,597,1,1.0,en,0.0435
6447,1680,1,v1,2026-05-01T04:04,1678,1,0.74,en,0.0314
6448,269,10,v3,2026-04-06T10:19,685,1,0.794,de,0.0611
6449,1695,12,v1,2026-01-03T09:19,1448,1,0.646,fr,0.0141
6450,78,7,v3,2026-05-11T16:00,1362,1,0.236,en,0.074
6451,1217,8,v1,2026-01-21T20:16,1491,1,0.934,en,0.0417
6452,1800,3,v1,2026-03-15T17:42,1428,1,0.652,en,0.0468
6453,155,2,v1,2026-04-30T05:14,1168,1,0.659,en,0.074
6454,1146,11,v2,2026-04-22T22:25,579,1,0.631,fr,0.073
6455,380,4,v1,2026-07-07T17:58,1814,1,0.476,es,0.0274
6456,666,9,v3,2026-07-04T04:14,942,1,0.71,fr,0.0182
6457,340,8,v2,2026-01-10T10:57,877,1,0.377,en,0.0547
6458,592,3,v1,2026-02-21T21:37,1438,1,0.762,en,0.0735
6459,818,6,v1,2026-05-09T08:55,1376,1,0.473,en,0.0441
6460,251,2,v1,2026-01-13T15:08,1382,1,0.553,he,0.0109
6461,689,2,v3,2026-01-03T21:34,547,1,0.665,ja,0.0037
6462,1539,5,v3,2026-04-30T03:16,1221,1,0.902,en,0.0171
6463,1421,6,v2,2026-05-10T02:00,1030,1,0.609,es,0.0713
6464,1495,2,v1,2026-05-27T07:57,1159,1,0.719,es,0.08
6465,425,4,v3,2026-07-06T10:18,1463,1,0.44,es,0.039
6466,1636,9,v2,2026-03-02T15:56,864,1,0.868,en,0.034
6467,718,11,v1,2026-02-12T14:17,1536,1,0.759,ja,0.0571
6468,854,12,v3,2026-03-31T18:13,1830,1,0.645,en,0.0538
6469,1130,10,v2,2026-02-02T13:14,1502,1,0.817,en,0.0056
6470,1105,12,v1,2026-02-08T08:00,901,1,0.879,en,0.0738
6471,434,4,v2,2026-06-26T17:47,1757,1,0.587,en,0.0398
6472,1760,10,v2,2026-01-12T18:59,1512,1,0.472,de,0.0759
6473,765,9,v3,2026-05-21T16:11,925,1,0.782,ja,0.024
6474,1413,8,v3,2026-01-16T06:38,971,1,0.591,ja,0.0091
6475,824,5,v2,2026-05-26T04:55,1563,1,0.818,en,0.0319
6476,785,7,v2,2026-02-07T21:24,1294,1,0.837,en,0.0413
6477,312,12,v2,2026-06-15T08:13,860,1,0.586,en,0.023
6478,336,1,v1,2026-07-24T17:19,1823,1,0.823,fr,0.0232
6479,483,10,v2,2026-05-05T13:58,1397,1,0.929,en,0.027
6480,302,2,v3,2026-05-01T12:17,1338,1,0.808,en,0.0305
6481,1026,5,v2,2026-01-31T04:43,661,1,0.908,fr,0.0683
6482,1771,4,v2,2026-07-25T14:52,1475,1,0.729,es,0.0741
6483,804,12,v1,2026-05-12T16:51,1039,1,1.0,es,0.069
6484,462,2,v1,2026-05-26T04:50,1236,0,0.337,ja,0.0619
6485,1244,3,v3,2026-07-17T23:45,1872,1,0.758,en,0.0745
6486,429,3,v3,2026-02-13T04:54,947,1,0.656,fr,0.0332
6487,1283,10,v2,2026-01-23T16:13,1544,1,0.759,de,0.0776
6488,94,3,v1,2026-01-28T01:31,1241,1,0.633,ja,0.0365
6489,1590,7,v1,2026-01-18T06:46,1571,1,0.625,en,0.0637
6490,1226,7,v2,2026-02-18T05:24,1165,1,0.695,he,0.0452
6491,592,10,v2,2026-02-21T21:37,1418,1,0.725,en,0.0787
6492,279,5,v1,2026-07-09T22:53,1342,0,0.624,en,0.077
6493,1618,3,v2,2026-07-05T05:48,1451,1,0.629,en,0.0459
6494,1446,4,v2,2026-05-20T15:34,739,1,1.0,he,0.0764
6495,1363,5,v1,2026-04-19T16:18,1566,0,0.75,es,0.0618
6496,1349,6,v2,2026-02-14T00:08,2071,1,0.788,en,0.0102
6497,1625,2,v3,2026-04-01T06:01,1355,1,0.543,de,0.0502
6498,724,2,v2,2026-01-13T03:47,490,1,0.87,fr,0.0575
6499,1406,8,v1,2026-03-15T14:20,1969,1,0.557,en,0.0101
6500,855,2,v3,2026-01-25T06:58,1053,1,0.755,ja,0.01
6501,1491,2,v2,2026-03-02T07:31,763,1,0.832,en,0.0409
6502,834,7,v1,2026-02-15T14:07,680,1,0.586,en,0.007
6503,809,4,v1,2026-07-04T20:06,1680,1,0.953,de,0.0448
6504,340,1,v3,2026-01-10T10:57,1396,1,0.899,en,0.0301
6505,1178,2,v1,2026-01-16T23:09,1792,1,0.586,en,0.0157
6506,1251,6,v3,2026-04-29T20:00,1514,1,0.763,en,0.0652
6507,730,4,v3,2026-02-25T16:11,1263,1,0.872,es,0.0285
6508,367,2,v3,2026-04-22T17:58,1096,1,0.684,fr,0.018
6509,80,6,v2,2026-06-20T06:46,767,0,0.89,en,0.0772
6510,1441,5,v3,2026-04-20T02:01,1308,0,0.707,en,0.048
6511,893,8,v3,2026-04-06T08:35,996,1,0.935,ja,0.0408
6512,984,11,v3,2026-05-13T14:38,1300,1,0.842,en,0.0219
6513,559,11,v3,2026-06-04T03:37,1252,1,0.743,es,0.0529
6514,1782,1,v3,2026-03-18T20:39,1213,1,1.0,de,0.071
6515,1711,8,v1,2026-05-22T18:41,1651,1,0.782,ja,0.03
6516,1507,2,v2,2026-02-11T13:30,1049,0,0.884,es,0.028
6517,1554,6,v2,2026-05-24T08:28,910,1,0.78,es,0.024
6518,533,10,v2,2026-01-31T06:14,2204,0,0.782,he,0.0049
6519,486,5,v2,2026-06-07T02:25,400,1,0.574,de,0.0541
6520,1342,8,v1,2026-02-03T20:14,1851,1,0.985,en,0.0141
6521,1400,9,v2,2026-07-16T01:11,230,1,0.756,en,0.0595
6522,881,12,v2,2026-07-10T19:52,682,1,0.958,en,0.0158
6523,852,5,v3,2026-06-23T05:32,1556,1,0.419,en,0.042
6524,553,3,v3,2026-07-12T14:50,376,1,0.904,en,0.0639
6525,1163,7,v1,2026-06-28T22:29,1466,1,0.432,ja,0.0185
6526,1573,11,v3,2026-07-25T06:27,1415,1,0.576,en,0.0632
6527,1746,7,v1,2026-04-02T10:57,1933,1,0.887,en,0.0555
6528,1055,12,v1,2026-01-02T23:17,1655,1,0.774,ja,0.0643
6529,1551,12,v3,2026-02-12T05:54,1082,1,0.817,en,0.049
6530,956,2,v2,2026-06-04T20:43,1519,1,0.596,es,0.0732
6531,1275,7,v1,2026-06-20T07:35,1912,0,0.456,en,0.0122
6532,1003,4,v1,2026-04-03T11:23,1470,1,0.626,ja,0.0186
6533,111,8,v2,2026-04-06T18:09,813,1,0.585,ja,0.01
6534,883,7,v1,2026-04-25T18:01,816,1,0.843,en,0.077
6535,657,1,v1,2026-05-10T11:52,736,1,0.572,en,0.0311
6536,250,8,v1,2026-01-26T02:08,2167,1,0.835,de,0.0142
6537,1733,1,v2,2026-03-11T07:33,569,1,0.68,fr,0.0355
6538,1090,12,v1,2026-06-27T03:57,1606,1,0.863,en,0.0389
6539,1719,7,v2,2026-07-21T20:43,1004,1,0.644,en,0.0198
6540,1338,6,v3,2026-05-27T20:04,975,1,0.743,en,0.0778
6541,708,7,v3,2026-03-19T05:12,1211,1,0.787,en,0.0494
6542,1197,7,v1,2026-07-23T08:16,1440,1,0.923,en,0.0227
6543,1222,7,v1,2026-05-10T05:47,2198,1,0.845,en,0.075
6544,820,2,v1,2026-07-09T23:35,1583,1,0.757,fr,0.0488
6545,29,12,v1,2026-01-26T02:16,1583,1,0.716,en,0.0386
6546,1252,3,v3,2026-06-29T18:48,1933,1,0.654,en,0.0632
6547,972,5,v2,2026-02-23T05:35,767,1,0.77,de,0.0654
6548,115,12,v3,2026-05-23T17:24,818,0,0.733,es,0.0107
6549,686,3,v1,2026-02-05T11:54,953,1,1.0,en,0.0719
6550,368,3,v1,2026-01-08T20:46,1287,1,0.806,en,0.0078
6551,1107,2,v1,2026-02-08T09:13,1963,1,0.598,fr,0.0772
6552,1311,6,v3,2026-02-15T02:48,1154,1,0.837,he,0.0747
6553,705,9,v1,2026-02-07T00:19,1402,1,0.693,ja,0.0687
6554,1598,12,v1,2026-05-19T03:28,1193,1,0.88,ja,0.0732
6555,1728,1,v1,2026-06-14T15:30,1346,1,0.776,de,0.0149
6556,920,11,v1,2026-06-13T19:11,1033,0,0.421,de,0.076
6557,260,3,v2,2026-05-26T05:23,180,1,0.467,de,0.0743
6558,207,10,v3,2026-04-08T03:17,2000,1,0.988,en,0.0192
6559,1634,10,v2,2026-06-19T05:18,953,1,0.863,en,0.0429
6560,413,1,v3,2026-02-03T00:24,1387,1,0.494,de,0.045
6561,1266,1,v3,2026-07-03T19:59,904,0,1.0,ja,0.0605
6562,136,8,v2,2026-06-14T15:50,1125,1,0.987,en,0.0523
6563,1665,11,v2,2026-03-10T22:55,562,1,0.662,en,0.0596
6564,65,3,v2,2026-04-26T18:39,1013,0,0.765,fr,0.0533
6565,740,4,v3,2026-05-24T22:56,771,1,0.5,de,0.0613
6566,1189,2,v1,2026-01-20T00:44,1220,1,0.656,en,0.067
6567,966,2,v1,2026-01-04T01:30,1360,0,0.714,en,0.0735
6568,126,1,v3,2026-06-28T02:15,1410,1,0.64,es,0.0561
6569,192,3,v1,2026-02-17T02:24,1901,1,0.538,en,0.0712
6570,128,11,v3,2026-01-11T18:57,1274,1,0.923,es,0.0164
6571,1349,10,v2,2026-02-14T00:08,1169,1,0.561,en,0.0592
6572,833,5,v3,2026-06-20T13:53,536,1,0.939,en,0.058
6573,307,6,v1,2026-01-20T22:13,1515,1,0.79,fr,0.0378
6574,478,4,v1,2026-02-28T08:58,2147,1,1.0,en,0.0153
6575,1707,4,v2,2026-07-10T11:30,927,1,0.785,en,0.0608
6576,784,9,v3,2026-04-07T13:07,531,1,0.422,fr,0.0029
6577,502,11,v2,2026-03-25T17:11,749,1,0.636,es,0.0569
6578,1279,2,v1,2026-06-23T22:30,1693,1,0.877,es,0.0612
6579,26,10,v1,2026-06-18T10:16,1736,1,0.682,ja,0.0426
6580,997,3,v2,2026-02-23T05:16,548,1,0.584,en,0.028
6581,1779,3,v3,2026-05-23T23:00,1745,1,0.934,fr,0.0511
6582,1717,2,v3,2026-02-01T01:39,1326,0,0.591,en,0.0146
6583,301,10,v3,2026-04-19T18:27,1347,1,0.88,ja,0.0292
6584,1224,4,v2,2026-07-02T03:58,1482,1,0.841,en,0.0388
6585,1421,10,v1,2026-05-10T02:00,2196,1,0.756,es,0.0346
6586,1458,8,v3,2026-06-03T09:50,831,1,0.64,es,0.0687
6587,803,3,v3,2026-02-28T08:30,1015,1,0.8,es,0.0599
6588,371,12,v1,2026-05-27T15:39,1389,0,0.729,es,0.0348
6589,948,4,v1,2026-02-25T04:55,356,1,0.503,en,0.0467
6590,826,12,v3,2026-01-01T18:15,1323,1,0.759,fr,0.016
6591,1613,12,v2,2026-04-12T04:47,2100,1,0.621,de,0.0731
6592,526,2,v2,2026-02-05T10:08,1257,1,1.0,de,0.0044
6593,907,4,v2,2026-02-02T09:39,565,1,0.968,ja,0.0725
6594,534,3,v3,2026-01-18T13:38,850,1,0.755,en,0.0777
6595,99,11,v2,2026-05-05T07:22,681,1,0.737,ja,0.0764
6596,1046,7,v1,2026-06-07T07:45,1195,0,0.304,fr,0.0704
6597,787,6,v1,2026-06-22T21:00,2062,1,1.0,ja,0.0423
6598,385,4,v3,2026-04-28T03:51,1394,1,0.664,en,0.0068
6599,350,3,v1,2026-06-21T10:58,1592,1,0.795,es,0.0534
6600,1545,8,v2,2026-02-05T00:37,283,1,0.927,es,0.0039
6601,316,9,v3,2026-04-20T13:11,1017,1,0.75,de,0.0047
6602,893,4,v2,2026-04-06T08:35,1387,1,0.998,ja,0.0767
6603,872,10,v1,2026-02-19T19:28,946,0,0.516,en,0.017
6604,230,2,v1,2026-07-14T09:31,1791,1,0.846,en,0.0486
6605,1197,8,v1,2026-07-23T08:16,1677,1,0.631,en,0.0513
6606,1086,3,v1,2026-01-09T09:48,1314,1,0.588,ja,0.069
6607,107,11,v1,2026-03-30T20:09,1697,0,0.747,en,0.0201
6608,234,5,v3,2026-01-27T15:00,772,1,0.814,es,0.0658
6609,564,11,v1,2026-02-03T09:38,918,1,0.436,en,0.0163
6610,505,10,v2,2026-01-21T11:01,1240,0,0.824,en,0.012
6611,1109,9,v2,2026-05-26T08:13,1137,1,0.869,es,0.0106
6612,1470,5,v3,2026-06-14T21:17,2107,1,0.583,fr,0.0132
6613,1680,12,v2,2026-05-01T04:04,1070,1,0.739,en,0.0626
6614,1074,10,v2,2026-02-28T07:29,1002,1,0.614,fr,0.0347
6615,753,3,v2,2026-06-07T03:28,180,1,0.817,en,0.052
6616,110,11,v2,2026-07-17T07:17,654,1,0.652,es,0.0315
6617,477,4,v1,2026-06-28T05:40,1261,1,0.944,en,0.0339
6618,1307,8,v1,2026-07-02T00:56,942,1,0.729,en,0.0273
6619,206,11,v1,2026-06-15T21:35,1696,1,0.491,en,0.0094
6620,191,9,v1,2026-07-17T20:13,1147,1,0.844,ja,0.0358
6621,1387,9,v1,2026-02-25T05:02,1581,1,0.814,en,0.0337
6622,1298,9,v3,2026-02-09T01:09,1075,1,0.735,he,0.0426
6623,38,5,v3,2026-02-10T02:14,1161,1,0.956,en,0.0216
6624,93,3,v2,2026-01-22T04:41,1389,1,0.713,ja,0.0134
6625,1414,11,v3,2026-05-14T16:51,1239,1,0.715,en,0.036
6626,363,2,v3,2026-03-03T06:58,1148,0,0.853,en,0.0602
6627,1447,4,v3,2026-03-24T21:50,1090,1,0.637,en,0.0105
6628,157,2,v3,2026-06-23T13:31,731,1,0.821,en,0.0503
6629,367,11,v1,2026-04-22T17:58,1139,1,0.848,fr,0.0407
6630,892,7,v1,2026-04-23T20:15,1370,1,0.68,en,0.0397
6631,1502,6,v2,2026-03-01T01:16,677,1,0.744,ja,0.0778
6632,1695,7,v3,2026-01-03T09:19,1220,1,0.495,fr,0.0094
6633,783,2,v2,2026-06-16T06:08,1093,1,0.812,en,0.0555
6634,887,4,v2,2026-07-20T08:43,761,1,0.507,en,0.0301
6635,361,10,v2,2026-03-02T13:32,1502,1,0.583,fr,0.0799
6636,1116,1,v3,2026-06-02T04:18,554,1,0.694,ja,0.0469
6637,317,10,v2,2026-07-22T10:18,1309,1,0.818,de,0.0316
6638,318,9,v1,2026-06-28T22:29,1948,1,0.472,en,0.0339
6639,1202,4,v3,2026-03-25T07:48,880,1,0.584,en,0.0335
6640,703,12,v2,2026-06-06T15:56,425,1,0.838,en,0.0565
6641,421,2,v3,2026-05-07T01:44,1780,1,0.847,en,0.0204
6642,1441,8,v3,2026-04-20T02:01,853,1,0.998,en,0.0647
6643,355,1,v2,2026-01-22T16:09,1019,1,1.0,en,0.0495
6644,512,1,v1,2026-02-14T15:33,1628,1,0.594,en,0.0195
6645,1511,7,v2,2026-05-30T14:42,1586,1,0.761,fr,0.0263
6646,358,1,v1,2026-06-22T23:57,2039,1,0.823,de,0.0434
6647,638,1,v3,2026-06-23T02:59,818,1,0.499,de,0.0544
6648,975,8,v1,2026-03-20T20:36,1698,1,0.989,es,0.0559
6649,494,9,v3,2026-07-07T11:02,1499,1,0.631,he,0.03
6650,180,7,v2,2026-05-25T21:34,821,1,1.0,es,0.0501
6651,1113,6,v2,2026-06-25T09:16,1492,1,0.955,de,0.029
6652,326,11,v1,2026-06-01T07:01,1181,1,0.72,en,0.0383
6653,650,9,v3,2026-01-17T01:11,1729,1,0.625,en,0.0527
6654,1246,7,v1,2026-02-24T04:52,1128,1,0.739,es,0.026
6655,840,4,v1,2026-01-25T04:17,1476,1,0.427,es,0.0287
6656,42,7,v3,2026-02-03T10:09,1567,1,0.848,he,0.0405
6657,1455,1,v2,2026-03-02T22:03,1155,1,0.73,en,0.0507
6658,168,12,v1,2026-04-17T09:07,630,1,0.812,es,0.0088
6659,1336,2,v1,2026-04-21T16:21,2475,1,0.66,en,0.078
6660,1077,12,v3,2026-06-05T19:20,1033,1,0.493,en,0.0277
6661,1468,6,v2,2026-03-29T08:13,588,1,0.781,en,0.0249
6662,1704,5,v2,2026-04-19T18:23,834,1,0.729,en,0.0628
6663,411,2,v2,2026-07-22T00:19,1094,1,0.674,de,0.0659
6664,453,6,v2,2026-04-27T09:55,560,1,0.749,he,0.0767
6665,1109,3,v3,2026-05-26T08:13,984,1,0.731,es,0.0757
6666,640,8,v3,2026-02-07T02:06,1395,1,0.721,en,0.0098
6667,711,4,v2,2026-03-28T03:06,699,1,0.655,es,0.0171
6668,1046,8,v2,2026-06-07T07:45,1271,1,0.524,fr,0.0353
6669,1503,11,v3,2026-05-01T18:31,523,1,0.863,en,0.0681
6670,896,1,v3,2026-02-03T15:55,1345,1,0.536,en,0.0486
6671,1047,6,v2,2026-06-30T02:00,1574,1,0.81,en,0.0165
6672,1609,8,v2,2026-07-20T01:32,774,1,0.638,es,0.0289
6673,812,5,v1,2026-02-17T04:50,1969,1,0.645,en,0.016
6674,1668,8,v2,2026-04-24T05:42,1205,1,0.791,fr,0.0428
6675,811,1,v3,2026-03-13T20:11,2069,1,0.943,en,0.0026
6676,1451,9,v1,2026-02-02T13:13,2020,1,0.627,en,0.0586
6677,601,5,v2,2026-03-28T16:59,850,0,0.442,en,0.0604
6678,152,11,v3,2026-04-20T16:57,1389,0,0.841,de,0.06
6679,627,6,v3,2026-03-10T17:00,1191,1,0.811,es,0.0386
6680,363,10,v2,2026-03-03T06:58,852,1,0.734,en,0.0636
6681,197,4,v3,2026-07-17T10:19,784,1,0.92,ja,0.0754
6682,134,4,v3,2026-06-07T01:31,1206,1,0.874,en,0.0399
6683,755,4,v1,2026-06-20T22:54,1883,1,0.459,fr,0.075
6684,359,7,v1,2026-04-24T09:18,1095,0,0.581,es,0.0387
6685,1504,1,v3,2026-05-02T03:44,1020,1,0.982,en,0.0723
6686,1770,1,v3,2026-01-27T13:32,1520,1,0.894,en,0.0313
6687,1127,4,v2,2026-07-20T02:54,523,1,0.717,de,0.0472
6688,842,8,v3,2026-03-14T08:06,633,1,0.755,en,0.0248
6689,1509,4,v1,2026-04-21T20:29,646,1,0.567,es,0.0214
6690,474,2,v3,2026-06-07T08:36,1306,0,0.61,es,0.0477
6691,1566,8,v1,2026-04-11T03:11,876,1,0.775,en,0.0715
6692,943,12,v1,2026-07-25T20:44,924,1,0.894,en,0.0438
6693,769,3,v3,2026-04-25T21:17,883,1,0.644,fr,0.0263
6694,1308,3,v1,2026-02-11T21:09,2017,1,0.603,fr,0.0665
6695,1522,12,v1,2026-01-17T07:11,1544,1,0.935,en,0.0543
6696,1558,1,v3,2026-04-01T11:02,1002,1,0.779,de,0.0727
6697,1117,9,v1,2026-01-01T07:01,1453,1,0.809,en,0.0356
6698,154,9,v1,2026-05-29T08:17,1467,1,1.0,en,0.0114
6699,1359,2,v3,2026-06-04T17:02,1189,1,0.693,en,0.0185
6700,1128,1,v1,2026-07-10T19:15,1499,1,0.487,ja,0.0051
6701,1199,5,v1,2026-05-18T04:03,2000,1,0.77,en,0.0739
6702,1524,10,v2,2026-04-14T09:35,1249,1,0.756,en,0.0178
6703,11,2,v1,2026-01-06T02:09,2113,1,0.631,en,0.0094
6704,1121,3,v3,2026-05-05T15:12,1298,1,0.739,en,0.0586
6705,634,8,v1,2026-06-17T21:42,1622,1,0.849,es,0.0116
6706,340,10,v3,2026-01-10T10:57,809,1,0.764,en,0.0461
6707,437,6,v1,2026-04-29T11:59,1354,1,0.884,en,0.0106
6708,1291,10,v2,2026-02-22T15:51,1065,1,0.705,he,0.0307
6709,1036,6,v1,2026-04-21T16:52,581,1,0.811,en,0.0647
6710,1457,3,v2,2026-01-06T21:47,725,1,0.671,en,0.0455
6711,1033,5,v2,2026-06-04T15:57,1275,1,0.569,he,0.0756
6712,218,8,v3,2026-05-27T06:01,509,1,0.788,en,0.0737
6713,867,9,v3,2026-06-20T21:19,1084,1,0.734,en,0.0441
6714,386,3,v3,2026-05-05T23:42,506,1,0.849,ja,0.0096
6715,87,5,v3,2026-03-30T11:17,804,1,0.87,he,0.0063
6716,538,2,v3,2026-07-09T19:53,1240,1,0.725,en,0.0638
6717,989,2,v1,2026-01-25T17:35,1768,1,0.733,de,0.0725
6718,1483,5,v2,2026-05-12T04:28,1329,1,0.615,de,0.0421
6719,588,9,v3,2026-06-12T16:59,1379,1,0.725,en,0.0185
6720,13,7,v3,2026-01-25T08:50,1298,1,0.83,en,0.0567
6721,891,8,v1,2026-06-10T01:56,2708,1,0.961,ja,0.0092
6722,971,2,v2,2026-04-01T03:30,740,1,0.863,en,0.0656
6723,1078,12,v1,2026-07-22T16:42,1022,0,0.313,en,0.0698
6724,598,8,v1,2026-01-05T03:58,2636,1,0.915,en,0.0554
6725,198,10,v2,2026-05-25T15:01,1517,1,0.603,en,0.0725
6726,1395,6,v1,2026-04-07T00:21,1577,1,0.823,en,0.0052
6727,1194,8,v2,2026-04-15T11:12,1737,1,0.572,he,0.0796
6728,223,5,v1,2026-06-12T08:12,812,1,0.585,en,0.0091
6729,1210,8,v1,2026-07-07T13:45,904,1,0.995,en,0.0229
6730,970,2,v2,2026-01-17T14:23,1328,1,0.914,en,0.0488
6731,274,3,v1,2026-03-19T20:23,1426,1,0.4,fr,0.0265
6732,1541,6,v1,2026-03-02T04:09,861,1,0.674,en,0.0628
6733,407,5,v1,2026-05-18T12:51,1769,1,0.619,en,0.0127
6734,1256,2,v2,2026-01-21T04:29,1381,1,0.814,es,0.0379
6735,1736,9,v2,2026-04-17T23:24,1105,1,0.863,en,0.0539
6736,1504,5,v1,2026-05-02T03:44,965,1,0.698,en,0.0268
6737,1636,12,v1,2026-03-02T15:56,1508,1,0.782,en,0.0416
6738,481,9,v3,2026-03-28T18:16,1084,1,0.82,en,0.0033
6739,849,12,v1,2026-02-04T18:13,1233,1,0.489,en,0.0553
6740,225,2,v2,2026-07-07T19:30,1194,1,0.8,de,0.0185
6741,1677,5,v3,2026-02-17T06:53,1397,1,0.591,en,0.0257
6742,1476,10,v3,2026-04-24T06:38,559,1,0.961,en,0.0463
6743,122,11,v1,2026-02-22T17:13,1169,1,0.646,de,0.0515
6744,1089,4,v1,2026-03-03T22:31,1019,1,0.609,en,0.0641
6745,361,6,v1,2026-03-02T13:32,1360,1,0.597,fr,0.018
6746,982,10,v1,2026-07-21T03:24,1453,1,0.941,en,0.0313
6747,1737,12,v2,2026-02-11T13:51,1183,1,0.594,en,0.0542
6748,485,9,v1,2026-05-29T01:02,1562,1,0.64,en,0.019
6749,1001,2,v1,2026-01-09T16:18,996,0,0.665,ja,0.0033
6750,1430,3,v2,2026-05-20T17:47,1204,1,0.828,de,0.0228
6751,1149,8,v2,2026-04-25T05:33,1134,1,0.622,en,0.0227
6752,643,5,v3,2026-05-13T04:51,994,1,0.821,en,0.03
6753,1389,12,v3,2026-05-24T17:18,180,1,0.86,en,0.041
6754,1229,11,v3,2026-04-14T03:40,1162,1,0.76,en,0.0363
6755,966,9,v3,2026-01-04T01:30,1667,1,0.737,en,0.0036
6756,1758,2,v3,2026-04-20T08:54,1783,1,0.657,fr,0.0175
6757,343,12,v2,2026-02-26T14:42,1129,1,0.768,fr,0.0705
6758,1071,11,v1,2026-03-09T02:06,1421,1,1.0,es,0.0798
6759,431,7,v3,2026-05-02T15:32,1793,1,0.648,en,0.0171
6760,522,11,v1,2026-06-18T19:24,1905,1,0.739,he,0.0228
6761,571,2,v3,2026-03-15T13:21,654,1,0.914,en,0.0283
6762,983,6,v2,2026-07-06T22:49,988,1,0.963,en,0.01
6763,519,11,v3,2026-05-21T00:26,806,1,1.0,en,0.0115
6764,704,2,v3,2026-04-11T10:41,810,1,0.8,en,0.0628
6765,329,7,v2,2026-01-27T22:13,1212,1,0.729,de,0.05
6766,927,4,v1,2026-05-06T18:44,1288,1,0.555,he,0.0142
6767,627,7,v2,2026-03-10T17:00,1042,1,0.683,es,0.0209
6768,45,2,v3,2026-05-25T14:15,1243,1,0.909,ja,0.043
6769,175,3,v1,2026-07-16T22:25,947,1,0.399,es,0.0374
6770,1279,4,v1,2026-06-23T22:30,1592,1,0.696,es,0.0729
6771,201,8,v3,2026-07-12T16:53,1382,1,0.881,en,0.0566
6772,988,10,v2,2026-06-12T18:23,1190,1,0.642,en,0.042
6773,1496,4,v1,2026-05-13T02:06,1571,1,0.782,ja,0.0742
6774,551,10,v1,2026-06-07T15:40,1132,1,0.792,fr,0.011
6775,1233,1,v1,2026-03-30T17:34,1236,1,0.964,ja,0.0382
6776,525,6,v3,2026-04-18T16:29,1161,1,0.738,he,0.0119
6777,1784,12,v2,2026-05-18T02:05,180,1,0.711,en,0.0629
6778,842,12,v1,2026-03-14T08:06,1430,1,0.494,en,0.0592
6779,194,1,v1,2026-06-02T17:27,1534,1,0.717,en,0.0368
6780,1553,1,v2,2026-03-18T17:40,936,1,0.658,en,0.0188
6781,423,4,v2,2026-01-11T04:41,1409,1,0.728,en,0.0207
6782,31,9,v2,2026-06-26T09:02,851,1,0.713,de,0.0416
6783,521,12,v2,2026-01-05T18:23,314,1,0.78,de,0.0572
6784,285,10,v1,2026-02-17T10:57,2011,1,0.714,ja,0.0627
6785,449,4,v1,2026-02-06T00:58,1032,1,0.699,he,0.0626
6786,401,9,v3,2026-05-05T03:40,2339,1,0.832,he,0.0494
6787,252,1,v2,2026-06-04T04:46,1599,1,0.598,de,0.0726
6788,1177,2,v1,2026-01-23T19:17,1613,1,0.665,en,0.0223
6789,1363,3,v1,2026-04-19T16:18,1887,1,0.839,es,0.0714
6790,671,4,v1,2026-05-25T04:16,1806,1,0.686,ja,0.0621
6791,1733,1,v1,2026-03-11T07:33,1384,1,1.0,fr,0.0236
6792,524,3,v1,2026-03-19T03:15,1095,1,0.496,es,0.022
6793,371,12,v2,2026-05-27T15:39,1793,1,0.711,es,0.0127
6794,657,3,v1,2026-05-10T11:52,2105,1,0.793,en,0.062
6795,1102,10,v3,2026-03-14T13:39,775,1,1.0,ja,0.0379
6796,1602,2,v3,2026-01-22T06:14,1673,1,0.708,he,0.0135
6797,203,9,v3,2026-06-11T00:08,2191,1,0.438,fr,0.0329
6798,64,9,v1,2026-06-07T13:19,1057,1,0.824,en,0.0468
6799,1543,3,v1,2026-07-15T16:52,1857,1,0.623,fr,0.0068
6800,66,2,v3,2026-07-16T19:23,781,1,0.523,en,0.0363
6801,308,10,v1,2026-05-28T07:07,2039,1,0.522,he,0.078
6802,877,7,v1,2026-06-01T22:55,1143,1,0.603,en,0.0651
6803,1569,4,v2,2026-06-20T05:07,1435,1,0.855,fr,0.0054
6804,1328,10,v2,2026-07-09T07:57,1430,1,0.741,ja,0.0244
6805,315,9,v2,2026-02-19T14:26,1553,0,0.539,en,0.0073
6806,1349,4,v3,2026-02-14T00:08,2310,0,0.867,en,0.0704
6807,1483,8,v3,2026-05-12T04:28,613,1,0.741,de,0.0751
6808,600,2,v2,2026-07-21T19:44,1359,1,1.0,ja,0.0065
6809,571,7,v2,2026-03-15T13:21,1161,1,0.998,en,0.0594
6810,395,7,v1,2026-01-17T17:30,1382,1,0.826,fr,0.0731
6811,419,6,v2,2026-06-28T17:31,1080,1,0.76,en,0.0529
6812,1512,10,v3,2026-03-14T04:33,1322,1,0.843,en,0.0306
6813,955,9,v1,2026-04-18T01:03,1600,0,0.699,en,0.0655
6814,298,4,v2,2026-05-29T19:12,891,0,0.473,es,0.0163
6815,1554,10,v3,2026-05-24T08:28,1512,1,0.784,es,0.0194
6816,252,8,v1,2026-06-04T04:46,1360,1,0.666,de,0.0238
6817,1216,8,v2,2026-07-20T01:01,727,1,0.719,de,0.0252
6818,288,3,v1,2026-02-21T03:19,1760,1,0.813,en,0.0379
6819,157,9,v1,2026-06-23T13:31,1071,1,0.791,en,0.0311
6820,1337,2,v3,2026-07-06T01:10,1641,1,0.79,de,0.0426
6821,1610,1,v1,2026-03-26T02:30,1102,0,0.739,fr,0.0271
6822,698,12,v3,2026-01-26T18:38,1364,1,0.495,de,0.0505
6823,250,3,v2,2026-01-26T02:08,1392,1,0.672,de,0.0536
6824,1225,9,v3,2026-01-29T15:34,1017,1,0.591,en,0.0211
6825,1064,11,v1,2026-05-09T17:05,1734,1,0.611,en,0.0341
6826,804,5,v1,2026-05-12T16:51,1869,1,0.622,es,0.0341
6827,337,10,v2,2026-03-16T16:09,1609,1,0.936,de,0.0134
6828,134,3,v2,2026-06-07T01:31,422,1,0.518,en,0.0065
6829,17,8,v1,2026-07-01T20:55,881,1,0.519,es,0.0207
6830,617,1,v2,2026-04-09T05:34,266,1,0.511,en,0.034
6831,1489,10,v3,2026-01-17T05:33,1135,1,0.641,en,0.0529
6832,513,7,v3,2026-01-26T13:38,1618,1,0.94,en,0.0252
6833,1793,6,v3,2026-07-11T19:10,1226,1,0.681,he,0.0514
6834,708,11,v2,2026-03-19T05:12,1389,1,0.799,en,0.0153
6835,941,9,v1,2026-04-12T10:05,1173,1,0.768,de,0.0422
6836,181,10,v1,2026-07-07T18:14,1495,1,0.602,en,0.0415
6837,208,7,v3,2026-05-16T04:53,1249,1,0.893,en,0.028
6838,1578,5,v2,2026-03-03T04:45,797,1,0.712,ja,0.0556
6839,784,1,v1,2026-04-07T13:07,1957,1,0.646,fr,0.0075
6840,328,6,v1,2026-06-07T22:08,1591,1,0.899,fr,0.0311
6841,1160,7,v3,2026-02-28T19:17,951,1,0.735,ja,0.0562
6842,1085,7,v3,2026-03-06T07:56,180,1,0.772,de,0.0619
6843,368,1,v3,2026-01-08T20:46,826,1,0.912,en,0.0624
6844,465,12,v3,2026-05-23T20:54,1639,1,0.831,en,0.0133
6845,188,1,v2,2026-05-30T00:11,839,1,0.734,en,0.022
6846,3,1,v3,2026-04-20T22:45,422,1,0.811,en,0.0249
6847,78,3,v3,2026-05-11T16:00,699,1,1.0,en,0.0719
6848,427,5,v1,2026-05-24T01:31,1199,1,0.771,en,0.0176
6849,1649,12,v2,2026-04-09T23:46,2016,1,0.643,es,0.0209
6850,1718,5,v3,2026-03-30T11:49,1741,1,0.609,en,0.0221
6851,760,10,v1,2026-03-06T17:47,1468,1,0.724,es,0.0571
6852,885,5,v2,2026-04-25T09:34,1085,1,0.434,es,0.0272
6853,1485,4,v2,2026-02-03T16:26,2021,1,0.397,es,0.0259
6854,1068,12,v2,2026-03-19T03:44,1841,1,0.728,ja,0.0579
6855,366,5,v1,2026-07-02T20:00,1430,1,0.598,en,0.0041
6856,1144,1,v2,2026-06-03T23:27,827,1,0.787,en,0.0468
6857,263,11,v1,2026-05-04T04:41,883,1,0.692,es,0.0465
6858,1221,7,v3,2026-03-27T23:23,1147,1,0.935,ja,0.0564
6859,918,2,v3,2026-07-07T05:07,1003,0,0.975,en,0.0575
6860,1134,9,v2,2026-02-24T01:54,448,1,0.856,ja,0.0172
6861,955,5,v2,2026-04-18T01:03,882,1,0.444,en,0.0167
6862,220,11,v3,2026-01-14T16:50,368,1,0.815,en,0.0363
6863,901,3,v1,2026-03-31T20:12,1844,1,0.599,es,0.0397
6864,871,5,v1,2026-02-18T17:25,1611,1,0.879,ja,0.042
6865,1608,3,v3,2026-03-16T20:27,1612,1,0.81,es,0.0234
6866,1373,2,v3,2026-06-01T02:26,1575,1,0.718,en,0.0751
6867,376,2,v3,2026-01-01T17:31,978,1,0.52,ja,0.0351
6868,74,5,v2,2026-02-01T16:57,1053,1,0.61,en,0.015
6869,1042,8,v1,2026-06-10T20:24,1899,1,0.795,de,0.0203
6870,1583,6,v3,2026-05-01T22:22,510,1,0.811,en,0.0376
6871,341,1,v2,2026-01-28T15:53,1014,1,0.789,he,0.0205
6872,1734,10,v3,2026-07-02T07:41,1011,0,0.718,de,0.0309
6873,1325,6,v1,2026-03-05T19:18,2296,1,0.807,en,0.0185
6874,1110,6,v1,2026-03-18T17:06,1146,1,0.777,en,0.0778
6875,860,10,v1,2026-01-15T16:52,1573,1,0.883,es,0.0502
6876,617,1,v1,2026-04-09T05:34,1704,1,0.789,en,0.0725
6877,477,11,v1,2026-06-28T05:40,1330,1,0.629,en,0.0461
6878,360,9,v1,2026-02-20T04:28,1883,1,0.7,de,0.0347
6879,64,6,v3,2026-06-07T13:19,1709,1,0.483,en,0.0711
6880,1239,12,v3,2026-02-22T12:19,1022,1,0.49,fr,0.0776
6881,274,4,v3,2026-03-19T20:23,1724,1,0.64,fr,0.0745
6882,1579,10,v1,2026-02-01T20:33,1246,1,0.545,ja,0.0052
6883,791,5,v3,2026-02-26T18:02,798,1,0.87,ja,0.039
6884,1327,9,v1,2026-05-15T23:19,1746,1,0.859,en,0.0788
6885,283,12,v3,2026-06-27T18:43,1908,1,0.713,en,0.0173
6886,499,7,v3,2026-06-28T16:02,1093,1,0.645,fr,0.0292
6887,1428,3,v1,2026-02-01T23:46,1542,1,0.749,de,0.0425
6888,539,7,v1,2026-07-09T00:53,1068,1,0.662,ja,0.0278
6889,442,8,v1,2026-03-05T00:38,1451,1,0.896,fr,0.0419
6890,1523,10,v2,2026-01-21T10:12,180,1,0.57,en,0.0151
6891,922,2,v3,2026-05-07T12:48,1553,1,0.863,en,0.0363
6892,873,7,v1,2026-01-21T21:06,1659,1,0.904,en,0.063
6893,1574,10,v3,2026-04-17T05:03,708,1,0.472,de,0.069
6894,1445,5,v1,2026-03-12T15:46,2115,1,0.59,es,0.0351
6895,941,10,v1,2026-04-12T10:05,1018,1,0.9,de,0.0545
6896,832,1,v3,2026-07-16T07:25,1782,1,0.551,en,0.0315
6897,1303,6,v2,2026-03-24T18:25,999,1,0.804,en,0.0648
6898,938,8,v1,2026-05-16T03:11,2001,1,0.556,es,0.0609
6899,1174,2,v1,2026-06-20T00:50,1663,1,0.887,es,0.011
6900,457,2,v1,2026-02-16T14:07,1359,1,0.724,he,0.0729
6901,338,9,v1,2026-02-03T23:27,1631,1,0.889,en,0.0355
6902,243,2,v3,2026-01-16T13:42,1834,1,0.718,en,0.0295
6903,1151,8,v1,2026-05-11T07:00,1645,1,0.772,en,0.0278
6904,857,9,v2,2026-04-16T23:49,1299,1,0.61,en,0.0616
6905,820,4,v3,2026-07-09T23:35,673,0,0.393,fr,0.0626
6906,1715,1,v2,2026-03-18T10:12,659,1,0.801,ja,0.0318
6907,627,1,v1,2026-03-10T17:00,1495,1,0.805,es,0.0258
6908,757,11,v1,2026-06-05T22:57,942,0,0.679,en,0.0242
6909,1731,9,v3,2026-02-28T17:02,314,1,0.971,fr,0.0341
6910,748,2,v3,2026-07-23T16:37,754,1,0.728,en,0.0518
6911,1701,2,v2,2026-04-06T05:15,1249,1,0.733,en,0.0326
6912,890,12,v2,2026-03-28T03:30,450,1,0.787,he,0.0656
6913,669,11,v1,2026-07-12T12:48,1289,1,0.592,en,0.0048
6914,621,10,v1,2026-05-12T11:56,1311,0,0.937,es,0.0532
6915,289,10,v2,2026-06-23T12:20,1672,1,0.586,en,0.0692
6916,833,3,v1,2026-06-20T13:53,1166,1,0.811,en,0.0364
6917,1743,3,v1,2026-04-22T12:00,1394,1,0.875,de,0.0627
6918,1780,10,v2,2026-01-16T13:56,1006,0,0.495,en,0.021
6919,494,5,v2,2026-07-07T11:02,1036,1,0.223,he,0.0353
6920,533,8,v1,2026-01-31T06:14,1393,1,0.622,he,0.0784
6921,1662,8,v3,2026-01-29T03:28,1963,1,0.817,ja,0.0417
6922,649,9,v1,2026-01-22T22:43,1119,1,0.735,en,0.0196
6923,305,2,v2,2026-02-06T04:15,872,1,0.905,ja,0.0462
6924,1058,9,v1,2026-07-21T03:22,1842,1,0.932,en,0.0301
6925,510,11,v3,2026-06-15T06:36,891,1,0.805,en,0.0274
6926,1563,6,v1,2026-01-07T04:04,1135,1,0.779,de,0.0547
6927,1110,1,v3,2026-03-18T17:06,1049,1,0.803,en,0.0196
6928,1514,5,v3,2026-05-27T11:04,1630,1,0.757,en,0.0465
6929,700,12,v2,2026-06-13T02:04,1980,1,0.53,es,0.0721
6930,306,11,v2,2026-05-10T23:15,180,1,0.627,de,0.0701
6931,1173,2,v2,2026-05-19T22:10,1533,1,0.692,es,0.0797
6932,1793,11,v2,2026-07-11T19:10,1243,1,0.551,he,0.0067
6933,1249,2,v2,2026-02-04T16:02,1354,1,0.782,ja,0.0475
6934,1474,2,v1,2026-04-17T15:43,1507,1,0.558,de,0.057
6935,1229,5,v3,2026-04-14T03:40,769,1,0.713,en,0.0161
6936,1748,12,v1,2026-06-20T08:20,1881,1,0.635,es,0.053
6937,181,1,v2,2026-07-07T18:14,1260,1,1.0,en,0.0047
6938,854,2,v2,2026-03-31T18:13,1652,1,0.783,en,0.0701
6939,61,11,v3,2026-06-27T21:12,1067,1,0.737,fr,0.0617
6940,762,4,v2,2026-05-31T10:28,1140,1,0.603,en,0.0372
6941,600,9,v1,2026-07-21T19:44,2007,1,0.581,ja,0.067
6942,1555,4,v2,2026-06-05T23:21,1397,1,0.647,ja,0.0475
6943,971,9,v2,2026-04-01T03:30,847,0,0.663,en,0.0585
6944,1321,9,v2,2026-02-27T21:31,424,1,0.61,en,0.0108
6945,434,7,v2,2026-06-26T17:47,2011,1,1.0,en,0.076
6946,1761,10,v2,2026-06-15T08:33,1920,1,0.803,he,0.0223
6947,1780,4,v2,2026-01-16T13:56,1305,1,0.627,en,0.0593
6948,1549,10,v2,2026-04-20T09:05,1863,1,0.936,en,0.0142
6949,1287,9,v1,2026-04-03T22:47,1898,1,0.866,en,0.0788
6950,1226,8,v1,2026-02-18T05:24,1088,1,0.65,he,0.0553
6951,842,5,v2,2026-03-14T08:06,1331,1,0.745,en,0.0587
6952,1743,4,v3,2026-04-22T12:00,877,1,0.605,de,0.0765
6953,1466,8,v2,2026-04-13T05:06,708,1,0.677,en,0.0319
6954,316,5,v3,2026-04-20T13:11,1789,1,0.527,de,0.0037
6955,1113,11,v2,2026-06-25T09:16,1103,1,0.959,de,0.0479
6956,1734,7,v1,2026-07-02T07:41,815,1,0.567,de,0.0663
6957,1741,7,v1,2026-04-17T07:44,1051,1,0.431,en,0.0168
6958,1275,8,v1,2026-06-20T07:35,1037,1,0.974,en,0.072
6959,465,1,v3,2026-05-23T20:54,1366,1,0.85,en,0.0308
6960,42,3,v2,2026-02-03T10:09,1680,1,0.576,he,0.0233
6961,1388,8,v3,2026-07-06T16:14,480,1,1.0,en,0.0414
6962,543,3,v3,2026-07-24T16:05,2309,0,0.868,en,0.0196
6963,1373,12,v2,2026-06-01T02:26,1040,1,0.48,en,0.0442
6964,959,3,v3,2026-01-29T18:01,1195,1,1.0,de,0.0435
6965,1456,9,v3,2026-07-22T05:46,1243,0,0.592,he,0.0527
6966,1378,5,v1,2026-05-12T08:51,1384,1,0.822,en,0.0168
6967,965,1,v1,2026-05-19T20:38,1488,0,0.805,en,0.0585
6968,1496,8,v3,2026-05-13T02:06,1287,1,0.936,ja,0.05
6969,800,4,v3,2026-05-12T16:55,770,1,0.744,he,0.0679
6970,760,7,v1,2026-03-06T17:47,2078,1,0.636,es,0.0079
6971,1751,11,v2,2026-01-17T01:58,865,1,0.679,fr,0.0347
6972,933,9,v1,2026-06-03T15:30,1618,1,0.682,he,0.0594
6973,779,10,v1,2026-06-15T01:02,1490,1,0.699,en,0.025
6974,1162,5,v1,2026-04-04T09:01,1713,0,0.695,en,0.0173
6975,1694,10,v2,2026-07-02T10:29,1767,1,0.642,fr,0.0508
6976,1462,10,v2,2026-06-08T23:22,1260,1,0.421,de,0.005
6977,1646,8,v3,2026-04-30T07:36,1772,0,0.857,es,0.065
6978,765,9,v3,2026-05-21T16:11,1644,0,0.912,ja,0.052
6979,884,5,v3,2026-03-05T20:05,840,1,0.88,en,0.0085
6980,87,1,v3,2026-03-30T11:17,622,1,0.669,he,0.0684
6981,753,6,v2,2026-06-07T03:28,1668,1,0.761,en,0.0287
6982,1538,12,v3,2026-07-19T00:13,1266,1,1.0,ja,0.0112
6983,312,1,v2,2026-06-15T08:13,1709,1,0.847,en,0.0451
6984,1286,4,v1,2026-03-15T05:26,1504,1,0.97,en,0.0021
6985,536,10,v2,2026-04-23T05:00,636,1,0.643,es,0.0071
6986,528,9,v2,2026-02-06T00:31,904,1,0.592,en,0.0602
6987,598,7,v1,2026-01-05T03:58,1565,1,0.636,en,0.0764
6988,1536,1,v1,2026-07-01T12:42,703,0,0.486,en,0.0433
6989,1749,9,v1,2026-03-13T15:41,2278,1,0.676,fr,0.0569
6990,963,11,v1,2026-01-18T03:17,1318,1,0.654,es,0.0672
6991,1522,1,v3,2026-01-17T07:11,1526,1,0.74,en,0.0552
6992,1003,5,v1,2026-04-03T11:23,1848,1,0.531,ja,0.0385
6993,134,7,v1,2026-06-07T01:31,1276,1,0.542,en,0.0306
6994,87,8,v3,2026-03-30T11:17,1005,1,0.855,he,0.009
6995,1452,7,v2,2026-01-29T03:23,954,1,0.719,es,0.0641
6996,1391,1,v3,2026-03-12T23:08,1265,0,0.623,fr,0.02
6997,1091,10,v2,2026-03-08T19:02,1724,1,0.626,en,0.0627
6998,1746,12,v3,2026-04-02T10:57,848,1,0.544,en,0.0519
6999,1218,4,v1,2026-01-09T11:36,1888,0,0.441,en,0.0039
7000,1374,5,v1,2026-06-04T18:40,708,1,0.705,fr,0.0284
7001,1121,2,v3,2026-05-05T15:12,691,1,0.748,en,0.0773
7002,768,5,v3,2026-05-03T03:57,1083,1,0.532,en,0.0232
7003,33,7,v3,2026-01-01T11:04,751,1,0.954,ja,0.0544
7004,1600,3,v2,2026-05-22T19:35,1280,1,0.568,en,0.076
7005,1502,6,v3,2026-03-01T01:16,1718,1,0.619,ja,0.0249
7006,897,8,v2,2026-07-02T16:53,872,1,0.91,en,0.0167
7007,738,7,v1,2026-01-13T20:40,1699,1,0.481,de,0.0691
7008,874,3,v2,2026-03-14T12:13,1272,1,0.685,en,0.0479
7009,964,7,v1,2026-01-15T13:53,1521,1,0.541,ja,0.0212
7010,539,6,v1,2026-07-09T00:53,2055,1,0.694,ja,0.0776
7011,694,5,v3,2026-01-09T23:29,1440,1,0.816,es,0.0518
7012,1174,7,v2,2026-06-20T00:50,552,0,0.822,es,0.0465
7013,959,8,v1,2026-01-29T18:01,1270,1,0.944,de,0.0077
7014,967,3,v1,2026-01-06T16:29,1850,1,0.905,en,0.0445
7015,684,6,v2,2026-02-28T18:22,714,1,0.705,fr,0.0384
7016,748,2,v3,2026-07-23T16:37,1511,1,0.733,en,0.0346
7017,1331,3,v2,2026-06-14T03:54,344,1,0.704,ja,0.0421
7018,173,7,v3,2026-04-07T05:16,1793,1,0.548,en,0.0613
7019,1010,3,v3,2026-05-09T05:08,1011,1,0.612,de,0.0262
7020,1326,5,v2,2026-03-30T17:49,1529,1,0.53,es,0.0782
7021,239,9,v2,2026-06-02T03:55,648,0,0.796,en,0.0113
7022,517,9,v1,2026-01-29T06:14,1402,1,0.668,ja,0.007
7023,1444,1,v2,2026-04-06T12:17,180,1,0.838,ja,0.0437
7024,614,2,v2,2026-02-28T10:38,1090,1,0.565,en,0.0438
7025,96,9,v3,2026-07-26T17:07,1069,1,0.639,en,0.0688
7026,1109,6,v3,2026-05-26T08:13,1083,1,0.978,es,0.0226
7027,186,11,v3,2026-06-12T03:41,816,1,0.663,en,0.0158
7028,555,2,v1,2026-06-26T06:31,1421,0,0.947,de,0.0793
7029,1287,10,v3,2026-04-03T22:47,1498,1,0.872,en,0.0749
7030,162,5,v1,2026-04-30T15:03,1480,1,0.389,en,0.0187
7031,1651,10,v2,2026-03-14T15:50,686,0,0.304,en,0.0627
7032,1647,10,v3,2026-07-05T07:14,1700,1,0.747,ja,0.0511
7033,713,10,v3,2026-02-05T01:13,1965,1,0.849,en,0.0602
7034,1066,6,v1,2026-01-02T14:33,1351,1,0.659,en,0.0454
7035,592,1,v2,2026-02-21T21:37,2126,1,0.674,en,0.0761
7036,1171,7,v3,2026-02-04T05:22,1152,0,1.0,de,0.0338
7037,129,8,v2,2026-05-09T05:59,834,1,0.422,en,0.0439
7038,1760,7,v3,2026-01-12T18:59,180,1,1.0,de,0.0263
7039,690,2,v3,2026-03-18T19:43,703,1,0.696,de,0.0396
7040,861,3,v2,2026-06-22T14:12,1676,1,0.649,ja,0.0619
7041,1327,12,v2,2026-05-15T23:19,639,1,0.866,en,0.0744
7042,839,8,v2,2026-05-26T15:38,905,1,0.682,en,0.0739
7043,131,2,v2,2026-03-11T10:26,802,1,0.531,fr,0.0034
7044,865,7,v2,2026-03-24T23:44,1205,1,0.987,ja,0.0311
7045,1788,8,v1,2026-05-05T05:22,1354,0,0.551,ja,0.0517
7046,1488,2,v3,2026-04-19T00:36,2067,1,0.939,ja,0.0043
7047,956,6,v1,2026-06-04T20:43,1896,1,0.539,es,0.0118
7048,1369,6,v3,2026-06-25T18:57,1703,0,0.69,es,0.0281
7049,696,11,v2,2026-04-14T08:52,1136,1,0.575,en,0.0261
7050,1673,5,v1,2026-04-12T17:10,1201,1,0.829,fr,0.0661
7051,16,9,v3,2026-03-19T03:32,1200,1,0.788,en,0.0712
7052,47,1,v2,2026-07-07T12:05,1208,1,0.644,de,0.024
7053,190,7,v2,2026-04-25T20:59,821,1,0.842,en,0.0397
7054,1303,2,v3,2026-03-24T18:25,716,1,0.942,en,0.0461
7055,1352,6,v3,2026-01-18T06:48,1549,1,0.935,he,0.0449
7056,773,1,v3,2026-02-03T03:21,597,1,0.864,en,0.018
7057,700,9,v2,2026-06-13T02:04,1017,1,0.504,es,0.032
7058,143,4,v3,2026-03-18T04:06,1341,1,0.683,de,0.0779
7059,466,4,v1,2026-01-23T23:11,2160,1,0.651,he,0.0472
7060,1211,7,v3,2026-03-04T02:31,1647,1,0.669,en,0.0744
7061,1480,10,v3,2026-04-21T15:36,952,1,0.683,ja,0.008
7062,686,5,v3,2026-02-05T11:54,477,1,0.808,en,0.0313
7063,184,11,v1,2026-02-20T14:47,1431,1,0.657,de,0.0341
7064,174,8,v3,2026-05-23T06:36,967,1,1.0,ja,0.0477
7065,1026,10,v2,2026-01-31T04:43,746,1,0.595,fr,0.0672
7066,683,11,v3,2026-01-04T21:13,483,1,0.848,en,0.0258
7067,775,3,v3,2026-06-06T07:43,1168,1,0.889,en,0.0078
7068,298,5,v1,2026-05-29T19:12,1601,1,0.742,es,0.0332
7069,200,9,v2,2026-01-16T04:55,1423,1,0.889,he,0.0593
7070,1787,1,v1,2026-05-25T02:30,1051,0,0.878,en,0.0497
7071,1412,10,v3,2026-02-20T07:30,1239,0,0.894,en,0.0134
7072,1248,1,v3,2026-03-18T19:32,912,1,0.711,ja,0.0257
7073,989,8,v1,2026-01-25T17:35,1217,1,0.887,de,0.0424
7074,1216,11,v2,2026-07-20T01:01,1111,1,0.381,de,0.063
7075,761,5,v3,2026-05-16T08:18,1059,1,0.808,de,0.0591
7076,1763,6,v1,2026-01-01T09:40,1707,1,0.705,de,0.0344
7077,1573,8,v2,2026-07-25T06:27,904,1,0.915,en,0.0119
7078,1145,9,v1,2026-03-18T05:03,1932,1,0.503,ja,0.0261
7079,1395,7,v3,2026-04-07T00:21,860,1,0.694,en,0.0637
7080,395,6,v1,2026-01-17T17:30,2089,1,0.891,fr,0.0287
7081,1450,3,v3,2026-07-10T13:36,1554,1,0.841,en,0.059
7082,1557,8,v2,2026-01-02T22:06,633,1,0.829,fr,0.0652
7083,1533,2,v1,2026-01-31T17:57,1065,0,0.913,es,0.0523
7084,306,10,v1,2026-05-10T23:15,1453,0,0.688,de,0.0091
7085,655,8,v3,2026-02-10T17:20,1202,1,0.872,en,0.0625
7086,715,7,v3,2026-04-07T20:32,1412,1,0.541,en,0.0552
7087,212,6,v3,2026-07-26T22:39,802,1,1.0,en,0.0623
7088,191,7,v3,2026-07-17T20:13,1068,1,0.595,ja,0.0458
7089,1743,7,v1,2026-04-22T12:00,1053,1,0.599,de,0.0125
7090,1520,4,v3,2026-03-01T07:45,1415,1,0.834,es,0.0349
7091,795,8,v2,2026-07-21T21:33,1450,1,0.643,es,0.0743
7092,70,2,v3,2026-02-13T04:26,656,1,0.864,es,0.0771
7093,688,4,v3,2026-04-26T23:48,2232,1,0.645,de,0.0315
7094,1251,3,v1,2026-04-29T20:00,1209,1,0.665,en,0.0043
7095,828,1,v2,2026-05-11T17:05,1651,1,0.498,en,0.0406
7096,1352,5,v1,2026-01-18T06:48,1493,1,0.535,he,0.0493
7097,1068,11,v3,2026-03-19T03:44,763,1,0.23,ja,0.0133
7098,165,8,v1,2026-02-04T11:44,1612,1,0.602,fr,0.03
7099,733,10,v2,2026-05-18T13:08,1298,1,0.546,fr,0.0264
7100,1702,12,v1,2026-02-01T16:12,278,0,0.692,ja,0.0662
7101,1150,4,v2,2026-02-18T14:45,1370,1,1.0,es,0.0378
7102,12,6,v3,2026-06-01T07:52,1500,0,0.749,en,0.0396
7103,1449,3,v1,2026-03-10T02:04,1621,0,0.839,fr,0.065
7104,955,11,v1,2026-04-18T01:03,1103,1,0.758,en,0.038
7105,857,12,v2,2026-04-16T23:49,1049,1,0.961,en,0.0271
7106,721,7,v1,2026-05-20T23:38,2277,1,0.666,en,0.052
7107,985,8,v3,2026-07-13T18:37,1424,1,0.748,en,0.0128
7108,1576,8,v2,2026-02-26T13:39,1450,1,0.773,en,0.0497
7109,679,4,v2,2026-01-25T16:30,338,1,0.479,en,0.0274
7110,1657,12,v2,2026-07-13T14:25,1156,1,0.691,en,0.0401
7111,881,6,v2,2026-07-10T19:52,1649,1,1.0,en,0.0032
7112,1380,2,v1,2026-04-18T01:16,2082,0,0.959,en,0.0561
7113,1045,12,v1,2026-06-22T01:52,1258,1,0.178,en,0.0688
7114,1572,3,v1,2026-06-15T04:07,1904,1,0.614,en,0.0549
7115,1018,12,v2,2026-04-04T22:44,1525,0,0.998,es,0.0763
7116,847,12,v2,2026-02-15T00:13,1126,0,0.737,en,0.0291
7117,1520,11,v1,2026-03-01T07:45,1413,1,0.731,es,0.06
7118,411,10,v1,2026-07-22T00:19,1723,1,0.573,de,0.0319
7119,395,11,v2,2026-01-17T17:30,1861,1,0.781,fr,0.0472
7120,218,11,v2,2026-05-27T06:01,632,1,0.713,en,0.0079
7121,238,2,v1,2026-01-04T15:50,1282,1,0.98,de,0.0709
7122,904,2,v1,2026-04-18T14:12,1372,1,0.55,de,0.027
7123,1097,2,v3,2026-02-18T17:37,966,1,0.338,en,0.0533
7124,203,8,v1,2026-06-11T00:08,1426,1,0.783,fr,0.0751
7125,334,1,v1,2026-05-18T16:30,1337,1,0.748,en,0.017
7126,871,5,v1,2026-02-18T17:25,1820,1,0.448,ja,0.0653
7127,1106,11,v1,2026-01-11T00:31,2176,1,0.754,es,0.0224
7128,896,1,v2,2026-02-03T15:55,1761,1,0.641,en,0.0064
7129,14,4,v3,2026-07-27T12:53,628,1,0.781,en,0.0505
7130,597,3,v2,2026-07-25T15:40,536,1,1.0,en,0.0457
7131,1782,9,v2,2026-03-18T20:39,1740,1,0.581,de,0.0776
7132,1501,3,v2,2026-06-23T07:59,453,1,0.552,en,0.0375
7133,544,10,v2,2026-03-20T04:20,936,1,0.718,he,0.0121
7134,727,7,v2,2026-03-30T18:03,1656,0,1.0,de,0.0713
7135,1252,10,v2,2026-06-29T18:48,867,1,1.0,en,0.0769
7136,1532,7,v3,2026-04-18T02:33,1418,1,0.834,ja,0.0561
7137,564,5,v1,2026-02-03T09:38,655,0,0.732,en,0.051
7138,241,6,v3,2026-06-16T18:34,320,1,0.748,de,0.0248
7139,74,5,v2,2026-02-01T16:57,2059,1,0.764,en,0.0712
7140,405,2,v3,2026-01-05T21:23,1115,1,0.574,en,0.0182
7141,1648,9,v1,2026-04-26T19:22,1561,1,0.862,es,0.0589
7142,575,8,v1,2026-02-23T22:15,1256,1,0.65,en,0.0135
7143,823,4,v2,2026-05-13T22:39,1545,1,0.776,en,0.0262
7144,1369,2,v3,2026-06-25T18:57,1028,1,0.694,es,0.0786
7145,1800,12,v1,2026-03-15T17:42,1498,1,0.571,en,0.0737
7146,861,12,v2,2026-06-22T14:12,484,1,0.457,ja,0.0781
7147,92,2,v2,2026-04-03T05:06,1431,0,0.715,de,0.0549
7148,1247,2,v3,2026-07-07T23:46,1441,1,0.888,es,0.0573
7149,65,6,v3,2026-04-26T18:39,1208,1,0.809,fr,0.058
7150,581,8,v2,2026-01-19T00:05,680,1,0.783,de,0.0747
7151,617,4,v1,2026-04-09T05:34,2186,1,0.672,en,0.0425
7152,1215,3,v1,2026-02-25T17:30,696,1,0.635,en,0.0281
7153,1772,1,v3,2026-06-24T04:17,1867,1,0.619,en,0.0635
7154,230,3,v2,2026-07-14T09:31,1278,1,0.562,en,0.0459
7155,1139,3,v2,2026-07-24T00:32,987,1,0.611,fr,0.0733
7156,1352,5,v3,2026-01-18T06:48,799,1,1.0,he,0.0597
7157,748,5,v1,2026-07-23T16:37,1100,1,0.769,en,0.0258
7158,1427,12,v3,2026-07-26T05:37,1458,1,0.942,en,0.0116
7159,1166,2,v2,2026-06-23T18:17,1382,1,0.598,ja,0.0218
7160,471,7,v1,2026-01-01T06:14,1694,1,0.595,es,0.0796
7161,377,1,v2,2026-07-03T13:42,325,1,0.702,de,0.0792
7162,1466,9,v1,2026-04-13T05:06,1452,1,0.834,en,0.0554
7163,879,6,v1,2026-03-11T19:59,1597,1,0.749,en,0.0521
7164,905,8,v3,2026-01-05T13:27,864,1,0.656,en,0.0742
7165,386,6,v1,2026-05-05T23:42,1872,1,0.937,ja,0.0041
7166,667,9,v3,2026-05-29T19:27,1425,1,0.819,es,0.0524
7167,1358,7,v3,2026-05-18T01:31,1815,1,0.764,es,0.0708
7168,638,1,v3,2026-06-23T02:59,926,1,0.853,de,0.0088
7169,58,2,v3,2026-06-03T23:23,1125,1,0.816,en,0.0049
7170,402,1,v1,2026-02-02T23:37,1322,1,0.463,fr,0.0367
7171,922,2,v1,2026-05-07T12:48,2030,0,0.774,en,0.0509
7172,1587,2,v2,2026-06-17T10:14,1020,1,0.922,en,0.0527
7173,591,10,v3,2026-03-05T22:38,1768,1,0.737,he,0.0789
7174,822,7,v2,2026-06-30T04:58,993,1,0.66,fr,0.0634
7175,1503,10,v1,2026-05-01T18:31,1941,1,0.484,en,0.0495
7176,938,12,v3,2026-05-16T03:11,1622,1,0.903,es,0.0537
7177,428,10,v1,2026-06-15T15:38,1695,1,0.633,he,0.0226
7178,426,5,v2,2026-05-17T08:24,1394,0,0.996,en,0.0756
7179,1587,12,v2,2026-06-17T10:14,1250,1,0.801,en,0.0425
7180,1519,9,v3,2026-07-10T16:23,1759,1,0.926,en,0.0338
7181,289,2,v2,2026-06-23T12:20,1682,0,0.305,en,0.0053
7182,1492,3,v2,2026-07-03T07:10,1249,1,0.82,de,0.0179
7183,694,1,v1,2026-01-09T23:29,1921,0,0.838,es,0.078
7184,1258,8,v1,2026-06-01T08:23,1939,1,0.751,en,0.0045
7185,852,2,v1,2026-06-23T05:32,2278,0,0.657,en,0.0389
7186,827,1,v2,2026-04-28T14:02,773,1,0.658,es,0.0482
7187,1031,8,v3,2026-03-15T16:26,943,1,0.88,en,0.0571
7188,783,11,v1,2026-06-16T06:08,1140,1,0.791,en,0.0514
7189,148,12,v1,2026-01-11T03:24,1313,1,0.805,de,0.0313
7190,630,8,v2,2026-06-17T04:54,575,1,0.752,ja,0.0438
7191,1520,1,v2,2026-03-01T07:45,1410,1,0.828,es,0.0641
7192,910,1,v1,2026-06-10T08:49,1922,1,0.909,es,0.035
7193,805,5,v3,2026-03-17T10:26,895,0,0.883,de,0.0778
7194,941,3,v1,2026-04-12T10:05,2471,1,0.618,de,0.0747
7195,1414,8,v3,2026-05-14T16:51,585,1,1.0,en,0.0523
7196,1589,4,v3,2026-06-06T10:21,355,0,0.557,en,0.0555
7197,618,11,v2,2026-07-09T16:13,974,1,0.618,en,0.0132
7198,1414,10,v1,2026-05-14T16:51,1952,1,0.92,en,0.0124
7199,261,6,v3,2026-02-16T00:01,1470,1,1.0,es,0.0231
7200,8,10,v3,2026-07-09T19:28,1509,0,0.667,es,0.0622
