query_id,document_id,rank,retrieval_score,is_relevant,retriever_version
1,342,1,0.905,1,hybrid_v2
1,410,2,0.701,0,dense_v1
1,180,3,0.716,0,dense_v1
1,369,4,0.772,1,hybrid_v2
1,314,5,0.582,1,hybrid_v2
2,328,1,0.374,1,dense_v1
2,327,2,0.55,1,hybrid_v2
2,299,3,0.676,1,hybrid_v2
2,247,4,0.804,0,dense_v1
2,319,5,0.925,0,dense_v1
3,425,1,0.925,0,dense_v1
3,292,2,0.657,1,hybrid_v2
3,268,3,0.512,1,dense_v1
3,266,4,0.655,1,hybrid_v2
3,392,5,0.821,1,hybrid_v2
4,58,1,0.395,1,hybrid_v2
4,86,2,0.598,0,hybrid_v2
4,28,3,0.591,0,dense_v1
4,353,4,0.689,1,hybrid_v2
4,401,5,0.973,1,hybrid_v2
5,51,1,0.529,1,dense_v1
5,480,2,0.594,1,dense_v1
5,229,3,0.667,0,hybrid_v2
5,224,4,0.438,1,dense_v1
5,180,5,0.697,0,hybrid_v2
6,80,1,0.48,1,hybrid_v2
6,450,2,0.641,1,hybrid_v2
6,370,3,0.562,0,hybrid_v2
6,459,4,0.918,1,hybrid_v2
6,283,5,0.351,1,hybrid_v2
7,296,1,0.947,0,hybrid_v2
7,343,2,0.854,1,dense_v1
7,341,3,0.421,1,hybrid_v2
7,306,4,0.369,1,hybrid_v2
7,195,5,0.871,0,hybrid_v2
8,65,1,0.63,1,dense_v1
8,21,2,0.503,1,dense_v1
8,216,3,0.916,1,hybrid_v2
8,303,4,0.493,0,hybrid_v2
8,322,5,0.86,0,dense_v1
9,309,1,0.709,1,hybrid_v2
9,186,2,0.757,0,hybrid_v2
9,284,3,0.894,0,dense_v1
9,308,4,0.905,1,dense_v1
9,183,5,0.705,0,dense_v1
10,136,1,0.793,1,dense_v1
10,500,2,0.964,1,hybrid_v2
10,230,3,0.899,0,hybrid_v2
10,467,4,0.725,0,hybrid_v2
10,99,5,0.787,0,dense_v1
11,48,1,0.764,0,dense_v1
11,248,2,0.679,1,hybrid_v2
11,34,3,0.587,1,hybrid_v2
11,424,4,0.375,0,hybrid_v2
11,450,5,0.75,0,dense_v1
12,129,1,0.865,1,dense_v1
12,337,2,0.532,0,hybrid_v2
12,76,3,0.829,0,dense_v1
12,149,4,0.672,0,dense_v1
12,167,5,0.977,0,dense_v1
13,99,1,0.709,1,dense_v1
13,155,2,0.778,0,hybrid_v2
13,225,3,0.686,0,dense_v1
13,487,4,0.512,1,dense_v1
13,287,5,0.637,1,hybrid_v2
14,210,1,0.551,1,dense_v1
14,93,2,0.847,0,hybrid_v2
14,317,3,0.845,1,dense_v1
14,469,4,0.507,1,dense_v1
14,449,5,0.616,0,dense_v1
15,226,1,0.437,1,hybrid_v2
15,451,2,0.784,0,dense_v1
15,487,3,0.614,0,dense_v1
15,459,4,0.97,0,hybrid_v2
15,114,5,0.777,1,hybrid_v2
16,453,1,0.837,1,hybrid_v2
16,238,2,0.631,0,hybrid_v2
16,197,3,0.945,0,hybrid_v2
16,307,4,0.669,0,dense_v1
16,190,5,0.442,0,dense_v1
17,304,1,0.62,0,hybrid_v2
17,486,2,0.513,1,hybrid_v2
17,45,3,0.936,1,dense_v1
17,112,4,0.954,0,hybrid_v2
17,353,5,0.367,0,dense_v1
18,119,1,0.655,1,hybrid_v2
18,265,2,0.369,1,dense_v1
18,12,3,0.353,1,dense_v1
18,430,4,0.433,0,hybrid_v2
18,75,5,0.377,0,hybrid_v2
19,445,1,0.577,1,dense_v1
19,345,2,0.713,0,hybrid_v2
19,364,3,0.879,0,hybrid_v2
19,454,4,0.701,1,dense_v1
19,292,5,0.668,0,hybrid_v2
20,217,1,0.714,0,hybrid_v2
20,189,2,0.83,0,hybrid_v2
20,50,3,0.415,1,hybrid_v2
20,371,4,0.622,1,hybrid_v2
20,119,5,0.393,0,dense_v1
21,276,1,0.892,1,hybrid_v2
21,79,2,0.597,1,hybrid_v2
21,325,3,0.877,0,hybrid_v2
21,142,4,0.905,1,dense_v1
21,137,5,0.454,1,dense_v1
22,83,1,0.467,1,dense_v1
22,321,2,0.449,1,hybrid_v2
22,437,3,0.646,0,hybrid_v2
22,69,4,0.775,1,hybrid_v2
22,150,5,0.924,1,hybrid_v2
23,273,1,0.949,1,hybrid_v2
23,389,2,0.665,0,hybrid_v2
23,353,3,0.482,0,hybrid_v2
23,142,4,0.418,0,dense_v1
23,383,5,0.724,1,hybrid_v2
24,176,1,0.595,1,hybrid_v2
24,187,2,0.658,1,hybrid_v2
24,278,3,0.799,0,hybrid_v2
24,421,4,0.641,0,hybrid_v2
24,427,5,0.475,0,dense_v1
25,246,1,0.712,1,hybrid_v2
25,344,2,0.49,1,hybrid_v2
25,416,3,0.824,1,dense_v1
25,184,4,0.569,0,dense_v1
25,60,5,0.564,0,dense_v1
26,469,1,0.665,1,dense_v1
26,288,2,0.858,1,hybrid_v2
26,369,3,0.591,0,hybrid_v2
26,29,4,0.807,1,dense_v1
26,413,5,0.43,0,dense_v1
27,247,1,0.364,1,hybrid_v2
27,157,2,0.382,0,dense_v1
27,370,3,0.734,1,dense_v1
27,203,4,0.447,1,hybrid_v2
27,346,5,0.934,0,hybrid_v2
28,413,1,0.628,1,dense_v1
28,458,2,0.839,0,dense_v1
28,333,3,0.387,1,hybrid_v2
28,43,4,0.358,1,hybrid_v2
28,236,5,0.58,0,dense_v1
29,94,1,0.434,0,dense_v1
29,142,2,0.707,1,hybrid_v2
29,458,3,0.801,1,dense_v1
29,306,4,0.599,1,hybrid_v2
29,150,5,0.922,0,hybrid_v2
30,487,1,0.635,1,hybrid_v2
30,167,2,0.741,1,hybrid_v2
30,437,3,0.866,1,dense_v1
30,262,4,0.96,1,dense_v1
30,278,5,0.827,1,hybrid_v2
31,302,1,0.979,1,hybrid_v2
31,6,2,0.875,1,dense_v1
31,358,3,0.757,0,hybrid_v2
31,316,4,0.356,1,dense_v1
31,45,5,0.974,1,hybrid_v2
32,386,1,0.741,1,dense_v1
32,482,2,0.372,1,dense_v1
32,218,3,0.688,1,hybrid_v2
32,265,4,0.977,1,hybrid_v2
32,125,5,0.636,0,hybrid_v2
33,385,1,0.8,1,dense_v1
33,355,2,0.626,0,dense_v1
33,91,3,0.418,0,dense_v1
33,177,4,0.892,1,hybrid_v2
33,49,5,0.873,1,hybrid_v2
34,78,1,0.482,1,hybrid_v2
34,411,2,0.803,1,dense_v1
34,104,3,0.607,1,dense_v1
34,406,4,0.625,0,dense_v1
34,351,5,0.79,0,hybrid_v2
35,72,1,0.818,0,dense_v1
35,148,2,0.38,0,hybrid_v2
35,410,3,0.56,1,dense_v1
35,391,4,0.695,0,dense_v1
35,491,5,0.765,1,hybrid_v2
36,62,1,0.813,1,hybrid_v2
36,41,2,0.532,0,dense_v1
36,436,3,0.748,1,dense_v1
36,307,4,0.413,1,hybrid_v2
36,446,5,0.931,0,dense_v1
37,15,1,0.735,0,hybrid_v2
37,218,2,0.779,1,hybrid_v2
37,281,3,0.484,0,dense_v1
37,118,4,0.727,0,hybrid_v2
37,196,5,0.574,1,hybrid_v2
38,288,1,0.645,1,hybrid_v2
38,464,2,0.796,0,hybrid_v2
38,46,3,0.596,0,dense_v1
38,53,4,0.531,0,dense_v1
38,162,5,0.435,0,dense_v1
39,189,1,0.776,1,hybrid_v2
39,468,2,0.546,0,dense_v1
39,226,3,0.948,0,dense_v1
39,478,4,0.62,0,dense_v1
39,100,5,0.432,0,hybrid_v2
40,140,1,0.755,1,hybrid_v2
40,358,2,0.376,0,dense_v1
40,94,3,0.67,0,hybrid_v2
40,189,4,0.479,1,hybrid_v2
40,387,5,0.594,0,dense_v1
41,280,1,0.537,1,hybrid_v2
41,94,2,0.93,1,hybrid_v2
41,489,3,0.556,1,hybrid_v2
41,433,4,0.687,0,dense_v1
41,311,5,0.438,0,hybrid_v2
42,23,1,0.509,1,hybrid_v2
42,58,2,0.834,0,dense_v1
42,65,3,0.821,1,dense_v1
42,476,4,0.458,1,hybrid_v2
42,403,5,0.591,0,dense_v1
43,484,1,0.528,1,hybrid_v2
43,7,2,0.798,0,dense_v1
43,405,3,0.587,1,hybrid_v2
43,393,4,0.753,0,dense_v1
43,397,5,0.529,0,hybrid_v2
44,90,1,0.631,0,dense_v1
44,103,2,0.428,0,hybrid_v2
44,37,3,0.954,0,dense_v1
44,187,4,0.367,1,dense_v1
44,433,5,0.961,0,dense_v1
45,140,1,0.621,1,dense_v1
45,363,2,0.831,1,hybrid_v2
45,336,3,0.957,1,hybrid_v2
45,304,4,0.486,1,dense_v1
45,492,5,0.507,0,hybrid_v2
46,159,1,0.412,1,hybrid_v2
46,363,2,0.903,1,hybrid_v2
46,430,3,0.496,1,dense_v1
46,61,4,0.436,1,dense_v1
46,402,5,0.711,1,hybrid_v2
47,352,1,0.65,1,dense_v1
47,353,2,0.934,0,hybrid_v2
47,489,3,0.672,0,dense_v1
47,405,4,0.762,1,hybrid_v2
47,393,5,0.789,0,dense_v1
48,256,1,0.434,1,hybrid_v2
48,279,2,0.89,1,dense_v1
48,409,3,0.716,0,dense_v1
48,434,4,0.679,1,hybrid_v2
48,2,5,0.875,1,dense_v1
49,419,1,0.696,1,dense_v1
49,57,2,0.843,0,hybrid_v2
49,153,3,0.368,1,hybrid_v2
49,22,4,0.823,0,dense_v1
49,260,5,0.888,0,dense_v1
50,468,1,0.473,1,dense_v1
50,74,2,0.394,1,hybrid_v2
50,239,3,0.787,1,dense_v1
50,500,4,0.676,0,hybrid_v2
50,208,5,0.95,0,hybrid_v2
51,322,1,0.823,0,dense_v1
51,278,2,0.613,1,dense_v1
51,165,3,0.685,1,hybrid_v2
51,7,4,0.669,1,dense_v1
51,380,5,0.915,1,hybrid_v2
52,348,1,0.663,1,dense_v1
52,481,2,0.686,0,dense_v1
52,374,3,0.7,1,hybrid_v2
52,234,4,0.477,1,dense_v1
52,413,5,0.976,1,dense_v1
53,117,1,0.877,1,dense_v1
53,332,2,0.533,1,dense_v1
53,12,3,0.931,1,hybrid_v2
53,130,4,0.662,1,dense_v1
53,394,5,0.59,1,dense_v1
54,108,1,0.838,1,dense_v1
54,430,2,0.607,1,dense_v1
54,124,3,0.501,1,dense_v1
54,314,4,0.389,1,hybrid_v2
54,159,5,0.531,1,hybrid_v2
55,387,1,0.498,1,hybrid_v2
55,131,2,0.929,1,dense_v1
55,7,3,0.935,1,hybrid_v2
55,433,4,0.959,1,dense_v1
55,450,5,0.434,1,hybrid_v2
56,255,1,0.361,1,hybrid_v2
56,474,2,0.526,1,hybrid_v2
56,95,3,0.36,0,hybrid_v2
56,390,4,0.73,0,dense_v1
56,68,5,0.661,0,dense_v1
57,159,1,0.714,0,hybrid_v2
57,42,2,0.567,1,hybrid_v2
57,456,3,0.939,0,hybrid_v2
57,319,4,0.511,1,dense_v1
57,112,5,0.68,0,hybrid_v2
58,84,1,0.577,1,hybrid_v2
58,29,2,0.808,0,hybrid_v2
58,381,3,0.509,0,hybrid_v2
58,275,4,0.653,1,hybrid_v2
58,306,5,0.536,0,dense_v1
59,461,1,0.711,1,hybrid_v2
59,343,2,0.968,1,hybrid_v2
59,82,3,0.646,0,dense_v1
59,483,4,0.97,0,hybrid_v2
59,122,5,0.835,0,dense_v1
60,485,1,0.435,1,hybrid_v2
60,250,2,0.766,1,hybrid_v2
60,496,3,0.66,0,dense_v1
60,84,4,0.791,0,hybrid_v2
60,243,5,0.642,0,hybrid_v2
61,462,1,0.562,1,hybrid_v2
61,450,2,0.724,0,dense_v1
61,353,3,0.79,0,dense_v1
61,341,4,0.383,1,hybrid_v2
61,133,5,0.792,1,hybrid_v2
62,295,1,0.731,1,hybrid_v2
62,477,2,0.801,1,hybrid_v2
62,44,3,0.896,1,hybrid_v2
62,249,4,0.628,1,hybrid_v2
62,7,5,0.654,0,hybrid_v2
63,425,1,0.629,1,hybrid_v2
63,326,2,0.486,0,hybrid_v2
63,455,3,0.411,1,hybrid_v2
63,198,4,0.832,1,hybrid_v2
63,436,5,0.807,1,hybrid_v2
64,172,1,0.91,1,dense_v1
64,441,2,0.688,1,dense_v1
64,372,3,0.732,1,hybrid_v2
64,91,4,0.673,0,dense_v1
64,482,5,0.726,1,hybrid_v2
65,382,1,0.683,1,hybrid_v2
65,259,2,0.591,0,dense_v1
65,102,3,0.572,1,hybrid_v2
65,493,4,0.575,1,dense_v1
65,99,5,0.823,0,dense_v1
66,264,1,0.954,0,hybrid_v2
66,453,2,0.672,0,dense_v1
66,420,3,0.678,0,dense_v1
66,342,4,0.763,1,hybrid_v2
66,221,5,0.709,1,dense_v1
67,228,1,0.971,1,dense_v1
67,45,2,0.437,0,hybrid_v2
67,158,3,0.607,0,hybrid_v2
67,398,4,0.458,0,dense_v1
67,50,5,0.364,0,hybrid_v2
68,66,1,0.818,1,dense_v1
68,40,2,0.469,1,dense_v1
68,41,3,0.885,0,hybrid_v2
68,167,4,0.617,1,hybrid_v2
68,164,5,0.477,0,dense_v1
69,290,1,0.735,1,hybrid_v2
69,254,2,0.588,1,hybrid_v2
69,76,3,0.909,0,dense_v1
69,424,4,0.51,0,dense_v1
69,473,5,0.388,0,dense_v1
70,291,1,0.596,0,dense_v1
70,190,2,0.794,1,dense_v1
70,495,3,0.953,0,hybrid_v2
70,163,4,0.97,1,dense_v1
70,481,5,0.685,1,hybrid_v2
71,422,1,0.358,0,hybrid_v2
71,352,2,0.889,1,hybrid_v2
71,97,3,0.4,1,hybrid_v2
71,138,4,0.382,0,hybrid_v2
71,210,5,0.484,0,hybrid_v2
72,295,1,0.579,1,dense_v1
72,2,2,0.392,1,hybrid_v2
72,295,3,0.497,1,dense_v1
72,106,4,0.556,0,hybrid_v2
72,316,5,0.637,1,hybrid_v2
73,114,1,0.438,1,hybrid_v2
73,158,2,0.702,0,dense_v1
73,375,3,0.946,0,hybrid_v2
73,185,4,0.489,0,hybrid_v2
73,3,5,0.616,1,dense_v1
74,187,1,0.477,1,hybrid_v2
74,177,2,0.543,1,dense_v1
74,90,3,0.614,1,hybrid_v2
74,500,4,0.498,0,dense_v1
74,6,5,0.768,0,dense_v1
75,426,1,0.713,1,hybrid_v2
75,23,2,0.954,0,dense_v1
75,337,3,0.766,1,dense_v1
75,287,4,0.531,1,dense_v1
75,278,5,0.921,1,hybrid_v2
76,363,1,0.739,1,hybrid_v2
76,372,2,0.46,1,dense_v1
76,10,3,0.353,1,dense_v1
76,83,4,0.945,1,hybrid_v2
76,382,5,0.416,0,dense_v1
77,75,1,0.953,0,dense_v1
77,4,2,0.523,1,hybrid_v2
77,32,3,0.762,1,dense_v1
77,414,4,0.85,1,dense_v1
77,307,5,0.452,1,hybrid_v2
78,122,1,0.777,0,hybrid_v2
78,316,2,0.862,0,dense_v1
78,439,3,0.619,0,hybrid_v2
78,366,4,0.715,0,dense_v1
78,93,5,0.586,1,dense_v1
79,400,1,0.934,0,hybrid_v2
79,3,2,0.358,0,dense_v1
79,152,3,0.667,1,hybrid_v2
79,124,4,0.798,0,hybrid_v2
79,6,5,0.479,1,hybrid_v2
80,298,1,0.76,1,dense_v1
80,8,2,0.693,0,dense_v1
80,442,3,0.627,0,dense_v1
80,311,4,0.801,0,dense_v1
80,83,5,0.665,0,hybrid_v2
81,113,1,0.789,1,dense_v1
81,42,2,0.456,1,hybrid_v2
81,479,3,0.378,1,hybrid_v2
81,20,4,0.676,1,dense_v1
81,321,5,0.725,1,dense_v1
82,26,1,0.877,0,hybrid_v2
82,15,2,0.389,1,hybrid_v2
82,46,3,0.95,0,hybrid_v2
82,226,4,0.935,1,hybrid_v2
82,125,5,0.508,1,dense_v1
83,428,1,0.507,0,hybrid_v2
83,168,2,0.493,0,hybrid_v2
83,401,3,0.425,0,dense_v1
83,379,4,0.472,0,dense_v1
83,285,5,0.723,1,dense_v1
84,240,1,0.9,1,hybrid_v2
84,242,2,0.855,1,dense_v1
84,351,3,0.436,1,hybrid_v2
84,123,4,0.392,0,hybrid_v2
84,212,5,0.976,0,dense_v1
85,73,1,0.528,0,hybrid_v2
85,214,2,0.475,1,hybrid_v2
85,104,3,0.473,0,dense_v1
85,369,4,0.508,0,dense_v1
85,340,5,0.798,1,hybrid_v2
86,208,1,0.645,1,hybrid_v2
86,187,2,0.817,1,hybrid_v2
86,428,3,0.835,1,hybrid_v2
86,303,4,0.666,0,hybrid_v2
86,254,5,0.568,0,hybrid_v2
87,222,1,0.963,1,hybrid_v2
87,126,2,0.809,1,hybrid_v2
87,111,3,0.865,0,dense_v1
87,441,4,0.376,0,hybrid_v2
87,152,5,0.62,0,dense_v1
88,320,1,0.411,1,hybrid_v2
88,243,2,0.521,1,hybrid_v2
88,131,3,0.452,1,hybrid_v2
88,104,4,0.805,0,hybrid_v2
88,414,5,0.552,0,hybrid_v2
89,410,1,0.695,0,dense_v1
89,435,2,0.492,1,hybrid_v2
89,262,3,0.944,1,hybrid_v2
89,62,4,0.824,0,dense_v1
89,96,5,0.52,0,hybrid_v2
90,78,1,0.794,0,dense_v1
90,16,2,0.64,1,hybrid_v2
90,206,3,0.947,0,hybrid_v2
90,288,4,0.542,0,hybrid_v2
90,118,5,0.65,0,hybrid_v2
91,41,1,0.763,0,dense_v1
91,25,2,0.821,1,dense_v1
91,109,3,0.503,0,dense_v1
91,286,4,0.418,0,hybrid_v2
91,118,5,0.895,0,hybrid_v2
92,173,1,0.926,1,dense_v1
92,247,2,0.379,0,hybrid_v2
92,188,3,0.851,1,hybrid_v2
92,240,4,0.488,1,dense_v1
92,175,5,0.656,0,hybrid_v2
93,179,1,0.749,0,dense_v1
93,441,2,0.594,1,dense_v1
93,264,3,0.505,0,dense_v1
93,131,4,0.871,1,dense_v1
93,390,5,0.812,0,hybrid_v2
94,132,1,0.833,1,dense_v1
94,73,2,0.377,0,hybrid_v2
94,477,3,0.514,0,dense_v1
94,70,4,0.552,0,hybrid_v2
94,458,5,0.819,0,hybrid_v2
95,155,1,0.54,1,dense_v1
95,415,2,0.906,0,hybrid_v2
95,256,3,0.923,0,dense_v1
95,154,4,0.428,1,hybrid_v2
95,455,5,0.93,0,hybrid_v2
96,353,1,0.535,1,hybrid_v2
96,2,2,0.737,1,dense_v1
96,362,3,0.79,0,dense_v1
96,289,4,0.561,1,hybrid_v2
96,122,5,0.51,0,dense_v1
97,320,1,0.543,1,hybrid_v2
97,259,2,0.456,1,dense_v1
97,138,3,0.872,1,hybrid_v2
97,487,4,0.83,0,hybrid_v2
97,420,5,0.749,1,dense_v1
98,94,1,0.955,1,hybrid_v2
98,245,2,0.751,1,dense_v1
98,289,3,0.91,1,dense_v1
98,199,4,0.719,1,hybrid_v2
98,278,5,0.575,1,dense_v1
99,302,1,0.433,1,hybrid_v2
99,71,2,0.768,1,hybrid_v2
99,263,3,0.449,0,hybrid_v2
99,176,4,0.807,0,hybrid_v2
99,366,5,0.777,1,dense_v1
100,369,1,0.432,1,hybrid_v2
100,427,2,0.889,1,dense_v1
100,86,3,0.669,0,hybrid_v2
100,404,4,0.933,1,dense_v1
100,121,5,0.913,0,dense_v1
101,445,1,0.731,0,hybrid_v2
101,278,2,0.578,1,dense_v1
101,195,3,0.684,0,dense_v1
101,88,4,0.83,1,hybrid_v2
101,285,5,0.932,0,hybrid_v2
102,105,1,0.747,0,hybrid_v2
102,441,2,0.975,1,hybrid_v2
102,110,3,0.397,1,dense_v1
102,298,4,0.532,0,hybrid_v2
102,173,5,0.568,0,hybrid_v2
103,320,1,0.462,1,dense_v1
103,247,2,0.442,0,dense_v1
103,123,3,0.433,1,hybrid_v2
103,255,4,0.793,1,dense_v1
103,199,5,0.498,0,dense_v1
104,419,1,0.72,1,dense_v1
104,156,2,0.847,1,dense_v1
104,139,3,0.628,1,dense_v1
104,245,4,0.825,1,hybrid_v2
104,376,5,0.395,1,dense_v1
105,468,1,0.699,0,dense_v1
105,486,2,0.515,1,hybrid_v2
105,392,3,0.526,0,hybrid_v2
105,400,4,0.624,1,dense_v1
105,97,5,0.663,0,dense_v1
106,191,1,0.436,1,hybrid_v2
106,330,2,0.718,1,hybrid_v2
106,70,3,0.875,1,hybrid_v2
106,371,4,0.753,0,hybrid_v2
106,250,5,0.704,1,hybrid_v2
107,314,1,0.953,1,dense_v1
107,140,2,0.696,0,hybrid_v2
107,97,3,0.71,1,hybrid_v2
107,60,4,0.896,0,hybrid_v2
107,12,5,0.576,1,hybrid_v2
108,211,1,0.541,1,hybrid_v2
108,299,2,0.636,1,hybrid_v2
108,367,3,0.733,1,dense_v1
108,223,4,0.4,1,dense_v1
108,418,5,0.776,1,hybrid_v2
109,217,1,0.748,1,dense_v1
109,476,2,0.686,1,hybrid_v2
109,473,3,0.973,1,hybrid_v2
109,41,4,0.736,1,dense_v1
109,68,5,0.778,0,dense_v1
110,486,1,0.621,1,dense_v1
110,49,2,0.631,0,dense_v1
110,380,3,0.608,0,dense_v1
110,484,4,0.827,0,hybrid_v2
110,47,5,0.46,0,dense_v1
111,140,1,0.425,1,dense_v1
111,224,2,0.502,1,dense_v1
111,229,3,0.495,0,hybrid_v2
111,426,4,0.49,1,dense_v1
111,71,5,0.435,0,hybrid_v2
112,214,1,0.568,0,dense_v1
112,242,2,0.848,1,dense_v1
112,348,3,0.909,1,hybrid_v2
112,204,4,0.583,0,dense_v1
112,464,5,0.657,1,hybrid_v2
113,287,1,0.617,1,dense_v1
113,284,2,0.817,1,hybrid_v2
113,50,3,0.492,1,dense_v1
113,398,4,0.493,0,dense_v1
113,254,5,0.775,0,hybrid_v2
114,228,1,0.795,1,dense_v1
114,463,2,0.956,1,dense_v1
114,28,3,0.787,0,hybrid_v2
114,448,4,0.666,1,dense_v1
114,363,5,0.609,1,hybrid_v2
115,239,1,0.973,0,hybrid_v2
115,496,2,0.517,1,hybrid_v2
115,440,3,0.384,1,hybrid_v2
115,157,4,0.468,1,hybrid_v2
115,82,5,0.659,1,dense_v1
116,249,1,0.376,1,hybrid_v2
116,164,2,0.526,0,dense_v1
116,362,3,0.634,0,hybrid_v2
116,104,4,0.535,1,hybrid_v2
116,342,5,0.556,1,dense_v1
117,41,1,0.7,1,dense_v1
117,371,2,0.42,0,dense_v1
117,81,3,0.503,0,dense_v1
117,209,4,0.832,0,dense_v1
117,475,5,0.664,0,hybrid_v2
118,26,1,0.43,1,hybrid_v2
118,49,2,0.944,0,dense_v1
118,306,3,0.897,1,hybrid_v2
118,134,4,0.664,0,dense_v1
118,201,5,0.862,0,hybrid_v2
119,146,1,0.695,1,dense_v1
119,430,2,0.774,0,hybrid_v2
119,409,3,0.9,0,hybrid_v2
119,337,4,0.895,1,dense_v1
119,299,5,0.766,0,hybrid_v2
120,152,1,0.37,1,dense_v1
120,361,2,0.432,1,dense_v1
120,189,3,0.465,1,dense_v1
120,171,4,0.449,1,dense_v1
120,444,5,0.643,0,hybrid_v2
121,135,1,0.819,1,dense_v1
121,268,2,0.828,0,hybrid_v2
121,453,3,0.422,1,hybrid_v2
121,74,4,0.532,0,hybrid_v2
121,484,5,0.648,1,dense_v1
122,261,1,0.931,1,dense_v1
122,264,2,0.917,0,hybrid_v2
122,162,3,0.82,1,hybrid_v2
122,74,4,0.385,0,hybrid_v2
122,409,5,0.608,0,dense_v1
123,273,1,0.625,1,dense_v1
123,150,2,0.626,1,hybrid_v2
123,165,3,0.436,1,dense_v1
123,381,4,0.564,0,dense_v1
123,486,5,0.465,1,hybrid_v2
124,476,1,0.893,1,dense_v1
124,16,2,0.358,1,dense_v1
124,24,3,0.838,1,dense_v1
124,171,4,0.456,0,hybrid_v2
124,398,5,0.916,1,dense_v1
125,59,1,0.723,1,hybrid_v2
125,97,2,0.785,1,dense_v1
125,323,3,0.833,0,dense_v1
125,471,4,0.356,0,hybrid_v2
125,270,5,0.863,0,dense_v1
126,441,1,0.558,1,dense_v1
126,41,2,0.405,0,dense_v1
126,94,3,0.411,0,dense_v1
126,218,4,0.762,1,hybrid_v2
126,180,5,0.415,0,dense_v1
127,240,1,0.77,1,hybrid_v2
127,363,2,0.572,0,hybrid_v2
127,142,3,0.594,0,hybrid_v2
127,500,4,0.817,1,hybrid_v2
127,244,5,0.862,1,dense_v1
128,209,1,0.448,0,hybrid_v2
128,17,2,0.903,1,hybrid_v2
128,396,3,0.83,0,hybrid_v2
128,1,4,0.77,1,hybrid_v2
128,20,5,0.714,1,hybrid_v2
129,357,1,0.746,1,hybrid_v2
129,445,2,0.39,1,dense_v1
129,404,3,0.653,1,dense_v1
129,76,4,0.651,1,dense_v1
129,461,5,0.551,1,dense_v1
130,286,1,0.593,0,hybrid_v2
130,34,2,0.377,1,dense_v1
130,424,3,0.95,0,hybrid_v2
130,412,4,0.966,0,dense_v1
130,97,5,0.751,1,dense_v1
131,377,1,0.38,0,hybrid_v2
131,406,2,0.58,1,dense_v1
131,340,3,0.351,0,dense_v1
131,72,4,0.865,0,dense_v1
131,245,5,0.542,1,hybrid_v2
132,218,1,0.712,1,hybrid_v2
132,343,2,0.54,1,hybrid_v2
132,440,3,0.782,0,hybrid_v2
132,285,4,0.706,0,hybrid_v2
132,486,5,0.406,1,hybrid_v2
133,374,1,0.869,0,dense_v1
133,13,2,0.406,1,dense_v1
133,229,3,0.589,1,dense_v1
133,39,4,0.595,0,dense_v1
133,202,5,0.953,0,hybrid_v2
134,472,1,0.389,0,dense_v1
134,45,2,0.594,1,hybrid_v2
134,309,3,0.89,1,hybrid_v2
134,216,4,0.574,1,hybrid_v2
134,292,5,0.469,0,dense_v1
135,462,1,0.784,1,dense_v1
135,435,2,0.98,1,dense_v1
135,186,3,0.378,1,hybrid_v2
135,127,4,0.456,1,hybrid_v2
135,257,5,0.937,0,hybrid_v2
136,412,1,0.473,1,hybrid_v2
136,471,2,0.515,1,hybrid_v2
136,107,3,0.775,1,dense_v1
136,297,4,0.899,0,hybrid_v2
136,142,5,0.568,1,dense_v1
137,270,1,0.422,1,dense_v1
137,439,2,0.521,1,hybrid_v2
137,72,3,0.829,0,hybrid_v2
137,255,4,0.415,0,hybrid_v2
137,91,5,0.871,0,hybrid_v2
138,178,1,0.841,0,dense_v1
138,164,2,0.477,1,dense_v1
138,421,3,0.477,0,hybrid_v2
138,304,4,0.503,0,dense_v1
138,190,5,0.751,0,dense_v1
139,70,1,0.892,0,dense_v1
139,226,2,0.902,1,hybrid_v2
139,496,3,0.496,0,hybrid_v2
139,237,4,0.67,1,dense_v1
139,491,5,0.707,0,dense_v1
140,315,1,0.425,1,hybrid_v2
140,58,2,0.625,0,dense_v1
140,402,3,0.84,0,dense_v1
140,421,4,0.599,0,dense_v1
140,132,5,0.907,0,dense_v1
141,101,1,0.841,1,hybrid_v2
141,365,2,0.652,0,hybrid_v2
141,312,3,0.648,0,dense_v1
141,338,4,0.475,0,hybrid_v2
141,118,5,0.637,0,dense_v1
142,222,1,0.674,1,dense_v1
142,272,2,0.868,1,hybrid_v2
142,192,3,0.972,1,hybrid_v2
142,330,4,0.949,0,hybrid_v2
142,243,5,0.627,1,dense_v1
143,17,1,0.873,1,hybrid_v2
143,240,2,0.601,0,hybrid_v2
143,87,3,0.709,0,hybrid_v2
143,217,4,0.841,1,hybrid_v2
143,175,5,0.804,1,hybrid_v2
144,112,1,0.641,1,hybrid_v2
144,484,2,0.4,0,dense_v1
144,194,3,0.896,1,dense_v1
144,384,4,0.432,1,hybrid_v2
144,469,5,0.687,0,dense_v1
145,182,1,0.779,1,hybrid_v2
145,243,2,0.56,1,hybrid_v2
145,23,3,0.921,1,dense_v1
145,443,4,0.779,1,hybrid_v2
145,443,5,0.447,1,hybrid_v2
146,313,1,0.777,0,hybrid_v2
146,254,2,0.44,0,hybrid_v2
146,357,3,0.785,1,dense_v1
146,466,4,0.426,1,hybrid_v2
146,360,5,0.585,0,hybrid_v2
147,180,1,0.479,1,dense_v1
147,18,2,0.532,0,dense_v1
147,8,3,0.73,1,hybrid_v2
147,253,4,0.935,1,dense_v1
147,478,5,0.737,0,hybrid_v2
148,410,1,0.712,1,dense_v1
148,182,2,0.927,1,hybrid_v2
148,263,3,0.487,0,hybrid_v2
148,292,4,0.673,0,dense_v1
148,183,5,0.889,0,dense_v1
149,76,1,0.876,1,dense_v1
149,293,2,0.809,1,hybrid_v2
149,15,3,0.747,1,hybrid_v2
149,407,4,0.484,0,hybrid_v2
149,395,5,0.738,0,dense_v1
150,133,1,0.897,0,hybrid_v2
150,141,2,0.741,1,hybrid_v2
150,470,3,0.846,1,hybrid_v2
150,34,4,0.67,0,hybrid_v2
150,71,5,0.554,1,hybrid_v2
151,92,1,0.813,1,dense_v1
151,471,2,0.946,1,dense_v1
151,337,3,0.819,0,hybrid_v2
151,96,4,0.632,1,dense_v1
151,263,5,0.953,0,dense_v1
152,462,1,0.865,0,dense_v1
152,425,2,0.501,0,hybrid_v2
152,202,3,0.768,1,dense_v1
152,23,4,0.608,0,dense_v1
152,216,5,0.56,0,dense_v1
153,377,1,0.351,1,dense_v1
153,204,2,0.617,1,dense_v1
153,115,3,0.867,1,dense_v1
153,410,4,0.44,1,dense_v1
153,365,5,0.789,1,hybrid_v2
154,113,1,0.503,1,hybrid_v2
154,174,2,0.68,1,dense_v1
154,338,3,0.777,0,dense_v1
154,286,4,0.676,1,dense_v1
154,367,5,0.509,1,hybrid_v2
155,458,1,0.817,0,dense_v1
155,411,2,0.453,1,hybrid_v2
155,12,3,0.356,1,dense_v1
155,435,4,0.842,1,dense_v1
155,491,5,0.426,1,hybrid_v2
156,263,1,0.975,1,dense_v1
156,499,2,0.526,1,hybrid_v2
156,150,3,0.902,1,dense_v1
156,208,4,0.968,0,hybrid_v2
156,123,5,0.757,0,dense_v1
157,263,1,0.96,0,dense_v1
157,299,2,0.503,1,dense_v1
157,186,3,0.602,0,dense_v1
157,3,4,0.741,0,dense_v1
157,290,5,0.618,1,hybrid_v2
158,328,1,0.405,1,hybrid_v2
158,446,2,0.584,0,dense_v1
158,499,3,0.445,0,hybrid_v2
158,433,4,0.466,0,hybrid_v2
158,271,5,0.901,1,dense_v1
159,278,1,0.67,1,dense_v1
159,113,2,0.484,1,hybrid_v2
159,370,3,0.852,1,dense_v1
159,15,4,0.511,0,dense_v1
159,421,5,0.398,0,hybrid_v2
160,85,1,0.421,1,dense_v1
160,304,2,0.498,0,dense_v1
160,316,3,0.748,0,dense_v1
160,486,4,0.768,0,dense_v1
160,397,5,0.751,1,dense_v1
161,399,1,0.836,0,hybrid_v2
161,237,2,0.441,1,dense_v1
161,360,3,0.667,0,hybrid_v2
161,401,4,0.558,1,dense_v1
161,370,5,0.754,1,hybrid_v2
162,418,1,0.404,1,hybrid_v2
162,212,2,0.704,0,hybrid_v2
162,488,3,0.629,1,dense_v1
162,230,4,0.693,0,hybrid_v2
162,108,5,0.493,0,dense_v1
163,293,1,0.602,0,hybrid_v2
163,404,2,0.52,0,dense_v1
163,359,3,0.512,1,hybrid_v2
163,265,4,0.795,0,dense_v1
163,117,5,0.78,1,dense_v1
164,481,1,0.567,1,dense_v1
164,38,2,0.401,0,dense_v1
164,492,3,0.468,1,hybrid_v2
164,372,4,0.482,0,dense_v1
164,146,5,0.375,1,hybrid_v2
165,396,1,0.416,0,hybrid_v2
165,207,2,0.646,0,hybrid_v2
165,464,3,0.618,0,dense_v1
165,486,4,0.978,0,dense_v1
165,374,5,0.64,0,dense_v1
166,362,1,0.694,1,dense_v1
166,461,2,0.801,1,hybrid_v2
166,389,3,0.717,1,hybrid_v2
166,438,4,0.357,1,dense_v1
166,463,5,0.861,0,dense_v1
167,484,1,0.494,1,dense_v1
167,323,2,0.838,1,hybrid_v2
167,365,3,0.947,0,dense_v1
167,455,4,0.378,1,dense_v1
167,274,5,0.628,1,hybrid_v2
168,300,1,0.93,1,hybrid_v2
168,3,2,0.761,1,hybrid_v2
168,246,3,0.588,1,hybrid_v2
168,16,4,0.505,0,hybrid_v2
168,326,5,0.52,0,hybrid_v2
169,409,1,0.644,1,dense_v1
169,453,2,0.65,1,dense_v1
169,213,3,0.68,1,hybrid_v2
169,336,4,0.704,0,hybrid_v2
169,248,5,0.755,0,hybrid_v2
170,158,1,0.694,1,hybrid_v2
170,59,2,0.869,1,hybrid_v2
170,153,3,0.849,1,dense_v1
170,270,4,0.821,0,hybrid_v2
170,494,5,0.724,0,hybrid_v2
171,379,1,0.651,0,hybrid_v2
171,281,2,0.555,1,hybrid_v2
171,480,3,0.524,1,dense_v1
171,224,4,0.363,1,dense_v1
171,203,5,0.439,1,dense_v1
172,312,1,0.745,0,hybrid_v2
172,400,2,0.933,0,hybrid_v2
172,349,3,0.427,1,dense_v1
172,151,4,0.546,0,hybrid_v2
172,433,5,0.641,0,dense_v1
173,382,1,0.934,1,hybrid_v2
173,402,2,0.606,1,dense_v1
173,499,3,0.373,1,dense_v1
173,101,4,0.925,1,dense_v1
173,303,5,0.883,1,hybrid_v2
174,64,1,0.686,0,hybrid_v2
174,192,2,0.522,0,dense_v1
174,306,3,0.505,1,dense_v1
174,121,4,0.413,0,dense_v1
174,487,5,0.442,0,dense_v1
175,71,1,0.416,1,dense_v1
175,210,2,0.772,0,dense_v1
175,279,3,0.959,1,hybrid_v2
175,130,4,0.438,1,hybrid_v2
175,111,5,0.829,0,hybrid_v2
176,390,1,0.583,1,dense_v1
176,489,2,0.571,1,dense_v1
176,161,3,0.853,0,hybrid_v2
176,203,4,0.361,0,dense_v1
176,349,5,0.428,1,dense_v1
177,183,1,0.766,1,hybrid_v2
177,436,2,0.511,1,dense_v1
177,75,3,0.424,0,dense_v1
177,425,4,0.58,1,dense_v1
177,115,5,0.829,0,hybrid_v2
178,264,1,0.909,1,dense_v1
178,409,2,0.431,1,hybrid_v2
178,228,3,0.941,1,dense_v1
178,31,4,0.6,1,dense_v1
178,271,5,0.64,0,dense_v1
179,205,1,0.926,1,dense_v1
179,355,2,0.524,0,dense_v1
179,207,3,0.831,0,hybrid_v2
179,311,4,0.677,0,dense_v1
179,47,5,0.658,0,dense_v1
180,322,1,0.55,0,dense_v1
180,241,2,0.701,1,hybrid_v2
180,342,3,0.835,1,hybrid_v2
180,140,4,0.847,0,hybrid_v2
180,201,5,0.45,1,dense_v1
181,108,1,0.676,1,hybrid_v2
181,271,2,0.816,1,dense_v1
181,198,3,0.87,0,dense_v1
181,435,4,0.808,1,dense_v1
181,443,5,0.686,0,hybrid_v2
182,314,1,0.615,1,hybrid_v2
182,196,2,0.79,1,dense_v1
182,393,3,0.848,0,hybrid_v2
182,169,4,0.888,0,dense_v1
182,116,5,0.872,0,dense_v1
183,180,1,0.375,0,dense_v1
183,89,2,0.48,0,hybrid_v2
183,8,3,0.586,0,dense_v1
183,240,4,0.456,0,dense_v1
183,251,5,0.941,0,dense_v1
184,410,1,0.562,0,hybrid_v2
184,491,2,0.803,1,dense_v1
184,382,3,0.906,0,hybrid_v2
184,450,4,0.36,0,hybrid_v2
184,367,5,0.426,1,hybrid_v2
185,117,1,0.429,1,hybrid_v2
185,165,2,0.633,1,hybrid_v2
185,342,3,0.645,1,dense_v1
185,340,4,0.861,1,dense_v1
185,492,5,0.519,1,hybrid_v2
186,33,1,0.907,1,dense_v1
186,209,2,0.676,1,dense_v1
186,268,3,0.97,1,dense_v1
186,401,4,0.849,0,hybrid_v2
186,212,5,0.769,1,dense_v1
187,76,1,0.637,1,hybrid_v2
187,320,2,0.573,1,dense_v1
187,164,3,0.744,0,dense_v1
187,405,4,0.563,1,dense_v1
187,279,5,0.686,1,hybrid_v2
188,181,1,0.784,0,dense_v1
188,98,2,0.373,1,hybrid_v2
188,127,3,0.596,1,hybrid_v2
188,39,4,0.805,0,dense_v1
188,255,5,0.76,1,hybrid_v2
189,223,1,0.883,1,hybrid_v2
189,32,2,0.77,0,hybrid_v2
189,146,3,0.763,0,hybrid_v2
189,349,4,0.496,0,dense_v1
189,268,5,0.697,1,hybrid_v2
190,142,1,0.551,1,hybrid_v2
190,44,2,0.676,0,hybrid_v2
190,294,3,0.757,1,hybrid_v2
190,120,4,0.735,0,hybrid_v2
190,122,5,0.78,0,hybrid_v2
191,349,1,0.967,1,dense_v1
191,313,2,0.644,0,dense_v1
191,442,3,0.483,1,dense_v1
191,117,4,0.74,1,dense_v1
191,431,5,0.519,0,hybrid_v2
192,236,1,0.56,1,dense_v1
192,408,2,0.406,0,hybrid_v2
192,237,3,0.715,1,dense_v1
192,94,4,0.487,1,hybrid_v2
192,21,5,0.881,0,dense_v1
193,123,1,0.71,1,hybrid_v2
193,132,2,0.446,0,hybrid_v2
193,154,3,0.58,0,hybrid_v2
193,229,4,0.56,1,hybrid_v2
193,146,5,0.669,0,hybrid_v2
194,332,1,0.71,1,dense_v1
194,156,2,0.614,1,dense_v1
194,491,3,0.615,1,dense_v1
194,75,4,0.853,0,dense_v1
194,276,5,0.977,1,hybrid_v2
195,269,1,0.724,1,hybrid_v2
195,364,2,0.423,1,hybrid_v2
195,363,3,0.913,1,dense_v1
195,101,4,0.457,0,hybrid_v2
195,141,5,0.934,0,hybrid_v2
196,2,1,0.68,1,dense_v1
196,231,2,0.946,1,dense_v1
196,434,3,0.708,1,dense_v1
196,45,4,0.795,1,dense_v1
196,25,5,0.798,0,hybrid_v2
197,399,1,0.872,1,dense_v1
197,435,2,0.907,0,hybrid_v2
197,28,3,0.783,1,hybrid_v2
197,94,4,0.768,1,dense_v1
197,147,5,0.899,1,hybrid_v2
198,59,1,0.528,1,hybrid_v2
198,284,2,0.882,0,hybrid_v2
198,81,3,0.87,0,dense_v1
198,457,4,0.858,1,hybrid_v2
198,9,5,0.825,1,dense_v1
199,100,1,0.89,1,hybrid_v2
199,490,2,0.537,0,dense_v1
199,362,3,0.76,0,dense_v1
199,1,4,0.801,1,hybrid_v2
199,127,5,0.408,0,dense_v1
200,457,1,0.922,1,hybrid_v2
200,475,2,0.515,1,dense_v1
200,194,3,0.54,1,dense_v1
200,186,4,0.564,1,hybrid_v2
200,122,5,0.963,0,hybrid_v2
201,153,1,0.726,1,dense_v1
201,338,2,0.903,1,dense_v1
201,470,3,0.609,0,hybrid_v2
201,273,4,0.831,0,hybrid_v2
201,91,5,0.817,0,hybrid_v2
202,377,1,0.784,0,dense_v1
202,414,2,0.888,1,hybrid_v2
202,312,3,0.694,1,dense_v1
202,25,4,0.669,1,hybrid_v2
202,274,5,0.598,0,dense_v1
203,496,1,0.886,1,dense_v1
203,489,2,0.358,1,hybrid_v2
203,97,3,0.86,1,hybrid_v2
203,168,4,0.392,0,hybrid_v2
203,46,5,0.876,1,dense_v1
204,115,1,0.782,1,hybrid_v2
204,201,2,0.817,1,dense_v1
204,146,3,0.884,1,hybrid_v2
204,494,4,0.509,0,hybrid_v2
204,345,5,0.501,0,hybrid_v2
205,398,1,0.872,0,dense_v1
205,118,2,0.639,1,hybrid_v2
205,390,3,0.572,1,hybrid_v2
205,290,4,0.865,1,dense_v1
205,423,5,0.547,0,hybrid_v2
206,382,1,0.788,1,hybrid_v2
206,404,2,0.859,1,hybrid_v2
206,111,3,0.784,0,dense_v1
206,56,4,0.87,0,hybrid_v2
206,114,5,0.727,0,hybrid_v2
207,322,1,0.569,1,dense_v1
207,186,2,0.63,0,hybrid_v2
207,127,3,0.352,0,hybrid_v2
207,500,4,0.74,0,hybrid_v2
207,144,5,0.507,1,dense_v1
208,444,1,0.792,1,hybrid_v2
208,19,2,0.427,1,hybrid_v2
208,279,3,0.687,0,hybrid_v2
208,220,4,0.655,0,hybrid_v2
208,322,5,0.69,1,dense_v1
209,358,1,0.751,1,dense_v1
209,340,2,0.846,1,hybrid_v2
209,301,3,0.754,1,hybrid_v2
209,326,4,0.517,1,dense_v1
209,275,5,0.684,1,hybrid_v2
210,296,1,0.859,1,dense_v1
210,451,2,0.545,1,dense_v1
210,439,3,0.753,1,dense_v1
210,230,4,0.908,1,hybrid_v2
210,461,5,0.416,0,dense_v1
211,307,1,0.815,1,hybrid_v2
211,488,2,0.536,1,dense_v1
211,115,3,0.553,1,dense_v1
211,352,4,0.376,0,hybrid_v2
211,273,5,0.808,0,hybrid_v2
212,29,1,0.454,1,dense_v1
212,192,2,0.515,1,dense_v1
212,206,3,0.806,0,hybrid_v2
212,368,4,0.643,1,hybrid_v2
212,141,5,0.917,0,dense_v1
213,302,1,0.744,1,hybrid_v2
213,237,2,0.879,1,dense_v1
213,73,3,0.388,0,dense_v1
213,425,4,0.624,0,hybrid_v2
213,445,5,0.379,0,dense_v1
214,307,1,0.842,1,dense_v1
214,245,2,0.958,1,hybrid_v2
214,210,3,0.684,1,dense_v1
214,365,4,0.373,1,hybrid_v2
214,200,5,0.436,1,dense_v1
215,151,1,0.8,0,dense_v1
215,198,2,0.784,1,dense_v1
215,304,3,0.478,1,dense_v1
215,367,4,0.458,1,dense_v1
215,313,5,0.911,0,dense_v1
216,88,1,0.508,1,dense_v1
216,493,2,0.643,0,hybrid_v2
216,266,3,0.736,1,dense_v1
216,359,4,0.572,0,dense_v1
216,206,5,0.884,0,dense_v1
217,276,1,0.516,1,dense_v1
217,432,2,0.858,1,hybrid_v2
217,147,3,0.391,1,hybrid_v2
217,203,4,0.873,1,dense_v1
217,150,5,0.69,0,dense_v1
218,52,1,0.956,1,dense_v1
218,406,2,0.728,1,dense_v1
218,416,3,0.687,0,dense_v1
218,315,4,0.417,0,hybrid_v2
218,367,5,0.674,0,dense_v1
219,319,1,0.922,1,dense_v1
219,170,2,0.358,1,hybrid_v2
219,133,3,0.742,0,dense_v1
219,128,4,0.864,1,dense_v1
219,18,5,0.634,0,hybrid_v2
220,107,1,0.714,1,dense_v1
220,330,2,0.944,1,dense_v1
220,388,3,0.48,0,dense_v1
220,19,4,0.491,1,dense_v1
220,474,5,0.921,1,dense_v1
221,254,1,0.526,0,hybrid_v2
221,446,2,0.883,0,hybrid_v2
221,408,3,0.659,1,dense_v1
221,18,4,0.856,0,dense_v1
221,24,5,0.394,0,dense_v1
222,112,1,0.4,0,hybrid_v2
222,491,2,0.916,1,dense_v1
222,325,3,0.708,0,dense_v1
222,340,4,0.669,0,hybrid_v2
222,432,5,0.527,0,hybrid_v2
223,33,1,0.762,1,hybrid_v2
223,235,2,0.506,0,hybrid_v2
223,134,3,0.482,0,hybrid_v2
223,110,4,0.849,0,dense_v1
223,272,5,0.641,0,hybrid_v2
224,410,1,0.897,1,dense_v1
224,380,2,0.472,1,hybrid_v2
224,483,3,0.366,1,dense_v1
224,270,4,0.589,1,hybrid_v2
224,139,5,0.372,0,dense_v1
225,3,1,0.417,1,hybrid_v2
225,402,2,0.862,1,hybrid_v2
225,401,3,0.474,1,hybrid_v2
225,259,4,0.966,0,hybrid_v2
225,320,5,0.514,0,dense_v1
226,302,1,0.936,1,hybrid_v2
226,144,2,0.716,1,dense_v1
226,182,3,0.813,1,hybrid_v2
226,111,4,0.561,0,hybrid_v2
226,400,5,0.789,1,hybrid_v2
227,420,1,0.527,0,hybrid_v2
227,499,2,0.38,1,dense_v1
227,258,3,0.835,1,hybrid_v2
227,148,4,0.772,1,hybrid_v2
227,75,5,0.594,1,dense_v1
228,266,1,0.625,0,dense_v1
228,369,2,0.935,1,dense_v1
228,332,3,0.925,0,hybrid_v2
228,323,4,0.469,0,hybrid_v2
228,326,5,0.809,0,hybrid_v2
229,80,1,0.45,0,hybrid_v2
229,306,2,0.767,1,hybrid_v2
229,306,3,0.912,0,hybrid_v2
229,298,4,0.383,1,hybrid_v2
229,428,5,0.563,0,dense_v1
230,467,1,0.625,1,hybrid_v2
230,382,2,0.374,1,dense_v1
230,119,3,0.452,0,dense_v1
230,63,4,0.671,1,dense_v1
230,296,5,0.907,1,dense_v1
231,260,1,0.823,1,hybrid_v2
231,9,2,0.73,1,hybrid_v2
231,409,3,0.496,0,dense_v1
231,79,4,0.466,1,hybrid_v2
231,342,5,0.836,0,dense_v1
232,298,1,0.962,1,dense_v1
232,484,2,0.974,1,hybrid_v2
232,454,3,0.4,1,dense_v1
232,227,4,0.515,1,hybrid_v2
232,309,5,0.797,1,dense_v1
233,154,1,0.456,1,dense_v1
233,85,2,0.575,1,hybrid_v2
233,497,3,0.696,0,hybrid_v2
233,233,4,0.435,1,dense_v1
233,407,5,0.413,0,dense_v1
234,111,1,0.361,1,dense_v1
234,365,2,0.971,1,hybrid_v2
234,102,3,0.582,0,hybrid_v2
234,71,4,0.57,0,hybrid_v2
234,349,5,0.723,0,dense_v1
235,284,1,0.622,1,hybrid_v2
235,432,2,0.363,1,dense_v1
235,28,3,0.822,1,dense_v1
235,452,4,0.763,1,hybrid_v2
235,210,5,0.697,0,dense_v1
236,366,1,0.655,0,hybrid_v2
236,369,2,0.696,1,hybrid_v2
236,24,3,0.932,1,hybrid_v2
236,478,4,0.827,1,hybrid_v2
236,246,5,0.406,1,dense_v1
237,339,1,0.431,1,hybrid_v2
237,411,2,0.404,1,hybrid_v2
237,282,3,0.363,0,hybrid_v2
237,478,4,0.973,0,dense_v1
237,274,5,0.577,0,hybrid_v2
238,434,1,0.969,1,dense_v1
238,53,2,0.464,1,dense_v1
238,74,3,0.689,0,dense_v1
238,208,4,0.713,1,hybrid_v2
238,361,5,0.542,0,hybrid_v2
239,78,1,0.373,1,dense_v1
239,144,2,0.488,1,hybrid_v2
239,172,3,0.905,1,hybrid_v2
239,172,4,0.683,1,hybrid_v2
239,315,5,0.773,0,hybrid_v2
240,378,1,0.93,1,dense_v1
240,421,2,0.673,0,hybrid_v2
240,443,3,0.388,0,dense_v1
240,174,4,0.385,1,hybrid_v2
240,224,5,0.861,0,dense_v1
241,355,1,0.717,1,dense_v1
241,241,2,0.768,1,hybrid_v2
241,282,3,0.452,0,hybrid_v2
241,466,4,0.775,0,hybrid_v2
241,139,5,0.71,0,dense_v1
242,142,1,0.514,1,dense_v1
242,119,2,0.661,1,hybrid_v2
242,474,3,0.545,0,hybrid_v2
242,498,4,0.769,1,hybrid_v2
242,489,5,0.507,0,hybrid_v2
243,209,1,0.682,1,dense_v1
243,462,2,0.352,1,hybrid_v2
243,18,3,0.713,0,dense_v1
243,185,4,0.683,0,dense_v1
243,52,5,0.439,0,hybrid_v2
244,181,1,0.422,1,dense_v1
244,256,2,0.704,1,hybrid_v2
244,88,3,0.746,1,hybrid_v2
244,355,4,0.383,0,hybrid_v2
244,416,5,0.8,0,hybrid_v2
245,8,1,0.658,1,dense_v1
245,224,2,0.753,1,hybrid_v2
245,260,3,0.836,0,dense_v1
245,350,4,0.908,0,hybrid_v2
245,150,5,0.911,1,dense_v1
246,157,1,0.658,1,dense_v1
246,223,2,0.431,1,dense_v1
246,113,3,0.557,1,hybrid_v2
246,316,4,0.804,1,dense_v1
246,298,5,0.882,1,hybrid_v2
247,458,1,0.622,1,dense_v1
247,405,2,0.584,0,hybrid_v2
247,48,3,0.828,0,dense_v1
247,245,4,0.649,0,dense_v1
247,175,5,0.656,0,hybrid_v2
248,424,1,0.881,1,dense_v1
248,468,2,0.53,0,hybrid_v2
248,372,3,0.946,1,hybrid_v2
248,103,4,0.461,1,hybrid_v2
248,251,5,0.599,1,hybrid_v2
249,439,1,0.747,0,hybrid_v2
249,498,2,0.659,1,hybrid_v2
249,103,3,0.813,0,dense_v1
249,299,4,0.652,0,hybrid_v2
249,21,5,0.689,0,hybrid_v2
250,107,1,0.751,1,dense_v1
250,179,2,0.519,1,hybrid_v2
250,103,3,0.383,1,hybrid_v2
250,316,4,0.414,0,hybrid_v2
250,270,5,0.835,1,hybrid_v2
251,406,1,0.415,1,hybrid_v2
251,327,2,0.617,1,hybrid_v2
251,204,3,0.601,1,hybrid_v2
251,215,4,0.921,0,dense_v1
251,420,5,0.818,0,dense_v1
252,468,1,0.455,1,dense_v1
252,205,2,0.801,1,dense_v1
252,322,3,0.49,1,hybrid_v2
252,472,4,0.532,0,dense_v1
252,100,5,0.839,0,dense_v1
253,254,1,0.396,0,hybrid_v2
253,209,2,0.569,1,dense_v1
253,364,3,0.957,0,hybrid_v2
253,310,4,0.409,1,dense_v1
253,67,5,0.797,0,dense_v1
254,334,1,0.786,1,dense_v1
254,440,2,0.717,1,dense_v1
254,104,3,0.523,1,dense_v1
254,307,4,0.831,0,hybrid_v2
254,124,5,0.924,0,dense_v1
255,360,1,0.743,0,dense_v1
255,387,2,0.738,1,dense_v1
255,492,3,0.91,0,hybrid_v2
255,248,4,0.691,0,hybrid_v2
255,448,5,0.467,0,hybrid_v2
256,113,1,0.958,1,dense_v1
256,60,2,0.973,0,hybrid_v2
256,459,3,0.893,0,dense_v1
256,83,4,0.408,1,dense_v1
256,425,5,0.915,0,dense_v1
257,109,1,0.731,1,dense_v1
257,330,2,0.703,1,hybrid_v2
257,63,3,0.487,1,hybrid_v2
257,90,4,0.583,0,hybrid_v2
257,263,5,0.38,1,hybrid_v2
258,131,1,0.585,1,hybrid_v2
258,471,2,0.895,1,hybrid_v2
258,175,3,0.7,1,dense_v1
258,93,4,0.616,0,hybrid_v2
258,441,5,0.648,1,dense_v1
259,279,1,0.393,0,dense_v1
259,471,2,0.666,0,dense_v1
259,1,3,0.592,0,hybrid_v2
259,454,4,0.391,1,dense_v1
259,305,5,0.655,0,hybrid_v2
260,159,1,0.49,1,hybrid_v2
260,315,2,0.627,1,dense_v1
260,328,3,0.7,1,dense_v1
260,85,4,0.709,0,dense_v1
260,273,5,0.924,0,dense_v1
261,218,1,0.574,1,dense_v1
261,101,2,0.805,0,hybrid_v2
261,269,3,0.666,1,hybrid_v2
261,320,4,0.788,1,hybrid_v2
261,187,5,0.749,0,dense_v1
262,113,1,0.73,1,dense_v1
262,389,2,0.955,1,dense_v1
262,403,3,0.548,0,hybrid_v2
262,436,4,0.526,0,hybrid_v2
262,277,5,0.514,0,hybrid_v2
263,316,1,0.96,1,dense_v1
263,144,2,0.756,1,dense_v1
263,11,3,0.863,0,hybrid_v2
263,88,4,0.497,0,hybrid_v2
263,296,5,0.888,0,hybrid_v2
264,409,1,0.786,1,hybrid_v2
264,468,2,0.802,0,dense_v1
264,490,3,0.974,0,dense_v1
264,91,4,0.591,0,hybrid_v2
264,286,5,0.414,1,hybrid_v2
265,193,1,0.426,0,dense_v1
265,160,2,0.657,1,dense_v1
265,78,3,0.544,1,dense_v1
265,365,4,0.558,0,hybrid_v2
265,67,5,0.689,0,hybrid_v2
266,35,1,0.96,1,dense_v1
266,303,2,0.46,1,hybrid_v2
266,303,3,0.824,1,dense_v1
266,339,4,0.604,0,hybrid_v2
266,243,5,0.578,0,dense_v1
267,324,1,0.833,1,hybrid_v2
267,194,2,0.441,1,hybrid_v2
267,400,3,0.625,1,hybrid_v2
267,497,4,0.364,0,hybrid_v2
267,318,5,0.52,1,hybrid_v2
268,122,1,0.547,1,dense_v1
268,439,2,0.55,1,dense_v1
268,458,3,0.661,1,hybrid_v2
268,300,4,0.53,0,hybrid_v2
268,116,5,0.727,1,dense_v1
269,195,1,0.42,1,hybrid_v2
269,378,2,0.848,0,hybrid_v2
269,350,3,0.415,1,hybrid_v2
269,87,4,0.63,0,dense_v1
269,246,5,0.889,0,dense_v1
270,190,1,0.918,0,hybrid_v2
270,365,2,0.493,0,dense_v1
270,400,3,0.871,1,dense_v1
270,40,4,0.844,0,dense_v1
270,181,5,0.945,0,hybrid_v2
271,328,1,0.842,1,dense_v1
271,427,2,0.361,1,dense_v1
271,308,3,0.4,1,hybrid_v2
271,412,4,0.472,0,dense_v1
271,298,5,0.765,1,dense_v1
272,362,1,0.947,1,dense_v1
272,395,2,0.391,1,hybrid_v2
272,275,3,0.935,0,hybrid_v2
272,418,4,0.939,0,dense_v1
272,146,5,0.71,0,dense_v1
273,238,1,0.52,1,dense_v1
273,294,2,0.6,0,hybrid_v2
273,467,3,0.452,0,dense_v1
273,356,4,0.751,1,dense_v1
273,283,5,0.635,0,hybrid_v2
274,160,1,0.52,1,dense_v1
274,480,2,0.66,0,hybrid_v2
274,459,3,0.407,1,hybrid_v2
274,393,4,0.733,0,hybrid_v2
274,256,5,0.381,1,hybrid_v2
275,57,1,0.647,1,dense_v1
275,488,2,0.403,0,dense_v1
275,138,3,0.609,1,hybrid_v2
275,240,4,0.364,1,dense_v1
275,114,5,0.486,1,hybrid_v2
276,23,1,0.962,1,dense_v1
276,392,2,0.495,1,dense_v1
276,28,3,0.917,1,dense_v1
276,276,4,0.376,0,dense_v1
276,361,5,0.364,1,hybrid_v2
277,251,1,0.415,1,hybrid_v2
277,246,2,0.403,1,hybrid_v2
277,397,3,0.882,1,hybrid_v2
277,377,4,0.723,1,dense_v1
277,27,5,0.798,1,hybrid_v2
278,491,1,0.969,1,hybrid_v2
278,353,2,0.694,1,hybrid_v2
278,96,3,0.52,0,hybrid_v2
278,269,4,0.499,0,hybrid_v2
278,24,5,0.765,0,hybrid_v2
279,126,1,0.825,1,dense_v1
279,294,2,0.43,1,hybrid_v2
279,61,3,0.356,0,dense_v1
279,395,4,0.856,0,hybrid_v2
279,456,5,0.977,0,hybrid_v2
280,337,1,0.42,1,hybrid_v2
280,181,2,0.493,0,dense_v1
280,145,3,0.657,0,dense_v1
280,339,4,0.792,1,dense_v1
280,1,5,0.558,0,dense_v1
281,368,1,0.865,1,hybrid_v2
281,210,2,0.726,1,dense_v1
281,362,3,0.879,1,hybrid_v2
281,412,4,0.872,0,hybrid_v2
281,89,5,0.868,0,dense_v1
282,385,1,0.574,1,dense_v1
282,250,2,0.53,0,hybrid_v2
282,19,3,0.742,1,dense_v1
282,452,4,0.899,1,hybrid_v2
282,371,5,0.847,0,dense_v1
283,334,1,0.364,1,hybrid_v2
283,120,2,0.845,1,dense_v1
283,289,3,0.885,0,hybrid_v2
283,153,4,0.92,0,dense_v1
283,331,5,0.975,0,hybrid_v2
284,444,1,0.751,0,dense_v1
284,361,2,0.494,0,dense_v1
284,323,3,0.541,1,dense_v1
284,221,4,0.63,0,hybrid_v2
284,498,5,0.927,1,hybrid_v2
285,150,1,0.604,1,hybrid_v2
285,467,2,0.602,1,hybrid_v2
285,410,3,0.957,0,dense_v1
285,437,4,0.69,0,hybrid_v2
285,192,5,0.69,1,hybrid_v2
286,104,1,0.637,1,hybrid_v2
286,213,2,0.358,1,hybrid_v2
286,324,3,0.665,1,hybrid_v2
286,109,4,0.711,0,hybrid_v2
286,121,5,0.921,1,dense_v1
287,108,1,0.9,1,hybrid_v2
287,437,2,0.409,1,hybrid_v2
287,411,3,0.47,0,dense_v1
287,289,4,0.657,0,dense_v1
287,483,5,0.972,1,dense_v1
288,5,1,0.586,1,dense_v1
288,84,2,0.98,0,hybrid_v2
288,270,3,0.54,0,dense_v1
288,132,4,0.383,0,hybrid_v2
288,204,5,0.704,0,hybrid_v2
289,264,1,0.391,0,hybrid_v2
289,231,2,0.813,1,hybrid_v2
289,384,3,0.508,0,dense_v1
289,106,4,0.373,1,dense_v1
289,333,5,0.862,1,dense_v1
290,86,1,0.51,1,dense_v1
290,487,2,0.724,0,hybrid_v2
290,97,3,0.78,0,hybrid_v2
290,457,4,0.496,1,hybrid_v2
290,311,5,0.426,1,dense_v1
291,19,1,0.402,1,hybrid_v2
291,69,2,0.505,1,dense_v1
291,26,3,0.842,0,hybrid_v2
291,18,4,0.588,1,dense_v1
291,331,5,0.482,0,hybrid_v2
292,38,1,0.699,0,hybrid_v2
292,253,2,0.831,1,dense_v1
292,10,3,0.442,1,hybrid_v2
292,174,4,0.47,1,dense_v1
292,24,5,0.358,0,dense_v1
293,325,1,0.548,1,dense_v1
293,251,2,0.669,1,dense_v1
293,451,3,0.478,0,dense_v1
293,111,4,0.462,1,hybrid_v2
293,368,5,0.85,0,dense_v1
294,410,1,0.639,0,hybrid_v2
294,154,2,0.365,1,dense_v1
294,219,3,0.76,1,hybrid_v2
294,328,4,0.409,0,dense_v1
294,73,5,0.767,0,hybrid_v2
295,499,1,0.496,1,hybrid_v2
295,331,2,0.64,1,dense_v1
295,48,3,0.776,1,dense_v1
295,386,4,0.798,1,hybrid_v2
295,394,5,0.582,0,hybrid_v2
296,371,1,0.831,0,dense_v1
296,90,2,0.903,0,hybrid_v2
296,241,3,0.975,1,dense_v1
296,434,4,0.63,1,hybrid_v2
296,415,5,0.674,1,dense_v1
297,275,1,0.935,1,hybrid_v2
297,292,2,0.723,1,dense_v1
297,224,3,0.928,0,hybrid_v2
297,15,4,0.395,0,dense_v1
297,121,5,0.927,1,hybrid_v2
298,393,1,0.975,0,hybrid_v2
298,363,2,0.752,0,hybrid_v2
298,325,3,0.638,1,hybrid_v2
298,149,4,0.914,0,hybrid_v2
298,138,5,0.401,1,hybrid_v2
299,319,1,0.477,0,dense_v1
299,227,2,0.531,0,dense_v1
299,5,3,0.718,1,dense_v1
299,307,4,0.78,1,dense_v1
299,196,5,0.511,0,dense_v1
300,91,1,0.827,1,dense_v1
300,158,2,0.91,1,hybrid_v2
300,441,3,0.426,1,hybrid_v2
300,137,4,0.974,1,dense_v1
300,58,5,0.715,0,dense_v1
301,56,1,0.677,1,hybrid_v2
301,41,2,0.935,0,dense_v1
301,312,3,0.567,1,hybrid_v2
301,234,4,0.361,0,hybrid_v2
301,360,5,0.899,0,dense_v1
302,287,1,0.855,0,dense_v1
302,407,2,0.518,1,hybrid_v2
302,201,3,0.82,0,hybrid_v2
302,162,4,0.979,1,hybrid_v2
302,130,5,0.592,0,dense_v1
303,397,1,0.617,1,hybrid_v2
303,60,2,0.532,1,dense_v1
303,401,3,0.897,0,hybrid_v2
303,385,4,0.916,1,dense_v1
303,338,5,0.979,0,hybrid_v2
304,477,1,0.495,1,hybrid_v2
304,253,2,0.749,1,hybrid_v2
304,26,3,0.782,1,dense_v1
304,294,4,0.654,0,dense_v1
304,101,5,0.479,0,dense_v1
305,441,1,0.909,1,dense_v1
305,492,2,0.924,1,dense_v1
305,398,3,0.447,0,dense_v1
305,206,4,0.777,0,dense_v1
305,352,5,0.554,0,hybrid_v2
306,324,1,0.856,1,hybrid_v2
306,211,2,0.967,0,hybrid_v2
306,191,3,0.613,0,dense_v1
306,24,4,0.486,0,dense_v1
306,316,5,0.884,0,hybrid_v2
307,228,1,0.858,1,dense_v1
307,273,2,0.593,1,dense_v1
307,407,3,0.599,0,hybrid_v2
307,139,4,0.356,1,hybrid_v2
307,298,5,0.85,1,hybrid_v2
308,497,1,0.733,1,dense_v1
308,411,2,0.823,1,dense_v1
308,133,3,0.967,0,dense_v1
308,239,4,0.499,1,hybrid_v2
308,311,5,0.859,0,hybrid_v2
309,300,1,0.603,1,dense_v1
309,166,2,0.842,1,dense_v1
309,384,3,0.499,1,hybrid_v2
309,207,4,0.366,0,hybrid_v2
309,99,5,0.796,0,dense_v1
310,262,1,0.447,1,dense_v1
310,198,2,0.937,1,dense_v1
310,181,3,0.898,0,hybrid_v2
310,392,4,0.683,0,dense_v1
310,263,5,0.776,0,dense_v1
311,21,1,0.613,1,dense_v1
311,166,2,0.766,1,hybrid_v2
311,297,3,0.423,1,dense_v1
311,4,4,0.836,0,hybrid_v2
311,157,5,0.385,0,dense_v1
312,72,1,0.971,1,dense_v1
312,157,2,0.876,0,hybrid_v2
312,125,3,0.758,0,hybrid_v2
312,346,4,0.76,0,dense_v1
312,329,5,0.639,0,dense_v1
313,24,1,0.613,1,dense_v1
313,57,2,0.385,0,hybrid_v2
313,55,3,0.387,1,hybrid_v2
313,36,4,0.897,0,hybrid_v2
313,461,5,0.772,0,dense_v1
314,152,1,0.658,0,hybrid_v2
314,162,2,0.851,1,hybrid_v2
314,40,3,0.619,1,hybrid_v2
314,80,4,0.783,1,dense_v1
314,435,5,0.485,0,dense_v1
315,231,1,0.651,1,hybrid_v2
315,499,2,0.594,1,hybrid_v2
315,322,3,0.539,0,dense_v1
315,370,4,0.565,0,hybrid_v2
315,330,5,0.725,0,hybrid_v2
316,69,1,0.735,1,hybrid_v2
316,168,2,0.885,1,hybrid_v2
316,228,3,0.914,0,dense_v1
316,10,4,0.568,1,dense_v1
316,316,5,0.37,0,dense_v1
317,327,1,0.851,1,dense_v1
317,279,2,0.721,1,hybrid_v2
317,314,3,0.925,1,dense_v1
317,355,4,0.357,1,dense_v1
317,84,5,0.486,1,dense_v1
318,349,1,0.616,1,hybrid_v2
318,447,2,0.421,1,dense_v1
318,128,3,0.599,1,dense_v1
318,204,4,0.797,1,dense_v1
318,194,5,0.887,0,dense_v1
319,479,1,0.396,0,dense_v1
319,154,2,0.857,0,hybrid_v2
319,92,3,0.525,1,dense_v1
319,144,4,0.742,1,hybrid_v2
319,177,5,0.822,0,dense_v1
320,384,1,0.782,1,dense_v1
320,243,2,0.703,1,hybrid_v2
320,452,3,0.835,1,dense_v1
320,419,4,0.374,1,dense_v1
320,106,5,0.839,0,hybrid_v2
321,163,1,0.56,1,dense_v1
321,58,2,0.799,1,dense_v1
321,85,3,0.512,0,dense_v1
321,277,4,0.79,0,dense_v1
321,342,5,0.937,1,hybrid_v2
322,250,1,0.78,1,hybrid_v2
322,473,2,0.538,0,hybrid_v2
322,188,3,0.716,0,dense_v1
322,76,4,0.399,1,hybrid_v2
322,292,5,0.73,1,hybrid_v2
323,172,1,0.399,1,hybrid_v2
323,217,2,0.543,1,dense_v1
323,114,3,0.843,1,dense_v1
323,413,4,0.393,0,dense_v1
323,456,5,0.875,0,hybrid_v2
324,234,1,0.674,1,dense_v1
324,344,2,0.652,0,dense_v1
324,292,3,0.592,1,hybrid_v2
324,380,4,0.388,1,dense_v1
324,468,5,0.95,1,hybrid_v2
325,9,1,0.619,0,hybrid_v2
325,412,2,0.522,1,dense_v1
325,175,3,0.665,0,hybrid_v2
325,80,4,0.699,1,dense_v1
325,63,5,0.723,0,dense_v1
326,338,1,0.934,0,hybrid_v2
326,145,2,0.776,1,dense_v1
326,434,3,0.44,0,dense_v1
326,109,4,0.587,0,dense_v1
326,257,5,0.755,1,hybrid_v2
327,160,1,0.406,1,hybrid_v2
327,103,2,0.554,1,dense_v1
327,353,3,0.382,1,hybrid_v2
327,134,4,0.456,1,hybrid_v2
327,435,5,0.554,0,hybrid_v2
328,479,1,0.851,1,hybrid_v2
328,63,2,0.5,1,hybrid_v2
328,181,3,0.426,1,dense_v1
328,309,4,0.842,0,dense_v1
328,87,5,0.809,1,hybrid_v2
329,188,1,0.948,0,hybrid_v2
329,111,2,0.371,1,dense_v1
329,55,3,0.797,1,hybrid_v2
329,20,4,0.835,0,dense_v1
329,394,5,0.442,0,dense_v1
330,124,1,0.624,1,dense_v1
330,457,2,0.383,1,hybrid_v2
330,363,3,0.616,0,hybrid_v2
330,392,4,0.796,0,dense_v1
330,357,5,0.832,1,dense_v1
331,93,1,0.577,1,dense_v1
331,494,2,0.737,0,hybrid_v2
331,4,3,0.802,1,hybrid_v2
331,226,4,0.65,0,hybrid_v2
331,389,5,0.942,0,hybrid_v2
332,392,1,0.396,1,hybrid_v2
332,497,2,0.643,1,dense_v1
332,34,3,0.422,0,hybrid_v2
332,201,4,0.873,0,hybrid_v2
332,367,5,0.539,0,hybrid_v2
333,349,1,0.603,1,hybrid_v2
333,224,2,0.882,1,hybrid_v2
333,319,3,0.607,1,dense_v1
333,294,4,0.612,0,hybrid_v2
333,200,5,0.434,1,dense_v1
334,233,1,0.722,1,hybrid_v2
334,84,2,0.778,1,dense_v1
334,390,3,0.517,0,hybrid_v2
334,362,4,0.591,1,hybrid_v2
334,128,5,0.577,1,dense_v1
335,289,1,0.802,1,hybrid_v2
335,23,2,0.925,1,hybrid_v2
335,107,3,0.41,1,dense_v1
335,82,4,0.432,1,hybrid_v2
335,204,5,0.481,0,dense_v1
336,316,1,0.64,1,hybrid_v2
336,113,2,0.593,1,hybrid_v2
336,201,3,0.87,0,dense_v1
336,236,4,0.434,1,dense_v1
336,264,5,0.978,1,dense_v1
337,129,1,0.602,1,hybrid_v2
337,388,2,0.575,0,dense_v1
337,30,3,0.619,0,hybrid_v2
337,403,4,0.965,1,hybrid_v2
337,162,5,0.51,0,hybrid_v2
338,298,1,0.57,1,dense_v1
338,380,2,0.553,1,hybrid_v2
338,312,3,0.893,0,dense_v1
338,158,4,0.76,1,hybrid_v2
338,210,5,0.698,1,dense_v1
339,25,1,0.861,0,dense_v1
339,368,2,0.659,1,hybrid_v2
339,413,3,0.826,0,hybrid_v2
339,178,4,0.62,1,dense_v1
339,138,5,0.668,0,hybrid_v2
340,260,1,0.551,1,dense_v1
340,164,2,0.885,1,hybrid_v2
340,304,3,0.974,0,hybrid_v2
340,5,4,0.94,1,hybrid_v2
340,466,5,0.45,0,dense_v1
341,106,1,0.468,0,dense_v1
341,272,2,0.775,1,hybrid_v2
341,496,3,0.518,0,hybrid_v2
341,39,4,0.478,1,hybrid_v2
341,82,5,0.871,1,dense_v1
342,230,1,0.754,1,dense_v1
342,147,2,0.853,1,dense_v1
342,480,3,0.411,0,hybrid_v2
342,426,4,0.833,1,hybrid_v2
342,321,5,0.458,0,hybrid_v2
343,418,1,0.626,1,dense_v1
343,439,2,0.4,1,dense_v1
343,35,3,0.689,1,dense_v1
343,208,4,0.759,1,dense_v1
343,251,5,0.618,1,dense_v1
344,356,1,0.574,1,dense_v1
344,496,2,0.687,0,hybrid_v2
344,415,3,0.68,0,dense_v1
344,48,4,0.483,0,hybrid_v2
344,293,5,0.601,0,hybrid_v2
345,386,1,0.788,1,dense_v1
345,470,2,0.588,0,hybrid_v2
345,102,3,0.963,1,dense_v1
345,299,4,0.36,0,hybrid_v2
345,93,5,0.743,1,hybrid_v2
346,292,1,0.391,1,dense_v1
346,66,2,0.615,1,hybrid_v2
346,383,3,0.383,0,hybrid_v2
346,168,4,0.431,1,hybrid_v2
346,126,5,0.756,0,hybrid_v2
347,426,1,0.818,1,hybrid_v2
347,481,2,0.521,1,dense_v1
347,28,3,0.807,1,dense_v1
347,219,4,0.773,1,dense_v1
347,250,5,0.87,0,hybrid_v2
348,433,1,0.45,1,hybrid_v2
348,146,2,0.797,1,hybrid_v2
348,360,3,0.665,1,hybrid_v2
348,447,4,0.493,0,hybrid_v2
348,321,5,0.397,1,hybrid_v2
349,77,1,0.889,1,hybrid_v2
349,282,2,0.376,1,hybrid_v2
349,371,3,0.635,0,hybrid_v2
349,260,4,0.707,0,dense_v1
349,300,5,0.794,0,dense_v1
350,41,1,0.66,1,dense_v1
350,207,2,0.92,1,hybrid_v2
350,272,3,0.747,1,hybrid_v2
350,311,4,0.472,0,dense_v1
350,488,5,0.508,0,dense_v1
351,205,1,0.449,1,dense_v1
351,204,2,0.564,1,hybrid_v2
351,396,3,0.968,1,hybrid_v2
351,346,4,0.706,0,hybrid_v2
351,155,5,0.766,1,dense_v1
352,161,1,0.82,0,dense_v1
352,471,2,0.517,0,dense_v1
352,172,3,0.917,0,hybrid_v2
352,229,4,0.36,0,hybrid_v2
352,344,5,0.582,0,dense_v1
353,414,1,0.979,1,hybrid_v2
353,476,2,0.579,1,dense_v1
353,213,3,0.495,1,hybrid_v2
353,58,4,0.645,0,hybrid_v2
353,310,5,0.928,0,dense_v1
354,278,1,0.692,1,dense_v1
354,288,2,0.622,0,dense_v1
354,351,3,0.5,0,hybrid_v2
354,242,4,0.908,0,dense_v1
354,106,5,0.434,0,hybrid_v2
355,474,1,0.596,1,hybrid_v2
355,258,2,0.841,1,hybrid_v2
355,192,3,0.826,1,hybrid_v2
355,372,4,0.872,1,hybrid_v2
355,125,5,0.714,0,dense_v1
356,155,1,0.554,0,hybrid_v2
356,411,2,0.668,0,hybrid_v2
356,449,3,0.933,0,dense_v1
356,124,4,0.47,1,dense_v1
356,246,5,0.446,0,hybrid_v2
357,485,1,0.692,1,dense_v1
357,204,2,0.751,1,hybrid_v2
357,360,3,0.697,0,hybrid_v2
357,99,4,0.546,0,dense_v1
357,473,5,0.497,1,dense_v1
358,285,1,0.823,1,dense_v1
358,433,2,0.703,0,dense_v1
358,257,3,0.416,1,hybrid_v2
358,431,4,0.869,0,hybrid_v2
358,326,5,0.907,0,dense_v1
359,160,1,0.779,1,dense_v1
359,492,2,0.371,0,dense_v1
359,425,3,0.515,0,hybrid_v2
359,9,4,0.679,0,dense_v1
359,95,5,0.447,0,hybrid_v2
360,107,1,0.911,0,hybrid_v2
360,338,2,0.46,1,hybrid_v2
360,131,3,0.625,1,dense_v1
360,64,4,0.568,0,hybrid_v2
360,331,5,0.564,0,dense_v1
361,232,1,0.506,1,dense_v1
361,137,2,0.55,1,dense_v1
361,277,3,0.898,1,dense_v1
361,49,4,0.918,1,dense_v1
361,467,5,0.51,1,hybrid_v2
362,378,1,0.422,0,hybrid_v2
362,222,2,0.942,1,dense_v1
362,170,3,0.494,1,hybrid_v2
362,165,4,0.823,0,dense_v1
362,7,5,0.542,0,hybrid_v2
363,33,1,0.839,0,dense_v1
363,378,2,0.642,0,dense_v1
363,247,3,0.805,0,hybrid_v2
363,392,4,0.771,0,dense_v1
363,124,5,0.447,1,hybrid_v2
364,261,1,0.948,0,dense_v1
364,332,2,0.837,1,hybrid_v2
364,355,3,0.653,0,dense_v1
364,433,4,0.569,0,hybrid_v2
364,269,5,0.368,0,dense_v1
365,200,1,0.542,1,dense_v1
365,167,2,0.607,0,dense_v1
365,491,3,0.382,1,hybrid_v2
365,491,4,0.449,1,dense_v1
365,257,5,0.921,1,hybrid_v2
366,179,1,0.492,1,hybrid_v2
366,17,2,0.898,1,hybrid_v2
366,419,3,0.863,1,hybrid_v2
366,19,4,0.688,0,dense_v1
366,401,5,0.494,0,hybrid_v2
367,486,1,0.564,1,hybrid_v2
367,50,2,0.492,0,hybrid_v2
367,322,3,0.847,0,hybrid_v2
367,474,4,0.785,1,dense_v1
367,58,5,0.575,0,dense_v1
368,246,1,0.377,0,hybrid_v2
368,124,2,0.753,1,hybrid_v2
368,440,3,0.653,1,dense_v1
368,55,4,0.543,1,hybrid_v2
368,61,5,0.473,0,hybrid_v2
369,357,1,0.382,0,hybrid_v2
369,300,2,0.744,1,hybrid_v2
369,36,3,0.361,1,dense_v1
369,248,4,0.944,1,hybrid_v2
369,362,5,0.591,0,dense_v1
370,7,1,0.546,1,dense_v1
370,456,2,0.354,0,dense_v1
370,170,3,0.919,1,hybrid_v2
370,148,4,0.603,1,hybrid_v2
370,33,5,0.807,0,dense_v1
371,438,1,0.453,0,dense_v1
371,423,2,0.78,1,hybrid_v2
371,413,3,0.563,0,hybrid_v2
371,232,4,0.615,0,dense_v1
371,147,5,0.865,0,hybrid_v2
372,264,1,0.896,1,hybrid_v2
372,339,2,0.776,0,dense_v1
372,409,3,0.624,1,hybrid_v2
372,71,4,0.865,0,hybrid_v2
372,340,5,0.903,1,dense_v1
373,67,1,0.351,0,hybrid_v2
373,207,2,0.92,1,dense_v1
373,89,3,0.452,0,dense_v1
373,191,4,0.786,0,dense_v1
373,166,5,0.654,1,hybrid_v2
374,159,1,0.791,1,dense_v1
374,116,2,0.546,1,hybrid_v2
374,248,3,0.54,0,hybrid_v2
374,177,4,0.952,0,dense_v1
374,311,5,0.931,0,dense_v1
375,230,1,0.614,1,dense_v1
375,137,2,0.542,0,hybrid_v2
375,354,3,0.826,1,hybrid_v2
375,304,4,0.725,1,dense_v1
375,448,5,0.849,1,dense_v1
376,168,1,0.867,1,dense_v1
376,212,2,0.679,0,hybrid_v2
376,388,3,0.707,0,dense_v1
376,154,4,0.393,0,dense_v1
376,357,5,0.441,0,hybrid_v2
377,41,1,0.636,1,dense_v1
377,433,2,0.353,1,hybrid_v2
377,399,3,0.605,1,hybrid_v2
377,391,4,0.647,1,dense_v1
377,321,5,0.522,1,hybrid_v2
378,265,1,0.879,1,hybrid_v2
378,136,2,0.669,1,dense_v1
378,340,3,0.592,0,dense_v1
378,13,4,0.589,0,hybrid_v2
378,89,5,0.944,1,hybrid_v2
379,76,1,0.43,1,dense_v1
379,111,2,0.376,1,hybrid_v2
379,321,3,0.373,1,hybrid_v2
379,95,4,0.724,1,dense_v1
379,130,5,0.901,0,dense_v1
380,487,1,0.674,1,hybrid_v2
380,365,2,0.972,0,hybrid_v2
380,127,3,0.881,1,hybrid_v2
380,164,4,0.8,1,hybrid_v2
380,497,5,0.641,0,dense_v1
381,125,1,0.575,1,hybrid_v2
381,455,2,0.857,0,hybrid_v2
381,97,3,0.489,0,dense_v1
381,173,4,0.453,0,dense_v1
381,438,5,0.887,0,dense_v1
382,28,1,0.533,1,hybrid_v2
382,237,2,0.544,1,hybrid_v2
382,240,3,0.387,1,hybrid_v2
382,203,4,0.5,0,dense_v1
382,220,5,0.775,0,hybrid_v2
383,448,1,0.647,1,hybrid_v2
383,119,2,0.846,0,dense_v1
383,139,3,0.512,1,dense_v1
383,375,4,0.542,0,hybrid_v2
383,375,5,0.567,0,dense_v1
384,251,1,0.891,1,hybrid_v2
384,112,2,0.659,1,dense_v1
384,79,3,0.502,1,hybrid_v2
384,293,4,0.726,0,dense_v1
384,143,5,0.379,0,dense_v1
385,74,1,0.471,0,hybrid_v2
385,11,2,0.916,1,dense_v1
385,474,3,0.807,0,dense_v1
385,66,4,0.354,1,dense_v1
385,302,5,0.7,0,hybrid_v2
386,112,1,0.8,0,hybrid_v2
386,412,2,0.824,1,dense_v1
386,462,3,0.857,1,dense_v1
386,437,4,0.797,0,hybrid_v2
386,56,5,0.451,0,hybrid_v2
387,123,1,0.687,1,hybrid_v2
387,314,2,0.776,1,dense_v1
387,388,3,0.474,0,dense_v1
387,298,4,0.972,0,hybrid_v2
387,191,5,0.716,1,dense_v1
388,492,1,0.821,1,hybrid_v2
388,163,2,0.545,1,dense_v1
388,196,3,0.758,0,dense_v1
388,219,4,0.59,0,dense_v1
388,96,5,0.567,0,dense_v1
389,187,1,0.489,0,hybrid_v2
389,407,2,0.666,0,hybrid_v2
389,449,3,0.635,1,hybrid_v2
389,246,4,0.636,0,hybrid_v2
389,59,5,0.374,1,hybrid_v2
390,206,1,0.932,1,hybrid_v2
390,426,2,0.828,1,dense_v1
390,1,3,0.879,1,dense_v1
390,355,4,0.519,1,dense_v1
390,262,5,0.592,0,hybrid_v2
391,52,1,0.552,1,hybrid_v2
391,65,2,0.587,1,dense_v1
391,101,3,0.708,1,dense_v1
391,300,4,0.382,1,dense_v1
391,260,5,0.768,0,dense_v1
392,222,1,0.362,0,hybrid_v2
392,289,2,0.749,0,hybrid_v2
392,298,3,0.776,0,hybrid_v2
392,127,4,0.529,0,dense_v1
392,434,5,0.538,0,dense_v1
393,185,1,0.956,0,dense_v1
393,447,2,0.417,1,hybrid_v2
393,154,3,0.682,1,hybrid_v2
393,34,4,0.906,1,dense_v1
393,432,5,0.937,0,hybrid_v2
394,473,1,0.484,0,hybrid_v2
394,83,2,0.881,1,hybrid_v2
394,480,3,0.557,1,hybrid_v2
394,247,4,0.974,1,dense_v1
394,321,5,0.761,0,dense_v1
395,120,1,0.632,0,hybrid_v2
395,154,2,0.858,1,hybrid_v2
395,499,3,0.711,1,hybrid_v2
395,163,4,0.619,1,hybrid_v2
395,222,5,0.909,1,hybrid_v2
396,471,1,0.894,1,dense_v1
396,69,2,0.787,1,hybrid_v2
396,289,3,0.428,1,dense_v1
396,93,4,0.446,0,hybrid_v2
396,389,5,0.886,1,hybrid_v2
397,72,1,0.787,0,dense_v1
397,88,2,0.704,1,dense_v1
397,160,3,0.361,1,hybrid_v2
397,268,4,0.547,1,dense_v1
397,141,5,0.862,1,hybrid_v2
398,293,1,0.471,1,dense_v1
398,109,2,0.702,0,dense_v1
398,492,3,0.552,1,dense_v1
398,419,4,0.842,1,dense_v1
398,57,5,0.874,1,dense_v1
399,170,1,0.37,1,hybrid_v2
399,444,2,0.473,0,hybrid_v2
399,276,3,0.441,1,dense_v1
399,249,4,0.755,1,hybrid_v2
399,172,5,0.461,1,hybrid_v2
400,167,1,0.943,0,dense_v1
400,112,2,0.934,1,hybrid_v2
400,165,3,0.705,0,dense_v1
400,437,4,0.633,0,dense_v1
400,194,5,0.572,0,dense_v1
401,311,1,0.937,1,hybrid_v2
401,6,2,0.941,1,hybrid_v2
401,23,3,0.523,1,hybrid_v2
401,456,4,0.366,1,hybrid_v2
401,166,5,0.53,0,hybrid_v2
402,440,1,0.955,1,dense_v1
402,163,2,0.746,1,hybrid_v2
402,399,3,0.64,1,hybrid_v2
402,285,4,0.644,1,dense_v1
402,500,5,0.63,1,hybrid_v2
403,19,1,0.351,1,hybrid_v2
403,347,2,0.604,1,dense_v1
403,304,3,0.645,0,dense_v1
403,14,4,0.949,1,hybrid_v2
403,207,5,0.888,1,hybrid_v2
404,62,1,0.586,1,hybrid_v2
404,196,2,0.666,1,dense_v1
404,461,3,0.959,1,hybrid_v2
404,421,4,0.915,0,dense_v1
404,213,5,0.896,0,hybrid_v2
405,26,1,0.79,1,dense_v1
405,116,2,0.769,1,hybrid_v2
405,244,3,0.784,0,dense_v1
405,267,4,0.895,0,dense_v1
405,252,5,0.705,0,hybrid_v2
406,164,1,0.676,0,dense_v1
406,185,2,0.748,0,hybrid_v2
406,278,3,0.547,1,dense_v1
406,162,4,0.691,1,hybrid_v2
406,127,5,0.38,0,dense_v1
407,253,1,0.387,1,hybrid_v2
407,360,2,0.776,0,dense_v1
407,178,3,0.837,0,hybrid_v2
407,373,4,0.839,0,hybrid_v2
407,427,5,0.737,1,hybrid_v2
408,341,1,0.489,1,hybrid_v2
408,316,2,0.888,0,hybrid_v2
408,466,3,0.733,0,dense_v1
408,270,4,0.395,0,dense_v1
408,155,5,0.73,0,hybrid_v2
409,495,1,0.659,1,dense_v1
409,368,2,0.912,0,hybrid_v2
409,150,3,0.417,0,hybrid_v2
409,306,4,0.501,1,dense_v1
409,205,5,0.955,1,hybrid_v2
410,237,1,0.488,1,dense_v1
410,45,2,0.516,1,dense_v1
410,104,3,0.509,0,hybrid_v2
410,292,4,0.446,0,dense_v1
410,265,5,0.862,1,dense_v1
411,382,1,0.897,1,hybrid_v2
411,19,2,0.565,1,dense_v1
411,442,3,0.702,1,hybrid_v2
411,31,4,0.63,1,dense_v1
411,12,5,0.972,1,hybrid_v2
412,332,1,0.719,1,dense_v1
412,282,2,0.819,1,dense_v1
412,109,3,0.769,0,dense_v1
412,242,4,0.5,0,hybrid_v2
412,160,5,0.637,1,dense_v1
413,309,1,0.525,1,hybrid_v2
413,441,2,0.554,0,hybrid_v2
413,184,3,0.361,1,hybrid_v2
413,170,4,0.733,0,dense_v1
413,131,5,0.354,0,dense_v1
414,443,1,0.685,0,dense_v1
414,273,2,0.581,1,dense_v1
414,112,3,0.619,1,dense_v1
414,370,4,0.811,1,dense_v1
414,90,5,0.872,0,hybrid_v2
415,223,1,0.841,1,dense_v1
415,116,2,0.554,1,hybrid_v2
415,258,3,0.614,0,hybrid_v2
415,369,4,0.555,1,hybrid_v2
415,173,5,0.705,1,hybrid_v2
416,82,1,0.414,1,dense_v1
416,392,2,0.712,0,dense_v1
416,160,3,0.693,1,hybrid_v2
416,439,4,0.929,0,dense_v1
416,453,5,0.587,0,dense_v1
417,360,1,0.508,1,hybrid_v2
417,424,2,0.595,1,hybrid_v2
417,429,3,0.431,1,hybrid_v2
417,180,4,0.39,0,hybrid_v2
417,340,5,0.656,0,dense_v1
418,449,1,0.68,1,dense_v1
418,400,2,0.438,1,hybrid_v2
418,370,3,0.86,0,hybrid_v2
418,169,4,0.358,0,hybrid_v2
418,396,5,0.76,0,dense_v1
419,166,1,0.809,1,dense_v1
419,422,2,0.971,0,dense_v1
419,12,3,0.382,0,hybrid_v2
419,392,4,0.689,1,hybrid_v2
419,266,5,0.682,1,hybrid_v2
420,260,1,0.481,1,hybrid_v2
420,482,2,0.62,1,hybrid_v2
420,305,3,0.761,1,hybrid_v2
420,280,4,0.967,1,dense_v1
420,294,5,0.567,1,hybrid_v2
421,468,1,0.714,1,dense_v1
421,266,2,0.532,1,dense_v1
421,67,3,0.921,0,hybrid_v2
421,417,4,0.51,1,dense_v1
421,154,5,0.656,0,dense_v1
422,42,1,0.657,1,dense_v1
422,400,2,0.967,1,dense_v1
422,109,3,0.936,1,hybrid_v2
422,139,4,0.723,0,hybrid_v2
422,310,5,0.817,0,hybrid_v2
423,172,1,0.365,1,dense_v1
423,431,2,0.444,0,dense_v1
423,249,3,0.819,0,dense_v1
423,118,4,0.482,0,dense_v1
423,380,5,0.818,0,dense_v1
424,466,1,0.801,1,dense_v1
424,112,2,0.592,0,dense_v1
424,500,3,0.668,1,hybrid_v2
424,475,4,0.923,0,hybrid_v2
424,105,5,0.655,0,dense_v1
425,269,1,0.616,1,hybrid_v2
425,131,2,0.752,1,hybrid_v2
425,333,3,0.952,0,hybrid_v2
425,96,4,0.418,1,hybrid_v2
425,224,5,0.351,1,dense_v1
426,173,1,0.803,1,hybrid_v2
426,129,2,0.489,0,hybrid_v2
426,281,3,0.753,0,hybrid_v2
426,449,4,0.584,1,hybrid_v2
426,178,5,0.502,0,hybrid_v2
427,393,1,0.728,1,dense_v1
427,135,2,0.452,1,hybrid_v2
427,213,3,0.402,0,dense_v1
427,239,4,0.394,1,dense_v1
427,418,5,0.549,0,dense_v1
428,245,1,0.692,1,dense_v1
428,120,2,0.687,1,dense_v1
428,177,3,0.76,1,dense_v1
428,259,4,0.661,0,dense_v1
428,127,5,0.942,1,hybrid_v2
429,92,1,0.907,1,hybrid_v2
429,120,2,0.52,1,dense_v1
429,458,3,0.819,1,dense_v1
429,443,4,0.375,1,dense_v1
429,26,5,0.708,1,hybrid_v2
430,259,1,0.852,1,hybrid_v2
430,331,2,0.425,0,dense_v1
430,474,3,0.76,1,dense_v1
430,150,4,0.374,0,hybrid_v2
430,321,5,0.583,0,hybrid_v2
431,391,1,0.801,0,dense_v1
431,42,2,0.973,1,hybrid_v2
431,58,3,0.893,0,hybrid_v2
431,354,4,0.548,0,dense_v1
431,415,5,0.522,1,hybrid_v2
432,292,1,0.411,1,hybrid_v2
432,453,2,0.654,1,hybrid_v2
432,300,3,0.431,1,dense_v1
432,60,4,0.474,0,hybrid_v2
432,284,5,0.886,1,dense_v1
433,153,1,0.381,0,dense_v1
433,477,2,0.407,1,hybrid_v2
433,373,3,0.816,0,dense_v1
433,83,4,0.905,1,dense_v1
433,467,5,0.532,0,hybrid_v2
434,466,1,0.683,1,dense_v1
434,489,2,0.378,1,dense_v1
434,112,3,0.822,0,hybrid_v2
434,320,4,0.664,1,dense_v1
434,448,5,0.562,0,hybrid_v2
435,181,1,0.491,1,dense_v1
435,438,2,0.951,1,dense_v1
435,441,3,0.648,0,hybrid_v2
435,198,4,0.875,0,dense_v1
435,473,5,0.779,0,dense_v1
436,302,1,0.931,1,dense_v1
436,379,2,0.54,1,hybrid_v2
436,188,3,0.591,0,hybrid_v2
436,497,4,0.852,0,hybrid_v2
436,430,5,0.964,0,hybrid_v2
437,191,1,0.423,1,hybrid_v2
437,314,2,0.573,1,hybrid_v2
437,50,3,0.939,0,dense_v1
437,229,4,0.469,1,dense_v1
437,296,5,0.979,0,dense_v1
438,10,1,0.829,1,dense_v1
438,210,2,0.465,1,hybrid_v2
438,481,3,0.396,0,dense_v1
438,347,4,0.942,0,hybrid_v2
438,81,5,0.568,0,dense_v1
439,379,1,0.89,0,dense_v1
439,133,2,0.831,0,hybrid_v2
439,247,3,0.66,1,hybrid_v2
439,389,4,0.811,0,hybrid_v2
439,118,5,0.586,0,hybrid_v2
440,292,1,0.452,1,hybrid_v2
440,96,2,0.492,1,dense_v1
440,364,3,0.494,1,dense_v1
440,467,4,0.449,0,hybrid_v2
440,132,5,0.638,0,hybrid_v2
441,440,1,0.489,1,hybrid_v2
441,187,2,0.639,0,hybrid_v2
441,488,3,0.891,0,hybrid_v2
441,210,4,0.365,1,dense_v1
441,412,5,0.464,0,dense_v1
442,450,1,0.367,1,hybrid_v2
442,279,2,0.865,0,hybrid_v2
442,345,3,0.92,0,dense_v1
442,23,4,0.776,0,hybrid_v2
442,147,5,0.966,0,hybrid_v2
443,99,1,0.763,1,hybrid_v2
443,430,2,0.883,0,hybrid_v2
443,246,3,0.714,1,dense_v1
443,391,4,0.655,1,dense_v1
443,102,5,0.871,0,hybrid_v2
444,476,1,0.411,1,hybrid_v2
444,354,2,0.886,0,dense_v1
444,354,3,0.738,0,dense_v1
444,75,4,0.958,1,dense_v1
444,309,5,0.465,1,hybrid_v2
445,357,1,0.949,1,hybrid_v2
445,187,2,0.868,1,hybrid_v2
445,143,3,0.431,1,dense_v1
445,334,4,0.864,0,dense_v1
445,203,5,0.85,0,hybrid_v2
446,384,1,0.608,0,hybrid_v2
446,42,2,0.979,1,hybrid_v2
446,153,3,0.463,1,hybrid_v2
446,363,4,0.903,0,dense_v1
446,445,5,0.801,1,dense_v1
447,65,1,0.903,1,hybrid_v2
447,155,2,0.414,1,dense_v1
447,295,3,0.379,1,dense_v1
447,364,4,0.622,0,hybrid_v2
447,30,5,0.749,0,dense_v1
448,54,1,0.876,1,hybrid_v2
448,67,2,0.794,1,dense_v1
448,216,3,0.417,1,hybrid_v2
448,78,4,0.576,0,hybrid_v2
448,477,5,0.45,0,dense_v1
449,65,1,0.694,0,hybrid_v2
449,188,2,0.547,1,dense_v1
449,282,3,0.62,0,hybrid_v2
449,449,4,0.75,0,hybrid_v2
449,313,5,0.613,0,dense_v1
450,172,1,0.372,1,hybrid_v2
450,255,2,0.951,1,dense_v1
450,23,3,0.439,1,hybrid_v2
450,196,4,0.651,0,dense_v1
450,384,5,0.527,0,hybrid_v2
451,468,1,0.656,1,dense_v1
451,431,2,0.894,1,hybrid_v2
451,303,3,0.791,0,dense_v1
451,48,4,0.777,0,dense_v1
451,183,5,0.72,0,hybrid_v2
452,88,1,0.489,1,dense_v1
452,384,2,0.671,0,hybrid_v2
452,232,3,0.594,1,hybrid_v2
452,12,4,0.676,1,hybrid_v2
452,206,5,0.878,0,hybrid_v2
453,134,1,0.68,0,hybrid_v2
453,340,2,0.543,0,dense_v1
453,145,3,0.777,1,dense_v1
453,245,4,0.358,1,dense_v1
453,156,5,0.694,1,hybrid_v2
454,147,1,0.746,0,hybrid_v2
454,351,2,0.503,0,dense_v1
454,230,3,0.936,0,dense_v1
454,434,4,0.644,0,hybrid_v2
454,131,5,0.511,0,hybrid_v2
455,446,1,0.772,1,hybrid_v2
455,477,2,0.566,0,hybrid_v2
455,454,3,0.894,0,hybrid_v2
455,34,4,0.436,0,dense_v1
455,380,5,0.381,0,hybrid_v2
456,445,1,0.82,1,dense_v1
456,200,2,0.764,0,hybrid_v2
456,99,3,0.455,1,dense_v1
456,440,4,0.57,1,hybrid_v2
456,125,5,0.688,1,dense_v1
457,439,1,0.613,1,hybrid_v2
457,357,2,0.7,1,dense_v1
457,443,3,0.661,1,hybrid_v2
457,189,4,0.731,0,hybrid_v2
457,107,5,0.367,0,dense_v1
458,35,1,0.936,0,dense_v1
458,84,2,0.801,1,dense_v1
458,173,3,0.815,0,hybrid_v2
458,298,4,0.506,1,dense_v1
458,209,5,0.528,0,hybrid_v2
459,222,1,0.625,1,hybrid_v2
459,482,2,0.783,1,dense_v1
459,7,3,0.41,0,dense_v1
459,149,4,0.76,1,dense_v1
459,339,5,0.688,1,hybrid_v2
460,252,1,0.74,1,dense_v1
460,46,2,0.515,1,dense_v1
460,4,3,0.369,0,dense_v1
460,421,4,0.804,0,dense_v1
460,128,5,0.827,0,dense_v1
461,81,1,0.457,0,hybrid_v2
461,136,2,0.906,1,dense_v1
461,366,3,0.556,0,dense_v1
461,165,4,0.547,1,dense_v1
461,238,5,0.695,0,dense_v1
462,95,1,0.413,1,dense_v1
462,291,2,0.39,1,hybrid_v2
462,295,3,0.394,1,hybrid_v2
462,278,4,0.632,1,dense_v1
462,341,5,0.618,0,dense_v1
463,209,1,0.714,1,dense_v1
463,482,2,0.457,1,hybrid_v2
463,423,3,0.864,1,hybrid_v2
463,169,4,0.499,0,hybrid_v2
463,143,5,0.518,0,dense_v1
464,77,1,0.573,1,dense_v1
464,446,2,0.606,0,hybrid_v2
464,404,3,0.435,0,dense_v1
464,330,4,0.378,0,hybrid_v2
464,318,5,0.402,0,dense_v1
465,108,1,0.828,0,hybrid_v2
465,51,2,0.886,1,dense_v1
465,255,3,0.965,1,dense_v1
465,432,4,0.432,1,hybrid_v2
465,117,5,0.625,1,hybrid_v2
466,345,1,0.365,1,dense_v1
466,461,2,0.558,1,dense_v1
466,295,3,0.733,1,hybrid_v2
466,338,4,0.529,1,dense_v1
466,136,5,0.433,1,dense_v1
467,447,1,0.553,1,dense_v1
467,140,2,0.879,1,dense_v1
467,490,3,0.532,0,hybrid_v2
467,360,4,0.883,0,hybrid_v2
467,76,5,0.924,0,dense_v1
468,376,1,0.873,1,hybrid_v2
468,355,2,0.376,1,hybrid_v2
468,284,3,0.515,1,dense_v1
468,474,4,0.626,0,dense_v1
468,18,5,0.433,1,hybrid_v2
469,495,1,0.76,1,dense_v1
469,314,2,0.792,0,dense_v1
469,285,3,0.907,1,dense_v1
469,269,4,0.892,0,dense_v1
469,131,5,0.661,1,dense_v1
470,151,1,0.746,1,hybrid_v2
470,265,2,0.958,1,hybrid_v2
470,145,3,0.651,0,hybrid_v2
470,421,4,0.477,1,dense_v1
470,2,5,0.612,1,hybrid_v2
471,287,1,0.37,1,hybrid_v2
471,110,2,0.409,0,hybrid_v2
471,419,3,0.544,1,hybrid_v2
471,56,4,0.425,0,dense_v1
471,434,5,0.689,0,dense_v1
472,286,1,0.357,1,hybrid_v2
472,346,2,0.617,0,dense_v1
472,239,3,0.692,1,hybrid_v2
472,95,4,0.515,0,hybrid_v2
472,200,5,0.736,1,dense_v1
473,148,1,0.635,0,hybrid_v2
473,449,2,0.852,1,dense_v1
473,461,3,0.609,1,hybrid_v2
473,497,4,0.98,0,dense_v1
473,37,5,0.471,0,dense_v1
474,84,1,0.481,0,dense_v1
474,365,2,0.816,1,hybrid_v2
474,378,3,0.489,0,hybrid_v2
474,221,4,0.447,0,hybrid_v2
474,27,5,0.743,0,hybrid_v2
475,72,1,0.942,1,hybrid_v2
475,213,2,0.848,1,hybrid_v2
475,242,3,0.57,0,dense_v1
475,202,4,0.541,1,dense_v1
475,204,5,0.781,1,dense_v1
476,343,1,0.408,1,dense_v1
476,340,2,0.7,0,hybrid_v2
476,335,3,0.71,1,hybrid_v2
476,31,4,0.377,0,hybrid_v2
476,122,5,0.577,0,hybrid_v2
477,43,1,0.711,1,dense_v1
477,435,2,0.499,1,hybrid_v2
477,200,3,0.491,0,dense_v1
477,402,4,0.423,0,hybrid_v2
477,92,5,0.853,0,hybrid_v2
478,297,1,0.498,1,dense_v1
478,321,2,0.537,0,dense_v1
478,488,3,0.667,0,hybrid_v2
478,122,4,0.94,0,hybrid_v2
478,131,5,0.81,1,dense_v1
479,317,1,0.812,1,hybrid_v2
479,267,2,0.532,0,hybrid_v2
479,159,3,0.963,1,dense_v1
479,23,4,0.581,0,dense_v1
479,440,5,0.497,0,hybrid_v2
480,280,1,0.476,0,dense_v1
480,276,2,0.796,1,hybrid_v2
480,204,3,0.735,1,hybrid_v2
480,232,4,0.438,0,dense_v1
480,137,5,0.786,1,dense_v1
481,101,1,0.356,1,dense_v1
481,362,2,0.931,0,hybrid_v2
481,248,3,0.827,1,hybrid_v2
481,94,4,0.496,0,dense_v1
481,253,5,0.91,0,dense_v1
482,91,1,0.525,1,dense_v1
482,177,2,0.58,1,dense_v1
482,416,3,0.674,0,hybrid_v2
482,108,4,0.924,0,hybrid_v2
482,123,5,0.591,0,dense_v1
483,303,1,0.707,1,dense_v1
483,362,2,0.764,0,hybrid_v2
483,288,3,0.546,0,dense_v1
483,21,4,0.82,1,dense_v1
483,127,5,0.656,0,dense_v1
484,489,1,0.829,1,dense_v1
484,375,2,0.891,0,dense_v1
484,148,3,0.746,1,dense_v1
484,185,4,0.527,1,dense_v1
484,179,5,0.751,1,dense_v1
485,129,1,0.545,0,hybrid_v2
485,144,2,0.528,1,hybrid_v2
485,247,3,0.592,1,hybrid_v2
485,458,4,0.968,0,hybrid_v2
485,100,5,0.971,1,hybrid_v2
486,275,1,0.881,1,dense_v1
486,215,2,0.568,1,hybrid_v2
486,187,3,0.787,1,hybrid_v2
486,195,4,0.677,0,hybrid_v2
486,289,5,0.515,0,hybrid_v2
487,197,1,0.957,0,hybrid_v2
487,141,2,0.739,0,dense_v1
487,327,3,0.814,0,hybrid_v2
487,330,4,0.823,0,hybrid_v2
487,142,5,0.761,0,dense_v1
488,470,1,0.445,1,dense_v1
488,188,2,0.902,1,hybrid_v2
488,141,3,0.892,0,dense_v1
488,275,4,0.754,0,hybrid_v2
488,416,5,0.962,0,hybrid_v2
489,417,1,0.661,1,dense_v1
489,381,2,0.542,0,dense_v1
489,224,3,0.369,1,dense_v1
489,246,4,0.356,1,dense_v1
489,70,5,0.357,0,hybrid_v2
490,83,1,0.503,1,hybrid_v2
490,86,2,0.777,0,hybrid_v2
490,144,3,0.967,0,dense_v1
490,420,4,0.514,1,hybrid_v2
490,66,5,0.621,0,dense_v1
491,268,1,0.918,1,dense_v1
491,271,2,0.961,0,dense_v1
491,356,3,0.889,0,hybrid_v2
491,371,4,0.418,1,hybrid_v2
491,459,5,0.447,1,dense_v1
492,364,1,0.877,1,hybrid_v2
492,411,2,0.565,1,hybrid_v2
492,228,3,0.543,0,hybrid_v2
492,54,4,0.82,0,dense_v1
492,108,5,0.371,0,dense_v1
493,386,1,0.754,0,hybrid_v2
493,406,2,0.822,0,dense_v1
493,346,3,0.919,1,hybrid_v2
493,143,4,0.926,0,hybrid_v2
493,486,5,0.908,0,dense_v1
494,89,1,0.639,1,dense_v1
494,395,2,0.387,1,dense_v1
494,271,3,0.935,1,hybrid_v2
494,231,4,0.509,1,dense_v1
494,390,5,0.45,0,dense_v1
495,378,1,0.578,0,dense_v1
495,277,2,0.477,1,dense_v1
495,72,3,0.62,1,dense_v1
495,374,4,0.895,1,hybrid_v2
495,277,5,0.917,1,dense_v1
496,231,1,0.719,0,dense_v1
496,280,2,0.933,1,hybrid_v2
496,494,3,0.957,1,dense_v1
496,196,4,0.73,1,dense_v1
496,345,5,0.899,0,dense_v1
497,250,1,0.494,0,dense_v1
497,390,2,0.673,1,dense_v1
497,471,3,0.678,0,hybrid_v2
497,383,4,0.699,1,dense_v1
497,345,5,0.851,1,dense_v1
498,414,1,0.978,1,hybrid_v2
498,296,2,0.862,0,dense_v1
498,409,3,0.624,1,dense_v1
498,94,4,0.799,0,hybrid_v2
498,400,5,0.872,1,hybrid_v2
499,426,1,0.872,1,hybrid_v2
499,307,2,0.695,1,hybrid_v2
499,370,3,0.886,1,dense_v1
499,335,4,0.968,0,hybrid_v2
499,27,5,0.493,0,dense_v1
500,419,1,0.437,1,dense_v1
500,198,2,0.527,1,hybrid_v2
500,158,3,0.364,0,hybrid_v2
500,492,4,0.533,0,dense_v1
500,417,5,0.406,0,hybrid_v2
501,389,1,0.558,1,dense_v1
501,63,2,0.354,1,hybrid_v2
501,174,3,0.453,1,hybrid_v2
501,186,4,0.636,0,dense_v1
501,181,5,0.813,0,dense_v1
502,164,1,0.557,1,dense_v1
502,420,2,0.389,0,dense_v1
502,481,3,0.946,1,hybrid_v2
502,483,4,0.971,0,hybrid_v2
502,471,5,0.81,1,dense_v1
503,16,1,0.667,0,dense_v1
503,134,2,0.778,1,dense_v1
503,242,3,0.769,1,dense_v1
503,411,4,0.838,0,hybrid_v2
503,359,5,0.767,0,hybrid_v2
504,446,1,0.925,1,hybrid_v2
504,287,2,0.574,1,dense_v1
504,50,3,0.744,1,hybrid_v2
504,182,4,0.856,0,hybrid_v2
504,234,5,0.962,1,dense_v1
505,431,1,0.834,1,dense_v1
505,136,2,0.574,1,dense_v1
505,34,3,0.575,0,dense_v1
505,261,4,0.63,1,dense_v1
505,395,5,0.765,0,dense_v1
506,190,1,0.499,1,hybrid_v2
506,165,2,0.596,0,hybrid_v2
506,302,3,0.94,0,hybrid_v2
506,177,4,0.433,1,dense_v1
506,445,5,0.612,1,dense_v1
507,456,1,0.7,0,dense_v1
507,159,2,0.658,1,dense_v1
507,363,3,0.613,1,hybrid_v2
507,341,4,0.759,0,dense_v1
507,147,5,0.507,1,hybrid_v2
508,48,1,0.806,0,hybrid_v2
508,396,2,0.581,1,hybrid_v2
508,28,3,0.365,1,hybrid_v2
508,346,4,0.682,0,hybrid_v2
508,485,5,0.934,0,dense_v1
509,429,1,0.761,1,hybrid_v2
509,34,2,0.415,0,hybrid_v2
509,218,3,0.437,1,dense_v1
509,239,4,0.94,0,dense_v1
509,312,5,0.423,0,hybrid_v2
510,64,1,0.908,0,dense_v1
510,191,2,0.43,1,hybrid_v2
510,250,3,0.742,1,dense_v1
510,99,4,0.471,0,hybrid_v2
510,316,5,0.846,0,dense_v1
511,277,1,0.771,1,dense_v1
511,404,2,0.491,0,dense_v1
511,32,3,0.365,0,dense_v1
511,467,4,0.708,1,dense_v1
511,301,5,0.598,1,hybrid_v2
512,372,1,0.613,1,dense_v1
512,283,2,0.564,0,dense_v1
512,29,3,0.383,1,dense_v1
512,450,4,0.765,1,hybrid_v2
512,56,5,0.91,0,dense_v1
513,135,1,0.758,1,hybrid_v2
513,260,2,0.695,0,hybrid_v2
513,51,3,0.751,0,hybrid_v2
513,32,4,0.446,1,hybrid_v2
513,348,5,0.562,0,dense_v1
514,65,1,0.755,1,dense_v1
514,395,2,0.914,1,hybrid_v2
514,425,3,0.92,1,dense_v1
514,76,4,0.97,1,hybrid_v2
514,121,5,0.612,0,hybrid_v2
515,184,1,0.462,1,hybrid_v2
515,222,2,0.43,1,hybrid_v2
515,133,3,0.408,0,hybrid_v2
515,46,4,0.413,1,hybrid_v2
515,446,5,0.502,0,hybrid_v2
516,7,1,0.743,0,dense_v1
516,120,2,0.738,1,hybrid_v2
516,478,3,0.401,0,hybrid_v2
516,225,4,0.643,0,dense_v1
516,305,5,0.572,1,hybrid_v2
517,383,1,0.384,1,dense_v1
517,292,2,0.841,1,dense_v1
517,376,3,0.461,1,hybrid_v2
517,330,4,0.548,0,hybrid_v2
517,195,5,0.515,0,dense_v1
518,46,1,0.667,0,dense_v1
518,53,2,0.467,0,hybrid_v2
518,285,3,0.847,1,hybrid_v2
518,31,4,0.723,1,hybrid_v2
518,225,5,0.484,0,hybrid_v2
519,275,1,0.428,1,dense_v1
519,335,2,0.625,1,hybrid_v2
519,237,3,0.943,1,hybrid_v2
519,266,4,0.487,1,dense_v1
519,347,5,0.633,0,hybrid_v2
520,9,1,0.857,0,dense_v1
520,191,2,0.935,1,dense_v1
520,130,3,0.45,1,hybrid_v2
520,305,4,0.602,0,dense_v1
520,125,5,0.439,1,dense_v1
521,311,1,0.907,1,hybrid_v2
521,193,2,0.385,1,hybrid_v2
521,270,3,0.574,0,hybrid_v2
521,208,4,0.741,0,hybrid_v2
521,454,5,0.787,1,dense_v1
522,234,1,0.35,0,dense_v1
522,58,2,0.767,1,hybrid_v2
522,11,3,0.958,1,hybrid_v2
522,205,4,0.745,0,hybrid_v2
522,462,5,0.548,0,hybrid_v2
523,451,1,0.553,1,hybrid_v2
523,488,2,0.363,1,dense_v1
523,28,3,0.844,0,dense_v1
523,311,4,0.397,0,hybrid_v2
523,40,5,0.525,0,dense_v1
524,438,1,0.513,1,dense_v1
524,34,2,0.935,1,hybrid_v2
524,361,3,0.367,0,dense_v1
524,461,4,0.45,1,hybrid_v2
524,249,5,0.783,1,hybrid_v2
525,163,1,0.937,1,dense_v1
525,29,2,0.425,0,dense_v1
525,387,3,0.454,0,hybrid_v2
525,175,4,0.451,0,hybrid_v2
525,291,5,0.813,1,hybrid_v2
526,71,1,0.873,1,dense_v1
526,88,2,0.9,0,dense_v1
526,322,3,0.782,1,hybrid_v2
526,368,4,0.978,0,hybrid_v2
526,463,5,0.756,1,hybrid_v2
527,8,1,0.877,0,dense_v1
527,12,2,0.446,1,hybrid_v2
527,371,3,0.408,1,hybrid_v2
527,401,4,0.946,1,dense_v1
527,104,5,0.86,0,dense_v1
528,180,1,0.842,1,dense_v1
528,133,2,0.66,1,dense_v1
528,139,3,0.565,1,dense_v1
528,444,4,0.354,0,hybrid_v2
528,491,5,0.748,1,dense_v1
529,314,1,0.452,1,hybrid_v2
529,395,2,0.61,1,hybrid_v2
529,104,3,0.787,1,dense_v1
529,97,4,0.459,0,dense_v1
529,123,5,0.411,0,dense_v1
530,392,1,0.978,1,dense_v1
530,207,2,0.777,1,dense_v1
530,100,3,0.532,1,hybrid_v2
530,75,4,0.943,0,hybrid_v2
530,345,5,0.37,0,hybrid_v2
531,244,1,0.506,1,dense_v1
531,346,2,0.722,1,hybrid_v2
531,429,3,0.407,0,dense_v1
531,84,4,0.356,1,dense_v1
531,435,5,0.823,1,hybrid_v2
532,87,1,0.618,1,hybrid_v2
532,88,2,0.719,1,hybrid_v2
532,249,3,0.934,0,hybrid_v2
532,76,4,0.895,0,dense_v1
532,369,5,0.509,0,dense_v1
533,310,1,0.894,1,hybrid_v2
533,271,2,0.693,1,dense_v1
533,277,3,0.647,0,dense_v1
533,477,4,0.719,0,dense_v1
533,143,5,0.433,0,dense_v1
534,445,1,0.681,1,hybrid_v2
534,49,2,0.96,0,hybrid_v2
534,304,3,0.943,1,hybrid_v2
534,436,4,0.369,0,hybrid_v2
534,106,5,0.879,0,hybrid_v2
535,109,1,0.705,0,hybrid_v2
535,489,2,0.364,1,hybrid_v2
535,422,3,0.535,1,hybrid_v2
535,462,4,0.786,0,dense_v1
535,389,5,0.748,0,hybrid_v2
536,365,1,0.455,1,dense_v1
536,295,2,0.463,1,dense_v1
536,35,3,0.422,1,dense_v1
536,355,4,0.591,1,dense_v1
536,79,5,0.369,1,dense_v1
537,268,1,0.389,1,dense_v1
537,466,2,0.458,1,hybrid_v2
537,202,3,0.902,1,hybrid_v2
537,493,4,0.823,1,dense_v1
537,25,5,0.505,0,dense_v1
538,320,1,0.658,1,dense_v1
538,257,2,0.528,1,hybrid_v2
538,168,3,0.906,0,hybrid_v2
538,376,4,0.629,0,hybrid_v2
538,320,5,0.816,0,hybrid_v2
539,296,1,0.355,1,hybrid_v2
539,385,2,0.868,0,dense_v1
539,498,3,0.484,0,hybrid_v2
539,330,4,0.959,1,dense_v1
539,253,5,0.361,0,dense_v1
540,148,1,0.466,1,dense_v1
540,139,2,0.579,1,dense_v1
540,147,3,0.657,0,dense_v1
540,265,4,0.715,0,dense_v1
540,37,5,0.753,1,hybrid_v2
541,281,1,0.67,1,hybrid_v2
541,380,2,0.611,1,hybrid_v2
541,183,3,0.589,1,hybrid_v2
541,428,4,0.959,0,hybrid_v2
541,462,5,0.808,1,dense_v1
542,319,1,0.572,1,hybrid_v2
542,390,2,0.426,0,dense_v1
542,411,3,0.653,0,hybrid_v2
542,245,4,0.934,0,hybrid_v2
542,469,5,0.966,1,hybrid_v2
543,243,1,0.949,1,dense_v1
543,444,2,0.794,0,dense_v1
543,233,3,0.642,0,dense_v1
543,34,4,0.479,1,dense_v1
543,307,5,0.882,1,dense_v1
544,493,1,0.36,1,dense_v1
544,159,2,0.671,0,dense_v1
544,231,3,0.652,0,hybrid_v2
544,28,4,0.501,1,dense_v1
544,135,5,0.856,0,dense_v1
545,143,1,0.737,1,dense_v1
545,451,2,0.448,0,dense_v1
545,151,3,0.793,1,hybrid_v2
545,177,4,0.781,1,hybrid_v2
545,39,5,0.83,1,dense_v1
546,237,1,0.622,0,hybrid_v2
546,90,2,0.771,0,dense_v1
546,224,3,0.679,0,hybrid_v2
546,185,4,0.926,0,hybrid_v2
546,211,5,0.921,0,dense_v1
547,60,1,0.458,1,hybrid_v2
547,462,2,0.763,0,hybrid_v2
547,365,3,0.564,1,hybrid_v2
547,470,4,0.783,0,dense_v1
547,375,5,0.488,0,hybrid_v2
548,414,1,0.908,1,hybrid_v2
548,295,2,0.634,1,hybrid_v2
548,330,3,0.594,0,hybrid_v2
548,215,4,0.586,1,hybrid_v2
548,473,5,0.481,1,hybrid_v2
549,119,1,0.546,1,hybrid_v2
549,95,2,0.82,0,dense_v1
549,463,3,0.639,1,dense_v1
549,469,4,0.555,0,dense_v1
549,75,5,0.827,0,dense_v1
550,134,1,0.595,1,dense_v1
550,479,2,0.902,0,dense_v1
550,148,3,0.815,0,hybrid_v2
550,120,4,0.381,1,dense_v1
550,51,5,0.682,0,dense_v1
551,24,1,0.419,1,dense_v1
551,462,2,0.361,1,dense_v1
551,498,3,0.609,0,hybrid_v2
551,383,4,0.618,1,hybrid_v2
551,48,5,0.726,1,dense_v1
552,361,1,0.5,0,dense_v1
552,327,2,0.538,0,dense_v1
552,351,3,0.722,1,dense_v1
552,486,4,0.474,1,dense_v1
552,213,5,0.78,0,hybrid_v2
553,20,1,0.75,0,hybrid_v2
553,119,2,0.722,1,hybrid_v2
553,135,3,0.599,0,hybrid_v2
553,50,4,0.478,1,hybrid_v2
553,31,5,0.907,0,hybrid_v2
554,186,1,0.586,1,hybrid_v2
554,255,2,0.868,0,dense_v1
554,169,3,0.559,1,dense_v1
554,445,4,0.406,0,dense_v1
554,374,5,0.558,0,hybrid_v2
555,288,1,0.573,1,dense_v1
555,111,2,0.355,1,dense_v1
555,290,3,0.431,1,dense_v1
555,161,4,0.475,1,dense_v1
555,271,5,0.734,1,dense_v1
556,170,1,0.662,1,dense_v1
556,114,2,0.561,1,dense_v1
556,78,3,0.599,1,hybrid_v2
556,270,4,0.842,0,hybrid_v2
556,163,5,0.787,1,hybrid_v2
557,467,1,0.959,1,hybrid_v2
557,323,2,0.738,1,hybrid_v2
557,440,3,0.605,1,hybrid_v2
557,158,4,0.808,0,dense_v1
557,216,5,0.732,1,hybrid_v2
558,321,1,0.85,0,hybrid_v2
558,385,2,0.761,0,hybrid_v2
558,339,3,0.7,1,hybrid_v2
558,361,4,0.5,0,hybrid_v2
558,458,5,0.605,0,dense_v1
559,57,1,0.833,0,dense_v1
559,236,2,0.655,0,hybrid_v2
559,253,3,0.578,0,dense_v1
559,280,4,0.874,0,hybrid_v2
559,186,5,0.762,1,dense_v1
560,210,1,0.958,1,dense_v1
560,121,2,0.616,1,dense_v1
560,328,3,0.965,1,hybrid_v2
560,304,4,0.409,1,dense_v1
560,2,5,0.76,1,dense_v1
561,300,1,0.557,0,dense_v1
561,230,2,0.831,1,hybrid_v2
561,152,3,0.791,1,dense_v1
561,270,4,0.928,0,dense_v1
561,94,5,0.466,0,dense_v1
562,490,1,0.683,0,hybrid_v2
562,407,2,0.428,1,hybrid_v2
562,259,3,0.458,1,hybrid_v2
562,447,4,0.946,0,hybrid_v2
562,437,5,0.517,0,hybrid_v2
563,479,1,0.841,1,dense_v1
563,429,2,0.858,0,hybrid_v2
563,29,3,0.714,0,dense_v1
563,129,4,0.515,0,dense_v1
563,436,5,0.861,0,dense_v1
564,186,1,0.782,1,dense_v1
564,27,2,0.93,1,dense_v1
564,91,3,0.923,0,hybrid_v2
564,291,4,0.502,1,hybrid_v2
564,153,5,0.749,0,dense_v1
565,387,1,0.801,1,hybrid_v2
565,197,2,0.702,0,dense_v1
565,498,3,0.414,1,dense_v1
565,485,4,0.651,0,hybrid_v2
565,193,5,0.685,0,dense_v1
566,379,1,0.648,0,dense_v1
566,18,2,0.566,1,hybrid_v2
566,449,3,0.769,1,dense_v1
566,417,4,0.787,0,hybrid_v2
566,76,5,0.875,0,hybrid_v2
567,84,1,0.567,1,hybrid_v2
567,377,2,0.612,0,dense_v1
567,68,3,0.681,0,hybrid_v2
567,52,4,0.647,0,dense_v1
567,389,5,0.478,1,dense_v1
568,352,1,0.438,1,dense_v1
568,236,2,0.607,1,dense_v1
568,428,3,0.384,0,hybrid_v2
568,295,4,0.506,0,dense_v1
568,123,5,0.636,0,hybrid_v2
569,377,1,0.696,0,dense_v1
569,490,2,0.769,1,hybrid_v2
569,286,3,0.469,1,hybrid_v2
569,267,4,0.672,0,hybrid_v2
569,125,5,0.663,0,dense_v1
570,356,1,0.382,1,dense_v1
570,500,2,0.492,1,hybrid_v2
570,256,3,0.797,1,dense_v1
570,196,4,0.773,1,hybrid_v2
570,107,5,0.759,1,dense_v1
571,267,1,0.392,1,hybrid_v2
571,288,2,0.782,1,hybrid_v2
571,212,3,0.944,1,hybrid_v2
571,382,4,0.93,0,dense_v1
571,384,5,0.674,0,dense_v1
572,248,1,0.678,1,hybrid_v2
572,447,2,0.484,1,dense_v1
572,282,3,0.462,1,dense_v1
572,337,4,0.605,1,hybrid_v2
572,485,5,0.454,1,hybrid_v2
573,45,1,0.438,1,dense_v1
573,135,2,0.597,0,dense_v1
573,99,3,0.542,1,hybrid_v2
573,157,4,0.635,0,dense_v1
573,421,5,0.598,0,hybrid_v2
574,421,1,0.573,1,dense_v1
574,417,2,0.49,0,dense_v1
574,459,3,0.392,1,dense_v1
574,352,4,0.95,0,hybrid_v2
574,61,5,0.68,0,dense_v1
575,435,1,0.508,0,dense_v1
575,181,2,0.806,1,hybrid_v2
575,256,3,0.822,1,hybrid_v2
575,383,4,0.384,0,dense_v1
575,86,5,0.915,0,hybrid_v2
576,402,1,0.956,0,hybrid_v2
576,141,2,0.403,1,dense_v1
576,174,3,0.893,1,dense_v1
576,147,4,0.823,1,hybrid_v2
576,303,5,0.365,0,dense_v1
577,212,1,0.902,0,dense_v1
577,40,2,0.39,0,hybrid_v2
577,257,3,0.888,0,dense_v1
577,162,4,0.361,0,dense_v1
577,81,5,0.82,0,hybrid_v2
578,358,1,0.573,1,dense_v1
578,191,2,0.515,1,dense_v1
578,259,3,0.522,1,dense_v1
578,46,4,0.717,1,dense_v1
578,447,5,0.412,1,hybrid_v2
579,459,1,0.887,1,dense_v1
579,368,2,0.848,0,hybrid_v2
579,19,3,0.654,0,dense_v1
579,458,4,0.761,1,dense_v1
579,3,5,0.579,0,dense_v1
580,439,1,0.676,1,dense_v1
580,449,2,0.908,1,hybrid_v2
580,375,3,0.472,0,hybrid_v2
580,347,4,0.485,0,dense_v1
580,132,5,0.739,0,dense_v1
581,377,1,0.574,1,dense_v1
581,416,2,0.421,0,hybrid_v2
581,222,3,0.963,1,hybrid_v2
581,335,4,0.432,1,hybrid_v2
581,359,5,0.893,1,dense_v1
582,207,1,0.766,1,hybrid_v2
582,367,2,0.874,1,dense_v1
582,403,3,0.358,0,dense_v1
582,60,4,0.699,1,dense_v1
582,338,5,0.955,0,hybrid_v2
583,74,1,0.846,1,dense_v1
583,90,2,0.839,1,hybrid_v2
583,490,3,0.832,1,hybrid_v2
583,366,4,0.968,1,hybrid_v2
583,16,5,0.36,1,dense_v1
584,190,1,0.681,1,hybrid_v2
584,31,2,0.418,0,hybrid_v2
584,292,3,0.517,1,dense_v1
584,178,4,0.917,1,dense_v1
584,157,5,0.365,1,hybrid_v2
585,54,1,0.435,0,hybrid_v2
585,440,2,0.748,1,dense_v1
585,340,3,0.614,0,dense_v1
585,218,4,0.864,1,hybrid_v2
585,56,5,0.848,0,dense_v1
586,462,1,0.542,1,dense_v1
586,367,2,0.862,0,hybrid_v2
586,176,3,0.522,0,dense_v1
586,242,4,0.968,0,hybrid_v2
586,63,5,0.362,0,hybrid_v2
587,263,1,0.362,0,dense_v1
587,480,2,0.473,1,dense_v1
587,86,3,0.793,1,hybrid_v2
587,330,4,0.663,0,dense_v1
587,309,5,0.911,0,dense_v1
588,109,1,0.738,1,hybrid_v2
588,92,2,0.966,1,dense_v1
588,119,3,0.777,0,hybrid_v2
588,26,4,0.455,0,hybrid_v2
588,35,5,0.753,0,dense_v1
589,397,1,0.571,1,dense_v1
589,137,2,0.751,0,dense_v1
589,424,3,0.398,1,dense_v1
589,418,4,0.442,1,hybrid_v2
589,482,5,0.56,0,dense_v1
590,459,1,0.922,0,hybrid_v2
590,207,2,0.405,1,hybrid_v2
590,200,3,0.921,1,dense_v1
590,71,4,0.821,0,dense_v1
590,24,5,0.978,0,dense_v1
591,115,1,0.579,1,dense_v1
591,73,2,0.455,0,dense_v1
591,5,3,0.508,0,hybrid_v2
591,468,4,0.718,0,hybrid_v2
591,389,5,0.501,0,hybrid_v2
592,42,1,0.915,1,hybrid_v2
592,488,2,0.719,1,hybrid_v2
592,122,3,0.888,0,hybrid_v2
592,343,4,0.655,1,dense_v1
592,477,5,0.813,1,hybrid_v2
593,382,1,0.974,0,hybrid_v2
593,232,2,0.402,1,hybrid_v2
593,364,3,0.608,1,hybrid_v2
593,133,4,0.507,0,dense_v1
593,43,5,0.415,0,hybrid_v2
594,369,1,0.594,1,dense_v1
594,136,2,0.594,0,hybrid_v2
594,256,3,0.949,1,dense_v1
594,430,4,0.555,0,hybrid_v2
594,223,5,0.79,0,hybrid_v2
595,46,1,0.593,1,hybrid_v2
595,113,2,0.631,1,hybrid_v2
595,462,3,0.535,0,dense_v1
595,432,4,0.66,1,hybrid_v2
595,191,5,0.354,0,dense_v1
596,435,1,0.633,0,hybrid_v2
596,167,2,0.442,1,dense_v1
596,77,3,0.57,1,hybrid_v2
596,293,4,0.946,1,hybrid_v2
596,1,5,0.376,1,dense_v1
597,74,1,0.928,0,dense_v1
597,453,2,0.536,1,hybrid_v2
597,270,3,0.557,1,hybrid_v2
597,264,4,0.938,1,dense_v1
597,262,5,0.373,0,hybrid_v2
598,257,1,0.604,1,hybrid_v2
598,5,2,0.515,1,hybrid_v2
598,3,3,0.953,0,hybrid_v2
598,299,4,0.384,0,hybrid_v2
598,445,5,0.604,1,hybrid_v2
599,33,1,0.538,1,hybrid_v2
599,308,2,0.577,1,hybrid_v2
599,266,3,0.834,1,hybrid_v2
599,32,4,0.637,1,dense_v1
599,285,5,0.597,0,dense_v1
600,349,1,0.86,1,hybrid_v2
600,469,2,0.765,1,dense_v1
600,485,3,0.634,1,dense_v1
600,92,4,0.555,1,dense_v1
600,396,5,0.37,0,hybrid_v2
601,158,1,0.508,1,dense_v1
601,379,2,0.442,1,dense_v1
601,184,3,0.798,1,hybrid_v2
601,318,4,0.368,0,hybrid_v2
601,225,5,0.392,0,dense_v1
602,52,1,0.974,1,hybrid_v2
602,472,2,0.386,0,hybrid_v2
602,345,3,0.367,1,hybrid_v2
602,199,4,0.577,1,dense_v1
602,251,5,0.9,0,dense_v1
603,230,1,0.583,1,hybrid_v2
603,245,2,0.376,1,hybrid_v2
603,54,3,0.837,0,hybrid_v2
603,55,4,0.815,0,dense_v1
603,7,5,0.565,1,hybrid_v2
604,488,1,0.36,1,hybrid_v2
604,404,2,0.395,0,dense_v1
604,482,3,0.631,0,hybrid_v2
604,229,4,0.663,0,dense_v1
604,198,5,0.492,0,hybrid_v2
605,376,1,0.85,1,dense_v1
605,289,2,0.969,0,dense_v1
605,197,3,0.603,1,dense_v1
605,13,4,0.404,1,dense_v1
605,413,5,0.73,0,hybrid_v2
606,97,1,0.882,1,dense_v1
606,442,2,0.431,0,hybrid_v2
606,37,3,0.508,1,hybrid_v2
606,309,4,0.584,1,hybrid_v2
606,338,5,0.458,0,dense_v1
607,263,1,0.517,1,hybrid_v2
607,103,2,0.873,1,dense_v1
607,1,3,0.594,0,hybrid_v2
607,74,4,0.415,0,dense_v1
607,210,5,0.405,0,dense_v1
608,128,1,0.925,0,dense_v1
608,329,2,0.837,0,hybrid_v2
608,113,3,0.456,1,dense_v1
608,403,4,0.976,0,hybrid_v2
608,89,5,0.7,0,hybrid_v2
609,360,1,0.354,0,hybrid_v2
609,70,2,0.514,1,hybrid_v2
609,261,3,0.508,0,dense_v1
609,318,4,0.943,0,hybrid_v2
609,489,5,0.376,1,dense_v1
610,288,1,0.52,0,dense_v1
610,315,2,0.654,0,hybrid_v2
610,471,3,0.466,0,dense_v1
610,207,4,0.372,0,dense_v1
610,351,5,0.965,0,dense_v1
611,439,1,0.636,0,hybrid_v2
611,336,2,0.575,1,hybrid_v2
611,489,3,0.562,1,dense_v1
611,176,4,0.794,1,hybrid_v2
611,87,5,0.398,1,hybrid_v2
612,186,1,0.556,1,hybrid_v2
612,335,2,0.846,0,dense_v1
612,150,3,0.612,0,hybrid_v2
612,38,4,0.386,1,hybrid_v2
612,60,5,0.555,0,hybrid_v2
613,86,1,0.756,1,hybrid_v2
613,87,2,0.357,1,hybrid_v2
613,352,3,0.827,1,hybrid_v2
613,307,4,0.492,0,dense_v1
613,209,5,0.948,0,hybrid_v2
614,335,1,0.865,1,dense_v1
614,316,2,0.625,0,dense_v1
614,446,3,0.652,1,dense_v1
614,387,4,0.772,1,dense_v1
614,347,5,0.465,0,hybrid_v2
615,233,1,0.863,1,dense_v1
615,118,2,0.35,1,hybrid_v2
615,305,3,0.586,0,dense_v1
615,57,4,0.734,1,hybrid_v2
615,360,5,0.723,0,dense_v1
616,264,1,0.776,0,hybrid_v2
616,97,2,0.753,0,hybrid_v2
616,372,3,0.557,1,hybrid_v2
616,112,4,0.744,0,hybrid_v2
616,367,5,0.616,1,hybrid_v2
617,212,1,0.643,1,hybrid_v2
617,66,2,0.536,1,dense_v1
617,387,3,0.469,1,hybrid_v2
617,2,4,0.886,0,hybrid_v2
617,462,5,0.468,1,dense_v1
618,32,1,0.708,0,dense_v1
618,26,2,0.356,1,hybrid_v2
618,103,3,0.82,1,hybrid_v2
618,409,4,0.409,1,hybrid_v2
618,495,5,0.734,0,hybrid_v2
619,328,1,0.473,1,hybrid_v2
619,365,2,0.834,0,hybrid_v2
619,441,3,0.727,1,hybrid_v2
619,245,4,0.548,1,dense_v1
619,483,5,0.43,0,hybrid_v2
620,277,1,0.626,1,dense_v1
620,440,2,0.518,1,dense_v1
620,15,3,0.766,0,dense_v1
620,250,4,0.706,1,dense_v1
620,435,5,0.428,1,hybrid_v2
621,486,1,0.52,1,dense_v1
621,189,2,0.439,1,hybrid_v2
621,250,3,0.754,1,dense_v1
621,261,4,0.935,0,hybrid_v2
621,266,5,0.696,1,hybrid_v2
622,182,1,0.552,1,hybrid_v2
622,320,2,0.927,0,dense_v1
622,455,3,0.653,1,dense_v1
622,242,4,0.491,1,dense_v1
622,154,5,0.437,0,dense_v1
623,41,1,0.507,1,dense_v1
623,481,2,0.62,1,dense_v1
623,231,3,0.867,0,dense_v1
623,312,4,0.684,0,dense_v1
623,449,5,0.816,0,hybrid_v2
624,60,1,0.7,0,hybrid_v2
624,21,2,0.522,0,hybrid_v2
624,214,3,0.71,1,dense_v1
624,28,4,0.906,1,dense_v1
624,479,5,0.55,1,dense_v1
625,136,1,0.734,1,hybrid_v2
625,7,2,0.941,0,hybrid_v2
625,15,3,0.564,0,hybrid_v2
625,222,4,0.942,0,dense_v1
625,298,5,0.845,0,hybrid_v2
626,435,1,0.363,1,hybrid_v2
626,57,2,0.955,1,dense_v1
626,159,3,0.95,0,hybrid_v2
626,253,4,0.785,0,dense_v1
626,370,5,0.638,1,dense_v1
627,460,1,0.719,1,hybrid_v2
627,120,2,0.865,1,dense_v1
627,366,3,0.952,1,hybrid_v2
627,68,4,0.67,0,hybrid_v2
627,183,5,0.514,0,hybrid_v2
628,303,1,0.406,1,dense_v1
628,267,2,0.862,0,hybrid_v2
628,140,3,0.608,0,dense_v1
628,202,4,0.963,0,dense_v1
628,136,5,0.633,0,hybrid_v2
629,341,1,0.754,1,dense_v1
629,470,2,0.71,1,dense_v1
629,400,3,0.918,1,dense_v1
629,322,4,0.41,0,dense_v1
629,402,5,0.517,0,hybrid_v2
630,205,1,0.767,0,dense_v1
630,371,2,0.675,1,hybrid_v2
630,316,3,0.436,0,dense_v1
630,313,4,0.679,0,dense_v1
630,49,5,0.872,0,dense_v1
631,87,1,0.638,0,hybrid_v2
631,310,2,0.763,1,hybrid_v2
631,5,3,0.843,1,dense_v1
631,74,4,0.979,0,dense_v1
631,58,5,0.774,0,hybrid_v2
632,119,1,0.514,1,dense_v1
632,69,2,0.933,0,dense_v1
632,183,3,0.365,0,dense_v1
632,392,4,0.852,0,hybrid_v2
632,241,5,0.933,0,dense_v1
633,407,1,0.977,0,hybrid_v2
633,113,2,0.587,0,hybrid_v2
633,330,3,0.695,0,dense_v1
633,177,4,0.589,0,hybrid_v2
633,54,5,0.654,0,hybrid_v2
634,301,1,0.377,1,hybrid_v2
634,167,2,0.576,1,dense_v1
634,289,3,0.516,1,dense_v1
634,407,4,0.927,0,dense_v1
634,7,5,0.566,0,dense_v1
635,53,1,0.609,1,hybrid_v2
635,141,2,0.739,1,dense_v1
635,66,3,0.802,1,hybrid_v2
635,113,4,0.574,1,dense_v1
635,225,5,0.402,0,dense_v1
636,369,1,0.577,1,dense_v1
636,60,2,0.529,0,dense_v1
636,279,3,0.828,1,hybrid_v2
636,93,4,0.901,1,hybrid_v2
636,48,5,0.783,0,hybrid_v2
637,342,1,0.499,0,dense_v1
637,351,2,0.609,1,dense_v1
637,334,3,0.461,1,dense_v1
637,40,4,0.7,1,hybrid_v2
637,41,5,0.679,0,dense_v1
638,335,1,0.405,0,dense_v1
638,27,2,0.568,1,dense_v1
638,143,3,0.398,1,dense_v1
638,329,4,0.525,0,dense_v1
638,48,5,0.692,1,hybrid_v2
639,363,1,0.464,1,hybrid_v2
639,204,2,0.591,1,hybrid_v2
639,94,3,0.824,1,hybrid_v2
639,262,4,0.959,1,hybrid_v2
639,396,5,0.521,0,dense_v1
640,103,1,0.366,1,dense_v1
640,157,2,0.36,1,dense_v1
640,373,3,0.92,1,hybrid_v2
640,300,4,0.433,1,dense_v1
640,357,5,0.957,0,hybrid_v2
641,269,1,0.62,1,hybrid_v2
641,114,2,0.809,0,hybrid_v2
641,110,3,0.818,1,dense_v1
641,369,4,0.972,1,dense_v1
641,180,5,0.463,1,dense_v1
642,451,1,0.858,1,hybrid_v2
642,443,2,0.685,0,hybrid_v2
642,146,3,0.612,0,dense_v1
642,446,4,0.865,1,hybrid_v2
642,135,5,0.479,1,dense_v1
643,395,1,0.773,1,dense_v1
643,29,2,0.507,1,dense_v1
643,435,3,0.403,1,dense_v1
643,288,4,0.966,0,hybrid_v2
643,110,5,0.898,0,hybrid_v2
644,40,1,0.945,1,hybrid_v2
644,293,2,0.855,1,dense_v1
644,148,3,0.366,1,hybrid_v2
644,145,4,0.441,0,dense_v1
644,168,5,0.486,0,hybrid_v2
645,495,1,0.441,1,dense_v1
645,197,2,0.562,0,dense_v1
645,98,3,0.912,1,dense_v1
645,452,4,0.69,0,dense_v1
645,359,5,0.664,0,dense_v1
646,414,1,0.942,1,dense_v1
646,252,2,0.834,0,dense_v1
646,86,3,0.44,1,hybrid_v2
646,408,4,0.677,0,hybrid_v2
646,125,5,0.821,0,hybrid_v2
647,324,1,0.533,1,dense_v1
647,165,2,0.779,1,dense_v1
647,176,3,0.889,0,hybrid_v2
647,141,4,0.473,0,dense_v1
647,386,5,0.533,1,dense_v1
648,297,1,0.6,1,hybrid_v2
648,30,2,0.908,1,hybrid_v2
648,462,3,0.351,1,dense_v1
648,164,4,0.719,0,hybrid_v2
648,344,5,0.366,0,dense_v1
649,35,1,0.472,1,dense_v1
649,288,2,0.534,1,dense_v1
649,5,3,0.785,1,hybrid_v2
649,405,4,0.922,0,dense_v1
649,102,5,0.832,1,dense_v1
650,71,1,0.641,1,dense_v1
650,191,2,0.394,1,dense_v1
650,283,3,0.859,1,hybrid_v2
650,163,4,0.358,1,hybrid_v2
650,367,5,0.524,0,dense_v1
651,6,1,0.695,1,hybrid_v2
651,229,2,0.376,1,hybrid_v2
651,471,3,0.365,0,hybrid_v2
651,12,4,0.884,0,dense_v1
651,499,5,0.906,1,hybrid_v2
652,110,1,0.949,0,dense_v1
652,406,2,0.462,0,hybrid_v2
652,422,3,0.979,1,hybrid_v2
652,23,4,0.655,1,dense_v1
652,464,5,0.83,1,dense_v1
653,408,1,0.611,1,dense_v1
653,358,2,0.472,1,dense_v1
653,86,3,0.605,0,hybrid_v2
653,464,4,0.641,1,hybrid_v2
653,198,5,0.518,1,hybrid_v2
654,368,1,0.826,1,hybrid_v2
654,432,2,0.357,0,hybrid_v2
654,445,3,0.426,1,hybrid_v2
654,336,4,0.599,0,dense_v1
654,124,5,0.419,1,hybrid_v2
655,121,1,0.889,0,hybrid_v2
655,38,2,0.771,0,dense_v1
655,310,3,0.964,1,dense_v1
655,195,4,0.819,0,hybrid_v2
655,215,5,0.35,0,hybrid_v2
656,401,1,0.352,0,hybrid_v2
656,373,2,0.363,0,hybrid_v2
656,194,3,0.468,0,dense_v1
656,448,4,0.363,1,hybrid_v2
656,452,5,0.387,0,dense_v1
657,155,1,0.427,1,dense_v1
657,63,2,0.401,1,dense_v1
657,399,3,0.628,0,hybrid_v2
657,306,4,0.512,0,hybrid_v2
657,158,5,0.791,1,dense_v1
658,58,1,0.647,0,hybrid_v2
658,169,2,0.824,0,dense_v1
658,296,3,0.525,1,dense_v1
658,388,4,0.657,1,hybrid_v2
658,338,5,0.791,0,dense_v1
659,241,1,0.392,1,dense_v1
659,370,2,0.793,1,hybrid_v2
659,289,3,0.903,0,hybrid_v2
659,436,4,0.467,1,hybrid_v2
659,143,5,0.487,0,hybrid_v2
660,251,1,0.548,0,dense_v1
660,375,2,0.486,0,dense_v1
660,261,3,0.494,1,dense_v1
660,72,4,0.968,1,hybrid_v2
660,70,5,0.743,0,dense_v1
661,246,1,0.733,1,hybrid_v2
661,246,2,0.952,1,hybrid_v2
661,268,3,0.468,0,dense_v1
661,180,4,0.538,1,dense_v1
661,33,5,0.914,0,hybrid_v2
662,51,1,0.638,1,dense_v1
662,226,2,0.46,0,dense_v1
662,344,3,0.804,0,dense_v1
662,224,4,0.379,1,hybrid_v2
662,206,5,0.88,1,hybrid_v2
663,336,1,0.434,0,dense_v1
663,91,2,0.794,1,dense_v1
663,95,3,0.41,0,hybrid_v2
663,110,4,0.784,0,dense_v1
663,343,5,0.44,1,hybrid_v2
664,134,1,0.36,1,hybrid_v2
664,207,2,0.617,1,hybrid_v2
664,322,3,0.501,1,hybrid_v2
664,375,4,0.869,0,hybrid_v2
664,259,5,0.939,1,dense_v1
665,175,1,0.51,0,hybrid_v2
665,141,2,0.954,0,hybrid_v2
665,488,3,0.545,1,hybrid_v2
665,161,4,0.526,0,dense_v1
665,489,5,0.427,0,dense_v1
666,396,1,0.505,0,hybrid_v2
666,324,2,0.817,0,dense_v1
666,201,3,0.509,0,dense_v1
666,283,4,0.871,1,dense_v1
666,123,5,0.722,0,dense_v1
667,67,1,0.658,1,dense_v1
667,313,2,0.474,1,hybrid_v2
667,221,3,0.756,1,dense_v1
667,339,4,0.47,0,hybrid_v2
667,179,5,0.932,0,dense_v1
668,414,1,0.462,1,hybrid_v2
668,262,2,0.959,1,hybrid_v2
668,457,3,0.494,1,dense_v1
668,55,4,0.872,1,hybrid_v2
668,137,5,0.497,0,hybrid_v2
669,257,1,0.706,1,dense_v1
669,85,2,0.501,1,dense_v1
669,110,3,0.912,1,hybrid_v2
669,279,4,0.798,1,dense_v1
669,249,5,0.697,0,dense_v1
670,336,1,0.769,0,dense_v1
670,39,2,0.825,1,dense_v1
670,249,3,0.389,0,dense_v1
670,199,4,0.906,0,dense_v1
670,285,5,0.975,0,dense_v1
671,171,1,0.666,1,dense_v1
671,432,2,0.933,1,dense_v1
671,168,3,0.351,0,hybrid_v2
671,263,4,0.935,0,hybrid_v2
671,369,5,0.71,0,hybrid_v2
672,4,1,0.35,1,dense_v1
672,189,2,0.407,0,dense_v1
672,42,3,0.356,1,hybrid_v2
672,467,4,0.684,0,hybrid_v2
672,26,5,0.49,1,hybrid_v2
673,426,1,0.459,0,dense_v1
673,157,2,0.816,1,hybrid_v2
673,251,3,0.607,0,hybrid_v2
673,55,4,0.712,0,dense_v1
673,120,5,0.475,0,hybrid_v2
674,288,1,0.639,1,hybrid_v2
674,445,2,0.746,1,hybrid_v2
674,439,3,0.671,0,hybrid_v2
674,465,4,0.752,0,hybrid_v2
674,490,5,0.764,0,hybrid_v2
675,60,1,0.394,1,hybrid_v2
675,312,2,0.478,1,hybrid_v2
675,265,3,0.899,1,hybrid_v2
675,95,4,0.507,0,hybrid_v2
675,1,5,0.619,1,hybrid_v2
676,43,1,0.362,1,hybrid_v2
676,463,2,0.803,1,hybrid_v2
676,476,3,0.692,1,hybrid_v2
676,93,4,0.42,0,dense_v1
676,370,5,0.957,1,hybrid_v2
677,150,1,0.926,1,hybrid_v2
677,244,2,0.95,1,dense_v1
677,459,3,0.79,0,dense_v1
677,371,4,0.401,0,dense_v1
677,171,5,0.95,0,dense_v1
678,77,1,0.693,1,hybrid_v2
678,39,2,0.608,1,dense_v1
678,478,3,0.498,1,dense_v1
678,232,4,0.56,0,hybrid_v2
678,393,5,0.583,0,dense_v1
679,212,1,0.585,1,hybrid_v2
679,419,2,0.795,1,dense_v1
679,445,3,0.796,1,dense_v1
679,270,4,0.408,1,dense_v1
679,35,5,0.426,1,hybrid_v2
680,69,1,0.595,1,hybrid_v2
680,373,2,0.48,0,hybrid_v2
680,251,3,0.911,1,dense_v1
680,276,4,0.639,1,dense_v1
680,3,5,0.664,0,dense_v1
681,417,1,0.516,1,dense_v1
681,297,2,0.712,0,hybrid_v2
681,475,3,0.604,0,dense_v1
681,472,4,0.966,0,hybrid_v2
681,250,5,0.856,0,dense_v1
682,420,1,0.594,0,dense_v1
682,118,2,0.977,1,dense_v1
682,223,3,0.83,1,hybrid_v2
682,249,4,0.51,0,dense_v1
682,380,5,0.54,0,dense_v1
683,283,1,0.68,1,dense_v1
683,77,2,0.52,0,dense_v1
683,90,3,0.702,0,hybrid_v2
683,495,4,0.795,1,hybrid_v2
683,289,5,0.464,1,hybrid_v2
684,63,1,0.835,0,dense_v1
684,351,2,0.52,0,hybrid_v2
684,408,3,0.352,1,dense_v1
684,305,4,0.353,1,hybrid_v2
684,417,5,0.419,0,dense_v1
685,120,1,0.678,1,dense_v1
685,250,2,0.911,0,dense_v1
685,500,3,0.712,1,dense_v1
685,376,4,0.758,1,hybrid_v2
685,145,5,0.891,0,dense_v1
686,153,1,0.751,1,hybrid_v2
686,489,2,0.746,1,dense_v1
686,97,3,0.389,1,dense_v1
686,16,4,0.951,0,hybrid_v2
686,337,5,0.512,0,hybrid_v2
687,269,1,0.612,1,hybrid_v2
687,478,2,0.866,1,dense_v1
687,429,3,0.419,0,dense_v1
687,187,4,0.429,1,hybrid_v2
687,307,5,0.744,0,hybrid_v2
688,94,1,0.374,1,hybrid_v2
688,63,2,0.788,1,hybrid_v2
688,41,3,0.569,0,hybrid_v2
688,371,4,0.391,0,hybrid_v2
688,355,5,0.951,0,dense_v1
689,472,1,0.729,1,dense_v1
689,82,2,0.772,1,dense_v1
689,260,3,0.363,1,dense_v1
689,278,4,0.781,1,dense_v1
689,371,5,0.376,0,hybrid_v2
690,330,1,0.896,1,dense_v1
690,26,2,0.953,1,hybrid_v2
690,95,3,0.747,0,dense_v1
690,319,4,0.839,1,dense_v1
690,309,5,0.536,1,dense_v1
691,77,1,0.838,0,dense_v1
691,136,2,0.447,0,hybrid_v2
691,162,3,0.508,1,dense_v1
691,31,4,0.398,1,hybrid_v2
691,446,5,0.521,1,hybrid_v2
692,19,1,0.721,1,dense_v1
692,227,2,0.825,1,dense_v1
692,317,3,0.896,0,dense_v1
692,296,4,0.417,0,dense_v1
692,327,5,0.865,1,hybrid_v2
693,165,1,0.386,1,hybrid_v2
693,139,2,0.753,0,dense_v1
693,140,3,0.896,0,dense_v1
693,38,4,0.814,0,dense_v1
693,209,5,0.86,0,hybrid_v2
694,195,1,0.881,0,dense_v1
694,443,2,0.466,1,dense_v1
694,449,3,0.917,1,dense_v1
694,101,4,0.393,0,hybrid_v2
694,379,5,0.511,0,dense_v1
695,383,1,0.687,1,dense_v1
695,235,2,0.687,0,dense_v1
695,381,3,0.779,1,hybrid_v2
695,460,4,0.389,0,dense_v1
695,491,5,0.804,1,dense_v1
696,74,1,0.903,0,dense_v1
696,55,2,0.92,1,hybrid_v2
696,27,3,0.726,1,hybrid_v2
696,457,4,0.903,1,dense_v1
696,395,5,0.448,0,dense_v1
697,437,1,0.437,1,hybrid_v2
697,380,2,0.543,0,dense_v1
697,459,3,0.759,1,hybrid_v2
697,242,4,0.946,0,hybrid_v2
697,210,5,0.904,1,dense_v1
698,485,1,0.881,0,hybrid_v2
698,483,2,0.46,1,dense_v1
698,202,3,0.434,0,hybrid_v2
698,117,4,0.664,1,dense_v1
698,20,5,0.616,0,dense_v1
699,266,1,0.47,1,dense_v1
699,93,2,0.514,1,dense_v1
699,487,3,0.893,1,hybrid_v2
699,343,4,0.506,1,dense_v1
699,123,5,0.724,0,dense_v1
700,358,1,0.73,1,hybrid_v2
700,174,2,0.917,1,hybrid_v2
700,257,3,0.462,0,hybrid_v2
700,67,4,0.702,0,hybrid_v2
700,170,5,0.843,1,hybrid_v2
701,380,1,0.841,1,dense_v1
701,130,2,0.595,1,dense_v1
701,455,3,0.432,1,dense_v1
701,15,4,0.918,1,dense_v1
701,440,5,0.393,1,dense_v1
702,194,1,0.47,1,hybrid_v2
702,51,2,0.806,0,hybrid_v2
702,208,3,0.921,1,hybrid_v2
702,353,4,0.449,0,hybrid_v2
702,325,5,0.519,0,hybrid_v2
703,66,1,0.794,0,dense_v1
703,204,2,0.884,1,dense_v1
703,341,3,0.783,0,dense_v1
703,299,4,0.412,0,dense_v1
703,440,5,0.824,1,dense_v1
704,117,1,0.365,1,dense_v1
704,208,2,0.867,0,dense_v1
704,280,3,0.666,1,hybrid_v2
704,289,4,0.728,0,dense_v1
704,203,5,0.351,1,hybrid_v2
705,174,1,0.69,0,hybrid_v2
705,411,2,0.673,0,dense_v1
705,303,3,0.687,1,hybrid_v2
705,481,4,0.627,0,hybrid_v2
705,186,5,0.713,1,hybrid_v2
706,465,1,0.591,1,hybrid_v2
706,414,2,0.967,1,hybrid_v2
706,390,3,0.496,0,dense_v1
706,179,4,0.844,0,hybrid_v2
706,66,5,0.505,0,dense_v1
707,265,1,0.822,1,hybrid_v2
707,357,2,0.848,0,dense_v1
707,370,3,0.827,1,hybrid_v2
707,480,4,0.635,1,hybrid_v2
707,294,5,0.941,0,hybrid_v2
708,162,1,0.956,1,hybrid_v2
708,418,2,0.596,1,dense_v1
708,307,3,0.686,0,hybrid_v2
708,62,4,0.409,1,hybrid_v2
708,148,5,0.959,0,hybrid_v2
709,375,1,0.943,0,hybrid_v2
709,166,2,0.351,1,hybrid_v2
709,232,3,0.544,0,hybrid_v2
709,230,4,0.372,0,hybrid_v2
709,328,5,0.949,0,hybrid_v2
710,231,1,0.601,1,hybrid_v2
710,140,2,0.564,1,dense_v1
710,97,3,0.642,0,dense_v1
710,61,4,0.648,1,dense_v1
710,125,5,0.59,1,hybrid_v2
711,388,1,0.362,0,dense_v1
711,102,2,0.351,0,dense_v1
711,160,3,0.632,1,dense_v1
711,239,4,0.601,1,dense_v1
711,30,5,0.631,1,hybrid_v2
712,61,1,0.926,1,dense_v1
712,459,2,0.686,0,hybrid_v2
712,140,3,0.802,1,hybrid_v2
712,189,4,0.972,1,dense_v1
712,401,5,0.726,0,dense_v1
713,353,1,0.869,0,dense_v1
713,177,2,0.447,1,hybrid_v2
713,231,3,0.472,1,dense_v1
713,347,4,0.472,0,hybrid_v2
713,118,5,0.568,0,dense_v1
714,23,1,0.587,0,hybrid_v2
714,224,2,0.522,1,dense_v1
714,308,3,0.463,1,hybrid_v2
714,119,4,0.743,0,hybrid_v2
714,460,5,0.978,0,dense_v1
715,296,1,0.858,1,dense_v1
715,177,2,0.845,0,hybrid_v2
715,13,3,0.803,0,hybrid_v2
715,121,4,0.904,0,dense_v1
715,391,5,0.731,0,hybrid_v2
716,83,1,0.53,1,dense_v1
716,170,2,0.6,1,dense_v1
716,362,3,0.419,1,dense_v1
716,47,4,0.952,0,hybrid_v2
716,195,5,0.779,1,dense_v1
717,360,1,0.974,0,hybrid_v2
717,304,2,0.423,0,dense_v1
717,210,3,0.69,1,hybrid_v2
717,449,4,0.848,0,hybrid_v2
717,118,5,0.478,1,hybrid_v2
718,379,1,0.597,1,hybrid_v2
718,358,2,0.377,1,dense_v1
718,121,3,0.773,1,hybrid_v2
718,364,4,0.796,0,dense_v1
718,186,5,0.708,0,dense_v1
719,136,1,0.72,1,hybrid_v2
719,427,2,0.52,1,dense_v1
719,66,3,0.475,1,dense_v1
719,455,4,0.778,1,dense_v1
719,336,5,0.938,1,dense_v1
720,295,1,0.633,1,dense_v1
720,45,2,0.545,1,dense_v1
720,388,3,0.472,1,dense_v1
720,284,4,0.816,1,dense_v1
720,332,5,0.869,0,dense_v1
721,242,1,0.454,1,dense_v1
721,355,2,0.721,1,hybrid_v2
721,278,3,0.352,1,hybrid_v2
721,51,4,0.869,1,dense_v1
721,17,5,0.483,1,hybrid_v2
722,59,1,0.511,1,dense_v1
722,193,2,0.643,0,dense_v1
722,24,3,0.857,1,dense_v1
722,266,4,0.691,1,dense_v1
722,358,5,0.499,1,hybrid_v2
723,169,1,0.878,1,hybrid_v2
723,285,2,0.55,1,dense_v1
723,35,3,0.489,1,dense_v1
723,208,4,0.9,0,dense_v1
723,126,5,0.534,1,dense_v1
724,50,1,0.644,1,dense_v1
724,121,2,0.684,1,hybrid_v2
724,261,3,0.89,1,hybrid_v2
724,19,4,0.6,0,hybrid_v2
724,144,5,0.415,1,hybrid_v2
725,99,1,0.456,1,dense_v1
725,138,2,0.464,1,dense_v1
725,241,3,0.542,1,hybrid_v2
725,424,4,0.423,1,hybrid_v2
725,498,5,0.788,0,dense_v1
726,353,1,0.771,0,hybrid_v2
726,33,2,0.946,0,hybrid_v2
726,59,3,0.495,0,dense_v1
726,292,4,0.9,1,hybrid_v2
726,2,5,0.946,1,hybrid_v2
727,290,1,0.489,1,hybrid_v2
727,427,2,0.886,0,hybrid_v2
727,27,3,0.899,1,hybrid_v2
727,253,4,0.803,1,hybrid_v2
727,223,5,0.61,0,dense_v1
728,316,1,0.431,0,hybrid_v2
728,411,2,0.525,1,dense_v1
728,459,3,0.434,0,dense_v1
728,40,4,0.5,1,dense_v1
728,267,5,0.616,1,dense_v1
729,49,1,0.831,1,dense_v1
729,428,2,0.562,1,hybrid_v2
729,396,3,0.975,1,dense_v1
729,92,4,0.459,1,dense_v1
729,494,5,0.783,1,hybrid_v2
730,349,1,0.795,0,dense_v1
730,227,2,0.737,0,hybrid_v2
730,478,3,0.499,1,dense_v1
730,359,4,0.825,0,dense_v1
730,386,5,0.398,0,dense_v1
731,68,1,0.352,1,hybrid_v2
731,349,2,0.396,1,hybrid_v2
731,69,3,0.799,1,hybrid_v2
731,381,4,0.8,0,hybrid_v2
731,4,5,0.856,0,dense_v1
732,165,1,0.905,1,dense_v1
732,31,2,0.539,0,hybrid_v2
732,289,3,0.409,0,dense_v1
732,42,4,0.876,0,hybrid_v2
732,247,5,0.376,0,hybrid_v2
733,352,1,0.567,0,dense_v1
733,452,2,0.403,1,dense_v1
733,217,3,0.527,0,dense_v1
733,478,4,0.977,0,hybrid_v2
733,227,5,0.925,0,hybrid_v2
734,89,1,0.961,0,hybrid_v2
734,38,2,0.783,1,dense_v1
734,233,3,0.425,1,dense_v1
734,425,4,0.508,1,hybrid_v2
734,173,5,0.44,0,dense_v1
735,81,1,0.727,0,hybrid_v2
735,15,2,0.561,1,dense_v1
735,268,3,0.872,0,dense_v1
735,289,4,0.425,0,dense_v1
735,5,5,0.858,0,hybrid_v2
736,137,1,0.428,1,dense_v1
736,493,2,0.669,1,dense_v1
736,136,3,0.958,0,dense_v1
736,296,4,0.781,0,dense_v1
736,160,5,0.482,1,hybrid_v2
737,344,1,0.413,0,hybrid_v2
737,174,2,0.691,0,hybrid_v2
737,227,3,0.816,0,hybrid_v2
737,468,4,0.487,0,hybrid_v2
737,85,5,0.721,1,dense_v1
738,277,1,0.835,1,hybrid_v2
738,313,2,0.895,0,dense_v1
738,300,3,0.89,1,hybrid_v2
738,123,4,0.744,1,hybrid_v2
738,55,5,0.674,0,hybrid_v2
739,1,1,0.963,1,hybrid_v2
739,19,2,0.562,1,dense_v1
739,239,3,0.551,1,hybrid_v2
739,22,4,0.655,0,dense_v1
739,448,5,0.812,1,hybrid_v2
740,195,1,0.926,0,dense_v1
740,405,2,0.966,0,dense_v1
740,382,3,0.688,0,hybrid_v2
740,277,4,0.661,1,hybrid_v2
740,397,5,0.903,0,hybrid_v2
741,414,1,0.875,0,hybrid_v2
741,451,2,0.904,0,hybrid_v2
741,389,3,0.6,0,dense_v1
741,113,4,0.723,0,hybrid_v2
741,361,5,0.563,1,hybrid_v2
742,389,1,0.846,0,dense_v1
742,441,2,0.934,1,dense_v1
742,372,3,0.879,1,dense_v1
742,52,4,0.714,1,hybrid_v2
742,57,5,0.834,0,hybrid_v2
743,240,1,0.521,0,dense_v1
743,445,2,0.744,0,hybrid_v2
743,441,3,0.352,0,dense_v1
743,312,4,0.855,1,dense_v1
743,216,5,0.682,1,hybrid_v2
744,456,1,0.795,0,dense_v1
744,41,2,0.384,1,hybrid_v2
744,359,3,0.352,0,hybrid_v2
744,452,4,0.51,0,hybrid_v2
744,345,5,0.531,0,hybrid_v2
745,407,1,0.893,1,dense_v1
745,393,2,0.65,0,hybrid_v2
745,163,3,0.369,1,dense_v1
745,1,4,0.542,0,hybrid_v2
745,444,5,0.823,0,hybrid_v2
746,452,1,0.938,1,dense_v1
746,99,2,0.517,1,hybrid_v2
746,474,3,0.473,1,dense_v1
746,159,4,0.393,0,hybrid_v2
746,171,5,0.97,1,dense_v1
747,99,1,0.896,1,dense_v1
747,143,2,0.613,1,dense_v1
747,335,3,0.799,1,dense_v1
747,71,4,0.675,1,hybrid_v2
747,8,5,0.367,0,dense_v1
748,447,1,0.72,1,hybrid_v2
748,47,2,0.661,1,hybrid_v2
748,17,3,0.898,1,dense_v1
748,290,4,0.418,0,hybrid_v2
748,477,5,0.8,0,hybrid_v2
749,172,1,0.384,1,dense_v1
749,161,2,0.915,1,dense_v1
749,417,3,0.898,0,dense_v1
749,95,4,0.389,1,hybrid_v2
749,212,5,0.442,0,dense_v1
750,23,1,0.81,0,dense_v1
750,316,2,0.662,0,dense_v1
750,3,3,0.567,0,dense_v1
750,21,4,0.69,0,hybrid_v2
750,484,5,0.723,1,dense_v1
751,347,1,0.771,0,hybrid_v2
751,315,2,0.574,1,dense_v1
751,499,3,0.437,1,dense_v1
751,78,4,0.628,0,dense_v1
751,190,5,0.978,1,hybrid_v2
752,433,1,0.519,0,dense_v1
752,10,2,0.677,0,hybrid_v2
752,11,3,0.461,1,hybrid_v2
752,54,4,0.638,0,hybrid_v2
752,215,5,0.965,0,dense_v1
753,468,1,0.96,1,hybrid_v2
753,216,2,0.936,0,hybrid_v2
753,141,3,0.625,1,hybrid_v2
753,144,4,0.598,0,hybrid_v2
753,286,5,0.977,0,hybrid_v2
754,202,1,0.768,0,dense_v1
754,182,2,0.704,1,hybrid_v2
754,32,3,0.457,1,dense_v1
754,428,4,0.779,0,dense_v1
754,145,5,0.638,1,dense_v1
755,344,1,0.583,1,hybrid_v2
755,474,2,0.555,1,dense_v1
755,267,3,0.878,0,dense_v1
755,321,4,0.542,0,hybrid_v2
755,105,5,0.942,0,hybrid_v2
756,4,1,0.568,1,dense_v1
756,454,2,0.827,1,hybrid_v2
756,70,3,0.694,1,dense_v1
756,289,4,0.921,0,hybrid_v2
756,431,5,0.491,1,hybrid_v2
757,185,1,0.976,1,hybrid_v2
757,141,2,0.434,0,hybrid_v2
757,428,3,0.749,1,dense_v1
757,262,4,0.672,1,dense_v1
757,252,5,0.455,0,hybrid_v2
758,244,1,0.504,0,hybrid_v2
758,114,2,0.431,1,hybrid_v2
758,368,3,0.79,1,hybrid_v2
758,144,4,0.544,0,dense_v1
758,185,5,0.548,0,hybrid_v2
759,364,1,0.818,1,dense_v1
759,468,2,0.798,1,hybrid_v2
759,477,3,0.399,1,dense_v1
759,173,4,0.369,1,hybrid_v2
759,34,5,0.57,0,dense_v1
760,232,1,0.823,1,dense_v1
760,480,2,0.496,1,hybrid_v2
760,82,3,0.582,1,hybrid_v2
760,79,4,0.741,0,dense_v1
760,98,5,0.803,0,hybrid_v2
761,332,1,0.645,1,hybrid_v2
761,421,2,0.49,1,hybrid_v2
761,489,3,0.781,0,hybrid_v2
761,362,4,0.872,1,dense_v1
761,370,5,0.586,0,dense_v1
762,312,1,0.697,1,dense_v1
762,457,2,0.766,0,hybrid_v2
762,279,3,0.415,0,hybrid_v2
762,286,4,0.713,1,hybrid_v2
762,3,5,0.691,1,dense_v1
763,470,1,0.621,1,dense_v1
763,452,2,0.942,1,dense_v1
763,106,3,0.37,0,dense_v1
763,226,4,0.762,1,dense_v1
763,102,5,0.543,0,hybrid_v2
764,318,1,0.651,1,dense_v1
764,376,2,0.817,1,hybrid_v2
764,104,3,0.755,1,dense_v1
764,227,4,0.356,0,hybrid_v2
764,170,5,0.927,0,dense_v1
765,135,1,0.899,0,hybrid_v2
765,92,2,0.91,0,hybrid_v2
765,191,3,0.848,1,dense_v1
765,239,4,0.965,1,dense_v1
765,308,5,0.691,0,hybrid_v2
766,331,1,0.353,1,dense_v1
766,175,2,0.625,0,hybrid_v2
766,358,3,0.669,0,dense_v1
766,57,4,0.361,0,dense_v1
766,244,5,0.518,0,hybrid_v2
767,415,1,0.835,1,hybrid_v2
767,233,2,0.675,1,hybrid_v2
767,305,3,0.832,0,hybrid_v2
767,193,4,0.878,1,hybrid_v2
767,436,5,0.462,1,hybrid_v2
768,190,1,0.756,0,hybrid_v2
768,274,2,0.485,0,dense_v1
768,403,3,0.45,0,hybrid_v2
768,101,4,0.881,0,dense_v1
768,366,5,0.572,1,dense_v1
769,224,1,0.927,1,dense_v1
769,236,2,0.847,1,hybrid_v2
769,491,3,0.896,0,hybrid_v2
769,43,4,0.661,0,dense_v1
769,91,5,0.404,0,hybrid_v2
770,386,1,0.796,1,dense_v1
770,200,2,0.828,1,hybrid_v2
770,94,3,0.854,0,hybrid_v2
770,44,4,0.902,0,hybrid_v2
770,449,5,0.469,0,dense_v1
771,409,1,0.966,0,hybrid_v2
771,150,2,0.369,0,hybrid_v2
771,443,3,0.93,0,dense_v1
771,413,4,0.971,1,hybrid_v2
771,239,5,0.814,0,hybrid_v2
772,461,1,0.656,1,dense_v1
772,413,2,0.41,1,dense_v1
772,435,3,0.484,0,hybrid_v2
772,407,4,0.682,0,dense_v1
772,1,5,0.775,1,hybrid_v2
773,109,1,0.796,0,dense_v1
773,290,2,0.956,1,dense_v1
773,21,3,0.699,1,hybrid_v2
773,347,4,0.356,0,hybrid_v2
773,252,5,0.838,0,dense_v1
774,314,1,0.718,1,dense_v1
774,415,2,0.515,1,hybrid_v2
774,424,3,0.463,0,dense_v1
774,83,4,0.858,0,hybrid_v2
774,500,5,0.546,0,hybrid_v2
775,498,1,0.927,1,dense_v1
775,69,2,0.796,1,dense_v1
775,12,3,0.675,1,hybrid_v2
775,260,4,0.423,1,hybrid_v2
775,299,5,0.58,1,hybrid_v2
776,219,1,0.7,1,dense_v1
776,188,2,0.602,1,hybrid_v2
776,431,3,0.712,0,hybrid_v2
776,376,4,0.833,1,dense_v1
776,476,5,0.438,0,dense_v1
777,40,1,0.83,1,dense_v1
777,434,2,0.534,1,dense_v1
777,228,3,0.772,1,hybrid_v2
777,82,4,0.415,1,dense_v1
777,139,5,0.833,1,hybrid_v2
778,237,1,0.899,0,hybrid_v2
778,405,2,0.784,1,hybrid_v2
778,161,3,0.384,0,dense_v1
778,35,4,0.378,0,dense_v1
778,7,5,0.388,1,hybrid_v2
779,247,1,0.897,1,hybrid_v2
779,10,2,0.867,0,dense_v1
779,416,3,0.582,1,dense_v1
779,88,4,0.743,0,dense_v1
779,318,5,0.476,1,dense_v1
780,465,1,0.577,1,hybrid_v2
780,62,2,0.496,0,dense_v1
780,306,3,0.687,1,hybrid_v2
780,437,4,0.534,0,dense_v1
780,162,5,0.455,0,hybrid_v2
781,393,1,0.597,0,dense_v1
781,348,2,0.383,1,hybrid_v2
781,477,3,0.503,1,dense_v1
781,3,4,0.774,0,hybrid_v2
781,89,5,0.658,0,hybrid_v2
782,253,1,0.692,0,hybrid_v2
782,120,2,0.805,1,dense_v1
782,376,3,0.406,1,dense_v1
782,97,4,0.611,1,dense_v1
782,258,5,0.511,1,hybrid_v2
783,193,1,0.491,1,dense_v1
783,40,2,0.684,0,dense_v1
783,80,3,0.364,0,hybrid_v2
783,417,4,0.88,0,hybrid_v2
783,187,5,0.973,0,dense_v1
784,220,1,0.75,1,hybrid_v2
784,304,2,0.857,1,dense_v1
784,425,3,0.822,0,dense_v1
784,268,4,0.678,1,dense_v1
784,62,5,0.832,0,hybrid_v2
785,208,1,0.878,1,hybrid_v2
785,383,2,0.782,1,dense_v1
785,99,3,0.583,1,hybrid_v2
785,322,4,0.834,0,dense_v1
785,97,5,0.539,1,hybrid_v2
786,273,1,0.39,1,dense_v1
786,293,2,0.623,0,hybrid_v2
786,287,3,0.397,1,hybrid_v2
786,91,4,0.662,1,hybrid_v2
786,139,5,0.483,0,dense_v1
787,53,1,0.776,1,dense_v1
787,498,2,0.424,1,hybrid_v2
787,325,3,0.904,1,hybrid_v2
787,393,4,0.603,1,dense_v1
787,485,5,0.783,0,hybrid_v2
788,490,1,0.553,0,hybrid_v2
788,86,2,0.791,1,hybrid_v2
788,77,3,0.691,0,hybrid_v2
788,289,4,0.477,0,hybrid_v2
788,37,5,0.586,1,dense_v1
789,345,1,0.411,1,hybrid_v2
789,426,2,0.867,1,dense_v1
789,465,3,0.608,0,dense_v1
789,318,4,0.674,0,hybrid_v2
789,380,5,0.566,0,hybrid_v2
790,58,1,0.644,0,dense_v1
790,215,2,0.435,0,dense_v1
790,331,3,0.758,1,hybrid_v2
790,472,4,0.825,0,dense_v1
790,14,5,0.613,0,dense_v1
791,461,1,0.548,0,dense_v1
791,450,2,0.404,0,dense_v1
791,207,3,0.746,1,hybrid_v2
791,223,4,0.834,0,hybrid_v2
791,111,5,0.867,1,dense_v1
792,133,1,0.703,0,dense_v1
792,26,2,0.7,0,hybrid_v2
792,333,3,0.798,0,dense_v1
792,434,4,0.587,0,hybrid_v2
792,492,5,0.759,1,hybrid_v2
793,194,1,0.359,1,dense_v1
793,134,2,0.817,1,hybrid_v2
793,336,3,0.636,1,dense_v1
793,160,4,0.743,1,dense_v1
793,282,5,0.435,0,hybrid_v2
794,463,1,0.709,1,hybrid_v2
794,448,2,0.868,0,hybrid_v2
794,492,3,0.464,1,hybrid_v2
794,387,4,0.512,1,hybrid_v2
794,415,5,0.351,0,dense_v1
795,134,1,0.537,1,dense_v1
795,441,2,0.978,1,hybrid_v2
795,173,3,0.733,0,dense_v1
795,412,4,0.745,0,dense_v1
795,251,5,0.466,1,dense_v1
796,355,1,0.595,1,hybrid_v2
796,142,2,0.645,1,hybrid_v2
796,398,3,0.577,1,dense_v1
796,181,4,0.591,0,hybrid_v2
796,124,5,0.555,0,dense_v1
797,288,1,0.904,1,hybrid_v2
797,344,2,0.957,1,hybrid_v2
797,314,3,0.533,1,hybrid_v2
797,482,4,0.571,0,hybrid_v2
797,322,5,0.662,0,hybrid_v2
798,83,1,0.85,0,hybrid_v2
798,52,2,0.534,0,hybrid_v2
798,64,3,0.598,1,dense_v1
798,386,4,0.492,0,dense_v1
798,25,5,0.706,0,dense_v1
799,392,1,0.548,1,dense_v1
799,331,2,0.366,0,dense_v1
799,26,3,0.543,0,dense_v1
799,251,4,0.713,1,hybrid_v2
799,402,5,0.853,1,dense_v1
800,421,1,0.686,1,dense_v1
800,210,2,0.666,1,hybrid_v2
800,247,3,0.439,0,hybrid_v2
800,388,4,0.49,1,dense_v1
800,278,5,0.718,0,dense_v1
801,288,1,0.92,1,dense_v1
801,13,2,0.352,1,hybrid_v2
801,64,3,0.66,0,hybrid_v2
801,173,4,0.552,1,hybrid_v2
801,135,5,0.58,1,hybrid_v2
802,33,1,0.95,1,hybrid_v2
802,489,2,0.891,1,hybrid_v2
802,408,3,0.597,1,hybrid_v2
802,318,4,0.52,1,hybrid_v2
802,315,5,0.868,0,hybrid_v2
803,137,1,0.482,0,hybrid_v2
803,4,2,0.508,1,hybrid_v2
803,113,3,0.364,1,dense_v1
803,103,4,0.837,1,hybrid_v2
803,371,5,0.823,0,hybrid_v2
804,473,1,0.543,1,hybrid_v2
804,399,2,0.906,1,dense_v1
804,394,3,0.87,1,hybrid_v2
804,446,4,0.647,1,hybrid_v2
804,485,5,0.919,0,dense_v1
805,237,1,0.411,1,hybrid_v2
805,490,2,0.363,0,dense_v1
805,85,3,0.8,1,hybrid_v2
805,187,4,0.719,0,dense_v1
805,90,5,0.438,0,dense_v1
806,221,1,0.551,0,hybrid_v2
806,186,2,0.896,1,hybrid_v2
806,221,3,0.487,1,dense_v1
806,498,4,0.397,1,dense_v1
806,460,5,0.654,0,dense_v1
807,333,1,0.581,1,hybrid_v2
807,98,2,0.847,1,dense_v1
807,246,3,0.816,0,dense_v1
807,147,4,0.792,1,hybrid_v2
807,252,5,0.465,0,dense_v1
808,331,1,0.396,1,hybrid_v2
808,347,2,0.494,0,dense_v1
808,290,3,0.532,1,dense_v1
808,274,4,0.482,1,dense_v1
808,31,5,0.682,0,dense_v1
809,269,1,0.726,1,hybrid_v2
809,341,2,0.635,0,hybrid_v2
809,3,3,0.724,1,dense_v1
809,273,4,0.747,1,hybrid_v2
809,469,5,0.457,1,hybrid_v2
810,325,1,0.763,1,hybrid_v2
810,493,2,0.57,0,hybrid_v2
810,336,3,0.883,1,dense_v1
810,115,4,0.866,0,hybrid_v2
810,482,5,0.727,0,dense_v1
811,231,1,0.534,1,hybrid_v2
811,97,2,0.754,1,dense_v1
811,461,3,0.492,1,dense_v1
811,240,4,0.605,0,dense_v1
811,201,5,0.442,0,hybrid_v2
812,218,1,0.689,1,dense_v1
812,300,2,0.426,1,hybrid_v2
812,18,3,0.371,1,hybrid_v2
812,183,4,0.757,0,hybrid_v2
812,411,5,0.48,0,hybrid_v2
813,331,1,0.829,1,hybrid_v2
813,327,2,0.763,1,dense_v1
813,418,3,0.834,0,dense_v1
813,274,4,0.488,0,hybrid_v2
813,229,5,0.649,0,dense_v1
814,5,1,0.888,0,hybrid_v2
814,332,2,0.705,0,hybrid_v2
814,329,3,0.619,1,dense_v1
814,230,4,0.453,0,dense_v1
814,228,5,0.847,0,dense_v1
815,401,1,0.57,1,dense_v1
815,352,2,0.894,1,dense_v1
815,71,3,0.628,0,hybrid_v2
815,378,4,0.563,0,dense_v1
815,394,5,0.921,0,dense_v1
816,439,1,0.473,1,hybrid_v2
816,69,2,0.366,1,hybrid_v2
816,322,3,0.498,0,dense_v1
816,428,4,0.956,1,dense_v1
816,425,5,0.585,1,hybrid_v2
817,329,1,0.579,1,hybrid_v2
817,272,2,0.565,1,hybrid_v2
817,222,3,0.419,1,dense_v1
817,388,4,0.41,1,hybrid_v2
817,171,5,0.844,0,hybrid_v2
818,167,1,0.41,0,dense_v1
818,17,2,0.607,1,dense_v1
818,302,3,0.424,1,dense_v1
818,43,4,0.573,0,hybrid_v2
818,107,5,0.557,0,dense_v1
819,207,1,0.958,0,dense_v1
819,155,2,0.77,1,dense_v1
819,134,3,0.606,0,hybrid_v2
819,182,4,0.437,1,hybrid_v2
819,296,5,0.413,0,hybrid_v2
820,446,1,0.852,1,dense_v1
820,142,2,0.531,1,hybrid_v2
820,17,3,0.895,0,dense_v1
820,372,4,0.473,1,hybrid_v2
820,369,5,0.555,0,dense_v1
821,245,1,0.447,1,dense_v1
821,427,2,0.654,1,hybrid_v2
821,224,3,0.895,1,hybrid_v2
821,281,4,0.708,1,hybrid_v2
821,430,5,0.644,0,dense_v1
822,18,1,0.85,0,dense_v1
822,480,2,0.607,0,hybrid_v2
822,130,3,0.873,1,dense_v1
822,81,4,0.538,1,hybrid_v2
822,279,5,0.481,1,dense_v1
823,117,1,0.688,1,dense_v1
823,42,2,0.796,0,dense_v1
823,230,3,0.797,1,hybrid_v2
823,214,4,0.457,1,hybrid_v2
823,391,5,0.78,0,hybrid_v2
824,142,1,0.674,1,hybrid_v2
824,10,2,0.791,0,hybrid_v2
824,83,3,0.612,0,hybrid_v2
824,39,4,0.539,1,hybrid_v2
824,73,5,0.644,0,hybrid_v2
825,337,1,0.462,0,dense_v1
825,130,2,0.463,1,hybrid_v2
825,306,3,0.417,0,dense_v1
825,242,4,0.748,1,dense_v1
825,448,5,0.645,1,dense_v1
826,41,1,0.678,1,hybrid_v2
826,124,2,0.724,1,dense_v1
826,32,3,0.592,0,hybrid_v2
826,219,4,0.594,1,dense_v1
826,442,5,0.661,0,hybrid_v2
827,435,1,0.506,1,dense_v1
827,176,2,0.67,1,dense_v1
827,193,3,0.45,0,hybrid_v2
827,203,4,0.53,0,hybrid_v2
827,487,5,0.836,0,dense_v1
828,150,1,0.656,1,dense_v1
828,395,2,0.496,0,hybrid_v2
828,160,3,0.38,0,dense_v1
828,103,4,0.972,1,dense_v1
828,281,5,0.366,0,dense_v1
829,465,1,0.933,1,dense_v1
829,388,2,0.614,1,hybrid_v2
829,308,3,0.686,0,dense_v1
829,60,4,0.595,1,hybrid_v2
829,215,5,0.977,0,hybrid_v2
830,21,1,0.394,1,dense_v1
830,402,2,0.54,1,dense_v1
830,142,3,0.92,1,hybrid_v2
830,492,4,0.595,0,dense_v1
830,142,5,0.829,1,dense_v1
831,288,1,0.763,0,hybrid_v2
831,292,2,0.78,1,dense_v1
831,249,3,0.625,1,dense_v1
831,32,4,0.843,1,dense_v1
831,247,5,0.901,0,hybrid_v2
832,234,1,0.486,1,dense_v1
832,422,2,0.774,1,hybrid_v2
832,193,3,0.605,0,dense_v1
832,24,4,0.849,1,dense_v1
832,288,5,0.526,1,hybrid_v2
833,271,1,0.466,1,dense_v1
833,249,2,0.747,0,dense_v1
833,482,3,0.827,1,dense_v1
833,309,4,0.607,0,dense_v1
833,500,5,0.666,0,hybrid_v2
834,223,1,0.675,1,hybrid_v2
834,456,2,0.732,0,dense_v1
834,403,3,0.755,0,hybrid_v2
834,8,4,0.882,0,hybrid_v2
834,84,5,0.923,0,hybrid_v2
835,24,1,0.675,1,hybrid_v2
835,468,2,0.693,1,hybrid_v2
835,201,3,0.632,0,dense_v1
835,212,4,0.457,1,hybrid_v2
835,153,5,0.807,1,dense_v1
836,300,1,0.681,0,dense_v1
836,279,2,0.513,0,dense_v1
836,364,3,0.971,0,hybrid_v2
836,314,4,0.405,1,dense_v1
836,197,5,0.404,0,hybrid_v2
837,316,1,0.942,1,hybrid_v2
837,46,2,0.872,0,hybrid_v2
837,305,3,0.739,1,hybrid_v2
837,361,4,0.88,0,dense_v1
837,57,5,0.565,0,dense_v1
838,368,1,0.647,1,dense_v1
838,53,2,0.402,1,dense_v1
838,443,3,0.366,1,dense_v1
838,114,4,0.654,1,hybrid_v2
838,130,5,0.574,0,hybrid_v2
839,102,1,0.779,0,hybrid_v2
839,362,2,0.768,1,hybrid_v2
839,163,3,0.436,1,hybrid_v2
839,78,4,0.595,0,hybrid_v2
839,100,5,0.602,0,dense_v1
840,280,1,0.975,1,dense_v1
840,205,2,0.937,1,hybrid_v2
840,367,3,0.623,1,hybrid_v2
840,142,4,0.894,0,dense_v1
840,98,5,0.977,1,hybrid_v2
841,355,1,0.839,1,hybrid_v2
841,424,2,0.609,1,hybrid_v2
841,323,3,0.449,0,hybrid_v2
841,126,4,0.405,0,hybrid_v2
841,330,5,0.517,0,dense_v1
842,227,1,0.493,1,dense_v1
842,394,2,0.412,0,dense_v1
842,455,3,0.562,1,dense_v1
842,477,4,0.6,0,dense_v1
842,285,5,0.369,0,dense_v1
843,406,1,0.463,0,dense_v1
843,303,2,0.787,1,hybrid_v2
843,139,3,0.582,0,hybrid_v2
843,259,4,0.469,1,dense_v1
843,489,5,0.614,0,hybrid_v2
844,115,1,0.44,1,hybrid_v2
844,308,2,0.47,1,dense_v1
844,472,3,0.525,0,dense_v1
844,171,4,0.81,1,dense_v1
844,126,5,0.815,0,hybrid_v2
845,482,1,0.618,0,dense_v1
845,383,2,0.483,1,dense_v1
845,50,3,0.868,0,hybrid_v2
845,17,4,0.562,0,dense_v1
845,402,5,0.901,0,hybrid_v2
846,299,1,0.658,1,dense_v1
846,234,2,0.908,1,hybrid_v2
846,45,3,0.387,1,hybrid_v2
846,420,4,0.743,0,hybrid_v2
846,425,5,0.531,0,dense_v1
847,438,1,0.761,1,dense_v1
847,207,2,0.531,1,hybrid_v2
847,378,3,0.802,0,dense_v1
847,383,4,0.958,0,dense_v1
847,247,5,0.734,0,dense_v1
848,404,1,0.509,1,hybrid_v2
848,34,2,0.641,1,hybrid_v2
848,481,3,0.805,1,hybrid_v2
848,271,4,0.383,0,dense_v1
848,71,5,0.68,1,dense_v1
849,136,1,0.908,0,dense_v1
849,382,2,0.557,0,dense_v1
849,318,3,0.888,1,hybrid_v2
849,275,4,0.437,0,dense_v1
849,151,5,0.377,1,dense_v1
850,27,1,0.827,1,hybrid_v2
850,130,2,0.371,0,hybrid_v2
850,125,3,0.938,1,hybrid_v2
850,37,4,0.562,0,dense_v1
850,168,5,0.556,1,hybrid_v2
851,45,1,0.904,1,hybrid_v2
851,326,2,0.407,1,hybrid_v2
851,182,3,0.358,1,dense_v1
851,203,4,0.545,1,hybrid_v2
851,246,5,0.401,1,dense_v1
852,237,1,0.923,1,hybrid_v2
852,156,2,0.855,1,hybrid_v2
852,493,3,0.458,0,hybrid_v2
852,2,4,0.953,0,hybrid_v2
852,57,5,0.862,1,dense_v1
853,268,1,0.384,1,dense_v1
853,192,2,0.559,0,hybrid_v2
853,57,3,0.764,0,hybrid_v2
853,269,4,0.745,0,dense_v1
853,196,5,0.866,0,hybrid_v2
854,32,1,0.647,0,hybrid_v2
854,411,2,0.702,1,dense_v1
854,313,3,0.489,1,dense_v1
854,444,4,0.916,0,hybrid_v2
854,432,5,0.911,0,dense_v1
855,377,1,0.576,1,dense_v1
855,454,2,0.745,1,dense_v1
855,335,3,0.538,1,hybrid_v2
855,440,4,0.558,0,hybrid_v2
855,470,5,0.586,0,dense_v1
856,79,1,0.788,1,hybrid_v2
856,428,2,0.947,1,dense_v1
856,387,3,0.361,1,hybrid_v2
856,455,4,0.546,1,dense_v1
856,479,5,0.4,1,dense_v1
857,17,1,0.895,1,dense_v1
857,453,2,0.556,1,dense_v1
857,382,3,0.707,0,hybrid_v2
857,202,4,0.408,1,dense_v1
857,199,5,0.411,0,hybrid_v2
858,73,1,0.837,1,dense_v1
858,384,2,0.566,1,hybrid_v2
858,355,3,0.48,1,dense_v1
858,72,4,0.463,1,dense_v1
858,468,5,0.704,0,hybrid_v2
859,335,1,0.815,1,dense_v1
859,107,2,0.384,1,hybrid_v2
859,303,3,0.545,1,dense_v1
859,13,4,0.468,1,dense_v1
859,493,5,0.971,1,hybrid_v2
860,41,1,0.745,1,dense_v1
860,264,2,0.783,0,hybrid_v2
860,386,3,0.56,0,dense_v1
860,56,4,0.516,0,hybrid_v2
860,425,5,0.792,0,hybrid_v2
861,67,1,0.48,1,dense_v1
861,274,2,0.674,1,dense_v1
861,52,3,0.51,0,dense_v1
861,104,4,0.635,1,dense_v1
861,188,5,0.651,0,hybrid_v2
862,294,1,0.651,0,dense_v1
862,350,2,0.706,0,dense_v1
862,1,3,0.52,0,dense_v1
862,317,4,0.854,1,hybrid_v2
862,461,5,0.894,0,dense_v1
863,344,1,0.556,1,dense_v1
863,359,2,0.897,1,hybrid_v2
863,45,3,0.587,1,hybrid_v2
863,112,4,0.805,0,hybrid_v2
863,418,5,0.845,0,dense_v1
864,455,1,0.725,1,hybrid_v2
864,182,2,0.818,1,hybrid_v2
864,338,3,0.559,1,hybrid_v2
864,304,4,0.416,0,dense_v1
864,253,5,0.423,0,dense_v1
865,156,1,0.779,1,dense_v1
865,300,2,0.962,0,dense_v1
865,217,3,0.366,1,dense_v1
865,471,4,0.37,0,dense_v1
865,372,5,0.551,0,dense_v1
866,111,1,0.977,0,hybrid_v2
866,404,2,0.528,0,dense_v1
866,307,3,0.832,0,hybrid_v2
866,469,4,0.706,0,hybrid_v2
866,445,5,0.82,0,dense_v1
867,95,1,0.678,1,dense_v1
867,280,2,0.812,0,dense_v1
867,401,3,0.833,1,dense_v1
867,172,4,0.764,0,dense_v1
867,428,5,0.817,1,dense_v1
868,168,1,0.814,1,hybrid_v2
868,398,2,0.64,1,hybrid_v2
868,477,3,0.888,1,hybrid_v2
868,498,4,0.77,0,hybrid_v2
868,261,5,0.926,0,dense_v1
869,383,1,0.588,1,hybrid_v2
869,94,2,0.604,1,hybrid_v2
869,427,3,0.943,0,dense_v1
869,163,4,0.679,0,hybrid_v2
869,7,5,0.528,0,dense_v1
870,309,1,0.671,1,hybrid_v2
870,338,2,0.541,0,hybrid_v2
870,200,3,0.966,0,hybrid_v2
870,358,4,0.939,1,dense_v1
870,365,5,0.746,1,dense_v1
871,465,1,0.516,1,dense_v1
871,342,2,0.565,1,dense_v1
871,41,3,0.803,0,dense_v1
871,456,4,0.868,1,dense_v1
871,319,5,0.46,1,hybrid_v2
872,5,1,0.485,0,hybrid_v2
872,256,2,0.442,0,dense_v1
872,111,3,0.442,1,dense_v1
872,71,4,0.471,0,dense_v1
872,99,5,0.545,0,dense_v1
873,333,1,0.741,1,hybrid_v2
873,460,2,0.902,0,hybrid_v2
873,155,3,0.791,1,hybrid_v2
873,476,4,0.652,0,hybrid_v2
873,36,5,0.603,1,dense_v1
874,483,1,0.416,0,hybrid_v2
874,344,2,0.786,0,hybrid_v2
874,471,3,0.537,0,dense_v1
874,218,4,0.373,0,dense_v1
874,339,5,0.899,0,dense_v1
875,420,1,0.759,0,dense_v1
875,166,2,0.9,1,dense_v1
875,280,3,0.556,1,dense_v1
875,497,4,0.664,0,hybrid_v2
875,449,5,0.861,1,hybrid_v2
876,281,1,0.711,1,hybrid_v2
876,488,2,0.724,0,hybrid_v2
876,211,3,0.37,1,dense_v1
876,499,4,0.709,1,dense_v1
876,257,5,0.513,0,dense_v1
877,497,1,0.813,1,dense_v1
877,182,2,0.919,0,dense_v1
877,25,3,0.354,1,dense_v1
877,143,4,0.785,0,dense_v1
877,62,5,0.961,0,hybrid_v2
878,24,1,0.661,1,dense_v1
878,329,2,0.755,1,dense_v1
878,191,3,0.57,1,dense_v1
878,304,4,0.848,1,hybrid_v2
878,192,5,0.634,1,hybrid_v2
879,66,1,0.715,1,dense_v1
879,497,2,0.871,1,hybrid_v2
879,335,3,0.886,1,hybrid_v2
879,175,4,0.6,1,dense_v1
879,208,5,0.494,0,hybrid_v2
880,265,1,0.781,1,dense_v1
880,47,2,0.364,1,hybrid_v2
880,443,3,0.835,1,dense_v1
880,222,4,0.526,0,dense_v1
880,246,5,0.792,1,hybrid_v2
881,298,1,0.827,1,dense_v1
881,363,2,0.517,0,hybrid_v2
881,379,3,0.944,1,hybrid_v2
881,167,4,0.575,1,dense_v1
881,368,5,0.826,0,hybrid_v2
882,66,1,0.43,1,dense_v1
882,141,2,0.571,1,hybrid_v2
882,156,3,0.628,1,dense_v1
882,181,4,0.538,1,dense_v1
882,148,5,0.753,0,dense_v1
883,341,1,0.464,1,hybrid_v2
883,242,2,0.774,0,dense_v1
883,137,3,0.885,1,hybrid_v2
883,473,4,0.637,1,dense_v1
883,328,5,0.638,1,hybrid_v2
884,319,1,0.739,1,hybrid_v2
884,7,2,0.639,1,dense_v1
884,9,3,0.496,0,dense_v1
884,120,4,0.572,0,hybrid_v2
884,496,5,0.372,1,hybrid_v2
885,328,1,0.872,1,hybrid_v2
885,353,2,0.455,0,dense_v1
885,57,3,0.673,1,hybrid_v2
885,282,4,0.572,0,dense_v1
885,187,5,0.711,0,hybrid_v2
886,454,1,0.581,1,dense_v1
886,297,2,0.657,1,hybrid_v2
886,41,3,0.442,0,dense_v1
886,218,4,0.62,0,hybrid_v2
886,120,5,0.414,0,dense_v1
887,112,1,0.866,0,dense_v1
887,313,2,0.535,1,dense_v1
887,365,3,0.82,0,hybrid_v2
887,494,4,0.867,1,dense_v1
887,378,5,0.803,0,dense_v1
888,259,1,0.565,0,hybrid_v2
888,143,2,0.876,1,hybrid_v2
888,64,3,0.957,0,hybrid_v2
888,254,4,0.705,1,dense_v1
888,431,5,0.824,0,hybrid_v2
889,93,1,0.375,1,dense_v1
889,153,2,0.834,0,dense_v1
889,164,3,0.632,1,hybrid_v2
889,94,4,0.947,0,dense_v1
889,114,5,0.4,1,dense_v1
890,28,1,0.666,1,hybrid_v2
890,10,2,0.43,1,hybrid_v2
890,140,3,0.504,0,dense_v1
890,482,4,0.606,1,hybrid_v2
890,500,5,0.882,0,dense_v1
891,72,1,0.814,1,dense_v1
891,114,2,0.511,1,dense_v1
891,439,3,0.947,1,dense_v1
891,7,4,0.919,1,hybrid_v2
891,217,5,0.753,0,hybrid_v2
892,195,1,0.949,1,dense_v1
892,420,2,0.897,1,dense_v1
892,381,3,0.799,1,dense_v1
892,245,4,0.557,1,hybrid_v2
892,446,5,0.54,1,hybrid_v2
893,202,1,0.468,1,hybrid_v2
893,196,2,0.593,1,hybrid_v2
893,327,3,0.664,0,dense_v1
893,369,4,0.382,1,hybrid_v2
893,98,5,0.519,1,dense_v1
894,113,1,0.695,1,dense_v1
894,279,2,0.511,0,hybrid_v2
894,449,3,0.688,1,dense_v1
894,231,4,0.88,0,hybrid_v2
894,42,5,0.704,1,dense_v1
895,302,1,0.485,0,dense_v1
895,413,2,0.892,0,dense_v1
895,404,3,0.574,1,hybrid_v2
895,30,4,0.652,1,hybrid_v2
895,450,5,0.691,0,hybrid_v2
896,310,1,0.434,1,hybrid_v2
896,372,2,0.925,1,dense_v1
896,117,3,0.974,0,dense_v1
896,388,4,0.614,0,hybrid_v2
896,42,5,0.912,0,hybrid_v2
897,27,1,0.671,1,hybrid_v2
897,218,2,0.411,0,hybrid_v2
897,13,3,0.394,0,dense_v1
897,339,4,0.81,0,hybrid_v2
897,362,5,0.516,0,dense_v1
898,346,1,0.554,1,hybrid_v2
898,361,2,0.772,0,dense_v1
898,319,3,0.763,1,dense_v1
898,125,4,0.61,1,dense_v1
898,114,5,0.672,1,hybrid_v2
899,21,1,0.526,1,dense_v1
899,102,2,0.951,1,hybrid_v2
899,291,3,0.687,1,hybrid_v2
899,65,4,0.773,0,hybrid_v2
899,131,5,0.574,1,dense_v1
900,240,1,0.884,1,hybrid_v2
900,353,2,0.478,1,hybrid_v2
900,472,3,0.54,1,dense_v1
900,230,4,0.803,0,dense_v1
900,314,5,0.853,0,hybrid_v2
901,347,1,0.688,1,hybrid_v2
901,147,2,0.482,1,dense_v1
901,199,3,0.713,0,dense_v1
901,450,4,0.877,1,dense_v1
901,409,5,0.546,0,hybrid_v2
902,411,1,0.521,1,dense_v1
902,18,2,0.533,0,hybrid_v2
902,488,3,0.603,0,dense_v1
902,299,4,0.914,0,dense_v1
902,429,5,0.464,0,dense_v1
903,70,1,0.918,1,hybrid_v2
903,468,2,0.976,1,dense_v1
903,397,3,0.645,1,hybrid_v2
903,450,4,0.511,0,hybrid_v2
903,394,5,0.493,0,hybrid_v2
904,14,1,0.915,1,hybrid_v2
904,216,2,0.797,1,dense_v1
904,22,3,0.435,1,dense_v1
904,365,4,0.675,1,dense_v1
904,274,5,0.38,1,dense_v1
905,114,1,0.685,1,hybrid_v2
905,322,2,0.696,0,hybrid_v2
905,124,3,0.752,0,dense_v1
905,195,4,0.707,1,hybrid_v2
905,219,5,0.755,0,hybrid_v2
906,428,1,0.718,0,hybrid_v2
906,311,2,0.466,0,dense_v1
906,174,3,0.454,0,hybrid_v2
906,234,4,0.449,1,hybrid_v2
906,89,5,0.39,0,dense_v1
907,489,1,0.497,1,hybrid_v2
907,404,2,0.414,0,hybrid_v2
907,442,3,0.862,0,hybrid_v2
907,390,4,0.352,0,hybrid_v2
907,489,5,0.437,1,dense_v1
908,311,1,0.53,1,dense_v1
908,38,2,0.427,0,hybrid_v2
908,187,3,0.853,1,dense_v1
908,231,4,0.942,0,dense_v1
908,337,5,0.656,0,dense_v1
909,217,1,0.544,1,dense_v1
909,468,2,0.354,1,dense_v1
909,476,3,0.86,1,dense_v1
909,30,4,0.394,0,hybrid_v2
909,142,5,0.422,0,dense_v1
910,157,1,0.749,1,dense_v1
910,95,2,0.549,1,hybrid_v2
910,154,3,0.9,0,hybrid_v2
910,114,4,0.959,0,hybrid_v2
910,247,5,0.539,0,hybrid_v2
911,106,1,0.68,1,dense_v1
911,137,2,0.446,1,dense_v1
911,213,3,0.518,0,hybrid_v2
911,454,4,0.716,1,hybrid_v2
911,416,5,0.539,0,dense_v1
912,471,1,0.835,1,dense_v1
912,377,2,0.795,1,hybrid_v2
912,306,3,0.357,1,hybrid_v2
912,74,4,0.58,0,dense_v1
912,43,5,0.453,0,hybrid_v2
913,139,1,0.781,1,hybrid_v2
913,89,2,0.894,1,hybrid_v2
913,377,3,0.58,0,hybrid_v2
913,202,4,0.728,1,hybrid_v2
913,485,5,0.516,1,dense_v1
914,428,1,0.762,1,hybrid_v2
914,422,2,0.782,0,hybrid_v2
914,291,3,0.507,1,hybrid_v2
914,15,4,0.942,0,dense_v1
914,480,5,0.363,0,dense_v1
915,362,1,0.484,1,hybrid_v2
915,337,2,0.745,0,dense_v1
915,330,3,0.457,1,dense_v1
915,362,4,0.657,1,hybrid_v2
915,454,5,0.467,0,dense_v1
916,476,1,0.71,0,dense_v1
916,246,2,0.567,1,hybrid_v2
916,121,3,0.843,0,dense_v1
916,15,4,0.522,1,dense_v1
916,156,5,0.591,0,dense_v1
917,188,1,0.667,1,dense_v1
917,108,2,0.434,1,dense_v1
917,446,3,0.527,0,hybrid_v2
917,498,4,0.59,0,dense_v1
917,308,5,0.539,1,hybrid_v2
918,406,1,0.392,0,dense_v1
918,425,2,0.568,1,dense_v1
918,294,3,0.486,1,hybrid_v2
918,339,4,0.517,1,hybrid_v2
918,446,5,0.826,1,hybrid_v2
919,370,1,0.388,1,hybrid_v2
919,271,2,0.519,0,dense_v1
919,462,3,0.564,1,hybrid_v2
919,423,4,0.499,0,dense_v1
919,495,5,0.966,0,dense_v1
920,94,1,0.966,1,hybrid_v2
920,199,2,0.532,1,hybrid_v2
920,377,3,0.709,0,hybrid_v2
920,373,4,0.759,1,hybrid_v2
920,67,5,0.932,0,dense_v1
921,240,1,0.686,1,hybrid_v2
921,295,2,0.713,0,hybrid_v2
921,412,3,0.691,1,dense_v1
921,334,4,0.384,0,dense_v1
921,131,5,0.882,1,hybrid_v2
922,401,1,0.666,1,dense_v1
922,278,2,0.927,0,hybrid_v2
922,46,3,0.803,0,dense_v1
922,139,4,0.925,0,dense_v1
922,343,5,0.615,0,dense_v1
923,290,1,0.936,1,hybrid_v2
923,375,2,0.966,1,hybrid_v2
923,290,3,0.703,1,hybrid_v2
923,168,4,0.78,1,hybrid_v2
923,368,5,0.388,0,hybrid_v2
924,422,1,0.913,1,dense_v1
924,178,2,0.442,0,hybrid_v2
924,344,3,0.899,1,dense_v1
924,19,4,0.714,0,hybrid_v2
924,230,5,0.561,1,dense_v1
925,21,1,0.756,1,hybrid_v2
925,219,2,0.784,1,dense_v1
925,300,3,0.734,1,dense_v1
925,375,4,0.547,1,dense_v1
925,295,5,0.818,0,hybrid_v2
926,106,1,0.844,0,dense_v1
926,361,2,0.645,1,hybrid_v2
926,443,3,0.873,0,hybrid_v2
926,31,4,0.666,1,dense_v1
926,28,5,0.93,1,hybrid_v2
927,302,1,0.916,1,dense_v1
927,329,2,0.663,0,dense_v1
927,32,3,0.808,0,dense_v1
927,84,4,0.729,1,dense_v1
927,187,5,0.784,0,dense_v1
928,66,1,0.714,1,hybrid_v2
928,105,2,0.554,0,dense_v1
928,395,3,0.851,1,dense_v1
928,52,4,0.772,0,hybrid_v2
928,402,5,0.6,0,hybrid_v2
929,22,1,0.71,0,hybrid_v2
929,164,2,0.489,0,dense_v1
929,13,3,0.92,0,hybrid_v2
929,13,4,0.659,1,hybrid_v2
929,294,5,0.449,0,dense_v1
930,328,1,0.829,1,dense_v1
930,463,2,0.723,0,dense_v1
930,383,3,0.765,1,hybrid_v2
930,76,4,0.93,0,hybrid_v2
930,168,5,0.765,1,dense_v1
931,116,1,0.531,0,dense_v1
931,248,2,0.378,1,dense_v1
931,265,3,0.683,0,hybrid_v2
931,493,4,0.645,0,dense_v1
931,423,5,0.703,1,hybrid_v2
932,401,1,0.828,1,dense_v1
932,18,2,0.85,1,dense_v1
932,281,3,0.636,1,hybrid_v2
932,9,4,0.563,0,dense_v1
932,159,5,0.444,1,hybrid_v2
933,41,1,0.444,1,dense_v1
933,421,2,0.946,1,dense_v1
933,407,3,0.489,1,dense_v1
933,31,4,0.899,1,hybrid_v2
933,262,5,0.814,1,dense_v1
934,67,1,0.773,1,dense_v1
934,220,2,0.369,1,dense_v1
934,301,3,0.847,1,dense_v1
934,39,4,0.916,0,hybrid_v2
934,163,5,0.626,0,dense_v1
935,289,1,0.666,1,hybrid_v2
935,478,2,0.821,0,dense_v1
935,143,3,0.772,1,hybrid_v2
935,94,4,0.916,0,dense_v1
935,432,5,0.517,0,hybrid_v2
936,314,1,0.474,0,hybrid_v2
936,125,2,0.638,1,hybrid_v2
936,401,3,0.751,0,hybrid_v2
936,318,4,0.721,1,hybrid_v2
936,221,5,0.427,1,hybrid_v2
937,204,1,0.781,0,dense_v1
937,335,2,0.409,0,dense_v1
937,315,3,0.552,0,hybrid_v2
937,149,4,0.405,0,dense_v1
937,447,5,0.751,1,dense_v1
938,384,1,0.667,1,dense_v1
938,271,2,0.642,1,hybrid_v2
938,79,3,0.581,0,hybrid_v2
938,183,4,0.533,0,dense_v1
938,379,5,0.393,0,dense_v1
939,19,1,0.483,0,hybrid_v2
939,317,2,0.45,0,dense_v1
939,292,3,0.838,0,hybrid_v2
939,258,4,0.733,0,dense_v1
939,329,5,0.779,0,hybrid_v2
940,290,1,0.412,1,hybrid_v2
940,263,2,0.959,1,dense_v1
940,416,3,0.579,1,dense_v1
940,465,4,0.793,1,dense_v1
940,403,5,0.699,0,hybrid_v2
941,77,1,0.958,1,dense_v1
941,140,2,0.39,1,hybrid_v2
941,185,3,0.471,1,dense_v1
941,424,4,0.474,1,hybrid_v2
941,264,5,0.399,0,dense_v1
942,265,1,0.934,1,dense_v1
942,208,2,0.4,1,hybrid_v2
942,1,3,0.874,0,dense_v1
942,411,4,0.378,1,hybrid_v2
942,292,5,0.862,0,dense_v1
943,267,1,0.695,1,hybrid_v2
943,376,2,0.533,0,hybrid_v2
943,151,3,0.855,0,hybrid_v2
943,145,4,0.521,0,dense_v1
943,378,5,0.508,0,dense_v1
944,104,1,0.92,1,dense_v1
944,64,2,0.924,0,dense_v1
944,267,3,0.792,0,dense_v1
944,101,4,0.45,0,dense_v1
944,431,5,0.445,0,hybrid_v2
945,256,1,0.393,1,dense_v1
945,140,2,0.949,0,hybrid_v2
945,399,3,0.626,1,dense_v1
945,233,4,0.592,0,dense_v1
945,217,5,0.401,1,dense_v1
946,54,1,0.694,1,dense_v1
946,290,2,0.887,0,dense_v1
946,159,3,0.634,0,hybrid_v2
946,497,4,0.784,1,hybrid_v2
946,95,5,0.396,1,dense_v1
947,384,1,0.677,0,hybrid_v2
947,239,2,0.846,1,hybrid_v2
947,495,3,0.674,1,hybrid_v2
947,52,4,0.955,0,dense_v1
947,493,5,0.865,0,hybrid_v2
948,297,1,0.819,1,hybrid_v2
948,331,2,0.586,0,dense_v1
948,475,3,0.556,0,hybrid_v2
948,276,4,0.411,1,dense_v1
948,489,5,0.952,1,dense_v1
949,440,1,0.764,1,hybrid_v2
949,479,2,0.958,0,dense_v1
949,134,3,0.703,0,dense_v1
949,259,4,0.739,1,dense_v1
949,55,5,0.677,0,dense_v1
950,415,1,0.402,1,dense_v1
950,497,2,0.466,0,dense_v1
950,79,3,0.455,0,hybrid_v2
950,425,4,0.658,0,hybrid_v2
950,407,5,0.968,1,dense_v1
951,388,1,0.457,1,hybrid_v2
951,234,2,0.936,1,dense_v1
951,107,3,0.852,1,hybrid_v2
951,144,4,0.466,1,dense_v1
951,397,5,0.946,1,hybrid_v2
952,215,1,0.82,1,dense_v1
952,118,2,0.546,1,dense_v1
952,415,3,0.823,1,dense_v1
952,399,4,0.595,1,dense_v1
952,472,5,0.619,1,hybrid_v2
953,28,1,0.55,1,dense_v1
953,427,2,0.594,0,hybrid_v2
953,9,3,0.876,1,dense_v1
953,23,4,0.67,0,hybrid_v2
953,178,5,0.887,1,dense_v1
954,197,1,0.36,1,hybrid_v2
954,27,2,0.457,1,hybrid_v2
954,77,3,0.486,0,hybrid_v2
954,462,4,0.846,1,dense_v1
954,40,5,0.963,0,hybrid_v2
955,135,1,0.464,1,dense_v1
955,488,2,0.653,0,dense_v1
955,411,3,0.595,0,hybrid_v2
955,167,4,0.652,1,hybrid_v2
955,3,5,0.538,0,hybrid_v2
956,138,1,0.354,1,hybrid_v2
956,414,2,0.911,1,hybrid_v2
956,323,3,0.744,1,dense_v1
956,8,4,0.873,0,hybrid_v2
956,371,5,0.767,0,hybrid_v2
957,401,1,0.704,1,hybrid_v2
957,30,2,0.956,0,dense_v1
957,225,3,0.719,1,dense_v1
957,249,4,0.793,0,dense_v1
957,160,5,0.842,0,hybrid_v2
958,319,1,0.746,0,dense_v1
958,388,2,0.816,1,hybrid_v2
958,332,3,0.654,0,dense_v1
958,448,4,0.406,0,hybrid_v2
958,175,5,0.869,1,hybrid_v2
959,23,1,0.634,1,hybrid_v2
959,468,2,0.72,1,dense_v1
959,314,3,0.916,1,dense_v1
959,476,4,0.847,0,hybrid_v2
959,369,5,0.45,0,dense_v1
960,304,1,0.855,1,dense_v1
960,216,2,0.473,0,hybrid_v2
960,119,3,0.786,1,hybrid_v2
960,72,4,0.89,0,hybrid_v2
960,454,5,0.847,0,dense_v1
961,499,1,0.528,1,dense_v1
961,399,2,0.942,1,hybrid_v2
961,30,3,0.372,1,hybrid_v2
961,390,4,0.931,0,dense_v1
961,260,5,0.904,0,dense_v1
962,370,1,0.629,1,hybrid_v2
962,482,2,0.568,0,dense_v1
962,457,3,0.792,0,dense_v1
962,348,4,0.73,0,dense_v1
962,209,5,0.442,0,dense_v1
963,303,1,0.715,0,hybrid_v2
963,249,2,0.844,1,hybrid_v2
963,399,3,0.826,0,dense_v1
963,457,4,0.565,1,hybrid_v2
963,163,5,0.882,1,dense_v1
964,225,1,0.426,0,dense_v1
964,328,2,0.895,0,hybrid_v2
964,192,3,0.35,0,dense_v1
964,127,4,0.502,0,hybrid_v2
964,140,5,0.451,0,dense_v1
965,65,1,0.704,1,hybrid_v2
965,367,2,0.621,1,hybrid_v2
965,464,3,0.729,0,hybrid_v2
965,76,4,0.58,1,hybrid_v2
965,234,5,0.421,0,dense_v1
966,497,1,0.694,1,dense_v1
966,45,2,0.717,1,hybrid_v2
966,210,3,0.92,0,dense_v1
966,145,4,0.914,1,dense_v1
966,377,5,0.649,0,hybrid_v2
967,70,1,0.949,1,hybrid_v2
967,50,2,0.566,0,hybrid_v2
967,296,3,0.777,1,dense_v1
967,249,4,0.964,0,hybrid_v2
967,397,5,0.724,0,dense_v1
968,131,1,0.379,1,dense_v1
968,158,2,0.554,1,hybrid_v2
968,333,3,0.881,0,dense_v1
968,120,4,0.622,0,hybrid_v2
968,95,5,0.498,0,hybrid_v2
969,62,1,0.754,1,dense_v1
969,59,2,0.425,0,hybrid_v2
969,334,3,0.87,0,hybrid_v2
969,442,4,0.683,0,hybrid_v2
969,211,5,0.601,1,dense_v1
970,398,1,0.746,1,hybrid_v2
970,379,2,0.647,0,hybrid_v2
970,176,3,0.869,0,dense_v1
970,212,4,0.954,0,hybrid_v2
970,350,5,0.569,0,dense_v1
971,74,1,0.414,1,hybrid_v2
971,116,2,0.385,0,hybrid_v2
971,43,3,0.857,1,hybrid_v2
971,469,4,0.465,0,hybrid_v2
971,407,5,0.803,1,dense_v1
972,479,1,0.932,1,dense_v1
972,316,2,0.55,0,hybrid_v2
972,291,3,0.45,1,hybrid_v2
972,497,4,0.682,0,hybrid_v2
972,491,5,0.74,0,hybrid_v2
973,171,1,0.392,1,dense_v1
973,69,2,0.528,1,hybrid_v2
973,295,3,0.628,0,hybrid_v2
973,229,4,0.948,1,dense_v1
973,6,5,0.368,0,dense_v1
974,103,1,0.642,1,dense_v1
974,50,2,0.375,1,hybrid_v2
974,183,3,0.554,0,hybrid_v2
974,287,4,0.375,1,hybrid_v2
974,221,5,0.592,0,hybrid_v2
975,370,1,0.601,1,dense_v1
975,173,2,0.565,0,hybrid_v2
975,275,3,0.481,1,hybrid_v2
975,264,4,0.361,1,dense_v1
975,244,5,0.594,0,hybrid_v2
976,310,1,0.837,0,dense_v1
976,193,2,0.504,1,dense_v1
976,449,3,0.565,1,dense_v1
976,364,4,0.894,0,dense_v1
976,437,5,0.379,1,hybrid_v2
977,259,1,0.837,1,hybrid_v2
977,237,2,0.817,1,hybrid_v2
977,395,3,0.812,0,hybrid_v2
977,148,4,0.528,0,hybrid_v2
977,105,5,0.416,0,dense_v1
978,16,1,0.604,0,hybrid_v2
978,172,2,0.513,1,dense_v1
978,133,3,0.516,0,hybrid_v2
978,312,4,0.68,0,hybrid_v2
978,427,5,0.562,0,dense_v1
979,8,1,0.678,1,dense_v1
979,8,2,0.634,1,dense_v1
979,138,3,0.947,1,dense_v1
979,333,4,0.496,0,dense_v1
979,236,5,0.464,1,dense_v1
980,279,1,0.788,1,dense_v1
980,496,2,0.688,0,hybrid_v2
980,101,3,0.754,1,dense_v1
980,347,4,0.513,0,dense_v1
980,218,5,0.951,0,dense_v1
981,51,1,0.929,1,hybrid_v2
981,70,2,0.362,1,dense_v1
981,21,3,0.691,1,hybrid_v2
981,350,4,0.594,0,hybrid_v2
981,384,5,0.931,0,hybrid_v2
982,499,1,0.388,1,hybrid_v2
982,227,2,0.718,1,hybrid_v2
982,99,3,0.921,0,hybrid_v2
982,473,4,0.627,1,dense_v1
982,325,5,0.798,1,dense_v1
983,364,1,0.731,1,dense_v1
983,325,2,0.482,0,hybrid_v2
983,478,3,0.879,0,dense_v1
983,157,4,0.666,1,dense_v1
983,373,5,0.833,0,hybrid_v2
984,66,1,0.512,1,hybrid_v2
984,11,2,0.907,1,dense_v1
984,61,3,0.95,1,dense_v1
984,73,4,0.456,0,dense_v1
984,174,5,0.732,0,hybrid_v2
985,107,1,0.882,1,dense_v1
985,12,2,0.58,1,dense_v1
985,479,3,0.807,0,hybrid_v2
985,275,4,0.675,1,dense_v1
985,450,5,0.685,0,dense_v1
986,19,1,0.943,1,hybrid_v2
986,225,2,0.783,1,hybrid_v2
986,383,3,0.836,1,hybrid_v2
986,309,4,0.686,1,dense_v1
986,290,5,0.356,0,dense_v1
987,345,1,0.601,0,hybrid_v2
987,70,2,0.536,0,dense_v1
987,304,3,0.967,0,dense_v1
987,450,4,0.743,1,hybrid_v2
987,274,5,0.976,1,hybrid_v2
988,87,1,0.394,1,hybrid_v2
988,333,2,0.709,0,hybrid_v2
988,175,3,0.804,1,hybrid_v2
988,109,4,0.69,0,dense_v1
988,352,5,0.707,0,dense_v1
989,207,1,0.776,1,dense_v1
989,360,2,0.426,0,dense_v1
989,132,3,0.933,1,dense_v1
989,479,4,0.927,0,dense_v1
989,172,5,0.496,0,dense_v1
990,42,1,0.782,1,dense_v1
990,59,2,0.682,1,hybrid_v2
990,444,3,0.878,1,hybrid_v2
990,213,4,0.403,1,dense_v1
990,63,5,0.623,0,dense_v1
991,10,1,0.44,1,dense_v1
991,31,2,0.654,1,dense_v1
991,485,3,0.721,1,hybrid_v2
991,399,4,0.724,1,dense_v1
991,56,5,0.759,0,dense_v1
992,58,1,0.559,1,hybrid_v2
992,169,2,0.808,0,hybrid_v2
992,209,3,0.376,1,hybrid_v2
992,440,4,0.68,0,hybrid_v2
992,379,5,0.357,0,hybrid_v2
993,99,1,0.714,1,hybrid_v2
993,354,2,0.68,1,hybrid_v2
993,86,3,0.393,0,dense_v1
993,141,4,0.781,0,dense_v1
993,47,5,0.661,0,hybrid_v2
994,273,1,0.867,1,hybrid_v2
994,145,2,0.958,0,dense_v1
994,128,3,0.566,0,hybrid_v2
994,11,4,0.676,1,dense_v1
994,155,5,0.577,1,hybrid_v2
995,373,1,0.605,1,dense_v1
995,260,2,0.489,0,hybrid_v2
995,36,3,0.82,1,hybrid_v2
995,217,4,0.609,0,hybrid_v2
995,65,5,0.475,1,hybrid_v2
996,191,1,0.863,1,dense_v1
996,68,2,0.357,1,dense_v1
996,76,3,0.892,1,hybrid_v2
996,98,4,0.808,1,dense_v1
996,117,5,0.959,0,dense_v1
997,129,1,0.585,0,dense_v1
997,372,2,0.705,1,hybrid_v2
997,98,3,0.767,1,dense_v1
997,135,4,0.736,1,dense_v1
997,411,5,0.656,1,hybrid_v2
998,185,1,0.697,1,hybrid_v2
998,293,2,0.659,0,dense_v1
998,77,3,0.84,1,dense_v1
998,362,4,0.835,0,hybrid_v2
998,475,5,0.927,1,hybrid_v2
999,359,1,0.53,1,dense_v1
999,174,2,0.51,1,hybrid_v2
999,308,3,0.931,0,hybrid_v2
999,372,4,0.885,0,hybrid_v2
999,417,5,0.904,1,hybrid_v2
1000,9,1,0.445,1,dense_v1
1000,214,2,0.807,1,hybrid_v2
1000,361,3,0.385,1,hybrid_v2
1000,138,4,0.738,1,hybrid_v2
1000,254,5,0.485,0,hybrid_v2
1001,95,1,0.624,0,hybrid_v2
1001,27,2,0.42,1,hybrid_v2
1001,175,3,0.893,0,dense_v1
1001,271,4,0.453,1,dense_v1
1001,217,5,0.668,0,hybrid_v2
1002,109,1,0.814,0,dense_v1
1002,166,2,0.38,1,hybrid_v2
1002,249,3,0.598,1,dense_v1
1002,145,4,0.355,1,dense_v1
1002,288,5,0.629,0,dense_v1
1003,235,1,0.874,1,dense_v1
1003,319,2,0.357,1,dense_v1
1003,387,3,0.407,1,dense_v1
1003,200,4,0.61,1,hybrid_v2
1003,449,5,0.948,1,hybrid_v2
1004,482,1,0.427,0,hybrid_v2
1004,107,2,0.609,1,hybrid_v2
1004,355,3,0.521,0,hybrid_v2
1004,235,4,0.945,1,dense_v1
1004,445,5,0.498,0,hybrid_v2
1005,345,1,0.928,1,hybrid_v2
1005,173,2,0.676,1,hybrid_v2
1005,362,3,0.754,1,dense_v1
1005,351,4,0.956,0,hybrid_v2
1005,162,5,0.793,0,dense_v1
1006,384,1,0.472,1,hybrid_v2
1006,279,2,0.725,1,hybrid_v2
1006,281,3,0.96,0,dense_v1
1006,108,4,0.722,1,hybrid_v2
1006,385,5,0.674,1,hybrid_v2
1007,98,1,0.425,1,dense_v1
1007,52,2,0.787,1,dense_v1
1007,437,3,0.605,0,dense_v1
1007,403,4,0.661,1,hybrid_v2
1007,341,5,0.89,0,dense_v1
1008,395,1,0.447,1,dense_v1
1008,425,2,0.61,0,hybrid_v2
1008,238,3,0.895,0,dense_v1
1008,419,4,0.707,0,dense_v1
1008,352,5,0.754,0,hybrid_v2
1009,382,1,0.626,0,dense_v1
1009,395,2,0.779,1,hybrid_v2
1009,44,3,0.902,0,hybrid_v2
1009,88,4,0.401,1,hybrid_v2
1009,487,5,0.476,0,hybrid_v2
1010,264,1,0.484,1,hybrid_v2
1010,208,2,0.645,1,dense_v1
1010,72,3,0.463,0,dense_v1
1010,133,4,0.633,0,dense_v1
1010,324,5,0.433,0,hybrid_v2
1011,414,1,0.391,0,dense_v1
1011,79,2,0.609,0,dense_v1
1011,237,3,0.371,0,hybrid_v2
1011,99,4,0.538,0,hybrid_v2
1011,64,5,0.944,0,hybrid_v2
1012,419,1,0.486,1,hybrid_v2
1012,200,2,0.43,0,hybrid_v2
1012,116,3,0.552,0,hybrid_v2
1012,265,4,0.624,0,dense_v1
1012,478,5,0.556,0,dense_v1
1013,472,1,0.895,1,dense_v1
1013,268,2,0.64,0,dense_v1
1013,192,3,0.825,1,dense_v1
1013,225,4,0.862,1,hybrid_v2
1013,4,5,0.491,1,hybrid_v2
1014,364,1,0.569,1,hybrid_v2
1014,284,2,0.617,1,hybrid_v2
1014,437,3,0.719,1,hybrid_v2
1014,266,4,0.687,1,dense_v1
1014,71,5,0.963,0,hybrid_v2
1015,41,1,0.926,0,dense_v1
1015,98,2,0.663,1,hybrid_v2
1015,466,3,0.426,1,dense_v1
1015,223,4,0.673,1,hybrid_v2
1015,26,5,0.875,1,hybrid_v2
1016,15,1,0.37,1,hybrid_v2
1016,162,2,0.837,1,hybrid_v2
1016,365,3,0.58,0,dense_v1
1016,243,4,0.406,0,dense_v1
1016,74,5,0.452,0,hybrid_v2
1017,145,1,0.823,1,dense_v1
1017,104,2,0.373,0,hybrid_v2
1017,396,3,0.742,1,hybrid_v2
1017,272,4,0.69,1,dense_v1
1017,187,5,0.601,0,dense_v1
1018,463,1,0.885,0,dense_v1
1018,123,2,0.641,1,hybrid_v2
1018,165,3,0.609,0,hybrid_v2
1018,47,4,0.383,0,hybrid_v2
1018,350,5,0.741,1,hybrid_v2
1019,306,1,0.47,1,dense_v1
1019,372,2,0.423,0,hybrid_v2
1019,471,3,0.787,0,hybrid_v2
1019,377,4,0.665,0,dense_v1
1019,22,5,0.852,1,hybrid_v2
1020,95,1,0.846,1,hybrid_v2
1020,284,2,0.805,0,hybrid_v2
1020,67,3,0.52,0,dense_v1
1020,30,4,0.382,0,hybrid_v2
1020,426,5,0.818,0,hybrid_v2
1021,117,1,0.88,1,hybrid_v2
1021,60,2,0.595,0,hybrid_v2
1021,453,3,0.458,0,hybrid_v2
1021,19,4,0.917,0,hybrid_v2
1021,17,5,0.754,0,hybrid_v2
1022,65,1,0.435,1,hybrid_v2
1022,365,2,0.437,1,hybrid_v2
1022,270,3,0.466,1,hybrid_v2
1022,365,4,0.465,1,hybrid_v2
1022,429,5,0.945,1,dense_v1
1023,427,1,0.766,1,hybrid_v2
1023,54,2,0.577,0,hybrid_v2
1023,296,3,0.978,1,dense_v1
1023,362,4,0.374,0,hybrid_v2
1023,9,5,0.806,0,dense_v1
1024,109,1,0.407,1,dense_v1
1024,186,2,0.652,1,dense_v1
1024,245,3,0.513,0,hybrid_v2
1024,84,4,0.775,0,hybrid_v2
1024,278,5,0.577,1,hybrid_v2
1025,173,1,0.563,1,dense_v1
1025,180,2,0.905,1,dense_v1
1025,153,3,0.438,0,dense_v1
1025,117,4,0.473,0,hybrid_v2
1025,274,5,0.479,1,hybrid_v2
1026,441,1,0.72,1,dense_v1
1026,214,2,0.778,1,hybrid_v2
1026,279,3,0.368,0,hybrid_v2
1026,6,4,0.469,0,dense_v1
1026,287,5,0.767,1,dense_v1
1027,149,1,0.859,0,dense_v1
1027,215,2,0.724,1,hybrid_v2
1027,229,3,0.495,1,dense_v1
1027,163,4,0.481,1,hybrid_v2
1027,498,5,0.726,0,hybrid_v2
1028,323,1,0.58,1,hybrid_v2
1028,372,2,0.755,0,hybrid_v2
1028,180,3,0.774,0,hybrid_v2
1028,445,4,0.769,0,dense_v1
1028,249,5,0.637,0,hybrid_v2
1029,146,1,0.434,1,dense_v1
1029,148,2,0.758,1,dense_v1
1029,147,3,0.933,0,hybrid_v2
1029,342,4,0.637,1,hybrid_v2
1029,328,5,0.708,0,dense_v1
1030,444,1,0.561,1,hybrid_v2
1030,83,2,0.354,1,dense_v1
1030,471,3,0.491,0,dense_v1
1030,136,4,0.511,1,dense_v1
1030,190,5,0.961,0,hybrid_v2
1031,319,1,0.422,1,dense_v1
1031,397,2,0.703,1,dense_v1
1031,277,3,0.649,1,hybrid_v2
1031,133,4,0.814,0,hybrid_v2
1031,463,5,0.55,0,hybrid_v2
1032,3,1,0.499,1,hybrid_v2
1032,300,2,0.388,0,hybrid_v2
1032,379,3,0.91,0,dense_v1
1032,346,4,0.742,1,dense_v1
1032,79,5,0.741,0,hybrid_v2
1033,302,1,0.661,1,dense_v1
1033,477,2,0.836,1,dense_v1
1033,56,3,0.872,0,hybrid_v2
1033,189,4,0.784,0,dense_v1
1033,498,5,0.51,1,hybrid_v2
1034,34,1,0.939,1,hybrid_v2
1034,325,2,0.954,1,hybrid_v2
1034,133,3,0.899,0,hybrid_v2
1034,405,4,0.876,1,hybrid_v2
1034,111,5,0.468,0,hybrid_v2
1035,483,1,0.366,1,dense_v1
1035,303,2,0.98,1,dense_v1
1035,316,3,0.679,1,dense_v1
1035,108,4,0.696,0,hybrid_v2
1035,53,5,0.384,0,dense_v1
1036,343,1,0.71,1,hybrid_v2
1036,93,2,0.733,1,hybrid_v2
1036,191,3,0.967,1,hybrid_v2
1036,224,4,0.581,0,dense_v1
1036,371,5,0.407,0,hybrid_v2
1037,29,1,0.902,0,hybrid_v2
1037,497,2,0.622,1,dense_v1
1037,60,3,0.603,0,dense_v1
1037,341,4,0.936,0,dense_v1
1037,335,5,0.8,0,hybrid_v2
1038,460,1,0.431,1,hybrid_v2
1038,391,2,0.431,1,dense_v1
1038,404,3,0.919,0,hybrid_v2
1038,239,4,0.838,0,dense_v1
1038,296,5,0.666,0,hybrid_v2
1039,261,1,0.688,1,hybrid_v2
1039,262,2,0.588,1,hybrid_v2
1039,309,3,0.888,0,dense_v1
1039,111,4,0.685,0,hybrid_v2
1039,311,5,0.482,0,dense_v1
1040,406,1,0.847,1,hybrid_v2
1040,315,2,0.718,1,dense_v1
1040,474,3,0.368,0,hybrid_v2
1040,71,4,0.369,1,hybrid_v2
1040,17,5,0.556,1,dense_v1
1041,483,1,0.507,0,hybrid_v2
1041,215,2,0.898,1,hybrid_v2
1041,73,3,0.557,1,dense_v1
1041,89,4,0.705,0,dense_v1
1041,426,5,0.553,0,hybrid_v2
1042,313,1,0.955,1,dense_v1
1042,340,2,0.834,1,dense_v1
1042,165,3,0.951,0,dense_v1
1042,384,4,0.746,1,dense_v1
1042,123,5,0.725,0,dense_v1
1043,273,1,0.834,0,dense_v1
1043,215,2,0.366,1,hybrid_v2
1043,82,3,0.555,0,hybrid_v2
1043,461,4,0.954,1,hybrid_v2
1043,125,5,0.549,0,hybrid_v2
1044,132,1,0.761,0,dense_v1
1044,288,2,0.851,1,dense_v1
1044,347,3,0.748,1,dense_v1
1044,191,4,0.506,0,hybrid_v2
1044,87,5,0.499,0,dense_v1
1045,7,1,0.663,1,dense_v1
1045,343,2,0.654,1,hybrid_v2
1045,235,3,0.48,1,hybrid_v2
1045,251,4,0.69,1,hybrid_v2
1045,173,5,0.41,0,hybrid_v2
1046,103,1,0.594,1,dense_v1
1046,467,2,0.685,1,hybrid_v2
1046,390,3,0.803,0,dense_v1
1046,140,4,0.664,0,hybrid_v2
1046,264,5,0.553,0,hybrid_v2
1047,167,1,0.432,0,dense_v1
1047,284,2,0.681,1,hybrid_v2
1047,61,3,0.356,1,hybrid_v2
1047,61,4,0.89,0,dense_v1
1047,408,5,0.697,0,dense_v1
1048,98,1,0.813,1,dense_v1
1048,176,2,0.768,1,hybrid_v2
1048,149,3,0.636,1,hybrid_v2
1048,121,4,0.425,0,hybrid_v2
1048,276,5,0.478,0,dense_v1
1049,11,1,0.733,1,dense_v1
1049,38,2,0.648,0,hybrid_v2
1049,417,3,0.386,0,dense_v1
1049,186,4,0.874,0,hybrid_v2
1049,227,5,0.551,0,dense_v1
1050,171,1,0.611,0,hybrid_v2
1050,147,2,0.883,1,dense_v1
1050,97,3,0.643,1,hybrid_v2
1050,486,4,0.455,1,dense_v1
1050,415,5,0.759,0,dense_v1
1051,471,1,0.366,0,dense_v1
1051,332,2,0.871,1,dense_v1
1051,333,3,0.676,1,dense_v1
1051,278,4,0.897,1,hybrid_v2
1051,7,5,0.649,1,dense_v1
1052,21,1,0.647,1,hybrid_v2
1052,182,2,0.88,1,dense_v1
1052,390,3,0.641,0,dense_v1
1052,43,4,0.412,0,dense_v1
1052,289,5,0.884,0,dense_v1
1053,27,1,0.575,1,hybrid_v2
1053,370,2,0.934,0,dense_v1
1053,321,3,0.87,0,hybrid_v2
1053,383,4,0.819,1,hybrid_v2
1053,282,5,0.956,0,dense_v1
1054,179,1,0.431,1,dense_v1
1054,436,2,0.749,0,dense_v1
1054,50,3,0.413,1,dense_v1
1054,482,4,0.478,1,dense_v1
1054,404,5,0.457,1,dense_v1
1055,162,1,0.525,1,dense_v1
1055,119,2,0.91,1,dense_v1
1055,219,3,0.519,1,hybrid_v2
1055,246,4,0.454,0,dense_v1
1055,123,5,0.941,0,dense_v1
1056,84,1,0.516,1,dense_v1
1056,436,2,0.49,1,hybrid_v2
1056,156,3,0.751,1,dense_v1
1056,177,4,0.914,1,hybrid_v2
1056,397,5,0.879,1,hybrid_v2
1057,396,1,0.385,0,hybrid_v2
1057,481,2,0.399,1,dense_v1
1057,62,3,0.473,1,dense_v1
1057,314,4,0.765,0,dense_v1
1057,215,5,0.768,0,hybrid_v2
1058,344,1,0.463,0,dense_v1
1058,444,2,0.699,0,hybrid_v2
1058,53,3,0.414,1,hybrid_v2
1058,397,4,0.922,0,dense_v1
1058,393,5,0.727,0,hybrid_v2
1059,127,1,0.723,0,dense_v1
1059,216,2,0.423,1,dense_v1
1059,84,3,0.842,1,dense_v1
1059,55,4,0.421,0,hybrid_v2
1059,164,5,0.535,0,dense_v1
1060,218,1,0.393,0,dense_v1
1060,273,2,0.37,1,hybrid_v2
1060,175,3,0.963,0,dense_v1
1060,344,4,0.776,0,hybrid_v2
1060,301,5,0.758,1,dense_v1
1061,494,1,0.461,0,dense_v1
1061,329,2,0.392,0,dense_v1
1061,379,3,0.735,1,hybrid_v2
1061,414,4,0.98,1,dense_v1
1061,37,5,0.632,1,dense_v1
1062,214,1,0.424,1,hybrid_v2
1062,364,2,0.514,0,hybrid_v2
1062,236,3,0.378,0,hybrid_v2
1062,291,4,0.953,1,dense_v1
1062,395,5,0.687,0,dense_v1
1063,416,1,0.544,1,dense_v1
1063,15,2,0.768,1,dense_v1
1063,371,3,0.927,0,dense_v1
1063,240,4,0.942,0,dense_v1
1063,356,5,0.975,0,hybrid_v2
1064,385,1,0.396,1,dense_v1
1064,30,2,0.653,1,hybrid_v2
1064,208,3,0.889,1,hybrid_v2
1064,291,4,0.503,0,dense_v1
1064,90,5,0.662,0,hybrid_v2
1065,364,1,0.755,1,dense_v1
1065,489,2,0.962,1,dense_v1
1065,314,3,0.739,0,dense_v1
1065,9,4,0.91,0,dense_v1
1065,151,5,0.792,0,dense_v1
1066,400,1,0.657,1,hybrid_v2
1066,414,2,0.669,1,dense_v1
1066,406,3,0.788,0,dense_v1
1066,237,4,0.744,1,dense_v1
1066,68,5,0.402,1,hybrid_v2
1067,235,1,0.515,0,dense_v1
1067,156,2,0.475,1,hybrid_v2
1067,481,3,0.533,0,hybrid_v2
1067,483,4,0.754,0,hybrid_v2
1067,241,5,0.847,0,dense_v1
1068,384,1,0.404,0,hybrid_v2
1068,204,2,0.817,1,hybrid_v2
1068,346,3,0.532,1,hybrid_v2
1068,297,4,0.405,1,dense_v1
1068,103,5,0.496,0,dense_v1
1069,307,1,0.591,1,dense_v1
1069,452,2,0.54,1,hybrid_v2
1069,220,3,0.45,1,hybrid_v2
1069,195,4,0.412,1,hybrid_v2
1069,286,5,0.418,0,hybrid_v2
1070,87,1,0.414,1,dense_v1
1070,138,2,0.819,1,dense_v1
1070,2,3,0.447,0,hybrid_v2
1070,46,4,0.784,1,dense_v1
1070,154,5,0.377,0,hybrid_v2
1071,148,1,0.6,0,dense_v1
1071,69,2,0.753,1,dense_v1
1071,206,3,0.954,1,hybrid_v2
1071,470,4,0.635,0,dense_v1
1071,15,5,0.769,1,dense_v1
1072,252,1,0.544,1,hybrid_v2
1072,361,2,0.674,0,dense_v1
1072,354,3,0.754,1,hybrid_v2
1072,449,4,0.918,1,dense_v1
1072,21,5,0.682,1,hybrid_v2
1073,402,1,0.412,1,dense_v1
1073,351,2,0.663,0,hybrid_v2
1073,131,3,0.63,0,dense_v1
1073,216,4,0.883,1,dense_v1
1073,376,5,0.502,0,dense_v1
1074,245,1,0.374,1,hybrid_v2
1074,126,2,0.606,1,hybrid_v2
1074,412,3,0.832,1,hybrid_v2
1074,381,4,0.779,1,dense_v1
1074,434,5,0.503,0,dense_v1
1075,458,1,0.494,1,hybrid_v2
1075,193,2,0.379,1,hybrid_v2
1075,98,3,0.8,0,dense_v1
1075,496,4,0.678,0,dense_v1
1075,224,5,0.642,0,hybrid_v2
1076,180,1,0.769,1,dense_v1
1076,177,2,0.374,1,hybrid_v2
1076,39,3,0.354,1,dense_v1
1076,33,4,0.64,0,hybrid_v2
1076,223,5,0.584,0,dense_v1
1077,437,1,0.497,1,hybrid_v2
1077,227,2,0.703,0,dense_v1
1077,301,3,0.403,1,dense_v1
1077,258,4,0.387,0,dense_v1
1077,181,5,0.447,1,dense_v1
1078,443,1,0.629,1,dense_v1
1078,463,2,0.836,1,hybrid_v2
1078,32,3,0.751,1,hybrid_v2
1078,492,4,0.917,0,hybrid_v2
1078,14,5,0.933,1,dense_v1
1079,170,1,0.563,1,hybrid_v2
1079,351,2,0.434,1,hybrid_v2
1079,163,3,0.414,0,dense_v1
1079,7,4,0.457,0,dense_v1
1079,170,5,0.807,1,hybrid_v2
1080,454,1,0.452,1,dense_v1
1080,10,2,0.591,1,hybrid_v2
1080,352,3,0.699,1,dense_v1
1080,366,4,0.831,1,dense_v1
1080,184,5,0.889,1,dense_v1
1081,294,1,0.923,1,dense_v1
1081,489,2,0.929,0,hybrid_v2
1081,366,3,0.512,1,dense_v1
1081,97,4,0.447,1,hybrid_v2
1081,248,5,0.699,1,dense_v1
1082,218,1,0.808,1,hybrid_v2
1082,272,2,0.381,1,dense_v1
1082,193,3,0.516,1,dense_v1
1082,453,4,0.395,0,hybrid_v2
1082,495,5,0.408,1,dense_v1
1083,93,1,0.551,1,dense_v1
1083,491,2,0.954,1,hybrid_v2
1083,231,3,0.75,0,dense_v1
1083,412,4,0.843,1,dense_v1
1083,22,5,0.482,0,hybrid_v2
1084,51,1,0.45,1,dense_v1
1084,152,2,0.685,1,dense_v1
1084,11,3,0.426,0,hybrid_v2
1084,99,4,0.86,1,dense_v1
1084,72,5,0.66,1,hybrid_v2
1085,108,1,0.497,1,dense_v1
1085,67,2,0.454,1,dense_v1
1085,427,3,0.728,0,hybrid_v2
1085,153,4,0.374,1,hybrid_v2
1085,58,5,0.391,0,hybrid_v2
1086,442,1,0.578,1,dense_v1
1086,338,2,0.506,1,hybrid_v2
1086,67,3,0.864,1,dense_v1
1086,351,4,0.629,1,hybrid_v2
1086,36,5,0.379,0,hybrid_v2
1087,236,1,0.851,1,dense_v1
1087,15,2,0.971,1,dense_v1
1087,324,3,0.658,1,dense_v1
1087,19,4,0.369,0,dense_v1
1087,252,5,0.838,0,dense_v1
1088,422,1,0.425,1,dense_v1
1088,157,2,0.531,1,hybrid_v2
1088,331,3,0.421,0,hybrid_v2
1088,62,4,0.49,1,hybrid_v2
1088,41,5,0.919,1,dense_v1
1089,316,1,0.721,0,hybrid_v2
1089,489,2,0.979,0,hybrid_v2
1089,472,3,0.381,1,dense_v1
1089,79,4,0.734,0,hybrid_v2
1089,488,5,0.812,0,hybrid_v2
1090,451,1,0.726,0,hybrid_v2
1090,60,2,0.581,1,dense_v1
1090,280,3,0.385,1,hybrid_v2
1090,266,4,0.69,1,hybrid_v2
1090,401,5,0.587,0,hybrid_v2
1091,420,1,0.529,1,hybrid_v2
1091,222,2,0.748,1,hybrid_v2
1091,277,3,0.732,1,dense_v1
1091,381,4,0.609,0,hybrid_v2
1091,262,5,0.641,0,hybrid_v2
1092,123,1,0.461,1,hybrid_v2
1092,457,2,0.515,1,dense_v1
1092,436,3,0.927,1,hybrid_v2
1092,394,4,0.535,1,dense_v1
1092,231,5,0.891,0,dense_v1
1093,148,1,0.787,1,dense_v1
1093,84,2,0.847,0,dense_v1
1093,334,3,0.947,0,dense_v1
1093,84,4,0.724,1,hybrid_v2
1093,222,5,0.611,0,dense_v1
1094,101,1,0.471,1,hybrid_v2
1094,401,2,0.484,1,hybrid_v2
1094,81,3,0.819,0,dense_v1
1094,330,4,0.88,0,dense_v1
1094,367,5,0.467,0,hybrid_v2
1095,332,1,0.855,1,hybrid_v2
1095,180,2,0.698,0,dense_v1
1095,314,3,0.958,1,hybrid_v2
1095,382,4,0.633,1,dense_v1
1095,125,5,0.76,1,hybrid_v2
1096,309,1,0.487,1,hybrid_v2
1096,365,2,0.462,1,hybrid_v2
1096,88,3,0.386,0,hybrid_v2
1096,88,4,0.923,0,dense_v1
1096,448,5,0.61,0,hybrid_v2
1097,425,1,0.642,1,hybrid_v2
1097,359,2,0.572,1,hybrid_v2
1097,463,3,0.829,0,hybrid_v2
1097,415,4,0.694,0,dense_v1
1097,277,5,0.916,1,hybrid_v2
1098,21,1,0.836,1,hybrid_v2
1098,379,2,0.715,1,hybrid_v2
1098,417,3,0.529,1,hybrid_v2
1098,337,4,0.638,1,dense_v1
1098,248,5,0.97,0,dense_v1
1099,444,1,0.596,1,hybrid_v2
1099,471,2,0.625,1,hybrid_v2
1099,378,3,0.632,0,dense_v1
1099,68,4,0.55,0,hybrid_v2
1099,188,5,0.456,0,dense_v1
1100,229,1,0.571,1,hybrid_v2
1100,176,2,0.421,0,hybrid_v2
1100,327,3,0.457,1,dense_v1
1100,61,4,0.893,0,dense_v1
1100,364,5,0.524,1,dense_v1
1101,383,1,0.885,1,dense_v1
1101,367,2,0.916,0,dense_v1
1101,79,3,0.502,1,hybrid_v2
1101,128,4,0.648,0,hybrid_v2
1101,446,5,0.856,0,dense_v1
1102,462,1,0.98,1,dense_v1
1102,326,2,0.455,0,dense_v1
1102,15,3,0.679,1,dense_v1
1102,283,4,0.648,1,hybrid_v2
1102,339,5,0.558,1,hybrid_v2
1103,147,1,0.377,1,dense_v1
1103,167,2,0.879,0,hybrid_v2
1103,88,3,0.952,1,hybrid_v2
1103,50,4,0.979,1,dense_v1
1103,224,5,0.816,1,hybrid_v2
1104,102,1,0.55,0,dense_v1
1104,234,2,0.94,0,dense_v1
1104,479,3,0.433,0,dense_v1
1104,110,4,0.48,1,dense_v1
1104,338,5,0.886,1,hybrid_v2
1105,271,1,0.95,1,hybrid_v2
1105,62,2,0.681,1,dense_v1
1105,257,3,0.603,0,dense_v1
1105,316,4,0.625,1,dense_v1
1105,23,5,0.606,0,dense_v1
1106,452,1,0.959,1,hybrid_v2
1106,306,2,0.482,1,hybrid_v2
1106,315,3,0.528,1,dense_v1
1106,462,4,0.477,0,dense_v1
1106,69,5,0.486,0,dense_v1
1107,260,1,0.36,1,hybrid_v2
1107,321,2,0.87,1,hybrid_v2
1107,230,3,0.757,1,hybrid_v2
1107,184,4,0.867,1,hybrid_v2
1107,18,5,0.622,1,dense_v1
1108,491,1,0.848,1,hybrid_v2
1108,326,2,0.544,1,dense_v1
1108,271,3,0.769,1,hybrid_v2
1108,187,4,0.94,0,dense_v1
1108,249,5,0.429,0,dense_v1
1109,180,1,0.588,0,dense_v1
1109,30,2,0.737,1,dense_v1
1109,83,3,0.871,0,hybrid_v2
1109,23,4,0.755,1,hybrid_v2
1109,449,5,0.73,0,dense_v1
1110,66,1,0.971,0,dense_v1
1110,229,2,0.857,0,dense_v1
1110,388,3,0.831,1,hybrid_v2
1110,40,4,0.482,1,dense_v1
1110,479,5,0.597,0,hybrid_v2
1111,248,1,0.553,1,dense_v1
1111,395,2,0.415,0,hybrid_v2
1111,469,3,0.773,0,hybrid_v2
1111,486,4,0.41,0,dense_v1
1111,6,5,0.689,0,dense_v1
1112,417,1,0.45,1,dense_v1
1112,29,2,0.839,1,dense_v1
1112,419,3,0.365,0,dense_v1
1112,318,4,0.764,1,hybrid_v2
1112,277,5,0.357,0,hybrid_v2
1113,479,1,0.719,0,dense_v1
1113,247,2,0.692,1,dense_v1
1113,138,3,0.66,0,dense_v1
1113,14,4,0.48,1,dense_v1
1113,390,5,0.952,0,hybrid_v2
1114,245,1,0.595,1,dense_v1
1114,427,2,0.351,1,hybrid_v2
1114,188,3,0.831,0,hybrid_v2
1114,198,4,0.425,0,hybrid_v2
1114,301,5,0.805,0,hybrid_v2
1115,34,1,0.665,1,dense_v1
1115,223,2,0.583,1,hybrid_v2
1115,121,3,0.911,0,hybrid_v2
1115,287,4,0.91,1,hybrid_v2
1115,265,5,0.829,0,hybrid_v2
1116,400,1,0.718,1,dense_v1
1116,351,2,0.965,1,dense_v1
1116,317,3,0.524,0,hybrid_v2
1116,174,4,0.574,0,dense_v1
1116,281,5,0.689,1,hybrid_v2
1117,369,1,0.566,1,dense_v1
1117,420,2,0.951,0,hybrid_v2
1117,5,3,0.405,0,hybrid_v2
1117,68,4,0.884,0,dense_v1
1117,228,5,0.953,0,hybrid_v2
1118,490,1,0.356,1,hybrid_v2
1118,79,2,0.617,0,dense_v1
1118,33,3,0.836,1,hybrid_v2
1118,280,4,0.482,0,dense_v1
1118,313,5,0.869,0,hybrid_v2
1119,491,1,0.376,0,hybrid_v2
1119,40,2,0.662,1,hybrid_v2
1119,110,3,0.484,1,hybrid_v2
1119,334,4,0.553,0,hybrid_v2
1119,182,5,0.429,0,dense_v1
1120,43,1,0.584,1,dense_v1
1120,24,2,0.849,1,hybrid_v2
1120,199,3,0.586,1,hybrid_v2
1120,74,4,0.979,1,dense_v1
1120,57,5,0.432,1,hybrid_v2
1121,499,1,0.825,1,hybrid_v2
1121,381,2,0.394,0,dense_v1
1121,341,3,0.576,1,dense_v1
1121,288,4,0.741,1,dense_v1
1121,296,5,0.867,1,hybrid_v2
1122,371,1,0.789,0,dense_v1
1122,12,2,0.628,0,dense_v1
1122,431,3,0.453,0,hybrid_v2
1122,342,4,0.564,1,hybrid_v2
1122,402,5,0.844,0,dense_v1
1123,77,1,0.932,1,dense_v1
1123,339,2,0.529,1,hybrid_v2
1123,117,3,0.849,1,dense_v1
1123,47,4,0.5,1,dense_v1
1123,184,5,0.676,0,dense_v1
1124,311,1,0.625,1,hybrid_v2
1124,220,2,0.528,1,dense_v1
1124,143,3,0.812,1,dense_v1
1124,368,4,0.533,1,dense_v1
1124,5,5,0.785,0,dense_v1
1125,234,1,0.681,1,dense_v1
1125,205,2,0.549,0,dense_v1
1125,334,3,0.525,1,hybrid_v2
1125,373,4,0.693,0,dense_v1
1125,20,5,0.956,0,hybrid_v2
1126,23,1,0.941,1,dense_v1
1126,458,2,0.876,1,dense_v1
1126,378,3,0.358,0,hybrid_v2
1126,294,4,0.823,0,dense_v1
1126,56,5,0.636,0,dense_v1
1127,60,1,0.374,1,hybrid_v2
1127,100,2,0.865,0,hybrid_v2
1127,129,3,0.378,0,hybrid_v2
1127,442,4,0.413,0,hybrid_v2
1127,204,5,0.671,0,dense_v1
1128,152,1,0.584,0,hybrid_v2
1128,271,2,0.702,0,hybrid_v2
1128,117,3,0.778,0,hybrid_v2
1128,493,4,0.754,0,hybrid_v2
1128,211,5,0.935,0,dense_v1
1129,82,1,0.485,0,hybrid_v2
1129,291,2,0.761,0,hybrid_v2
1129,394,3,0.355,1,hybrid_v2
1129,40,4,0.504,1,dense_v1
1129,57,5,0.967,0,hybrid_v2
1130,96,1,0.968,0,hybrid_v2
1130,204,2,0.542,1,hybrid_v2
1130,8,3,0.772,1,hybrid_v2
1130,403,4,0.734,1,hybrid_v2
1130,134,5,0.534,0,dense_v1
1131,397,1,0.78,1,dense_v1
1131,257,2,0.839,1,dense_v1
1131,469,3,0.78,1,hybrid_v2
1131,450,4,0.661,1,dense_v1
1131,488,5,0.463,0,dense_v1
1132,144,1,0.908,0,dense_v1
1132,388,2,0.902,1,dense_v1
1132,118,3,0.939,1,dense_v1
1132,428,4,0.744,0,hybrid_v2
1132,450,5,0.439,0,dense_v1
1133,449,1,0.448,1,dense_v1
1133,330,2,0.877,1,dense_v1
1133,259,3,0.796,1,hybrid_v2
1133,464,4,0.677,1,hybrid_v2
1133,92,5,0.556,0,dense_v1
1134,365,1,0.889,1,hybrid_v2
1134,387,2,0.725,1,dense_v1
1134,384,3,0.402,0,dense_v1
1134,92,4,0.848,1,hybrid_v2
1134,90,5,0.655,1,hybrid_v2
1135,179,1,0.443,1,hybrid_v2
1135,401,2,0.395,1,dense_v1
1135,485,3,0.93,1,hybrid_v2
1135,158,4,0.606,1,hybrid_v2
1135,340,5,0.914,1,hybrid_v2
1136,88,1,0.699,1,hybrid_v2
1136,441,2,0.421,0,dense_v1
1136,464,3,0.545,0,dense_v1
1136,127,4,0.391,0,hybrid_v2
1136,215,5,0.627,1,hybrid_v2
1137,408,1,0.937,1,dense_v1
1137,122,2,0.386,1,dense_v1
1137,329,3,0.567,0,dense_v1
1137,4,4,0.809,0,hybrid_v2
1137,461,5,0.679,0,dense_v1
1138,132,1,0.352,1,hybrid_v2
1138,176,2,0.877,1,hybrid_v2
1138,132,3,0.631,1,hybrid_v2
1138,278,4,0.558,1,dense_v1
1138,216,5,0.803,0,hybrid_v2
1139,360,1,0.665,1,hybrid_v2
1139,12,2,0.791,1,dense_v1
1139,229,3,0.442,0,hybrid_v2
1139,115,4,0.769,0,hybrid_v2
1139,282,5,0.435,0,hybrid_v2
1140,409,1,0.818,1,hybrid_v2
1140,93,2,0.85,1,dense_v1
1140,109,3,0.484,0,dense_v1
1140,123,4,0.434,0,dense_v1
1140,23,5,0.953,0,hybrid_v2
1141,115,1,0.491,1,dense_v1
1141,187,2,0.945,0,hybrid_v2
1141,46,3,0.667,0,dense_v1
1141,44,4,0.436,1,dense_v1
1141,389,5,0.791,0,hybrid_v2
1142,493,1,0.644,1,dense_v1
1142,214,2,0.512,1,dense_v1
1142,305,3,0.799,1,dense_v1
1142,230,4,0.572,0,hybrid_v2
1142,336,5,0.674,0,hybrid_v2
1143,385,1,0.848,1,hybrid_v2
1143,347,2,0.394,0,hybrid_v2
1143,317,3,0.858,0,dense_v1
1143,160,4,0.541,1,dense_v1
1143,482,5,0.579,1,hybrid_v2
1144,205,1,0.702,0,hybrid_v2
1144,1,2,0.598,1,hybrid_v2
1144,24,3,0.905,1,hybrid_v2
1144,185,4,0.36,1,hybrid_v2
1144,108,5,0.898,0,hybrid_v2
1145,295,1,0.932,1,hybrid_v2
1145,444,2,0.915,1,dense_v1
1145,436,3,0.719,0,dense_v1
1145,173,4,0.948,1,dense_v1
1145,156,5,0.444,0,dense_v1
1146,41,1,0.448,1,dense_v1
1146,25,2,0.464,1,hybrid_v2
1146,57,3,0.976,1,dense_v1
1146,407,4,0.64,1,dense_v1
1146,210,5,0.623,0,dense_v1
1147,110,1,0.704,1,hybrid_v2
1147,399,2,0.79,1,hybrid_v2
1147,47,3,0.962,0,hybrid_v2
1147,11,4,0.892,1,hybrid_v2
1147,117,5,0.91,0,hybrid_v2
1148,284,1,0.619,1,dense_v1
1148,50,2,0.933,1,hybrid_v2
1148,278,3,0.875,1,dense_v1
1148,57,4,0.421,0,hybrid_v2
1148,29,5,0.707,0,hybrid_v2
1149,311,1,0.528,1,dense_v1
1149,201,2,0.853,0,dense_v1
1149,257,3,0.903,0,dense_v1
1149,353,4,0.859,1,dense_v1
1149,30,5,0.899,1,dense_v1
1150,414,1,0.67,0,dense_v1
1150,250,2,0.57,0,dense_v1
1150,493,3,0.559,1,dense_v1
1150,94,4,0.804,0,dense_v1
1150,405,5,0.514,1,hybrid_v2
1151,332,1,0.759,1,dense_v1
1151,422,2,0.585,0,hybrid_v2
1151,220,3,0.819,0,hybrid_v2
1151,358,4,0.379,0,dense_v1
1151,58,5,0.624,0,dense_v1
1152,227,1,0.536,1,hybrid_v2
1152,309,2,0.935,1,dense_v1
1152,269,3,0.36,1,dense_v1
1152,79,4,0.737,0,dense_v1
1152,417,5,0.812,1,dense_v1
1153,81,1,0.536,0,dense_v1
1153,221,2,0.692,1,hybrid_v2
1153,390,3,0.712,0,dense_v1
1153,118,4,0.814,0,hybrid_v2
1153,64,5,0.84,0,hybrid_v2
1154,334,1,0.922,1,dense_v1
1154,105,2,0.969,0,dense_v1
1154,362,3,0.522,0,hybrid_v2
1154,140,4,0.809,0,hybrid_v2
1154,75,5,0.698,0,dense_v1
1155,286,1,0.718,1,hybrid_v2
1155,345,2,0.696,0,hybrid_v2
1155,4,3,0.586,0,hybrid_v2
1155,486,4,0.843,1,hybrid_v2
1155,281,5,0.359,1,dense_v1
1156,378,1,0.706,0,dense_v1
1156,468,2,0.624,0,dense_v1
1156,224,3,0.944,1,hybrid_v2
1156,40,4,0.979,1,dense_v1
1156,316,5,0.413,0,hybrid_v2
1157,485,1,0.589,1,dense_v1
1157,247,2,0.974,0,hybrid_v2
1157,32,3,0.407,0,hybrid_v2
1157,216,4,0.475,0,dense_v1
1157,204,5,0.46,0,dense_v1
1158,274,1,0.831,0,dense_v1
1158,128,2,0.4,1,dense_v1
1158,197,3,0.411,1,hybrid_v2
1158,391,4,0.85,0,dense_v1
1158,434,5,0.888,0,dense_v1
1159,486,1,0.372,1,dense_v1
1159,358,2,0.399,0,hybrid_v2
1159,122,3,0.396,0,dense_v1
1159,21,4,0.387,0,hybrid_v2
1159,119,5,0.369,0,hybrid_v2
1160,108,1,0.366,1,dense_v1
1160,129,2,0.772,1,hybrid_v2
1160,493,3,0.686,1,hybrid_v2
1160,204,4,0.893,0,dense_v1
1160,147,5,0.795,1,dense_v1
1161,281,1,0.564,1,dense_v1
1161,297,2,0.965,1,dense_v1
1161,492,3,0.603,0,hybrid_v2
1161,273,4,0.621,1,hybrid_v2
1161,108,5,0.793,0,dense_v1
1162,151,1,0.812,1,hybrid_v2
1162,58,2,0.489,1,hybrid_v2
1162,265,3,0.395,1,dense_v1
1162,240,4,0.975,0,hybrid_v2
1162,453,5,0.959,0,dense_v1
1163,157,1,0.925,1,dense_v1
1163,15,2,0.729,1,dense_v1
1163,181,3,0.561,1,hybrid_v2
1163,307,4,0.708,1,dense_v1
1163,496,5,0.497,0,dense_v1
1164,433,1,0.659,0,hybrid_v2
1164,104,2,0.355,0,hybrid_v2
1164,263,3,0.755,0,dense_v1
1164,243,4,0.782,0,hybrid_v2
1164,103,5,0.363,0,dense_v1
1165,300,1,0.664,1,hybrid_v2
1165,326,2,0.765,1,dense_v1
1165,9,3,0.488,0,dense_v1
1165,353,4,0.955,1,dense_v1
1165,499,5,0.373,0,dense_v1
1166,321,1,0.376,1,dense_v1
1166,377,2,0.481,1,dense_v1
1166,480,3,0.875,1,hybrid_v2
1166,21,4,0.644,0,dense_v1
1166,450,5,0.455,0,dense_v1
1167,281,1,0.711,0,hybrid_v2
1167,23,2,0.654,1,hybrid_v2
1167,282,3,0.661,1,dense_v1
1167,288,4,0.547,0,hybrid_v2
1167,115,5,0.908,1,hybrid_v2
1168,181,1,0.441,1,dense_v1
1168,176,2,0.502,1,hybrid_v2
1168,97,3,0.605,0,dense_v1
1168,461,4,0.43,0,hybrid_v2
1168,30,5,0.9,0,hybrid_v2
1169,83,1,0.473,1,hybrid_v2
1169,298,2,0.848,1,hybrid_v2
1169,478,3,0.406,1,hybrid_v2
1169,331,4,0.52,0,dense_v1
1169,238,5,0.439,0,dense_v1
1170,8,1,0.689,0,hybrid_v2
1170,377,2,0.736,0,dense_v1
1170,477,3,0.367,0,dense_v1
1170,408,4,0.841,1,dense_v1
1170,177,5,0.835,0,hybrid_v2
1171,475,1,0.459,1,dense_v1
1171,445,2,0.714,1,dense_v1
1171,43,3,0.604,1,dense_v1
1171,208,4,0.373,1,dense_v1
1171,408,5,0.356,0,dense_v1
1172,161,1,0.537,1,dense_v1
1172,316,2,0.904,1,dense_v1
1172,431,3,0.777,1,dense_v1
1172,3,4,0.5,1,hybrid_v2
1172,338,5,0.783,0,hybrid_v2
1173,110,1,0.496,0,hybrid_v2
1173,476,2,0.874,1,hybrid_v2
1173,113,3,0.731,0,dense_v1
1173,111,4,0.857,0,hybrid_v2
1173,111,5,0.773,1,hybrid_v2
1174,350,1,0.689,1,hybrid_v2
1174,61,2,0.54,1,hybrid_v2
1174,426,3,0.598,1,dense_v1
1174,486,4,0.694,1,hybrid_v2
1174,30,5,0.723,0,dense_v1
1175,295,1,0.878,1,hybrid_v2
1175,375,2,0.359,0,dense_v1
1175,330,3,0.677,0,dense_v1
1175,52,4,0.937,0,hybrid_v2
1175,142,5,0.954,0,hybrid_v2
1176,475,1,0.473,1,dense_v1
1176,290,2,0.662,1,dense_v1
1176,392,3,0.666,1,hybrid_v2
1176,319,4,0.764,1,hybrid_v2
1176,205,5,0.826,0,dense_v1
1177,95,1,0.916,1,dense_v1
1177,283,2,0.909,0,hybrid_v2
1177,111,3,0.608,1,hybrid_v2
1177,167,4,0.524,0,hybrid_v2
1177,265,5,0.866,1,hybrid_v2
1178,202,1,0.42,0,hybrid_v2
1178,437,2,0.628,0,hybrid_v2
1178,345,3,0.891,1,hybrid_v2
1178,435,4,0.591,0,dense_v1
1178,421,5,0.846,1,hybrid_v2
1179,177,1,0.551,1,hybrid_v2
1179,440,2,0.571,1,dense_v1
1179,286,3,0.813,1,hybrid_v2
1179,302,4,0.91,1,dense_v1
1179,361,5,0.672,0,hybrid_v2
1180,161,1,0.695,0,dense_v1
1180,257,2,0.843,1,hybrid_v2
1180,130,3,0.921,1,dense_v1
1180,291,4,0.644,0,hybrid_v2
1180,342,5,0.411,0,hybrid_v2
1181,428,1,0.606,1,hybrid_v2
1181,456,2,0.458,1,hybrid_v2
1181,442,3,0.55,0,dense_v1
1181,383,4,0.592,1,dense_v1
1181,378,5,0.811,0,dense_v1
1182,118,1,0.745,1,dense_v1
1182,369,2,0.521,1,dense_v1
1182,226,3,0.855,1,hybrid_v2
1182,70,4,0.508,1,dense_v1
1182,16,5,0.901,0,dense_v1
1183,60,1,0.633,0,hybrid_v2
1183,316,2,0.939,1,dense_v1
1183,62,3,0.831,0,hybrid_v2
1183,252,4,0.908,1,hybrid_v2
1183,124,5,0.519,0,hybrid_v2
1184,406,1,0.372,0,hybrid_v2
1184,259,2,0.851,1,dense_v1
1184,79,3,0.683,0,hybrid_v2
1184,227,4,0.45,0,dense_v1
1184,442,5,0.818,1,dense_v1
1185,282,1,0.571,1,dense_v1
1185,247,2,0.599,1,hybrid_v2
1185,109,3,0.975,1,dense_v1
1185,166,4,0.685,1,hybrid_v2
1185,130,5,0.762,0,dense_v1
1186,165,1,0.575,0,hybrid_v2
1186,317,2,0.377,0,dense_v1
1186,496,3,0.378,0,dense_v1
1186,72,4,0.477,0,dense_v1
1186,300,5,0.77,0,hybrid_v2
1187,254,1,0.46,0,hybrid_v2
1187,247,2,0.53,0,dense_v1
1187,91,3,0.806,0,dense_v1
1187,457,4,0.966,0,hybrid_v2
1187,6,5,0.687,1,dense_v1
1188,447,1,0.974,1,dense_v1
1188,394,2,0.656,1,dense_v1
1188,296,3,0.888,1,hybrid_v2
1188,438,4,0.938,0,dense_v1
1188,325,5,0.975,0,hybrid_v2
1189,47,1,0.788,1,hybrid_v2
1189,485,2,0.362,0,hybrid_v2
1189,147,3,0.584,0,dense_v1
1189,421,4,0.605,0,dense_v1
1189,236,5,0.612,1,hybrid_v2
1190,458,1,0.371,1,hybrid_v2
1190,66,2,0.421,1,hybrid_v2
1190,496,3,0.412,0,dense_v1
1190,443,4,0.945,1,dense_v1
1190,310,5,0.461,0,dense_v1
1191,397,1,0.91,1,dense_v1
1191,338,2,0.393,0,dense_v1
1191,285,3,0.853,0,hybrid_v2
1191,102,4,0.55,1,dense_v1
1191,230,5,0.533,1,hybrid_v2
1192,483,1,0.806,1,dense_v1
1192,325,2,0.667,1,hybrid_v2
1192,294,3,0.911,1,hybrid_v2
1192,66,4,0.756,1,hybrid_v2
1192,198,5,0.579,0,dense_v1
1193,405,1,0.525,0,hybrid_v2
1193,403,2,0.741,0,dense_v1
1193,321,3,0.695,1,dense_v1
1193,482,4,0.358,0,dense_v1
1193,337,5,0.771,0,dense_v1
1194,373,1,0.494,0,hybrid_v2
1194,341,2,0.399,0,dense_v1
1194,166,3,0.815,0,dense_v1
1194,64,4,0.968,0,dense_v1
1194,234,5,0.724,0,dense_v1
1195,73,1,0.943,0,hybrid_v2
1195,104,2,0.432,0,hybrid_v2
1195,120,3,0.963,0,hybrid_v2
1195,184,4,0.487,0,dense_v1
1195,349,5,0.51,0,dense_v1
1196,260,1,0.626,0,hybrid_v2
1196,228,2,0.462,1,hybrid_v2
1196,396,3,0.433,0,dense_v1
1196,472,4,0.512,1,hybrid_v2
1196,230,5,0.541,0,hybrid_v2
1197,265,1,0.625,0,dense_v1
1197,155,2,0.909,1,dense_v1
1197,62,3,0.725,0,hybrid_v2
1197,485,4,0.767,0,dense_v1
1197,67,5,0.826,0,hybrid_v2
1198,295,1,0.533,1,hybrid_v2
1198,288,2,0.762,1,hybrid_v2
1198,40,3,0.959,0,hybrid_v2
1198,421,4,0.496,0,dense_v1
1198,367,5,0.979,0,dense_v1
1199,146,1,0.892,1,dense_v1
1199,71,2,0.935,1,dense_v1
1199,263,3,0.409,1,dense_v1
1199,215,4,0.81,1,hybrid_v2
1199,475,5,0.769,0,dense_v1
1200,312,1,0.512,1,dense_v1
1200,354,2,0.67,0,dense_v1
1200,370,3,0.379,1,hybrid_v2
1200,205,4,0.895,0,hybrid_v2
1200,393,5,0.571,1,hybrid_v2
