ticket_id,model_version,escalation_score,predicted_escalation,true_escalation_need
1,triage_v1,0.3067,0,0
2,triage_v1,0.3324,0,0
3,triage_v2,0.0189,0,0
4,triage_v1,0.741,1,1
5,triage_v2,0.747,1,1
6,triage_v2,0.0668,0,0
7,triage_v1,0.5008,1,0
8,triage_v1,0.1373,0,0
9,triage_v2,0.1134,0,0
10,triage_v1,0.01,0,0
11,triage_v2,0.1996,0,0
12,triage_v2,0.1996,0,0
13,triage_v2,0.3561,0,0
14,triage_v1,0.2094,0,0
15,triage_v1,0.5141,1,0
16,triage_v2,0.0433,0,0
17,triage_v1,0.1453,0,0
18,triage_v1,0.1025,0,0
19,triage_v2,0.3664,0,1
20,triage_v2,0.5442,1,0
21,triage_v2,0.2417,0,0
22,triage_v2,0.2375,0,0
23,triage_v2,0.2138,0,0
24,triage_v2,0.1918,0,0
25,triage_v1,0.01,0,0
26,triage_v2,0.861,1,1
27,triage_v2,0.4109,0,0
28,triage_v1,0.3203,0,0
29,triage_v1,0.2194,0,0
30,triage_v1,0.3965,0,0
31,triage_v2,0.2675,0,0
32,triage_v2,0.1372,0,0
33,triage_v2,0.6753,1,1
34,triage_v1,0.01,0,0
35,triage_v2,0.3377,0,0
36,triage_v2,0.371,0,0
37,triage_v2,0.3878,0,0
38,triage_v2,0.2958,0,0
39,triage_v1,0.2282,0,0
40,triage_v2,0.1103,0,0
41,triage_v2,0.0381,0,0
42,triage_v1,0.0893,0,0
43,triage_v1,0.4941,0,1
44,triage_v2,0.2097,0,0
45,triage_v1,0.0769,0,0
46,triage_v1,0.2714,0,0
47,triage_v1,0.0747,0,0
48,triage_v2,0.4782,0,0
49,triage_v1,0.1861,0,0
50,triage_v2,0.2561,0,0
51,triage_v1,0.01,0,0
52,triage_v2,0.3276,0,0
53,triage_v1,0.1991,0,0
54,triage_v2,0.1319,0,0
55,triage_v2,0.1485,0,0
56,triage_v1,0.5522,1,0
57,triage_v1,0.1379,0,0
58,triage_v1,0.2058,0,0
59,triage_v1,0.2407,0,0
60,triage_v2,0.3852,0,0
61,triage_v1,0.1072,0,0
62,triage_v2,0.283,0,0
63,triage_v2,0.4145,0,0
64,triage_v1,0.2667,0,0
65,triage_v1,0.5703,1,0
66,triage_v1,0.3288,0,0
67,triage_v2,0.1127,0,0
68,triage_v2,0.01,0,0
69,triage_v2,0.273,0,0
70,triage_v2,0.1065,0,0
71,triage_v2,0.338,0,1
72,triage_v1,0.2506,0,0
73,triage_v1,0.1993,0,0
74,triage_v2,0.0759,0,0
75,triage_v1,0.1715,0,0
76,triage_v1,0.01,0,0
77,triage_v2,0.1778,0,0
78,triage_v1,0.448,0,0
79,triage_v2,0.8033,1,0
80,triage_v1,0.2489,0,0
81,triage_v2,0.5284,1,0
82,triage_v1,0.01,0,0
83,triage_v2,0.6478,1,1
84,triage_v1,0.6595,1,1
85,triage_v2,0.01,0,0
86,triage_v2,0.2098,0,0
87,triage_v2,0.0879,0,0
88,triage_v1,0.3648,0,0
89,triage_v1,0.2243,0,0
90,triage_v2,0.4381,0,1
91,triage_v2,0.1802,0,0
92,triage_v1,0.4274,0,0
93,triage_v1,0.0984,0,0
94,triage_v2,0.01,0,0
95,triage_v1,0.722,1,1
96,triage_v1,0.1843,0,0
97,triage_v2,0.4011,0,0
98,triage_v1,0.2459,0,0
99,triage_v1,0.3143,0,0
100,triage_v1,0.1936,0,0
101,triage_v2,0.5588,1,0
102,triage_v2,0.039,0,0
103,triage_v2,0.2519,0,0
104,triage_v1,0.0453,0,0
105,triage_v2,0.2669,0,0
106,triage_v2,0.01,0,0
107,triage_v2,0.2197,0,0
108,triage_v1,0.2829,0,0
109,triage_v2,0.99,1,1
110,triage_v1,0.01,0,0
111,triage_v1,0.1876,0,0
112,triage_v1,0.7337,1,1
113,triage_v1,0.0504,0,0
114,triage_v1,0.1246,0,0
115,triage_v1,0.2656,0,0
116,triage_v1,0.1719,0,0
117,triage_v1,0.1996,0,0
118,triage_v1,0.6899,1,1
119,triage_v2,0.3564,0,0
120,triage_v2,0.2577,0,0
121,triage_v2,0.2479,0,0
122,triage_v2,0.6307,1,1
123,triage_v1,0.3092,0,0
124,triage_v1,0.1497,0,0
125,triage_v1,0.01,0,0
126,triage_v2,0.732,1,1
127,triage_v1,0.4168,0,0
128,triage_v1,0.7339,1,1
129,triage_v2,0.01,0,0
130,triage_v2,0.5631,1,0
131,triage_v1,0.269,0,0
132,triage_v1,0.4542,0,1
133,triage_v2,0.2715,0,0
134,triage_v1,0.7742,1,1
135,triage_v2,0.4927,0,0
136,triage_v2,0.3213,0,0
137,triage_v1,0.0487,0,0
138,triage_v1,0.01,0,0
139,triage_v1,0.3772,0,0
140,triage_v1,0.2309,0,0
141,triage_v1,0.1941,0,0
142,triage_v2,0.7002,1,1
143,triage_v1,0.3926,0,0
144,triage_v2,0.01,0,0
145,triage_v1,0.1215,0,0
146,triage_v2,0.0784,0,0
147,triage_v1,0.99,1,1
148,triage_v2,0.3402,0,0
149,triage_v1,0.1261,0,0
150,triage_v2,0.1544,0,0
151,triage_v1,0.2728,0,0
152,triage_v1,0.2532,0,0
153,triage_v1,0.5329,1,0
154,triage_v2,0.3206,0,0
155,triage_v2,0.7348,1,0
156,triage_v2,0.6596,1,1
157,triage_v2,0.1621,0,0
158,triage_v1,0.2868,0,0
159,triage_v1,0.7143,1,1
160,triage_v1,0.1755,0,0
161,triage_v2,0.3888,0,0
162,triage_v1,0.0178,0,0
163,triage_v2,0.8077,1,1
164,triage_v1,0.3453,0,0
165,triage_v1,0.3229,0,0
166,triage_v1,0.2629,0,0
167,triage_v1,0.1621,0,0
168,triage_v2,0.3026,0,0
169,triage_v1,0.4335,0,0
170,triage_v1,0.2552,0,0
171,triage_v2,0.6316,1,1
172,triage_v2,0.5425,1,0
173,triage_v1,0.99,1,1
174,triage_v1,0.3575,0,0
175,triage_v2,0.01,0,0
176,triage_v2,0.2468,0,0
177,triage_v2,0.4617,0,0
178,triage_v1,0.3365,0,0
179,triage_v2,0.0354,0,0
180,triage_v2,0.1398,0,0
181,triage_v2,0.3157,0,0
182,triage_v1,0.2173,0,0
183,triage_v2,0.4118,0,0
184,triage_v2,0.2021,0,0
185,triage_v2,0.1951,0,0
186,triage_v2,0.2194,0,0
187,triage_v2,0.3144,0,0
188,triage_v2,0.1529,0,0
189,triage_v2,0.2143,0,0
190,triage_v2,0.6036,1,1
191,triage_v2,0.4014,0,0
192,triage_v1,0.224,0,0
193,triage_v1,0.2406,0,0
194,triage_v2,0.2774,0,0
195,triage_v2,0.2423,0,0
196,triage_v1,0.7618,1,1
197,triage_v2,0.1338,0,0
198,triage_v1,0.3288,0,0
199,triage_v2,0.0393,0,0
200,triage_v2,0.2925,0,0
201,triage_v1,0.01,0,0
202,triage_v1,0.0481,0,0
203,triage_v1,0.1134,0,0
204,triage_v2,0.0909,0,0
205,triage_v2,0.1534,0,0
206,triage_v1,0.5521,1,0
207,triage_v1,0.1324,0,0
208,triage_v2,0.208,0,0
209,triage_v2,0.2154,0,0
210,triage_v1,0.01,0,0
211,triage_v2,0.2892,0,1
212,triage_v2,0.664,1,0
213,triage_v2,0.1573,0,0
214,triage_v1,0.13,0,0
215,triage_v1,0.496,0,0
216,triage_v1,0.3417,0,0
217,triage_v2,0.2558,0,0
218,triage_v1,0.0652,0,0
219,triage_v1,0.526,1,1
220,triage_v1,0.01,0,0
221,triage_v1,0.1671,0,0
222,triage_v2,0.833,1,1
223,triage_v1,0.351,0,0
224,triage_v1,0.01,0,0
225,triage_v1,0.2683,0,0
226,triage_v1,0.1757,0,0
227,triage_v2,0.2962,0,0
228,triage_v1,0.0281,0,0
229,triage_v2,0.3019,0,0
230,triage_v2,0.3954,0,0
231,triage_v1,0.255,0,0
232,triage_v2,0.2881,0,0
233,triage_v2,0.2912,0,0
234,triage_v1,0.0781,0,0
235,triage_v2,0.2345,0,0
236,triage_v1,0.343,0,0
237,triage_v1,0.3439,0,0
238,triage_v1,0.6397,1,0
239,triage_v1,0.0416,0,0
240,triage_v1,0.3632,0,0
241,triage_v1,0.2021,0,0
242,triage_v1,0.4069,0,0
243,triage_v2,0.2548,0,0
244,triage_v1,0.373,0,0
245,triage_v1,0.01,0,0
246,triage_v1,0.4513,0,0
247,triage_v1,0.0864,0,0
248,triage_v2,0.01,0,0
249,triage_v1,0.2935,0,0
250,triage_v1,0.8398,1,0
251,triage_v2,0.8568,1,1
252,triage_v2,0.2086,0,0
253,triage_v2,0.2355,0,0
254,triage_v2,0.2768,0,0
255,triage_v1,0.4362,0,0
256,triage_v1,0.6676,1,1
257,triage_v1,0.3143,0,0
258,triage_v1,0.6736,1,1
259,triage_v1,0.1627,0,0
260,triage_v2,0.5105,1,0
261,triage_v2,0.01,0,0
262,triage_v1,0.0169,0,0
263,triage_v1,0.4185,0,0
264,triage_v2,0.1052,0,0
265,triage_v1,0.1966,0,0
266,triage_v2,0.1111,0,0
267,triage_v2,0.3342,0,0
268,triage_v2,0.0118,0,0
269,triage_v2,0.3278,0,0
270,triage_v1,0.1078,0,0
271,triage_v1,0.01,0,0
272,triage_v2,0.1963,0,0
273,triage_v2,0.3213,0,0
274,triage_v2,0.3374,0,0
275,triage_v2,0.01,0,0
276,triage_v2,0.2969,0,0
277,triage_v2,0.3824,0,0
278,triage_v2,0.1991,0,0
279,triage_v1,0.1668,0,0
280,triage_v1,0.2822,0,0
281,triage_v1,0.2906,0,0
282,triage_v2,0.2443,0,0
283,triage_v2,0.2155,0,0
284,triage_v1,0.3984,0,0
285,triage_v1,0.124,0,0
286,triage_v2,0.01,0,0
287,triage_v1,0.1339,0,0
288,triage_v1,0.3468,0,0
289,triage_v2,0.4287,0,0
290,triage_v1,0.4285,0,0
291,triage_v1,0.01,0,0
292,triage_v2,0.0963,0,0
293,triage_v2,0.3825,0,0
294,triage_v1,0.366,0,0
295,triage_v1,0.1836,0,0
296,triage_v1,0.512,1,1
297,triage_v1,0.2549,0,0
298,triage_v2,0.01,0,0
299,triage_v2,0.2485,0,0
300,triage_v1,0.2861,0,0
301,triage_v2,0.5669,1,0
302,triage_v2,0.1941,0,0
303,triage_v2,0.6141,1,1
304,triage_v2,0.2812,0,0
305,triage_v2,0.2587,0,0
306,triage_v2,0.5238,1,1
307,triage_v2,0.4675,0,0
308,triage_v2,0.1992,0,0
309,triage_v1,0.5224,1,1
310,triage_v2,0.2045,0,0
311,triage_v1,0.2674,0,0
312,triage_v1,0.2497,0,0
313,triage_v2,0.5962,1,1
314,triage_v2,0.5066,1,0
315,triage_v2,0.0967,0,0
316,triage_v1,0.1358,0,0
317,triage_v1,0.01,0,0
318,triage_v2,0.1473,0,0
319,triage_v1,0.029,0,0
320,triage_v1,0.1577,0,0
321,triage_v2,0.1182,0,0
322,triage_v1,0.2534,0,0
323,triage_v2,0.2562,0,0
324,triage_v1,0.2549,0,0
325,triage_v2,0.1825,0,0
326,triage_v2,0.1195,0,0
327,triage_v2,0.2421,0,0
328,triage_v1,0.4822,0,0
329,triage_v2,0.1114,0,0
330,triage_v2,0.5974,1,1
331,triage_v2,0.01,0,0
332,triage_v2,0.0272,0,0
333,triage_v2,0.01,0,0
334,triage_v2,0.2346,0,0
335,triage_v1,0.2874,0,0
336,triage_v2,0.2597,0,0
337,triage_v2,0.2531,0,0
338,triage_v2,0.2118,0,0
339,triage_v1,0.0846,0,0
340,triage_v1,0.3801,0,0
341,triage_v1,0.3516,0,0
342,triage_v1,0.1475,0,0
343,triage_v1,0.6343,1,0
344,triage_v2,0.4468,0,0
345,triage_v2,0.4412,0,0
346,triage_v2,0.1015,0,0
347,triage_v1,0.3464,0,0
348,triage_v2,0.0968,0,0
349,triage_v1,0.01,0,0
350,triage_v1,0.1607,0,0
351,triage_v1,0.01,0,0
352,triage_v1,0.4496,0,1
353,triage_v2,0.7397,1,0
354,triage_v1,0.2293,0,0
355,triage_v2,0.2311,0,0
356,triage_v1,0.4142,0,0
357,triage_v1,0.6024,1,1
358,triage_v2,0.2716,0,0
359,triage_v2,0.203,0,0
360,triage_v2,0.3073,0,0
361,triage_v2,0.01,0,0
362,triage_v1,0.3866,0,0
363,triage_v1,0.27,0,0
364,triage_v2,0.2954,0,0
365,triage_v2,0.01,0,0
366,triage_v1,0.1815,0,0
367,triage_v2,0.32,0,0
368,triage_v2,0.01,0,0
369,triage_v2,0.1385,0,0
370,triage_v1,0.5093,1,0
371,triage_v1,0.3056,0,0
372,triage_v1,0.3732,0,0
373,triage_v1,0.0664,0,0
374,triage_v1,0.01,0,0
375,triage_v1,0.1876,0,0
376,triage_v1,0.2394,0,0
377,triage_v1,0.2337,0,0
378,triage_v1,0.3488,0,0
379,triage_v1,0.1962,0,0
380,triage_v2,0.2165,0,0
381,triage_v2,0.6473,1,1
382,triage_v2,0.1525,0,0
383,triage_v2,0.3709,0,0
384,triage_v1,0.4963,0,0
385,triage_v2,0.3744,0,0
386,triage_v1,0.1246,0,0
387,triage_v2,0.5167,1,0
388,triage_v1,0.1388,0,0
389,triage_v2,0.2557,0,0
390,triage_v2,0.01,0,0
391,triage_v2,0.0946,0,0
392,triage_v2,0.0709,0,0
393,triage_v2,0.0641,0,0
394,triage_v1,0.2797,0,0
395,triage_v1,0.1249,0,0
396,triage_v2,0.2335,0,0
397,triage_v2,0.4408,0,0
398,triage_v2,0.2863,0,0
399,triage_v1,0.01,0,0
400,triage_v2,0.0296,0,0
401,triage_v1,0.0395,0,0
402,triage_v1,0.0418,0,0
403,triage_v2,0.0722,0,0
404,triage_v2,0.5185,1,0
405,triage_v2,0.3945,0,0
406,triage_v1,0.2956,0,0
407,triage_v1,0.5389,1,1
408,triage_v1,0.01,0,0
409,triage_v2,0.1059,0,0
410,triage_v1,0.351,0,0
411,triage_v2,0.0883,0,0
412,triage_v1,0.3262,0,0
413,triage_v1,0.3029,0,0
414,triage_v2,0.3287,0,0
415,triage_v2,0.4638,0,0
416,triage_v2,0.2051,0,0
417,triage_v2,0.2575,0,0
418,triage_v2,0.01,0,0
419,triage_v1,0.282,0,0
420,triage_v2,0.324,0,0
421,triage_v1,0.8168,1,1
422,triage_v1,0.3329,0,0
423,triage_v1,0.01,0,0
424,triage_v1,0.0544,0,0
425,triage_v1,0.2599,0,0
426,triage_v2,0.2437,0,0
427,triage_v1,0.033,0,0
428,triage_v2,0.2912,0,0
429,triage_v2,0.1696,0,0
430,triage_v1,0.2152,0,0
431,triage_v1,0.236,0,0
432,triage_v1,0.8178,1,1
433,triage_v2,0.2386,0,0
434,triage_v1,0.3386,0,0
435,triage_v2,0.4583,0,0
436,triage_v1,0.3284,0,0
437,triage_v2,0.2684,0,0
438,triage_v2,0.0661,0,0
439,triage_v2,0.4236,0,0
440,triage_v1,0.01,0,0
441,triage_v2,0.5849,1,1
442,triage_v1,0.1016,0,0
443,triage_v1,0.3893,0,0
444,triage_v1,0.1062,0,0
445,triage_v1,0.01,0,0
446,triage_v1,0.4867,0,0
447,triage_v2,0.1021,0,0
448,triage_v1,0.01,0,0
449,triage_v2,0.6774,1,1
450,triage_v1,0.1005,0,0
451,triage_v1,0.829,1,1
452,triage_v2,0.3079,0,0
453,triage_v1,0.2245,0,0
454,triage_v2,0.01,0,0
455,triage_v1,0.3244,0,0
456,triage_v1,0.3248,0,0
457,triage_v1,0.01,0,0
458,triage_v1,0.283,0,0
459,triage_v1,0.4264,0,0
460,triage_v1,0.1017,0,0
461,triage_v2,0.1458,0,0
462,triage_v2,0.3985,0,0
463,triage_v2,0.0788,0,0
464,triage_v2,0.5847,1,1
465,triage_v1,0.3748,0,0
466,triage_v2,0.2882,0,0
467,triage_v2,0.5301,1,0
468,triage_v2,0.01,0,0
469,triage_v1,0.2879,0,0
470,triage_v1,0.0743,0,0
471,triage_v1,0.3993,0,0
472,triage_v2,0.2848,0,0
473,triage_v2,0.1447,0,0
474,triage_v2,0.602,1,1
475,triage_v2,0.0953,0,0
476,triage_v1,0.4013,0,0
477,triage_v1,0.01,0,0
478,triage_v1,0.8958,1,1
479,triage_v1,0.0551,0,0
480,triage_v2,0.3595,0,0
481,triage_v2,0.6784,1,0
482,triage_v1,0.7639,1,1
483,triage_v2,0.01,0,0
484,triage_v2,0.6771,1,0
485,triage_v1,0.2316,0,1
486,triage_v2,0.2164,0,0
487,triage_v1,0.99,1,1
488,triage_v2,0.0962,0,0
489,triage_v2,0.057,0,0
490,triage_v1,0.0821,0,0
491,triage_v2,0.3972,0,0
492,triage_v2,0.8073,1,1
493,triage_v1,0.1668,0,0
494,triage_v2,0.01,0,0
495,triage_v1,0.3283,0,0
496,triage_v1,0.4202,0,1
497,triage_v1,0.2175,0,0
498,triage_v2,0.2442,0,0
499,triage_v1,0.1957,0,0
500,triage_v2,0.2329,0,0
501,triage_v1,0.129,0,0
502,triage_v2,0.0887,0,0
503,triage_v1,0.3312,0,0
504,triage_v1,0.1983,0,0
505,triage_v1,0.0261,0,0
506,triage_v1,0.3954,0,0
507,triage_v2,0.0925,0,0
508,triage_v1,0.3901,0,0
509,triage_v2,0.401,0,0
510,triage_v2,0.2537,0,0
511,triage_v2,0.4803,0,0
512,triage_v1,0.0844,0,0
513,triage_v2,0.4596,0,0
514,triage_v2,0.4351,0,1
515,triage_v2,0.7757,1,1
516,triage_v2,0.6231,1,1
517,triage_v1,0.289,0,0
518,triage_v2,0.01,0,0
519,triage_v2,0.0791,0,0
520,triage_v1,0.01,0,0
521,triage_v2,0.1494,0,0
522,triage_v1,0.01,0,0
523,triage_v1,0.5575,1,1
524,triage_v2,0.01,0,0
525,triage_v2,0.01,0,0
526,triage_v1,0.2189,0,0
527,triage_v2,0.1944,0,0
528,triage_v1,0.1088,0,0
529,triage_v1,0.5158,1,0
530,triage_v2,0.1918,0,0
531,triage_v2,0.207,0,0
532,triage_v2,0.542,1,0
533,triage_v1,0.0559,0,0
534,triage_v1,0.3886,0,0
535,triage_v2,0.6511,1,1
536,triage_v1,0.4561,0,0
537,triage_v2,0.1708,0,0
538,triage_v2,0.1723,0,0
539,triage_v1,0.3366,0,0
540,triage_v2,0.3068,0,0
541,triage_v1,0.4669,0,0
542,triage_v1,0.0732,0,0
543,triage_v1,0.3384,0,0
544,triage_v2,0.6345,1,0
545,triage_v1,0.1609,0,0
546,triage_v2,0.01,0,0
547,triage_v1,0.872,1,1
548,triage_v2,0.01,0,0
549,triage_v1,0.1564,0,0
550,triage_v2,0.0816,0,0
551,triage_v1,0.2948,0,0
552,triage_v1,0.2284,0,0
553,triage_v1,0.2036,0,0
554,triage_v2,0.01,0,0
555,triage_v2,0.5624,1,0
556,triage_v2,0.6829,1,1
557,triage_v2,0.3447,0,0
558,triage_v2,0.5186,1,0
559,triage_v1,0.0628,0,0
560,triage_v1,0.3864,0,0
561,triage_v2,0.9268,1,1
562,triage_v1,0.2731,0,0
563,triage_v1,0.0933,0,0
564,triage_v2,0.1882,0,0
565,triage_v2,0.5956,1,1
566,triage_v2,0.5799,1,0
567,triage_v2,0.0795,0,0
568,triage_v1,0.0955,0,0
569,triage_v1,0.4161,0,0
570,triage_v2,0.5557,1,0
571,triage_v1,0.0423,0,0
572,triage_v1,0.4828,0,0
573,triage_v2,0.5857,1,1
574,triage_v1,0.3771,0,0
575,triage_v2,0.2693,0,0
576,triage_v1,0.8418,1,1
577,triage_v2,0.5337,1,0
578,triage_v2,0.8456,1,1
579,triage_v1,0.2759,0,0
580,triage_v1,0.3084,0,0
581,triage_v1,0.2954,0,0
582,triage_v1,0.7704,1,1
583,triage_v2,0.0744,0,0
584,triage_v1,0.2833,0,0
585,triage_v2,0.2137,0,0
586,triage_v2,0.0974,0,0
587,triage_v1,0.5714,1,1
588,triage_v2,0.0995,0,0
589,triage_v2,0.168,0,0
590,triage_v1,0.4069,0,0
591,triage_v2,0.253,0,0
592,triage_v1,0.1858,0,0
593,triage_v2,0.3838,0,0
594,triage_v2,0.99,1,1
595,triage_v2,0.5873,1,1
596,triage_v2,0.2886,0,0
597,triage_v1,0.2681,0,0
598,triage_v2,0.99,1,1
599,triage_v1,0.6269,1,1
600,triage_v1,0.32,0,0
601,triage_v2,0.3687,0,0
602,triage_v2,0.2789,0,0
603,triage_v1,0.0307,0,0
604,triage_v2,0.0372,0,0
605,triage_v1,0.1837,0,0
606,triage_v2,0.0202,0,0
607,triage_v1,0.3648,0,0
608,triage_v2,0.1875,0,0
609,triage_v2,0.165,0,0
610,triage_v1,0.2087,0,0
611,triage_v2,0.01,0,0
612,triage_v2,0.01,0,0
613,triage_v2,0.01,0,0
614,triage_v1,0.1924,0,0
615,triage_v2,0.3491,0,0
616,triage_v2,0.3749,0,0
617,triage_v1,0.0396,0,0
618,triage_v1,0.335,0,0
619,triage_v2,0.1529,0,0
620,triage_v1,0.2969,0,0
621,triage_v1,0.1603,0,0
622,triage_v2,0.2308,0,0
623,triage_v1,0.1479,0,0
624,triage_v1,0.6324,1,0
625,triage_v2,0.1035,0,0
626,triage_v1,0.0394,0,0
627,triage_v1,0.1218,0,0
628,triage_v1,0.01,0,0
629,triage_v1,0.01,0,0
630,triage_v1,0.2918,0,0
631,triage_v2,0.1605,0,0
632,triage_v2,0.01,0,0
633,triage_v2,0.3033,0,0
634,triage_v1,0.0962,0,0
635,triage_v2,0.3631,0,0
636,triage_v2,0.104,0,0
637,triage_v1,0.2097,0,0
638,triage_v2,0.1696,0,0
639,triage_v1,0.2899,0,0
640,triage_v1,0.7673,1,0
641,triage_v2,0.2123,0,0
642,triage_v1,0.5813,1,1
643,triage_v2,0.756,1,1
644,triage_v2,0.2952,0,0
645,triage_v1,0.2118,0,0
646,triage_v1,0.01,0,0
647,triage_v2,0.7705,1,1
648,triage_v1,0.3707,0,0
649,triage_v1,0.01,0,0
650,triage_v1,0.1716,0,0
651,triage_v2,0.01,0,0
652,triage_v1,0.3874,0,0
653,triage_v1,0.1901,0,0
654,triage_v1,0.2729,0,0
655,triage_v2,0.923,1,1
656,triage_v2,0.2565,0,0
657,triage_v2,0.3193,0,0
658,triage_v2,0.9193,1,1
659,triage_v1,0.046,0,0
660,triage_v2,0.4835,0,0
661,triage_v1,0.2501,0,0
662,triage_v2,0.4198,0,0
663,triage_v1,0.0392,0,0
664,triage_v2,0.0315,0,0
665,triage_v2,0.069,0,0
666,triage_v2,0.4099,0,0
667,triage_v2,0.0648,0,0
668,triage_v1,0.0271,0,0
669,triage_v2,0.01,0,0
670,triage_v2,0.1869,0,0
671,triage_v1,0.01,0,0
672,triage_v1,0.5076,1,1
673,triage_v1,0.0639,0,0
674,triage_v1,0.0694,0,0
675,triage_v2,0.1224,0,0
676,triage_v2,0.6894,1,1
677,triage_v1,0.1299,0,0
678,triage_v2,0.7606,1,1
679,triage_v1,0.2018,0,0
680,triage_v1,0.7123,1,1
681,triage_v1,0.3495,0,0
682,triage_v2,0.3444,0,0
683,triage_v2,0.1633,0,0
684,triage_v1,0.1359,0,0
685,triage_v1,0.1593,0,0
686,triage_v1,0.3227,0,0
687,triage_v1,0.4064,0,0
688,triage_v2,0.293,0,0
689,triage_v1,0.2653,0,0
690,triage_v2,0.1591,0,0
691,triage_v2,0.3442,0,0
692,triage_v2,0.348,0,0
693,triage_v2,0.01,0,0
694,triage_v2,0.4901,0,1
695,triage_v1,0.0917,0,0
696,triage_v2,0.4597,0,0
697,triage_v2,0.2281,0,0
698,triage_v2,0.7435,1,0
699,triage_v1,0.0704,0,0
700,triage_v1,0.5272,1,0
701,triage_v2,0.2522,0,0
702,triage_v1,0.0177,0,0
703,triage_v1,0.0381,0,0
704,triage_v2,0.01,0,0
705,triage_v1,0.1905,0,0
706,triage_v1,0.2179,0,0
707,triage_v2,0.0851,0,0
708,triage_v1,0.2344,0,0
709,triage_v1,0.5402,1,0
710,triage_v2,0.1615,0,0
711,triage_v1,0.0914,0,0
712,triage_v1,0.2836,0,0
713,triage_v1,0.2487,0,0
714,triage_v2,0.7299,1,1
715,triage_v1,0.6967,1,0
716,triage_v2,0.1723,0,0
717,triage_v2,0.201,0,0
718,triage_v1,0.1956,0,0
719,triage_v1,0.2212,0,0
720,triage_v1,0.01,0,0
721,triage_v2,0.1838,0,0
722,triage_v2,0.6921,1,1
723,triage_v1,0.4515,0,0
724,triage_v1,0.2269,0,0
725,triage_v2,0.1296,0,0
726,triage_v2,0.0704,0,0
727,triage_v2,0.2732,0,0
728,triage_v1,0.01,0,0
729,triage_v1,0.4801,0,0
730,triage_v1,0.2977,0,0
731,triage_v1,0.3603,0,0
732,triage_v2,0.2074,0,0
733,triage_v1,0.2692,0,0
734,triage_v2,0.1151,0,0
735,triage_v2,0.2903,0,0
736,triage_v1,0.01,0,0
737,triage_v1,0.01,0,0
738,triage_v2,0.9307,1,1
739,triage_v1,0.3955,0,0
740,triage_v1,0.01,0,0
741,triage_v1,0.1704,0,0
742,triage_v2,0.1634,0,0
743,triage_v2,0.3553,0,0
744,triage_v2,0.0507,0,0
745,triage_v2,0.511,1,0
746,triage_v1,0.1831,0,0
747,triage_v1,0.2562,0,0
748,triage_v2,0.4276,0,0
749,triage_v2,0.3251,0,0
750,triage_v1,0.01,0,0
751,triage_v1,0.3551,0,1
752,triage_v2,0.0519,0,0
753,triage_v2,0.2819,0,0
754,triage_v2,0.99,1,1
755,triage_v2,0.322,0,0
756,triage_v1,0.0626,0,0
757,triage_v1,0.29,0,0
758,triage_v1,0.2235,0,0
759,triage_v1,0.1352,0,0
760,triage_v1,0.01,0,0
761,triage_v2,0.3209,0,0
762,triage_v2,0.3855,0,0
763,triage_v2,0.336,0,0
764,triage_v1,0.8724,1,1
765,triage_v2,0.0562,0,0
766,triage_v1,0.2439,0,0
767,triage_v1,0.1988,0,0
768,triage_v2,0.2673,0,0
769,triage_v1,0.4415,0,0
770,triage_v1,0.304,0,0
771,triage_v2,0.2937,0,0
772,triage_v1,0.3182,0,0
773,triage_v2,0.0822,0,0
774,triage_v2,0.2176,0,0
775,triage_v1,0.1472,0,0
776,triage_v1,0.4523,0,0
777,triage_v2,0.029,0,0
778,triage_v2,0.8706,1,1
779,triage_v2,0.248,0,0
780,triage_v1,0.01,0,0
781,triage_v2,0.1529,0,0
782,triage_v2,0.01,0,0
783,triage_v2,0.2509,0,0
784,triage_v2,0.7138,1,1
785,triage_v2,0.01,0,0
786,triage_v1,0.3837,0,0
787,triage_v2,0.0391,0,0
788,triage_v1,0.1592,0,0
789,triage_v1,0.6676,1,1
790,triage_v1,0.3514,0,0
791,triage_v2,0.4274,0,0
792,triage_v1,0.01,0,0
793,triage_v1,0.3178,0,0
794,triage_v2,0.0952,0,0
795,triage_v2,0.01,0,0
796,triage_v1,0.244,0,0
797,triage_v2,0.2821,0,0
798,triage_v1,0.3499,0,0
799,triage_v2,0.1634,0,0
800,triage_v2,0.218,0,0
801,triage_v2,0.1754,0,0
802,triage_v1,0.1362,0,0
803,triage_v2,0.1636,0,0
804,triage_v1,0.3697,0,0
805,triage_v2,0.0173,0,0
806,triage_v2,0.0665,0,0
807,triage_v2,0.6026,1,0
808,triage_v2,0.0495,0,0
809,triage_v2,0.4784,0,0
810,triage_v1,0.3188,0,0
811,triage_v2,0.3832,0,0
812,triage_v1,0.01,0,0
813,triage_v2,0.0782,0,0
814,triage_v2,0.3106,0,0
815,triage_v1,0.4048,0,0
816,triage_v2,0.1897,0,0
817,triage_v2,0.01,0,0
818,triage_v2,0.3528,0,0
819,triage_v2,0.1732,0,0
820,triage_v1,0.5432,1,0
821,triage_v2,0.4151,0,0
822,triage_v2,0.1704,0,0
823,triage_v2,0.2477,0,0
824,triage_v2,0.3876,0,0
825,triage_v1,0.384,0,0
826,triage_v2,0.2581,0,0
827,triage_v2,0.3607,0,0
828,triage_v1,0.1824,0,0
829,triage_v1,0.01,0,0
830,triage_v1,0.5929,1,1
831,triage_v1,0.6787,1,0
832,triage_v2,0.2254,0,0
833,triage_v2,0.2418,0,0
834,triage_v2,0.01,0,0
835,triage_v2,0.0571,0,0
836,triage_v1,0.0596,0,0
837,triage_v1,0.4952,0,1
838,triage_v2,0.2431,0,0
839,triage_v1,0.3723,0,0
840,triage_v1,0.2701,0,0
841,triage_v1,0.1184,0,0
842,triage_v1,0.5347,1,1
843,triage_v1,0.01,0,0
844,triage_v2,0.1894,0,0
845,triage_v2,0.01,0,0
846,triage_v2,0.708,1,0
847,triage_v1,0.5465,1,0
848,triage_v2,0.0691,0,0
849,triage_v1,0.0706,0,0
850,triage_v2,0.01,0,0
851,triage_v1,0.3454,0,0
852,triage_v1,0.8351,1,1
853,triage_v2,0.0309,0,0
854,triage_v1,0.5232,1,1
855,triage_v2,0.2438,0,0
856,triage_v2,0.0637,0,0
857,triage_v1,0.165,0,0
858,triage_v2,0.4872,0,0
859,triage_v2,0.1535,0,0
860,triage_v2,0.1181,0,0
861,triage_v2,0.2906,0,0
862,triage_v2,0.01,0,0
863,triage_v2,0.0495,0,0
864,triage_v1,0.2823,0,0
865,triage_v2,0.2585,0,0
866,triage_v2,0.0499,0,0
867,triage_v1,0.3608,0,0
868,triage_v1,0.408,0,0
869,triage_v1,0.2952,0,0
870,triage_v2,0.2675,0,0
871,triage_v2,0.3838,0,0
872,triage_v1,0.2706,0,0
873,triage_v2,0.1195,0,0
874,triage_v2,0.0106,0,0
875,triage_v1,0.653,1,0
876,triage_v2,0.4318,0,1
877,triage_v1,0.4676,0,1
878,triage_v1,0.3332,0,0
879,triage_v1,0.1556,0,0
880,triage_v2,0.2677,0,0
881,triage_v2,0.0925,0,0
882,triage_v1,0.6624,1,1
883,triage_v2,0.1031,0,0
884,triage_v1,0.4088,0,0
885,triage_v2,0.041,0,0
886,triage_v2,0.2336,0,0
887,triage_v2,0.7456,1,1
888,triage_v2,0.057,0,0
889,triage_v2,0.0595,0,0
890,triage_v2,0.2245,0,0
891,triage_v1,0.5827,1,1
892,triage_v1,0.3621,0,0
893,triage_v1,0.1807,0,0
894,triage_v1,0.0874,0,0
895,triage_v2,0.4952,0,0
896,triage_v1,0.01,0,0
897,triage_v1,0.4204,0,0
898,triage_v1,0.2427,0,0
899,triage_v1,0.1544,0,0
900,triage_v2,0.138,0,0
901,triage_v2,0.1701,0,0
902,triage_v1,0.1508,0,0
903,triage_v2,0.01,0,0
904,triage_v2,0.2455,0,0
905,triage_v2,0.2657,0,0
906,triage_v1,0.3473,0,0
907,triage_v1,0.2747,0,0
908,triage_v1,0.0677,0,0
909,triage_v1,0.0722,0,0
910,triage_v1,0.1591,0,0
911,triage_v2,0.0665,0,0
912,triage_v2,0.3339,0,1
913,triage_v2,0.6892,1,1
914,triage_v1,0.2008,0,0
915,triage_v1,0.2002,0,0
916,triage_v1,0.5961,1,1
917,triage_v2,0.374,0,0
918,triage_v1,0.1725,0,0
919,triage_v2,0.611,1,1
920,triage_v1,0.4445,0,0
921,triage_v2,0.2838,0,0
922,triage_v1,0.5715,1,0
923,triage_v1,0.2561,0,0
924,triage_v2,0.4688,0,0
925,triage_v1,0.3659,0,0
926,triage_v2,0.2335,0,0
927,triage_v2,0.01,0,0
928,triage_v1,0.7219,1,1
929,triage_v1,0.1705,0,0
930,triage_v2,0.3539,0,0
931,triage_v1,0.2329,0,0
932,triage_v2,0.01,0,0
933,triage_v1,0.01,0,0
934,triage_v1,0.01,0,0
935,triage_v1,0.3397,0,0
936,triage_v1,0.8374,1,1
937,triage_v2,0.8085,1,1
938,triage_v2,0.7186,1,0
939,triage_v1,0.3256,0,0
940,triage_v1,0.2381,0,0
941,triage_v2,0.1853,0,0
942,triage_v1,0.267,0,0
943,triage_v2,0.8661,1,1
944,triage_v1,0.3702,0,0
945,triage_v2,0.3139,0,0
946,triage_v2,0.1411,0,0
947,triage_v2,0.5286,1,0
948,triage_v1,0.3387,0,0
949,triage_v2,0.2784,0,0
950,triage_v2,0.1028,0,0
951,triage_v1,0.1573,0,0
952,triage_v1,0.284,0,0
953,triage_v2,0.3433,0,0
954,triage_v1,0.5437,1,0
955,triage_v1,0.0896,0,0
956,triage_v2,0.01,0,0
957,triage_v2,0.0952,0,0
958,triage_v2,0.1252,0,0
959,triage_v1,0.159,0,0
960,triage_v1,0.7086,1,0
961,triage_v2,0.28,0,0
962,triage_v1,0.5577,1,0
963,triage_v1,0.1157,0,0
964,triage_v2,0.0618,0,0
965,triage_v2,0.1288,0,0
966,triage_v1,0.0328,0,0
967,triage_v2,0.0134,0,0
968,triage_v2,0.0724,0,0
969,triage_v1,0.2235,0,0
970,triage_v1,0.2408,0,0
971,triage_v2,0.4526,0,0
972,triage_v2,0.0327,0,0
973,triage_v2,0.0378,0,0
974,triage_v1,0.4994,0,0
975,triage_v2,0.061,0,0
976,triage_v1,0.5017,1,0
977,triage_v1,0.2244,0,0
978,triage_v2,0.01,0,0
979,triage_v1,0.566,1,0
980,triage_v1,0.7124,1,1
981,triage_v1,0.8985,1,1
982,triage_v1,0.1774,0,0
983,triage_v2,0.4198,0,0
984,triage_v2,0.0883,0,0
985,triage_v1,0.3791,0,0
986,triage_v1,0.01,0,0
987,triage_v1,0.1279,0,0
988,triage_v2,0.2145,0,0
989,triage_v2,0.0759,0,0
990,triage_v1,0.0774,0,0
991,triage_v2,0.2223,0,0
992,triage_v2,0.4974,0,1
993,triage_v1,0.1859,0,0
994,triage_v1,0.2387,0,0
995,triage_v1,0.2045,0,0
996,triage_v1,0.7055,1,1
997,triage_v2,0.2649,0,0
998,triage_v1,0.3602,0,0
999,triage_v1,0.2539,0,0
1000,triage_v2,0.4935,0,0
1001,triage_v1,0.551,1,0
1002,triage_v2,0.0769,0,0
1003,triage_v2,0.9273,1,1
1004,triage_v2,0.3621,0,0
1005,triage_v1,0.3636,0,0
1006,triage_v1,0.932,1,1
1007,triage_v2,0.2498,0,0
1008,triage_v2,0.095,0,0
1009,triage_v2,0.0298,0,0
1010,triage_v1,0.17,0,0
1011,triage_v2,0.6867,1,1
1012,triage_v2,0.3706,0,0
1013,triage_v1,0.1547,0,0
1014,triage_v2,0.01,0,0
1015,triage_v2,0.4025,0,0
1016,triage_v2,0.3074,0,0
1017,triage_v1,0.5072,1,0
1018,triage_v1,0.6773,1,1
1019,triage_v2,0.4247,0,1
1020,triage_v1,0.3392,0,0
1021,triage_v2,0.1493,0,0
1022,triage_v1,0.2375,0,0
1023,triage_v2,0.385,0,0
1024,triage_v2,0.2315,0,0
1025,triage_v1,0.01,0,0
1026,triage_v1,0.2296,0,0
1027,triage_v1,0.2961,0,0
1028,triage_v1,0.8644,1,1
1029,triage_v2,0.2317,0,0
1030,triage_v1,0.3821,0,0
1031,triage_v1,0.4782,0,0
1032,triage_v2,0.0829,0,0
1033,triage_v1,0.5463,1,0
1034,triage_v2,0.563,1,1
1035,triage_v2,0.4763,0,0
1036,triage_v1,0.1849,0,0
1037,triage_v2,0.3233,0,0
1038,triage_v1,0.338,0,0
1039,triage_v2,0.3565,0,0
1040,triage_v2,0.01,0,0
1041,triage_v1,0.01,0,0
1042,triage_v2,0.4673,0,0
1043,triage_v1,0.3191,0,0
1044,triage_v2,0.1905,0,0
1045,triage_v1,0.146,0,0
1046,triage_v2,0.4488,0,0
1047,triage_v1,0.1063,0,0
1048,triage_v1,0.4053,0,0
1049,triage_v1,0.01,0,0
1050,triage_v1,0.2318,0,0
1051,triage_v2,0.3626,0,0
1052,triage_v1,0.4008,0,0
1053,triage_v2,0.5204,1,1
1054,triage_v2,0.01,0,0
1055,triage_v1,0.3165,0,0
1056,triage_v1,0.1966,0,0
1057,triage_v2,0.1001,0,0
1058,triage_v2,0.294,0,0
1059,triage_v1,0.69,1,0
1060,triage_v1,0.3016,0,0
1061,triage_v2,0.3432,0,0
1062,triage_v2,0.2509,0,0
1063,triage_v1,0.5886,1,1
1064,triage_v1,0.9203,1,1
1065,triage_v1,0.2924,0,0
1066,triage_v2,0.5178,1,0
1067,triage_v2,0.01,0,0
1068,triage_v1,0.1041,0,0
1069,triage_v1,0.2231,0,0
1070,triage_v2,0.3311,0,0
1071,triage_v2,0.2691,0,0
1072,triage_v1,0.4294,0,0
1073,triage_v2,0.2895,0,0
1074,triage_v2,0.1424,0,0
1075,triage_v1,0.0649,0,0
1076,triage_v1,0.2331,0,0
1077,triage_v1,0.189,0,0
1078,triage_v1,0.0869,0,0
1079,triage_v1,0.2305,0,0
1080,triage_v2,0.1574,0,0
1081,triage_v1,0.3253,0,0
1082,triage_v1,0.01,0,0
1083,triage_v2,0.3194,0,0
1084,triage_v1,0.2895,0,0
1085,triage_v1,0.01,0,0
1086,triage_v1,0.2684,0,0
1087,triage_v1,0.427,0,0
1088,triage_v1,0.1517,0,0
1089,triage_v2,0.0741,0,0
1090,triage_v1,0.2529,0,0
1091,triage_v2,0.2028,0,0
1092,triage_v2,0.3221,0,0
1093,triage_v1,0.01,0,0
1094,triage_v2,0.4315,0,0
1095,triage_v1,0.1819,0,0
1096,triage_v1,0.4422,0,0
1097,triage_v2,0.238,0,0
1098,triage_v1,0.4775,0,0
1099,triage_v2,0.225,0,0
1100,triage_v2,0.99,1,1
1101,triage_v2,0.6502,1,1
1102,triage_v1,0.3961,0,0
1103,triage_v2,0.4447,0,0
1104,triage_v1,0.01,0,0
1105,triage_v1,0.1426,0,0
1106,triage_v2,0.3743,0,0
1107,triage_v2,0.3023,0,0
1108,triage_v2,0.01,0,0
1109,triage_v2,0.0667,0,0
1110,triage_v2,0.1064,0,0
1111,triage_v1,0.2174,0,0
1112,triage_v1,0.1313,0,0
1113,triage_v2,0.3212,0,0
1114,triage_v2,0.6141,1,0
1115,triage_v1,0.6701,1,0
1116,triage_v2,0.4589,0,0
1117,triage_v2,0.7288,1,1
1118,triage_v2,0.1169,0,0
1119,triage_v2,0.0103,0,0
1120,triage_v1,0.3435,0,0
1121,triage_v2,0.196,0,0
1122,triage_v2,0.3859,0,0
1123,triage_v1,0.3934,0,0
1124,triage_v1,0.4406,0,0
1125,triage_v2,0.7132,1,1
1126,triage_v1,0.3389,0,0
1127,triage_v2,0.2288,0,0
1128,triage_v2,0.01,0,0
1129,triage_v2,0.3387,0,0
1130,triage_v2,0.3564,0,0
1131,triage_v2,0.2996,0,0
1132,triage_v2,0.3126,0,0
1133,triage_v1,0.5293,1,0
1134,triage_v1,0.7348,1,0
1135,triage_v2,0.6703,1,0
1136,triage_v1,0.0711,0,0
1137,triage_v1,0.6692,1,0
1138,triage_v1,0.2123,0,0
1139,triage_v1,0.1738,0,0
1140,triage_v2,0.4796,0,0
1141,triage_v2,0.0294,0,0
1142,triage_v1,0.01,0,0
1143,triage_v1,0.2973,0,0
1144,triage_v2,0.329,0,0
1145,triage_v2,0.3084,0,0
1146,triage_v2,0.01,0,0
1147,triage_v1,0.2117,0,0
1148,triage_v1,0.0598,0,0
1149,triage_v2,0.2284,0,0
1150,triage_v2,0.601,1,1
1151,triage_v1,0.2321,0,0
1152,triage_v2,0.4194,0,0
1153,triage_v2,0.4925,0,0
1154,triage_v2,0.3738,0,1
1155,triage_v1,0.607,1,0
1156,triage_v2,0.01,0,0
1157,triage_v1,0.7637,1,1
1158,triage_v1,0.4672,0,0
1159,triage_v2,0.9405,1,1
1160,triage_v2,0.2821,0,0
1161,triage_v2,0.0718,0,0
1162,triage_v1,0.01,0,0
1163,triage_v2,0.5426,1,0
1164,triage_v2,0.7181,1,1
1165,triage_v2,0.4643,0,0
1166,triage_v2,0.8658,1,1
1167,triage_v2,0.2902,0,0
1168,triage_v1,0.3238,0,0
1169,triage_v1,0.2944,0,0
1170,triage_v1,0.2142,0,0
1171,triage_v1,0.6505,1,1
1172,triage_v1,0.1645,0,0
1173,triage_v2,0.0636,0,0
1174,triage_v2,0.1019,0,0
1175,triage_v2,0.693,1,1
1176,triage_v1,0.2052,0,0
1177,triage_v1,0.4131,0,0
1178,triage_v2,0.2231,0,0
1179,triage_v2,0.1993,0,0
1180,triage_v2,0.9383,1,1
1181,triage_v2,0.1592,0,0
1182,triage_v1,0.4992,0,0
1183,triage_v1,0.1993,0,0
1184,triage_v2,0.461,0,0
1185,triage_v1,0.29,0,0
1186,triage_v1,0.01,0,0
1187,triage_v2,0.3898,0,0
1188,triage_v1,0.0847,0,0
1189,triage_v2,0.1307,0,0
1190,triage_v1,0.5298,1,0
1191,triage_v1,0.3342,0,0
1192,triage_v1,0.1903,0,0
1193,triage_v2,0.465,0,1
1194,triage_v2,0.2622,0,0
1195,triage_v2,0.416,0,0
1196,triage_v2,0.0132,0,0
1197,triage_v1,0.0537,0,0
1198,triage_v2,0.1152,0,0
1199,triage_v2,0.5199,1,0
1200,triage_v2,0.316,0,0
1201,triage_v2,0.01,0,0
1202,triage_v2,0.2748,0,0
1203,triage_v1,0.3557,0,0
1204,triage_v1,0.6737,1,1
1205,triage_v1,0.7315,1,1
1206,triage_v2,0.6741,1,1
1207,triage_v1,0.2964,0,0
1208,triage_v2,0.2723,0,0
1209,triage_v1,0.1518,0,0
1210,triage_v1,0.4044,0,0
1211,triage_v2,0.1767,0,0
1212,triage_v1,0.2199,0,0
1213,triage_v1,0.1918,0,0
1214,triage_v1,0.01,0,0
1215,triage_v1,0.1244,0,0
1216,triage_v2,0.1361,0,0
1217,triage_v2,0.01,0,0
1218,triage_v1,0.2752,0,0
1219,triage_v2,0.3224,0,0
1220,triage_v1,0.229,0,0
1221,triage_v1,0.2917,0,0
1222,triage_v1,0.3754,0,1
1223,triage_v2,0.5091,1,0
1224,triage_v2,0.2097,0,0
1225,triage_v2,0.4264,0,0
1226,triage_v2,0.3055,0,0
1227,triage_v2,0.1686,0,0
1228,triage_v1,0.1074,0,0
1229,triage_v2,0.4295,0,0
1230,triage_v2,0.0955,0,0
1231,triage_v1,0.01,0,0
1232,triage_v1,0.4935,0,0
1233,triage_v1,0.4769,0,0
1234,triage_v2,0.01,0,0
1235,triage_v2,0.0794,0,0
1236,triage_v2,0.2118,0,0
1237,triage_v2,0.3003,0,0
1238,triage_v2,0.3287,0,0
1239,triage_v1,0.099,0,0
1240,triage_v1,0.7261,1,1
1241,triage_v2,0.0579,0,0
1242,triage_v1,0.6693,1,1
1243,triage_v2,0.1608,0,0
1244,triage_v1,0.1326,0,0
1245,triage_v2,0.2827,0,0
1246,triage_v1,0.3101,0,0
1247,triage_v1,0.3993,0,0
1248,triage_v2,0.01,0,0
1249,triage_v2,0.373,0,0
1250,triage_v2,0.3235,0,0
1251,triage_v2,0.01,0,0
1252,triage_v2,0.4005,0,0
1253,triage_v1,0.8365,1,1
1254,triage_v2,0.2763,0,0
1255,triage_v2,0.5968,1,0
1256,triage_v1,0.0285,0,0
1257,triage_v2,0.0245,0,0
1258,triage_v1,0.2648,0,0
1259,triage_v1,0.0823,0,0
1260,triage_v1,0.01,0,0
1261,triage_v1,0.318,0,0
1262,triage_v1,0.784,1,1
1263,triage_v2,0.1254,0,0
1264,triage_v1,0.2199,0,0
1265,triage_v2,0.3186,0,0
1266,triage_v1,0.1401,0,0
1267,triage_v1,0.3278,0,0
1268,triage_v2,0.078,0,0
1269,triage_v1,0.2211,0,0
1270,triage_v2,0.5011,1,0
1271,triage_v1,0.2332,0,0
1272,triage_v2,0.5321,1,0
1273,triage_v1,0.0249,0,0
1274,triage_v1,0.1925,0,0
1275,triage_v1,0.4407,0,0
1276,triage_v2,0.01,0,0
1277,triage_v2,0.7346,1,0
1278,triage_v1,0.3155,0,0
1279,triage_v2,0.01,0,0
1280,triage_v1,0.1819,0,0
1281,triage_v1,0.087,0,0
1282,triage_v2,0.01,0,0
1283,triage_v1,0.1966,0,0
1284,triage_v2,0.4978,0,0
1285,triage_v2,0.2252,0,0
1286,triage_v2,0.3655,0,0
1287,triage_v2,0.0956,0,0
1288,triage_v1,0.699,1,1
1289,triage_v1,0.1975,0,0
1290,triage_v1,0.1298,0,0
1291,triage_v1,0.2899,0,0
1292,triage_v1,0.163,0,0
1293,triage_v1,0.3635,0,0
1294,triage_v2,0.3295,0,0
1295,triage_v2,0.2958,0,0
1296,triage_v2,0.2004,0,0
1297,triage_v2,0.0444,0,0
1298,triage_v1,0.5913,1,1
1299,triage_v2,0.2851,0,0
1300,triage_v2,0.4248,0,0
1301,triage_v2,0.6298,1,1
1302,triage_v1,0.6337,1,1
1303,triage_v2,0.3224,0,0
1304,triage_v2,0.1859,0,0
1305,triage_v1,0.2777,0,0
1306,triage_v1,0.1348,0,0
1307,triage_v2,0.01,0,0
1308,triage_v2,0.2846,0,0
1309,triage_v2,0.6763,1,1
1310,triage_v1,0.368,0,0
1311,triage_v2,0.1309,0,0
1312,triage_v2,0.5658,1,0
1313,triage_v1,0.8403,1,1
1314,triage_v1,0.3252,0,0
1315,triage_v2,0.2268,0,0
1316,triage_v2,0.5025,1,0
1317,triage_v1,0.5698,1,1
1318,triage_v1,0.3619,0,0
1319,triage_v1,0.2688,0,0
1320,triage_v2,0.2379,0,0
1321,triage_v1,0.3406,0,0
1322,triage_v1,0.1376,0,0
1323,triage_v1,0.5506,1,0
1324,triage_v2,0.0971,0,0
1325,triage_v1,0.0265,0,0
1326,triage_v1,0.2227,0,0
1327,triage_v2,0.4141,0,0
1328,triage_v2,0.2667,0,0
1329,triage_v2,0.2797,0,0
1330,triage_v2,0.0924,0,0
1331,triage_v1,0.3788,0,0
1332,triage_v2,0.3664,0,0
1333,triage_v2,0.2174,0,0
1334,triage_v1,0.1797,0,0
1335,triage_v1,0.2288,0,0
1336,triage_v2,0.4004,0,0
1337,triage_v2,0.0575,0,0
1338,triage_v2,0.6839,1,0
1339,triage_v2,0.5121,1,0
1340,triage_v2,0.4607,0,0
1341,triage_v2,0.6914,1,0
1342,triage_v2,0.01,0,0
1343,triage_v2,0.292,0,0
1344,triage_v1,0.2198,0,0
1345,triage_v2,0.5446,1,0
1346,triage_v2,0.01,0,0
1347,triage_v1,0.0756,0,0
1348,triage_v1,0.4546,0,0
1349,triage_v2,0.0167,0,0
1350,triage_v1,0.1501,0,0
1351,triage_v2,0.3381,0,0
1352,triage_v2,0.7447,1,1
1353,triage_v2,0.2928,0,0
1354,triage_v2,0.4181,0,0
1355,triage_v2,0.0932,0,0
1356,triage_v2,0.1018,0,0
1357,triage_v1,0.1399,0,0
1358,triage_v1,0.01,0,0
1359,triage_v1,0.1085,0,0
1360,triage_v1,0.01,0,0
1361,triage_v2,0.01,0,0
1362,triage_v2,0.0593,0,0
1363,triage_v2,0.4059,0,0
1364,triage_v1,0.0477,0,0
1365,triage_v2,0.2992,0,0
1366,triage_v1,0.4021,0,0
1367,triage_v1,0.266,0,0
1368,triage_v1,0.0761,0,0
1369,triage_v2,0.0507,0,0
1370,triage_v1,0.01,0,0
1371,triage_v1,0.2076,0,0
1372,triage_v2,0.4312,0,0
1373,triage_v2,0.3092,0,0
1374,triage_v2,0.1175,0,0
1375,triage_v2,0.4978,0,0
1376,triage_v1,0.204,0,0
1377,triage_v1,0.1159,0,0
1378,triage_v2,0.0425,0,0
1379,triage_v2,0.2247,0,0
1380,triage_v1,0.3087,0,0
1381,triage_v2,0.6521,1,1
1382,triage_v2,0.2847,0,0
1383,triage_v2,0.0343,0,0
1384,triage_v1,0.2004,0,0
1385,triage_v2,0.1916,0,0
1386,triage_v2,0.99,1,1
1387,triage_v2,0.01,0,0
1388,triage_v2,0.01,0,0
1389,triage_v2,0.9005,1,1
1390,triage_v1,0.223,0,0
1391,triage_v2,0.0857,0,0
1392,triage_v2,0.0832,0,0
1393,triage_v1,0.0417,0,0
1394,triage_v1,0.0132,0,0
1395,triage_v2,0.5339,1,0
1396,triage_v1,0.1215,0,0
1397,triage_v1,0.4597,0,0
1398,triage_v1,0.3259,0,0
1399,triage_v2,0.0979,0,0
1400,triage_v1,0.1573,0,0
1401,triage_v2,0.0275,0,0
1402,triage_v2,0.2363,0,0
1403,triage_v1,0.0491,0,0
1404,triage_v2,0.99,1,1
1405,triage_v2,0.0416,0,0
1406,triage_v1,0.0922,0,0
1407,triage_v1,0.5287,1,0
1408,triage_v2,0.0827,0,0
1409,triage_v1,0.553,1,1
1410,triage_v2,0.4785,0,0
1411,triage_v2,0.2769,0,0
1412,triage_v1,0.1471,0,0
1413,triage_v2,0.5774,1,0
1414,triage_v1,0.2378,0,0
1415,triage_v2,0.2053,0,0
1416,triage_v2,0.4891,0,0
1417,triage_v1,0.1127,0,0
1418,triage_v2,0.2695,0,0
1419,triage_v2,0.1868,0,0
1420,triage_v2,0.1828,0,0
1421,triage_v2,0.01,0,0
1422,triage_v1,0.1251,0,0
1423,triage_v2,0.2673,0,0
1424,triage_v1,0.206,0,0
1425,triage_v1,0.286,0,0
1426,triage_v2,0.1009,0,0
1427,triage_v2,0.5307,1,0
1428,triage_v2,0.0724,0,0
1429,triage_v2,0.01,0,0
1430,triage_v1,0.5542,1,0
1431,triage_v2,0.4176,0,0
1432,triage_v1,0.2232,0,0
1433,triage_v1,0.4049,0,0
1434,triage_v2,0.556,1,0
1435,triage_v2,0.1816,0,0
1436,triage_v2,0.1968,0,0
1437,triage_v1,0.5186,1,0
1438,triage_v2,0.103,0,0
1439,triage_v1,0.1134,0,0
1440,triage_v1,0.1935,0,0
1441,triage_v2,0.3953,0,0
1442,triage_v2,0.3935,0,0
1443,triage_v1,0.01,0,0
1444,triage_v2,0.2613,0,0
1445,triage_v2,0.1871,0,0
1446,triage_v2,0.5695,1,1
1447,triage_v2,0.2346,0,0
1448,triage_v2,0.418,0,0
1449,triage_v2,0.0958,0,0
1450,triage_v1,0.4417,0,0
1451,triage_v1,0.2591,0,0
1452,triage_v1,0.1164,0,0
1453,triage_v1,0.3034,0,0
1454,triage_v1,0.5482,1,1
1455,triage_v2,0.1674,0,0
1456,triage_v1,0.0934,0,0
1457,triage_v1,0.4005,0,0
1458,triage_v2,0.1208,0,0
1459,triage_v1,0.7203,1,1
1460,triage_v1,0.2392,0,0
1461,triage_v1,0.249,0,0
1462,triage_v2,0.1336,0,0
1463,triage_v1,0.1934,0,0
1464,triage_v1,0.01,0,0
1465,triage_v1,0.1581,0,0
1466,triage_v2,0.3079,0,0
1467,triage_v2,0.223,0,0
1468,triage_v2,0.1031,0,0
1469,triage_v1,0.0887,0,0
1470,triage_v1,0.1994,0,0
1471,triage_v1,0.205,0,0
1472,triage_v2,0.01,0,0
1473,triage_v1,0.3993,0,0
1474,triage_v2,0.7462,1,1
1475,triage_v2,0.2922,0,0
1476,triage_v1,0.4155,0,0
1477,triage_v2,0.2947,0,0
1478,triage_v1,0.6295,1,1
1479,triage_v1,0.661,1,1
1480,triage_v1,0.0256,0,0
1481,triage_v1,0.0961,0,0
1482,triage_v1,0.1438,0,0
1483,triage_v1,0.01,0,0
1484,triage_v1,0.3938,0,0
1485,triage_v1,0.0967,0,0
1486,triage_v2,0.5077,1,0
1487,triage_v2,0.197,0,0
1488,triage_v1,0.0629,0,0
1489,triage_v2,0.7175,1,1
1490,triage_v1,0.4058,0,0
1491,triage_v1,0.8396,1,1
1492,triage_v2,0.1586,0,0
1493,triage_v2,0.2029,0,0
1494,triage_v1,0.9772,1,1
1495,triage_v1,0.0559,0,0
1496,triage_v2,0.2157,0,0
1497,triage_v1,0.528,1,0
1498,triage_v1,0.1808,0,0
1499,triage_v1,0.207,0,0
1500,triage_v2,0.304,0,0
1501,triage_v1,0.0597,0,0
1502,triage_v2,0.5279,1,0
1503,triage_v2,0.2573,0,0
1504,triage_v1,0.6162,1,0
1505,triage_v1,0.2756,0,0
1506,triage_v1,0.0667,0,0
1507,triage_v2,0.351,0,0
1508,triage_v1,0.2819,0,0
1509,triage_v2,0.3435,0,0
1510,triage_v1,0.3967,0,0
1511,triage_v2,0.2411,0,0
1512,triage_v2,0.7072,1,0
1513,triage_v1,0.01,0,0
1514,triage_v2,0.1286,0,0
1515,triage_v2,0.2941,0,1
1516,triage_v1,0.0944,0,0
1517,triage_v1,0.1923,0,0
1518,triage_v1,0.4084,0,0
1519,triage_v2,0.3429,0,0
1520,triage_v1,0.478,0,0
1521,triage_v1,0.5639,1,1
1522,triage_v2,0.8127,1,1
1523,triage_v1,0.01,0,0
1524,triage_v2,0.2686,0,0
1525,triage_v2,0.01,0,0
1526,triage_v2,0.6071,1,1
1527,triage_v1,0.2928,0,0
1528,triage_v2,0.8518,1,1
1529,triage_v2,0.2542,0,0
1530,triage_v1,0.2586,0,0
1531,triage_v2,0.3835,0,0
1532,triage_v1,0.7795,1,1
1533,triage_v2,0.269,0,0
1534,triage_v1,0.6918,1,1
1535,triage_v2,0.328,0,0
1536,triage_v2,0.0328,0,0
1537,triage_v1,0.1133,0,0
1538,triage_v2,0.579,1,1
1539,triage_v1,0.0778,0,0
1540,triage_v1,0.0236,0,0
1541,triage_v2,0.2749,0,0
1542,triage_v2,0.4638,0,0
1543,triage_v1,0.3361,0,0
1544,triage_v1,0.4114,0,0
1545,triage_v1,0.2036,0,0
1546,triage_v2,0.064,0,0
1547,triage_v2,0.4924,0,0
1548,triage_v1,0.1587,0,0
1549,triage_v1,0.3597,0,0
1550,triage_v1,0.99,1,1
1551,triage_v2,0.354,0,0
1552,triage_v2,0.4209,0,0
1553,triage_v1,0.141,0,0
1554,triage_v1,0.4716,0,0
1555,triage_v2,0.7981,1,1
1556,triage_v2,0.8353,1,1
1557,triage_v1,0.309,0,0
1558,triage_v2,0.4415,0,0
1559,triage_v2,0.7601,1,1
1560,triage_v1,0.5325,1,0
1561,triage_v1,0.01,0,0
1562,triage_v1,0.298,0,0
1563,triage_v2,0.6304,1,1
1564,triage_v1,0.4087,0,0
1565,triage_v1,0.01,0,0
1566,triage_v2,0.2212,0,0
1567,triage_v2,0.0723,0,0
1568,triage_v1,0.4199,0,0
1569,triage_v1,0.6808,1,1
1570,triage_v1,0.5832,1,1
1571,triage_v1,0.2756,0,0
1572,triage_v2,0.1172,0,0
1573,triage_v2,0.01,0,0
1574,triage_v2,0.469,0,0
1575,triage_v2,0.4362,0,0
1576,triage_v1,0.0344,0,0
1577,triage_v1,0.5072,1,0
1578,triage_v2,0.5982,1,0
1579,triage_v1,0.2318,0,0
1580,triage_v1,0.4486,0,0
1581,triage_v1,0.2308,0,0
1582,triage_v1,0.1319,0,0
1583,triage_v1,0.3961,0,0
1584,triage_v2,0.01,0,0
1585,triage_v1,0.3277,0,0
1586,triage_v2,0.1409,0,0
1587,triage_v2,0.01,0,0
1588,triage_v1,0.3381,0,0
1589,triage_v1,0.295,0,0
1590,triage_v1,0.3865,0,0
1591,triage_v2,0.8412,1,1
1592,triage_v1,0.4894,0,0
1593,triage_v1,0.3865,0,0
1594,triage_v1,0.1787,0,0
1595,triage_v1,0.4005,0,0
1596,triage_v1,0.9804,1,1
1597,triage_v1,0.0232,0,0
1598,triage_v2,0.2566,0,0
1599,triage_v2,0.01,0,0
1600,triage_v1,0.2717,0,0
1601,triage_v2,0.01,0,0
1602,triage_v1,0.763,1,1
1603,triage_v2,0.3333,0,0
1604,triage_v2,0.0999,0,0
1605,triage_v2,0.01,0,0
1606,triage_v2,0.6824,1,1
1607,triage_v1,0.4965,0,0
1608,triage_v2,0.1913,0,0
1609,triage_v2,0.1644,0,0
1610,triage_v1,0.01,0,0
1611,triage_v2,0.4396,0,0
1612,triage_v1,0.1246,0,0
1613,triage_v1,0.2996,0,0
1614,triage_v1,0.0427,0,0
1615,triage_v1,0.1564,0,0
1616,triage_v1,0.2889,0,0
1617,triage_v2,0.01,0,0
1618,triage_v2,0.2851,0,0
1619,triage_v1,0.464,0,0
1620,triage_v1,0.1378,0,0
1621,triage_v1,0.2013,0,0
1622,triage_v2,0.1177,0,0
1623,triage_v2,0.3725,0,0
1624,triage_v1,0.01,0,0
1625,triage_v1,0.99,1,1
1626,triage_v2,0.3539,0,0
1627,triage_v2,0.3047,0,0
1628,triage_v1,0.4155,0,0
1629,triage_v1,0.6541,1,0
1630,triage_v1,0.1185,0,0
1631,triage_v2,0.6813,1,1
1632,triage_v1,0.4552,0,0
1633,triage_v2,0.2691,0,0
1634,triage_v1,0.5154,1,0
1635,triage_v2,0.578,1,1
1636,triage_v1,0.366,0,0
1637,triage_v1,0.1155,0,0
1638,triage_v1,0.01,0,0
1639,triage_v1,0.3177,0,0
1640,triage_v1,0.198,0,0
1641,triage_v1,0.3048,0,0
1642,triage_v1,0.1329,0,0
1643,triage_v2,0.01,0,0
1644,triage_v2,0.3186,0,0
1645,triage_v2,0.01,0,0
1646,triage_v1,0.01,0,0
1647,triage_v2,0.0866,0,0
1648,triage_v1,0.2937,0,0
1649,triage_v1,0.23,0,0
1650,triage_v2,0.1987,0,0
1651,triage_v2,0.2428,0,0
1652,triage_v2,0.2968,0,0
1653,triage_v1,0.3944,0,0
1654,triage_v2,0.7243,1,1
1655,triage_v1,0.1214,0,0
1656,triage_v2,0.2388,0,0
1657,triage_v2,0.1964,0,0
1658,triage_v1,0.3698,0,0
1659,triage_v1,0.4163,0,0
1660,triage_v2,0.01,0,0
1661,triage_v1,0.01,0,0
1662,triage_v1,0.748,1,1
1663,triage_v2,0.0101,0,0
1664,triage_v1,0.373,0,0
1665,triage_v1,0.01,0,0
1666,triage_v1,0.258,0,0
1667,triage_v1,0.2192,0,0
1668,triage_v1,0.6937,1,1
1669,triage_v2,0.0575,0,0
1670,triage_v1,0.3875,0,0
1671,triage_v2,0.0114,0,0
1672,triage_v1,0.4568,0,0
1673,triage_v2,0.566,1,1
1674,triage_v2,0.3686,0,0
1675,triage_v1,0.01,0,0
1676,triage_v1,0.2253,0,0
1677,triage_v1,0.4873,0,0
1678,triage_v1,0.2526,0,0
1679,triage_v2,0.5813,1,0
1680,triage_v1,0.01,0,0
1681,triage_v1,0.2789,0,0
1682,triage_v1,0.1153,0,0
1683,triage_v1,0.2128,0,0
1684,triage_v1,0.8926,1,1
1685,triage_v2,0.4308,0,0
1686,triage_v2,0.5064,1,0
1687,triage_v1,0.0859,0,0
1688,triage_v2,0.2271,0,0
1689,triage_v1,0.2314,0,0
1690,triage_v1,0.1285,0,0
1691,triage_v2,0.3472,0,0
1692,triage_v1,0.0927,0,0
1693,triage_v2,0.5317,1,0
1694,triage_v2,0.3256,0,0
1695,triage_v1,0.1753,0,0
1696,triage_v1,0.6429,1,0
1697,triage_v1,0.6473,1,0
1698,triage_v2,0.01,0,0
1699,triage_v1,0.9777,1,1
1700,triage_v2,0.0491,0,0
1701,triage_v1,0.6222,1,1
1702,triage_v2,0.2805,0,0
1703,triage_v2,0.1856,0,0
1704,triage_v2,0.2654,0,0
1705,triage_v1,0.1418,0,0
1706,triage_v1,0.0217,0,0
1707,triage_v1,0.013,0,0
1708,triage_v1,0.2331,0,0
1709,triage_v1,0.5385,1,0
1710,triage_v2,0.2239,0,0
1711,triage_v1,0.1268,0,0
1712,triage_v1,0.01,0,0
1713,triage_v1,0.3356,0,1
1714,triage_v1,0.01,0,0
1715,triage_v1,0.99,1,1
1716,triage_v1,0.99,1,1
1717,triage_v2,0.3963,0,0
1718,triage_v1,0.6611,1,1
1719,triage_v2,0.158,0,0
1720,triage_v1,0.4326,0,0
1721,triage_v2,0.4971,0,0
1722,triage_v1,0.465,0,0
1723,triage_v2,0.2902,0,0
1724,triage_v2,0.2857,0,0
1725,triage_v1,0.2227,0,0
1726,triage_v2,0.097,0,0
1727,triage_v2,0.3851,0,0
1728,triage_v1,0.6642,1,0
1729,triage_v2,0.722,1,1
1730,triage_v2,0.4261,0,0
1731,triage_v2,0.055,0,0
1732,triage_v2,0.99,1,1
1733,triage_v2,0.2486,0,0
1734,triage_v2,0.3337,0,0
1735,triage_v1,0.0929,0,0
1736,triage_v1,0.1847,0,0
1737,triage_v2,0.9007,1,1
1738,triage_v2,0.2103,0,0
1739,triage_v1,0.1673,0,0
1740,triage_v2,0.3221,0,0
1741,triage_v2,0.233,0,0
1742,triage_v1,0.1735,0,0
1743,triage_v1,0.229,0,0
1744,triage_v2,0.2945,0,0
1745,triage_v1,0.2173,0,0
1746,triage_v1,0.6592,1,1
1747,triage_v2,0.1894,0,0
1748,triage_v2,0.3813,0,0
1749,triage_v1,0.2017,0,0
1750,triage_v2,0.0258,0,0
1751,triage_v1,0.0261,0,0
1752,triage_v1,0.01,0,0
1753,triage_v1,0.6657,1,1
1754,triage_v2,0.6724,1,1
1755,triage_v1,0.1008,0,0
1756,triage_v1,0.5704,1,0
1757,triage_v1,0.0763,0,0
1758,triage_v1,0.4845,0,0
1759,triage_v2,0.5393,1,1
1760,triage_v1,0.6333,1,1
1761,triage_v2,0.0618,0,0
1762,triage_v1,0.2478,0,0
1763,triage_v1,0.4488,0,0
1764,triage_v1,0.4782,0,1
1765,triage_v1,0.1845,0,0
1766,triage_v2,0.0722,0,0
1767,triage_v2,0.3898,0,0
1768,triage_v2,0.1317,0,0
1769,triage_v1,0.2131,0,0
1770,triage_v2,0.293,0,0
1771,triage_v2,0.2557,0,0
1772,triage_v2,0.2827,0,0
1773,triage_v1,0.0765,0,0
1774,triage_v2,0.3509,0,0
1775,triage_v1,0.3774,0,1
1776,triage_v1,0.2252,0,0
1777,triage_v2,0.3528,0,0
1778,triage_v2,0.1653,0,0
1779,triage_v2,0.01,0,0
1780,triage_v1,0.2826,0,0
1781,triage_v2,0.1362,0,0
1782,triage_v1,0.0387,0,0
1783,triage_v1,0.3552,0,0
1784,triage_v2,0.1229,0,0
1785,triage_v1,0.01,0,0
1786,triage_v2,0.3332,0,0
1787,triage_v1,0.3331,0,0
1788,triage_v2,0.0333,0,0
1789,triage_v2,0.1023,0,0
1790,triage_v1,0.1689,0,0
1791,triage_v2,0.3567,0,0
1792,triage_v2,0.01,0,0
1793,triage_v2,0.8647,1,1
1794,triage_v1,0.5261,1,0
1795,triage_v1,0.3964,0,0
1796,triage_v2,0.01,0,0
1797,triage_v1,0.6157,1,1
1798,triage_v1,0.4429,0,0
1799,triage_v2,0.2395,0,0
1800,triage_v2,0.3198,0,0
1801,triage_v1,0.01,0,0
1802,triage_v2,0.2561,0,0
1803,triage_v1,0.3868,0,0
1804,triage_v1,0.662,1,1
1805,triage_v2,0.016,0,0
1806,triage_v2,0.0682,0,0
1807,triage_v2,0.0815,0,0
1808,triage_v1,0.092,0,0
1809,triage_v2,0.1983,0,0
1810,triage_v2,0.4374,0,0
1811,triage_v2,0.1567,0,0
1812,triage_v2,0.2219,0,0
1813,triage_v1,0.1226,0,0
1814,triage_v1,0.1166,0,0
1815,triage_v1,0.01,0,0
1816,triage_v1,0.2153,0,0
1817,triage_v2,0.1952,0,0
1818,triage_v1,0.4727,0,0
1819,triage_v2,0.1204,0,0
1820,triage_v1,0.6969,1,1
1821,triage_v1,0.4342,0,0
1822,triage_v2,0.2574,0,0
1823,triage_v2,0.8689,1,1
1824,triage_v1,0.01,0,0
1825,triage_v1,0.3365,0,0
1826,triage_v2,0.1883,0,0
1827,triage_v2,0.8747,1,1
1828,triage_v2,0.3905,0,0
1829,triage_v1,0.1006,0,0
1830,triage_v2,0.6544,1,1
1831,triage_v2,0.01,0,0
1832,triage_v1,0.01,0,0
1833,triage_v1,0.4634,0,0
1834,triage_v1,0.71,1,1
1835,triage_v2,0.1413,0,0
1836,triage_v1,0.3245,0,0
1837,triage_v2,0.2532,0,0
1838,triage_v1,0.4366,0,1
1839,triage_v2,0.3173,0,0
1840,triage_v2,0.3417,0,0
1841,triage_v1,0.3139,0,0
1842,triage_v1,0.2491,0,0
1843,triage_v1,0.4286,0,0
1844,triage_v1,0.4473,0,0
1845,triage_v2,0.4375,0,0
1846,triage_v1,0.0816,0,0
1847,triage_v2,0.3046,0,0
1848,triage_v1,0.9364,1,1
1849,triage_v2,0.3733,0,0
1850,triage_v2,0.1666,0,0
1851,triage_v1,0.423,0,0
1852,triage_v1,0.2036,0,0
1853,triage_v2,0.4478,0,0
1854,triage_v2,0.1682,0,0
1855,triage_v2,0.6748,1,1
1856,triage_v2,0.0961,0,0
1857,triage_v2,0.8279,1,1
1858,triage_v1,0.5996,1,1
1859,triage_v2,0.5778,1,0
1860,triage_v1,0.0675,0,0
1861,triage_v1,0.1729,0,0
1862,triage_v2,0.0758,0,0
1863,triage_v1,0.8031,1,1
1864,triage_v2,0.0377,0,0
1865,triage_v2,0.0761,0,0
1866,triage_v1,0.2156,0,0
1867,triage_v2,0.5873,1,0
1868,triage_v1,0.2139,0,0
1869,triage_v1,0.6312,1,1
1870,triage_v1,0.0549,0,0
1871,triage_v2,0.3853,0,0
1872,triage_v2,0.5914,1,0
1873,triage_v1,0.2131,0,0
1874,triage_v2,0.5313,1,0
1875,triage_v2,0.3506,0,0
1876,triage_v1,0.4167,0,0
1877,triage_v2,0.2775,0,0
1878,triage_v1,0.3251,0,0
1879,triage_v2,0.1756,0,0
1880,triage_v2,0.4572,0,0
1881,triage_v1,0.1731,0,0
1882,triage_v2,0.297,0,1
1883,triage_v2,0.2921,0,0
1884,triage_v2,0.3562,0,0
1885,triage_v1,0.99,1,1
1886,triage_v2,0.01,0,0
1887,triage_v2,0.1403,0,0
1888,triage_v1,0.0517,0,0
1889,triage_v2,0.4818,0,0
1890,triage_v1,0.3752,0,0
1891,triage_v2,0.3934,0,0
1892,triage_v2,0.01,0,0
1893,triage_v2,0.01,0,0
1894,triage_v2,0.2099,0,0
1895,triage_v2,0.01,0,0
1896,triage_v2,0.2869,0,0
1897,triage_v2,0.2203,0,0
1898,triage_v1,0.01,0,0
1899,triage_v1,0.1201,0,0
1900,triage_v1,0.0257,0,0
1901,triage_v1,0.1145,0,0
1902,triage_v1,0.04,0,0
1903,triage_v2,0.1182,0,0
1904,triage_v2,0.3179,0,0
1905,triage_v2,0.0676,0,0
1906,triage_v1,0.0964,0,0
1907,triage_v2,0.3592,0,0
1908,triage_v1,0.3568,0,0
1909,triage_v2,0.1567,0,0
1910,triage_v2,0.4221,0,0
1911,triage_v2,0.6645,1,1
1912,triage_v1,0.3639,0,0
1913,triage_v2,0.3479,0,0
1914,triage_v1,0.7865,1,1
1915,triage_v1,0.0873,0,0
1916,triage_v2,0.552,1,0
1917,triage_v1,0.1103,0,0
1918,triage_v1,0.1549,0,0
1919,triage_v2,0.01,0,0
1920,triage_v1,0.2259,0,0
1921,triage_v1,0.1266,0,0
1922,triage_v1,0.192,0,0
1923,triage_v2,0.1194,0,0
1924,triage_v1,0.4282,0,0
1925,triage_v1,0.1522,0,0
1926,triage_v2,0.01,0,0
1927,triage_v1,0.0813,0,0
1928,triage_v1,0.2821,0,0
1929,triage_v2,0.01,0,0
1930,triage_v1,0.3222,0,0
1931,triage_v2,0.3252,0,0
1932,triage_v2,0.2819,0,0
1933,triage_v2,0.2554,0,0
1934,triage_v1,0.0481,0,0
1935,triage_v2,0.3711,0,0
1936,triage_v1,0.1416,0,0
1937,triage_v2,0.4094,0,1
1938,triage_v2,0.1976,0,0
1939,triage_v2,0.01,0,0
1940,triage_v1,0.2143,0,0
1941,triage_v1,0.2062,0,0
1942,triage_v1,0.4941,0,0
1943,triage_v2,0.2655,0,0
1944,triage_v1,0.343,0,0
1945,triage_v1,0.2395,0,0
1946,triage_v2,0.1342,0,0
1947,triage_v1,0.4248,0,0
1948,triage_v2,0.1906,0,0
1949,triage_v2,0.3489,0,0
1950,triage_v1,0.0908,0,0
1951,triage_v2,0.2183,0,0
1952,triage_v1,0.0974,0,0
1953,triage_v1,0.1851,0,0
1954,triage_v2,0.0398,0,0
1955,triage_v1,0.01,0,0
1956,triage_v1,0.2657,0,0
1957,triage_v1,0.01,0,0
1958,triage_v1,0.137,0,0
1959,triage_v1,0.306,0,0
1960,triage_v1,0.078,0,0
1961,triage_v1,0.01,0,0
1962,triage_v1,0.1434,0,0
1963,triage_v2,0.0396,0,0
1964,triage_v1,0.39,0,0
1965,triage_v2,0.0907,0,0
1966,triage_v1,0.2301,0,0
1967,triage_v1,0.3273,0,0
1968,triage_v2,0.8912,1,1
1969,triage_v2,0.3163,0,0
1970,triage_v2,0.01,0,0
1971,triage_v1,0.3046,0,0
1972,triage_v2,0.3979,0,0
1973,triage_v1,0.1676,0,0
1974,triage_v1,0.01,0,0
1975,triage_v1,0.2958,0,0
1976,triage_v1,0.0957,0,0
1977,triage_v2,0.0651,0,0
1978,triage_v1,0.1547,0,0
1979,triage_v1,0.0423,0,0
1980,triage_v2,0.0138,0,0
1981,triage_v2,0.6119,1,1
1982,triage_v1,0.3318,0,0
1983,triage_v2,0.0825,0,0
1984,triage_v1,0.2712,0,0
1985,triage_v1,0.3481,0,0
1986,triage_v1,0.8005,1,1
1987,triage_v2,0.1448,0,0
1988,triage_v2,0.1743,0,0
1989,triage_v1,0.0806,0,0
1990,triage_v2,0.01,0,0
1991,triage_v1,0.1956,0,0
1992,triage_v2,0.3506,0,0
1993,triage_v1,0.1478,0,0
1994,triage_v2,0.3606,0,1
1995,triage_v1,0.2064,0,0
1996,triage_v2,0.518,1,0
1997,triage_v1,0.1268,0,0
1998,triage_v2,0.0125,0,0
1999,triage_v1,0.0803,0,0
2000,triage_v1,0.4003,0,0
2001,triage_v2,0.6996,1,1
2002,triage_v1,0.2577,0,0
2003,triage_v2,0.01,0,0
2004,triage_v1,0.01,0,0
2005,triage_v1,0.3945,0,0
2006,triage_v1,0.2628,0,0
2007,triage_v1,0.3394,0,1
2008,triage_v1,0.2488,0,0
2009,triage_v1,0.8567,1,1
2010,triage_v2,0.2266,0,0
2011,triage_v1,0.0816,0,0
2012,triage_v2,0.1535,0,0
2013,triage_v1,0.2057,0,0
2014,triage_v2,0.4208,0,0
2015,triage_v1,0.1364,0,0
2016,triage_v2,0.5825,1,1
2017,triage_v2,0.01,0,0
2018,triage_v2,0.5531,1,0
2019,triage_v1,0.01,0,0
2020,triage_v2,0.2593,0,0
2021,triage_v1,0.3004,0,0
2022,triage_v2,0.1595,0,0
2023,triage_v2,0.4768,0,0
2024,triage_v1,0.0953,0,0
2025,triage_v1,0.2479,0,0
2026,triage_v1,0.01,0,0
2027,triage_v2,0.2076,0,0
2028,triage_v2,0.0439,0,0
2029,triage_v2,0.01,0,0
2030,triage_v2,0.3215,0,0
2031,triage_v1,0.0939,0,0
2032,triage_v1,0.2205,0,0
2033,triage_v1,0.6531,1,0
2034,triage_v2,0.245,0,0
2035,triage_v2,0.7293,1,1
2036,triage_v2,0.2429,0,0
2037,triage_v1,0.01,0,0
2038,triage_v2,0.2734,0,0
2039,triage_v2,0.4488,0,0
2040,triage_v2,0.2793,0,0
2041,triage_v1,0.29,0,0
2042,triage_v2,0.7166,1,1
2043,triage_v1,0.2557,0,0
2044,triage_v2,0.1205,0,0
2045,triage_v1,0.5008,1,0
2046,triage_v1,0.0607,0,0
2047,triage_v2,0.7886,1,1
2048,triage_v1,0.01,0,0
2049,triage_v2,0.01,0,0
2050,triage_v1,0.1889,0,0
2051,triage_v2,0.6905,1,1
2052,triage_v2,0.9049,1,1
2053,triage_v1,0.7915,1,1
2054,triage_v1,0.3255,0,0
2055,triage_v2,0.1874,0,0
2056,triage_v1,0.0544,0,0
2057,triage_v1,0.2902,0,0
2058,triage_v1,0.46,0,0
2059,triage_v1,0.5686,1,0
2060,triage_v1,0.0149,0,0
2061,triage_v2,0.3375,0,0
2062,triage_v2,0.409,0,0
2063,triage_v1,0.1933,0,0
2064,triage_v1,0.6222,1,1
2065,triage_v2,0.1143,0,0
2066,triage_v2,0.3009,0,0
2067,triage_v2,0.01,0,0
2068,triage_v2,0.1698,0,0
2069,triage_v1,0.3304,0,0
2070,triage_v1,0.3134,0,0
2071,triage_v1,0.1448,0,0
2072,triage_v2,0.2132,0,0
2073,triage_v2,0.1282,0,0
2074,triage_v1,0.1732,0,0
2075,triage_v2,0.7123,1,1
2076,triage_v1,0.5628,1,0
2077,triage_v1,0.4151,0,0
2078,triage_v1,0.8285,1,1
2079,triage_v1,0.4153,0,0
2080,triage_v1,0.0701,0,0
2081,triage_v2,0.1586,0,0
2082,triage_v2,0.3175,0,0
2083,triage_v1,0.4486,0,1
2084,triage_v1,0.2926,0,0
2085,triage_v2,0.3276,0,0
2086,triage_v1,0.3925,0,0
2087,triage_v2,0.7667,1,1
2088,triage_v1,0.1611,0,0
2089,triage_v2,0.3818,0,0
2090,triage_v2,0.1227,0,0
2091,triage_v1,0.1545,0,0
2092,triage_v1,0.2361,0,0
2093,triage_v2,0.6081,1,0
2094,triage_v1,0.0387,0,0
2095,triage_v2,0.1626,0,0
2096,triage_v2,0.2615,0,0
2097,triage_v1,0.01,0,0
2098,triage_v2,0.01,0,0
2099,triage_v1,0.5561,1,0
2100,triage_v1,0.2156,0,0
2101,triage_v2,0.2772,0,0
2102,triage_v1,0.037,0,0
2103,triage_v2,0.3808,0,1
2104,triage_v1,0.1584,0,0
2105,triage_v2,0.432,0,1
2106,triage_v2,0.1608,0,0
2107,triage_v2,0.3987,0,1
2108,triage_v1,0.4443,0,0
2109,triage_v1,0.0889,0,0
2110,triage_v2,0.3686,0,0
2111,triage_v2,0.0408,0,0
2112,triage_v2,0.2921,0,0
2113,triage_v2,0.1922,0,0
2114,triage_v2,0.2125,0,0
2115,triage_v2,0.1703,0,0
2116,triage_v1,0.3618,0,0
2117,triage_v1,0.2635,0,0
2118,triage_v2,0.5067,1,0
2119,triage_v2,0.4394,0,0
2120,triage_v2,0.224,0,0
2121,triage_v1,0.1194,0,0
2122,triage_v1,0.2987,0,0
2123,triage_v1,0.4743,0,0
2124,triage_v1,0.5562,1,0
2125,triage_v2,0.4328,0,0
2126,triage_v2,0.3204,0,0
2127,triage_v1,0.4183,0,0
2128,triage_v1,0.01,0,0
2129,triage_v1,0.0271,0,0
2130,triage_v2,0.0728,0,0
2131,triage_v1,0.3439,0,0
2132,triage_v2,0.0994,0,0
2133,triage_v2,0.6299,1,1
2134,triage_v1,0.3862,0,0
2135,triage_v1,0.2044,0,0
2136,triage_v1,0.4378,0,0
2137,triage_v2,0.1892,0,0
2138,triage_v2,0.7127,1,1
2139,triage_v1,0.3264,0,0
2140,triage_v1,0.121,0,0
2141,triage_v2,0.3057,0,0
2142,triage_v1,0.1883,0,0
2143,triage_v2,0.01,0,0
2144,triage_v2,0.4186,0,0
2145,triage_v1,0.01,0,0
2146,triage_v1,0.3568,0,0
2147,triage_v2,0.0405,0,0
2148,triage_v2,0.1211,0,0
2149,triage_v2,0.0158,0,0
2150,triage_v2,0.3909,0,0
2151,triage_v2,0.1854,0,0
2152,triage_v2,0.2672,0,0
2153,triage_v1,0.5126,1,1
2154,triage_v2,0.2481,0,0
2155,triage_v2,0.9896,1,1
2156,triage_v2,0.1791,0,0
2157,triage_v1,0.1658,0,0
2158,triage_v1,0.3107,0,0
2159,triage_v1,0.4345,0,0
2160,triage_v2,0.2643,0,0
2161,triage_v1,0.1309,0,0
2162,triage_v2,0.2098,0,0
2163,triage_v2,0.3888,0,0
2164,triage_v2,0.01,0,0
2165,triage_v1,0.5338,1,0
2166,triage_v2,0.2053,0,0
2167,triage_v2,0.4514,0,0
2168,triage_v1,0.2588,0,0
2169,triage_v1,0.0724,0,0
2170,triage_v2,0.01,0,0
2171,triage_v1,0.1711,0,0
2172,triage_v2,0.4535,0,0
2173,triage_v2,0.2199,0,0
2174,triage_v1,0.419,0,0
2175,triage_v2,0.6712,1,1
2176,triage_v1,0.0629,0,0
2177,triage_v1,0.3854,0,0
2178,triage_v1,0.2113,0,0
2179,triage_v2,0.0815,0,0
2180,triage_v1,0.0355,0,0
2181,triage_v2,0.1693,0,0
2182,triage_v1,0.5911,1,0
2183,triage_v2,0.1336,0,0
2184,triage_v1,0.01,0,0
2185,triage_v2,0.2476,0,0
2186,triage_v1,0.302,0,0
2187,triage_v1,0.2927,0,0
2188,triage_v2,0.4756,0,0
2189,triage_v2,0.01,0,0
2190,triage_v1,0.2229,0,0
2191,triage_v1,0.2638,0,0
2192,triage_v1,0.3906,0,0
2193,triage_v2,0.283,0,0
2194,triage_v1,0.4649,0,0
2195,triage_v2,0.1946,0,0
2196,triage_v2,0.5665,1,1
2197,triage_v1,0.3396,0,0
2198,triage_v2,0.1518,0,0
2199,triage_v1,0.241,0,0
2200,triage_v2,0.3005,0,0
2201,triage_v2,0.2318,0,0
2202,triage_v1,0.1548,0,0
2203,triage_v2,0.3082,0,0
2204,triage_v2,0.1661,0,0
2205,triage_v1,0.2032,0,0
2206,triage_v1,0.0123,0,0
2207,triage_v1,0.6119,1,1
2208,triage_v1,0.3646,0,0
2209,triage_v1,0.2653,0,0
2210,triage_v2,0.01,0,0
2211,triage_v2,0.222,0,0
2212,triage_v1,0.2921,0,0
2213,triage_v2,0.1923,0,0
2214,triage_v2,0.228,0,0
2215,triage_v1,0.5979,1,1
2216,triage_v2,0.8345,1,1
2217,triage_v1,0.2465,0,0
2218,triage_v1,0.0314,0,0
2219,triage_v2,0.0689,0,0
2220,triage_v2,0.186,0,0
2221,triage_v1,0.99,1,1
2222,triage_v2,0.1955,0,0
2223,triage_v2,0.7331,1,1
2224,triage_v1,0.1178,0,0
2225,triage_v1,0.8142,1,1
2226,triage_v1,0.3993,0,0
2227,triage_v2,0.178,0,0
2228,triage_v2,0.1015,0,0
2229,triage_v1,0.01,0,0
2230,triage_v1,0.3758,0,0
2231,triage_v2,0.0569,0,0
2232,triage_v1,0.293,0,0
2233,triage_v1,0.2748,0,0
2234,triage_v2,0.9311,1,1
2235,triage_v2,0.3171,0,0
2236,triage_v2,0.01,0,0
2237,triage_v1,0.01,0,0
2238,triage_v2,0.2422,0,0
2239,triage_v2,0.01,0,0
2240,triage_v1,0.2059,0,0
2241,triage_v2,0.1828,0,0
2242,triage_v1,0.1738,0,0
2243,triage_v2,0.3938,0,0
2244,triage_v2,0.5214,1,0
2245,triage_v2,0.0358,0,0
2246,triage_v2,0.265,0,0
2247,triage_v2,0.165,0,0
2248,triage_v1,0.2748,0,0
2249,triage_v2,0.2428,0,0
2250,triage_v2,0.01,0,0
2251,triage_v1,0.1136,0,0
2252,triage_v1,0.6817,1,1
2253,triage_v1,0.0259,0,0
2254,triage_v1,0.01,0,0
2255,triage_v1,0.2192,0,0
2256,triage_v1,0.4671,0,0
2257,triage_v2,0.5244,1,0
2258,triage_v2,0.2245,0,0
2259,triage_v1,0.2071,0,0
2260,triage_v2,0.99,1,1
2261,triage_v1,0.5447,1,1
2262,triage_v2,0.1827,0,0
2263,triage_v1,0.1631,0,0
2264,triage_v2,0.236,0,0
2265,triage_v1,0.413,0,0
2266,triage_v1,0.5307,1,1
2267,triage_v2,0.5486,1,0
2268,triage_v2,0.2986,0,0
2269,triage_v1,0.3318,0,0
2270,triage_v1,0.207,0,0
2271,triage_v2,0.1688,0,0
2272,triage_v2,0.01,0,0
2273,triage_v1,0.4834,0,1
2274,triage_v2,0.01,0,0
2275,triage_v1,0.7093,1,1
2276,triage_v2,0.0782,0,0
2277,triage_v1,0.2338,0,0
2278,triage_v2,0.3365,0,0
2279,triage_v1,0.3689,0,0
2280,triage_v1,0.3269,0,0
2281,triage_v2,0.99,1,1
2282,triage_v2,0.375,0,0
2283,triage_v2,0.5164,1,1
2284,triage_v2,0.2262,0,0
2285,triage_v2,0.9333,1,1
2286,triage_v2,0.9469,1,1
2287,triage_v2,0.1177,0,0
2288,triage_v1,0.9724,1,1
2289,triage_v1,0.148,0,0
2290,triage_v2,0.2714,0,0
2291,triage_v2,0.1904,0,0
2292,triage_v2,0.01,0,0
2293,triage_v2,0.2902,0,0
2294,triage_v1,0.99,1,1
2295,triage_v1,0.3095,0,0
2296,triage_v1,0.3944,0,0
2297,triage_v1,0.2478,0,0
2298,triage_v2,0.3014,0,0
2299,triage_v1,0.2229,0,0
2300,triage_v1,0.2143,0,0
2301,triage_v1,0.2224,0,0
2302,triage_v2,0.2962,0,0
2303,triage_v2,0.293,0,0
2304,triage_v2,0.3071,0,0
2305,triage_v2,0.2147,0,0
2306,triage_v2,0.3324,0,0
2307,triage_v2,0.2305,0,0
2308,triage_v2,0.203,0,0
2309,triage_v1,0.01,0,0
2310,triage_v1,0.0274,0,0
2311,triage_v1,0.5204,1,1
2312,triage_v1,0.4688,0,0
2313,triage_v1,0.5701,1,0
2314,triage_v1,0.1641,0,0
2315,triage_v1,0.5038,1,0
2316,triage_v1,0.5219,1,0
2317,triage_v1,0.0287,0,0
2318,triage_v2,0.1788,0,0
2319,triage_v1,0.1971,0,0
2320,triage_v2,0.3318,0,0
2321,triage_v1,0.01,0,0
2322,triage_v2,0.01,0,0
2323,triage_v1,0.1051,0,0
2324,triage_v1,0.6824,1,1
2325,triage_v2,0.3648,0,0
2326,triage_v2,0.5465,1,1
2327,triage_v2,0.5739,1,0
2328,triage_v1,0.4462,0,0
2329,triage_v2,0.1169,0,0
2330,triage_v2,0.0246,0,0
2331,triage_v2,0.5102,1,0
2332,triage_v2,0.0515,0,0
2333,triage_v1,0.0401,0,0
2334,triage_v2,0.6815,1,1
2335,triage_v2,0.1688,0,0
2336,triage_v2,0.1502,0,0
2337,triage_v2,0.1477,0,0
2338,triage_v1,0.4234,0,0
2339,triage_v1,0.5861,1,0
2340,triage_v1,0.9024,1,1
2341,triage_v2,0.1699,0,0
2342,triage_v1,0.3401,0,0
2343,triage_v2,0.01,0,0
2344,triage_v2,0.4015,0,0
2345,triage_v1,0.1832,0,0
2346,triage_v1,0.3371,0,0
2347,triage_v2,0.473,0,0
2348,triage_v1,0.238,0,0
2349,triage_v2,0.329,0,0
2350,triage_v2,0.01,0,0
2351,triage_v2,0.1598,0,0
2352,triage_v2,0.5066,1,0
2353,triage_v1,0.1763,0,0
2354,triage_v2,0.6802,1,1
2355,triage_v2,0.01,0,0
2356,triage_v1,0.2863,0,0
2357,triage_v2,0.5499,1,1
2358,triage_v2,0.4109,0,0
2359,triage_v2,0.9186,1,0
2360,triage_v2,0.508,1,0
2361,triage_v1,0.1467,0,0
2362,triage_v2,0.01,0,0
2363,triage_v2,0.3719,0,0
2364,triage_v2,0.1945,0,0
2365,triage_v2,0.0927,0,0
2366,triage_v1,0.317,0,0
2367,triage_v2,0.2502,0,0
2368,triage_v1,0.0718,0,0
2369,triage_v2,0.3585,0,0
2370,triage_v2,0.7244,1,1
2371,triage_v2,0.1058,0,0
2372,triage_v1,0.7226,1,1
2373,triage_v1,0.0544,0,0
2374,triage_v2,0.1924,0,0
2375,triage_v2,0.2849,0,0
2376,triage_v2,0.2136,0,0
2377,triage_v2,0.01,0,0
2378,triage_v1,0.6942,1,1
2379,triage_v2,0.352,0,0
2380,triage_v2,0.9586,1,1
2381,triage_v2,0.01,0,0
2382,triage_v1,0.1567,0,0
2383,triage_v2,0.1799,0,0
2384,triage_v2,0.0374,0,0
2385,triage_v1,0.4212,0,0
2386,triage_v2,0.1879,0,0
2387,triage_v2,0.8371,1,1
2388,triage_v2,0.1836,0,0
2389,triage_v1,0.01,0,0
2390,triage_v1,0.358,0,0
2391,triage_v1,0.0796,0,0
2392,triage_v2,0.01,0,0
2393,triage_v1,0.2014,0,0
2394,triage_v2,0.1034,0,0
2395,triage_v1,0.6429,1,0
2396,triage_v2,0.0729,0,0
2397,triage_v1,0.3152,0,0
2398,triage_v1,0.472,0,0
2399,triage_v2,0.1679,0,0
2400,triage_v1,0.01,0,0
2401,triage_v1,0.1688,0,0
2402,triage_v2,0.1961,0,0
2403,triage_v2,0.1224,0,0
2404,triage_v2,0.7032,1,0
2405,triage_v1,0.01,0,0
2406,triage_v1,0.3754,0,0
2407,triage_v1,0.1625,0,0
2408,triage_v2,0.3819,0,0
2409,triage_v1,0.5997,1,1
2410,triage_v2,0.6711,1,1
2411,triage_v2,0.1516,0,0
2412,triage_v2,0.2086,0,0
2413,triage_v1,0.99,1,1
2414,triage_v2,0.1261,0,0
2415,triage_v1,0.296,0,0
2416,triage_v2,0.1708,0,0
2417,triage_v2,0.01,0,0
2418,triage_v1,0.2801,0,0
2419,triage_v1,0.01,0,0
2420,triage_v2,0.1742,0,0
2421,triage_v1,0.5338,1,0
2422,triage_v1,0.4762,0,0
2423,triage_v1,0.4294,0,0
2424,triage_v2,0.01,0,0
2425,triage_v1,0.3817,0,0
2426,triage_v2,0.2971,0,0
2427,triage_v2,0.01,0,0
2428,triage_v1,0.01,0,0
2429,triage_v2,0.2765,0,0
2430,triage_v2,0.2981,0,0
2431,triage_v1,0.4522,0,0
2432,triage_v2,0.2312,0,0
2433,triage_v2,0.3508,0,0
2434,triage_v1,0.7729,1,1
2435,triage_v2,0.4094,0,0
2436,triage_v1,0.6493,1,0
2437,triage_v2,0.469,0,0
2438,triage_v2,0.2018,0,0
2439,triage_v1,0.1146,0,0
2440,triage_v2,0.0976,0,0
2441,triage_v1,0.0692,0,0
2442,triage_v1,0.01,0,0
2443,triage_v1,0.01,0,0
2444,triage_v2,0.1284,0,0
2445,triage_v2,0.362,0,0
2446,triage_v2,0.4894,0,0
2447,triage_v1,0.0595,0,0
2448,triage_v1,0.2236,0,0
2449,triage_v1,0.01,0,0
2450,triage_v1,0.6746,1,0
2451,triage_v2,0.6245,1,1
2452,triage_v1,0.6323,1,1
2453,triage_v1,0.2339,0,0
2454,triage_v1,0.1058,0,0
2455,triage_v2,0.01,0,0
2456,triage_v2,0.2981,0,0
2457,triage_v2,0.3894,0,0
2458,triage_v2,0.4078,0,0
2459,triage_v2,0.0973,0,0
2460,triage_v2,0.01,0,0
2461,triage_v1,0.4807,0,0
2462,triage_v1,0.1761,0,0
2463,triage_v2,0.01,0,0
2464,triage_v1,0.1732,0,0
2465,triage_v2,0.7543,1,0
2466,triage_v1,0.2,0,0
2467,triage_v1,0.1133,0,0
2468,triage_v1,0.0993,0,0
2469,triage_v2,0.5908,1,1
2470,triage_v1,0.4177,0,0
2471,triage_v1,0.1085,0,0
2472,triage_v2,0.01,0,0
2473,triage_v2,0.334,0,0
2474,triage_v2,0.3478,0,0
2475,triage_v2,0.2079,0,0
2476,triage_v1,0.156,0,0
2477,triage_v2,0.548,1,1
2478,triage_v1,0.2442,0,0
2479,triage_v1,0.223,0,0
2480,triage_v2,0.5199,1,0
2481,triage_v1,0.3737,0,0
2482,triage_v2,0.1585,0,0
2483,triage_v2,0.6751,1,1
2484,triage_v2,0.042,0,0
2485,triage_v1,0.3566,0,0
2486,triage_v1,0.1869,0,0
2487,triage_v1,0.1212,0,0
2488,triage_v1,0.1292,0,0
2489,triage_v2,0.0738,0,0
2490,triage_v1,0.3675,0,0
2491,triage_v2,0.0921,0,0
2492,triage_v1,0.289,0,0
2493,triage_v1,0.0113,0,0
2494,triage_v1,0.3123,0,0
2495,triage_v2,0.1378,0,0
2496,triage_v2,0.4408,0,0
2497,triage_v1,0.148,0,0
2498,triage_v1,0.01,0,0
2499,triage_v2,0.0364,0,0
2500,triage_v1,0.3643,0,0
2501,triage_v1,0.1854,0,0
2502,triage_v2,0.1646,0,0
2503,triage_v2,0.3217,0,0
2504,triage_v1,0.5635,1,0
2505,triage_v2,0.1005,0,0
2506,triage_v1,0.01,0,0
2507,triage_v2,0.0768,0,0
2508,triage_v1,0.2537,0,0
2509,triage_v2,0.1671,0,0
2510,triage_v1,0.2697,0,0
2511,triage_v1,0.0347,0,0
2512,triage_v2,0.3912,0,0
2513,triage_v1,0.0633,0,0
2514,triage_v1,0.0823,0,0
2515,triage_v1,0.3773,0,0
2516,triage_v1,0.2712,0,0
2517,triage_v2,0.3891,0,0
2518,triage_v2,0.2611,0,0
2519,triage_v2,0.2994,0,0
2520,triage_v2,0.1145,0,0
2521,triage_v2,0.3461,0,0
2522,triage_v2,0.7703,1,1
2523,triage_v1,0.4242,0,0
2524,triage_v1,0.3748,0,0
2525,triage_v1,0.4118,0,0
2526,triage_v1,0.3589,0,0
2527,triage_v2,0.1891,0,0
2528,triage_v2,0.3607,0,0
2529,triage_v1,0.1745,0,0
2530,triage_v1,0.4385,0,0
2531,triage_v2,0.1614,0,0
2532,triage_v1,0.2798,0,0
2533,triage_v2,0.1412,0,0
2534,triage_v1,0.2561,0,0
2535,triage_v2,0.327,0,0
2536,triage_v2,0.5154,1,0
2537,triage_v2,0.0813,0,0
2538,triage_v1,0.0251,0,0
2539,triage_v2,0.3808,0,0
2540,triage_v1,0.3449,0,0
2541,triage_v1,0.2272,0,0
2542,triage_v2,0.464,0,0
2543,triage_v1,0.1873,0,0
2544,triage_v1,0.2928,0,0
2545,triage_v1,0.01,0,0
2546,triage_v1,0.7072,1,1
2547,triage_v2,0.0514,0,0
2548,triage_v1,0.4127,0,0
2549,triage_v1,0.01,0,0
2550,triage_v1,0.5657,1,0
2551,triage_v1,0.1068,0,0
2552,triage_v2,0.01,0,0
2553,triage_v2,0.1362,0,0
2554,triage_v1,0.2072,0,0
2555,triage_v1,0.99,1,1
2556,triage_v1,0.9439,1,1
2557,triage_v2,0.0939,0,0
2558,triage_v2,0.519,1,0
2559,triage_v1,0.4078,0,0
2560,triage_v2,0.3048,0,0
2561,triage_v1,0.5177,1,1
2562,triage_v1,0.954,1,1
2563,triage_v2,0.4785,0,1
2564,triage_v2,0.1311,0,0
2565,triage_v2,0.148,0,0
2566,triage_v2,0.2705,0,0
2567,triage_v2,0.1699,0,0
2568,triage_v2,0.3381,0,0
2569,triage_v1,0.0992,0,0
2570,triage_v1,0.2785,0,0
2571,triage_v1,0.0946,0,0
2572,triage_v1,0.1757,0,0
2573,triage_v2,0.1405,0,0
2574,triage_v1,0.01,0,0
2575,triage_v1,0.268,0,0
2576,triage_v2,0.5059,1,0
2577,triage_v2,0.4915,0,0
2578,triage_v1,0.01,0,0
2579,triage_v2,0.5396,1,1
2580,triage_v1,0.4514,0,0
2581,triage_v1,0.267,0,0
2582,triage_v1,0.1108,0,0
2583,triage_v2,0.076,0,0
2584,triage_v1,0.01,0,0
2585,triage_v1,0.251,0,0
2586,triage_v2,0.4658,0,0
2587,triage_v2,0.413,0,0
2588,triage_v2,0.2585,0,0
2589,triage_v1,0.01,0,0
2590,triage_v2,0.1448,0,0
2591,triage_v1,0.354,0,0
2592,triage_v1,0.4604,0,0
2593,triage_v1,0.3131,0,0
2594,triage_v1,0.3668,0,0
2595,triage_v2,0.5696,1,1
2596,triage_v2,0.3701,0,0
2597,triage_v2,0.1578,0,0
2598,triage_v1,0.0622,0,0
2599,triage_v2,0.326,0,0
2600,triage_v1,0.3114,0,0
2601,triage_v2,0.4928,0,1
2602,triage_v1,0.2104,0,0
2603,triage_v1,0.0533,0,0
2604,triage_v2,0.2181,0,0
2605,triage_v1,0.01,0,0
2606,triage_v1,0.621,1,1
2607,triage_v2,0.01,0,0
2608,triage_v1,0.4013,0,0
2609,triage_v2,0.437,0,0
2610,triage_v1,0.1235,0,0
2611,triage_v1,0.2762,0,0
2612,triage_v2,0.5389,1,1
2613,triage_v2,0.2096,0,0
2614,triage_v2,0.4129,0,0
2615,triage_v1,0.1478,0,0
2616,triage_v1,0.99,1,1
2617,triage_v2,0.0501,0,0
2618,triage_v1,0.2541,0,0
2619,triage_v1,0.047,0,0
2620,triage_v1,0.137,0,0
2621,triage_v1,0.2959,0,0
2622,triage_v2,0.5909,1,1
2623,triage_v2,0.01,0,0
2624,triage_v1,0.0862,0,0
2625,triage_v1,0.6422,1,1
2626,triage_v2,0.2939,0,0
2627,triage_v1,0.017,0,0
2628,triage_v2,0.0189,0,0
2629,triage_v2,0.1557,0,0
2630,triage_v1,0.582,1,1
2631,triage_v2,0.3087,0,0
2632,triage_v2,0.7164,1,1
2633,triage_v2,0.0119,0,0
2634,triage_v2,0.3255,0,0
2635,triage_v2,0.0297,0,0
2636,triage_v1,0.277,0,0
2637,triage_v1,0.0228,0,0
2638,triage_v1,0.6643,1,1
2639,triage_v1,0.673,1,1
2640,triage_v1,0.01,0,0
2641,triage_v2,0.3217,0,0
2642,triage_v2,0.8678,1,1
2643,triage_v2,0.01,0,0
2644,triage_v1,0.304,0,0
2645,triage_v2,0.6668,1,0
2646,triage_v1,0.5364,1,0
2647,triage_v1,0.5844,1,1
2648,triage_v1,0.1965,0,0
2649,triage_v2,0.2307,0,0
2650,triage_v2,0.7122,1,1
2651,triage_v1,0.3619,0,0
2652,triage_v2,0.2456,0,0
2653,triage_v1,0.2801,0,0
2654,triage_v2,0.3412,0,0
2655,triage_v1,0.01,0,0
2656,triage_v2,0.2712,0,0
2657,triage_v2,0.355,0,0
2658,triage_v1,0.7612,1,0
2659,triage_v2,0.01,0,0
2660,triage_v1,0.2349,0,0
2661,triage_v2,0.5746,1,1
2662,triage_v2,0.4054,0,0
2663,triage_v2,0.0126,0,0
2664,triage_v1,0.4034,0,0
2665,triage_v2,0.0861,0,0
2666,triage_v2,0.0537,0,0
2667,triage_v2,0.292,0,0
2668,triage_v2,0.3022,0,0
2669,triage_v1,0.0837,0,0
2670,triage_v1,0.0539,0,0
2671,triage_v2,0.427,0,0
2672,triage_v2,0.2584,0,0
2673,triage_v1,0.0685,0,0
2674,triage_v1,0.3493,0,0
2675,triage_v2,0.7161,1,1
2676,triage_v2,0.4584,0,0
2677,triage_v1,0.8003,1,1
2678,triage_v2,0.293,0,0
2679,triage_v2,0.7722,1,1
2680,triage_v2,0.4013,0,0
2681,triage_v2,0.2687,0,0
2682,triage_v2,0.1127,0,0
2683,triage_v2,0.519,1,0
2684,triage_v1,0.2377,0,0
2685,triage_v1,0.1334,0,0
2686,triage_v2,0.4416,0,0
2687,triage_v1,0.3429,0,0
2688,triage_v1,0.3874,0,0
2689,triage_v2,0.2625,0,0
2690,triage_v1,0.3786,0,0
2691,triage_v2,0.3682,0,0
2692,triage_v2,0.1474,0,0
2693,triage_v2,0.1811,0,0
2694,triage_v2,0.3679,0,0
2695,triage_v1,0.2281,0,0
2696,triage_v1,0.3895,0,0
2697,triage_v2,0.0573,0,0
2698,triage_v1,0.5552,1,0
2699,triage_v2,0.2307,0,0
2700,triage_v1,0.7646,1,1
2701,triage_v2,0.394,0,0
2702,triage_v2,0.3834,0,0
2703,triage_v2,0.5942,1,0
2704,triage_v1,0.4121,0,0
2705,triage_v2,0.3066,0,0
2706,triage_v1,0.239,0,0
2707,triage_v2,0.1881,0,0
2708,triage_v2,0.0828,0,0
2709,triage_v2,0.5386,1,0
2710,triage_v1,0.293,0,0
2711,triage_v1,0.01,0,0
2712,triage_v1,0.5228,1,0
2713,triage_v1,0.2072,0,0
2714,triage_v2,0.7657,1,1
2715,triage_v1,0.866,1,1
2716,triage_v2,0.6902,1,0
2717,triage_v2,0.2983,0,0
2718,triage_v2,0.01,0,0
2719,triage_v1,0.1177,0,0
2720,triage_v1,0.0204,0,0
2721,triage_v1,0.2453,0,0
2722,triage_v2,0.4026,0,0
2723,triage_v1,0.3701,0,0
2724,triage_v1,0.125,0,0
2725,triage_v2,0.01,0,0
2726,triage_v1,0.1545,0,0
2727,triage_v2,0.6191,1,1
2728,triage_v2,0.2884,0,0
2729,triage_v2,0.2482,0,0
2730,triage_v2,0.3181,0,0
2731,triage_v1,0.0936,0,0
2732,triage_v2,0.5763,1,1
2733,triage_v2,0.0776,0,0
2734,triage_v1,0.3311,0,0
2735,triage_v2,0.01,0,0
2736,triage_v2,0.3189,0,0
2737,triage_v1,0.4252,0,0
2738,triage_v2,0.4196,0,0
2739,triage_v1,0.1648,0,0
2740,triage_v2,0.1719,0,0
2741,triage_v1,0.316,0,0
2742,triage_v2,0.5199,1,1
2743,triage_v2,0.2156,0,0
2744,triage_v2,0.4616,0,0
2745,triage_v1,0.1109,0,0
2746,triage_v2,0.2806,0,0
2747,triage_v2,0.99,1,1
2748,triage_v1,0.2168,0,0
2749,triage_v1,0.5843,1,0
2750,triage_v2,0.01,0,0
2751,triage_v1,0.01,0,0
2752,triage_v1,0.1978,0,0
2753,triage_v2,0.3635,0,0
2754,triage_v2,0.2482,0,0
2755,triage_v2,0.7742,1,1
2756,triage_v1,0.2731,0,0
2757,triage_v2,0.01,0,0
2758,triage_v2,0.4632,0,0
2759,triage_v2,0.2624,0,0
2760,triage_v2,0.699,1,1
2761,triage_v1,0.01,0,0
2762,triage_v1,0.01,0,0
2763,triage_v2,0.2589,0,0
2764,triage_v1,0.0387,0,0
2765,triage_v2,0.3877,0,0
2766,triage_v2,0.0665,0,0
2767,triage_v1,0.2555,0,1
2768,triage_v2,0.3657,0,0
2769,triage_v2,0.6885,1,0
2770,triage_v2,0.4479,0,0
2771,triage_v1,0.0822,0,0
2772,triage_v2,0.0955,0,0
2773,triage_v1,0.01,0,0
2774,triage_v2,0.1589,0,0
2775,triage_v2,0.01,0,0
2776,triage_v2,0.4548,0,0
2777,triage_v2,0.101,0,0
2778,triage_v2,0.1202,0,0
2779,triage_v1,0.01,0,0
2780,triage_v2,0.2246,0,0
2781,triage_v1,0.1966,0,0
2782,triage_v1,0.3074,0,0
2783,triage_v2,0.2411,0,0
2784,triage_v2,0.3502,0,0
2785,triage_v2,0.2549,0,0
2786,triage_v1,0.402,0,0
2787,triage_v1,0.889,1,1
2788,triage_v2,0.2757,0,0
2789,triage_v1,0.2676,0,0
2790,triage_v2,0.5891,1,1
2791,triage_v1,0.4369,0,0
2792,triage_v1,0.22,0,0
2793,triage_v2,0.2916,0,0
2794,triage_v2,0.1544,0,0
2795,triage_v2,0.1858,0,0
2796,triage_v1,0.2456,0,0
2797,triage_v2,0.99,1,1
2798,triage_v1,0.1932,0,0
2799,triage_v1,0.01,0,0
2800,triage_v2,0.01,0,0
2801,triage_v2,0.6557,1,1
2802,triage_v2,0.1285,0,0
2803,triage_v2,0.3706,0,0
2804,triage_v2,0.414,0,0
2805,triage_v2,0.01,0,0
2806,triage_v1,0.1107,0,0
2807,triage_v2,0.1217,0,0
2808,triage_v1,0.2757,0,0
2809,triage_v1,0.1594,0,0
2810,triage_v2,0.2385,0,0
2811,triage_v2,0.2417,0,0
2812,triage_v1,0.1772,0,0
2813,triage_v1,0.3323,0,0
2814,triage_v2,0.01,0,0
2815,triage_v2,0.1738,0,0
2816,triage_v1,0.2667,0,0
2817,triage_v2,0.339,0,0
2818,triage_v2,0.4313,0,0
2819,triage_v2,0.01,0,0
2820,triage_v1,0.3771,0,0
2821,triage_v1,0.1799,0,0
2822,triage_v1,0.1096,0,0
2823,triage_v2,0.3181,0,0
2824,triage_v1,0.3265,0,0
2825,triage_v1,0.7119,1,1
2826,triage_v2,0.0899,0,0
2827,triage_v2,0.3361,0,0
2828,triage_v2,0.0397,0,0
2829,triage_v1,0.3013,0,0
2830,triage_v1,0.01,0,0
2831,triage_v2,0.0619,0,0
2832,triage_v1,0.4446,0,0
2833,triage_v2,0.01,0,0
2834,triage_v1,0.1428,0,0
2835,triage_v1,0.1462,0,0
2836,triage_v2,0.3753,0,0
2837,triage_v1,0.1777,0,0
2838,triage_v2,0.4267,0,0
2839,triage_v1,0.9502,1,1
2840,triage_v2,0.0542,0,0
2841,triage_v1,0.2284,0,0
2842,triage_v1,0.261,0,0
2843,triage_v1,0.1423,0,0
2844,triage_v2,0.1316,0,0
2845,triage_v2,0.6163,1,1
2846,triage_v1,0.2382,0,0
2847,triage_v2,0.013,0,0
2848,triage_v2,0.0566,0,0
2849,triage_v2,0.4633,0,0
2850,triage_v1,0.1541,0,0
2851,triage_v1,0.4804,0,0
2852,triage_v1,0.1171,0,0
2853,triage_v2,0.2953,0,0
2854,triage_v2,0.3359,0,0
2855,triage_v2,0.0366,0,0
2856,triage_v2,0.1212,0,0
2857,triage_v1,0.0613,0,0
2858,triage_v2,0.3478,0,0
2859,triage_v1,0.01,0,0
2860,triage_v1,0.2104,0,0
2861,triage_v2,0.242,0,0
2862,triage_v2,0.1426,0,0
2863,triage_v2,0.1109,0,0
2864,triage_v1,0.5323,1,1
2865,triage_v2,0.354,0,0
2866,triage_v2,0.4194,0,0
2867,triage_v1,0.2948,0,0
2868,triage_v1,0.0322,0,0
2869,triage_v2,0.0594,0,0
2870,triage_v1,0.1425,0,0
2871,triage_v1,0.4317,0,0
2872,triage_v1,0.796,1,1
2873,triage_v1,0.6225,1,1
2874,triage_v2,0.133,0,0
2875,triage_v2,0.0736,0,0
2876,triage_v2,0.01,0,0
2877,triage_v1,0.6967,1,1
2878,triage_v1,0.2769,0,0
2879,triage_v1,0.2212,0,0
2880,triage_v2,0.2664,0,0
2881,triage_v1,0.1824,0,0
2882,triage_v1,0.5988,1,0
2883,triage_v2,0.01,0,0
2884,triage_v2,0.01,0,0
2885,triage_v2,0.0915,0,0
2886,triage_v2,0.4738,0,0
2887,triage_v2,0.3461,0,0
2888,triage_v2,0.2508,0,0
2889,triage_v1,0.3623,0,0
2890,triage_v2,0.01,0,0
2891,triage_v2,0.0484,0,0
2892,triage_v1,0.3547,0,0
2893,triage_v2,0.0168,0,0
2894,triage_v2,0.3297,0,0
2895,triage_v2,0.2192,0,0
2896,triage_v1,0.1367,0,0
2897,triage_v2,0.2811,0,0
2898,triage_v1,0.1812,0,0
2899,triage_v2,0.99,1,1
2900,triage_v2,0.3118,0,0
2901,triage_v1,0.1932,0,0
2902,triage_v2,0.0374,0,0
2903,triage_v1,0.4454,0,0
2904,triage_v2,0.5441,1,1
2905,triage_v1,0.7603,1,1
2906,triage_v1,0.2013,0,0
2907,triage_v1,0.1422,0,0
2908,triage_v2,0.4825,0,0
2909,triage_v1,0.2473,0,0
2910,triage_v1,0.2317,0,0
2911,triage_v2,0.3458,0,0
2912,triage_v2,0.0415,0,0
2913,triage_v1,0.3656,0,0
2914,triage_v1,0.01,0,0
2915,triage_v2,0.01,0,0
2916,triage_v1,0.3238,0,0
2917,triage_v1,0.243,0,0
2918,triage_v1,0.6651,1,0
2919,triage_v2,0.5813,1,1
2920,triage_v2,0.6042,1,0
2921,triage_v2,0.01,0,0
2922,triage_v1,0.214,0,0
2923,triage_v1,0.01,0,0
2924,triage_v2,0.92,1,1
2925,triage_v1,0.234,0,0
2926,triage_v1,0.134,0,0
2927,triage_v1,0.4806,0,0
2928,triage_v1,0.1082,0,0
2929,triage_v2,0.3037,0,0
2930,triage_v1,0.1561,0,0
2931,triage_v2,0.0871,0,0
2932,triage_v1,0.3642,0,0
2933,triage_v2,0.3602,0,0
2934,triage_v2,0.5031,1,0
2935,triage_v2,0.6076,1,1
2936,triage_v1,0.2287,0,0
2937,triage_v2,0.2092,0,0
2938,triage_v1,0.761,1,1
2939,triage_v1,0.1148,0,0
2940,triage_v1,0.2274,0,0
2941,triage_v2,0.3136,0,0
2942,triage_v2,0.097,0,0
2943,triage_v1,0.6246,1,1
2944,triage_v2,0.1332,0,0
2945,triage_v1,0.2564,0,0
2946,triage_v1,0.1994,0,0
2947,triage_v1,0.1173,0,0
2948,triage_v1,0.4305,0,0
2949,triage_v1,0.3583,0,0
2950,triage_v1,0.257,0,0
2951,triage_v1,0.2647,0,0
2952,triage_v2,0.01,0,0
2953,triage_v2,0.3312,0,0
2954,triage_v2,0.4721,0,0
2955,triage_v1,0.1546,0,0
2956,triage_v2,0.2642,0,0
2957,triage_v1,0.6104,1,1
2958,triage_v1,0.1643,0,0
2959,triage_v1,0.4407,0,0
2960,triage_v1,0.0884,0,0
2961,triage_v2,0.3547,0,0
2962,triage_v1,0.489,0,0
2963,triage_v2,0.3577,0,0
2964,triage_v1,0.6664,1,0
2965,triage_v1,0.2885,0,0
2966,triage_v1,0.2475,0,0
2967,triage_v1,0.01,0,0
2968,triage_v1,0.5446,1,0
2969,triage_v1,0.1853,0,0
2970,triage_v1,0.8168,1,1
2971,triage_v1,0.1296,0,0
2972,triage_v2,0.01,0,0
2973,triage_v1,0.2561,0,0
2974,triage_v1,0.4446,0,0
2975,triage_v2,0.2785,0,0
2976,triage_v1,0.3985,0,0
2977,triage_v1,0.4367,0,0
2978,triage_v2,0.01,0,0
2979,triage_v1,0.6309,1,0
2980,triage_v1,0.1034,0,0
2981,triage_v1,0.1578,0,0
2982,triage_v2,0.01,0,0
2983,triage_v2,0.9085,1,1
2984,triage_v1,0.5954,1,0
2985,triage_v2,0.1387,0,0
2986,triage_v2,0.1391,0,0
2987,triage_v1,0.01,0,0
2988,triage_v2,0.1608,0,0
2989,triage_v2,0.6013,1,1
2990,triage_v2,0.5207,1,0
2991,triage_v2,0.5575,1,0
2992,triage_v1,0.3887,0,0
2993,triage_v1,0.3037,0,0
2994,triage_v1,0.1019,0,0
2995,triage_v2,0.5441,1,1
2996,triage_v2,0.2875,0,0
2997,triage_v1,0.1515,0,0
2998,triage_v2,0.3572,0,0
2999,triage_v2,0.99,1,1
3000,triage_v1,0.38,0,0
3001,triage_v2,0.3156,0,0
3002,triage_v2,0.5857,1,0
3003,triage_v2,0.3424,0,0
3004,triage_v2,0.4903,0,1
3005,triage_v1,0.3149,0,0
3006,triage_v2,0.144,0,0
3007,triage_v1,0.259,0,0
3008,triage_v2,0.8242,1,1
3009,triage_v2,0.1971,0,0
3010,triage_v2,0.1303,0,0
3011,triage_v2,0.2687,0,0
3012,triage_v2,0.2027,0,0
3013,triage_v1,0.5175,1,0
3014,triage_v1,0.4312,0,0
3015,triage_v1,0.4523,0,0
3016,triage_v2,0.3883,0,0
3017,triage_v2,0.2288,0,0
3018,triage_v1,0.2106,0,0
3019,triage_v2,0.1769,0,0
3020,triage_v1,0.1994,0,0
3021,triage_v2,0.4705,0,0
3022,triage_v2,0.285,0,0
3023,triage_v1,0.0659,0,0
3024,triage_v2,0.4646,0,0
3025,triage_v2,0.1269,0,0
3026,triage_v2,0.3295,0,0
3027,triage_v2,0.2147,0,0
3028,triage_v1,0.3725,0,0
3029,triage_v1,0.2399,0,0
3030,triage_v2,0.0753,0,0
3031,triage_v1,0.5499,1,0
3032,triage_v1,0.2806,0,0
3033,triage_v2,0.3437,0,0
3034,triage_v2,0.01,0,0
3035,triage_v2,0.2375,0,0
3036,triage_v2,0.0443,0,0
3037,triage_v2,0.0233,0,0
3038,triage_v1,0.3618,0,0
3039,triage_v2,0.0259,0,0
3040,triage_v1,0.2747,0,0
3041,triage_v1,0.2266,0,0
3042,triage_v2,0.3588,0,0
3043,triage_v2,0.125,0,0
3044,triage_v2,0.01,0,0
3045,triage_v1,0.4036,0,0
3046,triage_v2,0.6983,1,1
3047,triage_v1,0.4613,0,0
3048,triage_v1,0.1464,0,0
3049,triage_v1,0.1256,0,0
3050,triage_v2,0.0806,0,0
3051,triage_v2,0.0842,0,0
3052,triage_v1,0.5007,1,0
3053,triage_v1,0.1514,0,0
3054,triage_v1,0.1243,0,0
3055,triage_v1,0.3955,0,0
3056,triage_v2,0.0474,0,0
3057,triage_v2,0.3881,0,0
3058,triage_v1,0.2978,0,0
3059,triage_v1,0.2506,0,0
3060,triage_v2,0.6108,1,1
3061,triage_v1,0.1203,0,0
3062,triage_v1,0.2456,0,0
3063,triage_v2,0.0421,0,0
3064,triage_v2,0.4093,0,0
3065,triage_v1,0.01,0,0
3066,triage_v1,0.1081,0,0
3067,triage_v1,0.2968,0,0
3068,triage_v2,0.1579,0,0
3069,triage_v1,0.8609,1,1
3070,triage_v1,0.2711,0,0
3071,triage_v2,0.5801,1,1
3072,triage_v2,0.4326,0,0
3073,triage_v2,0.1962,0,0
3074,triage_v2,0.01,0,0
3075,triage_v2,0.3369,0,0
3076,triage_v1,0.3197,0,0
3077,triage_v1,0.0161,0,0
3078,triage_v2,0.061,0,0
3079,triage_v2,0.0439,0,0
3080,triage_v1,0.01,0,0
3081,triage_v1,0.347,0,0
3082,triage_v2,0.3469,0,0
3083,triage_v2,0.0451,0,0
3084,triage_v1,0.348,0,0
3085,triage_v1,0.99,1,1
3086,triage_v2,0.3629,0,0
3087,triage_v2,0.4189,0,0
3088,triage_v1,0.0651,0,0
3089,triage_v1,0.01,0,0
3090,triage_v2,0.4736,0,0
3091,triage_v2,0.0994,0,0
3092,triage_v1,0.1701,0,0
3093,triage_v2,0.1,0,0
3094,triage_v1,0.6616,1,1
3095,triage_v1,0.4603,0,0
3096,triage_v2,0.6536,1,1
3097,triage_v1,0.2164,0,0
3098,triage_v1,0.1437,0,0
3099,triage_v2,0.1745,0,0
3100,triage_v2,0.327,0,0
3101,triage_v1,0.3632,0,0
3102,triage_v1,0.0221,0,0
3103,triage_v1,0.1565,0,0
3104,triage_v2,0.8044,1,1
3105,triage_v1,0.01,0,0
3106,triage_v2,0.513,1,0
3107,triage_v1,0.1551,0,0
3108,triage_v1,0.7995,1,0
3109,triage_v1,0.6308,1,1
3110,triage_v2,0.1087,0,0
3111,triage_v1,0.2825,0,0
3112,triage_v1,0.0322,0,0
3113,triage_v2,0.0325,0,0
3114,triage_v1,0.388,0,0
3115,triage_v1,0.01,0,0
3116,triage_v1,0.99,1,1
3117,triage_v2,0.2658,0,0
3118,triage_v1,0.3035,0,0
3119,triage_v2,0.0869,0,0
3120,triage_v1,0.1167,0,0
3121,triage_v1,0.2574,0,0
3122,triage_v2,0.8359,1,1
3123,triage_v1,0.8204,1,1
3124,triage_v1,0.3026,0,0
3125,triage_v1,0.01,0,0
3126,triage_v2,0.8279,1,1
3127,triage_v2,0.99,1,1
3128,triage_v2,0.01,0,0
3129,triage_v1,0.7821,1,1
3130,triage_v2,0.0885,0,0
3131,triage_v2,0.0483,0,0
3132,triage_v1,0.4601,0,0
3133,triage_v1,0.4259,0,0
3134,triage_v2,0.2962,0,0
3135,triage_v1,0.3308,0,0
3136,triage_v1,0.3088,0,0
3137,triage_v1,0.3663,0,0
3138,triage_v2,0.3986,0,0
3139,triage_v1,0.6432,1,1
3140,triage_v2,0.8605,1,1
3141,triage_v2,0.3205,0,0
3142,triage_v2,0.2729,0,0
3143,triage_v2,0.01,0,0
3144,triage_v1,0.3342,0,0
3145,triage_v1,0.3734,0,0
3146,triage_v2,0.3466,0,0
3147,triage_v1,0.4679,0,0
3148,triage_v1,0.6972,1,1
3149,triage_v1,0.2596,0,0
3150,triage_v1,0.5848,1,1
3151,triage_v1,0.0799,0,0
3152,triage_v2,0.5399,1,0
3153,triage_v1,0.3158,0,0
3154,triage_v2,0.0906,0,0
3155,triage_v1,0.01,0,0
3156,triage_v1,0.1603,0,0
3157,triage_v1,0.3177,0,0
3158,triage_v2,0.9801,1,1
3159,triage_v1,0.1572,0,0
3160,triage_v1,0.2479,0,0
3161,triage_v2,0.2155,0,0
3162,triage_v2,0.01,0,0
3163,triage_v2,0.01,0,0
3164,triage_v1,0.0721,0,0
3165,triage_v2,0.3146,0,0
3166,triage_v1,0.5779,1,1
3167,triage_v2,0.3952,0,0
3168,triage_v1,0.01,0,0
3169,triage_v1,0.268,0,0
3170,triage_v1,0.6562,1,1
3171,triage_v2,0.57,1,0
3172,triage_v1,0.2396,0,0
3173,triage_v2,0.3834,0,0
3174,triage_v1,0.01,0,0
3175,triage_v2,0.01,0,0
3176,triage_v2,0.2642,0,0
3177,triage_v2,0.256,0,0
3178,triage_v1,0.3448,0,1
3179,triage_v2,0.2999,0,0
3180,triage_v1,0.0547,0,0
3181,triage_v2,0.5744,1,1
3182,triage_v1,0.0604,0,0
3183,triage_v1,0.01,0,0
3184,triage_v2,0.01,0,0
3185,triage_v2,0.1856,0,0
3186,triage_v2,0.3614,0,0
3187,triage_v2,0.8701,1,1
3188,triage_v2,0.5056,1,1
3189,triage_v1,0.4597,0,0
3190,triage_v1,0.3997,0,1
3191,triage_v2,0.2562,0,0
3192,triage_v1,0.9673,1,1
3193,triage_v2,0.3059,0,0
3194,triage_v1,0.01,0,0
3195,triage_v2,0.3323,0,0
3196,triage_v2,0.3425,0,0
3197,triage_v2,0.01,0,0
3198,triage_v2,0.0261,0,0
3199,triage_v2,0.2155,0,0
3200,triage_v1,0.2276,0,0
3201,triage_v2,0.2076,0,0
3202,triage_v2,0.2275,0,0
3203,triage_v2,0.6698,1,1
3204,triage_v2,0.2213,0,0
3205,triage_v1,0.2456,0,0
3206,triage_v1,0.1542,0,0
3207,triage_v2,0.5612,1,0
3208,triage_v2,0.9109,1,1
3209,triage_v1,0.0911,0,0
3210,triage_v2,0.1029,0,0
3211,triage_v2,0.6613,1,1
3212,triage_v2,0.4328,0,0
3213,triage_v1,0.1649,0,0
3214,triage_v1,0.01,0,0
3215,triage_v2,0.2803,0,0
3216,triage_v1,0.3052,0,0
3217,triage_v1,0.0544,0,0
3218,triage_v2,0.3725,0,0
3219,triage_v2,0.364,0,0
3220,triage_v2,0.0112,0,0
3221,triage_v1,0.4406,0,0
3222,triage_v2,0.8691,1,1
3223,triage_v1,0.3215,0,0
3224,triage_v2,0.0867,0,0
3225,triage_v2,0.3857,0,0
3226,triage_v1,0.4182,0,0
3227,triage_v2,0.3909,0,0
3228,triage_v2,0.3399,0,0
3229,triage_v1,0.5198,1,0
3230,triage_v2,0.3439,0,0
3231,triage_v2,0.2334,0,0
3232,triage_v1,0.3269,0,1
3233,triage_v2,0.1691,0,0
3234,triage_v2,0.5789,1,1
3235,triage_v2,0.835,1,1
3236,triage_v2,0.575,1,0
3237,triage_v2,0.01,0,0
3238,triage_v2,0.3251,0,0
3239,triage_v1,0.0609,0,0
3240,triage_v1,0.3469,0,0
3241,triage_v2,0.0879,0,0
3242,triage_v2,0.2534,0,0
3243,triage_v1,0.5766,1,1
3244,triage_v2,0.2966,0,0
3245,triage_v1,0.2137,0,0
3246,triage_v2,0.3842,0,0
3247,triage_v2,0.2859,0,0
3248,triage_v1,0.3038,0,0
3249,triage_v1,0.4274,0,0
3250,triage_v1,0.2051,0,0
3251,triage_v2,0.1644,0,0
3252,triage_v2,0.01,0,0
3253,triage_v2,0.0354,0,0
3254,triage_v1,0.4883,0,0
3255,triage_v1,0.0649,0,0
3256,triage_v2,0.3035,0,0
3257,triage_v2,0.01,0,0
3258,triage_v1,0.1935,0,0
3259,triage_v1,0.2257,0,0
3260,triage_v1,0.2766,0,0
3261,triage_v2,0.01,0,0
3262,triage_v2,0.0544,0,0
3263,triage_v1,0.0398,0,0
3264,triage_v1,0.01,0,0
3265,triage_v1,0.7578,1,1
3266,triage_v2,0.278,0,0
3267,triage_v1,0.2434,0,0
3268,triage_v2,0.259,0,0
3269,triage_v1,0.0306,0,0
3270,triage_v2,0.7159,1,1
3271,triage_v2,0.2842,0,0
3272,triage_v1,0.3593,0,0
3273,triage_v2,0.3596,0,0
3274,triage_v1,0.0997,0,0
3275,triage_v2,0.01,0,0
3276,triage_v1,0.1546,0,0
3277,triage_v2,0.4366,0,0
3278,triage_v1,0.1853,0,0
3279,triage_v2,0.99,1,1
3280,triage_v2,0.179,0,0
3281,triage_v1,0.235,0,0
3282,triage_v2,0.01,0,0
3283,triage_v2,0.01,0,0
3284,triage_v1,0.01,0,0
3285,triage_v2,0.2021,0,0
3286,triage_v1,0.9031,1,1
3287,triage_v1,0.2622,0,0
3288,triage_v1,0.4686,0,0
3289,triage_v2,0.0302,0,0
3290,triage_v1,0.0121,0,0
3291,triage_v1,0.2437,0,0
3292,triage_v1,0.01,0,0
3293,triage_v2,0.5494,1,0
3294,triage_v2,0.2815,0,0
3295,triage_v2,0.01,0,0
3296,triage_v2,0.0178,0,0
3297,triage_v2,0.859,1,1
3298,triage_v1,0.99,1,1
3299,triage_v1,0.4899,0,0
3300,triage_v1,0.3554,0,0
3301,triage_v1,0.4584,0,0
3302,triage_v1,0.318,0,0
3303,triage_v1,0.2088,0,0
3304,triage_v2,0.1786,0,0
3305,triage_v1,0.6476,1,0
3306,triage_v1,0.0214,0,0
3307,triage_v1,0.1972,0,0
3308,triage_v1,0.0236,0,0
3309,triage_v2,0.01,0,0
3310,triage_v1,0.4665,0,1
3311,triage_v2,0.1463,0,0
3312,triage_v1,0.2898,0,0
3313,triage_v1,0.8871,1,1
3314,triage_v1,0.4289,0,0
3315,triage_v1,0.01,0,0
3316,triage_v2,0.0575,0,0
3317,triage_v1,0.01,0,0
3318,triage_v2,0.01,0,0
3319,triage_v1,0.7525,1,1
3320,triage_v2,0.7195,1,1
3321,triage_v1,0.8084,1,1
3322,triage_v2,0.3989,0,0
3323,triage_v2,0.2439,0,0
3324,triage_v1,0.113,0,0
3325,triage_v2,0.0756,0,0
3326,triage_v2,0.7212,1,1
3327,triage_v2,0.3105,0,0
3328,triage_v1,0.4908,0,0
3329,triage_v1,0.084,0,0
3330,triage_v2,0.502,1,0
3331,triage_v1,0.0944,0,0
3332,triage_v2,0.1323,0,0
3333,triage_v2,0.2531,0,0
3334,triage_v2,0.3655,0,0
3335,triage_v2,0.1018,0,0
3336,triage_v2,0.4052,0,0
3337,triage_v2,0.5404,1,0
3338,triage_v1,0.2873,0,0
3339,triage_v1,0.4102,0,0
3340,triage_v1,0.5473,1,0
3341,triage_v2,0.4816,0,1
3342,triage_v1,0.4614,0,0
3343,triage_v1,0.01,0,0
3344,triage_v1,0.0856,0,0
3345,triage_v2,0.367,0,1
3346,triage_v1,0.2187,0,0
3347,triage_v1,0.4729,0,1
3348,triage_v2,0.0974,0,0
3349,triage_v1,0.3287,0,0
3350,triage_v2,0.6968,1,1
3351,triage_v2,0.1895,0,0
3352,triage_v2,0.1145,0,0
3353,triage_v2,0.0603,0,0
3354,triage_v2,0.4662,0,0
3355,triage_v2,0.1276,0,0
3356,triage_v2,0.3848,0,0
3357,triage_v2,0.3026,0,0
3358,triage_v1,0.3388,0,0
3359,triage_v2,0.3199,0,0
3360,triage_v2,0.3967,0,0
3361,triage_v2,0.4536,0,0
3362,triage_v2,0.3776,0,0
3363,triage_v1,0.01,0,0
3364,triage_v2,0.0889,0,0
3365,triage_v2,0.0521,0,0
3366,triage_v2,0.457,0,0
3367,triage_v1,0.0959,0,0
3368,triage_v2,0.2803,0,0
3369,triage_v2,0.01,0,0
3370,triage_v1,0.3034,0,0
3371,triage_v1,0.2689,0,0
3372,triage_v1,0.1745,0,0
3373,triage_v2,0.1444,0,0
3374,triage_v1,0.0537,0,0
3375,triage_v1,0.01,0,0
3376,triage_v1,0.1257,0,0
3377,triage_v2,0.1709,0,0
3378,triage_v2,0.4408,0,1
3379,triage_v1,0.01,0,0
3380,triage_v2,0.4706,0,0
3381,triage_v2,0.3802,0,0
3382,triage_v2,0.1064,0,0
3383,triage_v1,0.3513,0,0
3384,triage_v1,0.2051,0,0
3385,triage_v2,0.4266,0,0
3386,triage_v2,0.01,0,0
3387,triage_v1,0.3108,0,0
3388,triage_v2,0.0605,0,0
3389,triage_v2,0.2231,0,0
3390,triage_v1,0.3339,0,0
3391,triage_v1,0.0456,0,0
3392,triage_v1,0.1962,0,0
3393,triage_v2,0.5015,1,0
3394,triage_v2,0.4697,0,0
3395,triage_v1,0.2595,0,0
3396,triage_v2,0.4467,0,0
3397,triage_v2,0.2889,0,0
3398,triage_v1,0.0845,0,0
3399,triage_v1,0.2015,0,0
3400,triage_v2,0.3644,0,0
3401,triage_v2,0.2701,0,0
3402,triage_v1,0.3363,0,0
3403,triage_v2,0.322,0,0
3404,triage_v1,0.01,0,0
3405,triage_v1,0.1694,0,0
3406,triage_v2,0.1994,0,0
3407,triage_v1,0.2738,0,0
3408,triage_v1,0.3062,0,0
3409,triage_v1,0.2947,0,0
3410,triage_v2,0.0993,0,0
3411,triage_v2,0.9466,1,1
3412,triage_v2,0.01,0,0
3413,triage_v1,0.7154,1,0
3414,triage_v1,0.0919,0,0
3415,triage_v1,0.0779,0,0
3416,triage_v2,0.2902,0,0
3417,triage_v2,0.7825,1,0
3418,triage_v1,0.1209,0,0
3419,triage_v1,0.5059,1,0
3420,triage_v1,0.5424,1,0
3421,triage_v2,0.4455,0,0
3422,triage_v2,0.0645,0,0
3423,triage_v2,0.3422,0,0
3424,triage_v1,0.4394,0,0
3425,triage_v2,0.3234,0,0
3426,triage_v1,0.357,0,0
3427,triage_v1,0.3159,0,0
3428,triage_v1,0.3809,0,0
3429,triage_v1,0.2084,0,0
3430,triage_v1,0.2705,0,0
3431,triage_v2,0.1457,0,0
3432,triage_v1,0.2615,0,0
3433,triage_v1,0.0391,0,0
3434,triage_v2,0.01,0,0
3435,triage_v2,0.1176,0,0
3436,triage_v2,0.01,0,0
3437,triage_v2,0.175,0,0
3438,triage_v2,0.4974,0,1
3439,triage_v1,0.2366,0,0
3440,triage_v1,0.3335,0,0
3441,triage_v2,0.1228,0,0
3442,triage_v2,0.7206,1,1
3443,triage_v2,0.3857,0,0
3444,triage_v1,0.1298,0,0
3445,triage_v2,0.5418,1,0
3446,triage_v2,0.3389,0,0
3447,triage_v1,0.3479,0,0
3448,triage_v1,0.1958,0,0
3449,triage_v1,0.01,0,0
3450,triage_v1,0.3884,0,0
3451,triage_v2,0.3624,0,0
3452,triage_v2,0.1013,0,0
3453,triage_v2,0.6625,1,0
3454,triage_v2,0.01,0,0
3455,triage_v1,0.0907,0,0
3456,triage_v2,0.373,0,0
3457,triage_v2,0.4528,0,0
3458,triage_v2,0.292,0,0
3459,triage_v2,0.3242,0,0
3460,triage_v2,0.0142,0,0
3461,triage_v1,0.01,0,0
3462,triage_v1,0.4277,0,0
3463,triage_v1,0.1267,0,0
3464,triage_v2,0.01,0,0
3465,triage_v1,0.022,0,0
3466,triage_v1,0.7967,1,1
3467,triage_v2,0.01,0,0
3468,triage_v1,0.213,0,0
3469,triage_v2,0.4145,0,0
3470,triage_v2,0.041,0,0
3471,triage_v2,0.7397,1,1
3472,triage_v1,0.5183,1,0
3473,triage_v1,0.1364,0,0
3474,triage_v1,0.269,0,0
3475,triage_v2,0.0939,0,0
3476,triage_v1,0.1682,0,0
3477,triage_v2,0.01,0,0
3478,triage_v1,0.4965,0,1
3479,triage_v1,0.7302,1,1
3480,triage_v1,0.1972,0,0
3481,triage_v2,0.2465,0,0
3482,triage_v1,0.164,0,0
3483,triage_v1,0.6409,1,1
3484,triage_v2,0.5194,1,0
3485,triage_v1,0.01,0,0
3486,triage_v2,0.2076,0,0
3487,triage_v1,0.3315,0,0
3488,triage_v2,0.0689,0,0
3489,triage_v2,0.0936,0,0
3490,triage_v1,0.0464,0,0
3491,triage_v1,0.1514,0,0
3492,triage_v2,0.3706,0,0
3493,triage_v2,0.1988,0,0
3494,triage_v2,0.156,0,0
3495,triage_v2,0.9432,1,1
3496,triage_v2,0.355,0,0
3497,triage_v2,0.1402,0,0
3498,triage_v2,0.643,1,1
3499,triage_v1,0.05,0,0
3500,triage_v1,0.35,0,0
3501,triage_v2,0.4769,0,0
3502,triage_v1,0.2672,0,0
3503,triage_v2,0.6472,1,1
3504,triage_v1,0.1506,0,0
3505,triage_v2,0.2517,0,0
3506,triage_v2,0.2048,0,0
3507,triage_v1,0.2109,0,0
3508,triage_v2,0.3888,0,0
3509,triage_v2,0.5739,1,1
3510,triage_v1,0.3195,0,0
3511,triage_v1,0.5056,1,0
3512,triage_v2,0.0439,0,0
3513,triage_v1,0.1432,0,0
3514,triage_v1,0.4861,0,0
3515,triage_v1,0.4759,0,1
3516,triage_v2,0.6973,1,1
3517,triage_v2,0.0877,0,0
3518,triage_v2,0.5161,1,0
3519,triage_v2,0.6194,1,1
3520,triage_v1,0.2076,0,0
3521,triage_v2,0.2251,0,0
3522,triage_v2,0.1813,0,0
3523,triage_v1,0.2776,0,0
3524,triage_v2,0.01,0,0
3525,triage_v2,0.144,0,0
3526,triage_v2,0.1122,0,0
3527,triage_v2,0.1941,0,0
3528,triage_v2,0.4079,0,0
3529,triage_v2,0.3092,0,0
3530,triage_v1,0.0449,0,0
3531,triage_v1,0.4284,0,0
3532,triage_v1,0.01,0,0
3533,triage_v2,0.01,0,0
3534,triage_v2,0.1463,0,0
3535,triage_v2,0.5968,1,1
3536,triage_v1,0.2631,0,0
3537,triage_v1,0.4061,0,0
3538,triage_v1,0.3442,0,0
3539,triage_v1,0.1615,0,0
3540,triage_v2,0.01,0,0
3541,triage_v2,0.4894,0,0
3542,triage_v2,0.6156,1,1
3543,triage_v2,0.4672,0,1
3544,triage_v1,0.0186,0,0
3545,triage_v2,0.8264,1,1
3546,triage_v2,0.1038,0,0
3547,triage_v2,0.1745,0,0
3548,triage_v2,0.2428,0,0
3549,triage_v2,0.7695,1,1
3550,triage_v2,0.3501,0,0
3551,triage_v2,0.4115,0,0
3552,triage_v1,0.5404,1,1
3553,triage_v1,0.4619,0,1
3554,triage_v1,0.1383,0,0
3555,triage_v2,0.0457,0,0
3556,triage_v2,0.1878,0,0
3557,triage_v1,0.2386,0,0
3558,triage_v2,0.2376,0,0
3559,triage_v1,0.4003,0,0
3560,triage_v2,0.4351,0,0
3561,triage_v1,0.7395,1,1
3562,triage_v1,0.324,0,0
3563,triage_v2,0.0654,0,0
3564,triage_v2,0.306,0,0
3565,triage_v2,0.6331,1,1
3566,triage_v2,0.2259,0,0
3567,triage_v2,0.0574,0,0
3568,triage_v2,0.198,0,0
3569,triage_v2,0.694,1,1
3570,triage_v2,0.2989,0,0
3571,triage_v2,0.2304,0,0
3572,triage_v1,0.1875,0,0
3573,triage_v1,0.2571,0,0
3574,triage_v2,0.4121,0,0
3575,triage_v2,0.3244,0,0
3576,triage_v2,0.2456,0,0
3577,triage_v1,0.5111,1,0
3578,triage_v1,0.2582,0,0
3579,triage_v1,0.1836,0,0
3580,triage_v2,0.1932,0,0
3581,triage_v1,0.1608,0,0
3582,triage_v1,0.2971,0,0
3583,triage_v1,0.5018,1,0
3584,triage_v2,0.01,0,0
3585,triage_v1,0.3689,0,0
3586,triage_v1,0.0149,0,0
3587,triage_v1,0.3113,0,0
3588,triage_v2,0.5198,1,0
3589,triage_v2,0.6152,1,1
3590,triage_v1,0.3582,0,0
3591,triage_v1,0.1981,0,0
3592,triage_v2,0.3453,0,0
3593,triage_v1,0.3789,0,0
3594,triage_v1,0.1745,0,0
3595,triage_v1,0.1807,0,0
3596,triage_v1,0.289,0,0
3597,triage_v1,0.2212,0,0
3598,triage_v2,0.2355,0,0
3599,triage_v1,0.1612,0,0
3600,triage_v1,0.2406,0,0
3601,triage_v2,0.3686,0,0
3602,triage_v1,0.2132,0,0
3603,triage_v1,0.01,0,0
3604,triage_v1,0.276,0,0
3605,triage_v1,0.2776,0,0
3606,triage_v2,0.3215,0,0
3607,triage_v1,0.1381,0,0
3608,triage_v2,0.2238,0,0
3609,triage_v1,0.4295,0,0
3610,triage_v2,0.0802,0,0
3611,triage_v1,0.3632,0,0
3612,triage_v1,0.01,0,0
3613,triage_v2,0.5204,1,0
3614,triage_v2,0.3386,0,0
3615,triage_v1,0.4123,0,0
3616,triage_v1,0.1786,0,0
3617,triage_v1,0.3027,0,0
3618,triage_v1,0.01,0,0
3619,triage_v1,0.1061,0,0
3620,triage_v1,0.1178,0,0
3621,triage_v2,0.4298,0,0
3622,triage_v2,0.4134,0,1
3623,triage_v1,0.1912,0,0
3624,triage_v2,0.063,0,0
3625,triage_v1,0.0897,0,0
3626,triage_v1,0.2649,0,0
3627,triage_v1,0.2647,0,0
3628,triage_v1,0.1508,0,0
3629,triage_v1,0.2348,0,0
3630,triage_v2,0.476,0,0
3631,triage_v2,0.2752,0,0
3632,triage_v2,0.3655,0,0
3633,triage_v2,0.8931,1,1
3634,triage_v1,0.99,1,1
3635,triage_v2,0.3331,0,1
3636,triage_v2,0.855,1,1
3637,triage_v1,0.1911,0,0
3638,triage_v1,0.2934,0,0
3639,triage_v1,0.034,0,0
3640,triage_v2,0.2334,0,0
3641,triage_v1,0.3589,0,0
3642,triage_v2,0.3061,0,0
3643,triage_v1,0.1976,0,0
3644,triage_v2,0.0415,0,0
3645,triage_v1,0.4812,0,0
3646,triage_v2,0.0272,0,0
3647,triage_v1,0.4873,0,1
3648,triage_v1,0.01,0,0
3649,triage_v2,0.3852,0,0
3650,triage_v2,0.1797,0,0
3651,triage_v2,0.134,0,0
3652,triage_v2,0.132,0,0
3653,triage_v2,0.1582,0,0
3654,triage_v2,0.3999,0,0
3655,triage_v2,0.3848,0,0
3656,triage_v1,0.8266,1,1
3657,triage_v1,0.4174,0,0
3658,triage_v1,0.1369,0,0
3659,triage_v2,0.4263,0,1
3660,triage_v1,0.2022,0,0
3661,triage_v1,0.2166,0,0
3662,triage_v2,0.0262,0,0
3663,triage_v1,0.0936,0,0
3664,triage_v1,0.01,0,0
3665,triage_v1,0.2452,0,0
3666,triage_v1,0.2416,0,0
3667,triage_v2,0.1521,0,0
3668,triage_v2,0.4942,0,0
3669,triage_v1,0.3648,0,0
3670,triage_v2,0.3982,0,0
3671,triage_v2,0.4266,0,0
3672,triage_v1,0.4021,0,0
3673,triage_v2,0.01,0,0
3674,triage_v1,0.1354,0,0
3675,triage_v1,0.1719,0,0
3676,triage_v1,0.6057,1,1
3677,triage_v1,0.01,0,0
3678,triage_v2,0.2472,0,0
3679,triage_v1,0.2913,0,0
3680,triage_v1,0.4987,0,1
3681,triage_v2,0.01,0,0
3682,triage_v1,0.4424,0,0
3683,triage_v2,0.2129,0,0
3684,triage_v2,0.2012,0,0
3685,triage_v1,0.4143,0,0
3686,triage_v1,0.1165,0,0
3687,triage_v1,0.195,0,0
3688,triage_v2,0.5407,1,1
3689,triage_v1,0.01,0,0
3690,triage_v2,0.9378,1,1
3691,triage_v1,0.3316,0,0
3692,triage_v2,0.111,0,0
3693,triage_v2,0.7664,1,1
3694,triage_v1,0.0704,0,0
3695,triage_v2,0.2628,0,0
3696,triage_v2,0.01,0,0
3697,triage_v1,0.0578,0,0
3698,triage_v2,0.5396,1,0
3699,triage_v1,0.106,0,0
3700,triage_v2,0.1476,0,0
3701,triage_v1,0.2383,0,0
3702,triage_v2,0.2914,0,0
3703,triage_v1,0.0897,0,0
3704,triage_v1,0.7619,1,1
3705,triage_v2,0.2426,0,0
3706,triage_v2,0.2042,0,0
3707,triage_v2,0.541,1,0
3708,triage_v1,0.01,0,0
3709,triage_v1,0.5236,1,0
3710,triage_v2,0.7518,1,1
3711,triage_v1,0.1113,0,0
3712,triage_v1,0.201,0,0
3713,triage_v2,0.01,0,0
3714,triage_v2,0.0134,0,0
3715,triage_v1,0.3368,0,0
3716,triage_v2,0.1618,0,0
3717,triage_v1,0.2998,0,0
3718,triage_v2,0.99,1,1
3719,triage_v2,0.2926,0,0
3720,triage_v2,0.5382,1,1
3721,triage_v1,0.397,0,0
3722,triage_v1,0.6097,1,1
3723,triage_v2,0.3724,0,0
3724,triage_v1,0.1136,0,0
3725,triage_v2,0.3033,0,0
3726,triage_v2,0.2648,0,0
3727,triage_v2,0.3731,0,1
3728,triage_v2,0.1147,0,0
3729,triage_v2,0.0932,0,0
3730,triage_v1,0.1597,0,0
3731,triage_v1,0.0626,0,0
3732,triage_v1,0.2464,0,0
3733,triage_v1,0.2175,0,0
3734,triage_v1,0.5526,1,0
3735,triage_v2,0.6925,1,1
3736,triage_v1,0.9638,1,1
3737,triage_v1,0.1385,0,0
3738,triage_v1,0.1188,0,0
3739,triage_v1,0.01,0,0
3740,triage_v2,0.2855,0,0
3741,triage_v2,0.8966,1,1
3742,triage_v1,0.01,0,0
3743,triage_v2,0.01,0,0
3744,triage_v1,0.2097,0,0
3745,triage_v2,0.2774,0,0
3746,triage_v1,0.1816,0,0
3747,triage_v2,0.1974,0,0
3748,triage_v1,0.3161,0,0
3749,triage_v2,0.2778,0,0
3750,triage_v2,0.1724,0,0
3751,triage_v2,0.3013,0,0
3752,triage_v2,0.1715,0,0
3753,triage_v2,0.2567,0,0
3754,triage_v2,0.0288,0,0
3755,triage_v1,0.4742,0,0
3756,triage_v2,0.5346,1,1
3757,triage_v1,0.4603,0,0
3758,triage_v1,0.2312,0,0
3759,triage_v1,0.2403,0,0
3760,triage_v2,0.1435,0,0
3761,triage_v1,0.2788,0,0
3762,triage_v2,0.1805,0,0
3763,triage_v1,0.19,0,0
3764,triage_v1,0.01,0,0
3765,triage_v1,0.1346,0,0
3766,triage_v2,0.0269,0,0
3767,triage_v1,0.1952,0,0
3768,triage_v1,0.7934,1,1
3769,triage_v1,0.4896,0,0
3770,triage_v1,0.7788,1,1
3771,triage_v1,0.4038,0,0
3772,triage_v1,0.0688,0,0
3773,triage_v1,0.4269,0,0
3774,triage_v1,0.6226,1,1
3775,triage_v1,0.319,0,0
3776,triage_v1,0.0878,0,0
3777,triage_v2,0.2516,0,0
3778,triage_v1,0.2116,0,0
3779,triage_v1,0.4527,0,0
3780,triage_v2,0.1441,0,0
3781,triage_v1,0.1463,0,0
3782,triage_v2,0.0934,0,0
3783,triage_v1,0.7986,1,1
3784,triage_v2,0.2595,0,0
3785,triage_v2,0.1287,0,0
3786,triage_v2,0.2103,0,0
3787,triage_v1,0.01,0,0
3788,triage_v1,0.4822,0,0
3789,triage_v1,0.2428,0,0
3790,triage_v1,0.7379,1,1
3791,triage_v1,0.01,0,0
3792,triage_v1,0.2611,0,0
3793,triage_v2,0.7213,1,0
3794,triage_v2,0.1437,0,0
3795,triage_v1,0.287,0,0
3796,triage_v2,0.3807,0,0
3797,triage_v1,0.01,0,0
3798,triage_v1,0.2563,0,0
3799,triage_v1,0.01,0,0
3800,triage_v2,0.1083,0,0
3801,triage_v1,0.01,0,0
3802,triage_v2,0.2098,0,0
3803,triage_v1,0.3391,0,0
3804,triage_v2,0.0857,0,0
3805,triage_v1,0.2578,0,0
3806,triage_v2,0.1059,0,0
3807,triage_v2,0.4779,0,0
3808,triage_v1,0.3058,0,0
3809,triage_v1,0.0177,0,0
3810,triage_v1,0.3902,0,0
3811,triage_v2,0.3505,0,0
3812,triage_v1,0.4011,0,0
3813,triage_v2,0.3819,0,0
3814,triage_v1,0.6949,1,0
3815,triage_v2,0.01,0,0
3816,triage_v1,0.2349,0,0
3817,triage_v1,0.0774,0,0
3818,triage_v1,0.2312,0,0
3819,triage_v1,0.6906,1,1
3820,triage_v2,0.3407,0,0
3821,triage_v1,0.2653,0,0
3822,triage_v2,0.7977,1,1
3823,triage_v2,0.2217,0,0
3824,triage_v1,0.0383,0,0
3825,triage_v2,0.2564,0,0
3826,triage_v2,0.8625,1,1
3827,triage_v1,0.01,0,0
3828,triage_v2,0.2994,0,0
3829,triage_v1,0.2602,0,0
3830,triage_v2,0.3997,0,0
3831,triage_v2,0.7911,1,0
3832,triage_v2,0.0469,0,0
3833,triage_v1,0.233,0,0
3834,triage_v2,0.222,0,0
3835,triage_v2,0.3132,0,0
3836,triage_v1,0.2927,0,0
3837,triage_v1,0.4356,0,0
3838,triage_v1,0.01,0,0
3839,triage_v2,0.2723,0,0
3840,triage_v1,0.2305,0,0
3841,triage_v1,0.5052,1,1
3842,triage_v2,0.2473,0,0
3843,triage_v1,0.2241,0,0
3844,triage_v1,0.2,0,0
3845,triage_v1,0.2797,0,0
3846,triage_v1,0.01,0,0
3847,triage_v2,0.2824,0,0
3848,triage_v2,0.1621,0,0
3849,triage_v1,0.1948,0,0
3850,triage_v2,0.4165,0,0
3851,triage_v1,0.4058,0,1
3852,triage_v2,0.99,1,1
3853,triage_v1,0.3102,0,0
3854,triage_v2,0.8003,1,1
3855,triage_v1,0.3885,0,0
3856,triage_v2,0.0818,0,0
3857,triage_v2,0.781,1,1
3858,triage_v2,0.191,0,0
3859,triage_v2,0.5738,1,0
3860,triage_v2,0.182,0,0
3861,triage_v2,0.1479,0,0
3862,triage_v1,0.3924,0,0
3863,triage_v1,0.01,0,0
3864,triage_v2,0.282,0,0
3865,triage_v1,0.2402,0,0
3866,triage_v1,0.9605,1,1
3867,triage_v1,0.3395,0,0
3868,triage_v2,0.5755,1,0
3869,triage_v1,0.1304,0,0
3870,triage_v1,0.1708,0,0
3871,triage_v1,0.2755,0,0
3872,triage_v2,0.0749,0,0
3873,triage_v1,0.423,0,0
3874,triage_v2,0.4703,0,0
3875,triage_v2,0.1027,0,0
3876,triage_v2,0.3089,0,0
3877,triage_v1,0.3446,0,0
3878,triage_v1,0.2138,0,0
3879,triage_v1,0.0209,0,0
3880,triage_v2,0.2345,0,0
3881,triage_v1,0.0307,0,0
3882,triage_v2,0.5937,1,1
3883,triage_v1,0.7988,1,1
3884,triage_v1,0.2526,0,0
3885,triage_v2,0.4342,0,0
3886,triage_v2,0.0971,0,0
3887,triage_v1,0.6735,1,1
3888,triage_v2,0.2345,0,0
3889,triage_v1,0.0528,0,0
3890,triage_v1,0.2027,0,0
3891,triage_v1,0.0182,0,0
3892,triage_v2,0.1162,0,0
3893,triage_v1,0.0498,0,0
3894,triage_v1,0.1079,0,0
3895,triage_v2,0.4853,0,0
3896,triage_v1,0.1514,0,0
3897,triage_v1,0.1236,0,0
3898,triage_v1,0.696,1,1
3899,triage_v1,0.2549,0,0
3900,triage_v1,0.6502,1,0
3901,triage_v2,0.2692,0,0
3902,triage_v1,0.0553,0,0
3903,triage_v1,0.01,0,0
3904,triage_v2,0.3903,0,0
3905,triage_v1,0.2606,0,0
3906,triage_v1,0.3034,0,0
3907,triage_v1,0.0644,0,0
3908,triage_v1,0.1713,0,0
3909,triage_v2,0.2123,0,0
3910,triage_v2,0.3064,0,0
3911,triage_v1,0.3285,0,0
3912,triage_v1,0.1253,0,0
3913,triage_v2,0.0354,0,0
3914,triage_v2,0.1148,0,0
3915,triage_v1,0.2949,0,0
3916,triage_v2,0.3191,0,0
3917,triage_v2,0.9633,1,1
3918,triage_v2,0.3079,0,0
3919,triage_v1,0.8919,1,1
3920,triage_v1,0.3142,0,0
3921,triage_v2,0.1457,0,0
3922,triage_v2,0.4394,0,0
3923,triage_v2,0.6554,1,1
3924,triage_v2,0.6502,1,1
3925,triage_v1,0.1742,0,0
3926,triage_v2,0.6781,1,1
3927,triage_v2,0.2326,0,0
3928,triage_v2,0.2845,0,0
3929,triage_v2,0.2239,0,0
3930,triage_v1,0.01,0,0
3931,triage_v1,0.0517,0,0
3932,triage_v1,0.01,0,0
3933,triage_v2,0.5401,1,0
3934,triage_v1,0.01,0,0
3935,triage_v2,0.01,0,0
3936,triage_v1,0.1465,0,0
3937,triage_v1,0.0939,0,0
3938,triage_v1,0.01,0,0
3939,triage_v2,0.0811,0,0
3940,triage_v1,0.1507,0,0
3941,triage_v2,0.0556,0,0
3942,triage_v1,0.2116,0,0
3943,triage_v2,0.119,0,0
3944,triage_v2,0.3037,0,0
3945,triage_v2,0.3644,0,0
3946,triage_v2,0.01,0,0
3947,triage_v1,0.6015,1,1
3948,triage_v1,0.6202,1,1
3949,triage_v1,0.01,0,0
3950,triage_v1,0.592,1,1
3951,triage_v1,0.1067,0,0
3952,triage_v2,0.3348,0,0
3953,triage_v1,0.027,0,0
3954,triage_v2,0.01,0,0
3955,triage_v2,0.0781,0,0
3956,triage_v2,0.205,0,0
3957,triage_v2,0.4174,0,0
3958,triage_v2,0.0173,0,0
3959,triage_v2,0.5624,1,1
3960,triage_v2,0.01,0,0
3961,triage_v2,0.0974,0,0
3962,triage_v2,0.5029,1,0
3963,triage_v2,0.1744,0,0
3964,triage_v1,0.0748,0,0
3965,triage_v2,0.411,0,0
3966,triage_v2,0.5369,1,0
3967,triage_v1,0.1505,0,0
3968,triage_v1,0.2835,0,0
3969,triage_v1,0.6223,1,0
3970,triage_v2,0.3662,0,0
3971,triage_v1,0.01,0,0
3972,triage_v1,0.2872,0,0
3973,triage_v1,0.01,0,0
3974,triage_v1,0.5591,1,1
3975,triage_v1,0.1134,0,0
3976,triage_v2,0.1473,0,0
3977,triage_v2,0.2947,0,0
3978,triage_v2,0.1159,0,0
3979,triage_v2,0.0252,0,0
3980,triage_v1,0.0268,0,0
3981,triage_v1,0.5088,1,0
3982,triage_v1,0.1788,0,0
3983,triage_v2,0.3278,0,0
3984,triage_v2,0.01,0,0
3985,triage_v2,0.1424,0,0
3986,triage_v2,0.0841,0,0
3987,triage_v1,0.2094,0,0
3988,triage_v1,0.225,0,0
3989,triage_v2,0.01,0,0
3990,triage_v2,0.1114,0,0
3991,triage_v2,0.2475,0,0
3992,triage_v1,0.2356,0,0
3993,triage_v1,0.0721,0,0
3994,triage_v1,0.6311,1,1
3995,triage_v1,0.0941,0,0
3996,triage_v1,0.1374,0,0
3997,triage_v2,0.159,0,0
3998,triage_v1,0.2505,0,0
3999,triage_v1,0.99,1,1
4000,triage_v2,0.3173,0,0
4001,triage_v2,0.0575,0,0
4002,triage_v1,0.9492,1,1
4003,triage_v2,0.3803,0,0
4004,triage_v2,0.3928,0,0
4005,triage_v2,0.3045,0,0
4006,triage_v1,0.319,0,0
4007,triage_v2,0.4078,0,0
4008,triage_v1,0.3081,0,0
4009,triage_v1,0.4237,0,0
4010,triage_v1,0.5422,1,1
4011,triage_v2,0.1522,0,0
4012,triage_v2,0.2058,0,0
4013,triage_v1,0.2537,0,0
4014,triage_v1,0.7784,1,1
4015,triage_v1,0.3929,0,0
4016,triage_v1,0.1765,0,0
4017,triage_v1,0.2212,0,0
4018,triage_v1,0.01,0,0
4019,triage_v1,0.0423,0,0
4020,triage_v1,0.0555,0,0
4021,triage_v2,0.4802,0,0
4022,triage_v2,0.2652,0,0
4023,triage_v2,0.9772,1,1
4024,triage_v2,0.1727,0,0
4025,triage_v2,0.01,0,0
4026,triage_v1,0.2939,0,0
4027,triage_v2,0.6229,1,0
4028,triage_v2,0.3203,0,0
4029,triage_v1,0.4284,0,0
4030,triage_v1,0.01,0,0
4031,triage_v2,0.245,0,0
4032,triage_v2,0.1473,0,0
4033,triage_v2,0.01,0,0
4034,triage_v2,0.3088,0,0
4035,triage_v1,0.6688,1,0
4036,triage_v2,0.4013,0,0
4037,triage_v1,0.1738,0,0
4038,triage_v1,0.8572,1,1
4039,triage_v1,0.0329,0,0
4040,triage_v2,0.459,0,0
4041,triage_v2,0.2826,0,0
4042,triage_v2,0.717,1,1
4043,triage_v1,0.1364,0,0
4044,triage_v1,0.3486,0,0
4045,triage_v1,0.2418,0,0
4046,triage_v1,0.3193,0,0
4047,triage_v2,0.1654,0,0
4048,triage_v1,0.7288,1,1
4049,triage_v1,0.2381,0,0
4050,triage_v2,0.7409,1,1
4051,triage_v2,0.01,0,0
4052,triage_v2,0.2476,0,0
4053,triage_v1,0.1505,0,0
4054,triage_v2,0.2227,0,0
4055,triage_v1,0.01,0,0
4056,triage_v1,0.5887,1,0
4057,triage_v2,0.01,0,0
4058,triage_v2,0.2635,0,0
4059,triage_v2,0.01,0,0
4060,triage_v2,0.01,0,0
4061,triage_v1,0.2269,0,0
4062,triage_v1,0.5395,1,0
4063,triage_v2,0.237,0,0
4064,triage_v1,0.2863,0,0
4065,triage_v2,0.2399,0,0
4066,triage_v2,0.01,0,0
4067,triage_v1,0.4576,0,0
4068,triage_v1,0.4132,0,0
4069,triage_v1,0.1796,0,0
4070,triage_v2,0.9104,1,1
4071,triage_v1,0.01,0,0
4072,triage_v2,0.0453,0,0
4073,triage_v2,0.3694,0,0
4074,triage_v1,0.1609,0,0
4075,triage_v2,0.5699,1,0
4076,triage_v1,0.6095,1,1
4077,triage_v2,0.29,0,0
4078,triage_v2,0.4901,0,0
4079,triage_v2,0.2826,0,0
4080,triage_v2,0.1116,0,0
4081,triage_v1,0.1232,0,0
4082,triage_v1,0.6,1,0
4083,triage_v2,0.3488,0,0
4084,triage_v2,0.2225,0,0
4085,triage_v2,0.0211,0,0
4086,triage_v1,0.2112,0,0
4087,triage_v2,0.2217,0,0
4088,triage_v1,0.067,0,0
4089,triage_v1,0.4799,0,1
4090,triage_v1,0.1587,0,0
4091,triage_v1,0.1083,0,0
4092,triage_v2,0.231,0,0
4093,triage_v2,0.2163,0,0
4094,triage_v1,0.01,0,0
4095,triage_v1,0.2663,0,0
4096,triage_v1,0.1228,0,0
4097,triage_v1,0.3546,0,0
4098,triage_v1,0.01,0,0
4099,triage_v1,0.1488,0,0
4100,triage_v1,0.1157,0,0
4101,triage_v1,0.01,0,0
4102,triage_v1,0.3339,0,0
4103,triage_v2,0.2915,0,0
4104,triage_v2,0.4012,0,0
4105,triage_v2,0.6093,1,0
4106,triage_v1,0.0442,0,0
4107,triage_v2,0.5277,1,0
4108,triage_v1,0.1116,0,0
4109,triage_v2,0.01,0,0
4110,triage_v2,0.01,0,0
4111,triage_v2,0.3368,0,0
4112,triage_v2,0.3497,0,0
4113,triage_v1,0.99,1,1
4114,triage_v2,0.01,0,0
4115,triage_v1,0.1898,0,0
4116,triage_v1,0.0305,0,0
4117,triage_v2,0.2388,0,0
4118,triage_v2,0.4158,0,0
4119,triage_v1,0.1493,0,0
4120,triage_v1,0.4726,0,0
4121,triage_v2,0.5042,1,0
4122,triage_v1,0.4846,0,1
4123,triage_v2,0.5007,1,0
4124,triage_v1,0.4701,0,0
4125,triage_v1,0.1981,0,0
4126,triage_v1,0.3753,0,0
4127,triage_v2,0.3396,0,0
4128,triage_v2,0.99,1,1
4129,triage_v1,0.01,0,0
4130,triage_v2,0.2383,0,0
4131,triage_v1,0.3612,0,0
4132,triage_v1,0.2195,0,0
4133,triage_v2,0.1253,0,0
4134,triage_v2,0.4149,0,0
4135,triage_v2,0.0531,0,0
4136,triage_v1,0.1812,0,0
4137,triage_v2,0.2344,0,0
4138,triage_v1,0.1088,0,0
4139,triage_v2,0.2573,0,0
4140,triage_v2,0.6269,1,1
4141,triage_v1,0.1355,0,0
4142,triage_v1,0.4473,0,0
4143,triage_v1,0.2891,0,0
4144,triage_v1,0.4585,0,0
4145,triage_v1,0.01,0,0
4146,triage_v1,0.2147,0,0
4147,triage_v1,0.252,0,0
4148,triage_v1,0.35,0,0
4149,triage_v2,0.3408,0,0
4150,triage_v2,0.01,0,0
4151,triage_v2,0.1361,0,0
4152,triage_v2,0.4872,0,0
4153,triage_v1,0.213,0,0
4154,triage_v2,0.2549,0,0
4155,triage_v2,0.1354,0,0
4156,triage_v1,0.1459,0,0
4157,triage_v1,0.2655,0,0
4158,triage_v1,0.1794,0,0
4159,triage_v1,0.293,0,0
4160,triage_v2,0.2036,0,0
4161,triage_v1,0.2566,0,0
4162,triage_v2,0.01,0,0
4163,triage_v2,0.351,0,0
4164,triage_v2,0.0809,0,0
4165,triage_v2,0.2198,0,0
4166,triage_v1,0.3666,0,0
4167,triage_v1,0.1636,0,0
4168,triage_v1,0.3987,0,0
4169,triage_v2,0.375,0,0
4170,triage_v2,0.2344,0,0
4171,triage_v2,0.3759,0,0
4172,triage_v2,0.1388,0,0
4173,triage_v1,0.596,1,0
4174,triage_v1,0.1471,0,0
4175,triage_v2,0.0511,0,0
4176,triage_v2,0.5726,1,1
4177,triage_v2,0.01,0,0
4178,triage_v1,0.1723,0,0
4179,triage_v2,0.2884,0,0
4180,triage_v2,0.292,0,0
4181,triage_v1,0.1349,0,0
4182,triage_v1,0.2347,0,0
4183,triage_v1,0.1592,0,0
4184,triage_v2,0.0513,0,0
4185,triage_v2,0.2206,0,0
4186,triage_v1,0.123,0,0
4187,triage_v1,0.2595,0,0
4188,triage_v2,0.2509,0,0
4189,triage_v1,0.3438,0,0
4190,triage_v1,0.4317,0,0
4191,triage_v1,0.8216,1,1
4192,triage_v1,0.2082,0,0
4193,triage_v2,0.1507,0,0
4194,triage_v2,0.3955,0,0
4195,triage_v1,0.1499,0,0
4196,triage_v2,0.262,0,0
4197,triage_v1,0.3025,0,0
4198,triage_v2,0.1457,0,0
4199,triage_v2,0.4511,0,0
4200,triage_v1,0.0957,0,0
4201,triage_v2,0.7442,1,1
4202,triage_v1,0.6006,1,0
4203,triage_v2,0.301,0,0
4204,triage_v2,0.1714,0,0
4205,triage_v2,0.2429,0,0
4206,triage_v1,0.7675,1,1
4207,triage_v1,0.2104,0,0
4208,triage_v1,0.01,0,0
4209,triage_v2,0.358,0,0
4210,triage_v2,0.3991,0,0
4211,triage_v1,0.0817,0,0
4212,triage_v1,0.3047,0,0
4213,triage_v2,0.01,0,0
4214,triage_v2,0.2526,0,0
4215,triage_v1,0.0618,0,0
4216,triage_v2,0.9629,1,1
4217,triage_v2,0.3016,0,0
4218,triage_v1,0.1333,0,0
4219,triage_v1,0.2804,0,0
4220,triage_v2,0.7023,1,1
4221,triage_v2,0.01,0,0
4222,triage_v2,0.3012,0,0
4223,triage_v1,0.1766,0,0
4224,triage_v1,0.4231,0,0
4225,triage_v2,0.01,0,0
4226,triage_v2,0.5131,1,0
4227,triage_v2,0.1313,0,0
4228,triage_v1,0.5508,1,0
4229,triage_v1,0.2634,0,0
4230,triage_v1,0.0948,0,0
4231,triage_v2,0.1159,0,0
4232,triage_v1,0.3343,0,0
4233,triage_v1,0.2474,0,0
4234,triage_v1,0.2704,0,0
4235,triage_v1,0.3806,0,0
4236,triage_v2,0.204,0,0
4237,triage_v2,0.3166,0,0
4238,triage_v2,0.5996,1,0
4239,triage_v2,0.2181,0,0
4240,triage_v1,0.656,1,0
4241,triage_v1,0.3269,0,0
4242,triage_v2,0.2807,0,0
4243,triage_v1,0.2655,0,0
4244,triage_v1,0.2143,0,0
4245,triage_v2,0.01,0,0
4246,triage_v2,0.1482,0,0
4247,triage_v1,0.2844,0,0
4248,triage_v2,0.01,0,0
4249,triage_v2,0.3561,0,0
4250,triage_v2,0.1847,0,0
4251,triage_v1,0.266,0,0
4252,triage_v1,0.057,0,0
4253,triage_v1,0.5242,1,1
4254,triage_v1,0.1127,0,0
4255,triage_v1,0.2757,0,0
4256,triage_v2,0.2397,0,0
4257,triage_v1,0.01,0,0
4258,triage_v1,0.2434,0,0
4259,triage_v2,0.203,0,0
4260,triage_v1,0.2614,0,0
4261,triage_v1,0.1108,0,0
4262,triage_v1,0.01,0,0
4263,triage_v1,0.823,1,1
4264,triage_v1,0.2013,0,0
4265,triage_v1,0.185,0,0
4266,triage_v2,0.5416,1,1
4267,triage_v1,0.5185,1,0
4268,triage_v1,0.01,0,0
4269,triage_v2,0.2114,0,0
4270,triage_v1,0.504,1,0
4271,triage_v1,0.0226,0,0
4272,triage_v1,0.3451,0,0
4273,triage_v1,0.1608,0,0
4274,triage_v1,0.01,0,0
4275,triage_v1,0.5899,1,0
4276,triage_v1,0.269,0,0
4277,triage_v1,0.1718,0,0
4278,triage_v2,0.01,0,0
4279,triage_v2,0.4912,0,0
4280,triage_v2,0.231,0,0
4281,triage_v1,0.8569,1,1
4282,triage_v1,0.6708,1,1
4283,triage_v2,0.1874,0,0
4284,triage_v2,0.2499,0,0
4285,triage_v2,0.261,0,0
4286,triage_v2,0.4072,0,0
4287,triage_v1,0.01,0,0
4288,triage_v2,0.5797,1,1
4289,triage_v2,0.975,1,1
4290,triage_v1,0.0777,0,0
4291,triage_v1,0.255,0,0
4292,triage_v1,0.4093,0,0
4293,triage_v2,0.3199,0,0
4294,triage_v2,0.5747,1,1
4295,triage_v1,0.9848,1,1
4296,triage_v1,0.1395,0,0
4297,triage_v1,0.4886,0,0
4298,triage_v2,0.1362,0,0
4299,triage_v2,0.4105,0,0
4300,triage_v1,0.3427,0,0
4301,triage_v2,0.635,1,0
4302,triage_v2,0.1034,0,0
4303,triage_v2,0.2234,0,0
4304,triage_v2,0.1523,0,0
4305,triage_v2,0.3772,0,0
4306,triage_v1,0.0575,0,0
4307,triage_v2,0.1397,0,0
4308,triage_v2,0.3581,0,0
4309,triage_v1,0.208,0,0
4310,triage_v1,0.01,0,0
4311,triage_v1,0.4094,0,0
4312,triage_v2,0.3952,0,0
4313,triage_v1,0.2263,0,0
4314,triage_v2,0.1962,0,0
4315,triage_v2,0.0147,0,0
4316,triage_v2,0.4467,0,0
4317,triage_v2,0.6045,1,0
4318,triage_v1,0.199,0,0
4319,triage_v1,0.485,0,0
4320,triage_v2,0.314,0,0
4321,triage_v1,0.2676,0,0
4322,triage_v1,0.0459,0,0
4323,triage_v2,0.7767,1,1
4324,triage_v2,0.3376,0,0
4325,triage_v1,0.4511,0,0
4326,triage_v2,0.0762,0,0
4327,triage_v2,0.01,0,0
4328,triage_v2,0.2634,0,0
4329,triage_v2,0.99,1,1
4330,triage_v1,0.2254,0,0
4331,triage_v1,0.4626,0,0
4332,triage_v2,0.4478,0,0
4333,triage_v1,0.01,0,0
4334,triage_v2,0.841,1,1
4335,triage_v2,0.0778,0,0
4336,triage_v2,0.4113,0,0
4337,triage_v2,0.3583,0,0
4338,triage_v1,0.3989,0,0
4339,triage_v2,0.3977,0,0
4340,triage_v1,0.4097,0,0
4341,triage_v2,0.2832,0,0
4342,triage_v1,0.4851,0,0
4343,triage_v1,0.1792,0,0
4344,triage_v2,0.2012,0,0
4345,triage_v1,0.0302,0,0
4346,triage_v1,0.2832,0,0
4347,triage_v2,0.1761,0,0
4348,triage_v1,0.3194,0,0
4349,triage_v2,0.0234,0,0
4350,triage_v2,0.7265,1,0
4351,triage_v1,0.4624,0,0
4352,triage_v1,0.4071,0,0
4353,triage_v1,0.3695,0,0
4354,triage_v2,0.2691,0,0
4355,triage_v2,0.1476,0,0
4356,triage_v2,0.0955,0,0
4357,triage_v1,0.2919,0,0
4358,triage_v1,0.2097,0,0
4359,triage_v1,0.01,0,0
4360,triage_v1,0.3274,0,0
4361,triage_v1,0.01,0,0
4362,triage_v2,0.1816,0,0
4363,triage_v1,0.5448,1,0
4364,triage_v1,0.6616,1,1
4365,triage_v2,0.3597,0,0
4366,triage_v2,0.164,0,0
4367,triage_v2,0.7076,1,1
4368,triage_v1,0.2414,0,0
4369,triage_v2,0.01,0,0
4370,triage_v1,0.0732,0,0
4371,triage_v1,0.01,0,0
4372,triage_v1,0.1073,0,0
4373,triage_v1,0.5153,1,0
4374,triage_v1,0.0736,0,0
4375,triage_v1,0.2332,0,0
4376,triage_v2,0.6625,1,1
4377,triage_v2,0.4405,0,0
4378,triage_v2,0.394,0,0
4379,triage_v2,0.7915,1,1
4380,triage_v1,0.2026,0,0
4381,triage_v1,0.01,0,0
4382,triage_v1,0.6977,1,1
4383,triage_v2,0.1087,0,0
4384,triage_v2,0.0288,0,0
4385,triage_v1,0.5017,1,0
4386,triage_v2,0.4273,0,0
4387,triage_v1,0.2334,0,0
4388,triage_v2,0.1642,0,0
4389,triage_v1,0.7674,1,1
4390,triage_v2,0.191,0,0
4391,triage_v2,0.2176,0,0
4392,triage_v1,0.5407,1,0
4393,triage_v1,0.4104,0,0
4394,triage_v1,0.4849,0,0
4395,triage_v2,0.2581,0,0
4396,triage_v2,0.1082,0,0
4397,triage_v1,0.2232,0,0
4398,triage_v2,0.5792,1,0
4399,triage_v2,0.3492,0,0
4400,triage_v2,0.2663,0,0
4401,triage_v1,0.2881,0,0
4402,triage_v1,0.3627,0,0
4403,triage_v2,0.2013,0,0
4404,triage_v2,0.0941,0,0
4405,triage_v2,0.2696,0,0
4406,triage_v2,0.1193,0,0
4407,triage_v1,0.4651,0,0
4408,triage_v1,0.2485,0,0
4409,triage_v2,0.5468,1,0
4410,triage_v2,0.3127,0,0
4411,triage_v2,0.3243,0,0
4412,triage_v1,0.6196,1,1
4413,triage_v2,0.4024,0,0
4414,triage_v2,0.3173,0,0
4415,triage_v2,0.2629,0,0
4416,triage_v1,0.2569,0,0
4417,triage_v1,0.7194,1,1
4418,triage_v1,0.1675,0,0
4419,triage_v2,0.3746,0,0
4420,triage_v1,0.0775,0,0
4421,triage_v1,0.9415,1,1
4422,triage_v2,0.0173,0,0
4423,triage_v1,0.4823,0,0
4424,triage_v2,0.392,0,0
4425,triage_v2,0.01,0,0
4426,triage_v1,0.5373,1,0
4427,triage_v1,0.3992,0,1
4428,triage_v2,0.2053,0,0
4429,triage_v1,0.3964,0,0
4430,triage_v1,0.0611,0,0
4431,triage_v2,0.893,1,1
4432,triage_v2,0.8243,1,1
4433,triage_v2,0.0658,0,0
4434,triage_v1,0.3922,0,0
4435,triage_v1,0.9423,1,1
4436,triage_v1,0.3007,0,0
4437,triage_v2,0.3381,0,0
4438,triage_v2,0.01,0,0
4439,triage_v2,0.01,0,0
4440,triage_v2,0.1209,0,0
4441,triage_v2,0.3859,0,0
4442,triage_v1,0.2916,0,0
4443,triage_v1,0.2445,0,0
4444,triage_v2,0.01,0,0
4445,triage_v1,0.01,0,0
4446,triage_v1,0.1993,0,0
4447,triage_v1,0.3247,0,0
4448,triage_v2,0.8029,1,1
4449,triage_v1,0.3877,0,0
4450,triage_v2,0.7564,1,1
4451,triage_v1,0.4803,0,0
4452,triage_v2,0.2716,0,0
4453,triage_v1,0.5327,1,0
4454,triage_v2,0.1948,0,0
4455,triage_v2,0.4504,0,0
4456,triage_v2,0.2689,0,0
4457,triage_v1,0.3058,0,0
4458,triage_v2,0.4935,0,1
4459,triage_v2,0.4797,0,1
4460,triage_v2,0.2978,0,0
4461,triage_v2,0.01,0,0
4462,triage_v1,0.1149,0,0
4463,triage_v1,0.0811,0,0
4464,triage_v1,0.2369,0,0
4465,triage_v2,0.2105,0,0
4466,triage_v1,0.01,0,0
4467,triage_v2,0.217,0,0
4468,triage_v1,0.01,0,0
4469,triage_v1,0.5455,1,1
4470,triage_v2,0.0339,0,0
4471,triage_v2,0.5028,1,0
4472,triage_v2,0.99,1,1
4473,triage_v2,0.01,0,0
4474,triage_v2,0.1535,0,0
4475,triage_v2,0.4148,0,0
4476,triage_v2,0.2523,0,0
4477,triage_v2,0.2895,0,0
4478,triage_v1,0.2425,0,0
4479,triage_v2,0.4109,0,0
4480,triage_v1,0.0834,0,0
4481,triage_v2,0.213,0,0
4482,triage_v1,0.01,0,0
4483,triage_v2,0.3995,0,0
4484,triage_v2,0.116,0,0
4485,triage_v2,0.2142,0,0
4486,triage_v1,0.4764,0,0
4487,triage_v2,0.3542,0,0
4488,triage_v2,0.9402,1,1
4489,triage_v2,0.4907,0,0
4490,triage_v1,0.4692,0,0
4491,triage_v1,0.1538,0,0
4492,triage_v2,0.2661,0,0
4493,triage_v1,0.0702,0,0
4494,triage_v2,0.01,0,0
4495,triage_v2,0.9741,1,1
4496,triage_v1,0.1982,0,0
4497,triage_v2,0.398,0,0
4498,triage_v2,0.2798,0,0
4499,triage_v1,0.3498,0,0
4500,triage_v1,0.6427,1,1
4501,triage_v1,0.0278,0,0
4502,triage_v1,0.4131,0,0
4503,triage_v2,0.0795,0,0
4504,triage_v2,0.1233,0,0
4505,triage_v1,0.4496,0,0
4506,triage_v2,0.2226,0,0
4507,triage_v2,0.2002,0,0
4508,triage_v1,0.4375,0,0
4509,triage_v2,0.5009,1,0
4510,triage_v2,0.3982,0,0
4511,triage_v2,0.0846,0,0
4512,triage_v1,0.0431,0,0
4513,triage_v1,0.5501,1,1
4514,triage_v2,0.3171,0,0
4515,triage_v2,0.4876,0,1
4516,triage_v1,0.1132,0,0
4517,triage_v2,0.01,0,0
4518,triage_v1,0.7515,1,1
4519,triage_v2,0.01,0,0
4520,triage_v1,0.7395,1,1
4521,triage_v2,0.3211,0,0
4522,triage_v2,0.1358,0,0
4523,triage_v2,0.3145,0,0
4524,triage_v1,0.3118,0,0
4525,triage_v2,0.3367,0,0
4526,triage_v2,0.138,0,0
4527,triage_v1,0.4398,0,0
4528,triage_v1,0.2877,0,1
4529,triage_v2,0.4495,0,0
4530,triage_v2,0.3738,0,0
4531,triage_v1,0.2662,0,0
4532,triage_v2,0.3504,0,0
4533,triage_v1,0.1835,0,0
4534,triage_v2,0.0426,0,0
4535,triage_v1,0.8523,1,1
4536,triage_v1,0.2413,0,0
4537,triage_v2,0.2455,0,0
4538,triage_v2,0.3654,0,0
4539,triage_v2,0.2055,0,0
4540,triage_v2,0.8869,1,1
4541,triage_v1,0.0969,0,0
4542,triage_v2,0.1645,0,0
4543,triage_v1,0.2177,0,0
4544,triage_v1,0.0413,0,0
4545,triage_v2,0.01,0,0
4546,triage_v1,0.4401,0,0
4547,triage_v1,0.1848,0,0
4548,triage_v1,0.2956,0,0
4549,triage_v2,0.0875,0,0
4550,triage_v1,0.2781,0,0
4551,triage_v2,0.4161,0,0
4552,triage_v1,0.2893,0,0
4553,triage_v1,0.1373,0,0
4554,triage_v1,0.1025,0,0
4555,triage_v1,0.251,0,0
4556,triage_v2,0.1382,0,0
4557,triage_v2,0.4014,0,0
4558,triage_v1,0.4834,0,0
4559,triage_v1,0.99,1,1
4560,triage_v1,0.1212,0,0
4561,triage_v2,0.1448,0,0
4562,triage_v2,0.2844,0,0
4563,triage_v1,0.1985,0,0
4564,triage_v2,0.262,0,0
4565,triage_v2,0.642,1,1
4566,triage_v2,0.1022,0,0
4567,triage_v1,0.2115,0,0
4568,triage_v2,0.1273,0,0
4569,triage_v1,0.0172,0,0
4570,triage_v2,0.1432,0,0
4571,triage_v2,0.6287,1,0
4572,triage_v1,0.0982,0,0
4573,triage_v2,0.01,0,0
4574,triage_v1,0.99,1,1
4575,triage_v1,0.3106,0,0
4576,triage_v1,0.4454,0,0
4577,triage_v1,0.01,0,0
4578,triage_v1,0.2772,0,0
4579,triage_v1,0.4351,0,0
4580,triage_v1,0.06,0,0
4581,triage_v2,0.2893,0,0
4582,triage_v2,0.1454,0,0
4583,triage_v1,0.3121,0,0
4584,triage_v2,0.474,0,0
4585,triage_v1,0.5443,1,0
4586,triage_v1,0.3218,0,0
4587,triage_v1,0.446,0,0
4588,triage_v2,0.7865,1,1
4589,triage_v1,0.99,1,1
4590,triage_v1,0.0588,0,0
4591,triage_v1,0.01,0,0
4592,triage_v2,0.6655,1,1
4593,triage_v1,0.258,0,0
4594,triage_v2,0.3013,0,0
4595,triage_v2,0.1011,0,0
4596,triage_v1,0.2266,0,0
4597,triage_v2,0.01,0,0
4598,triage_v2,0.3149,0,0
4599,triage_v1,0.3881,0,0
4600,triage_v2,0.593,1,1
4601,triage_v1,0.01,0,0
4602,triage_v2,0.8789,1,1
4603,triage_v1,0.0446,0,0
4604,triage_v1,0.3396,0,0
4605,triage_v2,0.062,0,0
4606,triage_v2,0.2896,0,0
4607,triage_v1,0.2513,0,0
4608,triage_v1,0.1341,0,0
4609,triage_v1,0.492,0,0
4610,triage_v1,0.4965,0,0
4611,triage_v2,0.01,0,0
4612,triage_v1,0.1086,0,0
4613,triage_v2,0.99,1,1
4614,triage_v1,0.2257,0,0
4615,triage_v2,0.6719,1,0
4616,triage_v2,0.2831,0,0
4617,triage_v1,0.1438,0,0
4618,triage_v1,0.1031,0,0
4619,triage_v2,0.1814,0,0
4620,triage_v1,0.2354,0,0
4621,triage_v2,0.5604,1,0
4622,triage_v1,0.4518,0,1
4623,triage_v2,0.0394,0,0
4624,triage_v2,0.3446,0,0
4625,triage_v2,0.39,0,0
4626,triage_v2,0.1626,0,0
4627,triage_v1,0.0394,0,0
4628,triage_v1,0.1508,0,0
4629,triage_v1,0.1781,0,0
4630,triage_v2,0.5515,1,1
4631,triage_v2,0.1017,0,0
4632,triage_v2,0.5956,1,0
4633,triage_v2,0.556,1,1
4634,triage_v2,0.1767,0,0
4635,triage_v2,0.1965,0,0
4636,triage_v2,0.2677,0,0
4637,triage_v1,0.01,0,0
4638,triage_v1,0.1625,0,0
4639,triage_v2,0.202,0,0
4640,triage_v1,0.2403,0,0
4641,triage_v1,0.6828,1,1
4642,triage_v1,0.6196,1,0
4643,triage_v2,0.0602,0,0
4644,triage_v1,0.3689,0,0
4645,triage_v2,0.205,0,0
4646,triage_v1,0.059,0,0
4647,triage_v2,0.01,0,0
4648,triage_v2,0.3731,0,0
4649,triage_v1,0.3034,0,0
4650,triage_v2,0.3729,0,0
4651,triage_v1,0.5134,1,0
4652,triage_v1,0.3213,0,0
4653,triage_v1,0.3417,0,0
4654,triage_v2,0.1586,0,0
4655,triage_v1,0.1224,0,0
4656,triage_v2,0.3005,0,0
4657,triage_v1,0.14,0,0
4658,triage_v1,0.8873,1,1
4659,triage_v1,0.0916,0,0
4660,triage_v1,0.0779,0,0
4661,triage_v2,0.9242,1,1
4662,triage_v2,0.2695,0,0
4663,triage_v2,0.5054,1,1
4664,triage_v2,0.2573,0,0
4665,triage_v2,0.0622,0,0
4666,triage_v1,0.2756,0,0
4667,triage_v1,0.2776,0,0
4668,triage_v2,0.1014,0,0
4669,triage_v1,0.0893,0,0
4670,triage_v2,0.01,0,0
4671,triage_v1,0.1948,0,0
4672,triage_v2,0.2204,0,0
4673,triage_v2,0.1853,0,0
4674,triage_v1,0.4975,0,0
4675,triage_v1,0.2502,0,0
4676,triage_v1,0.2361,0,0
4677,triage_v2,0.1831,0,0
4678,triage_v2,0.1299,0,0
4679,triage_v1,0.2406,0,0
4680,triage_v2,0.2759,0,0
4681,triage_v1,0.2165,0,0
4682,triage_v1,0.1133,0,0
4683,triage_v1,0.2899,0,0
4684,triage_v2,0.5312,1,1
4685,triage_v1,0.01,0,0
4686,triage_v2,0.097,0,0
4687,triage_v2,0.1076,0,0
4688,triage_v1,0.0983,0,0
4689,triage_v1,0.3393,0,0
4690,triage_v2,0.2762,0,0
4691,triage_v2,0.0222,0,0
4692,triage_v2,0.0556,0,0
4693,triage_v1,0.01,0,0
4694,triage_v1,0.2031,0,0
4695,triage_v1,0.1121,0,0
4696,triage_v1,0.2734,0,0
4697,triage_v1,0.4289,0,0
4698,triage_v2,0.0568,0,0
4699,triage_v2,0.3541,0,0
4700,triage_v1,0.0602,0,0
4701,triage_v2,0.01,0,0
4702,triage_v1,0.2259,0,0
4703,triage_v1,0.0998,0,0
4704,triage_v2,0.292,0,0
4705,triage_v2,0.5653,1,0
4706,triage_v1,0.0598,0,0
4707,triage_v1,0.3525,0,0
4708,triage_v2,0.248,0,0
4709,triage_v2,0.0659,0,0
4710,triage_v1,0.2297,0,0
4711,triage_v1,0.2302,0,0
4712,triage_v2,0.1742,0,0
4713,triage_v2,0.4144,0,0
4714,triage_v2,0.1315,0,0
4715,triage_v2,0.3586,0,1
4716,triage_v2,0.0884,0,0
4717,triage_v1,0.3112,0,0
4718,triage_v2,0.2067,0,0
4719,triage_v2,0.6151,1,0
4720,triage_v2,0.7805,1,1
4721,triage_v2,0.5463,1,1
4722,triage_v1,0.99,1,1
4723,triage_v1,0.1915,0,0
4724,triage_v2,0.4669,0,0
4725,triage_v1,0.1652,0,0
4726,triage_v2,0.1715,0,0
4727,triage_v1,0.3093,0,0
4728,triage_v2,0.5003,1,0
4729,triage_v2,0.8954,1,1
4730,triage_v1,0.5305,1,0
4731,triage_v2,0.3582,0,0
4732,triage_v2,0.6849,1,1
4733,triage_v1,0.4925,0,0
4734,triage_v1,0.01,0,0
4735,triage_v2,0.2724,0,0
4736,triage_v1,0.1329,0,0
4737,triage_v2,0.1243,0,0
4738,triage_v2,0.5982,1,1
4739,triage_v2,0.4396,0,1
4740,triage_v1,0.1408,0,0
4741,triage_v2,0.1136,0,0
4742,triage_v1,0.3148,0,0
4743,triage_v2,0.01,0,0
4744,triage_v2,0.4491,0,0
4745,triage_v1,0.5097,1,0
4746,triage_v1,0.0162,0,0
4747,triage_v1,0.1104,0,0
4748,triage_v2,0.3267,0,0
4749,triage_v1,0.0409,0,0
4750,triage_v2,0.162,0,0
4751,triage_v1,0.2416,0,0
4752,triage_v1,0.247,0,0
4753,triage_v1,0.023,0,0
4754,triage_v1,0.8056,1,1
4755,triage_v1,0.567,1,0
4756,triage_v2,0.0398,0,0
4757,triage_v2,0.32,0,0
4758,triage_v2,0.2502,0,0
4759,triage_v1,0.159,0,0
4760,triage_v2,0.6672,1,0
4761,triage_v2,0.1443,0,0
4762,triage_v2,0.2024,0,0
4763,triage_v1,0.2753,0,0
4764,triage_v2,0.497,0,0
4765,triage_v1,0.2786,0,0
4766,triage_v2,0.1917,0,0
4767,triage_v1,0.01,0,0
4768,triage_v2,0.0333,0,0
4769,triage_v2,0.043,0,0
4770,triage_v2,0.294,0,0
4771,triage_v2,0.2679,0,0
4772,triage_v2,0.1183,0,0
4773,triage_v2,0.3065,0,0
4774,triage_v2,0.0954,0,0
4775,triage_v2,0.4804,0,1
4776,triage_v1,0.3123,0,0
4777,triage_v1,0.01,0,0
4778,triage_v1,0.6162,1,1
4779,triage_v1,0.1964,0,0
4780,triage_v1,0.8256,1,1
4781,triage_v1,0.14,0,0
4782,triage_v2,0.5716,1,0
4783,triage_v2,0.055,0,0
4784,triage_v2,0.1813,0,0
4785,triage_v2,0.2957,0,0
4786,triage_v2,0.3857,0,0
4787,triage_v1,0.7309,1,1
4788,triage_v1,0.3124,0,0
4789,triage_v1,0.2298,0,0
4790,triage_v1,0.0732,0,0
4791,triage_v2,0.6224,1,0
4792,triage_v2,0.135,0,0
4793,triage_v1,0.2468,0,0
4794,triage_v2,0.1488,0,0
4795,triage_v1,0.01,0,0
4796,triage_v1,0.99,1,1
4797,triage_v2,0.3746,0,0
4798,triage_v1,0.6144,1,0
4799,triage_v1,0.0405,0,0
4800,triage_v2,0.2978,0,0
4801,triage_v2,0.41,0,0
4802,triage_v2,0.01,0,0
4803,triage_v2,0.3865,0,0
4804,triage_v2,0.1775,0,0
4805,triage_v1,0.4637,0,0
4806,triage_v2,0.5583,1,0
4807,triage_v2,0.6783,1,1
4808,triage_v2,0.311,0,0
4809,triage_v1,0.2738,0,0
4810,triage_v1,0.1431,0,0
4811,triage_v2,0.129,0,0
4812,triage_v2,0.1942,0,0
4813,triage_v1,0.236,0,0
4814,triage_v2,0.1834,0,0
4815,triage_v2,0.2943,0,0
4816,triage_v1,0.5572,1,1
4817,triage_v2,0.8124,1,1
4818,triage_v2,0.01,0,0
4819,triage_v2,0.307,0,0
4820,triage_v2,0.3163,0,0
4821,triage_v1,0.01,0,0
4822,triage_v1,0.3689,0,0
4823,triage_v1,0.3009,0,0
4824,triage_v2,0.428,0,0
4825,triage_v1,0.2098,0,0
4826,triage_v2,0.3915,0,0
4827,triage_v1,0.2666,0,0
4828,triage_v2,0.62,1,1
4829,triage_v1,0.1414,0,0
4830,triage_v2,0.1415,0,0
4831,triage_v2,0.01,0,0
4832,triage_v1,0.6909,1,1
4833,triage_v1,0.01,0,0
4834,triage_v1,0.3622,0,0
4835,triage_v2,0.99,1,1
4836,triage_v2,0.2588,0,0
4837,triage_v1,0.2991,0,0
4838,triage_v2,0.5623,1,1
4839,triage_v1,0.3992,0,0
4840,triage_v1,0.1005,0,0
4841,triage_v2,0.2391,0,0
4842,triage_v2,0.3106,0,0
4843,triage_v2,0.3054,0,0
4844,triage_v2,0.1727,0,0
4845,triage_v2,0.1377,0,0
4846,triage_v2,0.464,0,1
4847,triage_v2,0.3051,0,0
4848,triage_v2,0.01,0,0
4849,triage_v2,0.5342,1,0
4850,triage_v2,0.5027,1,0
4851,triage_v2,0.2587,0,0
4852,triage_v2,0.4802,0,0
4853,triage_v1,0.01,0,0
4854,triage_v2,0.3079,0,0
4855,triage_v1,0.6212,1,0
4856,triage_v1,0.609,1,0
4857,triage_v1,0.2619,0,0
4858,triage_v1,0.4533,0,0
4859,triage_v2,0.2148,0,0
4860,triage_v2,0.3915,0,0
4861,triage_v2,0.2181,0,0
4862,triage_v2,0.154,0,0
4863,triage_v2,0.2334,0,0
4864,triage_v2,0.3701,0,0
4865,triage_v2,0.1785,0,0
4866,triage_v2,0.2789,0,0
4867,triage_v1,0.0708,0,0
4868,triage_v2,0.3384,0,0
4869,triage_v1,0.4973,0,0
4870,triage_v2,0.7075,1,1
4871,triage_v2,0.01,0,0
4872,triage_v1,0.1051,0,0
4873,triage_v2,0.5051,1,0
4874,triage_v2,0.3885,0,0
4875,triage_v2,0.01,0,0
4876,triage_v2,0.5276,1,0
4877,triage_v1,0.1351,0,0
4878,triage_v1,0.01,0,0
4879,triage_v1,0.01,0,0
4880,triage_v2,0.0203,0,0
4881,triage_v2,0.4009,0,0
4882,triage_v1,0.0182,0,0
4883,triage_v2,0.01,0,0
4884,triage_v2,0.01,0,0
4885,triage_v2,0.2135,0,0
4886,triage_v2,0.4886,0,0
4887,triage_v1,0.2609,0,0
4888,triage_v1,0.1861,0,0
4889,triage_v2,0.4528,0,0
4890,triage_v2,0.4706,0,0
4891,triage_v2,0.3747,0,0
4892,triage_v2,0.3535,0,0
4893,triage_v1,0.2925,0,0
4894,triage_v2,0.196,0,0
4895,triage_v2,0.0623,0,0
4896,triage_v2,0.8374,1,1
4897,triage_v2,0.01,0,0
4898,triage_v1,0.0659,0,0
4899,triage_v2,0.037,0,0
4900,triage_v2,0.3984,0,0
4901,triage_v2,0.5327,1,0
4902,triage_v2,0.8587,1,1
4903,triage_v1,0.01,0,0
4904,triage_v2,0.01,0,0
4905,triage_v2,0.01,0,0
4906,triage_v2,0.6958,1,1
4907,triage_v1,0.3273,0,0
4908,triage_v1,0.2816,0,0
4909,triage_v1,0.2398,0,0
4910,triage_v1,0.99,1,1
4911,triage_v1,0.0837,0,0
4912,triage_v2,0.2222,0,0
4913,triage_v1,0.2921,0,0
4914,triage_v1,0.1488,0,0
4915,triage_v1,0.0606,0,0
4916,triage_v2,0.0201,0,0
4917,triage_v2,0.055,0,0
4918,triage_v2,0.2195,0,0
4919,triage_v2,0.3318,0,0
4920,triage_v1,0.6021,1,1
4921,triage_v2,0.6279,1,1
4922,triage_v1,0.162,0,0
4923,triage_v1,0.01,0,0
4924,triage_v1,0.1304,0,0
4925,triage_v1,0.01,0,0
4926,triage_v2,0.1425,0,0
4927,triage_v1,0.1131,0,0
4928,triage_v1,0.2091,0,0
4929,triage_v1,0.63,1,1
4930,triage_v2,0.3163,0,0
4931,triage_v1,0.2939,0,0
4932,triage_v2,0.4144,0,0
4933,triage_v1,0.01,0,0
4934,triage_v1,0.2991,0,0
4935,triage_v1,0.2627,0,0
4936,triage_v2,0.1664,0,0
4937,triage_v2,0.5975,1,1
4938,triage_v2,0.01,0,0
4939,triage_v2,0.5062,1,0
4940,triage_v1,0.8133,1,1
4941,triage_v2,0.4397,0,0
4942,triage_v1,0.6873,1,0
4943,triage_v2,0.7801,1,1
4944,triage_v1,0.4505,0,0
4945,triage_v1,0.01,0,0
4946,triage_v1,0.01,0,0
4947,triage_v2,0.089,0,0
4948,triage_v2,0.1772,0,0
4949,triage_v2,0.1888,0,0
4950,triage_v2,0.2376,0,0
4951,triage_v2,0.7319,1,1
4952,triage_v1,0.2921,0,0
4953,triage_v1,0.6257,1,1
4954,triage_v2,0.3611,0,0
4955,triage_v1,0.3868,0,0
4956,triage_v1,0.724,1,1
4957,triage_v1,0.4898,0,0
4958,triage_v1,0.8534,1,1
4959,triage_v2,0.4556,0,0
4960,triage_v1,0.2011,0,0
4961,triage_v2,0.3511,0,0
4962,triage_v2,0.2764,0,0
4963,triage_v2,0.3468,0,0
4964,triage_v2,0.3713,0,1
4965,triage_v1,0.79,1,1
4966,triage_v2,0.01,0,0
4967,triage_v2,0.2397,0,0
4968,triage_v2,0.2763,0,0
4969,triage_v2,0.2989,0,0
4970,triage_v1,0.4279,0,0
4971,triage_v1,0.093,0,0
4972,triage_v2,0.2331,0,0
4973,triage_v1,0.2554,0,0
4974,triage_v2,0.1598,0,0
4975,triage_v1,0.1911,0,0
4976,triage_v2,0.99,1,1
4977,triage_v1,0.415,0,0
4978,triage_v1,0.6463,1,1
4979,triage_v2,0.2702,0,0
4980,triage_v1,0.3121,0,0
4981,triage_v2,0.3602,0,0
4982,triage_v2,0.101,0,0
4983,triage_v1,0.4397,0,0
4984,triage_v2,0.1041,0,0
4985,triage_v2,0.1621,0,0
4986,triage_v1,0.1558,0,0
4987,triage_v2,0.8136,1,1
4988,triage_v2,0.1532,0,0
4989,triage_v1,0.1553,0,0
4990,triage_v1,0.3151,0,0
4991,triage_v1,0.2996,0,0
4992,triage_v1,0.4914,0,1
4993,triage_v1,0.2481,0,0
4994,triage_v2,0.303,0,0
4995,triage_v2,0.2574,0,0
4996,triage_v1,0.3531,0,0
4997,triage_v2,0.01,0,0
4998,triage_v1,0.6962,1,1
4999,triage_v1,0.2332,0,0
5000,triage_v2,0.2277,0,0
5001,triage_v2,0.2497,0,0
5002,triage_v2,0.1411,0,0
5003,triage_v2,0.6649,1,0
5004,triage_v1,0.3002,0,0
5005,triage_v2,0.1931,0,0
5006,triage_v1,0.2143,0,0
5007,triage_v2,0.948,1,1
5008,triage_v2,0.1522,0,0
5009,triage_v2,0.7839,1,1
5010,triage_v2,0.4434,0,0
5011,triage_v2,0.1183,0,0
5012,triage_v2,0.126,0,0
5013,triage_v2,0.4327,0,0
5014,triage_v2,0.3843,0,0
5015,triage_v2,0.99,1,1
5016,triage_v2,0.9402,1,1
5017,triage_v1,0.0355,0,0
5018,triage_v2,0.1009,0,0
5019,triage_v1,0.2995,0,0
5020,triage_v2,0.4616,0,0
5021,triage_v1,0.1056,0,0
5022,triage_v2,0.4313,0,1
5023,triage_v1,0.323,0,0
5024,triage_v1,0.4677,0,0
5025,triage_v1,0.01,0,0
5026,triage_v2,0.5587,1,0
5027,triage_v2,0.4866,0,0
5028,triage_v2,0.7397,1,1
5029,triage_v2,0.4517,0,0
5030,triage_v2,0.01,0,0
5031,triage_v2,0.2415,0,0
5032,triage_v1,0.3745,0,0
5033,triage_v1,0.4755,0,0
5034,triage_v2,0.1793,0,0
5035,triage_v1,0.2908,0,0
5036,triage_v2,0.5412,1,0
5037,triage_v1,0.2238,0,0
5038,triage_v2,0.18,0,0
5039,triage_v1,0.349,0,0
5040,triage_v1,0.1137,0,0
5041,triage_v2,0.01,0,0
5042,triage_v2,0.0936,0,0
5043,triage_v1,0.3753,0,0
5044,triage_v2,0.5112,1,0
5045,triage_v1,0.2387,0,0
5046,triage_v2,0.01,0,0
5047,triage_v2,0.0437,0,0
5048,triage_v1,0.3557,0,0
5049,triage_v2,0.4,0,0
5050,triage_v1,0.2266,0,0
5051,triage_v1,0.2449,0,0
5052,triage_v2,0.1458,0,0
5053,triage_v2,0.1012,0,0
5054,triage_v1,0.1468,0,0
5055,triage_v1,0.1146,0,0
5056,triage_v2,0.3049,0,0
5057,triage_v1,0.2027,0,0
5058,triage_v1,0.2916,0,0
5059,triage_v2,0.01,0,0
5060,triage_v1,0.01,0,0
5061,triage_v1,0.4,0,0
5062,triage_v1,0.14,0,0
5063,triage_v1,0.0131,0,0
5064,triage_v2,0.3412,0,0
5065,triage_v2,0.1296,0,0
5066,triage_v1,0.01,0,0
5067,triage_v2,0.2981,0,0
5068,triage_v2,0.7527,1,1
5069,triage_v2,0.1563,0,0
5070,triage_v2,0.6749,1,1
5071,triage_v2,0.3387,0,0
5072,triage_v1,0.4418,0,1
5073,triage_v1,0.7061,1,1
5074,triage_v2,0.01,0,0
5075,triage_v2,0.2721,0,0
5076,triage_v2,0.212,0,0
5077,triage_v1,0.3115,0,0
5078,triage_v1,0.2108,0,0
5079,triage_v1,0.3462,0,0
5080,triage_v2,0.2717,0,0
5081,triage_v1,0.235,0,0
5082,triage_v2,0.4907,0,0
5083,triage_v1,0.234,0,0
5084,triage_v1,0.2677,0,0
5085,triage_v2,0.2532,0,0
5086,triage_v1,0.3475,0,0
5087,triage_v1,0.7401,1,1
5088,triage_v2,0.3448,0,0
5089,triage_v2,0.7843,1,1
5090,triage_v2,0.1069,0,0
5091,triage_v2,0.3574,0,0
5092,triage_v1,0.3711,0,0
5093,triage_v1,0.378,0,0
5094,triage_v1,0.0283,0,0
5095,triage_v1,0.081,0,0
5096,triage_v1,0.6567,1,1
5097,triage_v2,0.01,0,0
5098,triage_v1,0.0588,0,0
5099,triage_v1,0.1713,0,0
5100,triage_v1,0.2035,0,0
5101,triage_v1,0.1527,0,0
5102,triage_v2,0.262,0,0
5103,triage_v2,0.4738,0,0
5104,triage_v2,0.4596,0,0
5105,triage_v1,0.3521,0,0
5106,triage_v2,0.3607,0,0
5107,triage_v1,0.2552,0,0
5108,triage_v2,0.063,0,0
5109,triage_v2,0.1554,0,0
5110,triage_v1,0.319,0,0
5111,triage_v2,0.2804,0,0
5112,triage_v2,0.99,1,1
5113,triage_v2,0.2899,0,0
5114,triage_v1,0.2414,0,0
5115,triage_v2,0.3282,0,0
5116,triage_v1,0.3142,0,0
5117,triage_v1,0.1956,0,0
5118,triage_v1,0.3817,0,0
5119,triage_v2,0.1068,0,0
5120,triage_v1,0.2208,0,0
5121,triage_v2,0.4992,0,1
5122,triage_v1,0.4603,0,0
5123,triage_v1,0.1127,0,0
5124,triage_v1,0.0279,0,0
5125,triage_v2,0.3102,0,0
5126,triage_v1,0.3465,0,0
5127,triage_v1,0.1557,0,0
5128,triage_v2,0.018,0,0
5129,triage_v2,0.3434,0,0
5130,triage_v1,0.5185,1,1
5131,triage_v2,0.2216,0,0
5132,triage_v2,0.2916,0,0
5133,triage_v2,0.2146,0,0
5134,triage_v2,0.01,0,0
5135,triage_v1,0.1315,0,0
5136,triage_v2,0.2239,0,0
5137,triage_v2,0.1661,0,0
5138,triage_v2,0.1231,0,0
5139,triage_v2,0.99,1,1
5140,triage_v2,0.1668,0,0
5141,triage_v2,0.0621,0,0
5142,triage_v2,0.2222,0,0
5143,triage_v1,0.6271,1,1
5144,triage_v2,0.1715,0,0
5145,triage_v2,0.0484,0,0
5146,triage_v1,0.0515,0,0
5147,triage_v2,0.3005,0,0
5148,triage_v1,0.1155,0,0
5149,triage_v2,0.4291,0,0
5150,triage_v1,0.8106,1,1
5151,triage_v1,0.3567,0,0
5152,triage_v1,0.1107,0,0
5153,triage_v1,0.265,0,0
5154,triage_v2,0.0168,0,0
5155,triage_v2,0.0503,0,0
5156,triage_v2,0.0645,0,0
5157,triage_v1,0.9873,1,1
5158,triage_v1,0.0379,0,0
5159,triage_v1,0.0289,0,0
5160,triage_v1,0.99,1,1
5161,triage_v2,0.1484,0,0
5162,triage_v1,0.332,0,0
5163,triage_v2,0.1223,0,0
5164,triage_v2,0.6786,1,1
5165,triage_v2,0.1778,0,0
5166,triage_v2,0.2133,0,0
5167,triage_v1,0.4391,0,0
5168,triage_v1,0.01,0,0
5169,triage_v2,0.0448,0,0
5170,triage_v1,0.4647,0,0
5171,triage_v2,0.01,0,0
5172,triage_v1,0.438,0,0
5173,triage_v1,0.3901,0,0
5174,triage_v1,0.0842,0,0
5175,triage_v1,0.01,0,0
5176,triage_v1,0.189,0,0
5177,triage_v1,0.4161,0,0
5178,triage_v1,0.7473,1,1
5179,triage_v2,0.01,0,0
5180,triage_v2,0.3235,0,0
5181,triage_v1,0.99,1,1
5182,triage_v1,0.5464,1,1
5183,triage_v2,0.906,1,1
5184,triage_v2,0.2998,0,0
5185,triage_v1,0.6109,1,1
5186,triage_v1,0.01,0,0
5187,triage_v1,0.5154,1,0
5188,triage_v1,0.1529,0,0
5189,triage_v2,0.1667,0,0
5190,triage_v1,0.3897,0,0
5191,triage_v1,0.0341,0,0
5192,triage_v1,0.2125,0,0
5193,triage_v2,0.0757,0,0
5194,triage_v1,0.2012,0,0
5195,triage_v2,0.5076,1,0
5196,triage_v1,0.1219,0,0
5197,triage_v2,0.2459,0,0
5198,triage_v1,0.1163,0,0
5199,triage_v2,0.3761,0,0
5200,triage_v2,0.1338,0,0
5201,triage_v2,0.5663,1,0
5202,triage_v2,0.2461,0,0
5203,triage_v2,0.2255,0,0
5204,triage_v1,0.2841,0,0
5205,triage_v1,0.4507,0,0
5206,triage_v2,0.1281,0,0
5207,triage_v2,0.1307,0,0
5208,triage_v2,0.8351,1,1
5209,triage_v1,0.01,0,0
5210,triage_v2,0.01,0,0
5211,triage_v2,0.5218,1,0
5212,triage_v1,0.081,0,0
5213,triage_v1,0.9217,1,1
5214,triage_v2,0.1478,0,0
5215,triage_v2,0.01,0,0
5216,triage_v1,0.197,0,0
5217,triage_v1,0.6251,1,1
5218,triage_v1,0.399,0,0
5219,triage_v1,0.01,0,0
5220,triage_v2,0.2431,0,0
5221,triage_v1,0.5035,1,0
5222,triage_v1,0.781,1,1
5223,triage_v1,0.3503,0,0
5224,triage_v2,0.118,0,0
5225,triage_v1,0.7178,1,1
5226,triage_v2,0.0641,0,0
5227,triage_v1,0.4498,0,1
5228,triage_v1,0.3187,0,0
5229,triage_v1,0.01,0,0
5230,triage_v2,0.0395,0,0
5231,triage_v2,0.4232,0,0
5232,triage_v1,0.4949,0,0
5233,triage_v2,0.268,0,0
5234,triage_v1,0.01,0,0
5235,triage_v1,0.8091,1,1
5236,triage_v1,0.1968,0,0
5237,triage_v1,0.2676,0,0
5238,triage_v1,0.0115,0,0
5239,triage_v2,0.2187,0,0
5240,triage_v1,0.1474,0,0
5241,triage_v2,0.3314,0,0
5242,triage_v1,0.5142,1,1
5243,triage_v1,0.1605,0,0
5244,triage_v2,0.173,0,0
5245,triage_v2,0.0431,0,0
5246,triage_v1,0.5765,1,1
5247,triage_v2,0.1477,0,0
5248,triage_v1,0.5805,1,0
5249,triage_v1,0.3642,0,0
5250,triage_v1,0.4233,0,0
5251,triage_v2,0.2505,0,0
5252,triage_v1,0.6848,1,1
5253,triage_v1,0.0857,0,0
5254,triage_v1,0.3338,0,0
5255,triage_v2,0.6362,1,0
5256,triage_v2,0.1967,0,0
5257,triage_v2,0.3046,0,0
5258,triage_v2,0.54,1,1
5259,triage_v1,0.4583,0,0
5260,triage_v2,0.0733,0,0
5261,triage_v2,0.01,0,0
5262,triage_v1,0.0768,0,0
5263,triage_v1,0.4414,0,0
5264,triage_v2,0.4638,0,0
5265,triage_v2,0.03,0,0
5266,triage_v2,0.2019,0,0
5267,triage_v1,0.4155,0,0
5268,triage_v1,0.4113,0,0
5269,triage_v2,0.4645,0,0
5270,triage_v1,0.01,0,0
5271,triage_v1,0.2673,0,0
5272,triage_v2,0.3103,0,0
5273,triage_v1,0.1937,0,0
5274,triage_v2,0.3075,0,0
5275,triage_v2,0.3559,0,0
5276,triage_v1,0.01,0,0
5277,triage_v1,0.01,0,0
5278,triage_v1,0.2967,0,0
5279,triage_v2,0.01,0,0
5280,triage_v1,0.3696,0,0
5281,triage_v2,0.8469,1,1
5282,triage_v1,0.7604,1,1
5283,triage_v2,0.9213,1,1
5284,triage_v2,0.2081,0,0
5285,triage_v2,0.0557,0,0
5286,triage_v1,0.0935,0,0
5287,triage_v1,0.2999,0,0
5288,triage_v2,0.3323,0,0
5289,triage_v1,0.3213,0,0
5290,triage_v1,0.5478,1,0
5291,triage_v2,0.2832,0,0
5292,triage_v1,0.4006,0,0
5293,triage_v1,0.3247,0,0
5294,triage_v1,0.3823,0,0
5295,triage_v2,0.01,0,0
5296,triage_v1,0.4011,0,0
5297,triage_v2,0.2171,0,0
5298,triage_v1,0.1179,0,0
5299,triage_v2,0.3248,0,0
5300,triage_v1,0.2921,0,0
5301,triage_v1,0.1611,0,0
5302,triage_v2,0.3487,0,0
5303,triage_v2,0.1516,0,0
5304,triage_v1,0.0557,0,0
5305,triage_v2,0.4146,0,0
5306,triage_v2,0.6771,1,1
5307,triage_v1,0.1871,0,0
5308,triage_v2,0.536,1,0
5309,triage_v2,0.5365,1,0
5310,triage_v1,0.3591,0,0
5311,triage_v1,0.3289,0,0
5312,triage_v2,0.5177,1,0
5313,triage_v1,0.01,0,0
5314,triage_v2,0.01,0,0
5315,triage_v1,0.3559,0,0
5316,triage_v2,0.0913,0,0
5317,triage_v1,0.283,0,0
5318,triage_v2,0.3331,0,0
5319,triage_v1,0.2039,0,0
5320,triage_v2,0.7751,1,1
5321,triage_v2,0.0468,0,0
5322,triage_v2,0.5276,1,0
5323,triage_v1,0.4612,0,0
5324,triage_v2,0.3241,0,0
5325,triage_v1,0.6206,1,1
5326,triage_v1,0.2613,0,0
5327,triage_v2,0.426,0,0
5328,triage_v1,0.4893,0,1
5329,triage_v1,0.01,0,0
5330,triage_v1,0.208,0,0
5331,triage_v2,0.99,1,1
5332,triage_v2,0.01,0,0
5333,triage_v2,0.0646,0,0
5334,triage_v2,0.4914,0,0
5335,triage_v2,0.6587,1,1
5336,triage_v1,0.1559,0,0
5337,triage_v1,0.2792,0,0
5338,triage_v2,0.4215,0,0
5339,triage_v1,0.4173,0,0
5340,triage_v1,0.0751,0,0
5341,triage_v1,0.2498,0,0
5342,triage_v2,0.01,0,0
5343,triage_v1,0.2778,0,0
5344,triage_v1,0.0854,0,0
5345,triage_v2,0.2061,0,0
5346,triage_v1,0.5914,1,0
5347,triage_v2,0.4956,0,0
5348,triage_v1,0.0636,0,0
5349,triage_v2,0.301,0,0
5350,triage_v2,0.3914,0,1
5351,triage_v2,0.01,0,0
5352,triage_v1,0.1916,0,0
5353,triage_v2,0.4128,0,0
5354,triage_v2,0.4228,0,1
5355,triage_v2,0.01,0,0
5356,triage_v2,0.6812,1,1
5357,triage_v2,0.01,0,0
5358,triage_v2,0.7322,1,1
5359,triage_v1,0.1867,0,0
5360,triage_v2,0.4181,0,1
5361,triage_v2,0.1813,0,0
5362,triage_v2,0.3467,0,0
5363,triage_v2,0.3344,0,0
5364,triage_v1,0.073,0,0
5365,triage_v1,0.01,0,0
5366,triage_v1,0.01,0,0
5367,triage_v2,0.01,0,0
5368,triage_v1,0.6914,1,1
5369,triage_v2,0.1532,0,0
5370,triage_v2,0.01,0,0
5371,triage_v1,0.0604,0,0
5372,triage_v2,0.7238,1,1
5373,triage_v2,0.9649,1,1
5374,triage_v1,0.01,0,0
5375,triage_v2,0.3018,0,0
5376,triage_v2,0.964,1,1
5377,triage_v1,0.1777,0,0
5378,triage_v2,0.2512,0,0
5379,triage_v1,0.2532,0,0
5380,triage_v2,0.251,0,0
5381,triage_v1,0.2894,0,0
5382,triage_v2,0.4456,0,0
5383,triage_v2,0.2907,0,0
5384,triage_v1,0.6218,1,1
5385,triage_v2,0.8595,1,1
5386,triage_v2,0.01,0,0
5387,triage_v2,0.346,0,0
5388,triage_v1,0.3341,0,0
5389,triage_v2,0.01,0,0
5390,triage_v1,0.3505,0,0
5391,triage_v2,0.4974,0,0
5392,triage_v1,0.2636,0,0
5393,triage_v1,0.1752,0,0
5394,triage_v1,0.0311,0,0
5395,triage_v1,0.3138,0,0
5396,triage_v2,0.0818,0,0
5397,triage_v1,0.3105,0,0
5398,triage_v1,0.3032,0,0
5399,triage_v1,0.01,0,0
5400,triage_v2,0.0189,0,0
5401,triage_v1,0.2044,0,0
5402,triage_v1,0.1794,0,0
5403,triage_v2,0.1502,0,0
5404,triage_v2,0.1648,0,0
5405,triage_v1,0.2558,0,0
5406,triage_v1,0.0261,0,0
5407,triage_v2,0.0541,0,0
5408,triage_v2,0.4056,0,0
5409,triage_v1,0.9783,1,1
5410,triage_v1,0.1667,0,0
5411,triage_v2,0.3046,0,0
5412,triage_v1,0.558,1,0
5413,triage_v1,0.0357,0,0
5414,triage_v1,0.2068,0,0
5415,triage_v1,0.1229,0,0
5416,triage_v1,0.4416,0,0
5417,triage_v2,0.4805,0,0
5418,triage_v2,0.1812,0,0
5419,triage_v2,0.134,0,0
5420,triage_v1,0.2781,0,0
5421,triage_v2,0.2681,0,0
5422,triage_v1,0.3165,0,0
5423,triage_v1,0.2187,0,0
5424,triage_v2,0.1004,0,0
5425,triage_v2,0.362,0,0
5426,triage_v2,0.3941,0,0
5427,triage_v2,0.1997,0,0
5428,triage_v1,0.2646,0,0
5429,triage_v2,0.2273,0,0
5430,triage_v2,0.7336,1,1
5431,triage_v2,0.0696,0,0
5432,triage_v1,0.01,0,0
5433,triage_v2,0.716,1,1
5434,triage_v2,0.1875,0,0
5435,triage_v1,0.0881,0,0
5436,triage_v2,0.1137,0,0
5437,triage_v1,0.2734,0,0
5438,triage_v2,0.5874,1,1
5439,triage_v2,0.4491,0,0
5440,triage_v2,0.2897,0,0
5441,triage_v2,0.2855,0,0
5442,triage_v2,0.6743,1,0
5443,triage_v1,0.334,0,0
5444,triage_v2,0.3614,0,0
5445,triage_v1,0.1122,0,0
5446,triage_v1,0.01,0,0
5447,triage_v2,0.2867,0,0
5448,triage_v2,0.2072,0,0
5449,triage_v2,0.2626,0,0
5450,triage_v2,0.2684,0,0
5451,triage_v1,0.8041,1,1
5452,triage_v1,0.0474,0,0
5453,triage_v1,0.1652,0,0
5454,triage_v1,0.01,0,0
5455,triage_v2,0.0648,0,0
5456,triage_v1,0.0367,0,0
5457,triage_v1,0.5196,1,0
5458,triage_v1,0.4266,0,0
5459,triage_v1,0.3947,0,0
5460,triage_v1,0.3875,0,0
5461,triage_v1,0.3647,0,0
5462,triage_v2,0.8688,1,1
5463,triage_v2,0.3263,0,0
5464,triage_v2,0.4087,0,0
5465,triage_v2,0.5403,1,0
5466,triage_v2,0.2321,0,0
5467,triage_v1,0.4718,0,0
5468,triage_v1,0.418,0,0
5469,triage_v1,0.2658,0,0
5470,triage_v1,0.3801,0,0
5471,triage_v2,0.3341,0,0
5472,triage_v1,0.9875,1,1
5473,triage_v1,0.4134,0,0
5474,triage_v2,0.7026,1,1
5475,triage_v2,0.4256,0,0
5476,triage_v1,0.6753,1,1
5477,triage_v2,0.3465,0,0
5478,triage_v1,0.2464,0,0
5479,triage_v1,0.4487,0,0
5480,triage_v2,0.5316,1,0
5481,triage_v1,0.1923,0,0
5482,triage_v2,0.1598,0,0
5483,triage_v1,0.2418,0,0
5484,triage_v2,0.146,0,0
5485,triage_v1,0.4574,0,0
5486,triage_v2,0.1434,0,0
5487,triage_v1,0.4814,0,0
5488,triage_v2,0.3437,0,0
5489,triage_v2,0.0813,0,0
5490,triage_v2,0.01,0,0
5491,triage_v1,0.4034,0,0
5492,triage_v2,0.2893,0,0
5493,triage_v2,0.01,0,0
5494,triage_v1,0.01,0,0
5495,triage_v2,0.4558,0,0
5496,triage_v1,0.0958,0,0
5497,triage_v2,0.01,0,0
5498,triage_v1,0.276,0,0
5499,triage_v1,0.0593,0,0
5500,triage_v2,0.3616,0,0
5501,triage_v1,0.3145,0,0
5502,triage_v1,0.2049,0,0
5503,triage_v2,0.01,0,0
5504,triage_v2,0.1572,0,0
5505,triage_v2,0.6246,1,1
5506,triage_v2,0.2329,0,0
5507,triage_v2,0.2985,0,0
5508,triage_v1,0.3276,0,0
5509,triage_v2,0.1201,0,0
5510,triage_v1,0.7969,1,1
5511,triage_v1,0.3452,0,0
5512,triage_v2,0.2449,0,0
5513,triage_v1,0.7558,1,0
5514,triage_v1,0.2079,0,0
5515,triage_v1,0.7744,1,1
5516,triage_v1,0.122,0,0
5517,triage_v2,0.8733,1,1
5518,triage_v1,0.26,0,0
5519,triage_v1,0.0929,0,0
5520,triage_v1,0.303,0,0
5521,triage_v1,0.1001,0,0
5522,triage_v1,0.3143,0,0
5523,triage_v2,0.1262,0,0
5524,triage_v1,0.1791,0,0
5525,triage_v2,0.3553,0,0
5526,triage_v2,0.6353,1,0
5527,triage_v2,0.3694,0,0
5528,triage_v2,0.4049,0,0
5529,triage_v1,0.013,0,0
5530,triage_v2,0.3204,0,0
5531,triage_v2,0.1127,0,0
5532,triage_v2,0.5932,1,1
5533,triage_v2,0.1467,0,0
5534,triage_v2,0.1505,0,0
5535,triage_v1,0.2077,0,0
5536,triage_v1,0.0532,0,0
5537,triage_v2,0.3417,0,0
5538,triage_v1,0.4801,0,0
5539,triage_v1,0.355,0,0
5540,triage_v1,0.2323,0,0
5541,triage_v1,0.0903,0,0
5542,triage_v2,0.0127,0,0
5543,triage_v1,0.1031,0,0
5544,triage_v2,0.2376,0,0
5545,triage_v1,0.187,0,0
5546,triage_v2,0.3033,0,0
5547,triage_v2,0.0934,0,0
5548,triage_v2,0.3237,0,0
5549,triage_v2,0.5876,1,1
5550,triage_v1,0.2732,0,0
5551,triage_v2,0.1175,0,0
5552,triage_v1,0.1776,0,0
5553,triage_v2,0.1382,0,0
5554,triage_v1,0.1343,0,0
5555,triage_v2,0.5454,1,1
5556,triage_v1,0.2924,0,0
5557,triage_v2,0.0372,0,0
5558,triage_v1,0.9558,1,0
5559,triage_v1,0.0979,0,0
5560,triage_v1,0.2657,0,0
5561,triage_v1,0.2122,0,0
5562,triage_v2,0.1825,0,0
5563,triage_v1,0.3054,0,0
5564,triage_v2,0.2453,0,0
5565,triage_v2,0.1432,0,0
5566,triage_v1,0.01,0,0
5567,triage_v2,0.01,0,0
5568,triage_v2,0.4681,0,0
5569,triage_v2,0.1987,0,0
5570,triage_v1,0.2158,0,0
5571,triage_v1,0.4283,0,0
5572,triage_v2,0.5988,1,1
5573,triage_v1,0.1564,0,0
5574,triage_v2,0.3686,0,0
5575,triage_v2,0.4035,0,0
5576,triage_v1,0.5981,1,0
5577,triage_v1,0.206,0,0
5578,triage_v1,0.0796,0,0
5579,triage_v1,0.049,0,0
5580,triage_v2,0.4702,0,0
5581,triage_v2,0.3335,0,0
5582,triage_v1,0.0244,0,0
5583,triage_v1,0.0485,0,0
5584,triage_v1,0.01,0,0
5585,triage_v2,0.2422,0,0
5586,triage_v1,0.0762,0,0
5587,triage_v2,0.6025,1,1
5588,triage_v1,0.01,0,0
5589,triage_v1,0.22,0,0
5590,triage_v1,0.8365,1,1
5591,triage_v1,0.4236,0,0
5592,triage_v1,0.01,0,0
5593,triage_v1,0.2968,0,0
5594,triage_v1,0.1048,0,0
5595,triage_v1,0.99,1,1
5596,triage_v1,0.01,0,0
5597,triage_v2,0.033,0,0
5598,triage_v2,0.3761,0,0
5599,triage_v2,0.0428,0,0
5600,triage_v2,0.2166,0,0
5601,triage_v2,0.276,0,0
5602,triage_v2,0.1014,0,0
5603,triage_v1,0.01,0,0
5604,triage_v2,0.0977,0,0
5605,triage_v2,0.3162,0,0
5606,triage_v1,0.01,0,0
5607,triage_v2,0.01,0,0
5608,triage_v1,0.2743,0,0
5609,triage_v2,0.4529,0,0
5610,triage_v1,0.1974,0,0
5611,triage_v1,0.1843,0,0
5612,triage_v1,0.6146,1,0
5613,triage_v2,0.0708,0,0
5614,triage_v1,0.5666,1,0
5615,triage_v2,0.01,0,0
5616,triage_v1,0.5448,1,0
5617,triage_v1,0.6671,1,0
5618,triage_v2,0.3452,0,0
5619,triage_v1,0.176,0,0
5620,triage_v2,0.2541,0,0
5621,triage_v2,0.8453,1,1
5622,triage_v1,0.5103,1,0
5623,triage_v1,0.1341,0,0
5624,triage_v2,0.01,0,0
5625,triage_v1,0.1629,0,0
5626,triage_v2,0.1784,0,0
5627,triage_v1,0.3879,0,0
5628,triage_v2,0.3934,0,0
5629,triage_v1,0.5113,1,1
5630,triage_v2,0.7294,1,1
5631,triage_v1,0.2592,0,0
5632,triage_v1,0.5149,1,0
5633,triage_v1,0.4783,0,0
5634,triage_v1,0.01,0,0
5635,triage_v1,0.309,0,0
5636,triage_v1,0.0707,0,0
5637,triage_v2,0.102,0,0
5638,triage_v2,0.2975,0,0
5639,triage_v1,0.4001,0,0
5640,triage_v2,0.2654,0,0
5641,triage_v1,0.7023,1,1
5642,triage_v2,0.1697,0,0
5643,triage_v2,0.4491,0,0
5644,triage_v2,0.3634,0,0
5645,triage_v1,0.6503,1,1
5646,triage_v2,0.6776,1,1
5647,triage_v1,0.1659,0,0
5648,triage_v1,0.1823,0,0
5649,triage_v2,0.3481,0,0
5650,triage_v2,0.0685,0,0
5651,triage_v2,0.4541,0,0
5652,triage_v1,0.01,0,0
5653,triage_v2,0.4365,0,0
5654,triage_v1,0.2933,0,0
5655,triage_v2,0.01,0,0
5656,triage_v2,0.5949,1,1
5657,triage_v1,0.99,1,1
5658,triage_v2,0.1668,0,0
5659,triage_v1,0.2844,0,0
5660,triage_v2,0.2865,0,0
5661,triage_v1,0.0135,0,0
5662,triage_v1,0.1177,0,0
5663,triage_v1,0.027,0,0
5664,triage_v2,0.0411,0,0
5665,triage_v2,0.261,0,0
5666,triage_v1,0.1612,0,0
5667,triage_v1,0.0932,0,0
5668,triage_v2,0.4517,0,1
5669,triage_v1,0.239,0,0
5670,triage_v2,0.173,0,0
5671,triage_v1,0.217,0,0
5672,triage_v2,0.6791,1,1
5673,triage_v2,0.4112,0,0
5674,triage_v1,0.3897,0,0
5675,triage_v2,0.6186,1,1
5676,triage_v1,0.3644,0,0
5677,triage_v1,0.0235,0,0
5678,triage_v2,0.01,0,0
5679,triage_v1,0.2022,0,0
5680,triage_v1,0.2195,0,0
5681,triage_v1,0.7341,1,1
5682,triage_v2,0.4824,0,0
5683,triage_v2,0.1784,0,0
5684,triage_v1,0.01,0,0
5685,triage_v1,0.2563,0,0
5686,triage_v2,0.0633,0,0
5687,triage_v2,0.2568,0,0
5688,triage_v2,0.845,1,1
5689,triage_v2,0.1799,0,0
5690,triage_v1,0.5899,1,1
5691,triage_v2,0.6294,1,1
5692,triage_v2,0.2261,0,0
5693,triage_v2,0.5114,1,1
5694,triage_v1,0.01,0,0
5695,triage_v2,0.2617,0,0
5696,triage_v2,0.1654,0,0
5697,triage_v2,0.5945,1,1
5698,triage_v2,0.1656,0,0
5699,triage_v1,0.8112,1,0
5700,triage_v2,0.2098,0,0
5701,triage_v1,0.1181,0,0
5702,triage_v2,0.0731,0,0
5703,triage_v2,0.2342,0,0
5704,triage_v1,0.0237,0,0
5705,triage_v2,0.2758,0,0
5706,triage_v1,0.3742,0,0
5707,triage_v1,0.3158,0,0
5708,triage_v1,0.4278,0,0
5709,triage_v2,0.759,1,1
5710,triage_v1,0.216,0,0
5711,triage_v2,0.3189,0,0
5712,triage_v1,0.1506,0,0
5713,triage_v2,0.5703,1,0
5714,triage_v2,0.4577,0,0
5715,triage_v1,0.1149,0,0
5716,triage_v1,0.4624,0,0
5717,triage_v1,0.1589,0,0
5718,triage_v1,0.0408,0,0
5719,triage_v2,0.01,0,0
5720,triage_v1,0.4927,0,1
5721,triage_v2,0.1385,0,0
5722,triage_v2,0.2127,0,0
5723,triage_v1,0.1296,0,0
5724,triage_v1,0.3234,0,0
5725,triage_v2,0.2274,0,0
5726,triage_v2,0.7349,1,1
5727,triage_v1,0.0847,0,0
5728,triage_v1,0.3483,0,0
5729,triage_v2,0.0753,0,0
5730,triage_v2,0.4858,0,0
5731,triage_v2,0.6314,1,0
5732,triage_v2,0.4085,0,0
5733,triage_v1,0.2851,0,0
5734,triage_v1,0.0738,0,0
5735,triage_v2,0.1085,0,0
5736,triage_v1,0.348,0,0
5737,triage_v1,0.1388,0,0
5738,triage_v1,0.1906,0,0
5739,triage_v2,0.3435,0,0
5740,triage_v2,0.4328,0,0
5741,triage_v2,0.0456,0,0
5742,triage_v1,0.4306,0,0
5743,triage_v2,0.0483,0,0
5744,triage_v1,0.3665,0,0
5745,triage_v1,0.5034,1,0
5746,triage_v2,0.3564,0,0
5747,triage_v2,0.4706,0,0
5748,triage_v2,0.2667,0,0
5749,triage_v2,0.1147,0,0
5750,triage_v1,0.8528,1,1
5751,triage_v2,0.1609,0,0
5752,triage_v2,0.2669,0,0
5753,triage_v2,0.1558,0,0
5754,triage_v1,0.3809,0,0
5755,triage_v2,0.0167,0,0
5756,triage_v1,0.0758,0,0
5757,triage_v2,0.1157,0,0
5758,triage_v1,0.4313,0,0
5759,triage_v2,0.7407,1,1
5760,triage_v1,0.092,0,0
5761,triage_v2,0.082,0,0
5762,triage_v1,0.0736,0,0
5763,triage_v2,0.9218,1,1
5764,triage_v1,0.3675,0,0
5765,triage_v1,0.8459,1,1
5766,triage_v2,0.1855,0,0
5767,triage_v1,0.5371,1,0
5768,triage_v1,0.1473,0,0
5769,triage_v1,0.2581,0,0
5770,triage_v2,0.4587,0,1
5771,triage_v2,0.01,0,0
5772,triage_v1,0.5952,1,1
5773,triage_v1,0.6935,1,1
5774,triage_v2,0.0114,0,0
5775,triage_v2,0.8018,1,1
5776,triage_v1,0.261,0,0
5777,triage_v1,0.2237,0,0
5778,triage_v1,0.1544,0,0
5779,triage_v2,0.215,0,0
5780,triage_v2,0.01,0,0
5781,triage_v2,0.0865,0,0
5782,triage_v2,0.215,0,0
5783,triage_v2,0.3547,0,0
5784,triage_v1,0.024,0,0
5785,triage_v2,0.0973,0,0
5786,triage_v1,0.3055,0,0
5787,triage_v1,0.2928,0,0
5788,triage_v1,0.6635,1,0
5789,triage_v1,0.3178,0,0
5790,triage_v1,0.0224,0,0
5791,triage_v1,0.0532,0,0
5792,triage_v1,0.5404,1,0
5793,triage_v2,0.2019,0,0
5794,triage_v2,0.1503,0,0
5795,triage_v1,0.3224,0,0
5796,triage_v1,0.5319,1,1
5797,triage_v2,0.8491,1,1
5798,triage_v2,0.4052,0,0
5799,triage_v2,0.5346,1,0
5800,triage_v1,0.99,1,1
5801,triage_v2,0.2431,0,0
5802,triage_v1,0.2098,0,0
5803,triage_v1,0.1684,0,0
5804,triage_v1,0.2122,0,0
5805,triage_v2,0.3726,0,0
5806,triage_v2,0.1799,0,0
5807,triage_v2,0.454,0,0
5808,triage_v2,0.301,0,0
5809,triage_v2,0.1913,0,0
5810,triage_v2,0.6232,1,1
5811,triage_v1,0.259,0,0
5812,triage_v1,0.2226,0,0
5813,triage_v2,0.01,0,0
5814,triage_v2,0.541,1,0
5815,triage_v1,0.01,0,0
5816,triage_v1,0.01,0,0
5817,triage_v1,0.1759,0,0
5818,triage_v1,0.3019,0,0
5819,triage_v1,0.2544,0,0
5820,triage_v2,0.056,0,0
5821,triage_v1,0.0506,0,0
5822,triage_v2,0.2182,0,0
5823,triage_v1,0.99,1,1
5824,triage_v1,0.1814,0,0
5825,triage_v2,0.7302,1,1
5826,triage_v2,0.2849,0,0
5827,triage_v2,0.01,0,0
5828,triage_v2,0.0698,0,0
5829,triage_v2,0.7781,1,1
5830,triage_v2,0.0168,0,0
5831,triage_v1,0.4039,0,0
5832,triage_v1,0.3413,0,0
5833,triage_v1,0.2191,0,0
5834,triage_v1,0.3869,0,0
5835,triage_v1,0.125,0,0
5836,triage_v1,0.2543,0,0
5837,triage_v2,0.01,0,0
5838,triage_v1,0.9018,1,1
5839,triage_v1,0.3088,0,0
5840,triage_v2,0.1658,0,0
5841,triage_v2,0.1676,0,0
5842,triage_v2,0.2408,0,0
5843,triage_v2,0.2975,0,0
5844,triage_v1,0.8617,1,1
5845,triage_v1,0.3487,0,0
5846,triage_v1,0.3217,0,0
5847,triage_v1,0.4949,0,0
5848,triage_v2,0.01,0,0
5849,triage_v2,0.3752,0,0
5850,triage_v1,0.2846,0,0
5851,triage_v1,0.0653,0,0
5852,triage_v2,0.5674,1,0
5853,triage_v1,0.1302,0,0
5854,triage_v2,0.1042,0,0
5855,triage_v2,0.01,0,0
5856,triage_v2,0.01,0,0
5857,triage_v1,0.1355,0,0
5858,triage_v2,0.1389,0,0
5859,triage_v1,0.7442,1,1
5860,triage_v1,0.4347,0,0
5861,triage_v2,0.0647,0,0
5862,triage_v1,0.0833,0,0
5863,triage_v2,0.4065,0,0
5864,triage_v1,0.1214,0,0
5865,triage_v2,0.2664,0,0
5866,triage_v2,0.4433,0,0
5867,triage_v2,0.2865,0,0
5868,triage_v1,0.2482,0,0
5869,triage_v2,0.863,1,1
5870,triage_v2,0.1224,0,0
5871,triage_v2,0.3733,0,0
5872,triage_v2,0.9249,1,1
5873,triage_v2,0.042,0,0
5874,triage_v1,0.2476,0,0
5875,triage_v1,0.01,0,0
5876,triage_v1,0.2854,0,0
5877,triage_v1,0.01,0,0
5878,triage_v2,0.0228,0,0
5879,triage_v2,0.3405,0,0
5880,triage_v2,0.188,0,0
5881,triage_v1,0.1983,0,0
5882,triage_v1,0.3412,0,0
5883,triage_v1,0.2241,0,0
5884,triage_v1,0.1945,0,0
5885,triage_v1,0.0796,0,0
5886,triage_v1,0.3422,0,0
5887,triage_v1,0.1784,0,0
5888,triage_v1,0.01,0,0
5889,triage_v1,0.2642,0,0
5890,triage_v2,0.0808,0,0
5891,triage_v1,0.0942,0,0
5892,triage_v1,0.3149,0,0
5893,triage_v2,0.1305,0,0
5894,triage_v1,0.3676,0,0
5895,triage_v2,0.0689,0,0
5896,triage_v2,0.1638,0,0
5897,triage_v1,0.2496,0,0
5898,triage_v2,0.3702,0,0
5899,triage_v2,0.6241,1,1
5900,triage_v1,0.8026,1,1
5901,triage_v2,0.0901,0,0
5902,triage_v2,0.2796,0,0
5903,triage_v1,0.1662,0,0
5904,triage_v1,0.3997,0,0
5905,triage_v2,0.4047,0,0
5906,triage_v1,0.3969,0,0
5907,triage_v1,0.4164,0,0
5908,triage_v1,0.265,0,0
5909,triage_v1,0.0776,0,0
5910,triage_v1,0.01,0,0
5911,triage_v2,0.0574,0,0
5912,triage_v1,0.0262,0,0
5913,triage_v2,0.5785,1,1
5914,triage_v2,0.2648,0,0
5915,triage_v1,0.3601,0,0
5916,triage_v1,0.8076,1,1
5917,triage_v2,0.4548,0,0
5918,triage_v2,0.0602,0,0
5919,triage_v2,0.2246,0,0
5920,triage_v1,0.1917,0,0
5921,triage_v1,0.1995,0,0
5922,triage_v2,0.3883,0,0
5923,triage_v2,0.01,0,0
5924,triage_v2,0.0103,0,0
5925,triage_v1,0.01,0,0
5926,triage_v2,0.2127,0,0
5927,triage_v1,0.7856,1,1
5928,triage_v2,0.163,0,0
5929,triage_v2,0.4917,0,0
5930,triage_v1,0.1892,0,0
5931,triage_v2,0.8119,1,1
5932,triage_v2,0.7207,1,1
5933,triage_v2,0.047,0,0
5934,triage_v1,0.01,0,0
5935,triage_v1,0.3857,0,0
5936,triage_v2,0.095,0,0
5937,triage_v2,0.1633,0,0
5938,triage_v1,0.4805,0,0
5939,triage_v1,0.3879,0,0
5940,triage_v2,0.1558,0,0
5941,triage_v1,0.1888,0,0
5942,triage_v2,0.1705,0,0
5943,triage_v1,0.2906,0,0
5944,triage_v2,0.4303,0,0
5945,triage_v2,0.5374,1,1
5946,triage_v1,0.0771,0,0
5947,triage_v1,0.011,0,0
5948,triage_v2,0.3335,0,0
5949,triage_v1,0.1057,0,0
5950,triage_v2,0.5251,1,1
5951,triage_v1,0.025,0,0
5952,triage_v1,0.0176,0,0
5953,triage_v1,0.3074,0,0
5954,triage_v1,0.141,0,0
5955,triage_v2,0.3158,0,1
5956,triage_v2,0.0657,0,0
5957,triage_v2,0.2247,0,0
5958,triage_v2,0.2214,0,0
5959,triage_v2,0.3753,0,0
5960,triage_v2,0.2318,0,0
5961,triage_v1,0.5858,1,1
5962,triage_v1,0.2077,0,0
5963,triage_v2,0.1021,0,0
5964,triage_v1,0.1749,0,0
5965,triage_v1,0.4262,0,0
5966,triage_v2,0.6487,1,0
5967,triage_v1,0.3453,0,0
5968,triage_v2,0.2122,0,0
5969,triage_v2,0.19,0,0
5970,triage_v1,0.2692,0,0
5971,triage_v1,0.138,0,0
5972,triage_v1,0.5582,1,1
5973,triage_v1,0.4297,0,0
5974,triage_v2,0.1811,0,0
5975,triage_v1,0.1763,0,0
5976,triage_v1,0.189,0,0
5977,triage_v2,0.4501,0,1
5978,triage_v1,0.4928,0,0
5979,triage_v1,0.3798,0,0
5980,triage_v2,0.2357,0,0
5981,triage_v2,0.7744,1,1
5982,triage_v2,0.01,0,0
5983,triage_v2,0.3235,0,0
5984,triage_v1,0.1801,0,0
5985,triage_v1,0.5504,1,0
5986,triage_v1,0.2411,0,0
5987,triage_v1,0.446,0,0
5988,triage_v1,0.1043,0,0
5989,triage_v1,0.5524,1,0
5990,triage_v2,0.0816,0,0
5991,triage_v1,0.3198,0,0
5992,triage_v2,0.263,0,0
5993,triage_v2,0.0667,0,0
5994,triage_v1,0.1859,0,0
5995,triage_v2,0.1496,0,0
5996,triage_v2,0.0362,0,0
5997,triage_v1,0.851,1,1
5998,triage_v1,0.377,0,0
5999,triage_v2,0.2396,0,0
6000,triage_v1,0.3053,0,0
6001,triage_v1,0.5008,1,1
6002,triage_v1,0.0207,0,0
6003,triage_v1,0.2292,0,0
6004,triage_v2,0.2568,0,0
6005,triage_v1,0.3438,0,0
6006,triage_v2,0.3982,0,0
6007,triage_v1,0.2272,0,0
6008,triage_v1,0.0734,0,0
6009,triage_v2,0.6872,1,1
6010,triage_v1,0.4702,0,0
6011,triage_v2,0.2711,0,0
6012,triage_v1,0.0717,0,0
6013,triage_v2,0.01,0,0
6014,triage_v1,0.0232,0,0
6015,triage_v2,0.03,0,0
6016,triage_v1,0.3361,0,0
6017,triage_v2,0.4388,0,0
6018,triage_v1,0.8467,1,1
6019,triage_v1,0.0732,0,0
6020,triage_v1,0.1686,0,0
6021,triage_v2,0.4006,0,0
6022,triage_v2,0.3035,0,0
6023,triage_v2,0.6011,1,0
6024,triage_v1,0.3242,0,0
6025,triage_v2,0.6995,1,1
6026,triage_v2,0.1807,0,0
6027,triage_v1,0.1904,0,0
6028,triage_v1,0.6393,1,1
6029,triage_v2,0.2026,0,0
6030,triage_v1,0.01,0,0
6031,triage_v2,0.5052,1,0
6032,triage_v2,0.6352,1,1
6033,triage_v1,0.5662,1,0
6034,triage_v2,0.2212,0,0
6035,triage_v2,0.4271,0,0
6036,triage_v1,0.01,0,0
6037,triage_v1,0.3027,0,0
6038,triage_v2,0.2925,0,0
6039,triage_v1,0.7764,1,1
6040,triage_v1,0.1707,0,0
6041,triage_v2,0.01,0,0
6042,triage_v2,0.358,0,0
6043,triage_v1,0.1001,0,0
6044,triage_v1,0.2875,0,0
6045,triage_v1,0.1982,0,0
6046,triage_v2,0.573,1,0
6047,triage_v2,0.3702,0,0
6048,triage_v2,0.3787,0,0
6049,triage_v2,0.6544,1,1
6050,triage_v1,0.2191,0,0
6051,triage_v1,0.0244,0,0
6052,triage_v1,0.3434,0,0
6053,triage_v2,0.3009,0,0
6054,triage_v2,0.01,0,0
6055,triage_v2,0.1639,0,0
6056,triage_v2,0.01,0,0
6057,triage_v1,0.01,0,0
6058,triage_v1,0.406,0,0
6059,triage_v2,0.3496,0,0
6060,triage_v2,0.3027,0,0
6061,triage_v1,0.2094,0,0
6062,triage_v2,0.3344,0,0
6063,triage_v2,0.2536,0,0
6064,triage_v2,0.6184,1,1
6065,triage_v2,0.184,0,0
6066,triage_v2,0.3068,0,0
6067,triage_v2,0.4342,0,0
6068,triage_v2,0.5969,1,1
6069,triage_v1,0.01,0,0
6070,triage_v1,0.2528,0,0
6071,triage_v2,0.4914,0,1
6072,triage_v2,0.7002,1,1
6073,triage_v2,0.2719,0,0
6074,triage_v2,0.466,0,1
6075,triage_v2,0.2929,0,0
6076,triage_v1,0.3688,0,0
6077,triage_v1,0.5087,1,0
6078,triage_v2,0.1401,0,0
6079,triage_v2,0.0322,0,0
6080,triage_v1,0.0607,0,0
6081,triage_v2,0.2578,0,0
6082,triage_v2,0.0783,0,0
6083,triage_v2,0.3227,0,0
6084,triage_v1,0.2556,0,0
6085,triage_v1,0.2472,0,0
6086,triage_v2,0.1865,0,0
6087,triage_v2,0.3556,0,0
6088,triage_v2,0.3944,0,0
6089,triage_v1,0.4514,0,0
6090,triage_v1,0.1694,0,0
6091,triage_v1,0.058,0,0
6092,triage_v2,0.2431,0,0
6093,triage_v1,0.4838,0,0
6094,triage_v2,0.024,0,0
6095,triage_v2,0.01,0,0
6096,triage_v2,0.7263,1,1
6097,triage_v2,0.1591,0,0
6098,triage_v2,0.3769,0,0
6099,triage_v2,0.01,0,0
6100,triage_v1,0.0252,0,0
6101,triage_v1,0.01,0,0
6102,triage_v2,0.1453,0,0
6103,triage_v1,0.5072,1,1
6104,triage_v2,0.3801,0,0
6105,triage_v1,0.3658,0,0
6106,triage_v2,0.3635,0,0
6107,triage_v2,0.99,1,1
6108,triage_v2,0.01,0,0
6109,triage_v1,0.3593,0,0
6110,triage_v1,0.1441,0,0
6111,triage_v2,0.3054,0,0
6112,triage_v1,0.1912,0,0
6113,triage_v1,0.01,0,0
6114,triage_v1,0.2579,0,0
6115,triage_v1,0.7555,1,1
6116,triage_v1,0.9215,1,1
6117,triage_v1,0.01,0,0
6118,triage_v1,0.4543,0,0
6119,triage_v2,0.4253,0,1
6120,triage_v1,0.054,0,0
6121,triage_v1,0.3111,0,0
6122,triage_v1,0.2762,0,0
6123,triage_v1,0.9438,1,1
6124,triage_v2,0.2257,0,0
6125,triage_v2,0.3631,0,0
6126,triage_v1,0.3614,0,0
6127,triage_v1,0.5529,1,0
6128,triage_v2,0.1677,0,0
6129,triage_v1,0.0737,0,0
6130,triage_v2,0.1132,0,0
6131,triage_v2,0.0528,0,0
6132,triage_v1,0.2447,0,0
6133,triage_v1,0.7326,1,1
6134,triage_v1,0.01,0,0
6135,triage_v2,0.01,0,0
6136,triage_v2,0.1706,0,0
6137,triage_v2,0.01,0,0
6138,triage_v1,0.3065,0,0
6139,triage_v1,0.3985,0,0
6140,triage_v2,0.5761,1,1
6141,triage_v1,0.7162,1,1
6142,triage_v2,0.5229,1,1
6143,triage_v1,0.6277,1,1
6144,triage_v2,0.2044,0,0
6145,triage_v1,0.2008,0,0
6146,triage_v2,0.2792,0,0
6147,triage_v1,0.2183,0,0
6148,triage_v2,0.2899,0,0
6149,triage_v2,0.2258,0,0
6150,triage_v2,0.01,0,0
6151,triage_v1,0.2942,0,0
6152,triage_v1,0.01,0,0
6153,triage_v2,0.2547,0,0
6154,triage_v2,0.6428,1,0
6155,triage_v1,0.2841,0,0
6156,triage_v2,0.01,0,0
6157,triage_v2,0.1414,0,0
6158,triage_v1,0.2443,0,0
6159,triage_v1,0.0146,0,0
6160,triage_v2,0.01,0,0
6161,triage_v1,0.1314,0,0
6162,triage_v1,0.16,0,0
6163,triage_v2,0.3237,0,0
6164,triage_v2,0.2981,0,0
6165,triage_v1,0.1275,0,0
6166,triage_v1,0.3886,0,0
6167,triage_v2,0.375,0,0
6168,triage_v1,0.7438,1,1
6169,triage_v2,0.7117,1,1
6170,triage_v2,0.3586,0,0
6171,triage_v2,0.6226,1,0
6172,triage_v1,0.4387,0,0
6173,triage_v2,0.3959,0,0
6174,triage_v1,0.3352,0,1
6175,triage_v2,0.1917,0,0
6176,triage_v1,0.3675,0,0
6177,triage_v1,0.4958,0,0
6178,triage_v1,0.2244,0,0
6179,triage_v1,0.2436,0,0
6180,triage_v1,0.6104,1,0
6181,triage_v1,0.6838,1,1
6182,triage_v2,0.0668,0,0
6183,triage_v2,0.3007,0,0
6184,triage_v1,0.1483,0,0
6185,triage_v2,0.6341,1,1
6186,triage_v1,0.4365,0,1
6187,triage_v2,0.01,0,0
6188,triage_v2,0.284,0,0
6189,triage_v1,0.245,0,0
6190,triage_v1,0.7415,1,1
6191,triage_v1,0.1035,0,0
6192,triage_v1,0.3918,0,0
6193,triage_v2,0.1608,0,0
6194,triage_v2,0.2429,0,0
6195,triage_v2,0.2198,0,0
6196,triage_v2,0.1839,0,0
6197,triage_v2,0.0817,0,0
6198,triage_v1,0.3916,0,1
6199,triage_v1,0.01,0,0
6200,triage_v2,0.4365,0,0
6201,triage_v1,0.3114,0,0
6202,triage_v1,0.1077,0,0
6203,triage_v2,0.5511,1,1
6204,triage_v2,0.3292,0,0
6205,triage_v2,0.0986,0,0
6206,triage_v2,0.01,0,0
6207,triage_v1,0.2747,0,0
6208,triage_v2,0.3766,0,0
6209,triage_v1,0.3369,0,0
6210,triage_v1,0.2196,0,0
6211,triage_v1,0.01,0,0
6212,triage_v2,0.0483,0,0
6213,triage_v2,0.3765,0,0
6214,triage_v2,0.9401,1,1
6215,triage_v1,0.2593,0,0
6216,triage_v2,0.0297,0,0
6217,triage_v1,0.3167,0,0
6218,triage_v2,0.1786,0,0
6219,triage_v1,0.0491,0,0
6220,triage_v2,0.473,0,0
6221,triage_v2,0.1195,0,0
6222,triage_v1,0.2393,0,0
6223,triage_v1,0.01,0,0
6224,triage_v1,0.578,1,0
6225,triage_v2,0.2081,0,0
6226,triage_v1,0.1859,0,0
6227,triage_v1,0.9041,1,1
6228,triage_v1,0.154,0,0
6229,triage_v2,0.07,0,0
6230,triage_v2,0.8781,1,1
6231,triage_v1,0.01,0,0
6232,triage_v1,0.3051,0,0
6233,triage_v1,0.2658,0,0
6234,triage_v1,0.2161,0,0
6235,triage_v2,0.01,0,0
6236,triage_v2,0.3126,0,0
6237,triage_v1,0.644,1,0
6238,triage_v1,0.2268,0,0
6239,triage_v1,0.01,0,0
6240,triage_v1,0.226,0,0
6241,triage_v1,0.3538,0,0
6242,triage_v1,0.2933,0,0
6243,triage_v1,0.4383,0,0
6244,triage_v2,0.1611,0,0
6245,triage_v1,0.5735,1,0
6246,triage_v1,0.2252,0,0
6247,triage_v1,0.4299,0,0
6248,triage_v2,0.4363,0,0
6249,triage_v2,0.4336,0,0
6250,triage_v2,0.7014,1,1
6251,triage_v1,0.6084,1,0
6252,triage_v1,0.6186,1,0
6253,triage_v1,0.4003,0,0
6254,triage_v1,0.6358,1,0
6255,triage_v2,0.6618,1,1
6256,triage_v1,0.089,0,0
6257,triage_v2,0.2121,0,0
6258,triage_v2,0.01,0,0
6259,triage_v2,0.4725,0,0
6260,triage_v1,0.3197,0,0
6261,triage_v2,0.109,0,0
6262,triage_v1,0.532,1,1
6263,triage_v2,0.1136,0,0
6264,triage_v1,0.4135,0,0
6265,triage_v2,0.1986,0,0
6266,triage_v2,0.2858,0,0
6267,triage_v1,0.3182,0,0
6268,triage_v1,0.6244,1,0
6269,triage_v1,0.01,0,0
6270,triage_v1,0.2124,0,0
6271,triage_v2,0.3751,0,0
6272,triage_v1,0.1283,0,0
6273,triage_v1,0.241,0,0
6274,triage_v1,0.2848,0,0
6275,triage_v2,0.01,0,0
6276,triage_v2,0.1773,0,0
6277,triage_v1,0.01,0,0
6278,triage_v2,0.2109,0,0
6279,triage_v2,0.2726,0,0
6280,triage_v1,0.4638,0,0
6281,triage_v2,0.6856,1,1
6282,triage_v2,0.1986,0,0
6283,triage_v2,0.01,0,0
6284,triage_v2,0.1839,0,0
6285,triage_v2,0.01,0,0
6286,triage_v2,0.3057,0,0
6287,triage_v1,0.5364,1,0
6288,triage_v1,0.3807,0,1
6289,triage_v2,0.028,0,0
6290,triage_v2,0.4555,0,0
6291,triage_v2,0.8279,1,1
6292,triage_v2,0.2874,0,0
6293,triage_v2,0.5588,1,0
6294,triage_v2,0.5796,1,0
6295,triage_v2,0.01,0,0
6296,triage_v1,0.0995,0,0
6297,triage_v2,0.5614,1,0
6298,triage_v2,0.01,0,0
6299,triage_v2,0.568,1,1
6300,triage_v2,0.2147,0,0
6301,triage_v2,0.222,0,0
6302,triage_v2,0.6195,1,1
6303,triage_v2,0.7889,1,1
6304,triage_v1,0.2823,0,0
6305,triage_v1,0.0642,0,0
6306,triage_v2,0.6294,1,0
6307,triage_v2,0.01,0,0
6308,triage_v2,0.4211,0,0
6309,triage_v2,0.2711,0,0
6310,triage_v1,0.3817,0,0
6311,triage_v2,0.3403,0,0
6312,triage_v1,0.1543,0,0
6313,triage_v2,0.1881,0,0
6314,triage_v2,0.0105,0,0
6315,triage_v1,0.2374,0,0
6316,triage_v2,0.0602,0,0
6317,triage_v1,0.2117,0,0
6318,triage_v1,0.99,1,1
6319,triage_v1,0.4164,0,0
6320,triage_v2,0.4363,0,0
6321,triage_v2,0.1735,0,0
6322,triage_v1,0.2711,0,0
6323,triage_v2,0.671,1,1
6324,triage_v2,0.9504,1,1
6325,triage_v1,0.5681,1,0
6326,triage_v1,0.01,0,0
6327,triage_v1,0.8724,1,1
6328,triage_v2,0.4948,0,0
6329,triage_v1,0.99,1,1
6330,triage_v1,0.2948,0,0
6331,triage_v1,0.0393,0,0
6332,triage_v2,0.054,0,0
6333,triage_v1,0.5443,1,1
6334,triage_v1,0.1733,0,0
6335,triage_v1,0.8156,1,1
6336,triage_v1,0.2407,0,0
6337,triage_v1,0.01,0,0
6338,triage_v2,0.01,0,0
6339,triage_v2,0.2651,0,0
6340,triage_v1,0.4537,0,0
6341,triage_v1,0.441,0,0
6342,triage_v1,0.309,0,0
6343,triage_v1,0.2958,0,0
6344,triage_v1,0.5522,1,1
6345,triage_v1,0.5805,1,1
6346,triage_v1,0.2538,0,0
6347,triage_v1,0.5361,1,0
6348,triage_v1,0.1634,0,0
6349,triage_v2,0.3414,0,0
6350,triage_v1,0.4331,0,0
6351,triage_v1,0.1563,0,0
6352,triage_v2,0.4207,0,0
6353,triage_v1,0.4578,0,0
6354,triage_v1,0.2872,0,0
6355,triage_v1,0.4474,0,0
6356,triage_v1,0.2603,0,0
6357,triage_v1,0.3784,0,0
6358,triage_v2,0.5086,1,1
6359,triage_v2,0.8748,1,1
6360,triage_v1,0.1518,0,0
6361,triage_v1,0.0421,0,0
6362,triage_v1,0.6999,1,1
6363,triage_v2,0.3977,0,0
6364,triage_v2,0.613,1,1
6365,triage_v1,0.4473,0,0
6366,triage_v2,0.0961,0,0
6367,triage_v1,0.2622,0,0
6368,triage_v1,0.0955,0,0
6369,triage_v2,0.2527,0,0
6370,triage_v1,0.1068,0,0
6371,triage_v2,0.4811,0,0
6372,triage_v2,0.3033,0,0
6373,triage_v1,0.0207,0,0
6374,triage_v1,0.7908,1,1
6375,triage_v2,0.6244,1,1
6376,triage_v1,0.32,0,0
6377,triage_v1,0.609,1,1
6378,triage_v1,0.5311,1,0
6379,triage_v2,0.1684,0,0
6380,triage_v1,0.3236,0,0
6381,triage_v2,0.3536,0,0
6382,triage_v1,0.1347,0,0
6383,triage_v1,0.366,0,0
6384,triage_v2,0.4234,0,0
6385,triage_v1,0.242,0,0
6386,triage_v1,0.4174,0,0
6387,triage_v1,0.3685,0,0
6388,triage_v1,0.01,0,0
6389,triage_v1,0.3298,0,0
6390,triage_v2,0.7922,1,1
6391,triage_v1,0.233,0,0
6392,triage_v2,0.1972,0,0
6393,triage_v1,0.01,0,0
6394,triage_v1,0.174,0,0
6395,triage_v2,0.01,0,0
6396,triage_v2,0.8222,1,1
6397,triage_v1,0.0473,0,0
6398,triage_v1,0.6312,1,1
6399,triage_v2,0.6116,1,1
6400,triage_v2,0.1517,0,0
6401,triage_v1,0.2085,0,0
6402,triage_v2,0.3972,0,0
6403,triage_v2,0.3389,0,0
6404,triage_v1,0.6585,1,0
6405,triage_v1,0.3648,0,0
6406,triage_v2,0.2604,0,0
6407,triage_v1,0.2297,0,0
6408,triage_v2,0.3565,0,0
6409,triage_v1,0.6787,1,1
6410,triage_v2,0.861,1,1
6411,triage_v1,0.2197,0,0
6412,triage_v1,0.0899,0,0
6413,triage_v1,0.5593,1,0
6414,triage_v1,0.3556,0,0
6415,triage_v2,0.1232,0,0
6416,triage_v1,0.0661,0,0
6417,triage_v2,0.2962,0,0
6418,triage_v1,0.4019,0,0
6419,triage_v2,0.3551,0,0
6420,triage_v2,0.3871,0,0
6421,triage_v2,0.382,0,0
6422,triage_v2,0.5547,1,0
6423,triage_v1,0.441,0,0
6424,triage_v2,0.2073,0,0
6425,triage_v2,0.2123,0,0
6426,triage_v1,0.1479,0,0
6427,triage_v2,0.2291,0,0
6428,triage_v1,0.1479,0,0
6429,triage_v2,0.088,0,0
6430,triage_v2,0.7293,1,1
6431,triage_v2,0.1266,0,0
6432,triage_v1,0.1314,0,0
6433,triage_v1,0.8975,1,1
6434,triage_v1,0.4044,0,0
6435,triage_v2,0.0978,0,0
6436,triage_v1,0.1256,0,0
6437,triage_v2,0.2332,0,0
6438,triage_v2,0.3604,0,0
6439,triage_v2,0.01,0,0
6440,triage_v1,0.01,0,0
6441,triage_v1,0.302,0,0
6442,triage_v1,0.6669,1,1
6443,triage_v2,0.2675,0,0
6444,triage_v2,0.01,0,0
6445,triage_v1,0.6174,1,0
6446,triage_v1,0.2585,0,0
6447,triage_v1,0.5802,1,0
6448,triage_v2,0.6744,1,1
6449,triage_v2,0.2349,0,0
6450,triage_v1,0.21,0,0
6451,triage_v1,0.7848,1,1
6452,triage_v2,0.3429,0,0
6453,triage_v1,0.5324,1,0
6454,triage_v1,0.0826,0,0
6455,triage_v2,0.1046,0,0
6456,triage_v2,0.3079,0,0
6457,triage_v2,0.01,0,0
6458,triage_v1,0.2604,0,0
6459,triage_v2,0.7738,1,1
6460,triage_v2,0.7157,1,1
6461,triage_v2,0.2361,0,0
6462,triage_v1,0.3018,0,0
6463,triage_v2,0.3596,0,0
6464,triage_v2,0.1342,0,0
6465,triage_v1,0.2181,0,0
6466,triage_v2,0.6451,1,0
6467,triage_v1,0.5957,1,0
6468,triage_v1,0.6929,1,1
6469,triage_v2,0.113,0,0
6470,triage_v1,0.4237,0,1
6471,triage_v2,0.164,0,0
6472,triage_v2,0.2819,0,0
6473,triage_v2,0.1858,0,0
6474,triage_v1,0.3593,0,0
6475,triage_v1,0.8153,1,1
6476,triage_v2,0.1642,0,0
6477,triage_v2,0.6203,1,0
6478,triage_v1,0.01,0,0
6479,triage_v2,0.1238,0,0
6480,triage_v2,0.01,0,0
6481,triage_v1,0.9208,1,1
6482,triage_v1,0.2242,0,0
6483,triage_v2,0.052,0,0
6484,triage_v1,0.4106,0,0
6485,triage_v2,0.5038,1,0
6486,triage_v1,0.1635,0,0
6487,triage_v1,0.0761,0,0
6488,triage_v2,0.01,0,0
6489,triage_v2,0.5257,1,0
6490,triage_v1,0.133,0,0
6491,triage_v2,0.1457,0,0
6492,triage_v2,0.2369,0,0
6493,triage_v1,0.1601,0,0
6494,triage_v1,0.0851,0,0
6495,triage_v2,0.1867,0,0
6496,triage_v2,0.3566,0,0
6497,triage_v2,0.01,0,0
6498,triage_v1,0.2151,0,0
6499,triage_v2,0.6,1,0
6500,triage_v1,0.2599,0,0
