impression_id,user_id,title_id,impression_ts,source,model_version,position,clicked
1,167,38,"2026-05-17 06:44:00",detail_page,rec_v1,14,0
2,748,115,"2026-05-27 06:51:00",search,rec_v1,5,0
3,4,65,"2026-05-02 02:40:00",search,rec_v2,18,0
4,623,127,"2026-05-22 15:39:00",home,rec_v2,15,0
5,82,2,"2026-05-23 06:35:00",continue_watching,rec_v2,20,0
6,840,54,"2026-05-05 10:51:00",home,rec_v1,12,1
7,684,148,"2026-07-16 06:40:00",search,rec_v2,3,1
8,587,144,"2026-05-17 03:34:00",continue_watching,rec_v2,2,1
9,840,18,"2026-07-09 00:50:00",home,rec_v1,10,0
10,125,71,"2026-05-30 23:10:00",search,rec_v1,7,0
11,112,147,"2026-07-06 10:06:00",continue_watching,rec_v1,16,0
12,620,74,"2026-06-08 20:54:00",search,rec_v2,9,0
13,639,91,"2026-07-24 09:17:00",home,rec_v2,17,0
14,510,127,"2026-07-13 13:03:00",home,rec_v1,10,0
15,2,31,"2026-05-03 04:23:00",search,rec_v1,7,0
16,425,106,"2026-05-05 03:22:00",home,rec_v1,1,0
17,707,73,"2026-05-24 03:47:00",detail_page,rec_v2,10,0
18,332,2,"2026-05-11 08:40:00",detail_page,rec_v2,13,0
19,631,8,"2026-07-15 17:37:00",home,rec_v2,11,0
20,491,122,"2026-07-12 13:37:00",home,rec_v1,16,0
21,472,138,"2026-07-21 13:11:00",home,rec_v2,2,0
22,307,145,"2026-07-05 23:42:00",detail_page,rec_v1,7,0
23,340,91,"2026-05-07 00:38:00",continue_watching,rec_v2,1,0
24,385,137,"2026-07-16 16:15:00",home,rec_v2,6,0
25,886,79,"2026-07-04 04:40:00",continue_watching,rec_v1,9,0
26,509,61,"2026-06-03 19:44:00",search,rec_v2,7,0
27,180,29,"2026-06-04 01:29:00",detail_page,rec_v1,3,0
28,26,124,"2026-07-22 08:54:00",search,rec_v1,11,0
29,751,135,"2026-05-29 05:59:00",detail_page,rec_v1,4,0
30,961,133,"2026-07-01 14:18:00",continue_watching,rec_v1,2,0
31,731,134,"2026-05-11 13:02:00",home,rec_v1,20,0
32,342,120,"2026-07-20 22:27:00",home,rec_v2,1,0
33,320,54,"2026-05-30 04:58:00",home,rec_v2,9,0
34,792,113,"2026-07-01 02:05:00",home,rec_v1,6,0
35,16,144,"2026-06-16 18:58:00",home,rec_v2,18,0
36,145,73,"2026-06-22 06:06:00",home,rec_v1,10,0
37,347,139,"2026-06-10 09:09:00",home,rec_v1,16,0
38,52,28,"2026-06-04 21:59:00",home,rec_v2,13,0
39,611,115,"2026-06-26 02:21:00",home,rec_v2,7,0
40,687,137,"2026-05-08 03:35:00",continue_watching,rec_v2,19,0
41,833,120,"2026-05-09 20:28:00",search,rec_v2,16,0
42,230,37,"2026-07-18 09:05:00",continue_watching,rec_v2,12,0
43,717,85,"2026-07-11 19:06:00",continue_watching,rec_v2,15,0
44,67,122,"2026-05-11 06:36:00",home,rec_v2,6,0
45,357,148,"2026-05-12 14:17:00",search,rec_v2,4,0
46,666,19,"2026-07-12 03:05:00",home,rec_v2,13,0
47,245,63,"2026-06-19 21:00:00",home,rec_v2,13,1
48,807,88,"2026-06-19 13:32:00",detail_page,rec_v1,3,0
49,729,147,"2026-07-16 03:54:00",search,rec_v2,11,0
50,842,114,"2026-05-17 00:51:00",home,rec_v2,3,0
51,702,98,"2026-05-30 19:14:00",search,rec_v1,3,1
52,776,38,"2026-06-30 03:43:00",home,rec_v2,13,0
53,458,51,"2026-05-19 17:16:00",detail_page,rec_v2,10,0
54,936,78,"2026-07-23 14:29:00",continue_watching,rec_v2,12,0
55,597,3,"2026-06-25 15:49:00",continue_watching,rec_v2,5,0
56,64,95,"2026-07-22 00:25:00",search,rec_v1,1,0
57,841,92,"2026-05-10 23:38:00",continue_watching,rec_v1,8,0
58,605,101,"2026-06-26 21:48:00",home,rec_v2,13,0
59,559,55,"2026-06-30 07:13:00",home,rec_v1,7,0
60,864,93,"2026-07-16 10:55:00",home,rec_v2,5,1
61,999,35,"2026-05-08 16:57:00",home,rec_v2,15,0
62,713,109,"2026-06-26 17:30:00",home,rec_v2,18,0
63,394,91,"2026-05-21 13:08:00",home,rec_v1,19,0
64,749,61,"2026-07-04 19:40:00",search,rec_v2,18,0
65,35,10,"2026-06-21 17:08:00",search,rec_v2,4,0
66,985,21,"2026-05-13 22:23:00",detail_page,rec_v2,15,0
67,536,23,"2026-05-23 07:42:00",search,rec_v1,18,0
68,320,14,"2026-07-22 05:54:00",home,rec_v1,16,0
69,928,121,"2026-06-22 05:50:00",detail_page,rec_v2,12,0
70,818,76,"2026-05-27 07:47:00",home,rec_v2,19,0
71,645,122,"2026-06-22 14:58:00",home,rec_v1,10,0
72,640,7,"2026-05-27 02:33:00",search,rec_v1,17,1
73,259,34,"2026-06-26 01:13:00",home,rec_v2,1,0
74,619,45,"2026-07-22 20:12:00",search,rec_v1,15,0
75,180,67,"2026-07-11 05:27:00",detail_page,rec_v2,6,0
76,883,9,"2026-06-01 04:57:00",continue_watching,rec_v1,20,0
77,158,127,"2026-07-08 12:25:00",continue_watching,rec_v2,8,0
78,744,43,"2026-05-20 04:37:00",search,rec_v2,2,0
79,774,30,"2026-05-05 18:44:00",home,rec_v2,16,0
80,765,137,"2026-05-22 06:26:00",home,rec_v2,16,0
81,544,112,"2026-05-02 01:54:00",home,rec_v2,13,0
82,985,136,"2026-07-02 03:45:00",continue_watching,rec_v1,18,0
83,980,111,"2026-06-25 13:37:00",continue_watching,rec_v2,11,0
84,822,26,"2026-05-24 05:48:00",detail_page,rec_v2,15,0
85,768,62,"2026-07-06 20:07:00",detail_page,rec_v1,17,0
86,707,47,"2026-05-29 12:20:00",search,rec_v1,3,1
87,360,57,"2026-07-06 00:20:00",home,rec_v1,2,1
88,654,32,"2026-07-04 10:48:00",continue_watching,rec_v1,20,0
89,673,145,"2026-07-13 02:37:00",continue_watching,rec_v1,6,0
90,479,20,"2026-06-28 03:26:00",search,rec_v2,14,0
91,684,83,"2026-05-24 10:09:00",home,rec_v1,9,0
92,392,100,"2026-05-31 06:41:00",continue_watching,rec_v2,9,0
93,72,126,"2026-07-29 03:34:00",continue_watching,rec_v2,6,0
94,112,37,"2026-06-19 05:01:00",detail_page,rec_v1,20,0
95,935,114,"2026-07-05 02:48:00",home,rec_v1,3,1
96,796,115,"2026-05-02 16:59:00",continue_watching,rec_v1,1,0
97,681,100,"2026-05-25 06:02:00",home,rec_v2,13,0
98,528,126,"2026-06-13 12:30:00",home,rec_v1,18,0
99,394,124,"2026-05-12 00:46:00",search,rec_v2,11,0
100,411,15,"2026-06-27 13:13:00",continue_watching,rec_v1,12,0
101,984,88,"2026-05-08 07:45:00",detail_page,rec_v2,7,0
102,41,99,"2026-06-30 03:23:00",home,rec_v2,4,0
103,368,125,"2026-05-08 17:23:00",continue_watching,rec_v2,7,0
104,198,7,"2026-07-05 12:17:00",continue_watching,rec_v1,16,0
105,812,139,"2026-06-28 13:32:00",home,rec_v2,1,1
106,122,55,"2026-07-13 11:08:00",detail_page,rec_v2,18,0
107,594,60,"2026-07-24 04:17:00",home,rec_v1,16,0
108,483,12,"2026-05-23 02:08:00",detail_page,rec_v1,1,1
109,175,17,"2026-07-14 10:30:00",detail_page,rec_v1,16,0
110,631,57,"2026-05-06 17:51:00",detail_page,rec_v2,11,0
111,756,103,"2026-05-30 12:18:00",home,rec_v1,11,0
112,813,55,"2026-07-09 13:28:00",home,rec_v1,11,1
113,714,95,"2026-06-20 08:56:00",home,rec_v1,19,1
114,901,125,"2026-05-08 08:20:00",home,rec_v1,3,0
115,608,73,"2026-06-07 21:15:00",detail_page,rec_v2,5,1
116,422,62,"2026-07-25 09:17:00",home,rec_v1,20,0
117,512,23,"2026-06-27 02:07:00",detail_page,rec_v2,12,0
118,572,61,"2026-05-18 11:13:00",home,rec_v1,20,0
119,780,139,"2026-06-16 04:44:00",home,rec_v1,9,1
120,181,41,"2026-06-30 23:56:00",continue_watching,rec_v1,12,0
121,446,65,"2026-05-31 10:16:00",search,rec_v2,2,1
122,162,8,"2026-06-14 03:37:00",search,rec_v1,8,0
123,607,149,"2026-05-30 16:05:00",home,rec_v2,8,0
124,334,59,"2026-05-09 22:13:00",home,rec_v2,7,0
125,226,19,"2026-06-12 20:53:00",search,rec_v1,14,0
126,951,117,"2026-05-17 04:58:00",home,rec_v1,15,0
127,648,92,"2026-07-28 19:08:00",home,rec_v2,5,1
128,429,44,"2026-07-09 04:59:00",home,rec_v2,20,0
129,814,44,"2026-06-22 14:55:00",continue_watching,rec_v1,3,0
130,535,126,"2026-07-18 11:30:00",continue_watching,rec_v2,15,0
131,748,110,"2026-07-07 00:12:00",continue_watching,rec_v1,11,0
132,228,39,"2026-07-23 04:07:00",search,rec_v1,14,0
133,42,121,"2026-07-06 18:18:00",detail_page,rec_v1,14,0
134,491,26,"2026-06-11 04:22:00",search,rec_v1,18,0
135,710,105,"2026-07-26 11:09:00",home,rec_v2,10,0
136,93,5,"2026-06-13 16:06:00",detail_page,rec_v1,15,0
137,766,150,"2026-05-03 05:19:00",continue_watching,rec_v2,5,0
138,416,48,"2026-07-11 21:28:00",continue_watching,rec_v2,1,0
139,73,99,"2026-07-21 07:44:00",detail_page,rec_v1,10,0
140,277,139,"2026-06-22 08:36:00",detail_page,rec_v1,20,0
141,754,15,"2026-06-16 20:27:00",continue_watching,rec_v2,2,1
142,375,94,"2026-05-16 22:52:00",search,rec_v1,18,0
143,210,36,"2026-07-29 07:34:00",home,rec_v1,16,0
144,771,149,"2026-07-19 07:00:00",continue_watching,rec_v1,8,0
145,920,69,"2026-06-15 20:03:00",detail_page,rec_v2,2,1
146,727,137,"2026-07-01 17:47:00",detail_page,rec_v2,15,0
147,820,17,"2026-05-18 03:27:00",continue_watching,rec_v2,3,1
148,296,20,"2026-05-10 22:54:00",home,rec_v1,5,0
149,896,53,"2026-06-17 09:27:00",continue_watching,rec_v1,10,0
150,699,139,"2026-07-24 19:22:00",home,rec_v2,14,0
151,661,6,"2026-05-27 12:49:00",home,rec_v1,8,0
152,533,86,"2026-06-07 11:21:00",search,rec_v2,16,0
153,714,136,"2026-07-16 15:10:00",search,rec_v2,10,0
154,920,79,"2026-05-16 15:09:00",detail_page,rec_v1,16,0
155,296,13,"2026-05-14 12:03:00",home,rec_v2,6,0
156,165,138,"2026-05-26 23:07:00",home,rec_v1,5,1
157,130,113,"2026-05-24 16:52:00",home,rec_v1,18,0
158,682,82,"2026-07-29 00:31:00",home,rec_v2,15,0
159,167,137,"2026-05-28 10:46:00",home,rec_v1,13,0
160,787,38,"2026-07-26 06:28:00",search,rec_v2,5,1
161,1000,130,"2026-05-31 03:41:00",search,rec_v2,16,0
162,993,147,"2026-06-30 16:50:00",home,rec_v2,11,0
163,750,123,"2026-07-21 22:27:00",home,rec_v1,10,1
164,623,50,"2026-06-23 02:31:00",search,rec_v2,7,1
165,1000,132,"2026-06-05 21:37:00",home,rec_v2,20,0
166,967,15,"2026-07-22 16:31:00",detail_page,rec_v2,5,0
167,438,95,"2026-06-05 03:28:00",home,rec_v2,12,0
168,457,144,"2026-05-08 23:21:00",home,rec_v2,14,0
169,296,42,"2026-07-13 08:01:00",detail_page,rec_v2,14,0
170,602,23,"2026-05-14 01:47:00",home,rec_v2,17,0
171,68,97,"2026-05-09 01:13:00",home,rec_v2,14,0
172,474,146,"2026-07-08 17:51:00",continue_watching,rec_v1,6,0
173,297,142,"2026-06-14 15:42:00",home,rec_v2,19,0
174,573,119,"2026-05-21 10:28:00",home,rec_v1,5,0
175,979,121,"2026-05-12 07:16:00",detail_page,rec_v2,14,0
176,929,63,"2026-05-03 14:08:00",home,rec_v2,16,0
177,69,93,"2026-06-22 21:21:00",search,rec_v2,9,0
178,488,31,"2026-06-03 23:16:00",search,rec_v1,9,0
179,60,38,"2026-05-30 02:21:00",search,rec_v1,12,0
180,280,93,"2026-06-08 04:26:00",search,rec_v2,2,0
181,543,20,"2026-06-16 18:33:00",home,rec_v1,4,0
182,172,140,"2026-05-30 08:44:00",continue_watching,rec_v2,9,0
183,705,93,"2026-05-09 17:21:00",search,rec_v2,5,1
184,105,56,"2026-05-15 01:37:00",search,rec_v1,18,0
185,852,135,"2026-07-17 00:16:00",search,rec_v1,14,0
186,79,30,"2026-07-14 12:47:00",home,rec_v1,16,0
187,708,93,"2026-05-13 15:40:00",detail_page,rec_v2,6,0
188,30,31,"2026-05-21 05:44:00",home,rec_v1,8,0
189,215,34,"2026-07-29 07:15:00",home,rec_v1,3,1
190,202,28,"2026-05-03 23:38:00",detail_page,rec_v1,16,0
191,260,12,"2026-05-07 00:43:00",home,rec_v1,4,0
192,943,53,"2026-06-23 11:38:00",continue_watching,rec_v1,12,1
193,361,42,"2026-07-17 20:04:00",search,rec_v1,17,0
194,102,149,"2026-07-09 11:19:00",home,rec_v1,7,0
195,176,138,"2026-05-01 09:27:00",continue_watching,rec_v1,7,0
196,872,122,"2026-06-03 08:33:00",detail_page,rec_v1,15,0
197,110,47,"2026-07-15 23:31:00",home,rec_v2,14,0
198,234,105,"2026-05-11 06:30:00",detail_page,rec_v2,4,0
199,533,35,"2026-06-15 03:07:00",detail_page,rec_v2,18,0
200,85,84,"2026-06-14 22:31:00",home,rec_v2,15,0
201,320,114,"2026-05-21 13:25:00",search,rec_v2,14,0
202,72,122,"2026-07-25 11:27:00",detail_page,rec_v1,1,0
203,504,27,"2026-06-06 01:52:00",home,rec_v1,4,1
204,760,44,"2026-05-06 21:21:00",home,rec_v1,11,0
205,865,104,"2026-05-12 04:10:00",home,rec_v2,16,0
206,731,149,"2026-06-24 00:50:00",home,rec_v2,12,0
207,618,104,"2026-07-29 21:16:00",search,rec_v2,5,0
208,111,32,"2026-05-23 19:38:00",search,rec_v1,5,1
209,851,18,"2026-06-15 08:11:00",detail_page,rec_v1,13,0
210,335,40,"2026-05-28 13:22:00",search,rec_v1,3,0
211,533,127,"2026-07-12 03:44:00",search,rec_v2,16,0
212,268,139,"2026-06-01 06:38:00",detail_page,rec_v1,2,0
213,902,31,"2026-06-04 22:03:00",search,rec_v2,15,0
214,34,46,"2026-06-20 16:03:00",detail_page,rec_v2,6,0
215,138,80,"2026-07-05 03:31:00",home,rec_v1,19,0
216,676,142,"2026-07-02 09:13:00",search,rec_v2,16,0
217,161,130,"2026-05-06 01:45:00",home,rec_v2,19,0
218,632,91,"2026-07-09 18:22:00",continue_watching,rec_v2,2,1
219,784,88,"2026-06-04 15:22:00",home,rec_v2,12,0
220,58,63,"2026-05-23 12:55:00",home,rec_v2,19,1
221,346,44,"2026-05-02 19:03:00",search,rec_v1,15,0
222,433,146,"2026-06-16 20:30:00",continue_watching,rec_v2,1,0
223,603,6,"2026-07-29 17:26:00",home,rec_v2,11,0
224,828,126,"2026-05-10 02:34:00",detail_page,rec_v1,11,0
225,831,87,"2026-05-16 04:00:00",search,rec_v2,14,0
226,651,20,"2026-07-16 11:50:00",continue_watching,rec_v1,10,0
227,305,147,"2026-06-06 14:14:00",detail_page,rec_v1,19,1
228,215,89,"2026-07-12 10:07:00",home,rec_v2,17,0
229,444,139,"2026-05-29 12:31:00",home,rec_v2,9,0
230,465,141,"2026-05-17 10:31:00",continue_watching,rec_v1,19,0
231,677,120,"2026-05-25 09:18:00",continue_watching,rec_v2,19,0
232,62,134,"2026-05-19 06:19:00",home,rec_v1,8,0
233,702,77,"2026-07-16 20:00:00",home,rec_v2,3,0
234,867,106,"2026-05-25 07:07:00",detail_page,rec_v1,9,0
235,242,104,"2026-05-22 16:58:00",home,rec_v1,1,0
236,848,80,"2026-06-12 05:58:00",search,rec_v2,14,0
237,38,52,"2026-05-15 12:07:00",home,rec_v1,9,0
238,285,141,"2026-05-17 00:26:00",search,rec_v1,16,0
239,57,22,"2026-05-29 13:44:00",search,rec_v1,14,0
240,688,24,"2026-06-06 03:01:00",continue_watching,rec_v1,8,0
241,753,129,"2026-07-24 22:01:00",home,rec_v2,16,0
242,244,32,"2026-07-10 09:03:00",detail_page,rec_v2,19,0
243,826,61,"2026-07-25 03:37:00",home,rec_v1,4,1
244,451,105,"2026-05-24 03:32:00",continue_watching,rec_v1,16,0
245,717,29,"2026-05-29 19:22:00",search,rec_v2,8,0
246,901,38,"2026-06-03 00:58:00",search,rec_v2,10,1
247,621,9,"2026-07-16 14:13:00",detail_page,rec_v1,8,0
248,394,80,"2026-06-28 03:48:00",continue_watching,rec_v2,4,0
249,243,114,"2026-06-05 08:37:00",home,rec_v2,9,0
250,959,61,"2026-05-28 01:43:00",home,rec_v1,15,0
251,901,105,"2026-07-11 20:17:00",home,rec_v1,16,0
252,423,86,"2026-07-05 07:09:00",home,rec_v1,6,0
253,519,17,"2026-06-02 00:38:00",home,rec_v2,15,0
254,781,14,"2026-06-28 09:06:00",search,rec_v2,5,1
255,590,22,"2026-05-11 02:06:00",home,rec_v1,20,0
256,812,82,"2026-06-11 02:17:00",search,rec_v1,9,0
257,608,84,"2026-07-12 18:35:00",home,rec_v1,14,0
258,403,97,"2026-07-25 23:51:00",detail_page,rec_v1,1,0
259,946,143,"2026-06-28 21:37:00",search,rec_v1,3,0
260,204,68,"2026-07-03 19:55:00",continue_watching,rec_v1,13,0
261,615,67,"2026-05-14 14:02:00",home,rec_v2,6,0
262,121,4,"2026-07-05 09:46:00",search,rec_v2,16,0
263,731,53,"2026-05-18 08:15:00",continue_watching,rec_v2,10,0
264,392,34,"2026-06-09 06:12:00",continue_watching,rec_v1,10,0
265,194,108,"2026-05-17 10:01:00",home,rec_v1,1,0
266,269,61,"2026-06-26 05:20:00",search,rec_v1,12,0
267,663,118,"2026-05-08 19:17:00",home,rec_v1,11,0
268,408,55,"2026-07-04 22:18:00",home,rec_v2,20,0
269,98,143,"2026-05-06 08:20:00",home,rec_v1,16,0
270,621,12,"2026-05-01 11:42:00",home,rec_v2,10,0
271,688,95,"2026-05-13 00:52:00",continue_watching,rec_v1,19,0
272,174,129,"2026-06-14 20:37:00",continue_watching,rec_v2,5,1
273,131,128,"2026-07-19 08:12:00",continue_watching,rec_v2,12,0
274,290,68,"2026-06-25 18:58:00",detail_page,rec_v2,17,0
275,915,43,"2026-05-29 17:18:00",detail_page,rec_v2,5,0
276,946,113,"2026-05-05 20:15:00",home,rec_v1,8,0
277,482,67,"2026-05-15 21:17:00",detail_page,rec_v2,4,0
278,950,127,"2026-05-04 17:06:00",home,rec_v2,15,0
279,867,38,"2026-05-12 06:07:00",home,rec_v1,10,0
280,173,131,"2026-07-14 20:56:00",home,rec_v1,19,0
281,5,135,"2026-07-09 19:12:00",search,rec_v2,3,0
282,511,25,"2026-07-20 18:29:00",home,rec_v2,4,0
283,605,28,"2026-07-16 04:24:00",home,rec_v1,3,0
284,725,123,"2026-06-11 07:53:00",search,rec_v2,20,0
285,338,12,"2026-06-29 17:25:00",search,rec_v2,11,0
286,752,146,"2026-05-12 18:30:00",home,rec_v1,10,0
287,57,19,"2026-06-19 19:16:00",continue_watching,rec_v2,3,0
288,183,62,"2026-07-27 20:10:00",detail_page,rec_v2,3,1
289,292,40,"2026-05-11 23:27:00",home,rec_v2,10,0
290,618,34,"2026-06-02 16:20:00",detail_page,rec_v2,17,0
291,457,100,"2026-06-13 08:47:00",home,rec_v2,3,0
292,831,95,"2026-06-25 21:00:00",home,rec_v2,3,1
293,540,135,"2026-05-08 15:26:00",home,rec_v2,3,0
294,490,77,"2026-05-14 12:38:00",continue_watching,rec_v2,8,0
295,303,146,"2026-05-05 08:15:00",search,rec_v1,17,0
296,436,106,"2026-05-09 14:24:00",search,rec_v2,12,0
297,84,129,"2026-05-02 11:32:00",home,rec_v2,6,0
298,864,101,"2026-05-05 02:52:00",home,rec_v2,11,0
299,466,116,"2026-06-26 18:44:00",detail_page,rec_v2,6,0
300,81,67,"2026-07-19 08:04:00",detail_page,rec_v2,18,1
301,672,123,"2026-06-11 21:14:00",detail_page,rec_v2,10,0
302,998,93,"2026-07-02 20:46:00",detail_page,rec_v2,10,1
303,215,124,"2026-06-29 00:56:00",home,rec_v1,14,0
304,879,138,"2026-05-18 09:03:00",home,rec_v2,5,0
305,23,30,"2026-05-16 02:51:00",continue_watching,rec_v2,16,0
306,881,116,"2026-06-23 06:26:00",home,rec_v2,19,0
307,402,14,"2026-05-31 09:18:00",home,rec_v2,14,0
308,755,149,"2026-06-24 05:37:00",detail_page,rec_v2,2,0
309,498,132,"2026-06-23 19:08:00",detail_page,rec_v2,8,0
310,541,5,"2026-06-08 09:52:00",search,rec_v1,9,0
311,428,122,"2026-05-11 15:27:00",search,rec_v2,15,0
312,22,42,"2026-05-27 05:10:00",detail_page,rec_v2,12,0
313,520,57,"2026-06-23 11:45:00",continue_watching,rec_v2,20,0
314,733,120,"2026-05-12 22:31:00",continue_watching,rec_v2,14,0
315,690,93,"2026-07-12 10:49:00",search,rec_v1,20,0
316,708,23,"2026-06-30 17:12:00",search,rec_v1,7,0
317,504,26,"2026-07-12 05:23:00",home,rec_v2,10,0
318,571,13,"2026-05-02 15:36:00",home,rec_v2,12,0
319,179,129,"2026-05-03 21:50:00",detail_page,rec_v2,14,0
320,233,31,"2026-06-21 03:40:00",home,rec_v2,11,0
321,788,12,"2026-07-10 02:17:00",continue_watching,rec_v2,5,0
322,895,132,"2026-06-25 00:05:00",detail_page,rec_v1,15,0
323,986,29,"2026-07-28 17:10:00",home,rec_v1,18,1
324,892,53,"2026-07-22 22:04:00",home,rec_v2,15,0
325,511,26,"2026-05-15 01:03:00",search,rec_v2,5,1
326,855,122,"2026-06-01 01:37:00",home,rec_v1,3,0
327,733,107,"2026-06-02 19:50:00",search,rec_v1,5,0
328,543,108,"2026-07-11 15:41:00",home,rec_v2,14,0
329,920,118,"2026-07-26 15:19:00",continue_watching,rec_v2,1,0
330,789,3,"2026-07-05 07:40:00",detail_page,rec_v1,3,0
331,412,43,"2026-06-09 12:14:00",home,rec_v1,5,0
332,60,134,"2026-07-28 12:48:00",home,rec_v2,18,0
333,739,81,"2026-07-22 18:14:00",home,rec_v2,17,0
334,151,104,"2026-06-10 14:42:00",search,rec_v2,12,0
335,801,104,"2026-07-10 13:53:00",home,rec_v2,3,1
336,554,73,"2026-05-20 10:54:00",home,rec_v2,17,0
337,651,41,"2026-05-03 03:09:00",home,rec_v2,8,0
338,312,109,"2026-07-29 20:02:00",search,rec_v1,12,0
339,520,91,"2026-05-12 06:28:00",home,rec_v1,15,0
340,755,2,"2026-06-11 05:54:00",home,rec_v1,19,0
341,916,137,"2026-07-16 20:49:00",search,rec_v2,10,0
342,804,147,"2026-07-01 04:57:00",home,rec_v2,17,0
343,108,84,"2026-06-17 00:12:00",search,rec_v2,15,1
344,910,34,"2026-06-13 08:23:00",home,rec_v1,12,0
345,413,144,"2026-06-17 05:39:00",detail_page,rec_v2,19,0
346,434,113,"2026-07-02 17:10:00",continue_watching,rec_v2,14,0
347,148,130,"2026-05-12 13:42:00",search,rec_v2,5,0
348,526,136,"2026-05-11 17:54:00",detail_page,rec_v2,16,1
349,944,31,"2026-06-24 18:12:00",continue_watching,rec_v1,4,0
350,297,11,"2026-06-17 14:01:00",home,rec_v2,10,0
351,311,76,"2026-06-14 05:31:00",home,rec_v1,5,0
352,432,13,"2026-07-25 06:30:00",continue_watching,rec_v2,7,0
353,758,126,"2026-05-01 04:33:00",home,rec_v2,3,0
354,428,124,"2026-06-22 03:52:00",home,rec_v2,11,0
355,487,34,"2026-07-09 08:30:00",home,rec_v2,15,0
356,153,84,"2026-05-09 03:06:00",detail_page,rec_v2,13,0
357,405,87,"2026-06-19 05:49:00",home,rec_v2,9,0
358,887,43,"2026-07-04 08:55:00",home,rec_v2,18,0
359,660,144,"2026-05-08 18:01:00",home,rec_v1,19,0
360,769,122,"2026-06-15 18:01:00",continue_watching,rec_v1,18,0
361,20,71,"2026-07-11 14:41:00",home,rec_v2,3,0
362,622,83,"2026-06-06 13:44:00",search,rec_v2,1,0
363,185,107,"2026-05-03 04:33:00",continue_watching,rec_v2,13,0
364,118,26,"2026-06-19 07:32:00",home,rec_v1,6,0
365,92,40,"2026-05-28 22:12:00",continue_watching,rec_v1,2,0
366,334,47,"2026-05-03 11:21:00",detail_page,rec_v2,13,1
367,208,62,"2026-07-08 11:03:00",search,rec_v1,16,0
368,517,99,"2026-07-26 09:54:00",home,rec_v1,11,0
369,417,17,"2026-06-14 01:41:00",home,rec_v1,1,0
370,987,26,"2026-05-23 10:05:00",detail_page,rec_v1,10,0
371,457,22,"2026-07-17 00:43:00",search,rec_v1,5,0
372,173,63,"2026-06-18 22:15:00",continue_watching,rec_v2,2,1
373,669,43,"2026-05-01 01:11:00",home,rec_v2,9,0
374,860,98,"2026-06-01 23:41:00",detail_page,rec_v1,19,0
375,289,12,"2026-05-15 16:37:00",detail_page,rec_v1,10,1
376,216,130,"2026-07-27 03:30:00",detail_page,rec_v2,9,0
377,725,116,"2026-05-25 20:24:00",home,rec_v2,11,0
378,983,85,"2026-05-02 10:40:00",continue_watching,rec_v1,1,0
379,5,3,"2026-07-01 05:32:00",home,rec_v2,13,0
380,807,20,"2026-06-19 00:41:00",home,rec_v2,4,0
381,833,97,"2026-07-15 07:37:00",search,rec_v2,6,0
382,832,3,"2026-05-12 08:33:00",search,rec_v1,15,1
383,777,72,"2026-07-01 22:41:00",continue_watching,rec_v2,7,1
384,240,127,"2026-07-28 01:05:00",home,rec_v2,16,0
385,724,54,"2026-05-01 15:35:00",home,rec_v2,4,0
386,583,129,"2026-06-14 23:11:00",home,rec_v1,19,0
387,618,145,"2026-05-16 23:26:00",home,rec_v1,3,1
388,877,59,"2026-07-20 04:34:00",search,rec_v2,7,0
389,24,137,"2026-06-25 22:18:00",home,rec_v2,1,0
390,657,14,"2026-07-17 17:17:00",continue_watching,rec_v2,14,0
391,697,133,"2026-06-12 11:16:00",search,rec_v1,8,1
392,546,115,"2026-05-29 18:50:00",home,rec_v1,11,1
393,940,64,"2026-05-18 22:05:00",home,rec_v2,3,0
394,100,8,"2026-06-13 16:30:00",home,rec_v1,19,0
395,958,86,"2026-07-16 12:07:00",home,rec_v1,16,0
396,349,14,"2026-07-14 18:53:00",home,rec_v1,3,0
397,635,113,"2026-07-09 13:11:00",home,rec_v2,19,0
398,998,16,"2026-07-23 10:35:00",home,rec_v2,3,0
399,64,114,"2026-05-05 23:41:00",home,rec_v2,3,1
400,871,98,"2026-06-06 13:29:00",home,rec_v2,8,0
401,807,3,"2026-06-11 06:29:00",home,rec_v2,20,0
402,348,7,"2026-06-11 07:56:00",search,rec_v1,4,1
403,130,131,"2026-05-24 07:51:00",home,rec_v2,20,0
404,249,36,"2026-07-12 13:07:00",home,rec_v1,10,0
405,526,92,"2026-05-29 07:48:00",search,rec_v1,5,0
406,618,88,"2026-05-27 11:50:00",home,rec_v1,17,0
407,695,38,"2026-05-06 05:12:00",home,rec_v1,14,0
408,1000,52,"2026-06-28 07:18:00",continue_watching,rec_v1,11,0
409,488,120,"2026-06-24 14:12:00",detail_page,rec_v2,20,0
410,337,42,"2026-05-10 13:02:00",search,rec_v1,16,0
411,4,58,"2026-07-03 02:21:00",home,rec_v1,8,0
412,787,85,"2026-07-13 11:30:00",detail_page,rec_v1,13,0
413,7,93,"2026-05-01 21:36:00",home,rec_v1,18,0
414,298,113,"2026-05-18 16:40:00",search,rec_v2,2,0
415,204,51,"2026-05-26 20:37:00",home,rec_v2,6,0
416,568,63,"2026-05-17 06:01:00",home,rec_v1,9,0
417,22,36,"2026-06-04 11:46:00",detail_page,rec_v1,11,0
418,313,117,"2026-05-22 20:36:00",home,rec_v2,6,0
419,819,112,"2026-07-19 22:52:00",detail_page,rec_v1,5,0
420,134,49,"2026-05-18 10:44:00",search,rec_v2,11,0
421,652,63,"2026-07-23 19:59:00",home,rec_v1,18,0
422,153,84,"2026-05-23 11:57:00",home,rec_v2,5,0
423,992,150,"2026-07-20 15:08:00",search,rec_v1,16,0
424,630,17,"2026-05-16 05:45:00",search,rec_v2,16,0
425,184,83,"2026-07-04 20:27:00",home,rec_v2,16,0
426,596,103,"2026-06-28 01:57:00",continue_watching,rec_v1,7,0
427,208,116,"2026-07-18 13:37:00",home,rec_v1,10,0
428,387,147,"2026-05-15 07:25:00",continue_watching,rec_v2,9,0
429,138,22,"2026-05-27 20:32:00",home,rec_v2,8,0
430,477,132,"2026-06-26 12:52:00",home,rec_v2,15,0
431,377,128,"2026-05-29 20:32:00",home,rec_v1,6,0
432,272,20,"2026-06-02 16:27:00",continue_watching,rec_v2,17,0
433,660,21,"2026-07-11 12:45:00",home,rec_v1,4,1
434,342,51,"2026-07-01 10:47:00",home,rec_v2,9,0
435,619,36,"2026-07-17 19:46:00",detail_page,rec_v2,1,0
436,289,89,"2026-07-11 06:46:00",continue_watching,rec_v2,19,0
437,13,121,"2026-06-29 12:53:00",search,rec_v1,13,0
438,741,54,"2026-06-13 04:25:00",home,rec_v2,15,0
439,88,81,"2026-07-16 23:40:00",home,rec_v2,7,0
440,874,143,"2026-05-03 17:45:00",home,rec_v1,10,0
441,10,128,"2026-07-13 18:20:00",detail_page,rec_v2,11,0
442,436,104,"2026-07-09 10:27:00",detail_page,rec_v2,11,0
443,582,9,"2026-07-23 22:27:00",home,rec_v2,19,0
444,618,147,"2026-07-18 21:52:00",home,rec_v2,7,0
445,66,137,"2026-06-05 04:10:00",home,rec_v1,11,0
446,463,78,"2026-05-09 11:41:00",home,rec_v1,2,0
447,618,126,"2026-05-03 10:37:00",home,rec_v1,13,0
448,239,75,"2026-06-30 00:51:00",search,rec_v2,2,0
449,12,44,"2026-05-30 17:50:00",continue_watching,rec_v2,13,0
450,114,34,"2026-06-18 19:53:00",home,rec_v1,13,0
451,887,53,"2026-05-12 19:50:00",continue_watching,rec_v2,14,0
452,681,122,"2026-05-15 10:51:00",search,rec_v2,19,0
453,734,118,"2026-05-26 01:42:00",home,rec_v1,15,1
454,472,119,"2026-06-22 10:34:00",home,rec_v1,10,0
455,941,117,"2026-06-01 13:33:00",detail_page,rec_v2,13,0
456,830,45,"2026-06-07 18:41:00",home,rec_v2,15,0
457,675,47,"2026-07-03 13:56:00",search,rec_v2,2,0
458,892,41,"2026-05-25 22:04:00",continue_watching,rec_v2,3,0
459,740,56,"2026-07-22 17:09:00",search,rec_v1,12,1
460,462,43,"2026-05-24 00:10:00",home,rec_v1,15,1
461,877,50,"2026-06-06 02:32:00",home,rec_v2,4,0
462,140,84,"2026-07-01 00:16:00",detail_page,rec_v2,15,1
463,144,121,"2026-07-14 16:14:00",home,rec_v1,6,0
464,622,26,"2026-05-17 03:10:00",home,rec_v2,6,1
465,694,70,"2026-05-14 23:19:00",home,rec_v1,7,0
466,915,137,"2026-05-20 16:13:00",home,rec_v1,17,0
467,734,27,"2026-06-05 13:19:00",detail_page,rec_v2,2,0
468,50,97,"2026-07-09 19:47:00",home,rec_v1,12,0
469,205,24,"2026-05-02 11:02:00",home,rec_v1,11,0
470,697,17,"2026-05-21 01:50:00",continue_watching,rec_v1,6,0
471,46,107,"2026-06-16 15:34:00",home,rec_v2,11,0
472,195,54,"2026-07-25 01:04:00",search,rec_v2,4,0
473,109,92,"2026-05-30 10:24:00",home,rec_v2,11,1
474,378,12,"2026-05-07 03:05:00",continue_watching,rec_v2,10,0
475,512,27,"2026-07-04 20:32:00",search,rec_v1,9,0
476,615,84,"2026-07-29 07:56:00",search,rec_v2,5,0
477,651,82,"2026-07-29 00:31:00",continue_watching,rec_v2,3,0
478,624,150,"2026-06-10 20:39:00",home,rec_v1,17,0
479,14,60,"2026-05-02 22:20:00",search,rec_v1,10,0
480,439,63,"2026-06-26 09:53:00",home,rec_v1,12,0
481,207,39,"2026-06-04 04:50:00",home,rec_v1,8,0
482,613,114,"2026-07-07 06:55:00",continue_watching,rec_v1,9,0
483,806,11,"2026-06-17 09:51:00",detail_page,rec_v2,10,0
484,235,85,"2026-06-01 04:42:00",home,rec_v1,8,0
485,713,57,"2026-06-25 08:20:00",continue_watching,rec_v2,6,0
486,7,17,"2026-07-19 04:15:00",search,rec_v1,2,0
487,145,53,"2026-05-12 10:17:00",home,rec_v1,8,0
488,437,120,"2026-05-29 08:24:00",home,rec_v1,8,0
489,621,64,"2026-05-28 14:08:00",home,rec_v2,7,0
490,801,124,"2026-05-08 06:47:00",continue_watching,rec_v2,13,0
491,483,113,"2026-06-08 11:23:00",search,rec_v2,5,0
492,813,124,"2026-05-02 19:16:00",detail_page,rec_v2,3,0
493,944,77,"2026-06-24 04:11:00",search,rec_v1,9,0
494,314,117,"2026-05-26 18:42:00",home,rec_v2,3,0
495,733,121,"2026-05-18 19:32:00",home,rec_v1,1,1
496,415,107,"2026-07-25 14:05:00",home,rec_v2,13,0
497,657,19,"2026-06-07 05:00:00",continue_watching,rec_v1,13,0
498,167,50,"2026-07-09 10:41:00",home,rec_v2,12,0
499,501,95,"2026-07-03 09:25:00",home,rec_v2,14,0
500,249,123,"2026-05-04 03:22:00",continue_watching,rec_v2,1,0
501,661,38,"2026-05-24 18:53:00",search,rec_v1,9,0
502,593,42,"2026-05-02 02:57:00",home,rec_v1,13,0
503,601,21,"2026-06-17 04:45:00",continue_watching,rec_v2,6,0
504,259,78,"2026-06-15 13:40:00",continue_watching,rec_v2,19,0
505,422,23,"2026-05-10 22:42:00",search,rec_v2,5,0
506,215,102,"2026-07-03 15:00:00",home,rec_v1,16,1
507,751,111,"2026-05-16 12:45:00",home,rec_v1,5,1
508,581,55,"2026-05-17 21:31:00",home,rec_v1,7,0
509,924,105,"2026-06-10 02:47:00",search,rec_v1,6,1
510,241,123,"2026-06-14 03:55:00",detail_page,rec_v1,1,1
511,8,150,"2026-07-11 20:02:00",continue_watching,rec_v1,7,0
512,8,97,"2026-06-24 21:14:00",search,rec_v2,16,0
513,346,110,"2026-05-31 15:12:00",home,rec_v2,11,0
514,964,93,"2026-06-30 12:53:00",home,rec_v1,12,0
515,826,26,"2026-05-01 06:44:00",search,rec_v2,5,1
516,974,64,"2026-06-03 12:50:00",search,rec_v2,17,0
517,193,1,"2026-07-29 18:20:00",search,rec_v2,1,0
518,895,12,"2026-07-28 06:07:00",detail_page,rec_v2,15,0
519,497,103,"2026-07-07 06:49:00",search,rec_v1,12,0
520,954,122,"2026-07-29 19:51:00",detail_page,rec_v1,13,0
521,200,37,"2026-07-19 04:14:00",search,rec_v1,5,0
522,90,78,"2026-07-15 18:18:00",detail_page,rec_v2,6,0
523,978,30,"2026-06-13 21:18:00",detail_page,rec_v1,8,0
524,772,23,"2026-05-10 14:24:00",home,rec_v1,6,0
525,335,99,"2026-07-09 18:01:00",home,rec_v2,16,0
526,687,32,"2026-06-30 13:45:00",home,rec_v2,3,0
527,341,58,"2026-07-24 19:30:00",search,rec_v1,11,0
528,735,98,"2026-06-29 12:30:00",search,rec_v2,8,0
529,119,75,"2026-05-08 23:32:00",home,rec_v2,19,0
530,763,30,"2026-06-22 03:23:00",home,rec_v2,13,0
531,2,80,"2026-05-06 15:11:00",search,rec_v1,13,0
532,328,94,"2026-07-12 14:12:00",detail_page,rec_v1,17,0
533,605,57,"2026-05-10 16:50:00",home,rec_v2,11,0
534,966,76,"2026-07-16 04:55:00",home,rec_v2,5,0
535,150,9,"2026-06-24 12:16:00",home,rec_v1,9,0
536,724,147,"2026-06-13 12:49:00",search,rec_v1,16,0
537,990,97,"2026-05-06 08:28:00",continue_watching,rec_v2,5,0
538,216,58,"2026-07-03 18:03:00",detail_page,rec_v1,16,0
539,307,41,"2026-05-02 23:06:00",search,rec_v2,14,0
540,357,101,"2026-06-05 14:17:00",home,rec_v2,10,0
541,200,141,"2026-06-05 20:12:00",home,rec_v2,19,0
542,56,78,"2026-06-11 15:29:00",detail_page,rec_v1,15,0
543,299,38,"2026-05-20 02:14:00",home,rec_v1,1,0
544,877,148,"2026-05-10 06:42:00",detail_page,rec_v1,13,0
545,438,44,"2026-07-24 06:50:00",home,rec_v2,16,0
546,54,31,"2026-07-29 05:26:00",search,rec_v2,19,0
547,153,104,"2026-05-23 07:12:00",home,rec_v1,13,0
548,705,45,"2026-06-29 10:03:00",detail_page,rec_v1,15,0
549,666,98,"2026-05-26 01:13:00",search,rec_v2,12,1
550,24,147,"2026-07-29 20:53:00",search,rec_v2,4,0
551,186,99,"2026-06-14 01:43:00",continue_watching,rec_v2,10,0
552,102,84,"2026-05-06 18:42:00",detail_page,rec_v1,13,0
553,21,101,"2026-06-20 14:43:00",detail_page,rec_v2,3,0
554,599,138,"2026-07-04 23:12:00",detail_page,rec_v1,7,0
555,920,31,"2026-05-17 10:40:00",continue_watching,rec_v1,1,0
556,820,81,"2026-05-12 04:47:00",home,rec_v1,6,1
557,128,130,"2026-05-28 04:15:00",home,rec_v1,14,0
558,674,1,"2026-05-23 14:30:00",home,rec_v2,18,0
559,591,126,"2026-07-03 06:28:00",home,rec_v2,20,0
560,215,26,"2026-06-30 07:30:00",detail_page,rec_v1,2,1
561,222,92,"2026-05-26 05:58:00",home,rec_v2,3,0
562,267,98,"2026-06-29 03:26:00",continue_watching,rec_v2,15,1
563,549,53,"2026-05-07 10:08:00",search,rec_v2,7,0
564,578,131,"2026-06-25 01:31:00",home,rec_v1,11,0
565,445,98,"2026-05-03 08:36:00",continue_watching,rec_v1,3,0
566,545,29,"2026-07-02 06:10:00",search,rec_v1,11,0
567,372,86,"2026-07-10 19:43:00",home,rec_v1,9,1
568,180,135,"2026-07-06 07:03:00",continue_watching,rec_v2,4,0
569,718,147,"2026-07-18 18:29:00",home,rec_v2,20,1
570,186,89,"2026-07-13 08:55:00",detail_page,rec_v2,16,0
571,266,3,"2026-07-02 12:01:00",search,rec_v1,5,1
572,725,64,"2026-07-01 17:35:00",search,rec_v2,6,0
573,363,120,"2026-06-15 17:08:00",home,rec_v2,17,0
574,903,59,"2026-05-28 18:41:00",search,rec_v1,10,0
575,321,24,"2026-06-27 18:28:00",home,rec_v1,3,1
576,952,127,"2026-07-13 13:51:00",continue_watching,rec_v2,17,0
577,140,123,"2026-06-15 07:28:00",search,rec_v1,13,1
578,768,89,"2026-05-23 05:31:00",continue_watching,rec_v1,20,0
579,173,135,"2026-07-22 06:22:00",home,rec_v1,12,0
580,527,91,"2026-07-26 16:43:00",home,rec_v2,13,0
581,994,29,"2026-05-31 18:16:00",continue_watching,rec_v1,18,0
582,879,31,"2026-05-27 09:39:00",home,rec_v2,9,0
583,756,146,"2026-06-05 19:52:00",home,rec_v2,17,0
584,37,119,"2026-07-21 05:40:00",search,rec_v2,2,0
585,631,118,"2026-05-30 21:43:00",home,rec_v1,1,0
586,740,48,"2026-06-06 14:19:00",home,rec_v1,14,0
587,87,136,"2026-06-16 19:32:00",continue_watching,rec_v2,4,0
588,8,40,"2026-07-10 00:53:00",detail_page,rec_v1,16,0
589,307,94,"2026-06-08 23:43:00",continue_watching,rec_v2,4,0
590,673,113,"2026-05-15 17:31:00",home,rec_v2,1,0
591,892,51,"2026-05-11 01:45:00",home,rec_v1,5,0
592,762,85,"2026-07-22 00:15:00",home,rec_v1,16,0
593,273,31,"2026-06-08 07:53:00",search,rec_v2,5,0
594,783,103,"2026-06-15 16:19:00",detail_page,rec_v2,5,1
595,160,89,"2026-06-15 12:16:00",home,rec_v1,2,0
596,351,110,"2026-07-28 21:03:00",search,rec_v1,14,0
597,289,125,"2026-05-08 12:28:00",detail_page,rec_v1,20,0
598,524,48,"2026-05-23 16:58:00",home,rec_v1,9,0
599,254,110,"2026-05-19 01:26:00",search,rec_v1,17,0
600,194,39,"2026-05-21 21:05:00",home,rec_v2,2,0
601,197,38,"2026-06-08 19:16:00",home,rec_v1,3,0
602,390,105,"2026-06-17 18:49:00",home,rec_v1,8,0
603,491,16,"2026-06-16 09:48:00",home,rec_v1,10,0
604,373,72,"2026-07-25 20:00:00",home,rec_v2,8,0
605,49,47,"2026-05-04 17:19:00",home,rec_v2,7,0
606,287,26,"2026-06-09 05:19:00",home,rec_v2,12,0
607,115,25,"2026-06-30 21:20:00",home,rec_v1,11,0
608,830,93,"2026-07-07 14:57:00",detail_page,rec_v2,8,0
609,216,150,"2026-06-04 22:58:00",home,rec_v1,5,0
610,617,31,"2026-05-04 17:39:00",search,rec_v1,7,0
611,948,26,"2026-05-07 19:34:00",continue_watching,rec_v2,10,0
612,780,52,"2026-06-18 13:34:00",detail_page,rec_v1,5,1
613,917,94,"2026-06-10 19:43:00",search,rec_v1,14,1
614,171,71,"2026-07-03 09:58:00",continue_watching,rec_v2,2,0
615,63,49,"2026-07-07 10:07:00",detail_page,rec_v2,18,0
616,995,20,"2026-05-16 01:34:00",home,rec_v2,18,0
617,411,70,"2026-05-19 20:02:00",home,rec_v1,19,0
618,714,3,"2026-07-20 00:32:00",continue_watching,rec_v2,17,0
619,538,67,"2026-05-28 14:48:00",continue_watching,rec_v2,9,0
620,176,58,"2026-05-05 03:38:00",search,rec_v2,2,0
621,965,72,"2026-07-24 09:36:00",home,rec_v1,8,0
622,216,137,"2026-05-11 13:48:00",home,rec_v2,20,0
623,333,22,"2026-07-26 03:30:00",detail_page,rec_v2,5,0
624,627,76,"2026-05-30 13:10:00",continue_watching,rec_v1,12,0
625,989,72,"2026-05-17 02:05:00",home,rec_v1,18,0
626,889,150,"2026-05-10 16:31:00",detail_page,rec_v2,9,0
627,650,142,"2026-05-19 18:21:00",detail_page,rec_v1,11,0
628,596,102,"2026-05-15 04:00:00",home,rec_v2,12,0
629,491,24,"2026-06-15 03:26:00",home,rec_v1,6,0
630,503,47,"2026-06-28 22:37:00",home,rec_v2,6,0
631,838,101,"2026-07-02 13:34:00",search,rec_v1,5,1
632,141,4,"2026-06-24 21:54:00",home,rec_v2,1,1
633,136,64,"2026-07-10 02:20:00",home,rec_v1,20,1
634,981,28,"2026-06-19 08:49:00",detail_page,rec_v2,3,1
635,340,123,"2026-05-15 01:32:00",home,rec_v2,18,0
636,845,12,"2026-05-10 08:36:00",search,rec_v1,17,0
637,426,37,"2026-05-01 02:38:00",continue_watching,rec_v1,8,0
638,151,91,"2026-06-29 15:39:00",home,rec_v2,4,0
639,113,58,"2026-05-10 06:14:00",continue_watching,rec_v2,12,1
640,918,12,"2026-06-25 00:33:00",home,rec_v2,17,0
641,186,109,"2026-05-14 16:09:00",continue_watching,rec_v2,20,0
642,357,27,"2026-05-25 16:12:00",continue_watching,rec_v2,9,0
643,729,20,"2026-07-11 19:16:00",home,rec_v1,5,0
644,400,115,"2026-07-05 15:47:00",detail_page,rec_v2,3,1
645,187,99,"2026-06-02 02:17:00",home,rec_v2,16,0
646,424,86,"2026-05-13 13:56:00",detail_page,rec_v1,13,0
647,510,138,"2026-06-18 14:02:00",search,rec_v1,13,1
648,796,57,"2026-07-03 23:55:00",home,rec_v2,1,1
649,372,143,"2026-06-13 03:18:00",continue_watching,rec_v1,2,0
650,370,36,"2026-05-27 19:46:00",search,rec_v2,8,0
651,230,15,"2026-07-07 23:50:00",home,rec_v1,13,0
652,713,109,"2026-06-03 19:57:00",home,rec_v1,19,1
653,892,41,"2026-05-03 17:56:00",home,rec_v1,3,0
654,13,146,"2026-07-15 15:29:00",detail_page,rec_v1,6,0
655,144,136,"2026-07-03 14:02:00",continue_watching,rec_v2,14,0
656,455,4,"2026-05-27 02:27:00",home,rec_v1,2,0
657,178,129,"2026-05-15 14:17:00",home,rec_v2,15,0
658,850,67,"2026-07-23 15:54:00",search,rec_v2,8,0
659,161,70,"2026-07-28 13:49:00",home,rec_v2,5,0
660,411,15,"2026-05-20 22:12:00",home,rec_v1,15,0
661,669,104,"2026-07-15 07:09:00",home,rec_v1,12,0
662,200,70,"2026-05-10 20:48:00",home,rec_v2,20,0
663,344,8,"2026-05-22 19:15:00",home,rec_v1,3,1
664,247,69,"2026-05-08 17:46:00",continue_watching,rec_v1,19,0
665,496,12,"2026-05-05 08:57:00",home,rec_v2,1,0
666,770,73,"2026-07-27 06:23:00",home,rec_v1,11,0
667,744,92,"2026-07-28 15:24:00",home,rec_v1,11,0
668,760,129,"2026-05-10 04:38:00",search,rec_v1,1,0
669,392,123,"2026-06-23 08:55:00",continue_watching,rec_v1,10,0
670,699,119,"2026-05-08 04:02:00",continue_watching,rec_v1,8,0
671,827,37,"2026-07-09 23:31:00",detail_page,rec_v2,15,0
672,348,75,"2026-06-02 19:07:00",search,rec_v2,2,0
673,793,100,"2026-05-22 18:20:00",home,rec_v1,5,0
674,510,25,"2026-07-13 05:57:00",home,rec_v2,18,0
675,817,23,"2026-06-15 09:53:00",home,rec_v2,6,0
676,166,18,"2026-05-26 11:55:00",search,rec_v2,3,1
677,485,66,"2026-07-09 11:07:00",continue_watching,rec_v1,4,0
678,500,11,"2026-06-03 02:01:00",continue_watching,rec_v2,14,0
679,940,34,"2026-06-10 03:00:00",home,rec_v2,12,1
680,660,15,"2026-07-07 10:49:00",detail_page,rec_v1,5,0
681,298,97,"2026-05-15 09:36:00",search,rec_v1,8,0
682,474,24,"2026-06-01 18:15:00",search,rec_v2,4,1
683,940,102,"2026-07-09 22:11:00",home,rec_v2,11,1
684,218,122,"2026-05-11 09:44:00",home,rec_v1,18,0
685,482,38,"2026-06-28 06:34:00",home,rec_v1,20,0
686,64,93,"2026-07-11 20:49:00",home,rec_v2,7,1
687,976,109,"2026-05-25 13:29:00",home,rec_v1,3,1
688,538,55,"2026-06-30 22:51:00",continue_watching,rec_v1,2,1
689,351,77,"2026-05-15 23:25:00",home,rec_v2,16,0
690,706,42,"2026-07-27 21:21:00",detail_page,rec_v2,19,0
691,11,144,"2026-07-11 06:38:00",continue_watching,rec_v1,3,0
692,593,38,"2026-05-30 11:12:00",detail_page,rec_v2,1,1
693,886,82,"2026-05-11 08:10:00",detail_page,rec_v2,9,0
694,4,116,"2026-07-25 20:43:00",detail_page,rec_v1,15,0
695,593,25,"2026-05-04 07:42:00",home,rec_v1,14,0
696,793,43,"2026-06-24 16:46:00",home,rec_v2,7,0
697,996,148,"2026-07-26 22:27:00",home,rec_v2,1,0
698,315,129,"2026-07-14 13:14:00",continue_watching,rec_v2,15,0
699,361,91,"2026-07-15 09:11:00",search,rec_v2,4,0
700,470,110,"2026-06-03 23:05:00",home,rec_v1,18,0
701,292,112,"2026-06-27 17:13:00",home,rec_v1,3,0
702,107,23,"2026-06-29 03:07:00",home,rec_v2,4,0
703,770,140,"2026-05-10 01:48:00",search,rec_v1,10,0
704,217,58,"2026-07-10 17:07:00",search,rec_v2,4,1
705,930,102,"2026-05-01 16:36:00",continue_watching,rec_v1,17,0
706,901,68,"2026-05-28 23:31:00",detail_page,rec_v2,8,1
707,34,4,"2026-05-03 09:20:00",home,rec_v2,17,0
708,615,82,"2026-05-31 12:00:00",home,rec_v2,8,0
709,401,50,"2026-06-26 02:15:00",search,rec_v1,19,0
710,962,100,"2026-07-28 23:03:00",detail_page,rec_v2,11,0
711,448,60,"2026-05-10 01:31:00",detail_page,rec_v1,17,0
712,591,101,"2026-07-16 17:37:00",detail_page,rec_v2,18,0
713,331,53,"2026-05-09 11:43:00",home,rec_v2,1,0
714,608,40,"2026-05-03 12:46:00",search,rec_v1,19,0
715,761,34,"2026-07-29 12:18:00",search,rec_v2,6,0
716,920,57,"2026-05-28 00:38:00",home,rec_v1,13,0
717,676,14,"2026-05-26 00:40:00",home,rec_v1,1,0
718,594,27,"2026-05-11 02:20:00",search,rec_v1,4,1
719,80,127,"2026-07-16 21:06:00",home,rec_v1,13,0
720,815,6,"2026-06-07 15:50:00",home,rec_v1,7,0
721,385,81,"2026-06-27 16:00:00",continue_watching,rec_v1,6,0
722,926,46,"2026-06-30 01:03:00",search,rec_v1,4,0
723,356,124,"2026-06-25 21:18:00",search,rec_v1,6,0
724,261,32,"2026-05-18 13:16:00",search,rec_v1,17,0
725,157,56,"2026-07-18 21:42:00",home,rec_v1,1,0
726,226,22,"2026-07-06 05:46:00",detail_page,rec_v1,9,0
727,205,24,"2026-06-01 17:25:00",detail_page,rec_v2,15,0
728,508,112,"2026-06-16 15:54:00",continue_watching,rec_v1,9,0
729,704,72,"2026-07-27 13:14:00",home,rec_v2,6,0
730,977,125,"2026-06-09 10:55:00",continue_watching,rec_v2,20,0
731,836,82,"2026-06-26 16:46:00",home,rec_v2,14,0
732,362,96,"2026-07-21 17:28:00",search,rec_v1,15,0
733,35,131,"2026-05-24 00:49:00",search,rec_v2,20,0
734,661,136,"2026-06-02 01:30:00",home,rec_v1,6,0
735,440,48,"2026-06-02 13:30:00",home,rec_v1,12,0
736,799,81,"2026-05-12 03:10:00",home,rec_v1,11,0
737,582,83,"2026-07-21 19:20:00",home,rec_v1,13,0
738,218,135,"2026-05-20 19:03:00",home,rec_v2,20,0
739,827,20,"2026-06-22 05:48:00",continue_watching,rec_v2,14,0
740,328,51,"2026-05-18 22:37:00",home,rec_v2,16,1
741,606,99,"2026-05-22 12:28:00",search,rec_v2,1,0
742,877,148,"2026-07-29 22:13:00",home,rec_v2,10,0
743,991,104,"2026-05-04 08:50:00",continue_watching,rec_v1,11,0
744,72,121,"2026-05-09 15:47:00",detail_page,rec_v2,10,0
745,772,89,"2026-06-06 10:33:00",home,rec_v2,16,0
746,403,77,"2026-07-03 09:26:00",continue_watching,rec_v2,4,0
747,961,27,"2026-05-03 15:58:00",home,rec_v1,5,1
748,175,23,"2026-05-18 09:35:00",detail_page,rec_v2,18,0
749,957,14,"2026-05-24 15:17:00",continue_watching,rec_v1,4,1
750,716,44,"2026-07-24 04:23:00",home,rec_v2,4,1
751,772,150,"2026-07-20 19:25:00",continue_watching,rec_v2,15,0
752,535,136,"2026-05-22 21:25:00",search,rec_v2,9,0
753,749,124,"2026-05-21 13:20:00",home,rec_v2,3,0
754,856,63,"2026-06-30 00:39:00",search,rec_v1,3,1
755,687,56,"2026-06-12 14:41:00",detail_page,rec_v1,16,0
756,214,136,"2026-06-16 18:41:00",continue_watching,rec_v2,15,0
757,869,130,"2026-05-10 14:49:00",continue_watching,rec_v1,12,0
758,464,132,"2026-05-19 11:30:00",detail_page,rec_v1,3,0
759,169,79,"2026-07-26 14:34:00",continue_watching,rec_v1,5,0
760,110,29,"2026-05-22 21:31:00",home,rec_v2,6,0
761,488,136,"2026-06-11 04:48:00",home,rec_v1,18,1
762,55,113,"2026-05-25 19:28:00",home,rec_v1,13,0
763,433,50,"2026-05-27 18:15:00",home,rec_v1,20,0
764,623,127,"2026-06-17 04:56:00",home,rec_v1,8,0
765,225,30,"2026-05-05 20:04:00",continue_watching,rec_v2,8,1
766,717,104,"2026-06-05 16:08:00",home,rec_v1,9,0
767,176,53,"2026-06-01 15:24:00",search,rec_v2,1,1
768,175,81,"2026-07-02 00:38:00",home,rec_v1,11,0
769,146,4,"2026-06-30 14:58:00",search,rec_v2,1,1
770,696,3,"2026-06-24 01:37:00",home,rec_v2,19,1
771,484,29,"2026-05-05 02:41:00",detail_page,rec_v2,8,0
772,172,38,"2026-07-10 13:34:00",home,rec_v2,11,0
773,753,90,"2026-06-19 16:07:00",home,rec_v2,9,0
774,14,91,"2026-05-28 09:50:00",detail_page,rec_v2,4,0
775,532,6,"2026-05-14 11:05:00",continue_watching,rec_v1,5,0
776,32,63,"2026-06-22 13:45:00",detail_page,rec_v2,12,0
777,92,50,"2026-07-23 19:11:00",continue_watching,rec_v1,9,0
778,696,140,"2026-07-21 20:22:00",continue_watching,rec_v1,9,0
779,358,85,"2026-06-05 14:12:00",search,rec_v2,10,0
780,594,134,"2026-07-03 21:11:00",home,rec_v1,14,0
781,581,89,"2026-05-27 06:02:00",home,rec_v1,16,0
782,151,120,"2026-07-01 23:29:00",home,rec_v2,20,0
783,167,78,"2026-06-14 07:29:00",home,rec_v2,1,0
784,223,73,"2026-07-15 03:16:00",search,rec_v1,16,0
785,441,91,"2026-06-30 02:20:00",detail_page,rec_v1,9,0
786,900,73,"2026-07-11 11:26:00",continue_watching,rec_v1,3,0
787,147,51,"2026-06-09 07:49:00",search,rec_v1,10,0
788,485,91,"2026-05-23 15:21:00",detail_page,rec_v2,14,0
789,926,26,"2026-07-21 06:51:00",home,rec_v2,20,0
790,578,112,"2026-07-01 19:07:00",continue_watching,rec_v1,7,0
791,427,142,"2026-05-19 03:51:00",home,rec_v1,10,0
792,644,119,"2026-06-19 16:23:00",home,rec_v2,4,1
793,363,110,"2026-06-12 11:11:00",home,rec_v2,15,1
794,774,36,"2026-06-25 23:56:00",continue_watching,rec_v1,19,0
795,131,140,"2026-07-21 21:53:00",search,rec_v2,2,0
796,403,33,"2026-06-06 16:14:00",detail_page,rec_v2,17,0
797,56,22,"2026-05-05 23:28:00",home,rec_v1,11,0
798,842,75,"2026-06-21 11:13:00",search,rec_v2,2,1
799,148,144,"2026-07-07 09:28:00",continue_watching,rec_v1,8,0
800,656,40,"2026-05-28 09:18:00",search,rec_v1,16,0
801,206,30,"2026-05-07 02:40:00",home,rec_v1,17,1
802,853,130,"2026-06-10 09:31:00",home,rec_v1,10,0
803,189,61,"2026-07-16 14:46:00",detail_page,rec_v2,20,0
804,880,32,"2026-06-09 08:29:00",home,rec_v1,6,0
805,763,62,"2026-05-16 13:03:00",search,rec_v1,16,0
806,297,26,"2026-07-27 07:10:00",search,rec_v2,9,0
807,715,28,"2026-06-12 05:32:00",home,rec_v2,5,1
808,661,114,"2026-05-04 21:07:00",continue_watching,rec_v2,5,0
809,741,118,"2026-05-26 04:54:00",home,rec_v1,12,0
810,882,129,"2026-05-20 04:27:00",home,rec_v2,17,1
811,348,118,"2026-07-05 02:20:00",continue_watching,rec_v1,9,0
812,675,78,"2026-07-24 01:21:00",home,rec_v2,13,0
813,621,47,"2026-06-22 10:22:00",detail_page,rec_v2,5,0
814,603,149,"2026-06-01 16:25:00",search,rec_v2,3,1
815,163,60,"2026-05-09 18:53:00",detail_page,rec_v2,16,0
816,238,61,"2026-05-10 14:19:00",continue_watching,rec_v1,13,0
817,431,17,"2026-05-06 15:16:00",search,rec_v1,2,0
818,75,114,"2026-07-09 11:34:00",home,rec_v1,6,0
819,716,116,"2026-06-04 08:56:00",home,rec_v1,7,0
820,449,74,"2026-05-21 12:36:00",home,rec_v1,14,0
821,829,50,"2026-05-08 19:54:00",search,rec_v1,7,1
822,886,19,"2026-06-01 00:17:00",home,rec_v2,7,0
823,585,122,"2026-06-15 14:07:00",home,rec_v1,3,0
824,641,97,"2026-07-19 13:13:00",home,rec_v1,5,0
825,306,26,"2026-05-11 17:36:00",search,rec_v1,20,0
826,24,58,"2026-07-14 18:13:00",continue_watching,rec_v2,13,0
827,70,41,"2026-07-28 02:52:00",home,rec_v1,17,0
828,513,80,"2026-06-06 08:06:00",search,rec_v1,19,0
829,940,68,"2026-06-29 11:00:00",home,rec_v2,14,0
830,343,16,"2026-05-13 16:16:00",home,rec_v2,2,0
831,75,145,"2026-07-22 07:31:00",search,rec_v1,12,0
832,973,107,"2026-06-24 10:40:00",detail_page,rec_v1,18,0
833,133,70,"2026-07-05 20:08:00",home,rec_v1,16,0
834,666,90,"2026-06-09 06:39:00",search,rec_v1,1,0
835,27,51,"2026-06-18 14:56:00",search,rec_v2,1,0
836,54,100,"2026-07-09 16:39:00",home,rec_v1,14,0
837,563,36,"2026-05-11 12:29:00",home,rec_v2,12,0
838,448,15,"2026-05-22 16:17:00",home,rec_v1,8,0
839,771,138,"2026-06-21 16:55:00",home,rec_v1,8,0
840,79,15,"2026-05-12 12:48:00",home,rec_v2,2,0
841,617,63,"2026-05-27 14:47:00",home,rec_v2,16,0
842,673,20,"2026-05-07 22:51:00",home,rec_v1,16,0
843,833,92,"2026-07-21 16:55:00",continue_watching,rec_v1,15,0
844,965,94,"2026-07-11 00:23:00",search,rec_v1,17,0
845,327,139,"2026-06-15 19:47:00",home,rec_v2,14,0
846,637,125,"2026-05-26 11:11:00",home,rec_v1,17,0
847,760,142,"2026-05-20 04:25:00",home,rec_v1,2,0
848,716,113,"2026-06-29 03:44:00",detail_page,rec_v1,1,0
849,35,70,"2026-05-26 07:13:00",search,rec_v2,3,1
850,394,127,"2026-05-02 17:10:00",continue_watching,rec_v2,15,1
851,546,14,"2026-06-30 02:40:00",home,rec_v2,1,0
852,773,87,"2026-07-23 23:39:00",detail_page,rec_v2,19,0
853,29,88,"2026-07-06 01:30:00",detail_page,rec_v2,14,0
854,951,15,"2026-07-13 11:47:00",home,rec_v2,10,0
855,961,137,"2026-06-12 04:32:00",home,rec_v2,6,0
856,479,61,"2026-05-13 00:04:00",continue_watching,rec_v2,9,1
857,631,71,"2026-06-02 22:08:00",home,rec_v2,20,1
858,868,46,"2026-06-10 09:30:00",search,rec_v2,1,0
859,990,92,"2026-06-13 17:01:00",search,rec_v1,14,1
860,284,142,"2026-05-29 14:00:00",continue_watching,rec_v2,6,0
861,806,71,"2026-05-24 14:58:00",continue_watching,rec_v1,8,0
862,151,13,"2026-05-22 04:16:00",home,rec_v1,6,0
863,882,113,"2026-06-22 18:47:00",home,rec_v1,2,0
864,266,66,"2026-05-02 11:12:00",detail_page,rec_v2,18,0
865,615,61,"2026-06-01 19:59:00",home,rec_v2,4,0
866,243,53,"2026-05-30 15:41:00",search,rec_v2,3,0
867,897,73,"2026-05-14 00:33:00",home,rec_v2,11,0
868,919,96,"2026-06-12 20:13:00",continue_watching,rec_v2,20,1
869,109,55,"2026-07-13 13:10:00",home,rec_v2,7,0
870,597,9,"2026-06-29 19:22:00",detail_page,rec_v2,3,0
871,982,58,"2026-06-21 11:08:00",search,rec_v2,18,0
872,868,136,"2026-07-12 15:42:00",home,rec_v2,17,0
873,325,69,"2026-05-18 18:02:00",detail_page,rec_v2,8,0
874,819,93,"2026-05-22 00:23:00",search,rec_v1,8,0
875,981,105,"2026-06-02 22:32:00",home,rec_v1,12,0
876,620,59,"2026-06-10 20:47:00",detail_page,rec_v1,19,0
877,129,138,"2026-05-23 07:05:00",detail_page,rec_v2,19,0
878,621,67,"2026-07-12 10:34:00",home,rec_v2,4,1
879,507,51,"2026-07-21 21:48:00",home,rec_v2,1,1
880,130,9,"2026-07-15 21:35:00",home,rec_v1,3,1
881,941,100,"2026-07-22 07:23:00",home,rec_v1,13,0
882,248,76,"2026-05-11 20:01:00",home,rec_v2,19,0
883,111,12,"2026-05-07 17:06:00",detail_page,rec_v2,15,0
884,646,116,"2026-07-07 10:04:00",detail_page,rec_v2,16,0
885,752,47,"2026-07-05 20:57:00",detail_page,rec_v1,5,0
886,608,95,"2026-07-01 08:10:00",search,rec_v2,11,0
887,521,72,"2026-07-25 23:52:00",detail_page,rec_v1,10,0
888,50,145,"2026-06-17 02:53:00",continue_watching,rec_v2,10,0
889,327,46,"2026-07-26 18:58:00",home,rec_v1,14,0
890,589,81,"2026-05-10 01:17:00",home,rec_v1,4,0
891,499,113,"2026-05-21 08:32:00",continue_watching,rec_v2,9,0
892,772,28,"2026-07-24 03:38:00",home,rec_v2,5,1
893,29,11,"2026-07-27 08:50:00",continue_watching,rec_v1,1,0
894,843,7,"2026-06-03 15:16:00",home,rec_v2,15,0
895,851,117,"2026-05-27 20:18:00",continue_watching,rec_v1,15,0
896,506,68,"2026-05-08 21:45:00",continue_watching,rec_v2,4,0
897,823,21,"2026-07-07 17:53:00",detail_page,rec_v1,11,0
898,344,71,"2026-06-11 06:36:00",search,rec_v1,11,0
899,40,111,"2026-05-10 03:24:00",continue_watching,rec_v2,7,0
900,677,10,"2026-07-26 09:31:00",search,rec_v1,8,0
901,386,57,"2026-07-01 06:57:00",home,rec_v2,5,0
902,192,128,"2026-05-26 17:20:00",home,rec_v1,17,0
903,768,55,"2026-05-01 06:59:00",home,rec_v2,18,0
904,728,46,"2026-05-04 12:47:00",home,rec_v2,20,0
905,598,61,"2026-06-28 01:06:00",home,rec_v1,10,0
906,897,75,"2026-06-30 19:12:00",search,rec_v2,20,0
907,493,76,"2026-05-09 18:52:00",home,rec_v2,14,0
908,334,64,"2026-06-30 07:04:00",home,rec_v1,15,0
909,677,30,"2026-06-01 15:17:00",detail_page,rec_v1,16,0
910,885,126,"2026-06-24 17:01:00",home,rec_v1,1,0
911,520,56,"2026-07-20 23:49:00",continue_watching,rec_v2,2,0
912,331,67,"2026-07-01 10:32:00",home,rec_v2,15,0
913,267,14,"2026-05-25 10:08:00",search,rec_v1,11,0
914,47,79,"2026-06-10 17:52:00",home,rec_v1,18,0
915,641,29,"2026-07-26 06:40:00",continue_watching,rec_v2,5,0
916,21,6,"2026-07-13 00:53:00",home,rec_v2,12,0
917,567,17,"2026-06-29 14:43:00",home,rec_v1,12,0
918,161,138,"2026-06-06 00:02:00",continue_watching,rec_v1,10,0
919,933,96,"2026-05-31 04:10:00",home,rec_v1,1,1
920,44,41,"2026-05-26 18:25:00",home,rec_v1,8,1
921,833,97,"2026-06-29 15:28:00",home,rec_v2,3,1
922,16,139,"2026-06-25 01:21:00",continue_watching,rec_v1,19,0
923,199,80,"2026-07-11 10:21:00",home,rec_v1,10,0
924,208,26,"2026-05-25 01:18:00",continue_watching,rec_v2,13,0
925,96,57,"2026-07-28 00:11:00",home,rec_v2,16,0
926,720,137,"2026-06-16 02:40:00",home,rec_v1,16,0
927,975,96,"2026-07-09 10:08:00",search,rec_v1,15,0
928,999,7,"2026-06-06 04:01:00",detail_page,rec_v2,12,0
929,112,80,"2026-05-31 06:12:00",home,rec_v1,4,0
930,213,126,"2026-06-24 00:19:00",home,rec_v1,13,0
931,485,134,"2026-07-05 19:29:00",detail_page,rec_v1,2,0
932,259,106,"2026-05-29 08:23:00",detail_page,rec_v1,2,0
933,579,105,"2026-07-19 07:39:00",home,rec_v1,18,0
934,559,128,"2026-05-29 11:47:00",continue_watching,rec_v1,11,0
935,495,132,"2026-06-20 11:59:00",continue_watching,rec_v1,4,0
936,80,97,"2026-05-12 14:03:00",detail_page,rec_v1,17,0
937,171,51,"2026-06-09 19:57:00",continue_watching,rec_v1,2,0
938,508,44,"2026-06-26 23:52:00",detail_page,rec_v2,5,0
939,561,108,"2026-06-06 08:30:00",home,rec_v1,14,0
940,738,70,"2026-06-17 13:22:00",home,rec_v2,19,0
941,145,75,"2026-06-17 15:03:00",detail_page,rec_v2,17,0
942,484,119,"2026-05-20 04:06:00",continue_watching,rec_v1,6,0
943,850,122,"2026-05-01 21:27:00",home,rec_v1,5,0
944,6,80,"2026-07-03 20:22:00",home,rec_v1,18,0
945,97,16,"2026-06-26 21:16:00",search,rec_v1,3,0
946,573,58,"2026-06-01 09:34:00",search,rec_v1,9,0
947,934,110,"2026-06-23 04:47:00",detail_page,rec_v2,20,0
948,957,66,"2026-06-21 01:46:00",search,rec_v1,3,0
949,106,56,"2026-05-26 11:38:00",home,rec_v1,5,0
950,602,99,"2026-05-31 01:14:00",search,rec_v2,20,0
951,485,54,"2026-05-16 07:13:00",home,rec_v1,7,1
952,151,37,"2026-05-16 00:03:00",search,rec_v1,11,1
953,141,131,"2026-07-13 11:25:00",home,rec_v2,11,0
954,779,31,"2026-05-22 21:58:00",search,rec_v2,13,0
955,364,80,"2026-07-16 08:03:00",search,rec_v1,20,0
956,979,43,"2026-07-26 01:27:00",search,rec_v2,5,0
957,574,114,"2026-06-14 14:37:00",detail_page,rec_v2,4,0
958,446,90,"2026-05-17 04:52:00",home,rec_v2,15,0
959,355,109,"2026-05-20 11:00:00",search,rec_v1,13,0
960,956,3,"2026-05-18 19:48:00",home,rec_v1,1,0
961,337,25,"2026-07-22 22:11:00",home,rec_v2,17,0
962,622,70,"2026-05-04 01:14:00",search,rec_v2,13,1
963,884,121,"2026-06-25 07:12:00",search,rec_v2,6,0
964,896,140,"2026-07-13 11:51:00",home,rec_v2,1,0
965,731,40,"2026-07-04 05:29:00",detail_page,rec_v1,3,0
966,867,31,"2026-05-06 02:26:00",home,rec_v1,11,1
967,756,5,"2026-05-31 06:43:00",detail_page,rec_v2,6,0
968,601,94,"2026-06-16 23:57:00",home,rec_v2,14,0
969,686,16,"2026-05-06 21:53:00",home,rec_v1,9,1
970,178,1,"2026-05-29 07:44:00",home,rec_v2,4,0
971,582,23,"2026-06-21 12:51:00",continue_watching,rec_v1,4,0
972,187,23,"2026-05-17 21:34:00",home,rec_v1,6,0
973,223,96,"2026-06-11 21:38:00",home,rec_v1,10,0
974,658,49,"2026-07-08 00:44:00",detail_page,rec_v1,10,1
975,144,145,"2026-05-29 17:18:00",home,rec_v1,9,0
976,182,76,"2026-05-24 14:34:00",detail_page,rec_v2,3,0
977,593,94,"2026-06-01 18:05:00",detail_page,rec_v2,6,1
978,395,40,"2026-06-18 23:10:00",search,rec_v2,12,0
979,699,74,"2026-05-19 21:10:00",home,rec_v2,3,0
980,216,67,"2026-05-20 20:47:00",search,rec_v1,4,0
981,647,48,"2026-06-13 06:06:00",home,rec_v2,12,0
982,675,9,"2026-05-30 08:13:00",detail_page,rec_v2,1,1
983,314,42,"2026-06-12 11:49:00",search,rec_v1,15,0
984,468,148,"2026-07-03 05:09:00",home,rec_v2,16,0
985,259,96,"2026-06-24 16:46:00",home,rec_v2,10,1
986,240,130,"2026-05-10 19:36:00",home,rec_v2,19,0
987,30,42,"2026-06-16 14:55:00",home,rec_v2,20,0
988,966,135,"2026-05-19 01:32:00",continue_watching,rec_v1,5,0
989,808,14,"2026-07-28 07:42:00",home,rec_v1,12,0
990,170,118,"2026-05-01 01:50:00",detail_page,rec_v1,6,0
991,83,48,"2026-05-22 11:57:00",continue_watching,rec_v2,3,0
992,158,143,"2026-07-16 23:23:00",detail_page,rec_v1,16,0
993,103,121,"2026-06-20 01:07:00",detail_page,rec_v1,16,0
994,852,119,"2026-07-04 06:46:00",home,rec_v1,13,0
995,782,35,"2026-06-06 09:33:00",detail_page,rec_v2,14,0
996,547,19,"2026-06-01 13:44:00",search,rec_v1,8,0
997,183,61,"2026-06-03 14:22:00",home,rec_v1,20,0
998,408,20,"2026-06-28 18:17:00",home,rec_v2,7,1
999,394,47,"2026-06-08 17:58:00",home,rec_v2,13,0
1000,493,9,"2026-05-24 18:12:00",continue_watching,rec_v2,6,0
1001,699,133,"2026-07-15 22:24:00",home,rec_v1,12,0
1002,104,104,"2026-07-13 03:22:00",detail_page,rec_v1,11,0
1003,520,99,"2026-07-02 11:14:00",search,rec_v2,13,0
1004,56,78,"2026-06-08 16:23:00",home,rec_v1,20,0
1005,931,116,"2026-06-15 16:46:00",home,rec_v2,11,0
1006,996,94,"2026-05-11 03:57:00",detail_page,rec_v2,18,0
1007,892,21,"2026-05-14 16:31:00",home,rec_v2,7,0
1008,630,117,"2026-06-09 14:01:00",home,rec_v2,2,1
1009,436,87,"2026-07-01 10:33:00",home,rec_v1,18,0
1010,301,92,"2026-06-07 23:04:00",home,rec_v2,10,0
1011,611,29,"2026-06-02 12:24:00",detail_page,rec_v2,8,0
1012,548,25,"2026-05-12 11:22:00",detail_page,rec_v2,14,0
1013,354,118,"2026-07-02 17:07:00",search,rec_v2,2,1
1014,742,26,"2026-06-04 18:18:00",search,rec_v1,11,0
1015,768,78,"2026-06-08 11:01:00",home,rec_v1,9,0
1016,761,21,"2026-07-16 04:08:00",continue_watching,rec_v1,7,0
1017,311,132,"2026-06-19 01:48:00",continue_watching,rec_v1,2,0
1018,485,56,"2026-07-09 05:48:00",continue_watching,rec_v2,6,0
1019,688,12,"2026-06-25 00:49:00",home,rec_v1,10,0
1020,417,54,"2026-05-02 16:53:00",detail_page,rec_v1,9,0
1021,614,82,"2026-05-09 20:13:00",home,rec_v1,11,0
1022,627,74,"2026-07-06 06:41:00",detail_page,rec_v2,19,0
1023,610,85,"2026-06-19 06:49:00",home,rec_v1,11,0
1024,355,114,"2026-05-14 19:33:00",search,rec_v2,7,0
1025,175,100,"2026-05-24 06:34:00",home,rec_v1,16,0
1026,354,22,"2026-05-19 21:24:00",detail_page,rec_v2,10,0
1027,323,116,"2026-07-01 09:28:00",search,rec_v1,20,0
1028,640,91,"2026-06-21 10:01:00",home,rec_v1,10,0
1029,503,61,"2026-06-04 03:49:00",continue_watching,rec_v1,13,0
1030,871,32,"2026-05-09 19:51:00",home,rec_v1,4,0
1031,183,41,"2026-07-09 19:15:00",detail_page,rec_v2,18,0
1032,770,56,"2026-06-08 01:31:00",continue_watching,rec_v2,11,0
1033,646,28,"2026-06-30 11:02:00",continue_watching,rec_v2,17,0
1034,402,58,"2026-07-18 04:38:00",home,rec_v2,10,0
1035,461,41,"2026-07-24 02:18:00",continue_watching,rec_v2,10,1
1036,782,119,"2026-06-29 17:28:00",home,rec_v1,13,0
1037,429,108,"2026-06-07 08:18:00",home,rec_v1,20,0
1038,625,129,"2026-05-08 07:52:00",search,rec_v2,1,0
1039,256,43,"2026-06-21 19:40:00",search,rec_v1,12,1
1040,871,42,"2026-06-11 16:00:00",home,rec_v1,6,0
1041,730,52,"2026-05-30 09:00:00",home,rec_v1,1,1
1042,455,62,"2026-07-12 12:32:00",home,rec_v2,17,0
1043,823,85,"2026-07-19 09:05:00",continue_watching,rec_v1,8,0
1044,986,18,"2026-05-01 15:02:00",detail_page,rec_v2,17,0
1045,883,99,"2026-05-07 09:42:00",detail_page,rec_v2,18,0
1046,796,137,"2026-07-05 01:25:00",home,rec_v2,2,0
1047,408,11,"2026-06-03 01:48:00",home,rec_v2,14,0
1048,107,38,"2026-07-17 02:27:00",home,rec_v1,6,0
1049,673,87,"2026-05-13 22:05:00",continue_watching,rec_v2,7,0
1050,338,19,"2026-06-11 17:02:00",continue_watching,rec_v2,8,0
1051,351,76,"2026-07-02 17:34:00",home,rec_v2,9,0
1052,609,10,"2026-07-09 07:08:00",home,rec_v2,1,0
1053,380,145,"2026-06-03 00:22:00",detail_page,rec_v2,6,0
1054,313,122,"2026-07-04 21:44:00",home,rec_v2,5,0
1055,712,33,"2026-05-14 08:05:00",search,rec_v2,9,0
1056,29,55,"2026-06-23 02:05:00",home,rec_v1,9,0
1057,521,133,"2026-06-06 22:34:00",search,rec_v1,12,0
1058,602,129,"2026-05-29 14:35:00",search,rec_v2,16,0
1059,892,135,"2026-06-13 21:03:00",home,rec_v2,1,0
1060,67,88,"2026-05-21 11:08:00",home,rec_v1,5,0
1061,797,31,"2026-06-29 03:56:00",home,rec_v2,15,0
1062,654,4,"2026-07-16 10:57:00",detail_page,rec_v1,7,0
1063,34,103,"2026-06-27 00:23:00",home,rec_v2,17,1
1064,458,146,"2026-06-17 14:23:00",home,rec_v2,6,0
1065,667,63,"2026-05-21 18:48:00",detail_page,rec_v2,6,1
1066,94,49,"2026-07-06 17:59:00",detail_page,rec_v1,5,0
1067,63,54,"2026-05-21 17:10:00",home,rec_v2,15,1
1068,53,82,"2026-07-11 21:48:00",search,rec_v1,16,0
1069,86,122,"2026-05-18 23:13:00",home,rec_v1,20,0
1070,583,3,"2026-06-22 22:46:00",home,rec_v1,15,0
1071,200,117,"2026-05-01 01:04:00",home,rec_v2,20,0
1072,647,46,"2026-05-30 21:55:00",search,rec_v2,10,0
1073,545,64,"2026-06-01 01:14:00",home,rec_v2,15,0
1074,775,47,"2026-06-14 09:08:00",home,rec_v2,16,0
1075,68,111,"2026-07-01 06:08:00",home,rec_v2,11,0
1076,552,47,"2026-05-18 14:54:00",detail_page,rec_v1,7,0
1077,313,82,"2026-07-09 18:16:00",search,rec_v1,10,0
1078,216,147,"2026-07-01 03:45:00",home,rec_v1,7,0
1079,805,44,"2026-07-17 14:00:00",home,rec_v1,11,0
1080,486,107,"2026-07-10 23:24:00",detail_page,rec_v1,9,0
1081,877,78,"2026-06-03 18:00:00",home,rec_v2,12,0
1082,323,116,"2026-05-29 00:52:00",home,rec_v2,14,1
1083,57,105,"2026-06-02 04:28:00",search,rec_v1,15,0
1084,20,52,"2026-05-19 23:42:00",detail_page,rec_v2,10,0
1085,25,83,"2026-06-08 21:53:00",detail_page,rec_v2,18,0
1086,205,56,"2026-06-26 05:04:00",search,rec_v2,4,1
1087,975,12,"2026-07-11 02:37:00",detail_page,rec_v2,8,0
1088,622,97,"2026-05-06 09:34:00",home,rec_v2,9,0
1089,449,73,"2026-05-11 02:33:00",search,rec_v1,11,0
1090,751,106,"2026-07-15 00:44:00",home,rec_v1,19,0
1091,205,144,"2026-05-09 00:15:00",home,rec_v2,19,0
1092,677,67,"2026-06-20 16:04:00",search,rec_v2,1,1
1093,892,81,"2026-07-27 03:02:00",continue_watching,rec_v2,7,0
1094,480,59,"2026-06-11 22:38:00",home,rec_v1,9,0
1095,766,6,"2026-05-13 18:25:00",home,rec_v2,14,0
1096,499,13,"2026-07-15 16:49:00",search,rec_v2,1,0
1097,33,130,"2026-07-19 11:16:00",detail_page,rec_v2,10,0
1098,650,18,"2026-07-06 20:23:00",home,rec_v1,18,0
1099,545,41,"2026-07-12 16:32:00",search,rec_v1,19,0
1100,625,49,"2026-07-08 10:34:00",home,rec_v2,9,0
1101,911,39,"2026-06-29 04:54:00",home,rec_v1,19,0
1102,541,111,"2026-07-20 22:55:00",home,rec_v2,1,0
1103,400,5,"2026-05-01 18:39:00",home,rec_v2,5,0
1104,229,150,"2026-07-01 09:33:00",detail_page,rec_v2,7,0
1105,589,91,"2026-07-21 07:19:00",continue_watching,rec_v1,7,0
1106,212,79,"2026-05-17 12:40:00",home,rec_v1,5,0
1107,978,18,"2026-05-30 19:20:00",continue_watching,rec_v1,7,0
1108,168,109,"2026-05-25 16:10:00",home,rec_v1,12,1
1109,968,113,"2026-05-12 04:56:00",detail_page,rec_v2,1,0
1110,762,54,"2026-06-04 15:01:00",home,rec_v2,13,0
1111,790,98,"2026-06-23 17:20:00",detail_page,rec_v1,6,0
1112,593,133,"2026-05-12 01:51:00",home,rec_v1,4,0
1113,759,92,"2026-07-08 05:42:00",continue_watching,rec_v2,7,0
1114,93,130,"2026-06-02 18:07:00",search,rec_v1,15,1
1115,985,26,"2026-06-02 06:48:00",home,rec_v2,3,0
1116,869,77,"2026-05-21 21:02:00",continue_watching,rec_v1,13,0
1117,17,71,"2026-07-06 09:53:00",search,rec_v2,2,1
1118,712,121,"2026-07-09 09:14:00",home,rec_v1,10,0
1119,425,41,"2026-06-08 03:50:00",home,rec_v1,6,0
1120,948,29,"2026-07-11 14:15:00",home,rec_v2,7,0
1121,641,96,"2026-07-22 17:41:00",detail_page,rec_v2,1,0
1122,340,8,"2026-07-20 21:39:00",search,rec_v1,14,1
1123,174,41,"2026-05-10 02:42:00",home,rec_v1,3,0
1124,68,29,"2026-07-28 04:13:00",search,rec_v2,18,0
1125,878,1,"2026-05-29 08:19:00",search,rec_v2,5,0
1126,553,94,"2026-07-27 02:23:00",search,rec_v1,16,0
1127,852,147,"2026-05-18 20:47:00",home,rec_v1,5,0
1128,85,25,"2026-07-05 06:53:00",home,rec_v1,8,0
1129,190,78,"2026-05-30 21:53:00",detail_page,rec_v2,19,0
1130,592,69,"2026-07-09 04:00:00",continue_watching,rec_v2,14,0
1131,149,149,"2026-07-07 00:42:00",continue_watching,rec_v1,13,0
1132,814,51,"2026-07-29 03:49:00",home,rec_v1,2,0
1133,244,42,"2026-06-06 02:44:00",home,rec_v2,16,0
1134,193,148,"2026-06-06 22:10:00",search,rec_v1,15,0
1135,559,113,"2026-05-11 17:22:00",detail_page,rec_v2,11,0
1136,191,66,"2026-06-01 00:53:00",detail_page,rec_v2,18,0
1137,99,88,"2026-07-09 11:23:00",search,rec_v1,12,0
1138,27,140,"2026-05-12 11:44:00",home,rec_v2,4,1
1139,567,22,"2026-07-27 22:53:00",continue_watching,rec_v1,13,0
1140,907,131,"2026-05-18 17:43:00",home,rec_v1,1,1
1141,539,39,"2026-06-21 05:38:00",continue_watching,rec_v1,18,0
1142,236,136,"2026-05-16 04:16:00",home,rec_v1,6,0
1143,880,58,"2026-07-16 18:04:00",continue_watching,rec_v1,18,0
1144,625,109,"2026-07-18 02:58:00",home,rec_v1,13,0
1145,923,134,"2026-07-28 11:23:00",home,rec_v2,15,0
1146,739,77,"2026-05-01 00:46:00",home,rec_v2,7,0
1147,628,18,"2026-05-06 09:22:00",detail_page,rec_v1,5,0
1148,165,63,"2026-06-05 14:40:00",detail_page,rec_v2,13,0
1149,255,90,"2026-05-07 10:04:00",home,rec_v2,5,0
1150,127,150,"2026-07-25 22:56:00",detail_page,rec_v1,15,0
1151,283,84,"2026-05-01 23:31:00",search,rec_v2,17,0
1152,644,121,"2026-05-22 03:12:00",detail_page,rec_v2,4,0
1153,625,117,"2026-05-14 23:42:00",home,rec_v2,9,0
1154,42,98,"2026-07-16 06:35:00",continue_watching,rec_v1,15,0
1155,173,125,"2026-07-09 00:52:00",home,rec_v1,3,0
1156,618,93,"2026-05-22 23:06:00",continue_watching,rec_v2,14,0
1157,654,27,"2026-07-18 17:59:00",detail_page,rec_v2,9,0
1158,337,108,"2026-06-30 17:02:00",detail_page,rec_v2,3,1
1159,600,127,"2026-05-21 03:37:00",search,rec_v2,4,0
1160,847,125,"2026-06-21 00:48:00",search,rec_v2,20,0
1161,948,98,"2026-05-04 19:58:00",search,rec_v1,19,1
1162,245,93,"2026-06-22 19:17:00",detail_page,rec_v2,13,0
1163,41,89,"2026-06-28 21:35:00",detail_page,rec_v2,19,0
1164,39,103,"2026-07-14 00:22:00",detail_page,rec_v2,1,1
1165,822,8,"2026-07-06 08:39:00",search,rec_v2,12,0
1166,353,91,"2026-07-28 14:49:00",continue_watching,rec_v2,15,0
1167,333,118,"2026-07-03 15:13:00",continue_watching,rec_v2,6,0
1168,790,141,"2026-06-29 00:12:00",home,rec_v2,12,0
1169,177,128,"2026-07-17 23:22:00",home,rec_v2,20,0
1170,825,59,"2026-05-29 19:28:00",detail_page,rec_v1,3,0
1171,321,128,"2026-06-28 04:57:00",home,rec_v2,7,0
1172,725,125,"2026-06-01 21:53:00",home,rec_v2,12,0
1173,983,44,"2026-05-30 09:04:00",home,rec_v1,19,0
1174,519,144,"2026-05-27 23:04:00",detail_page,rec_v1,13,0
1175,78,51,"2026-05-09 11:57:00",home,rec_v2,9,0
1176,349,137,"2026-06-02 04:53:00",home,rec_v2,4,0
1177,754,76,"2026-06-25 20:02:00",search,rec_v1,11,0
1178,454,11,"2026-05-23 09:11:00",search,rec_v2,1,0
1179,854,57,"2026-05-23 07:58:00",continue_watching,rec_v2,7,0
1180,304,63,"2026-07-27 19:10:00",home,rec_v2,15,0
1181,565,146,"2026-05-18 11:57:00",home,rec_v2,19,0
1182,397,67,"2026-07-04 07:54:00",detail_page,rec_v2,9,0
1183,374,61,"2026-05-30 03:23:00",search,rec_v1,5,0
1184,848,64,"2026-07-12 09:55:00",search,rec_v1,4,0
1185,804,130,"2026-07-04 11:25:00",search,rec_v2,4,0
1186,619,59,"2026-07-05 13:05:00",home,rec_v1,15,0
1187,857,14,"2026-06-11 21:24:00",search,rec_v2,19,0
1188,977,44,"2026-05-03 00:18:00",search,rec_v1,12,0
1189,724,38,"2026-05-06 19:19:00",detail_page,rec_v1,9,0
1190,971,8,"2026-07-04 22:54:00",search,rec_v2,5,0
1191,221,116,"2026-05-29 04:49:00",search,rec_v2,11,0
1192,818,131,"2026-07-26 03:09:00",home,rec_v2,1,0
1193,55,92,"2026-06-23 11:17:00",home,rec_v1,20,1
1194,255,46,"2026-07-16 01:42:00",home,rec_v2,4,0
1195,97,104,"2026-06-22 05:55:00",detail_page,rec_v2,14,0
1196,486,36,"2026-07-17 02:52:00",home,rec_v1,10,0
1197,725,111,"2026-07-20 00:20:00",home,rec_v1,6,0
1198,206,59,"2026-06-01 23:12:00",continue_watching,rec_v1,11,0
1199,97,135,"2026-05-24 11:06:00",home,rec_v1,18,1
1200,5,84,"2026-06-05 00:30:00",home,rec_v2,3,0
1201,194,128,"2026-05-17 13:07:00",search,rec_v2,4,0
1202,935,40,"2026-06-24 14:06:00",home,rec_v1,15,0
1203,901,46,"2026-06-16 04:16:00",home,rec_v2,1,0
1204,958,138,"2026-07-20 20:22:00",continue_watching,rec_v1,10,0
1205,111,90,"2026-07-02 04:06:00",home,rec_v1,4,0
1206,618,40,"2026-06-25 19:32:00",continue_watching,rec_v2,18,0
1207,803,115,"2026-07-25 22:13:00",home,rec_v1,11,0
1208,145,62,"2026-07-27 09:59:00",detail_page,rec_v1,13,1
1209,102,134,"2026-05-09 06:41:00",detail_page,rec_v2,17,0
1210,720,137,"2026-06-17 11:36:00",home,rec_v1,10,0
1211,459,51,"2026-05-27 15:58:00",continue_watching,rec_v2,13,0
1212,85,126,"2026-05-03 04:03:00",search,rec_v2,18,0
1213,399,79,"2026-06-15 07:03:00",continue_watching,rec_v2,2,0
1214,43,49,"2026-07-26 04:16:00",home,rec_v1,11,0
1215,548,8,"2026-05-05 07:07:00",continue_watching,rec_v2,7,0
1216,551,14,"2026-07-14 23:30:00",detail_page,rec_v2,17,0
1217,183,131,"2026-06-03 18:04:00",detail_page,rec_v1,7,1
1218,914,57,"2026-07-04 20:17:00",home,rec_v1,16,0
1219,656,4,"2026-05-05 02:48:00",continue_watching,rec_v1,4,0
1220,5,62,"2026-06-30 00:54:00",detail_page,rec_v2,6,0
1221,847,59,"2026-06-03 20:10:00",continue_watching,rec_v2,2,1
1222,728,80,"2026-05-19 15:33:00",continue_watching,rec_v2,14,0
1223,426,106,"2026-06-04 07:51:00",home,rec_v1,16,0
1224,11,102,"2026-05-04 19:18:00",detail_page,rec_v2,5,0
1225,229,19,"2026-06-28 00:51:00",home,rec_v1,16,1
1226,979,102,"2026-05-26 22:10:00",search,rec_v2,19,0
1227,780,31,"2026-06-05 22:41:00",detail_page,rec_v1,3,0
1228,510,52,"2026-05-12 13:41:00",search,rec_v1,16,0
1229,115,59,"2026-05-04 11:04:00",detail_page,rec_v1,3,0
1230,826,18,"2026-05-23 00:06:00",home,rec_v2,15,0
1231,453,11,"2026-06-30 08:04:00",continue_watching,rec_v1,7,0
1232,45,146,"2026-05-02 07:02:00",continue_watching,rec_v2,9,0
1233,359,119,"2026-05-19 06:19:00",continue_watching,rec_v1,13,0
1234,970,75,"2026-06-16 00:29:00",home,rec_v1,7,0
1235,739,113,"2026-05-03 07:17:00",continue_watching,rec_v1,8,0
1236,295,143,"2026-05-15 15:55:00",home,rec_v2,2,1
1237,380,10,"2026-05-14 01:27:00",continue_watching,rec_v1,1,0
1238,577,15,"2026-07-14 01:34:00",home,rec_v1,8,0
1239,37,145,"2026-06-19 15:50:00",home,rec_v2,19,0
1240,290,100,"2026-06-10 22:19:00",continue_watching,rec_v1,16,0
1241,354,117,"2026-06-13 14:40:00",continue_watching,rec_v1,15,0
1242,369,58,"2026-05-14 03:27:00",home,rec_v1,13,0
1243,904,42,"2026-06-03 12:04:00",detail_page,rec_v2,10,0
1244,471,106,"2026-07-04 16:31:00",continue_watching,rec_v1,13,0
1245,642,91,"2026-05-19 22:36:00",continue_watching,rec_v2,14,0
1246,464,114,"2026-07-26 16:29:00",home,rec_v2,11,0
1247,409,35,"2026-07-05 20:05:00",search,rec_v1,7,0
1248,583,50,"2026-07-26 06:56:00",continue_watching,rec_v2,15,0
1249,783,105,"2026-06-04 02:47:00",search,rec_v1,13,0
1250,112,139,"2026-06-29 08:50:00",search,rec_v2,2,1
1251,960,133,"2026-06-09 07:14:00",home,rec_v2,1,0
1252,396,146,"2026-06-30 17:04:00",home,rec_v1,13,0
1253,821,51,"2026-05-14 17:10:00",home,rec_v2,8,0
1254,134,125,"2026-05-29 18:46:00",search,rec_v1,4,0
1255,88,6,"2026-05-01 18:56:00",continue_watching,rec_v1,11,0
1256,321,92,"2026-05-19 11:28:00",detail_page,rec_v1,10,0
1257,372,81,"2026-06-23 02:33:00",continue_watching,rec_v2,16,0
1258,180,75,"2026-05-28 14:26:00",home,rec_v1,5,1
1259,644,121,"2026-07-03 16:52:00",continue_watching,rec_v1,4,0
1260,151,114,"2026-05-09 20:03:00",detail_page,rec_v1,13,0
1261,489,44,"2026-07-09 19:50:00",home,rec_v2,15,0
1262,187,115,"2026-07-21 08:56:00",home,rec_v2,19,0
1263,348,22,"2026-07-20 16:34:00",home,rec_v1,5,0
1264,694,101,"2026-07-23 10:42:00",home,rec_v1,11,0
1265,812,22,"2026-06-02 06:52:00",search,rec_v2,1,0
1266,605,107,"2026-05-16 09:19:00",home,rec_v2,7,0
1267,533,7,"2026-06-14 13:34:00",home,rec_v1,2,0
1268,718,79,"2026-05-24 22:46:00",home,rec_v2,11,1
1269,778,118,"2026-06-30 00:30:00",home,rec_v1,5,0
1270,949,3,"2026-07-06 20:50:00",search,rec_v2,13,0
1271,482,98,"2026-06-05 08:27:00",home,rec_v2,13,0
1272,823,132,"2026-07-17 16:46:00",continue_watching,rec_v2,14,0
1273,136,89,"2026-07-05 10:56:00",home,rec_v1,16,0
1274,86,116,"2026-07-23 15:05:00",detail_page,rec_v2,17,0
1275,24,33,"2026-07-13 09:13:00",detail_page,rec_v1,3,1
1276,798,23,"2026-07-18 14:45:00",home,rec_v1,11,0
1277,633,19,"2026-05-15 05:19:00",search,rec_v2,11,0
1278,109,32,"2026-05-06 02:41:00",detail_page,rec_v1,3,1
1279,52,21,"2026-06-05 05:11:00",home,rec_v1,16,0
1280,726,127,"2026-06-25 02:38:00",detail_page,rec_v2,10,0
1281,607,16,"2026-06-10 06:41:00",home,rec_v1,3,1
1282,590,49,"2026-07-03 17:06:00",home,rec_v1,7,0
1283,330,59,"2026-05-15 18:49:00",home,rec_v2,20,0
1284,656,74,"2026-05-20 20:47:00",home,rec_v2,8,0
1285,671,65,"2026-05-26 14:50:00",detail_page,rec_v1,2,1
1286,691,115,"2026-05-02 02:12:00",continue_watching,rec_v1,11,0
1287,939,93,"2026-07-03 12:58:00",detail_page,rec_v1,19,0
1288,860,82,"2026-06-11 00:45:00",home,rec_v2,12,0
1289,782,126,"2026-05-29 12:47:00",search,rec_v1,8,0
1290,44,91,"2026-06-07 07:04:00",search,rec_v2,11,0
1291,867,104,"2026-06-12 04:48:00",continue_watching,rec_v2,15,0
1292,756,99,"2026-06-08 04:37:00",continue_watching,rec_v1,11,0
1293,892,39,"2026-06-06 08:32:00",home,rec_v2,6,0
1294,969,48,"2026-05-20 18:01:00",home,rec_v2,16,0
1295,346,51,"2026-05-02 23:21:00",search,rec_v1,10,0
1296,875,141,"2026-05-26 06:34:00",home,rec_v2,20,0
1297,444,112,"2026-07-26 05:28:00",continue_watching,rec_v2,2,0
1298,109,18,"2026-07-26 17:45:00",home,rec_v2,20,0
1299,241,133,"2026-07-25 20:45:00",search,rec_v1,14,0
1300,980,79,"2026-06-27 11:33:00",home,rec_v2,20,0
1301,125,34,"2026-06-18 05:00:00",home,rec_v2,5,0
1302,994,122,"2026-05-06 17:53:00",home,rec_v2,14,0
1303,968,84,"2026-07-02 15:34:00",home,rec_v2,16,0
1304,569,88,"2026-06-22 12:57:00",detail_page,rec_v1,5,0
1305,801,147,"2026-07-28 09:28:00",continue_watching,rec_v1,8,0
1306,482,5,"2026-05-29 12:45:00",search,rec_v1,13,0
1307,639,83,"2026-05-08 09:37:00",search,rec_v2,20,0
1308,970,69,"2026-05-07 02:12:00",home,rec_v1,9,0
1309,373,16,"2026-06-13 02:54:00",home,rec_v1,11,0
1310,636,124,"2026-06-21 03:26:00",home,rec_v2,11,0
1311,322,138,"2026-05-19 05:02:00",detail_page,rec_v1,20,0
1312,303,16,"2026-07-06 22:42:00",continue_watching,rec_v2,8,0
1313,434,3,"2026-05-28 03:22:00",home,rec_v1,10,1
1314,378,120,"2026-07-10 14:45:00",continue_watching,rec_v1,15,0
1315,569,41,"2026-06-24 01:16:00",home,rec_v2,4,0
1316,467,71,"2026-05-19 00:03:00",detail_page,rec_v2,10,0
1317,132,83,"2026-07-27 00:38:00",home,rec_v1,11,0
1318,378,37,"2026-05-29 16:42:00",detail_page,rec_v2,18,1
1319,660,73,"2026-05-30 11:49:00",search,rec_v1,17,1
1320,66,18,"2026-05-13 17:38:00",home,rec_v1,8,1
1321,505,103,"2026-06-19 14:48:00",home,rec_v2,13,0
1322,562,23,"2026-07-14 03:00:00",home,rec_v1,4,0
1323,890,67,"2026-05-21 16:45:00",home,rec_v1,2,0
1324,715,58,"2026-06-13 13:43:00",home,rec_v1,8,0
1325,978,36,"2026-06-15 13:32:00",home,rec_v2,13,1
1326,505,7,"2026-06-30 22:51:00",detail_page,rec_v2,18,1
1327,236,150,"2026-06-14 17:37:00",home,rec_v1,19,0
1328,522,43,"2026-06-06 03:39:00",home,rec_v1,20,0
1329,570,96,"2026-06-16 12:02:00",home,rec_v1,20,0
1330,201,84,"2026-07-21 17:33:00",home,rec_v1,10,0
1331,457,132,"2026-07-10 02:07:00",home,rec_v1,4,1
1332,761,53,"2026-05-19 05:13:00",detail_page,rec_v2,7,0
1333,838,78,"2026-06-02 20:28:00",search,rec_v1,19,0
1334,864,65,"2026-05-20 17:37:00",search,rec_v2,1,1
1335,469,101,"2026-06-24 18:40:00",detail_page,rec_v2,16,0
1336,293,64,"2026-05-08 01:40:00",search,rec_v1,1,0
1337,878,3,"2026-07-26 04:17:00",home,rec_v1,10,0
1338,747,146,"2026-07-27 11:47:00",home,rec_v1,12,0
1339,196,109,"2026-07-07 12:35:00",continue_watching,rec_v1,9,0
1340,23,77,"2026-07-10 03:03:00",home,rec_v1,10,0
1341,468,53,"2026-05-11 22:51:00",continue_watching,rec_v1,16,0
1342,116,23,"2026-07-05 23:22:00",home,rec_v2,9,1
1343,221,17,"2026-06-06 04:26:00",detail_page,rec_v1,2,0
1344,851,120,"2026-06-07 12:57:00",home,rec_v1,19,0
1345,673,17,"2026-07-27 07:54:00",detail_page,rec_v2,10,0
1346,208,69,"2026-05-03 05:19:00",detail_page,rec_v1,8,0
1347,830,1,"2026-06-29 04:20:00",home,rec_v2,18,0
1348,501,60,"2026-07-05 03:11:00",detail_page,rec_v1,10,0
1349,613,95,"2026-06-11 12:42:00",detail_page,rec_v1,12,0
1350,381,142,"2026-06-19 05:19:00",home,rec_v2,14,0
1351,412,96,"2026-06-12 13:14:00",continue_watching,rec_v2,5,0
1352,770,127,"2026-07-01 12:06:00",search,rec_v2,14,1
1353,462,139,"2026-07-18 10:37:00",detail_page,rec_v1,11,0
1354,881,38,"2026-06-24 12:04:00",home,rec_v1,19,0
1355,836,53,"2026-07-15 01:33:00",detail_page,rec_v1,14,0
1356,514,140,"2026-05-04 19:42:00",search,rec_v1,9,0
1357,681,43,"2026-07-07 07:55:00",home,rec_v2,16,0
1358,750,96,"2026-06-19 22:06:00",continue_watching,rec_v2,8,0
1359,768,105,"2026-07-02 14:31:00",detail_page,rec_v1,8,0
1360,465,40,"2026-07-15 22:39:00",detail_page,rec_v1,1,0
1361,993,130,"2026-07-12 19:29:00",home,rec_v1,3,0
1362,314,62,"2026-07-08 19:04:00",home,rec_v1,18,0
1363,975,49,"2026-05-03 03:20:00",home,rec_v2,4,1
1364,697,19,"2026-05-07 02:24:00",home,rec_v1,14,0
1365,678,104,"2026-05-01 23:05:00",detail_page,rec_v2,11,0
1366,214,78,"2026-06-09 00:07:00",search,rec_v2,20,0
1367,696,126,"2026-07-28 22:19:00",home,rec_v2,12,1
1368,789,26,"2026-06-08 11:24:00",detail_page,rec_v2,16,0
1369,390,10,"2026-07-27 15:11:00",search,rec_v1,16,0
1370,95,22,"2026-05-23 08:03:00",detail_page,rec_v1,15,0
1371,346,62,"2026-06-24 22:36:00",continue_watching,rec_v1,11,0
1372,796,116,"2026-05-20 17:04:00",search,rec_v1,1,0
1373,608,8,"2026-07-25 03:42:00",search,rec_v1,17,0
1374,282,145,"2026-06-05 07:59:00",detail_page,rec_v1,9,0
1375,715,133,"2026-06-14 16:49:00",home,rec_v2,10,0
1376,41,75,"2026-06-24 17:10:00",home,rec_v1,5,0
1377,79,51,"2026-06-13 21:15:00",search,rec_v1,13,0
1378,827,46,"2026-07-10 07:28:00",home,rec_v2,6,0
1379,887,150,"2026-07-16 23:06:00",search,rec_v2,4,1
1380,449,128,"2026-06-03 09:00:00",detail_page,rec_v2,1,0
1381,920,95,"2026-06-27 18:48:00",search,rec_v2,16,1
1382,67,23,"2026-05-24 22:02:00",continue_watching,rec_v2,16,0
1383,942,63,"2026-07-22 12:32:00",continue_watching,rec_v1,4,1
1384,571,68,"2026-06-13 11:56:00",home,rec_v1,19,0
1385,574,11,"2026-05-22 03:21:00",home,rec_v2,5,0
1386,401,3,"2026-06-03 20:20:00",home,rec_v1,4,0
1387,273,150,"2026-06-18 06:56:00",home,rec_v1,11,0
1388,882,123,"2026-07-12 22:18:00",home,rec_v2,16,0
1389,102,45,"2026-06-05 07:17:00",search,rec_v1,5,0
1390,879,131,"2026-05-14 05:38:00",continue_watching,rec_v1,16,0
1391,75,145,"2026-05-15 23:51:00",home,rec_v2,12,0
1392,848,68,"2026-06-06 23:46:00",home,rec_v2,2,0
1393,800,102,"2026-05-03 12:26:00",home,rec_v2,13,0
1394,857,58,"2026-07-08 03:21:00",continue_watching,rec_v2,20,0
1395,522,105,"2026-06-28 19:17:00",continue_watching,rec_v1,8,0
1396,295,128,"2026-07-10 08:51:00",home,rec_v1,14,1
1397,379,72,"2026-06-05 19:06:00",home,rec_v2,10,0
1398,620,84,"2026-07-23 16:18:00",home,rec_v2,17,0
1399,776,144,"2026-07-24 01:18:00",detail_page,rec_v1,16,0
1400,709,126,"2026-07-28 18:24:00",home,rec_v1,9,0
1401,957,70,"2026-07-19 14:55:00",home,rec_v1,11,0
1402,332,62,"2026-06-21 12:28:00",home,rec_v2,7,0
1403,531,106,"2026-05-26 08:26:00",home,rec_v2,7,0
1404,912,36,"2026-07-13 00:31:00",detail_page,rec_v2,7,0
1405,371,139,"2026-06-20 07:50:00",home,rec_v2,19,0
1406,121,75,"2026-06-28 03:01:00",home,rec_v2,6,0
1407,830,128,"2026-06-04 03:11:00",home,rec_v2,9,0
1408,471,138,"2026-06-01 01:47:00",home,rec_v1,9,0
1409,386,141,"2026-07-29 13:17:00",home,rec_v1,7,0
1410,261,127,"2026-06-11 09:26:00",continue_watching,rec_v2,17,0
1411,204,69,"2026-05-05 15:23:00",continue_watching,rec_v2,20,0
1412,448,100,"2026-05-29 12:04:00",home,rec_v1,4,0
1413,821,14,"2026-05-04 17:38:00",detail_page,rec_v2,4,0
1414,275,33,"2026-07-11 08:23:00",home,rec_v2,7,1
1415,292,111,"2026-05-22 21:46:00",home,rec_v2,18,0
1416,243,39,"2026-05-03 02:08:00",search,rec_v2,8,0
1417,990,99,"2026-05-19 11:46:00",search,rec_v1,6,1
1418,998,70,"2026-07-13 16:29:00",search,rec_v1,8,0
1419,227,62,"2026-06-11 19:48:00",search,rec_v1,8,0
1420,4,62,"2026-07-01 02:10:00",home,rec_v2,15,0
1421,103,21,"2026-06-07 04:27:00",detail_page,rec_v2,5,0
1422,394,98,"2026-05-03 02:18:00",search,rec_v2,7,0
1423,504,112,"2026-07-11 20:52:00",continue_watching,rec_v2,11,1
1424,622,53,"2026-06-03 22:44:00",home,rec_v1,20,0
1425,700,97,"2026-05-16 07:50:00",detail_page,rec_v1,7,0
1426,415,71,"2026-05-23 15:26:00",detail_page,rec_v1,13,0
1427,481,7,"2026-07-02 11:39:00",continue_watching,rec_v1,3,0
1428,820,6,"2026-06-05 09:29:00",search,rec_v2,13,1
1429,357,59,"2026-05-25 11:54:00",home,rec_v2,16,0
1430,225,150,"2026-06-28 17:02:00",search,rec_v1,2,0
1431,374,13,"2026-07-09 05:47:00",home,rec_v1,3,0
1432,567,13,"2026-05-23 18:59:00",home,rec_v2,15,0
1433,146,112,"2026-05-26 08:25:00",continue_watching,rec_v1,8,0
1434,171,134,"2026-05-07 01:52:00",home,rec_v1,20,1
1435,562,121,"2026-07-25 17:51:00",home,rec_v1,8,1
1436,618,20,"2026-05-07 03:11:00",detail_page,rec_v2,6,0
1437,798,119,"2026-06-20 09:00:00",detail_page,rec_v1,5,0
1438,192,63,"2026-07-11 15:01:00",home,rec_v1,9,0
1439,22,129,"2026-06-15 22:07:00",continue_watching,rec_v2,5,1
1440,588,72,"2026-06-12 02:08:00",home,rec_v1,4,0
1441,166,11,"2026-05-07 02:31:00",continue_watching,rec_v1,1,0
1442,542,126,"2026-07-01 16:04:00",detail_page,rec_v2,17,0
1443,663,134,"2026-06-02 05:11:00",detail_page,rec_v2,9,0
1444,418,43,"2026-06-15 19:09:00",continue_watching,rec_v1,2,1
1445,119,106,"2026-06-04 19:44:00",home,rec_v2,1,0
1446,204,5,"2026-05-20 14:55:00",home,rec_v1,15,0
1447,810,36,"2026-06-29 01:55:00",detail_page,rec_v2,8,0
1448,923,59,"2026-07-22 06:05:00",home,rec_v2,13,0
1449,477,96,"2026-07-20 07:35:00",home,rec_v1,14,0
1450,252,38,"2026-07-21 15:36:00",search,rec_v1,10,0
1451,359,120,"2026-07-22 18:35:00",home,rec_v2,3,0
1452,364,132,"2026-06-20 05:00:00",search,rec_v2,3,0
1453,199,80,"2026-07-23 22:06:00",search,rec_v1,4,1
1454,381,7,"2026-06-10 19:27:00",home,rec_v2,12,0
1455,292,95,"2026-05-05 15:13:00",detail_page,rec_v1,15,0
1456,444,132,"2026-05-04 06:59:00",detail_page,rec_v1,5,0
1457,387,85,"2026-06-30 03:08:00",detail_page,rec_v2,5,1
1458,96,99,"2026-05-26 02:24:00",home,rec_v1,2,0
1459,977,35,"2026-05-18 16:52:00",home,rec_v1,14,0
1460,905,39,"2026-06-08 20:36:00",search,rec_v2,7,1
1461,745,124,"2026-07-11 15:15:00",home,rec_v2,6,0
1462,506,30,"2026-05-08 06:41:00",detail_page,rec_v2,20,0
1463,382,121,"2026-07-26 23:41:00",continue_watching,rec_v2,11,0
1464,684,134,"2026-07-02 03:09:00",home,rec_v1,8,0
1465,445,124,"2026-05-25 18:36:00",home,rec_v2,16,0
1466,415,14,"2026-07-26 15:53:00",search,rec_v2,4,0
1467,569,58,"2026-07-16 20:48:00",detail_page,rec_v1,15,0
1468,949,26,"2026-07-03 11:27:00",search,rec_v2,14,0
1469,430,146,"2026-05-31 03:32:00",home,rec_v1,6,0
1470,972,17,"2026-07-10 12:56:00",home,rec_v1,14,0
1471,443,40,"2026-06-07 16:53:00",search,rec_v1,11,0
1472,122,79,"2026-05-22 10:51:00",search,rec_v2,13,0
1473,416,111,"2026-07-17 07:39:00",home,rec_v1,20,0
1474,345,41,"2026-06-24 10:18:00",home,rec_v2,3,1
1475,919,24,"2026-07-25 01:10:00",continue_watching,rec_v1,2,1
1476,864,94,"2026-07-01 18:43:00",detail_page,rec_v2,19,1
1477,41,1,"2026-07-14 18:26:00",continue_watching,rec_v1,13,0
1478,503,28,"2026-05-25 07:59:00",search,rec_v1,20,0
1479,67,119,"2026-06-25 04:11:00",continue_watching,rec_v1,17,1
1480,403,87,"2026-06-30 12:44:00",home,rec_v2,15,0
1481,522,79,"2026-05-27 17:29:00",detail_page,rec_v2,14,0
1482,241,80,"2026-06-30 15:27:00",home,rec_v1,15,0
1483,159,10,"2026-05-08 05:34:00",home,rec_v1,5,1
1484,594,62,"2026-07-05 09:53:00",search,rec_v2,4,0
1485,685,142,"2026-07-06 09:21:00",search,rec_v1,16,0
1486,373,41,"2026-06-05 13:42:00",home,rec_v1,2,1
1487,259,100,"2026-05-17 23:33:00",detail_page,rec_v2,13,0
1488,884,83,"2026-06-10 22:11:00",home,rec_v2,14,0
1489,982,146,"2026-07-19 00:28:00",detail_page,rec_v1,6,0
1490,426,24,"2026-06-14 07:38:00",continue_watching,rec_v2,5,1
1491,508,72,"2026-07-22 14:02:00",home,rec_v1,14,1
1492,346,1,"2026-05-10 12:29:00",search,rec_v1,7,0
1493,697,130,"2026-05-25 21:21:00",search,rec_v1,14,0
1494,749,11,"2026-06-11 09:51:00",continue_watching,rec_v2,18,0
1495,468,12,"2026-05-26 21:28:00",home,rec_v2,19,0
1496,811,17,"2026-06-13 04:35:00",detail_page,rec_v2,15,0
1497,624,147,"2026-05-22 00:30:00",continue_watching,rec_v1,15,0
1498,913,10,"2026-07-14 08:11:00",home,rec_v2,13,0
1499,544,59,"2026-05-04 16:34:00",home,rec_v2,8,0
1500,441,13,"2026-07-27 06:10:00",home,rec_v2,18,0
1501,560,107,"2026-05-02 11:42:00",search,rec_v2,20,0
1502,509,149,"2026-05-20 10:12:00",search,rec_v2,4,0
1503,948,100,"2026-06-21 00:59:00",detail_page,rec_v1,18,0
1504,15,110,"2026-05-08 06:03:00",home,rec_v1,16,1
1505,674,75,"2026-07-01 03:35:00",home,rec_v1,14,0
1506,168,93,"2026-05-09 21:13:00",detail_page,rec_v2,10,0
1507,709,141,"2026-06-28 03:57:00",home,rec_v1,4,0
1508,4,62,"2026-05-07 00:08:00",detail_page,rec_v2,6,0
1509,463,87,"2026-05-12 01:17:00",search,rec_v2,17,0
1510,685,72,"2026-07-11 11:56:00",home,rec_v1,12,0
1511,826,49,"2026-06-19 15:14:00",continue_watching,rec_v1,20,0
1512,813,23,"2026-05-06 18:34:00",home,rec_v2,6,0
1513,707,137,"2026-05-18 16:10:00",search,rec_v2,1,0
1514,399,111,"2026-05-10 10:15:00",detail_page,rec_v2,7,0
1515,636,124,"2026-07-10 09:39:00",search,rec_v1,8,0
1516,957,127,"2026-06-20 17:47:00",detail_page,rec_v2,11,0
1517,204,11,"2026-05-04 07:28:00",search,rec_v1,19,0
1518,681,96,"2026-06-29 01:08:00",home,rec_v1,11,0
1519,88,35,"2026-07-16 17:36:00",home,rec_v1,19,0
1520,507,142,"2026-06-20 04:59:00",detail_page,rec_v2,4,0
1521,34,82,"2026-05-23 09:28:00",home,rec_v2,10,1
1522,836,98,"2026-05-14 22:18:00",home,rec_v2,3,0
1523,373,20,"2026-06-15 08:31:00",home,rec_v2,14,1
1524,336,48,"2026-07-04 18:57:00",home,rec_v1,17,0
1525,873,26,"2026-06-02 23:57:00",home,rec_v2,11,0
1526,127,47,"2026-06-22 11:11:00",home,rec_v1,8,1
1527,935,21,"2026-07-13 20:55:00",detail_page,rec_v2,18,0
1528,103,104,"2026-07-08 11:25:00",continue_watching,rec_v2,14,1
1529,5,28,"2026-07-21 03:17:00",search,rec_v2,12,0
1530,110,68,"2026-05-15 10:55:00",search,rec_v1,3,0
1531,190,146,"2026-07-03 18:41:00",continue_watching,rec_v1,16,0
1532,726,33,"2026-05-16 09:59:00",detail_page,rec_v1,14,1
1533,814,49,"2026-06-14 20:12:00",search,rec_v1,14,0
1534,683,100,"2026-05-18 12:27:00",detail_page,rec_v2,12,0
1535,998,106,"2026-07-22 21:33:00",search,rec_v2,8,0
1536,911,32,"2026-07-04 08:15:00",home,rec_v2,1,0
1537,416,49,"2026-07-07 23:22:00",home,rec_v1,19,0
1538,657,149,"2026-05-11 22:05:00",continue_watching,rec_v1,5,0
1539,237,64,"2026-07-07 19:12:00",home,rec_v1,13,0
1540,224,71,"2026-07-27 07:50:00",home,rec_v1,7,0
1541,850,4,"2026-06-07 14:59:00",home,rec_v1,15,0
1542,742,32,"2026-07-19 01:55:00",home,rec_v2,13,0
1543,697,71,"2026-06-10 08:38:00",detail_page,rec_v1,7,0
1544,193,63,"2026-06-14 14:13:00",search,rec_v2,14,1
1545,537,75,"2026-05-19 13:17:00",home,rec_v2,5,0
1546,182,110,"2026-07-10 00:01:00",home,rec_v1,19,0
1547,311,58,"2026-06-10 21:36:00",home,rec_v2,16,0
1548,277,42,"2026-06-13 17:20:00",home,rec_v1,1,0
1549,661,125,"2026-06-05 00:07:00",home,rec_v1,4,0
1550,380,134,"2026-05-24 04:38:00",detail_page,rec_v2,17,0
1551,765,104,"2026-05-02 20:20:00",home,rec_v1,8,0
1552,259,63,"2026-07-08 23:18:00",continue_watching,rec_v1,16,0
1553,4,39,"2026-07-27 06:08:00",home,rec_v2,19,0
1554,493,50,"2026-05-18 01:19:00",home,rec_v2,14,0
1555,824,70,"2026-06-23 08:33:00",home,rec_v2,20,0
1556,366,25,"2026-06-04 13:57:00",search,rec_v1,8,0
1557,879,87,"2026-06-02 11:37:00",search,rec_v1,18,0
1558,234,111,"2026-07-27 03:41:00",search,rec_v1,4,0
1559,141,60,"2026-06-07 09:15:00",continue_watching,rec_v1,15,0
1560,757,19,"2026-05-10 08:09:00",detail_page,rec_v2,5,0
1561,220,56,"2026-06-03 18:11:00",home,rec_v2,1,0
1562,419,31,"2026-05-26 12:34:00",search,rec_v2,7,1
1563,627,31,"2026-05-09 12:16:00",detail_page,rec_v1,2,0
1564,284,139,"2026-05-16 04:53:00",detail_page,rec_v1,16,0
1565,222,106,"2026-07-20 18:42:00",home,rec_v1,17,0
1566,948,148,"2026-05-26 06:34:00",home,rec_v2,12,0
1567,570,43,"2026-05-03 10:45:00",detail_page,rec_v1,9,0
1568,843,41,"2026-05-22 07:39:00",detail_page,rec_v1,7,0
1569,203,34,"2026-05-27 20:26:00",search,rec_v2,8,0
1570,33,31,"2026-07-06 01:24:00",continue_watching,rec_v1,12,0
1571,902,77,"2026-07-15 23:31:00",detail_page,rec_v1,3,0
1572,163,122,"2026-06-04 09:56:00",home,rec_v2,2,0
1573,701,108,"2026-05-10 21:04:00",home,rec_v1,7,1
1574,717,43,"2026-05-25 05:23:00",detail_page,rec_v2,15,0
1575,609,137,"2026-06-30 02:55:00",search,rec_v2,14,0
1576,857,114,"2026-05-26 09:52:00",home,rec_v1,1,1
1577,119,33,"2026-07-21 23:53:00",home,rec_v1,18,0
1578,932,149,"2026-07-04 20:22:00",detail_page,rec_v1,2,0
1579,552,60,"2026-07-12 17:19:00",home,rec_v1,17,0
1580,557,19,"2026-05-22 23:33:00",search,rec_v1,11,0
1581,96,67,"2026-05-24 18:28:00",home,rec_v1,6,1
1582,823,57,"2026-07-03 14:29:00",search,rec_v1,20,0
1583,433,140,"2026-05-08 07:06:00",detail_page,rec_v2,15,0
1584,283,87,"2026-05-03 17:26:00",home,rec_v1,1,0
1585,708,7,"2026-07-18 13:00:00",detail_page,rec_v1,3,0
1586,776,150,"2026-05-08 09:05:00",home,rec_v1,16,0
1587,101,113,"2026-07-11 07:54:00",continue_watching,rec_v2,2,0
1588,767,7,"2026-07-05 11:10:00",home,rec_v2,11,0
1589,118,130,"2026-06-28 18:21:00",home,rec_v2,9,0
1590,559,38,"2026-06-24 15:28:00",detail_page,rec_v2,10,0
1591,933,20,"2026-05-14 16:56:00",home,rec_v2,17,0
1592,44,81,"2026-06-04 12:54:00",search,rec_v2,15,1
1593,354,88,"2026-05-09 01:44:00",home,rec_v2,17,0
1594,387,145,"2026-05-12 04:34:00",home,rec_v1,9,0
1595,330,95,"2026-06-30 04:41:00",home,rec_v2,6,0
1596,385,11,"2026-06-20 07:02:00",detail_page,rec_v2,2,0
1597,247,106,"2026-06-24 19:18:00",continue_watching,rec_v2,20,0
1598,18,135,"2026-05-17 19:37:00",home,rec_v1,9,0
1599,951,32,"2026-07-18 18:10:00",home,rec_v1,18,0
1600,757,2,"2026-05-24 19:29:00",search,rec_v2,6,0
1601,486,128,"2026-07-20 03:22:00",continue_watching,rec_v1,13,0
1602,193,136,"2026-06-28 23:00:00",home,rec_v2,8,0
1603,68,37,"2026-07-03 09:50:00",home,rec_v2,6,0
1604,661,79,"2026-06-07 02:30:00",home,rec_v1,8,0
1605,775,34,"2026-06-03 12:28:00",detail_page,rec_v2,7,0
1606,984,65,"2026-05-08 11:29:00",search,rec_v1,13,0
1607,647,100,"2026-05-15 06:15:00",home,rec_v2,10,0
1608,44,48,"2026-06-06 16:58:00",detail_page,rec_v2,11,0
1609,192,76,"2026-05-18 10:42:00",continue_watching,rec_v1,3,0
1610,316,106,"2026-07-12 02:21:00",home,rec_v2,17,0
1611,835,136,"2026-06-15 23:39:00",continue_watching,rec_v1,8,0
1612,378,62,"2026-06-20 14:47:00",detail_page,rec_v1,9,0
1613,996,35,"2026-06-12 09:17:00",search,rec_v1,11,1
1614,245,53,"2026-07-23 10:05:00",home,rec_v2,7,0
1615,264,81,"2026-07-20 09:59:00",detail_page,rec_v2,8,0
1616,826,27,"2026-05-09 04:44:00",home,rec_v2,17,0
1617,900,32,"2026-06-19 13:12:00",home,rec_v1,8,0
1618,647,51,"2026-06-14 20:03:00",home,rec_v2,11,0
1619,41,105,"2026-07-17 19:22:00",home,rec_v1,3,0
1620,627,130,"2026-06-15 04:59:00",detail_page,rec_v2,13,1
1621,879,105,"2026-07-10 21:33:00",search,rec_v1,1,0
1622,214,7,"2026-07-13 18:58:00",home,rec_v1,11,0
1623,115,141,"2026-05-12 15:25:00",detail_page,rec_v1,8,0
1624,342,121,"2026-06-27 23:11:00",detail_page,rec_v2,10,0
1625,611,31,"2026-07-27 09:57:00",detail_page,rec_v2,1,0
1626,697,55,"2026-06-05 15:48:00",home,rec_v2,5,0
1627,79,80,"2026-06-24 22:47:00",home,rec_v1,17,0
1628,589,74,"2026-05-10 21:47:00",search,rec_v1,8,0
1629,489,88,"2026-07-16 06:46:00",home,rec_v1,14,0
1630,835,41,"2026-07-25 16:57:00",home,rec_v1,3,0
1631,282,86,"2026-05-31 17:42:00",home,rec_v1,9,0
1632,713,76,"2026-05-12 20:06:00",search,rec_v2,2,0
1633,646,6,"2026-07-10 19:36:00",detail_page,rec_v1,16,0
1634,439,112,"2026-07-27 22:53:00",detail_page,rec_v1,17,0
1635,120,33,"2026-06-08 19:44:00",detail_page,rec_v1,2,0
1636,896,15,"2026-06-17 08:31:00",continue_watching,rec_v2,13,0
1637,623,23,"2026-07-14 11:19:00",continue_watching,rec_v1,13,0
1638,467,19,"2026-05-30 03:52:00",continue_watching,rec_v1,4,0
1639,787,56,"2026-05-24 02:55:00",continue_watching,rec_v2,2,0
1640,522,141,"2026-05-17 16:39:00",home,rec_v1,16,0
1641,497,109,"2026-07-09 10:54:00",search,rec_v1,20,0
1642,538,68,"2026-05-27 10:23:00",detail_page,rec_v1,4,0
1643,918,142,"2026-05-01 10:49:00",detail_page,rec_v2,7,0
1644,244,123,"2026-07-18 12:53:00",detail_page,rec_v1,14,1
1645,684,95,"2026-06-11 02:23:00",detail_page,rec_v1,20,0
1646,520,95,"2026-06-21 09:05:00",search,rec_v1,10,0
1647,187,5,"2026-07-05 01:10:00",continue_watching,rec_v2,19,0
1648,413,147,"2026-06-26 18:39:00",continue_watching,rec_v2,20,0
1649,385,76,"2026-07-15 13:46:00",search,rec_v2,3,0
1650,303,38,"2026-06-18 17:18:00",detail_page,rec_v2,19,0
1651,339,145,"2026-05-10 08:53:00",home,rec_v2,19,0
1652,999,50,"2026-07-26 18:29:00",home,rec_v1,4,1
1653,840,58,"2026-05-27 19:11:00",detail_page,rec_v2,13,0
1654,984,15,"2026-06-07 02:53:00",search,rec_v1,18,0
1655,408,31,"2026-06-11 14:43:00",detail_page,rec_v1,15,0
1656,222,80,"2026-06-21 02:57:00",continue_watching,rec_v1,17,0
1657,334,93,"2026-06-29 04:21:00",home,rec_v1,18,0
1658,857,73,"2026-07-15 08:49:00",home,rec_v2,14,0
1659,121,37,"2026-07-22 02:59:00",detail_page,rec_v2,11,1
1660,803,38,"2026-06-06 23:25:00",search,rec_v2,18,0
1661,445,69,"2026-05-09 12:14:00",detail_page,rec_v2,19,0
1662,417,19,"2026-07-24 01:19:00",detail_page,rec_v1,18,0
1663,437,26,"2026-07-01 04:01:00",detail_page,rec_v1,7,0
1664,322,147,"2026-05-31 15:51:00",continue_watching,rec_v1,9,0
1665,796,69,"2026-06-06 06:54:00",search,rec_v1,19,0
1666,319,131,"2026-05-25 17:58:00",search,rec_v1,1,0
1667,169,123,"2026-07-08 11:29:00",home,rec_v1,17,0
1668,401,100,"2026-05-06 16:45:00",continue_watching,rec_v1,13,0
1669,77,21,"2026-06-30 19:57:00",home,rec_v2,1,1
1670,627,72,"2026-05-08 06:59:00",home,rec_v1,11,1
1671,973,114,"2026-06-28 10:37:00",home,rec_v1,2,0
1672,226,72,"2026-05-25 14:05:00",home,rec_v2,15,0
1673,289,101,"2026-05-15 18:34:00",home,rec_v2,5,0
1674,782,106,"2026-07-01 02:40:00",home,rec_v1,12,1
1675,764,126,"2026-07-05 23:45:00",search,rec_v2,13,0
1676,165,145,"2026-07-03 15:36:00",continue_watching,rec_v1,9,1
1677,691,137,"2026-05-24 22:05:00",home,rec_v1,7,0
1678,238,23,"2026-07-25 07:26:00",home,rec_v2,12,0
1679,176,52,"2026-06-01 09:05:00",continue_watching,rec_v2,4,0
1680,950,21,"2026-06-12 06:10:00",home,rec_v1,4,1
1681,225,109,"2026-05-22 15:51:00",detail_page,rec_v2,5,0
1682,560,147,"2026-07-28 21:03:00",home,rec_v1,7,0
1683,77,140,"2026-05-28 00:12:00",home,rec_v1,6,0
1684,331,13,"2026-05-13 19:41:00",continue_watching,rec_v2,17,1
1685,442,71,"2026-05-26 22:04:00",continue_watching,rec_v1,15,0
1686,257,27,"2026-06-06 06:13:00",search,rec_v1,5,0
1687,759,128,"2026-06-30 17:41:00",search,rec_v1,3,1
1688,848,47,"2026-05-10 07:33:00",search,rec_v2,17,0
1689,430,44,"2026-06-22 02:41:00",search,rec_v2,20,0
1690,777,110,"2026-07-18 21:04:00",detail_page,rec_v1,4,0
1691,182,140,"2026-07-02 00:49:00",continue_watching,rec_v2,1,0
1692,587,116,"2026-07-27 08:38:00",detail_page,rec_v2,19,0
1693,652,110,"2026-06-06 15:53:00",detail_page,rec_v1,15,0
1694,63,104,"2026-07-18 08:40:00",continue_watching,rec_v1,13,0
1695,827,38,"2026-07-18 06:55:00",detail_page,rec_v2,1,0
1696,148,22,"2026-06-29 23:24:00",detail_page,rec_v1,8,0
1697,336,41,"2026-05-08 20:16:00",continue_watching,rec_v2,1,0
1698,553,115,"2026-07-25 07:02:00",home,rec_v2,13,0
1699,751,19,"2026-06-17 14:09:00",detail_page,rec_v1,3,0
1700,143,84,"2026-06-21 16:31:00",home,rec_v2,20,0
1701,571,137,"2026-07-10 07:42:00",detail_page,rec_v1,14,0
1702,555,74,"2026-07-11 07:15:00",search,rec_v1,6,0
1703,941,10,"2026-07-17 10:45:00",home,rec_v1,20,0
1704,236,139,"2026-06-09 10:13:00",continue_watching,rec_v2,17,0
1705,664,34,"2026-05-28 03:17:00",continue_watching,rec_v2,20,0
1706,645,17,"2026-06-28 21:59:00",home,rec_v2,15,0
1707,520,118,"2026-07-27 14:27:00",detail_page,rec_v1,15,1
1708,241,140,"2026-06-06 13:25:00",home,rec_v2,7,0
1709,996,48,"2026-05-03 09:16:00",continue_watching,rec_v2,9,0
1710,80,17,"2026-07-05 11:34:00",search,rec_v2,16,0
1711,505,99,"2026-06-19 07:57:00",home,rec_v2,17,0
1712,866,40,"2026-07-16 04:33:00",detail_page,rec_v2,17,0
1713,506,10,"2026-07-11 22:56:00",search,rec_v2,17,1
1714,378,14,"2026-07-03 07:20:00",home,rec_v1,12,0
1715,400,98,"2026-07-06 05:39:00",search,rec_v2,19,1
1716,873,96,"2026-05-25 10:09:00",home,rec_v2,15,0
1717,201,36,"2026-06-02 03:11:00",detail_page,rec_v2,6,0
1718,650,35,"2026-07-02 05:11:00",search,rec_v2,13,0
1719,228,50,"2026-06-19 17:09:00",continue_watching,rec_v1,11,0
1720,267,21,"2026-07-02 07:14:00",detail_page,rec_v2,6,0
1721,346,124,"2026-05-17 04:37:00",continue_watching,rec_v2,13,0
1722,590,44,"2026-06-06 17:47:00",continue_watching,rec_v1,8,0
1723,623,95,"2026-05-10 07:18:00",home,rec_v1,18,0
1724,379,94,"2026-05-03 08:03:00",continue_watching,rec_v2,17,0
1725,396,144,"2026-05-30 12:36:00",home,rec_v2,16,0
1726,295,67,"2026-05-21 09:47:00",home,rec_v2,20,0
1727,692,132,"2026-07-15 00:46:00",search,rec_v1,16,0
1728,169,13,"2026-05-19 03:02:00",search,rec_v2,19,0
1729,813,10,"2026-05-08 19:53:00",detail_page,rec_v1,13,0
1730,334,76,"2026-06-11 07:04:00",home,rec_v2,7,0
1731,747,45,"2026-06-03 07:46:00",search,rec_v1,14,0
1732,867,135,"2026-05-09 20:43:00",home,rec_v2,15,0
1733,47,5,"2026-07-27 08:42:00",search,rec_v1,4,0
1734,789,23,"2026-05-04 04:52:00",detail_page,rec_v1,15,0
1735,542,32,"2026-07-03 08:36:00",search,rec_v2,18,1
1736,135,123,"2026-05-01 14:41:00",home,rec_v1,8,0
1737,540,143,"2026-07-17 22:57:00",detail_page,rec_v2,6,0
1738,958,85,"2026-06-20 17:40:00",detail_page,rec_v2,14,1
1739,426,116,"2026-06-19 01:16:00",home,rec_v2,6,0
1740,724,87,"2026-06-16 10:34:00",home,rec_v2,18,0
1741,751,109,"2026-07-27 19:03:00",home,rec_v2,20,0
1742,515,33,"2026-05-28 17:16:00",continue_watching,rec_v1,3,0
1743,439,86,"2026-05-03 07:28:00",home,rec_v1,2,1
1744,382,59,"2026-06-23 08:51:00",search,rec_v1,3,0
1745,135,30,"2026-07-12 18:07:00",home,rec_v2,3,1
1746,569,47,"2026-07-02 01:50:00",home,rec_v2,10,0
1747,538,99,"2026-06-05 02:50:00",search,rec_v2,5,0
1748,871,57,"2026-06-08 12:12:00",home,rec_v2,10,0
1749,154,2,"2026-05-12 19:24:00",home,rec_v1,12,0
1750,973,18,"2026-06-17 20:41:00",home,rec_v1,18,0
1751,109,35,"2026-05-18 07:59:00",detail_page,rec_v1,7,0
1752,900,2,"2026-06-27 01:30:00",home,rec_v1,2,0
1753,9,24,"2026-06-17 07:03:00",home,rec_v2,16,0
1754,735,142,"2026-06-12 03:50:00",home,rec_v1,16,0
1755,724,23,"2026-06-30 13:03:00",search,rec_v1,12,0
1756,329,67,"2026-07-07 23:28:00",continue_watching,rec_v2,16,0
1757,159,147,"2026-07-25 18:07:00",home,rec_v1,20,1
1758,876,117,"2026-06-04 19:23:00",continue_watching,rec_v1,4,0
1759,563,47,"2026-07-05 09:07:00",home,rec_v1,16,0
1760,469,56,"2026-05-19 01:14:00",home,rec_v1,19,0
1761,990,48,"2026-07-27 01:55:00",detail_page,rec_v1,11,0
1762,159,148,"2026-07-26 22:39:00",search,rec_v1,14,0
1763,979,26,"2026-07-06 16:50:00",home,rec_v2,19,1
1764,148,61,"2026-07-21 14:53:00",home,rec_v2,8,0
1765,877,139,"2026-05-19 11:52:00",home,rec_v2,9,0
1766,501,119,"2026-07-07 02:15:00",detail_page,rec_v2,8,0
1767,403,75,"2026-05-23 11:52:00",continue_watching,rec_v2,9,0
1768,592,128,"2026-06-25 15:12:00",detail_page,rec_v1,6,0
1769,619,150,"2026-06-09 22:33:00",home,rec_v1,15,1
1770,933,128,"2026-07-05 10:09:00",home,rec_v2,11,0
1771,975,143,"2026-07-26 02:08:00",continue_watching,rec_v1,5,1
1772,771,26,"2026-05-13 06:17:00",detail_page,rec_v2,2,0
1773,178,10,"2026-07-20 09:45:00",home,rec_v2,20,0
1774,703,120,"2026-06-17 04:57:00",search,rec_v2,12,0
1775,710,96,"2026-06-30 17:50:00",search,rec_v1,8,0
1776,404,16,"2026-07-12 16:46:00",detail_page,rec_v1,7,1
1777,242,100,"2026-06-28 17:54:00",home,rec_v2,4,0
1778,356,42,"2026-07-26 20:15:00",home,rec_v1,1,0
1779,659,148,"2026-05-16 05:51:00",detail_page,rec_v2,1,1
1780,198,15,"2026-06-25 17:06:00",detail_page,rec_v1,19,0
1781,482,22,"2026-05-20 03:39:00",detail_page,rec_v2,3,0
1782,118,38,"2026-06-06 05:02:00",home,rec_v1,5,1
1783,478,36,"2026-05-05 20:52:00",home,rec_v1,4,1
1784,43,31,"2026-06-26 04:58:00",detail_page,rec_v2,5,0
1785,678,136,"2026-07-09 04:08:00",home,rec_v1,7,0
1786,765,55,"2026-05-04 08:52:00",home,rec_v1,14,0
1787,214,138,"2026-05-02 05:17:00",detail_page,rec_v2,10,0
1788,107,39,"2026-07-09 13:46:00",detail_page,rec_v1,4,1
1789,945,87,"2026-07-18 06:21:00",home,rec_v2,5,1
1790,861,50,"2026-07-03 18:32:00",detail_page,rec_v2,13,0
1791,68,1,"2026-07-13 07:20:00",continue_watching,rec_v2,5,0
1792,598,128,"2026-07-14 22:56:00",home,rec_v1,8,0
1793,122,37,"2026-05-26 01:45:00",home,rec_v2,18,0
1794,376,100,"2026-05-28 22:31:00",detail_page,rec_v1,7,0
1795,266,20,"2026-07-20 20:05:00",detail_page,rec_v1,1,1
1796,491,60,"2026-06-20 17:56:00",search,rec_v1,6,0
1797,63,114,"2026-07-05 10:19:00",detail_page,rec_v1,14,0
1798,605,6,"2026-06-07 12:46:00",home,rec_v1,10,0
1799,968,28,"2026-06-01 03:57:00",home,rec_v1,1,0
1800,728,74,"2026-05-03 22:44:00",home,rec_v1,1,0
1801,930,104,"2026-07-27 01:42:00",search,rec_v2,12,0
1802,806,79,"2026-06-26 16:45:00",home,rec_v2,19,0
1803,357,96,"2026-05-26 22:41:00",home,rec_v1,8,0
1804,862,28,"2026-05-13 10:58:00",detail_page,rec_v2,15,0
1805,114,12,"2026-06-20 12:17:00",home,rec_v1,17,0
1806,213,7,"2026-07-13 08:56:00",continue_watching,rec_v2,18,0
1807,461,103,"2026-05-26 03:18:00",detail_page,rec_v1,16,0
1808,529,11,"2026-06-19 13:12:00",home,rec_v1,12,0
1809,152,8,"2026-07-19 01:07:00",detail_page,rec_v2,2,0
1810,201,131,"2026-05-04 20:44:00",home,rec_v1,8,1
1811,993,13,"2026-07-14 00:01:00",continue_watching,rec_v2,17,0
1812,504,77,"2026-05-19 03:48:00",detail_page,rec_v1,4,0
1813,26,5,"2026-06-21 10:32:00",home,rec_v2,18,0
1814,693,91,"2026-06-10 16:05:00",home,rec_v2,20,0
1815,31,53,"2026-05-11 23:13:00",search,rec_v2,7,0
1816,823,52,"2026-06-25 05:55:00",home,rec_v2,9,0
1817,911,101,"2026-06-09 18:13:00",detail_page,rec_v1,12,0
1818,538,62,"2026-07-15 14:40:00",home,rec_v2,1,1
1819,413,107,"2026-06-08 17:39:00",home,rec_v2,19,1
1820,128,65,"2026-05-04 09:35:00",home,rec_v2,19,0
1821,787,142,"2026-05-07 04:25:00",detail_page,rec_v2,19,1
1822,804,45,"2026-05-04 20:23:00",home,rec_v1,19,0
1823,851,128,"2026-07-24 14:00:00",continue_watching,rec_v2,8,0
1824,204,119,"2026-06-23 17:34:00",home,rec_v1,14,0
1825,570,75,"2026-05-10 06:56:00",home,rec_v2,4,1
1826,255,60,"2026-07-15 15:09:00",home,rec_v2,14,0
1827,755,132,"2026-06-30 23:03:00",search,rec_v2,19,0
1828,117,115,"2026-07-13 10:56:00",home,rec_v2,6,0
1829,869,36,"2026-05-03 09:28:00",home,rec_v1,17,0
1830,926,139,"2026-07-16 20:17:00",home,rec_v1,14,1
1831,98,140,"2026-07-25 21:34:00",continue_watching,rec_v1,8,0
1832,719,147,"2026-06-16 16:34:00",search,rec_v2,5,0
1833,86,114,"2026-07-27 14:39:00",home,rec_v2,17,1
1834,73,140,"2026-07-24 11:24:00",home,rec_v2,10,0
1835,165,31,"2026-06-11 01:51:00",continue_watching,rec_v2,17,0
1836,950,60,"2026-06-21 23:33:00",continue_watching,rec_v2,15,0
1837,553,45,"2026-05-06 14:49:00",detail_page,rec_v2,18,1
1838,390,145,"2026-05-08 17:57:00",home,rec_v2,3,0
1839,685,22,"2026-07-25 00:40:00",home,rec_v2,19,0
1840,170,109,"2026-06-20 22:39:00",continue_watching,rec_v1,15,0
1841,402,149,"2026-07-25 20:36:00",continue_watching,rec_v2,2,0
1842,603,91,"2026-05-21 20:59:00",detail_page,rec_v2,3,0
1843,434,29,"2026-06-02 06:39:00",home,rec_v2,18,0
1844,182,125,"2026-05-26 20:39:00",detail_page,rec_v1,11,0
1845,363,28,"2026-07-10 21:49:00",continue_watching,rec_v2,6,0
1846,47,108,"2026-07-03 21:33:00",search,rec_v2,13,0
1847,738,68,"2026-07-25 03:45:00",search,rec_v1,9,0
1848,320,39,"2026-05-06 21:28:00",home,rec_v1,18,0
1849,396,37,"2026-05-15 13:06:00",continue_watching,rec_v2,19,0
1850,846,105,"2026-05-26 01:13:00",search,rec_v1,1,0
1851,588,57,"2026-05-25 04:54:00",search,rec_v1,20,1
1852,492,39,"2026-07-29 21:16:00",detail_page,rec_v2,20,0
1853,436,6,"2026-06-26 17:29:00",detail_page,rec_v1,10,1
1854,116,64,"2026-06-02 13:30:00",detail_page,rec_v1,7,0
1855,111,60,"2026-05-20 10:03:00",search,rec_v2,1,0
1856,255,12,"2026-07-23 14:10:00",home,rec_v1,13,0
1857,850,6,"2026-07-22 19:56:00",home,rec_v2,10,0
1858,269,32,"2026-06-26 02:17:00",home,rec_v2,2,0
1859,714,75,"2026-05-25 21:41:00",home,rec_v2,13,0
1860,482,124,"2026-07-21 14:35:00",continue_watching,rec_v1,17,0
1861,265,138,"2026-06-22 04:15:00",detail_page,rec_v1,18,0
1862,930,1,"2026-07-18 20:27:00",home,rec_v1,4,0
1863,454,70,"2026-06-07 15:44:00",search,rec_v1,8,0
1864,638,48,"2026-07-23 15:50:00",home,rec_v2,9,0
1865,632,138,"2026-06-26 04:44:00",detail_page,rec_v1,19,0
1866,634,141,"2026-06-10 01:57:00",home,rec_v2,19,0
1867,914,24,"2026-05-30 19:03:00",home,rec_v2,11,0
1868,51,29,"2026-05-12 07:08:00",search,rec_v1,2,0
1869,800,123,"2026-06-02 21:18:00",home,rec_v2,2,0
1870,73,122,"2026-05-08 03:43:00",home,rec_v1,8,0
1871,551,143,"2026-07-13 12:01:00",home,rec_v2,11,0
1872,1000,33,"2026-05-10 02:28:00",search,rec_v2,11,0
1873,58,98,"2026-06-14 04:36:00",home,rec_v1,20,0
1874,587,78,"2026-07-13 10:54:00",home,rec_v2,6,1
1875,385,71,"2026-07-11 11:59:00",continue_watching,rec_v2,14,0
1876,52,84,"2026-07-11 19:59:00",home,rec_v1,1,0
1877,954,80,"2026-05-29 15:34:00",home,rec_v2,16,0
1878,349,138,"2026-07-21 05:36:00",home,rec_v2,10,0
1879,988,57,"2026-05-18 12:03:00",detail_page,rec_v1,14,0
1880,878,95,"2026-05-24 11:48:00",detail_page,rec_v2,5,0
1881,189,108,"2026-05-31 15:06:00",detail_page,rec_v1,4,0
1882,343,89,"2026-05-21 20:02:00",continue_watching,rec_v1,14,0
1883,192,31,"2026-05-16 22:05:00",home,rec_v1,15,0
1884,903,123,"2026-07-03 03:57:00",detail_page,rec_v2,13,0
1885,324,18,"2026-06-05 12:16:00",home,rec_v1,6,0
1886,103,24,"2026-06-03 21:45:00",continue_watching,rec_v2,18,0
1887,655,100,"2026-05-06 11:00:00",home,rec_v1,4,0
1888,529,102,"2026-06-13 19:11:00",detail_page,rec_v1,7,0
1889,178,148,"2026-06-24 04:56:00",continue_watching,rec_v2,15,0
1890,919,4,"2026-07-24 17:46:00",detail_page,rec_v2,5,0
1891,419,68,"2026-07-17 14:50:00",home,rec_v2,3,1
1892,754,123,"2026-06-01 03:26:00",home,rec_v2,19,0
1893,888,137,"2026-05-05 09:03:00",search,rec_v2,6,0
1894,272,132,"2026-05-16 21:55:00",home,rec_v1,18,0
1895,239,129,"2026-05-30 12:26:00",continue_watching,rec_v2,9,1
1896,313,95,"2026-05-26 23:02:00",detail_page,rec_v2,5,0
1897,866,20,"2026-05-11 03:21:00",home,rec_v1,5,0
1898,459,74,"2026-07-10 01:32:00",search,rec_v2,20,0
1899,87,116,"2026-06-09 21:40:00",continue_watching,rec_v2,7,0
1900,301,43,"2026-06-14 12:51:00",home,rec_v1,18,0
1901,702,44,"2026-07-14 14:32:00",home,rec_v2,12,0
1902,671,139,"2026-05-06 12:46:00",detail_page,rec_v1,20,0
1903,986,64,"2026-07-15 05:57:00",home,rec_v2,7,1
1904,850,38,"2026-05-25 06:45:00",search,rec_v1,11,0
1905,903,79,"2026-05-02 01:48:00",home,rec_v1,17,1
1906,452,122,"2026-06-15 23:31:00",home,rec_v1,14,0
1907,177,72,"2026-05-24 03:05:00",home,rec_v2,9,0
1908,55,137,"2026-05-20 03:19:00",detail_page,rec_v2,3,0
1909,635,56,"2026-06-10 23:46:00",detail_page,rec_v1,1,0
1910,667,83,"2026-05-22 22:18:00",search,rec_v1,5,0
1911,984,129,"2026-06-16 15:33:00",detail_page,rec_v2,20,0
1912,436,136,"2026-06-16 19:55:00",detail_page,rec_v1,10,0
1913,323,124,"2026-06-22 16:21:00",detail_page,rec_v2,4,0
1914,461,36,"2026-05-24 02:25:00",home,rec_v1,3,0
1915,613,139,"2026-07-08 01:22:00",continue_watching,rec_v2,6,0
1916,927,53,"2026-07-15 16:44:00",search,rec_v1,19,0
1917,534,61,"2026-05-22 16:30:00",search,rec_v1,5,0
1918,662,141,"2026-06-15 12:11:00",home,rec_v1,19,0
1919,177,133,"2026-07-18 21:50:00",search,rec_v1,19,0
1920,218,43,"2026-05-14 06:17:00",home,rec_v1,1,1
1921,65,134,"2026-06-05 03:05:00",search,rec_v2,4,1
1922,733,99,"2026-05-12 01:51:00",home,rec_v1,10,0
1923,393,24,"2026-05-27 06:48:00",home,rec_v1,18,0
1924,327,63,"2026-06-28 08:37:00",continue_watching,rec_v1,16,0
1925,802,141,"2026-06-28 09:24:00",home,rec_v2,10,0
1926,603,81,"2026-07-15 17:39:00",detail_page,rec_v1,2,1
1927,18,118,"2026-07-16 00:44:00",detail_page,rec_v1,1,0
1928,836,72,"2026-07-25 21:00:00",home,rec_v2,15,0
1929,340,6,"2026-07-22 04:30:00",detail_page,rec_v2,14,0
1930,685,100,"2026-06-08 10:03:00",home,rec_v1,1,0
1931,403,95,"2026-05-28 05:22:00",continue_watching,rec_v1,8,0
1932,2,115,"2026-06-19 07:15:00",home,rec_v2,20,0
1933,939,69,"2026-07-10 07:23:00",search,rec_v1,17,0
1934,377,144,"2026-07-09 04:42:00",home,rec_v2,18,0
1935,568,37,"2026-06-04 09:34:00",search,rec_v2,6,0
1936,471,4,"2026-06-18 01:20:00",home,rec_v2,18,0
1937,920,145,"2026-05-11 18:27:00",search,rec_v2,20,1
1938,185,93,"2026-06-11 06:45:00",detail_page,rec_v2,13,1
1939,903,92,"2026-06-11 08:59:00",detail_page,rec_v1,13,1
1940,567,2,"2026-07-09 06:32:00",continue_watching,rec_v2,5,0
1941,803,119,"2026-06-02 21:04:00",home,rec_v2,4,0
1942,468,75,"2026-07-04 06:25:00",home,rec_v1,16,0
1943,617,48,"2026-07-11 08:48:00",home,rec_v1,9,1
1944,447,69,"2026-05-17 02:43:00",home,rec_v2,11,0
1945,77,116,"2026-05-05 20:38:00",detail_page,rec_v2,12,0
1946,136,27,"2026-07-14 22:32:00",search,rec_v2,12,0
1947,856,12,"2026-05-30 00:46:00",home,rec_v1,1,0
1948,145,33,"2026-07-16 20:58:00",continue_watching,rec_v2,1,0
1949,19,13,"2026-05-06 18:25:00",search,rec_v1,11,0
1950,974,14,"2026-06-11 19:28:00",home,rec_v1,9,0
1951,482,46,"2026-06-15 19:02:00",home,rec_v2,9,1
1952,165,68,"2026-07-05 06:28:00",search,rec_v1,5,0
1953,75,100,"2026-07-25 16:57:00",continue_watching,rec_v2,1,0
1954,61,90,"2026-07-25 19:57:00",search,rec_v1,3,1
1955,183,119,"2026-07-20 15:17:00",detail_page,rec_v1,11,0
1956,83,12,"2026-07-07 17:00:00",home,rec_v2,2,0
1957,140,52,"2026-05-04 23:47:00",home,rec_v1,14,0
1958,697,4,"2026-05-01 10:03:00",continue_watching,rec_v2,3,0
1959,588,80,"2026-06-21 03:12:00",detail_page,rec_v2,8,0
1960,145,146,"2026-06-17 12:06:00",search,rec_v1,14,0
1961,610,66,"2026-05-26 09:32:00",continue_watching,rec_v1,14,0
1962,91,132,"2026-07-24 06:12:00",home,rec_v2,7,0
1963,831,138,"2026-05-08 12:32:00",home,rec_v1,2,0
1964,47,40,"2026-06-02 00:30:00",detail_page,rec_v2,8,0
1965,71,120,"2026-07-21 05:28:00",home,rec_v2,15,0
1966,783,62,"2026-05-31 17:03:00",continue_watching,rec_v1,14,0
1967,416,70,"2026-07-29 02:41:00",search,rec_v1,14,0
1968,603,141,"2026-05-20 22:28:00",continue_watching,rec_v2,10,0
1969,516,50,"2026-06-19 19:17:00",home,rec_v1,11,0
1970,392,77,"2026-06-06 22:41:00",continue_watching,rec_v1,11,0
1971,457,114,"2026-07-24 09:05:00",home,rec_v1,13,0
1972,635,86,"2026-06-02 01:54:00",home,rec_v2,6,0
1973,188,3,"2026-06-24 01:45:00",home,rec_v2,11,0
1974,506,80,"2026-07-06 12:03:00",home,rec_v1,8,1
1975,616,5,"2026-05-13 22:54:00",home,rec_v2,15,0
1976,56,46,"2026-05-16 07:25:00",search,rec_v2,20,0
1977,240,81,"2026-07-14 10:00:00",continue_watching,rec_v2,3,0
1978,1,22,"2026-06-30 16:46:00",home,rec_v2,11,0
1979,922,145,"2026-06-02 12:37:00",continue_watching,rec_v1,1,1
1980,328,29,"2026-05-31 16:45:00",home,rec_v1,12,0
1981,671,67,"2026-06-10 01:31:00",search,rec_v2,2,0
1982,45,127,"2026-05-10 02:13:00",detail_page,rec_v1,5,0
1983,564,13,"2026-07-24 17:15:00",home,rec_v2,1,0
1984,683,17,"2026-05-05 09:10:00",home,rec_v2,10,0
1985,637,56,"2026-07-28 06:38:00",home,rec_v1,7,0
1986,593,31,"2026-05-01 06:33:00",home,rec_v1,2,0
1987,439,12,"2026-06-16 02:25:00",search,rec_v2,3,1
1988,902,45,"2026-07-27 08:48:00",search,rec_v2,8,0
1989,703,146,"2026-05-31 23:45:00",home,rec_v2,13,1
1990,964,148,"2026-05-02 04:30:00",search,rec_v2,19,0
1991,936,141,"2026-05-06 08:25:00",home,rec_v2,15,0
1992,46,62,"2026-06-13 14:21:00",search,rec_v1,7,0
1993,584,74,"2026-05-28 22:07:00",search,rec_v2,8,1
1994,336,3,"2026-05-20 20:09:00",home,rec_v2,1,1
1995,262,34,"2026-07-21 19:33:00",home,rec_v2,4,0
1996,261,48,"2026-06-22 23:38:00",home,rec_v1,19,0
1997,154,57,"2026-07-11 20:12:00",home,rec_v2,4,1
1998,33,147,"2026-05-04 15:01:00",search,rec_v2,2,0
1999,6,139,"2026-06-20 14:07:00",continue_watching,rec_v2,8,1
2000,120,23,"2026-06-04 22:55:00",home,rec_v1,5,0
2001,7,73,"2026-07-21 14:10:00",detail_page,rec_v2,11,0
2002,577,143,"2026-07-11 21:40:00",continue_watching,rec_v2,11,0
2003,882,48,"2026-05-08 23:38:00",home,rec_v2,10,0
2004,48,60,"2026-07-26 18:24:00",detail_page,rec_v2,6,0
2005,906,37,"2026-06-11 15:35:00",home,rec_v1,3,0
2006,475,7,"2026-07-03 06:02:00",search,rec_v1,15,0
2007,821,89,"2026-07-16 15:03:00",home,rec_v1,6,0
2008,718,44,"2026-05-10 00:12:00",search,rec_v1,3,0
2009,933,135,"2026-07-11 12:20:00",home,rec_v2,1,0
2010,580,25,"2026-06-09 11:30:00",home,rec_v1,17,0
2011,549,96,"2026-05-31 05:57:00",search,rec_v1,19,0
2012,583,119,"2026-07-02 19:54:00",continue_watching,rec_v1,4,0
2013,530,12,"2026-07-04 12:27:00",home,rec_v2,8,0
2014,784,56,"2026-05-07 02:43:00",search,rec_v2,20,0
2015,521,149,"2026-06-13 15:41:00",continue_watching,rec_v2,11,0
2016,319,14,"2026-06-29 20:01:00",home,rec_v1,6,0
2017,489,42,"2026-05-01 02:39:00",home,rec_v1,20,0
2018,131,59,"2026-05-13 07:30:00",detail_page,rec_v1,2,0
2019,285,72,"2026-06-14 08:28:00",continue_watching,rec_v1,5,0
2020,881,135,"2026-07-08 01:32:00",home,rec_v2,12,0
2021,728,51,"2026-07-03 19:34:00",home,rec_v1,1,1
2022,873,34,"2026-05-12 21:15:00",detail_page,rec_v2,12,0
2023,131,27,"2026-05-23 04:22:00",home,rec_v1,2,0
2024,778,34,"2026-06-15 19:33:00",home,rec_v2,2,0
2025,406,51,"2026-05-01 06:18:00",detail_page,rec_v1,12,0
2026,610,60,"2026-07-25 02:19:00",detail_page,rec_v2,15,0
2027,925,150,"2026-05-09 17:36:00",search,rec_v1,5,0
2028,701,6,"2026-06-29 07:47:00",home,rec_v1,14,0
2029,833,19,"2026-06-12 18:01:00",home,rec_v1,6,0
2030,979,136,"2026-05-20 20:35:00",home,rec_v1,9,0
2031,989,139,"2026-07-14 17:53:00",home,rec_v2,13,0
2032,582,21,"2026-07-12 22:48:00",continue_watching,rec_v1,14,0
2033,514,15,"2026-06-03 09:29:00",home,rec_v2,14,0
2034,930,101,"2026-06-11 21:59:00",continue_watching,rec_v1,13,0
2035,404,40,"2026-05-08 15:44:00",search,rec_v2,12,0
2036,311,149,"2026-05-27 02:49:00",detail_page,rec_v2,10,0
2037,452,111,"2026-06-05 15:16:00",continue_watching,rec_v2,20,0
2038,735,58,"2026-06-21 15:50:00",home,rec_v1,10,0
2039,386,43,"2026-06-11 06:56:00",home,rec_v1,13,0
2040,904,31,"2026-05-09 01:14:00",home,rec_v1,9,0
2041,421,36,"2026-07-23 16:58:00",detail_page,rec_v2,18,0
2042,273,39,"2026-05-10 05:32:00",detail_page,rec_v1,18,0
2043,972,26,"2026-07-07 08:20:00",search,rec_v2,5,0
2044,742,80,"2026-07-22 14:19:00",detail_page,rec_v1,20,0
2045,390,68,"2026-05-21 01:54:00",home,rec_v2,8,0
2046,738,73,"2026-07-26 05:15:00",search,rec_v1,12,0
2047,374,137,"2026-05-22 11:13:00",home,rec_v2,7,0
2048,36,62,"2026-05-08 01:24:00",home,rec_v2,17,0
2049,29,96,"2026-07-29 05:08:00",detail_page,rec_v2,15,0
2050,400,145,"2026-07-01 10:51:00",home,rec_v2,15,0
2051,730,69,"2026-07-05 16:40:00",detail_page,rec_v2,7,0
2052,246,112,"2026-06-03 17:50:00",search,rec_v2,13,0
2053,746,129,"2026-06-04 19:09:00",continue_watching,rec_v1,14,0
2054,288,33,"2026-05-08 04:44:00",home,rec_v2,12,1
2055,341,79,"2026-06-16 05:50:00",home,rec_v2,6,0
2056,611,37,"2026-05-30 09:48:00",detail_page,rec_v2,19,0
2057,310,115,"2026-05-17 12:58:00",home,rec_v1,1,0
2058,283,35,"2026-05-22 19:24:00",home,rec_v1,9,0
2059,126,74,"2026-05-05 18:59:00",continue_watching,rec_v2,18,0
2060,254,41,"2026-07-25 15:33:00",home,rec_v1,10,0
2061,908,80,"2026-05-20 10:22:00",detail_page,rec_v1,15,0
2062,226,118,"2026-05-21 13:42:00",home,rec_v1,1,0
2063,703,32,"2026-06-15 02:50:00",continue_watching,rec_v2,6,0
2064,124,21,"2026-06-03 12:41:00",detail_page,rec_v2,3,0
2065,571,72,"2026-05-29 23:24:00",home,rec_v2,9,0
2066,181,111,"2026-07-20 22:26:00",continue_watching,rec_v2,9,0
2067,697,128,"2026-05-05 10:11:00",home,rec_v1,6,0
2068,957,7,"2026-07-02 22:36:00",search,rec_v2,5,0
2069,456,119,"2026-06-11 05:31:00",home,rec_v2,13,0
2070,417,49,"2026-05-18 17:56:00",search,rec_v1,9,0
2071,662,12,"2026-07-24 04:41:00",detail_page,rec_v2,5,0
2072,955,138,"2026-05-06 17:22:00",home,rec_v2,11,0
2073,675,12,"2026-05-04 07:26:00",home,rec_v1,16,0
2074,183,33,"2026-05-06 23:33:00",home,rec_v2,15,0
2075,969,50,"2026-05-11 21:57:00",home,rec_v2,8,0
2076,709,32,"2026-07-10 00:25:00",continue_watching,rec_v2,17,0
2077,711,23,"2026-06-14 23:58:00",continue_watching,rec_v1,7,0
2078,388,89,"2026-06-01 22:54:00",detail_page,rec_v2,6,0
2079,28,48,"2026-06-22 09:26:00",detail_page,rec_v2,8,0
2080,737,96,"2026-07-27 23:02:00",search,rec_v1,8,0
2081,155,114,"2026-05-21 15:32:00",detail_page,rec_v1,17,0
2082,179,1,"2026-05-27 03:40:00",home,rec_v2,8,0
2083,231,34,"2026-05-21 15:05:00",home,rec_v1,17,0
2084,36,121,"2026-06-06 03:28:00",home,rec_v1,18,0
2085,47,131,"2026-05-18 01:27:00",home,rec_v2,4,0
2086,827,41,"2026-07-15 12:38:00",continue_watching,rec_v2,2,1
2087,228,143,"2026-07-01 16:36:00",search,rec_v1,3,0
2088,505,112,"2026-07-24 00:25:00",detail_page,rec_v2,18,0
2089,799,104,"2026-06-13 13:14:00",home,rec_v2,9,0
2090,215,56,"2026-07-29 09:32:00",detail_page,rec_v1,5,0
2091,942,131,"2026-05-02 12:53:00",search,rec_v2,9,0
2092,355,144,"2026-07-01 00:24:00",continue_watching,rec_v1,6,0
2093,982,91,"2026-06-06 20:47:00",home,rec_v1,20,0
2094,346,55,"2026-06-03 19:45:00",detail_page,rec_v2,8,0
2095,651,123,"2026-07-18 16:30:00",detail_page,rec_v1,4,0
2096,279,102,"2026-07-02 05:30:00",detail_page,rec_v2,4,0
2097,7,125,"2026-06-30 21:27:00",home,rec_v2,4,0
2098,332,39,"2026-05-02 05:36:00",continue_watching,rec_v1,8,0
2099,179,103,"2026-06-30 04:11:00",home,rec_v2,13,0
2100,849,122,"2026-06-29 18:54:00",home,rec_v1,11,0
2101,810,122,"2026-05-05 02:22:00",home,rec_v2,19,1
2102,378,23,"2026-06-08 23:14:00",continue_watching,rec_v2,3,1
2103,690,88,"2026-05-31 00:46:00",home,rec_v1,19,0
2104,94,148,"2026-07-05 14:49:00",home,rec_v1,19,0
2105,561,128,"2026-06-02 13:31:00",detail_page,rec_v1,16,0
2106,831,36,"2026-05-02 15:40:00",home,rec_v2,6,0
2107,73,128,"2026-05-09 17:55:00",home,rec_v1,5,0
2108,964,52,"2026-06-22 00:37:00",home,rec_v2,20,0
2109,545,146,"2026-06-28 21:58:00",search,rec_v1,19,0
2110,486,56,"2026-05-07 18:04:00",home,rec_v2,16,0
2111,818,48,"2026-05-13 00:02:00",home,rec_v2,1,0
2112,348,148,"2026-07-27 17:31:00",search,rec_v2,18,0
2113,243,54,"2026-07-25 15:00:00",search,rec_v2,7,0
2114,94,98,"2026-05-30 22:18:00",home,rec_v1,17,0
2115,805,149,"2026-06-27 23:24:00",home,rec_v1,4,1
2116,498,97,"2026-05-25 18:49:00",continue_watching,rec_v2,10,0
2117,729,13,"2026-05-01 02:36:00",home,rec_v2,13,0
2118,558,112,"2026-06-15 04:25:00",home,rec_v2,19,0
2119,317,23,"2026-06-08 05:02:00",detail_page,rec_v2,12,0
2120,35,66,"2026-07-18 02:06:00",home,rec_v1,14,0
2121,323,57,"2026-06-12 19:17:00",home,rec_v2,9,0
2122,632,48,"2026-07-27 15:27:00",search,rec_v1,4,0
2123,580,92,"2026-05-13 12:03:00",search,rec_v2,8,0
2124,51,95,"2026-06-24 00:39:00",search,rec_v1,6,0
2125,113,42,"2026-06-18 03:39:00",home,rec_v2,7,0
2126,241,21,"2026-07-17 16:07:00",home,rec_v2,17,0
2127,574,146,"2026-07-09 11:47:00",home,rec_v2,12,0
2128,424,112,"2026-05-23 13:47:00",home,rec_v2,9,0
2129,965,75,"2026-07-07 20:11:00",home,rec_v2,3,0
2130,313,32,"2026-06-06 00:01:00",search,rec_v1,20,0
2131,723,67,"2026-05-26 02:28:00",search,rec_v2,8,0
2132,277,105,"2026-05-25 00:16:00",home,rec_v1,5,0
2133,608,85,"2026-06-15 13:22:00",home,rec_v2,7,0
2134,686,137,"2026-06-28 11:39:00",detail_page,rec_v2,4,0
2135,107,3,"2026-07-21 09:26:00",detail_page,rec_v2,5,1
2136,491,84,"2026-05-28 10:19:00",continue_watching,rec_v2,7,0
2137,727,106,"2026-06-03 17:27:00",home,rec_v1,5,1
2138,952,17,"2026-05-14 12:08:00",detail_page,rec_v1,19,1
2139,140,30,"2026-05-19 13:43:00",detail_page,rec_v2,11,0
2140,886,92,"2026-06-18 03:06:00",detail_page,rec_v2,7,0
2141,346,121,"2026-07-27 17:32:00",home,rec_v2,3,0
2142,625,56,"2026-07-25 23:02:00",home,rec_v2,18,0
2143,266,84,"2026-06-06 02:16:00",home,rec_v1,3,0
2144,556,141,"2026-06-03 18:25:00",home,rec_v1,10,0
2145,196,105,"2026-05-15 08:13:00",continue_watching,rec_v1,2,0
2146,200,80,"2026-06-11 15:27:00",home,rec_v2,14,0
2147,111,5,"2026-05-28 10:06:00",home,rec_v2,19,0
2148,760,102,"2026-07-11 03:03:00",detail_page,rec_v1,2,0
2149,924,81,"2026-07-04 16:40:00",detail_page,rec_v1,19,0
2150,391,150,"2026-07-27 07:32:00",home,rec_v1,16,0
2151,293,17,"2026-06-12 09:35:00",home,rec_v1,10,0
2152,327,15,"2026-05-15 02:57:00",home,rec_v2,2,1
2153,625,72,"2026-06-08 10:08:00",home,rec_v1,15,0
2154,748,41,"2026-05-19 02:39:00",home,rec_v1,20,0
2155,10,35,"2026-05-02 11:28:00",home,rec_v2,19,0
2156,221,53,"2026-07-19 21:36:00",home,rec_v1,8,0
2157,419,120,"2026-06-10 03:19:00",home,rec_v1,14,0
2158,374,3,"2026-06-09 19:49:00",continue_watching,rec_v1,16,0
2159,356,81,"2026-05-23 16:13:00",continue_watching,rec_v1,6,0
2160,380,54,"2026-05-06 02:26:00",home,rec_v1,8,0
2161,570,67,"2026-07-14 06:43:00",search,rec_v1,1,1
2162,304,118,"2026-05-07 04:46:00",continue_watching,rec_v1,3,0
2163,167,42,"2026-06-30 05:58:00",detail_page,rec_v2,2,0
2164,60,113,"2026-07-14 02:55:00",continue_watching,rec_v2,9,0
2165,560,119,"2026-07-06 09:56:00",detail_page,rec_v1,16,0
2166,708,127,"2026-05-30 05:29:00",detail_page,rec_v2,4,0
2167,853,47,"2026-07-24 06:08:00",home,rec_v2,12,0
2168,233,138,"2026-07-19 09:46:00",continue_watching,rec_v1,16,0
2169,348,130,"2026-07-19 09:22:00",continue_watching,rec_v1,5,0
2170,42,150,"2026-07-11 04:10:00",detail_page,rec_v2,13,0
2171,289,66,"2026-07-23 06:32:00",search,rec_v1,8,0
2172,643,49,"2026-06-11 02:01:00",search,rec_v1,6,1
2173,544,118,"2026-07-27 22:16:00",search,rec_v1,12,0
2174,567,107,"2026-07-13 11:39:00",continue_watching,rec_v1,3,0
2175,51,125,"2026-05-27 12:27:00",detail_page,rec_v1,20,0
2176,107,65,"2026-07-03 05:02:00",home,rec_v2,4,0
2177,177,45,"2026-05-13 22:25:00",continue_watching,rec_v2,9,0
2178,571,117,"2026-05-17 13:07:00",home,rec_v2,10,0
2179,116,97,"2026-05-17 00:48:00",home,rec_v2,9,0
2180,662,98,"2026-07-17 08:50:00",continue_watching,rec_v1,1,0
2181,837,51,"2026-05-19 10:03:00",continue_watching,rec_v2,10,0
2182,927,5,"2026-05-28 17:41:00",search,rec_v2,17,0
2183,945,85,"2026-05-02 01:39:00",home,rec_v1,6,1
2184,627,81,"2026-05-18 05:53:00",detail_page,rec_v2,16,0
2185,719,47,"2026-06-06 03:49:00",home,rec_v1,6,0
2186,613,82,"2026-06-07 16:38:00",home,rec_v1,15,0
2187,486,82,"2026-07-12 08:14:00",home,rec_v2,19,0
2188,429,21,"2026-07-20 15:06:00",home,rec_v1,5,0
2189,138,8,"2026-06-29 12:56:00",home,rec_v1,5,0
2190,120,19,"2026-05-30 08:41:00",continue_watching,rec_v2,7,1
2191,412,60,"2026-06-09 16:13:00",home,rec_v1,14,0
2192,638,76,"2026-06-30 10:42:00",detail_page,rec_v1,2,0
2193,78,86,"2026-06-30 08:52:00",home,rec_v1,18,0
2194,200,53,"2026-07-05 21:16:00",home,rec_v1,2,0
2195,548,58,"2026-07-04 02:43:00",continue_watching,rec_v1,3,1
2196,768,76,"2026-06-16 13:05:00",detail_page,rec_v1,12,0
2197,891,112,"2026-06-19 11:09:00",home,rec_v2,13,0
2198,9,27,"2026-07-09 12:03:00",search,rec_v2,9,0
2199,60,100,"2026-05-29 03:41:00",continue_watching,rec_v1,1,1
2200,938,128,"2026-06-10 06:05:00",search,rec_v2,8,0
2201,534,84,"2026-07-10 15:03:00",detail_page,rec_v2,13,0
2202,892,103,"2026-07-08 04:04:00",home,rec_v1,20,0
2203,133,56,"2026-05-27 23:02:00",detail_page,rec_v1,20,0
2204,953,112,"2026-07-13 14:33:00",home,rec_v1,7,0
2205,313,17,"2026-05-05 03:20:00",home,rec_v2,18,0
2206,996,29,"2026-05-26 14:44:00",detail_page,rec_v1,3,0
2207,630,115,"2026-05-14 23:09:00",detail_page,rec_v2,19,0
2208,628,72,"2026-06-22 08:54:00",detail_page,rec_v1,6,0
2209,204,29,"2026-07-06 22:24:00",search,rec_v1,8,0
2210,433,105,"2026-05-02 21:44:00",detail_page,rec_v1,1,1
2211,558,102,"2026-05-18 03:53:00",continue_watching,rec_v1,11,0
2212,335,46,"2026-05-25 14:09:00",home,rec_v1,18,0
2213,958,91,"2026-06-20 08:22:00",detail_page,rec_v2,20,0
2214,798,145,"2026-07-09 20:12:00",search,rec_v1,15,0
2215,715,111,"2026-05-15 22:17:00",detail_page,rec_v2,8,0
2216,182,143,"2026-07-20 23:13:00",home,rec_v2,7,0
2217,496,105,"2026-07-21 22:21:00",detail_page,rec_v2,4,0
2218,987,139,"2026-07-23 02:35:00",detail_page,rec_v2,6,0
2219,108,64,"2026-06-09 12:12:00",search,rec_v1,1,0
2220,195,40,"2026-06-30 10:08:00",search,rec_v1,7,0
2221,735,40,"2026-05-10 00:35:00",detail_page,rec_v1,12,0
2222,473,17,"2026-06-18 02:12:00",search,rec_v1,13,0
2223,494,127,"2026-06-05 02:26:00",home,rec_v1,14,0
2224,741,95,"2026-07-15 03:22:00",search,rec_v1,18,0
2225,877,69,"2026-05-23 12:22:00",detail_page,rec_v1,15,0
2226,980,105,"2026-05-11 15:06:00",search,rec_v1,12,0
2227,430,149,"2026-07-17 15:54:00",search,rec_v1,18,0
2228,359,128,"2026-05-17 05:16:00",detail_page,rec_v1,5,0
2229,386,95,"2026-07-03 08:17:00",continue_watching,rec_v2,18,0
2230,175,91,"2026-06-22 07:33:00",detail_page,rec_v1,11,0
2231,316,130,"2026-06-23 23:48:00",search,rec_v1,11,0
2232,617,70,"2026-07-01 02:10:00",home,rec_v1,15,0
2233,908,35,"2026-06-22 17:34:00",continue_watching,rec_v1,15,0
2234,487,37,"2026-07-09 14:48:00",search,rec_v2,19,0
2235,312,17,"2026-07-09 14:00:00",home,rec_v2,16,1
2236,315,128,"2026-05-24 04:51:00",search,rec_v2,13,0
2237,977,131,"2026-05-18 14:47:00",detail_page,rec_v2,4,0
2238,249,74,"2026-07-16 08:35:00",search,rec_v2,7,0
2239,596,138,"2026-07-13 14:02:00",search,rec_v2,10,0
2240,547,8,"2026-05-25 03:23:00",home,rec_v1,20,0
2241,656,132,"2026-07-13 09:10:00",home,rec_v1,11,0
2242,122,9,"2026-05-15 22:19:00",home,rec_v2,2,0
2243,297,142,"2026-06-24 18:42:00",continue_watching,rec_v1,18,0
2244,548,65,"2026-06-02 15:18:00",search,rec_v1,1,0
2245,553,147,"2026-06-20 13:36:00",home,rec_v1,11,0
2246,683,139,"2026-06-20 03:49:00",home,rec_v2,9,0
2247,762,28,"2026-06-20 08:46:00",home,rec_v1,1,1
2248,808,95,"2026-07-23 07:16:00",home,rec_v1,7,1
2249,910,92,"2026-06-28 17:07:00",home,rec_v2,13,0
2250,572,67,"2026-07-09 20:05:00",search,rec_v2,18,0
2251,919,76,"2026-06-09 07:42:00",home,rec_v1,17,0
2252,936,5,"2026-06-29 11:52:00",home,rec_v2,6,0
2253,659,9,"2026-05-03 20:13:00",home,rec_v1,14,0
2254,705,32,"2026-05-05 07:59:00",home,rec_v2,10,0
2255,259,34,"2026-06-24 17:53:00",search,rec_v1,13,0
2256,682,88,"2026-07-26 21:33:00",home,rec_v2,12,0
2257,963,10,"2026-06-04 09:22:00",home,rec_v1,4,0
2258,353,112,"2026-07-19 09:26:00",search,rec_v2,14,0
2259,189,47,"2026-05-12 08:48:00",search,rec_v2,8,0
2260,651,76,"2026-06-10 00:16:00",detail_page,rec_v2,16,0
2261,923,100,"2026-05-28 15:10:00",search,rec_v2,12,0
2262,616,112,"2026-05-30 16:43:00",home,rec_v1,18,0
2263,7,126,"2026-07-15 14:06:00",home,rec_v1,10,0
2264,357,56,"2026-05-10 06:00:00",home,rec_v1,1,0
2265,404,33,"2026-06-29 22:19:00",home,rec_v1,3,0
2266,798,121,"2026-05-22 13:21:00",continue_watching,rec_v1,15,0
2267,436,70,"2026-06-18 19:03:00",search,rec_v1,20,0
2268,329,83,"2026-06-20 10:32:00",home,rec_v1,19,0
2269,175,89,"2026-05-13 17:42:00",detail_page,rec_v2,4,0
2270,515,84,"2026-06-14 12:47:00",home,rec_v1,15,1
2271,873,13,"2026-06-03 01:34:00",home,rec_v1,9,0
2272,315,69,"2026-06-12 22:15:00",home,rec_v2,7,0
2273,145,77,"2026-06-09 21:36:00",continue_watching,rec_v2,4,0
2274,865,119,"2026-05-11 20:08:00",home,rec_v2,19,0
2275,267,75,"2026-07-17 03:11:00",continue_watching,rec_v1,2,0
2276,501,131,"2026-06-18 15:13:00",home,rec_v1,4,0
2277,432,22,"2026-07-19 12:56:00",detail_page,rec_v1,8,0
2278,534,47,"2026-06-08 21:03:00",continue_watching,rec_v2,17,0
2279,180,143,"2026-05-07 05:14:00",home,rec_v1,16,0
2280,202,3,"2026-05-26 23:07:00",detail_page,rec_v2,6,0
2281,65,81,"2026-05-17 12:34:00",home,rec_v2,14,0
2282,677,55,"2026-07-24 08:08:00",home,rec_v1,16,0
2283,804,132,"2026-05-05 13:13:00",home,rec_v1,12,0
2284,490,49,"2026-05-27 15:03:00",home,rec_v2,16,1
2285,603,17,"2026-07-29 19:59:00",home,rec_v1,13,0
2286,620,148,"2026-05-24 09:19:00",continue_watching,rec_v2,9,0
2287,350,14,"2026-06-25 11:40:00",search,rec_v1,2,1
2288,492,59,"2026-06-22 13:26:00",home,rec_v1,11,0
2289,722,22,"2026-06-19 04:18:00",search,rec_v2,10,0
2290,302,100,"2026-05-26 04:58:00",detail_page,rec_v2,20,0
2291,923,118,"2026-06-23 01:13:00",home,rec_v1,18,0
2292,380,126,"2026-05-30 21:49:00",search,rec_v2,17,0
2293,531,29,"2026-07-16 16:39:00",search,rec_v1,5,1
2294,474,138,"2026-06-25 10:49:00",detail_page,rec_v1,5,0
2295,554,49,"2026-06-28 04:34:00",search,rec_v2,3,0
2296,949,85,"2026-07-08 07:44:00",search,rec_v2,9,0
2297,831,26,"2026-07-11 21:34:00",home,rec_v1,14,0
2298,895,41,"2026-06-17 14:40:00",continue_watching,rec_v1,3,1
2299,870,138,"2026-05-11 09:12:00",detail_page,rec_v1,20,0
2300,504,138,"2026-05-08 06:17:00",home,rec_v2,19,1
2301,756,147,"2026-06-27 08:51:00",detail_page,rec_v1,15,0
2302,49,95,"2026-05-29 17:29:00",home,rec_v2,14,0
2303,227,96,"2026-05-09 03:21:00",search,rec_v2,17,0
2304,22,119,"2026-07-27 11:44:00",detail_page,rec_v2,7,0
2305,405,6,"2026-07-07 21:56:00",detail_page,rec_v1,19,0
2306,599,21,"2026-05-01 22:47:00",home,rec_v1,19,0
2307,315,35,"2026-06-28 19:54:00",continue_watching,rec_v2,4,0
2308,437,11,"2026-06-22 05:51:00",home,rec_v2,18,0
2309,877,129,"2026-07-05 06:42:00",home,rec_v2,11,1
2310,212,103,"2026-05-07 08:12:00",continue_watching,rec_v2,7,0
2311,412,36,"2026-07-23 06:52:00",home,rec_v1,12,0
2312,614,103,"2026-06-21 17:34:00",home,rec_v2,8,0
2313,62,2,"2026-06-27 00:53:00",home,rec_v2,14,1
2314,882,99,"2026-07-14 16:12:00",home,rec_v2,19,0
2315,356,30,"2026-05-10 05:12:00",home,rec_v1,13,0
2316,629,11,"2026-06-30 01:50:00",home,rec_v1,16,0
2317,468,8,"2026-07-17 20:20:00",home,rec_v2,13,0
2318,352,64,"2026-05-27 20:24:00",home,rec_v1,13,0
2319,263,18,"2026-07-14 08:45:00",detail_page,rec_v2,3,1
2320,650,53,"2026-05-31 11:17:00",search,rec_v2,14,0
2321,44,96,"2026-07-27 16:26:00",home,rec_v1,18,0
2322,139,126,"2026-07-29 05:07:00",home,rec_v2,5,0
2323,214,109,"2026-05-13 05:25:00",continue_watching,rec_v1,9,0
2324,693,70,"2026-06-11 06:13:00",home,rec_v1,19,0
2325,217,6,"2026-06-22 08:51:00",home,rec_v1,14,0
2326,267,1,"2026-06-21 20:27:00",home,rec_v2,20,0
2327,784,70,"2026-07-19 07:05:00",home,rec_v2,4,0
2328,243,85,"2026-06-18 22:29:00",detail_page,rec_v2,5,0
2329,127,117,"2026-05-25 04:49:00",continue_watching,rec_v1,14,0
2330,983,144,"2026-07-29 16:01:00",home,rec_v1,13,0
2331,841,70,"2026-07-10 14:27:00",detail_page,rec_v1,7,0
2332,214,129,"2026-07-09 04:15:00",search,rec_v1,17,0
2333,562,121,"2026-06-10 08:09:00",detail_page,rec_v2,17,0
2334,240,55,"2026-06-06 20:05:00",home,rec_v2,15,1
2335,936,29,"2026-07-25 18:00:00",continue_watching,rec_v1,17,0
2336,895,108,"2026-07-28 05:31:00",home,rec_v1,13,0
2337,271,43,"2026-07-28 06:45:00",home,rec_v2,3,0
2338,175,60,"2026-07-21 09:55:00",home,rec_v1,12,0
2339,138,2,"2026-05-25 10:36:00",detail_page,rec_v1,1,1
2340,103,145,"2026-05-20 13:52:00",home,rec_v2,8,0
2341,659,20,"2026-05-06 09:58:00",search,rec_v2,4,0
2342,946,37,"2026-05-14 03:00:00",detail_page,rec_v2,1,0
2343,754,143,"2026-06-13 04:55:00",home,rec_v2,9,0
2344,589,105,"2026-05-19 15:08:00",home,rec_v2,3,0
2345,863,77,"2026-07-12 05:19:00",home,rec_v2,1,0
2346,912,55,"2026-05-16 16:35:00",home,rec_v1,18,0
2347,53,10,"2026-05-18 12:20:00",home,rec_v2,4,0
2348,221,13,"2026-06-13 05:24:00",home,rec_v2,15,0
2349,174,15,"2026-07-25 00:54:00",continue_watching,rec_v1,2,0
2350,799,61,"2026-06-05 13:59:00",continue_watching,rec_v2,5,1
2351,348,120,"2026-06-13 07:23:00",search,rec_v1,2,1
2352,989,4,"2026-05-03 08:47:00",detail_page,rec_v1,20,0
2353,195,9,"2026-06-29 13:26:00",search,rec_v1,3,1
2354,906,20,"2026-06-29 15:03:00",home,rec_v1,6,0
2355,824,65,"2026-05-29 18:46:00",continue_watching,rec_v2,14,0
2356,508,29,"2026-06-21 20:02:00",home,rec_v1,16,0
2357,466,66,"2026-05-28 21:19:00",home,rec_v1,5,0
2358,778,78,"2026-05-27 16:21:00",continue_watching,rec_v1,6,0
2359,96,102,"2026-05-02 09:38:00",home,rec_v1,7,0
2360,277,22,"2026-05-13 22:01:00",continue_watching,rec_v1,19,0
2361,760,115,"2026-07-12 14:53:00",detail_page,rec_v1,13,0
2362,214,47,"2026-06-08 06:57:00",search,rec_v2,11,1
2363,482,105,"2026-05-08 04:21:00",detail_page,rec_v2,18,1
2364,138,70,"2026-07-26 06:58:00",home,rec_v2,19,0
2365,115,98,"2026-05-04 08:56:00",home,rec_v1,19,0
2366,328,138,"2026-06-22 22:10:00",continue_watching,rec_v1,6,0
2367,554,104,"2026-07-08 22:40:00",detail_page,rec_v2,9,0
2368,439,132,"2026-07-01 09:23:00",home,rec_v1,15,0
2369,61,3,"2026-06-15 12:42:00",search,rec_v2,15,0
2370,524,60,"2026-06-09 21:31:00",detail_page,rec_v1,19,0
2371,34,126,"2026-05-27 12:57:00",search,rec_v1,3,0
2372,45,13,"2026-06-06 17:49:00",search,rec_v1,13,0
2373,748,33,"2026-07-15 21:02:00",home,rec_v2,8,0
2374,276,131,"2026-06-09 18:44:00",home,rec_v1,17,0
2375,230,147,"2026-07-27 21:05:00",search,rec_v2,9,0
2376,152,3,"2026-05-16 07:22:00",home,rec_v1,7,0
2377,504,38,"2026-07-18 20:17:00",home,rec_v2,1,0
2378,780,56,"2026-05-01 04:19:00",home,rec_v1,18,0
2379,255,75,"2026-07-07 16:48:00",detail_page,rec_v2,15,0
2380,114,2,"2026-05-01 07:20:00",search,rec_v1,4,0
2381,416,1,"2026-05-03 02:33:00",search,rec_v1,13,0
2382,760,39,"2026-07-14 16:11:00",home,rec_v2,7,0
2383,760,149,"2026-07-01 06:44:00",search,rec_v2,20,1
2384,557,22,"2026-07-25 19:35:00",continue_watching,rec_v2,16,0
2385,398,63,"2026-05-04 16:45:00",home,rec_v2,8,0
2386,122,25,"2026-07-05 19:26:00",detail_page,rec_v2,3,0
2387,536,22,"2026-05-29 23:25:00",home,rec_v2,9,0
2388,145,147,"2026-07-27 15:23:00",detail_page,rec_v1,1,1
2389,332,62,"2026-05-26 06:43:00",home,rec_v1,15,0
2390,967,148,"2026-06-25 06:28:00",search,rec_v2,19,0
2391,280,104,"2026-06-09 07:35:00",home,rec_v1,4,1
2392,830,36,"2026-07-04 07:01:00",detail_page,rec_v1,17,0
2393,142,57,"2026-06-16 17:24:00",home,rec_v2,1,1
2394,145,9,"2026-06-18 07:43:00",home,rec_v1,16,0
2395,333,35,"2026-06-12 13:25:00",home,rec_v2,7,0
2396,164,57,"2026-06-01 08:26:00",continue_watching,rec_v1,1,0
2397,164,25,"2026-07-10 05:33:00",search,rec_v1,18,0
2398,110,141,"2026-05-11 13:49:00",detail_page,rec_v1,6,0
2399,998,84,"2026-06-01 11:44:00",search,rec_v2,13,0
2400,33,16,"2026-06-12 07:02:00",search,rec_v1,2,0
2401,419,7,"2026-05-05 21:29:00",home,rec_v1,17,0
2402,89,8,"2026-05-09 04:01:00",detail_page,rec_v1,7,0
2403,131,146,"2026-07-06 21:38:00",continue_watching,rec_v2,3,0
2404,129,8,"2026-06-29 14:34:00",continue_watching,rec_v2,1,0
2405,440,112,"2026-07-08 09:31:00",home,rec_v2,10,0
2406,48,79,"2026-06-29 15:04:00",home,rec_v1,15,0
2407,225,77,"2026-06-04 20:16:00",detail_page,rec_v1,4,0
2408,341,61,"2026-05-01 14:57:00",home,rec_v1,10,0
2409,153,67,"2026-05-22 09:05:00",home,rec_v2,3,0
2410,420,137,"2026-05-16 09:21:00",home,rec_v2,4,0
2411,130,118,"2026-06-30 19:39:00",continue_watching,rec_v2,15,0
2412,522,101,"2026-07-17 02:57:00",home,rec_v2,12,0
2413,802,103,"2026-07-26 17:12:00",home,rec_v1,9,0
2414,980,114,"2026-07-20 10:51:00",continue_watching,rec_v2,17,0
2415,277,76,"2026-06-13 01:57:00",search,rec_v1,6,0
2416,655,54,"2026-06-02 21:56:00",home,rec_v2,4,0
2417,311,129,"2026-06-21 11:37:00",search,rec_v2,5,1
2418,744,108,"2026-07-19 23:33:00",detail_page,rec_v2,18,0
2419,114,39,"2026-05-08 21:47:00",home,rec_v2,9,0
2420,770,92,"2026-05-15 21:26:00",home,rec_v1,1,0
2421,676,71,"2026-07-12 21:52:00",home,rec_v1,4,1
2422,560,141,"2026-05-08 07:26:00",search,rec_v2,8,1
2423,513,129,"2026-07-13 09:22:00",home,rec_v1,17,0
2424,601,108,"2026-06-18 20:44:00",home,rec_v2,13,0
2425,793,5,"2026-06-01 14:43:00",detail_page,rec_v1,2,1
2426,201,72,"2026-05-08 11:42:00",detail_page,rec_v1,8,0
2427,122,103,"2026-05-05 15:19:00",home,rec_v2,1,0
2428,246,128,"2026-05-13 22:48:00",home,rec_v2,2,0
2429,208,42,"2026-05-06 16:29:00",continue_watching,rec_v1,4,0
2430,564,13,"2026-05-08 07:09:00",home,rec_v2,2,0
2431,215,77,"2026-07-23 15:33:00",continue_watching,rec_v1,8,0
2432,707,128,"2026-07-08 01:01:00",home,rec_v2,18,0
2433,800,27,"2026-07-20 12:29:00",search,rec_v2,5,0
2434,963,91,"2026-07-02 05:39:00",detail_page,rec_v1,17,0
2435,596,73,"2026-07-16 22:48:00",continue_watching,rec_v2,17,0
2436,374,3,"2026-06-27 05:23:00",home,rec_v1,15,0
2437,346,136,"2026-05-16 01:51:00",detail_page,rec_v1,16,0
2438,572,136,"2026-07-01 12:44:00",continue_watching,rec_v2,17,0
2439,483,36,"2026-07-10 22:36:00",search,rec_v1,8,0
2440,969,107,"2026-05-10 15:05:00",home,rec_v1,20,0
2441,855,40,"2026-05-12 19:30:00",continue_watching,rec_v2,9,0
2442,794,31,"2026-06-18 17:45:00",home,rec_v2,8,1
2443,574,28,"2026-07-21 21:21:00",continue_watching,rec_v1,10,0
2444,690,141,"2026-06-03 08:16:00",detail_page,rec_v2,17,1
2445,219,102,"2026-07-27 17:54:00",home,rec_v1,13,0
2446,809,99,"2026-06-24 20:06:00",detail_page,rec_v2,18,0
2447,467,67,"2026-06-06 06:20:00",detail_page,rec_v1,13,0
2448,699,92,"2026-05-07 00:49:00",home,rec_v1,8,0
2449,937,94,"2026-07-03 10:34:00",detail_page,rec_v1,3,0
2450,754,30,"2026-07-16 08:13:00",home,rec_v2,5,0
2451,5,123,"2026-07-24 10:41:00",home,rec_v1,12,1
2452,833,134,"2026-07-09 19:11:00",home,rec_v1,10,0
2453,720,29,"2026-06-26 10:25:00",search,rec_v1,19,0
2454,555,75,"2026-06-15 19:40:00",home,rec_v1,1,0
2455,110,109,"2026-06-24 16:13:00",detail_page,rec_v1,1,0
2456,235,12,"2026-05-14 09:54:00",home,rec_v1,13,0
2457,374,141,"2026-06-05 07:53:00",detail_page,rec_v2,8,0
2458,889,85,"2026-05-22 04:16:00",home,rec_v1,3,1
2459,934,128,"2026-06-08 06:50:00",home,rec_v1,16,0
2460,828,150,"2026-07-11 15:44:00",home,rec_v1,11,0
2461,566,87,"2026-05-30 05:07:00",detail_page,rec_v1,5,0
2462,79,115,"2026-07-22 14:41:00",search,rec_v1,5,0
2463,382,145,"2026-06-15 07:21:00",search,rec_v2,12,0
2464,386,12,"2026-07-09 09:32:00",detail_page,rec_v2,6,0
2465,393,5,"2026-05-14 23:20:00",home,rec_v2,14,0
2466,863,95,"2026-07-10 05:48:00",home,rec_v2,15,0
2467,367,17,"2026-06-10 04:33:00",home,rec_v2,7,1
2468,545,59,"2026-06-13 19:05:00",detail_page,rec_v1,7,1
2469,17,48,"2026-07-20 21:19:00",home,rec_v1,10,0
2470,333,118,"2026-07-01 03:23:00",home,rec_v1,6,0
2471,341,67,"2026-07-10 03:21:00",detail_page,rec_v2,5,0
2472,191,143,"2026-06-16 23:38:00",detail_page,rec_v1,15,0
2473,257,35,"2026-05-01 22:28:00",home,rec_v2,7,0
2474,969,18,"2026-07-18 05:58:00",detail_page,rec_v1,11,0
2475,562,103,"2026-06-13 07:35:00",home,rec_v1,12,0
2476,224,136,"2026-06-09 06:03:00",detail_page,rec_v2,20,1
2477,711,8,"2026-07-12 13:47:00",home,rec_v2,19,0
2478,181,15,"2026-07-03 03:53:00",home,rec_v2,8,0
2479,356,7,"2026-07-02 13:26:00",search,rec_v1,16,0
2480,429,22,"2026-07-27 02:34:00",continue_watching,rec_v2,14,0
2481,796,3,"2026-05-29 14:32:00",home,rec_v2,14,0
2482,755,122,"2026-06-15 12:41:00",search,rec_v2,16,0
2483,353,66,"2026-05-15 10:52:00",home,rec_v1,19,0
2484,29,62,"2026-07-15 15:43:00",detail_page,rec_v2,5,0
2485,489,54,"2026-07-18 07:22:00",home,rec_v1,15,0
2486,185,16,"2026-07-04 06:38:00",home,rec_v1,16,0
2487,780,20,"2026-07-16 02:05:00",search,rec_v2,16,0
2488,124,126,"2026-05-10 16:53:00",home,rec_v1,10,0
2489,905,140,"2026-06-03 20:32:00",home,rec_v2,18,0
2490,567,60,"2026-05-03 22:44:00",home,rec_v1,14,0
2491,9,54,"2026-06-23 04:53:00",continue_watching,rec_v1,6,1
2492,15,25,"2026-07-29 03:18:00",continue_watching,rec_v1,13,0
2493,849,20,"2026-05-06 12:16:00",home,rec_v1,3,0
2494,905,5,"2026-07-23 21:14:00",home,rec_v1,13,0
2495,457,11,"2026-07-20 20:14:00",home,rec_v1,2,0
2496,204,54,"2026-05-17 19:35:00",home,rec_v2,6,0
2497,287,97,"2026-06-22 13:43:00",home,rec_v1,15,0
2498,286,114,"2026-06-09 10:24:00",continue_watching,rec_v1,18,0
2499,577,9,"2026-07-07 11:41:00",home,rec_v2,9,1
2500,631,141,"2026-05-30 14:04:00",home,rec_v1,20,0
2501,474,41,"2026-07-09 00:07:00",search,rec_v1,6,0
2502,121,100,"2026-05-21 05:25:00",home,rec_v1,10,0
2503,577,110,"2026-05-06 09:58:00",home,rec_v2,14,0
2504,662,85,"2026-07-15 00:11:00",home,rec_v1,18,0
2505,365,53,"2026-06-23 12:45:00",search,rec_v2,1,0
2506,1,130,"2026-07-18 04:52:00",search,rec_v2,1,0
2507,508,94,"2026-07-08 14:07:00",home,rec_v1,6,1
2508,983,44,"2026-06-24 03:50:00",home,rec_v1,3,0
2509,796,77,"2026-07-20 07:00:00",detail_page,rec_v1,9,0
2510,587,9,"2026-06-23 05:28:00",home,rec_v1,12,0
2511,254,53,"2026-05-16 18:36:00",home,rec_v1,8,0
2512,42,40,"2026-07-13 16:34:00",home,rec_v2,12,0
2513,61,30,"2026-06-26 06:27:00",continue_watching,rec_v1,11,0
2514,816,9,"2026-05-21 13:47:00",continue_watching,rec_v2,7,0
2515,774,63,"2026-05-18 13:03:00",continue_watching,rec_v2,8,0
2516,168,110,"2026-05-13 00:55:00",home,rec_v1,12,0
2517,759,138,"2026-06-28 17:15:00",home,rec_v1,9,0
2518,93,42,"2026-07-20 01:44:00",search,rec_v2,11,0
2519,403,81,"2026-07-22 14:50:00",continue_watching,rec_v1,2,1
2520,317,96,"2026-05-26 06:59:00",home,rec_v1,13,0
2521,794,69,"2026-06-28 08:06:00",home,rec_v1,15,0
2522,816,26,"2026-06-23 08:02:00",home,rec_v2,15,1
2523,238,103,"2026-05-12 15:51:00",continue_watching,rec_v2,16,0
2524,684,131,"2026-06-27 07:17:00",continue_watching,rec_v2,13,0
2525,928,37,"2026-07-03 19:50:00",home,rec_v2,4,0
2526,785,59,"2026-05-03 09:46:00",home,rec_v1,18,0
2527,323,36,"2026-05-25 14:52:00",home,rec_v1,4,1
2528,278,54,"2026-07-05 12:25:00",detail_page,rec_v1,19,0
2529,307,61,"2026-06-30 15:18:00",detail_page,rec_v2,16,0
2530,473,36,"2026-05-24 18:00:00",search,rec_v1,12,0
2531,258,34,"2026-05-14 22:56:00",continue_watching,rec_v1,9,0
2532,692,83,"2026-07-03 18:04:00",continue_watching,rec_v1,19,0
2533,950,2,"2026-05-28 12:50:00",detail_page,rec_v2,16,1
2534,204,54,"2026-07-20 03:45:00",home,rec_v1,19,0
2535,572,111,"2026-06-02 05:57:00",home,rec_v1,6,0
2536,734,139,"2026-06-30 13:50:00",home,rec_v2,9,1
2537,544,50,"2026-07-15 12:09:00",detail_page,rec_v1,11,0
2538,728,123,"2026-05-13 06:51:00",home,rec_v1,1,0
2539,273,102,"2026-06-13 21:30:00",home,rec_v1,12,0
2540,222,82,"2026-07-07 02:14:00",home,rec_v2,6,0
2541,177,47,"2026-07-19 03:37:00",home,rec_v1,18,0
2542,747,104,"2026-05-16 07:00:00",detail_page,rec_v2,15,0
2543,422,49,"2026-06-23 14:39:00",detail_page,rec_v1,1,1
2544,812,42,"2026-05-23 08:42:00",continue_watching,rec_v1,10,0
2545,180,3,"2026-07-11 17:32:00",home,rec_v2,13,0
2546,711,114,"2026-05-04 14:51:00",home,rec_v2,1,0
2547,851,88,"2026-07-15 08:51:00",detail_page,rec_v2,14,0
2548,69,123,"2026-07-16 02:10:00",home,rec_v1,1,0
2549,630,20,"2026-05-05 13:00:00",detail_page,rec_v1,19,0
2550,380,52,"2026-06-19 00:54:00",search,rec_v1,6,0
2551,475,24,"2026-05-08 21:42:00",continue_watching,rec_v1,13,0
2552,712,12,"2026-06-08 05:13:00",continue_watching,rec_v1,15,0
2553,39,83,"2026-06-06 09:45:00",home,rec_v1,14,0
2554,57,122,"2026-07-28 19:16:00",home,rec_v1,13,0
2555,726,135,"2026-07-04 22:04:00",continue_watching,rec_v1,1,0
2556,234,119,"2026-05-16 18:56:00",home,rec_v2,3,0
2557,436,38,"2026-07-18 00:59:00",home,rec_v1,7,0
2558,908,51,"2026-07-11 14:08:00",home,rec_v1,20,0
2559,730,24,"2026-07-27 20:04:00",home,rec_v1,7,0
2560,399,90,"2026-05-26 02:58:00",continue_watching,rec_v2,4,0
2561,202,118,"2026-05-17 06:19:00",search,rec_v2,17,0
2562,974,108,"2026-07-21 09:37:00",continue_watching,rec_v1,14,0
2563,214,65,"2026-06-25 00:20:00",home,rec_v1,9,0
2564,829,18,"2026-06-13 02:07:00",home,rec_v2,4,0
2565,452,6,"2026-05-08 21:03:00",detail_page,rec_v2,20,0
2566,194,45,"2026-05-28 06:52:00",detail_page,rec_v1,6,0
2567,225,114,"2026-05-29 00:04:00",home,rec_v2,3,0
2568,173,57,"2026-05-25 10:54:00",home,rec_v2,7,0
2569,399,147,"2026-05-24 06:12:00",home,rec_v1,6,0
2570,301,138,"2026-06-03 15:40:00",detail_page,rec_v2,5,0
2571,582,11,"2026-05-26 13:34:00",detail_page,rec_v1,7,0
2572,752,69,"2026-05-06 18:06:00",detail_page,rec_v1,20,0
2573,513,87,"2026-06-26 23:07:00",continue_watching,rec_v2,9,0
2574,401,72,"2026-05-22 08:10:00",home,rec_v1,2,0
2575,226,123,"2026-06-18 13:44:00",home,rec_v2,2,0
2576,867,106,"2026-07-07 02:05:00",home,rec_v1,15,0
2577,929,134,"2026-05-24 20:10:00",home,rec_v2,2,0
2578,385,22,"2026-06-19 08:31:00",detail_page,rec_v2,14,0
2579,425,120,"2026-05-12 22:59:00",detail_page,rec_v2,8,0
2580,947,18,"2026-06-03 11:20:00",detail_page,rec_v1,17,0
2581,530,147,"2026-05-04 01:18:00",continue_watching,rec_v1,15,0
2582,713,43,"2026-06-22 12:10:00",detail_page,rec_v1,17,0
2583,42,117,"2026-06-29 03:32:00",detail_page,rec_v2,1,0
2584,242,94,"2026-06-07 11:48:00",detail_page,rec_v2,2,0
2585,38,59,"2026-07-04 06:02:00",home,rec_v2,14,0
2586,252,55,"2026-05-03 11:05:00",home,rec_v2,7,1
2587,956,35,"2026-05-17 15:50:00",detail_page,rec_v2,14,0
2588,487,148,"2026-06-28 11:17:00",home,rec_v1,20,1
2589,515,85,"2026-07-01 13:17:00",search,rec_v1,13,0
2590,211,147,"2026-06-07 17:56:00",home,rec_v1,17,0
2591,890,129,"2026-07-08 19:22:00",search,rec_v2,1,0
2592,323,83,"2026-07-17 04:50:00",home,rec_v2,19,0
2593,849,31,"2026-07-03 05:05:00",search,rec_v2,18,0
2594,717,20,"2026-06-19 14:42:00",continue_watching,rec_v2,1,0
2595,211,48,"2026-07-16 08:41:00",home,rec_v1,13,0
2596,592,4,"2026-06-13 04:42:00",home,rec_v1,17,0
2597,83,146,"2026-07-14 07:27:00",search,rec_v1,16,0
2598,158,108,"2026-07-03 22:28:00",home,rec_v1,8,0
2599,469,2,"2026-06-18 14:18:00",home,rec_v2,20,0
2600,415,75,"2026-05-15 08:34:00",home,rec_v1,3,0
2601,244,84,"2026-05-28 12:47:00",detail_page,rec_v1,4,0
2602,794,145,"2026-06-25 13:38:00",continue_watching,rec_v2,1,0
2603,614,46,"2026-05-06 18:44:00",search,rec_v2,7,1
2604,167,70,"2026-05-22 02:48:00",search,rec_v2,8,0
2605,715,38,"2026-07-11 06:04:00",continue_watching,rec_v1,15,0
2606,115,107,"2026-06-12 21:57:00",search,rec_v1,13,0
2607,977,70,"2026-06-30 09:03:00",home,rec_v1,11,0
2608,541,149,"2026-07-18 14:46:00",detail_page,rec_v1,4,0
2609,872,65,"2026-07-20 07:48:00",detail_page,rec_v1,17,1
2610,56,40,"2026-06-07 12:36:00",search,rec_v1,15,0
2611,209,8,"2026-06-16 17:03:00",search,rec_v1,17,0
2612,887,17,"2026-06-11 08:20:00",home,rec_v1,17,0
2613,969,107,"2026-06-20 02:04:00",home,rec_v2,10,0
2614,335,8,"2026-06-30 02:54:00",continue_watching,rec_v2,5,0
2615,676,149,"2026-07-27 22:07:00",home,rec_v1,15,0
2616,91,20,"2026-06-08 03:12:00",search,rec_v2,19,0
2617,737,99,"2026-07-18 03:35:00",home,rec_v2,13,0
2618,16,143,"2026-05-04 00:17:00",search,rec_v1,8,0
2619,468,15,"2026-06-27 20:29:00",detail_page,rec_v1,14,0
2620,923,68,"2026-05-26 13:00:00",home,rec_v2,20,0
2621,667,48,"2026-06-28 10:18:00",home,rec_v2,1,1
2622,306,42,"2026-06-29 20:36:00",continue_watching,rec_v1,14,0
2623,600,24,"2026-07-25 10:48:00",continue_watching,rec_v1,15,0
2624,10,47,"2026-06-20 04:22:00",continue_watching,rec_v2,13,0
2625,950,16,"2026-05-23 17:58:00",search,rec_v2,1,1
2626,249,97,"2026-05-29 23:13:00",home,rec_v2,2,0
2627,228,109,"2026-05-24 06:53:00",search,rec_v1,18,0
2628,809,95,"2026-07-10 21:29:00",continue_watching,rec_v1,8,0
2629,847,70,"2026-07-16 11:52:00",continue_watching,rec_v1,4,0
2630,735,146,"2026-06-11 02:54:00",continue_watching,rec_v1,17,0
2631,962,103,"2026-06-07 10:05:00",home,rec_v1,5,0
2632,40,98,"2026-06-06 16:52:00",detail_page,rec_v2,10,0
2633,133,96,"2026-06-22 22:15:00",home,rec_v2,6,0
2634,52,66,"2026-05-17 22:18:00",search,rec_v2,6,0
2635,421,145,"2026-06-26 10:09:00",home,rec_v2,14,0
2636,990,117,"2026-07-26 08:18:00",continue_watching,rec_v2,6,0
2637,354,97,"2026-06-25 13:09:00",continue_watching,rec_v1,19,0
2638,618,141,"2026-05-23 13:39:00",home,rec_v2,13,0
2639,476,127,"2026-06-11 01:05:00",search,rec_v2,14,1
2640,917,64,"2026-05-09 16:56:00",home,rec_v1,20,1
2641,413,3,"2026-05-03 16:04:00",home,rec_v1,10,0
2642,669,120,"2026-07-24 15:29:00",home,rec_v1,10,0
2643,678,59,"2026-07-17 15:12:00",home,rec_v2,19,1
2644,529,148,"2026-06-15 02:53:00",home,rec_v2,5,1
2645,164,35,"2026-05-28 00:28:00",continue_watching,rec_v2,20,0
2646,665,39,"2026-05-06 01:29:00",search,rec_v1,11,0
2647,32,146,"2026-07-24 21:03:00",search,rec_v2,14,0
2648,820,27,"2026-06-26 15:37:00",continue_watching,rec_v2,5,0
2649,583,140,"2026-07-23 20:25:00",continue_watching,rec_v1,12,0
2650,135,2,"2026-05-08 18:04:00",search,rec_v2,8,0
2651,3,115,"2026-06-26 00:59:00",home,rec_v1,17,0
2652,342,123,"2026-05-14 22:05:00",detail_page,rec_v2,1,0
2653,815,79,"2026-06-14 16:03:00",home,rec_v1,11,0
2654,75,50,"2026-06-13 21:17:00",detail_page,rec_v2,13,1
2655,202,44,"2026-05-07 16:04:00",search,rec_v2,2,0
2656,89,148,"2026-07-09 08:10:00",detail_page,rec_v1,5,0
2657,854,150,"2026-06-24 09:31:00",detail_page,rec_v1,17,0
2658,216,118,"2026-05-04 16:04:00",home,rec_v1,10,0
2659,318,71,"2026-07-17 01:29:00",home,rec_v1,9,0
2660,27,114,"2026-07-08 05:56:00",continue_watching,rec_v2,5,0
2661,323,17,"2026-07-24 00:20:00",continue_watching,rec_v1,16,0
2662,79,19,"2026-07-11 13:58:00",search,rec_v1,18,0
2663,999,92,"2026-05-09 04:13:00",search,rec_v1,6,0
2664,608,89,"2026-05-08 03:23:00",home,rec_v2,7,0
2665,38,19,"2026-06-20 19:43:00",detail_page,rec_v1,12,0
2666,760,21,"2026-07-06 08:20:00",detail_page,rec_v1,11,0
2667,463,67,"2026-05-25 16:33:00",detail_page,rec_v2,12,0
2668,683,30,"2026-07-23 21:45:00",home,rec_v2,16,1
2669,327,80,"2026-05-11 16:05:00",search,rec_v1,8,0
2670,808,140,"2026-05-14 14:49:00",home,rec_v1,7,0
2671,404,42,"2026-07-09 19:55:00",continue_watching,rec_v1,8,0
2672,938,140,"2026-06-20 11:43:00",home,rec_v2,1,0
2673,547,139,"2026-05-02 03:11:00",home,rec_v2,6,0
2674,347,24,"2026-07-28 08:48:00",continue_watching,rec_v2,14,0
2675,212,53,"2026-07-05 18:03:00",home,rec_v2,5,1
2676,620,120,"2026-05-28 07:19:00",home,rec_v1,17,0
2677,922,14,"2026-07-09 08:48:00",detail_page,rec_v2,16,1
2678,495,11,"2026-06-24 07:15:00",home,rec_v1,20,0
2679,95,139,"2026-07-16 09:01:00",detail_page,rec_v2,8,1
2680,103,25,"2026-05-31 12:26:00",search,rec_v2,18,1
2681,191,31,"2026-05-11 03:26:00",search,rec_v2,2,0
2682,466,41,"2026-05-14 08:33:00",home,rec_v1,20,0
2683,695,2,"2026-06-13 07:56:00",search,rec_v2,12,0
2684,304,123,"2026-07-06 02:51:00",detail_page,rec_v1,18,0
2685,696,36,"2026-07-23 14:34:00",search,rec_v1,3,0
2686,66,75,"2026-06-05 12:50:00",detail_page,rec_v2,8,0
2687,432,125,"2026-07-13 04:09:00",home,rec_v2,5,0
2688,185,64,"2026-05-30 17:43:00",detail_page,rec_v2,1,0
2689,1000,4,"2026-05-13 13:10:00",detail_page,rec_v1,18,0
2690,133,96,"2026-06-14 06:02:00",detail_page,rec_v2,1,1
2691,243,11,"2026-06-06 01:34:00",home,rec_v2,1,0
2692,133,136,"2026-07-20 17:53:00",search,rec_v2,9,0
2693,639,140,"2026-06-23 11:59:00",home,rec_v1,19,1
2694,825,61,"2026-06-28 04:07:00",home,rec_v2,5,1
2695,583,120,"2026-07-03 08:41:00",search,rec_v1,4,0
2696,845,48,"2026-07-28 05:11:00",home,rec_v1,20,0
2697,441,12,"2026-05-13 02:38:00",continue_watching,rec_v2,12,0
2698,971,127,"2026-07-25 01:19:00",home,rec_v2,9,0
2699,646,36,"2026-05-04 23:46:00",home,rec_v2,10,0
2700,231,132,"2026-05-09 05:50:00",home,rec_v1,18,0
2701,562,100,"2026-06-01 15:54:00",search,rec_v1,10,0
2702,866,73,"2026-07-09 08:48:00",home,rec_v2,6,0
2703,612,95,"2026-05-14 14:23:00",home,rec_v2,2,0
2704,418,98,"2026-05-02 02:22:00",home,rec_v2,4,0
2705,861,36,"2026-05-29 04:19:00",search,rec_v1,15,1
2706,776,108,"2026-07-22 02:00:00",continue_watching,rec_v1,5,1
2707,65,94,"2026-06-15 20:56:00",home,rec_v1,12,0
2708,698,2,"2026-05-07 04:13:00",home,rec_v1,14,0
2709,97,81,"2026-06-08 12:35:00",home,rec_v2,19,1
2710,335,79,"2026-06-10 06:18:00",search,rec_v1,13,0
2711,750,94,"2026-05-20 11:02:00",home,rec_v2,15,0
2712,327,118,"2026-05-12 04:56:00",search,rec_v1,17,0
2713,545,102,"2026-06-09 13:40:00",continue_watching,rec_v2,13,0
2714,440,85,"2026-06-05 08:20:00",continue_watching,rec_v1,7,0
2715,731,127,"2026-05-25 00:22:00",search,rec_v2,13,0
2716,8,96,"2026-07-02 12:02:00",search,rec_v1,8,0
2717,711,123,"2026-07-17 03:32:00",search,rec_v1,18,0
2718,877,2,"2026-07-13 08:06:00",search,rec_v1,6,1
2719,223,49,"2026-07-17 09:31:00",detail_page,rec_v2,7,0
2720,137,54,"2026-06-21 11:24:00",continue_watching,rec_v2,10,0
2721,191,144,"2026-07-23 21:10:00",home,rec_v1,6,0
2722,958,118,"2026-06-04 05:31:00",search,rec_v1,9,0
2723,485,61,"2026-06-26 14:40:00",continue_watching,rec_v1,8,0
2724,889,87,"2026-06-29 07:40:00",home,rec_v1,8,0
2725,23,148,"2026-05-09 13:10:00",home,rec_v1,3,0
2726,194,59,"2026-07-09 06:44:00",detail_page,rec_v2,10,0
2727,985,77,"2026-06-15 00:33:00",detail_page,rec_v1,20,1
2728,863,69,"2026-07-02 19:25:00",home,rec_v2,2,0
2729,454,83,"2026-06-09 17:22:00",search,rec_v1,7,0
2730,227,32,"2026-05-03 16:20:00",home,rec_v2,10,0
2731,219,40,"2026-05-17 18:37:00",detail_page,rec_v2,5,0
2732,505,116,"2026-06-12 13:08:00",search,rec_v1,3,0
2733,744,130,"2026-07-03 16:49:00",continue_watching,rec_v2,13,0
2734,748,123,"2026-05-03 13:46:00",continue_watching,rec_v2,1,1
2735,817,9,"2026-05-31 11:56:00",search,rec_v1,20,0
2736,312,35,"2026-06-27 08:38:00",home,rec_v1,16,0
2737,305,14,"2026-05-13 00:57:00",continue_watching,rec_v2,1,0
2738,890,112,"2026-06-13 01:48:00",detail_page,rec_v2,17,0
2739,465,108,"2026-05-13 12:51:00",home,rec_v1,14,0
2740,15,11,"2026-05-23 07:27:00",detail_page,rec_v1,17,0
2741,366,104,"2026-07-20 09:01:00",continue_watching,rec_v2,14,0
2742,290,147,"2026-06-10 18:16:00",home,rec_v2,19,0
2743,536,56,"2026-07-29 06:53:00",search,rec_v2,19,0
2744,726,72,"2026-07-16 15:37:00",continue_watching,rec_v1,9,0
2745,724,130,"2026-06-08 21:20:00",home,rec_v2,11,1
2746,794,112,"2026-05-27 23:55:00",home,rec_v1,8,0
2747,264,98,"2026-05-10 05:34:00",home,rec_v1,18,0
2748,957,137,"2026-07-13 07:49:00",detail_page,rec_v1,11,0
2749,576,87,"2026-05-21 18:01:00",home,rec_v1,3,1
2750,932,50,"2026-07-14 07:56:00",search,rec_v2,16,0
2751,847,42,"2026-06-01 00:56:00",home,rec_v2,17,0
2752,66,132,"2026-07-10 11:35:00",search,rec_v1,5,1
2753,996,75,"2026-05-07 03:13:00",home,rec_v1,13,0
2754,749,52,"2026-07-03 12:36:00",detail_page,rec_v2,13,0
2755,766,148,"2026-06-24 13:32:00",search,rec_v2,13,1
2756,704,114,"2026-06-26 18:07:00",home,rec_v2,7,0
2757,555,62,"2026-07-28 09:19:00",home,rec_v2,5,1
2758,52,140,"2026-05-06 09:39:00",search,rec_v1,14,1
2759,751,116,"2026-07-02 07:03:00",search,rec_v2,11,0
2760,950,134,"2026-07-26 04:48:00",home,rec_v2,12,0
2761,361,26,"2026-07-27 22:23:00",home,rec_v2,14,0
2762,8,14,"2026-06-05 04:08:00",search,rec_v2,17,0
2763,425,136,"2026-07-17 21:36:00",home,rec_v1,12,1
2764,110,40,"2026-05-16 22:33:00",continue_watching,rec_v2,9,1
2765,821,52,"2026-05-19 08:22:00",search,rec_v2,1,0
2766,239,82,"2026-07-14 16:35:00",search,rec_v1,3,0
2767,982,63,"2026-06-07 03:44:00",home,rec_v2,9,0
2768,218,132,"2026-06-28 12:37:00",home,rec_v1,2,0
2769,341,13,"2026-06-19 04:51:00",search,rec_v1,1,0
2770,796,72,"2026-07-07 23:12:00",home,rec_v2,19,1
2771,654,17,"2026-07-14 23:20:00",search,rec_v2,19,0
2772,139,70,"2026-05-31 15:23:00",continue_watching,rec_v2,4,1
2773,14,77,"2026-05-29 22:11:00",continue_watching,rec_v2,7,0
2774,789,97,"2026-07-08 10:18:00",detail_page,rec_v2,17,0
2775,15,147,"2026-05-30 07:07:00",search,rec_v1,19,0
2776,20,87,"2026-06-23 04:48:00",detail_page,rec_v1,5,0
2777,443,1,"2026-05-16 08:16:00",detail_page,rec_v2,9,0
2778,893,12,"2026-07-12 22:45:00",home,rec_v1,12,0
2779,615,36,"2026-05-31 05:32:00",search,rec_v1,15,0
2780,320,40,"2026-05-04 17:16:00",home,rec_v2,15,0
2781,546,112,"2026-06-11 21:29:00",home,rec_v2,4,0
2782,69,132,"2026-07-21 20:40:00",home,rec_v2,17,0
2783,207,1,"2026-06-15 14:08:00",search,rec_v1,20,0
2784,657,134,"2026-07-19 12:49:00",home,rec_v2,4,0
2785,163,63,"2026-06-28 20:44:00",detail_page,rec_v1,14,1
2786,170,118,"2026-06-08 05:28:00",detail_page,rec_v2,17,0
2787,870,114,"2026-05-18 12:27:00",detail_page,rec_v2,13,0
2788,605,55,"2026-06-29 19:40:00",continue_watching,rec_v1,12,1
2789,946,24,"2026-06-12 15:58:00",search,rec_v1,10,0
2790,908,98,"2026-07-14 22:35:00",home,rec_v2,19,0
2791,638,141,"2026-06-24 01:00:00",detail_page,rec_v2,5,0
2792,472,37,"2026-05-21 00:44:00",detail_page,rec_v1,15,0
2793,969,149,"2026-05-03 10:55:00",continue_watching,rec_v1,8,0
2794,848,147,"2026-05-06 03:40:00",home,rec_v2,11,0
2795,894,139,"2026-06-27 03:12:00",search,rec_v1,18,0
2796,478,115,"2026-06-22 21:02:00",home,rec_v2,3,0
2797,456,108,"2026-06-15 04:24:00",home,rec_v1,19,0
2798,839,140,"2026-06-19 05:22:00",search,rec_v1,15,0
2799,474,132,"2026-05-07 00:51:00",home,rec_v1,11,0
2800,60,143,"2026-06-22 21:16:00",home,rec_v2,6,0
2801,564,54,"2026-06-16 00:20:00",home,rec_v2,14,0
2802,24,40,"2026-07-27 08:01:00",home,rec_v2,13,1
2803,185,30,"2026-07-25 03:58:00",search,rec_v1,11,0
2804,561,140,"2026-05-10 01:56:00",home,rec_v2,4,0
2805,138,7,"2026-06-29 01:26:00",detail_page,rec_v1,13,0
2806,779,10,"2026-07-19 11:15:00",home,rec_v2,19,0
2807,493,38,"2026-06-23 15:44:00",search,rec_v2,18,0
2808,237,58,"2026-05-26 00:31:00",continue_watching,rec_v2,10,0
2809,466,12,"2026-05-23 01:59:00",detail_page,rec_v1,14,0
2810,472,131,"2026-06-25 21:42:00",home,rec_v1,7,0
2811,708,115,"2026-05-02 04:59:00",detail_page,rec_v2,8,0
2812,785,44,"2026-07-16 10:42:00",detail_page,rec_v1,4,0
2813,349,11,"2026-07-02 00:25:00",detail_page,rec_v2,15,0
2814,34,92,"2026-05-12 13:23:00",search,rec_v2,20,0
2815,899,57,"2026-06-17 00:28:00",home,rec_v2,9,1
2816,66,79,"2026-07-20 19:20:00",search,rec_v1,4,0
2817,959,59,"2026-07-28 23:59:00",search,rec_v2,2,1
2818,333,101,"2026-07-14 13:25:00",continue_watching,rec_v1,2,0
2819,449,116,"2026-06-26 05:50:00",home,rec_v1,5,0
2820,997,78,"2026-07-13 05:00:00",detail_page,rec_v2,12,0
2821,299,68,"2026-06-07 12:03:00",continue_watching,rec_v2,1,0
2822,238,109,"2026-07-06 01:09:00",continue_watching,rec_v2,1,1
2823,519,54,"2026-07-19 01:29:00",home,rec_v2,12,0
2824,940,42,"2026-06-24 17:49:00",continue_watching,rec_v1,15,0
2825,522,101,"2026-07-27 12:56:00",search,rec_v1,2,1
2826,340,144,"2026-06-03 12:32:00",continue_watching,rec_v2,6,0
2827,233,59,"2026-05-16 22:24:00",home,rec_v2,12,1
2828,254,150,"2026-06-09 09:35:00",detail_page,rec_v1,15,0
2829,308,75,"2026-07-12 08:04:00",home,rec_v2,9,0
2830,745,32,"2026-06-01 10:29:00",detail_page,rec_v2,18,0
2831,85,125,"2026-05-25 08:52:00",detail_page,rec_v1,14,1
2832,526,25,"2026-06-06 19:37:00",search,rec_v1,10,0
2833,102,59,"2026-07-11 16:50:00",detail_page,rec_v2,16,0
2834,911,15,"2026-07-04 04:36:00",search,rec_v1,16,0
2835,295,7,"2026-07-06 23:41:00",continue_watching,rec_v1,18,0
2836,681,62,"2026-07-28 09:23:00",home,rec_v1,5,0
2837,874,90,"2026-07-28 05:20:00",continue_watching,rec_v1,19,0
2838,600,99,"2026-07-04 08:38:00",detail_page,rec_v1,18,0
2839,426,97,"2026-06-11 04:19:00",search,rec_v2,14,0
2840,976,20,"2026-05-01 03:16:00",home,rec_v2,13,0
2841,285,45,"2026-07-13 20:19:00",continue_watching,rec_v1,5,0
2842,859,33,"2026-05-13 03:56:00",detail_page,rec_v1,9,0
2843,558,11,"2026-05-07 14:05:00",continue_watching,rec_v1,15,0
2844,568,57,"2026-07-21 02:38:00",home,rec_v2,20,0
2845,97,122,"2026-07-18 15:58:00",search,rec_v1,11,0
2846,312,71,"2026-07-14 02:45:00",home,rec_v2,10,1
2847,65,118,"2026-05-28 16:11:00",continue_watching,rec_v2,14,0
2848,144,97,"2026-07-14 01:14:00",home,rec_v2,8,0
2849,132,98,"2026-05-20 20:37:00",home,rec_v2,13,0
2850,649,86,"2026-06-02 09:43:00",search,rec_v1,6,0
2851,450,97,"2026-07-17 10:37:00",continue_watching,rec_v1,10,0
2852,27,56,"2026-07-24 09:42:00",continue_watching,rec_v2,1,0
2853,761,86,"2026-06-01 05:53:00",home,rec_v1,9,0
2854,948,66,"2026-07-19 15:28:00",search,rec_v2,5,1
2855,235,147,"2026-05-01 01:44:00",home,rec_v1,8,1
2856,283,97,"2026-07-06 13:21:00",detail_page,rec_v1,12,0
2857,300,149,"2026-07-15 11:58:00",home,rec_v2,3,1
2858,844,82,"2026-05-20 10:44:00",home,rec_v1,10,1
2859,508,112,"2026-06-08 16:15:00",home,rec_v1,2,0
2860,824,96,"2026-06-15 16:44:00",home,rec_v1,18,0
2861,250,22,"2026-05-29 09:37:00",home,rec_v1,11,1
2862,647,27,"2026-07-26 01:00:00",detail_page,rec_v2,18,1
2863,688,104,"2026-06-27 10:08:00",search,rec_v2,10,0
2864,780,117,"2026-07-16 08:42:00",home,rec_v1,5,0
2865,842,149,"2026-06-29 18:14:00",home,rec_v1,12,0
2866,184,51,"2026-05-02 02:43:00",home,rec_v1,6,0
2867,190,129,"2026-06-09 07:08:00",continue_watching,rec_v2,1,0
2868,938,36,"2026-05-16 07:26:00",home,rec_v1,4,0
2869,158,7,"2026-06-06 17:55:00",home,rec_v1,4,0
2870,263,82,"2026-07-07 05:21:00",search,rec_v1,1,1
2871,435,64,"2026-05-19 17:35:00",detail_page,rec_v1,5,1
2872,134,48,"2026-06-30 12:21:00",home,rec_v2,13,0
2873,29,25,"2026-07-27 11:04:00",detail_page,rec_v1,3,1
2874,215,58,"2026-06-22 10:01:00",home,rec_v1,6,0
2875,530,97,"2026-07-26 23:00:00",continue_watching,rec_v1,6,0
2876,613,66,"2026-05-31 12:59:00",detail_page,rec_v2,10,0
2877,222,78,"2026-05-17 21:36:00",search,rec_v2,10,0
2878,439,2,"2026-05-16 18:29:00",home,rec_v2,14,0
2879,179,14,"2026-07-06 10:00:00",detail_page,rec_v2,8,0
2880,465,122,"2026-06-26 21:33:00",continue_watching,rec_v1,9,0
2881,564,93,"2026-05-17 03:25:00",search,rec_v1,12,0
2882,793,24,"2026-05-31 10:57:00",detail_page,rec_v2,13,0
2883,341,145,"2026-07-17 02:26:00",home,rec_v2,13,0
2884,379,64,"2026-07-19 09:39:00",search,rec_v1,20,0
2885,427,77,"2026-05-10 13:52:00",home,rec_v2,8,0
2886,870,149,"2026-07-03 12:44:00",home,rec_v2,15,0
2887,972,70,"2026-07-24 02:04:00",detail_page,rec_v2,11,0
2888,347,54,"2026-06-21 01:56:00",search,rec_v2,5,0
2889,902,148,"2026-06-20 04:38:00",continue_watching,rec_v1,5,0
2890,899,100,"2026-06-14 22:50:00",continue_watching,rec_v1,10,0
2891,487,21,"2026-05-15 06:12:00",search,rec_v2,7,0
2892,561,58,"2026-05-30 11:44:00",home,rec_v2,14,0
2893,513,110,"2026-05-23 10:09:00",detail_page,rec_v1,14,0
2894,403,138,"2026-05-14 09:22:00",home,rec_v2,19,0
2895,631,140,"2026-07-11 15:56:00",detail_page,rec_v2,4,0
2896,230,129,"2026-05-08 13:58:00",home,rec_v1,15,1
2897,61,121,"2026-07-02 21:48:00",home,rec_v1,4,0
2898,629,109,"2026-07-14 03:20:00",search,rec_v1,18,0
2899,396,71,"2026-06-22 05:34:00",home,rec_v1,4,0
2900,408,51,"2026-06-23 21:34:00",detail_page,rec_v2,13,0
2901,658,72,"2026-07-16 07:21:00",home,rec_v1,13,0
2902,304,89,"2026-07-08 07:49:00",home,rec_v1,20,0
2903,143,150,"2026-07-18 07:57:00",detail_page,rec_v2,1,1
2904,269,130,"2026-07-17 01:09:00",detail_page,rec_v1,6,0
2905,720,99,"2026-07-05 09:49:00",home,rec_v2,3,0
2906,463,7,"2026-06-07 11:21:00",detail_page,rec_v1,7,0
2907,615,29,"2026-05-03 23:47:00",home,rec_v2,4,1
2908,585,8,"2026-05-11 08:08:00",home,rec_v1,19,0
2909,749,150,"2026-05-04 02:01:00",detail_page,rec_v1,7,0
2910,279,70,"2026-05-20 14:38:00",search,rec_v2,16,0
2911,211,71,"2026-06-18 13:24:00",detail_page,rec_v2,2,0
2912,559,68,"2026-05-09 01:34:00",detail_page,rec_v1,14,0
2913,222,10,"2026-05-07 17:27:00",continue_watching,rec_v1,4,0
2914,999,73,"2026-06-22 15:24:00",detail_page,rec_v1,1,1
2915,155,136,"2026-06-21 03:19:00",detail_page,rec_v2,14,0
2916,414,140,"2026-05-04 00:02:00",detail_page,rec_v1,20,0
2917,253,75,"2026-05-14 03:24:00",home,rec_v1,9,0
2918,761,85,"2026-05-28 12:31:00",search,rec_v1,2,1
2919,498,26,"2026-05-19 16:43:00",continue_watching,rec_v2,2,1
2920,102,23,"2026-07-11 23:20:00",search,rec_v1,5,0
2921,101,150,"2026-07-02 01:30:00",home,rec_v1,5,0
2922,476,2,"2026-05-15 16:57:00",continue_watching,rec_v1,10,1
2923,872,77,"2026-05-29 20:44:00",home,rec_v2,3,0
2924,623,55,"2026-07-28 06:27:00",home,rec_v2,16,0
2925,881,110,"2026-05-18 01:38:00",search,rec_v1,18,0
2926,82,10,"2026-07-23 13:20:00",search,rec_v2,20,0
2927,674,98,"2026-05-12 02:45:00",detail_page,rec_v2,6,0
2928,156,31,"2026-06-01 16:59:00",home,rec_v1,3,0
2929,85,86,"2026-05-20 19:46:00",home,rec_v2,20,0
2930,989,48,"2026-06-05 08:46:00",home,rec_v2,12,0
2931,331,45,"2026-07-08 23:08:00",detail_page,rec_v2,3,1
2932,598,139,"2026-06-24 08:37:00",detail_page,rec_v2,17,0
2933,932,92,"2026-06-08 18:26:00",home,rec_v2,17,0
2934,973,57,"2026-07-29 07:22:00",home,rec_v2,4,0
2935,644,88,"2026-06-09 09:13:00",search,rec_v2,7,0
2936,797,130,"2026-05-27 23:09:00",continue_watching,rec_v1,15,0
2937,89,117,"2026-05-15 04:55:00",home,rec_v1,12,0
2938,27,67,"2026-06-04 20:11:00",continue_watching,rec_v2,1,0
2939,85,76,"2026-07-18 04:33:00",continue_watching,rec_v2,4,0
2940,6,97,"2026-06-16 08:27:00",search,rec_v2,6,0
2941,807,132,"2026-06-10 12:17:00",detail_page,rec_v1,1,1
2942,555,16,"2026-07-01 04:41:00",home,rec_v1,16,0
2943,145,2,"2026-06-12 22:28:00",home,rec_v1,17,0
2944,125,90,"2026-07-19 04:56:00",detail_page,rec_v1,5,0
2945,566,38,"2026-05-17 11:21:00",home,rec_v1,10,1
2946,621,77,"2026-05-03 21:47:00",home,rec_v1,2,0
2947,568,69,"2026-06-11 04:13:00",search,rec_v1,8,0
2948,801,27,"2026-07-04 03:04:00",home,rec_v1,12,0
2949,846,81,"2026-05-18 16:19:00",home,rec_v2,5,1
2950,946,2,"2026-07-12 01:09:00",continue_watching,rec_v2,4,0
2951,959,93,"2026-07-27 01:30:00",search,rec_v1,20,0
2952,537,62,"2026-05-03 15:48:00",home,rec_v1,3,1
2953,309,20,"2026-06-25 19:41:00",home,rec_v1,17,0
2954,98,68,"2026-05-27 04:57:00",search,rec_v2,15,0
2955,905,33,"2026-06-20 02:48:00",home,rec_v1,17,0
2956,949,58,"2026-05-03 01:18:00",home,rec_v2,16,0
2957,573,7,"2026-07-01 07:41:00",continue_watching,rec_v2,18,0
2958,119,38,"2026-05-09 20:39:00",home,rec_v2,9,0
2959,926,62,"2026-07-14 19:43:00",detail_page,rec_v1,11,0
2960,566,83,"2026-07-27 04:23:00",home,rec_v2,12,0
2961,314,6,"2026-06-19 13:59:00",detail_page,rec_v1,19,0
2962,1,108,"2026-06-24 20:42:00",continue_watching,rec_v1,10,0
2963,157,134,"2026-06-25 07:37:00",detail_page,rec_v2,1,0
2964,746,13,"2026-06-05 08:42:00",home,rec_v2,8,0
2965,775,70,"2026-06-03 19:01:00",home,rec_v1,3,0
2966,148,114,"2026-06-07 17:12:00",home,rec_v1,14,0
2967,71,77,"2026-06-23 11:57:00",continue_watching,rec_v1,5,0
2968,651,6,"2026-06-16 14:32:00",home,rec_v2,13,0
2969,165,102,"2026-05-27 22:05:00",home,rec_v2,16,0
2970,185,83,"2026-07-13 01:32:00",continue_watching,rec_v1,18,0
2971,189,62,"2026-07-07 17:10:00",home,rec_v2,6,0
2972,525,2,"2026-07-09 19:05:00",home,rec_v1,15,0
2973,316,29,"2026-07-05 13:11:00",home,rec_v1,13,0
2974,336,137,"2026-05-31 18:27:00",home,rec_v2,19,0
2975,394,45,"2026-07-15 22:06:00",search,rec_v2,1,1
2976,245,55,"2026-05-21 04:08:00",detail_page,rec_v2,20,0
2977,186,57,"2026-07-17 05:11:00",home,rec_v1,17,0
2978,48,72,"2026-05-02 20:14:00",continue_watching,rec_v1,20,0
2979,189,24,"2026-06-10 06:55:00",home,rec_v2,10,0
2980,615,36,"2026-07-15 11:27:00",home,rec_v2,3,0
2981,555,46,"2026-07-22 09:22:00",home,rec_v1,19,0
2982,416,98,"2026-06-24 23:43:00",home,rec_v1,13,0
2983,130,91,"2026-07-08 09:43:00",home,rec_v1,4,0
2984,601,41,"2026-06-15 12:30:00",home,rec_v2,1,1
2985,246,63,"2026-05-20 06:20:00",home,rec_v1,16,0
2986,87,16,"2026-05-01 04:30:00",home,rec_v1,6,0
2987,664,88,"2026-06-09 03:58:00",home,rec_v1,6,0
2988,386,72,"2026-07-03 17:12:00",search,rec_v2,12,0
2989,317,1,"2026-07-06 04:21:00",home,rec_v1,8,1
2990,353,56,"2026-05-13 10:39:00",detail_page,rec_v1,13,0
2991,480,120,"2026-07-23 09:08:00",detail_page,rec_v1,10,0
2992,297,113,"2026-07-06 19:15:00",home,rec_v1,15,1
2993,630,76,"2026-07-26 00:20:00",detail_page,rec_v1,20,0
2994,107,21,"2026-06-30 23:48:00",search,rec_v2,14,0
2995,729,110,"2026-05-31 22:42:00",home,rec_v1,16,0
2996,778,108,"2026-05-07 02:08:00",home,rec_v1,18,1
2997,561,15,"2026-06-07 00:37:00",detail_page,rec_v1,5,1
2998,25,99,"2026-06-27 06:30:00",detail_page,rec_v2,7,0
2999,139,39,"2026-05-19 01:27:00",detail_page,rec_v1,18,0
3000,160,19,"2026-07-19 02:22:00",home,rec_v2,17,0
3001,226,128,"2026-05-08 15:02:00",home,rec_v1,20,0
3002,23,11,"2026-05-03 15:10:00",continue_watching,rec_v1,15,0
3003,792,63,"2026-06-21 20:44:00",detail_page,rec_v1,8,0
3004,75,54,"2026-05-14 00:49:00",home,rec_v2,20,0
3005,515,98,"2026-06-04 14:05:00",search,rec_v1,16,0
3006,549,67,"2026-05-10 09:37:00",search,rec_v1,16,0
3007,584,19,"2026-07-20 07:35:00",continue_watching,rec_v1,17,0
3008,97,26,"2026-07-10 21:37:00",home,rec_v1,13,0
3009,168,110,"2026-06-05 18:20:00",home,rec_v2,15,0
3010,898,57,"2026-07-19 07:49:00",continue_watching,rec_v1,5,0
3011,287,81,"2026-07-25 20:09:00",home,rec_v1,16,0
3012,375,101,"2026-05-29 13:58:00",continue_watching,rec_v2,20,0
3013,421,67,"2026-06-18 03:28:00",home,rec_v2,19,0
3014,169,72,"2026-07-14 02:31:00",detail_page,rec_v2,12,0
3015,23,79,"2026-06-07 00:39:00",search,rec_v2,1,0
3016,593,34,"2026-07-28 08:30:00",search,rec_v2,13,0
3017,342,29,"2026-05-14 00:22:00",detail_page,rec_v1,14,0
3018,769,115,"2026-07-19 17:14:00",home,rec_v2,6,0
3019,237,82,"2026-07-03 21:52:00",home,rec_v2,19,0
3020,264,69,"2026-07-18 20:50:00",home,rec_v1,19,0
3021,448,96,"2026-07-22 00:20:00",home,rec_v1,7,0
3022,506,119,"2026-06-20 01:43:00",continue_watching,rec_v1,10,0
3023,996,127,"2026-07-05 19:30:00",search,rec_v1,12,0
3024,533,75,"2026-07-03 13:03:00",detail_page,rec_v2,1,1
3025,96,75,"2026-06-11 05:07:00",search,rec_v1,8,0
3026,661,40,"2026-07-03 02:47:00",home,rec_v2,11,1
3027,500,103,"2026-07-09 17:12:00",detail_page,rec_v1,13,0
3028,646,57,"2026-07-01 01:36:00",home,rec_v2,7,1
3029,842,13,"2026-07-21 03:09:00",continue_watching,rec_v2,17,0
3030,130,100,"2026-07-14 08:59:00",home,rec_v1,7,0
3031,218,109,"2026-07-17 06:55:00",search,rec_v2,1,0
3032,522,43,"2026-07-25 10:11:00",continue_watching,rec_v2,16,0
3033,654,22,"2026-07-03 11:18:00",home,rec_v1,11,0
3034,260,74,"2026-07-21 01:39:00",home,rec_v1,1,0
3035,380,108,"2026-05-26 11:31:00",search,rec_v1,4,0
3036,150,67,"2026-06-26 13:58:00",home,rec_v1,19,0
3037,384,13,"2026-07-15 01:57:00",detail_page,rec_v1,3,1
3038,487,89,"2026-07-11 15:24:00",continue_watching,rec_v1,18,0
3039,222,135,"2026-07-06 18:53:00",search,rec_v1,10,0
3040,70,16,"2026-05-26 15:42:00",home,rec_v1,3,0
3041,395,131,"2026-05-31 22:35:00",home,rec_v1,11,0
3042,650,27,"2026-05-25 23:31:00",search,rec_v1,16,0
3043,328,91,"2026-06-16 00:41:00",home,rec_v1,20,0
3044,106,104,"2026-06-16 23:55:00",continue_watching,rec_v2,10,0
3045,499,116,"2026-06-19 23:07:00",home,rec_v1,20,1
3046,810,27,"2026-06-06 20:17:00",continue_watching,rec_v1,16,0
3047,447,24,"2026-05-10 17:05:00",home,rec_v2,14,0
3048,530,109,"2026-05-11 06:27:00",home,rec_v2,13,0
3049,594,134,"2026-05-19 09:11:00",detail_page,rec_v1,14,1
3050,737,83,"2026-07-18 17:15:00",home,rec_v1,12,0
3051,366,139,"2026-05-07 02:18:00",search,rec_v2,11,0
3052,154,140,"2026-06-03 15:26:00",home,rec_v1,8,0
3053,608,131,"2026-05-15 20:17:00",home,rec_v2,13,0
3054,97,120,"2026-07-22 09:55:00",detail_page,rec_v2,11,0
3055,69,85,"2026-06-19 02:23:00",detail_page,rec_v2,14,0
3056,620,54,"2026-05-01 09:23:00",detail_page,rec_v1,1,1
3057,491,99,"2026-06-09 03:20:00",search,rec_v1,9,0
3058,654,95,"2026-07-13 19:40:00",detail_page,rec_v1,6,0
3059,896,133,"2026-06-03 17:37:00",continue_watching,rec_v2,4,0
3060,5,140,"2026-06-12 12:25:00",detail_page,rec_v1,18,0
3061,947,121,"2026-05-12 09:12:00",continue_watching,rec_v1,15,0
3062,230,143,"2026-07-18 17:41:00",detail_page,rec_v1,16,0
3063,481,117,"2026-07-23 17:27:00",detail_page,rec_v1,4,0
3064,514,75,"2026-05-13 18:17:00",home,rec_v2,17,0
3065,204,1,"2026-07-11 00:26:00",search,rec_v1,15,0
3066,150,19,"2026-05-05 08:58:00",detail_page,rec_v2,5,1
3067,910,14,"2026-06-01 17:57:00",detail_page,rec_v2,15,0
3068,97,110,"2026-07-25 01:49:00",home,rec_v2,4,0
3069,727,112,"2026-06-01 20:17:00",detail_page,rec_v2,15,0
3070,42,97,"2026-06-17 16:43:00",continue_watching,rec_v1,10,0
3071,17,5,"2026-06-25 23:28:00",detail_page,rec_v1,6,0
3072,860,73,"2026-07-26 00:19:00",home,rec_v2,12,0
3073,470,52,"2026-07-27 03:00:00",detail_page,rec_v1,3,0
3074,779,67,"2026-05-23 04:45:00",continue_watching,rec_v1,15,1
3075,343,127,"2026-07-11 18:42:00",search,rec_v1,3,0
3076,337,10,"2026-07-07 19:57:00",detail_page,rec_v1,3,0
3077,849,39,"2026-06-08 03:26:00",home,rec_v1,5,0
3078,574,147,"2026-07-05 07:59:00",home,rec_v2,15,0
3079,613,117,"2026-07-18 14:22:00",search,rec_v1,8,0
3080,520,129,"2026-07-04 23:10:00",home,rec_v2,3,0
3081,111,73,"2026-06-21 22:10:00",home,rec_v1,9,0
3082,994,130,"2026-07-24 02:47:00",home,rec_v2,10,0
3083,246,40,"2026-05-03 02:07:00",continue_watching,rec_v1,16,0
3084,837,105,"2026-06-08 12:40:00",home,rec_v1,10,0
3085,342,68,"2026-07-18 03:00:00",continue_watching,rec_v1,16,0
3086,298,1,"2026-05-04 14:03:00",detail_page,rec_v1,1,0
3087,681,13,"2026-05-08 20:39:00",home,rec_v2,1,0
3088,604,7,"2026-06-20 22:11:00",detail_page,rec_v2,7,0
3089,508,30,"2026-06-06 11:13:00",continue_watching,rec_v1,2,0
3090,713,51,"2026-07-29 23:05:00",home,rec_v2,7,0
3091,730,52,"2026-07-13 21:27:00",home,rec_v1,2,0
3092,604,14,"2026-06-17 21:46:00",detail_page,rec_v1,3,0
3093,534,30,"2026-07-06 04:24:00",home,rec_v2,18,0
3094,178,135,"2026-06-28 14:10:00",continue_watching,rec_v1,11,0
3095,286,17,"2026-05-31 12:02:00",search,rec_v1,20,0
3096,637,59,"2026-05-05 11:50:00",continue_watching,rec_v1,15,0
3097,91,63,"2026-07-10 02:46:00",home,rec_v1,18,0
3098,26,132,"2026-07-11 19:18:00",detail_page,rec_v1,5,0
3099,440,134,"2026-05-07 01:52:00",home,rec_v2,15,0
3100,263,118,"2026-07-17 01:52:00",home,rec_v2,8,1
3101,91,10,"2026-07-29 03:42:00",home,rec_v1,8,1
3102,620,115,"2026-06-26 07:38:00",search,rec_v1,4,0
3103,128,79,"2026-05-13 17:41:00",detail_page,rec_v1,16,0
3104,752,92,"2026-06-28 22:47:00",home,rec_v1,13,0
3105,438,123,"2026-07-02 19:30:00",continue_watching,rec_v2,16,0
3106,920,33,"2026-06-29 21:51:00",search,rec_v1,14,0
3107,443,140,"2026-06-17 20:59:00",continue_watching,rec_v2,1,1
3108,947,103,"2026-05-16 15:30:00",search,rec_v1,14,0
3109,455,132,"2026-07-15 14:54:00",detail_page,rec_v1,19,0
3110,200,115,"2026-06-28 13:55:00",home,rec_v2,11,0
3111,564,138,"2026-07-28 01:26:00",search,rec_v2,10,0
3112,248,82,"2026-06-21 11:34:00",search,rec_v1,11,0
3113,489,123,"2026-06-12 07:29:00",home,rec_v2,20,0
3114,390,76,"2026-05-03 06:28:00",search,rec_v1,18,0
3115,760,137,"2026-05-03 05:49:00",home,rec_v1,10,0
3116,452,28,"2026-07-21 04:28:00",continue_watching,rec_v2,11,0
3117,597,49,"2026-06-22 00:48:00",home,rec_v1,19,0
3118,884,91,"2026-07-18 22:52:00",home,rec_v1,18,0
3119,83,30,"2026-07-16 14:18:00",continue_watching,rec_v2,2,1
3120,736,48,"2026-05-24 20:06:00",home,rec_v1,17,0
3121,575,126,"2026-06-01 19:40:00",search,rec_v1,8,0
3122,793,37,"2026-06-23 16:06:00",home,rec_v1,4,0
3123,154,88,"2026-06-27 16:09:00",home,rec_v2,2,0
3124,176,147,"2026-07-08 15:39:00",continue_watching,rec_v2,20,0
3125,186,42,"2026-05-21 16:01:00",continue_watching,rec_v2,20,0
3126,122,144,"2026-05-02 10:14:00",home,rec_v1,1,0
3127,511,51,"2026-05-02 19:16:00",continue_watching,rec_v2,6,0
3128,667,109,"2026-05-13 15:24:00",home,rec_v2,12,0
3129,968,74,"2026-05-03 06:21:00",detail_page,rec_v2,16,0
3130,707,24,"2026-07-13 10:23:00",search,rec_v2,10,0
3131,680,95,"2026-07-22 00:54:00",home,rec_v2,9,1
3132,260,96,"2026-05-20 22:07:00",home,rec_v1,9,0
3133,440,141,"2026-07-28 18:19:00",search,rec_v2,12,0
3134,527,51,"2026-06-30 15:27:00",detail_page,rec_v2,17,0
3135,304,144,"2026-07-07 11:38:00",continue_watching,rec_v2,18,0
3136,646,41,"2026-07-17 19:04:00",home,rec_v2,7,0
3137,402,77,"2026-06-17 02:40:00",home,rec_v1,1,0
3138,831,118,"2026-06-13 00:45:00",home,rec_v2,1,0
3139,923,75,"2026-05-23 04:22:00",home,rec_v2,20,0
3140,673,65,"2026-05-28 09:02:00",home,rec_v2,20,0
3141,888,138,"2026-05-03 21:11:00",home,rec_v2,11,0
3142,370,9,"2026-06-24 05:43:00",home,rec_v2,13,0
3143,751,3,"2026-05-05 15:42:00",search,rec_v2,6,0
3144,777,51,"2026-06-21 14:56:00",home,rec_v2,15,0
3145,757,126,"2026-07-22 13:20:00",home,rec_v2,9,0
3146,945,89,"2026-06-30 16:59:00",search,rec_v1,8,0
3147,30,17,"2026-06-08 09:14:00",home,rec_v2,4,0
3148,693,34,"2026-07-02 17:25:00",detail_page,rec_v1,10,0
3149,24,48,"2026-07-27 07:53:00",search,rec_v2,7,0
3150,906,17,"2026-05-13 16:14:00",continue_watching,rec_v2,8,0
3151,769,126,"2026-06-26 11:22:00",continue_watching,rec_v2,7,1
3152,928,26,"2026-05-11 03:57:00",home,rec_v2,19,1
3153,171,103,"2026-06-02 13:59:00",home,rec_v2,9,0
3154,445,98,"2026-07-22 11:25:00",home,rec_v2,4,0
3155,537,94,"2026-06-15 03:19:00",home,rec_v1,18,0
3156,359,90,"2026-05-27 15:05:00",home,rec_v1,9,0
3157,442,11,"2026-07-12 15:39:00",search,rec_v1,19,0
3158,97,21,"2026-06-13 09:13:00",detail_page,rec_v2,12,0
3159,321,57,"2026-07-02 16:21:00",search,rec_v1,14,0
3160,191,140,"2026-07-16 22:22:00",home,rec_v2,7,0
3161,257,99,"2026-05-09 16:33:00",continue_watching,rec_v1,3,0
3162,851,122,"2026-06-04 02:13:00",continue_watching,rec_v1,14,0
3163,104,45,"2026-07-08 13:30:00",home,rec_v2,17,0
3164,1000,114,"2026-06-05 16:53:00",home,rec_v1,14,0
3165,86,111,"2026-05-22 21:22:00",home,rec_v1,20,0
3166,973,19,"2026-06-09 16:04:00",detail_page,rec_v1,10,0
3167,730,85,"2026-07-05 15:16:00",search,rec_v1,5,0
3168,721,108,"2026-06-10 02:45:00",home,rec_v1,6,0
3169,221,72,"2026-07-11 03:31:00",home,rec_v1,10,0
3170,871,24,"2026-06-29 20:29:00",home,rec_v1,2,1
3171,305,94,"2026-05-05 04:55:00",continue_watching,rec_v1,18,0
3172,740,61,"2026-05-10 17:53:00",home,rec_v1,16,0
3173,380,114,"2026-06-04 11:03:00",search,rec_v1,4,0
3174,300,7,"2026-07-08 03:05:00",home,rec_v2,7,0
3175,534,52,"2026-06-28 21:10:00",home,rec_v2,20,0
3176,938,22,"2026-07-20 16:48:00",home,rec_v1,19,0
3177,122,28,"2026-05-30 04:33:00",home,rec_v1,19,0
3178,690,120,"2026-06-25 01:32:00",home,rec_v2,3,0
3179,219,42,"2026-06-16 08:26:00",home,rec_v2,5,0
3180,86,14,"2026-07-06 13:13:00",search,rec_v1,20,0
3181,101,141,"2026-05-23 09:48:00",home,rec_v1,11,0
3182,696,118,"2026-06-09 14:35:00",detail_page,rec_v1,1,0
3183,579,132,"2026-07-02 02:49:00",search,rec_v1,15,0
3184,355,21,"2026-06-03 23:10:00",continue_watching,rec_v1,9,0
3185,53,3,"2026-07-13 14:59:00",continue_watching,rec_v1,5,0
3186,387,134,"2026-05-23 05:06:00",search,rec_v1,7,0
3187,318,89,"2026-07-20 03:28:00",home,rec_v2,17,0
3188,780,102,"2026-05-05 07:10:00",home,rec_v1,9,1
3189,808,53,"2026-05-25 20:41:00",home,rec_v2,12,0
3190,71,138,"2026-07-04 17:10:00",detail_page,rec_v1,14,0
3191,99,12,"2026-05-07 20:58:00",continue_watching,rec_v1,15,0
3192,50,81,"2026-05-10 02:44:00",home,rec_v2,13,1
3193,674,141,"2026-05-16 09:18:00",home,rec_v1,6,1
3194,903,100,"2026-06-17 14:26:00",home,rec_v2,8,0
3195,10,61,"2026-06-18 22:07:00",search,rec_v1,16,0
3196,756,98,"2026-06-24 15:13:00",home,rec_v2,16,0
3197,189,12,"2026-05-04 21:22:00",home,rec_v1,3,0
3198,735,26,"2026-07-11 01:07:00",home,rec_v2,1,0
3199,445,62,"2026-05-25 11:37:00",search,rec_v1,18,0
3200,329,27,"2026-05-17 09:52:00",home,rec_v1,17,0
3201,784,29,"2026-07-20 07:05:00",detail_page,rec_v1,20,0
3202,659,78,"2026-06-02 22:22:00",home,rec_v2,14,0
3203,146,102,"2026-06-01 07:44:00",home,rec_v1,20,0
3204,439,128,"2026-05-08 02:56:00",home,rec_v2,4,0
3205,692,129,"2026-06-15 13:18:00",home,rec_v1,14,0
3206,363,103,"2026-05-10 16:45:00",home,rec_v2,13,0
3207,452,140,"2026-05-20 21:53:00",continue_watching,rec_v2,12,0
3208,470,26,"2026-05-18 19:17:00",search,rec_v2,10,0
3209,48,43,"2026-07-06 09:28:00",home,rec_v2,13,0
3210,310,77,"2026-07-11 16:13:00",home,rec_v2,6,0
3211,210,56,"2026-05-01 01:51:00",home,rec_v1,3,0
3212,427,25,"2026-07-02 06:39:00",home,rec_v1,12,0
3213,524,59,"2026-05-11 06:11:00",search,rec_v2,7,0
3214,426,68,"2026-06-13 14:49:00",home,rec_v2,13,0
3215,552,145,"2026-06-05 06:30:00",search,rec_v2,1,1
3216,555,57,"2026-06-14 06:36:00",detail_page,rec_v1,13,0
3217,707,21,"2026-07-09 16:16:00",home,rec_v1,5,0
3218,724,30,"2026-06-30 04:40:00",search,rec_v2,2,0
3219,613,58,"2026-05-26 12:01:00",home,rec_v2,2,0
3220,960,38,"2026-06-22 16:51:00",home,rec_v2,6,0
3221,161,72,"2026-06-13 16:10:00",home,rec_v1,1,1
3222,668,14,"2026-07-17 04:26:00",detail_page,rec_v2,15,0
3223,747,134,"2026-06-29 17:25:00",home,rec_v2,10,0
3224,460,15,"2026-05-29 17:42:00",home,rec_v1,4,0
3225,114,72,"2026-06-19 17:22:00",continue_watching,rec_v2,14,0
3226,756,25,"2026-06-20 07:48:00",search,rec_v1,1,0
3227,505,55,"2026-06-27 12:16:00",detail_page,rec_v2,14,0
3228,97,105,"2026-05-19 05:09:00",detail_page,rec_v1,20,0
3229,979,94,"2026-07-15 19:17:00",home,rec_v1,14,0
3230,612,79,"2026-06-25 09:56:00",home,rec_v2,18,0
3231,91,147,"2026-07-16 09:13:00",continue_watching,rec_v1,13,0
3232,971,43,"2026-07-03 12:08:00",home,rec_v1,1,0
3233,437,127,"2026-06-01 16:20:00",home,rec_v1,4,0
3234,822,50,"2026-06-08 08:58:00",continue_watching,rec_v1,3,0
3235,882,135,"2026-05-30 23:38:00",home,rec_v1,2,0
3236,617,15,"2026-05-23 02:07:00",search,rec_v1,20,0
3237,303,96,"2026-06-16 22:58:00",detail_page,rec_v1,11,0
3238,926,61,"2026-07-01 21:39:00",search,rec_v1,5,0
3239,286,56,"2026-06-24 22:55:00",search,rec_v1,11,0
3240,914,88,"2026-05-10 15:12:00",home,rec_v2,3,0
3241,718,48,"2026-05-30 08:53:00",search,rec_v1,9,0
3242,889,108,"2026-07-21 17:46:00",home,rec_v1,6,0
3243,416,10,"2026-05-12 01:27:00",detail_page,rec_v2,8,0
3244,268,92,"2026-05-24 12:03:00",home,rec_v1,18,0
3245,240,25,"2026-05-29 13:50:00",home,rec_v1,20,0
3246,917,121,"2026-06-24 09:56:00",home,rec_v2,20,1
3247,476,35,"2026-06-27 07:27:00",home,rec_v1,18,0
3248,626,46,"2026-07-03 22:53:00",home,rec_v2,7,0
3249,969,24,"2026-06-08 02:18:00",home,rec_v1,3,0
3250,221,121,"2026-05-18 11:40:00",continue_watching,rec_v2,1,0
3251,140,31,"2026-06-13 14:00:00",detail_page,rec_v2,1,0
3252,185,79,"2026-05-13 01:40:00",detail_page,rec_v1,9,1
3253,422,63,"2026-05-17 19:45:00",detail_page,rec_v2,11,0
3254,15,25,"2026-07-21 03:38:00",search,rec_v2,10,0
3255,304,142,"2026-07-19 10:15:00",continue_watching,rec_v1,1,1
3256,316,113,"2026-06-07 10:36:00",home,rec_v1,4,0
3257,528,110,"2026-06-29 20:02:00",home,rec_v2,14,0
3258,9,148,"2026-05-26 22:36:00",home,rec_v2,12,0
3259,553,17,"2026-07-21 16:04:00",home,rec_v1,11,0
3260,652,35,"2026-05-28 07:32:00",detail_page,rec_v1,20,1
3261,184,99,"2026-07-18 06:52:00",home,rec_v1,1,0
3262,326,99,"2026-05-30 02:00:00",search,rec_v1,19,0
3263,180,10,"2026-06-27 17:22:00",continue_watching,rec_v1,16,0
3264,391,111,"2026-06-23 01:46:00",detail_page,rec_v2,20,0
3265,172,146,"2026-06-01 13:58:00",home,rec_v2,3,0
3266,96,17,"2026-06-26 21:34:00",detail_page,rec_v1,20,0
3267,856,60,"2026-07-11 07:27:00",detail_page,rec_v1,9,0
3268,880,39,"2026-05-27 18:22:00",home,rec_v2,6,0
3269,193,70,"2026-06-07 07:54:00",home,rec_v2,17,0
3270,236,61,"2026-05-24 10:11:00",home,rec_v2,4,0
3271,756,135,"2026-06-04 16:51:00",home,rec_v2,2,0
3272,795,93,"2026-07-13 21:41:00",home,rec_v2,8,0
3273,181,99,"2026-07-25 21:42:00",search,rec_v1,18,0
3274,22,116,"2026-05-25 11:36:00",home,rec_v1,19,0
3275,168,144,"2026-06-27 16:07:00",continue_watching,rec_v2,20,0
3276,944,123,"2026-07-16 18:42:00",search,rec_v1,8,0
3277,827,109,"2026-05-26 19:03:00",home,rec_v2,20,1
3278,415,85,"2026-05-05 01:52:00",home,rec_v1,18,0
3279,5,10,"2026-07-09 08:39:00",search,rec_v2,9,0
3280,521,117,"2026-05-20 07:42:00",continue_watching,rec_v2,20,0
3281,683,97,"2026-06-16 23:58:00",continue_watching,rec_v2,15,0
3282,626,149,"2026-05-24 12:04:00",search,rec_v2,4,0
3283,874,6,"2026-07-19 09:18:00",continue_watching,rec_v2,19,1
3284,637,113,"2026-07-22 15:57:00",home,rec_v1,7,0
3285,267,115,"2026-05-10 08:11:00",home,rec_v2,12,0
3286,746,84,"2026-05-01 00:06:00",detail_page,rec_v1,18,0
3287,433,6,"2026-07-02 11:04:00",home,rec_v2,10,0
3288,909,47,"2026-05-19 14:32:00",home,rec_v1,12,0
3289,656,112,"2026-06-22 09:09:00",search,rec_v1,9,0
3290,932,5,"2026-06-28 18:34:00",home,rec_v2,14,0
3291,591,59,"2026-06-14 02:20:00",home,rec_v1,5,0
3292,768,68,"2026-07-22 00:47:00",home,rec_v2,3,0
3293,720,138,"2026-06-23 12:07:00",home,rec_v2,15,0
3294,982,9,"2026-07-16 20:48:00",home,rec_v1,8,0
3295,893,126,"2026-06-08 22:36:00",detail_page,rec_v2,10,0
3296,809,19,"2026-06-27 06:28:00",home,rec_v1,17,0
3297,587,63,"2026-07-09 01:29:00",detail_page,rec_v1,13,0
3298,525,90,"2026-05-21 02:12:00",home,rec_v1,1,0
3299,871,37,"2026-06-09 23:36:00",search,rec_v2,20,0
3300,991,54,"2026-05-01 03:21:00",detail_page,rec_v2,5,0
3301,926,126,"2026-06-11 20:09:00",home,rec_v2,16,1
3302,151,14,"2026-07-26 01:09:00",home,rec_v2,7,0
3303,697,73,"2026-05-20 05:33:00",search,rec_v2,13,0
3304,613,97,"2026-07-08 00:18:00",detail_page,rec_v1,8,0
3305,74,39,"2026-05-18 20:33:00",home,rec_v2,14,1
3306,908,115,"2026-05-28 10:32:00",home,rec_v2,15,0
3307,439,45,"2026-07-01 11:00:00",home,rec_v1,13,0
3308,402,114,"2026-06-18 23:40:00",home,rec_v1,17,0
3309,932,142,"2026-07-23 06:28:00",continue_watching,rec_v2,16,0
3310,508,96,"2026-06-25 19:43:00",home,rec_v2,8,0
3311,860,129,"2026-07-04 21:16:00",home,rec_v2,7,0
3312,471,65,"2026-07-19 22:24:00",detail_page,rec_v1,8,0
3313,477,108,"2026-06-20 18:02:00",search,rec_v1,9,0
3314,24,123,"2026-06-08 08:14:00",search,rec_v1,10,0
3315,360,52,"2026-05-28 03:05:00",home,rec_v2,16,0
3316,668,54,"2026-05-06 09:45:00",search,rec_v1,2,0
3317,48,147,"2026-07-17 11:16:00",home,rec_v1,14,0
3318,366,130,"2026-05-14 15:42:00",home,rec_v2,9,0
3319,538,86,"2026-06-29 14:12:00",detail_page,rec_v2,8,0
3320,185,52,"2026-07-18 17:26:00",detail_page,rec_v2,14,0
3321,647,4,"2026-07-18 10:24:00",continue_watching,rec_v2,15,1
3322,755,21,"2026-05-07 09:13:00",home,rec_v1,10,0
3323,772,93,"2026-07-15 01:05:00",home,rec_v1,20,0
3324,613,129,"2026-06-21 16:09:00",search,rec_v2,11,0
3325,89,141,"2026-05-10 06:23:00",detail_page,rec_v2,17,0
3326,985,115,"2026-07-11 16:26:00",continue_watching,rec_v2,14,1
3327,482,115,"2026-06-08 16:32:00",continue_watching,rec_v2,17,0
3328,1,72,"2026-07-05 14:03:00",search,rec_v2,13,0
3329,880,99,"2026-06-19 20:09:00",continue_watching,rec_v1,12,0
3330,378,104,"2026-06-01 05:29:00",continue_watching,rec_v2,1,0
3331,634,18,"2026-05-26 03:25:00",detail_page,rec_v1,8,1
3332,433,74,"2026-07-17 20:34:00",home,rec_v2,16,0
3333,639,137,"2026-06-08 10:35:00",home,rec_v1,3,0
3334,364,18,"2026-05-20 16:28:00",continue_watching,rec_v2,13,1
3335,859,24,"2026-05-24 01:24:00",search,rec_v2,6,0
3336,307,78,"2026-07-15 07:56:00",home,rec_v1,11,0
3337,289,27,"2026-05-02 12:27:00",continue_watching,rec_v1,8,0
3338,493,58,"2026-07-16 07:18:00",home,rec_v1,18,0
3339,699,105,"2026-06-07 15:33:00",home,rec_v2,16,0
3340,209,24,"2026-07-28 05:37:00",home,rec_v2,3,0
3341,193,3,"2026-05-13 20:47:00",home,rec_v2,7,0
3342,968,108,"2026-07-10 07:26:00",home,rec_v1,12,0
3343,637,135,"2026-07-10 14:48:00",search,rec_v1,4,0
3344,617,84,"2026-06-01 06:53:00",continue_watching,rec_v1,19,0
3345,723,20,"2026-07-23 10:30:00",home,rec_v2,11,0
3346,532,29,"2026-06-04 07:06:00",search,rec_v1,7,0
3347,966,25,"2026-06-23 11:37:00",home,rec_v1,18,0
3348,784,11,"2026-07-06 15:49:00",home,rec_v1,18,1
3349,266,33,"2026-07-04 00:59:00",search,rec_v1,10,0
3350,106,95,"2026-06-22 06:25:00",search,rec_v1,2,0
3351,754,27,"2026-05-16 18:46:00",home,rec_v2,5,0
3352,198,76,"2026-05-09 06:05:00",continue_watching,rec_v2,13,1
3353,870,14,"2026-07-26 16:15:00",home,rec_v1,2,1
3354,304,3,"2026-06-10 22:33:00",home,rec_v1,4,0
3355,632,105,"2026-06-02 19:39:00",search,rec_v2,11,0
3356,417,111,"2026-05-22 14:33:00",detail_page,rec_v2,11,0
3357,311,31,"2026-07-11 06:40:00",search,rec_v1,20,0
3358,145,105,"2026-07-25 10:45:00",search,rec_v2,11,0
3359,427,79,"2026-07-02 07:10:00",home,rec_v1,1,0
3360,108,98,"2026-07-29 09:39:00",search,rec_v1,1,1
3361,861,135,"2026-06-27 22:20:00",home,rec_v2,5,0
3362,127,104,"2026-06-18 17:55:00",home,rec_v1,5,0
3363,649,128,"2026-06-02 09:20:00",continue_watching,rec_v2,6,0
3364,391,146,"2026-07-10 21:57:00",home,rec_v1,1,0
3365,647,70,"2026-06-15 04:46:00",search,rec_v1,1,1
3366,505,34,"2026-07-09 04:23:00",home,rec_v2,2,0
3367,162,38,"2026-05-03 18:38:00",home,rec_v2,9,0
3368,631,127,"2026-07-06 21:40:00",home,rec_v1,18,0
3369,126,38,"2026-06-25 12:41:00",home,rec_v2,11,0
3370,735,12,"2026-05-31 03:28:00",detail_page,rec_v1,5,0
3371,971,133,"2026-06-06 08:34:00",home,rec_v2,2,0
3372,30,45,"2026-07-12 00:36:00",continue_watching,rec_v1,9,1
3373,868,77,"2026-07-20 16:23:00",search,rec_v2,13,0
3374,622,88,"2026-05-04 19:00:00",detail_page,rec_v1,9,0
3375,650,129,"2026-07-28 11:28:00",detail_page,rec_v2,14,0
3376,705,67,"2026-05-19 14:09:00",home,rec_v2,11,0
3377,363,111,"2026-07-13 07:06:00",home,rec_v2,17,0
3378,523,114,"2026-07-06 06:21:00",continue_watching,rec_v2,14,0
3379,934,61,"2026-05-07 17:48:00",home,rec_v1,14,0
3380,907,36,"2026-07-16 18:19:00",search,rec_v1,4,0
3381,889,50,"2026-06-20 14:37:00",home,rec_v2,16,0
3382,284,115,"2026-07-22 03:39:00",continue_watching,rec_v1,7,0
3383,213,85,"2026-05-12 00:52:00",detail_page,rec_v2,17,0
3384,784,83,"2026-07-06 10:23:00",home,rec_v1,19,0
3385,76,32,"2026-05-24 15:08:00",search,rec_v1,12,0
3386,452,33,"2026-06-21 01:04:00",home,rec_v2,3,0
3387,419,122,"2026-05-20 13:47:00",search,rec_v2,8,0
3388,748,101,"2026-06-14 21:54:00",home,rec_v2,17,0
3389,414,136,"2026-07-08 02:29:00",detail_page,rec_v2,13,0
3390,153,43,"2026-06-03 10:56:00",detail_page,rec_v1,6,0
3391,169,138,"2026-07-22 00:25:00",home,rec_v1,17,0
3392,252,96,"2026-05-20 02:01:00",home,rec_v2,14,0
3393,306,109,"2026-06-14 03:24:00",continue_watching,rec_v2,17,1
3394,286,83,"2026-07-12 23:21:00",search,rec_v2,9,0
3395,589,84,"2026-07-15 15:14:00",search,rec_v2,5,1
3396,701,85,"2026-06-24 14:03:00",search,rec_v2,9,0
3397,469,71,"2026-05-08 22:01:00",continue_watching,rec_v1,10,0
3398,396,41,"2026-06-09 00:09:00",home,rec_v1,4,0
3399,634,127,"2026-06-08 15:07:00",home,rec_v1,9,0
3400,365,82,"2026-05-07 13:09:00",detail_page,rec_v2,10,0
3401,627,104,"2026-06-10 02:30:00",search,rec_v2,8,0
3402,9,13,"2026-06-21 11:50:00",continue_watching,rec_v2,17,0
3403,63,29,"2026-06-06 01:04:00",detail_page,rec_v1,3,0
3404,336,148,"2026-06-13 06:31:00",detail_page,rec_v1,6,0
3405,149,33,"2026-06-17 17:24:00",home,rec_v1,10,0
3406,615,43,"2026-06-13 15:41:00",home,rec_v1,19,0
3407,785,66,"2026-06-09 16:13:00",detail_page,rec_v1,3,0
3408,896,130,"2026-07-28 08:48:00",home,rec_v1,7,0
3409,308,142,"2026-05-01 10:56:00",home,rec_v2,8,0
3410,248,96,"2026-07-12 07:44:00",continue_watching,rec_v2,13,0
3411,498,27,"2026-07-24 12:26:00",home,rec_v2,9,0
3412,17,89,"2026-05-23 07:18:00",search,rec_v2,2,0
3413,448,125,"2026-07-17 21:30:00",home,rec_v2,5,0
3414,50,86,"2026-07-08 05:03:00",home,rec_v2,20,0
3415,110,40,"2026-07-04 16:19:00",search,rec_v2,14,0
3416,642,40,"2026-07-13 02:13:00",search,rec_v1,6,0
3417,901,92,"2026-07-28 06:40:00",home,rec_v1,18,0
3418,21,128,"2026-06-11 07:45:00",home,rec_v2,18,0
3419,937,41,"2026-06-05 03:50:00",home,rec_v2,7,0
3420,380,102,"2026-06-13 11:32:00",search,rec_v2,10,0
3421,3,115,"2026-06-21 01:54:00",search,rec_v1,16,0
3422,85,145,"2026-07-03 10:32:00",search,rec_v1,20,0
3423,468,124,"2026-06-04 02:25:00",home,rec_v1,19,0
3424,284,77,"2026-05-09 17:39:00",detail_page,rec_v1,11,0
3425,103,110,"2026-07-23 12:38:00",home,rec_v1,17,0
3426,779,63,"2026-06-17 02:10:00",detail_page,rec_v2,19,0
3427,451,114,"2026-06-09 12:54:00",home,rec_v2,19,0
3428,493,5,"2026-06-02 22:01:00",home,rec_v2,7,0
3429,314,57,"2026-07-29 13:33:00",detail_page,rec_v2,16,0
3430,881,106,"2026-07-12 21:09:00",search,rec_v1,1,0
3431,273,14,"2026-06-14 07:35:00",home,rec_v1,10,0
3432,355,54,"2026-06-02 18:18:00",search,rec_v2,4,0
3433,680,13,"2026-05-10 23:50:00",home,rec_v2,9,0
3434,880,59,"2026-07-09 18:26:00",home,rec_v2,8,0
3435,839,68,"2026-07-03 04:34:00",search,rec_v1,6,0
3436,375,120,"2026-07-27 13:21:00",search,rec_v2,9,0
3437,351,70,"2026-06-28 23:55:00",continue_watching,rec_v2,10,1
3438,479,55,"2026-06-26 09:28:00",detail_page,rec_v1,8,0
3439,550,94,"2026-07-27 23:52:00",home,rec_v1,19,0
3440,857,89,"2026-06-14 05:38:00",detail_page,rec_v2,16,0
3441,514,26,"2026-06-29 11:51:00",home,rec_v1,5,0
3442,932,136,"2026-07-10 09:32:00",continue_watching,rec_v1,7,0
3443,245,55,"2026-07-07 12:11:00",detail_page,rec_v2,15,1
3444,649,25,"2026-05-24 03:55:00",detail_page,rec_v2,19,0
3445,829,63,"2026-07-28 16:09:00",home,rec_v2,11,0
3446,43,133,"2026-07-04 21:17:00",home,rec_v2,12,0
3447,413,10,"2026-05-12 03:57:00",search,rec_v1,20,0
3448,104,5,"2026-05-08 02:01:00",search,rec_v1,2,0
3449,449,10,"2026-07-25 13:43:00",home,rec_v2,19,1
3450,967,136,"2026-05-29 10:53:00",home,rec_v1,13,0
3451,160,29,"2026-07-08 04:47:00",detail_page,rec_v1,18,0
3452,946,150,"2026-06-08 14:43:00",home,rec_v1,12,0
3453,810,110,"2026-06-14 07:26:00",continue_watching,rec_v2,12,0
3454,609,105,"2026-05-05 03:20:00",search,rec_v2,5,1
3455,821,89,"2026-07-14 15:54:00",home,rec_v1,20,1
3456,480,80,"2026-05-16 00:22:00",search,rec_v2,20,0
3457,415,58,"2026-05-29 13:10:00",search,rec_v2,15,0
3458,906,17,"2026-07-26 12:49:00",detail_page,rec_v1,7,0
3459,875,3,"2026-06-30 10:57:00",home,rec_v2,8,0
3460,793,112,"2026-07-16 18:36:00",home,rec_v1,13,0
3461,526,45,"2026-07-28 16:24:00",detail_page,rec_v1,14,0
3462,747,121,"2026-07-13 16:59:00",search,rec_v2,3,1
3463,91,33,"2026-07-01 04:29:00",home,rec_v1,6,1
3464,888,41,"2026-07-13 06:46:00",home,rec_v1,19,0
3465,658,140,"2026-06-21 15:57:00",detail_page,rec_v1,11,0
3466,886,79,"2026-06-05 21:23:00",continue_watching,rec_v2,15,0
3467,645,70,"2026-06-04 08:45:00",continue_watching,rec_v1,6,0
3468,839,82,"2026-05-26 12:01:00",home,rec_v1,4,0
3469,817,137,"2026-06-30 14:18:00",continue_watching,rec_v2,3,1
3470,193,131,"2026-07-27 23:04:00",home,rec_v2,5,1
3471,456,110,"2026-06-16 16:38:00",home,rec_v1,18,0
3472,287,128,"2026-07-25 11:29:00",home,rec_v2,5,1
3473,268,134,"2026-05-23 04:39:00",home,rec_v2,9,0
3474,921,25,"2026-05-11 03:07:00",home,rec_v1,18,0
3475,399,3,"2026-05-18 19:17:00",home,rec_v2,13,0
3476,480,124,"2026-05-05 04:56:00",detail_page,rec_v1,14,0
3477,495,112,"2026-05-10 20:49:00",continue_watching,rec_v1,15,0
3478,759,96,"2026-05-01 05:38:00",search,rec_v2,3,0
3479,190,25,"2026-06-15 10:03:00",home,rec_v2,18,0
3480,529,102,"2026-06-21 01:20:00",home,rec_v2,4,0
3481,834,148,"2026-05-21 05:46:00",home,rec_v1,13,0
3482,671,85,"2026-07-12 10:33:00",home,rec_v2,15,0
3483,603,22,"2026-06-06 12:36:00",home,rec_v1,20,0
3484,397,65,"2026-07-12 11:04:00",detail_page,rec_v1,19,0
3485,769,125,"2026-06-28 17:24:00",home,rec_v2,5,0
3486,678,30,"2026-07-04 04:27:00",continue_watching,rec_v2,2,1
3487,588,26,"2026-05-18 02:19:00",home,rec_v1,19,0
3488,978,3,"2026-06-12 02:03:00",home,rec_v1,11,0
3489,69,64,"2026-06-28 00:53:00",continue_watching,rec_v1,11,0
3490,412,1,"2026-05-13 19:08:00",home,rec_v2,19,0
3491,775,7,"2026-06-20 02:22:00",detail_page,rec_v2,12,0
3492,527,3,"2026-05-13 21:15:00",continue_watching,rec_v1,7,0
3493,377,140,"2026-05-22 00:10:00",detail_page,rec_v2,7,0
3494,637,22,"2026-05-01 09:18:00",home,rec_v2,8,0
3495,335,22,"2026-06-13 16:36:00",home,rec_v2,13,0
3496,791,89,"2026-05-12 02:46:00",home,rec_v1,3,0
3497,930,23,"2026-05-14 16:51:00",continue_watching,rec_v1,7,1
3498,593,4,"2026-07-24 19:23:00",home,rec_v2,4,0
3499,505,21,"2026-07-18 00:11:00",search,rec_v1,7,1
3500,915,147,"2026-05-28 14:55:00",home,rec_v2,13,1
3501,605,83,"2026-05-20 00:12:00",home,rec_v2,18,0
3502,775,143,"2026-06-11 06:47:00",detail_page,rec_v2,15,0
3503,684,112,"2026-07-18 01:41:00",home,rec_v2,9,0
3504,333,117,"2026-07-01 13:26:00",search,rec_v1,3,0
3505,484,61,"2026-05-05 01:26:00",home,rec_v1,9,0
3506,431,116,"2026-05-31 08:10:00",continue_watching,rec_v2,9,0
3507,349,30,"2026-07-10 22:48:00",home,rec_v2,18,0
3508,601,78,"2026-07-03 19:09:00",continue_watching,rec_v2,7,0
3509,555,24,"2026-06-01 08:26:00",home,rec_v2,10,0
3510,53,117,"2026-06-24 02:22:00",detail_page,rec_v2,19,0
3511,307,123,"2026-06-07 15:25:00",detail_page,rec_v1,4,1
3512,590,122,"2026-06-05 16:47:00",home,rec_v2,12,0
3513,762,90,"2026-06-08 01:51:00",home,rec_v1,17,0
3514,467,39,"2026-05-16 03:32:00",home,rec_v1,10,0
3515,275,7,"2026-07-09 00:20:00",home,rec_v1,20,0
3516,980,98,"2026-06-18 02:21:00",continue_watching,rec_v2,1,0
3517,389,47,"2026-07-23 22:30:00",continue_watching,rec_v2,3,1
3518,488,9,"2026-06-26 20:53:00",detail_page,rec_v2,15,0
3519,450,96,"2026-06-12 15:12:00",home,rec_v1,19,0
3520,846,105,"2026-05-14 03:15:00",home,rec_v2,15,0
3521,901,114,"2026-05-07 08:23:00",detail_page,rec_v1,2,0
3522,778,62,"2026-07-29 23:05:00",home,rec_v1,18,0
3523,177,48,"2026-06-30 03:17:00",detail_page,rec_v2,18,0
3524,669,43,"2026-05-27 03:52:00",home,rec_v1,7,0
3525,795,62,"2026-05-05 17:20:00",detail_page,rec_v1,20,0
3526,236,65,"2026-05-26 11:30:00",home,rec_v2,1,0
3527,975,97,"2026-06-21 12:26:00",continue_watching,rec_v2,8,0
3528,3,103,"2026-06-25 16:52:00",home,rec_v1,7,0
3529,551,101,"2026-05-30 09:51:00",detail_page,rec_v2,3,1
3530,883,68,"2026-05-24 02:27:00",search,rec_v2,10,0
3531,799,88,"2026-05-23 08:06:00",home,rec_v1,9,0
3532,359,80,"2026-07-22 07:56:00",home,rec_v1,11,0
3533,455,106,"2026-07-09 04:32:00",continue_watching,rec_v1,12,0
3534,31,123,"2026-06-20 17:04:00",continue_watching,rec_v2,18,0
3535,984,115,"2026-06-19 13:09:00",home,rec_v1,2,0
3536,605,34,"2026-05-16 08:42:00",home,rec_v1,16,1
3537,637,84,"2026-06-20 23:44:00",home,rec_v2,7,0
3538,795,148,"2026-06-30 05:47:00",home,rec_v2,19,0
3539,496,41,"2026-07-23 17:05:00",continue_watching,rec_v2,7,0
3540,717,20,"2026-05-23 21:37:00",detail_page,rec_v2,19,0
3541,419,45,"2026-06-22 10:53:00",detail_page,rec_v2,19,0
3542,308,30,"2026-06-08 21:02:00",home,rec_v1,6,0
3543,519,2,"2026-06-12 20:55:00",home,rec_v2,3,0
3544,184,135,"2026-06-14 09:19:00",home,rec_v1,5,0
3545,151,41,"2026-07-06 12:04:00",detail_page,rec_v1,3,0
3546,501,93,"2026-05-28 02:01:00",home,rec_v2,3,0
3547,543,128,"2026-06-26 09:20:00",home,rec_v1,2,0
3548,276,104,"2026-06-07 18:41:00",home,rec_v2,11,0
3549,19,26,"2026-06-02 08:37:00",home,rec_v2,9,0
3550,846,14,"2026-05-21 22:01:00",continue_watching,rec_v2,2,0
3551,931,88,"2026-05-27 14:39:00",detail_page,rec_v1,7,1
3552,520,127,"2026-05-13 21:40:00",continue_watching,rec_v1,13,0
3553,660,3,"2026-06-08 19:08:00",home,rec_v1,9,0
3554,609,40,"2026-05-21 20:31:00",home,rec_v2,3,0
3555,680,137,"2026-06-01 03:38:00",search,rec_v1,20,0
3556,8,25,"2026-06-03 05:18:00",home,rec_v1,19,0
3557,624,124,"2026-06-30 22:07:00",home,rec_v1,12,1
3558,159,141,"2026-07-05 21:12:00",detail_page,rec_v1,8,0
3559,153,145,"2026-06-10 22:57:00",detail_page,rec_v2,19,0
3560,203,123,"2026-06-23 07:01:00",home,rec_v1,19,0
3561,352,138,"2026-07-27 19:20:00",continue_watching,rec_v2,11,0
3562,80,110,"2026-07-16 16:04:00",home,rec_v2,3,0
3563,169,5,"2026-07-22 06:54:00",detail_page,rec_v2,15,0
3564,880,29,"2026-07-12 01:31:00",continue_watching,rec_v1,10,0
3565,479,61,"2026-06-23 01:11:00",home,rec_v2,5,0
3566,82,133,"2026-07-24 06:10:00",search,rec_v1,6,0
3567,589,121,"2026-07-06 05:30:00",home,rec_v2,15,0
3568,904,67,"2026-05-28 00:57:00",home,rec_v2,7,0
3569,351,78,"2026-06-26 16:10:00",continue_watching,rec_v2,6,0
3570,888,97,"2026-06-02 22:35:00",search,rec_v2,13,0
3571,872,79,"2026-05-21 06:42:00",continue_watching,rec_v1,6,0
3572,586,13,"2026-07-09 10:34:00",detail_page,rec_v2,18,0
3573,657,76,"2026-05-12 09:51:00",home,rec_v2,2,0
3574,739,13,"2026-06-21 15:59:00",home,rec_v1,14,0
3575,495,59,"2026-06-13 11:56:00",home,rec_v2,6,0
3576,712,36,"2026-05-12 11:00:00",home,rec_v1,2,0
3577,801,60,"2026-05-05 19:53:00",search,rec_v1,9,0
3578,645,16,"2026-07-23 01:06:00",home,rec_v2,5,0
3579,112,30,"2026-07-08 11:04:00",search,rec_v1,13,0
3580,68,67,"2026-06-14 17:21:00",continue_watching,rec_v2,14,0
3581,807,4,"2026-07-19 23:46:00",home,rec_v1,17,0
3582,941,58,"2026-05-20 18:58:00",continue_watching,rec_v2,15,0
3583,168,41,"2026-06-22 08:33:00",search,rec_v1,11,0
3584,701,107,"2026-07-22 23:24:00",detail_page,rec_v2,3,0
3585,256,6,"2026-07-11 21:00:00",home,rec_v2,6,0
3586,477,61,"2026-06-06 15:40:00",home,rec_v1,7,0
3587,577,5,"2026-06-22 07:20:00",home,rec_v1,14,0
3588,465,105,"2026-05-07 03:34:00",continue_watching,rec_v2,10,0
3589,516,126,"2026-05-23 16:51:00",detail_page,rec_v2,11,0
3590,961,14,"2026-07-05 00:37:00",continue_watching,rec_v1,8,0
3591,635,127,"2026-06-24 11:51:00",home,rec_v1,14,0
3592,373,69,"2026-07-26 02:45:00",search,rec_v1,10,0
3593,701,148,"2026-06-06 10:20:00",search,rec_v2,11,0
3594,758,47,"2026-07-12 00:22:00",continue_watching,rec_v2,6,0
3595,572,57,"2026-05-31 10:27:00",search,rec_v1,17,1
3596,255,54,"2026-05-05 14:15:00",home,rec_v1,14,0
3597,866,46,"2026-05-14 21:12:00",home,rec_v2,9,1
3598,732,118,"2026-05-15 07:35:00",home,rec_v1,12,1
3599,410,13,"2026-05-12 10:11:00",home,rec_v1,11,1
3600,548,128,"2026-05-05 22:16:00",detail_page,rec_v2,2,0
3601,156,77,"2026-07-26 03:13:00",home,rec_v2,3,1
3602,877,23,"2026-05-12 23:28:00",home,rec_v1,16,0
3603,78,24,"2026-07-16 20:47:00",home,rec_v2,1,0
3604,761,58,"2026-07-06 09:01:00",detail_page,rec_v2,3,0
3605,896,121,"2026-05-11 00:27:00",home,rec_v2,11,0
3606,973,32,"2026-07-21 09:16:00",continue_watching,rec_v2,8,0
3607,528,34,"2026-07-29 06:17:00",home,rec_v1,1,0
3608,441,31,"2026-07-07 19:26:00",home,rec_v1,18,0
3609,914,111,"2026-05-22 14:42:00",home,rec_v1,1,0
3610,963,19,"2026-05-29 11:01:00",home,rec_v1,2,0
3611,576,99,"2026-06-15 14:23:00",detail_page,rec_v2,20,0
3612,899,20,"2026-05-28 20:37:00",home,rec_v1,14,1
3613,44,10,"2026-05-10 22:46:00",home,rec_v2,14,0
3614,870,13,"2026-07-06 16:33:00",home,rec_v1,16,0
3615,538,129,"2026-06-20 17:22:00",home,rec_v1,2,0
3616,998,101,"2026-06-29 18:01:00",home,rec_v1,18,0
3617,418,131,"2026-06-13 01:34:00",detail_page,rec_v2,3,0
3618,702,91,"2026-07-24 21:17:00",home,rec_v1,12,0
3619,677,98,"2026-05-31 09:47:00",continue_watching,rec_v1,13,0
3620,537,9,"2026-05-02 02:16:00",search,rec_v1,16,0
3621,2,142,"2026-05-11 05:14:00",detail_page,rec_v2,15,0
3622,198,118,"2026-05-20 04:27:00",home,rec_v2,1,0
3623,229,8,"2026-07-27 07:54:00",search,rec_v1,13,0
3624,976,134,"2026-07-09 04:45:00",search,rec_v2,4,0
3625,355,73,"2026-06-25 07:14:00",search,rec_v2,15,0
3626,267,100,"2026-06-13 18:20:00",home,rec_v1,14,0
3627,528,107,"2026-06-10 21:49:00",home,rec_v2,16,0
3628,87,109,"2026-05-28 16:48:00",home,rec_v1,12,0
3629,815,94,"2026-07-14 17:33:00",home,rec_v2,8,0
3630,92,129,"2026-05-05 10:38:00",continue_watching,rec_v2,7,0
3631,151,5,"2026-07-05 12:20:00",home,rec_v2,17,0
3632,355,110,"2026-05-31 03:41:00",detail_page,rec_v1,8,0
3633,721,123,"2026-06-13 21:11:00",detail_page,rec_v1,7,1
3634,111,96,"2026-05-26 18:35:00",search,rec_v1,1,0
3635,148,68,"2026-06-30 12:14:00",home,rec_v2,10,0
3636,25,15,"2026-06-01 03:19:00",home,rec_v1,17,0
3637,738,10,"2026-06-30 14:28:00",search,rec_v1,19,0
3638,412,118,"2026-05-22 13:31:00",search,rec_v2,5,0
3639,100,101,"2026-05-20 12:42:00",home,rec_v2,8,0
3640,791,16,"2026-05-03 12:04:00",home,rec_v1,10,0
3641,162,79,"2026-06-26 07:02:00",continue_watching,rec_v1,16,0
3642,732,72,"2026-05-10 16:20:00",home,rec_v2,11,0
3643,424,100,"2026-05-14 21:22:00",search,rec_v2,7,0
3644,535,97,"2026-05-15 06:27:00",home,rec_v1,15,0
3645,648,104,"2026-05-06 01:38:00",home,rec_v1,8,1
3646,382,98,"2026-07-07 16:19:00",search,rec_v1,6,0
3647,676,95,"2026-06-17 05:01:00",search,rec_v1,9,0
3648,529,43,"2026-07-10 06:54:00",continue_watching,rec_v1,11,1
3649,223,149,"2026-05-12 13:37:00",search,rec_v2,9,0
3650,629,9,"2026-06-23 03:07:00",search,rec_v1,14,1
3651,331,142,"2026-07-13 18:09:00",detail_page,rec_v2,10,0
3652,16,38,"2026-05-15 13:40:00",detail_page,rec_v2,18,0
3653,550,140,"2026-07-16 03:07:00",home,rec_v1,8,0
3654,241,119,"2026-05-07 23:47:00",home,rec_v1,8,0
3655,858,29,"2026-07-23 03:21:00",search,rec_v1,13,0
3656,647,32,"2026-07-23 17:57:00",home,rec_v1,20,0
3657,686,147,"2026-06-07 04:57:00",home,rec_v1,1,0
3658,954,24,"2026-07-19 11:52:00",search,rec_v1,4,0
3659,824,33,"2026-07-06 18:39:00",home,rec_v2,20,0
3660,312,125,"2026-06-07 05:55:00",search,rec_v1,10,1
3661,529,27,"2026-05-11 02:11:00",continue_watching,rec_v1,10,1
3662,944,22,"2026-07-03 11:30:00",detail_page,rec_v1,11,0
3663,456,1,"2026-05-29 04:35:00",home,rec_v1,17,0
3664,2,147,"2026-07-07 19:07:00",home,rec_v1,13,0
3665,304,129,"2026-06-11 18:12:00",search,rec_v1,1,1
3666,279,81,"2026-06-13 03:02:00",home,rec_v1,15,0
3667,484,69,"2026-07-11 23:00:00",home,rec_v2,1,0
3668,879,116,"2026-05-25 04:02:00",home,rec_v2,1,0
3669,236,64,"2026-06-25 09:11:00",home,rec_v1,13,0
3670,630,74,"2026-05-09 02:20:00",home,rec_v2,10,1
3671,18,58,"2026-05-16 06:37:00",home,rec_v2,12,0
3672,67,143,"2026-05-05 03:20:00",home,rec_v2,8,1
3673,84,7,"2026-06-18 14:08:00",search,rec_v2,10,0
3674,97,43,"2026-05-30 07:40:00",home,rec_v1,13,0
3675,22,16,"2026-05-26 13:37:00",home,rec_v2,15,0
3676,898,144,"2026-06-04 11:00:00",detail_page,rec_v2,17,0
3677,72,120,"2026-05-02 02:28:00",continue_watching,rec_v1,13,0
3678,26,14,"2026-07-23 20:43:00",continue_watching,rec_v2,1,0
3679,456,125,"2026-07-26 10:37:00",continue_watching,rec_v1,16,0
3680,930,80,"2026-06-24 04:55:00",home,rec_v1,2,0
3681,106,29,"2026-07-24 19:03:00",continue_watching,rec_v2,4,0
3682,778,109,"2026-07-15 17:51:00",home,rec_v1,9,0
3683,175,24,"2026-05-25 09:33:00",home,rec_v1,12,0
3684,607,109,"2026-06-10 18:06:00",home,rec_v1,8,0
3685,532,78,"2026-06-30 09:38:00",search,rec_v2,11,0
3686,166,59,"2026-06-21 15:49:00",continue_watching,rec_v2,1,0
3687,745,60,"2026-06-02 18:51:00",home,rec_v1,2,0
3688,712,150,"2026-06-23 02:54:00",home,rec_v2,12,0
3689,396,29,"2026-07-27 03:07:00",detail_page,rec_v2,15,0
3690,466,56,"2026-07-27 12:29:00",search,rec_v2,14,0
3691,159,70,"2026-06-16 02:36:00",search,rec_v1,7,0
3692,832,144,"2026-07-14 21:10:00",home,rec_v2,11,0
3693,250,40,"2026-07-18 19:16:00",search,rec_v2,18,0
3694,95,67,"2026-07-03 20:00:00",home,rec_v1,9,0
3695,811,32,"2026-07-21 10:09:00",detail_page,rec_v2,15,0
3696,441,2,"2026-06-03 05:59:00",home,rec_v1,16,0
3697,845,82,"2026-06-12 02:21:00",search,rec_v1,4,0
3698,348,7,"2026-06-05 18:57:00",detail_page,rec_v1,12,0
3699,403,78,"2026-06-06 11:13:00",home,rec_v2,1,1
3700,6,60,"2026-06-24 13:11:00",detail_page,rec_v2,5,0
3701,861,26,"2026-07-05 22:15:00",search,rec_v2,13,0
3702,598,39,"2026-06-02 23:03:00",home,rec_v1,11,1
3703,399,14,"2026-05-01 15:29:00",home,rec_v1,4,0
3704,768,15,"2026-05-08 13:40:00",detail_page,rec_v2,3,0
3705,867,150,"2026-06-11 20:10:00",home,rec_v2,9,0
3706,765,132,"2026-05-08 10:54:00",home,rec_v1,8,1
3707,144,50,"2026-06-18 07:40:00",continue_watching,rec_v2,19,0
3708,783,144,"2026-07-17 14:44:00",home,rec_v1,7,0
3709,224,19,"2026-05-06 14:02:00",home,rec_v2,17,0
3710,693,120,"2026-07-26 08:26:00",search,rec_v2,12,0
3711,743,108,"2026-05-07 09:22:00",search,rec_v1,3,0
3712,544,141,"2026-05-13 09:33:00",continue_watching,rec_v1,14,0
3713,84,135,"2026-07-06 04:40:00",continue_watching,rec_v2,4,0
3714,65,58,"2026-07-15 09:49:00",home,rec_v1,14,0
3715,120,112,"2026-06-25 07:12:00",home,rec_v1,11,0
3716,625,17,"2026-06-07 16:01:00",detail_page,rec_v2,9,1
3717,752,59,"2026-06-29 22:42:00",home,rec_v2,5,0
3718,547,39,"2026-07-20 14:25:00",continue_watching,rec_v2,15,0
3719,180,98,"2026-07-20 20:00:00",search,rec_v2,19,0
3720,867,146,"2026-05-30 04:58:00",detail_page,rec_v1,6,0
3721,929,107,"2026-07-09 07:45:00",home,rec_v2,17,0
3722,985,64,"2026-07-12 22:45:00",continue_watching,rec_v2,18,0
3723,116,30,"2026-05-07 18:29:00",home,rec_v1,8,1
3724,26,83,"2026-06-21 03:33:00",search,rec_v1,11,0
3725,357,15,"2026-07-10 04:06:00",search,rec_v2,6,0
3726,544,123,"2026-07-24 13:35:00",search,rec_v1,12,0
3727,705,39,"2026-05-02 10:32:00",detail_page,rec_v2,13,0
3728,480,44,"2026-05-11 13:54:00",home,rec_v2,13,0
3729,222,38,"2026-05-18 07:37:00",home,rec_v2,3,0
3730,7,45,"2026-06-26 15:50:00",home,rec_v2,15,0
3731,739,117,"2026-07-28 07:22:00",continue_watching,rec_v1,20,0
3732,501,149,"2026-05-29 17:58:00",detail_page,rec_v1,19,0
3733,836,38,"2026-05-24 04:44:00",detail_page,rec_v2,3,1
3734,224,136,"2026-06-08 17:56:00",home,rec_v2,13,0
3735,475,111,"2026-05-10 11:21:00",home,rec_v2,18,0
3736,871,42,"2026-05-19 16:27:00",home,rec_v1,18,1
3737,761,131,"2026-07-03 15:55:00",home,rec_v1,9,0
3738,573,36,"2026-06-16 12:54:00",search,rec_v1,4,1
3739,652,113,"2026-05-21 21:24:00",detail_page,rec_v2,10,0
3740,153,48,"2026-05-01 05:49:00",search,rec_v1,3,0
3741,866,6,"2026-06-20 02:23:00",home,rec_v2,9,0
3742,72,112,"2026-07-02 01:35:00",detail_page,rec_v2,20,0
3743,781,54,"2026-06-27 06:34:00",home,rec_v1,6,0
3744,749,84,"2026-06-02 04:11:00",home,rec_v1,1,0
3745,907,21,"2026-05-03 22:41:00",search,rec_v2,18,0
3746,728,33,"2026-05-12 17:24:00",home,rec_v1,7,0
3747,14,54,"2026-06-08 01:52:00",home,rec_v2,5,1
3748,237,1,"2026-07-04 04:56:00",continue_watching,rec_v2,5,0
3749,656,71,"2026-05-18 23:25:00",continue_watching,rec_v2,7,0
3750,446,147,"2026-05-13 21:12:00",detail_page,rec_v1,20,0
3751,426,102,"2026-05-21 03:01:00",home,rec_v2,20,0
3752,572,121,"2026-07-06 03:54:00",detail_page,rec_v1,8,0
3753,2,66,"2026-06-04 00:36:00",home,rec_v2,3,0
3754,399,26,"2026-06-09 16:13:00",home,rec_v2,1,1
3755,103,85,"2026-07-06 08:14:00",detail_page,rec_v2,14,0
3756,595,106,"2026-07-15 13:27:00",detail_page,rec_v1,19,0
3757,99,31,"2026-06-02 15:30:00",home,rec_v1,20,0
3758,418,147,"2026-07-29 00:57:00",detail_page,rec_v1,7,0
3759,857,42,"2026-07-04 11:24:00",home,rec_v1,8,0
3760,137,142,"2026-07-25 03:31:00",home,rec_v1,15,0
3761,652,78,"2026-05-22 09:23:00",home,rec_v2,2,0
3762,872,79,"2026-06-15 05:35:00",continue_watching,rec_v1,11,0
3763,693,51,"2026-06-24 05:34:00",home,rec_v1,3,1
3764,328,130,"2026-07-02 10:12:00",home,rec_v1,15,0
3765,557,142,"2026-06-18 23:56:00",home,rec_v1,8,1
3766,261,92,"2026-07-13 00:44:00",continue_watching,rec_v1,19,0
3767,857,140,"2026-06-09 07:12:00",home,rec_v2,5,1
3768,226,95,"2026-07-27 03:12:00",detail_page,rec_v2,12,0
3769,186,12,"2026-05-30 16:07:00",detail_page,rec_v2,19,0
3770,329,114,"2026-06-15 03:21:00",search,rec_v1,4,0
3771,805,115,"2026-06-23 22:08:00",detail_page,rec_v1,1,0
3772,777,85,"2026-06-12 13:47:00",home,rec_v1,15,0
3773,333,27,"2026-05-08 23:43:00",continue_watching,rec_v1,18,0
3774,914,92,"2026-07-28 02:35:00",search,rec_v2,2,0
3775,112,90,"2026-06-30 00:15:00",continue_watching,rec_v1,6,0
3776,211,52,"2026-06-04 11:45:00",detail_page,rec_v2,2,1
3777,444,19,"2026-05-12 19:46:00",detail_page,rec_v1,1,0
3778,943,127,"2026-05-26 13:20:00",home,rec_v1,4,0
3779,749,147,"2026-06-25 00:06:00",detail_page,rec_v2,19,0
3780,866,33,"2026-06-12 11:10:00",home,rec_v2,13,0
3781,935,57,"2026-05-20 05:28:00",search,rec_v2,18,0
3782,693,91,"2026-07-20 07:52:00",detail_page,rec_v2,18,0
3783,525,102,"2026-06-16 15:38:00",detail_page,rec_v2,8,0
3784,479,102,"2026-07-03 09:54:00",home,rec_v1,1,0
3785,509,73,"2026-06-26 00:31:00",search,rec_v2,9,0
3786,701,65,"2026-07-19 03:33:00",detail_page,rec_v2,4,0
3787,45,116,"2026-06-06 16:20:00",search,rec_v1,14,0
3788,656,88,"2026-05-26 22:10:00",detail_page,rec_v2,15,0
3789,582,28,"2026-07-02 17:57:00",home,rec_v2,8,0
3790,668,132,"2026-05-20 01:13:00",continue_watching,rec_v2,19,0
3791,474,147,"2026-07-27 22:32:00",home,rec_v2,15,0
3792,229,128,"2026-05-31 00:36:00",home,rec_v1,13,0
3793,317,56,"2026-05-28 21:44:00",detail_page,rec_v2,7,1
3794,981,100,"2026-05-09 13:10:00",continue_watching,rec_v1,11,0
3795,658,1,"2026-06-14 18:38:00",search,rec_v1,13,0
3796,153,49,"2026-05-18 23:09:00",detail_page,rec_v2,10,1
3797,419,149,"2026-06-23 12:13:00",search,rec_v1,18,0
3798,785,12,"2026-07-06 06:26:00",home,rec_v1,5,0
3799,700,101,"2026-05-29 16:15:00",home,rec_v2,8,0
3800,688,85,"2026-07-13 14:59:00",home,rec_v2,5,0
3801,707,14,"2026-05-18 03:30:00",home,rec_v1,8,0
3802,499,20,"2026-05-27 13:55:00",home,rec_v2,2,0
3803,728,92,"2026-05-29 13:51:00",home,rec_v2,2,0
3804,153,10,"2026-05-04 17:27:00",home,rec_v2,9,1
3805,960,93,"2026-06-21 07:12:00",home,rec_v2,13,0
3806,164,28,"2026-06-20 03:42:00",search,rec_v1,5,0
3807,750,4,"2026-07-16 16:59:00",home,rec_v1,15,0
3808,106,40,"2026-05-16 08:52:00",continue_watching,rec_v1,1,0
3809,304,73,"2026-06-08 03:51:00",search,rec_v2,8,0
3810,960,66,"2026-06-03 18:24:00",home,rec_v2,19,0
3811,130,105,"2026-05-20 07:39:00",detail_page,rec_v2,1,0
3812,499,138,"2026-06-25 03:12:00",detail_page,rec_v2,7,0
3813,141,125,"2026-06-07 07:31:00",continue_watching,rec_v1,19,0
3814,64,68,"2026-07-01 17:55:00",detail_page,rec_v1,1,0
3815,711,63,"2026-06-06 10:29:00",search,rec_v1,14,0
3816,577,5,"2026-05-17 17:23:00",continue_watching,rec_v1,5,1
3817,469,10,"2026-06-09 06:59:00",search,rec_v2,1,0
3818,69,88,"2026-07-01 17:35:00",home,rec_v1,2,1
3819,259,80,"2026-06-25 16:03:00",home,rec_v2,20,0
3820,168,30,"2026-06-04 19:20:00",home,rec_v1,18,0
3821,703,61,"2026-07-08 17:07:00",detail_page,rec_v1,19,0
3822,876,19,"2026-07-07 09:56:00",search,rec_v2,20,0
3823,3,87,"2026-05-21 10:03:00",home,rec_v1,6,0
3824,428,11,"2026-07-18 19:34:00",home,rec_v1,5,0
3825,669,119,"2026-06-10 10:57:00",detail_page,rec_v1,15,0
3826,324,74,"2026-06-26 11:22:00",search,rec_v2,18,0
3827,456,43,"2026-07-21 01:41:00",search,rec_v1,2,0
3828,155,41,"2026-07-03 01:48:00",detail_page,rec_v1,3,0
3829,172,108,"2026-07-28 20:11:00",search,rec_v1,10,0
3830,721,108,"2026-06-03 06:49:00",search,rec_v2,5,0
3831,278,126,"2026-06-07 04:03:00",home,rec_v2,1,0
3832,908,68,"2026-06-10 01:06:00",home,rec_v2,11,0
3833,473,56,"2026-06-11 05:41:00",search,rec_v2,16,0
3834,928,138,"2026-05-24 17:52:00",home,rec_v1,20,0
3835,326,123,"2026-06-12 14:35:00",search,rec_v1,14,1
3836,527,129,"2026-06-25 05:16:00",search,rec_v1,18,0
3837,409,134,"2026-05-06 13:54:00",detail_page,rec_v1,17,0
3838,151,103,"2026-07-02 12:48:00",detail_page,rec_v2,9,0
3839,28,1,"2026-06-01 02:14:00",home,rec_v2,3,0
3840,965,109,"2026-05-04 00:41:00",home,rec_v2,18,0
3841,814,52,"2026-05-07 18:14:00",detail_page,rec_v2,13,0
3842,484,148,"2026-07-16 06:53:00",home,rec_v1,5,0
3843,537,49,"2026-07-21 16:45:00",home,rec_v1,9,0
3844,702,93,"2026-05-22 16:24:00",continue_watching,rec_v2,3,0
3845,811,5,"2026-05-08 17:07:00",search,rec_v1,20,0
3846,268,143,"2026-05-02 19:04:00",search,rec_v1,4,0
3847,709,132,"2026-07-10 22:43:00",detail_page,rec_v2,16,0
3848,106,94,"2026-05-16 12:34:00",home,rec_v2,4,0
3849,57,121,"2026-07-15 06:37:00",home,rec_v2,8,0
3850,999,141,"2026-06-22 16:48:00",home,rec_v2,20,0
3851,717,39,"2026-06-28 23:49:00",continue_watching,rec_v2,3,0
3852,336,18,"2026-05-09 08:04:00",home,rec_v1,2,0
3853,53,28,"2026-06-15 04:19:00",search,rec_v2,1,0
3854,13,96,"2026-05-05 09:00:00",home,rec_v2,19,0
3855,703,59,"2026-07-04 00:26:00",detail_page,rec_v1,2,1
3856,177,121,"2026-06-03 04:12:00",continue_watching,rec_v2,9,0
3857,691,86,"2026-06-28 06:06:00",home,rec_v2,11,0
3858,767,116,"2026-07-08 02:23:00",home,rec_v1,12,0
3859,680,67,"2026-06-30 21:20:00",search,rec_v1,10,1
3860,452,75,"2026-05-04 13:57:00",continue_watching,rec_v2,3,0
3861,193,62,"2026-06-11 17:47:00",continue_watching,rec_v1,15,0
3862,816,102,"2026-07-07 11:57:00",search,rec_v2,13,0
3863,762,97,"2026-07-09 19:48:00",continue_watching,rec_v2,11,0
3864,91,118,"2026-05-28 09:56:00",search,rec_v1,12,0
3865,631,101,"2026-06-16 23:40:00",search,rec_v2,9,0
3866,36,132,"2026-05-06 07:23:00",home,rec_v2,17,0
3867,291,12,"2026-07-01 08:01:00",home,rec_v2,9,0
3868,579,148,"2026-06-20 18:37:00",home,rec_v1,9,0
3869,250,82,"2026-05-14 05:32:00",continue_watching,rec_v1,4,0
3870,93,15,"2026-07-22 22:12:00",detail_page,rec_v2,3,0
3871,257,106,"2026-07-01 15:51:00",home,rec_v2,20,0
3872,170,20,"2026-05-23 02:19:00",home,rec_v2,4,0
3873,215,14,"2026-07-14 12:33:00",detail_page,rec_v1,9,0
3874,872,137,"2026-05-01 18:09:00",continue_watching,rec_v1,5,1
3875,272,40,"2026-06-01 12:12:00",search,rec_v2,5,1
3876,304,140,"2026-07-15 04:56:00",home,rec_v2,18,0
3877,736,37,"2026-07-28 03:28:00",home,rec_v2,16,0
3878,262,139,"2026-05-26 11:45:00",home,rec_v2,1,0
3879,598,64,"2026-07-25 03:34:00",search,rec_v1,16,0
3880,941,65,"2026-07-02 02:16:00",search,rec_v1,3,0
3881,81,118,"2026-05-17 16:07:00",search,rec_v1,9,0
3882,148,47,"2026-06-08 13:51:00",home,rec_v2,20,0
3883,531,117,"2026-06-23 16:10:00",continue_watching,rec_v2,16,0
3884,286,85,"2026-06-16 16:03:00",home,rec_v2,10,0
3885,242,72,"2026-05-01 09:19:00",home,rec_v1,19,0
3886,219,107,"2026-07-21 01:22:00",continue_watching,rec_v2,20,0
3887,713,117,"2026-05-31 07:10:00",detail_page,rec_v1,19,0
3888,386,64,"2026-06-16 23:04:00",search,rec_v1,5,0
3889,862,136,"2026-05-27 01:31:00",detail_page,rec_v2,20,0
3890,737,90,"2026-06-07 01:22:00",home,rec_v1,12,0
3891,823,103,"2026-05-13 09:19:00",detail_page,rec_v1,2,0
3892,831,120,"2026-05-03 13:39:00",detail_page,rec_v2,20,0
3893,31,81,"2026-07-28 02:11:00",home,rec_v2,2,1
3894,219,113,"2026-07-27 09:38:00",detail_page,rec_v2,3,0
3895,651,42,"2026-05-26 20:59:00",home,rec_v2,14,0
3896,65,27,"2026-05-12 20:07:00",search,rec_v1,18,0
3897,504,140,"2026-07-17 03:15:00",home,rec_v2,18,0
3898,49,102,"2026-06-07 21:11:00",home,rec_v2,12,0
3899,523,85,"2026-06-16 17:58:00",home,rec_v1,12,0
3900,726,76,"2026-05-08 06:33:00",search,rec_v1,6,0
3901,565,134,"2026-05-17 00:31:00",home,rec_v1,6,0
3902,536,139,"2026-06-04 16:48:00",home,rec_v1,11,0
3903,629,70,"2026-06-05 12:12:00",search,rec_v2,6,0
3904,912,41,"2026-07-03 01:10:00",detail_page,rec_v2,15,0
3905,337,40,"2026-05-05 01:06:00",home,rec_v1,6,0
3906,554,143,"2026-07-18 22:05:00",continue_watching,rec_v1,6,0
3907,164,5,"2026-05-19 22:21:00",continue_watching,rec_v2,17,0
3908,301,33,"2026-07-11 16:38:00",home,rec_v2,18,0
3909,438,139,"2026-07-03 22:28:00",detail_page,rec_v2,6,0
3910,542,119,"2026-07-07 05:53:00",home,rec_v1,8,0
3911,518,124,"2026-06-10 20:29:00",search,rec_v2,15,0
3912,980,2,"2026-06-07 00:26:00",home,rec_v1,8,0
3913,649,89,"2026-07-14 00:36:00",continue_watching,rec_v2,16,0
3914,913,109,"2026-05-16 18:58:00",home,rec_v1,15,0
3915,731,10,"2026-05-06 02:11:00",home,rec_v1,11,0
3916,723,150,"2026-06-12 18:19:00",home,rec_v1,15,0
3917,652,33,"2026-05-16 11:50:00",search,rec_v2,1,0
3918,168,66,"2026-05-04 19:13:00",detail_page,rec_v1,11,0
3919,298,106,"2026-06-17 10:35:00",search,rec_v1,19,0
3920,914,118,"2026-06-29 02:17:00",home,rec_v1,4,0
3921,995,143,"2026-06-18 22:02:00",continue_watching,rec_v1,12,0
3922,432,74,"2026-06-06 09:13:00",continue_watching,rec_v2,8,0
3923,862,88,"2026-06-04 14:22:00",search,rec_v2,9,0
3924,950,68,"2026-07-07 21:56:00",detail_page,rec_v2,8,0
3925,729,46,"2026-06-26 18:16:00",detail_page,rec_v1,10,0
3926,339,91,"2026-06-18 15:58:00",search,rec_v2,1,1
3927,913,42,"2026-05-22 18:26:00",detail_page,rec_v2,11,0
3928,608,72,"2026-07-27 06:43:00",home,rec_v2,2,0
3929,25,143,"2026-06-24 03:00:00",home,rec_v1,3,1
3930,590,131,"2026-05-03 15:12:00",detail_page,rec_v1,17,0
3931,888,97,"2026-05-14 02:05:00",search,rec_v1,12,0
3932,640,14,"2026-05-30 04:04:00",continue_watching,rec_v1,2,0
3933,18,30,"2026-06-03 07:29:00",detail_page,rec_v1,15,0
3934,828,51,"2026-05-30 16:19:00",home,rec_v1,5,0
3935,461,126,"2026-05-16 01:58:00",search,rec_v2,3,0
3936,949,98,"2026-06-03 07:08:00",search,rec_v2,15,0
3937,596,76,"2026-06-02 04:07:00",continue_watching,rec_v2,19,0
3938,584,95,"2026-07-28 20:40:00",home,rec_v2,11,0
3939,246,100,"2026-05-13 04:44:00",search,rec_v1,15,0
3940,527,94,"2026-07-19 16:11:00",continue_watching,rec_v2,3,0
3941,640,89,"2026-07-25 17:57:00",home,rec_v2,5,0
3942,679,94,"2026-05-14 01:17:00",detail_page,rec_v1,15,0
3943,793,136,"2026-06-28 17:32:00",continue_watching,rec_v1,3,0
3944,321,25,"2026-07-19 12:33:00",home,rec_v1,3,0
3945,930,96,"2026-06-14 17:32:00",home,rec_v2,11,0
3946,824,53,"2026-05-04 16:10:00",detail_page,rec_v1,16,0
3947,784,68,"2026-06-12 03:56:00",home,rec_v1,10,0
3948,194,93,"2026-07-02 04:28:00",continue_watching,rec_v1,3,0
3949,756,73,"2026-07-19 22:08:00",continue_watching,rec_v1,6,0
3950,792,112,"2026-05-22 06:12:00",home,rec_v1,19,0
3951,181,23,"2026-07-14 21:18:00",search,rec_v1,12,0
3952,676,43,"2026-06-02 04:24:00",search,rec_v2,19,0
3953,725,7,"2026-05-26 16:43:00",continue_watching,rec_v2,20,0
3954,91,35,"2026-07-12 20:40:00",continue_watching,rec_v1,5,0
3955,417,3,"2026-05-08 20:37:00",search,rec_v1,4,1
3956,728,94,"2026-06-13 01:15:00",home,rec_v1,20,0
3957,639,111,"2026-07-02 23:29:00",home,rec_v2,14,0
3958,90,48,"2026-06-14 22:13:00",home,rec_v1,4,0
3959,155,7,"2026-07-10 09:14:00",home,rec_v1,7,0
3960,230,11,"2026-05-09 09:33:00",home,rec_v2,18,1
3961,570,140,"2026-06-28 16:25:00",search,rec_v1,19,0
3962,423,78,"2026-07-13 16:31:00",home,rec_v1,4,0
3963,111,148,"2026-07-19 02:03:00",search,rec_v1,3,0
3964,197,83,"2026-06-05 17:32:00",continue_watching,rec_v1,4,0
3965,156,60,"2026-07-09 05:03:00",home,rec_v2,16,1
3966,88,3,"2026-07-18 02:53:00",detail_page,rec_v1,20,0
3967,519,123,"2026-05-27 10:44:00",home,rec_v1,4,0
3968,211,41,"2026-05-03 02:04:00",detail_page,rec_v1,9,0
3969,270,95,"2026-06-09 03:02:00",home,rec_v2,3,0
3970,532,122,"2026-07-10 01:58:00",home,rec_v1,16,0
3971,770,40,"2026-06-02 14:17:00",detail_page,rec_v2,5,0
3972,846,97,"2026-07-08 19:17:00",detail_page,rec_v1,13,1
3973,746,20,"2026-05-09 10:46:00",detail_page,rec_v1,11,0
3974,707,113,"2026-07-28 21:18:00",detail_page,rec_v1,7,0
3975,588,98,"2026-07-18 06:04:00",detail_page,rec_v1,14,0
3976,473,6,"2026-05-02 05:51:00",home,rec_v2,13,0
3977,884,102,"2026-06-06 03:43:00",detail_page,rec_v1,5,0
3978,254,56,"2026-07-02 19:22:00",search,rec_v1,16,0
3979,698,82,"2026-06-17 14:19:00",detail_page,rec_v1,19,0
3980,935,17,"2026-05-25 23:19:00",detail_page,rec_v2,7,0
3981,222,77,"2026-05-20 14:45:00",detail_page,rec_v2,11,0
3982,797,126,"2026-05-27 16:24:00",home,rec_v1,20,0
3983,176,63,"2026-06-12 14:37:00",home,rec_v1,19,0
3984,146,135,"2026-07-17 10:51:00",continue_watching,rec_v1,12,0
3985,346,71,"2026-06-02 09:50:00",home,rec_v1,7,0
3986,118,148,"2026-07-26 21:49:00",home,rec_v1,7,0
3987,532,43,"2026-07-10 20:11:00",detail_page,rec_v2,16,0
3988,931,53,"2026-06-19 20:41:00",detail_page,rec_v1,13,0
3989,862,50,"2026-05-14 05:33:00",continue_watching,rec_v1,2,0
3990,242,106,"2026-05-24 05:47:00",home,rec_v2,14,0
3991,819,71,"2026-06-17 01:58:00",home,rec_v2,9,1
3992,109,118,"2026-05-31 07:16:00",home,rec_v1,19,0
3993,410,10,"2026-05-12 02:08:00",home,rec_v2,1,0
3994,114,69,"2026-05-24 00:49:00",detail_page,rec_v2,15,0
3995,116,80,"2026-07-04 17:56:00",home,rec_v2,3,1
3996,315,99,"2026-07-23 12:09:00",home,rec_v1,13,1
3997,350,87,"2026-07-04 13:26:00",search,rec_v2,12,0
3998,180,102,"2026-06-15 13:57:00",continue_watching,rec_v2,17,0
3999,948,60,"2026-06-15 11:53:00",search,rec_v2,1,1
4000,693,70,"2026-06-27 12:22:00",detail_page,rec_v2,11,0
4001,363,106,"2026-07-11 17:15:00",home,rec_v1,8,0
4002,872,23,"2026-05-09 10:32:00",search,rec_v2,5,1
4003,980,57,"2026-07-28 04:06:00",search,rec_v2,9,0
4004,708,26,"2026-06-29 07:30:00",continue_watching,rec_v2,7,0
4005,544,60,"2026-06-18 16:53:00",home,rec_v1,19,0
4006,696,116,"2026-05-02 22:54:00",continue_watching,rec_v1,9,1
4007,417,93,"2026-05-04 00:24:00",search,rec_v1,7,0
4008,710,67,"2026-07-17 22:15:00",continue_watching,rec_v1,8,0
4009,541,65,"2026-06-21 03:38:00",home,rec_v2,15,1
4010,730,148,"2026-05-31 12:39:00",continue_watching,rec_v1,10,0
4011,609,91,"2026-05-24 05:14:00",home,rec_v2,14,0
4012,301,36,"2026-07-16 00:45:00",home,rec_v2,12,0
4013,134,122,"2026-06-01 04:50:00",home,rec_v1,1,1
4014,761,18,"2026-06-29 00:21:00",continue_watching,rec_v1,9,0
4015,594,73,"2026-07-03 10:52:00",detail_page,rec_v1,8,0
4016,121,105,"2026-07-04 18:30:00",home,rec_v1,6,0
4017,932,132,"2026-06-25 03:54:00",search,rec_v1,2,1
4018,990,27,"2026-05-12 10:02:00",detail_page,rec_v2,11,0
4019,975,20,"2026-07-07 03:27:00",detail_page,rec_v1,9,0
4020,797,145,"2026-05-28 11:09:00",search,rec_v1,10,0
4021,723,63,"2026-05-29 12:35:00",detail_page,rec_v1,18,0
4022,219,124,"2026-05-16 09:08:00",detail_page,rec_v2,12,0
4023,675,126,"2026-06-22 05:26:00",continue_watching,rec_v1,7,1
4024,974,121,"2026-05-09 17:24:00",detail_page,rec_v2,17,0
4025,905,17,"2026-07-16 01:48:00",search,rec_v2,2,0
4026,535,72,"2026-05-07 15:26:00",continue_watching,rec_v1,16,0
4027,124,30,"2026-06-07 21:54:00",home,rec_v2,13,0
4028,391,21,"2026-07-28 02:16:00",home,rec_v1,2,0
4029,469,93,"2026-07-12 20:09:00",home,rec_v2,16,0
4030,750,133,"2026-07-23 11:45:00",search,rec_v2,6,0
4031,739,124,"2026-07-28 08:03:00",home,rec_v2,15,1
4032,648,38,"2026-06-01 00:07:00",home,rec_v2,4,1
4033,745,143,"2026-07-15 09:28:00",home,rec_v1,6,0
4034,586,150,"2026-05-06 11:57:00",search,rec_v2,14,0
4035,152,139,"2026-06-09 04:10:00",home,rec_v1,18,0
4036,849,147,"2026-06-28 20:29:00",continue_watching,rec_v2,3,0
4037,413,136,"2026-05-13 03:50:00",continue_watching,rec_v1,1,1
4038,484,3,"2026-07-15 17:27:00",detail_page,rec_v1,15,1
4039,770,107,"2026-07-23 15:41:00",detail_page,rec_v2,19,0
4040,38,128,"2026-07-12 20:49:00",detail_page,rec_v1,19,0
4041,912,132,"2026-05-22 08:26:00",home,rec_v2,20,0
4042,712,112,"2026-06-14 18:09:00",detail_page,rec_v2,14,0
4043,181,105,"2026-06-01 15:22:00",home,rec_v2,10,0
4044,276,88,"2026-06-05 22:49:00",home,rec_v1,14,0
4045,370,71,"2026-05-09 04:11:00",detail_page,rec_v1,17,0
4046,601,70,"2026-06-15 08:47:00",search,rec_v2,1,0
4047,826,11,"2026-05-18 15:25:00",home,rec_v1,5,1
4048,627,58,"2026-05-06 07:27:00",home,rec_v2,9,0
4049,976,96,"2026-07-26 16:39:00",home,rec_v1,1,0
4050,733,9,"2026-06-12 00:02:00",detail_page,rec_v2,2,0
4051,233,86,"2026-05-08 21:03:00",home,rec_v2,5,0
4052,279,120,"2026-06-06 09:11:00",detail_page,rec_v2,4,1
4053,26,16,"2026-07-05 13:07:00",detail_page,rec_v1,13,0
4054,786,105,"2026-06-24 15:46:00",continue_watching,rec_v1,5,0
4055,237,56,"2026-05-24 11:19:00",home,rec_v2,13,0
4056,970,134,"2026-05-22 00:21:00",search,rec_v1,16,0
4057,191,87,"2026-07-08 08:23:00",search,rec_v1,2,0
4058,235,121,"2026-07-15 01:15:00",detail_page,rec_v1,1,0
4059,599,80,"2026-05-13 23:27:00",detail_page,rec_v2,2,1
4060,196,60,"2026-07-20 17:26:00",detail_page,rec_v1,18,0
4061,527,54,"2026-06-18 13:10:00",home,rec_v2,3,1
4062,476,57,"2026-06-10 00:57:00",home,rec_v2,4,0
4063,432,147,"2026-06-29 23:00:00",home,rec_v1,13,0
4064,865,92,"2026-05-28 23:00:00",home,rec_v1,4,0
4065,682,139,"2026-07-12 01:10:00",home,rec_v1,14,0
4066,331,53,"2026-07-04 22:12:00",home,rec_v2,7,0
4067,992,110,"2026-06-17 13:11:00",search,rec_v1,9,0
4068,136,135,"2026-06-20 14:48:00",home,rec_v1,8,0
4069,629,120,"2026-07-23 04:01:00",continue_watching,rec_v1,7,1
4070,97,131,"2026-06-04 01:18:00",detail_page,rec_v2,12,0
4071,799,21,"2026-07-01 23:31:00",detail_page,rec_v1,5,0
4072,406,112,"2026-06-09 12:57:00",continue_watching,rec_v2,2,0
4073,469,58,"2026-05-28 02:15:00",search,rec_v2,3,0
4074,849,146,"2026-06-22 12:29:00",detail_page,rec_v2,8,0
4075,598,92,"2026-07-05 21:56:00",search,rec_v1,8,0
4076,190,80,"2026-05-14 08:19:00",continue_watching,rec_v2,6,0
4077,334,91,"2026-06-21 12:24:00",detail_page,rec_v1,15,0
4078,587,107,"2026-05-21 17:45:00",search,rec_v2,20,0
4079,611,74,"2026-05-01 15:46:00",home,rec_v2,11,0
4080,293,107,"2026-06-02 23:26:00",home,rec_v2,7,1
4081,17,38,"2026-07-07 00:28:00",detail_page,rec_v2,7,0
4082,386,57,"2026-07-02 03:48:00",detail_page,rec_v1,12,0
4083,673,119,"2026-05-19 15:35:00",detail_page,rec_v1,6,0
4084,210,73,"2026-07-23 13:40:00",search,rec_v2,19,0
4085,67,110,"2026-06-30 18:14:00",home,rec_v1,19,0
4086,618,3,"2026-05-28 12:31:00",search,rec_v2,13,0
4087,745,6,"2026-07-08 01:34:00",home,rec_v1,14,0
4088,947,115,"2026-07-10 09:50:00",detail_page,rec_v1,16,0
4089,629,93,"2026-06-27 08:28:00",continue_watching,rec_v1,16,0
4090,815,15,"2026-07-11 14:59:00",detail_page,rec_v1,20,0
4091,100,107,"2026-05-27 15:16:00",continue_watching,rec_v2,18,0
4092,293,90,"2026-07-08 09:04:00",search,rec_v1,9,0
4093,985,148,"2026-07-16 00:56:00",home,rec_v2,7,0
4094,992,60,"2026-06-19 02:41:00",home,rec_v1,11,0
4095,967,147,"2026-05-03 17:31:00",detail_page,rec_v2,14,0
4096,90,142,"2026-05-18 10:04:00",home,rec_v2,15,0
4097,608,136,"2026-07-23 22:55:00",detail_page,rec_v1,15,0
4098,835,68,"2026-06-02 06:59:00",home,rec_v2,17,0
4099,220,129,"2026-05-04 16:38:00",home,rec_v2,2,1
4100,849,100,"2026-05-26 12:35:00",home,rec_v1,9,0
4101,306,60,"2026-06-02 14:46:00",home,rec_v2,20,0
4102,115,48,"2026-07-14 15:51:00",home,rec_v2,13,1
4103,215,85,"2026-07-18 23:41:00",home,rec_v2,13,0
4104,927,77,"2026-06-23 11:12:00",detail_page,rec_v1,16,0
4105,452,71,"2026-06-11 19:54:00",home,rec_v1,3,0
4106,191,46,"2026-05-11 12:57:00",detail_page,rec_v1,8,0
4107,836,104,"2026-07-03 14:26:00",home,rec_v2,18,0
4108,728,129,"2026-07-04 17:06:00",continue_watching,rec_v1,19,0
4109,46,11,"2026-07-11 17:02:00",detail_page,rec_v1,11,0
4110,227,56,"2026-05-20 17:20:00",home,rec_v2,13,1
4111,528,81,"2026-05-29 17:33:00",detail_page,rec_v1,6,0
4112,805,124,"2026-05-18 13:39:00",detail_page,rec_v1,4,0
4113,906,8,"2026-05-07 05:48:00",home,rec_v2,12,0
4114,97,139,"2026-05-09 10:22:00",continue_watching,rec_v1,13,0
4115,670,24,"2026-06-24 09:46:00",home,rec_v1,7,0
4116,641,96,"2026-05-04 07:02:00",continue_watching,rec_v2,4,0
4117,688,57,"2026-07-15 20:24:00",continue_watching,rec_v2,18,0
4118,514,111,"2026-07-12 08:36:00",detail_page,rec_v1,16,1
4119,971,38,"2026-06-24 09:08:00",continue_watching,rec_v1,18,0
4120,978,94,"2026-05-02 13:43:00",search,rec_v1,20,0
4121,158,57,"2026-05-19 21:22:00",detail_page,rec_v1,7,0
4122,362,42,"2026-07-27 12:54:00",home,rec_v2,2,0
4123,967,55,"2026-06-13 12:12:00",continue_watching,rec_v1,16,0
4124,535,143,"2026-06-01 17:52:00",home,rec_v2,9,0
4125,398,103,"2026-05-10 16:02:00",home,rec_v1,14,0
4126,759,34,"2026-07-05 14:38:00",home,rec_v1,2,0
4127,607,95,"2026-07-25 20:26:00",home,rec_v2,16,0
4128,173,29,"2026-05-11 17:30:00",search,rec_v1,3,0
4129,921,32,"2026-06-30 17:34:00",detail_page,rec_v1,20,0
4130,949,57,"2026-05-18 19:26:00",home,rec_v2,12,0
4131,764,131,"2026-07-09 23:52:00",search,rec_v1,2,0
4132,155,57,"2026-05-11 11:16:00",detail_page,rec_v2,20,0
4133,674,130,"2026-07-03 19:36:00",search,rec_v1,1,0
4134,721,100,"2026-06-27 15:23:00",home,rec_v2,18,1
4135,773,13,"2026-07-16 16:34:00",home,rec_v2,1,0
4136,415,71,"2026-07-10 15:08:00",home,rec_v1,9,0
4137,816,105,"2026-07-16 10:38:00",home,rec_v1,20,0
4138,105,66,"2026-05-04 11:19:00",detail_page,rec_v1,9,0
4139,334,68,"2026-05-26 12:44:00",search,rec_v2,1,0
4140,12,86,"2026-07-15 10:10:00",continue_watching,rec_v1,14,0
4141,709,117,"2026-05-24 20:57:00",home,rec_v2,20,0
4142,701,140,"2026-07-23 05:52:00",detail_page,rec_v1,16,0
4143,623,71,"2026-05-08 02:46:00",home,rec_v1,10,0
4144,466,114,"2026-07-22 14:54:00",home,rec_v2,7,0
4145,643,137,"2026-05-27 04:23:00",search,rec_v2,20,1
4146,46,25,"2026-06-05 13:35:00",continue_watching,rec_v2,16,0
4147,646,103,"2026-05-12 05:42:00",search,rec_v2,13,0
4148,328,150,"2026-07-22 12:34:00",home,rec_v2,5,0
4149,457,100,"2026-05-08 17:15:00",home,rec_v2,13,0
4150,737,139,"2026-06-06 07:40:00",home,rec_v1,10,0
4151,131,70,"2026-07-13 12:54:00",continue_watching,rec_v2,16,0
4152,128,102,"2026-06-03 15:21:00",home,rec_v2,16,0
4153,303,12,"2026-05-15 09:27:00",home,rec_v2,16,0
4154,212,23,"2026-07-05 05:52:00",continue_watching,rec_v2,5,0
4155,985,52,"2026-05-31 23:11:00",home,rec_v2,2,1
4156,400,17,"2026-06-11 04:45:00",home,rec_v2,2,0
4157,154,3,"2026-06-26 23:22:00",home,rec_v1,11,0
4158,90,49,"2026-07-05 10:39:00",home,rec_v2,12,0
4159,18,85,"2026-06-25 18:17:00",continue_watching,rec_v1,10,0
4160,249,39,"2026-05-12 13:09:00",detail_page,rec_v1,1,0
4161,905,38,"2026-07-23 20:44:00",continue_watching,rec_v2,9,0
4162,232,28,"2026-07-12 03:57:00",detail_page,rec_v1,9,0
4163,827,138,"2026-07-24 07:23:00",detail_page,rec_v1,9,0
4164,820,51,"2026-07-01 23:28:00",detail_page,rec_v2,16,0
4165,558,39,"2026-07-02 17:31:00",continue_watching,rec_v1,5,1
4166,234,24,"2026-05-20 18:04:00",search,rec_v1,17,0
4167,16,11,"2026-07-13 04:24:00",detail_page,rec_v2,5,0
4168,167,105,"2026-06-01 07:03:00",continue_watching,rec_v2,7,0
4169,371,130,"2026-06-13 02:18:00",search,rec_v2,12,0
4170,428,55,"2026-07-09 20:04:00",detail_page,rec_v1,7,0
4171,506,39,"2026-05-29 15:10:00",home,rec_v1,5,0
4172,208,84,"2026-05-11 15:03:00",home,rec_v2,17,0
4173,776,48,"2026-06-20 09:13:00",home,rec_v1,8,0
4174,375,59,"2026-06-20 10:16:00",detail_page,rec_v1,17,0
4175,163,2,"2026-07-29 20:09:00",home,rec_v2,16,0
4176,938,97,"2026-07-04 11:56:00",home,rec_v1,18,0
4177,508,77,"2026-05-30 05:07:00",detail_page,rec_v2,3,0
4178,133,15,"2026-06-26 23:00:00",search,rec_v1,3,0
4179,842,56,"2026-07-05 05:50:00",continue_watching,rec_v2,20,0
4180,381,35,"2026-06-06 01:21:00",home,rec_v1,16,0
4181,729,22,"2026-05-24 09:15:00",detail_page,rec_v2,8,1
4182,16,100,"2026-05-08 10:18:00",home,rec_v2,12,0
4183,808,98,"2026-07-24 18:37:00",home,rec_v2,10,0
4184,210,55,"2026-05-07 07:00:00",search,rec_v2,4,0
4185,700,93,"2026-05-21 15:24:00",home,rec_v1,9,0
4186,956,116,"2026-05-15 23:38:00",search,rec_v2,1,1
4187,765,53,"2026-07-12 01:45:00",search,rec_v1,10,0
4188,615,128,"2026-06-03 03:49:00",detail_page,rec_v2,18,0
4189,642,18,"2026-07-06 18:42:00",search,rec_v1,16,0
4190,55,34,"2026-05-11 12:32:00",home,rec_v1,16,0
4191,223,117,"2026-06-09 18:52:00",continue_watching,rec_v1,17,0
4192,925,74,"2026-06-23 02:23:00",continue_watching,rec_v1,7,0
4193,172,48,"2026-05-21 20:30:00",continue_watching,rec_v2,9,0
4194,952,113,"2026-05-02 06:06:00",home,rec_v1,4,0
4195,750,135,"2026-05-20 20:58:00",detail_page,rec_v2,10,0
4196,741,128,"2026-05-24 06:53:00",home,rec_v1,8,0
4197,421,91,"2026-06-06 14:39:00",home,rec_v2,13,0
4198,143,42,"2026-07-17 19:21:00",continue_watching,rec_v1,4,0
4199,186,138,"2026-05-12 13:33:00",home,rec_v1,17,0
4200,982,138,"2026-05-16 00:31:00",search,rec_v2,15,0
4201,268,56,"2026-06-24 11:52:00",home,rec_v1,10,0
4202,369,111,"2026-06-21 21:00:00",home,rec_v1,13,0
4203,990,102,"2026-05-03 22:54:00",continue_watching,rec_v2,8,1
4204,831,71,"2026-06-22 15:16:00",continue_watching,rec_v1,4,0
4205,674,80,"2026-07-29 08:00:00",continue_watching,rec_v2,12,1
4206,186,31,"2026-05-03 15:32:00",continue_watching,rec_v1,15,0
4207,91,122,"2026-07-08 22:00:00",detail_page,rec_v2,18,0
4208,961,58,"2026-07-11 20:13:00",home,rec_v1,3,0
4209,745,87,"2026-06-22 17:41:00",home,rec_v2,18,0
4210,727,96,"2026-06-22 03:07:00",continue_watching,rec_v1,3,0
4211,512,147,"2026-07-08 16:40:00",home,rec_v1,7,0
4212,420,50,"2026-07-22 19:01:00",detail_page,rec_v2,19,0
4213,501,103,"2026-06-11 23:32:00",home,rec_v2,16,0
4214,582,54,"2026-06-02 20:21:00",detail_page,rec_v2,3,1
4215,92,125,"2026-05-24 09:04:00",continue_watching,rec_v1,19,0
4216,794,143,"2026-05-03 03:18:00",continue_watching,rec_v2,6,0
4217,504,34,"2026-05-18 11:24:00",home,rec_v1,16,0
4218,118,94,"2026-07-18 19:33:00",home,rec_v1,3,1
4219,539,1,"2026-05-29 00:26:00",home,rec_v1,14,0
4220,512,41,"2026-07-09 00:11:00",home,rec_v1,3,1
4221,974,101,"2026-05-09 20:26:00",detail_page,rec_v2,9,0
4222,721,5,"2026-05-29 09:16:00",detail_page,rec_v1,11,0
4223,493,58,"2026-06-18 06:29:00",detail_page,rec_v1,13,0
4224,962,147,"2026-06-04 16:04:00",search,rec_v1,13,0
4225,38,150,"2026-07-01 11:50:00",home,rec_v1,6,0
4226,470,47,"2026-06-09 08:28:00",home,rec_v1,2,0
4227,818,100,"2026-06-21 15:58:00",search,rec_v1,9,0
4228,636,121,"2026-05-10 10:13:00",detail_page,rec_v2,12,0
4229,455,51,"2026-05-15 06:52:00",detail_page,rec_v2,15,1
4230,693,128,"2026-05-19 17:08:00",search,rec_v1,14,1
4231,435,131,"2026-05-31 23:27:00",home,rec_v2,3,1
4232,352,122,"2026-05-19 05:55:00",continue_watching,rec_v2,16,0
4233,838,76,"2026-07-15 11:35:00",home,rec_v1,14,0
4234,905,128,"2026-05-05 15:32:00",home,rec_v1,5,0
4235,860,127,"2026-06-29 21:06:00",home,rec_v2,20,0
4236,893,68,"2026-07-06 22:24:00",home,rec_v2,13,0
4237,266,150,"2026-06-27 14:50:00",home,rec_v2,3,0
4238,863,62,"2026-05-26 00:54:00",continue_watching,rec_v2,11,0
4239,735,34,"2026-05-24 01:05:00",home,rec_v2,8,0
4240,174,2,"2026-06-20 21:29:00",detail_page,rec_v2,11,0
4241,658,67,"2026-05-31 06:56:00",continue_watching,rec_v1,15,0
4242,358,72,"2026-06-20 10:09:00",continue_watching,rec_v1,16,0
4243,384,59,"2026-06-18 10:22:00",home,rec_v2,13,0
4244,192,31,"2026-05-23 13:03:00",home,rec_v2,10,0
4245,538,11,"2026-07-03 09:48:00",continue_watching,rec_v1,16,0
4246,215,15,"2026-07-28 01:43:00",detail_page,rec_v2,3,0
4247,740,99,"2026-05-20 21:09:00",home,rec_v2,1,0
4248,47,37,"2026-06-07 02:26:00",home,rec_v1,18,0
4249,596,111,"2026-05-19 17:57:00",home,rec_v2,13,0
4250,664,110,"2026-05-25 06:07:00",detail_page,rec_v2,14,0
4251,254,56,"2026-07-17 10:31:00",continue_watching,rec_v1,16,0
4252,803,147,"2026-06-26 08:56:00",search,rec_v1,11,0
4253,802,14,"2026-07-04 12:12:00",continue_watching,rec_v2,3,1
4254,447,12,"2026-06-13 22:59:00",detail_page,rec_v1,20,0
4255,402,77,"2026-07-28 21:44:00",search,rec_v2,16,0
4256,481,52,"2026-06-17 04:23:00",home,rec_v1,1,0
4257,270,65,"2026-05-20 13:35:00",continue_watching,rec_v2,12,0
4258,970,122,"2026-06-18 01:39:00",search,rec_v2,1,0
4259,934,89,"2026-06-30 20:45:00",detail_page,rec_v1,14,1
4260,30,104,"2026-07-18 08:15:00",search,rec_v2,14,0
4261,62,124,"2026-05-08 18:06:00",search,rec_v1,6,0
4262,245,103,"2026-07-23 23:06:00",home,rec_v1,19,0
4263,193,126,"2026-06-12 00:38:00",home,rec_v2,4,0
4264,990,54,"2026-07-22 18:14:00",continue_watching,rec_v2,14,0
4265,457,3,"2026-05-31 10:39:00",continue_watching,rec_v1,16,0
4266,777,12,"2026-06-27 03:49:00",detail_page,rec_v2,12,0
4267,31,110,"2026-05-25 07:59:00",home,rec_v1,15,0
4268,780,138,"2026-07-01 23:04:00",search,rec_v2,17,0
4269,525,51,"2026-07-13 07:42:00",home,rec_v2,17,0
4270,360,119,"2026-05-20 09:27:00",home,rec_v2,10,0
4271,8,75,"2026-07-19 21:14:00",home,rec_v1,16,0
4272,60,3,"2026-05-18 05:11:00",home,rec_v2,18,0
4273,519,63,"2026-07-12 01:50:00",detail_page,rec_v2,9,0
4274,971,22,"2026-06-08 23:01:00",search,rec_v2,20,0
4275,274,67,"2026-05-25 07:36:00",continue_watching,rec_v2,19,0
4276,205,48,"2026-07-28 10:44:00",search,rec_v2,12,0
4277,866,88,"2026-05-15 01:32:00",home,rec_v1,4,0
4278,163,53,"2026-07-15 20:36:00",continue_watching,rec_v1,5,0
4279,613,103,"2026-06-04 16:31:00",home,rec_v1,20,0
4280,170,63,"2026-06-02 14:32:00",detail_page,rec_v2,12,0
4281,4,63,"2026-05-03 16:07:00",home,rec_v1,12,0
4282,814,16,"2026-07-13 05:02:00",home,rec_v2,7,0
4283,27,31,"2026-05-14 06:52:00",continue_watching,rec_v2,7,1
4284,335,2,"2026-05-03 00:02:00",home,rec_v1,3,0
4285,545,36,"2026-07-03 16:41:00",home,rec_v2,17,0
4286,931,15,"2026-05-28 09:26:00",search,rec_v1,2,0
4287,932,15,"2026-07-22 18:55:00",continue_watching,rec_v2,17,0
4288,460,56,"2026-07-23 07:19:00",search,rec_v2,16,0
4289,907,53,"2026-06-23 10:07:00",detail_page,rec_v1,9,0
4290,338,84,"2026-05-22 13:05:00",search,rec_v1,12,0
4291,549,41,"2026-06-14 05:43:00",home,rec_v1,17,0
4292,448,71,"2026-07-17 13:07:00",home,rec_v2,4,0
4293,190,93,"2026-06-03 05:38:00",search,rec_v2,17,0
4294,678,21,"2026-05-31 15:11:00",continue_watching,rec_v1,8,1
4295,866,78,"2026-05-24 19:54:00",detail_page,rec_v2,13,0
4296,819,87,"2026-05-02 08:32:00",detail_page,rec_v2,17,0
4297,600,30,"2026-07-20 12:49:00",detail_page,rec_v2,1,0
4298,140,66,"2026-05-27 05:22:00",home,rec_v2,2,0
4299,341,7,"2026-06-10 09:06:00",continue_watching,rec_v2,20,0
4300,355,91,"2026-06-24 17:38:00",detail_page,rec_v1,12,0
4301,521,131,"2026-05-08 01:57:00",continue_watching,rec_v1,5,0
4302,795,85,"2026-05-28 07:24:00",home,rec_v2,16,0
4303,279,96,"2026-06-22 06:50:00",continue_watching,rec_v2,10,0
4304,121,33,"2026-05-20 17:39:00",search,rec_v1,10,0
4305,832,64,"2026-06-13 22:05:00",search,rec_v1,1,0
4306,728,73,"2026-07-19 13:38:00",home,rec_v2,20,0
4307,561,80,"2026-06-21 19:24:00",detail_page,rec_v2,15,0
4308,945,28,"2026-06-09 17:16:00",home,rec_v1,19,0
4309,432,126,"2026-05-11 16:29:00",home,rec_v2,19,0
4310,924,8,"2026-07-24 15:53:00",home,rec_v2,14,0
4311,640,6,"2026-06-04 04:31:00",home,rec_v1,5,0
4312,696,124,"2026-06-06 03:55:00",home,rec_v1,10,0
4313,972,29,"2026-07-03 02:49:00",search,rec_v2,4,0
4314,952,13,"2026-05-06 02:04:00",home,rec_v2,11,0
4315,810,75,"2026-06-02 03:33:00",home,rec_v2,12,0
4316,821,48,"2026-07-27 05:15:00",home,rec_v1,7,0
4317,994,124,"2026-07-03 15:45:00",continue_watching,rec_v2,14,0
4318,574,92,"2026-07-09 01:14:00",home,rec_v1,1,0
4319,778,14,"2026-05-27 17:36:00",home,rec_v2,3,0
4320,338,121,"2026-06-20 21:29:00",home,rec_v1,3,0
4321,593,117,"2026-06-23 01:44:00",home,rec_v2,18,0
4322,48,63,"2026-07-19 05:17:00",home,rec_v2,2,0
4323,979,133,"2026-07-29 12:06:00",search,rec_v2,1,0
4324,35,95,"2026-06-03 20:13:00",detail_page,rec_v1,20,1
4325,45,42,"2026-06-06 22:41:00",home,rec_v1,20,0
4326,703,61,"2026-07-04 09:48:00",home,rec_v2,8,0
4327,44,48,"2026-07-22 19:09:00",home,rec_v1,18,0
4328,459,133,"2026-05-16 10:24:00",continue_watching,rec_v1,18,0
4329,217,136,"2026-05-28 01:08:00",home,rec_v2,17,1
4330,792,116,"2026-06-09 08:19:00",home,rec_v2,5,0
4331,557,60,"2026-05-28 05:07:00",search,rec_v1,6,0
4332,761,104,"2026-06-09 14:11:00",home,rec_v2,5,0
4333,423,79,"2026-05-26 00:20:00",detail_page,rec_v2,15,0
4334,199,43,"2026-07-09 07:47:00",search,rec_v2,14,0
4335,609,84,"2026-06-17 04:12:00",home,rec_v2,15,0
4336,310,70,"2026-06-25 11:13:00",search,rec_v2,13,0
4337,680,23,"2026-05-28 20:22:00",continue_watching,rec_v2,13,0
4338,223,146,"2026-06-26 02:59:00",detail_page,rec_v1,3,0
4339,339,112,"2026-06-06 17:11:00",home,rec_v1,7,0
4340,11,40,"2026-06-27 00:50:00",home,rec_v1,18,0
4341,825,97,"2026-05-25 10:02:00",detail_page,rec_v2,13,0
4342,828,133,"2026-05-06 19:32:00",continue_watching,rec_v1,18,0
4343,143,148,"2026-07-11 03:13:00",detail_page,rec_v1,5,0
4344,574,126,"2026-05-13 12:05:00",home,rec_v1,8,0
4345,236,125,"2026-07-04 08:28:00",search,rec_v2,2,0
4346,692,17,"2026-05-19 13:06:00",search,rec_v2,10,0
4347,534,84,"2026-06-15 03:01:00",search,rec_v1,9,0
4348,336,150,"2026-06-05 01:08:00",detail_page,rec_v2,15,0
4349,668,96,"2026-07-15 03:42:00",detail_page,rec_v2,18,0
4350,56,91,"2026-05-31 16:53:00",home,rec_v1,13,0
4351,491,109,"2026-05-24 18:27:00",search,rec_v2,7,0
4352,938,58,"2026-05-16 01:46:00",search,rec_v2,14,0
4353,986,112,"2026-06-02 07:47:00",home,rec_v2,9,0
4354,63,75,"2026-05-14 17:42:00",home,rec_v2,15,0
4355,733,26,"2026-07-18 18:37:00",home,rec_v1,8,0
4356,647,148,"2026-05-09 10:28:00",search,rec_v2,1,0
4357,419,96,"2026-06-27 02:27:00",home,rec_v1,11,0
4358,561,82,"2026-05-05 12:29:00",search,rec_v2,7,0
4359,853,48,"2026-07-04 14:05:00",search,rec_v2,14,0
4360,210,48,"2026-07-17 18:02:00",search,rec_v1,9,0
4361,210,141,"2026-05-09 17:15:00",home,rec_v1,17,0
4362,80,126,"2026-05-04 22:24:00",home,rec_v1,5,0
4363,542,69,"2026-06-01 19:39:00",search,rec_v2,19,0
4364,417,93,"2026-06-26 06:20:00",search,rec_v2,5,0
4365,721,47,"2026-06-01 23:31:00",search,rec_v2,4,0
4366,822,75,"2026-05-20 14:55:00",home,rec_v1,2,0
4367,889,2,"2026-06-27 02:49:00",search,rec_v2,4,0
4368,439,20,"2026-05-01 23:40:00",search,rec_v1,5,1
4369,113,73,"2026-06-10 16:30:00",home,rec_v1,2,0
4370,85,33,"2026-06-10 08:46:00",home,rec_v1,6,0
4371,422,90,"2026-06-06 05:45:00",continue_watching,rec_v1,8,0
4372,89,106,"2026-07-28 02:40:00",home,rec_v1,14,0
4373,257,117,"2026-05-30 15:51:00",home,rec_v1,14,0
4374,143,14,"2026-07-01 09:21:00",home,rec_v2,2,1
4375,116,2,"2026-05-01 16:49:00",continue_watching,rec_v2,14,0
4376,43,110,"2026-06-22 16:56:00",home,rec_v2,3,0
4377,995,46,"2026-05-08 13:49:00",detail_page,rec_v1,13,0
4378,705,52,"2026-07-13 17:53:00",home,rec_v1,12,0
4379,193,148,"2026-07-13 03:11:00",home,rec_v1,1,0
4380,380,70,"2026-06-18 05:12:00",home,rec_v2,3,0
4381,429,85,"2026-06-13 01:27:00",detail_page,rec_v2,19,0
4382,149,28,"2026-07-04 06:51:00",search,rec_v1,5,0
4383,406,68,"2026-06-07 12:36:00",detail_page,rec_v2,11,0
4384,588,7,"2026-05-13 23:41:00",detail_page,rec_v2,3,0
4385,669,17,"2026-05-30 09:35:00",detail_page,rec_v1,11,1
4386,401,94,"2026-07-05 20:18:00",home,rec_v2,7,0
4387,7,81,"2026-06-13 20:55:00",detail_page,rec_v2,10,0
4388,718,14,"2026-05-01 06:19:00",search,rec_v2,4,0
4389,270,60,"2026-06-11 00:52:00",continue_watching,rec_v1,5,1
4390,114,48,"2026-06-01 00:56:00",detail_page,rec_v1,18,0
4391,855,58,"2026-07-18 12:23:00",home,rec_v2,3,0
4392,861,139,"2026-06-04 01:15:00",home,rec_v1,15,0
4393,456,96,"2026-05-04 08:24:00",home,rec_v1,16,0
4394,243,145,"2026-05-22 18:03:00",home,rec_v1,2,0
4395,739,93,"2026-07-21 05:39:00",detail_page,rec_v1,13,0
4396,562,49,"2026-05-23 12:20:00",detail_page,rec_v1,16,0
4397,911,97,"2026-05-27 04:06:00",search,rec_v1,17,0
4398,837,66,"2026-07-05 18:43:00",home,rec_v2,12,0
4399,821,76,"2026-07-24 11:24:00",continue_watching,rec_v2,5,0
4400,343,147,"2026-05-19 10:39:00",continue_watching,rec_v2,15,1
4401,7,148,"2026-05-24 18:04:00",home,rec_v1,16,0
4402,664,83,"2026-06-08 17:15:00",home,rec_v1,15,0
4403,678,41,"2026-06-07 09:07:00",home,rec_v1,13,0
4404,839,17,"2026-05-12 00:56:00",search,rec_v1,4,1
4405,665,18,"2026-06-23 15:55:00",home,rec_v1,18,1
4406,140,128,"2026-07-02 19:58:00",home,rec_v1,17,1
4407,822,135,"2026-06-12 00:53:00",search,rec_v2,16,0
4408,87,72,"2026-07-01 01:52:00",search,rec_v1,13,0
4409,903,26,"2026-05-10 13:46:00",search,rec_v2,20,0
4410,314,112,"2026-05-03 13:32:00",continue_watching,rec_v2,7,0
4411,985,93,"2026-06-05 12:43:00",detail_page,rec_v1,19,0
4412,153,10,"2026-06-02 05:32:00",continue_watching,rec_v1,7,0
4413,246,146,"2026-07-24 23:48:00",detail_page,rec_v2,10,0
4414,802,45,"2026-06-02 00:18:00",home,rec_v2,12,0
4415,479,69,"2026-07-20 00:49:00",detail_page,rec_v2,16,0
4416,555,31,"2026-06-20 03:40:00",home,rec_v1,16,0
4417,269,131,"2026-06-10 21:27:00",continue_watching,rec_v2,16,0
4418,245,96,"2026-07-18 13:56:00",continue_watching,rec_v2,18,0
4419,550,61,"2026-06-03 22:29:00",home,rec_v2,4,1
4420,714,98,"2026-07-21 04:43:00",home,rec_v1,5,0
4421,503,29,"2026-06-22 13:11:00",home,rec_v2,19,0
4422,216,95,"2026-05-22 18:02:00",detail_page,rec_v1,3,0
4423,569,123,"2026-06-20 16:22:00",home,rec_v2,13,0
4424,528,123,"2026-06-04 00:49:00",home,rec_v2,11,0
4425,707,44,"2026-05-05 20:21:00",home,rec_v2,18,0
4426,260,123,"2026-06-15 21:23:00",home,rec_v1,18,0
4427,606,51,"2026-05-27 10:21:00",detail_page,rec_v1,15,0
4428,997,43,"2026-07-12 21:01:00",home,rec_v1,3,0
4429,472,131,"2026-06-09 06:37:00",home,rec_v1,8,0
4430,284,113,"2026-06-03 23:58:00",detail_page,rec_v1,11,0
4431,494,127,"2026-07-05 23:17:00",search,rec_v1,15,0
4432,76,33,"2026-06-30 22:08:00",home,rec_v2,11,0
4433,254,129,"2026-07-24 04:40:00",detail_page,rec_v1,11,0
4434,33,37,"2026-07-21 21:55:00",continue_watching,rec_v1,2,0
4435,528,9,"2026-07-06 17:25:00",detail_page,rec_v2,19,0
4436,383,116,"2026-06-28 14:04:00",home,rec_v2,6,0
4437,263,51,"2026-05-19 03:44:00",search,rec_v2,18,0
4438,847,118,"2026-07-28 21:09:00",home,rec_v2,11,1
4439,793,149,"2026-06-28 13:07:00",continue_watching,rec_v2,4,1
4440,486,67,"2026-06-26 15:17:00",home,rec_v2,19,0
4441,943,1,"2026-05-10 17:19:00",continue_watching,rec_v1,17,0
4442,656,107,"2026-06-25 15:23:00",continue_watching,rec_v1,7,0
4443,781,63,"2026-06-03 15:38:00",home,rec_v2,7,0
4444,816,129,"2026-07-20 19:17:00",search,rec_v1,3,0
4445,512,10,"2026-07-17 19:58:00",home,rec_v2,12,0
4446,659,24,"2026-07-19 05:57:00",continue_watching,rec_v2,10,0
4447,900,42,"2026-06-04 23:37:00",home,rec_v2,11,0
4448,167,1,"2026-07-23 00:21:00",home,rec_v1,8,0
4449,257,100,"2026-06-26 16:55:00",detail_page,rec_v1,5,0
4450,584,73,"2026-05-01 08:39:00",search,rec_v1,15,0
4451,303,59,"2026-05-26 03:21:00",home,rec_v1,20,0
4452,854,67,"2026-06-12 23:43:00",detail_page,rec_v1,14,1
4453,949,147,"2026-06-17 19:56:00",continue_watching,rec_v1,2,0
4454,793,92,"2026-05-10 20:42:00",home,rec_v2,5,1
4455,1,44,"2026-05-16 01:26:00",home,rec_v1,16,0
4456,69,99,"2026-06-16 20:09:00",home,rec_v2,14,0
4457,850,22,"2026-06-18 03:08:00",detail_page,rec_v2,9,0
4458,224,51,"2026-06-09 13:43:00",home,rec_v1,5,0
4459,963,18,"2026-05-30 22:08:00",continue_watching,rec_v2,18,0
4460,663,26,"2026-06-30 17:02:00",home,rec_v2,18,0
4461,61,85,"2026-05-17 04:08:00",detail_page,rec_v2,19,0
4462,88,150,"2026-07-18 12:47:00",home,rec_v1,10,0
4463,597,70,"2026-06-15 20:31:00",home,rec_v1,10,1
4464,596,49,"2026-06-22 20:05:00",home,rec_v1,14,0
4465,6,31,"2026-07-15 10:38:00",home,rec_v1,4,0
4466,912,11,"2026-05-14 20:22:00",home,rec_v2,10,0
4467,516,132,"2026-07-27 09:55:00",search,rec_v2,12,0
4468,557,19,"2026-07-02 21:34:00",search,rec_v2,6,0
4469,615,32,"2026-05-23 12:13:00",detail_page,rec_v2,11,0
4470,975,27,"2026-07-23 02:47:00",home,rec_v2,19,0
4471,931,81,"2026-05-18 10:05:00",detail_page,rec_v1,18,0
4472,914,25,"2026-05-09 22:54:00",home,rec_v2,5,1
4473,909,61,"2026-05-27 09:07:00",home,rec_v2,1,0
4474,152,65,"2026-06-05 21:52:00",home,rec_v2,16,0
4475,645,63,"2026-07-11 00:43:00",home,rec_v1,11,0
4476,856,65,"2026-05-15 11:10:00",home,rec_v2,15,0
4477,834,115,"2026-06-13 03:39:00",home,rec_v2,5,0
4478,750,51,"2026-06-29 07:54:00",continue_watching,rec_v2,14,0
4479,932,121,"2026-05-28 12:34:00",home,rec_v2,16,0
4480,77,11,"2026-06-10 20:27:00",detail_page,rec_v1,10,0
4481,54,6,"2026-05-22 22:41:00",detail_page,rec_v1,12,0
4482,20,127,"2026-07-27 23:24:00",continue_watching,rec_v2,15,0
4483,141,89,"2026-05-26 04:02:00",home,rec_v2,10,0
4484,448,137,"2026-06-23 22:34:00",detail_page,rec_v1,16,0
4485,445,60,"2026-06-22 21:03:00",search,rec_v1,8,0
4486,106,142,"2026-05-16 09:45:00",detail_page,rec_v1,13,0
4487,994,43,"2026-07-10 17:31:00",detail_page,rec_v2,17,1
4488,756,11,"2026-05-25 22:59:00",home,rec_v1,12,0
4489,468,60,"2026-05-08 04:44:00",search,rec_v2,19,0
4490,841,21,"2026-07-06 00:48:00",home,rec_v1,3,0
4491,327,64,"2026-05-29 10:34:00",detail_page,rec_v1,12,1
4492,384,2,"2026-07-05 19:53:00",search,rec_v2,19,0
4493,592,103,"2026-05-19 00:08:00",detail_page,rec_v2,13,0
4494,722,107,"2026-05-12 09:36:00",detail_page,rec_v1,18,0
4495,832,84,"2026-07-23 00:11:00",search,rec_v1,20,0
4496,264,142,"2026-05-26 10:31:00",detail_page,rec_v2,6,0
4497,380,150,"2026-05-31 07:02:00",home,rec_v1,7,0
4498,761,84,"2026-06-25 17:39:00",home,rec_v2,4,0
4499,214,91,"2026-05-10 23:43:00",continue_watching,rec_v1,1,0
4500,510,80,"2026-06-01 04:28:00",home,rec_v1,14,0
4501,775,92,"2026-07-06 19:44:00",search,rec_v2,1,0
4502,504,61,"2026-06-15 04:53:00",continue_watching,rec_v1,5,0
4503,138,108,"2026-07-18 20:10:00",detail_page,rec_v2,2,0
4504,204,45,"2026-05-20 16:54:00",search,rec_v1,5,0
4505,452,17,"2026-07-20 17:20:00",detail_page,rec_v1,12,0
4506,315,114,"2026-07-07 12:19:00",detail_page,rec_v2,5,0
4507,123,19,"2026-07-22 04:58:00",home,rec_v2,19,0
4508,776,128,"2026-07-21 02:44:00",detail_page,rec_v1,3,0
4509,862,53,"2026-05-22 17:14:00",continue_watching,rec_v1,1,0
4510,516,104,"2026-05-15 17:50:00",continue_watching,rec_v1,14,0
4511,343,149,"2026-07-20 21:13:00",home,rec_v1,1,0
4512,951,137,"2026-05-09 16:40:00",search,rec_v1,8,0
4513,305,141,"2026-07-26 15:18:00",home,rec_v1,2,0
4514,133,18,"2026-06-15 14:00:00",home,rec_v1,9,1
4515,531,68,"2026-07-28 12:29:00",home,rec_v2,18,0
4516,457,50,"2026-05-17 17:20:00",detail_page,rec_v2,19,0
4517,490,3,"2026-05-20 01:55:00",detail_page,rec_v1,9,0
4518,319,127,"2026-05-24 06:49:00",home,rec_v1,10,0
4519,107,12,"2026-06-07 10:37:00",home,rec_v1,1,0
4520,405,1,"2026-05-06 23:23:00",home,rec_v2,4,1
4521,311,35,"2026-05-05 07:22:00",detail_page,rec_v1,5,0
4522,612,92,"2026-06-08 12:37:00",detail_page,rec_v2,5,0
4523,501,97,"2026-07-12 08:30:00",detail_page,rec_v2,18,0
4524,843,117,"2026-06-14 16:50:00",home,rec_v2,12,0
4525,223,129,"2026-06-13 17:24:00",search,rec_v1,5,0
4526,622,138,"2026-05-08 15:33:00",search,rec_v1,20,0
4527,652,42,"2026-05-04 19:08:00",home,rec_v2,8,1
4528,327,88,"2026-07-07 06:56:00",search,rec_v1,15,0
4529,229,72,"2026-05-11 07:52:00",search,rec_v1,16,0
4530,593,104,"2026-07-10 21:26:00",home,rec_v1,8,0
4531,815,28,"2026-06-01 15:51:00",continue_watching,rec_v2,17,0
4532,198,146,"2026-05-10 15:39:00",detail_page,rec_v2,8,0
4533,738,36,"2026-05-04 00:01:00",home,rec_v2,10,0
4534,786,61,"2026-06-23 02:44:00",home,rec_v1,19,0
4535,32,106,"2026-05-21 17:51:00",search,rec_v2,15,1
4536,757,120,"2026-07-27 16:52:00",search,rec_v2,7,0
4537,673,72,"2026-05-17 22:07:00",home,rec_v2,12,0
4538,357,87,"2026-07-08 18:59:00",home,rec_v2,9,0
4539,778,10,"2026-06-10 23:25:00",detail_page,rec_v2,15,0
4540,991,129,"2026-07-19 14:26:00",search,rec_v1,5,0
4541,819,28,"2026-07-09 09:14:00",continue_watching,rec_v1,15,0
4542,696,3,"2026-07-24 05:55:00",home,rec_v2,16,0
4543,70,32,"2026-07-11 04:56:00",home,rec_v2,4,0
4544,376,126,"2026-06-18 22:00:00",detail_page,rec_v2,4,0
4545,24,80,"2026-06-20 05:45:00",home,rec_v2,3,0
4546,264,70,"2026-05-14 13:21:00",continue_watching,rec_v1,10,0
4547,970,128,"2026-05-06 09:31:00",detail_page,rec_v2,16,1
4548,121,129,"2026-06-12 03:50:00",search,rec_v1,8,0
4549,335,119,"2026-07-10 16:25:00",home,rec_v2,10,0
4550,773,8,"2026-06-12 04:42:00",home,rec_v2,13,0
4551,792,136,"2026-06-21 13:05:00",continue_watching,rec_v2,9,0
4552,831,16,"2026-07-08 16:48:00",home,rec_v1,9,0
4553,234,132,"2026-07-29 10:32:00",home,rec_v2,15,0
4554,900,129,"2026-07-24 23:15:00",search,rec_v1,9,0
4555,588,42,"2026-05-26 19:35:00",search,rec_v2,17,0
4556,952,50,"2026-05-06 09:17:00",home,rec_v2,10,0
4557,254,22,"2026-07-14 02:21:00",home,rec_v2,13,0
4558,100,131,"2026-07-11 15:32:00",home,rec_v2,12,0
4559,920,122,"2026-05-06 04:13:00",home,rec_v2,8,0
4560,472,70,"2026-05-19 00:07:00",detail_page,rec_v1,12,0
4561,826,121,"2026-05-27 22:39:00",home,rec_v2,7,0
4562,323,24,"2026-07-19 16:12:00",search,rec_v1,7,0
4563,842,87,"2026-05-24 11:14:00",home,rec_v1,4,0
4564,943,7,"2026-06-28 06:16:00",home,rec_v2,1,0
4565,254,103,"2026-06-29 03:06:00",search,rec_v1,2,0
4566,132,46,"2026-05-07 20:41:00",continue_watching,rec_v2,9,0
4567,886,109,"2026-07-11 09:03:00",continue_watching,rec_v1,12,0
4568,574,68,"2026-06-30 23:08:00",home,rec_v2,4,1
4569,733,80,"2026-05-25 14:07:00",detail_page,rec_v2,3,0
4570,872,85,"2026-05-29 15:13:00",home,rec_v2,18,0
4571,412,136,"2026-05-12 13:59:00",detail_page,rec_v2,2,0
4572,277,149,"2026-07-14 08:49:00",continue_watching,rec_v2,2,1
4573,569,95,"2026-06-23 23:46:00",home,rec_v2,17,1
4574,521,133,"2026-05-03 18:06:00",home,rec_v2,11,1
4575,600,116,"2026-07-13 13:44:00",home,rec_v2,10,0
4576,367,47,"2026-05-26 12:45:00",detail_page,rec_v2,16,0
4577,260,74,"2026-07-10 20:53:00",continue_watching,rec_v2,9,0
4578,252,9,"2026-05-28 20:43:00",home,rec_v1,2,0
4579,396,146,"2026-06-18 10:19:00",continue_watching,rec_v1,13,0
4580,445,33,"2026-07-27 09:46:00",detail_page,rec_v2,12,0
4581,822,54,"2026-06-15 05:21:00",search,rec_v1,18,0
4582,668,75,"2026-06-29 10:59:00",detail_page,rec_v1,19,0
4583,125,6,"2026-07-20 15:23:00",detail_page,rec_v1,15,0
4584,370,65,"2026-07-13 17:05:00",continue_watching,rec_v1,20,0
4585,95,112,"2026-05-06 12:02:00",search,rec_v1,5,0
4586,762,65,"2026-06-12 15:57:00",home,rec_v1,13,0
4587,370,27,"2026-07-04 07:43:00",search,rec_v1,4,0
4588,793,15,"2026-05-20 19:22:00",home,rec_v1,8,0
4589,710,150,"2026-05-28 01:07:00",home,rec_v2,9,0
4590,471,143,"2026-06-22 04:11:00",home,rec_v1,14,1
4591,606,68,"2026-06-21 20:59:00",home,rec_v2,11,0
4592,314,91,"2026-07-04 17:45:00",search,rec_v2,17,0
4593,178,115,"2026-07-06 00:05:00",home,rec_v1,16,0
4594,295,37,"2026-06-09 23:59:00",detail_page,rec_v1,5,0
4595,955,72,"2026-07-22 02:57:00",home,rec_v1,20,0
4596,404,34,"2026-06-13 07:23:00",home,rec_v2,14,0
4597,278,8,"2026-07-09 18:19:00",detail_page,rec_v1,9,0
4598,399,87,"2026-06-30 10:02:00",home,rec_v1,6,0
4599,237,130,"2026-05-08 05:34:00",continue_watching,rec_v1,12,1
4600,39,123,"2026-07-10 12:53:00",search,rec_v2,19,0
4601,813,135,"2026-07-28 22:57:00",detail_page,rec_v1,15,0
4602,922,108,"2026-06-14 15:13:00",search,rec_v2,6,0
4603,216,82,"2026-07-03 15:27:00",home,rec_v1,15,0
4604,807,35,"2026-07-05 02:55:00",home,rec_v1,20,0
4605,765,149,"2026-05-18 00:44:00",home,rec_v2,4,1
4606,452,43,"2026-05-07 03:55:00",home,rec_v2,17,0
4607,899,146,"2026-06-30 15:57:00",detail_page,rec_v2,7,0
4608,70,93,"2026-07-22 03:46:00",home,rec_v1,4,0
4609,365,47,"2026-05-01 09:23:00",search,rec_v1,3,0
4610,228,8,"2026-06-30 13:17:00",detail_page,rec_v2,2,0
4611,215,60,"2026-06-12 12:20:00",home,rec_v1,4,0
4612,627,122,"2026-05-18 13:06:00",continue_watching,rec_v2,3,0
4613,530,88,"2026-05-05 16:52:00",continue_watching,rec_v1,15,0
4614,383,7,"2026-06-17 19:56:00",home,rec_v1,1,0
4615,484,39,"2026-05-16 17:32:00",home,rec_v2,3,0
4616,967,32,"2026-06-17 13:18:00",search,rec_v2,12,0
4617,611,83,"2026-06-21 21:41:00",home,rec_v1,5,0
4618,78,84,"2026-07-13 18:58:00",search,rec_v2,12,0
4619,370,115,"2026-07-11 20:49:00",search,rec_v1,6,0
4620,839,142,"2026-06-17 20:34:00",search,rec_v2,1,0
4621,290,18,"2026-06-12 07:29:00",home,rec_v1,9,0
4622,227,7,"2026-05-05 06:50:00",home,rec_v2,16,0
4623,529,125,"2026-05-30 12:58:00",home,rec_v2,1,0
4624,589,25,"2026-05-28 15:21:00",home,rec_v2,20,0
4625,449,46,"2026-07-22 00:49:00",home,rec_v2,20,0
4626,403,33,"2026-06-10 12:48:00",home,rec_v2,11,0
4627,934,32,"2026-05-27 05:13:00",detail_page,rec_v1,2,0
4628,991,58,"2026-06-29 06:47:00",search,rec_v2,2,0
4629,706,67,"2026-07-22 12:38:00",home,rec_v1,16,0
4630,268,50,"2026-07-24 13:34:00",home,rec_v1,19,0
4631,110,109,"2026-07-11 08:55:00",continue_watching,rec_v2,15,0
4632,35,114,"2026-06-20 14:24:00",continue_watching,rec_v2,19,0
4633,854,93,"2026-06-18 12:08:00",home,rec_v2,20,1
4634,56,102,"2026-06-28 18:23:00",detail_page,rec_v2,15,0
4635,440,75,"2026-07-26 10:28:00",home,rec_v2,20,0
4636,593,116,"2026-06-18 23:13:00",search,rec_v2,7,0
4637,54,19,"2026-07-28 00:28:00",home,rec_v1,4,0
4638,273,92,"2026-07-01 12:16:00",detail_page,rec_v1,9,0
4639,959,113,"2026-06-19 18:01:00",home,rec_v2,1,0
4640,495,52,"2026-06-05 09:44:00",home,rec_v2,12,0
4641,594,46,"2026-07-29 17:24:00",home,rec_v1,2,0
4642,793,57,"2026-06-30 19:46:00",continue_watching,rec_v1,16,0
4643,988,88,"2026-07-10 15:53:00",search,rec_v1,12,0
4644,496,48,"2026-05-07 14:05:00",home,rec_v1,1,1
4645,469,130,"2026-07-18 12:12:00",search,rec_v1,12,0
4646,723,79,"2026-05-17 12:46:00",home,rec_v2,13,1
4647,831,138,"2026-05-20 08:59:00",home,rec_v1,7,1
4648,276,19,"2026-07-14 17:50:00",continue_watching,rec_v1,13,0
4649,194,33,"2026-06-23 13:10:00",search,rec_v2,18,0
4650,912,114,"2026-07-18 19:14:00",detail_page,rec_v2,1,0
4651,821,12,"2026-06-08 19:01:00",home,rec_v2,9,0
4652,102,72,"2026-07-11 15:37:00",home,rec_v2,2,0
4653,803,72,"2026-07-06 17:49:00",search,rec_v2,10,0
4654,291,51,"2026-06-05 06:32:00",search,rec_v1,13,0
4655,933,118,"2026-06-09 17:54:00",home,rec_v1,12,0
4656,725,126,"2026-07-12 19:36:00",home,rec_v1,11,0
4657,384,129,"2026-06-09 18:55:00",home,rec_v1,10,0
4658,742,128,"2026-05-28 23:58:00",home,rec_v1,16,0
4659,904,60,"2026-06-27 03:22:00",home,rec_v1,20,0
4660,482,45,"2026-06-08 01:42:00",home,rec_v2,19,0
4661,649,42,"2026-05-13 09:52:00",home,rec_v1,19,0
4662,855,135,"2026-07-21 15:38:00",detail_page,rec_v1,4,0
4663,805,7,"2026-05-02 07:14:00",search,rec_v1,7,0
4664,142,2,"2026-05-27 08:21:00",detail_page,rec_v2,12,0
4665,946,124,"2026-05-07 11:15:00",home,rec_v2,4,0
4666,476,98,"2026-06-05 13:15:00",home,rec_v2,14,0
4667,858,60,"2026-06-22 11:53:00",home,rec_v1,13,0
4668,757,80,"2026-06-03 17:33:00",home,rec_v2,16,0
4669,839,116,"2026-07-08 10:24:00",detail_page,rec_v2,16,0
4670,395,103,"2026-07-18 09:35:00",home,rec_v2,2,0
4671,129,3,"2026-06-15 12:33:00",detail_page,rec_v2,5,0
4672,319,85,"2026-07-20 03:24:00",home,rec_v1,3,0
4673,64,74,"2026-06-22 04:13:00",search,rec_v2,17,0
4674,572,129,"2026-06-14 09:17:00",continue_watching,rec_v2,12,0
4675,283,37,"2026-05-16 03:58:00",home,rec_v1,18,0
4676,42,107,"2026-07-21 01:07:00",search,rec_v2,8,0
4677,443,71,"2026-05-04 03:48:00",home,rec_v2,5,0
4678,882,111,"2026-05-19 09:38:00",search,rec_v1,6,0
4679,90,66,"2026-05-23 11:57:00",home,rec_v1,18,0
4680,581,62,"2026-05-23 00:15:00",detail_page,rec_v1,4,0
4681,821,131,"2026-05-24 22:11:00",detail_page,rec_v2,12,0
4682,545,83,"2026-06-01 05:35:00",search,rec_v2,12,0
4683,297,92,"2026-05-14 23:16:00",search,rec_v1,11,1
4684,959,65,"2026-06-01 12:48:00",search,rec_v1,11,1
4685,468,23,"2026-06-29 18:39:00",home,rec_v2,13,0
4686,936,111,"2026-07-28 14:22:00",continue_watching,rec_v1,18,0
4687,589,91,"2026-07-04 16:18:00",continue_watching,rec_v2,9,1
4688,968,100,"2026-07-22 06:43:00",home,rec_v1,20,0
4689,598,29,"2026-07-10 12:49:00",detail_page,rec_v2,5,0
4690,435,79,"2026-06-27 16:36:00",search,rec_v1,19,0
4691,821,138,"2026-05-26 20:18:00",home,rec_v2,4,0
4692,605,118,"2026-05-18 09:46:00",home,rec_v1,3,0
4693,5,34,"2026-06-29 14:49:00",continue_watching,rec_v2,3,0
4694,60,81,"2026-07-17 22:05:00",detail_page,rec_v1,1,1
4695,466,41,"2026-05-10 04:19:00",continue_watching,rec_v1,12,0
4696,586,11,"2026-06-27 16:48:00",home,rec_v2,13,0
4697,313,70,"2026-06-07 23:06:00",detail_page,rec_v1,2,1
4698,218,91,"2026-05-04 07:40:00",search,rec_v2,7,0
4699,393,33,"2026-05-30 09:40:00",home,rec_v1,9,1
4700,321,135,"2026-07-16 07:02:00",home,rec_v2,6,1
4701,542,77,"2026-05-18 06:14:00",detail_page,rec_v2,2,0
4702,378,4,"2026-07-09 04:10:00",continue_watching,rec_v1,8,0
4703,528,14,"2026-07-17 19:42:00",search,rec_v2,1,1
4704,930,4,"2026-06-12 14:29:00",search,rec_v1,8,0
4705,720,62,"2026-07-25 10:37:00",continue_watching,rec_v2,16,0
4706,226,126,"2026-06-09 16:49:00",home,rec_v2,15,0
4707,449,33,"2026-06-10 09:31:00",home,rec_v1,11,0
4708,571,28,"2026-05-27 05:21:00",search,rec_v1,6,0
4709,417,110,"2026-05-10 15:01:00",home,rec_v1,19,0
4710,791,148,"2026-07-07 19:25:00",continue_watching,rec_v2,6,0
4711,53,36,"2026-07-27 12:54:00",home,rec_v1,4,1
4712,584,13,"2026-06-09 17:54:00",home,rec_v2,17,0
4713,295,115,"2026-06-13 01:37:00",home,rec_v1,5,0
4714,619,12,"2026-05-21 02:53:00",home,rec_v1,20,0
4715,453,89,"2026-06-24 13:31:00",home,rec_v2,11,0
4716,943,23,"2026-07-26 08:58:00",home,rec_v1,3,0
4717,92,108,"2026-07-25 14:21:00",detail_page,rec_v1,2,0
4718,724,101,"2026-07-17 22:46:00",detail_page,rec_v2,20,1
4719,898,56,"2026-06-05 16:59:00",home,rec_v2,7,0
4720,767,145,"2026-07-13 13:53:00",detail_page,rec_v1,9,0
4721,707,2,"2026-06-27 11:37:00",home,rec_v1,6,0
4722,981,114,"2026-06-06 05:23:00",detail_page,rec_v1,11,0
4723,521,13,"2026-07-17 02:41:00",search,rec_v2,18,0
4724,494,28,"2026-05-06 03:09:00",search,rec_v1,7,0
4725,382,56,"2026-05-04 14:16:00",home,rec_v1,2,0
4726,217,36,"2026-06-01 03:20:00",search,rec_v2,16,0
4727,906,85,"2026-05-26 19:43:00",home,rec_v2,4,0
4728,567,80,"2026-07-27 17:43:00",search,rec_v1,8,0
4729,823,108,"2026-06-28 01:07:00",home,rec_v1,10,0
4730,363,106,"2026-07-17 21:14:00",continue_watching,rec_v2,3,0
4731,767,106,"2026-07-06 21:17:00",home,rec_v1,15,0
4732,209,81,"2026-07-28 13:15:00",continue_watching,rec_v1,17,0
4733,807,128,"2026-06-06 00:49:00",search,rec_v2,12,0
4734,580,93,"2026-07-23 02:44:00",search,rec_v2,14,1
4735,656,59,"2026-07-04 04:50:00",home,rec_v2,5,1
4736,755,70,"2026-06-16 22:51:00",home,rec_v1,3,1
4737,95,68,"2026-05-31 19:29:00",home,rec_v2,7,0
4738,134,59,"2026-06-14 02:47:00",home,rec_v1,9,1
4739,867,121,"2026-05-05 05:00:00",search,rec_v1,16,0
4740,605,144,"2026-05-13 23:49:00",home,rec_v1,12,0
4741,153,80,"2026-07-21 05:40:00",continue_watching,rec_v1,20,0
4742,622,95,"2026-05-03 23:57:00",home,rec_v2,19,0
4743,137,143,"2026-05-24 16:38:00",home,rec_v2,19,0
4744,203,14,"2026-07-23 20:16:00",search,rec_v1,10,0
4745,413,118,"2026-07-02 12:51:00",search,rec_v1,15,0
4746,319,78,"2026-06-06 08:09:00",home,rec_v2,13,0
4747,705,144,"2026-05-21 04:55:00",home,rec_v1,19,0
4748,216,133,"2026-06-07 04:19:00",search,rec_v2,1,0
4749,344,149,"2026-05-17 10:53:00",home,rec_v2,6,0
4750,812,48,"2026-06-04 07:34:00",home,rec_v1,7,0
4751,797,37,"2026-05-30 19:12:00",home,rec_v1,16,0
4752,969,78,"2026-07-05 08:08:00",detail_page,rec_v2,18,0
4753,621,43,"2026-06-13 02:32:00",continue_watching,rec_v2,15,0
4754,800,62,"2026-05-24 01:22:00",search,rec_v2,14,0
4755,48,91,"2026-05-10 02:44:00",continue_watching,rec_v2,20,0
4756,396,23,"2026-06-19 18:36:00",home,rec_v2,17,0
4757,515,141,"2026-06-05 03:28:00",detail_page,rec_v2,20,0
4758,279,65,"2026-06-24 23:36:00",continue_watching,rec_v2,1,0
4759,697,93,"2026-05-08 14:09:00",search,rec_v2,20,0
4760,428,23,"2026-05-21 21:27:00",detail_page,rec_v2,2,0
4761,999,139,"2026-05-21 17:45:00",detail_page,rec_v1,4,0
4762,558,8,"2026-05-12 00:59:00",home,rec_v1,9,0
4763,600,18,"2026-07-13 05:27:00",home,rec_v1,16,0
4764,617,64,"2026-06-27 11:50:00",continue_watching,rec_v1,3,0
4765,898,41,"2026-05-15 13:24:00",continue_watching,rec_v1,3,0
4766,99,129,"2026-07-09 13:49:00",home,rec_v1,1,0
4767,247,149,"2026-05-10 01:09:00",home,rec_v1,3,0
4768,249,102,"2026-06-27 23:53:00",detail_page,rec_v1,3,0
4769,5,142,"2026-05-17 03:36:00",home,rec_v2,2,1
4770,496,48,"2026-05-04 04:22:00",detail_page,rec_v1,20,0
4771,19,63,"2026-05-09 21:23:00",detail_page,rec_v2,16,0
4772,409,148,"2026-07-03 11:41:00",detail_page,rec_v1,1,0
4773,672,149,"2026-06-28 03:35:00",continue_watching,rec_v1,15,0
4774,351,55,"2026-07-14 17:07:00",detail_page,rec_v2,10,0
4775,264,56,"2026-07-11 09:01:00",continue_watching,rec_v2,4,0
4776,75,81,"2026-05-26 21:53:00",detail_page,rec_v2,14,0
4777,117,120,"2026-07-28 20:54:00",search,rec_v2,1,1
4778,48,61,"2026-06-29 18:46:00",continue_watching,rec_v1,18,0
4779,207,73,"2026-06-27 01:55:00",detail_page,rec_v1,6,0
4780,172,29,"2026-06-04 15:04:00",detail_page,rec_v1,1,0
4781,615,55,"2026-05-17 04:44:00",home,rec_v1,18,0
4782,700,90,"2026-05-18 00:17:00",detail_page,rec_v2,6,0
4783,672,11,"2026-07-20 11:14:00",home,rec_v1,4,1
4784,170,136,"2026-07-26 21:17:00",continue_watching,rec_v1,6,0
4785,506,7,"2026-05-10 05:45:00",detail_page,rec_v1,13,0
4786,114,29,"2026-07-13 02:37:00",home,rec_v2,18,0
4787,139,2,"2026-05-17 08:09:00",home,rec_v2,7,0
4788,896,66,"2026-07-08 15:09:00",home,rec_v2,8,0
4789,175,44,"2026-05-04 17:07:00",search,rec_v2,3,0
4790,827,87,"2026-05-19 23:56:00",search,rec_v1,10,0
4791,13,93,"2026-07-12 02:01:00",home,rec_v2,3,1
4792,266,129,"2026-05-30 02:51:00",home,rec_v2,14,0
4793,458,16,"2026-05-22 04:18:00",detail_page,rec_v2,14,0
4794,504,13,"2026-07-06 19:05:00",home,rec_v1,1,0
4795,403,70,"2026-06-30 01:31:00",home,rec_v1,11,0
4796,238,83,"2026-05-30 19:48:00",detail_page,rec_v1,3,0
4797,168,114,"2026-05-16 04:48:00",search,rec_v2,8,0
4798,141,141,"2026-05-18 01:22:00",search,rec_v1,18,0
4799,134,3,"2026-06-02 20:37:00",home,rec_v1,3,0
4800,262,8,"2026-06-08 21:11:00",continue_watching,rec_v2,18,1
4801,611,11,"2026-06-03 02:54:00",home,rec_v2,2,0
4802,66,17,"2026-07-01 09:16:00",search,rec_v2,16,0
4803,737,23,"2026-06-11 22:49:00",home,rec_v2,9,0
4804,962,113,"2026-06-21 14:03:00",home,rec_v2,7,0
4805,92,42,"2026-07-21 09:29:00",continue_watching,rec_v2,2,0
4806,677,7,"2026-05-29 00:37:00",search,rec_v1,8,0
4807,674,134,"2026-05-11 23:10:00",search,rec_v1,4,0
4808,972,71,"2026-07-14 17:23:00",continue_watching,rec_v2,16,0
4809,412,119,"2026-06-09 22:57:00",home,rec_v1,19,0
4810,133,69,"2026-06-21 09:09:00",home,rec_v1,4,0
4811,582,40,"2026-07-11 22:06:00",home,rec_v2,10,0
4812,955,124,"2026-07-19 04:32:00",continue_watching,rec_v1,5,0
4813,682,53,"2026-06-20 12:40:00",home,rec_v2,8,0
4814,517,42,"2026-06-10 02:07:00",search,rec_v1,11,0
4815,747,39,"2026-05-06 09:35:00",search,rec_v2,19,0
4816,187,137,"2026-05-25 08:57:00",search,rec_v2,8,0
4817,515,128,"2026-05-16 21:31:00",continue_watching,rec_v1,20,0
4818,973,49,"2026-05-20 13:35:00",search,rec_v2,16,0
4819,643,5,"2026-05-15 20:58:00",detail_page,rec_v2,1,0
4820,628,63,"2026-06-22 08:49:00",search,rec_v2,7,0
4821,820,136,"2026-05-29 01:34:00",detail_page,rec_v2,18,0
4822,139,117,"2026-05-23 14:46:00",search,rec_v1,11,0
4823,403,89,"2026-05-12 21:53:00",detail_page,rec_v1,18,0
4824,427,117,"2026-06-06 21:18:00",home,rec_v1,16,0
4825,997,58,"2026-07-15 14:06:00",home,rec_v2,1,0
4826,646,41,"2026-05-06 03:28:00",continue_watching,rec_v2,14,0
4827,277,16,"2026-05-11 14:54:00",home,rec_v1,3,0
4828,707,51,"2026-05-24 05:59:00",continue_watching,rec_v2,6,0
4829,426,55,"2026-06-06 12:19:00",home,rec_v2,6,0
4830,200,94,"2026-06-11 19:30:00",home,rec_v2,9,0
4831,819,31,"2026-07-07 08:59:00",continue_watching,rec_v2,7,0
4832,298,38,"2026-05-08 15:36:00",home,rec_v2,11,0
4833,590,68,"2026-05-27 16:07:00",continue_watching,rec_v2,16,0
4834,171,21,"2026-06-27 12:08:00",search,rec_v2,6,0
4835,787,77,"2026-06-04 10:59:00",home,rec_v1,12,1
4836,280,126,"2026-06-28 09:46:00",search,rec_v2,13,0
4837,601,129,"2026-06-10 05:54:00",home,rec_v2,7,0
4838,668,136,"2026-07-20 07:05:00",search,rec_v1,12,0
4839,3,16,"2026-06-12 07:11:00",home,rec_v1,9,0
4840,967,20,"2026-07-12 12:56:00",search,rec_v2,16,0
4841,182,61,"2026-05-05 10:25:00",home,rec_v2,18,0
4842,333,51,"2026-05-07 22:30:00",home,rec_v1,5,0
4843,308,62,"2026-07-07 14:38:00",search,rec_v2,6,0
4844,763,13,"2026-07-29 21:51:00",detail_page,rec_v1,9,0
4845,14,109,"2026-06-08 07:04:00",detail_page,rec_v2,4,0
4846,387,106,"2026-05-23 01:24:00",detail_page,rec_v2,20,0
4847,832,38,"2026-07-12 17:23:00",continue_watching,rec_v1,17,0
4848,613,10,"2026-06-05 02:42:00",home,rec_v2,3,0
4849,273,113,"2026-05-08 14:27:00",home,rec_v1,4,1
4850,426,12,"2026-05-01 03:35:00",continue_watching,rec_v1,6,0
4851,493,43,"2026-06-20 18:47:00",continue_watching,rec_v2,17,0
4852,655,35,"2026-05-11 06:27:00",continue_watching,rec_v1,18,0
4853,82,68,"2026-07-08 01:00:00",detail_page,rec_v2,5,0
4854,871,119,"2026-06-26 07:05:00",home,rec_v2,20,0
4855,652,116,"2026-06-15 23:44:00",continue_watching,rec_v1,2,0
4856,663,18,"2026-05-27 00:35:00",home,rec_v2,5,0
4857,15,122,"2026-05-21 06:47:00",detail_page,rec_v1,8,0
4858,547,109,"2026-05-07 03:57:00",detail_page,rec_v2,19,0
4859,532,83,"2026-07-07 08:15:00",search,rec_v2,15,0
4860,676,121,"2026-07-03 11:46:00",home,rec_v2,20,0
4861,608,59,"2026-05-03 14:43:00",home,rec_v2,16,0
4862,676,137,"2026-07-17 05:50:00",detail_page,rec_v2,15,0
4863,481,80,"2026-07-05 12:37:00",search,rec_v1,12,0
4864,620,70,"2026-07-06 10:11:00",detail_page,rec_v1,11,1
4865,58,61,"2026-06-01 00:55:00",continue_watching,rec_v2,1,0
4866,544,92,"2026-07-09 20:37:00",search,rec_v2,20,0
4867,393,109,"2026-07-05 05:37:00",home,rec_v2,7,0
4868,693,120,"2026-07-22 13:48:00",continue_watching,rec_v1,16,0
4869,84,44,"2026-05-08 22:12:00",home,rec_v2,5,0
4870,680,36,"2026-06-04 13:26:00",home,rec_v2,4,0
4871,898,34,"2026-07-17 18:54:00",home,rec_v2,2,0
4872,806,60,"2026-05-30 06:39:00",home,rec_v1,11,0
4873,284,63,"2026-06-12 20:06:00",detail_page,rec_v2,2,0
4874,741,107,"2026-07-23 20:16:00",detail_page,rec_v2,11,0
4875,229,125,"2026-07-19 16:31:00",continue_watching,rec_v2,5,0
4876,175,44,"2026-07-25 20:22:00",home,rec_v2,14,0
4877,607,14,"2026-05-08 11:46:00",detail_page,rec_v2,6,0
4878,873,123,"2026-06-23 14:39:00",detail_page,rec_v1,20,0
4879,703,110,"2026-05-30 19:59:00",continue_watching,rec_v1,20,0
4880,261,150,"2026-07-26 11:45:00",continue_watching,rec_v1,5,1
4881,61,144,"2026-05-24 20:50:00",detail_page,rec_v2,19,0
4882,964,33,"2026-05-26 17:56:00",home,rec_v2,16,0
4883,227,140,"2026-06-01 00:17:00",home,rec_v1,20,0
4884,385,64,"2026-05-31 08:59:00",home,rec_v2,14,1
4885,23,70,"2026-05-06 10:05:00",search,rec_v1,1,0
4886,252,53,"2026-05-24 23:32:00",continue_watching,rec_v1,3,0
4887,511,135,"2026-06-15 03:35:00",home,rec_v1,17,0
4888,392,90,"2026-06-24 21:46:00",continue_watching,rec_v1,7,0
4889,43,74,"2026-05-10 07:43:00",detail_page,rec_v1,16,1
4890,394,13,"2026-05-23 07:40:00",home,rec_v1,2,0
4891,383,75,"2026-05-26 14:39:00",home,rec_v2,8,0
4892,824,111,"2026-05-05 22:26:00",detail_page,rec_v1,20,0
4893,90,57,"2026-06-12 21:24:00",continue_watching,rec_v1,6,0
4894,69,9,"2026-06-22 19:47:00",home,rec_v2,16,0
4895,741,106,"2026-06-15 09:21:00",continue_watching,rec_v2,15,0
4896,427,88,"2026-07-09 15:42:00",continue_watching,rec_v2,10,0
4897,306,85,"2026-06-26 04:54:00",continue_watching,rec_v1,9,0
4898,517,29,"2026-06-25 19:57:00",home,rec_v2,7,0
4899,757,29,"2026-05-10 19:39:00",continue_watching,rec_v1,13,0
4900,588,81,"2026-06-03 19:28:00",home,rec_v1,18,0
4901,770,35,"2026-05-18 11:44:00",detail_page,rec_v1,3,1
4902,323,87,"2026-07-07 23:13:00",detail_page,rec_v2,1,1
4903,820,109,"2026-05-02 07:01:00",home,rec_v2,4,0
4904,127,77,"2026-05-28 19:49:00",detail_page,rec_v2,14,0
4905,955,108,"2026-07-27 07:22:00",home,rec_v1,9,0
4906,465,149,"2026-06-11 06:55:00",home,rec_v1,19,0
4907,448,146,"2026-05-30 18:45:00",detail_page,rec_v1,12,0
4908,35,41,"2026-05-21 20:01:00",detail_page,rec_v2,17,0
4909,465,119,"2026-07-09 22:37:00",home,rec_v2,18,0
4910,271,136,"2026-07-29 18:44:00",detail_page,rec_v1,19,0
4911,848,77,"2026-07-15 13:29:00",search,rec_v1,13,0
4912,342,150,"2026-05-07 02:50:00",detail_page,rec_v2,11,0
4913,404,76,"2026-05-28 04:08:00",home,rec_v2,5,0
4914,599,2,"2026-05-03 17:54:00",home,rec_v2,6,0
4915,160,135,"2026-06-04 04:41:00",search,rec_v2,11,0
4916,912,3,"2026-07-11 16:14:00",home,rec_v2,16,0
4917,355,12,"2026-05-12 08:55:00",continue_watching,rec_v2,13,0
4918,45,59,"2026-06-08 13:11:00",search,rec_v2,2,0
4919,930,129,"2026-07-03 12:06:00",home,rec_v2,3,0
4920,922,9,"2026-07-15 10:13:00",search,rec_v1,9,0
4921,434,11,"2026-07-01 06:01:00",home,rec_v2,4,0
4922,306,4,"2026-07-07 22:48:00",search,rec_v1,3,0
4923,275,90,"2026-06-13 19:42:00",home,rec_v1,16,0
4924,664,46,"2026-07-05 07:31:00",search,rec_v1,5,0
4925,773,103,"2026-06-14 14:10:00",detail_page,rec_v2,3,0
4926,697,14,"2026-06-08 11:50:00",continue_watching,rec_v2,17,0
4927,72,89,"2026-06-02 15:18:00",detail_page,rec_v1,11,0
4928,426,107,"2026-05-08 08:50:00",continue_watching,rec_v2,18,0
4929,913,78,"2026-07-29 05:36:00",home,rec_v1,14,0
4930,245,100,"2026-05-23 20:03:00",home,rec_v1,11,0
4931,380,81,"2026-05-11 20:52:00",detail_page,rec_v1,3,1
4932,929,96,"2026-07-24 18:01:00",home,rec_v1,12,0
4933,414,18,"2026-06-24 00:25:00",home,rec_v1,14,0
4934,462,80,"2026-06-20 19:03:00",detail_page,rec_v2,19,0
4935,312,135,"2026-06-13 20:21:00",search,rec_v2,7,1
4936,356,42,"2026-06-15 00:36:00",search,rec_v2,7,0
4937,897,47,"2026-05-17 10:09:00",detail_page,rec_v1,14,0
4938,241,2,"2026-07-25 16:16:00",home,rec_v2,10,0
4939,939,3,"2026-05-11 01:36:00",search,rec_v1,4,0
4940,93,147,"2026-07-15 03:19:00",search,rec_v2,8,0
4941,699,5,"2026-07-16 04:08:00",search,rec_v2,8,0
4942,5,108,"2026-07-11 17:40:00",home,rec_v1,1,0
4943,357,107,"2026-06-12 19:42:00",home,rec_v2,16,0
4944,401,75,"2026-05-16 03:04:00",detail_page,rec_v2,3,1
4945,876,41,"2026-06-12 16:03:00",home,rec_v1,5,0
4946,537,45,"2026-07-04 13:48:00",home,rec_v2,7,0
4947,333,33,"2026-07-02 05:09:00",detail_page,rec_v2,14,1
4948,989,63,"2026-07-15 23:39:00",continue_watching,rec_v1,14,0
4949,689,150,"2026-05-30 23:50:00",search,rec_v2,5,0
4950,576,86,"2026-05-19 04:37:00",continue_watching,rec_v1,4,1
4951,515,21,"2026-06-12 11:22:00",search,rec_v1,7,0
4952,435,99,"2026-06-05 19:03:00",home,rec_v2,16,0
4953,76,64,"2026-05-15 09:57:00",home,rec_v2,19,0
4954,345,3,"2026-05-18 12:30:00",home,rec_v2,20,1
4955,503,93,"2026-05-20 21:46:00",home,rec_v1,4,0
4956,160,65,"2026-07-07 07:46:00",home,rec_v2,11,0
4957,851,26,"2026-06-22 23:30:00",search,rec_v1,8,1
4958,64,117,"2026-07-11 21:05:00",home,rec_v2,11,0
4959,870,75,"2026-07-12 09:45:00",search,rec_v1,17,0
4960,819,130,"2026-05-22 15:49:00",search,rec_v1,1,0
4961,76,84,"2026-05-11 23:54:00",home,rec_v2,15,0
4962,275,148,"2026-05-09 02:58:00",home,rec_v1,14,0
4963,452,106,"2026-07-16 09:08:00",home,rec_v1,5,0
4964,825,100,"2026-05-10 21:04:00",detail_page,rec_v2,9,0
4965,578,7,"2026-07-20 22:51:00",continue_watching,rec_v1,19,0
4966,877,68,"2026-06-22 19:54:00",detail_page,rec_v1,9,0
4967,328,118,"2026-06-13 17:08:00",detail_page,rec_v2,13,1
4968,941,139,"2026-06-18 19:01:00",detail_page,rec_v2,11,1
4969,903,9,"2026-07-04 08:32:00",continue_watching,rec_v1,12,0
4970,738,103,"2026-07-07 19:04:00",home,rec_v1,5,0
4971,578,94,"2026-07-27 07:33:00",continue_watching,rec_v1,13,0
4972,946,30,"2026-06-22 17:13:00",detail_page,rec_v1,5,0
4973,32,107,"2026-06-04 20:22:00",home,rec_v2,8,0
4974,723,136,"2026-06-14 20:22:00",search,rec_v2,5,1
4975,564,141,"2026-05-10 02:53:00",continue_watching,rec_v1,1,0
4976,592,110,"2026-06-06 01:06:00",continue_watching,rec_v2,8,0
4977,967,5,"2026-05-19 03:28:00",search,rec_v1,10,0
4978,516,58,"2026-07-29 19:58:00",continue_watching,rec_v2,14,0
4979,472,26,"2026-06-22 17:30:00",search,rec_v1,12,0
4980,878,84,"2026-06-14 15:15:00",detail_page,rec_v1,19,0
4981,490,9,"2026-05-29 21:54:00",home,rec_v2,7,0
4982,78,101,"2026-05-23 20:52:00",detail_page,rec_v1,19,0
4983,350,70,"2026-07-29 21:44:00",home,rec_v2,8,0
4984,52,91,"2026-06-17 02:27:00",continue_watching,rec_v2,18,0
4985,871,42,"2026-05-31 02:01:00",home,rec_v1,5,0
4986,821,46,"2026-06-08 10:47:00",detail_page,rec_v2,5,0
4987,508,131,"2026-07-21 10:15:00",home,rec_v1,19,0
4988,53,79,"2026-05-02 06:51:00",detail_page,rec_v2,13,0
4989,324,120,"2026-07-09 22:57:00",detail_page,rec_v1,1,1
4990,462,54,"2026-06-17 05:53:00",search,rec_v2,9,0
4991,940,60,"2026-06-27 10:00:00",home,rec_v2,10,0
4992,412,147,"2026-05-22 02:45:00",detail_page,rec_v1,18,0
4993,108,54,"2026-05-10 18:25:00",search,rec_v2,19,0
4994,70,135,"2026-05-20 22:29:00",home,rec_v1,1,0
4995,129,139,"2026-06-28 00:25:00",home,rec_v1,12,0
4996,107,23,"2026-07-27 23:17:00",continue_watching,rec_v1,7,0
4997,616,77,"2026-07-18 06:18:00",detail_page,rec_v2,6,0
4998,290,17,"2026-07-15 03:45:00",home,rec_v2,20,0
4999,841,10,"2026-07-06 07:51:00",detail_page,rec_v1,8,0
5000,727,115,"2026-07-01 20:07:00",home,rec_v2,13,0
5001,38,100,"2026-07-15 16:12:00",home,rec_v2,3,0
5002,800,80,"2026-05-02 12:28:00",search,rec_v2,18,0
5003,473,74,"2026-05-27 09:56:00",detail_page,rec_v1,1,0
5004,523,51,"2026-06-07 02:07:00",home,rec_v1,20,0
5005,839,115,"2026-07-04 05:30:00",home,rec_v2,13,0
5006,171,2,"2026-06-12 22:55:00",home,rec_v2,18,1
5007,833,121,"2026-06-16 08:42:00",home,rec_v2,15,0
5008,416,116,"2026-06-14 21:36:00",home,rec_v1,18,0
5009,139,9,"2026-07-19 14:31:00",home,rec_v1,17,0
5010,455,82,"2026-07-13 03:59:00",home,rec_v1,12,0
5011,771,48,"2026-05-22 16:24:00",detail_page,rec_v1,7,0
5012,388,113,"2026-06-14 11:48:00",search,rec_v1,20,0
5013,174,69,"2026-07-09 03:25:00",search,rec_v1,13,0
5014,769,120,"2026-05-06 20:07:00",home,rec_v2,10,0
5015,425,123,"2026-07-26 06:59:00",home,rec_v2,4,0
5016,317,81,"2026-05-21 19:59:00",search,rec_v1,12,0
5017,308,77,"2026-07-01 16:56:00",detail_page,rec_v1,11,0
5018,430,147,"2026-07-28 00:45:00",home,rec_v1,17,0
5019,107,27,"2026-07-14 12:59:00",home,rec_v2,16,0
5020,807,60,"2026-06-19 11:10:00",continue_watching,rec_v1,11,0
5021,294,108,"2026-06-15 00:07:00",continue_watching,rec_v2,2,0
5022,769,137,"2026-05-01 20:11:00",continue_watching,rec_v1,17,0
5023,70,150,"2026-05-21 07:53:00",home,rec_v2,2,1
5024,53,64,"2026-07-23 21:34:00",search,rec_v2,13,0
5025,247,53,"2026-07-10 18:18:00",search,rec_v1,8,0
5026,995,93,"2026-05-13 14:21:00",home,rec_v2,15,1
5027,962,35,"2026-06-06 15:07:00",home,rec_v1,7,0
5028,985,69,"2026-07-01 15:26:00",detail_page,rec_v1,15,1
5029,792,42,"2026-07-05 02:30:00",continue_watching,rec_v2,19,0
5030,982,65,"2026-06-13 19:38:00",home,rec_v1,7,0
5031,26,54,"2026-07-02 07:22:00",search,rec_v2,16,0
5032,455,48,"2026-06-07 14:40:00",search,rec_v1,4,0
5033,159,46,"2026-07-05 21:23:00",search,rec_v2,3,0
5034,730,45,"2026-07-24 22:31:00",continue_watching,rec_v1,5,0
5035,714,1,"2026-07-18 22:04:00",continue_watching,rec_v2,6,0
5036,702,149,"2026-05-23 19:40:00",continue_watching,rec_v1,17,0
5037,350,95,"2026-05-26 07:44:00",home,rec_v1,11,0
5038,543,62,"2026-05-08 18:51:00",home,rec_v1,2,0
5039,356,103,"2026-05-21 10:46:00",home,rec_v1,17,0
5040,487,49,"2026-05-30 16:59:00",detail_page,rec_v1,10,0
5041,594,140,"2026-07-26 13:58:00",home,rec_v2,4,0
5042,813,129,"2026-06-23 04:14:00",detail_page,rec_v1,3,1
5043,813,94,"2026-05-06 10:22:00",search,rec_v1,18,0
5044,550,81,"2026-06-05 03:05:00",home,rec_v1,10,0
5045,52,135,"2026-07-15 00:04:00",continue_watching,rec_v1,7,1
5046,811,75,"2026-06-05 23:01:00",search,rec_v1,13,0
5047,407,52,"2026-05-23 05:12:00",home,rec_v2,13,1
5048,527,4,"2026-05-22 10:42:00",continue_watching,rec_v2,10,0
5049,528,73,"2026-07-11 06:14:00",continue_watching,rec_v2,10,0
5050,647,24,"2026-06-09 10:08:00",detail_page,rec_v1,9,0
5051,725,57,"2026-07-18 03:18:00",continue_watching,rec_v1,8,0
5052,63,26,"2026-06-05 08:00:00",home,rec_v2,14,0
5053,770,37,"2026-06-17 17:02:00",home,rec_v2,10,1
5054,547,85,"2026-06-11 07:09:00",search,rec_v2,5,1
5055,524,80,"2026-06-17 23:21:00",home,rec_v1,13,0
5056,793,107,"2026-07-08 00:50:00",home,rec_v1,6,0
5057,913,2,"2026-05-27 23:02:00",home,rec_v1,4,0
5058,628,86,"2026-05-19 03:16:00",search,rec_v1,13,0
5059,138,80,"2026-05-26 06:06:00",home,rec_v1,14,0
5060,504,140,"2026-06-19 13:08:00",home,rec_v2,8,0
5061,152,20,"2026-06-09 04:36:00",home,rec_v1,9,0
5062,217,135,"2026-06-22 02:04:00",home,rec_v2,9,0
5063,15,118,"2026-05-07 22:36:00",detail_page,rec_v1,15,0
5064,632,133,"2026-06-04 02:53:00",home,rec_v1,1,0
5065,655,8,"2026-07-16 12:10:00",home,rec_v2,4,0
5066,348,60,"2026-07-24 15:48:00",home,rec_v1,4,0
5067,83,66,"2026-06-11 10:08:00",search,rec_v2,12,0
5068,830,17,"2026-05-16 12:54:00",search,rec_v1,10,0
5069,593,46,"2026-05-15 06:07:00",home,rec_v1,17,0
5070,923,141,"2026-05-07 13:46:00",home,rec_v1,2,0
5071,881,91,"2026-05-13 14:58:00",home,rec_v2,13,0
5072,124,41,"2026-06-07 23:04:00",search,rec_v1,11,0
5073,872,84,"2026-07-09 02:35:00",home,rec_v1,5,0
5074,941,17,"2026-05-22 02:07:00",continue_watching,rec_v2,8,1
5075,705,44,"2026-06-03 06:10:00",home,rec_v1,16,0
5076,407,39,"2026-07-11 18:07:00",continue_watching,rec_v1,17,0
5077,303,13,"2026-07-09 01:22:00",continue_watching,rec_v1,16,0
5078,364,66,"2026-05-20 03:48:00",search,rec_v2,5,0
5079,576,92,"2026-07-07 02:49:00",search,rec_v1,8,0
5080,536,106,"2026-06-28 07:20:00",home,rec_v1,10,0
5081,672,63,"2026-07-15 12:02:00",home,rec_v1,17,0
5082,21,86,"2026-07-28 17:02:00",home,rec_v2,17,0
5083,677,28,"2026-05-31 10:54:00",search,rec_v2,4,0
5084,934,55,"2026-06-12 11:21:00",search,rec_v1,2,0
5085,495,65,"2026-05-27 07:11:00",home,rec_v1,19,0
5086,74,121,"2026-05-12 08:47:00",search,rec_v2,1,1
5087,541,130,"2026-07-02 14:32:00",home,rec_v2,11,0
5088,499,54,"2026-06-13 14:05:00",home,rec_v2,20,0
5089,387,2,"2026-06-10 06:37:00",home,rec_v2,13,0
5090,786,75,"2026-07-17 11:28:00",continue_watching,rec_v2,9,0
5091,7,143,"2026-05-10 14:44:00",search,rec_v1,14,0
5092,216,129,"2026-06-28 04:48:00",home,rec_v1,18,0
5093,600,73,"2026-05-01 10:22:00",home,rec_v1,12,0
5094,19,36,"2026-06-06 00:54:00",search,rec_v2,16,0
5095,383,34,"2026-07-02 19:11:00",continue_watching,rec_v2,18,0
5096,573,14,"2026-05-20 18:06:00",detail_page,rec_v1,14,0
5097,482,134,"2026-05-07 07:49:00",search,rec_v1,9,0
5098,567,18,"2026-05-23 14:50:00",home,rec_v2,13,0
5099,161,132,"2026-05-21 22:31:00",detail_page,rec_v1,1,1
5100,759,102,"2026-05-04 19:14:00",search,rec_v2,7,0
5101,826,144,"2026-07-16 03:45:00",search,rec_v1,10,0
5102,31,24,"2026-05-08 15:41:00",home,rec_v2,10,0
5103,337,70,"2026-07-06 05:16:00",search,rec_v2,15,1
5104,976,11,"2026-06-22 10:07:00",continue_watching,rec_v2,18,1
5105,589,123,"2026-07-26 02:08:00",search,rec_v2,4,0
5106,33,52,"2026-07-10 09:19:00",detail_page,rec_v1,11,0
5107,931,103,"2026-06-19 06:46:00",continue_watching,rec_v1,2,0
5108,764,6,"2026-05-27 16:48:00",detail_page,rec_v2,11,0
5109,655,72,"2026-07-21 01:07:00",home,rec_v2,6,0
5110,920,129,"2026-06-30 02:18:00",detail_page,rec_v2,15,0
5111,694,109,"2026-07-26 17:36:00",continue_watching,rec_v1,13,0
5112,474,47,"2026-05-22 01:56:00",home,rec_v2,3,1
5113,461,29,"2026-07-25 15:24:00",home,rec_v2,16,0
5114,563,18,"2026-06-20 08:32:00",continue_watching,rec_v1,6,0
5115,777,144,"2026-06-26 18:41:00",search,rec_v2,6,0
5116,979,150,"2026-05-06 19:46:00",search,rec_v2,1,0
5117,300,26,"2026-07-05 10:46:00",detail_page,rec_v2,12,0
5118,731,59,"2026-05-06 14:48:00",detail_page,rec_v2,7,0
5119,427,53,"2026-05-12 06:50:00",search,rec_v2,19,0
5120,506,6,"2026-06-14 21:05:00",detail_page,rec_v2,20,0
5121,262,141,"2026-07-04 14:59:00",continue_watching,rec_v1,9,0
5122,3,2,"2026-05-06 09:07:00",detail_page,rec_v2,2,0
5123,379,106,"2026-05-05 02:36:00",home,rec_v1,2,0
5124,320,11,"2026-06-10 11:05:00",detail_page,rec_v2,6,0
5125,537,42,"2026-05-17 01:29:00",detail_page,rec_v2,10,0
5126,947,53,"2026-07-07 14:19:00",home,rec_v2,19,0
5127,614,39,"2026-07-21 13:37:00",continue_watching,rec_v1,20,0
5128,200,106,"2026-06-07 02:59:00",search,rec_v2,9,0
5129,963,94,"2026-06-16 07:20:00",continue_watching,rec_v2,18,0
5130,963,63,"2026-07-26 21:40:00",detail_page,rec_v1,2,0
5131,331,49,"2026-07-28 15:33:00",search,rec_v1,12,0
5132,605,15,"2026-07-12 11:05:00",home,rec_v2,15,0
5133,332,50,"2026-07-05 01:19:00",home,rec_v1,16,0
5134,230,6,"2026-05-24 09:49:00",home,rec_v1,12,0
5135,813,16,"2026-05-05 06:06:00",home,rec_v1,4,0
5136,407,127,"2026-06-12 07:28:00",home,rec_v2,1,0
5137,160,115,"2026-06-22 09:32:00",continue_watching,rec_v2,4,0
5138,219,84,"2026-05-01 20:15:00",home,rec_v2,6,0
5139,470,41,"2026-06-21 20:01:00",detail_page,rec_v1,10,0
5140,561,26,"2026-06-14 08:02:00",continue_watching,rec_v2,15,0
5141,956,43,"2026-07-17 04:53:00",continue_watching,rec_v1,5,0
5142,320,64,"2026-07-26 12:57:00",home,rec_v1,19,1
5143,908,124,"2026-05-12 11:29:00",home,rec_v1,10,0
5144,479,132,"2026-05-15 08:13:00",continue_watching,rec_v1,7,0
5145,22,101,"2026-07-03 03:25:00",continue_watching,rec_v2,12,1
5146,403,17,"2026-05-22 14:57:00",home,rec_v2,8,1
5147,450,112,"2026-06-06 22:48:00",continue_watching,rec_v2,1,0
5148,754,46,"2026-05-26 06:40:00",home,rec_v1,14,0
5149,285,57,"2026-05-31 11:41:00",home,rec_v1,17,0
5150,936,19,"2026-06-12 10:46:00",search,rec_v1,12,0
5151,70,62,"2026-07-28 20:05:00",continue_watching,rec_v1,11,0
5152,192,30,"2026-05-21 08:24:00",home,rec_v2,18,0
5153,935,144,"2026-06-05 00:42:00",home,rec_v2,12,0
5154,113,81,"2026-05-11 20:16:00",home,rec_v1,12,0
5155,510,3,"2026-06-03 03:32:00",continue_watching,rec_v1,20,0
5156,37,144,"2026-06-06 06:29:00",search,rec_v2,10,1
5157,352,150,"2026-07-16 05:15:00",continue_watching,rec_v2,6,0
5158,326,144,"2026-06-06 03:34:00",search,rec_v2,8,0
5159,26,9,"2026-06-04 20:24:00",search,rec_v2,12,1
5160,712,93,"2026-05-07 21:03:00",continue_watching,rec_v1,16,0
5161,257,86,"2026-05-20 19:57:00",home,rec_v1,15,0
5162,274,65,"2026-07-13 11:25:00",continue_watching,rec_v1,3,0
5163,505,109,"2026-07-02 14:20:00",home,rec_v1,9,0
5164,92,102,"2026-05-26 05:37:00",detail_page,rec_v1,11,0
5165,717,111,"2026-07-10 02:08:00",home,rec_v1,5,1
5166,760,131,"2026-05-09 15:03:00",continue_watching,rec_v1,4,0
5167,708,28,"2026-05-16 06:36:00",search,rec_v2,3,0
5168,549,70,"2026-05-04 23:09:00",detail_page,rec_v2,8,0
5169,810,78,"2026-06-20 09:48:00",detail_page,rec_v1,5,0
5170,528,29,"2026-06-14 09:01:00",detail_page,rec_v1,1,0
5171,534,5,"2026-05-30 10:58:00",search,rec_v1,11,0
5172,931,131,"2026-05-04 19:18:00",search,rec_v2,1,1
5173,35,142,"2026-07-16 08:29:00",detail_page,rec_v1,11,0
5174,972,57,"2026-06-01 01:31:00",continue_watching,rec_v2,19,0
5175,650,48,"2026-07-27 12:16:00",home,rec_v1,3,1
5176,165,75,"2026-07-22 10:34:00",home,rec_v2,14,0
5177,148,130,"2026-05-11 10:40:00",home,rec_v2,19,0
5178,195,102,"2026-07-10 18:05:00",home,rec_v2,9,0
5179,844,144,"2026-07-11 07:24:00",detail_page,rec_v2,20,1
5180,153,1,"2026-05-23 06:32:00",home,rec_v2,14,0
5181,992,91,"2026-06-15 02:17:00",detail_page,rec_v1,14,0
5182,503,132,"2026-06-27 12:00:00",home,rec_v1,10,0
5183,639,89,"2026-07-17 07:27:00",home,rec_v1,17,0
5184,772,102,"2026-05-27 11:02:00",search,rec_v2,9,0
5185,542,99,"2026-05-14 02:56:00",continue_watching,rec_v2,7,0
5186,134,33,"2026-07-17 02:20:00",home,rec_v2,5,0
5187,915,142,"2026-07-23 12:13:00",search,rec_v2,4,0
5188,424,26,"2026-07-21 05:54:00",home,rec_v2,12,0
5189,329,140,"2026-06-06 02:57:00",home,rec_v1,11,0
5190,205,148,"2026-05-23 08:05:00",home,rec_v1,17,0
5191,278,72,"2026-07-16 11:52:00",home,rec_v2,17,0
5192,579,140,"2026-07-24 10:58:00",search,rec_v1,1,0
5193,393,96,"2026-06-04 16:04:00",search,rec_v1,12,0
5194,613,107,"2026-07-13 17:59:00",home,rec_v2,14,0
5195,143,62,"2026-06-07 17:05:00",search,rec_v1,6,0
5196,237,66,"2026-05-12 04:11:00",search,rec_v2,11,0
5197,482,144,"2026-07-14 17:55:00",detail_page,rec_v1,6,0
5198,803,35,"2026-07-21 09:00:00",search,rec_v1,15,0
5199,695,7,"2026-06-08 06:35:00",home,rec_v2,12,0
5200,19,35,"2026-07-08 03:59:00",home,rec_v2,9,0
5201,796,94,"2026-06-30 16:57:00",home,rec_v1,10,0
5202,637,19,"2026-05-03 18:57:00",detail_page,rec_v1,8,0
5203,127,136,"2026-06-09 05:56:00",detail_page,rec_v2,15,0
5204,653,13,"2026-07-20 20:49:00",home,rec_v2,9,0
5205,662,35,"2026-07-08 08:55:00",home,rec_v1,3,0
5206,63,76,"2026-05-01 03:21:00",search,rec_v2,8,0
5207,867,143,"2026-05-16 18:50:00",home,rec_v1,18,0
5208,729,122,"2026-07-11 12:42:00",search,rec_v2,8,0
5209,956,73,"2026-05-13 23:13:00",home,rec_v1,19,0
5210,631,34,"2026-05-13 04:34:00",home,rec_v2,16,0
5211,789,47,"2026-06-11 12:07:00",search,rec_v2,15,0
5212,50,43,"2026-05-10 16:58:00",detail_page,rec_v2,6,1
5213,289,135,"2026-05-29 03:02:00",home,rec_v1,8,0
5214,195,136,"2026-05-21 23:04:00",search,rec_v2,18,0
5215,853,130,"2026-07-19 11:29:00",home,rec_v1,10,0
5216,922,144,"2026-05-23 10:40:00",home,rec_v2,15,0
5217,58,99,"2026-06-22 10:47:00",detail_page,rec_v1,19,0
5218,349,62,"2026-05-12 21:44:00",search,rec_v1,5,0
5219,957,82,"2026-05-29 06:16:00",home,rec_v2,16,0
5220,297,106,"2026-07-07 21:56:00",continue_watching,rec_v2,17,0
5221,70,134,"2026-07-09 07:59:00",search,rec_v2,7,0
5222,765,21,"2026-07-19 11:20:00",home,rec_v2,20,0
5223,799,84,"2026-07-29 00:47:00",detail_page,rec_v1,3,1
5224,985,14,"2026-05-08 22:53:00",search,rec_v2,7,0
5225,585,109,"2026-05-13 12:40:00",home,rec_v1,17,0
5226,598,98,"2026-07-20 09:41:00",detail_page,rec_v2,19,0
5227,899,127,"2026-07-01 19:13:00",search,rec_v1,16,0
5228,647,40,"2026-07-13 17:40:00",continue_watching,rec_v1,1,1
5229,808,8,"2026-05-09 20:48:00",detail_page,rec_v1,17,0
5230,684,107,"2026-06-24 06:18:00",home,rec_v1,11,1
5231,579,102,"2026-06-10 12:46:00",home,rec_v1,17,1
5232,528,124,"2026-07-21 22:32:00",home,rec_v1,6,0
5233,690,76,"2026-07-19 18:53:00",continue_watching,rec_v2,14,0
5234,676,33,"2026-06-26 08:34:00",home,rec_v1,2,0
5235,354,30,"2026-06-11 13:32:00",home,rec_v2,5,0
5236,66,47,"2026-06-29 09:29:00",home,rec_v2,7,0
5237,241,84,"2026-05-22 02:50:00",continue_watching,rec_v2,12,0
5238,697,124,"2026-06-15 07:15:00",home,rec_v2,5,0
5239,853,86,"2026-06-18 10:14:00",continue_watching,rec_v2,2,1
5240,95,66,"2026-05-01 02:12:00",search,rec_v2,3,0
5241,703,47,"2026-07-18 22:58:00",search,rec_v2,3,0
5242,591,10,"2026-06-13 19:34:00",detail_page,rec_v2,13,0
5243,423,128,"2026-07-15 18:40:00",detail_page,rec_v2,5,0
5244,920,24,"2026-06-11 19:42:00",home,rec_v1,10,0
5245,378,100,"2026-06-08 12:29:00",search,rec_v1,2,1
5246,953,147,"2026-06-03 20:01:00",detail_page,rec_v2,11,0
5247,746,98,"2026-06-14 13:35:00",home,rec_v1,16,0
5248,778,24,"2026-07-07 21:55:00",home,rec_v2,6,0
5249,230,77,"2026-07-13 21:10:00",search,rec_v2,9,0
5250,426,19,"2026-05-17 16:40:00",detail_page,rec_v1,9,0
5251,655,53,"2026-06-29 17:37:00",home,rec_v1,4,0
5252,405,46,"2026-07-18 08:04:00",continue_watching,rec_v2,11,0
5253,306,66,"2026-05-21 07:04:00",search,rec_v1,19,0
5254,645,87,"2026-06-05 19:03:00",continue_watching,rec_v2,7,0
5255,64,101,"2026-05-19 06:46:00",home,rec_v1,2,0
5256,80,100,"2026-05-24 13:44:00",home,rec_v2,2,0
5257,860,129,"2026-05-10 20:08:00",home,rec_v2,7,0
5258,705,122,"2026-07-08 03:23:00",search,rec_v1,20,0
5259,954,41,"2026-06-13 22:32:00",continue_watching,rec_v1,20,0
5260,768,140,"2026-06-05 17:34:00",home,rec_v2,2,0
5261,306,133,"2026-06-23 22:49:00",search,rec_v1,16,1
5262,953,25,"2026-05-30 15:24:00",home,rec_v1,16,1
5263,223,27,"2026-05-20 07:26:00",continue_watching,rec_v2,17,0
5264,483,68,"2026-06-08 07:01:00",home,rec_v1,8,0
5265,559,138,"2026-05-27 03:14:00",home,rec_v2,16,1
5266,718,96,"2026-05-06 17:53:00",detail_page,rec_v2,14,0
5267,485,112,"2026-06-30 15:50:00",continue_watching,rec_v2,11,0
5268,161,40,"2026-05-21 00:50:00",detail_page,rec_v2,5,0
5269,331,143,"2026-06-14 14:57:00",detail_page,rec_v2,7,1
5270,797,46,"2026-06-25 08:58:00",continue_watching,rec_v1,12,0
5271,557,113,"2026-06-17 23:35:00",search,rec_v1,12,0
5272,199,90,"2026-07-13 01:48:00",continue_watching,rec_v2,10,0
5273,161,106,"2026-06-17 21:36:00",detail_page,rec_v2,9,0
5274,693,93,"2026-05-30 05:08:00",home,rec_v1,17,0
5275,777,3,"2026-07-24 00:58:00",continue_watching,rec_v2,2,0
5276,51,139,"2026-06-13 16:58:00",home,rec_v2,12,0
5277,766,87,"2026-06-19 10:03:00",home,rec_v1,11,0
5278,112,1,"2026-06-21 03:44:00",continue_watching,rec_v2,16,0
5279,824,67,"2026-05-24 02:04:00",search,rec_v1,19,0
5280,545,141,"2026-07-26 21:44:00",home,rec_v1,13,0
5281,303,100,"2026-07-09 10:20:00",home,rec_v1,8,0
5282,455,114,"2026-05-26 04:01:00",detail_page,rec_v2,8,0
5283,492,148,"2026-07-21 09:19:00",continue_watching,rec_v1,14,0
5284,175,129,"2026-05-11 10:00:00",search,rec_v1,12,1
5285,251,74,"2026-07-29 20:00:00",home,rec_v2,6,0
5286,297,3,"2026-05-30 01:56:00",continue_watching,rec_v1,9,0
5287,770,107,"2026-05-03 09:43:00",search,rec_v2,6,0
5288,277,91,"2026-07-26 10:09:00",search,rec_v2,8,0
5289,420,97,"2026-05-02 11:06:00",search,rec_v2,19,0
5290,571,24,"2026-06-09 23:11:00",detail_page,rec_v2,8,0
5291,374,53,"2026-06-25 21:17:00",home,rec_v2,17,0
5292,307,130,"2026-07-08 00:57:00",search,rec_v2,12,0
5293,251,29,"2026-07-12 19:09:00",search,rec_v2,9,0
5294,812,100,"2026-05-06 20:56:00",continue_watching,rec_v1,19,0
5295,348,123,"2026-05-23 20:15:00",search,rec_v2,9,0
5296,656,41,"2026-05-08 05:21:00",home,rec_v2,17,0
5297,379,99,"2026-07-22 03:27:00",detail_page,rec_v1,18,0
5298,853,133,"2026-06-12 16:42:00",home,rec_v2,19,0
5299,551,57,"2026-05-12 13:04:00",detail_page,rec_v1,1,0
5300,332,4,"2026-05-30 02:22:00",home,rec_v1,15,0
5301,330,141,"2026-06-03 03:52:00",home,rec_v2,19,1
5302,298,105,"2026-05-12 10:33:00",continue_watching,rec_v2,4,0
5303,193,60,"2026-05-23 11:29:00",continue_watching,rec_v1,14,0
5304,208,96,"2026-07-19 20:27:00",detail_page,rec_v2,20,0
5305,322,150,"2026-07-01 00:49:00",search,rec_v2,6,0
5306,748,31,"2026-06-24 02:30:00",home,rec_v1,17,0
5307,501,84,"2026-06-27 14:34:00",search,rec_v1,16,0
5308,477,109,"2026-05-23 12:46:00",home,rec_v2,15,0
5309,657,132,"2026-07-05 23:12:00",home,rec_v2,13,0
5310,583,128,"2026-06-29 19:59:00",search,rec_v2,17,0
5311,953,86,"2026-07-28 20:17:00",home,rec_v1,10,0
5312,373,12,"2026-06-10 09:15:00",detail_page,rec_v2,6,0
5313,917,7,"2026-07-02 11:10:00",home,rec_v2,20,0
5314,187,38,"2026-06-06 20:12:00",home,rec_v2,17,0
5315,297,99,"2026-05-22 15:02:00",home,rec_v2,3,0
5316,436,128,"2026-05-12 00:28:00",home,rec_v2,11,0
5317,565,114,"2026-05-15 23:33:00",home,rec_v2,18,1
5318,806,142,"2026-06-11 21:39:00",detail_page,rec_v2,1,0
5319,729,81,"2026-07-09 14:45:00",home,rec_v1,12,0
5320,402,87,"2026-06-26 07:19:00",search,rec_v1,14,0
5321,892,95,"2026-05-04 00:36:00",detail_page,rec_v1,12,1
5322,67,33,"2026-06-18 16:08:00",home,rec_v2,18,0
5323,461,8,"2026-07-15 08:40:00",continue_watching,rec_v2,17,0
5324,230,116,"2026-06-21 19:21:00",continue_watching,rec_v1,4,0
5325,984,147,"2026-05-16 12:47:00",home,rec_v1,16,0
5326,248,1,"2026-07-19 06:16:00",continue_watching,rec_v1,19,1
5327,381,136,"2026-05-20 15:18:00",home,rec_v2,17,0
5328,882,109,"2026-07-10 20:21:00",continue_watching,rec_v1,14,0
5329,204,138,"2026-06-05 22:09:00",home,rec_v2,2,0
5330,487,124,"2026-06-03 19:19:00",continue_watching,rec_v2,19,0
5331,804,63,"2026-07-06 21:39:00",continue_watching,rec_v2,10,0
5332,4,82,"2026-07-25 20:58:00",detail_page,rec_v2,16,0
5333,134,91,"2026-07-28 22:46:00",home,rec_v1,6,0
5334,845,137,"2026-06-29 06:06:00",search,rec_v1,1,0
5335,934,82,"2026-07-13 08:34:00",home,rec_v2,5,1
5336,804,121,"2026-06-27 06:41:00",home,rec_v1,5,0
5337,117,5,"2026-07-12 04:16:00",home,rec_v2,2,0
5338,753,78,"2026-06-22 18:42:00",home,rec_v2,13,1
5339,352,94,"2026-06-27 07:34:00",home,rec_v2,3,0
5340,292,5,"2026-07-04 03:17:00",home,rec_v2,2,1
5341,320,86,"2026-06-20 05:51:00",home,rec_v1,5,0
5342,24,104,"2026-07-19 13:35:00",continue_watching,rec_v1,13,0
5343,809,79,"2026-06-26 18:44:00",home,rec_v2,12,0
5344,873,130,"2026-07-26 01:19:00",home,rec_v1,13,0
5345,223,104,"2026-05-27 15:48:00",search,rec_v1,10,0
5346,790,131,"2026-07-23 09:41:00",detail_page,rec_v2,2,0
5347,227,61,"2026-06-01 19:26:00",home,rec_v2,6,0
5348,663,105,"2026-06-06 12:49:00",detail_page,rec_v1,2,0
5349,267,92,"2026-05-20 06:30:00",search,rec_v1,9,0
5350,894,141,"2026-07-18 23:41:00",detail_page,rec_v2,16,0
5351,863,81,"2026-05-10 12:15:00",home,rec_v2,4,0
5352,53,145,"2026-06-22 18:02:00",search,rec_v2,7,1
5353,976,129,"2026-07-28 03:57:00",home,rec_v2,14,0
5354,933,144,"2026-05-10 08:14:00",home,rec_v1,8,0
5355,559,76,"2026-06-04 13:31:00",search,rec_v1,18,1
5356,334,67,"2026-07-24 10:06:00",home,rec_v1,12,0
5357,115,40,"2026-07-18 19:58:00",home,rec_v2,4,1
5358,364,128,"2026-07-12 01:40:00",detail_page,rec_v2,16,0
5359,39,143,"2026-05-06 10:54:00",search,rec_v2,4,0
5360,238,57,"2026-05-09 03:37:00",detail_page,rec_v2,4,0
5361,38,72,"2026-05-16 16:48:00",home,rec_v1,9,0
5362,789,65,"2026-06-10 18:13:00",home,rec_v2,11,1
5363,190,111,"2026-05-24 18:40:00",home,rec_v2,17,0
5364,147,107,"2026-07-07 05:21:00",search,rec_v2,9,1
5365,572,12,"2026-05-24 03:30:00",search,rec_v2,14,0
5366,618,49,"2026-07-13 18:44:00",search,rec_v1,15,0
5367,402,84,"2026-07-06 23:41:00",home,rec_v1,16,0
5368,3,125,"2026-05-26 14:32:00",detail_page,rec_v1,10,0
5369,866,70,"2026-05-01 07:25:00",detail_page,rec_v2,4,1
5370,362,88,"2026-06-05 01:53:00",home,rec_v1,5,0
5371,441,40,"2026-07-15 15:36:00",home,rec_v2,4,0
5372,369,89,"2026-05-07 14:08:00",detail_page,rec_v2,9,0
5373,892,93,"2026-07-10 08:03:00",home,rec_v2,11,1
5374,663,135,"2026-07-23 23:34:00",home,rec_v1,15,0
5375,74,39,"2026-06-05 14:47:00",home,rec_v2,2,0
5376,189,55,"2026-06-14 11:36:00",search,rec_v1,8,0
5377,482,41,"2026-06-11 01:53:00",home,rec_v1,14,0
5378,458,110,"2026-06-09 22:56:00",home,rec_v2,17,0
5379,881,32,"2026-06-22 20:24:00",search,rec_v2,13,0
5380,458,118,"2026-07-08 11:59:00",home,rec_v1,19,0
5381,622,50,"2026-07-11 16:01:00",home,rec_v2,16,0
5382,907,127,"2026-05-15 06:56:00",continue_watching,rec_v2,14,0
5383,727,2,"2026-07-22 19:32:00",detail_page,rec_v1,13,0
5384,920,113,"2026-06-28 19:34:00",search,rec_v1,2,1
5385,496,116,"2026-06-24 07:53:00",home,rec_v1,10,1
5386,670,82,"2026-07-12 09:46:00",continue_watching,rec_v1,17,1
5387,838,3,"2026-05-15 08:06:00",home,rec_v1,18,1
5388,978,50,"2026-05-07 13:12:00",home,rec_v2,8,0
5389,558,25,"2026-06-02 17:17:00",search,rec_v2,3,0
5390,594,22,"2026-05-02 22:56:00",detail_page,rec_v2,1,0
5391,867,47,"2026-05-22 10:51:00",detail_page,rec_v2,2,0
5392,39,37,"2026-06-07 08:31:00",continue_watching,rec_v1,5,0
5393,975,127,"2026-06-20 06:17:00",search,rec_v1,5,0
5394,983,87,"2026-05-10 12:51:00",search,rec_v1,14,0
5395,102,63,"2026-05-31 16:57:00",home,rec_v2,5,1
5396,331,123,"2026-07-16 20:30:00",search,rec_v2,1,0
5397,727,135,"2026-05-06 20:27:00",home,rec_v2,12,0
5398,979,109,"2026-06-18 07:55:00",home,rec_v2,2,0
5399,220,108,"2026-06-20 06:36:00",home,rec_v2,18,0
5400,690,42,"2026-05-11 08:24:00",home,rec_v2,8,0
5401,201,14,"2026-06-17 19:52:00",detail_page,rec_v2,3,0
5402,773,51,"2026-06-22 15:53:00",home,rec_v1,20,0
5403,159,7,"2026-07-23 03:22:00",home,rec_v2,6,0
5404,41,124,"2026-05-01 15:53:00",search,rec_v2,16,0
5405,846,84,"2026-07-21 06:22:00",detail_page,rec_v1,3,0
5406,473,59,"2026-06-18 12:14:00",home,rec_v2,6,0
5407,804,54,"2026-05-16 17:45:00",home,rec_v2,6,0
5408,336,66,"2026-05-04 09:12:00",home,rec_v1,18,0
5409,867,76,"2026-06-14 12:53:00",detail_page,rec_v2,10,0
5410,88,130,"2026-06-18 21:06:00",home,rec_v2,12,0
5411,466,140,"2026-05-05 17:50:00",home,rec_v1,9,0
5412,222,103,"2026-06-07 10:02:00",continue_watching,rec_v1,16,0
5413,369,94,"2026-06-29 00:17:00",home,rec_v2,18,0
5414,505,93,"2026-05-04 12:31:00",home,rec_v2,15,0
5415,632,149,"2026-05-05 22:25:00",detail_page,rec_v1,15,0
5416,98,20,"2026-07-12 05:38:00",home,rec_v2,19,0
5417,3,73,"2026-05-18 13:29:00",home,rec_v1,12,0
5418,595,108,"2026-05-25 02:07:00",home,rec_v1,3,0
5419,32,24,"2026-07-20 16:55:00",search,rec_v1,7,0
5420,8,112,"2026-05-16 03:27:00",continue_watching,rec_v2,2,0
5421,213,20,"2026-06-05 07:01:00",detail_page,rec_v1,13,0
5422,960,59,"2026-05-22 00:51:00",home,rec_v1,10,1
5423,88,115,"2026-05-12 00:29:00",search,rec_v2,11,0
5424,757,65,"2026-05-05 04:55:00",home,rec_v1,20,0
5425,587,93,"2026-05-03 15:00:00",search,rec_v1,1,0
5426,776,86,"2026-06-07 14:21:00",detail_page,rec_v1,12,0
5427,428,58,"2026-06-03 04:55:00",search,rec_v1,16,0
5428,245,93,"2026-05-17 13:50:00",home,rec_v1,1,1
5429,491,26,"2026-05-05 22:40:00",home,rec_v2,14,1
5430,455,74,"2026-05-08 09:16:00",detail_page,rec_v1,12,0
5431,511,87,"2026-05-18 10:39:00",home,rec_v2,20,0
5432,868,127,"2026-07-03 04:16:00",detail_page,rec_v2,6,0
5433,125,81,"2026-06-17 23:04:00",search,rec_v1,13,0
5434,568,64,"2026-05-09 23:28:00",search,rec_v1,11,0
5435,117,24,"2026-05-07 01:41:00",home,rec_v2,4,1
5436,374,79,"2026-07-27 22:35:00",home,rec_v1,3,0
5437,958,53,"2026-06-10 09:12:00",home,rec_v2,9,1
5438,1,105,"2026-06-06 14:48:00",search,rec_v2,11,0
5439,556,91,"2026-06-13 06:56:00",detail_page,rec_v1,7,0
5440,915,32,"2026-06-29 02:55:00",continue_watching,rec_v1,16,0
5441,929,23,"2026-06-12 00:10:00",home,rec_v1,7,0
5442,38,30,"2026-05-10 10:09:00",detail_page,rec_v2,7,0
5443,878,24,"2026-06-30 11:59:00",continue_watching,rec_v1,15,0
5444,961,63,"2026-07-27 19:39:00",home,rec_v2,12,0
5445,433,67,"2026-05-02 02:41:00",home,rec_v1,11,0
5446,133,103,"2026-07-05 18:58:00",home,rec_v2,18,0
5447,153,75,"2026-05-07 20:06:00",home,rec_v2,7,0
5448,706,45,"2026-05-28 13:49:00",continue_watching,rec_v1,4,0
5449,485,82,"2026-07-19 21:15:00",home,rec_v2,14,0
5450,932,136,"2026-05-14 06:37:00",home,rec_v1,14,0
5451,904,76,"2026-05-12 11:53:00",detail_page,rec_v1,14,0
5452,268,103,"2026-05-05 23:44:00",home,rec_v2,4,0
5453,347,39,"2026-05-22 16:03:00",home,rec_v2,13,0
5454,67,127,"2026-05-27 02:08:00",home,rec_v2,7,0
5455,240,26,"2026-07-26 03:47:00",home,rec_v2,19,0
5456,10,111,"2026-05-04 01:41:00",detail_page,rec_v2,4,1
5457,488,27,"2026-07-24 18:33:00",home,rec_v2,14,0
5458,809,62,"2026-06-27 14:14:00",home,rec_v1,16,0
5459,869,12,"2026-06-28 03:51:00",search,rec_v2,19,0
5460,768,83,"2026-06-11 05:18:00",detail_page,rec_v1,4,0
5461,785,135,"2026-05-21 16:48:00",continue_watching,rec_v2,4,0
5462,331,72,"2026-06-28 03:19:00",home,rec_v2,16,0
5463,274,58,"2026-06-03 18:43:00",continue_watching,rec_v2,8,0
5464,618,123,"2026-05-04 03:12:00",home,rec_v2,17,0
5465,160,93,"2026-07-16 03:45:00",home,rec_v2,11,1
5466,815,145,"2026-05-20 12:04:00",search,rec_v1,4,0
5467,637,102,"2026-06-20 16:48:00",search,rec_v2,9,0
5468,756,92,"2026-05-16 09:31:00",search,rec_v2,12,1
5469,274,115,"2026-07-06 10:32:00",home,rec_v2,17,1
5470,759,45,"2026-05-27 05:11:00",home,rec_v1,3,0
5471,883,69,"2026-05-04 04:58:00",detail_page,rec_v2,6,0
5472,526,7,"2026-06-16 11:15:00",continue_watching,rec_v1,13,0
5473,207,23,"2026-07-09 08:54:00",home,rec_v1,15,0
5474,341,36,"2026-07-19 22:27:00",search,rec_v1,7,0
5475,84,48,"2026-05-30 23:25:00",home,rec_v2,5,0
5476,845,55,"2026-06-17 05:59:00",continue_watching,rec_v2,4,0
5477,706,118,"2026-07-03 15:39:00",home,rec_v2,3,1
5478,509,127,"2026-05-18 04:03:00",home,rec_v2,16,0
5479,502,66,"2026-05-17 08:59:00",continue_watching,rec_v1,10,0
5480,13,65,"2026-05-17 20:26:00",home,rec_v1,16,0
5481,379,131,"2026-06-11 10:42:00",home,rec_v2,5,0
5482,881,85,"2026-06-21 13:42:00",home,rec_v2,8,0
5483,926,1,"2026-07-18 14:22:00",detail_page,rec_v2,12,0
5484,757,141,"2026-06-14 18:07:00",search,rec_v1,13,0
5485,803,47,"2026-06-14 11:16:00",home,rec_v2,15,0
5486,534,26,"2026-06-08 10:28:00",continue_watching,rec_v1,5,0
5487,88,62,"2026-05-30 04:24:00",home,rec_v1,8,0
5488,52,28,"2026-05-03 16:11:00",search,rec_v1,12,0
5489,693,12,"2026-05-17 05:06:00",continue_watching,rec_v2,19,0
5490,538,74,"2026-07-04 18:13:00",detail_page,rec_v1,6,0
5491,843,33,"2026-05-17 12:11:00",home,rec_v1,2,0
5492,805,64,"2026-06-17 16:05:00",detail_page,rec_v2,2,0
5493,776,148,"2026-05-28 16:59:00",home,rec_v1,8,0
5494,540,91,"2026-06-21 03:23:00",continue_watching,rec_v1,16,0
5495,127,58,"2026-07-26 11:00:00",continue_watching,rec_v2,18,0
5496,385,14,"2026-06-16 22:55:00",home,rec_v1,15,1
5497,948,115,"2026-07-16 16:21:00",search,rec_v2,20,0
5498,806,64,"2026-06-19 04:19:00",home,rec_v2,9,0
5499,449,60,"2026-06-19 11:47:00",home,rec_v1,7,0
5500,688,65,"2026-06-22 07:48:00",home,rec_v1,10,0
5501,321,79,"2026-05-03 20:05:00",home,rec_v2,1,1
5502,941,92,"2026-05-30 07:13:00",detail_page,rec_v1,7,0
5503,566,26,"2026-06-30 17:22:00",home,rec_v1,18,0
5504,579,60,"2026-06-17 02:26:00",continue_watching,rec_v1,5,0
5505,548,72,"2026-06-14 19:07:00",search,rec_v1,11,0
5506,754,91,"2026-05-20 22:48:00",search,rec_v2,14,0
5507,103,83,"2026-07-20 11:40:00",detail_page,rec_v1,7,0
5508,457,5,"2026-06-04 17:01:00",home,rec_v2,2,0
5509,679,103,"2026-05-20 09:39:00",detail_page,rec_v1,3,1
5510,71,111,"2026-07-03 10:32:00",home,rec_v1,19,0
5511,762,57,"2026-05-03 07:50:00",search,rec_v2,7,0
5512,862,49,"2026-05-24 06:26:00",detail_page,rec_v1,16,0
5513,80,120,"2026-05-01 18:23:00",detail_page,rec_v1,16,0
5514,668,55,"2026-05-03 12:02:00",home,rec_v1,2,0
5515,294,95,"2026-06-17 02:11:00",home,rec_v2,5,0
5516,401,47,"2026-07-15 09:04:00",home,rec_v2,5,0
5517,573,70,"2026-07-24 19:16:00",search,rec_v1,12,0
5518,944,83,"2026-05-06 12:25:00",detail_page,rec_v2,5,0
5519,621,7,"2026-05-31 12:26:00",detail_page,rec_v1,13,0
5520,963,113,"2026-06-26 19:44:00",search,rec_v1,1,0
5521,163,9,"2026-06-26 13:27:00",home,rec_v1,8,0
5522,999,83,"2026-05-02 00:24:00",continue_watching,rec_v1,19,0
5523,822,107,"2026-06-19 02:47:00",continue_watching,rec_v2,9,0
5524,335,115,"2026-07-07 17:32:00",detail_page,rec_v1,15,0
5525,190,9,"2026-07-28 06:24:00",home,rec_v1,12,0
5526,998,95,"2026-07-24 00:51:00",detail_page,rec_v2,14,0
5527,288,3,"2026-06-21 08:01:00",detail_page,rec_v1,4,0
5528,662,128,"2026-07-12 17:12:00",home,rec_v1,2,0
5529,25,19,"2026-05-21 09:30:00",continue_watching,rec_v1,10,0
5530,358,138,"2026-05-05 17:57:00",home,rec_v2,1,0
5531,864,66,"2026-07-11 07:25:00",detail_page,rec_v2,12,0
5532,264,2,"2026-07-28 20:42:00",home,rec_v1,10,1
5533,474,99,"2026-06-18 02:21:00",detail_page,rec_v2,18,0
5534,360,44,"2026-06-02 21:13:00",home,rec_v2,18,0
5535,146,73,"2026-06-06 01:45:00",home,rec_v2,15,0
5536,86,50,"2026-06-18 06:33:00",home,rec_v2,20,0
5537,82,23,"2026-07-29 21:45:00",search,rec_v1,4,0
5538,394,91,"2026-05-17 02:24:00",detail_page,rec_v2,2,0
5539,121,95,"2026-06-21 12:45:00",home,rec_v1,10,0
5540,347,6,"2026-06-09 23:25:00",continue_watching,rec_v1,16,0
5541,648,111,"2026-07-02 05:42:00",home,rec_v2,13,0
5542,839,26,"2026-06-26 23:10:00",home,rec_v1,6,0
5543,125,150,"2026-06-11 17:45:00",home,rec_v1,6,0
5544,987,97,"2026-05-10 01:40:00",home,rec_v2,10,0
5545,608,108,"2026-05-26 17:54:00",home,rec_v1,9,0
5546,87,139,"2026-05-21 17:55:00",home,rec_v1,3,0
5547,815,62,"2026-07-18 15:19:00",home,rec_v1,9,0
5548,700,72,"2026-07-09 20:27:00",search,rec_v1,19,0
5549,735,84,"2026-07-29 02:56:00",search,rec_v2,10,0
5550,932,148,"2026-05-28 19:55:00",home,rec_v1,19,0
5551,394,87,"2026-07-17 10:27:00",detail_page,rec_v2,13,0
5552,994,149,"2026-05-15 01:52:00",search,rec_v2,18,0
5553,820,129,"2026-06-14 23:53:00",search,rec_v2,8,0
5554,683,123,"2026-06-08 01:16:00",detail_page,rec_v2,7,0
5555,47,83,"2026-05-23 14:16:00",home,rec_v1,12,0
5556,103,138,"2026-06-11 09:02:00",home,rec_v1,18,0
5557,314,114,"2026-06-09 14:44:00",detail_page,rec_v2,14,0
5558,410,15,"2026-07-02 23:51:00",search,rec_v1,20,0
5559,374,42,"2026-06-04 15:19:00",detail_page,rec_v1,11,0
5560,665,54,"2026-05-11 07:20:00",home,rec_v2,1,0
5561,364,108,"2026-07-08 10:49:00",continue_watching,rec_v2,19,0
5562,644,96,"2026-07-16 23:29:00",detail_page,rec_v1,19,0
5563,845,107,"2026-06-14 03:21:00",home,rec_v2,9,0
5564,489,124,"2026-07-23 10:33:00",detail_page,rec_v1,9,1
5565,867,120,"2026-07-25 23:35:00",continue_watching,rec_v1,12,0
5566,768,5,"2026-07-03 11:04:00",home,rec_v2,10,0
5567,289,10,"2026-06-28 05:52:00",detail_page,rec_v2,15,0
5568,136,95,"2026-06-05 10:45:00",continue_watching,rec_v1,16,0
5569,929,69,"2026-07-24 23:54:00",detail_page,rec_v2,12,0
5570,345,122,"2026-06-05 12:47:00",continue_watching,rec_v2,7,0
5571,347,70,"2026-07-28 10:24:00",home,rec_v2,1,0
5572,921,88,"2026-07-26 15:42:00",home,rec_v1,15,0
5573,951,121,"2026-05-12 21:36:00",search,rec_v1,16,0
5574,335,130,"2026-07-20 03:59:00",search,rec_v1,18,0
5575,280,41,"2026-07-06 22:27:00",continue_watching,rec_v2,13,1
5576,554,8,"2026-07-11 17:19:00",search,rec_v2,14,0
5577,314,68,"2026-06-19 05:44:00",home,rec_v2,7,0
5578,48,15,"2026-07-27 10:15:00",search,rec_v2,4,0
5579,230,123,"2026-06-15 02:56:00",continue_watching,rec_v2,17,0
5580,285,126,"2026-05-10 15:56:00",home,rec_v2,19,0
5581,601,29,"2026-06-05 11:04:00",home,rec_v2,19,0
5582,876,121,"2026-07-13 01:46:00",home,rec_v1,12,1
5583,64,123,"2026-06-26 21:04:00",search,rec_v1,2,0
5584,48,6,"2026-06-17 16:26:00",home,rec_v1,10,0
5585,594,5,"2026-05-13 20:56:00",home,rec_v2,10,0
5586,852,111,"2026-06-22 06:23:00",continue_watching,rec_v1,9,0
5587,101,142,"2026-05-01 08:15:00",home,rec_v2,19,0
5588,930,31,"2026-05-11 17:44:00",search,rec_v1,19,0
5589,431,68,"2026-05-04 14:07:00",home,rec_v1,18,0
5590,474,25,"2026-05-24 22:53:00",home,rec_v2,19,0
5591,85,38,"2026-05-03 12:03:00",detail_page,rec_v1,19,0
5592,768,16,"2026-06-03 10:41:00",search,rec_v2,14,0
5593,662,149,"2026-05-24 02:27:00",home,rec_v2,7,0
5594,213,124,"2026-06-02 12:25:00",continue_watching,rec_v2,6,0
5595,308,99,"2026-05-23 01:23:00",search,rec_v2,8,0
5596,564,84,"2026-05-05 21:19:00",detail_page,rec_v1,6,0
5597,487,35,"2026-07-02 05:44:00",detail_page,rec_v2,19,0
5598,77,103,"2026-05-15 09:59:00",home,rec_v2,12,0
5599,435,114,"2026-06-26 04:42:00",search,rec_v2,10,0
5600,720,131,"2026-05-23 09:34:00",detail_page,rec_v1,13,0
5601,736,119,"2026-07-09 09:15:00",detail_page,rec_v1,17,0
5602,540,146,"2026-07-15 17:46:00",home,rec_v1,6,0
5603,991,112,"2026-06-10 06:31:00",home,rec_v2,16,0
5604,808,138,"2026-06-04 21:52:00",continue_watching,rec_v1,2,0
5605,454,98,"2026-07-04 04:00:00",continue_watching,rec_v1,20,0
5606,636,98,"2026-05-29 12:50:00",home,rec_v2,4,0
5607,498,57,"2026-05-07 18:19:00",detail_page,rec_v1,5,1
5608,472,27,"2026-06-21 14:08:00",home,rec_v2,8,0
5609,255,117,"2026-05-06 02:50:00",continue_watching,rec_v1,14,0
5610,542,26,"2026-05-27 11:55:00",search,rec_v1,12,0
5611,81,150,"2026-05-20 01:41:00",home,rec_v1,3,1
5612,864,58,"2026-07-26 20:54:00",continue_watching,rec_v1,16,1
5613,282,146,"2026-05-18 08:16:00",home,rec_v2,12,0
5614,29,128,"2026-05-22 05:28:00",home,rec_v1,15,0
5615,219,61,"2026-07-15 21:30:00",search,rec_v1,3,0
5616,896,2,"2026-05-09 21:26:00",detail_page,rec_v2,19,0
5617,161,20,"2026-07-15 06:47:00",detail_page,rec_v1,6,0
5618,694,67,"2026-05-02 09:58:00",continue_watching,rec_v2,3,1
5619,55,44,"2026-07-23 08:02:00",detail_page,rec_v1,9,0
5620,556,11,"2026-07-15 23:04:00",home,rec_v2,3,1
5621,980,78,"2026-05-31 20:28:00",home,rec_v2,8,0
5622,725,29,"2026-06-22 01:56:00",continue_watching,rec_v2,2,0
5623,155,124,"2026-06-06 23:25:00",search,rec_v1,9,0
5624,775,127,"2026-06-14 02:55:00",search,rec_v2,2,0
5625,263,129,"2026-07-16 16:51:00",continue_watching,rec_v2,5,0
5626,359,3,"2026-07-16 05:18:00",home,rec_v1,10,0
5627,268,15,"2026-06-05 04:57:00",search,rec_v2,17,0
5628,113,126,"2026-05-31 17:18:00",continue_watching,rec_v1,17,0
5629,796,128,"2026-05-10 22:55:00",detail_page,rec_v2,18,0
5630,808,25,"2026-06-04 19:58:00",home,rec_v1,3,0
5631,688,85,"2026-06-02 05:35:00",continue_watching,rec_v1,18,0
5632,504,141,"2026-06-04 17:13:00",continue_watching,rec_v2,2,0
5633,752,75,"2026-05-09 07:41:00",continue_watching,rec_v2,5,0
5634,947,67,"2026-07-09 16:48:00",home,rec_v2,16,0
5635,20,136,"2026-06-19 01:03:00",home,rec_v2,2,1
5636,233,113,"2026-06-30 21:37:00",search,rec_v2,6,0
5637,259,114,"2026-05-04 21:56:00",home,rec_v2,3,0
5638,577,130,"2026-05-11 14:16:00",home,rec_v1,15,0
5639,676,138,"2026-05-08 03:41:00",home,rec_v1,2,0
5640,80,68,"2026-05-21 00:31:00",home,rec_v2,5,0
5641,232,120,"2026-06-05 15:06:00",home,rec_v1,2,0
5642,125,118,"2026-07-11 07:25:00",home,rec_v1,1,0
5643,443,4,"2026-05-08 07:28:00",detail_page,rec_v2,12,0
5644,114,138,"2026-07-20 03:39:00",home,rec_v2,16,0
5645,184,130,"2026-05-26 20:17:00",continue_watching,rec_v2,15,0
5646,543,110,"2026-07-23 19:54:00",search,rec_v1,14,0
5647,135,24,"2026-06-24 23:42:00",detail_page,rec_v1,18,0
5648,307,31,"2026-05-24 13:40:00",home,rec_v1,4,0
5649,464,46,"2026-07-07 20:10:00",home,rec_v2,18,0
5650,433,119,"2026-07-22 23:24:00",continue_watching,rec_v1,17,0
5651,105,44,"2026-07-02 12:43:00",detail_page,rec_v2,19,0
5652,275,74,"2026-07-02 15:07:00",search,rec_v2,19,0
5653,547,139,"2026-05-03 15:54:00",home,rec_v1,11,0
5654,817,34,"2026-05-06 12:52:00",search,rec_v2,4,0
5655,881,144,"2026-06-19 03:01:00",home,rec_v2,16,0
5656,40,18,"2026-07-17 08:38:00",home,rec_v1,2,0
5657,408,62,"2026-06-11 15:48:00",home,rec_v2,11,0
5658,907,28,"2026-05-29 22:46:00",home,rec_v2,13,0
5659,447,106,"2026-05-14 19:20:00",continue_watching,rec_v2,12,0
5660,407,50,"2026-06-05 02:42:00",continue_watching,rec_v1,5,0
5661,250,97,"2026-06-16 17:36:00",search,rec_v1,2,0
5662,183,84,"2026-07-19 11:17:00",home,rec_v1,18,0
5663,936,6,"2026-06-05 05:52:00",search,rec_v1,20,0
5664,820,119,"2026-07-14 13:57:00",home,rec_v2,4,0
5665,549,52,"2026-06-27 21:21:00",continue_watching,rec_v1,2,0
5666,656,2,"2026-06-09 18:40:00",home,rec_v2,17,0
5667,984,62,"2026-07-17 12:27:00",detail_page,rec_v1,1,0
5668,284,111,"2026-05-06 15:23:00",home,rec_v2,14,1
5669,394,71,"2026-06-21 10:46:00",continue_watching,rec_v1,16,0
5670,816,2,"2026-05-26 21:46:00",home,rec_v1,11,0
5671,842,63,"2026-05-06 06:00:00",home,rec_v1,5,0
5672,543,148,"2026-05-03 03:33:00",home,rec_v2,14,0
5673,117,49,"2026-05-01 09:34:00",detail_page,rec_v1,11,0
5674,815,13,"2026-07-21 15:45:00",continue_watching,rec_v2,16,0
5675,494,54,"2026-07-22 04:25:00",search,rec_v1,18,0
5676,497,79,"2026-05-03 05:13:00",home,rec_v1,17,0
5677,3,114,"2026-05-15 21:49:00",home,rec_v1,6,1
5678,75,82,"2026-07-16 15:50:00",home,rec_v1,4,1
5679,523,122,"2026-07-01 05:04:00",detail_page,rec_v2,1,0
5680,126,54,"2026-07-29 12:14:00",continue_watching,rec_v1,17,0
5681,90,132,"2026-05-03 05:32:00",home,rec_v1,10,0
5682,23,1,"2026-06-14 20:07:00",home,rec_v1,9,0
5683,383,18,"2026-05-31 03:33:00",home,rec_v1,7,0
5684,158,122,"2026-06-07 01:28:00",detail_page,rec_v1,13,0
5685,915,150,"2026-05-25 03:24:00",home,rec_v2,20,0
5686,581,39,"2026-07-01 09:13:00",home,rec_v1,20,1
5687,376,106,"2026-05-19 02:03:00",home,rec_v1,15,1
5688,489,53,"2026-06-25 12:00:00",detail_page,rec_v1,5,0
5689,549,18,"2026-06-21 15:42:00",home,rec_v2,13,0
5690,891,49,"2026-06-09 04:49:00",home,rec_v2,12,0
5691,200,22,"2026-06-29 20:57:00",home,rec_v2,20,0
5692,287,96,"2026-07-26 16:23:00",home,rec_v1,12,1
5693,719,60,"2026-07-11 21:17:00",detail_page,rec_v1,18,0
5694,564,149,"2026-06-13 14:13:00",continue_watching,rec_v1,8,0
5695,778,12,"2026-05-12 17:12:00",home,rec_v2,5,0
5696,216,62,"2026-07-13 23:53:00",home,rec_v1,4,0
5697,396,2,"2026-07-09 22:50:00",home,rec_v1,20,0
5698,675,40,"2026-06-15 02:47:00",home,rec_v1,1,0
5699,252,140,"2026-07-23 11:00:00",home,rec_v2,14,0
5700,479,11,"2026-07-13 21:21:00",search,rec_v1,13,1
5701,752,130,"2026-06-25 03:46:00",home,rec_v2,7,0
5702,30,92,"2026-05-19 16:10:00",continue_watching,rec_v2,7,0
5703,864,143,"2026-07-10 12:12:00",search,rec_v1,7,0
5704,875,12,"2026-06-21 08:36:00",search,rec_v1,20,0
5705,595,139,"2026-05-16 10:46:00",home,rec_v2,2,0
5706,478,93,"2026-05-10 00:52:00",search,rec_v2,5,1
5707,860,49,"2026-06-06 18:02:00",search,rec_v1,17,0
5708,70,109,"2026-06-19 13:21:00",continue_watching,rec_v2,1,1
5709,921,103,"2026-07-17 16:32:00",detail_page,rec_v1,6,0
5710,49,80,"2026-07-06 03:57:00",continue_watching,rec_v2,6,0
5711,273,97,"2026-05-30 08:34:00",search,rec_v1,14,0
5712,77,116,"2026-06-24 07:41:00",home,rec_v2,4,0
5713,625,117,"2026-06-25 00:33:00",home,rec_v1,4,1
5714,573,2,"2026-06-26 05:36:00",search,rec_v2,9,0
5715,544,117,"2026-06-20 03:38:00",search,rec_v2,18,0
5716,262,107,"2026-07-21 22:14:00",detail_page,rec_v2,15,0
5717,650,35,"2026-06-05 05:10:00",home,rec_v1,7,1
5718,705,8,"2026-06-08 10:39:00",detail_page,rec_v2,10,1
5719,621,148,"2026-06-13 09:00:00",search,rec_v2,8,0
5720,544,128,"2026-07-05 23:20:00",search,rec_v1,15,0
5721,945,86,"2026-07-04 06:21:00",continue_watching,rec_v1,15,0
5722,429,135,"2026-06-18 00:20:00",search,rec_v2,3,0
5723,978,82,"2026-06-14 07:01:00",search,rec_v1,8,0
5724,451,52,"2026-07-05 00:38:00",home,rec_v1,4,0
5725,685,87,"2026-06-05 06:56:00",continue_watching,rec_v2,16,0
5726,283,65,"2026-05-23 09:56:00",home,rec_v1,16,0
5727,163,116,"2026-05-21 13:46:00",detail_page,rec_v1,12,0
5728,632,123,"2026-06-07 04:23:00",home,rec_v1,17,0
5729,15,113,"2026-06-17 09:49:00",home,rec_v2,9,0
5730,783,30,"2026-05-31 05:22:00",home,rec_v2,14,0
5731,143,30,"2026-06-24 14:29:00",search,rec_v2,17,0
5732,863,110,"2026-06-01 05:10:00",search,rec_v2,11,0
5733,308,39,"2026-05-24 22:40:00",home,rec_v2,13,0
5734,625,46,"2026-06-22 02:45:00",search,rec_v2,6,0
5735,736,108,"2026-06-12 23:29:00",search,rec_v1,14,0
5736,102,81,"2026-07-10 09:46:00",home,rec_v1,17,0
5737,735,60,"2026-06-20 16:59:00",home,rec_v1,8,0
5738,823,52,"2026-07-15 22:35:00",search,rec_v2,5,1
5739,577,106,"2026-07-21 07:44:00",home,rec_v1,2,0
5740,412,96,"2026-06-15 06:13:00",home,rec_v1,18,0
5741,206,126,"2026-06-29 07:55:00",continue_watching,rec_v2,19,0
5742,150,124,"2026-05-22 02:24:00",search,rec_v1,13,1
5743,153,110,"2026-06-07 13:19:00",continue_watching,rec_v2,2,0
5744,445,20,"2026-05-26 22:01:00",search,rec_v1,19,0
5745,86,2,"2026-05-05 06:34:00",search,rec_v2,13,0
5746,682,83,"2026-05-29 02:48:00",home,rec_v2,8,1
5747,875,103,"2026-05-12 20:37:00",detail_page,rec_v2,10,0
5748,667,41,"2026-07-13 05:13:00",detail_page,rec_v2,6,0
5749,134,88,"2026-06-30 13:10:00",detail_page,rec_v2,7,1
5750,204,41,"2026-05-10 22:07:00",home,rec_v2,12,0
5751,923,103,"2026-06-21 20:12:00",continue_watching,rec_v1,15,1
5752,834,127,"2026-05-09 11:36:00",home,rec_v2,1,0
5753,367,9,"2026-07-26 12:20:00",home,rec_v2,6,0
5754,470,108,"2026-07-22 15:53:00",detail_page,rec_v1,10,0
5755,662,79,"2026-07-09 10:19:00",detail_page,rec_v2,5,0
5756,690,92,"2026-05-06 12:58:00",detail_page,rec_v1,10,0
5757,503,68,"2026-05-08 05:44:00",home,rec_v2,1,1
5758,197,141,"2026-06-18 22:09:00",detail_page,rec_v2,12,0
5759,922,144,"2026-06-14 22:09:00",continue_watching,rec_v1,2,0
5760,72,89,"2026-07-20 05:53:00",home,rec_v1,8,1
5761,409,71,"2026-07-06 07:30:00",home,rec_v1,5,0
5762,507,118,"2026-07-04 03:53:00",home,rec_v2,8,0
5763,735,38,"2026-06-23 23:44:00",detail_page,rec_v2,15,0
5764,972,128,"2026-07-03 02:22:00",search,rec_v2,2,0
5765,878,121,"2026-07-25 20:12:00",search,rec_v2,13,0
5766,936,124,"2026-05-14 16:25:00",detail_page,rec_v1,10,0
5767,815,3,"2026-06-07 07:48:00",search,rec_v1,1,1
5768,521,43,"2026-06-22 16:42:00",search,rec_v1,13,0
5769,135,32,"2026-05-12 17:05:00",search,rec_v2,12,0
5770,984,121,"2026-07-28 06:08:00",detail_page,rec_v1,10,0
5771,74,1,"2026-06-01 03:57:00",search,rec_v2,19,0
5772,91,93,"2026-07-09 19:34:00",detail_page,rec_v2,8,0
5773,360,97,"2026-06-01 21:11:00",continue_watching,rec_v1,8,0
5774,942,68,"2026-05-26 01:15:00",home,rec_v2,1,0
5775,21,107,"2026-07-17 16:06:00",detail_page,rec_v1,8,0
5776,625,75,"2026-05-22 17:20:00",home,rec_v2,18,0
5777,672,69,"2026-07-17 23:53:00",home,rec_v1,16,0
5778,708,32,"2026-05-15 04:53:00",search,rec_v1,4,0
5779,187,101,"2026-05-29 02:04:00",search,rec_v1,17,1
5780,518,150,"2026-05-20 18:56:00",detail_page,rec_v2,2,0
5781,379,8,"2026-06-10 09:49:00",home,rec_v2,1,0
5782,956,34,"2026-06-05 00:40:00",detail_page,rec_v1,15,0
5783,955,66,"2026-07-04 23:18:00",detail_page,rec_v1,5,0
5784,464,40,"2026-05-01 07:14:00",continue_watching,rec_v2,20,0
5785,262,126,"2026-05-04 15:35:00",search,rec_v1,15,0
5786,530,128,"2026-06-15 00:32:00",detail_page,rec_v1,7,0
5787,637,112,"2026-07-16 01:50:00",detail_page,rec_v2,19,0
5788,831,133,"2026-05-28 08:32:00",home,rec_v2,4,0
5789,826,140,"2026-07-01 07:33:00",home,rec_v2,15,0
5790,912,146,"2026-05-14 23:34:00",search,rec_v2,5,0
5791,19,26,"2026-06-08 04:12:00",detail_page,rec_v2,4,0
5792,741,148,"2026-05-29 13:11:00",home,rec_v2,15,0
5793,557,127,"2026-07-27 04:13:00",home,rec_v2,8,0
5794,210,19,"2026-07-28 20:08:00",search,rec_v1,3,0
5795,219,77,"2026-07-14 09:22:00",search,rec_v2,3,0
5796,434,25,"2026-07-18 05:19:00",search,rec_v2,2,1
5797,822,6,"2026-07-11 12:48:00",home,rec_v2,17,0
5798,679,145,"2026-06-02 11:23:00",continue_watching,rec_v2,2,0
5799,360,31,"2026-06-27 22:27:00",home,rec_v2,8,0
5800,668,14,"2026-07-19 14:33:00",search,rec_v2,7,1
5801,613,54,"2026-05-16 12:41:00",detail_page,rec_v2,19,0
5802,701,43,"2026-07-04 12:39:00",continue_watching,rec_v2,10,0
5803,813,99,"2026-07-10 12:22:00",home,rec_v2,17,0
5804,488,82,"2026-05-18 16:44:00",home,rec_v2,6,0
5805,778,53,"2026-06-19 01:35:00",search,rec_v1,15,0
5806,618,50,"2026-07-06 17:03:00",home,rec_v2,9,0
5807,275,30,"2026-06-24 00:59:00",detail_page,rec_v2,9,0
5808,695,148,"2026-07-28 09:36:00",continue_watching,rec_v2,6,0
5809,686,52,"2026-06-20 07:44:00",home,rec_v1,16,0
5810,681,20,"2026-07-16 19:18:00",home,rec_v1,14,0
5811,6,114,"2026-05-06 08:25:00",home,rec_v1,18,0
5812,91,31,"2026-07-11 22:27:00",home,rec_v1,3,0
5813,445,116,"2026-05-12 21:15:00",continue_watching,rec_v2,12,0
5814,281,72,"2026-07-15 10:15:00",detail_page,rec_v2,14,0
5815,80,105,"2026-07-13 08:46:00",home,rec_v2,13,0
5816,992,24,"2026-07-05 12:41:00",home,rec_v2,8,0
5817,2,21,"2026-05-01 02:12:00",continue_watching,rec_v2,12,0
5818,388,78,"2026-06-12 00:01:00",home,rec_v2,12,0
5819,904,50,"2026-07-06 00:02:00",home,rec_v2,16,0
5820,86,16,"2026-05-31 17:24:00",home,rec_v2,20,1
5821,744,39,"2026-05-22 23:08:00",home,rec_v2,14,0
5822,191,31,"2026-05-29 06:33:00",detail_page,rec_v1,14,0
5823,858,97,"2026-07-26 12:59:00",detail_page,rec_v1,15,0
5824,856,4,"2026-05-30 07:22:00",home,rec_v2,6,0
5825,1,126,"2026-07-04 13:34:00",search,rec_v2,5,0
5826,64,148,"2026-07-13 02:22:00",search,rec_v1,12,0
5827,491,29,"2026-07-18 03:40:00",detail_page,rec_v2,13,0
5828,619,14,"2026-05-21 01:09:00",home,rec_v2,2,0
5829,61,69,"2026-05-11 18:40:00",home,rec_v2,15,0
5830,691,52,"2026-05-10 10:59:00",search,rec_v2,14,0
5831,582,100,"2026-07-01 06:24:00",home,rec_v2,9,0
5832,848,18,"2026-07-18 13:14:00",home,rec_v1,1,0
5833,769,126,"2026-06-19 05:57:00",search,rec_v2,15,0
5834,553,131,"2026-07-22 11:53:00",search,rec_v2,7,0
5835,637,104,"2026-07-29 18:24:00",search,rec_v2,18,0
5836,182,115,"2026-07-29 19:04:00",home,rec_v1,8,1
5837,37,146,"2026-07-04 21:38:00",home,rec_v2,9,0
5838,341,91,"2026-05-02 10:51:00",home,rec_v1,7,0
5839,879,39,"2026-07-06 03:46:00",detail_page,rec_v1,11,0
5840,784,134,"2026-07-28 00:34:00",home,rec_v1,18,0
5841,548,47,"2026-07-26 05:44:00",home,rec_v2,10,0
5842,658,31,"2026-06-28 07:39:00",home,rec_v1,14,0
5843,58,146,"2026-05-26 08:30:00",detail_page,rec_v1,7,0
5844,383,146,"2026-06-07 03:58:00",search,rec_v2,18,1
5845,65,94,"2026-05-10 16:00:00",search,rec_v1,8,0
5846,595,6,"2026-05-03 09:31:00",home,rec_v2,20,1
5847,699,140,"2026-05-06 21:47:00",home,rec_v1,20,0
5848,160,127,"2026-06-20 22:44:00",search,rec_v1,3,0
5849,703,42,"2026-06-09 12:07:00",detail_page,rec_v1,1,0
5850,865,110,"2026-07-27 03:04:00",detail_page,rec_v2,17,1
5851,299,79,"2026-07-18 06:59:00",home,rec_v2,13,1
5852,856,72,"2026-05-15 20:29:00",continue_watching,rec_v2,16,1
5853,351,133,"2026-07-07 17:22:00",continue_watching,rec_v1,9,0
5854,12,66,"2026-06-26 17:07:00",search,rec_v2,19,0
5855,331,124,"2026-05-17 01:52:00",home,rec_v1,2,0
5856,203,22,"2026-06-03 06:26:00",home,rec_v2,3,0
5857,604,143,"2026-06-25 10:04:00",home,rec_v1,10,0
5858,649,120,"2026-06-08 04:04:00",home,rec_v1,20,0
5859,989,89,"2026-07-18 15:05:00",search,rec_v1,6,0
5860,78,147,"2026-05-04 10:47:00",home,rec_v1,13,0
5861,269,35,"2026-07-29 12:04:00",home,rec_v2,16,1
5862,177,61,"2026-06-26 03:51:00",detail_page,rec_v2,12,0
5863,711,72,"2026-05-24 07:23:00",search,rec_v1,3,0
5864,649,2,"2026-05-11 16:00:00",home,rec_v2,16,0
5865,284,26,"2026-07-01 04:26:00",continue_watching,rec_v1,7,0
5866,782,93,"2026-07-29 10:40:00",home,rec_v1,6,0
5867,210,121,"2026-06-02 21:57:00",home,rec_v1,20,0
5868,121,119,"2026-05-30 02:12:00",continue_watching,rec_v2,5,0
5869,735,57,"2026-05-14 09:34:00",home,rec_v2,5,1
5870,811,148,"2026-07-20 15:09:00",home,rec_v2,6,0
5871,503,51,"2026-07-20 16:32:00",home,rec_v1,1,0
5872,266,84,"2026-07-10 04:55:00",home,rec_v1,10,0
5873,175,75,"2026-05-04 19:01:00",search,rec_v1,17,0
5874,375,89,"2026-06-17 11:22:00",home,rec_v1,19,0
5875,751,116,"2026-05-03 02:53:00",detail_page,rec_v1,12,0
5876,975,119,"2026-07-05 21:29:00",home,rec_v1,17,1
5877,774,52,"2026-07-25 07:04:00",detail_page,rec_v1,14,0
5878,383,6,"2026-05-06 18:45:00",home,rec_v1,5,0
5879,461,7,"2026-07-29 22:46:00",detail_page,rec_v2,4,0
5880,896,74,"2026-07-25 07:22:00",continue_watching,rec_v2,11,0
5881,872,140,"2026-06-16 08:38:00",detail_page,rec_v2,7,0
5882,92,61,"2026-07-29 20:40:00",home,rec_v2,1,0
5883,883,86,"2026-05-23 14:08:00",search,rec_v1,6,0
5884,671,58,"2026-07-29 14:34:00",detail_page,rec_v2,11,0
5885,766,94,"2026-07-16 22:00:00",home,rec_v2,13,0
5886,296,86,"2026-05-11 08:32:00",home,rec_v2,13,0
5887,174,40,"2026-05-02 02:16:00",search,rec_v1,9,0
5888,852,66,"2026-07-01 14:04:00",home,rec_v1,19,0
5889,752,99,"2026-05-12 02:33:00",home,rec_v1,15,1
5890,938,111,"2026-06-21 21:50:00",search,rec_v1,20,0
5891,349,20,"2026-05-04 08:41:00",continue_watching,rec_v1,17,0
5892,632,37,"2026-05-07 10:14:00",home,rec_v2,1,0
5893,190,125,"2026-06-16 03:13:00",home,rec_v2,4,0
5894,252,108,"2026-06-29 05:58:00",home,rec_v1,12,0
5895,342,107,"2026-07-23 02:17:00",home,rec_v1,19,0
5896,308,19,"2026-05-13 18:12:00",home,rec_v1,18,0
5897,630,150,"2026-07-01 10:48:00",detail_page,rec_v1,18,0
5898,778,133,"2026-07-25 04:40:00",home,rec_v1,17,1
5899,4,118,"2026-05-10 01:16:00",home,rec_v1,7,0
5900,27,63,"2026-07-10 23:50:00",continue_watching,rec_v1,17,0
5901,572,130,"2026-05-27 01:13:00",home,rec_v2,7,0
5902,500,35,"2026-07-10 22:59:00",home,rec_v1,6,0
5903,810,127,"2026-06-15 03:03:00",continue_watching,rec_v1,18,0
5904,230,19,"2026-07-05 02:10:00",search,rec_v1,10,0
5905,914,77,"2026-07-03 13:44:00",home,rec_v2,19,0
5906,338,97,"2026-06-16 15:49:00",detail_page,rec_v2,6,0
5907,125,143,"2026-07-09 02:35:00",continue_watching,rec_v1,17,0
5908,484,72,"2026-06-12 02:40:00",home,rec_v1,8,0
5909,164,99,"2026-06-02 11:27:00",search,rec_v2,10,0
5910,223,15,"2026-05-12 22:29:00",detail_page,rec_v1,5,1
5911,721,63,"2026-07-19 01:37:00",home,rec_v2,17,0
5912,95,21,"2026-06-18 12:29:00",home,rec_v1,1,0
5913,25,67,"2026-05-11 14:10:00",home,rec_v1,15,0
5914,406,23,"2026-06-20 08:33:00",continue_watching,rec_v1,1,0
5915,231,25,"2026-07-25 00:45:00",home,rec_v1,15,0
5916,860,47,"2026-07-08 23:18:00",home,rec_v1,13,0
5917,174,40,"2026-05-18 17:54:00",search,rec_v1,3,1
5918,31,145,"2026-06-29 09:47:00",continue_watching,rec_v1,20,0
5919,77,71,"2026-06-05 07:57:00",search,rec_v1,8,0
5920,37,120,"2026-06-15 02:04:00",home,rec_v2,6,1
5921,374,13,"2026-07-03 08:40:00",detail_page,rec_v1,14,0
5922,918,53,"2026-07-02 19:05:00",detail_page,rec_v2,8,0
5923,212,93,"2026-05-03 11:28:00",home,rec_v2,6,0
5924,334,18,"2026-05-04 05:54:00",home,rec_v2,13,0
5925,497,63,"2026-05-04 05:32:00",continue_watching,rec_v2,3,0
5926,971,87,"2026-05-10 03:32:00",home,rec_v1,1,0
5927,454,52,"2026-05-06 00:23:00",continue_watching,rec_v1,10,0
5928,490,80,"2026-05-09 11:57:00",search,rec_v1,11,0
5929,697,108,"2026-06-07 18:18:00",home,rec_v1,19,1
5930,231,133,"2026-07-27 00:16:00",continue_watching,rec_v2,9,0
5931,620,26,"2026-06-23 12:36:00",home,rec_v1,1,1
5932,370,12,"2026-05-09 10:07:00",detail_page,rec_v2,17,0
5933,125,69,"2026-06-05 14:52:00",home,rec_v1,8,0
5934,787,95,"2026-07-18 22:31:00",detail_page,rec_v2,13,0
5935,295,42,"2026-05-06 08:07:00",home,rec_v1,20,1
5936,385,90,"2026-05-10 13:43:00",search,rec_v1,13,0
5937,864,29,"2026-07-17 12:26:00",search,rec_v2,2,0
5938,352,31,"2026-07-23 15:53:00",continue_watching,rec_v1,13,0
5939,473,122,"2026-06-27 16:59:00",home,rec_v1,9,0
5940,907,101,"2026-06-28 22:29:00",home,rec_v1,17,0
5941,291,51,"2026-07-06 18:04:00",search,rec_v2,12,0
5942,901,143,"2026-07-15 16:42:00",detail_page,rec_v2,6,1
5943,264,143,"2026-07-29 02:49:00",search,rec_v1,8,0
5944,690,87,"2026-05-21 16:56:00",home,rec_v2,10,1
5945,703,150,"2026-07-25 03:51:00",home,rec_v2,11,0
5946,885,76,"2026-06-03 01:42:00",search,rec_v2,1,0
5947,985,14,"2026-05-05 12:39:00",home,rec_v1,14,0
5948,359,79,"2026-06-12 19:45:00",home,rec_v2,14,0
5949,261,35,"2026-07-13 20:38:00",home,rec_v1,19,0
5950,423,24,"2026-05-04 11:03:00",continue_watching,rec_v1,19,0
5951,164,67,"2026-05-30 10:28:00",home,rec_v1,9,0
5952,681,77,"2026-06-10 05:27:00",home,rec_v1,14,1
5953,804,110,"2026-05-02 03:51:00",home,rec_v2,6,0
5954,930,52,"2026-06-30 03:24:00",detail_page,rec_v1,9,0
5955,461,108,"2026-05-17 23:21:00",continue_watching,rec_v1,19,0
5956,949,18,"2026-06-14 18:19:00",home,rec_v1,4,0
5957,460,10,"2026-06-01 22:45:00",detail_page,rec_v2,18,0
5958,117,115,"2026-05-18 02:32:00",search,rec_v1,20,0
5959,634,27,"2026-05-03 09:27:00",detail_page,rec_v1,19,0
5960,677,91,"2026-06-09 12:14:00",continue_watching,rec_v1,2,0
5961,966,98,"2026-05-26 22:21:00",home,rec_v2,16,0
5962,475,143,"2026-07-14 07:52:00",home,rec_v1,11,0
5963,569,67,"2026-07-23 21:28:00",home,rec_v1,10,0
5964,849,147,"2026-06-22 19:47:00",search,rec_v2,15,0
5965,902,149,"2026-06-22 16:44:00",continue_watching,rec_v2,4,1
5966,245,136,"2026-07-01 13:08:00",continue_watching,rec_v2,11,0
5967,253,48,"2026-07-25 10:54:00",continue_watching,rec_v2,11,0
5968,121,138,"2026-07-09 09:49:00",continue_watching,rec_v1,12,0
5969,877,53,"2026-07-13 15:59:00",search,rec_v1,11,0
5970,995,111,"2026-06-14 12:12:00",home,rec_v1,18,0
5971,55,59,"2026-06-21 03:44:00",continue_watching,rec_v2,1,1
5972,811,103,"2026-06-23 22:16:00",home,rec_v1,19,0
5973,126,5,"2026-05-30 21:21:00",home,rec_v2,4,0
5974,36,91,"2026-07-29 01:03:00",search,rec_v2,12,0
5975,285,7,"2026-07-17 08:06:00",home,rec_v1,10,0
5976,466,112,"2026-06-12 20:31:00",home,rec_v2,8,0
5977,709,82,"2026-07-07 19:43:00",detail_page,rec_v2,16,0
5978,323,119,"2026-06-26 21:11:00",home,rec_v2,6,0
5979,233,43,"2026-07-05 04:07:00",search,rec_v1,9,0
5980,501,11,"2026-05-18 08:29:00",detail_page,rec_v1,19,0
5981,42,84,"2026-06-07 05:37:00",home,rec_v2,4,0
5982,272,17,"2026-07-02 08:54:00",home,rec_v1,1,0
5983,407,133,"2026-06-29 08:02:00",continue_watching,rec_v1,19,0
5984,455,99,"2026-07-13 18:54:00",detail_page,rec_v1,14,1
5985,812,2,"2026-05-15 13:50:00",detail_page,rec_v1,8,0
5986,247,114,"2026-05-23 18:54:00",detail_page,rec_v1,15,0
5987,47,18,"2026-05-20 19:54:00",continue_watching,rec_v2,7,0
5988,193,89,"2026-07-18 05:34:00",detail_page,rec_v1,14,0
5989,147,106,"2026-05-12 07:36:00",home,rec_v2,15,0
5990,919,44,"2026-05-03 06:59:00",home,rec_v2,15,0
5991,908,59,"2026-07-06 17:13:00",home,rec_v1,9,0
5992,332,90,"2026-07-12 05:25:00",continue_watching,rec_v2,15,0
5993,199,17,"2026-06-29 08:06:00",home,rec_v2,17,0
5994,607,46,"2026-06-06 19:41:00",home,rec_v2,1,1
5995,536,69,"2026-05-21 08:26:00",search,rec_v1,4,0
5996,684,94,"2026-06-13 03:17:00",search,rec_v1,13,0
5997,444,3,"2026-06-17 05:57:00",search,rec_v1,9,0
5998,521,10,"2026-07-08 08:42:00",continue_watching,rec_v1,10,0
5999,412,48,"2026-06-20 14:02:00",search,rec_v1,14,1
6000,950,140,"2026-06-11 15:26:00",home,rec_v2,7,1
6001,933,35,"2026-07-09 11:02:00",home,rec_v1,17,0
6002,8,79,"2026-05-31 21:20:00",home,rec_v1,1,0
6003,658,135,"2026-07-11 15:28:00",detail_page,rec_v2,19,0
6004,83,103,"2026-05-27 01:16:00",search,rec_v2,19,0
6005,489,51,"2026-06-21 01:13:00",detail_page,rec_v2,18,0
6006,209,60,"2026-07-24 06:31:00",detail_page,rec_v1,6,0
6007,830,143,"2026-05-10 09:35:00",search,rec_v2,12,0
6008,675,149,"2026-05-17 21:01:00",home,rec_v1,2,0
6009,91,52,"2026-06-06 04:24:00",search,rec_v2,2,0
6010,251,129,"2026-05-29 07:11:00",home,rec_v2,17,0
6011,14,40,"2026-06-16 12:04:00",search,rec_v1,16,0
6012,936,65,"2026-06-18 07:26:00",search,rec_v1,11,0
6013,255,23,"2026-06-07 23:55:00",search,rec_v1,6,0
6014,686,63,"2026-06-10 10:26:00",search,rec_v1,20,0
6015,337,146,"2026-05-21 07:47:00",continue_watching,rec_v1,18,0
6016,989,48,"2026-07-11 15:32:00",home,rec_v1,9,0
6017,357,64,"2026-06-24 00:39:00",home,rec_v2,19,0
6018,153,63,"2026-07-26 03:29:00",continue_watching,rec_v1,2,0
6019,648,77,"2026-07-14 02:41:00",search,rec_v1,3,0
6020,819,41,"2026-05-22 01:03:00",continue_watching,rec_v2,16,0
6021,67,148,"2026-05-26 10:26:00",home,rec_v1,3,0
6022,80,39,"2026-06-21 02:18:00",continue_watching,rec_v1,9,0
6023,108,41,"2026-05-04 09:09:00",continue_watching,rec_v1,14,0
6024,562,115,"2026-05-28 23:53:00",search,rec_v2,6,0
6025,460,140,"2026-06-28 20:23:00",continue_watching,rec_v2,3,0
6026,227,34,"2026-07-12 14:44:00",search,rec_v2,1,0
6027,998,49,"2026-06-25 15:13:00",continue_watching,rec_v2,3,0
6028,418,143,"2026-06-21 19:01:00",continue_watching,rec_v1,14,0
6029,486,75,"2026-05-07 18:38:00",detail_page,rec_v2,8,0
6030,426,104,"2026-07-24 18:52:00",detail_page,rec_v1,16,0
6031,853,96,"2026-06-07 21:49:00",detail_page,rec_v2,12,0
6032,494,116,"2026-06-13 20:12:00",detail_page,rec_v2,19,0
6033,625,71,"2026-07-27 19:04:00",home,rec_v1,14,1
6034,952,132,"2026-07-23 00:16:00",detail_page,rec_v2,10,0
6035,898,145,"2026-07-22 06:45:00",home,rec_v2,2,0
6036,276,69,"2026-05-30 12:39:00",home,rec_v2,13,0
6037,64,40,"2026-05-11 23:19:00",continue_watching,rec_v1,20,0
6038,983,143,"2026-06-19 17:58:00",continue_watching,rec_v2,4,0
6039,986,60,"2026-06-09 21:10:00",detail_page,rec_v1,6,0
6040,3,58,"2026-07-15 21:58:00",detail_page,rec_v1,10,0
6041,262,24,"2026-06-26 21:37:00",home,rec_v1,17,0
6042,327,82,"2026-07-18 03:36:00",home,rec_v2,4,0
6043,608,119,"2026-07-23 13:16:00",continue_watching,rec_v2,17,0
6044,810,53,"2026-07-01 18:01:00",home,rec_v1,20,0
6045,171,121,"2026-07-12 07:15:00",home,rec_v2,6,0
6046,44,17,"2026-07-20 18:26:00",continue_watching,rec_v2,15,0
6047,328,122,"2026-05-28 10:09:00",search,rec_v1,5,0
6048,996,3,"2026-07-02 09:28:00",continue_watching,rec_v2,1,0
6049,404,16,"2026-07-19 07:42:00",continue_watching,rec_v2,16,0
6050,735,73,"2026-05-11 12:57:00",home,rec_v2,1,0
6051,765,111,"2026-07-24 11:28:00",home,rec_v1,14,0
6052,824,18,"2026-06-30 01:46:00",home,rec_v1,15,0
6053,22,43,"2026-05-27 16:41:00",home,rec_v2,13,0
6054,720,24,"2026-06-16 10:41:00",home,rec_v1,8,0
6055,918,100,"2026-07-18 21:34:00",search,rec_v2,11,0
6056,868,93,"2026-05-24 22:13:00",home,rec_v1,13,0
6057,275,47,"2026-06-08 00:57:00",home,rec_v1,8,0
6058,560,41,"2026-07-13 23:44:00",search,rec_v2,19,0
6059,744,13,"2026-06-19 18:21:00",detail_page,rec_v1,17,0
6060,328,133,"2026-06-20 14:32:00",home,rec_v1,10,0
6061,198,108,"2026-07-29 07:18:00",home,rec_v2,17,0
6062,342,27,"2026-05-13 13:42:00",detail_page,rec_v2,4,0
6063,901,62,"2026-07-18 21:04:00",search,rec_v1,6,0
6064,761,54,"2026-07-20 00:35:00",home,rec_v2,10,0
6065,963,18,"2026-07-02 11:41:00",home,rec_v1,9,0
6066,731,83,"2026-05-31 01:40:00",detail_page,rec_v1,2,0
6067,351,103,"2026-06-05 06:12:00",detail_page,rec_v2,5,0
6068,59,98,"2026-06-28 07:29:00",home,rec_v2,12,0
6069,540,51,"2026-06-10 05:41:00",detail_page,rec_v2,4,0
6070,54,73,"2026-05-10 00:21:00",home,rec_v2,15,0
6071,389,125,"2026-06-25 04:16:00",home,rec_v1,5,0
6072,136,70,"2026-07-19 05:08:00",search,rec_v2,7,0
6073,604,108,"2026-06-12 22:20:00",home,rec_v2,19,0
6074,829,34,"2026-05-03 17:46:00",detail_page,rec_v2,11,0
6075,25,42,"2026-06-18 23:28:00",detail_page,rec_v2,10,0
6076,948,136,"2026-05-13 14:00:00",home,rec_v2,13,0
6077,979,31,"2026-05-22 10:33:00",detail_page,rec_v2,16,0
6078,560,134,"2026-06-08 19:33:00",detail_page,rec_v2,20,0
6079,532,123,"2026-06-17 04:03:00",home,rec_v1,10,0
6080,710,62,"2026-05-30 10:48:00",search,rec_v2,20,1
6081,478,72,"2026-05-17 22:53:00",search,rec_v2,5,0
6082,280,88,"2026-07-06 02:43:00",home,rec_v2,3,1
6083,284,15,"2026-06-11 12:57:00",home,rec_v1,20,0
6084,127,65,"2026-06-04 18:07:00",detail_page,rec_v1,15,0
6085,573,8,"2026-05-21 18:55:00",home,rec_v1,1,0
6086,663,96,"2026-06-18 16:35:00",search,rec_v2,1,0
6087,481,92,"2026-05-03 16:13:00",home,rec_v1,20,0
6088,331,101,"2026-07-28 03:31:00",continue_watching,rec_v2,10,0
6089,830,101,"2026-07-14 03:14:00",home,rec_v2,16,1
6090,749,113,"2026-07-06 21:14:00",detail_page,rec_v2,3,0
6091,239,58,"2026-07-09 16:29:00",search,rec_v1,18,0
6092,11,51,"2026-05-13 23:06:00",detail_page,rec_v2,5,0
6093,839,133,"2026-06-08 08:30:00",home,rec_v2,13,0
6094,829,71,"2026-06-21 14:40:00",search,rec_v1,11,0
6095,305,69,"2026-07-27 17:24:00",continue_watching,rec_v1,9,0
6096,666,87,"2026-05-27 03:32:00",home,rec_v1,15,0
6097,50,139,"2026-06-29 08:38:00",home,rec_v1,6,0
6098,631,64,"2026-07-21 14:56:00",home,rec_v1,18,1
6099,253,99,"2026-05-30 05:59:00",home,rec_v2,13,0
6100,634,108,"2026-06-24 11:48:00",home,rec_v1,20,0
6101,224,49,"2026-05-09 03:27:00",detail_page,rec_v2,5,0
6102,15,70,"2026-07-21 05:21:00",continue_watching,rec_v2,15,0
6103,707,69,"2026-07-03 06:40:00",detail_page,rec_v2,14,0
6104,1000,24,"2026-06-29 07:33:00",detail_page,rec_v2,15,0
6105,746,147,"2026-07-07 14:35:00",continue_watching,rec_v1,8,0
6106,337,112,"2026-07-25 10:30:00",detail_page,rec_v2,5,1
6107,459,101,"2026-07-27 16:02:00",home,rec_v2,6,0
6108,862,94,"2026-05-05 19:53:00",detail_page,rec_v2,3,1
6109,685,47,"2026-06-28 02:41:00",home,rec_v1,7,0
6110,439,95,"2026-07-03 19:39:00",continue_watching,rec_v2,10,0
6111,66,33,"2026-07-14 11:24:00",detail_page,rec_v1,8,0
6112,555,72,"2026-07-07 02:56:00",continue_watching,rec_v2,6,0
6113,310,14,"2026-05-07 22:18:00",continue_watching,rec_v1,17,0
6114,118,77,"2026-07-01 20:42:00",home,rec_v2,7,0
6115,835,68,"2026-07-15 03:26:00",home,rec_v2,5,0
6116,546,109,"2026-07-13 08:57:00",detail_page,rec_v1,16,0
6117,524,22,"2026-07-16 01:35:00",detail_page,rec_v2,15,0
6118,868,19,"2026-05-23 06:54:00",detail_page,rec_v2,2,0
6119,280,23,"2026-06-15 18:47:00",continue_watching,rec_v2,1,0
6120,898,138,"2026-07-20 12:38:00",continue_watching,rec_v2,2,0
6121,688,81,"2026-07-09 23:33:00",home,rec_v2,3,1
6122,112,25,"2026-06-26 19:39:00",continue_watching,rec_v2,19,0
6123,655,113,"2026-05-15 03:46:00",home,rec_v1,8,0
6124,548,70,"2026-06-04 11:01:00",home,rec_v2,9,0
6125,777,33,"2026-06-19 19:02:00",home,rec_v2,9,0
6126,63,150,"2026-05-16 00:14:00",detail_page,rec_v1,4,0
6127,957,13,"2026-07-27 00:03:00",search,rec_v2,8,1
6128,701,49,"2026-06-22 23:01:00",home,rec_v1,8,0
6129,650,54,"2026-07-26 01:40:00",home,rec_v1,13,0
6130,916,85,"2026-07-02 00:26:00",home,rec_v2,12,0
6131,743,98,"2026-07-14 13:02:00",home,rec_v2,20,0
6132,394,89,"2026-07-06 17:46:00",continue_watching,rec_v1,8,0
6133,617,149,"2026-07-10 08:22:00",home,rec_v1,1,0
6134,360,21,"2026-07-28 09:23:00",search,rec_v2,15,0
6135,544,48,"2026-07-11 11:19:00",continue_watching,rec_v1,19,0
6136,185,131,"2026-05-23 01:12:00",search,rec_v1,1,0
6137,73,144,"2026-06-24 20:12:00",search,rec_v2,19,0
6138,697,134,"2026-05-27 14:46:00",home,rec_v1,15,0
6139,350,108,"2026-05-15 07:46:00",detail_page,rec_v2,15,1
6140,458,92,"2026-06-17 08:50:00",search,rec_v2,2,0
6141,566,9,"2026-06-30 11:41:00",home,rec_v2,11,0
6142,679,33,"2026-05-05 03:42:00",home,rec_v1,15,0
6143,214,149,"2026-05-02 21:35:00",search,rec_v2,18,0
6144,507,49,"2026-06-25 21:02:00",home,rec_v1,10,0
6145,262,69,"2026-05-02 04:27:00",detail_page,rec_v1,4,0
6146,83,139,"2026-06-29 09:53:00",search,rec_v1,4,1
6147,501,47,"2026-06-25 13:29:00",detail_page,rec_v1,13,0
6148,646,65,"2026-07-24 10:50:00",home,rec_v2,3,0
6149,796,101,"2026-06-07 18:49:00",detail_page,rec_v2,16,1
6150,350,108,"2026-06-03 09:00:00",home,rec_v1,18,0
6151,977,50,"2026-05-02 00:58:00",detail_page,rec_v1,13,1
6152,227,46,"2026-05-09 05:52:00",home,rec_v1,2,0
6153,505,76,"2026-05-07 07:44:00",detail_page,rec_v2,13,0
6154,275,54,"2026-07-26 09:59:00",home,rec_v2,1,0
6155,152,143,"2026-07-18 00:51:00",detail_page,rec_v1,13,0
6156,218,34,"2026-07-17 11:41:00",continue_watching,rec_v2,9,0
6157,486,30,"2026-05-04 11:18:00",home,rec_v2,2,0
6158,983,61,"2026-06-14 17:34:00",continue_watching,rec_v1,3,0
6159,557,31,"2026-05-04 13:58:00",home,rec_v1,20,1
6160,830,137,"2026-07-05 12:51:00",home,rec_v1,4,0
6161,753,89,"2026-07-09 20:24:00",home,rec_v2,14,0
6162,553,95,"2026-06-11 08:57:00",detail_page,rec_v2,19,1
6163,649,72,"2026-07-09 22:11:00",search,rec_v1,1,0
6164,780,150,"2026-07-16 07:28:00",search,rec_v2,17,0
6165,734,103,"2026-05-29 15:00:00",home,rec_v1,18,1
6166,271,55,"2026-05-03 06:11:00",home,rec_v1,1,0
6167,870,9,"2026-05-01 04:41:00",home,rec_v2,15,0
6168,269,115,"2026-06-01 14:30:00",home,rec_v2,10,0
6169,92,109,"2026-05-20 04:32:00",search,rec_v2,3,1
6170,145,52,"2026-05-05 19:07:00",home,rec_v2,17,0
6171,487,45,"2026-07-29 08:52:00",home,rec_v1,8,0
6172,558,14,"2026-07-11 05:59:00",continue_watching,rec_v2,18,0
6173,864,4,"2026-06-18 17:18:00",continue_watching,rec_v2,3,1
6174,515,6,"2026-05-28 13:00:00",home,rec_v1,2,0
6175,327,119,"2026-07-23 23:26:00",search,rec_v1,4,1
6176,922,25,"2026-07-27 19:06:00",continue_watching,rec_v2,14,0
6177,998,60,"2026-07-23 02:10:00",home,rec_v1,11,0
6178,429,124,"2026-05-19 09:13:00",detail_page,rec_v2,4,1
6179,547,106,"2026-06-17 21:01:00",search,rec_v2,14,0
6180,852,79,"2026-05-10 04:18:00",home,rec_v1,12,0
6181,861,80,"2026-06-08 22:23:00",search,rec_v2,7,0
6182,299,48,"2026-06-01 04:50:00",home,rec_v2,15,0
6183,552,150,"2026-07-15 23:12:00",search,rec_v2,16,0
6184,227,147,"2026-06-04 00:51:00",home,rec_v2,2,0
6185,165,64,"2026-06-29 18:20:00",search,rec_v1,4,0
6186,742,5,"2026-07-20 06:25:00",search,rec_v1,15,0
6187,831,20,"2026-06-01 23:05:00",search,rec_v1,20,0
6188,390,57,"2026-05-13 19:39:00",home,rec_v2,16,0
6189,155,87,"2026-07-05 07:54:00",search,rec_v1,3,0
6190,988,89,"2026-07-02 12:06:00",detail_page,rec_v1,8,0
6191,518,75,"2026-05-09 08:09:00",home,rec_v1,14,0
6192,753,131,"2026-05-08 22:14:00",home,rec_v2,13,1
6193,931,50,"2026-05-03 10:21:00",continue_watching,rec_v1,12,0
6194,655,134,"2026-05-20 14:41:00",home,rec_v1,9,0
6195,210,105,"2026-05-23 17:25:00",home,rec_v1,17,0
6196,631,64,"2026-05-26 21:13:00",search,rec_v2,9,1
6197,764,75,"2026-05-22 23:22:00",home,rec_v2,10,0
6198,134,52,"2026-05-13 17:57:00",home,rec_v1,10,0
6199,25,45,"2026-06-23 03:06:00",detail_page,rec_v1,14,0
6200,574,11,"2026-06-20 15:39:00",home,rec_v2,17,0
6201,387,36,"2026-06-09 20:59:00",search,rec_v1,8,0
6202,947,48,"2026-05-31 17:32:00",search,rec_v1,18,0
6203,403,104,"2026-05-21 07:01:00",home,rec_v2,4,0
6204,999,65,"2026-05-24 18:40:00",continue_watching,rec_v2,14,0
6205,187,34,"2026-05-28 14:40:00",home,rec_v2,17,0
6206,963,30,"2026-06-07 12:30:00",search,rec_v1,16,0
6207,473,27,"2026-05-23 12:45:00",home,rec_v1,18,0
6208,267,117,"2026-05-03 15:42:00",detail_page,rec_v2,1,0
6209,363,113,"2026-05-24 15:34:00",detail_page,rec_v1,16,0
6210,320,137,"2026-06-11 20:04:00",search,rec_v1,8,0
6211,256,31,"2026-05-17 06:35:00",search,rec_v1,16,0
6212,241,51,"2026-06-01 20:54:00",search,rec_v1,5,0
6213,372,33,"2026-05-27 02:49:00",detail_page,rec_v1,13,0
6214,680,49,"2026-07-20 02:17:00",home,rec_v1,10,0
6215,435,91,"2026-05-29 08:16:00",home,rec_v2,4,1
6216,672,28,"2026-05-03 23:13:00",detail_page,rec_v2,15,0
6217,582,21,"2026-06-27 06:50:00",home,rec_v1,11,0
6218,289,144,"2026-07-29 11:56:00",continue_watching,rec_v1,4,1
6219,502,27,"2026-07-23 05:48:00",home,rec_v2,7,0
6220,617,2,"2026-07-15 19:51:00",search,rec_v2,10,0
6221,584,65,"2026-05-02 06:36:00",continue_watching,rec_v1,7,1
6222,900,138,"2026-06-24 04:01:00",detail_page,rec_v1,19,0
6223,883,104,"2026-05-24 19:05:00",detail_page,rec_v2,11,0
6224,303,9,"2026-05-15 01:37:00",detail_page,rec_v1,15,0
6225,330,33,"2026-07-14 18:26:00",home,rec_v2,18,0
6226,133,135,"2026-05-02 07:08:00",continue_watching,rec_v1,18,0
6227,328,108,"2026-05-17 05:45:00",continue_watching,rec_v1,1,0
6228,374,149,"2026-06-19 11:50:00",home,rec_v1,17,0
6229,524,4,"2026-05-01 15:07:00",detail_page,rec_v1,1,0
6230,200,117,"2026-06-18 23:27:00",home,rec_v2,17,0
6231,645,42,"2026-07-11 12:59:00",detail_page,rec_v1,2,0
6232,196,3,"2026-06-11 08:26:00",home,rec_v1,14,0
6233,175,43,"2026-05-19 15:58:00",continue_watching,rec_v2,13,0
6234,401,43,"2026-05-11 06:31:00",home,rec_v1,12,0
6235,714,18,"2026-07-28 19:05:00",search,rec_v1,15,1
6236,917,33,"2026-06-11 08:31:00",detail_page,rec_v1,20,0
6237,842,40,"2026-06-30 06:36:00",search,rec_v1,11,0
6238,873,61,"2026-05-28 21:14:00",search,rec_v2,7,0
6239,790,139,"2026-06-14 08:35:00",search,rec_v2,20,0
6240,624,23,"2026-05-05 19:48:00",search,rec_v1,8,0
6241,870,135,"2026-06-15 21:20:00",home,rec_v1,17,0
6242,269,103,"2026-06-29 14:25:00",home,rec_v1,14,1
6243,375,54,"2026-05-02 16:31:00",detail_page,rec_v1,19,0
6244,279,150,"2026-06-24 17:53:00",detail_page,rec_v1,20,0
6245,439,120,"2026-06-21 13:06:00",home,rec_v1,2,1
6246,699,25,"2026-05-26 00:23:00",home,rec_v2,18,1
6247,526,72,"2026-05-31 16:35:00",detail_page,rec_v2,18,0
6248,277,66,"2026-05-04 21:46:00",detail_page,rec_v1,14,0
6249,934,133,"2026-07-28 07:20:00",home,rec_v1,16,0
6250,22,15,"2026-06-20 17:45:00",search,rec_v1,12,0
6251,22,21,"2026-06-21 20:50:00",continue_watching,rec_v2,7,0
6252,674,83,"2026-06-10 15:05:00",home,rec_v1,20,0
6253,353,96,"2026-07-19 11:37:00",search,rec_v1,18,0
6254,838,4,"2026-05-01 03:08:00",home,rec_v1,5,0
6255,390,40,"2026-05-25 20:48:00",detail_page,rec_v2,20,0
6256,700,74,"2026-07-11 10:15:00",search,rec_v1,1,1
6257,119,147,"2026-07-03 01:02:00",home,rec_v2,5,0
6258,276,109,"2026-05-05 14:34:00",search,rec_v2,16,0
6259,920,41,"2026-07-16 05:50:00",home,rec_v2,16,0
6260,396,63,"2026-07-26 17:05:00",continue_watching,rec_v1,18,0
6261,451,34,"2026-06-30 22:14:00",search,rec_v1,20,1
6262,59,10,"2026-07-05 04:22:00",detail_page,rec_v2,8,0
6263,472,79,"2026-06-27 02:54:00",detail_page,rec_v1,17,1
6264,695,40,"2026-05-15 06:43:00",home,rec_v2,19,0
6265,353,117,"2026-05-23 16:22:00",home,rec_v2,18,0
6266,769,48,"2026-07-24 17:16:00",search,rec_v2,13,0
6267,461,93,"2026-07-06 05:36:00",home,rec_v1,11,0
6268,571,83,"2026-07-25 15:03:00",home,rec_v2,1,0
6269,437,99,"2026-05-25 08:05:00",continue_watching,rec_v2,17,0
6270,411,80,"2026-07-19 15:00:00",continue_watching,rec_v2,4,0
6271,53,14,"2026-05-16 23:56:00",home,rec_v2,13,0
6272,349,64,"2026-05-22 17:22:00",home,rec_v2,5,0
6273,651,131,"2026-05-27 01:07:00",home,rec_v1,10,0
6274,706,80,"2026-06-03 20:22:00",home,rec_v2,7,0
6275,494,11,"2026-06-08 21:40:00",search,rec_v2,4,0
6276,536,27,"2026-06-23 18:03:00",home,rec_v1,7,0
6277,452,94,"2026-06-29 14:46:00",search,rec_v2,19,0
6278,183,148,"2026-06-17 17:46:00",continue_watching,rec_v1,8,0
6279,664,39,"2026-05-27 06:55:00",home,rec_v2,15,0
6280,83,134,"2026-05-01 12:41:00",continue_watching,rec_v2,15,0
6281,472,76,"2026-07-25 15:17:00",detail_page,rec_v2,2,0
6282,559,1,"2026-07-18 19:57:00",search,rec_v2,20,0
6283,102,67,"2026-05-21 07:55:00",detail_page,rec_v2,16,0
6284,619,53,"2026-07-28 05:26:00",search,rec_v2,13,0
6285,530,137,"2026-06-23 00:03:00",home,rec_v2,3,0
6286,756,24,"2026-07-03 18:30:00",continue_watching,rec_v2,15,0
6287,991,81,"2026-06-17 15:36:00",detail_page,rec_v2,7,1
6288,858,145,"2026-07-06 23:56:00",home,rec_v1,11,0
6289,67,35,"2026-06-08 05:19:00",home,rec_v2,16,0
6290,144,137,"2026-07-08 11:51:00",continue_watching,rec_v2,20,0
6291,781,114,"2026-06-08 13:03:00",search,rec_v2,19,0
6292,97,44,"2026-06-07 20:14:00",search,rec_v1,2,0
6293,248,116,"2026-07-18 21:35:00",home,rec_v1,12,0
6294,315,28,"2026-05-16 13:39:00",detail_page,rec_v2,11,0
6295,177,52,"2026-05-17 01:26:00",detail_page,rec_v1,6,0
6296,327,128,"2026-05-08 01:26:00",continue_watching,rec_v2,6,0
6297,477,70,"2026-07-10 05:17:00",home,rec_v1,10,0
6298,527,106,"2026-05-19 07:26:00",home,rec_v1,5,1
6299,133,135,"2026-07-07 16:26:00",home,rec_v2,1,0
6300,874,125,"2026-06-05 07:18:00",home,rec_v2,9,0
6301,287,107,"2026-05-01 04:29:00",home,rec_v2,7,0
6302,376,102,"2026-05-26 06:42:00",home,rec_v2,6,0
6303,561,127,"2026-05-04 10:25:00",detail_page,rec_v2,5,1
6304,897,23,"2026-05-25 11:36:00",detail_page,rec_v1,12,0
6305,98,122,"2026-05-12 21:31:00",search,rec_v2,17,0
6306,270,80,"2026-06-18 18:52:00",home,rec_v2,2,0
6307,770,37,"2026-07-14 19:34:00",detail_page,rec_v1,11,0
6308,482,40,"2026-07-19 20:22:00",home,rec_v1,11,0
6309,956,93,"2026-07-13 01:40:00",detail_page,rec_v1,2,0
6310,917,20,"2026-07-27 11:46:00",home,rec_v1,20,1
6311,373,43,"2026-05-18 20:52:00",home,rec_v2,2,0
6312,429,144,"2026-07-12 08:04:00",continue_watching,rec_v1,8,0
6313,973,92,"2026-06-06 13:50:00",home,rec_v2,19,0
6314,539,40,"2026-06-20 15:47:00",home,rec_v1,20,0
6315,450,77,"2026-06-18 05:31:00",detail_page,rec_v1,2,0
6316,734,93,"2026-06-14 10:46:00",detail_page,rec_v1,7,0
6317,4,118,"2026-06-26 18:35:00",continue_watching,rec_v1,13,0
6318,1,148,"2026-07-01 07:55:00",home,rec_v2,9,0
6319,931,95,"2026-05-03 09:17:00",home,rec_v2,1,0
6320,696,101,"2026-06-01 14:03:00",detail_page,rec_v1,13,0
6321,956,102,"2026-07-18 23:07:00",search,rec_v1,6,0
6322,297,47,"2026-05-04 20:02:00",home,rec_v1,2,0
6323,707,17,"2026-06-22 06:15:00",home,rec_v1,14,0
6324,481,26,"2026-07-07 06:20:00",detail_page,rec_v2,8,0
6325,81,24,"2026-07-16 22:13:00",home,rec_v1,2,0
6326,158,141,"2026-06-06 05:12:00",home,rec_v1,7,0
6327,422,31,"2026-05-25 12:52:00",home,rec_v1,10,0
6328,306,35,"2026-05-14 06:09:00",home,rec_v1,6,0
6329,23,39,"2026-05-22 01:35:00",detail_page,rec_v1,1,1
6330,961,44,"2026-06-19 13:38:00",detail_page,rec_v1,9,0
6331,341,16,"2026-06-28 07:37:00",search,rec_v2,19,1
6332,344,59,"2026-07-09 01:54:00",home,rec_v2,13,0
6333,964,125,"2026-06-07 09:30:00",home,rec_v2,17,0
6334,753,125,"2026-07-12 19:17:00",home,rec_v1,18,0
6335,920,117,"2026-06-11 17:19:00",search,rec_v2,7,0
6336,927,71,"2026-05-01 07:35:00",search,rec_v1,15,1
6337,132,125,"2026-07-26 07:50:00",home,rec_v1,11,0
6338,860,42,"2026-06-08 08:33:00",home,rec_v1,14,0
6339,150,75,"2026-05-30 05:47:00",detail_page,rec_v2,15,0
6340,201,140,"2026-07-06 02:35:00",detail_page,rec_v2,7,0
6341,160,17,"2026-05-26 10:16:00",home,rec_v1,6,0
6342,165,136,"2026-07-17 17:54:00",home,rec_v1,7,0
6343,951,84,"2026-05-17 01:47:00",detail_page,rec_v1,11,0
6344,29,99,"2026-05-14 03:46:00",search,rec_v1,19,0
6345,299,11,"2026-07-19 20:48:00",detail_page,rec_v1,9,0
6346,176,80,"2026-05-31 19:13:00",continue_watching,rec_v1,19,0
6347,258,95,"2026-06-05 07:18:00",home,rec_v1,17,0
6348,661,146,"2026-05-21 01:43:00",search,rec_v1,12,1
6349,709,49,"2026-05-18 21:30:00",search,rec_v2,9,0
6350,946,51,"2026-07-18 04:39:00",home,rec_v1,7,0
6351,458,131,"2026-06-28 14:41:00",continue_watching,rec_v2,20,1
6352,949,6,"2026-05-31 23:29:00",home,rec_v1,19,0
6353,275,88,"2026-06-21 02:22:00",search,rec_v2,2,0
6354,190,89,"2026-07-13 14:27:00",continue_watching,rec_v1,8,0
6355,715,49,"2026-05-02 06:36:00",home,rec_v1,18,0
6356,910,18,"2026-06-20 17:59:00",home,rec_v2,17,0
6357,404,117,"2026-05-26 22:52:00",search,rec_v2,6,0
6358,101,69,"2026-06-19 20:29:00",home,rec_v2,13,0
6359,43,143,"2026-06-28 01:47:00",detail_page,rec_v1,5,0
6360,962,1,"2026-07-07 22:16:00",home,rec_v1,12,0
6361,651,68,"2026-07-21 05:16:00",search,rec_v1,2,0
6362,896,95,"2026-06-02 07:41:00",detail_page,rec_v1,10,0
6363,147,109,"2026-06-30 01:09:00",home,rec_v2,17,1
6364,583,103,"2026-05-28 12:12:00",search,rec_v1,7,0
6365,274,44,"2026-07-16 13:59:00",home,rec_v2,7,0
6366,160,7,"2026-06-09 03:43:00",home,rec_v1,5,0
6367,650,18,"2026-05-27 20:17:00",continue_watching,rec_v2,2,0
6368,928,54,"2026-06-13 13:12:00",home,rec_v1,9,0
6369,123,12,"2026-06-25 09:43:00",home,rec_v2,18,0
6370,933,8,"2026-06-26 08:26:00",continue_watching,rec_v2,8,0
6371,971,20,"2026-07-08 00:48:00",continue_watching,rec_v1,12,0
6372,881,103,"2026-05-26 02:08:00",search,rec_v2,15,0
6373,64,112,"2026-06-09 21:31:00",detail_page,rec_v2,10,0
6374,519,106,"2026-06-27 02:15:00",continue_watching,rec_v1,2,0
6375,675,8,"2026-06-11 21:19:00",search,rec_v1,3,0
6376,112,35,"2026-05-27 18:57:00",continue_watching,rec_v2,17,0
6377,381,101,"2026-06-25 03:49:00",search,rec_v1,4,1
6378,669,6,"2026-05-03 07:44:00",home,rec_v1,2,0
6379,798,16,"2026-06-09 23:42:00",home,rec_v1,3,0
6380,825,76,"2026-07-23 12:20:00",search,rec_v1,10,0
6381,213,5,"2026-07-04 21:26:00",continue_watching,rec_v2,2,0
6382,88,34,"2026-05-07 16:18:00",home,rec_v1,9,0
6383,212,20,"2026-05-03 15:50:00",detail_page,rec_v2,1,1
6384,397,107,"2026-05-02 09:41:00",detail_page,rec_v2,12,0
6385,274,30,"2026-05-25 02:38:00",search,rec_v2,3,0
6386,22,146,"2026-06-01 23:09:00",home,rec_v1,15,0
6387,702,40,"2026-05-06 22:04:00",home,rec_v1,18,0
6388,108,86,"2026-05-12 02:52:00",home,rec_v2,6,0
6389,483,25,"2026-05-24 07:21:00",home,rec_v2,20,0
6390,115,10,"2026-06-05 18:16:00",home,rec_v2,11,1
6391,970,82,"2026-06-01 15:41:00",home,rec_v1,16,0
6392,919,20,"2026-05-18 00:16:00",home,rec_v2,5,0
6393,33,140,"2026-06-28 23:28:00",continue_watching,rec_v2,6,0
6394,21,141,"2026-06-17 02:37:00",home,rec_v1,20,0
6395,608,33,"2026-05-29 21:48:00",detail_page,rec_v1,8,0
6396,102,4,"2026-07-23 23:47:00",continue_watching,rec_v1,3,0
6397,605,26,"2026-07-25 22:01:00",detail_page,rec_v2,2,1
6398,965,29,"2026-07-12 00:41:00",search,rec_v1,17,0
6399,879,79,"2026-07-06 17:13:00",home,rec_v2,20,0
6400,365,68,"2026-06-27 21:11:00",home,rec_v2,2,1
6401,491,63,"2026-06-18 11:21:00",continue_watching,rec_v2,20,0
6402,861,112,"2026-07-21 09:29:00",home,rec_v1,3,1
6403,152,70,"2026-05-18 04:55:00",home,rec_v2,16,0
6404,633,133,"2026-05-22 06:15:00",detail_page,rec_v2,15,0
6405,12,127,"2026-05-01 06:39:00",search,rec_v1,9,0
6406,516,58,"2026-06-27 14:55:00",home,rec_v1,7,0
6407,100,91,"2026-06-11 08:39:00",search,rec_v1,18,0
6408,255,111,"2026-06-05 01:47:00",home,rec_v2,6,1
6409,832,84,"2026-07-06 18:21:00",home,rec_v1,13,0
6410,895,103,"2026-05-06 06:35:00",continue_watching,rec_v2,19,0
6411,114,23,"2026-07-17 10:43:00",continue_watching,rec_v2,1,0
6412,640,7,"2026-07-07 13:32:00",search,rec_v2,13,0
6413,222,106,"2026-05-02 21:05:00",detail_page,rec_v2,8,0
6414,212,56,"2026-07-14 07:04:00",search,rec_v2,2,0
6415,720,104,"2026-06-28 12:08:00",continue_watching,rec_v2,1,0
6416,349,91,"2026-05-02 19:15:00",search,rec_v1,2,0
6417,944,13,"2026-07-01 18:48:00",search,rec_v1,2,0
6418,637,48,"2026-06-02 19:58:00",home,rec_v1,12,0
6419,987,95,"2026-07-21 02:43:00",home,rec_v2,10,0
6420,600,147,"2026-07-08 03:47:00",home,rec_v1,5,0
6421,428,17,"2026-06-05 17:17:00",home,rec_v1,6,0
6422,770,150,"2026-06-25 12:36:00",continue_watching,rec_v2,13,1
6423,899,138,"2026-05-20 03:49:00",home,rec_v2,20,1
6424,454,72,"2026-06-21 06:57:00",detail_page,rec_v1,4,0
6425,446,113,"2026-05-31 07:06:00",home,rec_v1,9,0
6426,506,87,"2026-06-28 09:47:00",continue_watching,rec_v1,11,0
6427,363,34,"2026-07-21 07:04:00",home,rec_v2,2,0
6428,254,144,"2026-06-05 19:58:00",home,rec_v1,19,1
6429,484,95,"2026-07-17 16:20:00",home,rec_v2,3,0
6430,255,67,"2026-06-30 04:50:00",detail_page,rec_v2,10,0
6431,957,35,"2026-06-15 04:33:00",home,rec_v1,6,1
6432,505,139,"2026-05-09 02:25:00",continue_watching,rec_v1,1,0
6433,147,2,"2026-06-15 18:20:00",home,rec_v1,9,0
6434,833,104,"2026-05-01 21:02:00",search,rec_v1,19,0
6435,501,134,"2026-06-18 16:13:00",detail_page,rec_v2,4,0
6436,409,22,"2026-06-21 04:48:00",home,rec_v2,9,0
6437,918,13,"2026-05-26 13:11:00",home,rec_v2,13,0
6438,445,37,"2026-05-12 09:22:00",detail_page,rec_v2,15,0
6439,108,5,"2026-05-31 23:47:00",home,rec_v1,6,0
6440,20,47,"2026-06-17 14:59:00",search,rec_v2,12,0
6441,599,37,"2026-07-22 04:16:00",home,rec_v2,13,0
6442,828,103,"2026-07-22 05:07:00",home,rec_v1,7,0
6443,461,71,"2026-06-02 01:33:00",home,rec_v1,18,1
6444,311,66,"2026-05-21 09:01:00",detail_page,rec_v1,15,0
6445,387,10,"2026-06-26 11:27:00",continue_watching,rec_v1,17,0
6446,348,58,"2026-07-10 19:22:00",detail_page,rec_v2,15,0
6447,222,27,"2026-06-18 02:48:00",detail_page,rec_v2,6,0
6448,17,4,"2026-05-15 10:08:00",home,rec_v1,16,0
6449,816,88,"2026-05-15 07:07:00",detail_page,rec_v2,13,0
6450,675,21,"2026-05-29 21:15:00",home,rec_v1,4,0
6451,437,126,"2026-06-06 16:53:00",detail_page,rec_v2,2,1
6452,518,115,"2026-06-15 16:43:00",detail_page,rec_v2,5,0
6453,868,108,"2026-06-02 19:35:00",search,rec_v1,18,0
6454,257,11,"2026-06-27 03:47:00",detail_page,rec_v2,11,1
6455,765,65,"2026-06-04 07:35:00",continue_watching,rec_v2,20,0
6456,536,31,"2026-05-24 10:29:00",home,rec_v2,2,1
6457,188,143,"2026-07-04 14:18:00",continue_watching,rec_v1,12,0
6458,207,6,"2026-06-13 15:12:00",home,rec_v1,20,1
6459,78,92,"2026-05-06 15:41:00",search,rec_v1,8,0
6460,284,82,"2026-05-07 09:52:00",home,rec_v1,20,0
6461,762,65,"2026-06-01 14:10:00",home,rec_v1,17,0
6462,798,128,"2026-06-20 23:29:00",search,rec_v2,16,0
6463,726,79,"2026-05-14 04:06:00",continue_watching,rec_v1,15,0
6464,316,57,"2026-06-17 21:51:00",detail_page,rec_v1,7,0
6465,846,16,"2026-06-29 04:44:00",detail_page,rec_v1,15,0
6466,458,115,"2026-07-18 22:20:00",home,rec_v1,2,0
6467,195,82,"2026-06-14 01:40:00",detail_page,rec_v2,2,0
6468,402,116,"2026-05-20 00:31:00",home,rec_v2,3,0
6469,996,65,"2026-06-12 22:34:00",home,rec_v2,3,0
6470,753,58,"2026-05-14 15:18:00",search,rec_v2,14,0
6471,657,71,"2026-06-16 06:24:00",continue_watching,rec_v1,9,0
6472,427,78,"2026-06-19 16:02:00",home,rec_v2,17,0
6473,461,93,"2026-07-07 18:33:00",search,rec_v1,2,0
6474,70,67,"2026-07-19 05:25:00",continue_watching,rec_v1,3,0
6475,262,23,"2026-06-24 04:48:00",home,rec_v1,2,1
6476,159,84,"2026-06-07 12:43:00",detail_page,rec_v1,11,0
6477,671,110,"2026-07-15 10:56:00",home,rec_v1,18,0
6478,491,98,"2026-05-30 21:35:00",home,rec_v1,8,0
6479,483,32,"2026-05-26 18:29:00",home,rec_v1,15,0
6480,900,2,"2026-07-10 22:57:00",home,rec_v1,14,0
6481,817,111,"2026-07-27 18:08:00",home,rec_v1,13,0
6482,398,46,"2026-06-11 08:22:00",home,rec_v2,11,0
6483,265,4,"2026-05-22 07:58:00",detail_page,rec_v1,20,0
6484,636,92,"2026-05-30 23:13:00",home,rec_v2,6,0
6485,51,149,"2026-05-24 20:21:00",home,rec_v2,9,0
6486,507,102,"2026-06-02 14:10:00",search,rec_v1,20,0
6487,786,3,"2026-05-07 04:41:00",continue_watching,rec_v2,13,0
6488,895,43,"2026-07-15 23:41:00",home,rec_v2,8,0
6489,340,38,"2026-07-18 20:07:00",continue_watching,rec_v2,3,0
6490,362,133,"2026-05-22 05:44:00",home,rec_v2,8,1
6491,635,120,"2026-07-21 18:59:00",detail_page,rec_v2,10,0
6492,868,46,"2026-07-13 02:27:00",home,rec_v1,20,0
6493,788,67,"2026-07-14 15:36:00",continue_watching,rec_v1,10,0
6494,528,135,"2026-06-05 01:33:00",detail_page,rec_v1,18,0
6495,411,52,"2026-07-20 20:41:00",continue_watching,rec_v2,6,0
6496,315,113,"2026-07-13 07:01:00",search,rec_v1,12,0
6497,468,50,"2026-06-13 17:30:00",detail_page,rec_v1,11,0
6498,126,104,"2026-05-15 06:39:00",home,rec_v2,7,0
6499,486,22,"2026-05-22 08:22:00",detail_page,rec_v2,7,1
6500,928,20,"2026-06-21 19:21:00",detail_page,rec_v1,13,0
6501,888,31,"2026-06-08 14:40:00",home,rec_v2,20,0
6502,536,148,"2026-06-28 12:45:00",detail_page,rec_v2,13,0
6503,755,20,"2026-06-15 17:05:00",home,rec_v2,15,0
6504,645,47,"2026-05-12 11:09:00",home,rec_v2,18,0
6505,44,117,"2026-05-10 07:54:00",home,rec_v2,3,0
6506,532,147,"2026-06-02 16:55:00",search,rec_v1,11,0
6507,380,45,"2026-05-18 12:02:00",continue_watching,rec_v1,20,0
6508,27,49,"2026-05-27 14:34:00",detail_page,rec_v1,15,0
6509,350,69,"2026-05-12 16:52:00",continue_watching,rec_v2,4,0
6510,355,81,"2026-06-17 03:21:00",continue_watching,rec_v1,3,0
6511,847,145,"2026-05-31 07:59:00",home,rec_v1,20,0
6512,462,7,"2026-06-09 13:48:00",search,rec_v2,20,0
6513,892,30,"2026-05-20 01:43:00",home,rec_v2,10,0
6514,567,51,"2026-05-18 13:58:00",home,rec_v2,6,0
6515,9,58,"2026-07-27 11:19:00",home,rec_v1,6,0
6516,91,9,"2026-05-10 02:57:00",home,rec_v2,13,0
6517,788,18,"2026-05-27 14:23:00",search,rec_v2,19,0
6518,775,115,"2026-06-12 21:24:00",home,rec_v1,16,1
6519,192,11,"2026-05-07 02:18:00",continue_watching,rec_v1,11,0
6520,398,50,"2026-07-11 12:10:00",home,rec_v2,20,0
6521,703,59,"2026-06-09 18:31:00",search,rec_v1,14,0
6522,853,77,"2026-07-29 11:19:00",detail_page,rec_v2,19,0
6523,120,8,"2026-06-30 05:29:00",home,rec_v1,5,0
6524,881,115,"2026-07-09 07:12:00",home,rec_v1,1,0
6525,727,6,"2026-05-26 00:12:00",home,rec_v2,5,0
6526,885,36,"2026-07-08 20:15:00",home,rec_v1,9,0
6527,980,55,"2026-06-28 11:07:00",detail_page,rec_v2,2,0
6528,680,124,"2026-06-19 06:54:00",continue_watching,rec_v1,19,0
6529,213,129,"2026-06-13 16:51:00",home,rec_v1,4,1
6530,741,130,"2026-05-18 11:21:00",search,rec_v1,4,0
6531,3,95,"2026-06-26 14:04:00",home,rec_v2,16,0
6532,81,112,"2026-06-20 20:44:00",continue_watching,rec_v1,13,0
6533,973,61,"2026-05-04 11:16:00",home,rec_v1,1,0
6534,335,70,"2026-07-19 04:55:00",home,rec_v1,3,0
6535,788,52,"2026-05-11 18:52:00",detail_page,rec_v2,7,0
6536,427,1,"2026-07-23 08:24:00",home,rec_v2,7,0
6537,754,28,"2026-05-11 21:31:00",continue_watching,rec_v2,9,0
6538,635,34,"2026-06-22 14:29:00",home,rec_v2,20,0
6539,111,98,"2026-07-16 16:21:00",continue_watching,rec_v1,20,0
6540,241,98,"2026-05-27 15:36:00",home,rec_v2,11,0
6541,583,33,"2026-05-02 15:28:00",continue_watching,rec_v2,19,0
6542,650,53,"2026-07-11 13:25:00",home,rec_v1,3,0
6543,533,4,"2026-05-10 18:39:00",detail_page,rec_v2,7,0
6544,427,5,"2026-06-26 19:17:00",home,rec_v1,20,0
6545,647,51,"2026-06-29 15:21:00",home,rec_v2,7,0
6546,4,150,"2026-06-07 16:30:00",home,rec_v1,12,0
6547,207,8,"2026-06-02 15:50:00",home,rec_v2,14,0
6548,950,79,"2026-07-01 15:16:00",continue_watching,rec_v1,10,0
6549,508,12,"2026-05-25 02:18:00",home,rec_v2,11,0
6550,100,104,"2026-06-21 21:33:00",detail_page,rec_v1,10,1
6551,83,145,"2026-05-19 15:30:00",home,rec_v1,1,0
6552,660,149,"2026-05-07 16:46:00",detail_page,rec_v2,16,0
6553,28,93,"2026-05-15 02:58:00",home,rec_v2,17,0
6554,388,136,"2026-07-19 16:10:00",detail_page,rec_v2,7,0
6555,148,4,"2026-05-03 23:27:00",continue_watching,rec_v1,11,0
6556,807,139,"2026-07-15 09:45:00",search,rec_v2,17,0
6557,624,140,"2026-05-05 02:29:00",home,rec_v1,7,0
6558,212,22,"2026-05-14 23:07:00",home,rec_v2,19,0
6559,314,133,"2026-06-02 07:01:00",home,rec_v1,15,0
6560,470,142,"2026-05-08 01:36:00",detail_page,rec_v2,1,0
6561,358,31,"2026-07-24 02:56:00",home,rec_v2,2,0
6562,567,26,"2026-05-23 02:18:00",detail_page,rec_v2,3,0
6563,35,1,"2026-05-04 09:16:00",continue_watching,rec_v2,10,0
6564,112,35,"2026-07-02 01:53:00",home,rec_v2,17,0
6565,9,150,"2026-05-26 21:19:00",detail_page,rec_v1,11,0
6566,255,147,"2026-06-05 01:27:00",home,rec_v2,14,1
6567,556,115,"2026-05-06 13:47:00",home,rec_v1,20,0
6568,133,32,"2026-05-31 08:09:00",home,rec_v2,4,0
6569,442,29,"2026-05-11 01:47:00",home,rec_v2,17,0
6570,162,65,"2026-07-08 06:41:00",detail_page,rec_v2,11,0
6571,139,106,"2026-07-14 00:49:00",home,rec_v1,13,0
6572,423,145,"2026-05-28 04:14:00",search,rec_v1,1,1
6573,430,117,"2026-06-22 18:22:00",detail_page,rec_v2,12,0
6574,400,119,"2026-07-22 10:29:00",home,rec_v1,18,0
6575,818,50,"2026-06-05 08:06:00",search,rec_v1,10,0
6576,289,101,"2026-07-21 02:15:00",home,rec_v1,16,0
6577,618,15,"2026-05-29 13:28:00",continue_watching,rec_v1,11,0
6578,377,2,"2026-06-25 22:57:00",detail_page,rec_v2,6,0
6579,71,112,"2026-06-19 11:04:00",home,rec_v1,11,0
6580,504,46,"2026-05-08 19:23:00",home,rec_v2,6,0
6581,977,32,"2026-07-26 18:47:00",home,rec_v2,19,1
6582,359,118,"2026-07-22 09:22:00",continue_watching,rec_v1,12,0
6583,94,142,"2026-05-29 09:32:00",search,rec_v2,6,0
6584,263,64,"2026-06-27 01:31:00",home,rec_v1,4,0
6585,132,142,"2026-05-28 19:20:00",home,rec_v2,6,0
6586,62,42,"2026-05-03 01:08:00",continue_watching,rec_v1,15,0
6587,394,81,"2026-07-10 12:52:00",home,rec_v1,9,0
6588,320,86,"2026-07-16 13:12:00",search,rec_v1,8,0
6589,372,98,"2026-05-13 11:41:00",detail_page,rec_v1,2,1
6590,288,17,"2026-05-20 23:44:00",home,rec_v1,4,1
6591,190,22,"2026-05-26 16:01:00",home,rec_v2,17,0
6592,694,8,"2026-07-27 19:02:00",detail_page,rec_v2,20,0
6593,137,123,"2026-07-27 21:46:00",search,rec_v1,14,1
6594,628,150,"2026-07-06 23:53:00",continue_watching,rec_v2,6,0
6595,688,112,"2026-06-28 23:30:00",detail_page,rec_v1,3,1
6596,806,75,"2026-06-26 06:19:00",search,rec_v2,6,0
6597,724,104,"2026-05-18 07:03:00",home,rec_v2,17,1
6598,322,13,"2026-06-29 21:46:00",continue_watching,rec_v2,6,0
6599,98,17,"2026-05-14 02:38:00",continue_watching,rec_v2,1,0
6600,146,33,"2026-07-27 00:53:00",detail_page,rec_v1,8,0
6601,932,36,"2026-05-20 03:15:00",detail_page,rec_v1,10,0
6602,115,105,"2026-07-21 11:08:00",continue_watching,rec_v1,14,0
6603,757,121,"2026-05-28 23:31:00",detail_page,rec_v2,19,0
6604,500,30,"2026-05-11 04:40:00",search,rec_v2,3,0
6605,121,95,"2026-06-14 23:21:00",search,rec_v2,5,0
6606,62,51,"2026-06-15 00:43:00",home,rec_v2,17,0
6607,187,103,"2026-05-28 10:28:00",home,rec_v2,6,0
6608,310,87,"2026-07-12 13:03:00",search,rec_v2,13,0
6609,872,53,"2026-06-10 14:15:00",home,rec_v2,15,0
6610,509,89,"2026-07-18 16:07:00",home,rec_v1,12,0
6611,471,17,"2026-05-07 03:27:00",continue_watching,rec_v2,17,0
6612,315,72,"2026-05-05 11:13:00",home,rec_v2,9,0
6613,617,66,"2026-05-16 11:20:00",home,rec_v1,15,0
6614,210,104,"2026-06-05 11:22:00",home,rec_v1,10,0
6615,774,102,"2026-07-11 12:38:00",continue_watching,rec_v2,4,1
6616,539,44,"2026-07-07 08:10:00",search,rec_v2,8,0
6617,457,119,"2026-05-27 05:38:00",search,rec_v2,17,0
6618,384,33,"2026-06-12 03:01:00",continue_watching,rec_v1,4,0
6619,850,134,"2026-05-10 12:24:00",home,rec_v2,11,0
6620,124,55,"2026-07-12 00:16:00",home,rec_v2,11,0
6621,612,117,"2026-06-27 23:03:00",detail_page,rec_v2,20,0
6622,63,122,"2026-07-21 07:44:00",home,rec_v1,10,0
6623,383,87,"2026-07-28 04:10:00",home,rec_v1,3,0
6624,107,68,"2026-05-10 11:54:00",home,rec_v1,12,0
6625,112,47,"2026-06-22 07:27:00",search,rec_v2,13,0
6626,131,67,"2026-05-05 18:10:00",home,rec_v2,6,0
6627,859,27,"2026-06-15 08:02:00",search,rec_v2,14,0
6628,946,104,"2026-05-29 00:54:00",continue_watching,rec_v2,7,0
6629,159,130,"2026-07-07 18:11:00",home,rec_v1,1,1
6630,43,118,"2026-05-15 17:44:00",home,rec_v1,2,0
6631,898,28,"2026-07-05 21:59:00",home,rec_v2,14,1
6632,175,96,"2026-05-04 01:17:00",home,rec_v1,6,0
6633,753,147,"2026-06-01 04:08:00",home,rec_v1,6,1
6634,433,89,"2026-05-04 19:02:00",home,rec_v2,4,0
6635,787,86,"2026-07-23 07:26:00",search,rec_v2,9,0
6636,130,56,"2026-06-06 03:05:00",home,rec_v2,3,1
6637,820,9,"2026-07-12 08:11:00",continue_watching,rec_v1,2,0
6638,385,126,"2026-06-06 18:21:00",detail_page,rec_v2,2,0
6639,422,37,"2026-05-23 07:06:00",continue_watching,rec_v1,12,0
6640,987,120,"2026-05-29 16:13:00",home,rec_v2,16,0
6641,184,148,"2026-06-07 02:43:00",home,rec_v2,12,0
6642,973,70,"2026-07-01 18:44:00",detail_page,rec_v2,6,0
6643,508,12,"2026-07-22 02:37:00",home,rec_v1,2,0
6644,469,44,"2026-05-16 02:33:00",home,rec_v2,9,0
6645,973,86,"2026-07-23 01:27:00",search,rec_v1,13,0
6646,301,43,"2026-06-19 05:15:00",detail_page,rec_v1,3,0
6647,402,121,"2026-06-30 18:34:00",continue_watching,rec_v2,7,0
6648,782,133,"2026-05-06 05:17:00",home,rec_v1,7,1
6649,228,94,"2026-07-24 02:08:00",continue_watching,rec_v1,7,0
6650,344,12,"2026-05-25 13:17:00",home,rec_v1,13,0
6651,645,48,"2026-05-25 00:35:00",home,rec_v2,18,0
6652,36,72,"2026-07-16 20:15:00",home,rec_v1,14,0
6653,742,94,"2026-05-30 13:42:00",search,rec_v1,15,0
6654,202,147,"2026-06-12 16:10:00",home,rec_v1,10,0
6655,80,99,"2026-06-25 18:22:00",detail_page,rec_v1,10,0
6656,390,19,"2026-05-05 14:13:00",home,rec_v2,12,0
6657,85,12,"2026-07-08 22:57:00",detail_page,rec_v1,16,0
6658,34,43,"2026-06-26 05:55:00",detail_page,rec_v2,2,0
6659,211,83,"2026-06-07 15:25:00",detail_page,rec_v1,8,0
6660,838,48,"2026-07-29 05:37:00",detail_page,rec_v2,9,0
6661,828,102,"2026-05-01 20:59:00",home,rec_v2,3,1
6662,771,101,"2026-07-06 15:11:00",home,rec_v1,13,0
6663,73,30,"2026-05-08 00:04:00",detail_page,rec_v2,4,1
6664,416,75,"2026-07-25 22:29:00",home,rec_v1,5,0
6665,622,37,"2026-07-24 02:37:00",home,rec_v2,3,0
6666,339,123,"2026-07-27 23:40:00",continue_watching,rec_v1,16,0
6667,696,125,"2026-05-15 17:26:00",home,rec_v2,12,0
6668,920,134,"2026-07-28 21:59:00",continue_watching,rec_v1,14,0
6669,512,150,"2026-06-20 22:31:00",home,rec_v2,2,0
6670,751,50,"2026-06-12 22:53:00",search,rec_v2,4,0
6671,650,148,"2026-05-17 14:41:00",continue_watching,rec_v2,17,0
6672,660,133,"2026-05-03 03:32:00",search,rec_v1,16,0
6673,428,86,"2026-05-22 17:11:00",home,rec_v1,6,0
6674,497,94,"2026-05-02 05:32:00",search,rec_v2,1,0
6675,895,2,"2026-06-26 07:46:00",home,rec_v1,8,0
6676,464,23,"2026-05-25 02:36:00",home,rec_v1,7,0
6677,296,116,"2026-07-15 00:05:00",home,rec_v1,19,0
6678,148,105,"2026-07-05 21:08:00",detail_page,rec_v2,19,0
6679,162,128,"2026-07-14 22:22:00",home,rec_v1,20,0
6680,747,64,"2026-07-25 13:13:00",home,rec_v1,5,0
6681,31,121,"2026-05-16 19:48:00",detail_page,rec_v1,20,0
6682,627,129,"2026-05-10 12:58:00",search,rec_v2,3,0
6683,27,130,"2026-07-14 12:49:00",detail_page,rec_v1,9,1
6684,449,38,"2026-05-25 10:57:00",detail_page,rec_v2,5,1
6685,707,124,"2026-05-17 08:00:00",home,rec_v1,4,0
6686,357,61,"2026-05-14 06:57:00",home,rec_v1,13,0
6687,593,49,"2026-07-10 18:04:00",continue_watching,rec_v2,9,0
6688,88,102,"2026-05-31 18:55:00",detail_page,rec_v1,14,1
6689,803,84,"2026-07-19 23:39:00",home,rec_v1,19,0
6690,833,2,"2026-07-26 09:52:00",detail_page,rec_v2,15,0
6691,153,148,"2026-06-06 23:08:00",home,rec_v2,16,1
6692,465,40,"2026-05-18 14:17:00",detail_page,rec_v1,19,0
6693,551,68,"2026-07-28 14:22:00",home,rec_v2,2,0
6694,960,56,"2026-06-09 09:05:00",search,rec_v2,3,0
6695,470,108,"2026-06-29 01:20:00",continue_watching,rec_v2,20,0
6696,771,149,"2026-05-07 20:20:00",continue_watching,rec_v2,14,0
6697,416,16,"2026-07-07 09:57:00",home,rec_v1,13,0
6698,314,147,"2026-07-04 13:21:00",search,rec_v2,4,0
6699,241,116,"2026-06-30 16:16:00",home,rec_v2,7,0
6700,258,40,"2026-05-28 00:16:00",search,rec_v2,5,0
6701,123,128,"2026-06-12 14:10:00",search,rec_v2,9,0
6702,149,26,"2026-07-18 01:59:00",home,rec_v2,5,0
6703,111,123,"2026-05-18 10:59:00",continue_watching,rec_v1,19,1
6704,107,117,"2026-05-30 17:36:00",home,rec_v1,19,0
6705,554,61,"2026-07-06 07:57:00",search,rec_v1,17,0
6706,241,44,"2026-06-13 03:22:00",home,rec_v2,11,0
6707,979,83,"2026-05-08 23:18:00",continue_watching,rec_v2,14,0
6708,689,76,"2026-05-21 11:53:00",home,rec_v2,3,0
6709,987,17,"2026-07-21 08:35:00",continue_watching,rec_v1,7,0
6710,268,115,"2026-06-27 04:21:00",home,rec_v2,9,0
6711,217,63,"2026-07-25 06:26:00",search,rec_v1,11,0
6712,497,106,"2026-06-19 13:30:00",search,rec_v1,5,1
6713,137,146,"2026-07-26 03:51:00",search,rec_v2,11,0
6714,705,11,"2026-05-16 19:30:00",continue_watching,rec_v2,12,0
6715,691,143,"2026-06-08 00:18:00",search,rec_v1,19,0
6716,527,22,"2026-06-08 21:16:00",detail_page,rec_v2,10,0
6717,201,28,"2026-07-23 18:23:00",home,rec_v1,14,0
6718,206,56,"2026-07-23 19:10:00",search,rec_v2,4,0
6719,425,120,"2026-07-03 00:25:00",home,rec_v2,3,0
6720,440,3,"2026-05-30 00:14:00",home,rec_v1,15,0
6721,496,61,"2026-06-04 19:42:00",search,rec_v1,16,0
6722,496,2,"2026-06-08 00:16:00",search,rec_v2,8,0
6723,179,28,"2026-06-11 06:31:00",detail_page,rec_v2,1,0
6724,398,116,"2026-05-13 18:46:00",continue_watching,rec_v2,15,0
6725,875,14,"2026-05-25 20:03:00",home,rec_v2,6,0
6726,67,28,"2026-06-28 16:43:00",home,rec_v2,18,0
6727,648,116,"2026-05-29 12:53:00",detail_page,rec_v2,9,0
6728,265,4,"2026-07-20 21:17:00",detail_page,rec_v1,20,0
6729,654,94,"2026-06-01 08:36:00",home,rec_v1,15,0
6730,335,1,"2026-05-24 17:03:00",home,rec_v1,14,0
6731,723,60,"2026-06-19 06:55:00",detail_page,rec_v2,2,0
6732,894,120,"2026-05-12 10:35:00",detail_page,rec_v2,11,0
6733,451,108,"2026-07-14 12:05:00",search,rec_v1,19,0
6734,265,34,"2026-06-02 09:13:00",continue_watching,rec_v1,20,0
6735,202,105,"2026-07-01 15:25:00",detail_page,rec_v1,17,0
6736,330,42,"2026-06-16 03:45:00",detail_page,rec_v1,7,0
6737,216,39,"2026-06-26 05:28:00",search,rec_v2,16,0
6738,916,80,"2026-05-19 10:44:00",continue_watching,rec_v2,20,0
6739,893,119,"2026-07-20 06:51:00",detail_page,rec_v2,8,0
6740,525,101,"2026-07-04 01:03:00",detail_page,rec_v1,5,0
6741,663,70,"2026-05-21 14:58:00",search,rec_v2,7,0
6742,181,129,"2026-06-15 06:25:00",home,rec_v2,4,0
6743,448,95,"2026-07-18 09:21:00",home,rec_v2,20,0
6744,356,50,"2026-06-25 02:43:00",home,rec_v2,2,0
6745,582,134,"2026-06-26 00:13:00",home,rec_v1,20,0
6746,423,61,"2026-07-11 03:51:00",detail_page,rec_v2,5,0
6747,334,71,"2026-05-12 01:12:00",home,rec_v1,20,0
6748,225,22,"2026-05-29 10:04:00",continue_watching,rec_v1,9,0
6749,73,92,"2026-05-23 23:26:00",home,rec_v1,19,0
6750,863,100,"2026-05-14 09:11:00",home,rec_v1,18,0
6751,370,127,"2026-05-24 19:41:00",home,rec_v1,12,0
6752,686,125,"2026-06-27 22:42:00",detail_page,rec_v1,7,0
6753,944,119,"2026-06-09 05:32:00",home,rec_v1,2,0
6754,809,114,"2026-06-21 21:55:00",detail_page,rec_v2,11,1
6755,785,26,"2026-06-26 13:35:00",continue_watching,rec_v1,16,0
6756,820,59,"2026-05-26 12:44:00",continue_watching,rec_v2,4,0
6757,43,70,"2026-05-11 18:31:00",detail_page,rec_v1,16,1
6758,54,37,"2026-07-14 21:42:00",home,rec_v1,20,1
6759,452,66,"2026-07-22 04:21:00",detail_page,rec_v2,6,0
6760,57,89,"2026-06-03 16:35:00",home,rec_v1,16,0
6761,711,8,"2026-05-23 23:29:00",search,rec_v2,12,0
6762,789,75,"2026-05-29 12:25:00",home,rec_v2,10,0
6763,392,60,"2026-05-18 19:15:00",home,rec_v1,18,0
6764,315,107,"2026-06-01 04:31:00",home,rec_v1,7,0
6765,575,52,"2026-07-12 02:06:00",home,rec_v1,10,1
6766,416,66,"2026-06-30 05:01:00",continue_watching,rec_v2,19,1
6767,989,125,"2026-07-02 03:42:00",search,rec_v1,7,0
6768,704,60,"2026-07-25 03:10:00",detail_page,rec_v1,15,0
6769,737,39,"2026-07-15 17:27:00",continue_watching,rec_v1,3,0
6770,687,5,"2026-07-20 12:22:00",home,rec_v1,19,0
6771,226,18,"2026-06-18 01:37:00",continue_watching,rec_v2,17,0
6772,87,7,"2026-06-19 12:26:00",detail_page,rec_v1,5,0
6773,242,139,"2026-06-20 17:01:00",home,rec_v2,19,0
6774,932,2,"2026-07-10 02:51:00",detail_page,rec_v2,15,0
6775,325,62,"2026-07-11 05:02:00",home,rec_v2,9,0
6776,926,18,"2026-06-25 03:13:00",detail_page,rec_v1,12,0
6777,800,116,"2026-07-03 03:59:00",home,rec_v2,8,0
6778,580,101,"2026-05-15 19:04:00",home,rec_v1,6,0
6779,720,68,"2026-07-28 02:17:00",search,rec_v1,8,1
6780,268,83,"2026-05-01 21:53:00",search,rec_v1,7,0
6781,374,123,"2026-05-13 14:25:00",search,rec_v2,20,0
6782,349,61,"2026-06-22 10:59:00",continue_watching,rec_v1,1,0
6783,736,124,"2026-05-21 14:45:00",home,rec_v1,15,0
6784,328,56,"2026-07-26 07:00:00",detail_page,rec_v1,6,0
6785,591,100,"2026-06-05 14:36:00",search,rec_v1,8,0
6786,371,141,"2026-06-01 09:51:00",detail_page,rec_v1,1,1
6787,311,79,"2026-06-20 02:44:00",detail_page,rec_v2,20,0
6788,458,70,"2026-05-06 04:23:00",home,rec_v2,1,0
6789,695,35,"2026-05-16 11:30:00",home,rec_v2,15,0
6790,627,14,"2026-05-13 04:36:00",home,rec_v2,20,0
6791,543,62,"2026-06-22 06:17:00",home,rec_v1,6,1
6792,656,125,"2026-05-12 22:41:00",search,rec_v1,2,0
6793,931,117,"2026-05-16 16:26:00",search,rec_v2,11,0
6794,906,30,"2026-05-15 04:15:00",home,rec_v2,2,0
6795,506,110,"2026-07-10 02:21:00",continue_watching,rec_v1,7,0
6796,816,47,"2026-05-15 09:56:00",home,rec_v2,13,0
6797,856,137,"2026-06-26 16:56:00",search,rec_v1,6,0
6798,428,42,"2026-05-09 23:30:00",continue_watching,rec_v1,10,0
6799,912,89,"2026-06-21 03:05:00",home,rec_v2,13,0
6800,408,41,"2026-05-06 19:39:00",search,rec_v1,20,0
6801,334,9,"2026-06-23 02:35:00",continue_watching,rec_v2,10,1
6802,867,51,"2026-07-08 17:56:00",search,rec_v1,12,0
6803,958,75,"2026-07-10 01:19:00",search,rec_v2,10,0
6804,448,107,"2026-06-23 02:47:00",home,rec_v2,16,0
6805,5,83,"2026-05-11 16:55:00",search,rec_v2,2,0
6806,614,149,"2026-06-07 15:25:00",continue_watching,rec_v2,3,1
6807,632,36,"2026-07-19 12:12:00",continue_watching,rec_v2,14,0
6808,3,80,"2026-07-19 10:11:00",home,rec_v2,13,0
6809,512,92,"2026-05-05 05:19:00",detail_page,rec_v1,10,0
6810,418,2,"2026-07-03 01:03:00",continue_watching,rec_v2,8,0
6811,801,47,"2026-06-15 22:09:00",home,rec_v2,4,0
6812,782,119,"2026-05-31 01:25:00",home,rec_v1,1,0
6813,162,47,"2026-05-31 11:00:00",home,rec_v1,8,0
6814,179,149,"2026-07-14 08:47:00",detail_page,rec_v2,9,0
6815,392,35,"2026-07-21 17:46:00",search,rec_v1,11,0
6816,99,76,"2026-06-16 13:22:00",search,rec_v2,3,0
6817,100,34,"2026-07-01 06:01:00",search,rec_v2,9,0
6818,825,144,"2026-06-24 10:59:00",home,rec_v2,8,0
6819,887,59,"2026-05-31 04:09:00",search,rec_v2,19,0
6820,857,18,"2026-06-09 10:27:00",search,rec_v1,12,0
6821,661,87,"2026-05-14 00:43:00",home,rec_v2,11,1
6822,586,12,"2026-05-06 23:37:00",search,rec_v2,10,0
6823,469,64,"2026-07-09 17:40:00",home,rec_v1,10,0
6824,434,62,"2026-05-20 02:38:00",home,rec_v1,19,0
6825,736,25,"2026-07-24 14:07:00",continue_watching,rec_v2,1,0
6826,770,83,"2026-06-25 02:00:00",detail_page,rec_v1,20,0
6827,922,69,"2026-05-06 14:33:00",home,rec_v2,20,0
6828,796,134,"2026-05-19 22:14:00",home,rec_v2,12,0
6829,280,44,"2026-05-09 02:26:00",home,rec_v2,6,1
6830,559,105,"2026-05-30 04:13:00",home,rec_v1,15,0
6831,179,84,"2026-05-30 22:36:00",home,rec_v2,10,0
6832,909,31,"2026-06-25 04:18:00",home,rec_v1,15,0
6833,459,120,"2026-07-29 07:51:00",home,rec_v2,19,0
6834,674,8,"2026-07-29 20:01:00",continue_watching,rec_v2,3,0
6835,434,71,"2026-05-11 06:17:00",home,rec_v2,4,1
6836,389,81,"2026-07-29 01:03:00",detail_page,rec_v2,19,0
6837,552,41,"2026-06-14 02:08:00",search,rec_v1,14,0
6838,867,34,"2026-07-20 15:55:00",home,rec_v1,12,0
6839,689,65,"2026-06-24 10:25:00",home,rec_v1,17,0
6840,510,109,"2026-05-12 07:47:00",home,rec_v1,8,0
6841,79,36,"2026-05-03 11:15:00",continue_watching,rec_v2,12,0
6842,726,99,"2026-06-23 02:45:00",home,rec_v2,7,0
6843,616,67,"2026-07-20 04:09:00",home,rec_v2,14,0
6844,489,92,"2026-06-21 14:49:00",continue_watching,rec_v2,19,0
6845,249,139,"2026-07-06 22:39:00",search,rec_v2,1,1
6846,739,60,"2026-05-22 06:24:00",detail_page,rec_v2,6,0
6847,97,69,"2026-05-22 09:38:00",home,rec_v1,15,1
6848,502,129,"2026-06-14 03:50:00",detail_page,rec_v2,8,0
6849,523,125,"2026-07-09 03:04:00",detail_page,rec_v1,17,0
6850,197,45,"2026-05-16 17:13:00",detail_page,rec_v1,6,0
6851,313,73,"2026-06-17 05:54:00",home,rec_v1,11,0
6852,503,132,"2026-07-10 15:52:00",continue_watching,rec_v1,14,0
6853,601,91,"2026-06-13 07:25:00",home,rec_v1,10,0
6854,685,88,"2026-06-26 15:07:00",search,rec_v1,6,0
6855,169,35,"2026-05-26 00:43:00",detail_page,rec_v2,2,0
6856,553,58,"2026-07-17 12:53:00",search,rec_v1,8,0
6857,693,71,"2026-05-20 01:54:00",home,rec_v1,2,0
6858,757,122,"2026-06-22 05:51:00",home,rec_v1,16,0
6859,252,89,"2026-06-17 09:10:00",home,rec_v2,17,0
6860,167,13,"2026-05-08 10:28:00",search,rec_v2,5,0
6861,950,125,"2026-06-26 02:15:00",home,rec_v2,10,0
6862,84,24,"2026-06-05 01:51:00",continue_watching,rec_v1,2,0
6863,45,132,"2026-05-13 11:04:00",continue_watching,rec_v1,9,1
6864,673,97,"2026-06-09 09:15:00",home,rec_v2,7,0
6865,849,148,"2026-05-12 15:20:00",home,rec_v1,11,1
6866,108,62,"2026-05-25 15:42:00",home,rec_v2,18,0
6867,904,149,"2026-05-30 16:38:00",home,rec_v1,19,1
6868,293,131,"2026-07-25 14:33:00",search,rec_v2,12,0
6869,934,150,"2026-05-26 07:18:00",detail_page,rec_v2,5,0
6870,478,38,"2026-06-29 22:58:00",continue_watching,rec_v1,10,0
6871,806,79,"2026-05-12 10:16:00",detail_page,rec_v2,12,0
6872,583,66,"2026-06-23 09:53:00",home,rec_v2,13,0
6873,894,73,"2026-05-28 09:40:00",home,rec_v2,12,0
6874,530,18,"2026-07-12 15:43:00",home,rec_v2,6,0
6875,721,131,"2026-07-08 19:57:00",search,rec_v2,10,0
6876,886,5,"2026-07-20 12:49:00",search,rec_v1,1,0
6877,85,122,"2026-07-24 12:11:00",search,rec_v1,3,0
6878,611,26,"2026-05-21 08:55:00",detail_page,rec_v2,11,0
6879,225,55,"2026-06-14 09:20:00",search,rec_v1,15,0
6880,371,65,"2026-07-16 01:56:00",home,rec_v2,4,1
6881,694,54,"2026-05-26 00:51:00",detail_page,rec_v1,10,0
6882,185,59,"2026-07-28 17:10:00",continue_watching,rec_v2,5,1
6883,495,89,"2026-05-20 17:01:00",detail_page,rec_v1,2,0
6884,242,42,"2026-05-22 08:47:00",search,rec_v2,15,0
6885,979,96,"2026-05-15 11:59:00",home,rec_v1,17,0
6886,543,49,"2026-07-28 01:53:00",search,rec_v2,12,0
6887,560,46,"2026-07-28 05:33:00",home,rec_v1,6,0
6888,541,72,"2026-07-12 19:50:00",continue_watching,rec_v2,4,0
6889,571,134,"2026-06-01 13:18:00",detail_page,rec_v1,17,0
6890,103,70,"2026-05-17 12:09:00",search,rec_v2,18,0
6891,139,1,"2026-06-07 11:27:00",home,rec_v1,19,0
6892,915,82,"2026-05-31 21:26:00",home,rec_v2,7,0
6893,578,117,"2026-07-04 20:00:00",home,rec_v2,5,0
6894,277,13,"2026-07-15 10:12:00",continue_watching,rec_v1,6,0
6895,284,51,"2026-07-15 08:41:00",search,rec_v1,1,0
6896,83,118,"2026-05-21 11:27:00",home,rec_v1,8,0
6897,664,59,"2026-05-01 08:18:00",detail_page,rec_v2,6,0
6898,492,129,"2026-05-22 18:21:00",detail_page,rec_v1,16,0
6899,139,22,"2026-07-22 21:29:00",continue_watching,rec_v2,16,0
6900,553,111,"2026-07-25 01:32:00",search,rec_v1,2,1
6901,583,129,"2026-07-16 02:23:00",detail_page,rec_v1,16,0
6902,288,75,"2026-06-29 07:07:00",search,rec_v1,2,0
6903,585,150,"2026-06-27 04:59:00",detail_page,rec_v2,5,0
6904,554,54,"2026-05-08 18:15:00",home,rec_v2,16,0
6905,366,28,"2026-06-08 19:06:00",home,rec_v1,4,0
6906,50,14,"2026-06-03 21:35:00",home,rec_v1,5,0
6907,400,16,"2026-05-11 15:53:00",detail_page,rec_v1,8,1
6908,20,56,"2026-06-05 03:05:00",continue_watching,rec_v2,16,0
6909,245,150,"2026-07-10 21:09:00",continue_watching,rec_v2,8,0
6910,879,116,"2026-07-28 10:20:00",search,rec_v1,18,0
6911,932,94,"2026-06-15 18:38:00",home,rec_v2,8,0
6912,949,46,"2026-05-10 18:05:00",home,rec_v1,18,0
6913,417,50,"2026-07-29 09:55:00",continue_watching,rec_v1,11,0
6914,96,36,"2026-06-24 05:26:00",detail_page,rec_v1,7,0
6915,738,23,"2026-05-05 19:09:00",home,rec_v1,8,0
6916,372,10,"2026-06-04 21:58:00",detail_page,rec_v2,18,0
6917,179,90,"2026-05-15 13:40:00",continue_watching,rec_v1,19,0
6918,289,101,"2026-05-31 15:27:00",continue_watching,rec_v2,16,0
6919,832,20,"2026-06-09 08:48:00",search,rec_v2,12,0
6920,610,14,"2026-05-19 18:40:00",home,rec_v1,12,0
6921,948,73,"2026-05-15 10:22:00",detail_page,rec_v1,15,0
6922,262,112,"2026-06-08 14:32:00",search,rec_v2,5,1
6923,494,100,"2026-05-07 17:23:00",search,rec_v2,19,1
6924,770,86,"2026-07-25 12:46:00",home,rec_v1,10,0
6925,175,12,"2026-06-02 18:28:00",search,rec_v2,9,0
6926,151,94,"2026-05-27 07:16:00",search,rec_v1,13,0
6927,494,22,"2026-06-26 04:41:00",detail_page,rec_v2,2,0
6928,194,75,"2026-07-17 09:53:00",detail_page,rec_v2,8,1
6929,390,88,"2026-05-22 08:23:00",continue_watching,rec_v2,6,0
6930,99,82,"2026-05-26 11:34:00",detail_page,rec_v2,1,1
6931,626,16,"2026-07-04 01:21:00",search,rec_v1,17,0
6932,247,87,"2026-06-17 23:54:00",detail_page,rec_v2,12,0
6933,661,58,"2026-06-08 21:08:00",home,rec_v2,18,0
6934,784,115,"2026-06-22 06:55:00",search,rec_v2,9,0
6935,752,75,"2026-07-23 22:05:00",home,rec_v1,10,0
6936,543,43,"2026-07-12 13:38:00",search,rec_v2,17,0
6937,507,136,"2026-05-30 20:05:00",home,rec_v2,17,0
6938,895,111,"2026-07-22 14:14:00",detail_page,rec_v1,11,0
6939,778,131,"2026-05-10 17:43:00",home,rec_v1,18,0
6940,987,113,"2026-06-17 13:17:00",detail_page,rec_v2,12,0
6941,867,57,"2026-07-01 20:00:00",continue_watching,rec_v1,10,0
6942,73,145,"2026-06-26 03:39:00",search,rec_v2,11,0
6943,450,28,"2026-05-02 20:17:00",continue_watching,rec_v1,20,0
6944,377,99,"2026-05-18 08:13:00",home,rec_v2,12,0
6945,376,53,"2026-07-14 03:37:00",home,rec_v1,13,1
6946,296,80,"2026-07-13 10:54:00",home,rec_v1,20,0
6947,162,145,"2026-07-15 15:55:00",continue_watching,rec_v2,3,0
6948,217,110,"2026-06-14 21:07:00",home,rec_v1,13,0
6949,738,57,"2026-05-14 23:44:00",detail_page,rec_v2,2,1
6950,973,125,"2026-05-03 13:04:00",search,rec_v1,17,0
6951,854,118,"2026-06-23 19:11:00",home,rec_v2,16,0
6952,240,122,"2026-05-20 16:10:00",continue_watching,rec_v1,14,0
6953,814,37,"2026-06-10 17:25:00",home,rec_v1,16,0
6954,949,13,"2026-05-08 16:14:00",home,rec_v2,20,0
6955,835,114,"2026-06-12 20:08:00",home,rec_v1,20,0
6956,57,17,"2026-06-16 18:03:00",home,rec_v2,13,0
6957,888,19,"2026-06-19 12:46:00",home,rec_v1,1,0
6958,347,63,"2026-07-13 19:09:00",search,rec_v1,16,1
6959,769,36,"2026-05-13 01:15:00",detail_page,rec_v1,13,0
6960,224,11,"2026-05-30 00:03:00",home,rec_v1,4,0
6961,853,20,"2026-07-09 07:14:00",continue_watching,rec_v1,13,0
6962,809,69,"2026-07-06 02:35:00",search,rec_v1,13,0
6963,447,133,"2026-07-22 00:15:00",search,rec_v1,2,0
6964,113,73,"2026-06-25 21:01:00",home,rec_v1,14,0
6965,184,144,"2026-05-14 15:17:00",detail_page,rec_v2,4,0
6966,264,35,"2026-07-23 00:31:00",continue_watching,rec_v2,17,0
6967,125,111,"2026-06-10 14:26:00",home,rec_v1,16,1
6968,833,84,"2026-05-24 01:05:00",continue_watching,rec_v2,11,0
6969,996,41,"2026-07-04 06:31:00",home,rec_v1,3,0
6970,680,37,"2026-07-23 08:53:00",home,rec_v2,17,1
6971,902,44,"2026-05-27 19:07:00",home,rec_v2,5,0
6972,251,96,"2026-05-17 07:59:00",home,rec_v2,11,0
6973,454,128,"2026-07-25 20:04:00",home,rec_v1,5,1
6974,631,34,"2026-05-02 07:20:00",home,rec_v2,15,0
6975,750,119,"2026-05-26 11:49:00",home,rec_v1,6,0
6976,501,142,"2026-05-01 23:45:00",search,rec_v1,20,1
6977,921,77,"2026-06-25 17:14:00",home,rec_v1,19,0
6978,428,101,"2026-07-18 21:54:00",home,rec_v2,6,0
6979,33,41,"2026-07-26 05:27:00",detail_page,rec_v2,10,0
6980,613,18,"2026-07-22 13:12:00",continue_watching,rec_v1,9,0
6981,505,32,"2026-07-29 13:32:00",home,rec_v2,9,0
6982,994,83,"2026-06-28 01:37:00",search,rec_v2,10,0
6983,353,120,"2026-06-12 00:51:00",detail_page,rec_v1,8,0
6984,922,116,"2026-05-11 03:03:00",home,rec_v2,6,0
6985,765,149,"2026-05-20 06:53:00",search,rec_v1,17,0
6986,476,56,"2026-05-14 06:59:00",continue_watching,rec_v1,15,0
6987,437,83,"2026-05-24 09:33:00",detail_page,rec_v2,5,0
6988,313,75,"2026-07-29 06:32:00",home,rec_v2,11,0
6989,664,16,"2026-05-18 05:06:00",continue_watching,rec_v1,1,1
6990,301,92,"2026-07-21 20:09:00",continue_watching,rec_v1,7,0
6991,255,79,"2026-07-11 20:36:00",continue_watching,rec_v1,7,0
6992,428,132,"2026-07-13 15:24:00",home,rec_v1,17,0
6993,752,107,"2026-07-14 06:30:00",home,rec_v2,12,0
6994,924,39,"2026-06-30 11:42:00",home,rec_v1,20,0
6995,116,52,"2026-05-22 04:28:00",detail_page,rec_v2,13,1
6996,494,3,"2026-05-10 00:55:00",continue_watching,rec_v1,4,0
6997,365,136,"2026-05-10 19:49:00",search,rec_v1,7,1
6998,559,119,"2026-07-19 16:07:00",detail_page,rec_v2,11,1
6999,386,52,"2026-07-21 18:29:00",search,rec_v2,1,0
7000,450,36,"2026-05-11 23:49:00",continue_watching,rec_v2,3,1
7001,571,24,"2026-05-06 15:42:00",home,rec_v2,10,0
7002,37,36,"2026-06-11 19:38:00",search,rec_v1,1,0
7003,344,102,"2026-06-21 12:08:00",home,rec_v2,14,0
7004,567,3,"2026-07-15 22:21:00",search,rec_v1,13,0
7005,957,43,"2026-07-19 07:27:00",home,rec_v2,14,0
7006,712,26,"2026-05-08 23:37:00",home,rec_v1,2,0
7007,235,129,"2026-07-18 16:43:00",continue_watching,rec_v2,3,0
7008,273,48,"2026-06-09 07:26:00",detail_page,rec_v2,5,0
7009,32,97,"2026-07-01 00:12:00",continue_watching,rec_v2,13,0
7010,289,51,"2026-06-16 01:50:00",detail_page,rec_v1,14,0
7011,726,35,"2026-07-02 20:28:00",search,rec_v2,10,0
7012,365,137,"2026-05-26 21:15:00",detail_page,rec_v2,8,0
7013,598,75,"2026-06-14 11:17:00",continue_watching,rec_v1,17,0
7014,496,42,"2026-06-29 07:38:00",home,rec_v2,19,0
7015,604,140,"2026-05-17 05:57:00",home,rec_v2,11,0
7016,303,7,"2026-07-06 06:31:00",detail_page,rec_v2,5,1
7017,626,103,"2026-05-11 18:45:00",home,rec_v2,15,0
7018,820,72,"2026-06-03 20:07:00",home,rec_v1,12,0
7019,635,140,"2026-06-04 14:43:00",home,rec_v1,14,0
7020,870,56,"2026-05-22 13:32:00",search,rec_v1,1,1
7021,610,86,"2026-07-18 08:07:00",detail_page,rec_v2,13,0
7022,466,125,"2026-06-30 19:41:00",detail_page,rec_v1,6,0
7023,162,80,"2026-06-02 23:07:00",search,rec_v2,2,1
7024,756,30,"2026-05-06 16:33:00",home,rec_v1,16,0
7025,212,94,"2026-06-20 17:11:00",home,rec_v1,10,0
7026,648,46,"2026-05-12 07:36:00",home,rec_v2,14,0
7027,319,57,"2026-06-20 08:28:00",search,rec_v2,3,0
7028,71,60,"2026-05-30 11:02:00",continue_watching,rec_v1,12,0
7029,686,132,"2026-07-01 23:21:00",search,rec_v1,12,0
7030,286,138,"2026-07-21 14:39:00",detail_page,rec_v1,11,0
7031,739,124,"2026-05-20 09:08:00",search,rec_v2,7,0
7032,207,32,"2026-06-09 04:21:00",home,rec_v1,1,0
7033,632,37,"2026-07-24 22:54:00",search,rec_v2,18,0
7034,683,121,"2026-06-13 19:39:00",home,rec_v2,8,0
7035,451,36,"2026-05-05 06:58:00",detail_page,rec_v2,12,1
7036,107,33,"2026-07-06 16:51:00",search,rec_v2,17,0
7037,882,71,"2026-05-27 12:22:00",home,rec_v2,19,0
7038,102,22,"2026-05-08 22:23:00",home,rec_v2,10,0
7039,175,100,"2026-07-08 03:09:00",detail_page,rec_v1,17,1
7040,256,44,"2026-05-22 00:23:00",detail_page,rec_v1,18,0
7041,176,38,"2026-06-24 03:07:00",detail_page,rec_v2,12,0
7042,205,16,"2026-07-16 03:24:00",home,rec_v1,20,0
7043,449,21,"2026-06-28 23:32:00",detail_page,rec_v2,11,0
7044,316,51,"2026-05-03 16:46:00",home,rec_v2,11,0
7045,782,116,"2026-07-07 04:22:00",search,rec_v2,4,0
7046,301,108,"2026-07-14 19:18:00",detail_page,rec_v2,4,0
7047,100,103,"2026-05-23 06:05:00",home,rec_v1,12,0
7048,805,63,"2026-07-04 05:49:00",home,rec_v1,11,0
7049,362,119,"2026-07-02 13:52:00",search,rec_v2,13,0
7050,465,15,"2026-05-18 00:09:00",detail_page,rec_v2,1,0
7051,391,110,"2026-06-08 20:15:00",home,rec_v2,19,0
7052,366,5,"2026-06-16 22:21:00",continue_watching,rec_v1,14,1
7053,420,96,"2026-06-01 12:09:00",continue_watching,rec_v1,5,0
7054,261,128,"2026-05-25 16:19:00",continue_watching,rec_v2,3,1
7055,447,134,"2026-05-26 19:23:00",search,rec_v1,11,0
7056,791,100,"2026-05-05 13:24:00",home,rec_v1,18,0
7057,160,2,"2026-07-22 01:44:00",search,rec_v1,13,0
7058,544,142,"2026-05-12 01:58:00",search,rec_v1,16,1
7059,827,57,"2026-06-20 21:13:00",detail_page,rec_v1,20,0
7060,897,33,"2026-05-09 18:25:00",home,rec_v1,4,0
7061,979,19,"2026-06-12 08:35:00",detail_page,rec_v2,14,0
7062,106,131,"2026-05-03 21:52:00",continue_watching,rec_v2,15,0
7063,328,33,"2026-05-12 11:33:00",home,rec_v2,20,0
7064,342,33,"2026-07-02 10:51:00",search,rec_v1,6,0
7065,929,104,"2026-07-19 09:34:00",home,rec_v1,16,0
7066,206,20,"2026-05-19 18:30:00",home,rec_v2,10,0
7067,119,62,"2026-05-30 16:29:00",home,rec_v2,14,0
7068,803,89,"2026-06-01 04:36:00",search,rec_v2,14,0
7069,65,24,"2026-07-18 09:41:00",search,rec_v1,11,0
7070,899,109,"2026-06-26 23:36:00",detail_page,rec_v1,13,0
7071,113,117,"2026-05-16 10:17:00",search,rec_v2,9,0
7072,199,106,"2026-05-16 16:04:00",search,rec_v1,10,0
7073,804,86,"2026-05-03 03:19:00",home,rec_v2,13,1
7074,452,84,"2026-06-10 13:58:00",home,rec_v2,14,0
7075,312,65,"2026-06-19 01:07:00",home,rec_v2,7,0
7076,572,46,"2026-05-10 14:58:00",detail_page,rec_v2,11,0
7077,962,126,"2026-07-27 05:39:00",search,rec_v1,12,1
7078,349,17,"2026-05-19 22:22:00",home,rec_v2,12,1
7079,710,108,"2026-06-26 09:39:00",search,rec_v2,8,0
7080,809,69,"2026-05-27 16:24:00",search,rec_v2,3,0
7081,89,43,"2026-05-31 21:34:00",detail_page,rec_v1,9,0
7082,90,7,"2026-06-08 14:05:00",home,rec_v2,5,0
7083,743,115,"2026-06-08 08:57:00",detail_page,rec_v2,14,0
7084,973,11,"2026-07-19 19:10:00",home,rec_v2,2,0
7085,914,60,"2026-05-20 11:29:00",continue_watching,rec_v2,16,0
7086,319,25,"2026-05-04 01:07:00",continue_watching,rec_v2,7,0
7087,924,32,"2026-07-08 04:58:00",detail_page,rec_v1,17,0
7088,722,15,"2026-07-22 02:40:00",home,rec_v2,2,0
7089,252,86,"2026-07-07 02:08:00",detail_page,rec_v1,16,0
7090,117,125,"2026-05-19 00:45:00",detail_page,rec_v1,2,1
7091,99,129,"2026-07-24 20:11:00",home,rec_v2,20,0
7092,563,132,"2026-07-29 22:24:00",home,rec_v2,20,0
7093,365,120,"2026-07-03 18:25:00",search,rec_v1,4,0
7094,614,23,"2026-06-11 16:44:00",continue_watching,rec_v2,14,1
7095,56,97,"2026-06-23 14:29:00",detail_page,rec_v1,8,0
7096,585,91,"2026-05-09 18:39:00",home,rec_v1,5,0
7097,687,133,"2026-07-27 13:52:00",home,rec_v2,18,0
7098,621,147,"2026-06-17 19:12:00",home,rec_v1,1,0
7099,965,99,"2026-07-25 11:58:00",detail_page,rec_v1,8,0
7100,900,82,"2026-07-23 08:43:00",home,rec_v1,4,0
7101,173,11,"2026-07-06 20:10:00",home,rec_v2,12,0
7102,826,58,"2026-05-20 15:51:00",home,rec_v2,20,0
7103,448,14,"2026-05-23 15:18:00",detail_page,rec_v2,3,0
7104,553,70,"2026-07-11 14:15:00",continue_watching,rec_v1,19,0
7105,309,82,"2026-05-19 18:01:00",search,rec_v2,18,0
7106,72,37,"2026-07-03 05:42:00",detail_page,rec_v2,14,0
7107,156,30,"2026-07-26 10:56:00",search,rec_v1,11,0
7108,329,104,"2026-07-08 07:45:00",home,rec_v2,8,0
7109,124,89,"2026-07-07 10:49:00",home,rec_v1,10,0
7110,855,148,"2026-07-18 23:42:00",search,rec_v2,8,0
7111,68,46,"2026-07-19 04:51:00",continue_watching,rec_v1,2,0
7112,340,148,"2026-07-23 23:30:00",home,rec_v1,1,0
7113,287,27,"2026-07-28 22:25:00",detail_page,rec_v1,7,0
7114,258,47,"2026-07-20 12:07:00",home,rec_v2,8,0
7115,210,77,"2026-07-14 09:18:00",search,rec_v2,3,0
7116,642,113,"2026-05-12 06:41:00",detail_page,rec_v2,13,0
7117,77,123,"2026-07-11 07:56:00",continue_watching,rec_v2,5,0
7118,658,46,"2026-05-09 23:16:00",home,rec_v1,16,0
7119,914,69,"2026-06-19 07:58:00",detail_page,rec_v1,11,0
7120,925,123,"2026-07-09 18:43:00",home,rec_v1,16,0
7121,432,61,"2026-05-08 07:09:00",home,rec_v2,2,0
7122,745,71,"2026-06-23 09:50:00",home,rec_v1,20,0
7123,716,82,"2026-05-09 09:07:00",search,rec_v2,6,0
7124,283,90,"2026-06-14 01:49:00",home,rec_v2,11,0
7125,545,111,"2026-07-10 21:27:00",search,rec_v1,7,0
7126,381,115,"2026-06-12 02:19:00",home,rec_v2,4,1
7127,875,23,"2026-06-14 20:13:00",home,rec_v2,1,0
7128,771,126,"2026-06-27 23:24:00",home,rec_v1,6,0
7129,592,109,"2026-07-10 12:43:00",home,rec_v2,10,0
7130,454,130,"2026-07-17 03:50:00",home,rec_v1,1,0
7131,11,57,"2026-06-25 04:46:00",search,rec_v1,14,0
7132,991,74,"2026-06-08 13:26:00",continue_watching,rec_v2,19,0
7133,612,23,"2026-06-29 22:55:00",detail_page,rec_v2,18,0
7134,844,78,"2026-06-24 17:01:00",detail_page,rec_v2,9,0
7135,199,46,"2026-05-01 16:50:00",home,rec_v1,6,0
7136,880,104,"2026-06-15 14:54:00",search,rec_v1,16,0
7137,994,126,"2026-06-18 08:38:00",home,rec_v2,11,0
7138,711,99,"2026-07-20 17:17:00",home,rec_v1,19,0
7139,766,108,"2026-05-27 04:51:00",home,rec_v1,8,0
7140,178,89,"2026-07-29 01:29:00",search,rec_v1,9,1
7141,586,72,"2026-07-16 07:17:00",continue_watching,rec_v2,15,0
7142,294,146,"2026-05-14 17:11:00",detail_page,rec_v2,14,0
7143,828,65,"2026-06-14 17:17:00",home,rec_v1,7,0
7144,156,129,"2026-05-06 09:44:00",search,rec_v1,2,1
7145,694,110,"2026-05-25 20:01:00",home,rec_v2,19,0
7146,618,100,"2026-06-25 18:15:00",search,rec_v1,8,0
7147,628,52,"2026-05-23 08:53:00",search,rec_v1,17,0
7148,440,142,"2026-06-16 15:17:00",home,rec_v2,17,0
7149,543,39,"2026-06-01 10:45:00",search,rec_v2,7,0
7150,738,112,"2026-07-27 23:55:00",search,rec_v2,12,0
7151,146,64,"2026-05-31 06:37:00",home,rec_v1,16,0
7152,503,60,"2026-07-06 16:43:00",search,rec_v1,4,0
7153,536,7,"2026-06-04 07:21:00",continue_watching,rec_v2,20,0
7154,683,51,"2026-07-24 14:39:00",home,rec_v2,6,0
7155,858,90,"2026-05-06 05:38:00",search,rec_v2,5,0
7156,158,105,"2026-06-30 07:36:00",search,rec_v1,18,1
7157,874,106,"2026-07-27 13:08:00",home,rec_v1,20,0
7158,546,18,"2026-07-29 12:02:00",search,rec_v2,19,0
7159,930,111,"2026-06-15 15:16:00",continue_watching,rec_v1,7,1
7160,44,109,"2026-05-15 08:47:00",continue_watching,rec_v1,13,0
7161,727,61,"2026-05-22 23:48:00",home,rec_v2,16,0
7162,359,28,"2026-06-18 01:45:00",search,rec_v1,20,0
7163,419,101,"2026-05-08 09:04:00",home,rec_v2,1,0
7164,968,94,"2026-07-28 10:48:00",search,rec_v2,15,0
7165,209,141,"2026-06-01 16:44:00",search,rec_v1,13,0
7166,536,83,"2026-05-04 03:24:00",home,rec_v1,18,0
7167,724,77,"2026-07-16 18:38:00",home,rec_v2,17,0
7168,812,3,"2026-05-03 11:01:00",search,rec_v2,14,0
7169,956,146,"2026-05-15 15:48:00",detail_page,rec_v2,11,0
7170,953,84,"2026-05-06 21:32:00",continue_watching,rec_v1,10,0
7171,479,58,"2026-06-01 09:05:00",detail_page,rec_v2,12,0
7172,857,74,"2026-07-26 14:10:00",detail_page,rec_v1,13,0
7173,634,145,"2026-06-05 15:47:00",home,rec_v1,16,0
7174,941,147,"2026-06-25 02:04:00",search,rec_v2,5,1
7175,775,83,"2026-07-25 01:03:00",home,rec_v1,1,1
7176,760,16,"2026-07-17 22:06:00",detail_page,rec_v2,20,0
7177,915,112,"2026-07-03 03:36:00",search,rec_v1,11,0
7178,367,62,"2026-07-19 06:22:00",search,rec_v1,4,0
7179,529,19,"2026-05-15 02:28:00",detail_page,rec_v1,16,0
7180,7,14,"2026-05-03 07:15:00",home,rec_v1,12,0
7181,906,89,"2026-07-24 11:07:00",search,rec_v1,5,0
7182,263,82,"2026-06-02 09:31:00",continue_watching,rec_v2,6,0
7183,131,25,"2026-05-28 15:27:00",detail_page,rec_v2,9,0
7184,195,147,"2026-06-22 07:13:00",home,rec_v1,15,0
7185,615,51,"2026-05-19 23:42:00",continue_watching,rec_v1,18,1
7186,358,112,"2026-06-24 09:46:00",home,rec_v1,1,0
7187,842,54,"2026-06-07 10:17:00",continue_watching,rec_v1,5,0
7188,497,75,"2026-05-04 17:38:00",detail_page,rec_v1,3,0
7189,196,7,"2026-07-02 12:24:00",home,rec_v1,17,0
7190,283,81,"2026-05-13 01:05:00",search,rec_v2,5,0
7191,985,61,"2026-05-01 16:15:00",detail_page,rec_v1,18,0
7192,370,37,"2026-05-07 19:13:00",search,rec_v1,11,0
7193,54,144,"2026-07-25 04:01:00",home,rec_v1,19,1
7194,719,140,"2026-06-02 05:04:00",detail_page,rec_v2,11,0
7195,959,142,"2026-05-07 04:27:00",search,rec_v2,9,0
7196,609,62,"2026-06-19 11:32:00",continue_watching,rec_v2,12,0
7197,471,18,"2026-06-26 15:13:00",detail_page,rec_v2,2,0
7198,382,65,"2026-06-16 10:52:00",search,rec_v2,2,0
7199,390,40,"2026-05-21 11:36:00",home,rec_v1,12,0
7200,7,150,"2026-06-29 01:09:00",continue_watching,rec_v2,13,0
7201,370,3,"2026-07-18 04:38:00",home,rec_v1,11,1
7202,30,90,"2026-06-26 05:06:00",home,rec_v2,12,0
7203,439,85,"2026-06-14 02:50:00",search,rec_v1,16,0
7204,991,64,"2026-06-23 02:58:00",home,rec_v2,16,0
7205,473,39,"2026-07-19 18:23:00",search,rec_v1,7,0
7206,157,22,"2026-07-03 03:51:00",detail_page,rec_v2,1,0
7207,28,36,"2026-06-11 11:12:00",home,rec_v2,16,1
7208,891,79,"2026-05-18 01:08:00",home,rec_v1,6,1
7209,51,34,"2026-06-09 18:19:00",search,rec_v1,8,0
7210,197,142,"2026-05-10 22:15:00",detail_page,rec_v1,1,0
7211,551,63,"2026-05-09 21:30:00",continue_watching,rec_v2,6,0
7212,547,4,"2026-05-19 20:49:00",home,rec_v1,7,0
7213,186,132,"2026-06-10 07:41:00",home,rec_v1,12,0
7214,414,142,"2026-06-05 17:50:00",home,rec_v1,11,0
7215,42,9,"2026-05-05 12:23:00",detail_page,rec_v2,7,0
7216,336,121,"2026-07-15 17:54:00",home,rec_v1,3,0
7217,277,57,"2026-07-02 07:31:00",search,rec_v2,15,0
7218,574,13,"2026-07-27 12:09:00",search,rec_v2,20,0
7219,942,28,"2026-07-12 17:40:00",home,rec_v1,12,0
7220,864,30,"2026-07-26 22:35:00",home,rec_v2,14,1
7221,37,1,"2026-07-18 23:28:00",detail_page,rec_v2,14,0
7222,933,102,"2026-06-05 13:54:00",home,rec_v2,10,0
7223,322,86,"2026-05-22 09:14:00",detail_page,rec_v2,8,0
7224,822,128,"2026-06-08 17:38:00",home,rec_v2,20,0
7225,173,59,"2026-05-26 01:54:00",home,rec_v1,8,0
7226,575,27,"2026-07-15 23:31:00",home,rec_v1,13,0
7227,276,131,"2026-07-17 00:42:00",home,rec_v1,17,0
7228,100,80,"2026-06-05 00:53:00",continue_watching,rec_v1,13,0
7229,344,138,"2026-07-25 14:30:00",home,rec_v2,7,0
7230,675,93,"2026-05-08 11:16:00",search,rec_v1,7,0
7231,117,28,"2026-07-26 03:05:00",home,rec_v1,6,0
7232,297,122,"2026-05-18 01:56:00",home,rec_v2,19,0
7233,457,44,"2026-07-08 02:21:00",home,rec_v1,16,0
7234,78,105,"2026-06-20 18:01:00",home,rec_v1,12,0
7235,350,134,"2026-07-26 06:17:00",continue_watching,rec_v2,7,0
7236,650,81,"2026-07-03 08:54:00",detail_page,rec_v2,10,1
7237,29,116,"2026-05-18 18:39:00",search,rec_v1,19,0
7238,107,125,"2026-06-01 14:29:00",home,rec_v2,16,0
7239,830,15,"2026-06-05 00:45:00",home,rec_v1,10,0
7240,337,32,"2026-05-08 20:35:00",search,rec_v2,9,0
7241,80,150,"2026-07-21 17:29:00",continue_watching,rec_v1,10,0
7242,945,34,"2026-06-16 18:34:00",continue_watching,rec_v1,10,0
7243,7,18,"2026-07-27 15:16:00",home,rec_v1,15,1
7244,684,98,"2026-05-23 22:19:00",search,rec_v1,10,0
7245,218,63,"2026-06-14 19:20:00",detail_page,rec_v2,6,1
7246,391,25,"2026-05-26 03:07:00",home,rec_v1,13,0
7247,306,20,"2026-06-01 22:07:00",continue_watching,rec_v1,7,0
7248,918,133,"2026-05-25 14:06:00",home,rec_v1,7,0
7249,645,126,"2026-06-16 03:11:00",home,rec_v1,16,0
7250,384,124,"2026-06-28 11:14:00",home,rec_v2,12,0
7251,597,92,"2026-05-09 23:28:00",home,rec_v2,11,0
7252,194,139,"2026-06-14 06:25:00",continue_watching,rec_v2,18,1
7253,180,101,"2026-06-08 19:21:00",detail_page,rec_v1,18,0
7254,917,134,"2026-06-17 04:51:00",continue_watching,rec_v2,18,0
7255,144,120,"2026-07-04 22:42:00",home,rec_v1,1,0
7256,619,9,"2026-06-11 11:26:00",continue_watching,rec_v2,13,0
7257,349,1,"2026-05-22 11:46:00",home,rec_v1,13,0
7258,268,92,"2026-07-04 22:01:00",detail_page,rec_v1,17,1
7259,654,97,"2026-05-22 18:27:00",detail_page,rec_v1,15,0
7260,212,128,"2026-05-21 04:55:00",detail_page,rec_v2,2,0
7261,213,38,"2026-07-23 10:46:00",search,rec_v1,11,0
7262,267,119,"2026-05-22 06:47:00",home,rec_v2,5,1
7263,673,94,"2026-05-24 16:21:00",search,rec_v1,12,0
7264,985,145,"2026-06-12 14:52:00",continue_watching,rec_v2,12,1
7265,602,112,"2026-05-27 22:34:00",home,rec_v1,13,0
7266,733,7,"2026-06-25 12:42:00",search,rec_v2,6,0
7267,904,3,"2026-07-03 18:36:00",home,rec_v2,8,0
7268,873,100,"2026-05-27 11:36:00",home,rec_v1,20,0
7269,92,52,"2026-06-09 12:32:00",home,rec_v2,2,0
7270,780,41,"2026-07-03 13:06:00",home,rec_v2,6,0
7271,44,106,"2026-05-12 13:47:00",search,rec_v1,6,0
7272,266,53,"2026-06-02 18:25:00",continue_watching,rec_v1,18,0
7273,327,147,"2026-05-28 08:41:00",home,rec_v1,5,0
7274,657,124,"2026-05-26 08:53:00",continue_watching,rec_v2,6,0
7275,638,114,"2026-06-11 17:26:00",home,rec_v2,11,0
7276,528,132,"2026-07-01 06:36:00",continue_watching,rec_v2,14,0
7277,193,110,"2026-06-14 15:24:00",home,rec_v2,15,1
7278,252,58,"2026-06-28 14:51:00",detail_page,rec_v2,12,0
7279,657,68,"2026-05-17 06:03:00",home,rec_v2,17,0
7280,812,86,"2026-05-27 06:17:00",detail_page,rec_v2,15,0
7281,519,135,"2026-07-04 19:45:00",search,rec_v2,17,0
7282,576,33,"2026-06-02 22:50:00",home,rec_v2,7,1
7283,961,88,"2026-07-02 17:41:00",home,rec_v2,6,0
7284,361,17,"2026-06-14 14:49:00",home,rec_v2,13,0
7285,871,6,"2026-07-25 14:10:00",detail_page,rec_v1,9,0
7286,986,92,"2026-06-13 07:27:00",detail_page,rec_v2,4,1
7287,821,55,"2026-07-14 13:41:00",home,rec_v1,4,0
7288,215,150,"2026-05-31 18:55:00",continue_watching,rec_v1,6,1
7289,611,132,"2026-05-21 10:20:00",home,rec_v1,18,0
7290,266,26,"2026-05-24 19:49:00",continue_watching,rec_v1,14,0
7291,643,35,"2026-06-07 13:01:00",detail_page,rec_v1,4,0
7292,328,52,"2026-07-22 16:38:00",search,rec_v2,2,0
7293,128,101,"2026-06-14 11:08:00",search,rec_v2,16,0
7294,830,9,"2026-07-09 16:52:00",detail_page,rec_v1,4,0
7295,780,26,"2026-05-19 22:30:00",home,rec_v2,6,0
7296,180,101,"2026-05-18 07:26:00",home,rec_v2,14,0
7297,42,54,"2026-05-18 11:59:00",detail_page,rec_v1,3,1
7298,350,114,"2026-05-08 13:01:00",search,rec_v1,6,0
7299,562,26,"2026-06-02 05:20:00",home,rec_v2,5,0
7300,962,144,"2026-07-06 09:47:00",search,rec_v1,13,1
7301,239,4,"2026-06-26 15:56:00",search,rec_v2,17,0
7302,81,96,"2026-05-02 03:11:00",search,rec_v2,16,0
7303,402,146,"2026-06-22 00:18:00",search,rec_v1,17,0
7304,584,32,"2026-07-20 17:29:00",continue_watching,rec_v2,18,0
7305,934,118,"2026-05-25 20:05:00",home,rec_v1,8,0
7306,86,3,"2026-05-04 06:53:00",home,rec_v1,12,0
7307,507,84,"2026-06-17 07:19:00",detail_page,rec_v1,15,0
7308,210,52,"2026-05-16 02:14:00",continue_watching,rec_v1,5,0
7309,835,103,"2026-06-07 04:09:00",continue_watching,rec_v2,18,0
7310,553,69,"2026-05-20 08:16:00",home,rec_v2,6,0
7311,61,104,"2026-06-02 06:29:00",continue_watching,rec_v1,10,0
7312,260,119,"2026-05-19 19:38:00",detail_page,rec_v2,12,0
7313,298,52,"2026-05-08 02:46:00",home,rec_v2,15,0
7314,679,12,"2026-07-24 20:31:00",home,rec_v1,5,0
7315,588,107,"2026-05-04 18:38:00",search,rec_v2,18,0
7316,463,49,"2026-07-29 23:45:00",home,rec_v2,7,0
7317,165,49,"2026-05-10 02:04:00",home,rec_v2,11,0
7318,104,44,"2026-06-01 11:00:00",detail_page,rec_v2,2,0
7319,659,2,"2026-07-08 20:48:00",search,rec_v1,18,1
7320,894,150,"2026-05-11 12:10:00",home,rec_v2,4,0
7321,367,16,"2026-06-20 19:44:00",home,rec_v1,8,0
7322,491,70,"2026-07-05 02:20:00",home,rec_v2,8,0
7323,261,19,"2026-07-20 22:04:00",home,rec_v2,10,0
7324,328,69,"2026-07-02 17:50:00",home,rec_v1,10,0
7325,615,102,"2026-05-02 04:38:00",detail_page,rec_v1,9,1
7326,465,73,"2026-07-04 10:17:00",search,rec_v1,12,0
7327,952,147,"2026-07-03 15:37:00",detail_page,rec_v2,17,0
7328,770,48,"2026-06-11 03:51:00",detail_page,rec_v2,17,0
7329,20,146,"2026-05-09 21:51:00",search,rec_v1,6,0
7330,803,99,"2026-06-05 11:32:00",home,rec_v2,6,0
7331,550,11,"2026-06-25 02:36:00",detail_page,rec_v1,6,1
7332,480,4,"2026-06-25 06:52:00",home,rec_v1,12,0
7333,104,82,"2026-06-26 16:24:00",home,rec_v2,11,0
7334,242,31,"2026-06-10 00:53:00",home,rec_v2,7,0
7335,613,122,"2026-05-01 03:43:00",search,rec_v1,10,0
7336,242,120,"2026-07-09 11:32:00",search,rec_v2,18,0
7337,788,95,"2026-05-19 01:13:00",search,rec_v2,5,1
7338,948,48,"2026-05-31 15:27:00",continue_watching,rec_v2,9,0
7339,258,18,"2026-05-18 08:54:00",continue_watching,rec_v1,3,0
7340,366,24,"2026-06-24 03:27:00",home,rec_v1,20,0
7341,553,78,"2026-05-15 08:54:00",home,rec_v2,7,1
7342,608,8,"2026-05-19 18:46:00",search,rec_v2,19,0
7343,78,92,"2026-07-14 17:24:00",home,rec_v2,7,0
7344,727,98,"2026-06-09 07:56:00",search,rec_v1,13,0
7345,903,51,"2026-05-30 22:03:00",home,rec_v2,11,0
7346,528,35,"2026-05-20 08:18:00",home,rec_v2,7,0
7347,524,83,"2026-07-06 00:10:00",home,rec_v2,20,0
7348,730,66,"2026-06-24 06:10:00",detail_page,rec_v2,15,0
7349,563,62,"2026-06-28 08:57:00",home,rec_v1,4,0
7350,509,1,"2026-07-29 03:16:00",detail_page,rec_v2,1,0
7351,296,23,"2026-05-14 01:50:00",home,rec_v1,11,0
7352,160,79,"2026-05-24 18:47:00",continue_watching,rec_v1,1,0
7353,464,86,"2026-05-02 07:45:00",home,rec_v1,5,0
7354,22,49,"2026-06-29 05:33:00",home,rec_v1,9,0
7355,17,89,"2026-05-12 09:52:00",home,rec_v2,7,0
7356,424,77,"2026-05-16 05:06:00",search,rec_v1,3,1
7357,970,67,"2026-07-02 06:41:00",home,rec_v2,7,0
7358,429,131,"2026-06-28 23:18:00",continue_watching,rec_v2,20,0
7359,491,79,"2026-06-05 11:40:00",search,rec_v1,13,0
7360,419,50,"2026-05-01 10:24:00",continue_watching,rec_v1,8,0
7361,136,125,"2026-06-25 23:35:00",detail_page,rec_v1,4,0
7362,2,44,"2026-06-28 08:14:00",continue_watching,rec_v2,4,0
7363,395,19,"2026-05-27 23:57:00",continue_watching,rec_v2,20,1
7364,974,32,"2026-07-28 17:12:00",home,rec_v1,7,0
7365,598,84,"2026-07-28 17:13:00",detail_page,rec_v2,1,0
7366,528,48,"2026-07-16 12:29:00",home,rec_v2,19,0
7367,414,19,"2026-05-28 22:19:00",detail_page,rec_v1,19,0
7368,392,18,"2026-07-01 04:54:00",continue_watching,rec_v1,20,0
7369,162,87,"2026-07-26 18:15:00",continue_watching,rec_v1,18,0
7370,816,12,"2026-06-08 13:16:00",search,rec_v1,2,0
7371,900,57,"2026-05-26 23:54:00",detail_page,rec_v2,3,1
7372,26,36,"2026-07-22 06:43:00",home,rec_v2,19,0
7373,720,25,"2026-07-03 04:34:00",detail_page,rec_v1,2,0
7374,151,51,"2026-05-05 03:51:00",detail_page,rec_v1,12,0
7375,154,57,"2026-05-21 10:00:00",search,rec_v2,3,1
7376,510,121,"2026-07-23 16:20:00",detail_page,rec_v2,20,0
7377,565,120,"2026-06-05 12:00:00",continue_watching,rec_v1,8,0
7378,651,142,"2026-07-05 00:21:00",home,rec_v1,19,0
7379,830,105,"2026-05-30 22:47:00",home,rec_v2,9,0
7380,386,87,"2026-06-11 19:48:00",home,rec_v1,13,0
7381,24,98,"2026-06-18 01:04:00",home,rec_v2,19,0
7382,127,130,"2026-07-03 23:47:00",home,rec_v1,6,0
7383,527,21,"2026-05-06 17:31:00",home,rec_v1,17,0
7384,945,56,"2026-06-23 05:58:00",home,rec_v2,3,0
7385,563,30,"2026-07-08 16:52:00",continue_watching,rec_v2,19,0
7386,915,50,"2026-05-02 22:11:00",search,rec_v1,15,0
7387,287,147,"2026-07-27 08:00:00",home,rec_v2,10,0
7388,895,44,"2026-06-10 03:25:00",home,rec_v1,19,0
7389,666,2,"2026-05-13 22:23:00",detail_page,rec_v2,9,0
7390,115,105,"2026-05-08 20:53:00",detail_page,rec_v1,14,0
7391,280,15,"2026-06-17 07:08:00",detail_page,rec_v2,4,0
7392,671,110,"2026-05-22 04:13:00",home,rec_v1,7,0
7393,922,82,"2026-06-13 22:38:00",detail_page,rec_v2,3,1
7394,425,86,"2026-06-24 16:51:00",home,rec_v2,5,0
7395,899,137,"2026-05-20 03:29:00",search,rec_v1,14,0
7396,505,133,"2026-05-07 16:03:00",continue_watching,rec_v1,14,0
7397,795,72,"2026-07-05 00:58:00",home,rec_v2,16,0
7398,195,44,"2026-07-02 07:35:00",continue_watching,rec_v1,4,0
7399,909,46,"2026-07-15 17:38:00",search,rec_v1,11,0
7400,880,88,"2026-07-02 08:43:00",home,rec_v1,18,0
7401,84,31,"2026-07-15 05:49:00",continue_watching,rec_v1,10,0
7402,135,49,"2026-07-09 17:08:00",detail_page,rec_v1,11,0
7403,607,102,"2026-06-16 08:44:00",home,rec_v1,4,0
7404,985,13,"2026-06-18 22:57:00",home,rec_v1,8,0
7405,234,21,"2026-06-06 07:52:00",search,rec_v2,13,1
7406,918,143,"2026-06-20 14:35:00",home,rec_v2,17,0
7407,810,118,"2026-07-27 05:29:00",home,rec_v1,20,0
7408,978,137,"2026-05-21 21:27:00",home,rec_v2,2,0
7409,91,4,"2026-06-29 00:27:00",detail_page,rec_v2,16,0
7410,2,143,"2026-05-03 18:55:00",home,rec_v1,4,1
7411,177,80,"2026-06-27 06:13:00",continue_watching,rec_v1,10,0
7412,22,71,"2026-07-09 04:46:00",home,rec_v2,19,0
7413,642,76,"2026-05-14 08:26:00",detail_page,rec_v2,8,0
7414,955,5,"2026-07-09 05:50:00",home,rec_v1,19,0
7415,539,58,"2026-05-23 11:01:00",home,rec_v1,2,0
7416,634,94,"2026-05-09 03:03:00",detail_page,rec_v1,2,1
7417,397,28,"2026-06-05 07:03:00",detail_page,rec_v2,18,0
7418,876,106,"2026-05-29 06:58:00",detail_page,rec_v1,1,0
7419,535,126,"2026-05-12 12:17:00",search,rec_v1,17,0
7420,399,147,"2026-06-05 18:56:00",search,rec_v1,9,0
7421,263,15,"2026-05-30 17:23:00",home,rec_v1,10,0
7422,473,44,"2026-05-08 13:11:00",detail_page,rec_v2,7,0
7423,414,40,"2026-05-03 07:55:00",detail_page,rec_v1,14,1
7424,694,76,"2026-07-26 15:57:00",home,rec_v1,7,1
7425,844,135,"2026-07-23 21:25:00",home,rec_v2,5,1
7426,590,56,"2026-07-16 16:02:00",home,rec_v2,2,0
7427,313,124,"2026-05-04 14:03:00",detail_page,rec_v2,15,1
7428,163,107,"2026-05-29 21:52:00",home,rec_v2,13,0
7429,710,72,"2026-05-10 04:16:00",detail_page,rec_v2,13,0
7430,469,25,"2026-05-31 12:11:00",search,rec_v1,3,0
7431,144,10,"2026-07-25 07:20:00",search,rec_v1,17,0
7432,19,87,"2026-06-26 23:31:00",search,rec_v1,12,0
7433,503,48,"2026-07-13 04:22:00",continue_watching,rec_v2,6,0
7434,893,87,"2026-05-13 11:49:00",home,rec_v2,3,0
7435,729,61,"2026-05-18 01:40:00",home,rec_v2,18,1
7436,759,49,"2026-07-08 10:25:00",home,rec_v2,7,0
7437,149,42,"2026-06-23 22:42:00",search,rec_v2,18,0
7438,134,32,"2026-07-02 21:22:00",detail_page,rec_v1,8,0
7439,597,140,"2026-06-21 10:46:00",detail_page,rec_v1,19,1
7440,955,108,"2026-06-01 08:59:00",search,rec_v1,4,0
7441,44,87,"2026-06-09 09:08:00",home,rec_v1,5,0
7442,461,141,"2026-06-14 11:01:00",home,rec_v1,20,0
7443,58,37,"2026-07-02 02:16:00",continue_watching,rec_v1,9,0
7444,405,18,"2026-07-10 19:00:00",search,rec_v1,17,0
7445,787,134,"2026-06-08 05:27:00",continue_watching,rec_v1,13,0
7446,601,107,"2026-05-08 05:43:00",home,rec_v1,13,0
7447,688,122,"2026-07-20 14:19:00",home,rec_v2,11,0
7448,421,147,"2026-07-04 07:36:00",home,rec_v1,13,0
7449,367,70,"2026-07-04 09:09:00",search,rec_v2,18,0
7450,91,68,"2026-05-09 18:20:00",detail_page,rec_v2,11,0
7451,815,114,"2026-07-08 11:18:00",detail_page,rec_v1,12,1
7452,330,111,"2026-05-15 20:09:00",home,rec_v1,18,0
7453,818,138,"2026-06-18 12:03:00",detail_page,rec_v2,15,0
7454,606,95,"2026-07-18 15:18:00",home,rec_v1,19,0
7455,591,52,"2026-06-17 20:05:00",search,rec_v2,9,0
7456,83,77,"2026-07-19 16:55:00",home,rec_v1,8,0
7457,639,138,"2026-07-18 03:20:00",home,rec_v1,18,0
7458,952,20,"2026-07-25 03:52:00",continue_watching,rec_v1,10,0
7459,320,122,"2026-06-18 12:14:00",home,rec_v1,12,0
7460,950,48,"2026-05-20 15:07:00",home,rec_v1,16,0
7461,239,13,"2026-06-15 15:39:00",detail_page,rec_v1,8,0
7462,796,76,"2026-05-29 04:57:00",home,rec_v2,8,0
7463,183,17,"2026-07-28 21:16:00",detail_page,rec_v1,20,0
7464,982,100,"2026-06-21 03:59:00",home,rec_v2,15,0
7465,682,49,"2026-05-06 05:02:00",detail_page,rec_v2,19,0
7466,587,20,"2026-07-03 06:25:00",continue_watching,rec_v2,13,0
7467,70,120,"2026-05-02 17:55:00",search,rec_v2,4,1
7468,747,42,"2026-05-29 23:48:00",search,rec_v2,5,1
7469,744,9,"2026-05-13 23:16:00",search,rec_v2,15,0
7470,882,88,"2026-06-04 00:11:00",home,rec_v1,9,0
7471,76,89,"2026-06-08 19:33:00",continue_watching,rec_v2,8,1
7472,745,115,"2026-07-21 13:17:00",home,rec_v2,14,0
7473,906,48,"2026-05-02 23:29:00",home,rec_v2,11,0
7474,184,144,"2026-05-20 07:22:00",search,rec_v1,11,0
7475,30,31,"2026-07-07 17:54:00",home,rec_v2,13,0
7476,30,117,"2026-05-17 19:33:00",home,rec_v1,5,0
7477,286,133,"2026-07-29 05:39:00",search,rec_v1,8,0
7478,913,124,"2026-07-23 10:17:00",home,rec_v2,16,0
7479,278,97,"2026-06-05 07:31:00",continue_watching,rec_v2,7,0
7480,284,30,"2026-07-28 01:46:00",detail_page,rec_v2,5,0
7481,576,131,"2026-07-28 12:34:00",search,rec_v1,16,0
7482,488,74,"2026-06-09 19:06:00",detail_page,rec_v2,15,0
7483,404,77,"2026-06-03 09:02:00",home,rec_v1,9,0
7484,582,62,"2026-05-25 03:41:00",home,rec_v1,20,0
7485,976,93,"2026-05-09 07:13:00",home,rec_v1,6,0
7486,503,54,"2026-05-30 16:40:00",home,rec_v2,16,0
7487,247,67,"2026-06-27 01:50:00",home,rec_v2,18,0
7488,682,125,"2026-06-10 04:04:00",home,rec_v2,7,0
7489,675,20,"2026-07-26 20:05:00",continue_watching,rec_v1,7,1
7490,499,146,"2026-07-26 09:01:00",home,rec_v1,14,0
7491,518,134,"2026-06-30 23:22:00",home,rec_v2,6,0
7492,339,8,"2026-06-30 12:00:00",detail_page,rec_v2,16,0
7493,304,104,"2026-05-16 23:15:00",home,rec_v1,13,0
7494,791,105,"2026-05-31 01:53:00",home,rec_v2,11,0
7495,355,60,"2026-05-08 19:38:00",home,rec_v2,3,0
7496,240,134,"2026-05-12 09:50:00",search,rec_v2,20,1
7497,750,111,"2026-06-30 03:49:00",search,rec_v2,4,0
7498,260,112,"2026-07-16 06:53:00",home,rec_v1,4,0
7499,820,90,"2026-06-21 13:54:00",home,rec_v2,15,1
7500,835,86,"2026-06-03 15:23:00",detail_page,rec_v1,6,0
7501,80,35,"2026-05-24 22:27:00",continue_watching,rec_v2,11,0
7502,674,93,"2026-07-05 09:04:00",search,rec_v2,7,0
7503,118,98,"2026-06-19 10:11:00",home,rec_v1,6,0
7504,905,119,"2026-07-05 05:26:00",home,rec_v1,3,0
7505,62,37,"2026-05-08 11:42:00",detail_page,rec_v1,2,0
7506,999,137,"2026-05-24 02:54:00",home,rec_v2,11,0
7507,701,125,"2026-05-23 10:42:00",home,rec_v1,5,0
7508,235,18,"2026-05-18 03:12:00",home,rec_v1,18,0
7509,650,62,"2026-06-07 20:31:00",home,rec_v2,20,0
7510,367,132,"2026-06-28 08:34:00",home,rec_v2,13,0
7511,833,128,"2026-05-19 18:42:00",home,rec_v2,11,0
7512,776,86,"2026-06-08 20:46:00",home,rec_v1,7,0
7513,641,37,"2026-05-24 14:42:00",continue_watching,rec_v2,20,0
7514,357,145,"2026-06-19 07:35:00",continue_watching,rec_v1,20,1
7515,305,120,"2026-06-17 17:41:00",home,rec_v1,14,0
7516,865,109,"2026-05-27 11:43:00",home,rec_v2,17,0
7517,945,145,"2026-06-23 17:25:00",search,rec_v1,9,0
7518,308,100,"2026-07-22 15:23:00",continue_watching,rec_v1,3,1
7519,970,45,"2026-06-11 17:40:00",home,rec_v1,19,0
7520,604,133,"2026-05-09 09:04:00",detail_page,rec_v1,5,1
7521,76,88,"2026-06-29 16:40:00",home,rec_v1,17,0
7522,216,99,"2026-06-16 09:17:00",home,rec_v2,10,0
7523,733,100,"2026-06-30 21:55:00",home,rec_v1,16,1
7524,881,116,"2026-06-15 08:14:00",search,rec_v1,20,1
7525,988,111,"2026-05-03 10:04:00",search,rec_v2,15,0
7526,294,62,"2026-05-15 15:11:00",home,rec_v2,18,0
7527,279,57,"2026-05-08 01:34:00",detail_page,rec_v1,5,1
7528,458,112,"2026-07-27 05:59:00",continue_watching,rec_v1,2,0
7529,562,88,"2026-06-18 23:24:00",home,rec_v2,9,0
7530,617,108,"2026-06-19 15:43:00",home,rec_v2,7,1
7531,365,94,"2026-07-25 17:57:00",search,rec_v1,20,0
7532,211,6,"2026-06-13 10:25:00",search,rec_v2,4,1
7533,338,120,"2026-05-02 21:18:00",detail_page,rec_v2,2,0
7534,852,48,"2026-07-16 14:36:00",detail_page,rec_v2,11,0
7535,846,121,"2026-05-30 15:53:00",detail_page,rec_v2,3,1
7536,383,107,"2026-07-12 20:31:00",search,rec_v2,7,0
7537,43,34,"2026-05-28 04:02:00",home,rec_v2,11,0
7538,822,110,"2026-07-20 15:34:00",home,rec_v2,14,0
7539,381,132,"2026-05-20 10:53:00",detail_page,rec_v1,19,1
7540,569,89,"2026-06-15 19:44:00",detail_page,rec_v1,13,0
7541,192,122,"2026-06-01 20:31:00",home,rec_v1,16,0
7542,621,40,"2026-06-05 09:29:00",home,rec_v1,1,1
7543,32,126,"2026-05-23 16:51:00",home,rec_v2,10,0
7544,506,11,"2026-06-04 11:24:00",search,rec_v2,19,0
7545,3,30,"2026-06-21 06:19:00",detail_page,rec_v2,8,0
7546,729,62,"2026-06-01 10:44:00",home,rec_v1,19,0
7547,28,45,"2026-05-07 15:47:00",continue_watching,rec_v1,17,0
7548,703,12,"2026-07-27 10:18:00",home,rec_v1,6,0
7549,57,92,"2026-05-22 11:05:00",home,rec_v1,2,0
7550,241,148,"2026-07-05 09:35:00",home,rec_v1,17,0
7551,32,75,"2026-06-08 15:42:00",home,rec_v2,4,0
7552,16,24,"2026-05-27 00:47:00",search,rec_v1,9,0
7553,845,91,"2026-07-21 15:22:00",search,rec_v1,4,0
7554,197,146,"2026-05-05 00:04:00",detail_page,rec_v2,11,1
7555,374,119,"2026-07-05 06:14:00",home,rec_v1,6,0
7556,942,51,"2026-05-12 00:35:00",home,rec_v1,12,1
7557,130,119,"2026-07-11 09:58:00",detail_page,rec_v1,12,0
7558,930,71,"2026-07-23 06:36:00",home,rec_v2,20,0
7559,797,81,"2026-06-09 06:07:00",continue_watching,rec_v2,18,0
7560,479,102,"2026-07-10 09:11:00",search,rec_v2,14,0
7561,961,31,"2026-05-26 07:24:00",home,rec_v2,1,1
7562,856,4,"2026-07-16 04:12:00",detail_page,rec_v1,15,0
7563,459,131,"2026-05-25 16:29:00",search,rec_v1,1,0
7564,247,130,"2026-07-13 21:14:00",home,rec_v1,5,0
7565,741,139,"2026-07-02 18:54:00",home,rec_v2,14,0
7566,926,43,"2026-06-28 10:54:00",detail_page,rec_v1,8,0
7567,46,30,"2026-06-01 03:47:00",home,rec_v2,16,0
7568,473,138,"2026-06-08 08:52:00",continue_watching,rec_v2,3,1
7569,909,90,"2026-06-24 11:20:00",home,rec_v1,17,0
7570,167,69,"2026-06-15 11:20:00",search,rec_v1,20,0
7571,978,53,"2026-07-27 02:44:00",home,rec_v1,10,1
7572,983,82,"2026-07-28 07:18:00",detail_page,rec_v2,17,1
7573,511,87,"2026-06-11 22:54:00",home,rec_v1,4,0
7574,781,58,"2026-07-06 22:30:00",detail_page,rec_v1,7,0
7575,682,138,"2026-05-26 13:34:00",home,rec_v2,18,0
7576,328,5,"2026-05-10 14:15:00",detail_page,rec_v1,8,0
7577,733,77,"2026-07-17 14:33:00",home,rec_v2,6,0
7578,165,104,"2026-07-07 08:14:00",home,rec_v2,15,1
7579,235,125,"2026-06-30 04:12:00",home,rec_v1,14,0
7580,412,12,"2026-06-01 11:50:00",home,rec_v2,3,1
7581,547,40,"2026-07-19 22:54:00",home,rec_v2,15,0
7582,870,1,"2026-06-09 12:41:00",detail_page,rec_v2,4,0
7583,632,100,"2026-05-01 23:20:00",search,rec_v2,13,0
7584,861,26,"2026-05-08 17:33:00",detail_page,rec_v1,18,0
7585,885,23,"2026-07-04 06:35:00",home,rec_v2,11,0
7586,312,57,"2026-06-02 20:42:00",search,rec_v1,1,0
7587,330,58,"2026-07-29 23:42:00",home,rec_v2,7,0
7588,269,149,"2026-07-18 17:18:00",continue_watching,rec_v1,17,0
7589,418,149,"2026-05-09 14:19:00",search,rec_v2,4,0
7590,328,102,"2026-06-19 15:35:00",home,rec_v2,11,0
7591,818,98,"2026-07-25 05:21:00",home,rec_v1,6,1
7592,787,146,"2026-07-21 02:07:00",detail_page,rec_v1,11,0
7593,542,62,"2026-05-05 22:59:00",home,rec_v2,18,1
7594,261,75,"2026-06-26 04:05:00",home,rec_v1,17,0
7595,864,60,"2026-05-27 10:05:00",continue_watching,rec_v1,3,0
7596,854,48,"2026-06-10 02:37:00",detail_page,rec_v1,15,0
7597,830,114,"2026-06-16 01:32:00",detail_page,rec_v2,2,0
7598,856,49,"2026-05-13 12:46:00",continue_watching,rec_v1,18,1
7599,463,25,"2026-05-11 20:24:00",home,rec_v2,2,1
7600,504,57,"2026-06-09 18:06:00",home,rec_v2,11,0
7601,268,28,"2026-06-13 02:52:00",search,rec_v1,17,0
7602,542,2,"2026-05-02 15:15:00",detail_page,rec_v1,1,0
7603,93,59,"2026-05-22 17:39:00",home,rec_v1,4,0
7604,561,5,"2026-05-24 05:38:00",continue_watching,rec_v1,3,0
7605,919,64,"2026-07-15 23:20:00",detail_page,rec_v1,4,0
7606,652,143,"2026-07-18 16:19:00",detail_page,rec_v1,19,0
7607,787,126,"2026-07-25 11:21:00",home,rec_v2,8,0
7608,728,108,"2026-07-26 12:33:00",home,rec_v2,3,0
7609,942,80,"2026-06-08 19:13:00",search,rec_v1,12,0
7610,651,140,"2026-07-07 18:03:00",detail_page,rec_v1,13,0
7611,636,114,"2026-05-29 04:15:00",search,rec_v1,19,0
7612,528,119,"2026-07-07 13:12:00",continue_watching,rec_v1,20,0
7613,690,4,"2026-07-18 19:09:00",search,rec_v1,8,0
7614,910,34,"2026-07-16 17:09:00",detail_page,rec_v2,14,0
7615,482,137,"2026-06-27 19:18:00",detail_page,rec_v2,18,0
7616,139,97,"2026-06-06 16:43:00",home,rec_v1,13,0
7617,588,146,"2026-07-19 09:34:00",home,rec_v2,15,0
7618,692,129,"2026-07-13 21:27:00",search,rec_v2,12,0
7619,927,76,"2026-07-24 07:35:00",search,rec_v2,12,0
7620,461,114,"2026-06-30 09:40:00",continue_watching,rec_v2,16,0
7621,220,130,"2026-05-02 10:14:00",home,rec_v2,11,1
7622,538,35,"2026-05-18 11:44:00",detail_page,rec_v1,16,0
7623,923,58,"2026-06-21 12:17:00",home,rec_v2,10,0
7624,949,45,"2026-06-09 12:05:00",search,rec_v2,11,0
7625,458,63,"2026-06-28 16:31:00",detail_page,rec_v2,9,0
7626,4,93,"2026-05-15 03:29:00",home,rec_v2,7,0
7627,255,56,"2026-05-01 06:37:00",search,rec_v2,18,0
7628,819,131,"2026-06-17 19:30:00",continue_watching,rec_v1,6,0
7629,837,89,"2026-05-31 08:54:00",detail_page,rec_v2,13,0
7630,224,15,"2026-06-16 14:37:00",search,rec_v1,16,0
7631,33,113,"2026-06-24 11:20:00",detail_page,rec_v1,20,0
7632,11,107,"2026-05-12 14:18:00",home,rec_v1,12,0
7633,231,79,"2026-05-27 17:23:00",search,rec_v2,10,0
7634,466,1,"2026-06-28 02:05:00",search,rec_v2,18,0
7635,500,32,"2026-05-11 04:14:00",detail_page,rec_v1,10,0
7636,647,81,"2026-07-15 10:22:00",search,rec_v1,9,0
7637,383,13,"2026-07-28 06:49:00",search,rec_v1,14,0
7638,647,101,"2026-07-27 17:46:00",search,rec_v2,1,0
7639,389,42,"2026-06-20 22:33:00",detail_page,rec_v1,3,0
7640,253,37,"2026-07-17 02:40:00",home,rec_v2,14,0
7641,65,20,"2026-06-16 11:53:00",search,rec_v2,4,1
7642,733,147,"2026-07-13 00:13:00",search,rec_v1,16,0
7643,932,133,"2026-07-18 20:42:00",search,rec_v1,5,1
7644,321,9,"2026-05-18 08:48:00",continue_watching,rec_v2,4,0
7645,650,24,"2026-06-13 02:46:00",home,rec_v1,16,0
7646,263,23,"2026-05-26 09:06:00",home,rec_v2,12,0
7647,88,47,"2026-07-27 05:30:00",home,rec_v1,11,0
7648,77,107,"2026-07-12 06:06:00",continue_watching,rec_v2,20,1
7649,25,51,"2026-06-04 18:09:00",home,rec_v2,10,0
7650,341,5,"2026-05-05 23:04:00",home,rec_v2,9,0
7651,184,82,"2026-07-17 02:45:00",detail_page,rec_v1,19,1
7652,629,110,"2026-07-16 20:07:00",detail_page,rec_v2,16,0
7653,102,54,"2026-05-25 02:20:00",home,rec_v2,5,0
7654,877,71,"2026-06-19 20:09:00",continue_watching,rec_v2,19,1
7655,222,89,"2026-07-23 12:02:00",home,rec_v1,9,0
7656,360,20,"2026-07-15 20:44:00",search,rec_v1,13,0
7657,613,40,"2026-06-24 17:00:00",detail_page,rec_v2,12,1
7658,149,117,"2026-05-08 19:25:00",home,rec_v2,20,0
7659,107,45,"2026-06-09 01:44:00",detail_page,rec_v2,8,0
7660,272,121,"2026-07-04 17:54:00",home,rec_v1,19,0
7661,663,5,"2026-06-02 23:36:00",home,rec_v1,13,0
7662,245,146,"2026-07-01 13:03:00",detail_page,rec_v1,8,0
7663,820,101,"2026-05-12 13:36:00",home,rec_v1,5,0
7664,439,93,"2026-06-14 13:32:00",detail_page,rec_v1,4,0
7665,884,44,"2026-07-04 11:16:00",home,rec_v1,5,0
7666,762,55,"2026-05-01 05:40:00",continue_watching,rec_v2,6,0
7667,777,137,"2026-05-11 06:08:00",search,rec_v1,9,0
7668,425,127,"2026-06-21 22:19:00",home,rec_v2,13,0
7669,733,147,"2026-06-09 18:00:00",home,rec_v1,4,0
7670,628,39,"2026-05-22 14:03:00",home,rec_v2,19,0
7671,750,54,"2026-06-02 21:26:00",home,rec_v2,8,0
7672,172,140,"2026-07-18 02:52:00",search,rec_v1,10,0
7673,715,6,"2026-07-10 05:11:00",home,rec_v1,19,0
7674,273,115,"2026-06-30 12:59:00",search,rec_v2,18,0
7675,683,138,"2026-05-16 18:21:00",home,rec_v1,10,0
7676,561,42,"2026-07-13 23:30:00",continue_watching,rec_v2,7,0
7677,613,125,"2026-05-01 08:32:00",home,rec_v2,10,0
7678,714,113,"2026-07-19 22:20:00",home,rec_v1,7,0
7679,981,36,"2026-05-23 22:56:00",home,rec_v2,7,0
7680,892,143,"2026-07-05 23:52:00",home,rec_v1,6,0
7681,107,76,"2026-06-01 03:53:00",continue_watching,rec_v2,18,0
7682,356,2,"2026-05-26 06:15:00",home,rec_v2,3,0
7683,320,55,"2026-05-25 20:34:00",home,rec_v1,12,0
7684,307,9,"2026-06-05 04:46:00",detail_page,rec_v1,12,0
7685,593,64,"2026-06-27 12:45:00",home,rec_v2,9,0
7686,773,60,"2026-05-26 06:46:00",detail_page,rec_v1,19,0
7687,378,82,"2026-07-23 15:43:00",home,rec_v2,16,0
7688,829,68,"2026-06-14 23:22:00",home,rec_v1,11,0
7689,29,110,"2026-06-08 13:11:00",home,rec_v1,4,0
7690,962,45,"2026-05-18 00:56:00",home,rec_v1,15,0
7691,128,67,"2026-06-25 18:18:00",continue_watching,rec_v2,6,0
7692,257,150,"2026-07-27 23:34:00",home,rec_v1,12,0
7693,532,61,"2026-05-01 12:41:00",home,rec_v2,18,0
7694,53,144,"2026-07-17 20:30:00",home,rec_v1,1,0
7695,657,129,"2026-07-17 16:55:00",home,rec_v1,6,0
7696,595,34,"2026-06-02 10:36:00",home,rec_v1,1,0
7697,821,71,"2026-07-09 20:12:00",home,rec_v2,9,0
7698,84,55,"2026-05-05 12:26:00",detail_page,rec_v2,19,0
7699,867,149,"2026-05-02 00:32:00",home,rec_v1,1,1
7700,491,144,"2026-07-24 03:35:00",detail_page,rec_v2,15,0
7701,809,147,"2026-07-15 09:20:00",search,rec_v1,11,0
7702,708,65,"2026-07-24 12:02:00",home,rec_v2,2,0
7703,861,44,"2026-05-28 06:35:00",home,rec_v1,15,0
7704,33,4,"2026-05-22 04:56:00",search,rec_v1,16,0
7705,356,13,"2026-07-21 13:51:00",home,rec_v2,5,0
7706,14,130,"2026-06-16 10:18:00",continue_watching,rec_v2,19,0
7707,691,13,"2026-06-19 06:36:00",home,rec_v2,3,0
7708,144,131,"2026-06-07 22:10:00",continue_watching,rec_v1,1,0
7709,598,117,"2026-07-27 23:47:00",detail_page,rec_v2,4,1
7710,416,76,"2026-07-15 19:19:00",continue_watching,rec_v2,8,0
7711,714,89,"2026-06-25 20:34:00",detail_page,rec_v1,4,1
7712,286,134,"2026-07-02 18:24:00",home,rec_v1,5,0
7713,954,114,"2026-06-19 05:47:00",continue_watching,rec_v2,16,1
7714,707,87,"2026-07-01 06:32:00",search,rec_v2,16,1
7715,53,12,"2026-06-12 13:46:00",continue_watching,rec_v1,2,0
7716,194,57,"2026-06-06 13:20:00",detail_page,rec_v2,20,0
7717,641,121,"2026-05-17 08:12:00",home,rec_v1,11,0
7718,89,96,"2026-05-30 04:13:00",search,rec_v2,14,0
7719,952,29,"2026-07-29 12:19:00",detail_page,rec_v2,8,0
7720,58,97,"2026-05-11 00:06:00",home,rec_v2,5,0
7721,119,29,"2026-07-16 19:55:00",continue_watching,rec_v2,20,0
7722,727,30,"2026-06-26 19:03:00",home,rec_v2,11,0
7723,344,31,"2026-06-13 07:32:00",home,rec_v2,13,0
7724,562,31,"2026-05-26 08:36:00",home,rec_v1,15,0
7725,24,1,"2026-07-03 17:03:00",home,rec_v1,4,0
7726,5,105,"2026-05-23 13:48:00",search,rec_v1,9,0
7727,241,41,"2026-06-04 23:49:00",home,rec_v2,19,0
7728,322,21,"2026-06-30 14:57:00",search,rec_v1,19,0
7729,670,85,"2026-07-18 03:53:00",home,rec_v2,20,0
7730,292,62,"2026-06-06 11:21:00",search,rec_v1,7,0
7731,617,66,"2026-06-18 14:11:00",continue_watching,rec_v1,1,0
7732,291,70,"2026-05-05 11:55:00",search,rec_v1,2,0
7733,427,84,"2026-06-06 11:24:00",search,rec_v1,20,0
7734,222,49,"2026-07-25 01:17:00",continue_watching,rec_v1,3,0
7735,604,44,"2026-06-05 10:33:00",detail_page,rec_v2,1,0
7736,857,61,"2026-07-04 09:48:00",home,rec_v2,1,0
7737,839,148,"2026-06-21 14:22:00",home,rec_v2,9,1
7738,453,97,"2026-06-03 15:14:00",home,rec_v2,20,0
7739,860,7,"2026-06-19 04:19:00",home,rec_v1,16,0
7740,279,91,"2026-07-02 20:35:00",home,rec_v1,20,0
7741,538,94,"2026-07-18 23:32:00",detail_page,rec_v2,13,0
7742,341,66,"2026-07-20 11:58:00",search,rec_v1,9,0
7743,979,131,"2026-05-10 15:33:00",detail_page,rec_v2,17,0
7744,750,32,"2026-05-01 15:47:00",search,rec_v2,8,0
7745,83,119,"2026-05-04 14:58:00",search,rec_v1,1,0
7746,796,135,"2026-05-11 23:36:00",search,rec_v2,5,0
7747,736,45,"2026-05-30 18:28:00",home,rec_v1,3,0
7748,734,30,"2026-05-16 01:21:00",detail_page,rec_v2,14,1
7749,31,116,"2026-06-15 18:31:00",continue_watching,rec_v2,5,0
7750,480,112,"2026-07-11 06:54:00",detail_page,rec_v1,2,0
7751,675,36,"2026-07-13 05:24:00",continue_watching,rec_v2,14,0
7752,95,48,"2026-05-31 19:42:00",home,rec_v2,18,0
7753,452,146,"2026-06-30 11:48:00",continue_watching,rec_v2,3,0
7754,66,66,"2026-06-22 05:09:00",continue_watching,rec_v1,3,0
7755,676,68,"2026-05-03 13:16:00",detail_page,rec_v1,11,0
7756,661,77,"2026-05-29 07:57:00",continue_watching,rec_v2,6,0
7757,946,96,"2026-05-14 04:02:00",detail_page,rec_v2,12,0
7758,925,117,"2026-07-14 08:05:00",detail_page,rec_v1,19,0
7759,813,13,"2026-06-11 15:23:00",continue_watching,rec_v2,13,0
7760,719,39,"2026-07-17 01:58:00",home,rec_v2,6,1
7761,107,83,"2026-06-13 18:21:00",search,rec_v2,1,0
7762,924,89,"2026-07-11 07:47:00",search,rec_v1,5,0
7763,776,15,"2026-07-12 10:14:00",search,rec_v1,14,0
7764,44,108,"2026-07-06 21:28:00",search,rec_v1,19,0
7765,150,118,"2026-05-11 21:37:00",detail_page,rec_v2,14,0
7766,878,59,"2026-06-02 14:20:00",home,rec_v2,1,1
7767,982,115,"2026-05-16 18:47:00",continue_watching,rec_v2,11,0
7768,858,53,"2026-05-12 13:48:00",detail_page,rec_v2,4,1
7769,85,142,"2026-05-12 15:38:00",home,rec_v1,2,1
7770,283,103,"2026-06-12 21:00:00",detail_page,rec_v1,15,1
7771,736,96,"2026-05-21 00:46:00",home,rec_v1,11,0
7772,714,130,"2026-05-21 00:25:00",home,rec_v2,6,0
7773,961,143,"2026-07-20 06:18:00",search,rec_v1,4,0
7774,265,139,"2026-07-24 23:32:00",continue_watching,rec_v1,8,0
7775,577,39,"2026-05-11 01:57:00",home,rec_v2,9,0
7776,534,120,"2026-07-08 10:03:00",home,rec_v2,7,0
7777,215,13,"2026-05-19 21:16:00",continue_watching,rec_v1,4,0
7778,566,132,"2026-05-05 05:14:00",search,rec_v1,17,0
7779,86,86,"2026-05-31 14:28:00",search,rec_v1,5,0
7780,772,95,"2026-05-10 03:23:00",home,rec_v1,7,0
7781,876,20,"2026-06-12 16:53:00",search,rec_v1,19,0
7782,273,88,"2026-06-27 07:09:00",home,rec_v2,14,0
7783,951,149,"2026-07-08 17:46:00",detail_page,rec_v1,12,0
7784,463,27,"2026-05-10 07:44:00",search,rec_v1,2,0
7785,999,94,"2026-07-02 19:15:00",continue_watching,rec_v2,4,0
7786,992,114,"2026-06-01 00:27:00",home,rec_v1,7,0
7787,49,34,"2026-05-17 19:57:00",home,rec_v1,5,0
7788,983,116,"2026-05-09 08:01:00",home,rec_v2,10,0
7789,223,50,"2026-07-06 23:43:00",detail_page,rec_v2,3,0
7790,638,116,"2026-06-27 01:26:00",detail_page,rec_v1,3,1
7791,954,149,"2026-05-20 07:48:00",detail_page,rec_v2,16,0
7792,263,33,"2026-05-05 07:41:00",search,rec_v1,3,0
7793,778,63,"2026-05-07 20:11:00",home,rec_v1,20,0
7794,32,68,"2026-06-05 17:07:00",home,rec_v2,6,0
7795,48,80,"2026-06-23 06:49:00",home,rec_v2,14,0
7796,411,89,"2026-05-09 02:18:00",home,rec_v2,7,0
7797,649,47,"2026-05-13 07:54:00",search,rec_v1,19,0
7798,756,3,"2026-05-16 03:46:00",home,rec_v1,6,0
7799,542,140,"2026-06-19 13:14:00",continue_watching,rec_v1,16,0
7800,420,112,"2026-06-02 11:39:00",search,rec_v2,11,0
7801,586,91,"2026-07-27 14:49:00",search,rec_v1,18,0
7802,263,109,"2026-05-22 11:37:00",detail_page,rec_v1,10,0
7803,243,67,"2026-06-11 06:51:00",home,rec_v1,3,0
7804,745,131,"2026-05-25 03:41:00",detail_page,rec_v2,18,0
7805,124,143,"2026-05-15 09:26:00",home,rec_v1,9,0
7806,650,147,"2026-07-12 15:57:00",home,rec_v2,10,0
7807,538,91,"2026-07-11 11:12:00",detail_page,rec_v2,10,0
7808,83,68,"2026-05-17 02:55:00",home,rec_v2,15,0
7809,761,24,"2026-05-24 08:49:00",home,rec_v1,16,1
7810,277,60,"2026-07-22 05:47:00",search,rec_v2,13,0
7811,680,102,"2026-05-11 11:47:00",continue_watching,rec_v1,7,0
7812,361,83,"2026-05-25 00:34:00",home,rec_v1,11,0
7813,797,29,"2026-07-16 02:11:00",home,rec_v1,1,0
7814,814,120,"2026-06-10 04:15:00",search,rec_v1,2,0
7815,986,118,"2026-06-21 02:54:00",home,rec_v1,9,0
7816,405,42,"2026-05-05 15:07:00",detail_page,rec_v2,7,0
7817,837,23,"2026-07-09 05:54:00",detail_page,rec_v1,18,0
7818,530,145,"2026-07-14 22:10:00",home,rec_v1,11,1
7819,12,93,"2026-05-04 08:24:00",home,rec_v1,12,1
7820,472,129,"2026-05-31 08:54:00",home,rec_v2,6,1
7821,724,101,"2026-07-24 06:48:00",home,rec_v2,6,0
7822,838,130,"2026-07-15 09:14:00",home,rec_v2,9,0
7823,420,90,"2026-05-08 13:56:00",detail_page,rec_v2,19,0
7824,352,53,"2026-06-29 04:22:00",home,rec_v2,9,0
7825,218,63,"2026-06-19 12:35:00",home,rec_v2,10,0
7826,4,23,"2026-05-12 09:18:00",detail_page,rec_v1,3,0
7827,998,134,"2026-06-28 21:29:00",continue_watching,rec_v2,18,0
7828,81,33,"2026-07-28 11:09:00",home,rec_v2,20,0
7829,567,147,"2026-06-17 08:49:00",search,rec_v1,1,0
7830,719,39,"2026-06-29 12:04:00",continue_watching,rec_v1,2,1
7831,317,18,"2026-07-13 16:11:00",search,rec_v2,19,0
7832,840,104,"2026-07-19 06:16:00",search,rec_v1,18,0
7833,725,105,"2026-06-10 19:28:00",home,rec_v1,1,0
7834,680,124,"2026-06-14 09:28:00",home,rec_v2,19,0
7835,190,94,"2026-06-30 14:18:00",detail_page,rec_v2,19,1
7836,122,42,"2026-05-31 18:35:00",home,rec_v1,14,0
7837,399,110,"2026-06-22 22:16:00",home,rec_v1,14,0
7838,337,112,"2026-05-28 03:57:00",home,rec_v1,3,0
7839,180,47,"2026-05-11 21:05:00",home,rec_v2,11,0
7840,773,127,"2026-05-17 10:24:00",home,rec_v2,12,0
7841,233,42,"2026-05-10 04:15:00",home,rec_v2,12,0
7842,158,100,"2026-07-14 23:36:00",continue_watching,rec_v2,12,1
7843,836,54,"2026-07-06 04:44:00",home,rec_v2,6,0
7844,574,129,"2026-05-26 15:52:00",detail_page,rec_v1,19,0
7845,747,137,"2026-06-27 17:34:00",continue_watching,rec_v2,13,0
7846,542,4,"2026-05-09 21:59:00",home,rec_v2,6,0
7847,292,80,"2026-07-06 20:00:00",home,rec_v2,6,0
7848,765,109,"2026-05-10 09:29:00",continue_watching,rec_v1,14,0
7849,956,60,"2026-06-29 09:38:00",home,rec_v2,6,0
7850,267,36,"2026-07-21 13:33:00",home,rec_v2,2,1
7851,584,59,"2026-06-24 19:18:00",continue_watching,rec_v2,18,0
7852,86,13,"2026-07-24 17:54:00",home,rec_v2,19,0
7853,357,7,"2026-07-07 11:05:00",home,rec_v2,6,0
7854,304,143,"2026-07-08 21:57:00",home,rec_v2,2,0
7855,787,79,"2026-06-15 11:01:00",continue_watching,rec_v2,1,0
7856,881,133,"2026-06-12 03:19:00",search,rec_v2,3,0
7857,964,103,"2026-06-25 12:17:00",search,rec_v1,5,0
7858,958,52,"2026-06-11 12:22:00",search,rec_v1,3,0
7859,537,73,"2026-07-01 09:01:00",home,rec_v2,13,0
7860,236,3,"2026-07-11 01:27:00",search,rec_v2,16,0
7861,611,26,"2026-05-28 17:46:00",home,rec_v2,19,0
7862,978,129,"2026-05-28 11:40:00",home,rec_v2,16,0
7863,468,72,"2026-05-10 07:50:00",home,rec_v1,15,0
7864,418,97,"2026-07-09 11:30:00",continue_watching,rec_v2,14,0
7865,454,26,"2026-06-04 09:33:00",home,rec_v2,3,0
7866,723,30,"2026-05-09 14:12:00",continue_watching,rec_v2,19,0
7867,900,36,"2026-05-29 06:45:00",home,rec_v2,4,0
7868,506,78,"2026-06-14 15:55:00",search,rec_v2,14,0
7869,280,53,"2026-05-16 18:33:00",home,rec_v1,4,0
7870,28,43,"2026-06-29 21:28:00",continue_watching,rec_v1,4,0
7871,586,18,"2026-05-25 13:31:00",home,rec_v1,3,0
7872,47,21,"2026-06-28 21:16:00",search,rec_v2,15,0
7873,574,24,"2026-05-29 12:26:00",detail_page,rec_v2,4,0
7874,891,71,"2026-07-20 15:45:00",home,rec_v1,6,0
7875,177,66,"2026-05-30 07:40:00",detail_page,rec_v1,9,0
7876,490,3,"2026-06-16 07:45:00",continue_watching,rec_v2,2,0
7877,473,133,"2026-06-28 14:18:00",detail_page,rec_v2,9,0
7878,420,74,"2026-05-15 21:21:00",home,rec_v1,10,0
7879,63,45,"2026-06-05 03:36:00",search,rec_v1,11,0
7880,678,75,"2026-06-06 06:30:00",home,rec_v1,1,0
7881,716,45,"2026-06-22 00:55:00",search,rec_v1,8,0
7882,738,134,"2026-06-28 23:28:00",home,rec_v1,17,0
7883,965,62,"2026-05-19 22:34:00",detail_page,rec_v2,9,0
7884,597,113,"2026-07-26 02:32:00",home,rec_v1,18,0
7885,916,6,"2026-07-02 15:24:00",home,rec_v2,13,0
7886,610,129,"2026-05-05 04:18:00",continue_watching,rec_v2,9,1
7887,462,133,"2026-05-19 05:16:00",home,rec_v1,13,0
7888,930,71,"2026-06-26 05:55:00",continue_watching,rec_v1,10,0
7889,469,15,"2026-05-25 00:39:00",home,rec_v2,3,0
7890,918,126,"2026-06-27 14:46:00",search,rec_v2,1,0
7891,442,6,"2026-07-21 13:06:00",search,rec_v1,8,0
7892,151,3,"2026-07-27 04:47:00",detail_page,rec_v1,6,0
7893,550,3,"2026-06-08 08:13:00",search,rec_v1,9,0
7894,647,81,"2026-05-19 10:26:00",home,rec_v1,5,1
7895,22,53,"2026-07-12 08:23:00",continue_watching,rec_v1,6,0
7896,154,59,"2026-05-16 03:32:00",search,rec_v1,10,0
7897,275,19,"2026-07-21 19:03:00",detail_page,rec_v2,2,0
7898,570,135,"2026-07-25 00:36:00",search,rec_v1,9,0
7899,599,70,"2026-06-19 07:53:00",continue_watching,rec_v1,6,0
7900,979,50,"2026-05-12 13:13:00",home,rec_v2,14,0
7901,405,31,"2026-06-24 18:28:00",search,rec_v2,3,1
7902,202,38,"2026-07-25 06:13:00",continue_watching,rec_v1,8,0
7903,457,82,"2026-07-05 03:25:00",continue_watching,rec_v1,3,0
7904,354,92,"2026-07-15 03:07:00",home,rec_v2,5,1
7905,941,127,"2026-07-13 00:18:00",home,rec_v2,6,0
7906,674,88,"2026-06-25 19:48:00",detail_page,rec_v2,7,1
7907,664,14,"2026-06-17 18:08:00",home,rec_v2,9,0
7908,149,13,"2026-07-08 10:14:00",continue_watching,rec_v1,13,0
7909,851,141,"2026-05-23 10:32:00",home,rec_v2,16,0
7910,446,98,"2026-06-13 23:05:00",detail_page,rec_v2,19,0
7911,927,125,"2026-07-26 22:09:00",home,rec_v2,15,0
7912,232,60,"2026-05-31 06:07:00",continue_watching,rec_v1,16,0
7913,604,10,"2026-05-17 18:42:00",home,rec_v2,2,0
7914,609,75,"2026-07-01 19:23:00",detail_page,rec_v2,4,0
7915,173,119,"2026-07-25 11:31:00",detail_page,rec_v1,5,0
7916,924,12,"2026-06-11 23:58:00",search,rec_v2,5,0
7917,37,148,"2026-07-12 14:19:00",search,rec_v1,6,0
7918,137,117,"2026-05-30 19:55:00",home,rec_v2,8,0
7919,458,39,"2026-05-05 22:46:00",home,rec_v1,3,1
7920,894,76,"2026-06-13 16:23:00",home,rec_v1,2,0
7921,465,78,"2026-07-18 20:53:00",home,rec_v1,16,0
7922,718,103,"2026-06-14 10:29:00",search,rec_v1,8,1
7923,870,35,"2026-05-20 22:39:00",detail_page,rec_v1,1,0
7924,230,78,"2026-05-11 23:35:00",continue_watching,rec_v2,4,0
7925,724,81,"2026-07-11 21:47:00",detail_page,rec_v1,20,0
7926,57,59,"2026-06-16 09:08:00",continue_watching,rec_v1,7,0
7927,276,53,"2026-05-10 14:19:00",detail_page,rec_v1,15,0
7928,112,39,"2026-07-24 19:19:00",detail_page,rec_v2,1,0
7929,278,142,"2026-07-21 20:31:00",search,rec_v1,20,0
7930,719,94,"2026-06-21 10:35:00",detail_page,rec_v2,8,0
7931,182,150,"2026-05-13 02:55:00",continue_watching,rec_v2,17,1
7932,406,54,"2026-07-19 13:46:00",search,rec_v1,14,0
7933,284,110,"2026-07-15 14:13:00",search,rec_v2,7,0
7934,787,57,"2026-06-19 09:51:00",home,rec_v2,19,1
7935,403,123,"2026-05-04 13:20:00",search,rec_v2,20,0
7936,768,105,"2026-07-17 01:43:00",continue_watching,rec_v2,9,0
7937,601,17,"2026-05-11 22:08:00",search,rec_v1,2,1
7938,343,118,"2026-05-21 19:17:00",home,rec_v1,17,0
7939,539,127,"2026-05-13 08:09:00",home,rec_v2,6,0
7940,17,34,"2026-05-15 16:30:00",search,rec_v2,6,0
7941,929,96,"2026-05-15 09:39:00",home,rec_v2,6,0
7942,983,38,"2026-05-22 23:18:00",home,rec_v1,9,0
7943,70,99,"2026-06-04 22:13:00",continue_watching,rec_v1,18,0
7944,474,113,"2026-07-08 21:53:00",home,rec_v2,5,0
7945,478,29,"2026-06-29 11:34:00",search,rec_v2,14,1
7946,941,85,"2026-06-28 02:38:00",continue_watching,rec_v2,2,0
7947,812,138,"2026-05-22 03:23:00",home,rec_v2,20,0
7948,97,110,"2026-07-03 06:19:00",home,rec_v2,6,0
7949,579,24,"2026-07-09 11:24:00",search,rec_v1,13,0
7950,334,62,"2026-07-08 19:47:00",detail_page,rec_v1,18,0
7951,88,4,"2026-05-03 02:58:00",home,rec_v2,18,0
7952,899,30,"2026-07-16 02:56:00",search,rec_v1,14,0
7953,655,65,"2026-05-07 10:26:00",search,rec_v2,2,1
7954,204,60,"2026-06-26 21:18:00",detail_page,rec_v1,16,0
7955,265,75,"2026-07-19 12:29:00",home,rec_v2,10,0
7956,935,124,"2026-07-26 05:11:00",home,rec_v2,20,0
7957,298,73,"2026-07-12 13:12:00",home,rec_v2,3,0
7958,25,105,"2026-07-24 05:35:00",home,rec_v2,15,0
7959,592,67,"2026-05-12 10:31:00",continue_watching,rec_v2,4,1
7960,196,116,"2026-06-04 05:01:00",home,rec_v1,11,0
7961,620,53,"2026-07-23 00:14:00",home,rec_v2,17,0
7962,506,145,"2026-05-03 15:31:00",search,rec_v1,17,0
7963,181,22,"2026-07-25 19:05:00",home,rec_v2,7,0
7964,937,143,"2026-05-11 03:54:00",home,rec_v2,3,1
7965,399,44,"2026-05-16 12:23:00",detail_page,rec_v1,20,0
7966,325,108,"2026-05-12 21:09:00",detail_page,rec_v2,10,0
7967,689,47,"2026-07-12 14:15:00",search,rec_v2,1,0
7968,102,43,"2026-06-02 07:09:00",continue_watching,rec_v1,2,1
7969,513,31,"2026-05-14 23:17:00",home,rec_v2,14,0
7970,818,120,"2026-06-16 16:49:00",home,rec_v1,4,0
7971,612,69,"2026-05-05 13:40:00",search,rec_v1,16,0
7972,219,125,"2026-06-07 20:28:00",continue_watching,rec_v2,17,0
7973,755,27,"2026-07-04 21:32:00",search,rec_v2,16,0
7974,879,26,"2026-06-20 15:56:00",home,rec_v2,3,0
7975,3,131,"2026-07-05 16:39:00",continue_watching,rec_v2,12,0
7976,526,87,"2026-05-09 07:11:00",continue_watching,rec_v2,2,0
7977,413,139,"2026-05-27 09:34:00",detail_page,rec_v2,19,0
7978,711,65,"2026-05-05 23:04:00",continue_watching,rec_v1,2,0
7979,373,45,"2026-06-19 22:52:00",search,rec_v2,6,0
7980,989,87,"2026-06-13 00:24:00",detail_page,rec_v2,2,1
7981,916,31,"2026-06-30 06:21:00",home,rec_v1,16,0
7982,276,74,"2026-07-01 15:54:00",detail_page,rec_v2,11,0
7983,254,4,"2026-06-11 05:26:00",search,rec_v1,11,0
7984,439,121,"2026-07-27 23:56:00",home,rec_v1,20,0
7985,683,125,"2026-06-17 08:18:00",home,rec_v1,15,0
7986,83,105,"2026-05-19 08:19:00",search,rec_v2,14,0
7987,773,124,"2026-06-26 13:43:00",continue_watching,rec_v1,20,0
7988,857,10,"2026-06-11 18:40:00",home,rec_v1,6,0
7989,742,29,"2026-06-15 11:14:00",home,rec_v1,7,0
7990,293,92,"2026-05-28 15:27:00",home,rec_v1,20,1
7991,371,98,"2026-05-31 07:10:00",home,rec_v2,17,0
7992,308,19,"2026-07-29 06:47:00",search,rec_v1,5,0
7993,858,84,"2026-07-04 21:50:00",home,rec_v1,5,0
7994,240,92,"2026-07-22 03:51:00",home,rec_v2,10,0
7995,524,104,"2026-05-18 05:42:00",home,rec_v1,18,0
7996,359,138,"2026-05-24 01:05:00",home,rec_v1,16,1
7997,867,68,"2026-05-21 19:57:00",home,rec_v1,16,0
7998,197,21,"2026-06-09 19:48:00",home,rec_v1,2,0
7999,844,68,"2026-05-30 17:28:00",home,rec_v1,9,0
8000,606,102,"2026-05-10 11:09:00",detail_page,rec_v2,11,1
8001,834,82,"2026-05-18 16:55:00",continue_watching,rec_v2,18,0
8002,860,21,"2026-06-08 18:17:00",detail_page,rec_v1,20,0
8003,80,27,"2026-06-22 06:43:00",search,rec_v2,10,0
8004,723,122,"2026-05-18 16:06:00",detail_page,rec_v1,16,0
8005,522,83,"2026-05-27 16:53:00",home,rec_v2,16,0
8006,474,6,"2026-06-06 02:52:00",home,rec_v2,11,0
8007,520,49,"2026-05-29 09:42:00",search,rec_v2,14,0
8008,967,60,"2026-07-24 13:04:00",home,rec_v2,12,0
8009,998,19,"2026-07-06 02:01:00",detail_page,rec_v2,12,0
8010,465,14,"2026-07-23 03:42:00",home,rec_v2,13,0
8011,411,145,"2026-06-18 22:46:00",home,rec_v1,12,0
8012,828,39,"2026-05-03 09:55:00",home,rec_v2,9,0
8013,837,27,"2026-06-08 10:40:00",detail_page,rec_v2,14,1
8014,412,80,"2026-06-21 08:21:00",detail_page,rec_v1,8,0
8015,337,138,"2026-05-20 04:02:00",search,rec_v1,8,0
8016,92,68,"2026-06-22 22:11:00",home,rec_v1,12,0
8017,524,84,"2026-07-24 17:54:00",search,rec_v1,17,0
8018,985,45,"2026-07-07 20:13:00",home,rec_v2,14,0
8019,213,67,"2026-06-15 12:15:00",search,rec_v1,2,0
8020,22,39,"2026-07-16 20:17:00",search,rec_v1,1,1
8021,409,105,"2026-07-17 06:50:00",home,rec_v1,17,0
8022,845,104,"2026-07-12 11:13:00",home,rec_v1,13,0
8023,148,127,"2026-07-03 05:46:00",search,rec_v2,12,1
8024,624,76,"2026-07-24 23:58:00",detail_page,rec_v2,2,0
8025,158,35,"2026-07-13 23:59:00",continue_watching,rec_v1,12,0
8026,378,52,"2026-06-11 13:15:00",home,rec_v1,16,1
8027,172,74,"2026-05-13 09:44:00",search,rec_v1,7,0
8028,113,13,"2026-07-09 12:38:00",detail_page,rec_v1,4,0
8029,773,76,"2026-05-29 01:56:00",home,rec_v1,10,0
8030,933,97,"2026-05-25 03:37:00",search,rec_v2,11,1
8031,951,34,"2026-07-27 10:06:00",home,rec_v1,11,0
8032,232,70,"2026-06-24 11:32:00",search,rec_v1,4,0
8033,294,19,"2026-06-28 02:39:00",home,rec_v1,15,0
8034,306,28,"2026-06-04 13:37:00",home,rec_v2,13,0
8035,592,144,"2026-05-18 00:31:00",continue_watching,rec_v1,20,0
8036,691,50,"2026-07-26 18:29:00",search,rec_v2,17,0
8037,164,135,"2026-05-27 09:13:00",detail_page,rec_v2,7,0
8038,376,92,"2026-06-29 16:00:00",detail_page,rec_v1,3,1
8039,947,90,"2026-05-12 18:12:00",home,rec_v2,19,0
8040,967,2,"2026-05-08 15:27:00",detail_page,rec_v2,12,0
8041,748,125,"2026-05-06 06:53:00",home,rec_v2,9,0
8042,679,146,"2026-05-10 02:57:00",home,rec_v1,3,1
8043,559,122,"2026-05-01 03:35:00",search,rec_v1,8,0
8044,651,110,"2026-05-03 00:26:00",detail_page,rec_v1,3,1
8045,824,2,"2026-05-04 02:02:00",home,rec_v2,20,0
8046,148,21,"2026-05-04 16:20:00",continue_watching,rec_v2,18,0
8047,307,45,"2026-06-01 14:08:00",detail_page,rec_v2,14,0
8048,530,99,"2026-07-13 23:29:00",home,rec_v1,20,1
8049,330,69,"2026-05-26 18:41:00",detail_page,rec_v2,3,1
8050,392,128,"2026-05-20 13:15:00",search,rec_v1,20,0
8051,889,106,"2026-07-08 15:16:00",search,rec_v1,15,0
8052,854,98,"2026-05-23 20:43:00",detail_page,rec_v2,5,0
8053,343,135,"2026-07-27 16:06:00",detail_page,rec_v1,18,0
8054,590,86,"2026-05-08 12:29:00",search,rec_v2,5,1
8055,704,115,"2026-06-05 13:34:00",home,rec_v1,6,0
8056,219,140,"2026-05-15 08:19:00",search,rec_v2,7,0
8057,160,102,"2026-07-09 09:54:00",detail_page,rec_v1,11,1
8058,214,78,"2026-06-18 04:41:00",home,rec_v1,5,0
8059,238,1,"2026-05-07 11:46:00",home,rec_v2,9,0
8060,373,8,"2026-05-23 15:52:00",search,rec_v2,10,0
8061,88,139,"2026-05-29 16:55:00",detail_page,rec_v1,7,0
8062,108,12,"2026-07-14 02:22:00",continue_watching,rec_v1,9,0
8063,222,56,"2026-05-04 06:19:00",home,rec_v1,19,0
8064,838,149,"2026-06-23 11:19:00",continue_watching,rec_v1,9,1
8065,57,136,"2026-07-24 00:30:00",search,rec_v2,17,0
8066,540,101,"2026-06-04 00:00:00",home,rec_v2,5,1
8067,344,94,"2026-07-03 02:09:00",home,rec_v2,10,0
8068,596,45,"2026-06-14 23:43:00",search,rec_v1,3,0
8069,150,93,"2026-05-12 21:03:00",detail_page,rec_v2,10,0
8070,141,48,"2026-07-09 10:52:00",detail_page,rec_v1,14,0
8071,628,91,"2026-05-16 21:36:00",home,rec_v1,9,0
8072,461,20,"2026-07-02 17:15:00",home,rec_v1,8,0
8073,468,128,"2026-06-10 21:44:00",search,rec_v1,6,0
8074,297,63,"2026-06-17 02:08:00",home,rec_v1,13,0
8075,235,18,"2026-07-23 17:29:00",search,rec_v2,7,0
8076,479,52,"2026-06-27 11:59:00",home,rec_v2,15,0
8077,223,16,"2026-07-19 11:42:00",detail_page,rec_v2,11,0
8078,365,131,"2026-05-14 00:04:00",search,rec_v2,12,0
8079,831,100,"2026-07-17 22:55:00",continue_watching,rec_v1,12,0
8080,902,142,"2026-06-21 21:08:00",search,rec_v1,8,0
8081,772,131,"2026-07-24 08:40:00",home,rec_v1,9,0
8082,693,80,"2026-06-28 00:44:00",continue_watching,rec_v1,14,0
8083,420,30,"2026-06-26 19:17:00",home,rec_v2,1,0
8084,81,26,"2026-07-24 14:57:00",detail_page,rec_v2,12,0
8085,45,127,"2026-07-24 17:26:00",home,rec_v1,18,0
8086,815,98,"2026-07-20 14:33:00",home,rec_v2,18,0
8087,29,17,"2026-06-14 10:02:00",home,rec_v2,5,0
8088,926,3,"2026-07-14 23:17:00",home,rec_v1,14,0
8089,658,30,"2026-06-02 09:57:00",detail_page,rec_v1,9,0
8090,400,13,"2026-06-04 01:38:00",search,rec_v1,4,0
8091,787,124,"2026-06-07 23:57:00",search,rec_v2,9,0
8092,783,39,"2026-07-17 18:23:00",home,rec_v1,3,0
8093,907,77,"2026-07-04 15:42:00",home,rec_v1,5,0
8094,178,128,"2026-07-04 06:52:00",home,rec_v2,8,0
8095,973,116,"2026-06-03 06:20:00",search,rec_v1,4,0
8096,246,10,"2026-07-13 10:43:00",continue_watching,rec_v2,17,0
8097,782,16,"2026-05-30 13:09:00",home,rec_v2,7,0
8098,897,21,"2026-06-10 07:26:00",home,rec_v1,2,0
8099,287,102,"2026-05-20 01:43:00",detail_page,rec_v1,3,0
8100,396,117,"2026-07-19 07:55:00",home,rec_v1,19,0
8101,548,54,"2026-06-01 20:10:00",home,rec_v2,10,0
8102,371,49,"2026-05-10 22:39:00",search,rec_v1,4,1
8103,982,148,"2026-06-22 19:24:00",search,rec_v2,4,0
8104,667,6,"2026-07-24 20:51:00",home,rec_v1,15,0
8105,422,66,"2026-07-08 09:02:00",continue_watching,rec_v1,18,0
8106,394,34,"2026-06-27 08:07:00",search,rec_v1,14,0
8107,114,49,"2026-05-09 00:33:00",home,rec_v2,8,0
8108,289,142,"2026-06-29 04:04:00",home,rec_v2,5,0
8109,839,113,"2026-07-09 14:04:00",search,rec_v2,12,0
8110,531,71,"2026-05-30 23:16:00",search,rec_v1,6,0
8111,455,124,"2026-07-29 03:36:00",home,rec_v1,5,1
8112,434,112,"2026-07-19 13:46:00",search,rec_v2,6,0
8113,197,73,"2026-05-24 03:49:00",continue_watching,rec_v2,4,0
8114,603,10,"2026-06-06 22:00:00",home,rec_v2,5,1
8115,872,143,"2026-05-18 12:00:00",home,rec_v1,9,0
8116,855,126,"2026-05-10 08:39:00",home,rec_v2,6,0
8117,897,89,"2026-05-25 12:53:00",home,rec_v1,15,0
8118,346,54,"2026-07-02 15:42:00",home,rec_v2,5,0
8119,535,108,"2026-06-17 08:23:00",search,rec_v1,6,0
8120,341,57,"2026-05-31 15:24:00",home,rec_v1,15,0
8121,268,102,"2026-06-28 05:26:00",search,rec_v1,8,0
8122,504,29,"2026-05-20 23:59:00",continue_watching,rec_v1,11,0
8123,506,126,"2026-07-06 06:56:00",home,rec_v1,6,0
8124,870,42,"2026-07-29 02:24:00",detail_page,rec_v1,2,0
8125,13,39,"2026-05-20 13:13:00",detail_page,rec_v2,5,0
8126,49,49,"2026-05-21 13:54:00",detail_page,rec_v2,7,0
8127,382,54,"2026-06-02 16:03:00",detail_page,rec_v1,5,1
8128,426,145,"2026-05-26 11:16:00",search,rec_v1,14,0
8129,520,97,"2026-07-06 12:19:00",search,rec_v2,20,1
8130,873,30,"2026-07-16 10:10:00",home,rec_v2,10,0
8131,744,83,"2026-05-23 12:57:00",detail_page,rec_v2,16,0
8132,504,81,"2026-06-22 22:23:00",home,rec_v1,18,0
8133,516,140,"2026-06-17 19:38:00",detail_page,rec_v1,13,0
8134,410,59,"2026-05-23 04:43:00",detail_page,rec_v1,17,0
8135,618,21,"2026-05-09 20:46:00",home,rec_v1,13,0
8136,303,119,"2026-06-11 12:48:00",home,rec_v2,9,0
8137,117,19,"2026-07-24 03:13:00",detail_page,rec_v2,2,0
8138,439,96,"2026-06-28 12:39:00",home,rec_v2,13,0
8139,186,109,"2026-06-13 21:59:00",detail_page,rec_v2,20,0
8140,470,92,"2026-07-13 03:04:00",home,rec_v1,7,0
8141,267,94,"2026-06-07 14:42:00",home,rec_v1,8,0
8142,616,84,"2026-06-08 09:46:00",detail_page,rec_v1,11,0
8143,158,40,"2026-07-04 03:59:00",continue_watching,rec_v1,2,0
8144,307,125,"2026-06-06 12:14:00",home,rec_v2,15,0
8145,758,94,"2026-06-30 23:37:00",detail_page,rec_v1,6,0
8146,938,141,"2026-07-02 04:54:00",home,rec_v2,9,1
8147,522,39,"2026-06-03 19:49:00",detail_page,rec_v1,10,0
8148,230,122,"2026-07-26 23:44:00",home,rec_v2,6,0
8149,532,58,"2026-05-08 15:35:00",detail_page,rec_v1,13,0
8150,528,108,"2026-06-10 17:58:00",detail_page,rec_v2,15,0
8151,448,135,"2026-07-23 10:52:00",search,rec_v1,1,0
8152,545,23,"2026-07-28 19:22:00",home,rec_v2,9,0
8153,680,141,"2026-07-29 16:07:00",home,rec_v2,3,0
8154,781,120,"2026-07-02 11:43:00",home,rec_v1,11,0
8155,586,143,"2026-07-01 06:46:00",search,rec_v1,12,0
8156,80,148,"2026-05-06 21:05:00",search,rec_v2,20,0
8157,327,32,"2026-07-17 01:14:00",home,rec_v2,10,0
8158,82,80,"2026-05-12 22:15:00",home,rec_v2,10,1
8159,537,85,"2026-07-17 13:37:00",detail_page,rec_v1,15,1
8160,931,23,"2026-06-20 15:50:00",search,rec_v1,2,1
8161,262,103,"2026-05-04 07:44:00",detail_page,rec_v1,5,0
8162,368,67,"2026-06-30 18:13:00",detail_page,rec_v2,6,0
8163,893,59,"2026-05-10 02:55:00",detail_page,rec_v1,17,1
8164,756,149,"2026-06-02 16:19:00",detail_page,rec_v2,20,1
8165,851,100,"2026-05-25 15:42:00",home,rec_v1,8,0
8166,583,129,"2026-05-26 11:27:00",detail_page,rec_v2,13,0
8167,679,21,"2026-06-18 22:40:00",detail_page,rec_v2,10,0
8168,974,133,"2026-07-03 03:59:00",continue_watching,rec_v1,6,1
8169,776,128,"2026-05-04 20:30:00",detail_page,rec_v1,15,0
8170,343,36,"2026-06-05 14:55:00",home,rec_v1,13,1
8171,486,15,"2026-07-04 09:22:00",home,rec_v1,14,0
8172,636,130,"2026-05-26 12:04:00",search,rec_v2,10,0
8173,988,12,"2026-07-07 05:10:00",detail_page,rec_v2,9,0
8174,274,97,"2026-06-22 04:29:00",search,rec_v1,17,0
8175,646,91,"2026-06-06 20:34:00",detail_page,rec_v1,14,0
8176,516,87,"2026-06-20 10:00:00",continue_watching,rec_v2,15,0
8177,451,135,"2026-06-24 22:01:00",home,rec_v1,10,0
8178,785,87,"2026-07-12 17:10:00",home,rec_v1,2,0
8179,401,20,"2026-07-19 14:22:00",search,rec_v1,5,0
8180,23,64,"2026-07-11 10:04:00",search,rec_v2,4,0
8181,739,113,"2026-07-20 00:07:00",search,rec_v2,5,0
8182,860,49,"2026-07-18 17:39:00",home,rec_v1,15,0
8183,9,56,"2026-06-11 03:39:00",home,rec_v1,18,0
8184,552,140,"2026-05-02 22:37:00",search,rec_v2,4,0
8185,41,65,"2026-07-16 03:52:00",home,rec_v2,11,0
8186,445,100,"2026-05-21 02:57:00",detail_page,rec_v1,13,0
8187,723,142,"2026-06-30 17:45:00",detail_page,rec_v1,20,0
8188,676,36,"2026-07-20 12:18:00",home,rec_v1,10,0
8189,188,25,"2026-05-06 03:45:00",home,rec_v1,1,0
8190,551,115,"2026-06-21 05:29:00",continue_watching,rec_v1,16,0
8191,938,24,"2026-05-16 21:03:00",home,rec_v2,15,0
8192,583,56,"2026-07-07 08:53:00",search,rec_v2,12,0
8193,83,46,"2026-06-24 15:29:00",home,rec_v1,20,0
8194,25,18,"2026-05-22 07:59:00",home,rec_v1,10,0
8195,486,69,"2026-07-04 22:35:00",home,rec_v2,2,0
8196,960,121,"2026-07-04 06:04:00",home,rec_v1,3,0
8197,619,40,"2026-06-19 00:29:00",home,rec_v2,19,0
8198,320,62,"2026-06-19 16:49:00",detail_page,rec_v2,18,0
8199,245,141,"2026-05-02 06:20:00",detail_page,rec_v1,8,0
8200,851,61,"2026-07-23 13:01:00",home,rec_v2,7,0
8201,415,18,"2026-05-28 05:33:00",detail_page,rec_v1,10,0
8202,424,20,"2026-06-25 03:27:00",home,rec_v2,14,1
8203,12,102,"2026-07-03 15:59:00",continue_watching,rec_v2,5,0
8204,916,149,"2026-05-17 18:48:00",home,rec_v1,3,0
8205,503,130,"2026-06-22 17:46:00",detail_page,rec_v2,17,0
8206,216,38,"2026-05-04 19:32:00",home,rec_v1,18,0
8207,531,20,"2026-07-23 14:36:00",home,rec_v1,8,0
8208,817,37,"2026-06-29 12:28:00",continue_watching,rec_v2,10,0
8209,451,133,"2026-05-22 13:45:00",detail_page,rec_v1,20,0
8210,317,69,"2026-05-12 06:03:00",home,rec_v1,10,0
8211,276,65,"2026-05-14 18:53:00",home,rec_v2,10,0
8212,613,77,"2026-05-09 09:12:00",detail_page,rec_v2,18,0
8213,767,128,"2026-05-04 22:39:00",home,rec_v1,17,0
8214,195,21,"2026-05-06 00:46:00",search,rec_v2,15,0
8215,612,24,"2026-05-01 23:09:00",home,rec_v1,19,0
8216,592,45,"2026-07-24 12:46:00",continue_watching,rec_v2,3,1
8217,157,78,"2026-05-14 03:18:00",home,rec_v2,20,0
8218,209,28,"2026-05-06 02:18:00",continue_watching,rec_v1,14,0
8219,301,73,"2026-07-21 12:35:00",home,rec_v2,15,0
8220,854,139,"2026-06-25 14:42:00",home,rec_v2,14,0
8221,449,48,"2026-06-21 05:54:00",continue_watching,rec_v1,1,0
8222,787,127,"2026-06-03 09:38:00",detail_page,rec_v1,2,0
8223,706,80,"2026-05-06 18:25:00",home,rec_v1,17,0
8224,154,89,"2026-07-23 19:41:00",search,rec_v1,7,1
8225,424,143,"2026-05-15 15:49:00",detail_page,rec_v2,4,0
8226,156,130,"2026-06-16 18:25:00",home,rec_v1,10,0
8227,427,7,"2026-07-15 00:30:00",home,rec_v2,19,1
8228,519,77,"2026-06-28 13:07:00",search,rec_v2,3,0
8229,939,4,"2026-07-23 05:28:00",home,rec_v1,10,0
8230,860,6,"2026-07-20 23:35:00",search,rec_v2,18,0
8231,452,85,"2026-07-24 12:39:00",home,rec_v1,6,0
8232,767,134,"2026-07-19 10:21:00",home,rec_v1,8,0
8233,197,83,"2026-06-20 05:51:00",detail_page,rec_v1,3,1
8234,326,139,"2026-05-13 16:30:00",home,rec_v1,14,0
8235,318,22,"2026-07-07 12:07:00",detail_page,rec_v2,16,0
8236,916,131,"2026-07-25 10:46:00",continue_watching,rec_v1,6,0
8237,403,10,"2026-05-25 00:25:00",home,rec_v1,10,0
8238,860,72,"2026-05-21 00:14:00",detail_page,rec_v2,19,0
8239,733,129,"2026-06-22 02:15:00",home,rec_v2,12,0
8240,464,74,"2026-06-29 06:03:00",home,rec_v2,8,0
8241,237,15,"2026-05-25 18:41:00",detail_page,rec_v1,2,0
8242,863,87,"2026-06-19 20:05:00",detail_page,rec_v1,12,0
8243,359,61,"2026-06-01 05:42:00",home,rec_v2,5,0
8244,370,138,"2026-06-30 09:35:00",home,rec_v2,20,1
8245,454,51,"2026-05-22 16:22:00",home,rec_v1,20,0
8246,714,136,"2026-06-04 16:22:00",detail_page,rec_v2,11,0
8247,565,88,"2026-07-18 23:15:00",detail_page,rec_v1,5,1
8248,977,148,"2026-07-19 17:03:00",detail_page,rec_v2,20,0
8249,218,48,"2026-07-26 23:32:00",detail_page,rec_v2,13,0
8250,560,49,"2026-07-02 04:37:00",home,rec_v1,9,0
8251,645,43,"2026-05-05 01:23:00",home,rec_v2,2,0
8252,604,130,"2026-07-24 13:28:00",home,rec_v1,1,0
8253,456,20,"2026-07-12 23:03:00",detail_page,rec_v2,2,1
8254,875,113,"2026-07-13 06:51:00",home,rec_v2,7,0
8255,377,93,"2026-05-21 03:59:00",detail_page,rec_v1,20,0
8256,885,83,"2026-05-19 09:22:00",home,rec_v2,5,0
8257,958,140,"2026-06-04 04:34:00",home,rec_v1,6,0
8258,24,13,"2026-05-03 23:53:00",home,rec_v1,16,0
8259,343,139,"2026-05-08 14:41:00",search,rec_v2,2,0
8260,190,38,"2026-06-21 00:43:00",search,rec_v2,1,0
8261,544,126,"2026-06-03 20:35:00",continue_watching,rec_v2,17,0
8262,891,35,"2026-07-23 07:27:00",home,rec_v1,18,0
8263,39,41,"2026-07-13 05:37:00",home,rec_v1,4,0
8264,600,36,"2026-07-19 08:08:00",search,rec_v2,3,0
8265,239,72,"2026-07-19 16:10:00",home,rec_v2,19,0
8266,497,107,"2026-06-25 17:12:00",detail_page,rec_v1,20,0
8267,840,39,"2026-05-01 12:30:00",home,rec_v1,12,0
8268,477,2,"2026-07-11 22:24:00",home,rec_v2,7,0
8269,237,3,"2026-05-27 08:18:00",home,rec_v2,18,0
8270,926,146,"2026-06-21 04:28:00",continue_watching,rec_v1,13,0
8271,300,75,"2026-05-21 01:40:00",home,rec_v2,7,0
8272,270,3,"2026-05-13 23:54:00",search,rec_v1,1,1
8273,72,30,"2026-06-28 12:25:00",home,rec_v2,12,0
8274,585,120,"2026-06-18 22:22:00",detail_page,rec_v1,3,0
8275,929,56,"2026-05-23 23:16:00",search,rec_v2,8,0
8276,342,55,"2026-05-28 09:52:00",continue_watching,rec_v2,11,0
8277,22,132,"2026-05-14 10:55:00",continue_watching,rec_v1,17,0
8278,572,25,"2026-07-24 03:01:00",home,rec_v1,15,0
8279,596,84,"2026-07-02 06:30:00",search,rec_v1,16,0
8280,851,37,"2026-07-22 18:51:00",search,rec_v2,13,0
8281,352,76,"2026-05-13 23:17:00",search,rec_v2,17,0
8282,220,140,"2026-06-10 09:43:00",home,rec_v1,6,0
8283,229,40,"2026-07-08 10:58:00",home,rec_v1,10,0
8284,245,36,"2026-06-13 09:50:00",continue_watching,rec_v2,1,1
8285,632,47,"2026-05-24 21:01:00",home,rec_v1,6,0
8286,745,64,"2026-05-11 23:38:00",home,rec_v1,17,0
8287,287,138,"2026-07-06 10:12:00",home,rec_v2,3,0
8288,676,133,"2026-06-17 12:15:00",detail_page,rec_v2,8,0
8289,793,69,"2026-07-22 05:47:00",search,rec_v2,9,0
8290,94,137,"2026-07-18 23:02:00",continue_watching,rec_v1,7,0
8291,148,76,"2026-07-09 03:27:00",home,rec_v1,3,0
8292,993,105,"2026-05-09 15:23:00",home,rec_v2,9,0
8293,816,64,"2026-06-12 23:17:00",home,rec_v2,11,0
8294,842,101,"2026-05-18 09:12:00",home,rec_v1,9,0
8295,900,91,"2026-06-12 04:12:00",continue_watching,rec_v1,18,1
8296,634,110,"2026-06-07 16:34:00",home,rec_v2,4,0
8297,109,1,"2026-06-16 15:34:00",detail_page,rec_v1,15,0
8298,674,116,"2026-05-26 01:04:00",home,rec_v2,19,0
8299,619,39,"2026-06-03 19:24:00",home,rec_v2,7,0
8300,487,60,"2026-06-07 19:37:00",home,rec_v1,12,0
8301,237,127,"2026-05-11 05:11:00",home,rec_v2,13,0
8302,512,16,"2026-06-29 01:27:00",continue_watching,rec_v2,17,0
8303,22,66,"2026-05-16 15:06:00",detail_page,rec_v2,7,0
8304,68,13,"2026-05-17 02:55:00",home,rec_v2,16,0
8305,271,75,"2026-06-24 21:41:00",home,rec_v2,16,0
8306,969,37,"2026-05-10 01:04:00",home,rec_v1,10,1
8307,520,117,"2026-07-13 05:57:00",home,rec_v1,20,0
8308,859,150,"2026-05-19 12:37:00",home,rec_v2,9,0
8309,809,51,"2026-06-03 02:49:00",home,rec_v2,13,0
8310,108,84,"2026-05-27 11:49:00",home,rec_v2,5,0
8311,466,21,"2026-07-26 21:48:00",search,rec_v1,14,0
8312,63,23,"2026-05-19 23:31:00",home,rec_v1,14,0
8313,225,48,"2026-07-12 02:08:00",home,rec_v2,15,0
8314,604,71,"2026-07-13 20:23:00",home,rec_v2,16,0
8315,183,7,"2026-07-09 21:48:00",home,rec_v1,8,0
8316,454,100,"2026-06-23 14:14:00",detail_page,rec_v2,20,0
8317,446,36,"2026-06-11 21:18:00",home,rec_v2,8,0
8318,675,13,"2026-07-08 13:34:00",home,rec_v1,2,0
8319,604,136,"2026-07-26 06:58:00",continue_watching,rec_v1,7,0
8320,844,143,"2026-06-22 22:56:00",continue_watching,rec_v2,17,0
8321,210,94,"2026-07-18 14:53:00",home,rec_v1,3,1
8322,568,27,"2026-07-07 12:29:00",home,rec_v2,19,0
8323,449,57,"2026-05-30 21:18:00",detail_page,rec_v1,2,0
8324,703,119,"2026-05-20 07:33:00",home,rec_v2,17,0
8325,3,10,"2026-06-26 10:53:00",home,rec_v2,15,0
8326,782,42,"2026-06-23 06:51:00",home,rec_v2,4,0
8327,422,40,"2026-07-22 14:56:00",detail_page,rec_v1,18,0
8328,909,34,"2026-06-21 20:06:00",home,rec_v2,8,0
8329,904,110,"2026-07-06 15:51:00",detail_page,rec_v2,14,0
8330,385,99,"2026-05-21 23:05:00",continue_watching,rec_v1,16,0
8331,12,5,"2026-07-11 22:40:00",detail_page,rec_v2,12,1
8332,117,51,"2026-07-26 18:51:00",search,rec_v1,4,1
8333,831,121,"2026-06-24 08:41:00",home,rec_v2,16,0
8334,943,149,"2026-06-29 18:32:00",search,rec_v2,4,0
8335,179,96,"2026-06-07 16:56:00",detail_page,rec_v2,14,0
8336,909,44,"2026-06-20 06:26:00",search,rec_v1,18,1
8337,302,100,"2026-06-09 10:10:00",home,rec_v2,11,1
8338,870,104,"2026-06-02 07:12:00",continue_watching,rec_v1,10,0
8339,558,136,"2026-05-19 07:19:00",home,rec_v1,7,0
8340,690,134,"2026-05-25 03:02:00",home,rec_v1,6,0
8341,912,20,"2026-06-11 10:21:00",home,rec_v2,19,0
8342,459,114,"2026-07-28 18:58:00",continue_watching,rec_v1,15,0
8343,323,146,"2026-06-20 07:43:00",continue_watching,rec_v1,15,1
8344,330,77,"2026-06-12 15:23:00",home,rec_v1,14,0
8345,896,100,"2026-07-02 14:37:00",home,rec_v1,19,0
8346,471,65,"2026-07-22 02:48:00",search,rec_v1,14,0
8347,45,126,"2026-05-22 03:28:00",continue_watching,rec_v1,2,1
8348,483,121,"2026-06-06 13:34:00",home,rec_v1,2,1
8349,792,34,"2026-05-20 18:25:00",search,rec_v1,8,0
8350,186,37,"2026-05-03 16:40:00",search,rec_v1,6,0
8351,996,87,"2026-06-29 14:02:00",detail_page,rec_v1,4,1
8352,24,44,"2026-06-02 20:42:00",home,rec_v1,19,0
8353,82,49,"2026-06-21 19:24:00",detail_page,rec_v2,9,0
8354,338,81,"2026-05-09 21:04:00",home,rec_v2,11,0
8355,629,144,"2026-05-21 01:14:00",home,rec_v2,1,0
8356,671,46,"2026-06-07 02:26:00",home,rec_v2,12,0
8357,503,40,"2026-05-06 09:43:00",continue_watching,rec_v1,4,0
8358,202,3,"2026-06-06 21:28:00",home,rec_v1,6,0
8359,970,94,"2026-07-25 15:59:00",search,rec_v2,15,1
8360,613,148,"2026-07-06 08:47:00",detail_page,rec_v1,18,0
8361,229,121,"2026-05-07 12:06:00",home,rec_v2,19,1
8362,554,14,"2026-07-19 18:56:00",continue_watching,rec_v2,17,0
8363,951,7,"2026-05-18 05:42:00",search,rec_v1,15,0
8364,496,10,"2026-05-31 14:45:00",home,rec_v2,11,1
8365,218,65,"2026-07-27 10:56:00",home,rec_v2,2,0
8366,762,119,"2026-07-06 14:59:00",detail_page,rec_v2,7,0
8367,527,1,"2026-07-18 22:21:00",home,rec_v1,9,0
8368,833,50,"2026-05-16 00:25:00",detail_page,rec_v2,20,0
8369,651,78,"2026-05-12 05:04:00",detail_page,rec_v2,5,0
8370,834,37,"2026-07-24 19:29:00",home,rec_v2,12,0
8371,179,49,"2026-07-25 10:40:00",home,rec_v2,17,1
8372,449,73,"2026-06-06 02:46:00",search,rec_v2,8,0
8373,325,22,"2026-07-04 11:15:00",search,rec_v1,11,0
8374,72,117,"2026-07-24 13:53:00",home,rec_v1,6,0
8375,154,30,"2026-07-06 09:09:00",search,rec_v1,9,0
8376,830,103,"2026-05-11 09:21:00",search,rec_v1,8,0
8377,730,53,"2026-07-04 10:10:00",home,rec_v2,13,0
8378,278,32,"2026-07-17 21:36:00",home,rec_v2,7,0
8379,401,145,"2026-07-16 03:19:00",continue_watching,rec_v2,9,0
8380,793,47,"2026-06-04 22:36:00",home,rec_v1,4,0
8381,854,82,"2026-07-24 11:54:00",home,rec_v1,5,0
8382,207,12,"2026-06-23 17:53:00",home,rec_v1,8,0
8383,476,8,"2026-05-24 00:46:00",detail_page,rec_v1,7,0
8384,527,105,"2026-07-28 10:46:00",home,rec_v1,20,0
8385,36,106,"2026-05-13 16:46:00",search,rec_v1,9,0
8386,142,147,"2026-06-03 14:25:00",detail_page,rec_v2,5,0
8387,344,86,"2026-06-19 09:42:00",home,rec_v1,4,0
8388,896,11,"2026-06-28 17:49:00",continue_watching,rec_v2,17,0
8389,993,76,"2026-06-18 16:16:00",continue_watching,rec_v2,12,0
8390,937,25,"2026-05-13 03:11:00",search,rec_v1,14,0
8391,916,90,"2026-07-24 15:25:00",home,rec_v1,4,1
8392,218,21,"2026-06-06 04:48:00",continue_watching,rec_v2,13,0
8393,484,142,"2026-07-02 08:09:00",home,rec_v2,4,1
8394,648,138,"2026-07-02 07:41:00",detail_page,rec_v1,1,0
8395,872,55,"2026-06-20 03:34:00",search,rec_v2,6,0
8396,635,103,"2026-05-30 02:01:00",detail_page,rec_v2,10,0
8397,45,129,"2026-05-30 10:46:00",home,rec_v2,20,0
8398,841,12,"2026-06-05 05:23:00",search,rec_v2,8,0
8399,562,122,"2026-06-16 21:07:00",search,rec_v2,20,0
8400,558,78,"2026-07-09 20:28:00",home,rec_v1,13,1
8401,594,9,"2026-06-21 23:33:00",search,rec_v2,2,0
8402,660,34,"2026-05-10 14:00:00",continue_watching,rec_v1,6,0
8403,815,128,"2026-06-12 07:41:00",search,rec_v1,18,0
8404,516,24,"2026-05-31 00:16:00",home,rec_v1,19,0
8405,208,100,"2026-07-12 14:13:00",continue_watching,rec_v2,2,0
8406,578,127,"2026-06-22 15:15:00",home,rec_v1,18,0
8407,723,37,"2026-07-25 06:04:00",detail_page,rec_v2,19,0
8408,807,58,"2026-05-14 01:21:00",home,rec_v1,5,0
8409,533,144,"2026-06-16 08:30:00",detail_page,rec_v1,10,0
8410,433,45,"2026-06-14 06:10:00",home,rec_v1,4,1
8411,91,84,"2026-05-28 09:43:00",detail_page,rec_v2,17,0
8412,16,38,"2026-07-01 15:31:00",home,rec_v2,3,1
8413,96,1,"2026-06-15 00:48:00",home,rec_v2,16,0
8414,867,126,"2026-05-22 01:39:00",home,rec_v2,4,0
8415,650,101,"2026-05-01 22:44:00",home,rec_v2,6,1
8416,291,78,"2026-07-24 03:14:00",home,rec_v1,3,0
8417,351,109,"2026-07-27 15:21:00",detail_page,rec_v1,10,0
8418,72,71,"2026-05-31 16:26:00",home,rec_v1,3,1
8419,935,41,"2026-06-18 03:22:00",continue_watching,rec_v2,14,0
8420,354,99,"2026-05-27 17:04:00",home,rec_v1,13,0
8421,782,39,"2026-05-04 03:58:00",search,rec_v1,14,0
8422,364,49,"2026-05-08 18:32:00",continue_watching,rec_v1,17,0
8423,833,9,"2026-05-07 02:53:00",detail_page,rec_v2,4,0
8424,481,15,"2026-07-11 08:43:00",search,rec_v1,16,0
8425,234,34,"2026-05-25 06:15:00",detail_page,rec_v2,18,0
8426,92,79,"2026-07-28 04:50:00",detail_page,rec_v2,9,0
8427,791,8,"2026-06-16 06:06:00",detail_page,rec_v1,8,0
8428,272,51,"2026-06-26 19:39:00",home,rec_v2,10,0
8429,688,115,"2026-07-01 16:44:00",detail_page,rec_v1,5,0
8430,161,66,"2026-07-18 17:28:00",continue_watching,rec_v1,20,0
8431,89,64,"2026-05-21 23:33:00",home,rec_v1,13,1
8432,406,39,"2026-07-22 23:05:00",home,rec_v2,1,0
8433,739,105,"2026-06-26 05:14:00",home,rec_v1,13,1
8434,440,150,"2026-05-09 15:01:00",home,rec_v1,17,0
8435,73,40,"2026-07-09 14:51:00",home,rec_v1,6,0
8436,402,44,"2026-05-08 14:07:00",search,rec_v2,16,0
8437,307,77,"2026-05-06 07:20:00",home,rec_v2,4,0
8438,710,107,"2026-05-29 16:20:00",home,rec_v2,3,0
8439,57,66,"2026-06-06 18:17:00",home,rec_v1,1,0
8440,313,119,"2026-07-21 21:34:00",home,rec_v2,1,0
8441,366,56,"2026-05-07 12:47:00",detail_page,rec_v2,17,0
8442,291,123,"2026-06-04 05:55:00",home,rec_v1,16,0
8443,494,48,"2026-05-28 18:33:00",detail_page,rec_v1,9,0
8444,523,80,"2026-07-11 05:36:00",detail_page,rec_v1,18,0
8445,656,106,"2026-07-10 02:55:00",continue_watching,rec_v1,5,0
8446,517,38,"2026-06-08 20:03:00",continue_watching,rec_v1,9,0
8447,598,142,"2026-06-12 00:18:00",home,rec_v2,17,1
8448,724,142,"2026-05-12 02:01:00",home,rec_v2,12,0
8449,93,3,"2026-05-27 18:54:00",continue_watching,rec_v2,16,0
8450,193,37,"2026-05-30 10:57:00",detail_page,rec_v2,17,0
8451,534,19,"2026-05-03 17:58:00",home,rec_v1,9,0
8452,965,100,"2026-06-01 14:56:00",continue_watching,rec_v1,18,0
8453,914,82,"2026-05-07 07:57:00",continue_watching,rec_v1,11,0
8454,364,33,"2026-06-15 17:20:00",home,rec_v2,17,0
8455,769,77,"2026-06-12 06:52:00",detail_page,rec_v1,4,0
8456,596,97,"2026-05-13 14:34:00",continue_watching,rec_v1,8,0
8457,129,126,"2026-05-03 18:12:00",home,rec_v1,18,1
8458,554,85,"2026-07-26 00:54:00",home,rec_v1,7,0
8459,884,58,"2026-06-03 06:16:00",search,rec_v1,6,0
8460,20,80,"2026-06-02 17:06:00",search,rec_v2,8,0
8461,363,94,"2026-05-13 13:21:00",home,rec_v1,11,0
8462,59,72,"2026-07-15 08:02:00",home,rec_v1,1,0
8463,659,98,"2026-07-09 13:13:00",home,rec_v2,18,0
8464,593,81,"2026-06-21 18:29:00",home,rec_v2,7,0
8465,982,129,"2026-05-08 18:10:00",home,rec_v1,6,0
8466,384,126,"2026-05-06 02:30:00",home,rec_v1,14,0
8467,400,104,"2026-07-28 08:55:00",detail_page,rec_v1,6,0
8468,624,47,"2026-06-17 18:08:00",continue_watching,rec_v1,9,0
8469,621,101,"2026-07-23 00:13:00",home,rec_v2,19,0
8470,97,124,"2026-06-20 05:42:00",home,rec_v2,9,0
8471,566,49,"2026-07-27 22:45:00",home,rec_v1,3,0
8472,572,57,"2026-05-21 06:11:00",continue_watching,rec_v2,10,0
8473,202,73,"2026-06-12 10:42:00",detail_page,rec_v1,2,0
8474,659,37,"2026-06-09 03:49:00",continue_watching,rec_v2,18,0
8475,275,88,"2026-07-12 22:29:00",home,rec_v1,4,0
8476,956,90,"2026-06-06 07:31:00",search,rec_v1,14,0
8477,611,99,"2026-05-28 23:27:00",detail_page,rec_v2,15,0
8478,870,110,"2026-06-08 00:04:00",home,rec_v1,16,0
8479,162,98,"2026-07-17 15:54:00",home,rec_v2,16,0
8480,464,75,"2026-07-23 19:50:00",search,rec_v1,5,0
8481,510,35,"2026-07-26 00:01:00",continue_watching,rec_v2,7,1
8482,920,110,"2026-06-26 21:13:00",detail_page,rec_v2,13,0
8483,815,40,"2026-05-10 14:53:00",search,rec_v2,13,0
8484,596,140,"2026-06-18 18:02:00",home,rec_v2,18,0
8485,311,58,"2026-07-02 16:16:00",search,rec_v2,17,0
8486,846,78,"2026-06-04 00:42:00",search,rec_v2,12,0
8487,832,117,"2026-05-18 22:21:00",search,rec_v1,11,0
8488,735,116,"2026-06-22 14:54:00",continue_watching,rec_v2,5,0
8489,353,109,"2026-05-08 15:12:00",home,rec_v1,5,0
8490,643,59,"2026-07-17 23:26:00",home,rec_v2,13,0
8491,917,24,"2026-06-05 21:20:00",detail_page,rec_v2,20,0
8492,996,148,"2026-06-11 00:52:00",home,rec_v2,13,0
8493,930,105,"2026-05-27 21:30:00",continue_watching,rec_v2,4,0
8494,862,21,"2026-07-01 08:54:00",continue_watching,rec_v2,8,0
8495,595,111,"2026-05-10 19:18:00",continue_watching,rec_v2,12,0
8496,823,125,"2026-05-29 18:27:00",home,rec_v1,10,0
8497,60,106,"2026-05-05 12:55:00",home,rec_v1,19,0
8498,393,47,"2026-06-09 10:33:00",search,rec_v2,16,0
8499,795,117,"2026-07-11 17:45:00",continue_watching,rec_v1,7,0
8500,831,46,"2026-06-04 12:33:00",continue_watching,rec_v2,7,1
8501,513,19,"2026-07-08 15:57:00",home,rec_v1,2,0
8502,570,115,"2026-05-15 09:03:00",home,rec_v1,12,0
8503,599,23,"2026-06-28 02:33:00",home,rec_v2,1,1
8504,975,66,"2026-07-02 10:02:00",home,rec_v1,13,0
8505,28,125,"2026-07-02 10:13:00",home,rec_v1,1,0
8506,712,101,"2026-06-01 14:35:00",continue_watching,rec_v2,7,1
8507,547,86,"2026-06-26 07:15:00",home,rec_v1,5,0
8508,1000,14,"2026-05-02 16:16:00",detail_page,rec_v2,20,0
8509,663,116,"2026-05-28 20:00:00",search,rec_v2,9,0
8510,58,22,"2026-06-16 04:52:00",detail_page,rec_v1,7,0
8511,969,37,"2026-05-01 02:47:00",detail_page,rec_v2,6,1
8512,428,135,"2026-06-13 00:25:00",search,rec_v1,18,0
8513,501,100,"2026-05-13 21:27:00",home,rec_v2,16,0
8514,241,11,"2026-05-25 03:23:00",home,rec_v2,17,0
8515,904,102,"2026-07-13 09:56:00",home,rec_v1,4,0
8516,426,92,"2026-06-19 16:21:00",detail_page,rec_v1,8,0
8517,418,42,"2026-05-16 05:00:00",detail_page,rec_v1,2,0
8518,885,17,"2026-07-02 08:05:00",home,rec_v1,8,0
8519,727,94,"2026-05-03 05:30:00",continue_watching,rec_v2,8,0
8520,267,125,"2026-06-20 02:53:00",home,rec_v2,17,0
8521,712,69,"2026-06-06 02:13:00",home,rec_v1,9,0
8522,310,4,"2026-07-07 09:59:00",search,rec_v2,7,0
8523,292,29,"2026-07-01 01:00:00",continue_watching,rec_v2,13,0
8524,395,23,"2026-07-15 15:38:00",continue_watching,rec_v2,6,1
8525,383,3,"2026-05-11 10:12:00",continue_watching,rec_v2,13,1
8526,138,27,"2026-06-05 16:29:00",home,rec_v1,18,0
8527,388,122,"2026-07-01 18:33:00",home,rec_v2,3,0
8528,635,58,"2026-07-16 21:56:00",search,rec_v1,2,0
8529,278,88,"2026-06-27 01:01:00",search,rec_v2,16,0
8530,616,22,"2026-06-24 16:20:00",continue_watching,rec_v1,9,0
8531,34,23,"2026-07-27 06:35:00",search,rec_v1,12,0
8532,233,29,"2026-05-08 02:50:00",detail_page,rec_v2,13,0
8533,421,126,"2026-07-23 23:37:00",home,rec_v2,4,1
8534,717,64,"2026-07-27 10:39:00",detail_page,rec_v2,4,1
8535,581,91,"2026-07-13 06:43:00",continue_watching,rec_v1,6,0
8536,600,46,"2026-07-02 20:35:00",continue_watching,rec_v2,9,1
8537,443,22,"2026-07-17 13:22:00",home,rec_v1,5,1
8538,503,99,"2026-07-03 19:17:00",detail_page,rec_v2,3,0
8539,767,144,"2026-05-16 07:02:00",home,rec_v2,19,0
8540,225,46,"2026-07-13 06:46:00",home,rec_v1,16,0
8541,359,97,"2026-07-06 23:46:00",home,rec_v2,3,0
8542,57,135,"2026-06-28 02:45:00",home,rec_v2,4,0
8543,463,132,"2026-05-01 04:35:00",search,rec_v1,7,0
8544,985,133,"2026-07-05 09:32:00",home,rec_v1,5,0
8545,159,16,"2026-07-20 21:23:00",continue_watching,rec_v2,15,1
8546,324,123,"2026-05-03 08:13:00",search,rec_v1,16,0
8547,761,148,"2026-05-15 07:15:00",search,rec_v2,14,0
8548,976,138,"2026-07-08 20:11:00",continue_watching,rec_v1,3,0
8549,147,22,"2026-06-29 02:41:00",continue_watching,rec_v2,2,1
8550,501,24,"2026-06-05 03:44:00",continue_watching,rec_v2,6,0
8551,55,39,"2026-05-14 04:38:00",detail_page,rec_v1,2,0
8552,428,42,"2026-05-09 21:02:00",home,rec_v1,1,0
8553,855,48,"2026-05-02 16:50:00",detail_page,rec_v1,10,0
8554,653,32,"2026-07-16 04:57:00",search,rec_v2,3,0
8555,821,64,"2026-05-09 05:27:00",detail_page,rec_v1,8,1
8556,82,59,"2026-06-23 12:46:00",search,rec_v2,6,0
8557,953,119,"2026-05-07 15:08:00",home,rec_v1,10,0
8558,238,130,"2026-06-12 16:36:00",detail_page,rec_v1,19,1
8559,496,118,"2026-06-26 03:01:00",home,rec_v1,15,0
8560,755,9,"2026-06-25 04:31:00",continue_watching,rec_v2,5,0
8561,863,17,"2026-05-18 03:11:00",continue_watching,rec_v2,10,0
8562,232,32,"2026-07-18 10:14:00",detail_page,rec_v2,9,0
8563,660,86,"2026-07-13 14:31:00",detail_page,rec_v2,9,0
8564,175,58,"2026-05-19 16:13:00",home,rec_v1,6,0
8565,570,130,"2026-07-26 19:50:00",home,rec_v2,3,1
8566,2,134,"2026-06-30 11:24:00",search,rec_v2,8,1
8567,444,74,"2026-07-01 08:51:00",detail_page,rec_v1,18,0
8568,697,35,"2026-07-15 00:54:00",detail_page,rec_v2,16,0
8569,997,128,"2026-05-31 02:11:00",home,rec_v1,15,0
8570,550,58,"2026-06-03 13:09:00",home,rec_v2,16,0
8571,828,29,"2026-05-02 01:14:00",detail_page,rec_v1,14,0
8572,998,134,"2026-06-21 19:19:00",continue_watching,rec_v2,9,0
8573,292,108,"2026-06-22 20:26:00",detail_page,rec_v1,3,0
8574,710,23,"2026-07-13 09:49:00",continue_watching,rec_v2,3,0
8575,631,30,"2026-07-04 22:13:00",search,rec_v2,2,0
8576,926,72,"2026-06-01 01:20:00",home,rec_v2,10,0
8577,894,47,"2026-05-22 17:32:00",detail_page,rec_v2,14,1
8578,632,4,"2026-05-11 10:20:00",search,rec_v2,17,0
8579,888,76,"2026-05-15 22:09:00",continue_watching,rec_v1,9,0
8580,864,119,"2026-05-11 20:42:00",search,rec_v1,13,0
8581,995,76,"2026-07-15 02:17:00",continue_watching,rec_v1,19,1
8582,574,53,"2026-05-15 17:38:00",detail_page,rec_v1,11,0
8583,951,93,"2026-07-23 08:24:00",continue_watching,rec_v1,8,0
8584,71,105,"2026-07-07 14:42:00",search,rec_v2,7,0
8585,188,71,"2026-06-07 19:13:00",search,rec_v2,12,0
8586,632,128,"2026-06-20 05:03:00",search,rec_v1,16,0
8587,485,124,"2026-07-12 12:22:00",home,rec_v1,10,0
8588,577,128,"2026-07-17 22:16:00",home,rec_v2,5,0
8589,114,97,"2026-07-05 22:22:00",search,rec_v2,14,0
8590,364,93,"2026-07-06 19:00:00",home,rec_v1,17,0
8591,895,53,"2026-07-25 22:59:00",home,rec_v2,20,0
8592,759,95,"2026-07-03 03:29:00",home,rec_v2,1,0
8593,531,77,"2026-05-14 14:34:00",home,rec_v1,17,0
8594,596,60,"2026-05-01 11:53:00",continue_watching,rec_v1,3,1
8595,180,30,"2026-06-29 05:42:00",home,rec_v1,1,0
8596,37,8,"2026-07-13 18:07:00",home,rec_v2,11,0
8597,846,43,"2026-06-30 14:01:00",home,rec_v2,4,0
8598,49,20,"2026-06-19 14:43:00",detail_page,rec_v1,19,0
8599,873,63,"2026-07-25 18:43:00",detail_page,rec_v2,9,0
8600,707,106,"2026-06-23 22:37:00",home,rec_v1,12,0
8601,78,132,"2026-07-14 13:12:00",home,rec_v2,16,0
8602,248,91,"2026-05-04 06:14:00",home,rec_v1,17,0
8603,310,118,"2026-07-15 16:17:00",home,rec_v2,8,0
8604,540,81,"2026-06-02 06:41:00",home,rec_v1,8,0
8605,846,2,"2026-07-26 20:24:00",detail_page,rec_v1,8,0
8606,893,24,"2026-06-15 07:30:00",search,rec_v1,4,1
8607,833,83,"2026-05-07 18:05:00",home,rec_v2,3,0
8608,361,134,"2026-05-08 23:15:00",home,rec_v2,2,0
8609,387,36,"2026-05-23 03:17:00",continue_watching,rec_v1,2,0
8610,470,148,"2026-07-07 10:27:00",continue_watching,rec_v2,13,0
8611,540,87,"2026-07-06 02:14:00",home,rec_v2,13,0
8612,849,71,"2026-05-30 13:39:00",search,rec_v2,9,0
8613,211,123,"2026-05-19 21:51:00",home,rec_v1,2,0
8614,8,70,"2026-06-11 12:49:00",home,rec_v2,5,0
8615,668,46,"2026-06-03 07:28:00",home,rec_v1,4,0
8616,649,135,"2026-07-13 11:54:00",search,rec_v1,19,0
8617,771,1,"2026-05-10 21:15:00",home,rec_v2,5,1
8618,549,127,"2026-07-06 18:58:00",detail_page,rec_v1,10,0
8619,427,107,"2026-06-29 06:51:00",home,rec_v1,16,1
8620,784,117,"2026-07-04 01:37:00",home,rec_v2,8,0
8621,246,83,"2026-06-01 23:54:00",detail_page,rec_v2,6,0
8622,698,138,"2026-07-20 12:17:00",detail_page,rec_v2,13,0
8623,58,125,"2026-05-28 22:22:00",detail_page,rec_v1,19,0
8624,940,24,"2026-06-28 20:09:00",home,rec_v1,20,0
8625,569,26,"2026-06-03 13:38:00",home,rec_v1,18,0
8626,380,77,"2026-05-06 03:54:00",home,rec_v2,11,0
8627,566,65,"2026-06-05 04:36:00",search,rec_v2,9,0
8628,322,97,"2026-07-07 17:59:00",detail_page,rec_v2,15,0
8629,439,18,"2026-05-15 14:29:00",home,rec_v1,2,0
8630,773,84,"2026-05-13 03:38:00",home,rec_v1,10,1
8631,441,43,"2026-06-24 00:41:00",detail_page,rec_v2,6,1
8632,607,77,"2026-05-21 06:00:00",home,rec_v1,1,0
8633,141,77,"2026-07-27 19:57:00",continue_watching,rec_v1,20,0
8634,369,119,"2026-06-11 11:11:00",detail_page,rec_v2,7,0
8635,686,62,"2026-07-27 09:36:00",home,rec_v1,2,0
8636,468,58,"2026-05-29 16:57:00",search,rec_v1,13,0
8637,514,114,"2026-06-12 10:45:00",home,rec_v2,17,0
8638,607,93,"2026-05-20 00:16:00",detail_page,rec_v2,6,0
8639,327,64,"2026-07-13 14:34:00",home,rec_v2,4,0
8640,108,75,"2026-05-23 14:04:00",home,rec_v1,10,0
8641,505,33,"2026-07-21 00:00:00",home,rec_v1,18,0
8642,572,104,"2026-07-06 12:03:00",home,rec_v2,4,0
8643,306,77,"2026-07-07 04:26:00",home,rec_v1,19,0
8644,391,149,"2026-05-18 11:39:00",home,rec_v2,11,0
8645,588,13,"2026-05-10 04:26:00",home,rec_v2,1,0
8646,2,110,"2026-05-19 09:26:00",search,rec_v2,11,0
8647,7,83,"2026-07-21 15:32:00",detail_page,rec_v1,20,0
8648,245,124,"2026-05-05 04:18:00",detail_page,rec_v2,16,0
8649,515,16,"2026-06-25 08:45:00",search,rec_v2,18,0
8650,321,14,"2026-06-02 08:28:00",home,rec_v1,9,0
8651,31,47,"2026-06-11 16:02:00",home,rec_v2,16,0
8652,128,71,"2026-05-17 03:33:00",continue_watching,rec_v2,1,0
8653,207,110,"2026-06-22 09:55:00",home,rec_v1,10,1
8654,127,8,"2026-05-25 11:15:00",home,rec_v1,10,0
8655,405,93,"2026-05-18 01:44:00",continue_watching,rec_v1,1,0
8656,421,112,"2026-07-22 23:52:00",continue_watching,rec_v2,20,0
8657,385,14,"2026-06-04 00:33:00",detail_page,rec_v2,15,0
8658,871,148,"2026-05-04 15:12:00",home,rec_v2,10,0
8659,191,57,"2026-05-18 13:29:00",home,rec_v1,3,0
8660,703,20,"2026-07-05 09:25:00",home,rec_v1,4,0
8661,42,56,"2026-06-19 09:33:00",search,rec_v1,18,1
8662,802,144,"2026-06-24 17:45:00",detail_page,rec_v1,19,0
8663,566,116,"2026-07-23 11:18:00",home,rec_v2,13,0
8664,522,130,"2026-05-28 03:45:00",continue_watching,rec_v1,3,0
8665,34,139,"2026-05-20 11:03:00",home,rec_v1,6,0
8666,808,76,"2026-06-25 04:37:00",detail_page,rec_v1,9,1
8667,530,134,"2026-05-25 03:20:00",search,rec_v1,17,0
8668,255,82,"2026-07-14 06:09:00",home,rec_v2,6,0
8669,739,133,"2026-05-02 03:43:00",home,rec_v2,8,0
8670,378,134,"2026-05-26 14:33:00",search,rec_v1,1,1
8671,167,3,"2026-05-11 03:54:00",continue_watching,rec_v1,13,0
8672,983,103,"2026-05-06 12:15:00",detail_page,rec_v2,8,0
8673,332,94,"2026-06-03 02:00:00",home,rec_v2,4,0
8674,95,120,"2026-07-17 05:10:00",detail_page,rec_v2,3,0
8675,396,108,"2026-05-13 14:40:00",home,rec_v1,14,0
8676,781,1,"2026-07-15 07:07:00",home,rec_v1,3,1
8677,633,27,"2026-05-19 11:14:00",continue_watching,rec_v2,9,0
8678,539,92,"2026-07-25 22:07:00",home,rec_v1,12,0
8679,347,55,"2026-05-09 05:06:00",home,rec_v1,1,0
8680,237,114,"2026-05-16 22:05:00",continue_watching,rec_v2,12,0
8681,916,54,"2026-06-15 04:58:00",home,rec_v2,7,0
8682,560,142,"2026-06-25 07:56:00",home,rec_v1,1,0
8683,837,8,"2026-07-24 02:58:00",home,rec_v2,6,1
8684,823,34,"2026-06-10 21:23:00",search,rec_v1,13,0
8685,902,35,"2026-06-03 23:21:00",detail_page,rec_v2,16,0
8686,303,77,"2026-05-11 02:52:00",home,rec_v2,17,0
8687,96,124,"2026-07-28 13:08:00",detail_page,rec_v2,9,0
8688,647,39,"2026-05-08 01:55:00",continue_watching,rec_v2,2,0
8689,908,74,"2026-07-29 10:32:00",continue_watching,rec_v1,7,0
8690,114,112,"2026-05-07 09:07:00",search,rec_v2,19,0
8691,516,146,"2026-06-24 13:06:00",search,rec_v1,13,0
8692,707,136,"2026-07-02 14:38:00",detail_page,rec_v2,20,0
8693,314,90,"2026-06-28 17:44:00",continue_watching,rec_v2,1,0
8694,245,55,"2026-05-18 19:31:00",continue_watching,rec_v2,2,0
8695,944,132,"2026-05-15 16:50:00",detail_page,rec_v1,19,0
8696,768,40,"2026-06-15 04:00:00",home,rec_v2,8,0
8697,932,79,"2026-07-25 22:13:00",detail_page,rec_v1,10,0
8698,493,66,"2026-06-21 19:35:00",home,rec_v2,19,0
8699,101,22,"2026-05-02 07:35:00",home,rec_v2,5,0
8700,737,19,"2026-07-29 01:55:00",continue_watching,rec_v1,12,0
8701,599,91,"2026-07-25 08:21:00",search,rec_v1,6,0
8702,817,144,"2026-06-17 22:46:00",home,rec_v1,17,0
8703,178,60,"2026-05-14 11:37:00",home,rec_v2,4,1
8704,177,83,"2026-07-05 13:03:00",home,rec_v2,12,0
8705,215,21,"2026-06-12 17:57:00",home,rec_v1,2,0
8706,840,23,"2026-07-08 19:42:00",detail_page,rec_v1,9,0
8707,870,124,"2026-05-18 02:44:00",home,rec_v1,10,1
8708,697,71,"2026-07-15 15:23:00",detail_page,rec_v1,15,0
8709,238,50,"2026-05-01 11:03:00",home,rec_v2,9,0
8710,467,101,"2026-06-03 13:48:00",home,rec_v1,12,0
8711,76,108,"2026-06-05 14:07:00",continue_watching,rec_v2,11,0
8712,951,24,"2026-07-11 23:16:00",home,rec_v2,9,0
8713,787,56,"2026-06-09 12:27:00",home,rec_v1,16,0
8714,312,124,"2026-07-22 22:29:00",detail_page,rec_v1,5,0
8715,815,73,"2026-05-31 02:17:00",home,rec_v1,19,0
8716,826,82,"2026-05-08 09:41:00",home,rec_v2,4,0
8717,16,86,"2026-05-25 09:38:00",continue_watching,rec_v1,17,0
8718,231,133,"2026-07-06 23:09:00",detail_page,rec_v1,20,0
8719,164,5,"2026-07-11 02:32:00",continue_watching,rec_v2,20,0
8720,110,10,"2026-07-18 07:50:00",search,rec_v2,19,0
8721,606,110,"2026-05-30 23:01:00",detail_page,rec_v1,8,0
8722,570,128,"2026-05-03 00:08:00",continue_watching,rec_v2,17,0
8723,342,115,"2026-07-22 16:10:00",home,rec_v1,14,0
8724,69,109,"2026-07-20 05:06:00",home,rec_v2,2,0
8725,539,111,"2026-06-09 04:14:00",search,rec_v2,4,0
8726,564,46,"2026-05-03 02:30:00",home,rec_v2,5,0
8727,375,120,"2026-06-25 16:51:00",home,rec_v1,3,0
8728,346,74,"2026-07-24 23:26:00",detail_page,rec_v2,1,0
8729,804,150,"2026-06-20 18:00:00",home,rec_v1,18,0
8730,94,21,"2026-06-04 15:15:00",detail_page,rec_v2,18,0
8731,279,131,"2026-07-29 22:57:00",home,rec_v2,4,0
8732,630,104,"2026-07-18 16:15:00",home,rec_v2,15,0
8733,713,98,"2026-06-22 00:07:00",home,rec_v1,5,1
8734,997,52,"2026-07-09 05:54:00",detail_page,rec_v1,13,0
8735,628,98,"2026-06-23 12:05:00",search,rec_v2,4,0
8736,833,91,"2026-06-12 05:34:00",home,rec_v1,14,0
8737,300,89,"2026-05-06 23:34:00",search,rec_v1,9,0
8738,965,16,"2026-05-16 20:25:00",home,rec_v2,18,0
8739,979,49,"2026-05-05 00:38:00",home,rec_v1,10,0
8740,402,14,"2026-05-26 00:38:00",home,rec_v2,6,0
8741,433,37,"2026-07-22 07:32:00",search,rec_v1,5,0
8742,973,146,"2026-07-11 08:22:00",continue_watching,rec_v2,7,0
8743,173,31,"2026-07-18 00:47:00",home,rec_v2,7,0
8744,456,34,"2026-06-09 23:53:00",detail_page,rec_v1,14,0
8745,378,71,"2026-07-20 03:37:00",search,rec_v1,12,0
8746,510,55,"2026-07-27 16:14:00",home,rec_v2,11,0
8747,484,66,"2026-06-04 02:05:00",continue_watching,rec_v1,17,0
8748,529,53,"2026-05-01 08:42:00",detail_page,rec_v1,19,0
8749,126,114,"2026-07-24 00:39:00",continue_watching,rec_v2,19,0
8750,500,39,"2026-06-23 03:24:00",home,rec_v2,20,0
8751,932,150,"2026-07-25 06:49:00",home,rec_v1,15,0
8752,536,8,"2026-05-04 06:01:00",home,rec_v2,5,1
8753,571,44,"2026-05-20 10:33:00",search,rec_v2,1,0
8754,964,113,"2026-06-13 08:02:00",home,rec_v1,11,0
8755,915,77,"2026-07-02 10:51:00",home,rec_v2,10,0
8756,46,33,"2026-06-26 11:47:00",search,rec_v1,4,1
8757,37,48,"2026-07-06 10:42:00",home,rec_v2,5,0
8758,813,132,"2026-05-20 14:12:00",home,rec_v1,18,1
8759,193,8,"2026-07-23 06:07:00",search,rec_v2,18,0
8760,658,56,"2026-07-20 05:11:00",home,rec_v2,10,0
8761,809,141,"2026-05-13 00:24:00",continue_watching,rec_v2,20,0
8762,727,102,"2026-06-17 04:33:00",home,rec_v1,20,0
8763,287,130,"2026-06-20 05:03:00",detail_page,rec_v2,14,0
8764,265,140,"2026-07-20 02:31:00",home,rec_v1,6,0
8765,409,66,"2026-05-16 00:37:00",detail_page,rec_v1,10,0
8766,983,119,"2026-05-09 12:27:00",continue_watching,rec_v2,10,0
8767,371,140,"2026-06-19 14:14:00",continue_watching,rec_v2,2,0
8768,418,112,"2026-07-12 05:44:00",home,rec_v1,9,0
8769,86,18,"2026-06-09 09:49:00",detail_page,rec_v1,6,0
8770,277,30,"2026-07-15 21:39:00",search,rec_v1,14,1
8771,599,103,"2026-06-25 13:28:00",search,rec_v1,14,0
8772,95,97,"2026-06-21 01:31:00",home,rec_v1,1,1
8773,134,72,"2026-05-24 09:07:00",home,rec_v2,10,1
8774,719,100,"2026-05-26 23:26:00",home,rec_v2,4,0
8775,504,45,"2026-07-09 19:30:00",home,rec_v2,5,0
8776,692,54,"2026-05-07 05:10:00",search,rec_v2,2,0
8777,49,80,"2026-05-25 07:44:00",home,rec_v1,7,0
8778,954,74,"2026-07-06 13:58:00",home,rec_v1,19,0
8779,684,112,"2026-07-01 20:56:00",search,rec_v2,5,0
8780,76,66,"2026-05-14 03:51:00",continue_watching,rec_v1,9,1
8781,842,80,"2026-06-24 09:19:00",home,rec_v1,16,1
8782,299,45,"2026-06-12 01:53:00",home,rec_v1,9,0
8783,502,15,"2026-06-07 20:57:00",detail_page,rec_v2,19,0
8784,851,33,"2026-05-29 15:10:00",detail_page,rec_v1,14,0
8785,298,13,"2026-07-12 05:48:00",home,rec_v2,6,0
8786,273,57,"2026-06-27 23:54:00",home,rec_v2,14,0
8787,939,102,"2026-05-20 20:40:00",search,rec_v1,17,1
8788,363,127,"2026-06-02 11:12:00",search,rec_v2,20,0
8789,479,81,"2026-07-21 10:21:00",home,rec_v2,14,0
8790,676,109,"2026-06-15 03:36:00",home,rec_v2,9,0
8791,732,24,"2026-05-21 00:01:00",home,rec_v1,13,0
8792,783,72,"2026-07-22 18:55:00",home,rec_v1,10,0
8793,166,29,"2026-06-08 12:33:00",continue_watching,rec_v2,12,0
8794,140,73,"2026-07-05 16:03:00",continue_watching,rec_v1,4,0
8795,98,4,"2026-05-02 11:39:00",home,rec_v1,11,0
8796,44,14,"2026-05-31 10:24:00",detail_page,rec_v1,20,0
8797,197,109,"2026-06-03 06:56:00",home,rec_v2,13,0
8798,331,22,"2026-06-18 20:56:00",continue_watching,rec_v2,14,0
8799,635,118,"2026-06-22 11:43:00",detail_page,rec_v1,11,0
8800,552,56,"2026-07-09 16:29:00",home,rec_v1,18,1
8801,61,55,"2026-05-30 10:34:00",home,rec_v2,4,1
8802,180,39,"2026-07-02 15:53:00",detail_page,rec_v2,19,0
8803,966,49,"2026-07-12 00:07:00",home,rec_v1,12,0
8804,588,92,"2026-06-22 07:24:00",search,rec_v2,19,0
8805,935,69,"2026-05-07 09:09:00",search,rec_v2,4,0
8806,347,83,"2026-07-22 18:20:00",detail_page,rec_v2,2,1
8807,786,1,"2026-05-19 15:00:00",home,rec_v1,8,0
8808,364,52,"2026-06-18 21:44:00",home,rec_v1,10,0
8809,847,32,"2026-06-12 18:10:00",search,rec_v1,14,0
8810,320,140,"2026-05-11 23:34:00",continue_watching,rec_v1,10,0
8811,419,142,"2026-06-15 09:18:00",continue_watching,rec_v2,4,1
8812,853,66,"2026-06-01 20:47:00",home,rec_v1,12,0
8813,599,102,"2026-07-24 08:55:00",search,rec_v1,7,0
8814,156,31,"2026-05-19 11:15:00",detail_page,rec_v1,6,0
8815,262,98,"2026-06-04 13:11:00",detail_page,rec_v1,20,0
8816,207,97,"2026-07-28 13:20:00",home,rec_v2,8,0
8817,978,67,"2026-05-02 07:36:00",detail_page,rec_v1,3,0
8818,299,108,"2026-07-06 05:59:00",home,rec_v1,1,0
8819,567,71,"2026-06-24 05:54:00",search,rec_v2,15,0
8820,634,52,"2026-06-08 17:52:00",continue_watching,rec_v1,16,0
8821,112,52,"2026-07-17 09:33:00",detail_page,rec_v2,8,0
8822,711,63,"2026-07-26 16:02:00",home,rec_v2,3,0
8823,359,29,"2026-06-15 15:21:00",home,rec_v1,15,0
8824,396,95,"2026-06-18 17:21:00",home,rec_v2,9,0
8825,245,130,"2026-06-08 18:09:00",search,rec_v2,3,1
8826,697,88,"2026-07-09 20:09:00",search,rec_v1,11,1
8827,43,16,"2026-06-13 19:16:00",continue_watching,rec_v2,17,0
8828,815,64,"2026-06-05 04:52:00",home,rec_v2,7,1
8829,775,104,"2026-07-08 03:22:00",home,rec_v2,8,0
8830,592,118,"2026-05-31 09:41:00",home,rec_v1,4,0
8831,186,22,"2026-05-27 03:42:00",home,rec_v2,20,0
8832,761,49,"2026-07-21 12:22:00",search,rec_v2,6,0
8833,175,132,"2026-07-15 05:49:00",detail_page,rec_v1,18,0
8834,124,90,"2026-07-20 11:47:00",home,rec_v2,1,0
8835,180,143,"2026-06-29 20:48:00",search,rec_v2,15,0
8836,20,99,"2026-05-26 12:56:00",search,rec_v1,8,0
8837,536,41,"2026-06-26 05:49:00",detail_page,rec_v1,9,0
8838,291,34,"2026-05-22 02:21:00",continue_watching,rec_v1,13,0
8839,320,56,"2026-07-08 23:14:00",search,rec_v1,20,0
8840,402,38,"2026-07-19 09:17:00",home,rec_v1,8,0
8841,614,36,"2026-06-23 06:32:00",home,rec_v2,9,0
8842,263,93,"2026-06-08 04:41:00",detail_page,rec_v1,7,0
8843,665,139,"2026-06-07 10:41:00",search,rec_v2,12,0
8844,487,80,"2026-07-24 07:09:00",search,rec_v1,20,0
8845,302,83,"2026-07-28 09:17:00",continue_watching,rec_v1,15,0
8846,580,89,"2026-06-25 00:04:00",home,rec_v1,20,0
8847,270,29,"2026-07-15 10:00:00",detail_page,rec_v2,10,0
8848,457,121,"2026-05-15 15:14:00",search,rec_v1,18,0
8849,291,80,"2026-05-04 22:44:00",detail_page,rec_v1,9,0
8850,714,1,"2026-06-20 15:53:00",home,rec_v1,3,0
8851,805,97,"2026-05-11 00:52:00",search,rec_v1,12,0
8852,560,35,"2026-07-02 03:23:00",detail_page,rec_v2,9,0
8853,175,114,"2026-07-28 13:17:00",home,rec_v1,9,0
8854,627,24,"2026-07-28 20:53:00",home,rec_v2,4,1
8855,770,79,"2026-07-13 19:12:00",home,rec_v2,14,0
8856,762,59,"2026-06-05 15:19:00",home,rec_v1,16,1
8857,672,42,"2026-06-03 00:29:00",home,rec_v1,4,0
8858,141,2,"2026-07-24 10:48:00",continue_watching,rec_v2,17,0
8859,247,114,"2026-07-29 19:03:00",continue_watching,rec_v2,3,0
8860,879,111,"2026-06-27 16:58:00",home,rec_v2,12,0
8861,33,94,"2026-06-02 23:11:00",search,rec_v2,6,0
8862,784,93,"2026-06-24 04:33:00",home,rec_v2,12,0
8863,174,40,"2026-06-25 15:36:00",home,rec_v1,6,0
8864,600,142,"2026-05-26 19:15:00",home,rec_v2,11,0
8865,140,41,"2026-07-16 14:18:00",home,rec_v2,17,0
8866,464,46,"2026-07-16 11:17:00",detail_page,rec_v1,6,0
8867,673,145,"2026-06-06 14:28:00",home,rec_v1,12,0
8868,704,61,"2026-06-11 12:02:00",home,rec_v2,7,0
8869,53,1,"2026-06-27 00:25:00",home,rec_v1,20,0
8870,753,91,"2026-07-27 22:59:00",continue_watching,rec_v2,14,0
8871,610,96,"2026-06-29 02:02:00",detail_page,rec_v2,14,0
8872,897,90,"2026-07-02 20:54:00",home,rec_v2,9,0
8873,757,97,"2026-05-19 16:08:00",search,rec_v2,2,0
8874,17,55,"2026-06-07 16:00:00",home,rec_v2,2,1
8875,698,117,"2026-05-31 08:41:00",continue_watching,rec_v2,1,0
8876,991,18,"2026-06-18 08:55:00",search,rec_v2,11,0
8877,187,48,"2026-06-16 03:12:00",search,rec_v2,13,0
8878,457,41,"2026-06-12 01:33:00",home,rec_v2,2,1
8879,93,1,"2026-07-09 09:49:00",home,rec_v1,17,0
8880,861,61,"2026-06-03 22:52:00",home,rec_v1,19,0
8881,688,145,"2026-06-10 11:54:00",home,rec_v1,1,0
8882,51,110,"2026-05-25 08:02:00",continue_watching,rec_v2,2,0
8883,709,122,"2026-06-30 01:48:00",continue_watching,rec_v1,11,0
8884,295,108,"2026-05-10 16:23:00",home,rec_v2,11,0
8885,901,67,"2026-06-27 07:05:00",home,rec_v1,15,0
8886,696,48,"2026-05-05 21:35:00",home,rec_v1,4,0
8887,31,132,"2026-07-28 16:31:00",detail_page,rec_v1,20,0
8888,114,20,"2026-07-09 22:37:00",home,rec_v2,4,0
8889,131,38,"2026-07-20 13:12:00",detail_page,rec_v1,9,0
8890,789,15,"2026-07-15 16:32:00",detail_page,rec_v2,1,0
8891,956,123,"2026-07-11 10:15:00",home,rec_v1,16,0
8892,786,99,"2026-06-04 20:58:00",detail_page,rec_v1,18,0
8893,394,3,"2026-06-08 22:57:00",home,rec_v2,2,0
8894,297,8,"2026-06-02 07:04:00",home,rec_v1,6,0
8895,283,6,"2026-07-15 08:10:00",detail_page,rec_v1,10,0
8896,42,117,"2026-06-26 11:03:00",home,rec_v1,17,0
8897,910,50,"2026-05-30 05:50:00",home,rec_v2,7,0
8898,885,75,"2026-06-09 10:26:00",home,rec_v2,6,0
8899,667,21,"2026-05-07 01:45:00",home,rec_v2,3,0
8900,566,27,"2026-05-13 14:11:00",home,rec_v1,13,0
8901,713,57,"2026-05-30 20:24:00",continue_watching,rec_v1,16,0
8902,210,105,"2026-07-11 17:06:00",search,rec_v2,14,1
8903,993,69,"2026-05-30 14:04:00",detail_page,rec_v2,15,1
8904,582,110,"2026-05-31 01:46:00",search,rec_v1,8,0
8905,259,66,"2026-07-14 12:30:00",detail_page,rec_v2,20,0
8906,475,142,"2026-05-29 02:53:00",home,rec_v2,9,0
8907,737,16,"2026-07-06 21:58:00",detail_page,rec_v1,2,0
8908,897,122,"2026-05-11 10:10:00",continue_watching,rec_v2,13,0
8909,943,9,"2026-06-29 11:48:00",continue_watching,rec_v1,18,0
8910,860,20,"2026-05-07 22:35:00",search,rec_v2,14,0
8911,69,9,"2026-06-16 11:36:00",home,rec_v1,8,0
8912,57,29,"2026-05-11 02:04:00",home,rec_v2,1,0
8913,659,69,"2026-05-26 05:27:00",detail_page,rec_v2,9,0
8914,899,59,"2026-07-10 12:18:00",continue_watching,rec_v1,12,0
8915,138,23,"2026-07-28 14:03:00",detail_page,rec_v1,19,0
8916,340,20,"2026-07-27 05:08:00",continue_watching,rec_v1,19,0
8917,744,34,"2026-06-06 14:12:00",home,rec_v1,3,0
8918,366,23,"2026-05-28 07:27:00",detail_page,rec_v1,1,0
8919,8,137,"2026-06-16 15:19:00",search,rec_v2,14,0
8920,807,28,"2026-05-29 01:29:00",home,rec_v2,6,0
8921,520,95,"2026-05-30 16:00:00",continue_watching,rec_v2,19,0
8922,702,49,"2026-05-08 02:47:00",detail_page,rec_v2,19,0
8923,295,138,"2026-06-20 20:09:00",home,rec_v1,16,0
8924,475,107,"2026-07-18 10:22:00",continue_watching,rec_v1,19,0
8925,623,11,"2026-05-22 13:23:00",home,rec_v2,15,0
8926,100,3,"2026-07-12 04:24:00",home,rec_v2,7,0
8927,676,82,"2026-07-18 02:25:00",continue_watching,rec_v1,7,0
8928,557,81,"2026-05-11 09:43:00",detail_page,rec_v2,3,0
8929,589,71,"2026-05-04 13:54:00",detail_page,rec_v2,9,0
8930,442,122,"2026-05-13 05:29:00",home,rec_v2,20,0
8931,959,134,"2026-06-18 19:48:00",continue_watching,rec_v1,17,0
8932,148,25,"2026-07-08 20:43:00",continue_watching,rec_v1,15,0
8933,792,9,"2026-05-30 12:08:00",detail_page,rec_v2,11,0
8934,649,119,"2026-07-10 02:46:00",home,rec_v1,12,0
8935,449,120,"2026-06-06 23:33:00",search,rec_v2,16,0
8936,135,96,"2026-07-20 20:06:00",home,rec_v2,13,1
8937,498,2,"2026-05-17 00:30:00",search,rec_v2,7,0
8938,815,127,"2026-07-16 09:07:00",home,rec_v1,12,0
8939,1000,40,"2026-05-11 13:07:00",home,rec_v2,6,0
8940,689,99,"2026-06-17 13:19:00",search,rec_v1,16,0
8941,174,135,"2026-06-21 07:35:00",continue_watching,rec_v2,6,0
8942,333,75,"2026-05-27 10:48:00",home,rec_v1,13,0
8943,540,148,"2026-05-31 04:51:00",continue_watching,rec_v1,5,1
8944,752,9,"2026-07-23 20:18:00",home,rec_v1,4,0
8945,334,54,"2026-05-28 06:35:00",continue_watching,rec_v2,14,0
8946,359,4,"2026-05-26 18:41:00",home,rec_v1,9,1
8947,702,75,"2026-07-21 19:16:00",home,rec_v1,3,0
8948,676,99,"2026-07-09 21:41:00",detail_page,rec_v1,16,1
8949,273,33,"2026-05-11 15:04:00",home,rec_v1,14,0
8950,690,102,"2026-05-02 22:55:00",home,rec_v1,18,0
8951,429,2,"2026-07-08 12:10:00",home,rec_v1,16,1
8952,515,3,"2026-06-09 22:52:00",detail_page,rec_v2,5,0
8953,489,85,"2026-05-22 09:19:00",home,rec_v2,15,0
8954,389,109,"2026-07-10 12:41:00",continue_watching,rec_v2,15,0
8955,635,81,"2026-07-21 00:01:00",continue_watching,rec_v2,2,1
8956,542,96,"2026-07-11 18:46:00",search,rec_v2,19,1
8957,173,29,"2026-05-14 00:20:00",home,rec_v2,5,0
8958,495,32,"2026-06-16 17:09:00",home,rec_v1,19,0
8959,247,122,"2026-05-13 18:31:00",continue_watching,rec_v1,14,0
8960,668,81,"2026-07-25 15:19:00",home,rec_v1,8,0
8961,682,84,"2026-06-20 10:05:00",home,rec_v2,7,0
8962,903,24,"2026-05-21 18:19:00",home,rec_v1,10,0
8963,984,62,"2026-07-20 10:54:00",home,rec_v1,12,0
8964,401,146,"2026-05-11 11:23:00",detail_page,rec_v1,20,0
8965,246,2,"2026-06-01 06:36:00",search,rec_v1,18,0
8966,390,43,"2026-07-23 13:48:00",home,rec_v2,14,0
8967,29,17,"2026-05-04 04:17:00",home,rec_v1,19,0
8968,520,18,"2026-07-12 04:15:00",home,rec_v1,5,0
8969,555,111,"2026-05-30 12:17:00",home,rec_v2,13,0
8970,307,92,"2026-05-02 13:51:00",detail_page,rec_v1,18,0
8971,372,15,"2026-07-27 10:41:00",home,rec_v2,10,0
8972,208,99,"2026-06-28 19:32:00",home,rec_v2,3,0
8973,777,100,"2026-07-19 15:29:00",home,rec_v1,5,0
8974,336,41,"2026-05-07 01:50:00",home,rec_v1,7,0
8975,212,5,"2026-05-05 02:33:00",detail_page,rec_v1,8,0
8976,837,130,"2026-06-23 15:31:00",home,rec_v2,15,0
8977,761,119,"2026-06-03 10:48:00",home,rec_v2,4,1
8978,142,9,"2026-06-13 13:52:00",home,rec_v2,20,0
8979,763,2,"2026-05-18 13:41:00",search,rec_v2,19,0
8980,82,50,"2026-07-29 04:40:00",home,rec_v1,19,0
8981,907,66,"2026-07-06 14:57:00",home,rec_v1,5,0
8982,332,75,"2026-07-27 05:54:00",continue_watching,rec_v2,5,1
8983,771,101,"2026-07-07 00:43:00",home,rec_v2,11,0
8984,442,28,"2026-05-22 09:47:00",home,rec_v1,7,1
8985,111,20,"2026-05-12 06:32:00",detail_page,rec_v1,16,0
8986,212,108,"2026-06-12 17:21:00",detail_page,rec_v1,17,0
8987,975,32,"2026-07-26 00:56:00",home,rec_v2,6,0
8988,156,20,"2026-07-14 01:20:00",home,rec_v1,17,0
8989,968,147,"2026-06-19 23:54:00",home,rec_v1,17,0
8990,584,55,"2026-07-20 13:28:00",home,rec_v1,20,0
8991,65,49,"2026-06-16 23:48:00",detail_page,rec_v1,20,0
8992,832,109,"2026-07-14 19:32:00",continue_watching,rec_v1,1,0
8993,843,131,"2026-05-14 22:46:00",search,rec_v2,17,0
8994,559,31,"2026-05-25 05:00:00",home,rec_v2,17,0
8995,556,64,"2026-07-20 09:10:00",continue_watching,rec_v1,12,0
8996,538,116,"2026-06-14 05:38:00",detail_page,rec_v2,17,1
8997,429,67,"2026-05-25 21:12:00",home,rec_v1,12,0
8998,543,98,"2026-05-25 17:44:00",search,rec_v1,19,0
8999,792,121,"2026-05-03 15:57:00",continue_watching,rec_v1,16,0
9000,262,38,"2026-07-12 11:02:00",detail_page,rec_v1,9,0
9001,566,10,"2026-05-09 06:00:00",home,rec_v2,18,0
9002,795,54,"2026-07-15 01:53:00",home,rec_v1,11,0
9003,402,92,"2026-07-09 14:21:00",search,rec_v2,17,0
9004,110,70,"2026-05-05 22:06:00",detail_page,rec_v2,18,0
9005,909,88,"2026-07-27 16:07:00",home,rec_v1,14,0
9006,837,49,"2026-06-29 08:08:00",detail_page,rec_v2,7,0
9007,353,114,"2026-05-06 07:09:00",search,rec_v1,3,0
9008,368,97,"2026-06-07 03:15:00",detail_page,rec_v2,10,0
9009,399,96,"2026-06-17 06:42:00",detail_page,rec_v1,17,0
9010,821,90,"2026-06-12 20:01:00",home,rec_v2,2,0
9011,99,66,"2026-07-19 01:59:00",home,rec_v1,6,0
9012,847,87,"2026-07-21 09:41:00",detail_page,rec_v2,1,0
9013,360,134,"2026-05-31 11:14:00",continue_watching,rec_v1,6,0
9014,602,93,"2026-05-03 02:00:00",search,rec_v2,10,0
9015,20,70,"2026-06-18 14:43:00",search,rec_v2,18,0
9016,731,102,"2026-07-05 12:39:00",detail_page,rec_v1,16,0
9017,451,81,"2026-06-10 03:47:00",home,rec_v1,14,0
9018,815,112,"2026-06-24 11:14:00",detail_page,rec_v1,2,0
9019,595,122,"2026-07-25 20:13:00",continue_watching,rec_v1,2,0
9020,364,9,"2026-06-12 08:08:00",search,rec_v2,15,0
9021,257,56,"2026-05-18 18:21:00",home,rec_v1,19,0
9022,468,14,"2026-05-30 04:04:00",home,rec_v1,4,0
9023,689,52,"2026-05-19 19:19:00",home,rec_v2,8,0
9024,786,121,"2026-07-06 00:07:00",home,rec_v2,10,0
9025,433,58,"2026-05-09 19:01:00",search,rec_v2,8,0
9026,21,38,"2026-06-05 14:38:00",continue_watching,rec_v1,4,0
9027,534,82,"2026-07-28 00:53:00",continue_watching,rec_v2,7,0
9028,214,22,"2026-05-05 04:27:00",home,rec_v2,16,0
9029,705,141,"2026-05-26 14:33:00",home,rec_v1,12,0
9030,138,5,"2026-07-08 05:44:00",detail_page,rec_v1,17,0
9031,896,131,"2026-05-16 17:53:00",search,rec_v2,8,0
9032,48,21,"2026-07-11 00:56:00",search,rec_v1,10,0
9033,830,113,"2026-07-05 19:18:00",home,rec_v1,17,0
9034,130,119,"2026-05-08 05:50:00",search,rec_v1,7,0
9035,605,70,"2026-06-17 20:26:00",home,rec_v1,15,0
9036,225,70,"2026-05-20 02:35:00",detail_page,rec_v2,14,0
9037,458,27,"2026-06-18 10:09:00",detail_page,rec_v2,18,0
9038,325,72,"2026-06-13 00:13:00",continue_watching,rec_v2,10,0
9039,114,80,"2026-07-15 21:54:00",detail_page,rec_v2,6,0
9040,963,117,"2026-06-24 04:48:00",continue_watching,rec_v1,20,0
9041,453,19,"2026-05-12 15:43:00",home,rec_v2,15,0
9042,701,38,"2026-07-05 21:39:00",home,rec_v2,9,0
9043,782,41,"2026-07-15 14:48:00",home,rec_v1,19,0
9044,463,116,"2026-06-30 10:16:00",detail_page,rec_v1,9,0
9045,257,87,"2026-07-23 11:54:00",continue_watching,rec_v2,3,1
9046,377,145,"2026-07-08 10:52:00",continue_watching,rec_v1,13,0
9047,912,130,"2026-06-11 15:45:00",search,rec_v2,9,0
9048,514,74,"2026-05-04 09:52:00",detail_page,rec_v2,5,1
9049,605,134,"2026-06-17 03:43:00",home,rec_v2,1,1
9050,704,114,"2026-06-22 02:13:00",home,rec_v1,16,0
9051,690,50,"2026-06-05 08:56:00",search,rec_v1,16,0
9052,612,11,"2026-07-05 01:01:00",continue_watching,rec_v2,18,0
9053,645,47,"2026-07-14 00:22:00",home,rec_v1,8,0
9054,901,4,"2026-05-10 20:12:00",continue_watching,rec_v1,13,0
9055,288,2,"2026-06-16 03:46:00",detail_page,rec_v1,20,0
9056,697,39,"2026-07-05 02:56:00",continue_watching,rec_v2,9,0
9057,494,74,"2026-07-19 15:06:00",home,rec_v2,14,0
9058,198,46,"2026-05-14 03:46:00",continue_watching,rec_v2,1,0
9059,665,98,"2026-06-12 10:07:00",detail_page,rec_v2,17,0
9060,863,3,"2026-07-08 10:50:00",detail_page,rec_v2,19,0
9061,491,74,"2026-05-17 11:21:00",home,rec_v1,18,0
9062,754,39,"2026-05-21 10:20:00",home,rec_v1,15,0
9063,97,76,"2026-07-18 16:33:00",home,rec_v2,7,0
9064,676,132,"2026-05-06 11:22:00",detail_page,rec_v1,15,0
9065,183,70,"2026-06-25 07:11:00",home,rec_v2,2,0
9066,814,147,"2026-06-06 16:26:00",search,rec_v2,11,0
9067,542,87,"2026-05-22 06:31:00",search,rec_v2,4,1
9068,696,140,"2026-06-27 15:44:00",continue_watching,rec_v2,13,1
9069,154,69,"2026-06-15 03:33:00",detail_page,rec_v1,6,0
9070,707,22,"2026-05-22 13:19:00",detail_page,rec_v1,15,0
9071,910,5,"2026-05-06 10:07:00",home,rec_v2,1,0
9072,419,72,"2026-07-29 16:56:00",continue_watching,rec_v1,18,0
9073,371,84,"2026-06-03 08:01:00",home,rec_v1,6,0
9074,888,2,"2026-05-04 10:52:00",detail_page,rec_v1,5,0
9075,307,69,"2026-07-02 00:33:00",detail_page,rec_v1,8,1
9076,525,95,"2026-05-29 22:08:00",detail_page,rec_v2,2,0
9077,593,49,"2026-06-07 02:18:00",home,rec_v2,9,0
9078,384,28,"2026-07-28 03:20:00",continue_watching,rec_v1,6,0
9079,116,58,"2026-07-01 01:08:00",detail_page,rec_v1,19,0
9080,80,7,"2026-05-12 13:45:00",home,rec_v1,6,0
9081,772,31,"2026-05-20 18:40:00",search,rec_v1,18,0
9082,909,130,"2026-07-21 09:01:00",home,rec_v1,16,0
9083,38,45,"2026-05-13 12:22:00",home,rec_v2,20,1
9084,54,22,"2026-06-24 14:05:00",detail_page,rec_v2,8,0
9085,988,24,"2026-05-01 00:08:00",home,rec_v2,17,0
9086,679,46,"2026-07-14 00:10:00",continue_watching,rec_v1,10,0
9087,886,64,"2026-06-27 21:13:00",home,rec_v1,20,0
9088,705,32,"2026-06-26 20:58:00",continue_watching,rec_v2,20,0
9089,890,23,"2026-06-14 04:37:00",home,rec_v1,4,0
9090,672,27,"2026-05-10 19:59:00",home,rec_v1,4,0
9091,708,115,"2026-05-05 17:15:00",home,rec_v2,4,0
9092,2,78,"2026-07-01 08:57:00",continue_watching,rec_v1,1,0
9093,681,90,"2026-06-04 15:04:00",continue_watching,rec_v1,1,0
9094,193,46,"2026-07-04 05:16:00",search,rec_v2,12,0
9095,707,145,"2026-07-28 14:06:00",home,rec_v2,5,0
9096,654,33,"2026-05-05 16:13:00",detail_page,rec_v2,13,0
9097,705,119,"2026-06-26 07:54:00",detail_page,rec_v2,15,0
9098,74,37,"2026-06-12 05:26:00",detail_page,rec_v2,9,0
9099,100,59,"2026-05-02 23:28:00",home,rec_v2,5,0
9100,207,64,"2026-06-29 00:55:00",detail_page,rec_v2,19,0
9101,45,118,"2026-06-30 18:29:00",home,rec_v2,18,0
9102,562,131,"2026-06-13 00:26:00",continue_watching,rec_v2,4,0
9103,965,16,"2026-07-04 18:36:00",detail_page,rec_v1,5,0
9104,353,74,"2026-05-05 02:31:00",home,rec_v1,13,0
9105,439,100,"2026-07-11 12:14:00",continue_watching,rec_v2,11,0
9106,103,82,"2026-07-12 12:22:00",home,rec_v1,6,0
9107,554,68,"2026-06-17 04:22:00",home,rec_v1,14,1
9108,563,17,"2026-05-26 18:39:00",continue_watching,rec_v1,11,0
9109,445,78,"2026-06-25 18:11:00",detail_page,rec_v1,16,0
9110,127,44,"2026-06-06 10:16:00",search,rec_v1,11,0
9111,229,70,"2026-07-26 21:02:00",continue_watching,rec_v1,7,0
9112,838,54,"2026-05-02 21:41:00",search,rec_v1,14,0
9113,518,131,"2026-06-29 07:51:00",home,rec_v1,2,0
9114,181,13,"2026-06-15 19:39:00",home,rec_v1,2,0
9115,410,67,"2026-05-31 18:25:00",search,rec_v1,7,0
9116,54,88,"2026-06-18 21:20:00",detail_page,rec_v2,12,0
9117,834,94,"2026-05-08 04:31:00",search,rec_v2,9,0
9118,795,89,"2026-07-25 20:14:00",home,rec_v2,10,0
9119,722,145,"2026-07-06 15:04:00",continue_watching,rec_v1,1,0
9120,287,82,"2026-06-03 05:55:00",home,rec_v1,6,0
9121,216,19,"2026-07-15 23:27:00",home,rec_v2,19,0
9122,952,150,"2026-05-27 18:04:00",continue_watching,rec_v1,6,0
9123,243,37,"2026-06-26 19:14:00",search,rec_v2,17,0
9124,895,76,"2026-05-15 03:13:00",home,rec_v2,8,1
9125,24,146,"2026-07-27 21:31:00",detail_page,rec_v2,15,0
9126,691,98,"2026-07-04 15:22:00",home,rec_v2,7,0
9127,852,44,"2026-06-16 01:54:00",detail_page,rec_v1,1,0
9128,345,145,"2026-07-09 02:04:00",home,rec_v1,6,0
9129,892,130,"2026-06-23 19:12:00",detail_page,rec_v2,13,0
9130,108,22,"2026-06-09 12:13:00",continue_watching,rec_v2,12,0
9131,859,95,"2026-06-05 12:23:00",home,rec_v2,8,1
9132,303,50,"2026-05-19 10:23:00",home,rec_v1,3,0
9133,842,76,"2026-05-02 03:44:00",search,rec_v2,11,0
9134,581,74,"2026-07-17 07:22:00",home,rec_v2,15,0
9135,349,38,"2026-07-02 19:37:00",search,rec_v2,5,0
9136,486,118,"2026-05-24 20:27:00",detail_page,rec_v2,4,0
9137,909,109,"2026-07-23 18:30:00",detail_page,rec_v2,13,0
9138,924,119,"2026-06-06 14:10:00",home,rec_v2,7,0
9139,367,88,"2026-06-16 07:23:00",home,rec_v2,4,1
9140,231,48,"2026-05-26 13:11:00",continue_watching,rec_v2,5,0
9141,291,52,"2026-06-08 12:15:00",search,rec_v1,17,0
9142,86,89,"2026-06-07 19:48:00",home,rec_v1,16,0
9143,292,114,"2026-06-10 17:13:00",search,rec_v1,16,0
9144,229,64,"2026-06-07 17:56:00",detail_page,rec_v1,4,1
9145,490,99,"2026-07-10 07:33:00",detail_page,rec_v2,7,0
9146,343,10,"2026-05-19 15:37:00",home,rec_v1,14,0
9147,827,93,"2026-07-23 19:06:00",home,rec_v1,13,0
9148,867,80,"2026-06-04 18:39:00",home,rec_v2,13,1
9149,440,7,"2026-05-19 13:01:00",continue_watching,rec_v1,6,0
9150,134,138,"2026-07-11 00:06:00",home,rec_v1,5,0
9151,938,37,"2026-05-08 22:27:00",search,rec_v2,13,0
9152,345,112,"2026-06-08 02:49:00",search,rec_v1,13,0
9153,795,12,"2026-07-24 18:52:00",search,rec_v1,16,0
9154,776,42,"2026-07-24 09:13:00",detail_page,rec_v1,14,0
9155,457,106,"2026-05-07 20:13:00",continue_watching,rec_v2,14,0
9156,710,121,"2026-06-27 05:28:00",home,rec_v2,1,0
9157,162,102,"2026-05-11 00:20:00",continue_watching,rec_v1,7,0
9158,937,150,"2026-07-04 05:15:00",home,rec_v2,15,0
9159,706,68,"2026-06-24 03:03:00",continue_watching,rec_v2,14,0
9160,736,48,"2026-06-08 11:22:00",home,rec_v1,1,0
9161,927,88,"2026-07-23 14:02:00",search,rec_v1,18,0
9162,532,5,"2026-06-14 16:50:00",continue_watching,rec_v1,8,0
9163,360,101,"2026-07-09 13:26:00",home,rec_v2,1,0
9164,845,64,"2026-06-28 22:12:00",continue_watching,rec_v1,18,0
9165,89,138,"2026-05-19 03:16:00",search,rec_v2,2,0
9166,413,47,"2026-05-28 23:55:00",continue_watching,rec_v2,14,0
9167,89,17,"2026-05-04 21:44:00",detail_page,rec_v1,18,0
9168,603,113,"2026-07-19 14:49:00",home,rec_v2,7,0
9169,672,8,"2026-07-24 22:41:00",home,rec_v2,9,1
9170,652,26,"2026-05-19 07:32:00",detail_page,rec_v2,7,0
9171,539,90,"2026-05-18 15:24:00",search,rec_v2,3,0
9172,771,4,"2026-05-27 11:08:00",detail_page,rec_v1,17,0
9173,7,81,"2026-07-16 22:02:00",detail_page,rec_v2,19,0
9174,729,125,"2026-06-02 18:54:00",search,rec_v2,2,1
9175,250,129,"2026-06-11 20:27:00",home,rec_v1,18,0
9176,777,37,"2026-06-11 17:30:00",search,rec_v1,11,0
9177,775,68,"2026-07-02 11:11:00",home,rec_v1,11,0
9178,449,52,"2026-06-29 08:19:00",home,rec_v1,19,0
9179,331,34,"2026-06-06 00:39:00",home,rec_v2,12,0
9180,456,133,"2026-05-16 12:19:00",detail_page,rec_v2,13,0
9181,445,55,"2026-05-05 06:40:00",home,rec_v1,17,0
9182,422,51,"2026-07-15 14:48:00",home,rec_v2,8,0
9183,997,118,"2026-05-23 01:25:00",home,rec_v1,18,0
9184,406,142,"2026-06-27 06:40:00",home,rec_v2,15,1
9185,922,16,"2026-07-12 05:03:00",home,rec_v1,8,0
9186,123,110,"2026-05-14 23:27:00",search,rec_v1,11,0
9187,127,62,"2026-05-24 20:05:00",detail_page,rec_v1,12,0
9188,91,45,"2026-05-02 12:13:00",continue_watching,rec_v2,16,0
9189,132,18,"2026-05-20 22:51:00",search,rec_v2,1,0
9190,192,136,"2026-06-25 15:29:00",search,rec_v1,17,0
9191,146,65,"2026-06-03 16:22:00",home,rec_v2,8,0
9192,692,13,"2026-06-12 19:38:00",home,rec_v1,16,1
9193,690,148,"2026-06-05 02:25:00",home,rec_v2,15,0
9194,234,83,"2026-07-29 13:22:00",detail_page,rec_v1,9,0
9195,671,127,"2026-07-23 17:54:00",home,rec_v1,12,0
9196,659,109,"2026-05-19 19:30:00",home,rec_v1,14,0
9197,84,5,"2026-07-08 07:09:00",detail_page,rec_v1,8,0
9198,219,18,"2026-05-17 08:49:00",home,rec_v1,13,0
9199,438,129,"2026-05-26 18:30:00",home,rec_v1,18,1
9200,993,33,"2026-05-04 23:51:00",home,rec_v2,17,0
9201,282,35,"2026-05-27 13:33:00",continue_watching,rec_v2,4,0
9202,676,111,"2026-06-17 19:45:00",detail_page,rec_v1,19,0
9203,833,17,"2026-07-19 20:00:00",home,rec_v1,13,0
9204,355,136,"2026-06-11 02:30:00",home,rec_v2,13,0
9205,948,124,"2026-06-09 00:02:00",continue_watching,rec_v2,17,0
9206,213,14,"2026-05-03 09:31:00",detail_page,rec_v1,16,1
9207,981,116,"2026-07-12 08:44:00",search,rec_v2,9,0
9208,680,88,"2026-05-02 12:49:00",search,rec_v1,12,0
9209,32,73,"2026-05-25 04:19:00",continue_watching,rec_v2,12,0
9210,572,63,"2026-06-03 10:12:00",search,rec_v2,9,0
9211,49,149,"2026-05-25 06:11:00",home,rec_v1,12,0
9212,703,117,"2026-07-16 15:16:00",detail_page,rec_v2,17,0
9213,238,2,"2026-07-19 20:12:00",home,rec_v2,2,0
9214,30,120,"2026-06-03 11:03:00",detail_page,rec_v1,19,0
9215,721,142,"2026-07-19 06:10:00",home,rec_v2,15,0
9216,978,109,"2026-07-11 07:34:00",home,rec_v1,9,0
9217,41,132,"2026-05-22 19:34:00",search,rec_v2,11,0
9218,847,135,"2026-07-19 20:54:00",search,rec_v2,7,0
9219,222,132,"2026-06-28 17:47:00",continue_watching,rec_v2,7,0
9220,421,60,"2026-05-23 22:00:00",home,rec_v1,13,0
9221,42,66,"2026-07-11 01:27:00",detail_page,rec_v2,18,1
9222,357,34,"2026-06-23 07:34:00",home,rec_v1,9,0
9223,294,140,"2026-05-01 14:32:00",search,rec_v2,11,0
9224,100,130,"2026-06-22 03:55:00",home,rec_v1,12,0
9225,493,100,"2026-07-09 17:39:00",search,rec_v2,13,1
9226,866,22,"2026-06-04 23:14:00",home,rec_v2,3,0
9227,678,128,"2026-07-21 22:52:00",search,rec_v2,10,0
9228,790,31,"2026-05-03 17:20:00",home,rec_v2,7,0
9229,422,46,"2026-07-16 19:28:00",home,rec_v1,2,1
9230,930,127,"2026-06-19 09:50:00",detail_page,rec_v2,8,0
9231,565,99,"2026-06-08 03:30:00",home,rec_v1,14,0
9232,29,57,"2026-07-23 19:46:00",home,rec_v1,4,0
9233,735,43,"2026-05-26 05:43:00",home,rec_v2,3,0
9234,282,124,"2026-06-25 15:19:00",search,rec_v2,9,0
9235,104,140,"2026-07-01 17:57:00",home,rec_v2,17,0
9236,163,124,"2026-07-07 12:48:00",home,rec_v1,18,0
9237,60,131,"2026-05-14 02:07:00",continue_watching,rec_v2,4,1
9238,522,6,"2026-05-26 03:52:00",home,rec_v1,5,0
9239,806,47,"2026-05-12 17:34:00",home,rec_v2,11,0
9240,762,26,"2026-05-10 08:10:00",home,rec_v2,19,0
9241,763,115,"2026-07-25 16:25:00",home,rec_v2,3,1
9242,477,31,"2026-06-04 22:30:00",home,rec_v2,20,0
9243,537,13,"2026-06-24 01:26:00",detail_page,rec_v1,15,0
9244,404,29,"2026-05-09 12:05:00",search,rec_v1,19,0
9245,237,72,"2026-07-10 08:19:00",detail_page,rec_v2,2,0
9246,445,12,"2026-06-30 19:35:00",search,rec_v1,11,0
9247,920,139,"2026-07-07 22:45:00",search,rec_v2,7,0
9248,313,16,"2026-07-17 11:36:00",continue_watching,rec_v2,18,0
9249,868,1,"2026-05-28 06:21:00",search,rec_v2,9,0
9250,184,129,"2026-06-15 02:08:00",home,rec_v2,11,0
9251,324,59,"2026-07-08 06:29:00",search,rec_v2,18,0
9252,320,88,"2026-06-28 17:58:00",home,rec_v1,10,0
9253,883,52,"2026-07-07 14:46:00",continue_watching,rec_v2,7,0
9254,178,102,"2026-06-29 23:07:00",home,rec_v1,17,1
9255,25,134,"2026-05-28 00:01:00",home,rec_v2,8,0
9256,596,28,"2026-06-22 00:55:00",continue_watching,rec_v1,11,0
9257,685,130,"2026-06-08 22:59:00",detail_page,rec_v2,9,0
9258,847,42,"2026-06-21 07:12:00",continue_watching,rec_v1,6,1
9259,152,131,"2026-06-10 17:15:00",home,rec_v1,19,1
9260,771,96,"2026-05-14 20:27:00",continue_watching,rec_v1,5,0
9261,362,104,"2026-05-14 23:29:00",home,rec_v1,15,0
9262,157,40,"2026-07-05 19:46:00",continue_watching,rec_v1,14,0
9263,359,67,"2026-06-03 09:54:00",continue_watching,rec_v2,16,1
9264,580,96,"2026-07-28 10:35:00",detail_page,rec_v2,16,0
9265,362,60,"2026-07-22 16:38:00",search,rec_v1,11,0
9266,464,143,"2026-05-24 04:51:00",detail_page,rec_v2,3,0
9267,487,19,"2026-07-16 16:44:00",detail_page,rec_v2,13,0
9268,705,17,"2026-07-05 08:08:00",detail_page,rec_v1,17,0
9269,821,85,"2026-07-23 09:06:00",detail_page,rec_v1,12,0
9270,808,31,"2026-06-18 02:29:00",search,rec_v2,5,0
9271,211,120,"2026-06-17 04:20:00",home,rec_v2,3,0
9272,489,21,"2026-06-01 08:59:00",continue_watching,rec_v1,4,1
9273,926,125,"2026-07-04 08:13:00",detail_page,rec_v2,2,0
9274,337,111,"2026-06-16 23:01:00",home,rec_v1,2,1
9275,949,78,"2026-06-08 12:06:00",detail_page,rec_v1,2,1
9276,649,76,"2026-05-16 18:40:00",home,rec_v1,15,0
9277,434,36,"2026-07-22 01:00:00",home,rec_v2,16,1
9278,702,5,"2026-07-08 01:07:00",home,rec_v2,6,0
9279,132,104,"2026-06-05 06:57:00",search,rec_v1,13,0
9280,97,60,"2026-05-27 07:33:00",home,rec_v1,9,0
9281,839,128,"2026-06-09 18:56:00",home,rec_v1,19,0
9282,135,129,"2026-05-10 23:21:00",home,rec_v1,7,0
9283,401,134,"2026-06-19 10:44:00",home,rec_v2,19,1
9284,949,130,"2026-05-17 23:49:00",detail_page,rec_v1,16,0
9285,752,73,"2026-06-10 15:39:00",search,rec_v1,10,0
9286,635,32,"2026-06-25 07:50:00",search,rec_v1,7,0
9287,124,126,"2026-05-14 12:34:00",home,rec_v1,18,0
9288,659,58,"2026-06-26 07:43:00",home,rec_v2,11,0
9289,796,53,"2026-07-20 06:16:00",search,rec_v1,12,0
9290,293,73,"2026-05-03 10:43:00",detail_page,rec_v2,10,0
9291,361,50,"2026-05-17 15:32:00",home,rec_v1,7,0
9292,855,11,"2026-07-13 22:49:00",search,rec_v1,10,0
9293,972,31,"2026-05-26 06:02:00",detail_page,rec_v1,16,0
9294,484,142,"2026-06-11 18:58:00",search,rec_v2,16,0
9295,758,53,"2026-07-02 15:58:00",home,rec_v1,1,0
9296,795,81,"2026-07-08 08:16:00",continue_watching,rec_v2,16,0
9297,144,128,"2026-07-18 10:03:00",home,rec_v2,7,0
9298,171,102,"2026-07-17 06:37:00",continue_watching,rec_v2,7,0
9299,262,80,"2026-05-25 22:30:00",search,rec_v2,4,1
9300,665,62,"2026-06-07 21:30:00",search,rec_v1,2,0
9301,796,37,"2026-06-01 11:40:00",detail_page,rec_v2,8,0
9302,763,14,"2026-05-13 05:38:00",search,rec_v1,17,0
9303,364,61,"2026-06-16 04:50:00",continue_watching,rec_v2,1,0
9304,680,67,"2026-05-04 04:43:00",home,rec_v2,9,0
9305,402,128,"2026-06-20 16:11:00",detail_page,rec_v2,8,0
9306,390,33,"2026-05-24 22:19:00",home,rec_v1,11,0
9307,586,63,"2026-05-11 03:58:00",search,rec_v1,10,0
9308,796,125,"2026-06-25 10:38:00",home,rec_v1,11,1
9309,706,84,"2026-07-11 09:12:00",home,rec_v2,20,1
9310,249,85,"2026-06-08 05:07:00",search,rec_v1,15,0
9311,913,99,"2026-05-07 20:46:00",home,rec_v2,2,1
9312,102,125,"2026-07-13 09:00:00",home,rec_v2,8,0
9313,570,25,"2026-06-11 23:33:00",search,rec_v2,1,0
9314,572,135,"2026-05-29 08:25:00",search,rec_v2,12,0
9315,77,31,"2026-06-02 23:58:00",detail_page,rec_v2,11,0
9316,766,17,"2026-06-08 07:49:00",home,rec_v1,19,0
9317,533,137,"2026-05-22 09:08:00",home,rec_v2,1,1
9318,562,107,"2026-06-20 04:38:00",detail_page,rec_v2,12,0
9319,99,139,"2026-06-19 18:34:00",search,rec_v1,7,1
9320,417,25,"2026-06-04 13:07:00",home,rec_v2,4,0
9321,202,2,"2026-05-04 08:51:00",detail_page,rec_v1,6,0
9322,418,75,"2026-06-06 13:49:00",home,rec_v2,14,0
9323,631,129,"2026-05-22 21:09:00",home,rec_v1,19,0
9324,731,22,"2026-07-05 20:39:00",continue_watching,rec_v1,17,0
9325,715,46,"2026-06-24 07:32:00",home,rec_v1,6,0
9326,776,40,"2026-07-15 20:22:00",continue_watching,rec_v1,8,1
9327,762,111,"2026-05-29 17:02:00",search,rec_v1,15,0
9328,596,48,"2026-06-01 09:33:00",search,rec_v1,14,0
9329,426,136,"2026-05-10 17:54:00",home,rec_v1,11,0
9330,153,84,"2026-05-13 14:19:00",home,rec_v1,3,0
9331,553,28,"2026-07-20 21:06:00",home,rec_v1,1,0
9332,538,135,"2026-07-25 09:52:00",detail_page,rec_v1,3,0
9333,171,23,"2026-05-13 09:32:00",home,rec_v1,14,0
9334,131,25,"2026-05-06 11:28:00",home,rec_v2,9,0
9335,930,13,"2026-07-06 00:41:00",home,rec_v1,2,0
9336,591,21,"2026-05-07 02:00:00",search,rec_v2,4,0
9337,29,131,"2026-07-13 03:16:00",home,rec_v1,3,0
9338,65,83,"2026-05-03 02:47:00",detail_page,rec_v2,4,1
9339,1000,43,"2026-07-22 09:49:00",search,rec_v2,2,0
9340,187,102,"2026-06-12 13:19:00",detail_page,rec_v1,19,1
9341,450,25,"2026-05-26 20:57:00",search,rec_v1,16,0
9342,996,28,"2026-06-24 15:24:00",home,rec_v2,12,0
9343,126,66,"2026-06-04 17:15:00",detail_page,rec_v1,16,0
9344,420,17,"2026-05-04 20:02:00",search,rec_v1,10,0
9345,246,87,"2026-07-24 17:19:00",search,rec_v1,15,0
9346,234,107,"2026-07-07 19:34:00",home,rec_v2,20,0
9347,762,15,"2026-06-02 05:14:00",home,rec_v1,7,0
9348,677,79,"2026-06-13 08:52:00",home,rec_v1,16,0
9349,365,108,"2026-05-18 10:13:00",continue_watching,rec_v2,9,0
9350,646,95,"2026-06-18 00:14:00",continue_watching,rec_v1,4,0
9351,359,116,"2026-06-13 05:59:00",home,rec_v1,15,0
9352,370,121,"2026-06-08 19:06:00",continue_watching,rec_v2,5,0
9353,473,19,"2026-05-06 07:27:00",continue_watching,rec_v2,4,0
9354,292,45,"2026-07-10 19:49:00",detail_page,rec_v1,1,0
9355,944,90,"2026-05-22 07:14:00",search,rec_v1,17,1
9356,954,144,"2026-06-04 23:09:00",continue_watching,rec_v2,20,1
9357,326,63,"2026-05-24 17:19:00",detail_page,rec_v2,11,1
9358,265,77,"2026-07-24 07:51:00",home,rec_v2,9,0
9359,617,44,"2026-06-06 09:33:00",home,rec_v2,7,0
9360,353,25,"2026-06-23 06:12:00",continue_watching,rec_v1,8,0
9361,946,60,"2026-05-18 04:01:00",home,rec_v2,3,0
9362,346,47,"2026-06-22 05:32:00",detail_page,rec_v1,15,0
9363,695,117,"2026-05-09 02:27:00",home,rec_v2,4,0
9364,402,6,"2026-05-06 07:40:00",home,rec_v1,4,0
9365,992,127,"2026-06-15 15:40:00",home,rec_v2,20,0
9366,682,135,"2026-06-28 08:24:00",detail_page,rec_v1,19,0
9367,60,148,"2026-05-06 05:38:00",continue_watching,rec_v2,16,0
9368,328,142,"2026-05-28 04:44:00",home,rec_v1,20,0
9369,877,107,"2026-07-25 22:39:00",home,rec_v2,1,0
9370,789,70,"2026-06-07 03:57:00",detail_page,rec_v2,1,0
9371,937,1,"2026-06-07 21:22:00",search,rec_v1,6,0
9372,759,95,"2026-07-06 19:44:00",home,rec_v2,7,0
9373,573,68,"2026-05-03 07:49:00",home,rec_v1,9,0
9374,596,7,"2026-05-16 18:42:00",continue_watching,rec_v1,14,0
9375,796,27,"2026-06-15 03:07:00",home,rec_v1,7,0
9376,584,113,"2026-07-09 06:56:00",home,rec_v1,11,0
9377,830,50,"2026-07-09 04:32:00",home,rec_v1,11,0
9378,866,135,"2026-07-29 10:40:00",home,rec_v2,1,0
9379,382,82,"2026-05-05 03:58:00",home,rec_v1,8,0
9380,994,76,"2026-07-04 13:43:00",home,rec_v2,4,0
9381,935,97,"2026-06-02 14:25:00",home,rec_v2,4,0
9382,755,8,"2026-05-01 23:18:00",search,rec_v1,17,0
9383,551,38,"2026-07-15 05:34:00",home,rec_v1,2,1
9384,921,28,"2026-07-22 20:39:00",home,rec_v1,13,0
9385,178,13,"2026-06-14 00:47:00",detail_page,rec_v2,16,0
9386,730,127,"2026-05-29 11:50:00",detail_page,rec_v1,17,0
9387,615,115,"2026-05-13 19:20:00",home,rec_v1,14,0
9388,478,63,"2026-06-08 13:50:00",home,rec_v2,19,0
9389,714,38,"2026-07-17 12:21:00",continue_watching,rec_v1,4,0
9390,111,29,"2026-05-01 17:27:00",continue_watching,rec_v1,16,0
9391,81,59,"2026-05-31 00:49:00",detail_page,rec_v1,20,1
9392,420,93,"2026-06-16 03:46:00",continue_watching,rec_v1,17,0
9393,908,62,"2026-07-13 03:11:00",search,rec_v2,1,0
9394,666,116,"2026-05-08 01:01:00",home,rec_v2,11,0
9395,914,116,"2026-06-01 07:55:00",search,rec_v1,20,0
9396,687,123,"2026-07-27 01:51:00",search,rec_v2,9,0
9397,803,141,"2026-07-27 01:42:00",home,rec_v2,10,0
9398,63,47,"2026-07-20 16:28:00",search,rec_v2,11,0
9399,984,22,"2026-05-06 03:21:00",search,rec_v2,4,0
9400,850,112,"2026-06-04 09:33:00",detail_page,rec_v1,11,0
9401,2,50,"2026-07-15 09:05:00",detail_page,rec_v1,18,0
9402,533,52,"2026-05-15 16:50:00",home,rec_v2,7,0
9403,702,101,"2026-05-30 22:34:00",continue_watching,rec_v1,15,1
9404,600,46,"2026-06-17 18:57:00",search,rec_v1,5,0
9405,943,114,"2026-06-07 02:09:00",home,rec_v1,10,0
9406,507,122,"2026-06-28 13:58:00",detail_page,rec_v1,4,0
9407,23,137,"2026-07-23 23:39:00",home,rec_v2,12,0
9408,941,32,"2026-07-23 04:36:00",home,rec_v2,4,0
9409,143,100,"2026-05-31 13:08:00",home,rec_v2,4,0
9410,413,136,"2026-05-24 15:44:00",home,rec_v2,12,0
9411,375,139,"2026-05-23 18:32:00",home,rec_v1,19,1
9412,435,77,"2026-06-03 01:15:00",home,rec_v1,6,0
9413,720,42,"2026-05-28 06:02:00",search,rec_v2,14,0
9414,309,20,"2026-05-30 06:20:00",home,rec_v1,4,0
9415,981,17,"2026-07-03 07:17:00",continue_watching,rec_v1,8,0
9416,388,135,"2026-07-23 12:22:00",home,rec_v1,6,0
9417,514,41,"2026-06-22 11:56:00",search,rec_v2,6,0
9418,17,127,"2026-07-13 17:14:00",continue_watching,rec_v1,7,0
9419,29,59,"2026-05-18 04:40:00",home,rec_v2,20,0
9420,145,127,"2026-06-21 00:30:00",home,rec_v2,16,0
9421,503,49,"2026-05-16 09:38:00",continue_watching,rec_v2,15,0
9422,951,147,"2026-07-22 15:14:00",home,rec_v2,9,0
9423,962,112,"2026-06-19 03:46:00",home,rec_v1,15,0
9424,44,67,"2026-05-07 06:48:00",continue_watching,rec_v1,18,1
9425,395,150,"2026-06-23 16:52:00",continue_watching,rec_v2,9,0
9426,662,144,"2026-05-18 03:02:00",search,rec_v1,6,0
9427,42,3,"2026-05-29 05:48:00",home,rec_v2,11,0
9428,741,70,"2026-07-28 23:38:00",search,rec_v1,6,1
9429,550,12,"2026-06-04 15:31:00",detail_page,rec_v1,9,0
9430,634,122,"2026-06-28 02:57:00",home,rec_v2,11,0
9431,963,146,"2026-06-21 13:33:00",search,rec_v1,18,0
9432,349,147,"2026-05-05 15:56:00",home,rec_v2,4,0
9433,664,80,"2026-06-16 16:05:00",home,rec_v2,10,0
9434,908,30,"2026-05-07 01:47:00",continue_watching,rec_v1,8,0
9435,411,116,"2026-05-05 03:44:00",detail_page,rec_v2,4,0
9436,617,55,"2026-06-19 03:24:00",detail_page,rec_v2,8,0
9437,31,102,"2026-05-23 07:58:00",search,rec_v1,15,0
9438,576,96,"2026-05-04 07:59:00",search,rec_v1,13,1
9439,289,100,"2026-05-27 00:03:00",search,rec_v2,20,1
9440,716,3,"2026-05-07 13:39:00",search,rec_v2,1,0
9441,682,61,"2026-05-30 15:12:00",home,rec_v1,10,1
9442,965,125,"2026-05-03 04:12:00",home,rec_v2,8,0
9443,900,134,"2026-06-15 01:06:00",search,rec_v1,18,0
9444,601,44,"2026-06-24 02:03:00",home,rec_v1,8,0
9445,127,21,"2026-06-29 16:51:00",search,rec_v2,9,0
9446,815,12,"2026-05-06 00:55:00",detail_page,rec_v2,8,0
9447,396,43,"2026-06-18 20:12:00",continue_watching,rec_v2,7,0
9448,230,125,"2026-06-04 23:50:00",home,rec_v1,11,0
9449,990,36,"2026-06-23 23:02:00",home,rec_v1,10,0
9450,177,36,"2026-05-15 07:29:00",continue_watching,rec_v2,16,0
9451,886,64,"2026-06-28 09:45:00",home,rec_v2,8,0
9452,388,12,"2026-07-10 09:09:00",continue_watching,rec_v1,6,0
9453,675,115,"2026-05-31 01:35:00",home,rec_v2,12,0
9454,313,70,"2026-07-01 02:49:00",continue_watching,rec_v2,8,1
9455,520,22,"2026-07-06 12:32:00",detail_page,rec_v1,19,0
9456,960,37,"2026-05-27 07:17:00",detail_page,rec_v1,9,0
9457,871,44,"2026-06-24 13:45:00",home,rec_v1,12,0
9458,505,95,"2026-05-15 15:35:00",home,rec_v1,5,1
9459,787,68,"2026-06-26 05:38:00",search,rec_v1,20,0
9460,237,105,"2026-06-10 07:06:00",home,rec_v2,3,0
9461,358,88,"2026-05-25 13:01:00",detail_page,rec_v2,10,0
9462,314,37,"2026-07-11 11:00:00",continue_watching,rec_v2,8,0
9463,439,144,"2026-05-18 03:02:00",home,rec_v1,7,0
9464,260,137,"2026-05-20 09:44:00",home,rec_v2,12,0
9465,459,57,"2026-06-14 20:03:00",search,rec_v1,8,0
9466,201,20,"2026-05-10 17:58:00",continue_watching,rec_v2,11,0
9467,149,108,"2026-05-23 23:05:00",home,rec_v2,20,0
9468,933,91,"2026-07-16 09:23:00",home,rec_v2,16,0
9469,889,123,"2026-05-09 12:29:00",home,rec_v1,18,0
9470,236,58,"2026-05-22 03:28:00",home,rec_v1,12,0
9471,126,53,"2026-05-31 12:19:00",detail_page,rec_v2,4,0
9472,57,63,"2026-07-06 07:52:00",home,rec_v1,8,0
9473,842,36,"2026-05-03 03:36:00",continue_watching,rec_v1,5,1
9474,467,59,"2026-07-27 17:25:00",detail_page,rec_v1,5,0
9475,794,11,"2026-07-27 12:53:00",detail_page,rec_v2,18,0
9476,659,106,"2026-06-08 08:07:00",home,rec_v2,1,0
9477,995,106,"2026-07-13 10:12:00",home,rec_v2,8,0
9478,768,131,"2026-07-17 19:45:00",search,rec_v2,18,0
9479,590,44,"2026-06-26 21:18:00",search,rec_v2,19,0
9480,83,23,"2026-07-28 07:21:00",home,rec_v2,19,0
9481,539,49,"2026-05-30 02:40:00",home,rec_v1,5,0
9482,378,49,"2026-05-12 16:42:00",search,rec_v2,20,0
9483,513,102,"2026-05-18 09:30:00",continue_watching,rec_v1,2,0
9484,84,63,"2026-07-06 01:23:00",continue_watching,rec_v1,13,0
9485,800,51,"2026-05-19 08:19:00",home,rec_v2,20,1
9486,348,24,"2026-07-08 03:43:00",home,rec_v2,14,0
9487,620,38,"2026-05-18 11:09:00",search,rec_v2,20,0
9488,155,111,"2026-06-23 05:17:00",home,rec_v1,1,0
9489,4,51,"2026-05-18 01:13:00",home,rec_v1,1,0
9490,517,137,"2026-05-28 20:34:00",continue_watching,rec_v1,19,1
9491,471,63,"2026-05-11 17:06:00",continue_watching,rec_v1,12,0
9492,531,136,"2026-06-28 17:48:00",detail_page,rec_v1,4,0
9493,639,3,"2026-05-29 07:27:00",continue_watching,rec_v2,6,0
9494,854,38,"2026-05-22 16:19:00",detail_page,rec_v1,14,1
9495,765,144,"2026-06-26 18:41:00",search,rec_v1,18,0
9496,130,25,"2026-05-04 13:40:00",home,rec_v2,4,1
9497,502,132,"2026-05-28 12:46:00",search,rec_v1,10,0
9498,656,40,"2026-07-03 16:23:00",home,rec_v2,15,0
9499,416,110,"2026-07-01 01:09:00",detail_page,rec_v1,2,1
9500,343,52,"2026-05-07 23:36:00",search,rec_v2,5,1
9501,82,67,"2026-07-20 21:21:00",continue_watching,rec_v1,12,1
9502,831,40,"2026-05-18 20:16:00",home,rec_v1,15,0
9503,382,11,"2026-06-22 22:27:00",detail_page,rec_v2,9,0
9504,86,127,"2026-07-25 00:17:00",continue_watching,rec_v2,19,0
9505,220,107,"2026-05-01 19:50:00",detail_page,rec_v1,13,1
9506,229,8,"2026-07-24 07:58:00",search,rec_v2,6,0
9507,909,81,"2026-06-13 18:52:00",home,rec_v2,17,0
9508,214,31,"2026-06-10 09:45:00",detail_page,rec_v1,7,0
9509,630,143,"2026-06-19 15:04:00",home,rec_v1,19,0
9510,453,143,"2026-06-17 07:04:00",home,rec_v1,8,0
9511,875,87,"2026-06-18 05:18:00",home,rec_v1,9,0
9512,146,34,"2026-05-21 17:24:00",detail_page,rec_v1,5,0
9513,78,5,"2026-05-12 01:39:00",home,rec_v2,5,1
9514,463,108,"2026-05-02 03:26:00",detail_page,rec_v2,4,0
9515,155,92,"2026-07-29 12:29:00",home,rec_v2,8,0
9516,128,8,"2026-06-19 06:48:00",home,rec_v1,19,1
9517,422,67,"2026-06-05 11:29:00",home,rec_v1,5,0
9518,402,143,"2026-06-13 06:40:00",home,rec_v2,4,0
9519,106,115,"2026-07-15 06:22:00",continue_watching,rec_v2,4,1
9520,334,150,"2026-06-11 12:27:00",home,rec_v2,14,0
9521,942,111,"2026-06-03 11:02:00",search,rec_v1,6,0
9522,164,122,"2026-07-16 14:40:00",continue_watching,rec_v2,14,0
9523,771,72,"2026-07-05 02:28:00",search,rec_v2,10,0
9524,480,98,"2026-05-23 03:19:00",home,rec_v2,18,0
9525,42,13,"2026-05-10 22:18:00",home,rec_v2,17,0
9526,949,41,"2026-07-28 08:20:00",detail_page,rec_v1,8,0
9527,692,68,"2026-05-16 17:37:00",continue_watching,rec_v1,10,0
9528,376,59,"2026-07-26 21:46:00",continue_watching,rec_v1,3,0
9529,652,16,"2026-07-29 06:00:00",home,rec_v2,5,0
9530,507,117,"2026-06-22 02:17:00",search,rec_v1,2,1
9531,197,10,"2026-05-25 10:28:00",home,rec_v1,16,0
9532,861,5,"2026-07-05 17:50:00",home,rec_v1,5,0
9533,861,93,"2026-07-20 05:48:00",home,rec_v1,17,0
9534,64,146,"2026-06-25 16:45:00",home,rec_v2,1,0
9535,440,42,"2026-06-14 04:39:00",home,rec_v1,2,0
9536,73,137,"2026-06-03 08:07:00",home,rec_v1,14,0
9537,914,98,"2026-05-25 15:50:00",detail_page,rec_v2,5,0
9538,815,9,"2026-06-30 13:13:00",continue_watching,rec_v2,11,1
9539,327,65,"2026-07-23 04:55:00",search,rec_v1,16,1
9540,148,61,"2026-06-20 12:14:00",home,rec_v2,2,0
9541,7,146,"2026-06-18 05:10:00",home,rec_v2,2,0
9542,612,53,"2026-07-13 08:00:00",home,rec_v2,13,0
9543,212,132,"2026-07-18 11:57:00",detail_page,rec_v1,7,0
9544,852,77,"2026-07-26 02:16:00",search,rec_v1,7,0
9545,987,101,"2026-05-15 01:40:00",home,rec_v2,14,1
9546,33,115,"2026-05-23 10:27:00",search,rec_v2,14,0
9547,45,62,"2026-05-09 05:51:00",home,rec_v2,14,1
9548,23,12,"2026-05-31 15:24:00",home,rec_v1,3,0
9549,286,147,"2026-07-29 05:45:00",home,rec_v2,9,0
9550,623,18,"2026-06-29 10:29:00",detail_page,rec_v1,12,0
9551,192,144,"2026-06-09 22:19:00",search,rec_v1,14,0
9552,143,84,"2026-05-31 14:42:00",continue_watching,rec_v2,10,0
9553,110,67,"2026-07-05 10:50:00",home,rec_v1,17,0
9554,628,10,"2026-06-09 11:47:00",home,rec_v1,14,0
9555,14,150,"2026-06-28 17:23:00",home,rec_v2,3,0
9556,580,56,"2026-05-12 05:25:00",home,rec_v1,8,0
9557,299,83,"2026-07-12 06:09:00",detail_page,rec_v1,9,0
9558,194,46,"2026-07-07 10:03:00",detail_page,rec_v2,9,0
9559,384,131,"2026-05-09 16:14:00",home,rec_v2,14,0
9560,810,85,"2026-07-19 16:58:00",home,rec_v2,18,0
9561,1000,28,"2026-06-02 22:01:00",home,rec_v2,1,0
9562,708,65,"2026-06-21 23:41:00",home,rec_v1,14,1
9563,556,26,"2026-05-13 16:01:00",home,rec_v1,13,1
9564,974,38,"2026-05-25 04:05:00",continue_watching,rec_v2,3,0
9565,53,105,"2026-06-14 10:28:00",home,rec_v2,11,1
9566,19,5,"2026-05-17 14:49:00",detail_page,rec_v2,20,0
9567,791,108,"2026-05-28 14:51:00",detail_page,rec_v2,1,0
9568,707,143,"2026-06-07 06:52:00",detail_page,rec_v1,13,0
9569,72,37,"2026-05-29 06:05:00",home,rec_v1,11,0
9570,596,89,"2026-05-06 20:21:00",home,rec_v2,3,0
9571,821,35,"2026-06-15 16:25:00",detail_page,rec_v1,6,0
9572,112,71,"2026-05-17 07:07:00",continue_watching,rec_v2,16,0
9573,601,125,"2026-06-17 11:09:00",home,rec_v1,7,0
9574,541,19,"2026-06-25 06:03:00",home,rec_v1,9,0
9575,386,60,"2026-07-22 15:56:00",home,rec_v1,2,0
9576,665,35,"2026-07-24 20:55:00",detail_page,rec_v1,20,1
9577,42,89,"2026-06-17 12:25:00",search,rec_v2,3,0
9578,201,101,"2026-06-27 15:18:00",search,rec_v1,13,0
9579,787,54,"2026-05-09 06:23:00",detail_page,rec_v2,19,0
9580,29,120,"2026-06-16 14:46:00",home,rec_v1,20,0
9581,917,33,"2026-05-10 20:58:00",continue_watching,rec_v1,18,0
9582,168,35,"2026-05-16 02:54:00",continue_watching,rec_v1,4,0
9583,319,48,"2026-07-17 05:33:00",home,rec_v1,12,0
9584,319,124,"2026-07-14 10:18:00",continue_watching,rec_v2,1,0
9585,639,147,"2026-07-09 22:14:00",search,rec_v1,3,0
9586,728,45,"2026-05-02 13:47:00",home,rec_v1,11,0
9587,597,88,"2026-07-19 08:59:00",detail_page,rec_v1,6,0
9588,284,89,"2026-07-16 14:44:00",search,rec_v1,20,0
9589,578,54,"2026-06-18 18:21:00",search,rec_v2,7,1
9590,270,136,"2026-06-11 01:34:00",home,rec_v2,6,0
9591,5,2,"2026-06-23 05:51:00",home,rec_v1,18,0
9592,498,16,"2026-07-20 07:07:00",detail_page,rec_v1,5,0
9593,152,70,"2026-05-06 02:07:00",home,rec_v2,6,0
9594,954,6,"2026-05-08 23:48:00",detail_page,rec_v1,15,0
9595,176,133,"2026-05-10 12:41:00",detail_page,rec_v2,12,0
9596,657,9,"2026-06-11 09:08:00",search,rec_v1,17,0
9597,570,5,"2026-06-09 05:12:00",home,rec_v2,2,0
9598,436,93,"2026-07-20 11:11:00",home,rec_v2,1,1
9599,466,35,"2026-07-12 21:23:00",search,rec_v2,8,0
9600,876,145,"2026-07-24 13:58:00",home,rec_v1,3,0
9601,645,110,"2026-05-09 13:18:00",detail_page,rec_v2,19,0
9602,905,72,"2026-07-10 17:20:00",detail_page,rec_v1,4,0
9603,591,47,"2026-06-21 13:43:00",continue_watching,rec_v1,1,0
9604,693,71,"2026-06-25 04:23:00",home,rec_v2,14,0
9605,565,120,"2026-06-06 12:02:00",search,rec_v2,14,0
9606,120,138,"2026-06-03 20:58:00",search,rec_v1,3,0
9607,868,147,"2026-05-15 06:41:00",home,rec_v2,8,0
9608,937,112,"2026-06-06 13:25:00",home,rec_v2,4,0
9609,976,85,"2026-06-13 22:06:00",home,rec_v1,7,0
9610,669,59,"2026-06-19 17:38:00",home,rec_v2,3,0
9611,998,128,"2026-07-28 21:44:00",detail_page,rec_v1,16,0
9612,497,44,"2026-06-01 08:38:00",detail_page,rec_v1,13,0
9613,353,57,"2026-05-12 00:16:00",home,rec_v1,12,1
9614,32,28,"2026-05-16 21:33:00",search,rec_v1,9,0
9615,977,111,"2026-05-09 13:16:00",home,rec_v1,4,1
9616,931,134,"2026-05-03 09:21:00",search,rec_v1,2,0
9617,95,43,"2026-05-06 06:24:00",continue_watching,rec_v2,11,0
9618,595,59,"2026-06-16 13:08:00",search,rec_v2,20,0
9619,386,58,"2026-06-17 11:40:00",detail_page,rec_v2,8,0
9620,283,101,"2026-06-19 18:35:00",continue_watching,rec_v2,13,0
9621,197,13,"2026-05-01 19:46:00",home,rec_v2,8,0
9622,477,89,"2026-06-13 13:05:00",continue_watching,rec_v1,17,1
9623,964,117,"2026-06-15 01:23:00",continue_watching,rec_v1,7,0
9624,540,48,"2026-06-07 08:41:00",home,rec_v2,13,0
9625,794,91,"2026-07-27 14:46:00",home,rec_v2,8,1
9626,957,35,"2026-06-07 08:07:00",continue_watching,rec_v2,10,0
9627,188,122,"2026-05-30 01:05:00",home,rec_v1,9,0
9628,986,17,"2026-05-17 00:19:00",continue_watching,rec_v2,5,0
9629,696,104,"2026-06-01 09:52:00",home,rec_v2,19,0
9630,463,65,"2026-05-01 21:14:00",home,rec_v2,18,0
9631,839,107,"2026-06-17 21:49:00",continue_watching,rec_v2,19,0
9632,456,41,"2026-06-02 19:57:00",home,rec_v1,17,0
9633,832,39,"2026-05-25 23:23:00",home,rec_v1,7,1
9634,166,149,"2026-05-26 16:12:00",home,rec_v2,4,0
9635,321,10,"2026-05-10 17:51:00",home,rec_v1,19,0
9636,317,34,"2026-07-01 05:41:00",detail_page,rec_v1,2,0
9637,310,11,"2026-05-12 01:32:00",home,rec_v2,9,0
9638,930,25,"2026-06-21 15:16:00",home,rec_v1,5,0
9639,379,25,"2026-05-11 04:16:00",home,rec_v2,15,1
9640,909,76,"2026-06-26 16:45:00",home,rec_v2,19,0
9641,229,77,"2026-07-05 16:08:00",search,rec_v2,15,0
9642,623,121,"2026-05-25 20:15:00",detail_page,rec_v2,15,0
9643,936,1,"2026-07-03 06:02:00",continue_watching,rec_v1,4,0
9644,753,125,"2026-07-16 18:01:00",search,rec_v1,19,0
9645,966,35,"2026-06-14 00:47:00",search,rec_v1,2,0
9646,526,65,"2026-07-26 10:32:00",detail_page,rec_v2,6,0
9647,973,64,"2026-05-28 09:38:00",home,rec_v2,13,0
9648,375,132,"2026-07-17 12:36:00",detail_page,rec_v1,4,1
9649,375,74,"2026-07-06 07:05:00",search,rec_v2,18,0
9650,281,82,"2026-06-07 02:46:00",detail_page,rec_v2,10,0
9651,123,53,"2026-05-15 22:14:00",continue_watching,rec_v1,12,0
9652,80,52,"2026-06-08 05:22:00",search,rec_v1,8,0
9653,743,38,"2026-06-26 16:20:00",detail_page,rec_v2,14,1
9654,700,114,"2026-07-28 17:32:00",home,rec_v2,5,0
9655,796,136,"2026-07-24 15:02:00",continue_watching,rec_v1,4,0
9656,640,124,"2026-05-10 07:35:00",detail_page,rec_v2,20,0
9657,554,66,"2026-06-20 16:40:00",home,rec_v1,16,0
9658,109,19,"2026-06-02 16:07:00",detail_page,rec_v1,16,0
9659,15,120,"2026-06-27 17:32:00",detail_page,rec_v1,14,1
9660,245,48,"2026-05-04 05:34:00",home,rec_v2,8,0
9661,860,44,"2026-05-18 15:43:00",home,rec_v1,19,0
9662,468,145,"2026-06-26 16:57:00",continue_watching,rec_v1,4,0
9663,218,7,"2026-06-13 05:19:00",home,rec_v2,13,1
9664,614,104,"2026-06-11 15:33:00",continue_watching,rec_v2,19,0
9665,442,113,"2026-06-17 17:17:00",home,rec_v1,13,0
9666,97,70,"2026-05-06 20:03:00",home,rec_v1,14,0
9667,373,149,"2026-06-14 20:56:00",home,rec_v2,7,0
9668,933,29,"2026-07-13 16:38:00",home,rec_v1,5,1
9669,622,104,"2026-07-08 16:26:00",home,rec_v1,4,0
9670,487,53,"2026-07-15 16:33:00",home,rec_v1,18,0
9671,148,111,"2026-06-14 10:30:00",search,rec_v1,15,0
9672,287,3,"2026-05-30 11:53:00",home,rec_v2,4,1
9673,525,122,"2026-07-19 18:20:00",home,rec_v1,4,0
9674,634,129,"2026-06-11 12:39:00",search,rec_v2,17,0
9675,984,33,"2026-07-09 02:50:00",continue_watching,rec_v2,18,0
9676,996,38,"2026-07-02 13:38:00",home,rec_v1,7,0
9677,577,145,"2026-05-07 23:32:00",search,rec_v1,14,0
9678,928,69,"2026-05-15 10:50:00",home,rec_v1,3,0
9679,137,101,"2026-05-07 01:23:00",continue_watching,rec_v1,5,0
9680,155,123,"2026-06-14 08:14:00",home,rec_v2,7,0
9681,817,144,"2026-07-03 23:23:00",home,rec_v2,14,0
9682,644,120,"2026-05-21 18:42:00",continue_watching,rec_v1,14,0
9683,835,79,"2026-07-29 01:42:00",home,rec_v2,15,0
9684,29,23,"2026-05-24 20:35:00",continue_watching,rec_v1,11,0
9685,498,69,"2026-05-22 18:52:00",home,rec_v2,3,0
9686,922,104,"2026-05-13 21:45:00",detail_page,rec_v2,13,0
9687,493,136,"2026-07-04 23:08:00",continue_watching,rec_v2,17,0
9688,657,81,"2026-06-04 22:37:00",home,rec_v1,8,1
9689,628,127,"2026-05-14 01:33:00",search,rec_v2,4,1
9690,892,106,"2026-05-01 13:59:00",search,rec_v1,3,0
9691,815,134,"2026-05-02 06:57:00",home,rec_v1,2,0
9692,642,87,"2026-07-18 18:40:00",search,rec_v2,1,0
9693,657,103,"2026-07-16 06:12:00",home,rec_v1,14,0
9694,233,122,"2026-05-30 08:14:00",home,rec_v2,7,0
9695,190,108,"2026-05-01 21:59:00",continue_watching,rec_v2,18,0
9696,399,47,"2026-05-26 18:44:00",continue_watching,rec_v2,17,0
9697,463,86,"2026-06-24 03:50:00",detail_page,rec_v2,12,0
9698,869,14,"2026-07-12 13:50:00",home,rec_v1,16,0
9699,67,12,"2026-07-08 05:42:00",home,rec_v2,2,0
9700,423,116,"2026-07-25 17:20:00",home,rec_v2,17,0
9701,626,82,"2026-07-01 07:00:00",home,rec_v1,18,0
9702,280,26,"2026-05-29 18:26:00",detail_page,rec_v2,1,0
9703,504,107,"2026-05-24 13:08:00",home,rec_v2,8,0
9704,587,47,"2026-05-09 17:23:00",home,rec_v1,19,0
9705,171,71,"2026-07-05 03:48:00",continue_watching,rec_v2,7,0
9706,298,83,"2026-05-08 05:06:00",search,rec_v1,14,1
9707,438,85,"2026-07-22 17:34:00",detail_page,rec_v2,20,0
9708,431,97,"2026-05-13 05:38:00",home,rec_v2,4,0
9709,807,140,"2026-06-29 19:50:00",home,rec_v2,17,0
9710,44,138,"2026-06-25 13:19:00",detail_page,rec_v2,12,0
9711,666,143,"2026-06-04 18:25:00",home,rec_v2,20,0
9712,985,30,"2026-07-02 23:42:00",home,rec_v1,13,0
9713,769,93,"2026-06-13 14:11:00",home,rec_v1,6,0
9714,732,131,"2026-06-13 02:11:00",home,rec_v1,9,0
9715,950,122,"2026-07-13 02:10:00",home,rec_v2,19,0
9716,66,59,"2026-07-21 11:53:00",search,rec_v2,2,0
9717,520,105,"2026-05-13 19:01:00",detail_page,rec_v1,11,0
9718,336,124,"2026-05-10 04:37:00",home,rec_v2,2,0
9719,947,22,"2026-06-24 05:04:00",home,rec_v1,3,1
9720,597,86,"2026-05-21 20:37:00",continue_watching,rec_v1,5,0
9721,296,31,"2026-05-15 23:28:00",continue_watching,rec_v2,13,0
9722,979,12,"2026-06-08 18:00:00",search,rec_v2,13,0
9723,777,12,"2026-07-16 16:41:00",continue_watching,rec_v1,5,0
9724,340,78,"2026-05-07 05:54:00",home,rec_v1,4,0
9725,30,24,"2026-06-02 15:43:00",home,rec_v2,3,0
9726,344,95,"2026-07-19 10:09:00",detail_page,rec_v1,15,0
9727,708,115,"2026-07-01 00:59:00",continue_watching,rec_v2,3,0
9728,320,92,"2026-05-13 09:57:00",continue_watching,rec_v2,14,0
9729,443,130,"2026-07-25 16:10:00",search,rec_v1,9,0
9730,711,83,"2026-05-15 05:16:00",home,rec_v2,4,0
9731,759,129,"2026-07-27 06:08:00",home,rec_v2,13,0
9732,97,52,"2026-06-14 06:14:00",home,rec_v1,4,1
9733,426,109,"2026-06-15 21:26:00",home,rec_v2,12,0
9734,558,88,"2026-07-08 18:07:00",continue_watching,rec_v2,11,0
9735,958,48,"2026-07-17 23:14:00",home,rec_v2,2,0
9736,355,106,"2026-05-13 16:46:00",search,rec_v2,10,0
9737,198,38,"2026-06-26 14:10:00",search,rec_v1,3,0
9738,731,106,"2026-05-17 04:51:00",search,rec_v1,19,0
9739,746,112,"2026-05-09 07:46:00",home,rec_v1,11,0
9740,9,2,"2026-05-19 12:45:00",search,rec_v1,4,0
9741,10,108,"2026-07-24 12:26:00",search,rec_v2,2,1
9742,458,24,"2026-06-02 22:24:00",home,rec_v2,13,0
9743,707,49,"2026-06-22 08:34:00",detail_page,rec_v2,14,0
9744,419,17,"2026-07-07 01:17:00",home,rec_v2,15,0
9745,384,2,"2026-06-22 18:03:00",home,rec_v1,19,0
9746,634,16,"2026-06-02 14:38:00",home,rec_v1,5,0
9747,887,104,"2026-07-09 13:25:00",detail_page,rec_v2,4,1
9748,245,59,"2026-05-01 01:41:00",detail_page,rec_v1,9,0
9749,948,123,"2026-06-08 03:07:00",detail_page,rec_v2,18,0
9750,944,115,"2026-07-06 14:39:00",home,rec_v2,3,1
9751,8,121,"2026-06-29 16:32:00",home,rec_v2,16,0
9752,291,135,"2026-05-31 19:59:00",home,rec_v2,15,1
9753,450,20,"2026-06-30 10:30:00",home,rec_v1,11,0
9754,988,11,"2026-05-31 10:50:00",continue_watching,rec_v1,8,0
9755,664,79,"2026-07-16 05:41:00",search,rec_v2,8,0
9756,292,126,"2026-06-04 02:55:00",home,rec_v1,13,0
9757,981,87,"2026-05-19 23:44:00",search,rec_v1,17,0
9758,210,97,"2026-07-25 02:18:00",search,rec_v1,9,0
9759,82,17,"2026-07-13 11:50:00",home,rec_v2,14,0
9760,104,103,"2026-06-02 04:46:00",continue_watching,rec_v2,10,0
9761,233,7,"2026-06-01 10:14:00",home,rec_v2,19,0
9762,103,71,"2026-06-16 12:53:00",home,rec_v1,15,0
9763,417,64,"2026-07-23 10:48:00",search,rec_v1,2,0
9764,650,38,"2026-07-21 03:43:00",detail_page,rec_v2,3,1
9765,721,50,"2026-06-09 01:14:00",continue_watching,rec_v1,4,0
9766,813,75,"2026-07-26 02:16:00",home,rec_v1,4,0
9767,105,149,"2026-07-23 21:52:00",search,rec_v2,20,0
9768,430,2,"2026-06-22 14:11:00",search,rec_v1,16,0
9769,632,95,"2026-06-03 03:04:00",home,rec_v1,1,0
9770,646,146,"2026-06-19 00:28:00",home,rec_v2,7,0
9771,303,26,"2026-05-13 19:22:00",home,rec_v2,12,0
9772,461,78,"2026-05-29 11:05:00",home,rec_v2,2,0
9773,260,40,"2026-05-13 10:37:00",home,rec_v1,17,0
9774,70,112,"2026-05-03 14:22:00",continue_watching,rec_v1,5,1
9775,946,21,"2026-05-29 08:49:00",home,rec_v2,2,0
9776,489,70,"2026-05-10 08:13:00",home,rec_v2,9,0
9777,373,95,"2026-06-21 17:08:00",home,rec_v1,16,1
9778,482,78,"2026-05-26 00:22:00",home,rec_v1,10,0
9779,395,42,"2026-06-25 08:38:00",detail_page,rec_v2,17,0
9780,135,130,"2026-07-20 16:58:00",home,rec_v1,17,0
9781,170,147,"2026-07-07 07:14:00",home,rec_v2,14,0
9782,879,69,"2026-07-03 09:25:00",home,rec_v1,19,0
9783,931,58,"2026-07-06 21:03:00",home,rec_v2,2,1
9784,662,120,"2026-07-27 15:18:00",detail_page,rec_v2,2,1
9785,998,42,"2026-05-12 13:32:00",home,rec_v2,10,0
9786,191,57,"2026-05-15 03:46:00",home,rec_v2,10,0
9787,649,92,"2026-07-19 12:02:00",home,rec_v1,17,0
9788,214,78,"2026-06-13 19:29:00",home,rec_v2,20,0
9789,188,49,"2026-05-14 18:24:00",detail_page,rec_v1,16,0
9790,304,47,"2026-05-15 08:25:00",search,rec_v2,3,0
9791,562,66,"2026-05-22 23:08:00",detail_page,rec_v1,10,0
9792,294,104,"2026-05-13 05:30:00",home,rec_v2,11,0
9793,973,93,"2026-07-21 07:26:00",home,rec_v2,19,0
9794,752,136,"2026-06-21 12:51:00",detail_page,rec_v1,8,0
9795,484,118,"2026-07-02 06:19:00",continue_watching,rec_v2,20,0
9796,805,143,"2026-05-31 10:26:00",home,rec_v1,4,0
9797,816,18,"2026-05-21 07:23:00",continue_watching,rec_v1,5,0
9798,942,21,"2026-07-21 20:35:00",home,rec_v2,4,0
9799,928,116,"2026-06-08 04:35:00",home,rec_v1,19,0
9800,861,26,"2026-06-28 04:42:00",home,rec_v1,7,0
9801,147,112,"2026-05-30 15:50:00",continue_watching,rec_v1,17,1
9802,925,114,"2026-05-26 19:10:00",detail_page,rec_v2,3,0
9803,365,66,"2026-06-17 14:15:00",home,rec_v2,8,0
9804,829,143,"2026-07-20 00:33:00",home,rec_v2,14,0
9805,532,20,"2026-05-29 15:09:00",detail_page,rec_v1,13,0
9806,898,62,"2026-07-10 03:23:00",home,rec_v1,13,0
9807,440,147,"2026-06-01 19:29:00",home,rec_v2,14,0
9808,713,145,"2026-07-22 08:48:00",continue_watching,rec_v1,12,0
9809,571,135,"2026-06-02 23:13:00",home,rec_v1,5,0
9810,616,23,"2026-06-07 04:55:00",home,rec_v1,16,0
9811,170,107,"2026-06-25 03:51:00",home,rec_v1,7,0
9812,41,104,"2026-06-08 00:53:00",home,rec_v1,11,0
9813,499,3,"2026-05-07 07:31:00",home,rec_v1,1,0
9814,292,12,"2026-06-13 06:56:00",home,rec_v1,5,1
9815,904,17,"2026-06-15 01:14:00",search,rec_v2,17,0
9816,843,124,"2026-05-19 16:22:00",home,rec_v2,8,0
9817,933,123,"2026-07-03 03:40:00",home,rec_v2,1,0
9818,896,124,"2026-07-20 22:50:00",search,rec_v1,15,0
9819,415,122,"2026-07-14 20:21:00",home,rec_v1,7,0
9820,903,32,"2026-07-04 13:20:00",continue_watching,rec_v2,13,0
9821,846,9,"2026-05-09 00:41:00",home,rec_v2,16,0
9822,981,45,"2026-05-18 22:17:00",search,rec_v2,20,0
9823,958,10,"2026-07-24 04:04:00",search,rec_v2,2,0
9824,386,37,"2026-06-26 20:07:00",home,rec_v1,13,0
9825,75,70,"2026-06-19 01:00:00",continue_watching,rec_v2,15,0
9826,301,87,"2026-06-21 21:21:00",detail_page,rec_v2,4,0
9827,233,98,"2026-06-16 21:54:00",detail_page,rec_v1,18,0
9828,539,135,"2026-07-23 05:38:00",detail_page,rec_v1,19,0
9829,171,6,"2026-06-09 22:41:00",search,rec_v2,10,0
9830,784,17,"2026-06-13 07:25:00",detail_page,rec_v2,5,0
9831,855,59,"2026-06-24 16:19:00",continue_watching,rec_v1,12,0
9832,938,83,"2026-05-03 13:33:00",continue_watching,rec_v1,2,0
9833,706,120,"2026-07-23 23:16:00",home,rec_v2,14,1
9834,58,51,"2026-07-27 12:08:00",continue_watching,rec_v1,4,0
9835,347,129,"2026-07-10 08:53:00",home,rec_v2,7,1
9836,753,110,"2026-06-12 08:44:00",continue_watching,rec_v1,13,1
9837,534,61,"2026-05-22 23:10:00",home,rec_v1,15,0
9838,325,2,"2026-06-09 10:40:00",continue_watching,rec_v1,19,0
9839,994,119,"2026-07-28 21:51:00",continue_watching,rec_v1,13,0
9840,658,89,"2026-05-07 13:16:00",detail_page,rec_v1,3,0
9841,908,71,"2026-05-15 20:52:00",search,rec_v2,7,0
9842,458,65,"2026-06-05 14:16:00",detail_page,rec_v2,7,0
9843,387,76,"2026-06-05 09:24:00",detail_page,rec_v1,15,0
9844,776,26,"2026-05-16 15:17:00",search,rec_v2,20,0
9845,435,84,"2026-07-17 12:03:00",continue_watching,rec_v1,8,0
9846,67,105,"2026-07-05 07:13:00",home,rec_v1,10,0
9847,292,31,"2026-06-17 11:50:00",continue_watching,rec_v2,14,0
9848,244,61,"2026-07-22 04:04:00",home,rec_v1,4,0
9849,184,149,"2026-05-05 06:25:00",home,rec_v2,5,0
9850,697,79,"2026-06-28 09:59:00",search,rec_v1,19,0
9851,122,92,"2026-07-28 14:39:00",home,rec_v1,16,0
9852,376,38,"2026-07-25 09:21:00",search,rec_v1,7,0
9853,889,44,"2026-06-28 06:20:00",home,rec_v2,16,0
9854,894,9,"2026-07-17 16:30:00",search,rec_v1,5,0
9855,817,1,"2026-07-25 13:33:00",continue_watching,rec_v1,16,0
9856,772,60,"2026-06-27 00:43:00",search,rec_v2,9,0
9857,622,71,"2026-07-10 22:28:00",detail_page,rec_v1,5,0
9858,362,126,"2026-06-25 12:32:00",continue_watching,rec_v1,6,0
9859,801,31,"2026-07-02 07:53:00",home,rec_v1,7,1
9860,247,21,"2026-07-29 15:49:00",home,rec_v1,6,0
9861,359,54,"2026-05-05 12:57:00",continue_watching,rec_v1,10,1
9862,478,126,"2026-06-19 16:24:00",continue_watching,rec_v1,17,0
9863,252,34,"2026-05-20 22:49:00",home,rec_v2,9,0
9864,150,53,"2026-06-30 22:07:00",detail_page,rec_v2,16,0
9865,948,100,"2026-05-17 04:10:00",detail_page,rec_v2,6,0
9866,372,111,"2026-05-31 19:40:00",home,rec_v1,16,0
9867,70,66,"2026-07-20 07:01:00",home,rec_v1,11,1
9868,667,31,"2026-05-12 02:32:00",continue_watching,rec_v1,2,0
9869,400,73,"2026-05-30 06:34:00",home,rec_v1,1,1
9870,806,70,"2026-05-24 01:53:00",home,rec_v2,4,0
9871,315,105,"2026-05-31 06:37:00",home,rec_v2,1,0
9872,224,131,"2026-06-30 20:19:00",search,rec_v1,6,0
9873,174,63,"2026-07-04 18:56:00",home,rec_v2,15,0
9874,612,142,"2026-06-21 17:25:00",detail_page,rec_v1,10,0
9875,363,17,"2026-06-15 04:04:00",home,rec_v1,11,0
9876,875,24,"2026-07-01 17:52:00",home,rec_v2,12,0
9877,948,90,"2026-05-13 06:17:00",home,rec_v1,1,0
9878,518,121,"2026-05-12 05:09:00",home,rec_v1,13,1
9879,720,47,"2026-07-20 17:53:00",continue_watching,rec_v1,13,0
9880,605,2,"2026-06-08 16:40:00",detail_page,rec_v1,5,0
9881,797,100,"2026-06-12 22:16:00",home,rec_v2,20,0
9882,524,7,"2026-05-18 15:16:00",home,rec_v1,4,0
9883,239,56,"2026-07-03 07:20:00",detail_page,rec_v1,12,0
9884,320,148,"2026-05-03 16:29:00",search,rec_v2,10,0
9885,500,22,"2026-06-14 16:40:00",home,rec_v2,11,0
9886,535,148,"2026-07-02 20:34:00",home,rec_v1,5,1
9887,396,60,"2026-05-10 17:22:00",detail_page,rec_v1,11,0
9888,610,108,"2026-05-01 04:15:00",search,rec_v1,6,0
9889,258,51,"2026-05-05 17:39:00",search,rec_v2,6,1
9890,72,116,"2026-07-09 19:50:00",home,rec_v1,2,1
9891,245,53,"2026-07-03 04:50:00",search,rec_v2,16,1
9892,939,103,"2026-07-09 20:04:00",search,rec_v1,20,1
9893,457,46,"2026-07-16 08:36:00",search,rec_v2,18,0
9894,469,62,"2026-07-12 04:11:00",continue_watching,rec_v1,3,0
9895,933,141,"2026-06-02 06:41:00",search,rec_v1,9,0
9896,993,133,"2026-07-19 23:46:00",detail_page,rec_v2,11,0
9897,836,122,"2026-05-06 12:45:00",home,rec_v2,10,0
9898,911,35,"2026-07-26 01:10:00",detail_page,rec_v2,2,0
9899,929,95,"2026-06-04 01:35:00",search,rec_v1,2,0
9900,902,13,"2026-07-05 13:30:00",home,rec_v1,14,0
9901,830,135,"2026-07-05 14:03:00",detail_page,rec_v1,18,0
9902,280,57,"2026-05-29 12:47:00",continue_watching,rec_v1,18,0
9903,105,139,"2026-06-12 16:25:00",search,rec_v2,3,1
9904,276,65,"2026-07-06 09:43:00",home,rec_v1,12,0
9905,3,28,"2026-05-14 15:03:00",detail_page,rec_v1,15,0
9906,395,103,"2026-05-17 06:12:00",home,rec_v2,5,0
9907,265,72,"2026-06-11 08:19:00",continue_watching,rec_v2,16,0
9908,14,117,"2026-05-06 21:31:00",home,rec_v1,19,0
9909,913,92,"2026-05-13 02:43:00",home,rec_v2,12,0
9910,648,114,"2026-07-26 01:49:00",home,rec_v2,14,0
9911,527,32,"2026-05-11 02:14:00",home,rec_v1,2,0
9912,430,83,"2026-07-02 11:26:00",home,rec_v1,2,0
9913,259,6,"2026-06-13 21:19:00",detail_page,rec_v2,7,0
9914,610,53,"2026-06-18 07:33:00",search,rec_v2,1,0
9915,926,93,"2026-06-25 03:49:00",detail_page,rec_v1,12,0
9916,833,46,"2026-05-27 00:48:00",home,rec_v2,9,0
9917,133,64,"2026-07-02 15:34:00",home,rec_v1,4,0
9918,65,10,"2026-06-06 02:13:00",home,rec_v1,4,0
9919,535,63,"2026-06-19 11:25:00",home,rec_v2,9,0
9920,643,86,"2026-07-25 16:16:00",detail_page,rec_v1,5,0
9921,292,15,"2026-07-13 15:14:00",home,rec_v2,2,0
9922,566,136,"2026-06-12 05:26:00",detail_page,rec_v2,20,0
9923,898,24,"2026-06-21 15:29:00",home,rec_v1,18,0
9924,225,34,"2026-05-22 05:18:00",detail_page,rec_v2,4,0
9925,337,14,"2026-06-26 00:20:00",home,rec_v1,7,0
9926,313,70,"2026-05-03 08:30:00",detail_page,rec_v1,18,0
9927,558,61,"2026-05-23 02:58:00",continue_watching,rec_v1,15,0
9928,499,53,"2026-06-30 20:29:00",detail_page,rec_v2,17,1
9929,563,42,"2026-06-25 18:05:00",search,rec_v2,19,0
9930,70,73,"2026-07-26 20:20:00",search,rec_v1,11,0
9931,343,18,"2026-06-01 20:34:00",home,rec_v2,9,0
9932,137,47,"2026-06-12 02:34:00",home,rec_v1,14,0
9933,301,119,"2026-05-04 11:21:00",home,rec_v2,2,0
9934,144,136,"2026-07-23 02:26:00",search,rec_v2,18,0
9935,625,28,"2026-06-24 22:59:00",home,rec_v2,9,0
9936,220,51,"2026-06-27 20:24:00",detail_page,rec_v2,20,0
9937,246,131,"2026-05-02 17:22:00",continue_watching,rec_v2,2,1
9938,204,117,"2026-06-09 03:00:00",continue_watching,rec_v2,19,0
9939,918,26,"2026-07-07 02:47:00",search,rec_v2,1,0
9940,467,149,"2026-07-21 11:24:00",detail_page,rec_v2,7,1
9941,975,109,"2026-05-16 02:55:00",detail_page,rec_v1,11,0
9942,533,73,"2026-05-07 12:56:00",continue_watching,rec_v1,8,0
9943,138,19,"2026-05-11 15:19:00",home,rec_v2,20,0
9944,764,18,"2026-06-20 12:09:00",home,rec_v1,16,1
9945,82,149,"2026-05-30 07:04:00",continue_watching,rec_v2,6,0
9946,91,106,"2026-06-20 17:43:00",home,rec_v2,12,0
9947,214,100,"2026-06-21 13:39:00",continue_watching,rec_v1,2,0
9948,358,52,"2026-07-06 10:14:00",continue_watching,rec_v1,12,0
9949,509,74,"2026-06-21 21:18:00",home,rec_v1,2,0
9950,68,13,"2026-06-12 21:10:00",detail_page,rec_v1,9,0
9951,367,19,"2026-07-19 02:06:00",home,rec_v1,16,0
9952,173,100,"2026-06-11 09:21:00",detail_page,rec_v2,8,0
9953,630,97,"2026-05-12 23:59:00",home,rec_v1,15,0
9954,863,8,"2026-06-29 11:13:00",detail_page,rec_v1,16,1
9955,241,124,"2026-07-17 20:39:00",continue_watching,rec_v1,5,0
9956,205,136,"2026-07-26 13:34:00",home,rec_v2,4,0
9957,65,50,"2026-07-08 21:10:00",continue_watching,rec_v1,11,0
9958,806,127,"2026-06-16 03:20:00",home,rec_v2,5,0
9959,329,4,"2026-05-18 02:39:00",home,rec_v1,12,0
9960,74,30,"2026-07-25 02:30:00",detail_page,rec_v1,11,0
9961,812,102,"2026-05-09 08:13:00",home,rec_v2,10,1
9962,226,22,"2026-07-20 06:04:00",home,rec_v1,16,0
9963,637,22,"2026-05-11 00:45:00",home,rec_v2,10,0
9964,350,11,"2026-06-06 22:34:00",home,rec_v1,1,1
9965,7,7,"2026-06-08 13:13:00",search,rec_v2,12,0
9966,194,41,"2026-05-05 14:12:00",home,rec_v1,10,0
9967,907,72,"2026-06-12 07:38:00",continue_watching,rec_v1,9,0
9968,961,76,"2026-06-15 14:36:00",continue_watching,rec_v1,3,1
9969,21,144,"2026-06-26 00:20:00",home,rec_v1,1,0
9970,917,141,"2026-07-01 20:51:00",detail_page,rec_v2,11,0
9971,902,146,"2026-05-21 14:06:00",home,rec_v2,9,0
9972,314,57,"2026-05-10 00:18:00",home,rec_v1,5,1
9973,505,30,"2026-06-28 14:40:00",detail_page,rec_v2,17,0
9974,140,4,"2026-06-17 09:55:00",detail_page,rec_v1,15,0
9975,507,50,"2026-05-23 19:46:00",search,rec_v1,19,0
9976,17,127,"2026-05-25 03:14:00",home,rec_v1,4,0
9977,63,25,"2026-06-12 10:11:00",search,rec_v2,15,0
9978,34,57,"2026-06-28 16:14:00",home,rec_v2,17,0
9979,469,49,"2026-06-08 21:41:00",home,rec_v1,20,0
9980,574,2,"2026-05-11 12:50:00",home,rec_v1,7,0
9981,985,136,"2026-06-29 05:51:00",continue_watching,rec_v2,2,0
9982,454,104,"2026-05-31 19:53:00",continue_watching,rec_v2,10,0
9983,296,10,"2026-06-20 20:22:00",search,rec_v2,1,1
9984,210,7,"2026-05-28 22:45:00",continue_watching,rec_v1,17,0
9985,571,34,"2026-06-23 08:28:00",detail_page,rec_v1,10,0
9986,58,141,"2026-06-15 10:48:00",home,rec_v2,8,0
9987,103,94,"2026-07-09 14:22:00",home,rec_v2,7,0
9988,903,125,"2026-06-08 06:58:00",detail_page,rec_v1,12,0
9989,250,130,"2026-05-09 16:36:00",home,rec_v2,16,0
9990,215,44,"2026-07-11 20:25:00",search,rec_v2,11,0
9991,363,81,"2026-05-22 15:36:00",detail_page,rec_v1,12,1
9992,712,65,"2026-05-07 13:06:00",home,rec_v1,16,0
9993,281,65,"2026-05-23 14:33:00",home,rec_v2,19,0
9994,791,1,"2026-05-17 21:48:00",continue_watching,rec_v1,6,0
9995,148,61,"2026-07-01 17:41:00",detail_page,rec_v1,8,0
9996,835,36,"2026-06-17 19:31:00",search,rec_v2,2,0
9997,692,112,"2026-05-03 18:16:00",home,rec_v2,5,1
9998,118,8,"2026-07-08 16:46:00",detail_page,rec_v2,4,0
9999,829,99,"2026-07-09 06:29:00",search,rec_v2,16,0
10000,474,87,"2026-05-18 02:58:00",continue_watching,rec_v1,18,0
10001,681,124,"2026-06-12 19:53:00",home,rec_v2,10,0
10002,453,140,"2026-05-31 11:00:00",detail_page,rec_v2,6,0
10003,528,5,"2026-07-14 00:52:00",detail_page,rec_v1,13,0
10004,450,76,"2026-07-26 22:26:00",detail_page,rec_v1,18,0
10005,777,138,"2026-06-09 16:02:00",search,rec_v1,19,0
10006,536,14,"2026-06-22 04:33:00",continue_watching,rec_v1,16,0
10007,338,34,"2026-07-04 23:28:00",home,rec_v2,7,0
10008,10,7,"2026-05-23 21:06:00",continue_watching,rec_v1,6,0
10009,225,99,"2026-07-10 08:51:00",home,rec_v2,10,0
10010,71,101,"2026-07-20 04:42:00",search,rec_v2,16,0
10011,250,142,"2026-06-24 02:54:00",home,rec_v1,8,0
10012,677,110,"2026-06-29 16:49:00",home,rec_v1,8,0
10013,336,116,"2026-05-07 20:40:00",home,rec_v2,5,0
10014,227,19,"2026-06-24 16:29:00",home,rec_v1,3,0
10015,984,91,"2026-05-25 17:12:00",home,rec_v2,9,0
10016,498,6,"2026-07-20 04:07:00",home,rec_v1,16,1
10017,496,75,"2026-06-24 16:57:00",continue_watching,rec_v1,16,0
10018,250,37,"2026-06-17 20:52:00",home,rec_v1,16,0
10019,150,51,"2026-05-03 05:58:00",detail_page,rec_v2,13,0
10020,948,13,"2026-07-03 23:43:00",detail_page,rec_v1,13,0
10021,839,63,"2026-05-12 02:52:00",continue_watching,rec_v2,17,0
10022,178,26,"2026-07-25 13:51:00",search,rec_v1,12,0
10023,367,100,"2026-05-20 10:53:00",search,rec_v2,10,0
10024,261,53,"2026-07-06 07:38:00",home,rec_v1,19,0
10025,883,52,"2026-07-12 16:44:00",home,rec_v2,19,0
10026,420,57,"2026-07-19 18:56:00",continue_watching,rec_v2,10,0
10027,7,65,"2026-05-11 03:34:00",continue_watching,rec_v2,10,0
10028,887,136,"2026-06-25 14:55:00",home,rec_v1,20,0
10029,465,126,"2026-07-11 10:17:00",continue_watching,rec_v2,16,0
10030,774,112,"2026-06-06 18:54:00",detail_page,rec_v1,16,0
10031,347,118,"2026-07-15 17:27:00",home,rec_v2,4,0
10032,23,105,"2026-06-02 00:08:00",home,rec_v1,6,0
10033,488,35,"2026-05-13 03:40:00",home,rec_v2,14,0
10034,809,40,"2026-05-05 04:45:00",home,rec_v2,13,0
10035,500,147,"2026-06-09 04:39:00",continue_watching,rec_v2,12,0
10036,708,53,"2026-05-28 06:06:00",home,rec_v2,9,0
10037,878,114,"2026-07-15 23:19:00",detail_page,rec_v1,8,0
10038,715,146,"2026-06-05 00:36:00",home,rec_v1,15,0
10039,992,110,"2026-05-11 21:28:00",home,rec_v1,9,0
10040,638,127,"2026-06-15 05:50:00",detail_page,rec_v2,9,1
10041,171,90,"2026-07-15 12:51:00",home,rec_v1,3,0
10042,383,110,"2026-06-01 06:06:00",continue_watching,rec_v1,20,0
10043,467,143,"2026-05-12 07:52:00",search,rec_v2,5,0
10044,563,3,"2026-07-10 06:37:00",detail_page,rec_v2,16,0
10045,624,57,"2026-07-22 00:45:00",home,rec_v1,19,0
10046,748,14,"2026-05-14 17:47:00",search,rec_v2,18,0
10047,678,41,"2026-07-01 11:22:00",continue_watching,rec_v1,4,0
10048,92,59,"2026-05-29 20:16:00",detail_page,rec_v1,7,0
10049,621,116,"2026-06-17 16:26:00",continue_watching,rec_v2,3,0
10050,73,46,"2026-05-02 10:31:00",detail_page,rec_v1,3,0
10051,25,99,"2026-06-14 22:28:00",continue_watching,rec_v1,14,0
10052,180,61,"2026-06-11 09:28:00",continue_watching,rec_v2,15,0
10053,119,86,"2026-06-01 03:41:00",search,rec_v2,19,0
10054,780,123,"2026-07-09 22:14:00",home,rec_v2,1,1
10055,869,37,"2026-05-09 06:57:00",home,rec_v1,16,0
10056,423,124,"2026-06-17 14:10:00",home,rec_v1,20,0
10057,779,98,"2026-05-27 08:44:00",home,rec_v1,17,0
10058,233,53,"2026-05-12 04:17:00",home,rec_v2,10,0
10059,26,50,"2026-05-08 20:22:00",home,rec_v2,15,0
10060,377,64,"2026-05-22 11:09:00",search,rec_v2,3,0
10061,317,24,"2026-05-15 23:52:00",search,rec_v2,16,0
10062,583,138,"2026-06-20 06:21:00",home,rec_v2,5,1
10063,159,1,"2026-07-26 20:46:00",search,rec_v2,12,0
10064,956,103,"2026-06-15 09:11:00",continue_watching,rec_v1,1,0
10065,363,141,"2026-06-11 19:55:00",home,rec_v1,5,0
10066,532,5,"2026-07-29 14:11:00",search,rec_v1,7,0
10067,950,31,"2026-06-05 16:05:00",home,rec_v2,3,1
10068,106,96,"2026-05-18 15:36:00",home,rec_v1,15,0
10069,23,12,"2026-07-13 09:55:00",detail_page,rec_v2,2,0
10070,418,50,"2026-07-11 13:48:00",search,rec_v2,3,0
10071,394,36,"2026-07-19 02:16:00",search,rec_v1,20,0
10072,450,73,"2026-06-05 09:54:00",search,rec_v2,16,0
10073,255,44,"2026-06-30 07:30:00",detail_page,rec_v1,19,0
10074,426,139,"2026-07-20 20:23:00",continue_watching,rec_v1,17,0
10075,195,84,"2026-06-04 03:33:00",home,rec_v2,4,0
10076,85,120,"2026-07-22 06:05:00",detail_page,rec_v2,8,1
10077,786,144,"2026-06-28 17:40:00",home,rec_v2,19,0
10078,711,117,"2026-07-03 21:19:00",home,rec_v2,13,0
10079,828,9,"2026-07-06 12:07:00",continue_watching,rec_v2,20,0
10080,418,112,"2026-06-01 18:07:00",home,rec_v2,7,0
10081,656,78,"2026-06-17 20:25:00",search,rec_v2,9,0
10082,944,134,"2026-05-03 04:00:00",home,rec_v2,4,0
10083,518,73,"2026-07-12 19:49:00",continue_watching,rec_v2,10,0
10084,5,41,"2026-05-14 07:51:00",detail_page,rec_v1,12,0
10085,330,149,"2026-07-16 08:01:00",continue_watching,rec_v2,18,0
10086,713,137,"2026-05-21 07:56:00",home,rec_v2,6,0
10087,459,63,"2026-07-26 18:41:00",continue_watching,rec_v1,15,0
10088,847,5,"2026-06-09 17:08:00",detail_page,rec_v2,2,0
10089,375,2,"2026-07-24 15:37:00",search,rec_v2,20,0
10090,414,26,"2026-05-09 13:41:00",search,rec_v1,20,0
10091,934,112,"2026-07-03 23:45:00",home,rec_v2,19,0
10092,743,47,"2026-05-23 07:24:00",home,rec_v1,14,0
10093,945,62,"2026-06-06 09:19:00",detail_page,rec_v2,2,1
10094,123,18,"2026-05-09 04:06:00",detail_page,rec_v1,5,0
10095,174,46,"2026-05-11 08:03:00",home,rec_v1,16,0
10096,694,25,"2026-06-26 06:50:00",search,rec_v1,18,0
10097,677,116,"2026-05-23 01:53:00",home,rec_v2,1,0
10098,344,138,"2026-06-05 22:56:00",home,rec_v2,14,0
10099,256,36,"2026-06-04 21:26:00",detail_page,rec_v2,5,0
10100,596,109,"2026-07-28 23:57:00",continue_watching,rec_v2,8,0
10101,890,115,"2026-05-26 05:36:00",home,rec_v2,14,0
10102,514,22,"2026-05-16 20:58:00",home,rec_v1,1,1
10103,640,51,"2026-05-07 11:48:00",home,rec_v2,8,0
10104,255,100,"2026-05-11 05:52:00",home,rec_v1,7,0
10105,562,66,"2026-06-01 05:57:00",continue_watching,rec_v2,19,0
10106,360,21,"2026-07-02 15:35:00",detail_page,rec_v2,6,0
10107,543,88,"2026-06-21 01:09:00",search,rec_v1,12,1
10108,912,98,"2026-06-11 14:21:00",detail_page,rec_v1,5,1
10109,838,5,"2026-06-22 17:38:00",home,rec_v1,4,0
10110,952,101,"2026-05-29 10:14:00",home,rec_v1,20,1
10111,574,58,"2026-07-16 09:33:00",continue_watching,rec_v1,5,0
10112,434,93,"2026-05-04 13:29:00",detail_page,rec_v1,4,1
10113,668,137,"2026-06-25 18:06:00",home,rec_v2,10,0
10114,890,16,"2026-05-23 11:18:00",continue_watching,rec_v1,2,0
10115,952,148,"2026-06-23 22:30:00",home,rec_v1,10,0
10116,756,11,"2026-06-04 17:45:00",search,rec_v1,13,0
10117,67,38,"2026-05-11 05:07:00",detail_page,rec_v2,10,0
10118,423,125,"2026-05-17 08:55:00",home,rec_v1,14,0
10119,941,113,"2026-06-15 03:51:00",home,rec_v2,7,0
10120,399,141,"2026-06-24 04:13:00",detail_page,rec_v1,15,0
10121,747,77,"2026-06-28 20:52:00",continue_watching,rec_v1,18,0
10122,17,131,"2026-06-25 20:12:00",detail_page,rec_v1,4,0
10123,943,130,"2026-05-13 06:26:00",continue_watching,rec_v1,16,0
10124,791,96,"2026-05-23 05:52:00",continue_watching,rec_v2,5,0
10125,944,8,"2026-05-30 23:43:00",home,rec_v1,15,0
10126,368,44,"2026-06-06 01:04:00",search,rec_v2,12,0
10127,637,139,"2026-07-24 18:29:00",home,rec_v1,2,0
10128,407,31,"2026-05-01 19:39:00",detail_page,rec_v2,14,0
10129,955,6,"2026-07-15 04:01:00",detail_page,rec_v1,1,0
10130,100,145,"2026-07-05 09:38:00",search,rec_v1,2,0
10131,816,143,"2026-07-07 21:41:00",search,rec_v2,9,0
10132,147,116,"2026-05-10 06:21:00",home,rec_v2,12,0
10133,869,3,"2026-06-02 21:12:00",search,rec_v2,9,1
10134,749,41,"2026-05-22 09:18:00",search,rec_v2,6,0
10135,475,73,"2026-05-14 13:51:00",detail_page,rec_v1,20,0
10136,725,81,"2026-06-25 22:29:00",continue_watching,rec_v2,10,0
10137,334,23,"2026-06-22 06:39:00",search,rec_v2,12,0
10138,935,29,"2026-07-11 14:15:00",home,rec_v1,6,0
10139,678,142,"2026-06-16 13:15:00",search,rec_v2,18,0
10140,496,143,"2026-07-15 09:14:00",continue_watching,rec_v2,4,0
10141,936,127,"2026-05-12 12:06:00",home,rec_v1,12,0
10142,565,36,"2026-07-19 18:20:00",continue_watching,rec_v1,17,0
10143,220,25,"2026-05-29 09:36:00",home,rec_v1,5,0
10144,41,3,"2026-06-29 10:56:00",home,rec_v1,10,0
10145,425,147,"2026-07-03 06:16:00",search,rec_v2,18,0
10146,324,61,"2026-05-24 19:11:00",home,rec_v1,19,0
10147,455,130,"2026-07-08 03:14:00",home,rec_v1,14,1
10148,949,136,"2026-06-18 14:17:00",detail_page,rec_v1,14,0
10149,402,109,"2026-07-25 07:22:00",home,rec_v2,9,0
10150,144,42,"2026-07-20 01:18:00",home,rec_v1,17,0
10151,997,74,"2026-05-28 17:15:00",continue_watching,rec_v2,3,1
10152,609,95,"2026-07-24 00:19:00",detail_page,rec_v1,3,0
10153,11,76,"2026-06-26 01:58:00",continue_watching,rec_v2,3,0
10154,198,99,"2026-05-12 01:43:00",home,rec_v1,18,0
10155,224,19,"2026-07-23 05:37:00",detail_page,rec_v1,4,0
10156,540,29,"2026-07-03 16:29:00",home,rec_v2,2,0
10157,598,27,"2026-07-23 05:57:00",home,rec_v1,1,0
10158,947,125,"2026-05-12 15:25:00",home,rec_v2,13,0
10159,898,91,"2026-05-07 10:39:00",home,rec_v2,2,0
10160,436,74,"2026-05-04 00:47:00",continue_watching,rec_v1,11,0
10161,944,74,"2026-07-27 00:53:00",home,rec_v1,5,0
10162,176,124,"2026-07-11 03:04:00",continue_watching,rec_v2,6,0
10163,636,140,"2026-05-07 20:40:00",home,rec_v2,14,0
10164,291,122,"2026-05-15 18:31:00",detail_page,rec_v1,5,0
10165,616,83,"2026-06-15 01:59:00",home,rec_v2,20,0
10166,988,57,"2026-05-19 18:16:00",continue_watching,rec_v2,19,0
10167,204,58,"2026-05-24 06:27:00",home,rec_v1,7,0
10168,91,129,"2026-06-14 11:35:00",home,rec_v2,13,0
10169,785,89,"2026-06-09 08:32:00",search,rec_v1,20,0
10170,187,80,"2026-06-28 20:34:00",detail_page,rec_v2,17,1
10171,195,24,"2026-05-30 11:14:00",detail_page,rec_v2,7,0
10172,672,109,"2026-07-26 22:48:00",home,rec_v1,14,0
10173,444,38,"2026-06-26 01:44:00",home,rec_v2,9,0
10174,974,47,"2026-07-11 17:29:00",search,rec_v2,12,0
10175,499,100,"2026-06-24 13:38:00",search,rec_v2,11,1
10176,880,64,"2026-07-01 09:25:00",home,rec_v1,13,0
10177,889,54,"2026-06-26 03:51:00",search,rec_v2,1,0
10178,320,70,"2026-06-14 20:09:00",home,rec_v2,16,0
10179,78,148,"2026-05-24 12:48:00",continue_watching,rec_v2,11,0
10180,714,101,"2026-05-08 03:34:00",home,rec_v2,15,0
10181,87,131,"2026-05-26 14:56:00",home,rec_v1,13,0
10182,30,84,"2026-07-17 07:54:00",continue_watching,rec_v2,5,0
10183,227,45,"2026-05-13 06:39:00",continue_watching,rec_v2,19,0
10184,196,16,"2026-05-30 15:13:00",detail_page,rec_v1,4,0
10185,286,87,"2026-07-14 04:45:00",continue_watching,rec_v1,5,0
10186,95,103,"2026-06-26 06:04:00",home,rec_v2,19,0
10187,655,72,"2026-06-01 10:07:00",search,rec_v1,15,0
10188,608,26,"2026-06-17 01:59:00",detail_page,rec_v2,11,0
10189,879,126,"2026-05-05 15:01:00",home,rec_v2,18,0
10190,986,61,"2026-07-13 01:20:00",detail_page,rec_v1,19,0
10191,133,7,"2026-07-14 07:26:00",home,rec_v2,8,0
10192,401,67,"2026-05-05 08:41:00",detail_page,rec_v2,14,0
10193,557,42,"2026-06-10 08:22:00",home,rec_v1,18,0
10194,948,106,"2026-05-23 06:35:00",home,rec_v2,18,0
10195,177,96,"2026-07-26 22:50:00",continue_watching,rec_v1,15,0
10196,753,65,"2026-06-19 01:26:00",continue_watching,rec_v1,14,0
10197,156,3,"2026-05-26 09:14:00",home,rec_v1,5,0
10198,497,56,"2026-05-11 07:06:00",detail_page,rec_v2,10,0
10199,839,44,"2026-07-01 16:39:00",search,rec_v2,7,0
10200,698,143,"2026-06-12 19:38:00",home,rec_v1,15,0
10201,801,21,"2026-05-25 19:57:00",home,rec_v2,11,0
10202,742,85,"2026-06-19 16:48:00",home,rec_v2,7,0
10203,907,77,"2026-06-10 03:48:00",home,rec_v2,18,0
10204,883,120,"2026-05-31 19:11:00",home,rec_v2,2,0
10205,647,56,"2026-05-17 09:19:00",search,rec_v2,12,0
10206,557,131,"2026-07-01 08:26:00",search,rec_v1,5,0
10207,538,17,"2026-06-28 00:29:00",continue_watching,rec_v1,2,0
10208,147,140,"2026-05-11 21:33:00",search,rec_v1,7,0
10209,583,123,"2026-06-11 15:21:00",home,rec_v1,7,0
10210,798,139,"2026-05-22 01:45:00",home,rec_v2,11,0
10211,34,140,"2026-06-07 07:58:00",search,rec_v1,7,0
10212,822,37,"2026-07-08 07:44:00",home,rec_v1,4,0
10213,829,128,"2026-07-10 17:04:00",detail_page,rec_v2,15,0
10214,534,64,"2026-07-20 20:11:00",home,rec_v2,13,0
10215,529,43,"2026-07-22 09:33:00",search,rec_v1,15,1
10216,467,125,"2026-05-22 11:56:00",home,rec_v2,6,0
10217,518,81,"2026-07-22 15:18:00",home,rec_v2,2,0
10218,218,111,"2026-06-19 01:49:00",home,rec_v1,9,0
10219,804,60,"2026-06-05 05:51:00",detail_page,rec_v1,1,1
10220,834,77,"2026-06-04 04:34:00",home,rec_v1,9,0
10221,867,24,"2026-07-06 19:08:00",home,rec_v1,18,0
10222,651,107,"2026-07-01 14:25:00",home,rec_v1,19,0
10223,124,148,"2026-07-19 11:13:00",home,rec_v1,14,0
10224,690,82,"2026-07-01 19:49:00",home,rec_v2,17,1
10225,95,83,"2026-06-27 10:08:00",detail_page,rec_v1,4,0
10226,760,140,"2026-05-02 04:34:00",search,rec_v2,3,1
10227,159,16,"2026-07-26 17:24:00",home,rec_v2,8,0
10228,738,122,"2026-07-11 08:30:00",home,rec_v1,14,0
10229,150,124,"2026-07-20 04:50:00",home,rec_v1,4,0
10230,347,142,"2026-05-28 21:55:00",continue_watching,rec_v2,7,0
10231,257,89,"2026-05-27 05:32:00",detail_page,rec_v2,8,0
10232,410,84,"2026-06-08 09:59:00",search,rec_v2,9,0
10233,851,134,"2026-07-28 08:21:00",detail_page,rec_v1,4,0
10234,484,47,"2026-06-27 14:24:00",detail_page,rec_v2,5,0
10235,593,48,"2026-05-21 15:31:00",detail_page,rec_v2,14,0
10236,553,78,"2026-05-25 18:32:00",home,rec_v2,7,0
10237,305,63,"2026-05-03 07:20:00",detail_page,rec_v2,13,0
10238,670,65,"2026-06-27 09:24:00",home,rec_v1,4,0
10239,738,77,"2026-06-12 06:05:00",detail_page,rec_v2,13,0
10240,843,94,"2026-05-18 09:23:00",home,rec_v2,1,0
10241,90,38,"2026-05-25 21:51:00",continue_watching,rec_v1,18,0
10242,688,122,"2026-06-04 19:50:00",home,rec_v1,1,0
10243,356,98,"2026-05-16 20:23:00",home,rec_v2,15,0
10244,61,49,"2026-07-28 09:32:00",search,rec_v1,10,0
10245,246,117,"2026-05-10 09:32:00",home,rec_v2,11,0
10246,192,98,"2026-05-06 11:00:00",search,rec_v1,1,0
10247,323,15,"2026-06-11 20:10:00",detail_page,rec_v2,11,0
10248,974,38,"2026-05-15 15:33:00",detail_page,rec_v2,17,1
10249,524,149,"2026-07-29 03:56:00",home,rec_v1,13,0
10250,686,111,"2026-06-15 17:18:00",continue_watching,rec_v2,5,0
10251,941,109,"2026-07-20 00:57:00",continue_watching,rec_v1,7,0
10252,561,25,"2026-07-28 17:04:00",home,rec_v2,20,0
10253,740,112,"2026-06-03 02:47:00",search,rec_v2,5,0
10254,849,142,"2026-05-11 05:32:00",detail_page,rec_v2,4,0
10255,876,119,"2026-06-04 14:12:00",home,rec_v1,17,1
10256,803,75,"2026-06-07 01:30:00",home,rec_v2,15,0
10257,90,105,"2026-07-20 04:37:00",detail_page,rec_v1,17,0
10258,942,108,"2026-05-05 17:29:00",home,rec_v1,5,0
10259,931,57,"2026-06-09 01:37:00",continue_watching,rec_v1,5,0
10260,920,43,"2026-06-25 05:28:00",home,rec_v1,3,1
10261,502,63,"2026-06-18 23:45:00",detail_page,rec_v2,13,0
10262,70,111,"2026-06-04 01:49:00",home,rec_v2,15,0
10263,249,45,"2026-06-13 18:42:00",home,rec_v1,10,0
10264,558,61,"2026-06-26 03:47:00",continue_watching,rec_v2,1,0
10265,225,4,"2026-06-20 02:25:00",continue_watching,rec_v1,7,0
10266,780,10,"2026-07-22 08:49:00",home,rec_v2,16,0
10267,359,20,"2026-05-08 13:01:00",continue_watching,rec_v1,16,1
10268,740,130,"2026-06-25 17:08:00",home,rec_v2,2,0
10269,200,115,"2026-05-25 08:51:00",home,rec_v2,13,0
10270,944,64,"2026-06-21 20:32:00",continue_watching,rec_v1,18,1
10271,509,85,"2026-07-29 21:08:00",search,rec_v2,17,0
10272,501,113,"2026-06-03 13:51:00",search,rec_v2,20,0
10273,175,119,"2026-07-01 00:09:00",continue_watching,rec_v1,3,0
10274,155,66,"2026-06-29 10:40:00",home,rec_v2,20,0
10275,855,99,"2026-05-19 17:02:00",home,rec_v1,3,0
10276,327,31,"2026-07-18 22:35:00",search,rec_v2,4,0
10277,55,136,"2026-07-13 09:34:00",continue_watching,rec_v2,2,1
10278,295,40,"2026-06-20 03:48:00",continue_watching,rec_v2,19,0
10279,338,62,"2026-07-13 02:14:00",detail_page,rec_v2,11,0
10280,167,119,"2026-05-13 03:41:00",home,rec_v2,12,0
10281,811,142,"2026-06-10 18:01:00",search,rec_v1,2,1
10282,531,38,"2026-07-21 14:33:00",search,rec_v1,16,0
10283,851,47,"2026-06-03 10:05:00",detail_page,rec_v2,18,0
10284,683,83,"2026-05-01 18:10:00",home,rec_v1,4,0
10285,88,103,"2026-06-01 10:29:00",home,rec_v2,12,1
10286,332,94,"2026-06-03 16:12:00",search,rec_v1,2,0
10287,671,8,"2026-06-02 08:35:00",home,rec_v2,16,0
10288,191,27,"2026-05-18 02:15:00",continue_watching,rec_v1,2,0
10289,280,55,"2026-06-19 03:31:00",home,rec_v1,14,0
10290,738,60,"2026-06-14 23:15:00",search,rec_v1,14,0
10291,974,30,"2026-05-02 05:19:00",search,rec_v2,17,0
10292,849,17,"2026-06-22 11:18:00",home,rec_v2,7,0
10293,705,29,"2026-06-09 07:48:00",home,rec_v2,18,1
10294,484,9,"2026-05-02 20:33:00",search,rec_v2,17,0
10295,83,125,"2026-07-22 11:22:00",home,rec_v1,1,1
10296,962,84,"2026-07-25 15:44:00",detail_page,rec_v1,4,0
10297,462,136,"2026-06-22 16:40:00",home,rec_v1,11,0
10298,604,68,"2026-05-14 03:43:00",home,rec_v2,12,0
10299,901,52,"2026-06-28 19:46:00",home,rec_v1,7,0
10300,802,22,"2026-07-23 23:32:00",home,rec_v2,7,0
10301,145,85,"2026-06-16 21:48:00",detail_page,rec_v1,8,0
10302,224,103,"2026-06-27 06:01:00",home,rec_v1,5,0
10303,916,109,"2026-07-06 19:27:00",search,rec_v2,16,0
10304,270,77,"2026-06-15 04:36:00",continue_watching,rec_v1,1,0
10305,739,132,"2026-05-10 06:39:00",home,rec_v1,15,0
10306,739,143,"2026-05-02 05:08:00",detail_page,rec_v2,14,0
10307,493,136,"2026-05-28 18:09:00",home,rec_v1,10,0
10308,196,63,"2026-06-01 21:59:00",detail_page,rec_v2,17,0
10309,467,11,"2026-07-11 02:12:00",home,rec_v1,17,0
10310,700,12,"2026-05-19 03:10:00",home,rec_v2,3,1
10311,432,6,"2026-05-29 11:27:00",home,rec_v1,12,1
10312,816,29,"2026-06-05 23:05:00",home,rec_v2,18,0
10313,860,74,"2026-07-29 05:51:00",continue_watching,rec_v2,8,0
10314,891,44,"2026-06-01 23:11:00",continue_watching,rec_v1,1,0
10315,679,33,"2026-07-13 10:48:00",home,rec_v1,6,0
10316,242,48,"2026-07-24 04:11:00",home,rec_v1,15,0
10317,530,119,"2026-05-03 08:54:00",home,rec_v2,1,1
10318,798,48,"2026-06-21 18:01:00",home,rec_v2,1,0
10319,810,148,"2026-06-07 13:54:00",home,rec_v2,18,0
10320,367,98,"2026-05-25 23:55:00",continue_watching,rec_v2,20,0
10321,967,135,"2026-06-30 00:19:00",home,rec_v2,3,1
10322,228,42,"2026-07-21 06:08:00",search,rec_v2,10,0
10323,171,28,"2026-05-20 07:09:00",search,rec_v1,7,0
10324,790,63,"2026-07-19 22:45:00",detail_page,rec_v1,2,0
10325,297,43,"2026-06-26 13:14:00",home,rec_v1,7,1
10326,596,87,"2026-07-19 06:20:00",search,rec_v1,1,1
10327,365,40,"2026-05-05 13:41:00",home,rec_v1,11,0
10328,609,55,"2026-05-08 15:04:00",search,rec_v2,1,0
10329,166,58,"2026-07-14 06:37:00",search,rec_v1,9,0
10330,492,73,"2026-05-28 11:00:00",home,rec_v1,1,0
10331,999,91,"2026-06-26 01:21:00",home,rec_v2,14,0
10332,36,126,"2026-06-04 18:23:00",detail_page,rec_v1,11,0
10333,673,63,"2026-06-25 06:29:00",home,rec_v2,16,0
10334,265,141,"2026-06-19 21:50:00",home,rec_v1,9,0
10335,9,60,"2026-07-28 11:28:00",search,rec_v2,20,0
10336,65,80,"2026-05-23 14:13:00",home,rec_v2,1,1
10337,991,95,"2026-05-22 22:23:00",detail_page,rec_v1,15,0
10338,950,66,"2026-07-20 19:12:00",continue_watching,rec_v1,18,0
10339,13,138,"2026-07-03 12:44:00",search,rec_v2,14,0
10340,514,3,"2026-05-17 15:52:00",detail_page,rec_v2,5,1
10341,51,74,"2026-06-28 09:42:00",home,rec_v2,18,0
10342,717,93,"2026-07-04 13:03:00",home,rec_v2,12,0
10343,416,67,"2026-06-19 04:29:00",continue_watching,rec_v1,7,0
10344,139,31,"2026-06-17 02:59:00",search,rec_v1,20,0
10345,42,141,"2026-07-11 03:32:00",continue_watching,rec_v2,6,0
10346,684,93,"2026-06-26 05:21:00",home,rec_v1,3,0
10347,554,12,"2026-07-22 09:52:00",home,rec_v1,8,0
10348,399,53,"2026-07-02 07:50:00",detail_page,rec_v2,5,1
10349,980,110,"2026-05-31 08:40:00",home,rec_v1,12,0
10350,673,116,"2026-05-12 16:17:00",detail_page,rec_v1,11,0
10351,872,22,"2026-07-28 19:56:00",search,rec_v2,9,0
10352,563,76,"2026-06-11 10:45:00",continue_watching,rec_v1,15,1
10353,101,116,"2026-05-21 08:42:00",home,rec_v2,2,0
10354,513,74,"2026-07-25 22:43:00",home,rec_v1,14,0
10355,502,79,"2026-05-01 10:21:00",search,rec_v1,6,0
10356,158,130,"2026-06-11 10:25:00",continue_watching,rec_v1,1,0
10357,935,115,"2026-07-08 21:18:00",home,rec_v1,14,0
10358,521,14,"2026-07-21 02:05:00",detail_page,rec_v1,5,0
10359,690,131,"2026-06-06 03:03:00",search,rec_v1,2,0
10360,549,26,"2026-05-26 21:47:00",search,rec_v2,13,0
10361,851,85,"2026-05-24 20:39:00",home,rec_v1,6,0
10362,734,45,"2026-07-27 17:42:00",home,rec_v2,2,0
10363,636,22,"2026-05-23 17:23:00",detail_page,rec_v1,4,0
10364,163,81,"2026-07-14 22:17:00",home,rec_v1,18,0
10365,455,133,"2026-07-17 08:56:00",home,rec_v2,16,0
10366,737,117,"2026-06-07 11:54:00",detail_page,rec_v2,18,0
10367,461,143,"2026-06-12 23:49:00",detail_page,rec_v2,11,0
10368,456,29,"2026-07-21 05:27:00",detail_page,rec_v1,17,0
10369,493,34,"2026-05-26 16:33:00",detail_page,rec_v1,17,0
10370,19,111,"2026-05-19 02:45:00",home,rec_v2,9,0
10371,157,106,"2026-07-09 20:44:00",detail_page,rec_v1,6,0
10372,765,133,"2026-05-10 23:06:00",home,rec_v1,11,0
10373,750,57,"2026-06-06 07:29:00",home,rec_v2,13,0
10374,716,46,"2026-07-26 05:48:00",detail_page,rec_v1,1,0
10375,645,83,"2026-07-04 14:58:00",search,rec_v1,9,1
10376,352,28,"2026-07-06 00:56:00",home,rec_v1,10,0
10377,86,70,"2026-05-16 10:00:00",home,rec_v2,17,0
10378,871,66,"2026-07-27 03:47:00",detail_page,rec_v1,9,0
10379,224,139,"2026-07-24 23:22:00",home,rec_v1,2,0
10380,745,98,"2026-07-26 04:36:00",detail_page,rec_v1,2,0
10381,62,50,"2026-05-23 20:44:00",detail_page,rec_v1,12,0
10382,770,36,"2026-07-05 08:34:00",continue_watching,rec_v1,10,0
10383,156,133,"2026-05-23 11:23:00",home,rec_v1,15,1
10384,615,123,"2026-06-06 01:15:00",home,rec_v1,13,0
10385,110,127,"2026-07-20 11:09:00",detail_page,rec_v1,8,0
10386,135,80,"2026-05-16 18:23:00",home,rec_v2,3,0
10387,975,118,"2026-06-23 10:50:00",continue_watching,rec_v1,3,0
10388,108,118,"2026-05-06 09:42:00",home,rec_v1,10,0
10389,637,101,"2026-05-02 05:07:00",search,rec_v1,6,0
10390,871,31,"2026-06-13 19:37:00",home,rec_v1,19,0
10391,296,5,"2026-05-15 05:42:00",home,rec_v1,19,0
10392,94,90,"2026-05-16 11:28:00",home,rec_v2,4,0
10393,536,107,"2026-07-05 15:18:00",home,rec_v2,3,0
10394,247,109,"2026-06-20 13:14:00",search,rec_v2,9,0
10395,396,87,"2026-06-28 21:52:00",home,rec_v2,13,0
10396,6,107,"2026-07-24 16:54:00",continue_watching,rec_v2,8,0
10397,838,125,"2026-07-14 15:33:00",home,rec_v1,18,0
10398,69,136,"2026-07-27 06:31:00",continue_watching,rec_v1,3,0
10399,207,106,"2026-05-22 05:53:00",home,rec_v2,7,0
10400,239,63,"2026-07-26 10:28:00",home,rec_v1,16,0
10401,448,74,"2026-05-30 03:05:00",home,rec_v1,19,0
10402,581,6,"2026-05-26 09:43:00",detail_page,rec_v2,20,0
10403,19,62,"2026-05-04 15:17:00",detail_page,rec_v1,16,0
10404,119,104,"2026-05-07 11:03:00",continue_watching,rec_v2,1,1
10405,800,110,"2026-05-24 10:15:00",home,rec_v1,20,0
10406,31,82,"2026-06-13 19:09:00",home,rec_v1,10,0
10407,393,150,"2026-07-07 10:35:00",home,rec_v1,2,0
10408,159,143,"2026-06-07 16:48:00",home,rec_v2,9,1
10409,272,77,"2026-05-27 09:42:00",continue_watching,rec_v1,17,0
10410,859,34,"2026-05-29 18:17:00",search,rec_v1,8,0
10411,360,88,"2026-05-14 03:56:00",home,rec_v2,7,0
10412,785,16,"2026-07-17 05:30:00",home,rec_v1,16,0
10413,616,132,"2026-06-21 07:49:00",home,rec_v1,18,0
10414,936,14,"2026-05-01 22:31:00",home,rec_v1,1,0
10415,611,91,"2026-05-03 13:02:00",search,rec_v2,4,0
10416,688,68,"2026-06-16 20:15:00",home,rec_v2,4,0
10417,445,16,"2026-06-13 19:13:00",continue_watching,rec_v1,8,0
10418,820,28,"2026-05-06 04:16:00",search,rec_v1,2,0
10419,120,72,"2026-06-24 21:06:00",detail_page,rec_v1,4,0
10420,569,90,"2026-07-20 03:10:00",home,rec_v2,15,0
10421,629,134,"2026-07-16 04:39:00",search,rec_v2,9,0
10422,617,3,"2026-06-27 05:39:00",continue_watching,rec_v1,1,0
10423,37,57,"2026-07-21 13:25:00",home,rec_v1,5,0
10424,215,142,"2026-06-27 10:16:00",detail_page,rec_v1,8,0
10425,470,82,"2026-05-30 15:51:00",detail_page,rec_v1,15,0
10426,342,34,"2026-07-08 16:07:00",search,rec_v1,3,0
10427,874,138,"2026-06-10 10:32:00",home,rec_v2,20,0
10428,887,113,"2026-06-15 04:11:00",home,rec_v2,18,0
10429,517,121,"2026-05-12 04:18:00",home,rec_v1,17,0
10430,837,129,"2026-05-20 04:43:00",search,rec_v1,1,0
10431,402,109,"2026-05-20 08:42:00",home,rec_v2,14,0
10432,554,97,"2026-06-02 04:51:00",home,rec_v1,13,0
10433,834,5,"2026-06-09 06:42:00",detail_page,rec_v2,12,1
10434,664,15,"2026-05-24 10:15:00",home,rec_v1,3,0
10435,210,18,"2026-06-02 03:30:00",continue_watching,rec_v1,1,0
10436,711,137,"2026-05-20 02:44:00",home,rec_v1,10,0
10437,329,143,"2026-05-27 16:47:00",detail_page,rec_v2,11,0
10438,283,17,"2026-07-06 20:27:00",home,rec_v2,7,0
10439,885,116,"2026-06-05 11:56:00",home,rec_v1,6,0
10440,490,147,"2026-06-16 13:22:00",continue_watching,rec_v2,20,0
10441,684,60,"2026-06-28 16:21:00",detail_page,rec_v1,9,0
10442,417,49,"2026-07-08 21:06:00",detail_page,rec_v1,9,0
10443,189,84,"2026-06-22 03:08:00",continue_watching,rec_v1,9,0
10444,698,2,"2026-05-07 06:38:00",search,rec_v1,19,0
10445,745,144,"2026-06-22 07:01:00",search,rec_v2,8,0
10446,287,79,"2026-07-20 23:41:00",detail_page,rec_v2,10,0
10447,320,47,"2026-05-29 16:00:00",search,rec_v1,6,0
10448,571,104,"2026-07-09 01:20:00",search,rec_v1,19,0
10449,228,129,"2026-05-15 14:31:00",home,rec_v1,14,0
10450,391,142,"2026-07-12 02:51:00",home,rec_v1,2,1
10451,751,91,"2026-07-17 06:04:00",continue_watching,rec_v1,10,0
10452,876,22,"2026-07-12 08:37:00",home,rec_v1,5,0
10453,215,5,"2026-05-17 16:20:00",continue_watching,rec_v2,17,0
10454,374,84,"2026-07-22 00:13:00",home,rec_v1,20,0
10455,173,103,"2026-05-01 16:21:00",search,rec_v2,2,1
10456,812,29,"2026-05-25 04:45:00",detail_page,rec_v1,11,0
10457,586,93,"2026-07-26 04:56:00",search,rec_v2,14,0
10458,125,120,"2026-07-28 21:39:00",home,rec_v1,16,1
10459,801,53,"2026-06-13 03:56:00",home,rec_v1,2,1
10460,188,121,"2026-07-23 11:41:00",search,rec_v1,15,0
10461,556,24,"2026-05-12 04:31:00",search,rec_v2,18,0
10462,594,5,"2026-06-02 12:40:00",home,rec_v1,18,0
10463,297,13,"2026-06-21 19:27:00",home,rec_v1,11,0
10464,952,133,"2026-06-11 14:08:00",search,rec_v2,15,0
10465,113,55,"2026-05-03 00:32:00",home,rec_v1,8,0
10466,849,63,"2026-07-24 17:43:00",search,rec_v2,2,0
10467,375,60,"2026-05-19 07:04:00",detail_page,rec_v2,1,0
10468,99,107,"2026-05-26 06:56:00",continue_watching,rec_v2,18,0
10469,681,16,"2026-07-14 15:29:00",detail_page,rec_v1,20,0
10470,235,51,"2026-06-15 11:09:00",home,rec_v2,12,0
10471,328,19,"2026-05-02 22:10:00",home,rec_v1,10,0
10472,267,138,"2026-07-21 07:17:00",home,rec_v1,6,0
10473,171,6,"2026-07-11 22:51:00",detail_page,rec_v1,12,0
10474,325,8,"2026-05-08 05:52:00",search,rec_v1,15,0
10475,947,131,"2026-07-04 19:52:00",home,rec_v2,1,0
10476,307,120,"2026-06-28 05:41:00",detail_page,rec_v1,13,0
10477,331,12,"2026-05-07 21:58:00",continue_watching,rec_v2,11,0
10478,477,73,"2026-07-13 02:25:00",search,rec_v1,20,0
10479,204,145,"2026-07-11 12:19:00",detail_page,rec_v2,1,0
10480,657,72,"2026-06-14 03:04:00",home,rec_v1,14,0
10481,745,92,"2026-06-14 21:02:00",search,rec_v2,5,0
10482,592,143,"2026-05-23 10:07:00",continue_watching,rec_v1,6,0
10483,334,129,"2026-07-18 12:26:00",home,rec_v1,17,0
10484,549,115,"2026-07-11 23:06:00",home,rec_v2,5,0
10485,701,66,"2026-05-25 10:49:00",home,rec_v2,20,0
10486,85,56,"2026-06-14 11:03:00",home,rec_v2,1,0
10487,686,73,"2026-06-25 03:06:00",search,rec_v2,8,0
10488,731,12,"2026-07-12 20:33:00",continue_watching,rec_v2,10,0
10489,250,30,"2026-07-18 00:14:00",search,rec_v2,12,0
10490,606,72,"2026-07-23 13:12:00",search,rec_v2,5,1
10491,629,86,"2026-06-15 13:16:00",continue_watching,rec_v2,2,0
10492,363,16,"2026-07-16 12:50:00",continue_watching,rec_v1,7,0
10493,682,57,"2026-07-11 18:05:00",continue_watching,rec_v1,2,0
10494,789,141,"2026-05-17 21:39:00",detail_page,rec_v1,11,0
10495,830,131,"2026-05-26 17:16:00",home,rec_v1,18,0
10496,257,147,"2026-06-12 15:14:00",search,rec_v2,11,0
10497,861,58,"2026-05-14 04:20:00",home,rec_v1,2,1
10498,814,12,"2026-07-01 03:56:00",home,rec_v2,3,0
10499,901,145,"2026-07-08 19:11:00",search,rec_v2,6,0
10500,185,105,"2026-05-27 11:09:00",search,rec_v2,16,1
10501,387,45,"2026-05-07 13:50:00",home,rec_v2,5,0
10502,263,40,"2026-07-27 01:24:00",continue_watching,rec_v2,19,0
10503,599,92,"2026-07-09 01:32:00",search,rec_v2,4,0
10504,748,4,"2026-05-23 20:03:00",home,rec_v1,14,0
10505,737,128,"2026-06-17 21:19:00",detail_page,rec_v1,20,0
10506,58,129,"2026-06-17 14:28:00",home,rec_v2,13,1
10507,111,136,"2026-07-19 01:12:00",continue_watching,rec_v1,1,0
10508,628,142,"2026-06-25 06:27:00",detail_page,rec_v1,14,1
10509,379,111,"2026-07-21 22:54:00",search,rec_v2,6,0
10510,901,106,"2026-05-18 18:50:00",home,rec_v1,9,0
10511,309,91,"2026-07-22 04:48:00",continue_watching,rec_v2,14,0
10512,314,117,"2026-06-18 01:14:00",continue_watching,rec_v1,11,0
10513,639,62,"2026-06-26 16:24:00",search,rec_v2,16,0
10514,966,31,"2026-07-18 12:02:00",home,rec_v2,17,1
10515,149,41,"2026-05-11 09:24:00",home,rec_v1,16,0
10516,818,106,"2026-05-02 02:34:00",home,rec_v2,11,0
10517,248,46,"2026-05-23 05:34:00",home,rec_v1,10,0
10518,927,9,"2026-05-25 00:54:00",detail_page,rec_v2,19,0
10519,587,84,"2026-05-20 23:45:00",search,rec_v1,1,0
10520,73,131,"2026-05-28 15:39:00",home,rec_v1,20,1
10521,612,14,"2026-06-29 13:02:00",home,rec_v1,4,0
10522,200,98,"2026-07-07 07:11:00",home,rec_v2,16,0
10523,779,14,"2026-07-01 20:46:00",search,rec_v1,3,0
10524,689,106,"2026-06-14 13:35:00",continue_watching,rec_v2,6,0
10525,515,110,"2026-06-02 16:01:00",search,rec_v2,8,0
10526,807,25,"2026-07-04 09:53:00",home,rec_v1,17,1
10527,780,71,"2026-05-15 08:22:00",home,rec_v2,1,0
10528,302,127,"2026-06-02 13:29:00",home,rec_v2,13,0
10529,231,41,"2026-05-18 01:22:00",search,rec_v1,18,0
10530,167,130,"2026-07-19 17:32:00",search,rec_v1,19,0
10531,480,121,"2026-07-03 12:05:00",home,rec_v1,16,0
10532,985,30,"2026-06-11 13:21:00",search,rec_v2,16,0
10533,978,144,"2026-06-09 20:00:00",detail_page,rec_v2,4,1
10534,745,67,"2026-05-29 06:30:00",home,rec_v2,12,0
10535,220,124,"2026-07-21 05:25:00",continue_watching,rec_v1,10,0
10536,77,56,"2026-05-14 05:45:00",continue_watching,rec_v1,17,0
10537,803,25,"2026-07-27 10:21:00",home,rec_v2,12,0
10538,684,71,"2026-05-29 20:11:00",home,rec_v1,11,0
10539,270,9,"2026-07-13 00:35:00",home,rec_v2,19,1
10540,511,80,"2026-05-06 00:58:00",continue_watching,rec_v2,12,0
10541,329,72,"2026-07-12 07:08:00",home,rec_v1,19,1
10542,327,26,"2026-05-14 22:25:00",detail_page,rec_v2,15,0
10543,597,34,"2026-06-06 21:34:00",detail_page,rec_v1,15,1
10544,224,22,"2026-07-01 19:38:00",detail_page,rec_v1,5,0
10545,974,111,"2026-05-09 23:55:00",home,rec_v2,5,0
10546,87,23,"2026-07-22 19:46:00",continue_watching,rec_v2,10,0
10547,162,62,"2026-05-11 22:22:00",search,rec_v1,3,0
10548,775,56,"2026-05-16 14:15:00",search,rec_v2,16,1
10549,454,31,"2026-07-06 09:13:00",continue_watching,rec_v1,9,0
10550,379,79,"2026-05-21 19:59:00",continue_watching,rec_v1,15,0
10551,274,134,"2026-07-16 20:47:00",continue_watching,rec_v1,18,0
10552,119,123,"2026-07-05 23:21:00",search,rec_v2,5,0
10553,443,75,"2026-05-15 18:30:00",detail_page,rec_v2,13,0
10554,128,40,"2026-06-06 15:56:00",home,rec_v2,18,0
10555,409,39,"2026-06-11 00:10:00",detail_page,rec_v2,6,0
10556,52,14,"2026-05-21 10:25:00",search,rec_v1,13,0
10557,142,132,"2026-05-08 11:11:00",home,rec_v1,4,0
10558,308,6,"2026-05-27 08:52:00",detail_page,rec_v2,18,0
10559,821,121,"2026-05-21 22:49:00",search,rec_v1,12,0
10560,743,119,"2026-07-06 06:48:00",home,rec_v1,16,0
10561,579,124,"2026-07-09 21:45:00",continue_watching,rec_v1,14,0
10562,990,32,"2026-06-08 11:55:00",home,rec_v2,17,0
10563,941,14,"2026-07-15 14:29:00",continue_watching,rec_v2,4,0
10564,673,127,"2026-06-09 12:40:00",search,rec_v2,3,0
10565,394,14,"2026-06-06 20:59:00",home,rec_v2,18,0
10566,840,135,"2026-06-19 05:46:00",detail_page,rec_v2,9,0
10567,294,88,"2026-05-06 07:13:00",continue_watching,rec_v2,10,0
10568,228,129,"2026-06-08 11:46:00",search,rec_v2,11,0
10569,427,85,"2026-07-20 12:11:00",home,rec_v2,14,0
10570,456,61,"2026-07-26 07:32:00",home,rec_v2,6,0
10571,277,24,"2026-07-03 06:42:00",search,rec_v1,6,1
10572,530,95,"2026-05-03 04:10:00",detail_page,rec_v2,7,0
10573,988,135,"2026-07-01 11:42:00",home,rec_v2,16,1
10574,517,142,"2026-05-17 17:03:00",home,rec_v1,10,0
10575,312,47,"2026-05-19 18:01:00",home,rec_v1,17,0
10576,654,122,"2026-05-02 01:16:00",continue_watching,rec_v2,5,0
10577,816,54,"2026-06-05 21:26:00",home,rec_v1,11,0
10578,893,104,"2026-05-11 16:29:00",search,rec_v1,3,0
10579,11,141,"2026-05-25 20:55:00",continue_watching,rec_v2,9,0
10580,117,89,"2026-06-27 12:50:00",detail_page,rec_v2,4,0
10581,71,97,"2026-07-25 11:15:00",home,rec_v2,15,0
10582,247,48,"2026-07-28 21:22:00",home,rec_v2,4,1
10583,354,40,"2026-06-25 20:25:00",detail_page,rec_v2,10,0
10584,798,139,"2026-05-01 21:24:00",home,rec_v1,8,0
10585,368,41,"2026-05-22 20:01:00",home,rec_v2,12,0
10586,242,143,"2026-05-20 12:37:00",continue_watching,rec_v2,13,1
10587,766,134,"2026-07-17 08:35:00",home,rec_v2,11,0
10588,199,110,"2026-07-08 12:16:00",detail_page,rec_v2,16,0
10589,934,30,"2026-07-17 17:52:00",search,rec_v2,6,0
10590,141,83,"2026-07-27 11:43:00",search,rec_v2,12,0
10591,607,149,"2026-05-20 00:57:00",home,rec_v2,16,1
10592,561,93,"2026-05-18 11:59:00",search,rec_v2,19,0
10593,277,6,"2026-06-17 15:05:00",detail_page,rec_v2,15,0
10594,152,121,"2026-06-25 22:28:00",continue_watching,rec_v1,17,1
10595,510,118,"2026-07-07 19:42:00",continue_watching,rec_v2,1,0
10596,972,73,"2026-07-12 06:27:00",home,rec_v2,2,0
10597,616,139,"2026-05-10 02:45:00",continue_watching,rec_v1,14,0
10598,998,135,"2026-05-31 16:22:00",search,rec_v2,5,0
10599,373,42,"2026-07-22 23:44:00",home,rec_v2,6,0
10600,710,24,"2026-05-11 02:13:00",detail_page,rec_v1,17,0
10601,704,84,"2026-05-23 22:29:00",search,rec_v2,5,1
10602,84,36,"2026-05-11 05:45:00",continue_watching,rec_v2,19,0
10603,806,109,"2026-05-23 09:34:00",home,rec_v1,16,0
10604,687,138,"2026-05-23 23:20:00",home,rec_v2,19,0
10605,104,120,"2026-06-12 12:34:00",home,rec_v2,20,0
10606,708,85,"2026-07-25 07:20:00",home,rec_v1,15,1
10607,536,105,"2026-07-06 20:45:00",home,rec_v1,9,0
10608,925,56,"2026-06-07 03:14:00",home,rec_v1,19,0
10609,716,147,"2026-05-06 01:24:00",home,rec_v2,6,1
10610,406,122,"2026-05-12 07:32:00",home,rec_v2,18,0
10611,915,71,"2026-05-02 00:39:00",home,rec_v2,14,0
10612,520,64,"2026-07-13 19:06:00",detail_page,rec_v2,8,0
10613,286,108,"2026-05-05 08:39:00",home,rec_v2,19,0
10614,261,16,"2026-06-27 17:49:00",continue_watching,rec_v2,14,0
10615,777,98,"2026-05-25 13:19:00",home,rec_v1,11,0
10616,992,148,"2026-05-22 00:14:00",home,rec_v2,19,0
10617,417,140,"2026-05-06 11:47:00",home,rec_v1,1,0
10618,454,109,"2026-05-25 23:32:00",home,rec_v1,3,0
10619,510,96,"2026-07-02 14:44:00",continue_watching,rec_v2,19,0
10620,703,122,"2026-05-25 01:05:00",home,rec_v1,8,0
10621,675,32,"2026-07-21 09:14:00",detail_page,rec_v1,10,0
10622,244,121,"2026-05-03 03:11:00",home,rec_v2,6,0
10623,628,107,"2026-06-16 15:55:00",home,rec_v2,8,0
10624,67,98,"2026-06-28 12:18:00",search,rec_v1,20,0
10625,565,60,"2026-05-22 09:38:00",home,rec_v2,13,0
10626,91,97,"2026-07-27 07:31:00",home,rec_v2,17,0
10627,124,118,"2026-05-14 19:17:00",detail_page,rec_v1,11,0
10628,820,84,"2026-06-13 18:34:00",home,rec_v1,12,0
10629,184,79,"2026-06-09 09:48:00",search,rec_v2,8,0
10630,111,135,"2026-05-01 12:17:00",search,rec_v2,9,0
10631,793,101,"2026-05-01 05:01:00",search,rec_v1,20,0
10632,884,102,"2026-05-05 20:13:00",home,rec_v2,18,0
10633,265,148,"2026-07-09 20:39:00",detail_page,rec_v2,1,0
10634,907,125,"2026-06-11 05:53:00",home,rec_v1,17,0
10635,467,90,"2026-05-07 14:06:00",home,rec_v2,18,0
10636,348,116,"2026-06-23 19:16:00",home,rec_v1,1,0
10637,63,36,"2026-05-15 20:33:00",home,rec_v1,16,0
10638,165,144,"2026-05-08 13:03:00",home,rec_v2,10,0
10639,67,37,"2026-05-24 15:46:00",search,rec_v2,9,1
10640,460,141,"2026-05-10 04:33:00",continue_watching,rec_v1,4,0
10641,542,120,"2026-07-05 08:06:00",continue_watching,rec_v1,14,0
10642,899,106,"2026-07-03 12:35:00",continue_watching,rec_v1,9,1
10643,923,21,"2026-07-20 21:17:00",home,rec_v1,12,0
10644,239,145,"2026-06-04 00:14:00",home,rec_v2,19,0
10645,175,59,"2026-05-21 01:40:00",detail_page,rec_v2,16,0
10646,141,149,"2026-06-07 18:55:00",continue_watching,rec_v1,15,0
10647,316,143,"2026-07-28 09:39:00",home,rec_v2,5,0
10648,253,57,"2026-06-01 07:38:00",detail_page,rec_v1,4,0
10649,51,37,"2026-05-20 18:23:00",detail_page,rec_v1,10,0
10650,950,127,"2026-05-28 21:50:00",continue_watching,rec_v2,19,0
10651,506,22,"2026-06-20 03:21:00",home,rec_v1,8,0
10652,214,90,"2026-07-04 16:02:00",detail_page,rec_v2,20,0
10653,855,139,"2026-07-29 12:12:00",detail_page,rec_v1,18,0
10654,650,75,"2026-05-10 02:43:00",search,rec_v2,16,0
10655,802,58,"2026-06-26 01:21:00",detail_page,rec_v1,14,0
10656,585,78,"2026-07-07 04:41:00",detail_page,rec_v2,16,0
10657,135,14,"2026-05-19 17:52:00",continue_watching,rec_v1,4,1
10658,851,67,"2026-07-24 19:44:00",home,rec_v1,8,0
10659,869,59,"2026-05-23 04:39:00",home,rec_v2,7,0
10660,676,74,"2026-06-22 07:41:00",home,rec_v2,5,0
10661,622,51,"2026-06-14 09:17:00",detail_page,rec_v1,2,0
10662,102,119,"2026-06-06 05:18:00",home,rec_v2,4,0
10663,256,2,"2026-07-25 07:10:00",detail_page,rec_v1,14,0
10664,43,69,"2026-05-03 07:31:00",home,rec_v2,13,0
10665,114,136,"2026-07-22 17:49:00",search,rec_v2,20,1
10666,663,132,"2026-05-14 09:18:00",home,rec_v1,6,1
10667,66,136,"2026-05-29 17:44:00",detail_page,rec_v1,14,0
10668,750,75,"2026-07-28 22:15:00",detail_page,rec_v2,1,0
10669,377,127,"2026-07-07 12:50:00",detail_page,rec_v2,13,0
10670,89,19,"2026-06-28 22:23:00",home,rec_v1,3,0
10671,854,48,"2026-06-24 17:07:00",home,rec_v1,9,0
10672,620,35,"2026-07-21 10:20:00",detail_page,rec_v1,6,0
10673,722,103,"2026-05-23 01:06:00",home,rec_v2,6,0
10674,440,43,"2026-07-06 11:28:00",home,rec_v2,4,0
10675,782,60,"2026-06-22 01:01:00",home,rec_v2,6,0
10676,917,114,"2026-07-18 00:32:00",detail_page,rec_v1,1,0
10677,719,35,"2026-07-01 11:25:00",home,rec_v1,8,0
10678,538,11,"2026-05-02 03:05:00",continue_watching,rec_v1,12,0
10679,678,74,"2026-05-01 20:06:00",home,rec_v2,13,0
10680,465,109,"2026-06-03 07:08:00",continue_watching,rec_v2,5,0
10681,512,81,"2026-07-08 18:09:00",home,rec_v1,5,1
10682,267,51,"2026-05-01 09:38:00",home,rec_v2,20,1
10683,187,66,"2026-07-26 09:26:00",home,rec_v1,19,0
10684,984,130,"2026-05-21 09:07:00",detail_page,rec_v1,13,0
10685,308,95,"2026-06-04 22:11:00",home,rec_v1,19,0
10686,887,12,"2026-06-04 11:38:00",home,rec_v2,18,1
10687,792,70,"2026-05-02 17:17:00",continue_watching,rec_v2,10,0
10688,872,95,"2026-05-07 01:30:00",home,rec_v1,16,0
10689,156,60,"2026-07-29 10:17:00",home,rec_v1,17,0
10690,963,72,"2026-06-22 14:55:00",continue_watching,rec_v1,18,0
10691,304,85,"2026-05-30 20:25:00",detail_page,rec_v1,16,0
10692,661,44,"2026-07-14 10:28:00",search,rec_v1,18,1
10693,275,8,"2026-05-05 18:23:00",home,rec_v1,11,0
10694,925,148,"2026-07-24 21:14:00",search,rec_v1,8,0
10695,741,111,"2026-07-15 15:22:00",home,rec_v2,10,0
10696,998,40,"2026-07-16 00:16:00",continue_watching,rec_v2,19,0
10697,700,134,"2026-06-25 05:49:00",detail_page,rec_v2,19,0
10698,830,117,"2026-07-27 09:21:00",detail_page,rec_v1,10,0
10699,960,82,"2026-06-26 09:47:00",home,rec_v1,12,0
10700,132,52,"2026-07-05 23:15:00",home,rec_v1,13,1
10701,469,82,"2026-06-18 05:57:00",home,rec_v1,2,1
10702,369,17,"2026-05-17 08:20:00",home,rec_v2,16,0
10703,695,146,"2026-07-03 11:08:00",search,rec_v1,2,1
10704,873,14,"2026-06-10 05:10:00",continue_watching,rec_v2,3,0
10705,742,61,"2026-07-12 13:37:00",home,rec_v1,12,0
10706,613,27,"2026-07-11 14:46:00",home,rec_v2,15,0
10707,183,38,"2026-05-17 18:29:00",home,rec_v1,13,0
10708,93,117,"2026-07-22 02:03:00",home,rec_v1,13,0
10709,745,136,"2026-06-17 09:17:00",detail_page,rec_v1,6,1
10710,589,21,"2026-05-13 09:11:00",home,rec_v1,10,0
10711,670,10,"2026-07-05 10:52:00",home,rec_v2,11,0
10712,721,124,"2026-05-14 01:51:00",home,rec_v2,16,0
10713,138,54,"2026-06-30 04:21:00",detail_page,rec_v2,18,0
10714,715,114,"2026-05-08 05:40:00",home,rec_v2,8,0
10715,604,13,"2026-06-26 16:27:00",home,rec_v1,15,1
10716,269,3,"2026-07-22 19:19:00",continue_watching,rec_v1,4,0
10717,296,123,"2026-07-12 15:57:00",home,rec_v2,3,0
10718,113,93,"2026-07-19 01:05:00",search,rec_v2,12,0
10719,383,16,"2026-05-13 22:44:00",home,rec_v2,9,0
10720,623,144,"2026-05-13 15:17:00",home,rec_v2,4,0
10721,487,105,"2026-07-09 02:49:00",continue_watching,rec_v2,3,0
10722,625,7,"2026-06-19 22:33:00",home,rec_v1,8,0
10723,200,37,"2026-07-28 21:52:00",home,rec_v2,11,0
10724,619,93,"2026-05-18 19:59:00",search,rec_v1,1,0
10725,724,84,"2026-07-14 06:52:00",home,rec_v1,14,0
10726,984,76,"2026-07-17 08:36:00",home,rec_v1,5,0
10727,582,126,"2026-07-13 15:08:00",home,rec_v2,15,0
10728,457,23,"2026-05-04 21:16:00",home,rec_v1,4,0
10729,88,60,"2026-06-27 10:41:00",detail_page,rec_v1,5,1
10730,164,64,"2026-06-02 07:05:00",detail_page,rec_v1,7,0
10731,739,67,"2026-05-30 00:03:00",home,rec_v2,11,0
10732,810,36,"2026-06-05 12:23:00",search,rec_v2,4,0
10733,83,102,"2026-05-21 01:39:00",continue_watching,rec_v1,9,0
10734,930,98,"2026-07-23 17:05:00",home,rec_v1,20,0
10735,147,72,"2026-07-02 19:34:00",continue_watching,rec_v2,7,0
10736,741,13,"2026-06-24 08:47:00",continue_watching,rec_v2,2,0
10737,597,49,"2026-06-22 20:09:00",continue_watching,rec_v1,12,0
10738,362,8,"2026-07-07 11:40:00",search,rec_v1,17,0
10739,423,95,"2026-05-19 05:02:00",detail_page,rec_v2,19,0
10740,546,93,"2026-07-06 12:52:00",detail_page,rec_v2,7,0
10741,159,16,"2026-07-05 01:06:00",search,rec_v1,12,0
10742,155,71,"2026-06-28 04:55:00",search,rec_v1,3,0
10743,990,44,"2026-07-05 05:24:00",detail_page,rec_v1,2,0
10744,427,68,"2026-07-16 03:31:00",search,rec_v2,4,0
10745,322,115,"2026-06-29 21:29:00",search,rec_v1,6,0
10746,726,103,"2026-07-02 15:05:00",home,rec_v1,17,0
10747,444,52,"2026-07-09 21:09:00",search,rec_v2,17,1
10748,852,14,"2026-05-04 02:07:00",home,rec_v2,13,0
10749,926,44,"2026-07-07 07:18:00",home,rec_v2,10,0
10750,576,46,"2026-07-16 11:45:00",search,rec_v1,5,0
10751,85,41,"2026-06-04 04:14:00",home,rec_v1,16,0
10752,187,113,"2026-05-15 07:27:00",search,rec_v1,4,0
10753,631,6,"2026-06-20 16:32:00",home,rec_v1,6,0
10754,601,103,"2026-05-21 19:56:00",home,rec_v2,2,1
10755,681,3,"2026-07-08 05:25:00",detail_page,rec_v2,4,0
10756,428,2,"2026-06-30 12:21:00",detail_page,rec_v2,4,1
10757,305,6,"2026-05-24 19:49:00",search,rec_v1,9,0
10758,156,12,"2026-06-30 02:26:00",search,rec_v2,13,0
10759,506,136,"2026-06-08 02:24:00",home,rec_v2,8,1
10760,397,78,"2026-05-11 17:28:00",home,rec_v2,9,0
10761,125,130,"2026-06-12 21:03:00",detail_page,rec_v1,12,0
10762,636,141,"2026-07-14 12:13:00",home,rec_v1,3,0
10763,886,36,"2026-07-05 20:11:00",home,rec_v1,6,0
10764,282,3,"2026-07-04 07:12:00",detail_page,rec_v2,1,0
10765,510,76,"2026-06-22 06:21:00",home,rec_v1,9,0
10766,417,36,"2026-07-20 02:56:00",home,rec_v1,11,0
10767,137,131,"2026-06-15 11:34:00",home,rec_v1,5,0
10768,971,51,"2026-05-20 04:21:00",home,rec_v2,14,0
10769,883,53,"2026-06-23 08:44:00",continue_watching,rec_v1,19,0
10770,949,106,"2026-07-12 19:18:00",home,rec_v1,13,0
10771,219,132,"2026-06-03 19:09:00",detail_page,rec_v1,5,0
10772,520,109,"2026-06-06 17:31:00",detail_page,rec_v1,17,0
10773,331,131,"2026-07-28 21:42:00",home,rec_v1,20,0
10774,599,8,"2026-07-11 12:06:00",detail_page,rec_v2,7,0
10775,24,128,"2026-06-13 02:59:00",home,rec_v1,18,0
10776,346,61,"2026-07-18 07:47:00",search,rec_v2,8,0
10777,610,66,"2026-06-27 23:53:00",home,rec_v2,8,0
10778,838,50,"2026-07-22 20:02:00",home,rec_v2,8,0
10779,202,84,"2026-07-19 10:42:00",home,rec_v2,10,0
10780,749,133,"2026-06-26 08:36:00",home,rec_v2,9,0
10781,92,46,"2026-06-13 02:01:00",continue_watching,rec_v1,13,0
10782,772,80,"2026-06-20 05:38:00",home,rec_v2,16,0
10783,707,97,"2026-06-16 21:24:00",search,rec_v2,17,0
10784,324,29,"2026-05-14 10:04:00",search,rec_v1,4,1
10785,13,83,"2026-05-31 15:46:00",home,rec_v2,11,0
10786,280,23,"2026-07-16 04:18:00",home,rec_v1,18,0
10787,996,79,"2026-05-29 16:13:00",home,rec_v2,4,0
10788,669,143,"2026-05-16 11:39:00",home,rec_v2,17,1
10789,999,28,"2026-07-01 02:28:00",home,rec_v1,12,1
10790,430,79,"2026-07-26 18:47:00",home,rec_v1,17,0
10791,649,102,"2026-07-03 17:45:00",home,rec_v2,12,0
10792,503,37,"2026-06-06 07:16:00",home,rec_v2,12,0
10793,381,142,"2026-05-15 10:30:00",home,rec_v2,18,0
10794,737,81,"2026-07-25 02:30:00",search,rec_v2,12,0
10795,137,39,"2026-05-05 08:44:00",home,rec_v1,3,0
10796,23,36,"2026-06-08 22:43:00",search,rec_v2,16,0
10797,507,111,"2026-07-07 10:55:00",home,rec_v1,2,1
10798,412,64,"2026-06-10 00:09:00",home,rec_v2,12,0
10799,454,77,"2026-07-05 20:43:00",home,rec_v1,13,0
10800,456,24,"2026-05-09 08:05:00",home,rec_v2,7,0
10801,139,59,"2026-07-28 11:54:00",detail_page,rec_v2,6,0
10802,589,21,"2026-06-18 19:43:00",search,rec_v1,15,0
10803,791,64,"2026-07-29 17:33:00",search,rec_v1,16,0
10804,102,56,"2026-05-08 01:55:00",detail_page,rec_v2,17,0
10805,147,6,"2026-06-12 22:38:00",home,rec_v1,17,0
10806,258,122,"2026-06-30 15:09:00",search,rec_v2,10,0
10807,54,114,"2026-06-23 06:44:00",home,rec_v2,8,0
10808,281,22,"2026-05-10 09:31:00",home,rec_v1,14,0
10809,417,47,"2026-06-28 20:55:00",detail_page,rec_v2,2,0
10810,409,117,"2026-07-02 17:23:00",home,rec_v1,13,0
10811,866,69,"2026-06-11 22:09:00",home,rec_v2,12,0
10812,230,122,"2026-05-29 17:28:00",home,rec_v2,1,0
10813,502,12,"2026-05-26 06:28:00",continue_watching,rec_v2,3,0
10814,136,60,"2026-06-13 15:44:00",detail_page,rec_v1,18,0
10815,243,93,"2026-06-14 12:12:00",home,rec_v2,14,0
10816,639,106,"2026-06-01 15:13:00",home,rec_v1,20,0
10817,483,21,"2026-06-15 04:59:00",detail_page,rec_v2,4,0
10818,433,125,"2026-05-26 17:38:00",detail_page,rec_v2,4,0
10819,955,87,"2026-07-17 00:44:00",home,rec_v2,1,1
10820,373,138,"2026-05-21 18:12:00",continue_watching,rec_v1,1,1
10821,26,64,"2026-07-22 05:09:00",detail_page,rec_v2,12,0
10822,33,118,"2026-06-27 22:49:00",home,rec_v1,12,0
10823,283,40,"2026-07-07 09:26:00",home,rec_v1,18,0
10824,206,16,"2026-06-25 10:34:00",continue_watching,rec_v1,17,1
10825,887,15,"2026-06-19 04:01:00",continue_watching,rec_v2,7,0
10826,305,28,"2026-07-20 01:09:00",continue_watching,rec_v2,1,1
10827,273,88,"2026-07-02 05:27:00",detail_page,rec_v2,3,0
10828,584,66,"2026-05-12 21:32:00",detail_page,rec_v2,5,0
10829,302,138,"2026-06-18 16:08:00",search,rec_v1,1,0
10830,769,144,"2026-05-14 00:48:00",home,rec_v1,14,0
10831,326,39,"2026-05-15 02:41:00",home,rec_v1,18,0
10832,537,16,"2026-05-22 06:23:00",home,rec_v2,4,0
10833,796,30,"2026-06-05 15:18:00",detail_page,rec_v1,20,0
10834,305,105,"2026-06-11 14:40:00",home,rec_v1,10,0
10835,109,140,"2026-06-03 09:54:00",detail_page,rec_v2,3,0
10836,80,54,"2026-06-15 18:39:00",continue_watching,rec_v2,3,0
10837,253,93,"2026-05-27 10:50:00",continue_watching,rec_v2,12,0
10838,550,142,"2026-07-11 03:40:00",detail_page,rec_v2,15,0
10839,2,109,"2026-07-28 07:07:00",search,rec_v1,10,0
10840,899,100,"2026-07-25 01:20:00",search,rec_v2,1,0
10841,190,28,"2026-07-04 08:12:00",search,rec_v2,4,0
10842,266,52,"2026-05-13 14:25:00",detail_page,rec_v2,3,0
10843,820,48,"2026-06-02 18:33:00",home,rec_v2,12,0
10844,943,131,"2026-05-30 20:56:00",home,rec_v1,19,0
10845,16,24,"2026-05-01 21:37:00",continue_watching,rec_v1,6,0
10846,891,150,"2026-07-01 22:34:00",home,rec_v1,20,0
10847,459,60,"2026-06-21 15:35:00",continue_watching,rec_v1,10,1
10848,856,17,"2026-07-22 08:02:00",search,rec_v2,6,0
10849,610,125,"2026-05-05 08:10:00",home,rec_v2,2,0
10850,559,129,"2026-07-07 03:22:00",home,rec_v1,6,0
10851,929,103,"2026-07-01 00:05:00",detail_page,rec_v2,7,0
10852,779,121,"2026-05-27 10:38:00",home,rec_v2,16,0
10853,746,131,"2026-05-21 03:15:00",home,rec_v1,4,0
10854,210,131,"2026-05-15 14:00:00",continue_watching,rec_v1,8,0
10855,222,10,"2026-05-07 05:44:00",detail_page,rec_v1,18,0
10856,913,132,"2026-07-10 12:52:00",home,rec_v2,15,0
10857,253,88,"2026-06-08 05:37:00",home,rec_v2,7,0
10858,290,126,"2026-07-14 01:27:00",home,rec_v1,19,0
10859,557,39,"2026-05-23 11:58:00",home,rec_v1,3,0
10860,958,66,"2026-05-27 15:01:00",continue_watching,rec_v2,20,1
10861,402,52,"2026-07-26 07:55:00",home,rec_v1,14,0
10862,540,15,"2026-05-10 16:28:00",continue_watching,rec_v2,15,1
10863,755,111,"2026-06-24 01:51:00",home,rec_v2,2,0
10864,949,7,"2026-05-05 17:03:00",home,rec_v2,13,0
10865,800,22,"2026-05-28 04:40:00",detail_page,rec_v2,15,0
10866,259,37,"2026-05-08 09:43:00",detail_page,rec_v1,11,0
10867,339,22,"2026-05-18 09:50:00",home,rec_v1,9,0
10868,853,126,"2026-07-03 17:40:00",search,rec_v1,5,0
10869,61,140,"2026-07-19 11:44:00",home,rec_v2,18,0
10870,912,130,"2026-07-26 07:53:00",detail_page,rec_v2,20,0
10871,644,22,"2026-07-01 18:05:00",search,rec_v1,4,0
10872,474,112,"2026-07-16 00:07:00",continue_watching,rec_v2,2,0
10873,233,137,"2026-07-19 04:21:00",home,rec_v2,17,0
10874,420,71,"2026-06-08 09:53:00",detail_page,rec_v2,4,0
10875,663,14,"2026-05-07 01:42:00",search,rec_v1,11,1
10876,980,128,"2026-06-18 15:02:00",detail_page,rec_v1,4,0
10877,876,66,"2026-05-02 23:20:00",detail_page,rec_v2,15,1
10878,35,130,"2026-05-12 22:38:00",home,rec_v1,16,0
10879,689,105,"2026-07-11 23:14:00",home,rec_v1,5,0
10880,356,12,"2026-06-28 09:45:00",home,rec_v2,14,0
10881,578,141,"2026-07-16 06:06:00",search,rec_v1,18,0
10882,762,82,"2026-06-21 22:09:00",home,rec_v1,13,0
10883,261,145,"2026-06-10 07:51:00",home,rec_v1,19,0
10884,371,124,"2026-05-30 18:30:00",home,rec_v2,3,0
10885,878,7,"2026-07-19 11:55:00",home,rec_v1,18,0
10886,327,104,"2026-06-10 05:51:00",home,rec_v1,4,0
10887,128,120,"2026-06-04 23:14:00",home,rec_v1,15,0
10888,698,34,"2026-06-07 17:32:00",home,rec_v2,2,0
10889,526,94,"2026-06-06 11:31:00",search,rec_v1,1,0
10890,902,52,"2026-05-28 03:34:00",search,rec_v1,2,0
10891,320,88,"2026-05-20 02:58:00",detail_page,rec_v1,4,0
10892,318,34,"2026-05-14 03:30:00",home,rec_v2,19,0
10893,87,93,"2026-07-06 23:20:00",detail_page,rec_v2,19,0
10894,962,51,"2026-06-05 05:26:00",detail_page,rec_v2,17,0
10895,350,64,"2026-07-15 07:35:00",detail_page,rec_v2,20,0
10896,554,16,"2026-06-05 12:16:00",continue_watching,rec_v2,18,0
10897,535,20,"2026-06-14 19:12:00",detail_page,rec_v1,20,0
10898,223,18,"2026-05-09 09:47:00",detail_page,rec_v1,11,1
10899,997,41,"2026-05-09 14:57:00",detail_page,rec_v1,18,0
10900,803,44,"2026-06-23 10:49:00",home,rec_v2,10,0
10901,480,12,"2026-06-28 17:13:00",detail_page,rec_v2,8,0
10902,96,40,"2026-05-30 04:33:00",search,rec_v2,10,0
10903,934,71,"2026-05-27 13:52:00",detail_page,rec_v1,6,1
10904,837,7,"2026-05-31 01:36:00",detail_page,rec_v1,18,0
10905,710,70,"2026-07-06 12:51:00",detail_page,rec_v1,13,0
10906,473,42,"2026-05-23 05:10:00",continue_watching,rec_v1,13,0
10907,382,26,"2026-07-07 03:46:00",continue_watching,rec_v2,7,0
10908,65,82,"2026-07-13 16:44:00",continue_watching,rec_v2,7,0
10909,489,74,"2026-05-07 11:58:00",home,rec_v1,20,0
10910,98,114,"2026-05-26 04:51:00",home,rec_v2,7,0
10911,569,10,"2026-05-11 23:05:00",search,rec_v1,11,1
10912,9,2,"2026-06-06 01:09:00",home,rec_v1,19,0
10913,99,45,"2026-07-19 23:45:00",search,rec_v1,13,0
10914,701,59,"2026-07-09 12:46:00",continue_watching,rec_v1,18,0
10915,375,113,"2026-06-24 00:47:00",search,rec_v2,10,0
10916,207,120,"2026-06-18 06:58:00",detail_page,rec_v2,2,0
10917,577,8,"2026-06-28 08:10:00",search,rec_v2,15,0
10918,161,51,"2026-07-08 19:46:00",detail_page,rec_v1,7,0
10919,321,6,"2026-05-10 14:09:00",home,rec_v1,19,1
10920,630,61,"2026-05-26 11:59:00",home,rec_v2,17,0
10921,972,39,"2026-05-13 15:46:00",home,rec_v1,3,0
10922,380,20,"2026-05-10 10:07:00",home,rec_v1,20,0
10923,352,13,"2026-06-05 07:21:00",home,rec_v2,20,0
10924,864,58,"2026-06-01 03:00:00",home,rec_v1,9,0
10925,25,141,"2026-07-05 21:22:00",home,rec_v2,5,0
10926,909,142,"2026-06-05 17:08:00",home,rec_v1,3,0
10927,315,68,"2026-06-14 19:06:00",detail_page,rec_v2,9,0
10928,745,86,"2026-05-16 17:54:00",home,rec_v2,20,0
10929,594,114,"2026-06-06 07:38:00",continue_watching,rec_v1,13,1
10930,85,108,"2026-05-30 15:56:00",detail_page,rec_v2,1,0
10931,75,90,"2026-05-12 11:18:00",continue_watching,rec_v2,2,0
10932,428,63,"2026-07-08 21:39:00",continue_watching,rec_v2,4,0
10933,965,111,"2026-06-10 08:58:00",search,rec_v2,8,1
10934,526,17,"2026-06-20 12:07:00",continue_watching,rec_v2,8,0
10935,656,77,"2026-07-08 21:59:00",detail_page,rec_v1,11,1
10936,92,30,"2026-05-12 13:36:00",continue_watching,rec_v2,17,0
10937,729,26,"2026-06-04 21:44:00",home,rec_v2,6,0
10938,26,87,"2026-06-08 22:08:00",detail_page,rec_v1,11,0
10939,578,147,"2026-07-06 14:30:00",detail_page,rec_v1,3,0
10940,787,70,"2026-06-06 12:52:00",home,rec_v2,7,0
10941,544,38,"2026-06-03 20:39:00",home,rec_v1,6,0
10942,455,101,"2026-05-09 08:31:00",detail_page,rec_v2,14,0
10943,96,57,"2026-06-16 02:18:00",search,rec_v1,1,1
10944,604,150,"2026-05-22 03:46:00",detail_page,rec_v2,1,1
10945,625,6,"2026-06-18 10:10:00",home,rec_v1,11,0
10946,887,37,"2026-05-17 18:28:00",home,rec_v2,12,0
10947,55,117,"2026-06-15 08:42:00",home,rec_v2,2,1
10948,916,60,"2026-06-13 05:48:00",detail_page,rec_v1,3,0
10949,677,100,"2026-06-23 13:35:00",home,rec_v2,5,0
10950,249,45,"2026-06-29 17:11:00",search,rec_v2,16,0
10951,604,122,"2026-05-25 06:41:00",search,rec_v2,1,0
10952,169,47,"2026-06-17 16:43:00",home,rec_v1,15,0
10953,801,2,"2026-06-04 08:30:00",home,rec_v2,17,0
10954,724,112,"2026-06-12 20:05:00",home,rec_v1,10,0
10955,972,119,"2026-06-15 15:14:00",detail_page,rec_v2,17,0
10956,270,44,"2026-06-17 22:49:00",search,rec_v1,11,0
10957,538,102,"2026-07-20 19:45:00",home,rec_v1,10,0
10958,621,92,"2026-05-27 06:34:00",continue_watching,rec_v2,16,1
10959,580,36,"2026-06-02 17:36:00",search,rec_v2,11,0
10960,928,17,"2026-05-24 23:11:00",home,rec_v2,20,0
10961,235,17,"2026-05-25 10:46:00",home,rec_v1,20,0
10962,991,89,"2026-05-21 19:51:00",home,rec_v1,4,0
10963,372,64,"2026-05-05 06:04:00",home,rec_v2,12,0
10964,214,60,"2026-06-30 20:40:00",search,rec_v1,14,0
10965,619,27,"2026-06-14 20:39:00",home,rec_v2,3,0
10966,675,110,"2026-06-26 19:08:00",search,rec_v2,14,0
10967,937,122,"2026-05-10 05:04:00",detail_page,rec_v2,12,0
10968,129,77,"2026-07-17 21:01:00",detail_page,rec_v1,20,0
10969,360,133,"2026-06-04 06:10:00",home,rec_v1,19,0
10970,949,121,"2026-05-24 15:48:00",detail_page,rec_v2,2,0
10971,305,79,"2026-07-18 13:37:00",home,rec_v2,2,1
10972,38,50,"2026-05-01 17:15:00",continue_watching,rec_v2,8,0
10973,239,71,"2026-06-17 21:31:00",home,rec_v2,14,0
10974,523,122,"2026-06-24 19:32:00",continue_watching,rec_v1,10,0
10975,922,66,"2026-06-20 10:22:00",home,rec_v1,18,0
10976,74,52,"2026-07-29 04:43:00",continue_watching,rec_v1,15,0
10977,30,59,"2026-07-18 16:30:00",detail_page,rec_v1,3,0
10978,115,130,"2026-05-14 15:23:00",continue_watching,rec_v1,14,0
10979,797,100,"2026-06-18 00:03:00",home,rec_v1,16,0
10980,920,108,"2026-05-25 21:07:00",detail_page,rec_v2,16,1
10981,900,128,"2026-07-12 13:57:00",home,rec_v1,1,0
10982,663,16,"2026-06-18 12:30:00",home,rec_v1,2,1
10983,706,103,"2026-05-17 20:19:00",home,rec_v1,4,0
10984,9,99,"2026-07-15 19:17:00",search,rec_v2,1,0
10985,622,11,"2026-06-23 00:23:00",home,rec_v2,6,0
10986,975,105,"2026-07-06 23:21:00",search,rec_v2,8,0
10987,358,103,"2026-05-29 02:19:00",home,rec_v2,2,0
10988,607,76,"2026-07-13 04:57:00",home,rec_v2,20,0
10989,16,43,"2026-05-06 16:44:00",continue_watching,rec_v2,5,1
10990,924,68,"2026-07-26 15:11:00",detail_page,rec_v1,11,0
10991,156,94,"2026-06-08 05:46:00",continue_watching,rec_v1,16,1
10992,465,123,"2026-05-28 20:32:00",home,rec_v2,14,0
10993,294,84,"2026-07-06 03:29:00",search,rec_v2,17,0
10994,642,69,"2026-06-13 16:14:00",search,rec_v2,19,0
10995,432,26,"2026-06-14 22:43:00",detail_page,rec_v2,18,0
10996,689,103,"2026-06-18 16:21:00",detail_page,rec_v1,9,0
10997,964,94,"2026-05-30 21:24:00",detail_page,rec_v1,10,0
10998,467,4,"2026-05-02 02:17:00",home,rec_v1,4,0
10999,195,59,"2026-06-11 16:10:00",home,rec_v1,4,0
11000,540,108,"2026-07-03 15:58:00",home,rec_v1,17,0
11001,626,87,"2026-05-30 23:27:00",home,rec_v1,14,1
11002,305,44,"2026-06-01 15:08:00",detail_page,rec_v2,5,0
11003,243,116,"2026-05-02 05:59:00",search,rec_v1,1,0
11004,398,92,"2026-06-26 18:22:00",detail_page,rec_v2,9,0
11005,4,141,"2026-05-02 02:16:00",detail_page,rec_v2,18,0
11006,671,133,"2026-05-13 18:05:00",detail_page,rec_v2,10,0
11007,594,110,"2026-05-18 05:01:00",continue_watching,rec_v1,20,0
11008,491,123,"2026-05-13 10:40:00",detail_page,rec_v2,4,0
11009,933,129,"2026-05-21 19:49:00",home,rec_v2,8,0
11010,601,21,"2026-05-04 02:02:00",home,rec_v2,8,0
11011,756,107,"2026-05-27 04:44:00",search,rec_v2,10,0
11012,634,125,"2026-05-02 02:35:00",home,rec_v2,10,0
11013,547,140,"2026-07-18 11:11:00",home,rec_v1,9,1
11014,711,145,"2026-05-30 04:28:00",continue_watching,rec_v2,10,0
11015,539,37,"2026-06-08 23:02:00",search,rec_v1,18,0
11016,362,149,"2026-06-17 06:40:00",continue_watching,rec_v2,17,0
11017,477,148,"2026-06-20 11:00:00",detail_page,rec_v1,12,0
11018,237,28,"2026-05-28 22:12:00",home,rec_v1,19,0
11019,225,53,"2026-07-28 23:50:00",search,rec_v2,7,0
11020,517,125,"2026-05-16 10:52:00",home,rec_v1,13,0
11021,340,129,"2026-05-27 04:03:00",continue_watching,rec_v1,4,0
11022,265,96,"2026-06-14 07:58:00",home,rec_v2,8,0
11023,906,105,"2026-07-25 11:22:00",search,rec_v1,12,1
11024,474,20,"2026-07-28 10:33:00",search,rec_v2,3,0
11025,20,10,"2026-05-03 04:48:00",detail_page,rec_v1,2,0
11026,676,35,"2026-07-18 01:19:00",detail_page,rec_v2,4,0
11027,177,136,"2026-06-05 17:47:00",home,rec_v2,20,0
11028,861,141,"2026-06-14 19:30:00",continue_watching,rec_v1,14,0
11029,39,11,"2026-07-21 13:44:00",home,rec_v2,12,0
11030,751,140,"2026-05-17 17:09:00",detail_page,rec_v1,10,0
11031,645,26,"2026-06-12 09:04:00",continue_watching,rec_v1,16,1
11032,527,143,"2026-06-15 00:43:00",detail_page,rec_v1,4,0
11033,135,139,"2026-05-23 07:55:00",home,rec_v2,20,0
11034,870,138,"2026-07-29 18:01:00",search,rec_v2,9,0
11035,600,74,"2026-06-25 12:07:00",home,rec_v2,7,0
11036,138,34,"2026-05-03 15:35:00",home,rec_v1,9,0
11037,567,8,"2026-06-12 04:47:00",continue_watching,rec_v2,10,0
11038,858,131,"2026-07-01 18:38:00",home,rec_v1,5,0
11039,501,68,"2026-07-26 23:40:00",detail_page,rec_v2,5,0
11040,54,85,"2026-05-02 12:43:00",home,rec_v1,19,0
11041,362,11,"2026-06-20 21:39:00",search,rec_v2,12,1
11042,463,60,"2026-06-03 22:54:00",home,rec_v1,13,0
11043,582,45,"2026-06-01 05:14:00",detail_page,rec_v1,14,1
11044,667,35,"2026-07-20 13:40:00",detail_page,rec_v2,2,1
11045,769,23,"2026-05-20 16:00:00",search,rec_v1,7,0
11046,222,130,"2026-07-05 00:21:00",home,rec_v2,10,0
11047,953,42,"2026-05-14 07:56:00",search,rec_v1,15,0
11048,430,110,"2026-05-01 16:22:00",continue_watching,rec_v2,10,0
11049,686,33,"2026-07-09 08:18:00",home,rec_v2,2,0
11050,106,60,"2026-07-25 09:40:00",search,rec_v1,8,0
11051,91,45,"2026-06-19 19:19:00",search,rec_v2,4,1
11052,753,1,"2026-06-01 14:24:00",home,rec_v1,3,0
11053,671,43,"2026-06-04 07:50:00",continue_watching,rec_v2,15,0
11054,526,72,"2026-06-05 23:47:00",home,rec_v2,10,0
11055,334,88,"2026-05-03 04:39:00",home,rec_v2,3,0
11056,238,66,"2026-05-12 15:27:00",home,rec_v1,11,0
11057,970,138,"2026-06-03 04:11:00",detail_page,rec_v1,3,0
11058,813,147,"2026-07-23 13:21:00",home,rec_v2,1,0
11059,434,95,"2026-05-20 14:55:00",home,rec_v1,11,0
11060,157,39,"2026-07-09 04:31:00",search,rec_v1,8,0
11061,432,1,"2026-05-16 11:23:00",search,rec_v2,18,1
11062,461,51,"2026-07-24 11:55:00",home,rec_v2,6,1
11063,405,24,"2026-05-08 17:59:00",home,rec_v2,14,0
11064,40,42,"2026-07-14 22:36:00",search,rec_v2,14,0
11065,737,89,"2026-05-23 04:25:00",home,rec_v1,18,0
11066,593,141,"2026-06-02 05:48:00",detail_page,rec_v2,20,0
11067,674,114,"2026-05-15 09:40:00",home,rec_v2,18,0
11068,652,61,"2026-06-20 15:49:00",detail_page,rec_v2,12,0
11069,354,27,"2026-05-03 15:42:00",detail_page,rec_v1,9,0
11070,449,61,"2026-05-05 10:44:00",search,rec_v1,9,0
11071,5,136,"2026-05-09 08:50:00",home,rec_v2,5,0
11072,713,72,"2026-06-09 04:35:00",home,rec_v1,4,1
11073,998,17,"2026-05-03 09:34:00",detail_page,rec_v2,18,0
11074,468,50,"2026-07-18 09:30:00",search,rec_v1,17,0
11075,152,65,"2026-05-02 18:09:00",home,rec_v2,16,0
11076,597,102,"2026-05-26 03:41:00",search,rec_v2,3,0
11077,630,28,"2026-05-03 11:32:00",home,rec_v2,6,0
11078,952,114,"2026-06-29 17:24:00",detail_page,rec_v2,7,0
11079,281,49,"2026-07-01 07:26:00",continue_watching,rec_v1,7,0
11080,456,83,"2026-05-01 15:28:00",continue_watching,rec_v1,3,0
11081,752,106,"2026-07-05 00:54:00",continue_watching,rec_v1,16,0
11082,720,89,"2026-06-30 11:55:00",continue_watching,rec_v2,4,0
11083,489,114,"2026-05-15 05:57:00",continue_watching,rec_v2,13,0
11084,61,21,"2026-07-13 11:26:00",home,rec_v1,11,0
11085,201,66,"2026-06-02 17:24:00",home,rec_v2,5,0
11086,766,8,"2026-06-15 16:21:00",detail_page,rec_v1,16,0
11087,590,90,"2026-07-29 04:59:00",detail_page,rec_v1,13,0
11088,613,144,"2026-05-19 07:04:00",continue_watching,rec_v2,1,1
11089,936,44,"2026-06-15 06:08:00",home,rec_v1,13,0
11090,733,104,"2026-06-02 01:57:00",continue_watching,rec_v2,13,1
11091,195,128,"2026-07-14 05:51:00",home,rec_v1,11,0
11092,494,143,"2026-07-27 00:49:00",detail_page,rec_v1,11,0
11093,838,3,"2026-06-14 14:50:00",home,rec_v2,19,0
11094,222,87,"2026-06-16 19:17:00",continue_watching,rec_v1,19,0
11095,566,69,"2026-06-10 17:38:00",search,rec_v2,13,0
11096,585,21,"2026-05-26 18:56:00",home,rec_v2,1,0
11097,232,46,"2026-07-04 16:21:00",home,rec_v1,9,0
11098,659,145,"2026-07-29 13:41:00",home,rec_v2,6,0
11099,132,85,"2026-06-16 00:02:00",search,rec_v2,20,0
11100,307,85,"2026-07-21 01:36:00",detail_page,rec_v1,16,0
11101,470,48,"2026-05-03 03:11:00",home,rec_v2,17,0
11102,206,69,"2026-05-16 06:36:00",home,rec_v2,1,0
11103,602,16,"2026-05-02 00:58:00",home,rec_v2,16,1
11104,130,69,"2026-05-03 19:27:00",search,rec_v1,18,0
11105,849,56,"2026-06-27 14:09:00",continue_watching,rec_v1,19,0
11106,224,60,"2026-06-17 09:04:00",home,rec_v1,11,0
11107,846,37,"2026-07-04 21:58:00",continue_watching,rec_v2,6,1
11108,503,60,"2026-07-05 20:16:00",home,rec_v2,11,0
11109,416,59,"2026-06-25 10:04:00",home,rec_v2,20,1
11110,246,105,"2026-06-18 18:16:00",home,rec_v1,7,0
11111,76,87,"2026-06-10 04:04:00",home,rec_v1,1,1
11112,330,142,"2026-06-24 02:40:00",home,rec_v2,10,0
11113,673,140,"2026-06-11 06:29:00",home,rec_v1,7,0
11114,100,140,"2026-07-20 17:11:00",detail_page,rec_v1,20,1
11115,929,23,"2026-05-30 17:33:00",detail_page,rec_v1,5,0
11116,7,137,"2026-07-26 22:45:00",home,rec_v2,4,0
11117,387,48,"2026-05-13 22:17:00",search,rec_v2,16,0
11118,90,17,"2026-07-18 04:42:00",home,rec_v1,2,0
11119,534,29,"2026-06-06 23:50:00",home,rec_v1,8,0
11120,177,143,"2026-06-19 23:59:00",detail_page,rec_v2,16,0
11121,64,27,"2026-06-03 21:54:00",search,rec_v2,16,0
11122,426,90,"2026-05-15 12:28:00",search,rec_v1,1,1
11123,922,108,"2026-06-25 22:19:00",search,rec_v1,5,0
11124,454,54,"2026-06-21 05:51:00",detail_page,rec_v2,14,0
11125,590,6,"2026-06-22 13:12:00",home,rec_v2,10,1
11126,947,19,"2026-06-29 18:39:00",home,rec_v2,16,0
11127,991,87,"2026-05-05 04:56:00",detail_page,rec_v1,5,0
11128,11,71,"2026-06-14 22:55:00",detail_page,rec_v1,1,1
11129,984,131,"2026-07-28 21:02:00",search,rec_v2,4,0
11130,219,56,"2026-06-02 02:08:00",home,rec_v1,1,0
11131,885,17,"2026-07-13 06:57:00",search,rec_v1,4,0
11132,496,58,"2026-07-06 16:58:00",home,rec_v1,15,0
11133,900,45,"2026-05-05 12:29:00",search,rec_v2,18,0
11134,630,7,"2026-06-29 18:16:00",home,rec_v1,15,0
11135,679,139,"2026-07-27 05:08:00",detail_page,rec_v2,5,1
11136,550,108,"2026-06-13 17:53:00",home,rec_v2,8,0
11137,611,69,"2026-05-06 19:21:00",detail_page,rec_v1,8,0
11138,534,47,"2026-07-29 10:12:00",search,rec_v1,5,0
11139,586,11,"2026-05-07 09:07:00",continue_watching,rec_v2,12,0
11140,372,18,"2026-06-12 03:37:00",home,rec_v2,6,0
11141,289,54,"2026-07-29 17:39:00",detail_page,rec_v2,14,0
11142,637,135,"2026-06-29 19:30:00",detail_page,rec_v2,14,0
11143,818,2,"2026-05-20 18:46:00",home,rec_v1,9,0
11144,797,13,"2026-07-03 23:36:00",continue_watching,rec_v1,11,0
11145,459,104,"2026-06-01 19:06:00",home,rec_v2,2,0
11146,466,93,"2026-07-19 19:15:00",detail_page,rec_v2,14,0
11147,802,52,"2026-07-15 11:37:00",continue_watching,rec_v2,8,0
11148,136,45,"2026-06-23 12:48:00",search,rec_v1,20,0
11149,740,87,"2026-07-02 23:27:00",search,rec_v2,8,0
11150,262,56,"2026-07-19 02:44:00",home,rec_v2,3,1
11151,121,58,"2026-07-25 00:31:00",detail_page,rec_v2,2,0
11152,629,130,"2026-07-16 16:20:00",search,rec_v1,3,0
11153,822,17,"2026-06-07 10:52:00",continue_watching,rec_v1,9,0
11154,57,85,"2026-07-17 14:15:00",continue_watching,rec_v2,16,0
11155,169,68,"2026-05-12 15:45:00",continue_watching,rec_v2,5,1
11156,183,119,"2026-05-11 18:52:00",detail_page,rec_v1,7,0
11157,352,103,"2026-07-13 20:45:00",home,rec_v2,15,0
11158,116,68,"2026-07-15 07:32:00",home,rec_v2,18,0
11159,237,97,"2026-05-08 14:14:00",continue_watching,rec_v2,20,0
11160,904,129,"2026-06-16 16:34:00",search,rec_v2,1,1
11161,570,44,"2026-06-20 18:48:00",home,rec_v2,2,1
11162,982,1,"2026-05-16 15:07:00",home,rec_v1,8,0
11163,74,106,"2026-05-03 06:16:00",search,rec_v1,5,0
11164,896,49,"2026-06-11 17:48:00",home,rec_v2,6,0
11165,251,62,"2026-05-14 12:26:00",search,rec_v1,2,0
11166,13,40,"2026-07-13 17:50:00",home,rec_v2,6,0
11167,275,3,"2026-05-04 17:09:00",home,rec_v1,5,0
11168,495,78,"2026-07-07 13:44:00",search,rec_v1,1,0
11169,820,132,"2026-06-15 20:25:00",detail_page,rec_v2,15,0
11170,624,7,"2026-06-27 21:38:00",continue_watching,rec_v1,19,1
11171,475,103,"2026-06-23 07:51:00",detail_page,rec_v1,9,0
11172,48,143,"2026-05-17 23:18:00",home,rec_v1,14,0
11173,637,34,"2026-06-11 14:45:00",search,rec_v2,6,0
11174,918,85,"2026-05-20 11:10:00",search,rec_v1,16,0
11175,232,114,"2026-05-25 06:17:00",home,rec_v1,13,0
11176,772,10,"2026-07-23 04:31:00",continue_watching,rec_v2,14,0
11177,147,3,"2026-06-07 10:36:00",detail_page,rec_v2,20,0
11178,233,31,"2026-05-14 06:17:00",continue_watching,rec_v1,18,0
11179,182,116,"2026-06-25 09:43:00",home,rec_v2,10,0
11180,244,68,"2026-07-01 02:48:00",search,rec_v2,9,0
11181,860,35,"2026-05-22 05:42:00",home,rec_v1,14,0
11182,377,47,"2026-05-21 07:53:00",home,rec_v1,20,0
11183,223,50,"2026-07-28 14:48:00",detail_page,rec_v2,20,0
11184,149,4,"2026-05-23 22:03:00",home,rec_v1,9,0
11185,61,91,"2026-05-16 03:24:00",home,rec_v2,7,0
11186,791,131,"2026-06-25 15:01:00",continue_watching,rec_v2,13,0
11187,255,31,"2026-06-27 13:21:00",detail_page,rec_v2,13,0
11188,811,87,"2026-05-27 10:19:00",detail_page,rec_v1,6,0
11189,9,41,"2026-07-19 21:25:00",detail_page,rec_v2,15,0
11190,571,108,"2026-06-23 05:52:00",home,rec_v1,16,0
11191,892,1,"2026-07-16 19:47:00",home,rec_v1,6,0
11192,649,6,"2026-07-10 03:34:00",detail_page,rec_v1,17,0
11193,929,16,"2026-05-05 22:38:00",home,rec_v1,7,0
11194,862,23,"2026-05-10 22:56:00",home,rec_v1,2,0
11195,178,144,"2026-07-20 15:50:00",home,rec_v1,7,0
11196,557,136,"2026-06-13 18:53:00",search,rec_v2,4,0
11197,108,120,"2026-06-15 20:26:00",search,rec_v1,14,0
11198,1000,15,"2026-07-12 16:58:00",home,rec_v2,6,0
11199,887,36,"2026-06-24 02:57:00",home,rec_v2,12,0
11200,523,124,"2026-05-05 11:53:00",search,rec_v1,11,0
11201,163,45,"2026-07-23 18:03:00",detail_page,rec_v1,12,0
11202,205,36,"2026-07-04 12:08:00",search,rec_v2,3,0
11203,958,136,"2026-07-23 07:01:00",search,rec_v2,9,0
11204,415,55,"2026-05-17 12:38:00",home,rec_v1,10,0
11205,402,104,"2026-05-06 06:52:00",home,rec_v1,20,0
11206,274,40,"2026-05-17 17:23:00",continue_watching,rec_v1,1,1
11207,987,18,"2026-06-09 11:50:00",search,rec_v2,1,0
11208,471,12,"2026-05-24 03:50:00",detail_page,rec_v1,6,0
11209,972,56,"2026-07-24 06:11:00",home,rec_v1,12,0
11210,180,53,"2026-05-21 01:51:00",detail_page,rec_v2,10,1
11211,960,65,"2026-07-26 19:05:00",home,rec_v1,12,1
11212,753,148,"2026-05-01 20:21:00",home,rec_v2,19,0
11213,734,149,"2026-06-21 19:37:00",home,rec_v2,11,0
11214,154,142,"2026-07-05 04:08:00",search,rec_v2,4,0
11215,105,109,"2026-05-12 14:20:00",detail_page,rec_v1,13,0
11216,722,51,"2026-07-17 20:11:00",home,rec_v2,8,0
11217,680,31,"2026-06-22 08:38:00",home,rec_v1,19,0
11218,235,39,"2026-06-23 22:55:00",home,rec_v2,9,0
11219,754,8,"2026-05-31 11:54:00",detail_page,rec_v2,13,0
11220,144,23,"2026-06-20 09:44:00",home,rec_v1,1,0
11221,883,101,"2026-07-10 14:39:00",detail_page,rec_v1,14,0
11222,432,25,"2026-07-16 09:01:00",home,rec_v2,10,0
11223,429,10,"2026-06-28 05:09:00",search,rec_v2,20,0
11224,598,135,"2026-06-21 05:32:00",home,rec_v1,17,0
11225,963,75,"2026-05-20 20:41:00",home,rec_v2,5,0
11226,816,143,"2026-06-16 13:58:00",home,rec_v2,6,0
11227,364,83,"2026-07-20 05:58:00",search,rec_v1,4,0
11228,227,86,"2026-07-13 01:37:00",home,rec_v1,3,1
11229,69,78,"2026-07-05 19:55:00",search,rec_v2,11,1
11230,953,106,"2026-05-12 17:35:00",home,rec_v2,8,0
11231,373,116,"2026-05-17 11:16:00",home,rec_v2,10,0
11232,943,132,"2026-06-29 21:34:00",home,rec_v2,1,0
11233,584,68,"2026-07-28 09:20:00",home,rec_v1,4,0
11234,552,30,"2026-07-14 05:17:00",home,rec_v2,11,0
11235,364,78,"2026-06-28 04:38:00",detail_page,rec_v2,4,0
11236,870,85,"2026-05-04 18:43:00",continue_watching,rec_v2,11,0
11237,51,138,"2026-07-23 15:46:00",home,rec_v1,1,0
11238,119,89,"2026-05-27 21:42:00",search,rec_v1,11,0
11239,477,16,"2026-05-23 13:20:00",search,rec_v1,7,0
11240,91,150,"2026-05-29 02:50:00",search,rec_v2,3,1
11241,940,3,"2026-06-09 12:17:00",home,rec_v2,20,0
11242,67,90,"2026-06-23 03:56:00",home,rec_v2,14,0
11243,758,16,"2026-06-05 21:21:00",search,rec_v2,11,0
11244,735,146,"2026-07-13 20:09:00",home,rec_v1,9,0
11245,709,81,"2026-06-30 14:18:00",home,rec_v1,4,0
11246,654,27,"2026-05-31 15:30:00",home,rec_v2,9,0
11247,227,17,"2026-06-04 16:51:00",home,rec_v1,1,0
11248,7,8,"2026-05-29 00:47:00",detail_page,rec_v1,2,0
11249,163,52,"2026-05-29 10:46:00",home,rec_v2,17,0
11250,767,132,"2026-07-02 10:15:00",continue_watching,rec_v1,3,1
11251,555,66,"2026-07-22 23:07:00",detail_page,rec_v2,3,0
11252,949,39,"2026-05-11 05:26:00",continue_watching,rec_v1,16,0
11253,392,38,"2026-07-19 05:59:00",home,rec_v1,16,0
11254,599,79,"2026-05-12 12:04:00",continue_watching,rec_v2,1,1
11255,23,41,"2026-06-26 19:03:00",continue_watching,rec_v2,10,0
11256,624,80,"2026-07-03 17:42:00",home,rec_v1,19,0
11257,105,29,"2026-05-13 23:01:00",home,rec_v2,19,0
11258,14,22,"2026-05-17 23:26:00",detail_page,rec_v2,5,0
11259,203,102,"2026-05-01 15:47:00",detail_page,rec_v2,14,0
11260,918,46,"2026-07-03 11:30:00",home,rec_v1,15,0
11261,256,48,"2026-05-05 18:43:00",continue_watching,rec_v2,11,0
11262,2,50,"2026-05-26 10:53:00",home,rec_v2,17,0
11263,554,107,"2026-06-22 03:25:00",home,rec_v1,7,1
11264,382,102,"2026-07-02 12:49:00",search,rec_v1,1,0
11265,623,10,"2026-05-23 12:55:00",search,rec_v2,11,0
11266,426,116,"2026-06-04 23:51:00",continue_watching,rec_v1,9,0
11267,134,60,"2026-05-18 13:36:00",continue_watching,rec_v2,8,0
11268,712,65,"2026-06-13 05:00:00",home,rec_v1,16,0
11269,824,3,"2026-06-01 13:37:00",home,rec_v1,20,0
11270,292,26,"2026-05-27 11:05:00",search,rec_v1,14,0
11271,660,23,"2026-05-08 04:51:00",home,rec_v2,5,0
11272,865,106,"2026-06-28 09:59:00",home,rec_v2,6,0
11273,785,35,"2026-06-27 19:52:00",home,rec_v2,5,0
11274,860,50,"2026-06-12 14:04:00",search,rec_v2,13,0
11275,616,2,"2026-06-02 08:01:00",home,rec_v1,17,0
11276,530,53,"2026-05-10 18:56:00",home,rec_v2,10,0
11277,274,56,"2026-05-06 05:28:00",continue_watching,rec_v2,20,0
11278,515,45,"2026-05-05 07:12:00",search,rec_v2,13,0
11279,149,120,"2026-06-16 15:49:00",search,rec_v1,3,0
11280,151,104,"2026-07-20 05:21:00",search,rec_v2,3,0
11281,623,14,"2026-07-16 21:54:00",detail_page,rec_v1,20,0
11282,310,37,"2026-05-03 08:53:00",home,rec_v1,7,1
11283,903,125,"2026-07-20 23:01:00",detail_page,rec_v1,18,0
11284,736,54,"2026-05-20 21:49:00",continue_watching,rec_v2,17,1
11285,574,5,"2026-05-07 17:58:00",home,rec_v2,2,0
11286,316,145,"2026-05-27 19:41:00",search,rec_v1,4,0
11287,345,68,"2026-07-07 06:42:00",detail_page,rec_v1,15,1
11288,570,8,"2026-05-27 18:52:00",home,rec_v2,19,0
11289,579,110,"2026-05-15 05:32:00",home,rec_v2,16,0
11290,20,124,"2026-07-02 09:29:00",home,rec_v2,14,0
11291,957,94,"2026-06-26 20:02:00",home,rec_v1,2,0
11292,816,57,"2026-07-10 01:10:00",detail_page,rec_v2,10,0
11293,403,64,"2026-07-25 13:03:00",continue_watching,rec_v2,20,0
11294,492,1,"2026-07-19 22:03:00",home,rec_v2,10,1
11295,246,146,"2026-07-26 06:43:00",search,rec_v2,4,0
11296,799,149,"2026-05-01 15:58:00",continue_watching,rec_v1,7,0
11297,534,107,"2026-07-03 00:31:00",search,rec_v1,19,0
11298,331,148,"2026-05-06 23:59:00",continue_watching,rec_v2,20,0
11299,403,97,"2026-07-27 11:41:00",detail_page,rec_v2,8,0
11300,694,141,"2026-06-22 07:21:00",home,rec_v1,17,0
11301,910,123,"2026-05-22 07:49:00",search,rec_v1,17,0
11302,792,91,"2026-05-12 06:48:00",home,rec_v1,20,0
11303,210,72,"2026-07-21 19:03:00",detail_page,rec_v2,2,0
11304,903,23,"2026-06-11 09:19:00",detail_page,rec_v2,11,0
11305,793,5,"2026-06-14 02:31:00",search,rec_v2,13,0
11306,438,141,"2026-05-03 09:58:00",home,rec_v2,16,0
11307,934,147,"2026-05-05 20:30:00",detail_page,rec_v1,3,0
11308,646,49,"2026-06-20 23:27:00",detail_page,rec_v2,19,0
11309,554,118,"2026-07-24 20:25:00",home,rec_v1,8,0
11310,66,31,"2026-07-28 12:14:00",search,rec_v2,19,0
11311,399,97,"2026-06-23 16:13:00",home,rec_v2,16,0
11312,468,145,"2026-05-19 02:10:00",continue_watching,rec_v1,13,0
11313,538,24,"2026-05-21 13:44:00",detail_page,rec_v2,5,0
11314,364,72,"2026-06-27 11:18:00",home,rec_v1,12,0
11315,339,60,"2026-05-03 12:32:00",home,rec_v1,10,0
11316,741,62,"2026-07-14 15:02:00",home,rec_v2,14,0
11317,572,66,"2026-05-03 05:24:00",home,rec_v2,2,1
11318,218,48,"2026-06-04 13:26:00",home,rec_v1,1,0
11319,879,139,"2026-05-31 15:56:00",search,rec_v2,16,0
11320,123,85,"2026-06-03 18:19:00",home,rec_v1,4,0
11321,778,50,"2026-06-07 03:32:00",detail_page,rec_v1,1,0
11322,786,119,"2026-05-13 20:47:00",detail_page,rec_v1,16,0
11323,129,71,"2026-05-12 17:16:00",continue_watching,rec_v2,9,1
11324,818,121,"2026-05-15 01:24:00",search,rec_v2,19,0
11325,285,15,"2026-07-12 12:33:00",continue_watching,rec_v1,17,0
11326,534,148,"2026-07-17 14:16:00",home,rec_v2,6,0
11327,786,148,"2026-05-21 18:50:00",detail_page,rec_v2,15,0
11328,519,107,"2026-06-03 11:24:00",home,rec_v1,1,0
11329,889,46,"2026-06-23 00:44:00",home,rec_v2,1,0
11330,605,50,"2026-06-01 13:14:00",detail_page,rec_v1,9,0
11331,399,16,"2026-06-13 17:25:00",search,rec_v2,13,0
11332,624,63,"2026-07-20 20:03:00",home,rec_v1,20,0
11333,46,136,"2026-05-29 01:18:00",home,rec_v1,10,0
11334,479,66,"2026-05-10 13:10:00",home,rec_v2,14,0
11335,641,56,"2026-05-28 12:49:00",detail_page,rec_v1,20,1
11336,206,148,"2026-05-24 12:40:00",continue_watching,rec_v1,2,0
11337,265,129,"2026-05-06 03:54:00",home,rec_v2,20,0
11338,59,89,"2026-06-05 00:46:00",home,rec_v1,15,0
11339,620,36,"2026-07-08 03:47:00",home,rec_v1,15,0
11340,37,14,"2026-06-21 22:38:00",continue_watching,rec_v2,1,0
11341,915,53,"2026-07-21 00:59:00",search,rec_v1,14,0
11342,471,61,"2026-07-10 11:53:00",detail_page,rec_v1,17,0
11343,704,21,"2026-07-02 08:45:00",continue_watching,rec_v2,5,1
11344,347,47,"2026-06-20 20:08:00",detail_page,rec_v1,12,0
11345,99,49,"2026-06-09 09:42:00",search,rec_v1,17,0
11346,999,7,"2026-05-03 03:21:00",home,rec_v2,15,0
11347,276,57,"2026-05-07 02:09:00",home,rec_v2,12,1
11348,773,63,"2026-05-17 05:41:00",search,rec_v2,4,1
11349,78,137,"2026-05-02 06:16:00",search,rec_v1,14,0
11350,702,3,"2026-07-05 21:49:00",detail_page,rec_v1,4,1
11351,273,61,"2026-06-20 05:20:00",detail_page,rec_v1,4,0
11352,93,87,"2026-07-14 05:58:00",search,rec_v1,7,0
11353,349,109,"2026-07-16 10:33:00",search,rec_v1,15,1
11354,458,22,"2026-06-20 07:27:00",home,rec_v2,18,0
11355,61,29,"2026-06-10 10:59:00",search,rec_v1,13,1
11356,912,123,"2026-07-01 17:09:00",home,rec_v1,16,0
11357,773,103,"2026-06-26 06:06:00",detail_page,rec_v1,13,0
11358,705,15,"2026-07-04 12:20:00",home,rec_v1,18,0
11359,20,79,"2026-05-11 19:04:00",home,rec_v2,18,0
11360,746,56,"2026-05-04 19:14:00",home,rec_v2,2,1
11361,889,81,"2026-05-30 19:50:00",home,rec_v2,15,0
11362,83,2,"2026-07-28 20:23:00",home,rec_v2,7,0
11363,964,120,"2026-05-23 12:54:00",home,rec_v1,8,0
11364,60,31,"2026-07-04 19:40:00",home,rec_v2,12,0
11365,592,119,"2026-06-02 07:26:00",detail_page,rec_v1,1,1
11366,24,140,"2026-05-08 01:54:00",home,rec_v2,17,0
11367,22,87,"2026-05-02 20:29:00",home,rec_v2,6,0
11368,822,85,"2026-06-28 21:31:00",home,rec_v2,6,0
11369,877,82,"2026-06-18 09:08:00",detail_page,rec_v1,13,0
11370,167,128,"2026-05-18 07:21:00",continue_watching,rec_v2,18,0
11371,298,50,"2026-05-28 03:13:00",search,rec_v1,5,0
11372,844,2,"2026-07-18 01:23:00",detail_page,rec_v2,15,0
11373,960,44,"2026-06-30 05:27:00",continue_watching,rec_v2,6,0
11374,85,105,"2026-07-05 04:09:00",home,rec_v1,11,0
11375,147,80,"2026-06-18 13:02:00",continue_watching,rec_v2,11,0
11376,181,87,"2026-07-29 19:51:00",home,rec_v2,2,0
11377,42,101,"2026-07-03 08:26:00",detail_page,rec_v2,16,0
11378,816,149,"2026-06-15 20:02:00",detail_page,rec_v1,2,0
11379,313,24,"2026-05-22 18:46:00",search,rec_v1,18,0
11380,99,46,"2026-06-09 21:56:00",home,rec_v2,8,0
11381,412,86,"2026-07-24 05:51:00",detail_page,rec_v1,2,0
11382,535,68,"2026-05-07 18:40:00",detail_page,rec_v1,14,1
11383,149,28,"2026-07-08 20:02:00",home,rec_v2,16,0
11384,243,135,"2026-06-11 22:44:00",detail_page,rec_v2,17,0
11385,712,59,"2026-07-09 08:18:00",search,rec_v1,5,1
11386,577,27,"2026-05-20 17:39:00",home,rec_v2,18,0
11387,221,121,"2026-07-03 09:51:00",home,rec_v1,10,0
11388,325,121,"2026-05-03 01:39:00",search,rec_v2,5,0
11389,63,69,"2026-06-06 17:28:00",detail_page,rec_v2,20,0
11390,580,42,"2026-06-06 19:18:00",home,rec_v1,10,0
11391,747,125,"2026-07-07 17:13:00",detail_page,rec_v1,10,0
11392,273,52,"2026-05-27 20:33:00",home,rec_v1,3,0
11393,791,107,"2026-07-24 19:34:00",search,rec_v2,12,0
11394,323,66,"2026-07-03 23:48:00",detail_page,rec_v1,8,0
11395,772,132,"2026-06-24 18:56:00",search,rec_v2,12,1
11396,151,72,"2026-05-07 05:39:00",home,rec_v2,3,0
11397,11,145,"2026-05-16 10:22:00",home,rec_v1,10,0
11398,172,116,"2026-05-15 12:37:00",home,rec_v2,18,0
11399,282,95,"2026-07-05 04:24:00",search,rec_v2,15,0
11400,213,77,"2026-06-17 06:31:00",detail_page,rec_v2,1,1
11401,744,119,"2026-07-25 17:03:00",home,rec_v2,15,0
11402,898,41,"2026-06-19 07:30:00",home,rec_v1,19,0
11403,902,132,"2026-05-30 19:43:00",search,rec_v2,2,0
11404,55,146,"2026-06-28 03:27:00",home,rec_v1,10,0
11405,936,39,"2026-07-15 06:17:00",home,rec_v1,4,0
11406,201,14,"2026-07-07 13:05:00",home,rec_v1,8,0
11407,971,62,"2026-05-23 11:43:00",search,rec_v2,17,0
11408,418,110,"2026-06-07 22:13:00",search,rec_v2,7,0
11409,283,132,"2026-05-12 08:55:00",continue_watching,rec_v1,19,0
11410,832,23,"2026-05-17 15:29:00",home,rec_v1,20,1
11411,933,82,"2026-06-08 04:24:00",search,rec_v2,8,0
11412,915,78,"2026-07-03 14:42:00",detail_page,rec_v2,13,0
11413,267,78,"2026-05-13 12:43:00",search,rec_v1,1,0
11414,15,12,"2026-07-26 14:07:00",home,rec_v1,8,0
11415,794,23,"2026-07-18 18:32:00",home,rec_v2,4,1
11416,953,110,"2026-05-24 19:32:00",detail_page,rec_v2,8,0
11417,573,149,"2026-05-14 19:01:00",home,rec_v2,2,0
11418,973,79,"2026-07-06 06:40:00",home,rec_v2,19,1
11419,334,130,"2026-05-06 15:10:00",home,rec_v2,4,0
11420,108,131,"2026-06-24 19:31:00",detail_page,rec_v2,12,1
11421,106,86,"2026-05-18 06:10:00",search,rec_v1,1,0
11422,942,7,"2026-07-04 09:07:00",home,rec_v2,10,0
11423,949,32,"2026-07-10 11:48:00",continue_watching,rec_v2,20,0
11424,551,146,"2026-05-06 00:12:00",home,rec_v1,2,0
11425,903,61,"2026-06-13 22:18:00",home,rec_v1,7,0
11426,707,26,"2026-07-16 10:27:00",home,rec_v2,1,0
11427,722,73,"2026-05-26 18:56:00",search,rec_v2,3,0
11428,212,66,"2026-05-11 09:10:00",home,rec_v1,14,0
11429,398,146,"2026-05-09 23:05:00",detail_page,rec_v2,7,0
11430,79,15,"2026-06-07 17:05:00",search,rec_v2,13,0
11431,387,124,"2026-07-29 06:14:00",home,rec_v2,17,0
11432,868,34,"2026-06-13 05:19:00",detail_page,rec_v2,16,0
11433,802,41,"2026-06-06 05:12:00",search,rec_v2,16,0
11434,889,19,"2026-05-06 11:54:00",detail_page,rec_v1,17,0
11435,65,105,"2026-07-14 03:24:00",detail_page,rec_v2,8,1
11436,470,97,"2026-07-04 02:02:00",search,rec_v2,20,0
11437,3,83,"2026-07-21 22:31:00",detail_page,rec_v1,3,0
11438,767,98,"2026-06-24 06:20:00",continue_watching,rec_v1,12,0
11439,22,82,"2026-05-14 03:50:00",detail_page,rec_v1,14,0
11440,617,106,"2026-06-30 05:31:00",continue_watching,rec_v2,19,0
11441,457,106,"2026-06-16 23:54:00",home,rec_v1,2,0
11442,572,45,"2026-06-15 19:14:00",detail_page,rec_v1,13,0
11443,13,67,"2026-05-11 09:51:00",detail_page,rec_v2,19,0
11444,658,109,"2026-05-25 15:42:00",detail_page,rec_v2,19,0
11445,841,124,"2026-05-04 21:09:00",home,rec_v1,10,1
11446,379,92,"2026-06-14 02:50:00",detail_page,rec_v2,2,1
11447,628,6,"2026-06-15 20:59:00",home,rec_v2,12,0
11448,701,75,"2026-07-23 18:27:00",home,rec_v1,1,1
11449,809,33,"2026-05-18 21:47:00",search,rec_v1,12,0
11450,253,96,"2026-06-11 01:05:00",home,rec_v1,18,0
11451,930,65,"2026-06-14 06:11:00",home,rec_v2,18,1
11452,611,100,"2026-07-22 19:48:00",search,rec_v2,16,0
11453,379,22,"2026-05-30 07:33:00",detail_page,rec_v2,19,0
11454,689,99,"2026-06-09 10:49:00",home,rec_v2,14,0
11455,93,38,"2026-05-25 19:08:00",home,rec_v2,18,0
11456,540,84,"2026-05-27 22:43:00",search,rec_v2,4,0
11457,857,126,"2026-06-24 06:13:00",search,rec_v1,1,0
11458,522,60,"2026-05-14 11:14:00",home,rec_v2,8,0
11459,445,60,"2026-07-28 07:50:00",detail_page,rec_v1,3,0
11460,919,134,"2026-06-27 11:40:00",home,rec_v1,2,0
11461,639,46,"2026-06-15 11:00:00",search,rec_v1,8,0
11462,341,97,"2026-07-15 00:22:00",search,rec_v2,11,0
11463,438,20,"2026-07-03 08:59:00",home,rec_v2,12,1
11464,426,40,"2026-06-25 23:00:00",detail_page,rec_v2,11,0
11465,235,71,"2026-07-05 11:56:00",continue_watching,rec_v2,2,0
11466,35,78,"2026-06-19 18:34:00",search,rec_v2,5,0
11467,695,120,"2026-07-02 00:51:00",search,rec_v1,17,0
11468,94,91,"2026-06-15 18:41:00",home,rec_v2,2,0
11469,854,132,"2026-07-19 00:20:00",continue_watching,rec_v1,17,0
11470,141,21,"2026-06-27 18:56:00",search,rec_v1,16,0
11471,430,26,"2026-07-24 09:10:00",home,rec_v2,17,0
11472,674,110,"2026-05-10 14:09:00",continue_watching,rec_v2,2,1
11473,322,18,"2026-05-14 09:48:00",home,rec_v1,14,0
11474,457,101,"2026-06-24 21:22:00",home,rec_v2,10,0
11475,187,85,"2026-06-23 23:33:00",search,rec_v2,13,0
11476,182,26,"2026-07-05 09:46:00",home,rec_v2,7,0
11477,836,65,"2026-07-14 11:26:00",home,rec_v1,2,1
11478,590,65,"2026-05-17 06:17:00",home,rec_v2,8,0
11479,918,39,"2026-05-30 16:14:00",continue_watching,rec_v1,12,0
11480,45,68,"2026-06-28 21:28:00",home,rec_v1,10,0
11481,92,9,"2026-07-10 06:44:00",home,rec_v2,20,1
11482,90,120,"2026-05-10 22:22:00",continue_watching,rec_v2,19,0
11483,658,130,"2026-07-28 07:14:00",home,rec_v2,19,0
11484,485,39,"2026-06-16 07:01:00",home,rec_v1,5,0
11485,625,39,"2026-06-14 12:32:00",home,rec_v2,3,0
11486,553,125,"2026-06-18 23:52:00",detail_page,rec_v1,8,0
11487,434,94,"2026-06-01 10:49:00",continue_watching,rec_v2,13,1
11488,5,40,"2026-07-22 23:21:00",home,rec_v2,20,0
11489,675,126,"2026-06-11 14:18:00",continue_watching,rec_v1,2,1
11490,464,47,"2026-06-29 04:35:00",search,rec_v1,8,0
11491,118,24,"2026-06-21 06:47:00",search,rec_v2,18,0
11492,310,9,"2026-06-03 12:39:00",home,rec_v2,13,0
11493,22,99,"2026-05-03 04:34:00",search,rec_v2,10,0
11494,934,36,"2026-07-19 21:40:00",search,rec_v1,17,0
11495,345,3,"2026-07-13 02:45:00",search,rec_v2,16,0
11496,511,84,"2026-05-01 06:50:00",detail_page,rec_v2,8,0
11497,423,44,"2026-05-14 21:06:00",search,rec_v1,6,0
11498,354,63,"2026-06-16 07:57:00",home,rec_v1,3,1
11499,709,68,"2026-05-15 00:03:00",continue_watching,rec_v2,3,0
11500,303,71,"2026-07-29 01:19:00",home,rec_v1,2,0
11501,835,48,"2026-05-29 00:13:00",home,rec_v2,19,0
11502,459,50,"2026-07-09 21:34:00",home,rec_v1,20,0
11503,846,23,"2026-05-10 19:11:00",search,rec_v1,17,0
11504,793,41,"2026-06-30 10:45:00",search,rec_v1,15,0
11505,542,88,"2026-07-09 17:17:00",continue_watching,rec_v2,6,0
11506,239,35,"2026-05-08 15:31:00",detail_page,rec_v2,4,0
11507,325,94,"2026-06-08 20:44:00",search,rec_v2,8,0
11508,450,97,"2026-05-07 15:22:00",home,rec_v1,15,0
11509,749,143,"2026-07-19 14:15:00",detail_page,rec_v2,14,0
11510,986,126,"2026-05-22 09:27:00",home,rec_v2,1,0
11511,488,10,"2026-06-01 19:29:00",home,rec_v1,3,1
11512,406,134,"2026-07-18 18:14:00",home,rec_v1,15,0
11513,654,38,"2026-05-26 10:57:00",continue_watching,rec_v2,12,0
11514,816,38,"2026-06-04 03:53:00",continue_watching,rec_v2,14,0
11515,935,61,"2026-07-27 12:40:00",home,rec_v2,7,0
11516,135,42,"2026-06-20 03:15:00",home,rec_v1,3,0
11517,9,48,"2026-07-01 05:24:00",search,rec_v1,5,0
11518,309,78,"2026-06-19 19:36:00",home,rec_v1,1,0
11519,222,77,"2026-05-27 06:57:00",home,rec_v1,6,0
11520,743,35,"2026-06-15 12:50:00",home,rec_v1,16,0
11521,792,63,"2026-05-18 23:13:00",home,rec_v2,6,0
11522,272,137,"2026-07-12 03:46:00",detail_page,rec_v2,8,0
11523,501,99,"2026-07-22 19:20:00",detail_page,rec_v1,11,0
11524,585,79,"2026-07-12 14:54:00",search,rec_v1,16,0
11525,397,94,"2026-06-03 12:46:00",search,rec_v2,14,0
11526,919,148,"2026-05-23 18:43:00",continue_watching,rec_v1,1,1
11527,697,113,"2026-05-09 11:45:00",home,rec_v1,8,0
11528,623,29,"2026-06-05 21:17:00",search,rec_v1,17,0
11529,872,68,"2026-07-07 18:17:00",continue_watching,rec_v2,13,0
11530,595,83,"2026-07-16 19:27:00",continue_watching,rec_v2,11,0
11531,425,3,"2026-05-17 18:02:00",detail_page,rec_v2,14,0
11532,287,81,"2026-05-08 05:41:00",continue_watching,rec_v1,2,0
11533,115,37,"2026-06-11 21:38:00",detail_page,rec_v2,17,0
11534,845,124,"2026-07-13 07:13:00",search,rec_v2,20,0
11535,787,143,"2026-05-27 07:08:00",detail_page,rec_v1,14,0
11536,284,149,"2026-06-27 23:49:00",home,rec_v2,2,0
11537,899,90,"2026-05-25 17:36:00",search,rec_v1,11,0
11538,315,70,"2026-06-24 06:44:00",home,rec_v1,6,0
11539,749,85,"2026-05-07 02:53:00",detail_page,rec_v2,18,0
11540,961,97,"2026-06-16 20:48:00",home,rec_v2,11,0
11541,850,134,"2026-06-25 07:00:00",home,rec_v1,17,0
11542,620,145,"2026-05-11 16:39:00",detail_page,rec_v2,9,0
11543,965,8,"2026-05-06 10:49:00",home,rec_v2,19,1
11544,839,128,"2026-07-06 07:17:00",search,rec_v1,9,0
11545,752,61,"2026-05-29 05:38:00",home,rec_v2,9,0
11546,461,130,"2026-05-27 21:49:00",search,rec_v1,6,0
11547,66,95,"2026-05-31 17:15:00",home,rec_v2,6,0
11548,306,60,"2026-07-07 07:43:00",search,rec_v2,5,1
11549,879,59,"2026-07-08 03:13:00",continue_watching,rec_v2,20,0
11550,784,123,"2026-07-02 21:18:00",detail_page,rec_v2,13,0
11551,931,93,"2026-06-16 07:23:00",detail_page,rec_v2,15,0
11552,31,95,"2026-05-02 13:52:00",detail_page,rec_v2,16,0
11553,781,148,"2026-06-12 22:02:00",home,rec_v1,20,0
11554,837,146,"2026-07-01 10:12:00",continue_watching,rec_v1,20,0
11555,353,72,"2026-06-15 13:53:00",continue_watching,rec_v2,14,0
11556,942,45,"2026-06-22 20:01:00",continue_watching,rec_v1,12,0
11557,375,140,"2026-07-21 19:56:00",home,rec_v2,13,0
11558,141,1,"2026-07-22 06:56:00",home,rec_v1,13,1
11559,283,33,"2026-07-04 06:32:00",home,rec_v2,8,0
11560,516,73,"2026-06-25 22:17:00",home,rec_v2,9,0
11561,820,106,"2026-06-20 22:32:00",continue_watching,rec_v2,18,0
11562,454,6,"2026-05-07 01:32:00",home,rec_v2,5,0
11563,234,84,"2026-07-06 01:21:00",home,rec_v1,9,0
11564,714,7,"2026-06-03 19:30:00",search,rec_v1,2,0
11565,677,111,"2026-05-12 18:09:00",home,rec_v1,5,1
11566,91,37,"2026-07-26 22:48:00",home,rec_v2,2,0
11567,671,101,"2026-05-01 00:32:00",home,rec_v1,11,1
11568,515,84,"2026-05-31 14:03:00",home,rec_v1,16,0
11569,796,35,"2026-06-14 13:34:00",home,rec_v2,4,1
11570,504,104,"2026-07-24 13:41:00",home,rec_v1,6,0
11571,546,55,"2026-07-10 21:16:00",home,rec_v1,1,1
11572,351,67,"2026-05-04 12:58:00",continue_watching,rec_v1,12,0
11573,998,29,"2026-07-10 04:05:00",detail_page,rec_v1,9,0
11574,505,99,"2026-07-26 13:09:00",detail_page,rec_v2,15,0
11575,606,117,"2026-06-26 12:19:00",home,rec_v1,3,0
11576,796,21,"2026-06-07 08:51:00",detail_page,rec_v2,13,0
11577,687,56,"2026-05-17 18:26:00",home,rec_v1,3,0
11578,139,113,"2026-06-15 19:46:00",detail_page,rec_v2,13,0
11579,847,39,"2026-05-27 15:33:00",home,rec_v2,17,0
11580,89,101,"2026-06-09 03:53:00",continue_watching,rec_v2,8,0
11581,803,83,"2026-05-27 23:27:00",detail_page,rec_v2,11,0
11582,32,89,"2026-07-29 21:39:00",home,rec_v1,14,0
11583,202,52,"2026-05-11 22:32:00",continue_watching,rec_v1,4,0
11584,788,79,"2026-06-12 13:03:00",home,rec_v1,17,1
11585,950,84,"2026-05-31 05:26:00",home,rec_v1,6,0
11586,303,24,"2026-07-22 10:47:00",continue_watching,rec_v1,9,0
11587,7,85,"2026-06-18 02:48:00",search,rec_v1,1,0
11588,488,4,"2026-06-28 17:54:00",home,rec_v1,13,0
11589,873,112,"2026-05-09 18:59:00",detail_page,rec_v1,13,0
11590,426,50,"2026-05-28 22:14:00",search,rec_v2,5,0
11591,334,38,"2026-06-25 09:50:00",continue_watching,rec_v1,7,0
11592,98,39,"2026-05-03 08:04:00",home,rec_v1,16,0
11593,408,132,"2026-05-31 19:00:00",home,rec_v2,11,0
11594,80,23,"2026-06-13 08:23:00",continue_watching,rec_v1,1,1
11595,22,63,"2026-05-05 23:08:00",home,rec_v1,13,0
11596,825,6,"2026-05-16 00:28:00",detail_page,rec_v2,19,0
11597,961,15,"2026-07-12 11:57:00",search,rec_v1,9,1
11598,360,4,"2026-05-12 21:43:00",home,rec_v1,19,0
11599,347,150,"2026-05-20 18:30:00",home,rec_v2,1,0
11600,279,51,"2026-06-16 05:28:00",search,rec_v1,8,0
11601,196,70,"2026-07-29 11:01:00",continue_watching,rec_v1,17,0
11602,786,124,"2026-05-13 23:59:00",search,rec_v1,20,0
11603,817,22,"2026-06-12 08:03:00",home,rec_v1,7,0
11604,203,30,"2026-05-11 08:58:00",home,rec_v2,20,0
11605,643,93,"2026-07-21 22:11:00",home,rec_v1,15,0
11606,972,140,"2026-06-20 10:58:00",home,rec_v2,16,0
11607,269,32,"2026-07-08 04:40:00",detail_page,rec_v1,12,0
11608,923,110,"2026-05-25 04:54:00",home,rec_v1,7,0
11609,588,56,"2026-07-27 08:56:00",continue_watching,rec_v2,12,0
11610,710,119,"2026-07-28 01:51:00",continue_watching,rec_v1,5,0
11611,823,143,"2026-06-09 00:10:00",home,rec_v1,16,0
11612,580,8,"2026-07-17 20:00:00",home,rec_v1,11,0
11613,967,22,"2026-06-13 08:11:00",search,rec_v1,16,0
11614,497,45,"2026-05-09 22:42:00",continue_watching,rec_v2,17,0
11615,923,126,"2026-07-06 02:24:00",home,rec_v2,17,0
11616,786,100,"2026-05-31 23:18:00",home,rec_v1,3,0
11617,956,54,"2026-06-03 22:56:00",continue_watching,rec_v1,14,0
11618,327,59,"2026-06-26 05:22:00",home,rec_v1,18,0
11619,985,38,"2026-07-10 21:09:00",home,rec_v2,7,1
11620,925,60,"2026-07-25 08:57:00",home,rec_v1,2,0
11621,96,140,"2026-07-06 07:59:00",continue_watching,rec_v1,16,0
11622,581,124,"2026-07-11 14:52:00",home,rec_v1,2,0
11623,593,29,"2026-06-20 18:58:00",detail_page,rec_v2,1,0
11624,615,144,"2026-05-31 08:20:00",home,rec_v1,8,0
11625,856,26,"2026-05-10 05:29:00",detail_page,rec_v1,5,0
11626,238,103,"2026-05-02 23:50:00",search,rec_v1,7,0
11627,283,145,"2026-07-27 03:18:00",home,rec_v1,6,0
11628,844,1,"2026-06-11 00:08:00",home,rec_v1,16,0
11629,712,74,"2026-07-16 06:04:00",home,rec_v2,20,0
11630,3,149,"2026-05-11 06:54:00",home,rec_v1,3,0
11631,247,114,"2026-06-22 21:29:00",detail_page,rec_v1,9,0
11632,413,1,"2026-05-01 11:51:00",search,rec_v1,20,0
11633,601,44,"2026-05-20 15:10:00",home,rec_v1,2,1
11634,972,14,"2026-07-11 21:47:00",home,rec_v2,17,0
11635,337,83,"2026-07-09 23:34:00",home,rec_v2,9,0
11636,101,27,"2026-07-21 18:58:00",home,rec_v2,16,1
11637,703,19,"2026-05-06 04:56:00",search,rec_v1,11,0
11638,779,76,"2026-07-02 02:29:00",continue_watching,rec_v1,14,0
11639,216,123,"2026-06-01 15:50:00",home,rec_v2,20,1
11640,313,146,"2026-05-08 10:18:00",home,rec_v2,20,0
11641,520,76,"2026-07-15 16:22:00",home,rec_v2,9,0
11642,229,142,"2026-07-25 07:56:00",search,rec_v1,3,0
11643,122,46,"2026-07-26 20:52:00",search,rec_v1,10,0
11644,133,132,"2026-07-17 10:45:00",home,rec_v2,1,0
11645,431,137,"2026-06-21 14:34:00",detail_page,rec_v1,5,0
11646,121,125,"2026-05-11 04:12:00",home,rec_v2,15,0
11647,215,9,"2026-05-09 07:21:00",continue_watching,rec_v2,2,0
11648,459,10,"2026-07-16 17:45:00",home,rec_v1,1,1
11649,670,147,"2026-05-12 09:02:00",detail_page,rec_v1,9,0
11650,282,3,"2026-05-26 12:47:00",continue_watching,rec_v1,18,0
11651,260,44,"2026-07-29 18:29:00",home,rec_v2,9,1
11652,821,76,"2026-05-12 12:01:00",detail_page,rec_v2,20,0
11653,486,101,"2026-05-27 23:03:00",home,rec_v1,8,0
11654,994,32,"2026-05-19 10:06:00",home,rec_v2,6,1
11655,727,86,"2026-06-03 13:34:00",home,rec_v1,20,0
11656,936,39,"2026-06-25 18:50:00",home,rec_v1,14,0
11657,953,72,"2026-06-22 09:03:00",detail_page,rec_v1,15,0
11658,406,65,"2026-06-19 20:10:00",search,rec_v1,2,0
11659,676,85,"2026-07-06 05:44:00",detail_page,rec_v1,2,0
11660,484,5,"2026-05-25 04:44:00",detail_page,rec_v2,9,0
11661,207,119,"2026-05-08 07:35:00",continue_watching,rec_v1,2,1
11662,997,72,"2026-07-13 14:57:00",search,rec_v2,15,0
11663,106,38,"2026-05-12 00:36:00",detail_page,rec_v1,15,0
11664,578,108,"2026-06-11 09:02:00",home,rec_v2,16,0
11665,196,27,"2026-06-13 14:32:00",detail_page,rec_v2,3,0
11666,436,65,"2026-06-11 23:41:00",continue_watching,rec_v2,13,1
11667,949,28,"2026-05-31 01:53:00",search,rec_v2,9,0
11668,383,117,"2026-06-25 22:34:00",home,rec_v2,5,0
11669,188,60,"2026-05-26 00:42:00",home,rec_v1,2,0
11670,540,129,"2026-06-08 11:20:00",continue_watching,rec_v1,8,0
11671,872,59,"2026-07-17 20:19:00",home,rec_v1,5,1
11672,160,143,"2026-06-08 03:19:00",continue_watching,rec_v2,19,0
11673,510,56,"2026-05-15 22:28:00",home,rec_v2,2,0
11674,806,63,"2026-07-19 01:51:00",detail_page,rec_v2,16,0
11675,383,130,"2026-07-27 15:23:00",search,rec_v2,9,0
11676,755,132,"2026-05-04 23:26:00",detail_page,rec_v1,20,0
11677,15,73,"2026-06-03 06:06:00",home,rec_v2,19,1
11678,269,145,"2026-07-17 17:30:00",detail_page,rec_v1,12,0
11679,952,99,"2026-05-12 11:47:00",continue_watching,rec_v2,1,0
11680,427,143,"2026-05-15 18:38:00",continue_watching,rec_v1,15,0
11681,720,5,"2026-06-04 17:55:00",search,rec_v2,19,0
11682,424,94,"2026-07-12 17:41:00",home,rec_v1,11,0
11683,901,38,"2026-05-27 06:17:00",search,rec_v2,13,0
11684,334,72,"2026-06-08 10:16:00",home,rec_v2,20,0
11685,753,113,"2026-07-24 04:55:00",home,rec_v1,9,0
11686,428,16,"2026-07-05 10:56:00",continue_watching,rec_v2,6,0
11687,946,106,"2026-07-06 20:30:00",home,rec_v1,10,0
11688,201,6,"2026-05-31 01:44:00",home,rec_v2,9,0
11689,978,145,"2026-07-29 17:35:00",home,rec_v1,15,0
11690,910,4,"2026-06-06 06:13:00",home,rec_v1,11,0
11691,523,28,"2026-07-04 03:11:00",detail_page,rec_v1,3,0
11692,272,8,"2026-07-19 23:42:00",search,rec_v2,11,0
11693,106,103,"2026-06-14 13:20:00",continue_watching,rec_v1,8,0
11694,600,117,"2026-05-01 04:09:00",detail_page,rec_v2,20,0
11695,200,82,"2026-06-07 02:38:00",continue_watching,rec_v1,6,0
11696,49,55,"2026-06-06 22:13:00",home,rec_v1,5,0
11697,826,127,"2026-06-01 02:07:00",continue_watching,rec_v2,15,0
11698,822,140,"2026-07-14 05:22:00",search,rec_v1,13,0
11699,449,128,"2026-07-23 20:24:00",detail_page,rec_v2,11,0
11700,312,34,"2026-05-10 02:42:00",continue_watching,rec_v1,20,0
11701,902,31,"2026-06-07 19:36:00",search,rec_v2,19,0
11702,176,97,"2026-05-20 19:56:00",continue_watching,rec_v2,19,0
11703,321,11,"2026-05-30 15:41:00",detail_page,rec_v2,12,0
11704,659,70,"2026-06-21 05:36:00",search,rec_v2,20,0
11705,722,31,"2026-07-09 09:20:00",home,rec_v2,4,0
11706,81,2,"2026-06-20 06:41:00",search,rec_v2,6,0
11707,700,5,"2026-06-01 22:57:00",continue_watching,rec_v2,15,1
11708,891,97,"2026-07-15 02:15:00",detail_page,rec_v2,19,0
11709,982,131,"2026-05-07 11:30:00",search,rec_v1,16,0
11710,196,149,"2026-05-25 09:04:00",search,rec_v1,4,0
11711,190,85,"2026-07-15 05:56:00",home,rec_v2,2,0
11712,98,76,"2026-06-21 11:02:00",search,rec_v2,14,0
11713,62,15,"2026-07-26 07:52:00",home,rec_v2,16,0
11714,98,107,"2026-07-12 04:43:00",home,rec_v2,8,0
11715,598,134,"2026-06-02 18:01:00",home,rec_v2,16,0
11716,144,87,"2026-06-02 23:55:00",home,rec_v2,4,1
11717,860,134,"2026-05-14 13:02:00",search,rec_v2,5,0
11718,780,75,"2026-07-20 09:20:00",continue_watching,rec_v2,10,0
11719,835,12,"2026-06-18 11:34:00",search,rec_v1,9,0
11720,587,21,"2026-06-28 17:59:00",home,rec_v1,16,0
11721,975,5,"2026-07-13 17:48:00",home,rec_v2,18,0
11722,263,49,"2026-07-20 00:36:00",continue_watching,rec_v1,12,1
11723,798,69,"2026-06-30 23:40:00",home,rec_v2,20,0
11724,2,126,"2026-05-31 16:52:00",home,rec_v2,9,0
11725,192,45,"2026-05-20 05:53:00",home,rec_v2,1,0
11726,786,65,"2026-05-18 12:32:00",detail_page,rec_v2,5,0
11727,438,149,"2026-07-02 14:14:00",detail_page,rec_v1,4,0
11728,133,147,"2026-07-03 22:29:00",search,rec_v2,3,0
11729,463,10,"2026-07-25 17:25:00",search,rec_v2,9,0
11730,729,29,"2026-06-20 22:49:00",search,rec_v2,9,0
11731,677,4,"2026-07-24 01:29:00",detail_page,rec_v2,3,0
11732,380,79,"2026-06-14 00:46:00",home,rec_v2,7,0
11733,778,51,"2026-05-28 12:50:00",home,rec_v2,1,0
11734,756,71,"2026-05-18 10:19:00",home,rec_v2,8,0
11735,447,106,"2026-06-08 05:55:00",detail_page,rec_v2,2,0
11736,703,122,"2026-05-09 20:33:00",detail_page,rec_v2,4,0
11737,708,12,"2026-06-09 17:53:00",search,rec_v2,2,0
11738,229,5,"2026-07-07 21:42:00",search,rec_v1,17,0
11739,328,41,"2026-06-14 21:24:00",detail_page,rec_v2,10,0
11740,861,107,"2026-06-21 08:06:00",home,rec_v2,3,0
11741,477,32,"2026-07-18 20:06:00",home,rec_v1,5,1
11742,149,60,"2026-06-04 04:10:00",detail_page,rec_v1,5,0
11743,664,140,"2026-07-29 21:33:00",detail_page,rec_v1,2,0
11744,615,86,"2026-06-25 08:02:00",continue_watching,rec_v2,1,0
11745,708,122,"2026-05-24 00:01:00",search,rec_v1,7,0
11746,423,114,"2026-05-03 15:35:00",home,rec_v2,7,0
11747,274,29,"2026-07-27 21:14:00",home,rec_v1,6,0
11748,357,109,"2026-07-13 08:29:00",continue_watching,rec_v1,20,0
11749,522,73,"2026-07-04 03:43:00",search,rec_v1,18,1
11750,783,75,"2026-05-18 14:16:00",search,rec_v1,4,1
11751,569,88,"2026-07-21 00:45:00",home,rec_v2,11,0
11752,35,123,"2026-05-16 01:39:00",continue_watching,rec_v1,9,0
11753,846,104,"2026-07-11 19:38:00",detail_page,rec_v1,18,0
11754,786,72,"2026-07-22 19:57:00",home,rec_v1,11,1
11755,66,66,"2026-07-03 22:14:00",search,rec_v2,12,0
11756,644,108,"2026-07-17 15:35:00",detail_page,rec_v2,7,1
11757,786,2,"2026-05-26 02:57:00",detail_page,rec_v1,4,0
11758,430,108,"2026-06-23 03:17:00",home,rec_v1,20,0
11759,88,138,"2026-05-09 23:30:00",detail_page,rec_v1,5,0
11760,852,101,"2026-05-23 19:13:00",detail_page,rec_v1,15,0
11761,891,138,"2026-06-24 13:54:00",search,rec_v2,2,0
11762,505,61,"2026-05-02 23:49:00",search,rec_v1,20,0
11763,182,47,"2026-06-17 22:05:00",home,rec_v1,5,1
11764,952,39,"2026-05-18 19:59:00",home,rec_v2,4,0
11765,721,28,"2026-06-21 12:56:00",home,rec_v1,11,0
11766,93,113,"2026-06-11 05:46:00",search,rec_v2,2,0
11767,112,117,"2026-07-03 08:10:00",search,rec_v1,1,1
11768,726,134,"2026-06-11 07:30:00",home,rec_v1,15,0
11769,962,136,"2026-07-05 09:56:00",home,rec_v2,12,0
11770,738,105,"2026-06-30 11:33:00",search,rec_v2,7,0
11771,290,31,"2026-07-03 23:36:00",home,rec_v1,20,0
11772,633,54,"2026-05-17 22:53:00",home,rec_v1,19,0
11773,505,137,"2026-05-04 06:39:00",detail_page,rec_v1,2,0
11774,938,110,"2026-06-09 19:53:00",home,rec_v2,13,0
11775,546,84,"2026-06-09 04:09:00",search,rec_v1,3,1
11776,504,53,"2026-05-24 22:59:00",search,rec_v1,20,1
11777,757,105,"2026-06-27 16:29:00",home,rec_v1,12,0
11778,702,92,"2026-07-08 05:39:00",search,rec_v1,5,0
11779,209,123,"2026-05-03 05:03:00",search,rec_v1,9,0
11780,680,138,"2026-06-16 23:00:00",home,rec_v2,18,0
11781,96,110,"2026-05-01 15:57:00",home,rec_v2,2,0
11782,193,53,"2026-05-01 18:18:00",continue_watching,rec_v2,15,0
11783,401,36,"2026-06-24 05:15:00",home,rec_v2,12,1
11784,919,136,"2026-05-13 18:56:00",detail_page,rec_v2,18,0
11785,693,132,"2026-07-23 16:39:00",home,rec_v2,15,0
11786,597,142,"2026-06-04 02:34:00",search,rec_v1,20,0
11787,159,89,"2026-05-10 07:39:00",detail_page,rec_v2,14,0
11788,476,44,"2026-06-19 17:24:00",detail_page,rec_v2,12,0
11789,955,137,"2026-07-26 12:28:00",search,rec_v2,8,0
11790,872,72,"2026-06-01 12:39:00",home,rec_v2,6,0
11791,901,135,"2026-07-07 09:47:00",home,rec_v1,10,0
11792,128,20,"2026-07-23 13:08:00",detail_page,rec_v1,12,0
11793,735,119,"2026-07-07 00:18:00",search,rec_v2,6,0
11794,973,64,"2026-07-11 19:05:00",home,rec_v1,5,0
11795,424,43,"2026-06-16 06:14:00",search,rec_v1,13,0
11796,631,90,"2026-06-07 12:54:00",home,rec_v2,12,0
11797,418,2,"2026-05-21 13:42:00",home,rec_v2,4,0
11798,198,148,"2026-07-06 09:18:00",search,rec_v2,3,0
11799,869,102,"2026-06-29 19:07:00",search,rec_v2,15,0
11800,496,115,"2026-07-27 18:07:00",continue_watching,rec_v2,19,1
11801,386,50,"2026-06-14 00:53:00",home,rec_v1,14,0
11802,736,133,"2026-06-13 08:58:00",home,rec_v1,5,0
11803,723,112,"2026-06-08 00:03:00",detail_page,rec_v1,16,0
11804,140,56,"2026-05-19 16:03:00",search,rec_v2,4,1
11805,802,41,"2026-06-27 14:47:00",continue_watching,rec_v1,12,1
11806,931,56,"2026-05-14 06:27:00",home,rec_v1,3,0
11807,944,49,"2026-07-11 04:42:00",home,rec_v2,13,0
11808,494,77,"2026-05-15 15:07:00",home,rec_v2,2,1
11809,699,77,"2026-07-15 01:12:00",continue_watching,rec_v2,10,0
11810,662,117,"2026-06-26 07:13:00",continue_watching,rec_v1,9,0
11811,247,34,"2026-05-18 22:01:00",search,rec_v2,9,0
11812,724,78,"2026-07-02 03:30:00",search,rec_v2,4,0
11813,831,4,"2026-07-10 21:24:00",home,rec_v2,15,0
11814,317,133,"2026-07-28 10:34:00",detail_page,rec_v1,13,1
11815,483,78,"2026-06-14 12:48:00",home,rec_v1,13,0
11816,640,73,"2026-06-14 10:17:00",home,rec_v1,10,0
11817,627,136,"2026-06-02 03:37:00",home,rec_v2,15,0
11818,376,64,"2026-07-14 08:47:00",detail_page,rec_v2,12,0
11819,6,88,"2026-07-29 21:16:00",search,rec_v1,7,0
11820,595,36,"2026-05-30 02:59:00",home,rec_v1,8,0
11821,834,7,"2026-06-07 21:15:00",search,rec_v1,4,0
11822,648,47,"2026-06-24 02:19:00",home,rec_v2,2,0
11823,836,22,"2026-05-18 13:07:00",continue_watching,rec_v1,16,0
11824,882,101,"2026-06-12 07:40:00",home,rec_v1,11,0
11825,374,141,"2026-07-06 16:43:00",home,rec_v1,16,0
11826,964,10,"2026-05-02 08:26:00",search,rec_v1,7,0
11827,627,150,"2026-07-21 21:29:00",home,rec_v1,4,0
11828,903,46,"2026-07-27 15:45:00",search,rec_v2,20,0
11829,312,16,"2026-06-03 10:18:00",search,rec_v1,16,0
11830,780,94,"2026-06-24 19:38:00",search,rec_v2,12,0
11831,562,150,"2026-07-28 21:14:00",search,rec_v1,2,0
11832,537,47,"2026-05-25 09:47:00",detail_page,rec_v2,11,0
11833,15,49,"2026-06-27 00:15:00",home,rec_v1,2,0
11834,738,61,"2026-05-19 21:20:00",home,rec_v2,15,0
11835,864,89,"2026-05-07 13:57:00",home,rec_v1,12,0
11836,507,108,"2026-06-28 11:05:00",search,rec_v2,17,0
11837,732,141,"2026-05-14 05:27:00",detail_page,rec_v1,2,0
11838,880,34,"2026-05-02 11:57:00",detail_page,rec_v1,2,1
11839,355,108,"2026-05-21 04:13:00",home,rec_v1,17,0
11840,647,122,"2026-06-01 16:16:00",detail_page,rec_v2,13,0
11841,295,53,"2026-06-30 08:24:00",home,rec_v1,7,1
11842,846,80,"2026-05-15 18:53:00",continue_watching,rec_v1,18,0
11843,92,11,"2026-05-29 06:30:00",search,rec_v1,14,0
11844,278,10,"2026-06-07 01:44:00",continue_watching,rec_v2,5,1
11845,621,45,"2026-07-06 21:14:00",search,rec_v1,9,0
11846,252,134,"2026-05-15 17:40:00",home,rec_v2,20,0
11847,428,21,"2026-06-11 06:38:00",continue_watching,rec_v2,10,0
11848,249,56,"2026-05-03 21:45:00",search,rec_v2,3,1
11849,42,86,"2026-06-20 05:35:00",search,rec_v1,4,0
11850,260,66,"2026-07-11 21:08:00",home,rec_v1,9,0
11851,279,18,"2026-07-25 11:33:00",home,rec_v2,4,1
11852,17,113,"2026-05-18 18:24:00",detail_page,rec_v2,11,0
11853,693,108,"2026-05-12 00:17:00",detail_page,rec_v1,3,0
11854,622,76,"2026-06-28 23:40:00",search,rec_v1,10,0
11855,74,37,"2026-06-13 14:03:00",home,rec_v2,4,0
11856,959,127,"2026-06-02 03:28:00",home,rec_v2,7,0
11857,68,114,"2026-05-24 20:14:00",home,rec_v2,14,0
11858,480,92,"2026-06-10 02:20:00",search,rec_v2,15,0
11859,202,44,"2026-05-07 13:49:00",search,rec_v2,15,0
11860,210,114,"2026-05-14 12:09:00",home,rec_v2,17,0
11861,174,14,"2026-05-06 12:59:00",home,rec_v1,13,0
11862,366,17,"2026-05-30 20:22:00",home,rec_v1,15,0
11863,708,87,"2026-05-05 20:35:00",home,rec_v2,6,1
11864,535,134,"2026-05-12 20:15:00",home,rec_v2,5,1
11865,637,15,"2026-07-22 13:31:00",home,rec_v1,5,0
11866,245,8,"2026-05-15 07:12:00",detail_page,rec_v1,1,0
11867,821,121,"2026-07-28 17:44:00",home,rec_v1,10,0
11868,656,71,"2026-05-25 11:52:00",continue_watching,rec_v2,2,0
11869,104,51,"2026-06-30 06:36:00",detail_page,rec_v2,18,0
11870,58,92,"2026-05-31 17:38:00",home,rec_v1,2,0
11871,760,47,"2026-07-18 20:13:00",home,rec_v1,19,0
11872,260,79,"2026-06-26 01:20:00",home,rec_v1,7,0
11873,996,36,"2026-07-21 00:15:00",home,rec_v1,6,0
11874,890,47,"2026-07-10 14:01:00",detail_page,rec_v1,5,0
11875,87,130,"2026-06-07 19:27:00",detail_page,rec_v2,6,0
11876,294,90,"2026-06-05 04:30:00",home,rec_v1,15,0
11877,130,23,"2026-07-26 05:36:00",home,rec_v2,16,0
11878,63,79,"2026-05-05 22:45:00",home,rec_v1,16,0
11879,635,51,"2026-05-01 20:06:00",detail_page,rec_v1,8,0
11880,168,95,"2026-07-20 11:31:00",home,rec_v2,8,1
11881,818,119,"2026-06-28 10:26:00",continue_watching,rec_v2,2,0
11882,570,138,"2026-05-31 20:12:00",search,rec_v1,14,1
11883,881,7,"2026-06-08 11:52:00",home,rec_v1,13,0
11884,880,4,"2026-05-13 10:26:00",home,rec_v1,15,0
11885,47,135,"2026-05-10 00:13:00",home,rec_v1,11,0
11886,107,112,"2026-07-27 10:56:00",continue_watching,rec_v1,19,0
11887,136,41,"2026-05-10 11:08:00",detail_page,rec_v2,10,0
11888,487,22,"2026-05-18 14:25:00",continue_watching,rec_v2,3,0
11889,164,26,"2026-07-03 18:13:00",detail_page,rec_v2,18,0
11890,916,14,"2026-06-04 10:35:00",home,rec_v1,14,0
11891,74,53,"2026-06-30 08:59:00",search,rec_v2,17,0
11892,818,98,"2026-06-15 11:00:00",detail_page,rec_v2,3,1
11893,881,12,"2026-07-01 22:29:00",search,rec_v1,6,1
11894,643,102,"2026-05-17 09:58:00",home,rec_v2,7,1
11895,577,22,"2026-07-22 01:44:00",home,rec_v1,12,0
11896,155,7,"2026-06-26 11:23:00",home,rec_v1,8,0
11897,439,111,"2026-06-12 13:34:00",detail_page,rec_v1,18,0
11898,490,59,"2026-05-21 00:06:00",search,rec_v2,20,0
11899,210,19,"2026-07-04 00:52:00",home,rec_v1,13,0
11900,292,133,"2026-05-31 14:59:00",search,rec_v2,18,0
11901,718,59,"2026-06-29 14:43:00",home,rec_v2,10,0
11902,236,57,"2026-06-18 22:06:00",detail_page,rec_v1,7,0
11903,106,65,"2026-05-14 09:05:00",search,rec_v1,3,0
11904,432,129,"2026-07-28 01:59:00",detail_page,rec_v1,4,1
11905,502,94,"2026-06-24 23:26:00",home,rec_v2,6,1
11906,205,144,"2026-05-26 14:50:00",home,rec_v1,17,0
11907,982,94,"2026-07-01 05:39:00",home,rec_v1,2,1
11908,920,58,"2026-07-22 14:40:00",search,rec_v1,4,1
11909,577,35,"2026-07-21 13:17:00",home,rec_v2,13,0
11910,205,16,"2026-05-16 10:41:00",search,rec_v1,19,0
11911,350,148,"2026-06-27 04:06:00",detail_page,rec_v2,10,1
11912,156,135,"2026-05-19 22:32:00",detail_page,rec_v1,14,0
11913,814,137,"2026-05-24 18:45:00",detail_page,rec_v1,11,1
11914,375,32,"2026-07-14 09:37:00",home,rec_v1,8,0
11915,314,146,"2026-05-13 15:05:00",detail_page,rec_v1,7,0
11916,193,13,"2026-05-19 15:03:00",detail_page,rec_v2,5,1
11917,844,75,"2026-05-21 10:38:00",home,rec_v2,11,1
11918,420,76,"2026-07-12 06:53:00",continue_watching,rec_v2,12,0
11919,606,2,"2026-05-20 11:37:00",continue_watching,rec_v2,12,0
11920,252,32,"2026-06-28 00:06:00",home,rec_v2,8,0
11921,606,123,"2026-06-03 17:27:00",home,rec_v1,5,0
11922,202,40,"2026-07-14 01:11:00",search,rec_v2,2,0
11923,247,45,"2026-05-06 11:47:00",search,rec_v1,3,1
11924,466,3,"2026-05-25 15:17:00",detail_page,rec_v2,19,0
11925,359,7,"2026-07-26 03:15:00",continue_watching,rec_v2,7,0
11926,474,34,"2026-05-23 19:08:00",continue_watching,rec_v2,10,0
11927,629,113,"2026-06-20 01:39:00",home,rec_v2,20,0
11928,957,124,"2026-07-02 13:06:00",continue_watching,rec_v2,10,0
11929,671,125,"2026-05-23 23:59:00",continue_watching,rec_v2,11,0
11930,688,118,"2026-07-13 11:50:00",detail_page,rec_v2,17,0
11931,972,34,"2026-06-03 06:54:00",home,rec_v1,14,0
11932,516,140,"2026-06-13 23:20:00",search,rec_v1,3,0
11933,899,123,"2026-05-24 15:42:00",detail_page,rec_v2,11,0
11934,905,21,"2026-06-04 20:25:00",home,rec_v2,20,0
11935,442,98,"2026-07-18 00:04:00",search,rec_v2,12,1
11936,62,64,"2026-07-12 01:39:00",continue_watching,rec_v1,14,0
11937,465,86,"2026-05-22 22:19:00",detail_page,rec_v2,13,0
11938,980,3,"2026-05-15 19:35:00",search,rec_v2,14,0
11939,295,94,"2026-05-29 20:21:00",home,rec_v1,4,0
11940,499,88,"2026-05-29 22:54:00",detail_page,rec_v2,17,0
11941,587,136,"2026-05-14 19:22:00",home,rec_v2,15,1
11942,654,108,"2026-05-28 21:37:00",home,rec_v1,20,0
11943,413,113,"2026-05-17 18:35:00",home,rec_v1,17,0
11944,283,76,"2026-05-21 01:14:00",detail_page,rec_v2,9,0
11945,489,79,"2026-07-29 15:45:00",detail_page,rec_v2,19,1
11946,562,53,"2026-06-16 17:46:00",detail_page,rec_v2,19,1
11947,449,102,"2026-07-07 19:38:00",detail_page,rec_v1,18,0
11948,310,143,"2026-05-03 16:20:00",home,rec_v1,7,0
11949,912,23,"2026-07-13 02:32:00",continue_watching,rec_v2,5,0
11950,804,67,"2026-06-12 15:01:00",detail_page,rec_v1,19,0
11951,728,112,"2026-07-12 18:53:00",search,rec_v2,4,0
11952,179,16,"2026-06-27 06:29:00",search,rec_v1,8,0
11953,891,29,"2026-06-26 05:18:00",home,rec_v1,6,1
11954,816,72,"2026-05-29 18:58:00",home,rec_v2,5,0
11955,305,79,"2026-05-01 00:13:00",continue_watching,rec_v1,20,1
11956,154,78,"2026-05-21 10:21:00",home,rec_v2,19,0
11957,703,6,"2026-05-30 00:21:00",search,rec_v1,18,0
11958,207,15,"2026-05-03 15:26:00",home,rec_v1,17,0
11959,206,149,"2026-07-22 02:58:00",home,rec_v2,11,0
11960,846,45,"2026-05-14 04:42:00",home,rec_v1,15,0
11961,616,119,"2026-07-03 23:16:00",home,rec_v1,3,0
11962,5,130,"2026-05-04 20:03:00",detail_page,rec_v2,15,0
11963,929,77,"2026-06-22 20:24:00",detail_page,rec_v1,12,1
11964,929,134,"2026-06-16 04:07:00",home,rec_v2,17,0
11965,719,18,"2026-07-20 20:50:00",home,rec_v1,6,0
11966,168,84,"2026-07-13 10:16:00",detail_page,rec_v1,3,0
11967,441,132,"2026-06-21 13:03:00",home,rec_v2,12,0
11968,195,28,"2026-05-21 21:30:00",home,rec_v2,3,0
11969,142,145,"2026-06-12 08:43:00",home,rec_v1,17,0
11970,487,120,"2026-05-11 14:56:00",search,rec_v1,6,0
11971,193,97,"2026-06-21 00:23:00",home,rec_v2,17,0
11972,64,141,"2026-07-04 07:39:00",continue_watching,rec_v2,1,0
11973,597,80,"2026-06-14 17:18:00",home,rec_v1,11,0
11974,137,23,"2026-07-06 16:47:00",search,rec_v2,2,0
11975,236,37,"2026-06-15 06:37:00",search,rec_v2,19,0
11976,654,144,"2026-05-23 22:21:00",detail_page,rec_v1,4,1
11977,830,2,"2026-06-29 09:11:00",home,rec_v2,14,0
11978,578,83,"2026-06-14 22:21:00",home,rec_v1,4,0
11979,233,84,"2026-06-08 13:47:00",home,rec_v1,3,0
11980,404,66,"2026-05-17 02:12:00",detail_page,rec_v1,20,0
11981,249,79,"2026-06-06 05:28:00",detail_page,rec_v1,1,0
11982,559,115,"2026-05-30 01:44:00",detail_page,rec_v2,1,0
11983,802,107,"2026-07-25 02:32:00",home,rec_v1,6,0
11984,329,123,"2026-07-04 21:54:00",detail_page,rec_v1,13,0
11985,708,69,"2026-06-16 07:22:00",home,rec_v2,3,0
11986,404,17,"2026-07-18 17:26:00",search,rec_v2,2,0
11987,674,55,"2026-07-18 08:52:00",continue_watching,rec_v1,19,0
11988,462,57,"2026-05-04 10:18:00",home,rec_v2,10,0
11989,373,34,"2026-05-26 08:52:00",search,rec_v2,18,0
11990,673,22,"2026-05-08 08:56:00",continue_watching,rec_v2,1,0
11991,318,81,"2026-05-22 05:46:00",home,rec_v2,14,0
11992,156,71,"2026-05-02 04:00:00",home,rec_v2,20,0
11993,573,111,"2026-07-22 18:26:00",continue_watching,rec_v2,14,0
11994,916,74,"2026-06-17 09:56:00",continue_watching,rec_v1,17,0
11995,368,36,"2026-07-24 18:33:00",detail_page,rec_v1,10,0
11996,301,49,"2026-05-13 22:39:00",home,rec_v1,20,0
11997,170,81,"2026-06-24 06:18:00",search,rec_v2,3,1
11998,725,9,"2026-06-04 05:49:00",search,rec_v2,2,1
11999,612,73,"2026-06-12 11:48:00",detail_page,rec_v1,19,0
12000,976,39,"2026-05-04 04:46:00",detail_page,rec_v1,3,0
12001,872,112,"2026-07-02 11:27:00",continue_watching,rec_v1,17,0
12002,708,13,"2026-07-06 22:41:00",home,rec_v2,9,0
12003,609,150,"2026-06-29 17:26:00",home,rec_v1,19,0
12004,833,117,"2026-05-01 21:00:00",detail_page,rec_v2,2,0
12005,627,37,"2026-05-16 19:14:00",home,rec_v2,14,1
12006,711,90,"2026-07-23 07:34:00",home,rec_v2,16,0
12007,452,137,"2026-06-19 05:08:00",home,rec_v2,9,0
12008,682,96,"2026-05-09 23:04:00",continue_watching,rec_v1,5,1
12009,643,93,"2026-07-03 17:33:00",continue_watching,rec_v1,19,0
12010,491,10,"2026-05-10 11:48:00",search,rec_v1,1,0
12011,969,139,"2026-05-28 14:04:00",home,rec_v2,7,0
12012,265,31,"2026-05-29 23:43:00",home,rec_v1,13,0
12013,830,40,"2026-07-05 16:49:00",continue_watching,rec_v1,7,0
12014,986,7,"2026-05-12 05:37:00",continue_watching,rec_v2,17,0
12015,6,27,"2026-06-14 16:22:00",home,rec_v1,9,1
12016,788,109,"2026-06-19 23:10:00",continue_watching,rec_v2,19,0
12017,384,88,"2026-05-15 10:22:00",search,rec_v1,2,1
12018,906,111,"2026-06-13 18:06:00",continue_watching,rec_v1,5,0
12019,556,118,"2026-06-20 09:22:00",continue_watching,rec_v2,1,0
12020,696,76,"2026-05-03 23:46:00",detail_page,rec_v1,3,0
12021,48,80,"2026-06-10 19:13:00",home,rec_v1,1,0
12022,667,144,"2026-05-09 10:46:00",home,rec_v2,1,1
12023,268,50,"2026-05-21 08:49:00",continue_watching,rec_v2,19,0
12024,355,108,"2026-06-16 01:53:00",search,rec_v2,17,0
12025,883,58,"2026-07-27 01:16:00",continue_watching,rec_v2,2,0
12026,878,73,"2026-06-09 10:03:00",home,rec_v2,20,0
12027,504,150,"2026-06-17 02:26:00",search,rec_v2,5,0
12028,345,86,"2026-05-03 20:12:00",home,rec_v1,17,0
12029,398,3,"2026-06-17 13:30:00",home,rec_v2,6,0
12030,217,21,"2026-06-24 02:19:00",continue_watching,rec_v2,5,0
12031,668,123,"2026-07-04 09:03:00",search,rec_v1,5,0
12032,261,141,"2026-07-09 21:34:00",continue_watching,rec_v1,18,0
12033,249,27,"2026-07-11 19:48:00",home,rec_v2,19,0
12034,813,25,"2026-05-13 12:36:00",home,rec_v2,12,0
12035,883,50,"2026-05-18 23:32:00",home,rec_v2,10,0
12036,713,76,"2026-07-15 14:44:00",home,rec_v2,14,0
12037,760,73,"2026-06-11 10:37:00",continue_watching,rec_v2,8,0
12038,902,96,"2026-05-09 06:39:00",detail_page,rec_v2,4,0
12039,502,44,"2026-05-25 05:57:00",detail_page,rec_v2,8,0
12040,469,116,"2026-05-14 06:02:00",search,rec_v1,8,0
12041,733,52,"2026-06-04 04:13:00",home,rec_v1,10,0
12042,440,78,"2026-06-18 11:09:00",detail_page,rec_v2,16,1
12043,349,49,"2026-06-23 19:19:00",home,rec_v2,8,0
12044,989,53,"2026-05-20 00:01:00",home,rec_v1,13,1
12045,396,43,"2026-06-23 01:32:00",home,rec_v2,2,0
12046,872,10,"2026-05-07 22:55:00",detail_page,rec_v1,16,0
12047,658,44,"2026-06-06 19:33:00",home,rec_v2,2,0
12048,341,128,"2026-07-12 13:29:00",home,rec_v1,14,0
12049,265,58,"2026-07-22 22:35:00",search,rec_v2,11,0
12050,381,150,"2026-06-08 15:17:00",detail_page,rec_v1,10,0
12051,136,88,"2026-05-06 05:40:00",home,rec_v1,13,0
12052,79,56,"2026-05-17 15:23:00",search,rec_v1,9,0
12053,907,126,"2026-05-10 19:53:00",home,rec_v2,13,0
12054,746,4,"2026-06-08 04:01:00",search,rec_v1,14,0
12055,900,112,"2026-06-28 14:53:00",home,rec_v1,6,0
12056,132,149,"2026-06-20 15:18:00",detail_page,rec_v2,9,0
12057,389,133,"2026-05-22 13:42:00",home,rec_v2,3,1
12058,195,73,"2026-07-14 02:25:00",continue_watching,rec_v1,3,0
12059,403,53,"2026-05-19 17:22:00",search,rec_v1,2,0
12060,444,89,"2026-07-28 10:18:00",search,rec_v1,5,0
12061,880,2,"2026-05-01 14:01:00",search,rec_v2,13,0
12062,935,136,"2026-05-08 10:19:00",search,rec_v2,11,0
12063,680,109,"2026-07-24 17:07:00",continue_watching,rec_v2,18,0
12064,649,21,"2026-05-25 05:21:00",detail_page,rec_v1,18,0
12065,639,33,"2026-05-06 17:39:00",home,rec_v1,7,0
12066,13,142,"2026-07-04 03:26:00",home,rec_v2,7,0
12067,440,52,"2026-06-29 17:13:00",continue_watching,rec_v2,14,0
12068,383,104,"2026-06-23 11:31:00",home,rec_v2,6,1
12069,335,142,"2026-07-15 10:22:00",continue_watching,rec_v1,15,0
12070,326,2,"2026-07-21 22:00:00",search,rec_v2,14,0
12071,816,98,"2026-06-10 22:52:00",home,rec_v2,5,0
12072,866,142,"2026-06-15 19:31:00",detail_page,rec_v2,18,0
12073,979,19,"2026-06-06 21:39:00",continue_watching,rec_v2,17,0
12074,965,77,"2026-06-23 20:02:00",home,rec_v2,10,0
12075,540,98,"2026-05-02 15:41:00",home,rec_v2,15,0
12076,690,71,"2026-06-25 01:33:00",search,rec_v2,1,1
12077,757,16,"2026-05-01 18:13:00",search,rec_v1,11,0
12078,263,41,"2026-05-15 20:24:00",home,rec_v2,7,0
12079,855,41,"2026-05-20 04:32:00",detail_page,rec_v1,16,0
12080,996,129,"2026-06-12 03:44:00",home,rec_v2,7,0
12081,679,2,"2026-05-12 05:11:00",home,rec_v2,10,0
12082,855,13,"2026-05-14 09:14:00",detail_page,rec_v2,16,0
12083,676,96,"2026-06-22 22:15:00",search,rec_v1,18,0
12084,310,101,"2026-06-07 05:57:00",home,rec_v2,10,0
12085,256,35,"2026-06-02 11:12:00",home,rec_v2,19,0
12086,524,124,"2026-05-24 09:13:00",home,rec_v1,3,0
12087,632,120,"2026-07-07 07:02:00",home,rec_v1,20,0
12088,513,85,"2026-06-17 01:42:00",search,rec_v1,13,0
12089,366,82,"2026-05-14 09:21:00",home,rec_v2,8,1
12090,838,116,"2026-05-19 19:24:00",home,rec_v1,1,1
12091,205,128,"2026-05-18 01:13:00",search,rec_v1,14,0
12092,869,126,"2026-06-05 01:27:00",home,rec_v1,17,0
12093,555,69,"2026-05-25 17:30:00",home,rec_v1,12,0
12094,237,108,"2026-05-02 16:17:00",continue_watching,rec_v2,20,1
12095,324,127,"2026-06-18 09:13:00",continue_watching,rec_v1,12,0
12096,277,75,"2026-06-07 10:06:00",detail_page,rec_v2,6,0
12097,380,59,"2026-06-01 22:52:00",search,rec_v2,5,0
12098,992,110,"2026-07-21 07:11:00",home,rec_v1,16,0
12099,732,98,"2026-05-30 10:36:00",home,rec_v1,2,0
12100,914,128,"2026-07-04 10:10:00",home,rec_v2,13,0
12101,645,128,"2026-07-04 13:33:00",continue_watching,rec_v2,14,0
12102,205,5,"2026-06-27 16:37:00",detail_page,rec_v2,19,0
12103,817,116,"2026-07-23 23:16:00",search,rec_v2,13,0
12104,575,13,"2026-07-10 09:40:00",home,rec_v1,6,0
12105,790,25,"2026-05-22 18:22:00",search,rec_v2,11,0
12106,138,83,"2026-05-29 10:55:00",search,rec_v2,20,0
12107,900,96,"2026-07-23 06:34:00",home,rec_v2,2,1
12108,294,54,"2026-07-20 12:11:00",detail_page,rec_v2,15,0
12109,292,66,"2026-07-16 16:56:00",search,rec_v2,10,0
12110,167,12,"2026-07-19 09:14:00",home,rec_v1,4,0
12111,179,124,"2026-07-18 20:26:00",home,rec_v1,4,0
12112,104,110,"2026-07-05 12:50:00",detail_page,rec_v2,3,0
12113,537,102,"2026-06-05 21:48:00",detail_page,rec_v2,15,0
12114,943,142,"2026-07-04 15:09:00",detail_page,rec_v1,18,0
12115,144,119,"2026-07-27 10:42:00",detail_page,rec_v1,16,0
12116,819,91,"2026-07-01 04:30:00",home,rec_v2,19,1
12117,319,89,"2026-05-09 18:30:00",home,rec_v2,20,0
12118,105,107,"2026-07-07 05:04:00",continue_watching,rec_v1,13,1
12119,24,114,"2026-05-19 08:14:00",detail_page,rec_v2,6,0
12120,527,66,"2026-06-03 10:25:00",detail_page,rec_v1,15,0
12121,65,1,"2026-06-03 16:56:00",continue_watching,rec_v1,17,0
12122,209,79,"2026-07-09 00:56:00",search,rec_v2,15,0
12123,880,70,"2026-05-10 22:43:00",home,rec_v2,16,0
12124,699,133,"2026-05-02 23:55:00",search,rec_v2,15,0
12125,348,148,"2026-06-22 06:10:00",home,rec_v1,8,0
12126,999,99,"2026-07-18 08:24:00",detail_page,rec_v2,17,0
12127,898,126,"2026-06-13 09:15:00",home,rec_v1,2,1
12128,955,32,"2026-06-19 09:21:00",search,rec_v2,15,0
12129,80,118,"2026-06-21 07:02:00",search,rec_v2,17,0
12130,499,138,"2026-06-07 13:54:00",detail_page,rec_v1,9,0
12131,560,114,"2026-05-09 05:34:00",search,rec_v2,12,1
12132,88,42,"2026-06-14 03:11:00",search,rec_v2,7,1
12133,131,138,"2026-05-08 20:20:00",home,rec_v1,9,0
12134,416,25,"2026-07-07 09:03:00",continue_watching,rec_v1,11,0
12135,695,100,"2026-05-20 06:42:00",search,rec_v2,11,1
12136,199,2,"2026-06-15 16:22:00",continue_watching,rec_v1,16,0
12137,848,26,"2026-07-11 10:46:00",home,rec_v2,20,0
12138,458,37,"2026-07-13 13:47:00",home,rec_v1,10,0
12139,971,14,"2026-07-16 19:52:00",detail_page,rec_v2,16,0
12140,67,102,"2026-07-25 05:32:00",search,rec_v1,8,0
12141,562,27,"2026-07-26 16:37:00",home,rec_v2,20,0
12142,545,124,"2026-06-16 14:11:00",search,rec_v2,6,0
12143,202,127,"2026-05-12 09:12:00",home,rec_v1,14,0
12144,938,87,"2026-05-12 12:45:00",home,rec_v2,14,0
12145,479,26,"2026-05-02 10:39:00",detail_page,rec_v2,7,0
12146,351,107,"2026-07-26 10:55:00",home,rec_v1,1,0
12147,145,75,"2026-06-15 06:48:00",home,rec_v2,8,0
12148,216,12,"2026-07-28 17:56:00",detail_page,rec_v2,15,0
12149,843,31,"2026-06-16 18:19:00",search,rec_v2,7,0
12150,888,125,"2026-07-14 10:53:00",continue_watching,rec_v2,17,0
12151,581,121,"2026-05-27 09:31:00",home,rec_v2,8,0
12152,730,34,"2026-05-18 04:50:00",detail_page,rec_v2,14,0
12153,172,145,"2026-06-14 15:22:00",continue_watching,rec_v1,15,0
12154,920,19,"2026-05-12 23:29:00",home,rec_v2,4,0
12155,859,24,"2026-05-05 07:56:00",continue_watching,rec_v1,7,0
12156,83,41,"2026-06-23 15:11:00",continue_watching,rec_v2,9,0
12157,348,45,"2026-06-14 04:43:00",detail_page,rec_v2,20,0
12158,392,47,"2026-06-29 14:32:00",continue_watching,rec_v1,17,0
12159,501,112,"2026-06-06 14:51:00",home,rec_v1,3,0
12160,838,110,"2026-06-08 07:53:00",search,rec_v1,7,0
12161,545,105,"2026-06-20 10:41:00",search,rec_v1,7,0
12162,780,110,"2026-07-07 13:28:00",detail_page,rec_v2,12,0
12163,719,140,"2026-05-14 18:24:00",home,rec_v2,9,0
12164,686,26,"2026-06-07 18:07:00",home,rec_v2,19,0
12165,488,25,"2026-05-03 11:29:00",search,rec_v1,20,0
12166,964,38,"2026-06-26 08:32:00",home,rec_v2,20,1
12167,911,88,"2026-07-17 12:43:00",continue_watching,rec_v2,13,0
12168,873,87,"2026-05-14 10:46:00",home,rec_v2,17,0
12169,66,37,"2026-06-29 19:50:00",home,rec_v1,7,0
12170,257,6,"2026-07-11 11:45:00",detail_page,rec_v2,20,0
12171,49,138,"2026-06-12 08:47:00",home,rec_v1,7,0
12172,801,40,"2026-07-01 00:33:00",continue_watching,rec_v2,18,1
12173,426,88,"2026-06-22 10:21:00",continue_watching,rec_v2,12,0
12174,3,21,"2026-07-26 14:38:00",detail_page,rec_v2,6,0
12175,852,91,"2026-05-20 06:49:00",continue_watching,rec_v2,9,0
12176,346,128,"2026-05-20 07:47:00",continue_watching,rec_v2,9,0
12177,616,36,"2026-06-18 15:05:00",home,rec_v1,4,0
12178,796,21,"2026-05-02 12:35:00",home,rec_v1,19,1
12179,456,146,"2026-06-07 22:53:00",detail_page,rec_v1,13,0
12180,2,35,"2026-05-01 08:59:00",home,rec_v1,20,0
12181,201,48,"2026-07-06 19:07:00",search,rec_v1,4,1
12182,800,129,"2026-05-07 17:31:00",detail_page,rec_v2,5,0
12183,256,63,"2026-06-17 05:27:00",search,rec_v2,11,0
12184,801,125,"2026-06-21 02:54:00",detail_page,rec_v2,20,0
12185,206,14,"2026-05-15 12:16:00",continue_watching,rec_v2,19,0
12186,536,102,"2026-05-01 03:25:00",home,rec_v1,1,0
12187,404,133,"2026-05-19 10:12:00",home,rec_v1,10,0
12188,98,87,"2026-05-05 23:43:00",search,rec_v2,6,0
12189,758,55,"2026-07-07 09:44:00",home,rec_v2,2,0
12190,594,27,"2026-06-08 03:12:00",home,rec_v1,20,0
12191,703,14,"2026-06-06 18:15:00",detail_page,rec_v2,4,0
12192,459,9,"2026-05-09 13:45:00",detail_page,rec_v2,9,1
12193,656,120,"2026-07-25 06:05:00",home,rec_v1,9,0
12194,756,82,"2026-05-28 08:22:00",continue_watching,rec_v2,16,1
12195,788,39,"2026-05-16 01:45:00",home,rec_v1,5,0
12196,535,7,"2026-07-17 03:53:00",search,rec_v1,5,0
12197,133,123,"2026-05-01 01:43:00",home,rec_v2,8,0
12198,952,102,"2026-05-10 14:01:00",home,rec_v1,4,0
12199,222,119,"2026-07-25 23:10:00",continue_watching,rec_v1,17,0
12200,93,68,"2026-07-02 16:44:00",detail_page,rec_v1,5,1
12201,526,51,"2026-07-05 15:38:00",detail_page,rec_v2,9,0
12202,777,69,"2026-05-12 04:28:00",detail_page,rec_v2,1,0
12203,545,67,"2026-05-18 00:16:00",detail_page,rec_v1,8,0
12204,765,20,"2026-05-08 09:00:00",home,rec_v1,16,0
12205,161,66,"2026-06-27 07:34:00",continue_watching,rec_v2,6,0
12206,578,45,"2026-05-21 00:18:00",home,rec_v2,8,0
12207,219,44,"2026-05-09 06:52:00",home,rec_v2,16,1
12208,73,127,"2026-07-19 02:45:00",home,rec_v1,19,0
12209,833,22,"2026-07-04 22:19:00",continue_watching,rec_v1,4,0
12210,712,11,"2026-06-11 16:45:00",search,rec_v1,8,0
12211,518,96,"2026-06-01 11:14:00",home,rec_v1,6,0
12212,891,12,"2026-05-07 21:56:00",home,rec_v2,8,0
12213,157,27,"2026-07-08 16:21:00",home,rec_v1,14,0
12214,175,112,"2026-06-11 03:13:00",continue_watching,rec_v2,17,0
12215,526,63,"2026-07-24 09:23:00",home,rec_v2,10,0
12216,422,70,"2026-05-12 08:57:00",home,rec_v2,8,1
12217,796,43,"2026-06-17 17:42:00",home,rec_v1,3,0
12218,508,60,"2026-06-09 07:53:00",detail_page,rec_v1,7,0
12219,817,67,"2026-06-05 22:15:00",search,rec_v2,11,0
12220,865,88,"2026-06-13 05:50:00",continue_watching,rec_v2,18,0
12221,561,13,"2026-06-04 17:23:00",home,rec_v2,13,0
12222,609,100,"2026-06-29 07:08:00",continue_watching,rec_v2,1,0
12223,399,108,"2026-05-20 02:21:00",search,rec_v1,8,0
12224,566,69,"2026-05-07 22:13:00",detail_page,rec_v1,3,0
12225,585,90,"2026-06-18 18:38:00",detail_page,rec_v2,20,0
12226,379,107,"2026-06-30 15:59:00",home,rec_v1,11,0
12227,186,50,"2026-07-01 20:37:00",search,rec_v1,11,0
12228,381,124,"2026-07-26 19:12:00",search,rec_v2,19,0
12229,414,50,"2026-05-14 16:28:00",detail_page,rec_v2,4,0
12230,677,105,"2026-06-11 13:25:00",home,rec_v1,5,0
12231,478,94,"2026-07-26 10:02:00",continue_watching,rec_v1,20,0
12232,257,48,"2026-05-26 07:22:00",home,rec_v2,5,0
12233,777,78,"2026-07-07 23:09:00",continue_watching,rec_v2,16,0
12234,474,71,"2026-06-18 06:33:00",detail_page,rec_v2,18,0
12235,395,12,"2026-07-11 17:00:00",home,rec_v1,4,0
12236,929,17,"2026-07-16 12:04:00",home,rec_v1,10,0
12237,382,9,"2026-07-28 17:21:00",home,rec_v2,19,0
12238,255,65,"2026-06-29 23:35:00",continue_watching,rec_v2,1,0
12239,39,135,"2026-06-21 00:53:00",home,rec_v2,19,0
12240,136,37,"2026-05-15 23:01:00",search,rec_v2,18,0
12241,792,6,"2026-06-27 00:09:00",detail_page,rec_v1,15,0
12242,180,47,"2026-07-05 05:06:00",search,rec_v1,19,0
12243,888,16,"2026-07-07 20:51:00",continue_watching,rec_v2,12,0
12244,166,123,"2026-06-15 04:39:00",detail_page,rec_v2,2,0
12245,678,13,"2026-07-23 07:09:00",continue_watching,rec_v1,15,1
12246,147,79,"2026-07-21 14:06:00",detail_page,rec_v2,14,0
12247,725,2,"2026-05-31 19:20:00",continue_watching,rec_v1,9,0
12248,667,124,"2026-06-02 08:45:00",continue_watching,rec_v2,10,0
12249,57,28,"2026-06-27 10:41:00",detail_page,rec_v2,11,0
12250,258,86,"2026-07-24 19:03:00",detail_page,rec_v1,7,0
12251,72,117,"2026-06-21 21:33:00",home,rec_v1,4,0
12252,663,99,"2026-05-24 10:04:00",home,rec_v2,16,1
12253,615,121,"2026-07-10 01:10:00",home,rec_v1,2,0
12254,978,35,"2026-06-22 02:23:00",home,rec_v2,10,0
12255,768,121,"2026-05-16 15:53:00",home,rec_v2,5,0
12256,533,55,"2026-07-24 12:52:00",search,rec_v1,15,0
12257,507,42,"2026-05-20 15:44:00",home,rec_v2,3,0
12258,657,106,"2026-07-22 17:51:00",search,rec_v2,13,0
12259,789,93,"2026-05-09 10:28:00",search,rec_v1,16,0
12260,292,35,"2026-07-01 09:36:00",home,rec_v1,7,0
12261,159,86,"2026-06-07 04:50:00",home,rec_v2,14,0
12262,893,51,"2026-06-13 21:00:00",detail_page,rec_v1,17,0
12263,915,40,"2026-06-28 06:52:00",continue_watching,rec_v2,7,0
12264,252,95,"2026-06-21 17:04:00",search,rec_v1,12,0
12265,519,1,"2026-07-19 20:35:00",search,rec_v2,19,0
12266,825,71,"2026-06-14 16:33:00",home,rec_v2,6,0
12267,557,120,"2026-05-12 21:40:00",home,rec_v2,7,0
12268,873,38,"2026-05-17 12:31:00",home,rec_v2,19,0
12269,233,58,"2026-06-14 21:52:00",home,rec_v1,13,0
12270,273,53,"2026-05-16 15:05:00",detail_page,rec_v2,7,0
12271,433,132,"2026-06-19 03:34:00",continue_watching,rec_v1,10,1
12272,91,69,"2026-06-27 01:49:00",detail_page,rec_v1,6,0
12273,761,74,"2026-07-29 06:11:00",search,rec_v1,9,0
12274,842,50,"2026-07-11 17:13:00",continue_watching,rec_v1,13,0
12275,632,43,"2026-06-20 08:24:00",detail_page,rec_v1,3,0
12276,800,74,"2026-06-26 08:46:00",home,rec_v2,16,0
12277,587,33,"2026-07-07 08:46:00",home,rec_v1,4,0
12278,69,134,"2026-06-12 10:27:00",home,rec_v1,2,1
12279,985,4,"2026-06-22 19:29:00",detail_page,rec_v2,13,0
12280,353,6,"2026-07-27 14:26:00",search,rec_v1,9,0
12281,74,35,"2026-07-24 20:27:00",detail_page,rec_v2,16,0
12282,84,20,"2026-06-06 10:40:00",search,rec_v2,10,0
12283,406,128,"2026-07-16 03:28:00",home,rec_v2,13,0
12284,113,26,"2026-06-11 09:03:00",detail_page,rec_v2,19,0
12285,216,21,"2026-05-11 05:31:00",home,rec_v1,20,0
12286,891,49,"2026-06-21 15:32:00",home,rec_v2,7,0
12287,493,77,"2026-05-09 17:26:00",home,rec_v2,12,1
12288,141,68,"2026-05-18 07:00:00",search,rec_v2,8,0
12289,823,4,"2026-07-24 01:08:00",search,rec_v1,14,0
12290,793,149,"2026-05-11 10:04:00",search,rec_v1,14,0
12291,210,86,"2026-07-11 06:07:00",home,rec_v2,19,0
12292,287,120,"2026-07-25 01:40:00",home,rec_v2,20,0
12293,796,41,"2026-07-14 07:16:00",home,rec_v2,20,0
12294,122,14,"2026-06-11 07:20:00",home,rec_v2,12,0
12295,8,43,"2026-06-14 21:37:00",detail_page,rec_v1,19,0
12296,116,79,"2026-06-11 11:32:00",home,rec_v1,17,0
12297,534,146,"2026-07-29 01:48:00",search,rec_v2,6,0
12298,203,26,"2026-06-28 18:25:00",detail_page,rec_v2,14,0
12299,455,90,"2026-06-22 02:04:00",continue_watching,rec_v2,11,0
12300,223,132,"2026-06-27 11:45:00",search,rec_v2,17,0
12301,780,134,"2026-07-22 02:34:00",home,rec_v1,18,0
12302,570,101,"2026-06-04 21:38:00",search,rec_v1,15,0
12303,964,84,"2026-07-13 18:41:00",home,rec_v1,10,0
12304,945,89,"2026-07-08 15:07:00",detail_page,rec_v1,18,0
12305,373,123,"2026-06-23 19:45:00",home,rec_v1,8,0
12306,969,47,"2026-06-28 09:35:00",search,rec_v1,20,0
12307,76,136,"2026-06-05 07:10:00",home,rec_v1,18,1
12308,98,24,"2026-07-05 00:04:00",search,rec_v1,17,0
12309,344,12,"2026-05-19 13:00:00",continue_watching,rec_v2,13,0
12310,345,88,"2026-07-12 18:42:00",search,rec_v1,18,0
12311,723,34,"2026-05-19 07:24:00",search,rec_v1,10,0
12312,15,104,"2026-06-06 19:32:00",continue_watching,rec_v1,5,1
12313,213,123,"2026-07-04 16:44:00",search,rec_v2,12,0
12314,969,93,"2026-07-13 11:19:00",home,rec_v2,6,0
12315,135,65,"2026-06-27 08:15:00",continue_watching,rec_v2,15,0
12316,666,80,"2026-05-15 13:26:00",home,rec_v2,17,0
12317,579,44,"2026-07-11 12:37:00",search,rec_v2,4,0
12318,659,62,"2026-07-01 10:02:00",search,rec_v1,5,0
12319,579,121,"2026-07-12 04:01:00",continue_watching,rec_v1,10,1
12320,862,130,"2026-05-03 20:33:00",search,rec_v2,13,0
12321,794,64,"2026-07-27 01:03:00",continue_watching,rec_v2,1,0
12322,666,110,"2026-07-24 15:10:00",continue_watching,rec_v2,10,1
12323,603,30,"2026-05-23 00:27:00",detail_page,rec_v2,1,0
12324,643,29,"2026-05-11 23:14:00",detail_page,rec_v1,6,0
12325,667,43,"2026-07-19 13:13:00",home,rec_v2,14,0
12326,334,118,"2026-06-20 19:46:00",home,rec_v1,13,0
12327,289,90,"2026-07-12 22:35:00",continue_watching,rec_v2,11,0
12328,791,26,"2026-05-18 18:43:00",home,rec_v1,12,0
12329,822,53,"2026-07-28 17:11:00",search,rec_v2,2,1
12330,119,23,"2026-05-06 05:56:00",home,rec_v2,13,1
12331,977,29,"2026-07-01 10:27:00",detail_page,rec_v1,15,0
12332,401,91,"2026-06-30 02:40:00",detail_page,rec_v2,12,0
12333,256,46,"2026-06-14 12:55:00",home,rec_v1,7,0
12334,41,42,"2026-07-27 09:49:00",home,rec_v1,1,0
12335,961,139,"2026-07-13 02:37:00",home,rec_v1,3,1
12336,790,30,"2026-06-09 12:07:00",home,rec_v2,6,1
12337,456,134,"2026-05-07 10:46:00",search,rec_v1,6,0
12338,320,78,"2026-06-18 19:22:00",continue_watching,rec_v2,7,0
12339,512,46,"2026-06-08 20:25:00",search,rec_v1,12,0
12340,918,86,"2026-06-07 05:43:00",search,rec_v1,19,0
12341,952,3,"2026-05-07 21:35:00",home,rec_v2,10,0
12342,66,91,"2026-05-27 02:36:00",home,rec_v1,19,0
12343,548,7,"2026-06-14 12:27:00",detail_page,rec_v1,3,0
12344,245,65,"2026-06-21 08:28:00",search,rec_v1,16,0
12345,423,95,"2026-05-09 23:54:00",continue_watching,rec_v1,7,0
12346,961,4,"2026-05-31 07:32:00",search,rec_v1,16,0
12347,908,136,"2026-06-03 03:06:00",search,rec_v2,17,0
12348,644,119,"2026-06-06 03:32:00",search,rec_v1,7,0
12349,418,149,"2026-05-19 16:36:00",search,rec_v1,10,0
12350,184,7,"2026-05-01 23:19:00",search,rec_v1,20,1
12351,651,137,"2026-05-16 11:04:00",home,rec_v2,13,0
12352,988,60,"2026-05-20 04:56:00",continue_watching,rec_v1,14,0
12353,129,92,"2026-06-07 11:36:00",detail_page,rec_v1,11,0
12354,382,52,"2026-05-27 19:27:00",home,rec_v1,12,0
12355,62,36,"2026-07-08 21:58:00",home,rec_v1,11,0
12356,282,81,"2026-05-31 12:47:00",search,rec_v2,1,0
12357,261,148,"2026-06-26 06:31:00",home,rec_v1,3,1
12358,589,144,"2026-05-04 11:00:00",home,rec_v1,17,0
12359,439,118,"2026-05-19 07:10:00",search,rec_v2,14,0
12360,308,134,"2026-06-19 19:04:00",home,rec_v1,4,0
12361,333,62,"2026-06-25 16:58:00",continue_watching,rec_v1,11,0
12362,224,48,"2026-07-20 05:54:00",continue_watching,rec_v1,12,0
12363,612,99,"2026-05-18 19:02:00",detail_page,rec_v1,10,1
12364,728,22,"2026-07-16 10:32:00",search,rec_v1,19,0
12365,584,71,"2026-07-26 11:29:00",detail_page,rec_v1,17,0
12366,767,20,"2026-05-30 23:08:00",home,rec_v1,17,0
12367,12,27,"2026-07-29 01:24:00",detail_page,rec_v2,6,0
12368,192,113,"2026-06-30 13:11:00",home,rec_v2,19,0
12369,333,133,"2026-06-30 21:52:00",search,rec_v2,15,0
12370,733,79,"2026-06-28 03:01:00",home,rec_v1,6,0
12371,185,83,"2026-07-04 05:08:00",home,rec_v1,10,0
12372,464,123,"2026-06-16 15:26:00",continue_watching,rec_v1,16,0
12373,757,58,"2026-07-04 07:54:00",home,rec_v2,12,0
12374,996,21,"2026-05-27 22:03:00",home,rec_v2,7,0
12375,767,127,"2026-07-29 17:37:00",search,rec_v2,5,0
12376,595,119,"2026-06-24 18:26:00",search,rec_v2,8,0
12377,181,9,"2026-05-07 06:42:00",search,rec_v1,4,1
12378,571,59,"2026-07-05 17:21:00",detail_page,rec_v2,5,0
12379,920,98,"2026-05-06 11:43:00",detail_page,rec_v1,10,0
12380,202,32,"2026-06-11 05:41:00",search,rec_v1,6,0
12381,863,126,"2026-05-23 01:32:00",search,rec_v2,8,0
12382,594,110,"2026-06-25 08:18:00",home,rec_v2,18,0
12383,38,5,"2026-05-10 06:20:00",continue_watching,rec_v2,11,0
12384,733,136,"2026-05-23 03:26:00",home,rec_v1,20,0
12385,317,1,"2026-05-15 00:25:00",search,rec_v1,8,1
12386,254,8,"2026-05-21 02:05:00",home,rec_v1,3,0
12387,526,19,"2026-07-27 23:22:00",home,rec_v1,2,0
12388,187,83,"2026-07-21 02:17:00",home,rec_v1,6,0
12389,10,79,"2026-05-27 00:07:00",home,rec_v2,20,0
12390,847,85,"2026-06-26 05:23:00",home,rec_v2,13,0
12391,907,91,"2026-05-30 09:10:00",continue_watching,rec_v1,3,0
12392,701,3,"2026-06-19 18:42:00",detail_page,rec_v2,19,0
12393,841,68,"2026-06-17 12:09:00",home,rec_v2,18,0
12394,525,57,"2026-05-17 11:20:00",search,rec_v1,13,0
12395,947,137,"2026-07-03 23:32:00",home,rec_v1,20,0
12396,319,84,"2026-05-17 00:29:00",continue_watching,rec_v2,14,1
12397,915,139,"2026-07-04 10:11:00",detail_page,rec_v1,6,0
12398,837,40,"2026-07-23 09:55:00",search,rec_v1,9,1
12399,913,69,"2026-05-20 20:23:00",continue_watching,rec_v1,9,0
12400,901,75,"2026-06-19 12:46:00",home,rec_v2,17,0
12401,563,94,"2026-06-23 20:11:00",home,rec_v2,20,0
12402,286,120,"2026-05-21 06:29:00",continue_watching,rec_v2,5,0
12403,967,116,"2026-06-10 09:59:00",home,rec_v2,8,0
12404,372,98,"2026-05-07 04:47:00",detail_page,rec_v1,18,1
12405,871,121,"2026-06-09 22:46:00",home,rec_v1,11,0
12406,502,107,"2026-05-15 03:13:00",home,rec_v2,17,0
12407,286,132,"2026-06-25 03:57:00",detail_page,rec_v1,10,0
12408,974,93,"2026-05-21 16:15:00",detail_page,rec_v2,6,0
12409,158,10,"2026-07-26 00:07:00",home,rec_v1,20,0
12410,424,89,"2026-05-15 04:28:00",search,rec_v2,2,0
12411,680,118,"2026-05-07 06:36:00",search,rec_v1,11,0
12412,557,43,"2026-05-14 10:43:00",continue_watching,rec_v1,12,0
12413,991,86,"2026-06-02 14:03:00",search,rec_v2,11,0
12414,197,68,"2026-06-25 18:44:00",detail_page,rec_v2,15,0
12415,628,126,"2026-05-21 20:44:00",search,rec_v1,19,1
12416,95,27,"2026-05-02 18:24:00",home,rec_v1,3,0
12417,949,132,"2026-06-28 09:27:00",search,rec_v2,5,1
12418,301,69,"2026-05-03 20:41:00",home,rec_v1,6,0
12419,461,114,"2026-05-17 01:03:00",home,rec_v2,10,0
12420,877,36,"2026-06-13 03:23:00",home,rec_v2,8,0
12421,115,121,"2026-05-17 10:13:00",home,rec_v1,15,0
12422,593,137,"2026-07-03 14:25:00",detail_page,rec_v1,17,0
12423,9,66,"2026-06-18 02:54:00",home,rec_v2,20,0
12424,578,128,"2026-06-20 04:49:00",continue_watching,rec_v1,13,0
12425,871,111,"2026-07-22 11:51:00",search,rec_v2,3,0
12426,542,115,"2026-07-03 23:09:00",search,rec_v2,9,0
12427,858,31,"2026-05-08 19:19:00",search,rec_v2,13,0
12428,454,67,"2026-06-22 03:47:00",detail_page,rec_v2,20,1
12429,495,21,"2026-07-10 05:21:00",detail_page,rec_v1,15,0
12430,831,63,"2026-07-22 06:37:00",detail_page,rec_v1,4,0
12431,869,92,"2026-06-14 09:12:00",home,rec_v1,10,0
12432,193,22,"2026-06-23 14:44:00",home,rec_v2,7,0
12433,322,124,"2026-05-27 09:25:00",home,rec_v2,13,0
12434,955,77,"2026-05-14 06:37:00",home,rec_v2,13,0
12435,292,89,"2026-07-27 07:10:00",detail_page,rec_v2,2,0
12436,117,132,"2026-07-29 08:45:00",home,rec_v2,6,1
12437,753,10,"2026-07-28 13:35:00",continue_watching,rec_v1,13,0
12438,833,79,"2026-05-20 02:03:00",home,rec_v1,20,0
12439,204,134,"2026-05-30 08:17:00",search,rec_v1,10,1
12440,709,134,"2026-07-06 13:19:00",home,rec_v1,11,0
12441,144,65,"2026-06-06 11:37:00",home,rec_v2,15,0
12442,42,48,"2026-05-07 02:23:00",detail_page,rec_v2,2,1
12443,208,140,"2026-07-11 15:34:00",detail_page,rec_v2,19,0
12444,463,26,"2026-07-17 04:05:00",continue_watching,rec_v1,5,0
12445,10,144,"2026-06-24 19:06:00",home,rec_v2,17,0
12446,166,94,"2026-05-06 17:12:00",search,rec_v2,20,0
12447,379,94,"2026-07-29 14:39:00",search,rec_v1,12,0
12448,306,107,"2026-05-01 20:42:00",home,rec_v1,4,0
12449,322,36,"2026-05-21 04:42:00",detail_page,rec_v1,8,0
12450,450,81,"2026-05-22 23:41:00",home,rec_v2,12,0
12451,787,22,"2026-05-14 12:10:00",continue_watching,rec_v1,13,0
12452,561,109,"2026-07-02 08:16:00",home,rec_v1,7,0
12453,275,96,"2026-07-12 01:09:00",detail_page,rec_v1,19,0
12454,723,15,"2026-07-09 19:35:00",continue_watching,rec_v2,16,1
12455,615,94,"2026-07-16 12:17:00",detail_page,rec_v1,14,0
12456,100,97,"2026-05-03 15:19:00",search,rec_v2,3,0
12457,258,94,"2026-07-02 20:16:00",home,rec_v1,2,0
12458,553,112,"2026-05-06 14:51:00",detail_page,rec_v2,12,1
12459,978,136,"2026-05-25 17:59:00",home,rec_v2,13,0
12460,720,146,"2026-05-03 21:00:00",home,rec_v1,15,0
12461,946,46,"2026-05-28 18:55:00",home,rec_v2,4,0
12462,2,109,"2026-07-17 12:38:00",detail_page,rec_v1,2,0
12463,179,93,"2026-06-20 06:09:00",detail_page,rec_v2,13,0
12464,955,39,"2026-07-01 05:26:00",home,rec_v2,7,0
12465,646,60,"2026-07-15 07:30:00",home,rec_v2,14,1
12466,930,114,"2026-06-06 18:15:00",search,rec_v2,14,0
12467,213,60,"2026-05-09 00:45:00",detail_page,rec_v2,9,0
12468,384,98,"2026-05-02 14:55:00",search,rec_v1,15,0
12469,697,121,"2026-06-06 00:54:00",home,rec_v2,4,0
12470,641,19,"2026-06-26 06:01:00",search,rec_v1,2,0
12471,151,81,"2026-05-02 13:08:00",search,rec_v2,7,0
12472,730,62,"2026-05-30 16:08:00",home,rec_v1,1,0
12473,741,40,"2026-07-15 21:18:00",home,rec_v1,15,0
12474,261,107,"2026-06-24 08:18:00",home,rec_v2,13,0
12475,306,146,"2026-06-17 21:58:00",home,rec_v2,10,0
12476,560,122,"2026-06-17 09:32:00",detail_page,rec_v2,7,0
12477,865,40,"2026-06-21 14:20:00",home,rec_v2,16,0
12478,950,9,"2026-06-28 17:32:00",detail_page,rec_v2,19,1
12479,580,6,"2026-05-15 21:21:00",home,rec_v2,18,1
12480,601,15,"2026-07-23 15:06:00",search,rec_v1,4,0
12481,25,48,"2026-07-25 04:39:00",search,rec_v1,7,0
12482,63,110,"2026-07-14 20:46:00",detail_page,rec_v2,3,0
12483,893,123,"2026-06-27 00:43:00",detail_page,rec_v1,3,1
12484,704,64,"2026-07-07 22:51:00",home,rec_v2,16,0
12485,874,43,"2026-06-01 11:15:00",home,rec_v2,8,0
12486,438,50,"2026-07-16 22:18:00",detail_page,rec_v1,6,0
12487,991,124,"2026-07-29 00:29:00",home,rec_v2,2,0
12488,342,118,"2026-07-06 12:09:00",search,rec_v2,16,0
12489,659,70,"2026-05-06 20:48:00",home,rec_v2,9,0
12490,887,134,"2026-06-09 22:38:00",search,rec_v1,12,0
12491,242,37,"2026-06-08 06:57:00",detail_page,rec_v2,14,0
12492,63,29,"2026-06-07 17:16:00",search,rec_v2,4,0
12493,723,69,"2026-06-12 14:26:00",continue_watching,rec_v1,5,1
12494,755,148,"2026-06-02 13:58:00",home,rec_v2,12,0
12495,27,101,"2026-07-14 09:47:00",home,rec_v2,8,0
12496,749,83,"2026-07-22 04:43:00",home,rec_v2,11,0
12497,434,133,"2026-07-01 02:58:00",home,rec_v2,9,0
12498,687,125,"2026-07-19 00:34:00",continue_watching,rec_v2,11,1
12499,42,5,"2026-05-06 18:59:00",detail_page,rec_v2,18,0
12500,441,76,"2026-07-25 11:03:00",search,rec_v1,8,0
12501,449,109,"2026-05-11 12:38:00",home,rec_v2,10,0
12502,325,138,"2026-06-14 19:15:00",home,rec_v1,6,0
12503,368,49,"2026-06-18 17:16:00",home,rec_v1,17,0
12504,456,64,"2026-05-12 01:51:00",home,rec_v1,2,0
12505,794,9,"2026-07-06 07:09:00",home,rec_v2,17,1
12506,692,118,"2026-07-12 04:48:00",home,rec_v1,16,0
12507,557,126,"2026-07-02 22:14:00",home,rec_v1,2,0
12508,306,62,"2026-05-15 02:08:00",home,rec_v2,2,0
12509,273,148,"2026-05-08 20:43:00",home,rec_v1,18,0
12510,658,143,"2026-05-08 05:13:00",home,rec_v2,19,0
12511,699,39,"2026-07-25 13:20:00",home,rec_v1,15,0
12512,963,34,"2026-06-30 10:51:00",continue_watching,rec_v2,9,0
12513,352,29,"2026-07-17 10:26:00",home,rec_v1,5,1
12514,685,52,"2026-05-25 11:30:00",continue_watching,rec_v2,17,1
12515,440,102,"2026-05-23 12:30:00",home,rec_v2,11,0
12516,912,68,"2026-06-16 16:40:00",search,rec_v2,8,0
12517,680,88,"2026-07-21 01:03:00",search,rec_v2,18,0
12518,647,149,"2026-06-23 05:27:00",home,rec_v1,8,0
12519,448,110,"2026-07-18 04:10:00",home,rec_v2,9,0
12520,968,40,"2026-05-26 13:05:00",home,rec_v2,12,0
12521,768,109,"2026-07-17 16:31:00",search,rec_v2,8,0
12522,984,36,"2026-07-18 00:16:00",home,rec_v1,5,0
12523,497,59,"2026-07-07 23:58:00",home,rec_v1,2,0
12524,710,16,"2026-05-14 14:24:00",home,rec_v2,14,0
12525,868,2,"2026-07-23 17:20:00",detail_page,rec_v2,2,1
12526,864,9,"2026-07-22 10:37:00",home,rec_v2,18,0
12527,144,53,"2026-07-12 21:25:00",home,rec_v2,20,0
12528,126,137,"2026-05-25 12:34:00",continue_watching,rec_v2,11,0
12529,90,115,"2026-05-06 02:22:00",continue_watching,rec_v2,18,0
12530,396,125,"2026-07-17 08:55:00",continue_watching,rec_v1,13,0
12531,533,117,"2026-06-22 07:52:00",search,rec_v1,17,0
12532,730,14,"2026-06-18 15:08:00",home,rec_v1,20,0
12533,37,5,"2026-06-01 22:54:00",home,rec_v1,13,0
12534,666,114,"2026-07-02 21:42:00",continue_watching,rec_v2,2,0
12535,577,37,"2026-05-16 03:06:00",continue_watching,rec_v2,2,0
12536,674,112,"2026-07-16 21:52:00",continue_watching,rec_v2,1,0
12537,841,104,"2026-05-24 00:04:00",home,rec_v2,9,0
12538,478,135,"2026-06-20 11:25:00",detail_page,rec_v2,14,0
12539,12,2,"2026-05-19 13:44:00",home,rec_v1,16,0
12540,706,118,"2026-06-15 21:27:00",home,rec_v2,13,0
12541,681,91,"2026-06-19 03:23:00",home,rec_v1,7,0
12542,651,24,"2026-05-14 03:28:00",search,rec_v2,11,0
12543,438,68,"2026-06-17 19:11:00",detail_page,rec_v1,19,0
12544,815,105,"2026-05-12 09:03:00",continue_watching,rec_v1,7,0
12545,331,70,"2026-05-21 22:38:00",home,rec_v2,9,0
12546,690,21,"2026-06-06 14:24:00",detail_page,rec_v1,11,0
12547,369,142,"2026-05-06 02:32:00",detail_page,rec_v1,16,0
12548,518,103,"2026-06-24 08:40:00",search,rec_v1,18,0
12549,969,117,"2026-07-09 18:56:00",home,rec_v1,12,0
12550,79,1,"2026-07-01 09:58:00",home,rec_v1,12,0
12551,242,84,"2026-05-13 03:24:00",home,rec_v1,2,1
12552,581,111,"2026-05-18 14:39:00",home,rec_v1,2,0
12553,741,104,"2026-05-23 03:10:00",home,rec_v1,13,0
12554,990,89,"2026-06-26 09:23:00",home,rec_v2,7,0
12555,326,13,"2026-05-09 07:30:00",home,rec_v1,17,1
12556,513,122,"2026-05-19 03:13:00",home,rec_v1,10,0
12557,893,32,"2026-07-27 17:56:00",detail_page,rec_v1,8,0
12558,177,39,"2026-05-16 17:38:00",continue_watching,rec_v2,3,0
12559,334,31,"2026-05-30 00:17:00",home,rec_v1,17,0
12560,291,143,"2026-07-09 09:20:00",search,rec_v2,20,0
12561,745,24,"2026-05-09 02:08:00",search,rec_v2,20,0
12562,32,33,"2026-05-11 16:07:00",continue_watching,rec_v2,18,0
12563,930,18,"2026-06-27 17:32:00",continue_watching,rec_v1,18,0
12564,314,128,"2026-07-11 00:05:00",home,rec_v2,4,1
12565,18,134,"2026-07-15 15:35:00",home,rec_v2,13,0
12566,542,32,"2026-06-08 14:16:00",detail_page,rec_v2,8,0
12567,486,52,"2026-05-03 04:55:00",search,rec_v1,19,1
12568,882,58,"2026-06-25 09:48:00",home,rec_v1,1,0
12569,288,14,"2026-06-05 13:07:00",home,rec_v1,9,0
12570,404,128,"2026-05-19 10:34:00",home,rec_v1,13,0
12571,392,20,"2026-07-18 09:36:00",search,rec_v1,11,0
12572,365,55,"2026-07-21 01:54:00",home,rec_v2,15,0
12573,250,20,"2026-07-13 03:53:00",continue_watching,rec_v2,11,0
12574,838,52,"2026-07-06 02:48:00",home,rec_v1,20,1
12575,77,100,"2026-07-25 00:05:00",home,rec_v1,17,0
12576,124,34,"2026-06-09 15:17:00",home,rec_v2,6,0
12577,642,107,"2026-07-29 23:34:00",home,rec_v2,19,0
12578,168,111,"2026-05-19 14:46:00",continue_watching,rec_v1,11,0
12579,720,43,"2026-06-11 14:24:00",detail_page,rec_v2,17,0
12580,497,109,"2026-06-06 00:22:00",home,rec_v1,19,0
12581,327,79,"2026-06-02 07:24:00",detail_page,rec_v1,11,0
12582,590,87,"2026-07-07 04:30:00",continue_watching,rec_v2,14,0
12583,963,77,"2026-07-08 09:32:00",search,rec_v1,16,0
12584,264,137,"2026-07-21 07:15:00",continue_watching,rec_v2,14,1
12585,674,81,"2026-06-26 16:52:00",home,rec_v1,16,0
12586,783,108,"2026-06-24 08:11:00",continue_watching,rec_v2,4,0
12587,92,119,"2026-05-15 04:53:00",continue_watching,rec_v2,17,0
12588,156,1,"2026-06-17 07:03:00",home,rec_v2,10,0
12589,24,34,"2026-06-17 23:45:00",continue_watching,rec_v1,14,0
12590,497,137,"2026-06-07 08:51:00",home,rec_v1,12,0
12591,536,3,"2026-05-24 07:14:00",home,rec_v1,20,0
12592,546,141,"2026-07-01 21:40:00",continue_watching,rec_v2,19,0
12593,342,2,"2026-05-28 02:48:00",home,rec_v2,7,0
12594,506,128,"2026-05-17 13:39:00",continue_watching,rec_v2,17,1
12595,559,41,"2026-07-03 09:23:00",search,rec_v1,19,0
12596,593,137,"2026-07-27 15:24:00",detail_page,rec_v2,8,0
12597,317,115,"2026-07-04 20:55:00",continue_watching,rec_v1,1,0
12598,800,87,"2026-07-14 13:36:00",home,rec_v2,18,0
12599,223,125,"2026-06-20 02:24:00",continue_watching,rec_v2,2,1
12600,526,112,"2026-06-29 01:03:00",search,rec_v1,12,0
12601,504,121,"2026-06-16 09:53:00",search,rec_v1,19,0
12602,844,95,"2026-06-29 15:02:00",detail_page,rec_v1,20,0
12603,956,26,"2026-06-18 11:43:00",home,rec_v1,11,0
12604,859,44,"2026-06-08 14:56:00",detail_page,rec_v1,17,0
12605,586,10,"2026-07-19 18:48:00",home,rec_v2,8,1
12606,500,144,"2026-05-11 00:09:00",home,rec_v1,8,1
12607,207,26,"2026-06-07 13:54:00",continue_watching,rec_v2,5,1
12608,744,53,"2026-06-22 04:39:00",home,rec_v1,13,0
12609,266,34,"2026-06-27 11:07:00",home,rec_v1,20,0
12610,944,41,"2026-06-28 00:09:00",search,rec_v2,1,0
12611,339,53,"2026-05-22 06:42:00",search,rec_v2,6,0
12612,461,68,"2026-05-10 17:29:00",search,rec_v1,11,0
12613,111,138,"2026-06-19 11:37:00",detail_page,rec_v1,17,0
12614,241,36,"2026-05-19 09:31:00",detail_page,rec_v1,20,0
12615,162,26,"2026-07-28 23:18:00",detail_page,rec_v2,17,0
12616,555,125,"2026-05-04 20:05:00",search,rec_v2,13,0
12617,270,16,"2026-07-16 20:56:00",search,rec_v2,4,0
12618,222,82,"2026-07-16 17:21:00",detail_page,rec_v1,3,0
12619,26,138,"2026-05-14 22:37:00",home,rec_v1,4,1
12620,788,76,"2026-07-01 23:05:00",search,rec_v2,3,0
12621,305,21,"2026-06-07 06:45:00",home,rec_v2,12,0
12622,538,70,"2026-07-25 08:37:00",home,rec_v2,15,0
12623,248,89,"2026-06-01 08:31:00",search,rec_v2,17,0
12624,328,128,"2026-06-05 02:52:00",search,rec_v1,13,0
12625,828,58,"2026-05-28 14:39:00",continue_watching,rec_v2,16,0
12626,568,115,"2026-05-22 09:21:00",home,rec_v1,19,0
12627,354,115,"2026-07-19 22:41:00",continue_watching,rec_v1,2,0
12628,731,76,"2026-07-15 13:45:00",home,rec_v2,2,0
12629,278,128,"2026-07-19 12:23:00",home,rec_v1,9,0
12630,877,56,"2026-07-24 19:36:00",search,rec_v1,14,1
12631,904,60,"2026-05-04 10:18:00",home,rec_v2,2,0
12632,342,120,"2026-07-05 20:52:00",home,rec_v2,10,0
12633,861,32,"2026-05-24 21:51:00",continue_watching,rec_v2,10,0
12634,32,25,"2026-07-01 07:15:00",detail_page,rec_v1,11,0
12635,779,64,"2026-05-07 13:01:00",continue_watching,rec_v2,16,0
12636,711,19,"2026-06-24 05:21:00",detail_page,rec_v2,3,0
12637,259,115,"2026-06-18 08:51:00",home,rec_v2,9,0
12638,628,119,"2026-07-08 21:13:00",detail_page,rec_v1,3,0
12639,734,6,"2026-06-16 19:33:00",search,rec_v2,9,0
12640,787,91,"2026-07-07 01:06:00",continue_watching,rec_v2,6,1
12641,861,77,"2026-07-29 03:22:00",detail_page,rec_v1,8,0
12642,587,86,"2026-05-10 21:05:00",continue_watching,rec_v1,9,0
12643,126,131,"2026-06-09 09:07:00",detail_page,rec_v1,1,0
12644,763,99,"2026-05-16 23:24:00",home,rec_v1,20,0
12645,274,23,"2026-07-25 20:42:00",home,rec_v1,10,0
12646,86,119,"2026-05-25 22:51:00",search,rec_v2,4,1
12647,132,83,"2026-07-29 08:12:00",detail_page,rec_v2,4,0
12648,960,88,"2026-05-02 15:28:00",search,rec_v1,13,0
12649,492,122,"2026-05-19 08:49:00",continue_watching,rec_v2,18,0
12650,322,27,"2026-06-11 00:10:00",search,rec_v2,5,0
12651,697,118,"2026-07-14 06:36:00",home,rec_v2,1,0
12652,288,98,"2026-05-30 22:35:00",search,rec_v2,8,0
12653,877,113,"2026-07-26 10:44:00",search,rec_v1,12,0
12654,780,137,"2026-06-28 11:03:00",home,rec_v1,1,0
12655,838,138,"2026-07-12 11:10:00",continue_watching,rec_v1,20,0
12656,612,49,"2026-06-16 00:18:00",home,rec_v2,7,0
12657,321,60,"2026-05-16 12:47:00",detail_page,rec_v2,17,0
12658,561,134,"2026-07-24 03:49:00",search,rec_v1,5,1
12659,965,68,"2026-07-12 14:52:00",home,rec_v2,10,0
12660,435,29,"2026-06-29 21:27:00",home,rec_v2,11,0
12661,519,54,"2026-07-08 23:15:00",detail_page,rec_v2,9,1
12662,713,34,"2026-05-14 07:02:00",continue_watching,rec_v2,9,0
12663,264,124,"2026-06-06 11:17:00",continue_watching,rec_v2,4,1
12664,683,113,"2026-05-11 20:23:00",detail_page,rec_v1,20,0
12665,935,142,"2026-05-18 16:10:00",continue_watching,rec_v1,3,0
12666,747,40,"2026-07-04 11:08:00",detail_page,rec_v1,9,1
12667,381,104,"2026-07-22 13:28:00",search,rec_v2,18,0
12668,335,112,"2026-05-07 01:11:00",home,rec_v2,6,0
12669,702,85,"2026-06-08 02:56:00",home,rec_v1,7,0
12670,573,57,"2026-07-06 13:49:00",detail_page,rec_v1,5,0
12671,429,124,"2026-07-29 04:16:00",home,rec_v2,16,0
12672,199,113,"2026-06-22 09:28:00",continue_watching,rec_v1,1,0
12673,516,78,"2026-07-04 13:34:00",search,rec_v2,18,0
12674,378,97,"2026-06-24 02:14:00",detail_page,rec_v1,7,0
12675,171,17,"2026-05-16 08:14:00",home,rec_v2,9,0
12676,689,43,"2026-06-23 02:34:00",search,rec_v1,5,0
12677,431,28,"2026-05-29 08:57:00",home,rec_v1,12,1
12678,339,47,"2026-06-10 19:27:00",search,rec_v1,10,1
12679,294,112,"2026-07-15 01:12:00",continue_watching,rec_v1,17,0
12680,543,46,"2026-05-21 21:31:00",home,rec_v2,18,1
12681,366,41,"2026-06-28 07:21:00",search,rec_v2,15,0
12682,295,111,"2026-07-28 02:28:00",home,rec_v1,7,0
12683,707,98,"2026-05-06 14:42:00",search,rec_v2,13,0
12684,557,149,"2026-06-03 16:00:00",detail_page,rec_v1,2,0
12685,873,122,"2026-06-26 15:49:00",home,rec_v1,14,0
12686,460,136,"2026-07-26 08:31:00",continue_watching,rec_v2,14,0
12687,385,143,"2026-05-14 07:38:00",search,rec_v1,19,0
12688,145,140,"2026-05-07 01:56:00",home,rec_v2,4,0
12689,407,140,"2026-05-15 00:07:00",continue_watching,rec_v2,13,0
12690,329,131,"2026-06-19 20:10:00",home,rec_v1,6,0
12691,435,59,"2026-05-26 10:29:00",search,rec_v1,9,0
12692,740,21,"2026-06-29 23:20:00",home,rec_v1,3,0
12693,456,111,"2026-05-17 10:28:00",continue_watching,rec_v2,1,1
12694,983,32,"2026-07-10 07:13:00",continue_watching,rec_v1,18,0
12695,71,67,"2026-06-03 06:34:00",home,rec_v2,12,0
12696,6,73,"2026-06-05 22:29:00",detail_page,rec_v2,16,0
12697,377,82,"2026-07-23 07:46:00",home,rec_v2,14,0
12698,713,18,"2026-05-30 20:09:00",continue_watching,rec_v2,15,1
12699,637,18,"2026-06-26 04:39:00",home,rec_v2,20,0
12700,287,89,"2026-06-27 21:20:00",home,rec_v2,7,0
12701,566,20,"2026-07-08 23:00:00",search,rec_v1,9,0
12702,805,4,"2026-06-23 22:28:00",home,rec_v1,19,0
12703,269,85,"2026-05-21 04:24:00",home,rec_v1,3,0
12704,858,134,"2026-05-24 13:04:00",continue_watching,rec_v2,3,0
12705,413,106,"2026-07-19 08:03:00",detail_page,rec_v2,12,0
12706,927,49,"2026-07-26 01:56:00",continue_watching,rec_v1,14,0
12707,206,149,"2026-07-21 10:54:00",home,rec_v1,4,0
12708,951,127,"2026-06-04 13:11:00",home,rec_v1,20,0
12709,870,60,"2026-05-14 07:43:00",search,rec_v1,15,0
12710,384,17,"2026-05-26 20:14:00",detail_page,rec_v1,4,0
12711,337,74,"2026-06-10 01:10:00",search,rec_v2,17,0
12712,412,92,"2026-06-01 19:56:00",home,rec_v2,6,1
12713,138,19,"2026-06-10 13:56:00",home,rec_v1,4,0
12714,807,136,"2026-07-18 01:52:00",search,rec_v2,15,0
12715,831,89,"2026-06-10 23:42:00",continue_watching,rec_v2,6,1
12716,672,7,"2026-06-18 04:01:00",home,rec_v2,8,0
12717,39,44,"2026-05-01 14:38:00",search,rec_v2,5,0
12718,433,142,"2026-06-30 23:40:00",detail_page,rec_v1,9,0
12719,4,128,"2026-06-01 20:24:00",detail_page,rec_v2,2,0
12720,922,144,"2026-06-04 03:08:00",home,rec_v2,6,1
12721,544,25,"2026-05-27 21:01:00",home,rec_v1,18,0
12722,191,100,"2026-07-08 11:59:00",home,rec_v2,15,0
12723,931,109,"2026-06-24 07:55:00",home,rec_v1,7,0
12724,272,77,"2026-07-05 09:23:00",detail_page,rec_v1,9,0
12725,217,70,"2026-05-02 01:31:00",home,rec_v2,3,0
12726,726,135,"2026-07-14 20:55:00",home,rec_v2,7,0
12727,897,67,"2026-06-06 14:56:00",home,rec_v1,3,0
12728,11,141,"2026-06-28 14:10:00",home,rec_v1,5,0
12729,605,142,"2026-05-13 19:04:00",home,rec_v2,6,0
12730,884,101,"2026-06-11 10:31:00",detail_page,rec_v1,15,0
12731,386,103,"2026-07-10 21:42:00",detail_page,rec_v1,1,0
12732,51,19,"2026-05-13 04:45:00",search,rec_v2,9,0
12733,963,43,"2026-05-06 15:22:00",detail_page,rec_v1,3,0
12734,522,56,"2026-07-03 04:46:00",search,rec_v1,18,0
12735,7,87,"2026-07-22 02:32:00",home,rec_v2,20,0
12736,721,137,"2026-05-30 02:48:00",continue_watching,rec_v2,12,0
12737,302,80,"2026-05-31 03:32:00",home,rec_v1,13,0
12738,854,126,"2026-07-19 21:21:00",search,rec_v2,19,0
12739,585,15,"2026-05-20 08:09:00",home,rec_v1,17,0
12740,118,149,"2026-05-30 14:01:00",continue_watching,rec_v1,1,1
12741,751,100,"2026-06-24 07:21:00",detail_page,rec_v2,9,1
12742,932,148,"2026-06-24 03:16:00",home,rec_v2,19,0
12743,173,60,"2026-06-04 05:01:00",home,rec_v2,9,0
12744,460,116,"2026-07-17 02:13:00",detail_page,rec_v2,15,0
12745,549,146,"2026-05-21 23:35:00",search,rec_v1,7,0
12746,489,36,"2026-07-19 03:21:00",home,rec_v1,15,0
12747,953,43,"2026-06-25 01:03:00",continue_watching,rec_v1,9,0
12748,949,116,"2026-07-19 09:52:00",detail_page,rec_v2,15,0
12749,615,62,"2026-07-16 19:49:00",home,rec_v2,6,0
12750,290,73,"2026-07-10 18:29:00",search,rec_v1,20,0
12751,691,39,"2026-07-11 01:39:00",search,rec_v1,8,0
12752,813,9,"2026-06-21 16:01:00",search,rec_v1,5,0
12753,241,95,"2026-05-14 02:19:00",home,rec_v2,18,0
12754,454,26,"2026-05-14 08:08:00",home,rec_v2,16,0
12755,644,46,"2026-06-09 09:04:00",search,rec_v2,11,0
12756,374,4,"2026-07-26 01:37:00",home,rec_v1,17,0
12757,917,3,"2026-05-28 06:36:00",continue_watching,rec_v1,10,0
12758,429,68,"2026-07-08 11:20:00",home,rec_v1,2,0
12759,296,144,"2026-05-04 19:38:00",continue_watching,rec_v1,8,0
12760,914,138,"2026-06-04 01:43:00",home,rec_v1,16,0
12761,190,109,"2026-06-28 05:06:00",home,rec_v2,11,0
12762,842,49,"2026-06-19 00:05:00",detail_page,rec_v2,6,1
12763,342,123,"2026-07-17 19:54:00",home,rec_v2,1,0
12764,789,73,"2026-05-26 15:11:00",home,rec_v1,4,0
12765,296,50,"2026-05-17 07:21:00",detail_page,rec_v2,9,0
12766,5,58,"2026-07-21 07:47:00",search,rec_v1,16,0
12767,534,113,"2026-06-20 20:19:00",home,rec_v1,12,0
12768,49,94,"2026-06-06 13:13:00",search,rec_v1,18,0
12769,401,14,"2026-07-28 22:55:00",search,rec_v2,6,0
12770,385,118,"2026-07-10 00:02:00",home,rec_v2,5,1
12771,965,6,"2026-07-02 18:04:00",search,rec_v2,6,0
12772,376,90,"2026-07-09 12:32:00",home,rec_v1,19,0
12773,177,88,"2026-06-21 22:52:00",home,rec_v1,15,0
12774,921,22,"2026-07-01 09:11:00",home,rec_v1,4,0
12775,326,30,"2026-05-10 21:55:00",home,rec_v1,15,0
12776,683,127,"2026-06-09 05:32:00",continue_watching,rec_v1,6,1
12777,133,63,"2026-06-18 08:39:00",search,rec_v1,9,0
12778,455,85,"2026-06-19 02:23:00",home,rec_v1,15,0
12779,129,125,"2026-06-29 13:44:00",detail_page,rec_v1,13,0
12780,762,6,"2026-06-24 15:56:00",detail_page,rec_v1,15,0
12781,371,143,"2026-06-26 17:29:00",home,rec_v2,5,0
12782,224,14,"2026-05-24 13:18:00",home,rec_v1,9,0
12783,415,147,"2026-06-09 15:52:00",home,rec_v1,2,0
12784,600,103,"2026-05-25 18:52:00",detail_page,rec_v1,9,0
12785,374,100,"2026-07-11 21:25:00",search,rec_v1,20,0
12786,126,28,"2026-07-10 22:46:00",home,rec_v1,19,0
12787,830,69,"2026-07-19 10:00:00",home,rec_v2,4,0
12788,793,23,"2026-06-11 03:31:00",detail_page,rec_v1,9,0
12789,401,5,"2026-05-22 05:29:00",search,rec_v1,4,0
12790,103,127,"2026-05-10 15:08:00",search,rec_v2,3,0
12791,237,107,"2026-07-13 15:43:00",home,rec_v1,8,0
12792,460,40,"2026-05-10 16:13:00",detail_page,rec_v1,8,0
12793,766,133,"2026-07-01 19:37:00",search,rec_v1,16,0
12794,83,132,"2026-05-29 11:02:00",home,rec_v2,16,0
12795,546,135,"2026-05-07 01:54:00",home,rec_v1,6,1
12796,527,51,"2026-07-19 11:23:00",detail_page,rec_v1,14,0
12797,88,42,"2026-06-16 16:28:00",detail_page,rec_v1,14,0
12798,307,10,"2026-05-23 22:07:00",search,rec_v2,8,0
12799,341,6,"2026-06-19 04:26:00",detail_page,rec_v1,20,1
12800,432,3,"2026-07-20 22:56:00",detail_page,rec_v1,19,0
12801,414,100,"2026-07-23 18:04:00",home,rec_v2,2,0
12802,375,104,"2026-07-20 03:08:00",home,rec_v2,11,0
12803,530,23,"2026-07-02 01:42:00",home,rec_v1,9,0
12804,996,130,"2026-06-03 00:12:00",home,rec_v2,4,0
12805,906,122,"2026-07-28 22:08:00",continue_watching,rec_v2,6,0
12806,858,65,"2026-07-13 01:14:00",home,rec_v1,10,0
12807,944,38,"2026-05-18 12:56:00",detail_page,rec_v2,12,0
12808,607,146,"2026-07-20 22:53:00",continue_watching,rec_v2,9,0
12809,412,109,"2026-05-16 14:48:00",detail_page,rec_v2,16,0
12810,363,85,"2026-07-09 00:32:00",home,rec_v2,1,0
12811,485,142,"2026-07-21 15:01:00",search,rec_v2,13,0
12812,621,3,"2026-05-14 21:49:00",search,rec_v2,2,0
12813,130,25,"2026-06-16 09:04:00",home,rec_v2,18,0
12814,672,10,"2026-06-06 17:24:00",home,rec_v2,20,0
12815,844,150,"2026-06-08 22:32:00",home,rec_v2,4,0
12816,933,122,"2026-06-24 05:54:00",continue_watching,rec_v1,7,0
12817,116,112,"2026-07-27 20:31:00",detail_page,rec_v2,17,0
12818,63,86,"2026-07-19 05:15:00",detail_page,rec_v2,12,0
12819,307,117,"2026-06-22 15:05:00",search,rec_v1,5,1
12820,119,93,"2026-06-19 02:49:00",detail_page,rec_v2,19,1
12821,766,16,"2026-05-24 09:05:00",home,rec_v1,2,0
12822,624,44,"2026-06-23 11:35:00",home,rec_v2,6,0
12823,307,9,"2026-07-05 02:42:00",home,rec_v1,8,0
12824,211,45,"2026-06-04 20:54:00",home,rec_v1,17,0
12825,453,47,"2026-07-10 01:37:00",home,rec_v2,13,0
12826,706,85,"2026-06-06 18:00:00",home,rec_v2,17,0
12827,142,16,"2026-05-12 18:29:00",detail_page,rec_v2,7,0
12828,783,98,"2026-07-08 11:56:00",search,rec_v1,1,1
12829,564,24,"2026-06-07 00:30:00",search,rec_v2,18,0
12830,317,17,"2026-07-25 13:04:00",home,rec_v1,3,0
12831,884,51,"2026-06-26 12:48:00",detail_page,rec_v1,4,0
12832,252,58,"2026-05-05 09:07:00",continue_watching,rec_v2,17,0
12833,639,124,"2026-06-14 21:15:00",home,rec_v1,10,0
12834,359,32,"2026-06-21 17:07:00",search,rec_v1,19,1
12835,304,95,"2026-06-24 14:49:00",search,rec_v1,10,0
12836,109,136,"2026-06-14 17:36:00",home,rec_v2,4,0
12837,885,132,"2026-06-01 14:29:00",detail_page,rec_v1,10,0
12838,182,4,"2026-05-15 00:17:00",continue_watching,rec_v1,8,0
12839,571,39,"2026-05-06 00:17:00",home,rec_v2,7,0
12840,906,61,"2026-05-17 10:53:00",search,rec_v1,18,0
12841,699,55,"2026-05-30 10:37:00",home,rec_v2,4,1
12842,473,140,"2026-05-28 18:44:00",home,rec_v2,11,0
12843,666,46,"2026-07-17 03:32:00",continue_watching,rec_v2,16,0
12844,200,54,"2026-05-09 16:09:00",detail_page,rec_v2,9,0
12845,607,103,"2026-07-26 13:06:00",home,rec_v2,7,0
12846,891,6,"2026-07-15 15:02:00",detail_page,rec_v2,7,0
12847,592,139,"2026-06-23 04:01:00",detail_page,rec_v1,20,1
12848,375,146,"2026-07-26 10:22:00",continue_watching,rec_v2,1,0
12849,131,137,"2026-05-07 01:49:00",home,rec_v1,7,0
12850,387,130,"2026-06-15 20:06:00",detail_page,rec_v1,2,1
12851,741,106,"2026-07-07 13:20:00",home,rec_v2,9,1
12852,523,21,"2026-06-30 08:50:00",detail_page,rec_v2,16,0
12853,958,62,"2026-07-13 08:14:00",home,rec_v1,19,0
12854,806,44,"2026-07-05 11:28:00",continue_watching,rec_v1,17,0
12855,857,23,"2026-07-03 09:35:00",home,rec_v2,10,0
12856,248,89,"2026-05-08 13:41:00",search,rec_v2,18,0
12857,220,133,"2026-05-31 19:37:00",continue_watching,rec_v2,15,0
12858,143,103,"2026-06-11 04:01:00",search,rec_v1,7,0
12859,354,132,"2026-06-21 00:26:00",search,rec_v1,11,0
12860,167,82,"2026-05-31 08:52:00",search,rec_v2,10,0
12861,877,140,"2026-06-14 04:33:00",detail_page,rec_v2,2,0
12862,184,11,"2026-05-15 14:13:00",home,rec_v2,17,0
12863,176,57,"2026-07-05 01:32:00",continue_watching,rec_v1,5,0
12864,276,8,"2026-05-14 04:49:00",continue_watching,rec_v1,17,0
12865,552,124,"2026-06-15 23:17:00",home,rec_v1,17,0
12866,747,100,"2026-06-20 19:04:00",continue_watching,rec_v2,4,0
12867,589,21,"2026-07-20 11:28:00",home,rec_v2,18,0
12868,871,4,"2026-05-09 01:41:00",home,rec_v2,4,1
12869,769,70,"2026-07-01 06:49:00",home,rec_v1,14,0
12870,323,19,"2026-06-14 04:15:00",search,rec_v1,3,0
12871,647,122,"2026-06-03 08:31:00",search,rec_v1,4,0
12872,402,39,"2026-07-14 05:27:00",home,rec_v2,11,0
12873,780,27,"2026-07-21 13:52:00",detail_page,rec_v2,16,0
12874,903,108,"2026-05-29 07:07:00",continue_watching,rec_v1,2,0
12875,32,54,"2026-07-27 08:29:00",home,rec_v1,11,0
12876,841,138,"2026-07-17 17:51:00",detail_page,rec_v2,5,0
12877,161,132,"2026-05-30 03:02:00",detail_page,rec_v2,4,1
12878,541,101,"2026-06-19 23:05:00",home,rec_v2,11,1
12879,135,28,"2026-06-05 01:53:00",detail_page,rec_v1,3,0
12880,955,99,"2026-06-11 03:54:00",detail_page,rec_v2,16,1
12881,34,8,"2026-06-04 18:48:00",home,rec_v2,16,0
12882,625,72,"2026-05-28 19:54:00",home,rec_v1,16,0
12883,38,57,"2026-05-06 13:35:00",home,rec_v2,8,0
12884,251,20,"2026-05-10 17:22:00",home,rec_v2,7,0
12885,45,30,"2026-05-22 00:11:00",continue_watching,rec_v1,9,0
12886,489,74,"2026-05-17 10:14:00",continue_watching,rec_v2,9,0
12887,927,56,"2026-05-30 18:42:00",home,rec_v1,10,0
12888,537,70,"2026-05-02 17:39:00",home,rec_v2,18,0
12889,464,79,"2026-05-25 10:57:00",search,rec_v1,4,0
12890,933,118,"2026-06-08 11:28:00",home,rec_v2,6,0
12891,775,41,"2026-07-08 23:35:00",home,rec_v2,5,0
12892,698,18,"2026-05-28 19:51:00",home,rec_v1,9,0
12893,8,16,"2026-05-25 12:33:00",detail_page,rec_v2,7,0
12894,736,140,"2026-06-07 21:45:00",continue_watching,rec_v2,15,0
12895,351,23,"2026-06-16 14:44:00",home,rec_v2,4,0
12896,853,49,"2026-07-10 05:49:00",home,rec_v2,1,0
12897,982,104,"2026-07-18 19:24:00",home,rec_v2,7,0
12898,571,121,"2026-07-16 06:19:00",home,rec_v2,20,0
12899,166,19,"2026-05-01 16:01:00",home,rec_v1,12,0
12900,251,113,"2026-07-21 16:28:00",search,rec_v1,9,1
12901,456,14,"2026-06-17 08:24:00",search,rec_v2,12,0
12902,218,2,"2026-06-10 18:08:00",home,rec_v1,6,0
12903,717,38,"2026-07-01 05:39:00",search,rec_v2,15,0
12904,575,115,"2026-05-22 05:47:00",continue_watching,rec_v1,10,1
12905,41,66,"2026-07-05 19:09:00",continue_watching,rec_v2,12,0
12906,280,99,"2026-06-05 17:17:00",detail_page,rec_v2,5,0
12907,106,53,"2026-05-06 19:10:00",home,rec_v2,2,1
12908,188,102,"2026-06-01 08:09:00",home,rec_v1,8,0
12909,879,116,"2026-06-18 15:06:00",home,rec_v1,15,0
12910,185,62,"2026-05-23 05:07:00",home,rec_v2,20,0
12911,189,11,"2026-06-16 17:06:00",home,rec_v2,2,1
12912,312,56,"2026-07-01 05:32:00",home,rec_v1,11,0
12913,509,108,"2026-07-21 18:36:00",continue_watching,rec_v1,20,0
12914,700,133,"2026-06-01 22:52:00",continue_watching,rec_v2,5,0
12915,495,14,"2026-05-26 02:21:00",detail_page,rec_v2,12,0
12916,106,57,"2026-07-19 23:23:00",search,rec_v2,8,0
12917,974,105,"2026-06-04 15:28:00",home,rec_v1,7,0
12918,522,140,"2026-06-20 04:36:00",home,rec_v2,15,0
12919,328,7,"2026-07-26 15:47:00",home,rec_v2,12,0
12920,825,140,"2026-07-08 18:25:00",detail_page,rec_v1,2,1
12921,176,139,"2026-05-31 13:00:00",continue_watching,rec_v1,2,0
12922,104,3,"2026-06-09 20:10:00",search,rec_v1,17,0
12923,914,127,"2026-06-23 11:48:00",detail_page,rec_v1,18,0
12924,305,87,"2026-06-07 01:58:00",home,rec_v2,8,0
12925,757,142,"2026-05-22 19:20:00",home,rec_v1,2,0
12926,236,143,"2026-06-04 03:18:00",continue_watching,rec_v1,14,1
12927,683,40,"2026-07-03 15:55:00",detail_page,rec_v2,18,0
12928,682,47,"2026-07-03 08:25:00",search,rec_v1,2,0
12929,712,7,"2026-07-16 09:43:00",detail_page,rec_v1,6,0
12930,324,24,"2026-05-14 20:41:00",home,rec_v1,2,0
12931,231,50,"2026-05-20 12:59:00",continue_watching,rec_v2,5,1
12932,146,65,"2026-05-01 23:21:00",detail_page,rec_v1,16,0
12933,174,93,"2026-06-26 04:04:00",home,rec_v2,16,0
12934,206,57,"2026-07-20 14:12:00",continue_watching,rec_v2,16,0
12935,457,110,"2026-05-15 18:12:00",detail_page,rec_v1,20,0
12936,355,105,"2026-05-02 17:34:00",home,rec_v2,10,1
12937,38,37,"2026-06-10 11:22:00",home,rec_v2,18,0
12938,947,106,"2026-07-23 22:52:00",search,rec_v2,18,0
12939,988,31,"2026-06-09 11:38:00",home,rec_v1,5,0
12940,313,139,"2026-05-18 13:52:00",detail_page,rec_v2,13,0
12941,660,102,"2026-07-22 01:52:00",detail_page,rec_v2,7,1
12942,133,120,"2026-07-08 21:25:00",detail_page,rec_v2,7,0
12943,984,143,"2026-07-18 19:02:00",home,rec_v1,7,1
12944,162,125,"2026-05-26 18:56:00",continue_watching,rec_v1,6,0
12945,169,35,"2026-05-30 19:00:00",home,rec_v2,8,0
12946,894,51,"2026-07-08 20:09:00",continue_watching,rec_v1,13,0
12947,106,124,"2026-06-05 05:24:00",continue_watching,rec_v2,7,0
12948,4,47,"2026-07-13 07:06:00",home,rec_v1,11,0
12949,636,144,"2026-05-24 13:02:00",detail_page,rec_v2,15,0
12950,264,137,"2026-06-30 04:47:00",detail_page,rec_v2,15,0
12951,743,103,"2026-06-15 06:08:00",home,rec_v2,19,0
12952,783,131,"2026-06-03 00:03:00",search,rec_v2,18,0
12953,746,5,"2026-06-24 01:51:00",detail_page,rec_v1,18,1
12954,61,52,"2026-05-20 14:12:00",detail_page,rec_v2,13,0
12955,438,73,"2026-07-01 18:27:00",search,rec_v2,19,0
12956,327,24,"2026-05-28 05:14:00",detail_page,rec_v2,15,0
12957,655,41,"2026-06-21 02:23:00",home,rec_v1,11,0
12958,430,12,"2026-05-30 12:38:00",home,rec_v2,3,0
12959,606,118,"2026-06-11 16:55:00",search,rec_v1,20,0
12960,467,57,"2026-05-12 01:53:00",home,rec_v1,5,0
12961,501,96,"2026-07-20 17:49:00",detail_page,rec_v1,11,0
12962,19,40,"2026-07-16 17:13:00",home,rec_v2,3,0
12963,919,36,"2026-07-13 07:05:00",home,rec_v2,4,0
12964,768,7,"2026-06-01 21:57:00",home,rec_v1,14,0
12965,807,100,"2026-05-23 14:19:00",search,rec_v2,20,1
12966,289,134,"2026-07-23 18:44:00",home,rec_v1,4,0
12967,111,123,"2026-05-05 11:25:00",detail_page,rec_v2,18,0
12968,690,27,"2026-07-25 10:13:00",home,rec_v2,14,0
12969,679,112,"2026-05-03 23:11:00",home,rec_v2,5,0
12970,709,93,"2026-05-02 21:04:00",search,rec_v1,6,0
12971,674,43,"2026-06-02 05:43:00",search,rec_v2,4,0
12972,667,45,"2026-07-29 05:06:00",detail_page,rec_v2,12,0
12973,155,133,"2026-07-19 18:45:00",search,rec_v1,12,0
12974,311,18,"2026-07-17 03:25:00",search,rec_v1,19,0
12975,212,11,"2026-05-30 18:59:00",home,rec_v2,18,0
12976,67,121,"2026-07-20 09:48:00",home,rec_v1,1,0
12977,741,83,"2026-07-01 16:02:00",continue_watching,rec_v2,19,0
12978,55,72,"2026-05-09 19:23:00",detail_page,rec_v2,9,0
12979,639,148,"2026-05-25 02:30:00",continue_watching,rec_v1,3,0
12980,734,108,"2026-06-08 03:38:00",continue_watching,rec_v1,19,0
12981,496,55,"2026-05-05 15:49:00",search,rec_v2,8,0
12982,634,62,"2026-07-20 23:10:00",home,rec_v1,16,0
12983,573,83,"2026-07-11 11:51:00",detail_page,rec_v2,16,0
12984,315,146,"2026-06-24 02:07:00",home,rec_v1,19,0
12985,606,57,"2026-06-10 03:47:00",home,rec_v1,16,0
12986,730,130,"2026-06-04 00:47:00",home,rec_v1,13,0
12987,869,90,"2026-05-06 03:20:00",home,rec_v1,10,0
12988,553,75,"2026-06-06 11:20:00",home,rec_v1,4,0
12989,826,119,"2026-05-09 02:41:00",home,rec_v1,2,1
12990,866,129,"2026-07-12 10:33:00",continue_watching,rec_v1,7,0
12991,188,12,"2026-05-12 16:30:00",detail_page,rec_v1,12,0
12992,170,47,"2026-06-07 03:52:00",continue_watching,rec_v2,11,0
12993,229,31,"2026-05-29 19:34:00",continue_watching,rec_v1,5,0
12994,39,29,"2026-05-09 17:22:00",search,rec_v2,18,0
12995,99,77,"2026-06-01 18:57:00",detail_page,rec_v2,9,0
12996,80,36,"2026-07-24 13:00:00",detail_page,rec_v2,14,0
12997,55,15,"2026-05-10 22:32:00",home,rec_v2,8,0
12998,217,119,"2026-06-12 00:37:00",home,rec_v1,10,0
12999,607,41,"2026-07-05 21:45:00",home,rec_v2,10,0
13000,327,138,"2026-05-31 07:59:00",home,rec_v1,2,1
13001,616,44,"2026-05-05 23:55:00",search,rec_v1,12,0
13002,490,38,"2026-06-26 13:39:00",search,rec_v1,8,0
13003,657,85,"2026-06-08 05:18:00",home,rec_v1,5,0
13004,400,8,"2026-05-12 01:33:00",continue_watching,rec_v2,11,0
13005,769,100,"2026-07-03 19:21:00",search,rec_v1,8,0
13006,269,128,"2026-07-06 11:22:00",home,rec_v2,19,0
13007,491,13,"2026-06-13 02:43:00",continue_watching,rec_v1,15,0
13008,560,125,"2026-05-22 23:09:00",home,rec_v1,18,0
13009,732,97,"2026-06-25 06:14:00",search,rec_v2,2,0
13010,235,132,"2026-06-17 22:25:00",home,rec_v2,12,0
13011,637,30,"2026-06-27 05:59:00",home,rec_v2,10,0
13012,414,89,"2026-07-23 01:24:00",home,rec_v2,11,0
13013,736,64,"2026-06-25 16:49:00",detail_page,rec_v2,18,0
13014,64,18,"2026-05-05 06:27:00",continue_watching,rec_v2,13,0
13015,886,135,"2026-05-16 04:25:00",search,rec_v2,14,0
13016,586,114,"2026-07-10 11:54:00",home,rec_v2,17,0
13017,548,102,"2026-07-18 02:55:00",detail_page,rec_v1,5,0
13018,474,87,"2026-07-27 15:08:00",home,rec_v1,11,0
13019,915,11,"2026-07-13 02:03:00",search,rec_v1,9,0
13020,283,1,"2026-05-19 22:08:00",home,rec_v1,18,0
13021,333,83,"2026-05-26 16:46:00",home,rec_v2,16,0
13022,129,137,"2026-07-05 22:52:00",search,rec_v1,19,0
13023,986,104,"2026-06-17 12:37:00",search,rec_v1,5,0
13024,103,139,"2026-05-29 20:41:00",search,rec_v2,8,0
13025,617,42,"2026-07-16 18:30:00",search,rec_v2,18,0
13026,396,89,"2026-07-15 06:21:00",home,rec_v2,5,0
13027,403,55,"2026-05-06 11:22:00",continue_watching,rec_v1,2,0
13028,38,61,"2026-07-02 20:33:00",search,rec_v1,1,0
13029,464,70,"2026-07-22 06:19:00",home,rec_v2,2,1
13030,457,37,"2026-06-24 02:20:00",detail_page,rec_v2,10,0
13031,261,98,"2026-07-26 11:42:00",detail_page,rec_v1,13,0
13032,636,100,"2026-05-26 21:31:00",home,rec_v2,8,0
13033,399,58,"2026-06-27 07:21:00",home,rec_v2,8,0
13034,736,94,"2026-05-29 14:20:00",detail_page,rec_v2,1,0
13035,36,127,"2026-06-15 12:43:00",home,rec_v2,1,0
13036,964,44,"2026-06-23 20:04:00",continue_watching,rec_v2,19,1
13037,84,86,"2026-07-27 02:14:00",search,rec_v2,8,1
13038,380,35,"2026-05-20 04:27:00",continue_watching,rec_v1,11,0
13039,186,38,"2026-05-04 03:24:00",search,rec_v1,6,0
13040,930,80,"2026-06-25 04:45:00",search,rec_v1,20,1
13041,134,132,"2026-05-25 11:39:00",detail_page,rec_v1,16,0
13042,228,67,"2026-07-29 21:23:00",detail_page,rec_v2,16,0
13043,948,147,"2026-06-29 01:28:00",home,rec_v2,18,0
13044,964,12,"2026-06-18 10:10:00",continue_watching,rec_v1,13,0
13045,524,22,"2026-07-13 16:11:00",detail_page,rec_v2,5,0
13046,185,150,"2026-05-08 06:13:00",search,rec_v1,9,0
13047,709,19,"2026-06-24 05:31:00",search,rec_v1,16,0
13048,4,5,"2026-05-11 14:52:00",continue_watching,rec_v2,20,0
13049,589,120,"2026-06-10 18:11:00",home,rec_v2,10,0
13050,230,67,"2026-07-29 02:04:00",search,rec_v1,3,0
13051,951,120,"2026-07-01 10:41:00",detail_page,rec_v1,10,0
13052,10,91,"2026-06-07 09:35:00",search,rec_v2,6,1
13053,765,88,"2026-06-22 20:24:00",detail_page,rec_v1,11,0
13054,963,148,"2026-05-17 23:18:00",continue_watching,rec_v2,5,0
13055,805,145,"2026-05-02 00:56:00",home,rec_v2,18,0
13056,851,75,"2026-05-22 04:55:00",home,rec_v1,7,0
13057,1000,123,"2026-07-18 15:51:00",search,rec_v2,16,0
13058,282,65,"2026-05-10 22:41:00",continue_watching,rec_v2,13,0
13059,193,47,"2026-07-29 23:56:00",search,rec_v2,11,0
13060,225,7,"2026-05-30 18:33:00",home,rec_v2,12,0
13061,324,39,"2026-07-26 06:13:00",home,rec_v1,9,0
13062,160,96,"2026-06-21 10:28:00",continue_watching,rec_v2,14,0
13063,21,12,"2026-07-08 17:10:00",detail_page,rec_v2,9,0
13064,26,30,"2026-07-15 07:17:00",detail_page,rec_v2,9,0
13065,737,61,"2026-07-17 05:43:00",detail_page,rec_v1,3,0
13066,664,75,"2026-05-07 07:58:00",home,rec_v2,3,0
13067,779,90,"2026-07-11 02:20:00",continue_watching,rec_v2,16,0
13068,482,132,"2026-07-16 05:23:00",home,rec_v1,8,0
13069,852,129,"2026-07-26 20:03:00",detail_page,rec_v2,13,0
13070,628,13,"2026-07-20 22:25:00",search,rec_v1,20,0
13071,247,43,"2026-05-22 05:47:00",home,rec_v1,12,0
13072,537,112,"2026-05-20 08:15:00",home,rec_v2,2,1
13073,767,143,"2026-06-20 09:18:00",continue_watching,rec_v2,17,1
13074,435,79,"2026-06-22 00:40:00",continue_watching,rec_v2,9,0
13075,588,20,"2026-07-14 14:45:00",continue_watching,rec_v2,2,0
13076,810,4,"2026-05-20 13:55:00",continue_watching,rec_v1,16,0
13077,741,75,"2026-07-19 17:15:00",continue_watching,rec_v1,4,1
13078,172,69,"2026-05-28 00:13:00",home,rec_v1,3,0
13079,970,147,"2026-06-13 22:03:00",detail_page,rec_v1,7,0
13080,80,16,"2026-06-03 15:24:00",continue_watching,rec_v2,18,1
13081,456,99,"2026-05-24 22:37:00",home,rec_v1,13,0
13082,108,73,"2026-05-17 21:51:00",home,rec_v1,5,0
13083,283,48,"2026-06-22 05:58:00",continue_watching,rec_v1,12,0
13084,305,25,"2026-05-04 19:14:00",detail_page,rec_v1,10,1
13085,27,102,"2026-06-07 09:37:00",continue_watching,rec_v2,7,0
13086,102,58,"2026-06-28 04:53:00",detail_page,rec_v1,20,0
13087,245,113,"2026-06-13 15:38:00",home,rec_v1,20,0
13088,177,42,"2026-06-16 05:36:00",home,rec_v1,2,0
13089,206,60,"2026-07-04 10:22:00",home,rec_v1,13,0
13090,238,16,"2026-07-25 19:31:00",home,rec_v2,15,0
13091,966,121,"2026-06-14 13:09:00",home,rec_v2,15,0
13092,875,52,"2026-07-06 18:54:00",search,rec_v2,11,0
13093,444,124,"2026-07-07 11:23:00",detail_page,rec_v2,20,0
13094,530,63,"2026-07-23 06:12:00",detail_page,rec_v1,20,0
13095,461,114,"2026-07-24 07:36:00",home,rec_v2,13,1
13096,294,82,"2026-06-10 22:21:00",detail_page,rec_v2,4,0
13097,359,54,"2026-06-25 21:01:00",home,rec_v2,2,0
13098,420,12,"2026-07-11 09:48:00",home,rec_v2,1,0
13099,573,94,"2026-05-09 00:13:00",continue_watching,rec_v2,19,0
13100,560,118,"2026-05-18 16:57:00",continue_watching,rec_v2,11,0
13101,529,17,"2026-07-07 19:52:00",detail_page,rec_v2,20,0
13102,730,24,"2026-07-05 19:47:00",home,rec_v2,12,0
13103,32,54,"2026-07-21 05:10:00",detail_page,rec_v1,1,0
13104,543,140,"2026-06-16 18:50:00",home,rec_v2,13,0
13105,633,122,"2026-05-21 17:47:00",detail_page,rec_v2,16,0
13106,684,134,"2026-07-29 16:39:00",search,rec_v1,4,0
13107,421,42,"2026-05-16 16:32:00",home,rec_v2,5,0
13108,106,26,"2026-06-30 06:28:00",detail_page,rec_v1,11,0
13109,278,3,"2026-05-25 22:04:00",continue_watching,rec_v2,10,1
13110,866,19,"2026-07-17 09:10:00",detail_page,rec_v1,6,0
13111,388,102,"2026-07-23 16:32:00",continue_watching,rec_v2,19,0
13112,362,106,"2026-05-09 22:04:00",home,rec_v1,12,0
13113,73,150,"2026-05-20 17:20:00",detail_page,rec_v1,7,0
13114,606,125,"2026-07-25 10:59:00",detail_page,rec_v2,16,0
13115,769,124,"2026-07-11 03:15:00",detail_page,rec_v2,4,1
13116,799,108,"2026-06-02 19:06:00",home,rec_v2,20,0
13117,747,28,"2026-05-01 15:59:00",home,rec_v2,20,1
13118,87,132,"2026-07-28 14:22:00",home,rec_v1,14,0
13119,148,10,"2026-06-07 06:51:00",home,rec_v2,3,1
13120,375,30,"2026-07-01 07:41:00",detail_page,rec_v1,9,0
13121,227,19,"2026-05-06 05:56:00",home,rec_v1,13,1
13122,599,122,"2026-05-21 08:57:00",search,rec_v2,4,1
13123,228,33,"2026-05-15 18:16:00",search,rec_v2,14,0
13124,342,11,"2026-06-24 19:11:00",continue_watching,rec_v1,4,0
13125,852,14,"2026-07-14 03:51:00",search,rec_v2,14,0
13126,767,76,"2026-06-24 12:05:00",detail_page,rec_v1,9,0
13127,827,140,"2026-07-10 06:23:00",search,rec_v2,4,0
13128,216,91,"2026-05-07 15:59:00",home,rec_v1,9,0
13129,353,32,"2026-05-29 17:56:00",search,rec_v2,8,0
13130,338,112,"2026-07-27 23:35:00",search,rec_v2,18,0
13131,398,124,"2026-07-14 16:57:00",search,rec_v2,8,1
13132,80,118,"2026-07-06 01:54:00",continue_watching,rec_v2,14,0
13133,531,86,"2026-05-06 19:38:00",home,rec_v2,9,1
13134,955,138,"2026-05-13 00:00:00",continue_watching,rec_v2,10,1
13135,946,44,"2026-05-07 14:51:00",home,rec_v2,2,0
13136,487,144,"2026-07-17 00:17:00",continue_watching,rec_v2,7,0
13137,708,58,"2026-06-26 01:26:00",continue_watching,rec_v2,18,0
13138,266,114,"2026-06-07 06:33:00",continue_watching,rec_v1,11,0
13139,385,127,"2026-05-25 01:10:00",detail_page,rec_v2,7,1
13140,513,107,"2026-06-13 16:18:00",search,rec_v1,14,0
13141,699,127,"2026-07-29 23:58:00",detail_page,rec_v2,5,0
13142,841,122,"2026-06-30 06:15:00",home,rec_v2,3,0
13143,74,113,"2026-06-02 23:05:00",search,rec_v1,6,0
13144,198,111,"2026-05-11 00:10:00",home,rec_v1,10,0
13145,696,14,"2026-05-12 22:10:00",search,rec_v1,10,0
13146,961,52,"2026-06-07 04:11:00",home,rec_v2,13,0
13147,354,39,"2026-05-12 15:53:00",detail_page,rec_v2,5,0
13148,149,110,"2026-06-11 18:50:00",home,rec_v2,5,0
13149,53,133,"2026-05-13 02:57:00",home,rec_v1,16,0
13150,866,132,"2026-07-07 21:59:00",home,rec_v1,3,0
13151,448,7,"2026-07-20 15:53:00",home,rec_v1,10,0
13152,740,4,"2026-07-09 05:27:00",home,rec_v1,7,0
13153,553,37,"2026-06-12 19:24:00",search,rec_v2,15,0
13154,715,135,"2026-05-26 05:05:00",search,rec_v2,12,0
13155,810,41,"2026-06-17 12:33:00",detail_page,rec_v1,19,0
13156,630,58,"2026-06-16 15:02:00",search,rec_v1,12,0
13157,237,24,"2026-05-21 17:33:00",home,rec_v2,17,0
13158,181,103,"2026-06-16 03:41:00",detail_page,rec_v1,8,0
13159,336,3,"2026-07-20 22:07:00",home,rec_v2,18,0
13160,51,28,"2026-05-05 08:10:00",home,rec_v1,5,0
13161,2,13,"2026-05-29 08:29:00",detail_page,rec_v1,4,0
13162,671,138,"2026-06-27 01:43:00",continue_watching,rec_v1,20,0
13163,762,11,"2026-06-14 15:07:00",home,rec_v1,6,0
13164,713,101,"2026-05-07 13:09:00",continue_watching,rec_v1,2,0
13165,116,68,"2026-07-09 23:25:00",home,rec_v2,19,0
13166,531,140,"2026-06-21 16:22:00",home,rec_v2,5,1
13167,329,33,"2026-05-14 18:39:00",home,rec_v1,18,0
13168,782,76,"2026-05-09 04:57:00",detail_page,rec_v2,6,0
13169,385,92,"2026-07-05 20:56:00",detail_page,rec_v1,12,0
13170,159,69,"2026-05-15 22:59:00",home,rec_v2,15,0
13171,332,121,"2026-06-05 09:31:00",home,rec_v1,20,0
13172,557,108,"2026-06-29 22:38:00",home,rec_v2,11,0
13173,575,47,"2026-06-17 01:08:00",home,rec_v1,6,0
13174,136,69,"2026-05-29 14:56:00",search,rec_v1,5,0
13175,844,58,"2026-05-08 08:02:00",home,rec_v2,5,1
13176,91,6,"2026-06-17 09:34:00",home,rec_v1,14,0
13177,855,83,"2026-06-25 10:17:00",home,rec_v2,1,0
13178,426,112,"2026-06-26 20:58:00",detail_page,rec_v1,11,0
13179,871,95,"2026-05-31 10:58:00",home,rec_v1,19,0
13180,346,96,"2026-06-23 12:39:00",home,rec_v1,18,0
13181,594,112,"2026-05-16 02:17:00",home,rec_v2,4,0
13182,646,49,"2026-06-20 12:25:00",continue_watching,rec_v2,14,0
13183,463,90,"2026-07-15 06:12:00",detail_page,rec_v2,15,0
13184,395,88,"2026-06-21 19:46:00",detail_page,rec_v2,14,0
13185,66,32,"2026-07-23 10:56:00",detail_page,rec_v1,16,0
13186,900,32,"2026-07-16 06:19:00",home,rec_v2,12,0
13187,3,70,"2026-07-04 10:04:00",continue_watching,rec_v2,2,0
13188,889,143,"2026-06-10 16:03:00",continue_watching,rec_v2,2,0
13189,13,112,"2026-06-12 15:30:00",detail_page,rec_v2,9,0
13190,684,90,"2026-06-30 00:30:00",home,rec_v2,14,1
13191,880,15,"2026-07-25 02:01:00",detail_page,rec_v1,17,0
13192,157,138,"2026-07-14 15:07:00",home,rec_v2,11,0
13193,641,16,"2026-06-28 06:28:00",continue_watching,rec_v1,12,0
13194,644,61,"2026-06-16 16:09:00",home,rec_v1,9,0
13195,30,52,"2026-05-14 19:26:00",home,rec_v1,7,1
13196,720,58,"2026-05-04 22:48:00",search,rec_v2,9,0
13197,190,60,"2026-07-26 23:13:00",continue_watching,rec_v2,17,0
13198,221,121,"2026-07-25 06:32:00",search,rec_v2,8,0
13199,337,107,"2026-05-05 13:18:00",search,rec_v2,7,0
13200,784,102,"2026-05-31 23:39:00",home,rec_v2,15,0
13201,765,16,"2026-05-08 10:46:00",detail_page,rec_v1,18,0
13202,194,150,"2026-05-05 20:43:00",detail_page,rec_v2,8,0
13203,510,91,"2026-05-10 11:43:00",home,rec_v1,2,0
13204,323,52,"2026-05-02 18:08:00",home,rec_v2,17,0
13205,41,62,"2026-06-28 21:18:00",detail_page,rec_v2,20,0
13206,70,146,"2026-06-03 04:34:00",detail_page,rec_v2,1,1
13207,368,6,"2026-05-18 10:19:00",continue_watching,rec_v2,9,0
13208,709,33,"2026-05-29 13:50:00",continue_watching,rec_v1,2,0
13209,533,24,"2026-05-18 07:47:00",home,rec_v1,6,0
13210,425,71,"2026-05-01 15:22:00",home,rec_v1,18,0
13211,457,90,"2026-05-30 06:58:00",search,rec_v2,18,0
13212,403,104,"2026-06-08 15:32:00",detail_page,rec_v1,1,0
13213,199,133,"2026-06-14 04:20:00",home,rec_v1,16,0
13214,560,113,"2026-06-28 09:04:00",detail_page,rec_v2,6,0
13215,98,141,"2026-05-27 22:05:00",search,rec_v2,15,0
13216,264,86,"2026-05-29 22:01:00",detail_page,rec_v2,18,0
13217,809,31,"2026-05-08 11:28:00",home,rec_v1,16,0
13218,283,127,"2026-05-27 12:44:00",home,rec_v1,19,0
13219,296,51,"2026-05-09 22:18:00",home,rec_v1,19,0
13220,971,124,"2026-05-10 19:35:00",search,rec_v1,5,0
13221,783,40,"2026-06-28 14:11:00",detail_page,rec_v2,20,0
13222,42,104,"2026-05-08 12:34:00",search,rec_v1,1,0
13223,523,107,"2026-05-16 19:38:00",search,rec_v1,18,0
13224,625,60,"2026-05-15 12:13:00",search,rec_v2,2,0
13225,838,119,"2026-06-16 15:24:00",detail_page,rec_v2,20,0
13226,77,56,"2026-05-16 12:16:00",detail_page,rec_v2,4,0
13227,813,25,"2026-05-06 09:50:00",search,rec_v1,5,0
13228,602,25,"2026-06-07 21:15:00",home,rec_v2,11,0
13229,977,77,"2026-05-17 16:00:00",search,rec_v1,12,0
13230,714,28,"2026-05-07 10:42:00",search,rec_v1,4,1
13231,233,14,"2026-07-08 01:35:00",detail_page,rec_v1,15,1
13232,787,15,"2026-07-04 10:42:00",home,rec_v1,16,0
13233,907,91,"2026-06-02 16:25:00",continue_watching,rec_v1,11,0
13234,798,93,"2026-06-30 21:12:00",search,rec_v2,10,0
13235,148,103,"2026-05-26 23:20:00",home,rec_v1,16,0
13236,724,53,"2026-05-09 06:59:00",detail_page,rec_v1,9,0
13237,101,112,"2026-05-14 20:24:00",continue_watching,rec_v2,9,0
13238,381,126,"2026-07-08 18:57:00",home,rec_v1,10,0
13239,852,2,"2026-06-17 19:46:00",home,rec_v1,13,0
13240,962,59,"2026-05-19 22:11:00",home,rec_v2,3,0
13241,250,6,"2026-05-01 19:34:00",home,rec_v2,20,1
13242,457,54,"2026-07-17 07:24:00",search,rec_v2,17,1
13243,765,26,"2026-07-07 10:32:00",continue_watching,rec_v2,9,0
13244,751,24,"2026-06-12 10:44:00",home,rec_v2,6,0
13245,913,7,"2026-07-25 09:01:00",detail_page,rec_v2,13,0
13246,161,132,"2026-05-07 14:49:00",search,rec_v2,17,0
13247,355,131,"2026-06-28 06:17:00",detail_page,rec_v1,9,0
13248,991,121,"2026-06-09 10:01:00",detail_page,rec_v1,8,0
13249,170,21,"2026-06-24 22:19:00",home,rec_v2,4,1
13250,62,150,"2026-07-10 06:44:00",continue_watching,rec_v2,9,0
13251,417,82,"2026-07-12 11:51:00",home,rec_v1,14,0
13252,206,72,"2026-05-20 10:41:00",home,rec_v1,13,0
13253,131,90,"2026-07-06 18:44:00",detail_page,rec_v2,13,0
13254,88,4,"2026-05-18 19:53:00",home,rec_v2,4,0
13255,302,117,"2026-06-26 12:03:00",detail_page,rec_v2,17,1
13256,21,135,"2026-05-19 18:06:00",search,rec_v1,4,0
13257,421,50,"2026-05-25 08:22:00",search,rec_v1,13,0
13258,834,94,"2026-05-23 20:44:00",home,rec_v1,17,0
13259,628,55,"2026-06-27 01:51:00",home,rec_v1,4,0
13260,417,23,"2026-06-21 16:52:00",search,rec_v1,4,0
13261,72,25,"2026-05-09 16:35:00",continue_watching,rec_v2,20,0
13262,632,2,"2026-06-30 17:03:00",home,rec_v2,20,0
13263,937,141,"2026-07-26 19:08:00",home,rec_v2,9,0
13264,621,16,"2026-06-15 08:11:00",search,rec_v1,18,0
13265,745,14,"2026-05-25 14:58:00",home,rec_v1,3,0
13266,215,56,"2026-05-25 21:31:00",detail_page,rec_v1,14,0
13267,222,25,"2026-05-21 21:55:00",search,rec_v1,16,0
13268,78,127,"2026-07-28 11:23:00",search,rec_v2,9,0
13269,595,129,"2026-07-13 21:08:00",home,rec_v2,10,0
13270,540,88,"2026-05-19 07:22:00",home,rec_v1,9,0
13271,510,96,"2026-06-26 10:22:00",detail_page,rec_v1,14,0
13272,780,144,"2026-07-18 00:03:00",continue_watching,rec_v2,1,0
13273,716,78,"2026-07-06 08:27:00",home,rec_v1,4,0
13274,283,21,"2026-05-19 04:02:00",home,rec_v1,19,0
13275,478,43,"2026-07-29 11:33:00",home,rec_v1,13,0
13276,70,87,"2026-06-12 15:29:00",search,rec_v2,3,0
13277,296,57,"2026-06-01 20:29:00",home,rec_v1,8,0
13278,806,62,"2026-06-27 02:46:00",home,rec_v1,13,0
13279,699,73,"2026-07-08 05:44:00",home,rec_v1,19,0
13280,643,111,"2026-06-10 00:59:00",search,rec_v2,8,0
13281,503,9,"2026-05-08 09:56:00",home,rec_v1,15,0
13282,980,13,"2026-07-11 10:47:00",continue_watching,rec_v2,20,0
13283,512,80,"2026-07-20 02:27:00",detail_page,rec_v1,17,0
13284,24,100,"2026-06-06 03:52:00",continue_watching,rec_v1,9,0
13285,853,112,"2026-05-26 20:05:00",home,rec_v2,9,0
13286,963,120,"2026-07-09 12:23:00",detail_page,rec_v2,20,0
13287,927,117,"2026-06-28 19:33:00",detail_page,rec_v1,11,0
13288,47,105,"2026-06-14 10:38:00",detail_page,rec_v1,1,0
13289,955,24,"2026-05-16 20:23:00",continue_watching,rec_v1,1,1
13290,963,10,"2026-05-02 09:13:00",search,rec_v1,12,0
13291,222,55,"2026-05-29 10:35:00",home,rec_v2,20,0
13292,459,4,"2026-05-17 06:03:00",search,rec_v2,6,0
13293,393,85,"2026-07-15 23:31:00",search,rec_v2,14,0
13294,640,147,"2026-07-17 04:24:00",search,rec_v2,14,0
13295,984,96,"2026-06-10 21:22:00",home,rec_v2,11,0
13296,558,41,"2026-05-30 01:37:00",detail_page,rec_v1,18,0
13297,957,57,"2026-07-18 13:02:00",home,rec_v2,15,0
13298,677,146,"2026-07-25 09:00:00",home,rec_v2,7,0
13299,552,117,"2026-06-22 23:22:00",search,rec_v1,20,0
13300,632,129,"2026-06-10 09:33:00",home,rec_v2,19,0
13301,892,49,"2026-07-13 11:33:00",detail_page,rec_v2,10,0
13302,677,97,"2026-05-23 08:02:00",search,rec_v2,2,0
13303,216,125,"2026-05-17 10:12:00",search,rec_v1,19,0
13304,76,55,"2026-05-28 18:29:00",detail_page,rec_v1,13,1
13305,399,19,"2026-05-23 01:04:00",search,rec_v1,13,0
13306,277,12,"2026-05-05 15:20:00",detail_page,rec_v1,17,0
13307,2,127,"2026-05-18 23:17:00",home,rec_v1,2,0
13308,298,127,"2026-06-25 06:05:00",home,rec_v1,14,0
13309,158,59,"2026-06-07 02:18:00",home,rec_v1,20,0
13310,874,84,"2026-06-14 19:42:00",home,rec_v2,9,0
13311,379,139,"2026-05-15 16:10:00",home,rec_v2,9,0
13312,508,116,"2026-05-17 13:57:00",home,rec_v1,19,0
13313,995,85,"2026-05-19 23:51:00",home,rec_v2,4,0
13314,400,138,"2026-06-13 00:33:00",search,rec_v2,4,0
13315,632,90,"2026-07-25 00:12:00",home,rec_v2,9,0
13316,435,101,"2026-06-02 05:57:00",continue_watching,rec_v1,20,0
13317,176,1,"2026-06-25 00:18:00",home,rec_v2,6,0
13318,436,44,"2026-05-29 10:45:00",detail_page,rec_v2,15,0
13319,264,54,"2026-05-28 04:20:00",search,rec_v2,1,0
13320,51,131,"2026-06-29 15:47:00",home,rec_v1,11,0
13321,156,107,"2026-06-29 12:52:00",detail_page,rec_v1,17,0
13322,896,66,"2026-06-05 23:07:00",detail_page,rec_v2,19,0
13323,308,59,"2026-06-22 07:19:00",home,rec_v1,12,1
13324,553,97,"2026-07-23 22:16:00",search,rec_v2,8,0
13325,864,36,"2026-05-16 05:48:00",home,rec_v2,19,0
13326,820,54,"2026-05-20 03:16:00",detail_page,rec_v1,20,0
13327,872,64,"2026-05-11 23:42:00",continue_watching,rec_v2,6,0
13328,774,3,"2026-06-29 23:31:00",home,rec_v1,14,0
13329,649,91,"2026-05-14 02:43:00",detail_page,rec_v2,8,1
13330,630,133,"2026-05-07 03:47:00",home,rec_v2,17,0
13331,852,102,"2026-07-24 13:34:00",home,rec_v1,4,0
13332,205,85,"2026-06-09 14:08:00",home,rec_v2,3,1
13333,895,147,"2026-07-13 02:38:00",continue_watching,rec_v2,9,0
13334,807,129,"2026-05-03 10:17:00",detail_page,rec_v2,20,0
13335,348,82,"2026-05-20 07:48:00",home,rec_v1,1,0
13336,422,117,"2026-05-26 23:43:00",search,rec_v2,4,1
13337,338,17,"2026-06-02 12:32:00",search,rec_v2,14,1
13338,476,129,"2026-05-03 08:24:00",continue_watching,rec_v1,3,1
13339,203,1,"2026-06-14 07:12:00",detail_page,rec_v1,6,0
13340,585,93,"2026-05-31 13:08:00",continue_watching,rec_v1,11,0
13341,176,60,"2026-05-10 00:01:00",home,rec_v2,11,0
13342,879,94,"2026-06-21 19:48:00",home,rec_v2,4,1
13343,477,86,"2026-06-05 01:08:00",continue_watching,rec_v1,18,0
13344,935,81,"2026-07-10 09:11:00",detail_page,rec_v2,20,0
13345,905,33,"2026-05-05 14:37:00",continue_watching,rec_v1,11,0
13346,520,116,"2026-06-04 07:37:00",detail_page,rec_v2,11,0
13347,443,121,"2026-05-20 17:22:00",search,rec_v2,18,0
13348,128,120,"2026-05-10 01:45:00",detail_page,rec_v2,20,0
13349,983,143,"2026-05-30 04:37:00",home,rec_v1,15,0
13350,370,31,"2026-06-04 01:54:00",continue_watching,rec_v1,1,0
13351,218,85,"2026-05-03 23:02:00",continue_watching,rec_v1,13,0
13352,30,112,"2026-06-13 01:00:00",continue_watching,rec_v2,10,0
13353,427,67,"2026-05-08 19:08:00",home,rec_v1,12,0
13354,792,136,"2026-06-27 08:02:00",search,rec_v1,16,0
13355,23,98,"2026-06-24 07:05:00",search,rec_v1,3,0
13356,622,15,"2026-05-14 20:03:00",continue_watching,rec_v2,11,1
13357,414,70,"2026-05-24 22:37:00",search,rec_v1,12,0
13358,942,88,"2026-05-09 22:32:00",search,rec_v2,16,0
13359,293,14,"2026-05-13 21:52:00",home,rec_v2,2,0
13360,19,107,"2026-07-23 13:10:00",home,rec_v2,17,0
13361,174,58,"2026-05-28 19:58:00",continue_watching,rec_v2,7,0
13362,89,94,"2026-07-10 14:40:00",continue_watching,rec_v1,4,1
13363,492,80,"2026-05-09 15:04:00",search,rec_v1,9,0
13364,361,3,"2026-07-11 13:23:00",search,rec_v1,18,0
13365,820,101,"2026-06-17 10:27:00",home,rec_v2,3,0
13366,885,41,"2026-07-24 02:08:00",home,rec_v2,8,0
13367,912,142,"2026-06-16 09:39:00",continue_watching,rec_v1,8,0
13368,668,65,"2026-05-26 23:25:00",search,rec_v1,17,0
13369,825,82,"2026-07-16 01:10:00",search,rec_v1,7,0
13370,523,101,"2026-06-11 09:44:00",home,rec_v2,20,0
13371,28,135,"2026-06-08 01:03:00",detail_page,rec_v2,17,1
13372,201,27,"2026-05-17 05:39:00",detail_page,rec_v2,4,0
13373,780,120,"2026-06-09 20:25:00",home,rec_v1,14,0
13374,681,31,"2026-07-24 09:48:00",continue_watching,rec_v1,18,0
13375,877,15,"2026-06-17 08:51:00",home,rec_v1,9,1
13376,794,130,"2026-05-16 17:19:00",search,rec_v1,12,0
13377,90,34,"2026-06-02 12:45:00",search,rec_v2,2,0
13378,914,119,"2026-07-11 17:13:00",home,rec_v2,9,0
13379,154,15,"2026-07-27 21:39:00",search,rec_v1,10,0
13380,566,96,"2026-05-27 21:58:00",search,rec_v2,1,1
13381,95,111,"2026-06-15 16:59:00",home,rec_v2,5,0
13382,586,63,"2026-05-31 06:16:00",continue_watching,rec_v1,1,0
13383,883,58,"2026-06-10 15:52:00",detail_page,rec_v1,17,0
13384,131,47,"2026-06-02 09:22:00",home,rec_v2,11,0
13385,285,65,"2026-06-17 18:07:00",home,rec_v1,9,0
13386,761,102,"2026-06-16 16:02:00",home,rec_v1,10,1
13387,988,35,"2026-07-09 07:02:00",detail_page,rec_v1,4,0
13388,998,137,"2026-07-09 05:20:00",home,rec_v1,17,0
13389,120,75,"2026-05-29 17:33:00",search,rec_v2,1,0
13390,539,37,"2026-05-27 14:02:00",detail_page,rec_v1,10,0
13391,290,25,"2026-05-07 15:07:00",home,rec_v2,19,0
13392,257,72,"2026-06-29 12:01:00",search,rec_v2,2,0
13393,736,78,"2026-06-22 09:53:00",home,rec_v2,12,0
13394,57,6,"2026-06-29 05:32:00",detail_page,rec_v1,16,0
13395,47,24,"2026-05-31 01:38:00",detail_page,rec_v1,9,0
13396,144,150,"2026-07-11 03:43:00",detail_page,rec_v1,10,0
13397,509,135,"2026-05-21 13:51:00",detail_page,rec_v1,20,1
13398,35,33,"2026-06-24 17:05:00",home,rec_v1,4,0
13399,250,35,"2026-06-13 10:05:00",search,rec_v1,3,0
13400,822,28,"2026-07-17 14:55:00",home,rec_v1,15,0
13401,834,53,"2026-07-13 18:38:00",continue_watching,rec_v2,16,1
13402,620,87,"2026-07-25 01:52:00",home,rec_v1,3,0
13403,1,106,"2026-06-25 11:04:00",home,rec_v2,1,1
13404,387,40,"2026-05-18 19:00:00",detail_page,rec_v2,13,0
13405,863,92,"2026-07-13 00:11:00",home,rec_v1,15,0
13406,134,146,"2026-05-31 07:14:00",search,rec_v1,11,0
13407,196,118,"2026-06-05 02:19:00",detail_page,rec_v1,5,0
13408,383,95,"2026-07-03 10:04:00",home,rec_v1,2,1
13409,262,101,"2026-05-06 21:44:00",home,rec_v1,5,0
13410,974,144,"2026-05-01 16:53:00",home,rec_v2,19,0
13411,117,30,"2026-05-01 06:26:00",home,rec_v2,16,0
13412,820,35,"2026-07-03 19:22:00",search,rec_v2,3,0
13413,956,93,"2026-06-05 09:23:00",search,rec_v2,7,0
13414,110,100,"2026-05-16 06:32:00",home,rec_v1,14,0
13415,881,126,"2026-07-10 20:44:00",home,rec_v2,9,0
13416,195,131,"2026-05-05 20:52:00",home,rec_v2,9,0
13417,302,86,"2026-07-14 05:49:00",detail_page,rec_v1,10,0
13418,620,67,"2026-07-14 17:19:00",continue_watching,rec_v2,14,0
13419,666,26,"2026-06-01 11:08:00",detail_page,rec_v2,20,0
13420,952,134,"2026-05-30 11:53:00",home,rec_v2,13,0
13421,358,45,"2026-07-12 07:09:00",continue_watching,rec_v2,3,0
13422,706,75,"2026-05-24 12:19:00",continue_watching,rec_v1,9,0
13423,495,147,"2026-07-29 17:52:00",home,rec_v1,11,0
13424,293,99,"2026-05-06 19:40:00",home,rec_v1,17,0
13425,893,23,"2026-07-04 14:49:00",continue_watching,rec_v1,5,0
13426,632,148,"2026-05-03 13:34:00",home,rec_v1,16,0
13427,975,94,"2026-06-07 17:33:00",continue_watching,rec_v2,1,0
13428,510,94,"2026-06-27 18:18:00",home,rec_v2,19,0
13429,265,35,"2026-07-25 04:28:00",continue_watching,rec_v1,14,0
13430,437,72,"2026-06-05 12:42:00",search,rec_v1,15,0
13431,36,120,"2026-06-05 11:12:00",detail_page,rec_v1,14,0
13432,300,35,"2026-05-06 15:26:00",detail_page,rec_v1,6,0
13433,354,138,"2026-06-17 20:34:00",home,rec_v1,8,0
13434,282,32,"2026-06-04 06:05:00",detail_page,rec_v2,19,0
13435,315,123,"2026-06-27 17:54:00",home,rec_v1,18,1
13436,20,18,"2026-07-27 08:58:00",continue_watching,rec_v1,8,0
13437,695,22,"2026-05-24 22:50:00",search,rec_v2,20,0
13438,955,103,"2026-05-11 16:52:00",home,rec_v2,15,0
13439,267,115,"2026-07-23 22:06:00",detail_page,rec_v1,3,0
13440,220,69,"2026-07-05 06:23:00",continue_watching,rec_v1,16,0
13441,47,38,"2026-07-14 03:47:00",search,rec_v1,11,0
13442,585,122,"2026-05-23 01:50:00",home,rec_v2,18,0
13443,67,121,"2026-06-29 12:06:00",search,rec_v1,6,0
13444,275,130,"2026-05-18 15:13:00",search,rec_v1,5,1
13445,599,48,"2026-07-25 00:59:00",continue_watching,rec_v1,15,0
13446,478,91,"2026-07-29 21:12:00",home,rec_v1,7,0
13447,357,97,"2026-06-02 12:39:00",continue_watching,rec_v2,3,0
13448,951,32,"2026-06-21 10:56:00",home,rec_v2,9,1
13449,527,91,"2026-06-17 03:08:00",continue_watching,rec_v1,9,0
13450,971,84,"2026-07-03 02:08:00",search,rec_v2,4,0
13451,892,19,"2026-05-07 05:35:00",home,rec_v2,17,0
13452,2,47,"2026-07-10 05:45:00",search,rec_v1,11,0
13453,275,44,"2026-06-02 17:58:00",home,rec_v1,10,0
13454,435,33,"2026-05-03 02:02:00",home,rec_v1,10,0
13455,579,9,"2026-06-16 05:37:00",home,rec_v2,15,0
13456,206,77,"2026-05-22 07:50:00",detail_page,rec_v1,13,0
13457,415,11,"2026-05-26 05:01:00",home,rec_v1,8,0
13458,746,148,"2026-05-13 06:08:00",home,rec_v1,6,1
13459,12,47,"2026-06-02 02:15:00",detail_page,rec_v1,5,0
13460,789,68,"2026-06-08 23:21:00",detail_page,rec_v1,1,0
13461,343,60,"2026-06-13 05:30:00",detail_page,rec_v2,1,0
13462,857,109,"2026-06-08 09:41:00",search,rec_v2,9,0
13463,821,110,"2026-07-11 03:19:00",home,rec_v2,14,0
13464,791,52,"2026-06-03 02:47:00",home,rec_v1,17,0
13465,732,26,"2026-07-19 14:17:00",home,rec_v1,6,0
13466,902,2,"2026-05-11 16:59:00",continue_watching,rec_v1,8,0
13467,456,61,"2026-06-14 04:10:00",detail_page,rec_v1,20,0
13468,192,95,"2026-07-09 11:24:00",detail_page,rec_v1,20,0
13469,487,25,"2026-07-24 04:00:00",search,rec_v2,1,0
13470,13,84,"2026-07-11 15:55:00",home,rec_v2,4,0
13471,36,136,"2026-05-14 10:06:00",home,rec_v2,8,0
13472,963,118,"2026-07-20 20:32:00",detail_page,rec_v2,11,0
13473,160,136,"2026-05-26 02:19:00",detail_page,rec_v2,8,0
13474,374,37,"2026-05-08 07:59:00",home,rec_v2,9,0
13475,861,87,"2026-07-07 01:04:00",home,rec_v2,9,0
13476,78,123,"2026-06-17 00:55:00",search,rec_v1,1,1
13477,365,44,"2026-07-13 05:46:00",home,rec_v2,17,0
13478,958,73,"2026-06-25 02:17:00",detail_page,rec_v1,18,0
13479,984,102,"2026-07-14 13:19:00",home,rec_v1,1,0
13480,671,59,"2026-05-01 17:54:00",home,rec_v2,6,1
13481,778,102,"2026-07-02 18:23:00",home,rec_v2,8,0
13482,119,133,"2026-05-10 20:10:00",home,rec_v2,10,0
13483,633,70,"2026-06-30 15:23:00",detail_page,rec_v1,3,0
13484,477,75,"2026-06-22 15:49:00",home,rec_v2,9,0
13485,119,2,"2026-06-25 15:48:00",search,rec_v2,17,0
13486,747,125,"2026-06-30 13:41:00",continue_watching,rec_v2,19,0
13487,493,147,"2026-06-06 01:00:00",detail_page,rec_v2,2,0
13488,635,53,"2026-06-03 09:06:00",home,rec_v1,15,0
13489,917,33,"2026-06-24 19:03:00",home,rec_v2,16,1
13490,738,110,"2026-06-09 04:11:00",search,rec_v1,14,0
13491,38,64,"2026-05-11 05:15:00",home,rec_v1,11,0
13492,201,27,"2026-05-29 09:48:00",continue_watching,rec_v1,1,0
13493,406,30,"2026-06-05 03:38:00",home,rec_v2,1,0
13494,28,64,"2026-05-31 05:49:00",home,rec_v1,17,0
13495,43,75,"2026-06-30 22:25:00",detail_page,rec_v1,18,0
13496,773,143,"2026-05-13 10:03:00",home,rec_v1,18,0
13497,149,143,"2026-06-27 15:39:00",search,rec_v1,1,0
13498,360,99,"2026-05-28 08:46:00",home,rec_v2,17,1
13499,409,27,"2026-07-09 06:04:00",home,rec_v1,5,0
13500,180,112,"2026-05-10 05:05:00",home,rec_v1,8,0
13501,421,12,"2026-06-03 10:12:00",home,rec_v2,9,0
13502,997,76,"2026-06-25 21:25:00",detail_page,rec_v2,10,0
13503,874,18,"2026-05-20 23:45:00",home,rec_v2,3,0
13504,377,119,"2026-06-24 04:55:00",home,rec_v2,11,0
13505,374,33,"2026-06-19 18:45:00",search,rec_v2,4,0
13506,996,80,"2026-06-12 22:58:00",detail_page,rec_v1,13,0
13507,196,23,"2026-06-22 01:52:00",home,rec_v2,13,0
13508,686,1,"2026-05-22 19:10:00",home,rec_v2,13,1
13509,724,26,"2026-07-25 13:33:00",detail_page,rec_v1,6,0
13510,343,109,"2026-07-09 05:50:00",detail_page,rec_v1,2,1
13511,496,143,"2026-07-26 15:05:00",home,rec_v2,8,0
13512,521,37,"2026-07-01 05:46:00",home,rec_v1,7,0
13513,583,143,"2026-06-07 07:52:00",continue_watching,rec_v1,18,0
13514,630,18,"2026-06-15 22:34:00",detail_page,rec_v2,7,0
13515,615,19,"2026-05-13 23:20:00",detail_page,rec_v2,1,0
13516,197,25,"2026-06-28 07:07:00",home,rec_v1,5,0
13517,293,15,"2026-06-26 11:06:00",search,rec_v2,19,0
13518,157,24,"2026-05-25 00:51:00",home,rec_v2,4,1
13519,56,43,"2026-07-20 22:58:00",home,rec_v2,18,0
13520,425,65,"2026-05-16 19:20:00",home,rec_v2,7,0
13521,175,6,"2026-07-01 16:17:00",home,rec_v1,14,0
13522,601,119,"2026-07-19 10:55:00",home,rec_v2,7,0
13523,580,86,"2026-05-18 11:03:00",search,rec_v1,1,1
13524,970,22,"2026-07-15 08:52:00",detail_page,rec_v2,2,0
13525,765,104,"2026-05-29 05:25:00",home,rec_v2,13,0
13526,406,25,"2026-05-18 16:00:00",search,rec_v2,3,1
13527,232,75,"2026-05-03 22:21:00",search,rec_v2,4,0
13528,693,135,"2026-05-24 16:46:00",home,rec_v1,9,0
13529,729,137,"2026-06-28 13:54:00",detail_page,rec_v2,14,0
13530,34,13,"2026-06-16 17:19:00",home,rec_v1,17,0
13531,853,82,"2026-05-01 15:22:00",home,rec_v1,1,0
13532,932,116,"2026-06-14 08:54:00",detail_page,rec_v2,3,0
13533,854,140,"2026-05-25 09:33:00",search,rec_v1,4,0
13534,937,114,"2026-06-06 19:18:00",search,rec_v2,13,0
13535,802,140,"2026-06-19 10:53:00",home,rec_v2,7,0
13536,74,135,"2026-07-23 23:56:00",search,rec_v2,11,0
13537,998,1,"2026-07-03 04:45:00",home,rec_v1,18,0
13538,116,39,"2026-07-10 15:45:00",continue_watching,rec_v2,9,0
13539,233,10,"2026-07-25 13:32:00",home,rec_v1,19,0
13540,319,116,"2026-05-16 15:59:00",search,rec_v1,19,1
13541,385,115,"2026-05-17 19:25:00",search,rec_v1,11,0
13542,295,66,"2026-05-17 14:06:00",continue_watching,rec_v1,8,0
13543,784,24,"2026-06-29 03:57:00",home,rec_v1,15,0
13544,216,71,"2026-05-13 16:27:00",home,rec_v2,14,0
13545,593,117,"2026-07-18 23:05:00",search,rec_v2,2,0
13546,985,143,"2026-06-28 15:23:00",home,rec_v1,5,1
13547,541,137,"2026-07-27 10:35:00",home,rec_v2,11,0
13548,720,122,"2026-07-05 20:31:00",home,rec_v2,17,0
13549,914,60,"2026-07-05 12:54:00",search,rec_v1,17,0
13550,653,134,"2026-07-13 10:05:00",home,rec_v1,12,0
13551,470,46,"2026-06-09 06:56:00",home,rec_v2,17,0
13552,836,146,"2026-06-19 23:53:00",detail_page,rec_v2,2,0
13553,94,35,"2026-06-28 16:51:00",search,rec_v2,5,0
13554,148,65,"2026-07-12 08:45:00",detail_page,rec_v2,7,0
13555,991,89,"2026-07-03 22:46:00",detail_page,rec_v1,5,1
13556,398,140,"2026-05-02 00:19:00",home,rec_v1,20,0
13557,176,109,"2026-06-16 02:48:00",continue_watching,rec_v2,3,0
13558,647,26,"2026-06-23 11:18:00",home,rec_v2,18,1
13559,918,39,"2026-07-18 22:33:00",detail_page,rec_v1,9,0
13560,272,32,"2026-05-31 01:45:00",home,rec_v2,17,1
13561,760,46,"2026-05-06 03:42:00",continue_watching,rec_v1,11,0
13562,52,62,"2026-07-18 18:46:00",home,rec_v2,10,0
13563,541,27,"2026-05-26 23:05:00",continue_watching,rec_v2,2,0
13564,758,17,"2026-07-04 17:01:00",home,rec_v2,17,1
13565,467,34,"2026-05-08 01:11:00",home,rec_v2,5,0
13566,769,137,"2026-05-24 15:41:00",home,rec_v2,20,0
13567,788,13,"2026-05-18 15:23:00",home,rec_v2,4,1
13568,617,129,"2026-06-08 10:37:00",home,rec_v2,17,0
13569,307,8,"2026-05-21 15:14:00",home,rec_v1,12,0
13570,692,86,"2026-07-21 11:47:00",detail_page,rec_v1,12,0
13571,520,93,"2026-06-17 12:07:00",home,rec_v1,13,0
13572,145,111,"2026-06-23 08:45:00",home,rec_v1,10,0
13573,835,71,"2026-07-29 23:19:00",detail_page,rec_v2,9,0
13574,189,84,"2026-06-26 02:12:00",home,rec_v1,9,0
13575,334,136,"2026-07-23 05:56:00",home,rec_v1,11,0
13576,144,19,"2026-07-21 17:41:00",home,rec_v2,1,0
13577,314,69,"2026-05-22 21:27:00",search,rec_v1,1,0
13578,96,82,"2026-05-21 19:00:00",search,rec_v1,2,0
13579,925,67,"2026-05-04 01:12:00",detail_page,rec_v1,13,0
13580,460,101,"2026-05-21 02:48:00",home,rec_v2,20,0
13581,314,93,"2026-05-08 11:20:00",home,rec_v1,4,0
13582,251,117,"2026-05-10 13:09:00",search,rec_v1,10,0
13583,243,10,"2026-06-16 12:18:00",continue_watching,rec_v1,16,1
13584,109,40,"2026-07-20 00:46:00",home,rec_v2,1,0
13585,275,17,"2026-05-26 04:08:00",detail_page,rec_v1,9,0
13586,248,23,"2026-05-29 01:51:00",home,rec_v2,18,0
13587,704,16,"2026-05-25 09:02:00",continue_watching,rec_v1,18,1
13588,653,106,"2026-06-01 21:39:00",search,rec_v1,9,0
13589,583,90,"2026-07-02 21:30:00",search,rec_v2,3,0
13590,624,112,"2026-05-05 15:42:00",home,rec_v1,8,0
13591,30,125,"2026-06-27 07:22:00",home,rec_v1,6,0
13592,137,117,"2026-07-02 23:52:00",home,rec_v1,5,0
13593,308,103,"2026-07-11 21:29:00",continue_watching,rec_v2,17,0
13594,574,76,"2026-06-21 11:04:00",search,rec_v1,11,1
13595,105,67,"2026-06-09 16:02:00",search,rec_v2,15,0
13596,360,53,"2026-07-02 09:02:00",home,rec_v2,13,0
13597,975,107,"2026-05-06 18:56:00",home,rec_v1,6,0
13598,875,120,"2026-07-10 04:15:00",continue_watching,rec_v1,3,1
13599,324,28,"2026-07-08 08:28:00",detail_page,rec_v2,16,0
13600,108,7,"2026-05-22 16:05:00",detail_page,rec_v2,11,0
13601,378,136,"2026-07-08 07:34:00",home,rec_v2,19,0
13602,744,71,"2026-06-06 11:20:00",search,rec_v1,18,0
13603,661,88,"2026-05-17 21:43:00",detail_page,rec_v1,19,0
13604,411,71,"2026-07-08 08:47:00",home,rec_v1,15,1
13605,884,16,"2026-06-07 03:57:00",home,rec_v2,2,1
13606,964,150,"2026-06-03 08:56:00",detail_page,rec_v2,13,0
13607,26,93,"2026-05-07 13:56:00",home,rec_v2,15,0
13608,675,75,"2026-07-26 09:07:00",search,rec_v2,13,0
13609,172,111,"2026-07-01 02:06:00",continue_watching,rec_v2,8,1
13610,185,60,"2026-07-13 04:55:00",search,rec_v2,16,0
13611,30,95,"2026-05-08 17:42:00",home,rec_v1,13,0
13612,346,46,"2026-05-23 03:30:00",home,rec_v2,19,0
13613,83,33,"2026-05-28 01:51:00",home,rec_v1,11,0
13614,325,107,"2026-07-29 14:37:00",search,rec_v1,3,0
13615,233,29,"2026-07-20 13:53:00",detail_page,rec_v2,6,0
13616,393,10,"2026-05-18 10:39:00",home,rec_v1,16,0
13617,209,63,"2026-06-26 09:35:00",home,rec_v2,17,0
13618,914,111,"2026-05-07 04:49:00",detail_page,rec_v1,9,0
13619,315,132,"2026-06-13 15:09:00",home,rec_v1,19,1
13620,756,42,"2026-07-07 04:15:00",detail_page,rec_v1,9,1
13621,386,71,"2026-05-17 11:43:00",home,rec_v2,3,0
13622,874,122,"2026-05-30 09:50:00",detail_page,rec_v1,2,0
13623,965,29,"2026-05-28 09:57:00",search,rec_v2,10,0
13624,109,94,"2026-06-11 23:03:00",home,rec_v2,9,0
13625,930,56,"2026-07-29 03:29:00",continue_watching,rec_v2,3,0
13626,471,103,"2026-05-07 13:09:00",home,rec_v1,6,0
13627,625,67,"2026-06-28 10:27:00",continue_watching,rec_v1,9,0
13628,538,100,"2026-05-07 12:16:00",home,rec_v2,6,0
13629,461,142,"2026-07-26 04:46:00",continue_watching,rec_v1,9,0
13630,359,62,"2026-07-07 02:12:00",home,rec_v2,3,0
13631,853,45,"2026-05-23 18:59:00",detail_page,rec_v1,3,0
13632,51,40,"2026-06-22 15:59:00",search,rec_v2,12,0
13633,831,135,"2026-07-18 10:54:00",continue_watching,rec_v2,6,0
13634,973,59,"2026-05-07 10:12:00",detail_page,rec_v1,10,1
13635,823,16,"2026-05-14 04:32:00",detail_page,rec_v2,3,0
13636,411,39,"2026-05-03 05:25:00",detail_page,rec_v2,7,1
13637,260,142,"2026-06-24 17:20:00",continue_watching,rec_v1,9,0
13638,446,106,"2026-07-09 23:29:00",continue_watching,rec_v1,1,0
13639,861,132,"2026-06-05 12:26:00",search,rec_v1,1,1
13640,794,4,"2026-05-17 05:09:00",home,rec_v2,3,1
13641,832,55,"2026-07-28 22:36:00",continue_watching,rec_v1,4,0
13642,314,6,"2026-05-29 20:21:00",continue_watching,rec_v2,6,0
13643,680,84,"2026-06-23 18:31:00",home,rec_v2,11,0
13644,946,139,"2026-07-27 00:20:00",search,rec_v2,15,0
13645,657,3,"2026-06-22 13:36:00",home,rec_v2,17,0
13646,229,27,"2026-06-22 13:01:00",home,rec_v1,8,0
13647,790,150,"2026-05-06 09:28:00",home,rec_v1,9,0
13648,80,61,"2026-07-17 16:51:00",search,rec_v1,19,0
13649,267,48,"2026-07-10 21:46:00",continue_watching,rec_v2,5,0
13650,428,83,"2026-05-07 07:25:00",continue_watching,rec_v1,10,1
13651,44,5,"2026-07-06 20:35:00",search,rec_v1,4,0
13652,392,94,"2026-05-15 22:29:00",home,rec_v2,13,0
13653,246,148,"2026-07-22 10:11:00",detail_page,rec_v2,3,1
13654,135,130,"2026-06-06 06:47:00",detail_page,rec_v2,20,0
13655,88,123,"2026-07-04 18:16:00",detail_page,rec_v2,3,0
13656,695,26,"2026-05-25 02:44:00",home,rec_v1,10,0
13657,555,26,"2026-07-16 01:51:00",home,rec_v2,9,0
13658,303,51,"2026-06-26 02:48:00",detail_page,rec_v2,12,0
13659,357,30,"2026-06-30 21:18:00",home,rec_v1,8,0
13660,298,132,"2026-07-10 07:53:00",search,rec_v1,19,0
13661,933,29,"2026-05-25 01:46:00",home,rec_v1,1,0
13662,119,56,"2026-06-14 20:57:00",continue_watching,rec_v1,18,0
13663,963,50,"2026-05-14 11:25:00",continue_watching,rec_v2,14,0
13664,137,106,"2026-06-15 19:34:00",home,rec_v1,15,0
13665,303,79,"2026-05-05 04:30:00",home,rec_v2,7,0
13666,682,65,"2026-07-13 18:04:00",home,rec_v2,19,1
13667,430,72,"2026-06-27 02:24:00",home,rec_v1,19,0
13668,78,130,"2026-06-22 04:34:00",home,rec_v1,20,0
13669,896,33,"2026-05-22 21:52:00",detail_page,rec_v1,9,0
13670,734,12,"2026-06-13 11:44:00",search,rec_v2,8,1
13671,395,40,"2026-05-11 03:55:00",continue_watching,rec_v1,10,0
13672,55,134,"2026-05-11 13:17:00",home,rec_v2,7,0
13673,944,144,"2026-06-30 15:00:00",detail_page,rec_v1,4,0
13674,329,67,"2026-07-24 16:45:00",home,rec_v2,18,0
13675,366,127,"2026-07-25 13:36:00",home,rec_v2,6,0
13676,415,5,"2026-06-14 11:54:00",home,rec_v2,1,0
13677,826,114,"2026-07-18 01:53:00",home,rec_v2,3,0
13678,202,33,"2026-07-29 07:22:00",continue_watching,rec_v1,19,0
13679,755,119,"2026-05-11 08:05:00",home,rec_v1,18,0
13680,619,82,"2026-07-23 23:42:00",search,rec_v2,8,0
13681,943,144,"2026-05-28 00:02:00",search,rec_v1,16,0
13682,94,55,"2026-05-29 10:32:00",home,rec_v1,19,0
13683,573,63,"2026-05-14 02:12:00",home,rec_v2,16,0
13684,345,105,"2026-06-18 16:15:00",continue_watching,rec_v2,13,0
13685,453,100,"2026-06-12 07:35:00",detail_page,rec_v2,8,0
13686,362,137,"2026-05-14 02:09:00",detail_page,rec_v1,20,0
13687,930,120,"2026-05-05 10:42:00",detail_page,rec_v2,14,0
13688,214,47,"2026-05-14 20:05:00",search,rec_v2,19,0
13689,508,22,"2026-05-28 22:44:00",detail_page,rec_v2,8,0
13690,314,9,"2026-05-10 23:31:00",home,rec_v2,14,0
13691,765,67,"2026-06-10 09:13:00",search,rec_v1,15,0
13692,481,5,"2026-07-03 04:47:00",detail_page,rec_v2,7,0
13693,454,89,"2026-07-02 12:44:00",continue_watching,rec_v1,6,0
13694,922,132,"2026-05-05 17:32:00",continue_watching,rec_v2,11,0
13695,583,9,"2026-05-27 01:15:00",home,rec_v1,13,0
13696,526,84,"2026-05-08 13:30:00",continue_watching,rec_v2,7,0
13697,509,40,"2026-05-01 14:52:00",search,rec_v2,20,0
13698,917,130,"2026-06-19 03:49:00",home,rec_v1,14,0
13699,687,101,"2026-06-24 11:42:00",detail_page,rec_v1,3,0
13700,126,148,"2026-05-31 21:35:00",search,rec_v1,9,0
13701,681,113,"2026-06-29 04:25:00",detail_page,rec_v1,2,0
13702,57,15,"2026-07-08 12:38:00",home,rec_v2,8,0
13703,495,23,"2026-07-27 07:45:00",continue_watching,rec_v2,6,0
13704,411,12,"2026-07-06 12:31:00",home,rec_v1,13,0
13705,281,71,"2026-05-21 04:29:00",home,rec_v1,15,0
13706,973,134,"2026-06-01 06:37:00",home,rec_v2,19,0
13707,391,37,"2026-06-14 04:48:00",continue_watching,rec_v2,7,1
13708,246,27,"2026-06-08 12:44:00",home,rec_v2,12,0
13709,79,128,"2026-05-20 23:58:00",detail_page,rec_v1,2,0
13710,322,19,"2026-07-01 05:28:00",search,rec_v2,3,0
13711,564,117,"2026-05-23 21:37:00",search,rec_v2,6,0
13712,956,133,"2026-07-27 23:16:00",home,rec_v2,2,0
13713,698,124,"2026-07-28 13:41:00",home,rec_v1,19,0
13714,991,114,"2026-06-01 20:55:00",detail_page,rec_v2,17,0
13715,412,123,"2026-05-02 11:38:00",home,rec_v2,14,0
13716,574,115,"2026-07-19 08:35:00",home,rec_v2,17,0
13717,405,86,"2026-05-23 20:26:00",search,rec_v1,5,1
13718,562,142,"2026-06-15 08:22:00",home,rec_v2,16,0
13719,60,41,"2026-07-13 21:23:00",home,rec_v2,15,0
13720,989,45,"2026-07-13 01:09:00",continue_watching,rec_v1,3,1
13721,525,21,"2026-05-01 22:40:00",search,rec_v2,2,1
13722,200,129,"2026-07-25 23:09:00",detail_page,rec_v2,12,0
13723,333,57,"2026-05-29 17:14:00",search,rec_v2,13,0
13724,695,50,"2026-06-19 10:48:00",detail_page,rec_v1,12,1
13725,422,106,"2026-07-12 00:30:00",search,rec_v2,14,0
13726,409,2,"2026-05-02 00:31:00",continue_watching,rec_v1,1,0
13727,317,12,"2026-07-07 01:10:00",continue_watching,rec_v2,8,0
13728,275,71,"2026-07-21 09:45:00",detail_page,rec_v2,2,0
13729,103,59,"2026-06-28 13:16:00",home,rec_v1,16,0
13730,887,120,"2026-05-25 17:12:00",home,rec_v2,6,0
13731,845,84,"2026-05-08 22:15:00",home,rec_v2,12,0
13732,408,85,"2026-06-18 22:54:00",search,rec_v2,14,0
13733,128,140,"2026-05-08 12:45:00",home,rec_v2,14,0
13734,526,16,"2026-06-02 11:21:00",home,rec_v2,15,0
13735,902,87,"2026-05-09 06:25:00",home,rec_v2,10,0
13736,155,128,"2026-06-04 11:05:00",home,rec_v2,12,0
13737,755,47,"2026-06-27 14:25:00",detail_page,rec_v2,9,0
13738,707,85,"2026-05-07 09:56:00",continue_watching,rec_v2,14,0
13739,986,34,"2026-07-25 11:30:00",home,rec_v1,11,1
13740,861,123,"2026-05-01 05:11:00",home,rec_v1,16,0
13741,500,105,"2026-06-07 02:07:00",search,rec_v2,6,0
13742,231,52,"2026-05-13 17:08:00",home,rec_v1,12,0
13743,499,55,"2026-06-12 17:34:00",home,rec_v1,17,0
13744,881,2,"2026-07-28 06:57:00",detail_page,rec_v1,10,0
13745,835,8,"2026-06-24 23:18:00",home,rec_v1,7,0
13746,851,16,"2026-05-06 22:00:00",detail_page,rec_v1,10,0
13747,176,108,"2026-06-03 12:40:00",detail_page,rec_v1,5,0
13748,945,113,"2026-06-20 09:05:00",detail_page,rec_v1,9,0
13749,73,148,"2026-07-22 14:20:00",home,rec_v1,10,0
13750,410,60,"2026-06-25 08:48:00",search,rec_v1,7,0
13751,962,90,"2026-07-12 18:57:00",detail_page,rec_v2,2,0
13752,339,8,"2026-05-08 14:40:00",search,rec_v1,16,0
13753,541,53,"2026-05-16 09:59:00",search,rec_v2,14,0
13754,780,25,"2026-07-28 15:09:00",home,rec_v1,4,0
13755,552,64,"2026-05-21 17:04:00",home,rec_v2,5,0
13756,522,61,"2026-06-20 18:19:00",continue_watching,rec_v2,10,0
13757,481,103,"2026-06-09 14:30:00",home,rec_v1,18,0
13758,57,23,"2026-07-27 13:14:00",home,rec_v2,6,0
13759,549,128,"2026-05-08 05:41:00",home,rec_v2,4,0
13760,134,44,"2026-07-05 21:24:00",home,rec_v2,4,1
13761,975,77,"2026-05-14 07:34:00",home,rec_v2,15,0
13762,186,69,"2026-06-25 22:16:00",home,rec_v1,10,0
13763,331,68,"2026-05-14 09:26:00",home,rec_v2,1,0
13764,501,130,"2026-05-24 09:41:00",detail_page,rec_v1,17,0
13765,589,48,"2026-07-02 19:53:00",home,rec_v1,3,1
13766,598,56,"2026-06-19 15:46:00",detail_page,rec_v1,17,0
13767,458,125,"2026-06-19 04:12:00",detail_page,rec_v2,7,0
13768,231,81,"2026-07-20 01:58:00",home,rec_v2,16,0
13769,250,149,"2026-07-03 16:08:00",home,rec_v1,7,0
13770,452,136,"2026-07-16 14:12:00",search,rec_v2,8,1
13771,513,130,"2026-06-17 17:16:00",continue_watching,rec_v2,13,0
13772,877,136,"2026-05-19 14:01:00",home,rec_v2,14,0
13773,249,14,"2026-05-23 10:25:00",home,rec_v2,13,0
13774,819,11,"2026-07-29 15:52:00",home,rec_v2,13,0
13775,655,107,"2026-06-12 16:39:00",home,rec_v1,7,0
13776,299,49,"2026-07-10 02:06:00",detail_page,rec_v2,20,0
13777,32,64,"2026-05-29 19:50:00",detail_page,rec_v2,13,0
13778,79,99,"2026-06-10 23:22:00",continue_watching,rec_v1,20,1
13779,966,27,"2026-06-20 23:36:00",search,rec_v1,7,0
13780,447,56,"2026-05-06 19:05:00",home,rec_v1,17,0
13781,574,105,"2026-05-15 15:22:00",search,rec_v2,14,0
13782,153,50,"2026-05-11 16:06:00",search,rec_v1,6,0
13783,453,91,"2026-06-04 00:35:00",home,rec_v1,16,0
13784,761,83,"2026-06-13 09:14:00",search,rec_v2,8,0
13785,827,102,"2026-06-18 13:05:00",detail_page,rec_v1,20,1
13786,350,36,"2026-05-11 08:30:00",continue_watching,rec_v2,15,0
13787,322,148,"2026-05-18 23:17:00",search,rec_v1,18,0
13788,693,10,"2026-07-10 03:58:00",home,rec_v2,9,0
13789,159,133,"2026-06-22 07:11:00",detail_page,rec_v2,5,1
13790,753,88,"2026-07-08 07:58:00",continue_watching,rec_v2,13,0
13791,497,131,"2026-05-03 10:01:00",detail_page,rec_v2,18,0
13792,806,129,"2026-06-23 15:00:00",search,rec_v1,5,0
13793,100,135,"2026-07-08 11:39:00",continue_watching,rec_v1,9,1
13794,906,53,"2026-05-07 00:24:00",search,rec_v1,2,0
13795,501,7,"2026-07-20 01:29:00",detail_page,rec_v2,16,0
13796,492,64,"2026-07-14 22:51:00",home,rec_v2,4,0
13797,42,102,"2026-05-07 13:17:00",search,rec_v2,8,0
13798,800,47,"2026-05-16 22:48:00",continue_watching,rec_v1,6,0
13799,961,77,"2026-05-26 18:03:00",home,rec_v1,8,0
13800,170,125,"2026-07-04 09:45:00",search,rec_v1,4,0
13801,700,82,"2026-05-06 16:54:00",detail_page,rec_v1,14,0
13802,374,27,"2026-07-11 05:50:00",detail_page,rec_v1,1,0
13803,614,21,"2026-07-13 20:50:00",home,rec_v2,8,0
13804,745,102,"2026-05-21 13:15:00",detail_page,rec_v2,15,0
13805,946,43,"2026-05-29 04:58:00",home,rec_v1,20,0
13806,458,130,"2026-07-26 00:13:00",search,rec_v2,2,0
13807,498,126,"2026-07-24 02:55:00",continue_watching,rec_v1,6,0
13808,784,15,"2026-06-15 23:25:00",detail_page,rec_v2,4,0
13809,572,147,"2026-05-26 05:39:00",continue_watching,rec_v2,18,0
13810,275,127,"2026-05-12 04:12:00",home,rec_v2,17,0
13811,834,49,"2026-06-07 12:28:00",search,rec_v1,17,1
13812,916,1,"2026-05-29 22:45:00",home,rec_v1,11,0
13813,511,143,"2026-07-07 07:07:00",home,rec_v1,8,0
13814,150,43,"2026-06-04 22:40:00",home,rec_v2,13,0
13815,425,83,"2026-07-14 13:10:00",home,rec_v1,1,1
13816,636,96,"2026-06-01 00:40:00",detail_page,rec_v2,15,0
13817,271,55,"2026-06-27 05:13:00",continue_watching,rec_v2,19,0
13818,945,114,"2026-05-07 02:28:00",home,rec_v1,5,1
13819,314,76,"2026-05-27 19:01:00",home,rec_v2,9,1
13820,973,125,"2026-07-19 20:21:00",home,rec_v2,20,0
13821,237,78,"2026-07-04 23:42:00",home,rec_v2,20,1
13822,167,1,"2026-06-11 07:04:00",continue_watching,rec_v2,18,0
13823,426,52,"2026-05-10 17:20:00",detail_page,rec_v1,8,0
13824,227,144,"2026-05-09 12:03:00",home,rec_v1,4,0
13825,488,98,"2026-05-14 08:21:00",home,rec_v1,14,0
13826,818,8,"2026-05-20 12:32:00",continue_watching,rec_v2,1,0
13827,817,116,"2026-05-15 15:01:00",home,rec_v2,6,0
13828,70,33,"2026-05-10 20:37:00",home,rec_v1,13,0
13829,847,79,"2026-05-14 17:17:00",continue_watching,rec_v2,6,0
13830,409,10,"2026-07-10 03:49:00",detail_page,rec_v2,9,0
13831,971,22,"2026-06-06 18:06:00",continue_watching,rec_v1,12,0
13832,819,65,"2026-06-09 19:13:00",search,rec_v2,17,1
13833,65,132,"2026-05-08 21:40:00",continue_watching,rec_v2,17,0
13834,857,124,"2026-06-11 17:59:00",continue_watching,rec_v2,13,0
13835,627,39,"2026-05-20 00:18:00",home,rec_v1,7,0
13836,901,74,"2026-07-10 21:00:00",home,rec_v1,11,0
13837,939,77,"2026-05-27 20:01:00",detail_page,rec_v1,10,1
13838,561,40,"2026-07-27 06:00:00",detail_page,rec_v1,16,0
13839,820,132,"2026-06-07 05:02:00",continue_watching,rec_v2,2,0
13840,70,57,"2026-06-08 09:37:00",home,rec_v1,13,1
13841,835,21,"2026-07-06 16:30:00",detail_page,rec_v2,5,0
13842,266,73,"2026-06-18 06:10:00",continue_watching,rec_v1,13,0
13843,573,142,"2026-05-22 10:48:00",detail_page,rec_v2,6,0
13844,187,96,"2026-07-05 10:16:00",home,rec_v1,4,0
13845,332,93,"2026-06-06 11:04:00",home,rec_v2,4,0
13846,567,42,"2026-06-17 09:13:00",detail_page,rec_v1,9,0
13847,52,1,"2026-06-04 06:23:00",continue_watching,rec_v2,11,0
13848,673,99,"2026-07-08 01:07:00",detail_page,rec_v1,11,0
13849,936,47,"2026-06-08 07:27:00",home,rec_v1,13,0
13850,99,14,"2026-07-24 23:49:00",home,rec_v2,5,0
13851,439,97,"2026-06-19 20:57:00",home,rec_v2,2,1
13852,325,53,"2026-06-13 14:40:00",home,rec_v1,7,0
13853,187,15,"2026-07-25 18:53:00",home,rec_v2,16,0
13854,410,66,"2026-07-26 23:02:00",home,rec_v1,14,0
13855,557,119,"2026-07-16 11:57:00",continue_watching,rec_v1,2,0
13856,585,12,"2026-06-22 04:27:00",search,rec_v1,7,0
13857,392,49,"2026-07-12 03:43:00",home,rec_v2,9,0
13858,942,22,"2026-06-02 23:45:00",home,rec_v2,12,0
13859,105,149,"2026-06-29 09:46:00",home,rec_v2,16,0
13860,84,112,"2026-05-25 06:54:00",detail_page,rec_v1,9,0
13861,916,30,"2026-07-11 00:17:00",home,rec_v1,14,0
13862,127,141,"2026-05-16 16:14:00",home,rec_v2,17,0
13863,406,62,"2026-07-06 17:09:00",continue_watching,rec_v2,18,0
13864,89,69,"2026-07-04 04:27:00",search,rec_v1,10,0
13865,789,87,"2026-07-26 16:19:00",home,rec_v2,13,0
13866,376,120,"2026-05-06 05:49:00",detail_page,rec_v1,14,0
13867,675,31,"2026-07-21 09:12:00",home,rec_v1,9,1
13868,49,93,"2026-07-22 03:21:00",home,rec_v1,12,0
13869,793,136,"2026-05-27 21:38:00",detail_page,rec_v2,6,0
13870,145,40,"2026-06-17 10:13:00",search,rec_v2,2,0
13871,237,82,"2026-07-15 06:06:00",search,rec_v2,14,0
13872,758,76,"2026-05-23 09:30:00",home,rec_v2,4,0
13873,600,77,"2026-06-12 09:32:00",continue_watching,rec_v2,8,0
13874,396,116,"2026-06-11 20:15:00",detail_page,rec_v2,8,0
13875,682,94,"2026-05-17 16:37:00",continue_watching,rec_v2,7,0
13876,58,14,"2026-07-13 01:49:00",continue_watching,rec_v1,16,0
13877,146,118,"2026-05-08 23:53:00",home,rec_v1,11,0
13878,608,71,"2026-07-15 15:49:00",continue_watching,rec_v1,6,0
13879,230,108,"2026-05-31 09:42:00",home,rec_v1,8,0
13880,259,8,"2026-06-13 06:53:00",home,rec_v1,1,0
13881,256,42,"2026-06-09 16:55:00",home,rec_v1,4,0
13882,172,57,"2026-05-03 01:07:00",search,rec_v2,4,1
13883,217,16,"2026-06-04 20:41:00",detail_page,rec_v2,13,0
13884,243,59,"2026-07-03 07:01:00",detail_page,rec_v1,13,0
13885,375,51,"2026-05-04 20:03:00",search,rec_v1,9,1
13886,442,76,"2026-07-15 19:57:00",home,rec_v1,13,0
13887,62,25,"2026-07-27 00:11:00",continue_watching,rec_v2,11,0
13888,327,82,"2026-06-29 11:52:00",home,rec_v1,10,0
13889,792,111,"2026-05-20 22:06:00",search,rec_v2,14,0
13890,595,86,"2026-07-21 09:39:00",continue_watching,rec_v2,7,0
13891,53,72,"2026-05-19 06:38:00",continue_watching,rec_v1,1,0
13892,456,121,"2026-07-19 23:29:00",home,rec_v1,8,1
13893,109,82,"2026-06-05 01:29:00",home,rec_v1,3,0
13894,564,72,"2026-05-14 02:06:00",detail_page,rec_v2,16,0
13895,203,16,"2026-06-04 22:35:00",search,rec_v1,20,1
13896,73,41,"2026-06-21 01:25:00",detail_page,rec_v1,19,0
13897,881,139,"2026-05-04 10:08:00",continue_watching,rec_v1,10,1
13898,342,79,"2026-05-17 11:18:00",home,rec_v2,20,0
13899,990,10,"2026-07-15 02:30:00",continue_watching,rec_v1,5,0
13900,306,125,"2026-05-20 15:03:00",continue_watching,rec_v2,16,1
13901,671,74,"2026-06-18 03:30:00",detail_page,rec_v2,12,0
13902,962,25,"2026-05-16 20:47:00",detail_page,rec_v2,12,0
13903,461,51,"2026-06-04 19:10:00",home,rec_v2,10,0
13904,681,2,"2026-05-11 12:42:00",search,rec_v1,8,0
13905,468,65,"2026-07-27 13:35:00",detail_page,rec_v2,1,0
13906,807,135,"2026-07-01 11:17:00",search,rec_v2,18,0
13907,996,63,"2026-07-11 19:06:00",home,rec_v1,17,1
13908,785,24,"2026-05-28 10:07:00",detail_page,rec_v1,11,0
13909,674,116,"2026-05-19 07:12:00",continue_watching,rec_v1,12,0
13910,84,21,"2026-06-01 03:17:00",continue_watching,rec_v1,9,1
13911,457,44,"2026-06-28 03:24:00",home,rec_v2,7,0
13912,26,147,"2026-07-14 21:16:00",continue_watching,rec_v1,6,0
13913,902,98,"2026-06-03 04:54:00",continue_watching,rec_v1,8,0
13914,931,129,"2026-05-11 07:25:00",continue_watching,rec_v2,10,0
13915,787,49,"2026-05-17 18:44:00",search,rec_v2,11,0
13916,117,133,"2026-07-01 08:29:00",home,rec_v1,7,0
13917,816,144,"2026-07-09 03:30:00",home,rec_v1,6,0
13918,747,147,"2026-06-03 06:15:00",search,rec_v1,11,0
13919,279,106,"2026-05-06 13:40:00",home,rec_v2,14,0
13920,300,23,"2026-07-12 08:27:00",continue_watching,rec_v1,9,0
13921,964,130,"2026-06-04 15:18:00",search,rec_v2,11,0
13922,702,68,"2026-06-08 04:03:00",continue_watching,rec_v2,16,0
13923,607,102,"2026-05-21 07:31:00",home,rec_v1,5,0
13924,694,21,"2026-06-23 14:51:00",home,rec_v1,20,0
13925,995,38,"2026-07-13 11:26:00",continue_watching,rec_v2,7,0
13926,692,113,"2026-05-17 17:52:00",search,rec_v1,4,0
13927,534,94,"2026-05-03 14:16:00",search,rec_v1,17,0
13928,85,117,"2026-06-06 18:59:00",continue_watching,rec_v2,3,0
13929,926,103,"2026-05-08 01:42:00",home,rec_v1,16,0
13930,452,149,"2026-07-21 11:05:00",search,rec_v2,8,0
13931,605,111,"2026-05-09 06:09:00",search,rec_v1,2,0
13932,749,37,"2026-07-10 21:21:00",search,rec_v2,15,0
13933,718,29,"2026-07-18 10:16:00",home,rec_v1,16,0
13934,583,126,"2026-05-02 11:55:00",search,rec_v1,6,0
13935,116,141,"2026-07-11 06:24:00",home,rec_v2,8,0
13936,619,121,"2026-07-02 18:38:00",search,rec_v1,16,0
13937,837,6,"2026-05-23 05:33:00",search,rec_v2,6,0
13938,756,48,"2026-05-23 10:14:00",home,rec_v1,11,0
13939,556,9,"2026-05-02 15:59:00",detail_page,rec_v1,19,0
13940,432,90,"2026-07-03 08:50:00",continue_watching,rec_v1,10,0
13941,346,111,"2026-07-06 02:55:00",home,rec_v1,5,0
13942,63,65,"2026-05-16 20:28:00",home,rec_v1,12,0
13943,755,10,"2026-05-09 14:26:00",home,rec_v2,4,0
13944,451,25,"2026-07-23 12:54:00",home,rec_v1,11,0
13945,133,111,"2026-05-07 10:18:00",home,rec_v2,3,0
13946,964,84,"2026-05-19 17:56:00",continue_watching,rec_v1,19,0
13947,647,91,"2026-06-22 04:34:00",home,rec_v2,20,0
13948,582,40,"2026-07-19 09:13:00",home,rec_v2,18,0
13949,53,114,"2026-05-22 22:21:00",continue_watching,rec_v2,13,1
13950,52,123,"2026-07-02 22:37:00",home,rec_v1,4,0
13951,851,92,"2026-05-19 00:34:00",search,rec_v1,12,0
13952,881,113,"2026-05-18 10:42:00",home,rec_v2,8,0
13953,768,8,"2026-06-28 19:43:00",search,rec_v1,20,0
13954,957,149,"2026-06-04 02:12:00",home,rec_v2,2,0
13955,432,100,"2026-05-08 04:02:00",home,rec_v1,14,0
13956,291,51,"2026-06-22 04:39:00",detail_page,rec_v1,12,1
13957,171,23,"2026-07-25 11:38:00",search,rec_v1,5,1
13958,396,38,"2026-06-08 17:27:00",continue_watching,rec_v1,7,0
13959,434,75,"2026-05-23 03:11:00",home,rec_v2,6,1
13960,170,63,"2026-05-28 01:50:00",detail_page,rec_v1,5,0
13961,288,22,"2026-05-30 12:38:00",detail_page,rec_v1,15,0
13962,342,111,"2026-05-01 16:21:00",home,rec_v1,18,0
13963,830,83,"2026-05-02 13:24:00",search,rec_v1,18,0
13964,944,85,"2026-05-08 05:02:00",continue_watching,rec_v2,4,0
13965,738,21,"2026-06-21 23:08:00",continue_watching,rec_v1,3,0
13966,292,82,"2026-05-02 08:14:00",home,rec_v1,12,0
13967,131,36,"2026-06-17 23:17:00",home,rec_v2,15,0
13968,864,3,"2026-05-16 06:32:00",search,rec_v1,15,0
13969,120,95,"2026-06-08 07:36:00",home,rec_v1,17,0
13970,955,97,"2026-05-14 09:27:00",home,rec_v1,8,0
13971,950,98,"2026-06-07 04:32:00",continue_watching,rec_v1,2,0
13972,803,118,"2026-05-15 03:06:00",home,rec_v2,20,0
13973,333,38,"2026-05-09 13:57:00",continue_watching,rec_v1,4,0
13974,379,104,"2026-07-02 01:38:00",home,rec_v2,9,0
13975,275,83,"2026-07-02 01:51:00",home,rec_v2,16,0
13976,467,84,"2026-07-15 17:46:00",home,rec_v2,20,0
13977,180,42,"2026-06-28 17:58:00",continue_watching,rec_v1,15,0
13978,394,124,"2026-06-06 22:48:00",detail_page,rec_v2,11,0
13979,254,25,"2026-05-08 06:33:00",home,rec_v1,6,0
13980,944,138,"2026-06-24 19:29:00",home,rec_v1,7,0
13981,654,86,"2026-05-09 07:08:00",detail_page,rec_v1,18,0
13982,334,134,"2026-06-27 17:47:00",home,rec_v2,1,0
13983,681,13,"2026-06-13 02:50:00",search,rec_v2,14,0
13984,730,29,"2026-05-21 13:12:00",home,rec_v1,8,0
13985,393,38,"2026-07-28 20:50:00",search,rec_v1,7,0
13986,14,103,"2026-05-24 23:32:00",search,rec_v1,1,0
13987,962,96,"2026-06-18 12:22:00",search,rec_v1,3,0
13988,935,42,"2026-07-07 15:01:00",continue_watching,rec_v1,8,0
13989,52,87,"2026-06-12 12:21:00",detail_page,rec_v2,4,0
13990,371,57,"2026-05-19 05:49:00",search,rec_v1,12,1
13991,547,111,"2026-07-28 20:41:00",detail_page,rec_v2,12,0
13992,560,40,"2026-07-03 15:28:00",home,rec_v2,16,0
13993,133,95,"2026-06-10 17:38:00",home,rec_v2,2,0
13994,322,50,"2026-05-23 16:37:00",search,rec_v1,6,0
13995,622,39,"2026-06-09 13:52:00",continue_watching,rec_v2,1,0
13996,965,61,"2026-07-15 13:53:00",search,rec_v1,2,1
13997,486,126,"2026-05-12 21:52:00",detail_page,rec_v1,1,0
13998,90,3,"2026-06-27 08:07:00",detail_page,rec_v1,6,0
13999,226,22,"2026-05-08 12:01:00",home,rec_v1,7,0
14000,474,75,"2026-06-13 04:34:00",home,rec_v2,14,0
