assignment_id,user_id,experiment_id,variant,assigned_at,segment,cluster_id
1,368,EXP_MODEL_02,control,2026-03-13T09:42,returning,692
2,55,EXP_MODEL_02,control,2026-04-05T22:02,returning,589
3,332,EXP_PROMPT_01,treatment,2026-03-17T16:53,new,630
4,99,EXP_MODEL_02,treatment,2026-03-28T13:01,new,357
5,136,EXP_MODEL_02,treatment,2026-03-01T17:38,enterprise,241
6,473,EXP_MODEL_02,control,2026-04-09T23:18,new,374
7,297,EXP_PROMPT_01,treatment,2026-03-17T18:07,returning,422
8,117,EXP_PROMPT_01,treatment,2026-03-09T07:08,new,615
9,211,EXP_PROMPT_01,treatment,2026-04-02T00:14,returning,6
10,260,EXP_PROMPT_01,treatment,2026-03-27T11:01,returning,559
11,370,EXP_MODEL_02,treatment,2026-03-06T00:04,returning,657
12,515,EXP_MODEL_02,control,2026-03-30T13:59,returning,282
13,31,EXP_PROMPT_01,treatment,2026-03-14T15:04,returning,152
14,49,EXP_PROMPT_01,treatment,2026-04-20T05:04,returning,434
15,359,EXP_MODEL_02,treatment,2026-05-01T01:01,enterprise,253
16,86,EXP_PROMPT_01,treatment,2026-03-30T17:13,enterprise,675
17,570,EXP_MODEL_02,treatment,2026-04-12T19:49,new,339
18,166,EXP_PROMPT_01,control,2026-04-13T15:44,enterprise,568
19,204,EXP_PROMPT_01,control,2026-04-20T13:21,enterprise,57
20,209,EXP_MODEL_02,treatment,2026-03-25T23:19,enterprise,281
21,36,EXP_PROMPT_01,treatment,2026-03-10T02:46,returning,499
22,389,EXP_MODEL_02,treatment,2026-04-08T16:59,new,337
23,92,EXP_PROMPT_01,control,2026-04-26T05:43,new,294
24,506,EXP_MODEL_02,control,2026-03-14T17:07,enterprise,649
25,406,EXP_MODEL_02,treatment,2026-04-09T04:25,enterprise,347
26,277,EXP_MODEL_02,control,2026-03-02T15:57,enterprise,699
27,122,EXP_PROMPT_01,control,2026-04-12T01:51,new,43
28,368,EXP_MODEL_02,treatment,2026-04-04T16:01,new,375
29,367,EXP_MODEL_02,control,2026-04-18T14:01,new,1
30,464,EXP_MODEL_02,control,2026-03-02T04:54,enterprise,643
31,368,EXP_MODEL_02,control,2026-03-18T06:15,new,217
32,302,EXP_MODEL_02,control,2026-03-03T12:58,new,265
33,467,EXP_MODEL_02,treatment,2026-03-20T21:12,new,106
34,512,EXP_PROMPT_01,control,2026-03-24T16:48,enterprise,514
35,584,EXP_PROMPT_01,control,2026-04-09T15:49,enterprise,144
36,514,EXP_PROMPT_01,treatment,2026-04-29T12:31,enterprise,361
37,171,EXP_MODEL_02,treatment,2026-04-25T11:53,returning,371
38,288,EXP_MODEL_02,treatment,2026-03-11T07:55,enterprise,554
39,99,EXP_MODEL_02,treatment,2026-03-19T22:44,new,691
40,576,EXP_MODEL_02,control,2026-04-28T02:13,enterprise,328
41,595,EXP_PROMPT_01,control,2026-04-29T01:55,new,437
42,531,EXP_MODEL_02,control,2026-04-12T03:29,new,115
43,185,EXP_MODEL_02,control,2026-04-25T06:28,returning,306
44,519,EXP_MODEL_02,treatment,2026-03-01T15:07,new,450
45,241,EXP_MODEL_02,control,2026-03-01T20:48,returning,150
46,455,EXP_MODEL_02,control,2026-04-25T15:52,new,222
47,389,EXP_PROMPT_01,treatment,2026-04-03T05:47,returning,606
48,231,EXP_PROMPT_01,control,2026-03-20T04:11,new,678
49,353,EXP_PROMPT_01,control,2026-04-12T14:23,new,127
50,371,EXP_PROMPT_01,control,2026-04-19T04:55,enterprise,359
51,553,EXP_PROMPT_01,control,2026-03-01T21:47,returning,187
52,243,EXP_MODEL_02,control,2026-03-08T00:30,returning,141
53,555,EXP_MODEL_02,control,2026-04-17T16:26,new,73
54,274,EXP_PROMPT_01,treatment,2026-03-15T13:42,new,65
55,482,EXP_MODEL_02,control,2026-05-01T10:16,new,98
56,590,EXP_PROMPT_01,control,2026-05-02T04:09,new,183
57,129,EXP_PROMPT_01,treatment,2026-03-21T06:19,enterprise,375
58,358,EXP_MODEL_02,treatment,2026-04-24T19:59,enterprise,44
59,33,EXP_MODEL_02,treatment,2026-04-25T08:29,enterprise,573
60,528,EXP_PROMPT_01,control,2026-04-02T19:50,enterprise,630
61,261,EXP_MODEL_02,treatment,2026-03-17T09:45,returning,128
62,204,EXP_PROMPT_01,control,2026-04-11T13:09,enterprise,113
63,199,EXP_PROMPT_01,control,2026-05-01T12:35,new,241
64,20,EXP_MODEL_02,control,2026-04-02T02:08,returning,565
65,58,EXP_MODEL_02,treatment,2026-04-23T02:00,returning,253
66,330,EXP_PROMPT_01,control,2026-03-20T11:20,enterprise,359
67,181,EXP_PROMPT_01,control,2026-04-03T09:35,returning,328
68,395,EXP_PROMPT_01,treatment,2026-03-13T23:16,enterprise,617
69,109,EXP_MODEL_02,treatment,2026-03-31T13:37,new,683
70,267,EXP_PROMPT_01,treatment,2026-03-17T15:14,returning,120
71,400,EXP_MODEL_02,treatment,2026-04-06T11:12,returning,8
72,155,EXP_MODEL_02,control,2026-04-15T21:13,returning,58
73,28,EXP_PROMPT_01,treatment,2026-03-07T14:50,new,36
74,217,EXP_MODEL_02,treatment,2026-03-18T11:54,returning,261
75,217,EXP_PROMPT_01,control,2026-04-19T03:39,new,297
76,39,EXP_PROMPT_01,control,2026-03-18T08:31,enterprise,614
77,325,EXP_MODEL_02,treatment,2026-04-29T13:19,enterprise,112
78,175,EXP_MODEL_02,control,2026-03-15T15:55,new,58
79,237,EXP_PROMPT_01,treatment,2026-03-30T18:57,new,374
80,328,EXP_MODEL_02,treatment,2026-04-22T07:49,returning,235
81,435,EXP_PROMPT_01,treatment,2026-03-11T04:36,enterprise,562
82,470,EXP_MODEL_02,control,2026-03-23T05:16,enterprise,401
83,388,EXP_MODEL_02,treatment,2026-03-28T21:53,returning,521
84,237,EXP_MODEL_02,treatment,2026-03-13T07:31,enterprise,48
85,6,EXP_PROMPT_01,treatment,2026-03-02T20:19,returning,122
86,193,EXP_PROMPT_01,treatment,2026-03-12T00:05,new,12
87,70,EXP_PROMPT_01,treatment,2026-04-07T07:59,enterprise,383
88,545,EXP_PROMPT_01,treatment,2026-03-25T07:34,enterprise,351
89,515,EXP_MODEL_02,treatment,2026-04-08T23:37,enterprise,697
90,209,EXP_MODEL_02,treatment,2026-04-09T06:37,new,122
91,431,EXP_PROMPT_01,treatment,2026-04-06T18:32,returning,366
92,202,EXP_MODEL_02,treatment,2026-03-25T07:54,enterprise,174
93,597,EXP_PROMPT_01,control,2026-04-25T00:42,returning,227
94,254,EXP_MODEL_02,control,2026-03-03T16:05,enterprise,501
95,467,EXP_MODEL_02,control,2026-03-08T23:49,returning,563
96,328,EXP_PROMPT_01,control,2026-03-25T21:39,new,43
97,393,EXP_MODEL_02,treatment,2026-03-12T14:40,returning,574
98,560,EXP_PROMPT_01,control,2026-03-15T22:08,returning,503
99,327,EXP_MODEL_02,control,2026-03-09T19:37,returning,9
100,521,EXP_PROMPT_01,treatment,2026-03-02T05:30,new,575
101,417,EXP_MODEL_02,treatment,2026-04-13T01:05,returning,375
102,512,EXP_PROMPT_01,control,2026-03-24T15:44,enterprise,11
103,595,EXP_MODEL_02,control,2026-03-31T09:28,new,652
104,21,EXP_PROMPT_01,treatment,2026-04-05T07:20,new,558
105,16,EXP_MODEL_02,treatment,2026-04-09T16:21,new,185
106,45,EXP_MODEL_02,control,2026-04-21T14:29,new,431
107,245,EXP_MODEL_02,treatment,2026-03-29T18:30,new,679
108,509,EXP_MODEL_02,treatment,2026-04-18T03:37,new,62
109,339,EXP_PROMPT_01,treatment,2026-03-01T10:00,enterprise,273
110,326,EXP_MODEL_02,control,2026-04-10T21:26,new,92
111,108,EXP_MODEL_02,treatment,2026-03-14T03:45,new,576
112,360,EXP_PROMPT_01,treatment,2026-03-31T17:17,enterprise,221
113,507,EXP_PROMPT_01,control,2026-04-23T02:44,enterprise,290
114,256,EXP_PROMPT_01,control,2026-03-26T23:54,returning,474
115,267,EXP_MODEL_02,control,2026-04-25T19:48,enterprise,176
116,573,EXP_MODEL_02,control,2026-03-12T21:26,enterprise,596
117,253,EXP_PROMPT_01,treatment,2026-03-07T08:18,returning,523
118,33,EXP_MODEL_02,treatment,2026-03-24T01:02,returning,288
119,442,EXP_MODEL_02,control,2026-04-15T03:21,returning,91
120,573,EXP_PROMPT_01,treatment,2026-03-13T07:39,enterprise,347
121,549,EXP_MODEL_02,control,2026-03-08T04:54,enterprise,73
122,11,EXP_PROMPT_01,treatment,2026-04-13T07:24,new,283
123,137,EXP_PROMPT_01,control,2026-03-12T04:16,new,407
124,207,EXP_PROMPT_01,treatment,2026-04-14T07:33,enterprise,612
125,94,EXP_PROMPT_01,treatment,2026-03-02T02:11,returning,632
126,205,EXP_MODEL_02,treatment,2026-03-06T05:55,returning,662
127,77,EXP_PROMPT_01,control,2026-04-01T08:14,enterprise,376
128,90,EXP_MODEL_02,treatment,2026-04-16T14:07,enterprise,30
129,33,EXP_PROMPT_01,treatment,2026-04-16T21:56,new,243
130,99,EXP_PROMPT_01,treatment,2026-04-02T07:41,returning,257
131,203,EXP_PROMPT_01,treatment,2026-04-08T01:06,returning,506
132,124,EXP_PROMPT_01,treatment,2026-03-27T04:33,returning,192
133,173,EXP_PROMPT_01,treatment,2026-03-14T18:15,new,88
134,25,EXP_PROMPT_01,treatment,2026-04-29T02:12,returning,292
135,150,EXP_MODEL_02,treatment,2026-04-11T11:58,returning,133
136,229,EXP_PROMPT_01,treatment,2026-03-15T08:17,returning,94
137,55,EXP_PROMPT_01,control,2026-03-05T19:47,enterprise,550
138,466,EXP_MODEL_02,treatment,2026-04-11T01:11,new,67
139,442,EXP_PROMPT_01,treatment,2026-03-15T20:58,enterprise,527
140,582,EXP_PROMPT_01,control,2026-04-23T19:59,enterprise,275
141,495,EXP_PROMPT_01,treatment,2026-04-28T05:21,new,94
142,555,EXP_PROMPT_01,treatment,2026-04-10T11:44,returning,314
143,59,EXP_PROMPT_01,treatment,2026-04-26T07:11,returning,105
144,527,EXP_PROMPT_01,control,2026-03-17T02:00,new,485
145,553,EXP_MODEL_02,treatment,2026-03-22T15:00,new,177
146,236,EXP_PROMPT_01,treatment,2026-04-13T14:49,returning,255
147,535,EXP_PROMPT_01,control,2026-04-10T02:20,new,613
148,321,EXP_PROMPT_01,control,2026-03-27T06:40,new,539
149,63,EXP_MODEL_02,treatment,2026-04-24T13:31,enterprise,618
150,37,EXP_MODEL_02,control,2026-03-13T11:13,enterprise,301
151,154,EXP_PROMPT_01,treatment,2026-03-23T12:22,new,312
152,88,EXP_MODEL_02,control,2026-03-20T10:44,enterprise,540
153,590,EXP_PROMPT_01,control,2026-03-26T00:36,returning,443
154,523,EXP_PROMPT_01,control,2026-04-29T23:19,new,618
155,563,EXP_PROMPT_01,treatment,2026-04-24T16:46,returning,534
156,327,EXP_MODEL_02,treatment,2026-04-13T03:30,returning,89
157,482,EXP_PROMPT_01,treatment,2026-04-21T19:41,enterprise,112
158,539,EXP_MODEL_02,treatment,2026-04-06T16:12,enterprise,160
159,142,EXP_MODEL_02,treatment,2026-03-27T17:20,new,572
160,536,EXP_PROMPT_01,treatment,2026-04-28T08:51,enterprise,333
161,294,EXP_MODEL_02,treatment,2026-03-30T03:27,new,677
162,163,EXP_PROMPT_01,treatment,2026-04-08T08:28,new,686
163,13,EXP_MODEL_02,treatment,2026-04-29T07:23,new,511
164,309,EXP_MODEL_02,treatment,2026-04-15T04:24,enterprise,320
165,565,EXP_PROMPT_01,treatment,2026-03-22T02:46,new,333
166,347,EXP_PROMPT_01,treatment,2026-04-15T04:24,new,628
167,23,EXP_MODEL_02,treatment,2026-04-06T11:30,returning,225
168,287,EXP_MODEL_02,control,2026-04-17T19:30,new,555
169,342,EXP_PROMPT_01,treatment,2026-03-15T06:01,new,397
170,77,EXP_PROMPT_01,treatment,2026-04-09T05:33,enterprise,392
171,147,EXP_MODEL_02,treatment,2026-04-10T08:32,enterprise,95
172,519,EXP_MODEL_02,treatment,2026-04-03T02:47,returning,566
173,111,EXP_MODEL_02,treatment,2026-04-09T17:28,enterprise,495
174,357,EXP_MODEL_02,control,2026-04-27T15:44,new,564
175,126,EXP_PROMPT_01,treatment,2026-04-02T02:33,returning,192
176,400,EXP_MODEL_02,control,2026-04-22T20:20,returning,261
177,517,EXP_PROMPT_01,control,2026-03-07T01:17,returning,632
178,406,EXP_PROMPT_01,control,2026-03-28T15:46,returning,88
179,541,EXP_MODEL_02,control,2026-04-19T15:47,enterprise,479
180,56,EXP_MODEL_02,treatment,2026-03-10T02:30,returning,306
181,501,EXP_MODEL_02,control,2026-03-10T23:14,new,482
182,167,EXP_PROMPT_01,treatment,2026-04-27T01:29,returning,378
183,480,EXP_MODEL_02,treatment,2026-03-24T15:12,returning,330
184,444,EXP_MODEL_02,control,2026-04-22T00:36,new,451
185,600,EXP_MODEL_02,control,2026-04-25T19:47,returning,600
186,395,EXP_MODEL_02,treatment,2026-04-06T23:03,new,455
187,320,EXP_PROMPT_01,treatment,2026-04-10T19:50,new,285
188,55,EXP_PROMPT_01,treatment,2026-04-12T21:15,returning,544
189,340,EXP_MODEL_02,treatment,2026-04-03T09:05,new,615
190,242,EXP_PROMPT_01,control,2026-03-05T19:37,returning,579
191,518,EXP_PROMPT_01,treatment,2026-03-10T16:11,enterprise,552
192,365,EXP_MODEL_02,treatment,2026-03-13T20:56,new,687
193,233,EXP_MODEL_02,control,2026-04-04T03:47,enterprise,528
194,510,EXP_MODEL_02,control,2026-04-17T13:03,new,330
195,559,EXP_MODEL_02,control,2026-04-27T00:06,returning,618
196,377,EXP_PROMPT_01,control,2026-03-30T05:23,new,558
197,317,EXP_PROMPT_01,treatment,2026-03-26T23:58,returning,1
198,291,EXP_MODEL_02,control,2026-04-10T18:14,new,359
199,218,EXP_PROMPT_01,treatment,2026-04-07T04:22,enterprise,226
200,535,EXP_MODEL_02,control,2026-03-26T11:32,returning,99
201,276,EXP_MODEL_02,control,2026-03-07T08:49,returning,252
202,57,EXP_PROMPT_01,treatment,2026-04-27T15:13,enterprise,311
203,514,EXP_PROMPT_01,treatment,2026-04-23T08:19,new,71
204,553,EXP_PROMPT_01,control,2026-04-11T20:57,returning,653
205,465,EXP_PROMPT_01,treatment,2026-04-24T08:20,returning,422
206,28,EXP_PROMPT_01,treatment,2026-04-05T16:05,returning,246
207,436,EXP_MODEL_02,control,2026-04-04T23:37,enterprise,330
208,338,EXP_PROMPT_01,treatment,2026-04-24T07:23,enterprise,168
209,363,EXP_MODEL_02,treatment,2026-04-13T16:24,new,394
210,552,EXP_MODEL_02,treatment,2026-03-17T19:27,returning,230
211,574,EXP_MODEL_02,treatment,2026-03-01T23:25,enterprise,260
212,268,EXP_PROMPT_01,control,2026-04-16T14:09,returning,44
213,352,EXP_PROMPT_01,treatment,2026-04-02T21:22,new,555
214,66,EXP_PROMPT_01,control,2026-04-18T22:46,enterprise,228
215,584,EXP_PROMPT_01,control,2026-04-04T18:46,enterprise,238
216,68,EXP_PROMPT_01,control,2026-04-15T05:18,returning,105
217,276,EXP_PROMPT_01,treatment,2026-03-27T14:34,enterprise,47
218,140,EXP_PROMPT_01,treatment,2026-03-24T14:36,new,487
219,239,EXP_PROMPT_01,control,2026-04-24T13:59,returning,357
220,162,EXP_MODEL_02,control,2026-04-09T03:45,enterprise,411
221,575,EXP_PROMPT_01,control,2026-04-07T00:43,returning,100
222,272,EXP_PROMPT_01,treatment,2026-04-01T10:21,returning,622
223,475,EXP_PROMPT_01,treatment,2026-04-10T22:47,returning,613
224,400,EXP_MODEL_02,treatment,2026-03-09T00:18,enterprise,76
225,526,EXP_PROMPT_01,treatment,2026-04-04T02:39,enterprise,265
226,260,EXP_MODEL_02,control,2026-03-12T19:25,new,376
227,474,EXP_MODEL_02,treatment,2026-03-15T22:30,new,99
228,292,EXP_MODEL_02,control,2026-03-14T21:31,new,482
229,510,EXP_MODEL_02,treatment,2026-03-31T21:13,new,693
230,209,EXP_MODEL_02,control,2026-03-08T10:48,new,378
231,245,EXP_PROMPT_01,control,2026-04-10T22:06,new,159
232,216,EXP_PROMPT_01,treatment,2026-03-17T00:35,returning,482
233,288,EXP_PROMPT_01,control,2026-03-18T01:55,returning,194
234,361,EXP_MODEL_02,control,2026-03-31T09:51,enterprise,63
235,65,EXP_PROMPT_01,control,2026-03-10T10:30,enterprise,386
236,361,EXP_MODEL_02,treatment,2026-04-19T18:18,returning,432
237,448,EXP_PROMPT_01,control,2026-04-16T03:45,enterprise,81
238,321,EXP_PROMPT_01,control,2026-03-22T19:40,new,471
239,222,EXP_MODEL_02,treatment,2026-03-07T03:56,returning,611
240,321,EXP_MODEL_02,control,2026-04-21T02:20,new,165
241,325,EXP_PROMPT_01,control,2026-03-30T10:11,new,99
242,309,EXP_MODEL_02,treatment,2026-04-12T12:07,enterprise,224
243,169,EXP_MODEL_02,treatment,2026-04-20T18:17,returning,14
244,371,EXP_PROMPT_01,treatment,2026-04-01T00:35,returning,294
245,185,EXP_MODEL_02,control,2026-03-03T04:14,returning,424
246,600,EXP_PROMPT_01,treatment,2026-03-19T09:47,new,384
247,435,EXP_MODEL_02,treatment,2026-04-08T15:53,returning,361
248,309,EXP_PROMPT_01,treatment,2026-05-01T15:19,new,42
249,222,EXP_PROMPT_01,control,2026-03-01T16:05,enterprise,602
250,46,EXP_MODEL_02,control,2026-03-11T06:54,new,12
251,424,EXP_MODEL_02,treatment,2026-04-23T16:47,enterprise,174
252,49,EXP_MODEL_02,control,2026-03-31T22:33,enterprise,533
253,174,EXP_PROMPT_01,treatment,2026-04-28T00:41,new,594
254,56,EXP_PROMPT_01,control,2026-04-11T00:35,enterprise,8
255,336,EXP_PROMPT_01,treatment,2026-04-12T09:16,new,413
256,149,EXP_MODEL_02,control,2026-03-28T09:10,returning,150
257,111,EXP_MODEL_02,control,2026-03-08T05:49,returning,562
258,414,EXP_MODEL_02,treatment,2026-04-05T16:08,new,212
259,358,EXP_PROMPT_01,treatment,2026-03-15T22:53,enterprise,227
260,152,EXP_PROMPT_01,treatment,2026-04-29T11:25,new,441
261,340,EXP_PROMPT_01,control,2026-04-13T09:25,new,617
262,195,EXP_PROMPT_01,control,2026-03-10T17:53,enterprise,313
263,204,EXP_MODEL_02,control,2026-03-08T18:26,new,317
264,230,EXP_MODEL_02,control,2026-03-08T12:24,returning,632
265,472,EXP_MODEL_02,control,2026-03-29T11:38,enterprise,68
266,506,EXP_MODEL_02,control,2026-03-15T10:43,returning,688
267,522,EXP_PROMPT_01,treatment,2026-03-06T03:16,new,97
268,434,EXP_PROMPT_01,treatment,2026-04-21T22:05,new,317
269,91,EXP_MODEL_02,treatment,2026-04-01T14:12,enterprise,158
270,501,EXP_MODEL_02,treatment,2026-04-14T15:32,returning,643
271,406,EXP_PROMPT_01,treatment,2026-03-11T18:38,returning,668
272,285,EXP_MODEL_02,control,2026-03-22T16:17,enterprise,113
273,253,EXP_MODEL_02,control,2026-03-06T15:18,returning,686
274,482,EXP_MODEL_02,control,2026-03-31T20:40,returning,602
275,521,EXP_PROMPT_01,treatment,2026-04-17T08:53,enterprise,171
276,439,EXP_MODEL_02,treatment,2026-04-22T21:13,enterprise,408
277,31,EXP_PROMPT_01,treatment,2026-04-14T20:54,returning,548
278,429,EXP_PROMPT_01,control,2026-04-04T00:15,new,557
279,522,EXP_MODEL_02,treatment,2026-04-22T19:51,returning,79
280,177,EXP_PROMPT_01,control,2026-03-26T06:06,returning,104
281,58,EXP_PROMPT_01,treatment,2026-03-20T00:33,new,210
282,170,EXP_MODEL_02,control,2026-03-14T14:52,returning,276
283,49,EXP_MODEL_02,control,2026-03-29T21:53,returning,344
284,245,EXP_MODEL_02,treatment,2026-03-27T04:59,enterprise,43
285,56,EXP_MODEL_02,control,2026-03-16T00:14,enterprise,533
286,363,EXP_MODEL_02,treatment,2026-04-12T05:56,returning,88
287,177,EXP_MODEL_02,treatment,2026-04-23T13:40,new,277
288,423,EXP_PROMPT_01,treatment,2026-03-29T23:00,returning,698
289,542,EXP_PROMPT_01,control,2026-03-17T20:10,enterprise,394
290,35,EXP_MODEL_02,control,2026-03-18T01:12,returning,514
291,224,EXP_PROMPT_01,control,2026-04-15T22:40,enterprise,201
292,55,EXP_MODEL_02,control,2026-04-30T22:40,returning,444
293,480,EXP_PROMPT_01,treatment,2026-03-02T14:28,new,503
294,169,EXP_MODEL_02,control,2026-03-22T12:53,enterprise,77
295,151,EXP_MODEL_02,control,2026-04-14T03:02,returning,419
296,517,EXP_PROMPT_01,treatment,2026-03-11T05:52,new,348
297,501,EXP_PROMPT_01,control,2026-04-17T14:36,returning,168
298,164,EXP_MODEL_02,control,2026-04-23T23:25,new,478
299,361,EXP_MODEL_02,treatment,2026-04-08T21:15,returning,560
300,282,EXP_MODEL_02,control,2026-04-18T14:56,enterprise,344
301,575,EXP_MODEL_02,control,2026-04-01T00:50,enterprise,682
302,217,EXP_PROMPT_01,control,2026-03-12T15:10,returning,31
303,426,EXP_PROMPT_01,control,2026-03-04T12:12,enterprise,275
304,69,EXP_PROMPT_01,treatment,2026-04-27T13:18,new,637
305,92,EXP_PROMPT_01,treatment,2026-03-16T01:56,enterprise,565
306,447,EXP_PROMPT_01,treatment,2026-03-19T22:51,returning,332
307,182,EXP_PROMPT_01,control,2026-03-06T00:31,returning,357
308,390,EXP_MODEL_02,treatment,2026-04-04T17:17,new,31
309,120,EXP_MODEL_02,treatment,2026-03-05T21:26,returning,264
310,149,EXP_PROMPT_01,control,2026-04-08T09:10,enterprise,229
311,193,EXP_PROMPT_01,treatment,2026-03-27T03:51,enterprise,108
312,67,EXP_MODEL_02,treatment,2026-03-15T21:56,returning,677
313,60,EXP_MODEL_02,treatment,2026-04-25T00:08,new,674
314,97,EXP_MODEL_02,control,2026-04-18T12:13,returning,367
315,538,EXP_PROMPT_01,control,2026-04-17T17:14,returning,150
316,595,EXP_MODEL_02,control,2026-04-15T17:46,new,552
317,368,EXP_MODEL_02,control,2026-03-30T20:05,enterprise,168
318,499,EXP_PROMPT_01,control,2026-03-08T04:17,returning,66
319,472,EXP_MODEL_02,treatment,2026-04-01T17:28,returning,415
320,550,EXP_MODEL_02,control,2026-03-22T11:55,new,488
321,198,EXP_PROMPT_01,control,2026-04-17T18:29,enterprise,444
322,499,EXP_MODEL_02,control,2026-03-22T07:54,enterprise,682
323,498,EXP_PROMPT_01,control,2026-04-23T08:14,returning,225
324,401,EXP_PROMPT_01,control,2026-05-01T13:53,new,329
325,161,EXP_MODEL_02,treatment,2026-03-28T17:52,returning,459
326,396,EXP_MODEL_02,treatment,2026-03-22T13:22,returning,518
327,466,EXP_PROMPT_01,treatment,2026-04-02T08:26,new,265
328,14,EXP_PROMPT_01,treatment,2026-03-06T10:47,returning,555
329,197,EXP_MODEL_02,treatment,2026-04-18T06:08,new,332
330,401,EXP_MODEL_02,treatment,2026-03-05T16:57,enterprise,304
331,54,EXP_MODEL_02,control,2026-03-10T17:27,enterprise,632
332,279,EXP_MODEL_02,control,2026-03-08T23:10,enterprise,64
333,372,EXP_MODEL_02,treatment,2026-03-15T00:12,returning,309
334,523,EXP_MODEL_02,control,2026-04-02T22:20,new,337
335,137,EXP_MODEL_02,treatment,2026-03-08T15:04,enterprise,37
336,464,EXP_PROMPT_01,control,2026-04-22T11:54,returning,320
337,59,EXP_MODEL_02,treatment,2026-03-26T03:35,enterprise,485
338,534,EXP_MODEL_02,treatment,2026-04-28T20:11,new,124
339,116,EXP_PROMPT_01,treatment,2026-03-08T22:44,new,306
340,187,EXP_PROMPT_01,control,2026-04-28T18:15,enterprise,689
341,594,EXP_PROMPT_01,treatment,2026-04-17T14:56,enterprise,660
342,211,EXP_PROMPT_01,treatment,2026-03-11T19:18,returning,541
343,246,EXP_MODEL_02,treatment,2026-03-03T09:48,new,331
344,92,EXP_PROMPT_01,treatment,2026-04-22T18:28,new,74
345,16,EXP_PROMPT_01,treatment,2026-05-02T08:22,new,572
346,514,EXP_PROMPT_01,control,2026-04-10T20:09,enterprise,689
347,132,EXP_PROMPT_01,control,2026-04-21T01:50,returning,344
348,230,EXP_PROMPT_01,treatment,2026-03-31T07:44,new,95
349,509,EXP_PROMPT_01,control,2026-04-26T04:36,enterprise,154
350,27,EXP_PROMPT_01,control,2026-03-10T16:55,enterprise,136
351,542,EXP_MODEL_02,control,2026-03-04T08:17,new,10
352,412,EXP_PROMPT_01,treatment,2026-04-03T15:06,enterprise,544
353,327,EXP_PROMPT_01,treatment,2026-03-28T13:57,enterprise,363
354,455,EXP_PROMPT_01,control,2026-03-30T10:53,enterprise,31
355,145,EXP_PROMPT_01,control,2026-03-29T01:54,enterprise,504
356,552,EXP_PROMPT_01,control,2026-04-25T06:36,new,597
357,443,EXP_PROMPT_01,control,2026-03-08T23:28,returning,666
358,507,EXP_PROMPT_01,treatment,2026-04-06T21:54,enterprise,633
359,44,EXP_PROMPT_01,control,2026-04-25T18:27,returning,84
360,473,EXP_PROMPT_01,treatment,2026-04-13T08:59,new,143
361,141,EXP_MODEL_02,treatment,2026-04-17T00:18,new,678
362,233,EXP_MODEL_02,treatment,2026-03-26T07:44,returning,76
363,329,EXP_PROMPT_01,treatment,2026-03-04T15:13,new,294
364,154,EXP_PROMPT_01,treatment,2026-03-23T18:16,returning,437
365,492,EXP_PROMPT_01,treatment,2026-03-11T03:06,returning,653
366,381,EXP_MODEL_02,treatment,2026-03-30T13:50,enterprise,191
367,314,EXP_MODEL_02,control,2026-03-15T10:28,new,352
368,220,EXP_MODEL_02,treatment,2026-03-29T03:48,returning,155
369,493,EXP_PROMPT_01,control,2026-03-17T11:45,enterprise,583
370,371,EXP_PROMPT_01,treatment,2026-04-30T03:48,returning,500
371,497,EXP_PROMPT_01,treatment,2026-04-15T15:41,new,116
372,141,EXP_MODEL_02,treatment,2026-04-27T02:00,new,616
373,119,EXP_PROMPT_01,treatment,2026-04-03T16:55,returning,277
374,384,EXP_MODEL_02,control,2026-04-08T05:10,new,408
375,406,EXP_PROMPT_01,control,2026-04-23T12:58,returning,133
376,152,EXP_PROMPT_01,treatment,2026-03-04T15:15,enterprise,333
377,288,EXP_PROMPT_01,treatment,2026-04-28T01:34,enterprise,94
378,532,EXP_MODEL_02,treatment,2026-03-15T15:36,new,138
379,254,EXP_MODEL_02,treatment,2026-03-13T10:19,new,493
380,533,EXP_MODEL_02,control,2026-03-18T17:58,new,436
381,179,EXP_PROMPT_01,treatment,2026-04-10T20:17,returning,296
382,110,EXP_MODEL_02,treatment,2026-03-25T16:00,returning,195
383,357,EXP_MODEL_02,treatment,2026-04-26T14:59,returning,609
384,161,EXP_MODEL_02,treatment,2026-04-25T08:08,enterprise,121
385,58,EXP_PROMPT_01,treatment,2026-03-12T10:10,returning,352
386,51,EXP_MODEL_02,treatment,2026-03-27T02:59,enterprise,437
387,257,EXP_PROMPT_01,treatment,2026-03-10T06:41,returning,626
388,145,EXP_PROMPT_01,treatment,2026-05-01T10:29,new,38
389,199,EXP_PROMPT_01,treatment,2026-04-10T00:27,returning,62
390,195,EXP_MODEL_02,treatment,2026-03-07T11:44,enterprise,230
391,392,EXP_MODEL_02,control,2026-03-19T01:06,enterprise,311
392,553,EXP_PROMPT_01,control,2026-04-30T09:50,new,250
393,119,EXP_MODEL_02,control,2026-04-06T17:39,returning,195
394,518,EXP_MODEL_02,treatment,2026-04-17T04:13,enterprise,6
395,416,EXP_MODEL_02,control,2026-05-01T15:49,enterprise,223
396,271,EXP_MODEL_02,treatment,2026-04-13T05:52,enterprise,10
397,101,EXP_MODEL_02,control,2026-03-17T05:02,returning,623
398,529,EXP_PROMPT_01,treatment,2026-04-21T14:03,enterprise,38
399,383,EXP_MODEL_02,control,2026-03-27T15:52,new,619
400,116,EXP_MODEL_02,control,2026-03-04T09:34,new,341
401,64,EXP_PROMPT_01,control,2026-03-20T20:52,enterprise,164
402,562,EXP_MODEL_02,control,2026-03-04T08:47,enterprise,400
403,350,EXP_MODEL_02,control,2026-03-28T01:21,enterprise,323
404,198,EXP_PROMPT_01,treatment,2026-04-20T11:10,enterprise,580
405,196,EXP_MODEL_02,treatment,2026-04-29T01:44,new,572
406,183,EXP_MODEL_02,treatment,2026-04-25T05:48,new,446
407,272,EXP_MODEL_02,control,2026-04-11T07:53,new,173
408,387,EXP_MODEL_02,control,2026-03-18T05:02,returning,612
409,244,EXP_MODEL_02,treatment,2026-03-13T11:43,enterprise,148
410,587,EXP_PROMPT_01,control,2026-03-22T13:51,enterprise,406
411,576,EXP_PROMPT_01,treatment,2026-04-14T01:03,new,186
412,37,EXP_PROMPT_01,treatment,2026-04-15T16:59,enterprise,201
413,104,EXP_MODEL_02,control,2026-03-30T10:06,enterprise,400
414,293,EXP_MODEL_02,control,2026-03-11T19:05,new,265
415,279,EXP_MODEL_02,control,2026-04-26T07:32,new,174
416,105,EXP_MODEL_02,treatment,2026-03-09T13:09,returning,79
417,552,EXP_PROMPT_01,treatment,2026-03-29T22:30,enterprise,312
418,73,EXP_PROMPT_01,control,2026-04-19T01:55,enterprise,186
419,380,EXP_PROMPT_01,treatment,2026-03-20T23:28,new,492
420,120,EXP_MODEL_02,control,2026-03-22T22:17,enterprise,654
421,197,EXP_MODEL_02,treatment,2026-04-28T04:32,new,641
422,389,EXP_MODEL_02,control,2026-04-25T06:57,enterprise,642
423,375,EXP_MODEL_02,control,2026-04-01T14:36,enterprise,120
424,408,EXP_MODEL_02,control,2026-04-14T07:48,returning,273
425,28,EXP_PROMPT_01,control,2026-03-03T20:29,new,457
426,282,EXP_PROMPT_01,treatment,2026-03-12T07:05,returning,182
427,24,EXP_PROMPT_01,control,2026-03-12T19:48,new,279
428,180,EXP_PROMPT_01,control,2026-03-06T01:16,enterprise,14
429,326,EXP_PROMPT_01,treatment,2026-04-21T02:42,enterprise,30
430,33,EXP_MODEL_02,treatment,2026-03-31T04:54,enterprise,384
431,91,EXP_MODEL_02,treatment,2026-04-28T07:28,enterprise,611
432,126,EXP_PROMPT_01,treatment,2026-03-16T03:29,new,109
433,41,EXP_PROMPT_01,treatment,2026-03-10T03:02,enterprise,619
434,312,EXP_PROMPT_01,treatment,2026-03-31T15:42,new,155
435,527,EXP_MODEL_02,control,2026-03-29T21:39,returning,436
436,516,EXP_PROMPT_01,treatment,2026-04-19T05:11,enterprise,577
437,3,EXP_PROMPT_01,control,2026-04-22T19:35,enterprise,578
438,370,EXP_MODEL_02,treatment,2026-04-02T05:42,enterprise,214
439,574,EXP_MODEL_02,treatment,2026-04-30T05:46,returning,364
440,17,EXP_PROMPT_01,control,2026-03-10T09:06,enterprise,10
441,16,EXP_PROMPT_01,control,2026-04-10T23:02,enterprise,579
442,68,EXP_PROMPT_01,control,2026-03-20T16:19,returning,581
443,74,EXP_PROMPT_01,control,2026-04-08T03:57,returning,80
444,167,EXP_MODEL_02,control,2026-04-04T08:35,enterprise,421
445,1,EXP_MODEL_02,treatment,2026-03-29T12:57,returning,350
446,453,EXP_PROMPT_01,treatment,2026-04-29T17:01,enterprise,622
447,472,EXP_MODEL_02,treatment,2026-04-28T14:17,new,639
448,584,EXP_MODEL_02,treatment,2026-04-07T05:37,enterprise,216
449,341,EXP_PROMPT_01,treatment,2026-04-11T11:37,new,575
450,542,EXP_MODEL_02,control,2026-03-09T03:43,returning,500
451,313,EXP_MODEL_02,control,2026-04-24T08:15,enterprise,210
452,33,EXP_MODEL_02,control,2026-04-02T20:34,enterprise,49
453,97,EXP_PROMPT_01,control,2026-03-13T12:20,enterprise,191
454,555,EXP_MODEL_02,control,2026-03-27T02:04,new,328
455,428,EXP_PROMPT_01,treatment,2026-04-16T04:55,new,94
456,186,EXP_PROMPT_01,control,2026-03-19T10:02,returning,513
457,11,EXP_PROMPT_01,control,2026-04-02T20:18,new,195
458,524,EXP_PROMPT_01,treatment,2026-04-14T14:30,enterprise,427
459,163,EXP_MODEL_02,treatment,2026-04-10T01:44,returning,12
460,372,EXP_PROMPT_01,treatment,2026-04-04T08:32,new,22
461,300,EXP_PROMPT_01,control,2026-03-03T19:41,returning,534
462,552,EXP_PROMPT_01,control,2026-04-19T12:45,returning,657
463,98,EXP_PROMPT_01,treatment,2026-04-12T20:54,enterprise,3
464,230,EXP_MODEL_02,control,2026-03-07T13:59,enterprise,47
465,304,EXP_MODEL_02,control,2026-04-25T22:12,enterprise,522
466,480,EXP_PROMPT_01,treatment,2026-03-26T01:33,returning,288
467,553,EXP_MODEL_02,control,2026-03-28T13:15,enterprise,604
468,514,EXP_PROMPT_01,control,2026-04-07T04:22,new,63
469,308,EXP_PROMPT_01,treatment,2026-04-10T08:23,new,484
470,401,EXP_PROMPT_01,control,2026-05-02T01:37,new,144
471,260,EXP_MODEL_02,control,2026-04-26T02:28,enterprise,5
472,592,EXP_MODEL_02,control,2026-03-23T09:57,new,684
473,594,EXP_PROMPT_01,control,2026-03-14T05:41,enterprise,37
474,14,EXP_MODEL_02,treatment,2026-04-13T20:04,returning,496
475,88,EXP_PROMPT_01,treatment,2026-04-09T04:20,enterprise,176
476,176,EXP_MODEL_02,control,2026-03-08T12:27,enterprise,317
477,392,EXP_PROMPT_01,treatment,2026-03-18T10:15,returning,295
478,188,EXP_PROMPT_01,treatment,2026-03-06T16:36,returning,668
479,398,EXP_PROMPT_01,control,2026-03-14T06:07,returning,359
480,575,EXP_MODEL_02,control,2026-03-20T17:05,returning,342
481,490,EXP_MODEL_02,treatment,2026-04-11T14:00,enterprise,524
482,299,EXP_PROMPT_01,control,2026-03-23T02:39,new,144
483,308,EXP_PROMPT_01,treatment,2026-03-09T13:28,new,486
484,184,EXP_PROMPT_01,treatment,2026-04-18T11:04,enterprise,598
485,335,EXP_MODEL_02,control,2026-03-26T09:42,returning,354
486,192,EXP_MODEL_02,treatment,2026-04-22T19:41,enterprise,417
487,86,EXP_MODEL_02,treatment,2026-04-02T10:56,returning,15
488,90,EXP_MODEL_02,treatment,2026-04-28T16:02,enterprise,76
489,520,EXP_MODEL_02,control,2026-03-26T16:37,returning,548
490,393,EXP_PROMPT_01,control,2026-03-01T21:20,enterprise,40
491,276,EXP_PROMPT_01,treatment,2026-04-15T22:18,enterprise,536
492,31,EXP_MODEL_02,treatment,2026-03-13T23:59,enterprise,283
493,365,EXP_PROMPT_01,treatment,2026-04-24T10:34,new,398
494,75,EXP_MODEL_02,treatment,2026-03-18T06:57,new,472
495,426,EXP_MODEL_02,treatment,2026-04-08T01:30,enterprise,619
496,200,EXP_PROMPT_01,control,2026-03-23T13:05,enterprise,113
497,590,EXP_MODEL_02,control,2026-04-28T09:24,new,219
498,491,EXP_MODEL_02,treatment,2026-04-09T07:19,returning,565
499,237,EXP_PROMPT_01,control,2026-03-24T11:13,enterprise,134
500,236,EXP_PROMPT_01,control,2026-04-26T08:52,new,207
501,80,EXP_MODEL_02,control,2026-03-16T08:14,new,53
502,10,EXP_MODEL_02,control,2026-04-18T18:21,returning,241
503,68,EXP_MODEL_02,control,2026-03-14T19:51,returning,83
504,312,EXP_MODEL_02,treatment,2026-03-02T06:09,new,635
505,170,EXP_MODEL_02,treatment,2026-03-27T05:08,new,283
506,163,EXP_MODEL_02,control,2026-05-02T07:12,new,376
507,275,EXP_PROMPT_01,treatment,2026-03-17T18:58,enterprise,46
508,394,EXP_MODEL_02,control,2026-03-07T03:50,returning,216
509,247,EXP_PROMPT_01,control,2026-04-28T06:35,new,598
510,294,EXP_MODEL_02,treatment,2026-03-25T20:32,returning,486
511,598,EXP_MODEL_02,treatment,2026-04-19T18:51,enterprise,537
512,597,EXP_PROMPT_01,control,2026-03-06T11:46,enterprise,6
513,544,EXP_PROMPT_01,control,2026-04-08T14:43,new,686
514,41,EXP_MODEL_02,control,2026-04-20T03:31,returning,290
515,517,EXP_MODEL_02,treatment,2026-04-17T22:14,new,274
516,524,EXP_PROMPT_01,control,2026-03-19T23:51,returning,236
517,112,EXP_MODEL_02,control,2026-04-28T13:38,new,673
518,2,EXP_MODEL_02,control,2026-04-08T07:12,returning,199
519,82,EXP_MODEL_02,control,2026-04-14T18:56,new,522
520,252,EXP_MODEL_02,treatment,2026-03-26T12:22,new,103
521,196,EXP_MODEL_02,treatment,2026-03-23T20:52,enterprise,174
522,46,EXP_PROMPT_01,treatment,2026-03-24T19:34,enterprise,611
523,307,EXP_PROMPT_01,control,2026-03-12T22:00,returning,340
524,581,EXP_MODEL_02,control,2026-03-10T16:39,returning,593
525,19,EXP_MODEL_02,control,2026-03-27T16:48,returning,584
526,573,EXP_PROMPT_01,treatment,2026-03-05T16:00,new,265
527,149,EXP_MODEL_02,treatment,2026-03-27T11:55,enterprise,664
528,290,EXP_MODEL_02,treatment,2026-04-16T11:28,enterprise,669
529,152,EXP_PROMPT_01,treatment,2026-03-13T23:13,enterprise,647
530,588,EXP_MODEL_02,treatment,2026-03-26T12:22,returning,31
531,558,EXP_MODEL_02,treatment,2026-03-12T13:47,enterprise,552
532,116,EXP_MODEL_02,treatment,2026-04-26T00:56,new,653
533,521,EXP_MODEL_02,control,2026-03-07T12:02,returning,66
534,394,EXP_MODEL_02,treatment,2026-04-06T19:46,returning,225
535,345,EXP_MODEL_02,control,2026-04-30T21:26,returning,477
536,588,EXP_MODEL_02,control,2026-04-24T15:36,returning,401
537,475,EXP_MODEL_02,treatment,2026-04-05T11:26,new,371
538,505,EXP_MODEL_02,control,2026-03-09T16:10,new,150
539,79,EXP_MODEL_02,control,2026-03-25T12:54,new,635
540,385,EXP_PROMPT_01,treatment,2026-03-14T13:31,new,313
541,120,EXP_PROMPT_01,control,2026-04-12T13:32,new,450
542,51,EXP_MODEL_02,control,2026-04-10T07:19,returning,500
543,360,EXP_MODEL_02,treatment,2026-03-13T21:04,enterprise,479
544,458,EXP_MODEL_02,control,2026-03-02T09:36,returning,145
545,252,EXP_PROMPT_01,treatment,2026-04-11T23:36,new,212
546,481,EXP_MODEL_02,treatment,2026-03-25T10:39,returning,576
547,109,EXP_PROMPT_01,control,2026-04-02T14:01,new,263
548,466,EXP_PROMPT_01,control,2026-03-22T12:59,new,610
549,80,EXP_MODEL_02,treatment,2026-03-19T19:30,returning,208
550,357,EXP_PROMPT_01,control,2026-04-26T14:31,enterprise,57
551,212,EXP_MODEL_02,control,2026-03-12T00:47,returning,307
552,107,EXP_MODEL_02,treatment,2026-03-19T05:36,new,78
553,384,EXP_PROMPT_01,treatment,2026-04-28T23:17,new,428
554,338,EXP_MODEL_02,treatment,2026-04-30T00:23,new,482
555,48,EXP_PROMPT_01,control,2026-04-17T01:44,enterprise,484
556,470,EXP_PROMPT_01,treatment,2026-03-15T19:49,new,471
557,29,EXP_PROMPT_01,control,2026-03-14T08:27,returning,345
558,600,EXP_MODEL_02,treatment,2026-04-20T12:41,new,584
559,277,EXP_PROMPT_01,treatment,2026-04-14T14:47,enterprise,514
560,447,EXP_PROMPT_01,control,2026-03-27T13:47,returning,580
561,396,EXP_MODEL_02,control,2026-04-15T03:02,returning,501
562,578,EXP_MODEL_02,control,2026-04-13T21:04,new,428
563,343,EXP_PROMPT_01,treatment,2026-03-25T05:42,enterprise,666
564,252,EXP_PROMPT_01,control,2026-04-11T08:57,enterprise,264
565,590,EXP_PROMPT_01,control,2026-03-31T18:28,new,688
566,270,EXP_MODEL_02,treatment,2026-03-03T21:58,enterprise,84
567,301,EXP_MODEL_02,treatment,2026-03-08T07:10,new,118
568,114,EXP_PROMPT_01,treatment,2026-04-07T21:10,returning,189
569,234,EXP_PROMPT_01,treatment,2026-03-26T05:20,enterprise,430
570,270,EXP_MODEL_02,control,2026-03-18T22:35,returning,448
571,571,EXP_MODEL_02,control,2026-03-01T15:42,enterprise,160
572,52,EXP_MODEL_02,treatment,2026-04-20T00:14,returning,604
573,168,EXP_MODEL_02,control,2026-03-01T10:12,new,574
574,179,EXP_PROMPT_01,treatment,2026-04-09T06:35,returning,142
575,502,EXP_PROMPT_01,control,2026-04-30T12:44,enterprise,168
576,197,EXP_PROMPT_01,treatment,2026-03-16T11:58,enterprise,270
577,538,EXP_MODEL_02,treatment,2026-03-31T19:53,new,92
578,521,EXP_MODEL_02,control,2026-04-17T00:33,enterprise,371
579,449,EXP_MODEL_02,treatment,2026-03-09T17:08,new,330
580,395,EXP_PROMPT_01,treatment,2026-03-24T14:33,returning,241
581,313,EXP_MODEL_02,control,2026-03-20T05:42,new,456
582,490,EXP_PROMPT_01,control,2026-03-08T06:26,returning,673
583,130,EXP_PROMPT_01,treatment,2026-04-29T21:58,enterprise,255
584,257,EXP_MODEL_02,treatment,2026-04-05T15:13,new,362
585,40,EXP_MODEL_02,treatment,2026-04-24T21:40,new,307
586,311,EXP_MODEL_02,control,2026-04-08T07:55,enterprise,250
587,356,EXP_MODEL_02,control,2026-03-17T03:05,new,624
588,12,EXP_PROMPT_01,treatment,2026-05-01T22:14,returning,230
589,398,EXP_PROMPT_01,control,2026-03-16T04:51,returning,471
590,421,EXP_MODEL_02,treatment,2026-04-27T17:36,new,193
591,487,EXP_PROMPT_01,control,2026-04-02T12:35,new,310
592,283,EXP_MODEL_02,control,2026-04-03T21:46,new,612
593,136,EXP_MODEL_02,control,2026-04-13T05:30,returning,565
594,84,EXP_PROMPT_01,control,2026-03-09T04:42,new,161
595,196,EXP_PROMPT_01,treatment,2026-03-25T06:33,new,316
596,361,EXP_MODEL_02,treatment,2026-03-24T04:58,enterprise,481
597,238,EXP_MODEL_02,treatment,2026-03-11T07:50,new,450
598,10,EXP_PROMPT_01,treatment,2026-04-18T14:54,new,411
599,328,EXP_MODEL_02,control,2026-04-22T02:50,returning,669
600,178,EXP_PROMPT_01,control,2026-03-29T09:51,new,48
601,495,EXP_PROMPT_01,treatment,2026-03-29T23:02,returning,569
602,566,EXP_MODEL_02,treatment,2026-04-14T16:36,new,227
603,263,EXP_PROMPT_01,treatment,2026-04-14T09:43,new,322
604,378,EXP_MODEL_02,treatment,2026-03-13T19:17,new,365
605,369,EXP_MODEL_02,treatment,2026-03-27T15:11,enterprise,128
606,496,EXP_MODEL_02,treatment,2026-04-29T22:47,returning,527
607,296,EXP_MODEL_02,treatment,2026-03-26T23:15,new,563
608,193,EXP_MODEL_02,treatment,2026-03-03T13:33,returning,541
609,257,EXP_MODEL_02,treatment,2026-04-09T10:19,new,404
610,540,EXP_MODEL_02,treatment,2026-04-06T03:21,returning,603
611,35,EXP_PROMPT_01,treatment,2026-03-18T15:21,new,23
612,390,EXP_MODEL_02,treatment,2026-04-10T03:36,enterprise,597
613,473,EXP_MODEL_02,control,2026-04-09T14:53,new,183
614,320,EXP_MODEL_02,control,2026-04-05T04:30,returning,369
615,460,EXP_PROMPT_01,treatment,2026-04-25T08:58,enterprise,601
616,242,EXP_MODEL_02,control,2026-03-06T18:59,returning,348
617,415,EXP_PROMPT_01,treatment,2026-03-02T09:29,enterprise,630
618,587,EXP_MODEL_02,treatment,2026-04-14T14:18,enterprise,391
619,505,EXP_PROMPT_01,control,2026-04-22T05:32,enterprise,677
620,106,EXP_MODEL_02,treatment,2026-04-12T17:34,returning,167
621,117,EXP_PROMPT_01,control,2026-04-11T10:47,returning,147
622,397,EXP_MODEL_02,treatment,2026-03-31T11:47,enterprise,688
623,237,EXP_MODEL_02,control,2026-04-16T09:10,enterprise,538
624,579,EXP_MODEL_02,control,2026-04-26T07:25,new,466
625,19,EXP_PROMPT_01,control,2026-04-09T01:43,returning,257
626,388,EXP_MODEL_02,treatment,2026-03-14T18:45,returning,135
627,86,EXP_MODEL_02,control,2026-04-09T08:18,returning,403
628,367,EXP_MODEL_02,control,2026-03-29T16:25,enterprise,510
629,26,EXP_PROMPT_01,treatment,2026-04-26T18:18,returning,578
630,168,EXP_MODEL_02,control,2026-03-26T06:15,enterprise,463
631,326,EXP_MODEL_02,treatment,2026-04-03T14:25,enterprise,66
632,407,EXP_PROMPT_01,treatment,2026-03-11T09:33,returning,318
633,305,EXP_PROMPT_01,control,2026-04-11T17:32,returning,91
634,492,EXP_MODEL_02,treatment,2026-03-09T03:13,new,443
635,192,EXP_PROMPT_01,treatment,2026-03-19T01:41,enterprise,367
636,303,EXP_MODEL_02,treatment,2026-04-16T14:17,new,122
637,286,EXP_PROMPT_01,control,2026-04-21T02:48,enterprise,498
638,28,EXP_MODEL_02,treatment,2026-03-10T16:50,returning,121
639,221,EXP_PROMPT_01,treatment,2026-04-25T08:17,returning,167
640,209,EXP_PROMPT_01,treatment,2026-04-04T12:31,new,75
641,476,EXP_MODEL_02,control,2026-03-23T07:17,enterprise,443
642,456,EXP_PROMPT_01,control,2026-04-04T07:44,enterprise,43
643,582,EXP_MODEL_02,control,2026-03-06T08:51,returning,214
644,299,EXP_MODEL_02,control,2026-03-21T21:46,enterprise,383
645,591,EXP_PROMPT_01,treatment,2026-03-12T02:05,returning,269
646,212,EXP_PROMPT_01,treatment,2026-04-19T15:57,new,384
647,99,EXP_PROMPT_01,treatment,2026-04-30T19:58,returning,346
648,408,EXP_PROMPT_01,control,2026-04-22T16:25,enterprise,196
649,381,EXP_PROMPT_01,control,2026-04-10T04:57,returning,611
650,438,EXP_MODEL_02,treatment,2026-03-08T20:25,new,333
651,556,EXP_MODEL_02,treatment,2026-04-10T12:43,enterprise,343
652,40,EXP_PROMPT_01,control,2026-04-27T19:49,returning,577
653,354,EXP_PROMPT_01,control,2026-04-19T16:15,enterprise,321
654,383,EXP_MODEL_02,treatment,2026-03-12T02:00,new,417
655,356,EXP_PROMPT_01,treatment,2026-04-30T13:29,returning,324
656,258,EXP_PROMPT_01,treatment,2026-03-08T03:53,new,147
657,527,EXP_PROMPT_01,control,2026-04-19T08:44,enterprise,441
658,423,EXP_PROMPT_01,control,2026-04-22T01:31,returning,281
659,277,EXP_PROMPT_01,treatment,2026-03-08T05:42,new,344
660,40,EXP_MODEL_02,control,2026-03-21T13:44,enterprise,245
661,307,EXP_MODEL_02,control,2026-03-08T14:45,returning,666
662,34,EXP_PROMPT_01,treatment,2026-04-20T10:21,new,203
663,590,EXP_PROMPT_01,treatment,2026-03-03T16:33,new,586
664,28,EXP_PROMPT_01,control,2026-04-03T20:41,new,233
665,292,EXP_MODEL_02,control,2026-03-05T15:06,new,259
666,378,EXP_PROMPT_01,treatment,2026-03-23T05:10,returning,99
667,431,EXP_PROMPT_01,control,2026-03-01T20:46,new,528
668,73,EXP_MODEL_02,treatment,2026-04-02T18:03,new,689
669,173,EXP_MODEL_02,treatment,2026-03-23T17:57,new,473
670,118,EXP_PROMPT_01,control,2026-03-25T03:55,returning,104
671,456,EXP_PROMPT_01,control,2026-03-05T00:11,returning,71
672,558,EXP_PROMPT_01,treatment,2026-04-28T19:28,returning,121
673,12,EXP_PROMPT_01,treatment,2026-03-20T12:59,returning,674
674,44,EXP_PROMPT_01,treatment,2026-03-11T18:14,new,426
675,80,EXP_PROMPT_01,treatment,2026-03-08T11:46,new,15
676,488,EXP_MODEL_02,treatment,2026-04-07T12:39,enterprise,620
677,453,EXP_PROMPT_01,treatment,2026-04-01T04:19,returning,6
678,450,EXP_MODEL_02,treatment,2026-03-14T19:24,returning,198
679,138,EXP_MODEL_02,treatment,2026-04-18T23:06,returning,402
680,361,EXP_MODEL_02,treatment,2026-04-06T08:23,enterprise,431
681,217,EXP_MODEL_02,treatment,2026-03-31T23:57,new,466
682,337,EXP_PROMPT_01,treatment,2026-04-11T15:09,new,540
683,263,EXP_PROMPT_01,treatment,2026-03-06T20:37,enterprise,558
684,318,EXP_MODEL_02,treatment,2026-03-27T13:42,returning,684
685,320,EXP_MODEL_02,treatment,2026-04-26T18:24,returning,515
686,342,EXP_MODEL_02,treatment,2026-04-13T21:58,enterprise,517
687,466,EXP_PROMPT_01,control,2026-03-18T15:53,enterprise,289
688,89,EXP_MODEL_02,control,2026-03-20T19:12,new,603
689,222,EXP_PROMPT_01,treatment,2026-04-23T11:40,returning,586
690,364,EXP_PROMPT_01,treatment,2026-03-09T19:28,new,201
691,265,EXP_MODEL_02,control,2026-04-02T14:42,enterprise,242
692,47,EXP_PROMPT_01,treatment,2026-04-05T18:57,returning,402
693,28,EXP_MODEL_02,control,2026-04-19T11:27,enterprise,678
694,538,EXP_MODEL_02,control,2026-03-25T23:06,new,201
695,239,EXP_MODEL_02,treatment,2026-04-18T00:06,enterprise,161
696,143,EXP_PROMPT_01,control,2026-04-28T20:45,returning,40
697,16,EXP_MODEL_02,treatment,2026-04-27T22:42,enterprise,655
698,333,EXP_MODEL_02,treatment,2026-03-11T21:20,returning,42
699,336,EXP_PROMPT_01,treatment,2026-03-17T03:42,new,465
700,448,EXP_PROMPT_01,control,2026-03-08T06:37,returning,217
701,424,EXP_MODEL_02,control,2026-03-13T11:54,enterprise,136
702,529,EXP_PROMPT_01,treatment,2026-04-07T17:58,enterprise,571
703,495,EXP_MODEL_02,treatment,2026-04-23T16:35,enterprise,405
704,595,EXP_PROMPT_01,control,2026-04-10T23:55,new,34
705,435,EXP_MODEL_02,control,2026-03-18T12:06,new,146
706,11,EXP_MODEL_02,control,2026-03-20T09:11,enterprise,195
707,402,EXP_PROMPT_01,control,2026-04-19T04:33,new,191
708,182,EXP_MODEL_02,treatment,2026-04-08T16:13,returning,498
709,213,EXP_MODEL_02,treatment,2026-03-16T21:09,enterprise,262
710,128,EXP_PROMPT_01,treatment,2026-03-31T19:02,new,50
711,382,EXP_PROMPT_01,treatment,2026-03-26T23:59,new,514
712,27,EXP_PROMPT_01,treatment,2026-03-27T15:06,enterprise,679
713,16,EXP_PROMPT_01,treatment,2026-04-02T23:02,returning,489
714,591,EXP_PROMPT_01,control,2026-03-14T19:52,returning,187
715,376,EXP_PROMPT_01,control,2026-03-02T14:03,enterprise,58
716,50,EXP_PROMPT_01,treatment,2026-03-06T04:43,new,313
717,177,EXP_PROMPT_01,control,2026-04-04T07:51,new,96
718,286,EXP_MODEL_02,control,2026-03-16T12:51,new,319
719,498,EXP_MODEL_02,control,2026-03-29T01:41,enterprise,556
720,219,EXP_PROMPT_01,control,2026-04-21T11:06,new,429
721,466,EXP_MODEL_02,control,2026-04-27T12:31,enterprise,350
722,438,EXP_MODEL_02,treatment,2026-03-29T16:52,new,351
723,419,EXP_MODEL_02,treatment,2026-04-29T12:55,returning,642
724,160,EXP_MODEL_02,control,2026-03-24T05:06,enterprise,157
725,175,EXP_MODEL_02,treatment,2026-04-01T18:15,new,435
726,508,EXP_PROMPT_01,control,2026-03-07T21:04,new,135
727,20,EXP_PROMPT_01,treatment,2026-04-25T05:49,new,341
728,342,EXP_MODEL_02,treatment,2026-03-26T04:59,new,560
729,263,EXP_MODEL_02,control,2026-03-12T11:48,enterprise,510
730,519,EXP_MODEL_02,control,2026-03-12T18:44,returning,504
731,449,EXP_PROMPT_01,treatment,2026-03-17T00:09,new,448
732,402,EXP_PROMPT_01,control,2026-05-02T10:18,returning,426
733,25,EXP_MODEL_02,treatment,2026-04-08T12:37,enterprise,256
734,322,EXP_MODEL_02,control,2026-03-08T00:57,new,389
735,207,EXP_PROMPT_01,control,2026-03-24T10:33,enterprise,398
736,598,EXP_PROMPT_01,control,2026-03-15T11:22,new,48
737,413,EXP_MODEL_02,control,2026-04-04T16:07,enterprise,330
738,470,EXP_MODEL_02,treatment,2026-04-11T14:53,returning,290
739,6,EXP_MODEL_02,treatment,2026-04-09T04:41,new,357
740,535,EXP_PROMPT_01,treatment,2026-03-07T20:36,returning,235
741,61,EXP_PROMPT_01,treatment,2026-04-05T15:36,enterprise,520
742,578,EXP_PROMPT_01,treatment,2026-03-22T18:59,new,443
743,441,EXP_PROMPT_01,treatment,2026-03-29T03:54,returning,30
744,58,EXP_PROMPT_01,treatment,2026-03-06T06:16,enterprise,318
745,174,EXP_PROMPT_01,treatment,2026-03-19T01:49,enterprise,540
746,284,EXP_PROMPT_01,treatment,2026-03-08T10:47,enterprise,48
747,424,EXP_PROMPT_01,control,2026-03-28T13:12,enterprise,16
748,434,EXP_MODEL_02,control,2026-05-02T08:31,returning,486
749,568,EXP_PROMPT_01,control,2026-03-07T15:34,enterprise,142
750,470,EXP_PROMPT_01,control,2026-04-08T22:44,enterprise,622
751,469,EXP_MODEL_02,treatment,2026-04-04T05:41,enterprise,643
752,570,EXP_PROMPT_01,control,2026-04-21T18:18,new,483
753,466,EXP_PROMPT_01,treatment,2026-04-06T00:15,new,581
754,504,EXP_PROMPT_01,treatment,2026-03-07T20:10,returning,507
755,364,EXP_PROMPT_01,treatment,2026-04-16T20:24,new,285
756,286,EXP_MODEL_02,control,2026-03-16T22:01,enterprise,311
757,472,EXP_PROMPT_01,treatment,2026-03-06T00:02,returning,169
758,553,EXP_MODEL_02,control,2026-03-31T10:46,returning,649
759,66,EXP_PROMPT_01,treatment,2026-03-01T21:22,enterprise,649
760,452,EXP_PROMPT_01,treatment,2026-03-19T10:05,returning,284
761,27,EXP_PROMPT_01,control,2026-03-02T19:23,new,271
762,596,EXP_MODEL_02,treatment,2026-03-30T04:52,returning,232
763,117,EXP_MODEL_02,treatment,2026-04-01T20:16,enterprise,128
764,10,EXP_PROMPT_01,control,2026-03-18T19:35,enterprise,411
765,554,EXP_PROMPT_01,treatment,2026-03-31T00:58,returning,145
766,562,EXP_MODEL_02,treatment,2026-04-13T01:45,enterprise,11
767,32,EXP_PROMPT_01,treatment,2026-03-09T12:12,new,286
768,330,EXP_MODEL_02,treatment,2026-03-30T16:49,new,77
769,181,EXP_MODEL_02,control,2026-03-28T18:55,returning,173
770,217,EXP_MODEL_02,treatment,2026-04-06T21:38,enterprise,465
771,582,EXP_MODEL_02,control,2026-03-10T21:12,enterprise,92
772,506,EXP_MODEL_02,control,2026-04-09T01:12,enterprise,208
773,205,EXP_MODEL_02,control,2026-03-19T02:25,enterprise,57
774,202,EXP_MODEL_02,control,2026-04-10T00:29,new,470
775,312,EXP_MODEL_02,control,2026-03-31T03:18,new,530
776,155,EXP_PROMPT_01,control,2026-03-21T01:37,returning,489
777,292,EXP_MODEL_02,control,2026-04-05T02:20,new,618
778,215,EXP_PROMPT_01,control,2026-04-27T11:55,returning,143
779,520,EXP_MODEL_02,control,2026-04-12T11:35,enterprise,56
780,96,EXP_PROMPT_01,control,2026-04-03T09:49,returning,320
781,196,EXP_PROMPT_01,control,2026-04-14T12:44,new,177
782,455,EXP_PROMPT_01,control,2026-04-01T19:02,enterprise,55
783,400,EXP_MODEL_02,treatment,2026-03-15T07:39,enterprise,490
784,486,EXP_MODEL_02,treatment,2026-04-11T17:07,new,372
785,73,EXP_MODEL_02,control,2026-03-24T02:25,new,215
786,296,EXP_PROMPT_01,control,2026-03-21T05:27,enterprise,505
787,65,EXP_PROMPT_01,control,2026-03-06T10:23,enterprise,100
788,45,EXP_PROMPT_01,treatment,2026-04-11T12:46,enterprise,177
789,470,EXP_PROMPT_01,control,2026-03-27T23:58,enterprise,195
790,20,EXP_PROMPT_01,treatment,2026-03-12T02:01,returning,694
791,239,EXP_PROMPT_01,treatment,2026-04-27T04:52,new,207
792,160,EXP_MODEL_02,treatment,2026-04-12T13:30,enterprise,633
793,184,EXP_PROMPT_01,treatment,2026-04-26T15:23,enterprise,366
794,52,EXP_MODEL_02,control,2026-03-25T03:11,returning,442
795,461,EXP_MODEL_02,treatment,2026-03-14T02:31,new,591
796,566,EXP_PROMPT_01,treatment,2026-04-10T21:27,returning,692
797,451,EXP_PROMPT_01,control,2026-04-03T10:22,new,679
798,504,EXP_PROMPT_01,control,2026-03-20T13:58,new,592
799,260,EXP_PROMPT_01,treatment,2026-04-14T07:28,returning,492
800,254,EXP_PROMPT_01,control,2026-04-05T02:49,enterprise,552
801,222,EXP_PROMPT_01,treatment,2026-03-21T21:30,returning,693
802,551,EXP_MODEL_02,treatment,2026-03-13T16:18,returning,212
803,160,EXP_MODEL_02,control,2026-03-07T06:27,new,196
804,538,EXP_PROMPT_01,control,2026-03-11T22:43,new,431
805,478,EXP_MODEL_02,treatment,2026-03-08T21:06,new,357
806,440,EXP_PROMPT_01,control,2026-04-18T00:48,new,545
807,308,EXP_MODEL_02,control,2026-03-31T14:01,new,248
808,81,EXP_PROMPT_01,treatment,2026-03-08T00:27,new,62
809,314,EXP_MODEL_02,treatment,2026-05-01T15:05,enterprise,485
810,16,EXP_MODEL_02,control,2026-04-23T18:06,new,580
811,160,EXP_MODEL_02,treatment,2026-04-21T22:07,returning,394
812,147,EXP_MODEL_02,treatment,2026-03-16T18:42,new,143
813,166,EXP_MODEL_02,treatment,2026-03-12T20:17,enterprise,204
814,396,EXP_MODEL_02,treatment,2026-03-18T17:46,new,394
815,434,EXP_PROMPT_01,control,2026-03-01T13:19,enterprise,369
816,529,EXP_PROMPT_01,control,2026-03-09T03:51,returning,545
817,177,EXP_MODEL_02,control,2026-03-10T22:29,new,437
818,86,EXP_PROMPT_01,treatment,2026-04-19T20:05,enterprise,246
819,512,EXP_PROMPT_01,control,2026-03-03T10:09,new,615
820,412,EXP_MODEL_02,control,2026-03-01T21:59,enterprise,635
821,77,EXP_MODEL_02,treatment,2026-03-29T00:22,returning,289
822,161,EXP_PROMPT_01,treatment,2026-04-06T22:26,enterprise,167
823,561,EXP_PROMPT_01,control,2026-04-04T21:55,returning,86
824,218,EXP_MODEL_02,treatment,2026-04-28T12:58,enterprise,33
825,593,EXP_MODEL_02,control,2026-04-14T03:35,enterprise,250
826,410,EXP_MODEL_02,control,2026-04-08T20:04,returning,665
827,274,EXP_MODEL_02,control,2026-04-17T12:47,returning,383
828,21,EXP_PROMPT_01,treatment,2026-04-04T18:39,enterprise,621
829,27,EXP_MODEL_02,treatment,2026-04-29T10:41,returning,193
830,596,EXP_MODEL_02,control,2026-04-20T14:36,returning,186
831,90,EXP_PROMPT_01,control,2026-04-18T03:26,new,274
832,295,EXP_PROMPT_01,treatment,2026-04-29T09:47,enterprise,599
833,174,EXP_MODEL_02,control,2026-03-22T04:35,enterprise,22
834,469,EXP_MODEL_02,treatment,2026-03-31T01:37,returning,207
835,57,EXP_PROMPT_01,control,2026-04-08T14:16,new,174
836,114,EXP_PROMPT_01,treatment,2026-03-29T09:34,new,180
837,260,EXP_PROMPT_01,control,2026-03-20T06:29,new,100
838,199,EXP_PROMPT_01,treatment,2026-04-15T00:26,enterprise,41
839,325,EXP_MODEL_02,control,2026-04-28T01:07,new,248
840,58,EXP_PROMPT_01,treatment,2026-04-01T12:51,enterprise,66
841,496,EXP_PROMPT_01,treatment,2026-04-16T08:56,enterprise,550
842,493,EXP_MODEL_02,control,2026-04-09T16:55,new,187
843,357,EXP_MODEL_02,control,2026-03-08T01:08,returning,548
844,16,EXP_MODEL_02,control,2026-03-16T16:20,enterprise,316
845,114,EXP_MODEL_02,control,2026-03-05T03:22,returning,608
846,407,EXP_MODEL_02,control,2026-04-29T02:36,returning,604
847,459,EXP_MODEL_02,treatment,2026-03-24T22:24,enterprise,129
848,434,EXP_MODEL_02,treatment,2026-04-11T20:30,returning,535
849,437,EXP_PROMPT_01,treatment,2026-03-02T17:53,enterprise,42
850,203,EXP_MODEL_02,treatment,2026-04-01T17:32,new,302
851,350,EXP_PROMPT_01,treatment,2026-04-20T23:18,new,92
852,311,EXP_PROMPT_01,treatment,2026-04-19T23:45,returning,477
853,293,EXP_MODEL_02,treatment,2026-04-12T01:47,returning,453
854,327,EXP_PROMPT_01,control,2026-03-02T08:38,returning,216
855,408,EXP_PROMPT_01,control,2026-04-23T14:26,enterprise,256
856,508,EXP_PROMPT_01,treatment,2026-04-15T01:46,returning,72
857,572,EXP_PROMPT_01,treatment,2026-04-06T12:12,enterprise,340
858,192,EXP_PROMPT_01,control,2026-04-30T20:14,returning,271
859,330,EXP_MODEL_02,treatment,2026-05-01T14:37,new,401
860,331,EXP_MODEL_02,treatment,2026-03-04T18:04,returning,643
861,430,EXP_MODEL_02,control,2026-04-13T11:32,returning,72
862,189,EXP_MODEL_02,treatment,2026-03-30T07:49,new,689
863,491,EXP_PROMPT_01,treatment,2026-03-22T18:36,new,154
864,464,EXP_PROMPT_01,treatment,2026-03-07T18:46,returning,210
865,374,EXP_PROMPT_01,control,2026-03-08T04:05,enterprise,342
866,293,EXP_MODEL_02,control,2026-04-30T03:25,new,370
867,300,EXP_PROMPT_01,treatment,2026-04-14T16:37,returning,392
868,124,EXP_PROMPT_01,control,2026-03-21T09:36,returning,280
869,77,EXP_MODEL_02,control,2026-04-30T06:20,enterprise,11
870,301,EXP_MODEL_02,treatment,2026-03-11T00:43,returning,638
871,334,EXP_PROMPT_01,control,2026-04-09T19:42,returning,683
872,583,EXP_MODEL_02,control,2026-04-26T16:27,enterprise,348
873,123,EXP_PROMPT_01,treatment,2026-04-25T06:50,new,609
874,309,EXP_PROMPT_01,treatment,2026-05-01T01:54,enterprise,188
875,568,EXP_PROMPT_01,treatment,2026-04-18T03:17,enterprise,184
876,506,EXP_PROMPT_01,treatment,2026-04-24T08:40,returning,8
877,448,EXP_PROMPT_01,control,2026-04-08T04:42,new,39
878,306,EXP_PROMPT_01,control,2026-03-12T12:03,returning,590
879,420,EXP_PROMPT_01,treatment,2026-03-14T13:53,enterprise,3
880,33,EXP_PROMPT_01,control,2026-04-25T10:32,new,242
881,386,EXP_MODEL_02,control,2026-03-22T09:11,new,478
882,434,EXP_PROMPT_01,treatment,2026-03-01T19:36,returning,513
883,427,EXP_PROMPT_01,control,2026-03-21T18:56,enterprise,569
884,521,EXP_PROMPT_01,control,2026-03-18T12:18,returning,698
885,412,EXP_MODEL_02,control,2026-03-15T10:45,new,443
886,252,EXP_PROMPT_01,treatment,2026-04-24T16:54,new,53
887,566,EXP_MODEL_02,treatment,2026-03-17T13:14,returning,48
888,416,EXP_MODEL_02,treatment,2026-04-09T01:35,returning,617
889,519,EXP_PROMPT_01,treatment,2026-04-19T08:36,returning,692
890,299,EXP_PROMPT_01,control,2026-04-04T05:43,returning,697
891,68,EXP_MODEL_02,treatment,2026-03-25T04:30,enterprise,277
892,117,EXP_PROMPT_01,treatment,2026-03-20T16:05,enterprise,93
893,162,EXP_PROMPT_01,control,2026-04-11T00:01,returning,228
894,470,EXP_MODEL_02,treatment,2026-03-20T00:54,new,681
895,123,EXP_PROMPT_01,control,2026-04-11T13:41,new,189
896,344,EXP_MODEL_02,control,2026-04-11T23:43,new,414
897,419,EXP_MODEL_02,treatment,2026-04-27T09:30,returning,154
898,399,EXP_PROMPT_01,treatment,2026-03-22T08:37,enterprise,356
899,48,EXP_MODEL_02,treatment,2026-03-25T13:57,enterprise,158
900,102,EXP_MODEL_02,control,2026-03-23T18:08,returning,20
901,320,EXP_MODEL_02,treatment,2026-03-31T13:57,enterprise,317
902,332,EXP_MODEL_02,treatment,2026-03-10T02:42,enterprise,562
903,529,EXP_PROMPT_01,control,2026-04-23T02:56,new,57
904,525,EXP_MODEL_02,control,2026-03-28T01:11,returning,335
905,241,EXP_MODEL_02,treatment,2026-03-30T04:10,new,38
906,273,EXP_MODEL_02,control,2026-03-28T13:07,new,420
907,82,EXP_PROMPT_01,treatment,2026-04-10T10:17,new,583
908,280,EXP_MODEL_02,control,2026-04-24T14:47,enterprise,423
909,368,EXP_PROMPT_01,treatment,2026-04-29T19:38,returning,189
910,143,EXP_MODEL_02,treatment,2026-03-10T08:49,returning,214
911,503,EXP_MODEL_02,treatment,2026-04-17T14:31,new,159
912,58,EXP_PROMPT_01,treatment,2026-04-13T06:22,returning,378
913,42,EXP_PROMPT_01,treatment,2026-04-15T10:25,new,224
914,418,EXP_PROMPT_01,control,2026-03-17T09:44,new,476
915,360,EXP_MODEL_02,treatment,2026-03-08T05:19,enterprise,485
916,548,EXP_MODEL_02,treatment,2026-04-28T12:09,returning,641
917,13,EXP_PROMPT_01,treatment,2026-04-22T07:47,enterprise,52
918,375,EXP_PROMPT_01,control,2026-03-01T20:57,new,363
919,444,EXP_MODEL_02,treatment,2026-03-06T01:12,returning,305
920,226,EXP_MODEL_02,control,2026-04-22T07:00,returning,405
921,83,EXP_MODEL_02,treatment,2026-04-15T06:26,returning,485
922,215,EXP_MODEL_02,control,2026-03-02T20:06,new,223
923,245,EXP_PROMPT_01,treatment,2026-04-28T00:49,returning,521
924,447,EXP_MODEL_02,control,2026-03-04T02:53,new,333
925,293,EXP_PROMPT_01,treatment,2026-04-27T05:23,new,142
926,164,EXP_MODEL_02,control,2026-04-27T05:22,enterprise,449
927,51,EXP_MODEL_02,control,2026-04-24T16:24,returning,578
928,487,EXP_PROMPT_01,treatment,2026-03-04T19:38,new,331
929,424,EXP_PROMPT_01,control,2026-04-11T05:38,enterprise,233
930,209,EXP_PROMPT_01,control,2026-04-13T05:53,enterprise,309
931,579,EXP_PROMPT_01,treatment,2026-05-01T09:27,returning,592
932,172,EXP_PROMPT_01,control,2026-03-11T17:54,returning,94
933,78,EXP_PROMPT_01,control,2026-04-03T01:18,returning,342
934,320,EXP_MODEL_02,treatment,2026-03-28T03:41,returning,619
935,160,EXP_PROMPT_01,treatment,2026-04-29T07:11,enterprise,602
936,544,EXP_PROMPT_01,treatment,2026-03-18T18:26,returning,387
937,539,EXP_MODEL_02,treatment,2026-03-16T20:26,new,577
938,113,EXP_PROMPT_01,treatment,2026-04-27T00:29,new,246
939,571,EXP_PROMPT_01,treatment,2026-04-20T21:58,returning,475
940,163,EXP_PROMPT_01,control,2026-05-01T07:14,enterprise,255
941,356,EXP_PROMPT_01,treatment,2026-04-11T18:56,enterprise,365
942,527,EXP_PROMPT_01,control,2026-03-01T07:20,enterprise,586
943,140,EXP_MODEL_02,control,2026-04-21T21:23,enterprise,42
944,362,EXP_MODEL_02,control,2026-04-19T05:50,enterprise,513
945,599,EXP_MODEL_02,control,2026-03-26T10:48,enterprise,533
946,518,EXP_MODEL_02,control,2026-03-25T13:11,new,218
947,188,EXP_PROMPT_01,control,2026-03-30T15:28,enterprise,395
948,588,EXP_PROMPT_01,control,2026-03-28T10:57,returning,456
949,94,EXP_PROMPT_01,treatment,2026-03-24T22:58,returning,116
950,571,EXP_PROMPT_01,treatment,2026-03-10T05:16,new,48
951,14,EXP_MODEL_02,treatment,2026-03-17T10:06,returning,305
952,109,EXP_MODEL_02,control,2026-04-22T14:58,returning,124
953,289,EXP_PROMPT_01,control,2026-03-10T02:35,new,477
954,518,EXP_PROMPT_01,treatment,2026-04-18T02:50,new,367
955,315,EXP_MODEL_02,control,2026-03-31T18:56,new,100
956,578,EXP_MODEL_02,control,2026-04-07T04:57,returning,225
957,218,EXP_MODEL_02,control,2026-03-23T15:52,returning,337
958,453,EXP_PROMPT_01,treatment,2026-04-20T22:19,new,207
959,337,EXP_PROMPT_01,control,2026-04-09T10:45,new,129
960,292,EXP_MODEL_02,control,2026-03-06T15:02,enterprise,550
961,183,EXP_PROMPT_01,control,2026-03-27T08:21,returning,156
962,43,EXP_MODEL_02,control,2026-03-06T03:54,enterprise,158
963,232,EXP_MODEL_02,treatment,2026-04-15T10:58,returning,345
964,115,EXP_MODEL_02,treatment,2026-03-16T04:06,new,5
965,485,EXP_MODEL_02,control,2026-04-21T23:03,new,534
966,392,EXP_MODEL_02,control,2026-04-19T14:47,enterprise,83
967,242,EXP_MODEL_02,control,2026-04-13T23:35,returning,680
968,384,EXP_PROMPT_01,control,2026-03-03T09:00,enterprise,515
969,241,EXP_PROMPT_01,control,2026-03-02T18:07,returning,688
970,519,EXP_MODEL_02,control,2026-03-01T02:24,returning,646
971,63,EXP_MODEL_02,treatment,2026-04-19T07:59,new,347
972,95,EXP_PROMPT_01,control,2026-04-23T02:20,enterprise,176
973,356,EXP_PROMPT_01,control,2026-03-16T02:02,returning,494
974,13,EXP_MODEL_02,treatment,2026-03-12T08:27,new,29
975,226,EXP_MODEL_02,treatment,2026-03-31T06:35,enterprise,280
976,246,EXP_PROMPT_01,treatment,2026-03-04T09:55,enterprise,283
977,471,EXP_PROMPT_01,treatment,2026-04-02T18:41,enterprise,45
978,165,EXP_MODEL_02,control,2026-03-18T20:52,enterprise,398
979,284,EXP_MODEL_02,control,2026-04-27T20:26,enterprise,608
980,274,EXP_PROMPT_01,control,2026-04-04T09:25,enterprise,189
981,486,EXP_PROMPT_01,treatment,2026-04-26T20:09,enterprise,686
982,47,EXP_PROMPT_01,control,2026-03-23T22:39,new,397
983,324,EXP_PROMPT_01,treatment,2026-04-18T18:41,returning,126
984,80,EXP_PROMPT_01,treatment,2026-04-04T17:07,enterprise,151
985,4,EXP_PROMPT_01,control,2026-03-24T10:05,returning,658
986,71,EXP_MODEL_02,control,2026-03-29T19:20,new,287
987,125,EXP_PROMPT_01,control,2026-04-24T09:21,new,28
988,296,EXP_MODEL_02,treatment,2026-03-02T03:19,new,386
989,130,EXP_MODEL_02,control,2026-04-25T23:34,enterprise,499
990,104,EXP_MODEL_02,control,2026-03-20T20:35,new,318
991,245,EXP_PROMPT_01,control,2026-03-08T06:08,enterprise,510
992,83,EXP_MODEL_02,treatment,2026-03-20T14:50,enterprise,220
993,486,EXP_PROMPT_01,treatment,2026-04-04T05:32,returning,405
994,591,EXP_MODEL_02,control,2026-03-23T20:46,enterprise,80
995,38,EXP_PROMPT_01,control,2026-03-03T16:19,returning,406
996,149,EXP_PROMPT_01,treatment,2026-03-31T23:45,enterprise,380
997,115,EXP_PROMPT_01,treatment,2026-04-24T14:49,enterprise,400
998,245,EXP_MODEL_02,treatment,2026-04-28T10:19,returning,30
999,452,EXP_MODEL_02,control,2026-04-17T15:55,new,13
1000,574,EXP_MODEL_02,treatment,2026-03-09T01:36,enterprise,266
1001,485,EXP_PROMPT_01,control,2026-04-17T03:06,new,612
1002,520,EXP_PROMPT_01,treatment,2026-04-19T18:09,enterprise,603
1003,353,EXP_PROMPT_01,control,2026-04-26T13:12,enterprise,166
1004,161,EXP_PROMPT_01,control,2026-03-05T22:24,returning,234
1005,498,EXP_MODEL_02,control,2026-04-29T10:21,new,614
1006,306,EXP_PROMPT_01,control,2026-04-17T23:42,new,366
1007,164,EXP_PROMPT_01,control,2026-03-20T02:16,returning,226
1008,522,EXP_MODEL_02,control,2026-03-30T05:27,new,621
1009,149,EXP_PROMPT_01,control,2026-04-01T14:42,enterprise,128
1010,230,EXP_PROMPT_01,treatment,2026-04-01T03:56,new,103
1011,378,EXP_PROMPT_01,treatment,2026-03-12T01:13,new,201
1012,216,EXP_MODEL_02,treatment,2026-03-01T03:42,new,351
1013,410,EXP_PROMPT_01,control,2026-04-11T10:50,new,404
1014,261,EXP_PROMPT_01,control,2026-03-06T09:12,returning,15
1015,37,EXP_PROMPT_01,treatment,2026-04-17T13:42,returning,546
1016,452,EXP_MODEL_02,control,2026-04-24T19:10,returning,147
1017,307,EXP_MODEL_02,control,2026-04-13T15:13,new,654
1018,246,EXP_MODEL_02,control,2026-03-09T15:42,new,511
1019,31,EXP_PROMPT_01,treatment,2026-03-11T10:03,returning,620
1020,356,EXP_PROMPT_01,treatment,2026-03-23T01:20,enterprise,63
1021,581,EXP_PROMPT_01,treatment,2026-03-03T22:15,returning,340
1022,196,EXP_MODEL_02,control,2026-03-27T13:24,returning,89
1023,578,EXP_PROMPT_01,treatment,2026-03-06T20:54,returning,562
1024,201,EXP_MODEL_02,control,2026-03-24T09:53,returning,650
1025,590,EXP_MODEL_02,control,2026-04-06T02:53,returning,568
1026,124,EXP_MODEL_02,control,2026-03-18T10:24,enterprise,208
1027,225,EXP_MODEL_02,control,2026-03-04T02:57,enterprise,539
1028,249,EXP_PROMPT_01,control,2026-04-19T08:23,returning,532
1029,231,EXP_MODEL_02,control,2026-04-29T13:19,new,531
1030,339,EXP_PROMPT_01,treatment,2026-04-05T03:34,returning,50
1031,166,EXP_PROMPT_01,control,2026-04-02T18:09,enterprise,370
1032,138,EXP_PROMPT_01,treatment,2026-04-02T04:35,enterprise,542
1033,573,EXP_PROMPT_01,treatment,2026-03-22T20:15,new,552
1034,357,EXP_MODEL_02,control,2026-03-08T04:23,returning,148
1035,138,EXP_MODEL_02,treatment,2026-03-08T11:52,returning,403
1036,467,EXP_MODEL_02,control,2026-04-13T20:10,enterprise,351
1037,87,EXP_MODEL_02,control,2026-03-31T17:58,returning,413
1038,118,EXP_PROMPT_01,control,2026-04-26T07:20,new,667
1039,235,EXP_PROMPT_01,treatment,2026-04-25T18:15,new,90
1040,171,EXP_MODEL_02,treatment,2026-04-02T17:32,new,315
1041,504,EXP_MODEL_02,control,2026-04-20T09:30,new,15
1042,99,EXP_MODEL_02,control,2026-04-16T02:14,returning,454
1043,52,EXP_MODEL_02,control,2026-03-25T07:39,returning,88
1044,154,EXP_PROMPT_01,control,2026-04-24T01:59,new,22
1045,18,EXP_MODEL_02,control,2026-03-01T20:05,enterprise,497
1046,305,EXP_PROMPT_01,control,2026-04-07T23:34,new,145
1047,543,EXP_MODEL_02,control,2026-04-13T03:29,returning,485
1048,353,EXP_MODEL_02,control,2026-04-09T11:50,new,151
1049,561,EXP_PROMPT_01,control,2026-04-02T19:00,returning,56
1050,446,EXP_MODEL_02,treatment,2026-04-05T04:53,new,607
1051,34,EXP_MODEL_02,treatment,2026-04-20T01:45,enterprise,457
1052,334,EXP_PROMPT_01,treatment,2026-03-27T17:42,returning,404
1053,539,EXP_PROMPT_01,treatment,2026-03-22T02:27,returning,455
1054,548,EXP_PROMPT_01,control,2026-04-03T15:00,returning,697
1055,96,EXP_MODEL_02,control,2026-03-08T04:35,returning,311
1056,294,EXP_PROMPT_01,control,2026-03-18T19:21,returning,151
1057,551,EXP_MODEL_02,treatment,2026-03-22T07:27,returning,478
1058,544,EXP_MODEL_02,control,2026-04-20T06:29,new,242
1059,580,EXP_PROMPT_01,control,2026-04-11T15:33,returning,642
1060,284,EXP_MODEL_02,control,2026-03-29T07:30,new,513
1061,463,EXP_MODEL_02,control,2026-04-08T21:45,new,281
1062,474,EXP_PROMPT_01,treatment,2026-04-19T04:11,new,296
1063,479,EXP_PROMPT_01,treatment,2026-04-20T05:19,enterprise,586
1064,463,EXP_MODEL_02,control,2026-04-23T21:18,new,413
1065,446,EXP_PROMPT_01,treatment,2026-03-22T20:04,new,666
1066,357,EXP_MODEL_02,control,2026-04-18T05:52,returning,488
1067,88,EXP_MODEL_02,treatment,2026-03-08T22:20,returning,44
1068,540,EXP_PROMPT_01,treatment,2026-04-01T06:29,new,349
1069,462,EXP_PROMPT_01,treatment,2026-03-06T15:15,new,282
1070,387,EXP_MODEL_02,control,2026-04-15T19:47,enterprise,508
1071,519,EXP_MODEL_02,control,2026-03-11T05:17,enterprise,470
1072,245,EXP_MODEL_02,control,2026-04-19T22:07,returning,32
1073,257,EXP_MODEL_02,control,2026-04-25T15:08,returning,295
1074,306,EXP_MODEL_02,control,2026-03-22T01:41,new,497
1075,454,EXP_PROMPT_01,control,2026-03-30T17:20,new,230
1076,533,EXP_PROMPT_01,treatment,2026-04-05T10:03,enterprise,216
1077,167,EXP_PROMPT_01,control,2026-03-15T17:19,returning,292
1078,93,EXP_MODEL_02,control,2026-03-02T06:55,enterprise,63
1079,298,EXP_MODEL_02,treatment,2026-04-30T21:08,returning,197
1080,407,EXP_MODEL_02,treatment,2026-03-29T17:31,enterprise,143
1081,426,EXP_MODEL_02,treatment,2026-04-16T10:54,enterprise,690
1082,341,EXP_MODEL_02,control,2026-03-02T06:56,enterprise,224
1083,356,EXP_PROMPT_01,treatment,2026-03-05T04:13,returning,606
1084,345,EXP_MODEL_02,control,2026-03-30T18:37,new,7
1085,417,EXP_MODEL_02,treatment,2026-04-12T08:18,new,218
1086,56,EXP_MODEL_02,treatment,2026-04-11T05:18,returning,19
1087,252,EXP_PROMPT_01,control,2026-04-06T23:59,new,545
1088,435,EXP_MODEL_02,control,2026-04-18T20:47,new,422
1089,520,EXP_PROMPT_01,treatment,2026-04-30T14:21,new,187
1090,512,EXP_PROMPT_01,treatment,2026-04-24T02:53,returning,366
1091,351,EXP_PROMPT_01,treatment,2026-04-19T01:12,new,363
1092,134,EXP_PROMPT_01,control,2026-05-01T21:22,enterprise,108
1093,156,EXP_MODEL_02,treatment,2026-03-20T14:20,enterprise,437
1094,236,EXP_MODEL_02,control,2026-04-22T04:30,new,572
1095,391,EXP_MODEL_02,treatment,2026-03-14T05:12,new,92
1096,206,EXP_PROMPT_01,control,2026-04-01T03:54,returning,642
1097,341,EXP_MODEL_02,control,2026-04-18T01:43,enterprise,437
1098,53,EXP_PROMPT_01,treatment,2026-03-09T05:13,enterprise,258
1099,248,EXP_MODEL_02,treatment,2026-04-26T07:19,returning,509
1100,256,EXP_PROMPT_01,treatment,2026-04-28T21:19,enterprise,436
1101,557,EXP_PROMPT_01,control,2026-03-30T02:38,new,205
1102,276,EXP_PROMPT_01,treatment,2026-03-02T16:00,enterprise,316
1103,245,EXP_PROMPT_01,treatment,2026-04-25T02:31,enterprise,633
1104,415,EXP_PROMPT_01,treatment,2026-03-19T07:28,new,542
1105,101,EXP_PROMPT_01,control,2026-03-25T17:01,new,163
1106,544,EXP_PROMPT_01,treatment,2026-03-04T05:47,new,617
1107,231,EXP_PROMPT_01,control,2026-03-03T18:03,returning,390
1108,117,EXP_MODEL_02,control,2026-04-26T22:33,returning,381
1109,360,EXP_MODEL_02,treatment,2026-04-26T22:04,enterprise,290
1110,262,EXP_PROMPT_01,control,2026-04-22T02:32,new,57
1111,542,EXP_MODEL_02,control,2026-03-07T13:36,returning,609
1112,256,EXP_MODEL_02,control,2026-03-07T07:55,returning,470
1113,165,EXP_MODEL_02,control,2026-04-16T00:25,enterprise,357
1114,554,EXP_MODEL_02,control,2026-04-02T21:23,new,1
1115,234,EXP_PROMPT_01,treatment,2026-03-13T12:43,enterprise,275
1116,438,EXP_PROMPT_01,control,2026-03-22T07:24,enterprise,68
1117,99,EXP_MODEL_02,treatment,2026-04-13T19:30,new,447
1118,329,EXP_PROMPT_01,treatment,2026-03-31T22:12,enterprise,123
1119,461,EXP_MODEL_02,control,2026-03-15T15:53,returning,54
1120,60,EXP_MODEL_02,control,2026-04-18T18:56,enterprise,415
1121,223,EXP_PROMPT_01,treatment,2026-03-05T23:11,returning,314
1122,446,EXP_MODEL_02,control,2026-03-13T03:39,returning,319
1123,570,EXP_PROMPT_01,treatment,2026-03-20T03:28,new,82
1124,125,EXP_PROMPT_01,control,2026-03-21T08:38,new,194
1125,424,EXP_PROMPT_01,treatment,2026-03-14T23:55,returning,390
1126,457,EXP_PROMPT_01,treatment,2026-03-24T15:57,returning,579
1127,125,EXP_MODEL_02,treatment,2026-04-08T21:00,new,651
1128,59,EXP_PROMPT_01,treatment,2026-04-08T08:27,returning,97
1129,511,EXP_MODEL_02,control,2026-04-15T06:59,returning,412
1130,100,EXP_MODEL_02,treatment,2026-04-08T01:47,new,402
1131,578,EXP_MODEL_02,treatment,2026-04-15T15:08,returning,297
1132,257,EXP_PROMPT_01,treatment,2026-04-30T20:34,enterprise,694
1133,543,EXP_MODEL_02,control,2026-03-04T22:51,new,636
1134,492,EXP_PROMPT_01,control,2026-03-12T17:00,enterprise,533
1135,127,EXP_PROMPT_01,control,2026-03-03T15:39,new,315
1136,465,EXP_PROMPT_01,treatment,2026-03-13T03:26,new,31
1137,316,EXP_MODEL_02,control,2026-03-27T04:58,enterprise,534
1138,332,EXP_MODEL_02,treatment,2026-03-26T10:37,new,375
1139,577,EXP_MODEL_02,control,2026-03-04T11:22,returning,50
1140,383,EXP_PROMPT_01,control,2026-04-15T05:21,new,60
1141,119,EXP_PROMPT_01,treatment,2026-04-05T04:18,new,88
1142,509,EXP_PROMPT_01,treatment,2026-03-30T10:41,enterprise,380
1143,383,EXP_PROMPT_01,control,2026-04-06T15:38,returning,226
1144,40,EXP_PROMPT_01,control,2026-04-09T00:50,enterprise,543
1145,233,EXP_MODEL_02,treatment,2026-03-14T02:42,returning,119
1146,513,EXP_MODEL_02,treatment,2026-04-08T16:03,returning,20
1147,185,EXP_MODEL_02,treatment,2026-03-28T19:13,enterprise,17
1148,568,EXP_MODEL_02,control,2026-04-08T01:43,returning,423
1149,493,EXP_MODEL_02,control,2026-04-08T02:28,enterprise,505
1150,38,EXP_PROMPT_01,control,2026-04-28T23:47,new,277
1151,188,EXP_MODEL_02,treatment,2026-04-28T18:35,new,411
1152,526,EXP_MODEL_02,treatment,2026-04-09T16:42,returning,671
1153,27,EXP_PROMPT_01,treatment,2026-03-19T22:30,returning,52
1154,538,EXP_MODEL_02,control,2026-04-19T13:10,new,679
1155,552,EXP_MODEL_02,control,2026-03-08T17:51,enterprise,535
1156,283,EXP_MODEL_02,treatment,2026-04-01T02:09,enterprise,182
1157,297,EXP_PROMPT_01,treatment,2026-04-07T04:30,returning,588
1158,391,EXP_PROMPT_01,control,2026-04-28T11:03,returning,445
1159,432,EXP_PROMPT_01,control,2026-03-26T23:06,returning,402
1160,502,EXP_MODEL_02,treatment,2026-04-21T06:54,returning,682
1161,567,EXP_MODEL_02,treatment,2026-03-25T15:09,enterprise,558
1162,164,EXP_PROMPT_01,treatment,2026-03-05T12:44,new,524
1163,101,EXP_PROMPT_01,treatment,2026-03-23T09:10,new,647
1164,252,EXP_MODEL_02,treatment,2026-04-19T15:18,new,297
1165,525,EXP_PROMPT_01,control,2026-03-25T09:40,new,346
1166,374,EXP_PROMPT_01,treatment,2026-04-26T11:48,new,633
1167,135,EXP_PROMPT_01,control,2026-03-10T10:39,new,566
1168,572,EXP_PROMPT_01,treatment,2026-04-01T01:04,returning,8
1169,325,EXP_MODEL_02,control,2026-03-15T12:00,returning,136
1170,32,EXP_MODEL_02,treatment,2026-03-26T06:31,returning,382
1171,148,EXP_MODEL_02,treatment,2026-03-13T06:27,new,279
1172,160,EXP_PROMPT_01,treatment,2026-03-05T22:11,returning,190
1173,254,EXP_MODEL_02,control,2026-03-10T17:22,returning,286
1174,171,EXP_PROMPT_01,treatment,2026-04-29T11:32,returning,217
1175,306,EXP_MODEL_02,treatment,2026-03-15T21:36,enterprise,332
1176,491,EXP_PROMPT_01,treatment,2026-04-14T10:58,returning,628
1177,229,EXP_MODEL_02,treatment,2026-04-11T04:42,returning,558
1178,284,EXP_PROMPT_01,control,2026-03-21T12:04,new,678
1179,547,EXP_PROMPT_01,treatment,2026-03-24T04:35,enterprise,376
1180,140,EXP_PROMPT_01,treatment,2026-04-24T05:46,new,20
1181,369,EXP_MODEL_02,treatment,2026-04-06T21:19,returning,288
1182,472,EXP_MODEL_02,control,2026-03-03T11:30,enterprise,362
1183,362,EXP_PROMPT_01,control,2026-04-20T00:27,enterprise,640
1184,247,EXP_PROMPT_01,treatment,2026-03-19T17:53,new,278
1185,268,EXP_PROMPT_01,treatment,2026-03-15T16:32,enterprise,46
1186,9,EXP_PROMPT_01,treatment,2026-03-31T18:09,enterprise,121
1187,204,EXP_MODEL_02,treatment,2026-03-02T21:29,returning,283
1188,570,EXP_MODEL_02,treatment,2026-03-24T19:45,enterprise,516
1189,332,EXP_MODEL_02,treatment,2026-04-20T02:32,new,107
1190,162,EXP_PROMPT_01,treatment,2026-04-24T21:56,returning,543
1191,140,EXP_PROMPT_01,treatment,2026-03-24T21:06,returning,374
1192,62,EXP_MODEL_02,control,2026-04-27T12:14,enterprise,165
1193,41,EXP_PROMPT_01,treatment,2026-03-24T01:56,returning,554
1194,149,EXP_PROMPT_01,control,2026-04-21T21:15,returning,318
1195,47,EXP_MODEL_02,control,2026-03-24T13:19,new,560
1196,178,EXP_MODEL_02,control,2026-03-10T02:23,returning,320
1197,143,EXP_PROMPT_01,control,2026-04-17T02:15,returning,53
1198,433,EXP_PROMPT_01,control,2026-04-07T11:22,new,356
1199,550,EXP_MODEL_02,treatment,2026-04-11T17:58,returning,75
1200,207,EXP_MODEL_02,control,2026-04-16T14:29,new,85
1201,105,EXP_PROMPT_01,treatment,2026-05-01T21:24,enterprise,552
1202,547,EXP_MODEL_02,treatment,2026-03-21T16:46,new,283
1203,53,EXP_PROMPT_01,control,2026-03-14T12:34,returning,658
1204,231,EXP_PROMPT_01,control,2026-04-30T06:33,enterprise,248
1205,507,EXP_MODEL_02,treatment,2026-04-05T01:11,enterprise,468
1206,514,EXP_MODEL_02,control,2026-03-22T21:14,new,24
1207,537,EXP_MODEL_02,treatment,2026-03-04T23:20,enterprise,439
1208,340,EXP_PROMPT_01,treatment,2026-03-24T01:57,returning,63
1209,149,EXP_PROMPT_01,control,2026-03-10T06:00,enterprise,418
1210,242,EXP_PROMPT_01,control,2026-03-04T15:36,new,17
1211,285,EXP_PROMPT_01,treatment,2026-04-26T19:07,enterprise,664
1212,118,EXP_PROMPT_01,control,2026-04-28T20:31,returning,618
1213,385,EXP_PROMPT_01,treatment,2026-04-24T09:37,returning,553
1214,375,EXP_MODEL_02,control,2026-03-26T22:52,returning,457
1215,359,EXP_PROMPT_01,treatment,2026-04-20T07:00,enterprise,697
1216,176,EXP_PROMPT_01,treatment,2026-03-18T19:17,enterprise,459
1217,253,EXP_MODEL_02,treatment,2026-04-23T17:46,new,545
1218,119,EXP_MODEL_02,treatment,2026-05-02T10:08,enterprise,435
1219,209,EXP_MODEL_02,treatment,2026-03-10T14:24,enterprise,314
1220,208,EXP_MODEL_02,control,2026-03-18T15:49,returning,501
1221,574,EXP_MODEL_02,treatment,2026-04-13T10:14,returning,60
1222,60,EXP_MODEL_02,treatment,2026-04-05T12:50,enterprise,543
1223,3,EXP_MODEL_02,treatment,2026-03-05T22:36,returning,516
1224,437,EXP_MODEL_02,treatment,2026-03-03T23:04,new,52
1225,296,EXP_PROMPT_01,control,2026-03-18T03:44,new,243
1226,569,EXP_MODEL_02,treatment,2026-04-16T08:07,new,8
1227,169,EXP_MODEL_02,treatment,2026-03-31T06:58,new,590
1228,133,EXP_PROMPT_01,control,2026-04-16T12:06,new,560
1229,193,EXP_PROMPT_01,treatment,2026-04-26T17:07,returning,641
1230,556,EXP_MODEL_02,control,2026-04-23T19:36,returning,56
1231,197,EXP_PROMPT_01,control,2026-04-14T23:53,returning,233
1232,329,EXP_MODEL_02,treatment,2026-04-08T01:58,enterprise,325
1233,439,EXP_PROMPT_01,control,2026-04-05T17:18,enterprise,355
1234,4,EXP_PROMPT_01,treatment,2026-03-18T09:27,returning,133
1235,563,EXP_MODEL_02,control,2026-04-23T17:43,new,575
1236,196,EXP_PROMPT_01,treatment,2026-04-27T19:43,enterprise,315
1237,412,EXP_PROMPT_01,control,2026-04-20T02:05,enterprise,576
1238,418,EXP_PROMPT_01,treatment,2026-03-11T05:03,returning,551
1239,352,EXP_MODEL_02,treatment,2026-03-07T02:38,enterprise,204
1240,205,EXP_PROMPT_01,treatment,2026-03-24T12:35,new,22
1241,66,EXP_MODEL_02,control,2026-04-01T05:01,returning,453
1242,312,EXP_PROMPT_01,treatment,2026-04-03T16:13,returning,699
1243,448,EXP_PROMPT_01,control,2026-04-11T16:17,returning,668
1244,215,EXP_PROMPT_01,treatment,2026-03-28T13:07,enterprise,370
1245,261,EXP_MODEL_02,treatment,2026-03-14T22:45,enterprise,557
1246,296,EXP_PROMPT_01,treatment,2026-03-05T17:18,returning,194
1247,69,EXP_MODEL_02,control,2026-03-17T17:11,enterprise,592
1248,445,EXP_MODEL_02,control,2026-03-04T12:47,returning,333
1249,554,EXP_PROMPT_01,control,2026-04-28T03:35,new,429
1250,257,EXP_PROMPT_01,treatment,2026-04-11T16:18,enterprise,312
1251,339,EXP_MODEL_02,control,2026-04-10T15:52,new,633
1252,106,EXP_MODEL_02,control,2026-03-01T12:00,enterprise,348
1253,350,EXP_PROMPT_01,treatment,2026-05-02T08:05,new,303
1254,167,EXP_MODEL_02,control,2026-04-17T14:24,returning,553
1255,349,EXP_MODEL_02,control,2026-03-23T11:05,enterprise,169
1256,247,EXP_PROMPT_01,treatment,2026-03-02T20:18,new,605
1257,357,EXP_MODEL_02,treatment,2026-03-26T21:31,new,593
1258,185,EXP_PROMPT_01,treatment,2026-04-26T04:50,returning,17
1259,276,EXP_PROMPT_01,control,2026-04-05T19:55,new,14
1260,534,EXP_PROMPT_01,control,2026-03-11T03:59,new,156
1261,228,EXP_MODEL_02,control,2026-04-19T10:01,enterprise,413
1262,308,EXP_MODEL_02,treatment,2026-04-06T17:35,new,52
1263,578,EXP_PROMPT_01,treatment,2026-04-04T17:58,enterprise,27
1264,21,EXP_PROMPT_01,treatment,2026-04-01T12:04,enterprise,592
1265,93,EXP_PROMPT_01,control,2026-04-09T06:20,enterprise,324
1266,28,EXP_PROMPT_01,control,2026-03-14T08:39,enterprise,184
1267,270,EXP_MODEL_02,treatment,2026-04-02T16:30,enterprise,3
1268,387,EXP_PROMPT_01,treatment,2026-04-19T06:32,enterprise,589
1269,444,EXP_PROMPT_01,control,2026-03-10T12:36,enterprise,251
1270,283,EXP_MODEL_02,control,2026-04-30T15:47,returning,627
1271,464,EXP_PROMPT_01,control,2026-04-17T18:52,new,315
1272,508,EXP_PROMPT_01,control,2026-03-15T03:24,new,603
1273,362,EXP_PROMPT_01,control,2026-03-26T16:27,returning,618
1274,567,EXP_PROMPT_01,treatment,2026-03-22T22:51,new,444
1275,507,EXP_MODEL_02,control,2026-03-18T16:25,enterprise,123
1276,483,EXP_MODEL_02,control,2026-04-24T15:24,new,19
1277,338,EXP_MODEL_02,control,2026-04-07T10:59,new,323
1278,199,EXP_PROMPT_01,treatment,2026-04-19T04:42,enterprise,468
1279,525,EXP_MODEL_02,control,2026-03-30T22:46,new,601
1280,16,EXP_PROMPT_01,control,2026-03-29T02:13,new,70
1281,355,EXP_PROMPT_01,treatment,2026-03-12T06:51,returning,234
1282,39,EXP_PROMPT_01,control,2026-03-21T07:56,enterprise,69
1283,172,EXP_PROMPT_01,treatment,2026-04-04T18:08,enterprise,353
1284,265,EXP_MODEL_02,control,2026-03-29T05:33,new,53
1285,272,EXP_PROMPT_01,treatment,2026-03-18T00:58,enterprise,437
1286,246,EXP_PROMPT_01,treatment,2026-04-06T09:43,new,181
1287,37,EXP_MODEL_02,treatment,2026-04-07T14:02,returning,358
1288,107,EXP_MODEL_02,control,2026-04-09T04:32,enterprise,452
1289,87,EXP_PROMPT_01,treatment,2026-04-14T23:36,returning,174
1290,505,EXP_PROMPT_01,treatment,2026-03-10T23:22,new,469
1291,388,EXP_PROMPT_01,treatment,2026-03-27T18:40,returning,21
1292,327,EXP_MODEL_02,treatment,2026-04-06T19:50,returning,487
1293,477,EXP_PROMPT_01,control,2026-03-10T15:17,new,23
1294,337,EXP_MODEL_02,treatment,2026-03-09T12:17,enterprise,124
1295,381,EXP_MODEL_02,control,2026-04-23T06:15,returning,328
1296,100,EXP_MODEL_02,treatment,2026-03-22T23:54,returning,69
1297,12,EXP_PROMPT_01,control,2026-03-22T14:39,enterprise,591
1298,496,EXP_PROMPT_01,treatment,2026-03-29T10:04,new,487
1299,574,EXP_MODEL_02,treatment,2026-04-17T19:17,returning,616
1300,389,EXP_MODEL_02,control,2026-03-26T19:24,returning,568
1301,371,EXP_MODEL_02,treatment,2026-03-29T16:04,new,551
1302,299,EXP_PROMPT_01,control,2026-03-24T01:31,enterprise,183
1303,487,EXP_PROMPT_01,treatment,2026-04-27T19:52,new,505
1304,88,EXP_MODEL_02,control,2026-03-16T01:28,enterprise,389
1305,243,EXP_PROMPT_01,treatment,2026-03-09T20:58,enterprise,565
1306,104,EXP_PROMPT_01,treatment,2026-04-28T06:02,new,122
1307,190,EXP_MODEL_02,control,2026-04-24T02:46,enterprise,553
1308,76,EXP_MODEL_02,control,2026-03-12T22:55,new,24
1309,73,EXP_MODEL_02,control,2026-03-15T15:47,enterprise,159
1310,505,EXP_MODEL_02,treatment,2026-04-15T11:33,new,405
1311,82,EXP_MODEL_02,treatment,2026-04-08T17:32,returning,2
1312,320,EXP_PROMPT_01,treatment,2026-04-09T17:39,new,478
1313,299,EXP_MODEL_02,control,2026-04-19T23:34,enterprise,643
1314,332,EXP_MODEL_02,treatment,2026-03-09T10:07,new,619
1315,448,EXP_PROMPT_01,treatment,2026-03-29T11:11,new,181
1316,444,EXP_MODEL_02,control,2026-03-10T17:58,enterprise,615
1317,252,EXP_PROMPT_01,control,2026-04-11T13:03,new,63
1318,385,EXP_MODEL_02,control,2026-04-03T08:48,returning,236
1319,224,EXP_MODEL_02,control,2026-03-16T03:52,new,660
1320,577,EXP_PROMPT_01,control,2026-04-25T00:07,enterprise,258
1321,472,EXP_PROMPT_01,control,2026-03-02T07:05,enterprise,22
1322,308,EXP_MODEL_02,control,2026-04-27T18:03,enterprise,412
1323,185,EXP_PROMPT_01,treatment,2026-04-24T02:59,new,552
1324,359,EXP_PROMPT_01,treatment,2026-04-11T14:54,returning,65
1325,482,EXP_PROMPT_01,control,2026-04-21T10:56,new,282
1326,282,EXP_PROMPT_01,treatment,2026-03-05T17:31,enterprise,530
1327,108,EXP_PROMPT_01,control,2026-03-29T05:21,enterprise,252
1328,180,EXP_PROMPT_01,control,2026-03-13T22:34,returning,438
1329,226,EXP_PROMPT_01,control,2026-04-13T20:20,new,117
1330,105,EXP_PROMPT_01,control,2026-04-28T03:51,new,54
1331,592,EXP_MODEL_02,control,2026-03-16T17:07,new,363
1332,100,EXP_MODEL_02,treatment,2026-04-12T10:28,new,217
1333,183,EXP_MODEL_02,treatment,2026-04-12T11:32,enterprise,220
1334,148,EXP_MODEL_02,treatment,2026-03-20T12:19,new,594
1335,190,EXP_PROMPT_01,treatment,2026-04-09T13:33,returning,656
1336,45,EXP_PROMPT_01,control,2026-03-17T07:32,returning,697
1337,388,EXP_MODEL_02,control,2026-03-02T06:00,new,567
1338,595,EXP_MODEL_02,treatment,2026-04-05T21:39,enterprise,682
1339,463,EXP_MODEL_02,treatment,2026-04-03T01:28,returning,688
1340,11,EXP_MODEL_02,treatment,2026-04-27T02:16,enterprise,688
1341,441,EXP_PROMPT_01,treatment,2026-03-09T13:02,new,157
1342,262,EXP_MODEL_02,treatment,2026-04-14T02:35,new,166
1343,198,EXP_MODEL_02,treatment,2026-04-24T02:00,returning,345
1344,328,EXP_MODEL_02,treatment,2026-03-07T05:56,new,370
1345,187,EXP_PROMPT_01,treatment,2026-03-08T00:23,new,84
1346,230,EXP_PROMPT_01,control,2026-03-31T05:10,enterprise,581
1347,82,EXP_MODEL_02,treatment,2026-04-17T06:57,enterprise,46
1348,134,EXP_PROMPT_01,treatment,2026-03-05T12:08,new,176
1349,358,EXP_MODEL_02,control,2026-03-22T08:07,new,329
1350,337,EXP_MODEL_02,control,2026-03-25T14:07,new,76
1351,210,EXP_PROMPT_01,control,2026-03-11T06:29,returning,642
1352,432,EXP_PROMPT_01,treatment,2026-03-28T20:13,new,169
1353,347,EXP_PROMPT_01,treatment,2026-03-12T12:36,new,537
1354,417,EXP_MODEL_02,control,2026-04-24T05:56,returning,553
1355,524,EXP_PROMPT_01,treatment,2026-04-03T19:48,new,559
1356,522,EXP_PROMPT_01,control,2026-04-28T00:45,returning,235
1357,213,EXP_PROMPT_01,treatment,2026-04-12T08:33,enterprise,142
1358,132,EXP_PROMPT_01,treatment,2026-04-25T16:51,enterprise,285
1359,189,EXP_PROMPT_01,treatment,2026-04-28T21:36,new,554
1360,195,EXP_PROMPT_01,treatment,2026-04-06T00:59,enterprise,9
1361,329,EXP_MODEL_02,treatment,2026-04-01T01:34,new,312
1362,382,EXP_MODEL_02,control,2026-03-19T00:59,new,259
1363,78,EXP_PROMPT_01,control,2026-03-29T01:13,enterprise,429
1364,396,EXP_MODEL_02,control,2026-03-17T13:47,new,315
1365,19,EXP_MODEL_02,control,2026-04-10T09:01,enterprise,283
1366,30,EXP_PROMPT_01,treatment,2026-04-22T02:40,enterprise,424
1367,453,EXP_MODEL_02,treatment,2026-03-05T09:47,new,98
1368,31,EXP_MODEL_02,treatment,2026-04-01T18:08,new,168
1369,406,EXP_PROMPT_01,control,2026-04-02T02:34,enterprise,658
1370,467,EXP_MODEL_02,treatment,2026-04-09T21:34,new,309
1371,354,EXP_PROMPT_01,control,2026-03-01T21:00,enterprise,227
1372,530,EXP_MODEL_02,control,2026-04-03T12:55,new,412
1373,78,EXP_MODEL_02,control,2026-03-14T00:22,enterprise,219
1374,85,EXP_MODEL_02,treatment,2026-04-27T08:39,returning,615
1375,383,EXP_MODEL_02,control,2026-03-28T14:28,enterprise,16
1376,112,EXP_PROMPT_01,treatment,2026-05-02T04:27,enterprise,353
1377,77,EXP_MODEL_02,treatment,2026-03-19T13:36,returning,502
1378,300,EXP_PROMPT_01,control,2026-03-05T20:48,enterprise,271
1379,32,EXP_MODEL_02,control,2026-04-26T02:15,enterprise,429
1380,377,EXP_PROMPT_01,control,2026-04-02T15:58,enterprise,257
1381,582,EXP_PROMPT_01,treatment,2026-04-22T01:07,enterprise,91
1382,57,EXP_PROMPT_01,control,2026-03-03T01:56,enterprise,455
1383,249,EXP_PROMPT_01,control,2026-03-05T20:07,enterprise,329
1384,501,EXP_PROMPT_01,treatment,2026-04-29T00:12,returning,45
1385,126,EXP_MODEL_02,treatment,2026-03-06T09:30,enterprise,284
1386,320,EXP_PROMPT_01,control,2026-03-25T05:42,new,264
1387,39,EXP_PROMPT_01,treatment,2026-04-22T14:54,enterprise,519
1388,147,EXP_MODEL_02,treatment,2026-03-17T08:14,enterprise,452
1389,532,EXP_MODEL_02,treatment,2026-04-26T09:12,enterprise,41
1390,530,EXP_PROMPT_01,control,2026-04-24T11:39,returning,583
1391,579,EXP_PROMPT_01,control,2026-03-27T11:15,returning,126
1392,68,EXP_PROMPT_01,treatment,2026-03-11T05:32,new,491
1393,544,EXP_PROMPT_01,treatment,2026-03-16T14:56,returning,592
1394,418,EXP_PROMPT_01,treatment,2026-04-13T11:26,new,488
1395,241,EXP_MODEL_02,treatment,2026-04-01T23:45,enterprise,280
1396,561,EXP_PROMPT_01,control,2026-03-09T04:31,enterprise,546
1397,358,EXP_PROMPT_01,treatment,2026-04-16T07:07,new,499
1398,519,EXP_MODEL_02,control,2026-04-25T09:18,new,660
1399,411,EXP_PROMPT_01,treatment,2026-04-02T09:42,returning,474
1400,139,EXP_PROMPT_01,control,2026-03-01T19:22,enterprise,219
1401,156,EXP_PROMPT_01,treatment,2026-04-14T07:35,new,685
1402,98,EXP_PROMPT_01,treatment,2026-03-26T03:35,enterprise,530
1403,303,EXP_PROMPT_01,control,2026-03-20T14:49,enterprise,207
1404,113,EXP_MODEL_02,control,2026-04-28T10:12,returning,458
1405,384,EXP_PROMPT_01,control,2026-04-20T20:03,returning,633
1406,201,EXP_PROMPT_01,treatment,2026-04-04T15:29,new,150
1407,196,EXP_MODEL_02,control,2026-03-02T14:29,returning,76
1408,599,EXP_PROMPT_01,treatment,2026-04-30T05:23,returning,151
1409,531,EXP_MODEL_02,control,2026-04-03T17:41,new,424
1410,390,EXP_MODEL_02,control,2026-04-10T01:42,enterprise,435
1411,85,EXP_MODEL_02,treatment,2026-03-25T04:44,returning,230
1412,554,EXP_MODEL_02,treatment,2026-04-09T07:49,new,544
1413,135,EXP_PROMPT_01,control,2026-04-13T10:13,returning,235
1414,585,EXP_MODEL_02,control,2026-04-22T12:25,new,617
1415,245,EXP_MODEL_02,control,2026-04-12T12:00,returning,444
1416,260,EXP_MODEL_02,treatment,2026-03-24T16:02,returning,633
1417,422,EXP_PROMPT_01,control,2026-03-12T13:02,enterprise,82
1418,393,EXP_PROMPT_01,treatment,2026-04-11T07:10,returning,155
1419,222,EXP_PROMPT_01,treatment,2026-04-28T02:18,returning,145
1420,548,EXP_PROMPT_01,treatment,2026-04-27T21:55,returning,310
1421,358,EXP_PROMPT_01,control,2026-04-06T12:52,returning,690
1422,415,EXP_MODEL_02,control,2026-03-21T23:00,enterprise,678
1423,476,EXP_PROMPT_01,control,2026-04-10T14:05,enterprise,655
1424,551,EXP_PROMPT_01,treatment,2026-03-16T13:55,new,557
1425,20,EXP_PROMPT_01,control,2026-03-25T23:07,returning,142
1426,162,EXP_MODEL_02,treatment,2026-03-25T04:56,new,217
1427,438,EXP_MODEL_02,control,2026-03-07T01:26,enterprise,258
1428,356,EXP_MODEL_02,treatment,2026-04-25T13:57,returning,198
1429,182,EXP_MODEL_02,control,2026-03-31T01:49,returning,184
1430,530,EXP_MODEL_02,treatment,2026-03-08T11:07,new,188
1431,526,EXP_PROMPT_01,control,2026-04-09T16:47,returning,616
1432,269,EXP_MODEL_02,treatment,2026-04-14T17:05,returning,164
1433,303,EXP_MODEL_02,treatment,2026-04-08T04:08,returning,647
1434,332,EXP_PROMPT_01,control,2026-04-18T08:07,new,371
1435,355,EXP_PROMPT_01,control,2026-03-30T08:07,returning,511
1436,126,EXP_PROMPT_01,treatment,2026-04-04T10:43,enterprise,229
1437,377,EXP_MODEL_02,treatment,2026-04-24T10:45,returning,151
1438,586,EXP_PROMPT_01,control,2026-04-19T12:08,new,474
1439,397,EXP_PROMPT_01,control,2026-03-01T13:19,enterprise,509
1440,338,EXP_PROMPT_01,treatment,2026-03-28T18:06,new,499
1441,553,EXP_PROMPT_01,treatment,2026-04-03T08:01,returning,671
1442,10,EXP_MODEL_02,control,2026-04-02T17:32,enterprise,327
1443,186,EXP_PROMPT_01,treatment,2026-03-29T07:39,new,231
1444,126,EXP_PROMPT_01,treatment,2026-04-14T07:45,returning,286
1445,280,EXP_MODEL_02,control,2026-04-17T23:22,returning,500
1446,160,EXP_PROMPT_01,control,2026-03-09T01:43,new,644
1447,349,EXP_MODEL_02,treatment,2026-03-21T20:58,new,672
1448,11,EXP_MODEL_02,control,2026-04-06T09:47,returning,174
1449,427,EXP_MODEL_02,control,2026-04-04T15:09,enterprise,405
1450,35,EXP_PROMPT_01,control,2026-03-04T14:07,returning,379
1451,32,EXP_MODEL_02,control,2026-04-29T03:53,enterprise,33
1452,563,EXP_PROMPT_01,treatment,2026-05-01T03:17,new,237
1453,50,EXP_MODEL_02,control,2026-03-02T06:49,enterprise,466
1454,177,EXP_MODEL_02,control,2026-04-04T18:57,new,321
1455,59,EXP_MODEL_02,treatment,2026-04-28T13:35,new,620
1456,563,EXP_MODEL_02,treatment,2026-04-11T10:34,enterprise,375
1457,38,EXP_MODEL_02,control,2026-04-09T12:08,new,618
1458,244,EXP_MODEL_02,treatment,2026-03-18T14:44,enterprise,103
1459,20,EXP_PROMPT_01,control,2026-03-05T09:49,new,633
1460,26,EXP_MODEL_02,treatment,2026-04-25T10:47,returning,168
1461,45,EXP_MODEL_02,control,2026-03-27T01:06,new,561
1462,192,EXP_PROMPT_01,control,2026-03-11T04:36,new,507
1463,477,EXP_PROMPT_01,treatment,2026-03-23T03:50,new,361
1464,302,EXP_MODEL_02,control,2026-03-30T08:47,new,449
1465,234,EXP_MODEL_02,control,2026-03-23T04:06,new,374
1466,287,EXP_PROMPT_01,treatment,2026-04-09T11:09,new,42
1467,523,EXP_MODEL_02,control,2026-04-09T21:56,new,344
1468,412,EXP_MODEL_02,control,2026-04-22T20:23,new,18
1469,206,EXP_PROMPT_01,treatment,2026-04-04T17:07,new,169
1470,478,EXP_MODEL_02,treatment,2026-04-26T09:34,returning,97
1471,9,EXP_MODEL_02,control,2026-04-04T23:58,enterprise,281
1472,513,EXP_MODEL_02,treatment,2026-04-25T01:01,new,75
1473,265,EXP_PROMPT_01,control,2026-03-14T04:16,new,207
1474,79,EXP_PROMPT_01,control,2026-04-11T14:56,returning,606
1475,93,EXP_MODEL_02,treatment,2026-03-31T09:39,enterprise,241
1476,345,EXP_PROMPT_01,control,2026-04-26T20:01,returning,164
1477,409,EXP_MODEL_02,treatment,2026-04-25T15:55,enterprise,255
1478,30,EXP_PROMPT_01,treatment,2026-05-01T19:58,returning,359
1479,450,EXP_PROMPT_01,treatment,2026-04-29T03:01,returning,376
1480,75,EXP_MODEL_02,control,2026-03-28T00:07,enterprise,515
1481,67,EXP_MODEL_02,treatment,2026-03-05T01:42,enterprise,131
1482,416,EXP_PROMPT_01,treatment,2026-03-26T12:49,new,157
1483,310,EXP_PROMPT_01,control,2026-04-13T04:44,returning,681
1484,215,EXP_PROMPT_01,control,2026-03-03T18:51,enterprise,210
1485,15,EXP_PROMPT_01,control,2026-04-17T19:01,returning,314
1486,544,EXP_PROMPT_01,control,2026-03-20T10:00,new,129
1487,278,EXP_MODEL_02,treatment,2026-04-18T03:50,enterprise,443
1488,344,EXP_PROMPT_01,control,2026-04-16T16:15,enterprise,574
1489,568,EXP_PROMPT_01,control,2026-04-07T20:08,new,500
1490,69,EXP_MODEL_02,control,2026-04-07T08:12,enterprise,621
1491,559,EXP_PROMPT_01,control,2026-03-25T02:52,new,618
1492,386,EXP_PROMPT_01,control,2026-04-17T04:54,enterprise,42
1493,492,EXP_PROMPT_01,control,2026-03-23T08:56,enterprise,370
1494,99,EXP_MODEL_02,treatment,2026-04-08T04:45,enterprise,131
1495,113,EXP_PROMPT_01,control,2026-03-29T23:14,new,466
1496,196,EXP_PROMPT_01,treatment,2026-03-12T11:54,new,541
1497,376,EXP_MODEL_02,treatment,2026-04-30T04:21,returning,87
1498,491,EXP_PROMPT_01,treatment,2026-04-26T22:59,enterprise,66
1499,29,EXP_PROMPT_01,control,2026-03-18T06:21,enterprise,261
1500,192,EXP_PROMPT_01,control,2026-03-09T17:24,returning,386
1501,13,EXP_PROMPT_01,control,2026-04-13T21:33,returning,145
1502,222,EXP_PROMPT_01,control,2026-03-06T21:25,returning,390
1503,401,EXP_MODEL_02,treatment,2026-03-20T23:44,enterprise,511
1504,475,EXP_PROMPT_01,control,2026-04-24T08:36,new,162
1505,71,EXP_PROMPT_01,control,2026-03-23T12:46,returning,6
1506,402,EXP_PROMPT_01,control,2026-03-23T22:40,returning,521
1507,586,EXP_PROMPT_01,treatment,2026-03-08T20:26,enterprise,224
1508,148,EXP_PROMPT_01,control,2026-04-23T06:40,new,288
1509,495,EXP_MODEL_02,treatment,2026-04-15T18:17,enterprise,693
1510,48,EXP_MODEL_02,treatment,2026-04-10T06:28,new,589
1511,159,EXP_MODEL_02,control,2026-03-14T14:49,enterprise,676
1512,434,EXP_PROMPT_01,control,2026-03-26T02:24,returning,100
1513,506,EXP_PROMPT_01,control,2026-04-05T11:39,new,678
1514,110,EXP_MODEL_02,control,2026-03-11T07:12,returning,588
1515,478,EXP_MODEL_02,treatment,2026-03-21T10:49,enterprise,182
1516,567,EXP_MODEL_02,control,2026-04-19T08:56,returning,402
1517,515,EXP_MODEL_02,treatment,2026-04-01T19:21,new,445
1518,252,EXP_PROMPT_01,control,2026-04-30T22:38,returning,439
1519,464,EXP_MODEL_02,treatment,2026-04-20T14:47,returning,22
1520,233,EXP_PROMPT_01,control,2026-04-01T21:37,new,149
1521,132,EXP_PROMPT_01,control,2026-04-14T04:49,returning,101
1522,502,EXP_PROMPT_01,control,2026-04-14T20:21,enterprise,633
1523,245,EXP_MODEL_02,control,2026-04-06T12:04,enterprise,55
1524,482,EXP_PROMPT_01,control,2026-03-04T05:10,returning,324
1525,66,EXP_MODEL_02,control,2026-04-22T11:57,new,405
1526,504,EXP_PROMPT_01,control,2026-04-28T14:47,returning,249
1527,290,EXP_MODEL_02,treatment,2026-03-08T09:10,returning,76
1528,296,EXP_MODEL_02,treatment,2026-03-12T03:08,new,632
1529,82,EXP_PROMPT_01,treatment,2026-03-19T00:56,new,480
1530,414,EXP_MODEL_02,control,2026-03-06T11:49,returning,644
1531,502,EXP_MODEL_02,treatment,2026-04-09T12:38,new,137
1532,385,EXP_MODEL_02,control,2026-04-22T10:29,returning,412
1533,118,EXP_PROMPT_01,control,2026-03-01T04:47,enterprise,447
1534,571,EXP_MODEL_02,treatment,2026-04-05T21:45,returning,130
1535,587,EXP_MODEL_02,control,2026-03-28T00:46,new,141
1536,416,EXP_MODEL_02,treatment,2026-04-25T08:10,new,548
1537,224,EXP_MODEL_02,treatment,2026-03-09T10:28,new,550
1538,266,EXP_PROMPT_01,control,2026-03-12T09:32,new,513
1539,41,EXP_PROMPT_01,treatment,2026-03-05T09:14,returning,318
1540,384,EXP_MODEL_02,treatment,2026-05-01T16:15,returning,625
1541,167,EXP_MODEL_02,control,2026-04-06T04:46,new,379
1542,540,EXP_PROMPT_01,treatment,2026-03-29T00:38,returning,554
1543,337,EXP_PROMPT_01,control,2026-04-07T06:55,new,219
1544,164,EXP_PROMPT_01,treatment,2026-04-02T14:03,enterprise,292
1545,502,EXP_MODEL_02,control,2026-03-17T17:07,returning,561
1546,240,EXP_MODEL_02,control,2026-04-25T16:55,returning,504
1547,184,EXP_PROMPT_01,treatment,2026-03-19T07:24,new,537
1548,6,EXP_PROMPT_01,treatment,2026-04-13T19:01,returning,693
1549,518,EXP_PROMPT_01,control,2026-03-22T18:52,enterprise,512
1550,474,EXP_MODEL_02,control,2026-04-20T14:08,enterprise,319
1551,435,EXP_MODEL_02,treatment,2026-05-01T01:58,enterprise,244
1552,172,EXP_MODEL_02,treatment,2026-03-11T11:21,new,98
1553,438,EXP_PROMPT_01,treatment,2026-04-07T21:53,new,49
1554,491,EXP_MODEL_02,treatment,2026-03-04T19:58,returning,345
1555,458,EXP_MODEL_02,control,2026-04-29T10:59,returning,509
1556,575,EXP_PROMPT_01,control,2026-03-26T16:45,new,549
1557,491,EXP_MODEL_02,control,2026-03-20T23:56,enterprise,673
1558,561,EXP_PROMPT_01,treatment,2026-04-19T23:20,returning,251
1559,260,EXP_MODEL_02,treatment,2026-04-16T23:56,new,504
1560,313,EXP_MODEL_02,control,2026-03-31T14:46,returning,491
1561,172,EXP_PROMPT_01,treatment,2026-04-03T21:33,enterprise,595
1562,324,EXP_PROMPT_01,treatment,2026-04-30T21:04,returning,591
1563,59,EXP_MODEL_02,treatment,2026-04-29T14:41,returning,91
1564,522,EXP_PROMPT_01,treatment,2026-03-27T23:27,returning,266
1565,339,EXP_PROMPT_01,control,2026-03-18T02:24,returning,472
1566,280,EXP_MODEL_02,control,2026-04-19T22:05,new,63
1567,555,EXP_MODEL_02,treatment,2026-03-18T05:49,new,221
1568,543,EXP_MODEL_02,control,2026-03-27T16:44,new,1
1569,296,EXP_MODEL_02,control,2026-03-28T19:16,returning,652
1570,68,EXP_MODEL_02,treatment,2026-04-28T19:34,new,179
1571,55,EXP_PROMPT_01,control,2026-04-07T04:28,new,224
1572,120,EXP_PROMPT_01,treatment,2026-03-09T20:11,new,135
1573,456,EXP_PROMPT_01,treatment,2026-04-18T21:09,new,419
1574,440,EXP_PROMPT_01,treatment,2026-03-31T10:20,enterprise,361
1575,359,EXP_MODEL_02,treatment,2026-04-13T10:17,returning,142
1576,243,EXP_MODEL_02,treatment,2026-04-28T13:40,new,40
1577,343,EXP_PROMPT_01,treatment,2026-03-26T03:16,enterprise,573
1578,560,EXP_PROMPT_01,control,2026-03-01T00:19,returning,307
1579,85,EXP_PROMPT_01,control,2026-03-19T16:20,enterprise,348
1580,49,EXP_MODEL_02,control,2026-04-14T02:59,new,408
1581,73,EXP_PROMPT_01,treatment,2026-03-04T14:42,new,657
1582,499,EXP_PROMPT_01,control,2026-03-31T00:57,returning,118
1583,494,EXP_PROMPT_01,control,2026-03-22T02:03,enterprise,256
1584,62,EXP_MODEL_02,control,2026-04-25T08:44,new,294
1585,118,EXP_MODEL_02,control,2026-04-24T10:26,enterprise,192
1586,149,EXP_PROMPT_01,control,2026-04-15T07:38,new,177
1587,465,EXP_PROMPT_01,treatment,2026-03-12T23:19,returning,604
1588,507,EXP_MODEL_02,treatment,2026-04-23T07:28,returning,666
1589,192,EXP_MODEL_02,treatment,2026-03-09T18:06,enterprise,390
1590,59,EXP_MODEL_02,treatment,2026-03-30T23:50,new,222
1591,184,EXP_MODEL_02,control,2026-04-22T20:50,new,308
1592,238,EXP_MODEL_02,control,2026-04-09T10:53,enterprise,159
1593,596,EXP_PROMPT_01,treatment,2026-04-01T14:33,enterprise,123
1594,57,EXP_PROMPT_01,treatment,2026-05-02T03:39,enterprise,556
1595,553,EXP_PROMPT_01,control,2026-04-12T09:04,returning,133
1596,521,EXP_MODEL_02,control,2026-03-15T21:34,returning,627
1597,337,EXP_MODEL_02,treatment,2026-04-13T16:00,enterprise,505
1598,111,EXP_PROMPT_01,treatment,2026-03-30T09:44,returning,105
1599,486,EXP_MODEL_02,treatment,2026-04-08T07:45,enterprise,425
1600,409,EXP_MODEL_02,treatment,2026-03-26T07:54,new,95
1601,407,EXP_PROMPT_01,treatment,2026-04-03T06:24,enterprise,601
1602,347,EXP_PROMPT_01,control,2026-03-13T16:45,returning,109
1603,369,EXP_PROMPT_01,treatment,2026-03-30T18:37,new,27
1604,155,EXP_MODEL_02,control,2026-03-23T14:39,enterprise,5
1605,55,EXP_PROMPT_01,treatment,2026-04-24T09:09,new,2
1606,409,EXP_PROMPT_01,treatment,2026-04-10T18:39,new,181
1607,427,EXP_MODEL_02,control,2026-04-29T07:04,new,462
1608,139,EXP_MODEL_02,treatment,2026-03-01T14:43,returning,164
1609,392,EXP_PROMPT_01,treatment,2026-04-17T04:24,new,335
1610,315,EXP_PROMPT_01,treatment,2026-03-16T07:38,enterprise,244
1611,125,EXP_MODEL_02,treatment,2026-03-04T06:55,new,519
1612,426,EXP_MODEL_02,treatment,2026-05-01T10:05,returning,588
1613,35,EXP_PROMPT_01,control,2026-04-30T18:35,returning,572
1614,551,EXP_PROMPT_01,treatment,2026-04-13T23:24,returning,512
1615,495,EXP_MODEL_02,treatment,2026-03-30T23:04,new,519
1616,212,EXP_PROMPT_01,control,2026-03-14T17:22,enterprise,115
1617,506,EXP_MODEL_02,treatment,2026-04-15T07:23,returning,152
1618,192,EXP_PROMPT_01,treatment,2026-03-05T02:50,enterprise,685
1619,30,EXP_PROMPT_01,control,2026-03-27T20:27,returning,276
1620,188,EXP_PROMPT_01,treatment,2026-03-13T17:27,enterprise,582
1621,539,EXP_PROMPT_01,control,2026-04-27T00:02,enterprise,683
1622,401,EXP_MODEL_02,treatment,2026-04-24T15:00,returning,644
1623,11,EXP_MODEL_02,control,2026-04-02T05:41,returning,422
1624,551,EXP_PROMPT_01,treatment,2026-03-22T15:45,enterprise,512
1625,101,EXP_MODEL_02,control,2026-03-27T23:30,returning,523
1626,72,EXP_PROMPT_01,treatment,2026-04-29T05:20,enterprise,160
1627,522,EXP_PROMPT_01,control,2026-03-29T07:53,new,239
1628,158,EXP_PROMPT_01,control,2026-03-18T04:45,enterprise,165
1629,463,EXP_MODEL_02,control,2026-04-01T05:17,returning,82
1630,245,EXP_PROMPT_01,treatment,2026-03-11T03:55,enterprise,653
1631,169,EXP_MODEL_02,treatment,2026-03-14T18:11,enterprise,21
1632,435,EXP_PROMPT_01,treatment,2026-04-13T14:47,enterprise,558
1633,96,EXP_PROMPT_01,control,2026-03-26T02:30,returning,106
1634,162,EXP_PROMPT_01,treatment,2026-03-03T10:25,new,340
1635,278,EXP_PROMPT_01,control,2026-04-29T20:59,returning,279
1636,562,EXP_MODEL_02,control,2026-03-31T10:40,returning,614
1637,70,EXP_MODEL_02,control,2026-03-03T05:36,new,151
1638,3,EXP_PROMPT_01,treatment,2026-03-30T13:26,returning,250
1639,403,EXP_PROMPT_01,treatment,2026-04-11T02:46,enterprise,486
1640,142,EXP_MODEL_02,treatment,2026-03-12T03:24,returning,173
1641,114,EXP_PROMPT_01,control,2026-03-19T08:35,new,597
1642,176,EXP_MODEL_02,treatment,2026-03-30T08:46,returning,354
1643,208,EXP_PROMPT_01,control,2026-03-14T05:38,enterprise,38
1644,246,EXP_PROMPT_01,control,2026-03-28T05:18,new,409
1645,245,EXP_MODEL_02,treatment,2026-03-01T00:39,returning,113
1646,399,EXP_MODEL_02,treatment,2026-03-18T11:25,new,512
1647,158,EXP_PROMPT_01,treatment,2026-04-29T21:11,returning,375
1648,113,EXP_PROMPT_01,treatment,2026-03-13T19:45,returning,460
1649,523,EXP_MODEL_02,control,2026-04-26T04:21,returning,489
1650,412,EXP_MODEL_02,treatment,2026-04-20T00:36,returning,118
1651,4,EXP_MODEL_02,treatment,2026-03-25T12:48,new,407
1652,56,EXP_PROMPT_01,control,2026-03-04T20:03,enterprise,234
1653,29,EXP_PROMPT_01,treatment,2026-04-09T05:34,new,685
1654,243,EXP_MODEL_02,control,2026-04-29T10:07,new,137
1655,59,EXP_PROMPT_01,control,2026-03-26T10:35,returning,566
1656,447,EXP_PROMPT_01,treatment,2026-03-15T08:45,returning,486
1657,351,EXP_MODEL_02,control,2026-04-05T01:44,enterprise,442
1658,495,EXP_MODEL_02,treatment,2026-03-07T14:13,enterprise,364
1659,551,EXP_PROMPT_01,treatment,2026-03-18T22:42,enterprise,665
1660,469,EXP_MODEL_02,treatment,2026-04-26T20:20,returning,136
1661,334,EXP_MODEL_02,treatment,2026-03-01T00:43,new,213
1662,125,EXP_MODEL_02,treatment,2026-03-10T15:33,returning,502
1663,78,EXP_MODEL_02,treatment,2026-03-21T20:00,enterprise,691
1664,89,EXP_PROMPT_01,treatment,2026-04-28T21:35,enterprise,210
1665,366,EXP_PROMPT_01,control,2026-03-26T11:16,new,512
1666,489,EXP_MODEL_02,treatment,2026-04-27T11:22,enterprise,59
1667,121,EXP_MODEL_02,treatment,2026-03-04T02:19,enterprise,329
1668,130,EXP_MODEL_02,control,2026-04-23T23:05,enterprise,498
1669,402,EXP_MODEL_02,treatment,2026-03-27T08:36,enterprise,21
1670,110,EXP_MODEL_02,control,2026-04-28T06:47,returning,681
1671,145,EXP_MODEL_02,control,2026-03-10T06:50,enterprise,389
1672,205,EXP_MODEL_02,control,2026-04-02T11:24,enterprise,434
1673,126,EXP_PROMPT_01,treatment,2026-04-17T08:02,returning,222
1674,324,EXP_MODEL_02,treatment,2026-04-12T19:27,new,13
1675,577,EXP_MODEL_02,control,2026-04-22T19:43,new,490
1676,6,EXP_PROMPT_01,treatment,2026-05-01T22:27,returning,631
1677,429,EXP_MODEL_02,treatment,2026-04-21T06:45,new,156
1678,571,EXP_MODEL_02,treatment,2026-04-12T04:56,returning,181
1679,203,EXP_MODEL_02,treatment,2026-04-21T00:41,enterprise,639
1680,333,EXP_PROMPT_01,control,2026-03-14T10:09,new,641
1681,505,EXP_MODEL_02,treatment,2026-03-12T02:11,enterprise,188
1682,433,EXP_MODEL_02,treatment,2026-03-02T13:48,returning,208
1683,194,EXP_PROMPT_01,control,2026-03-20T19:40,new,174
1684,437,EXP_MODEL_02,control,2026-03-28T10:17,new,205
1685,346,EXP_MODEL_02,control,2026-03-28T18:55,new,667
1686,126,EXP_MODEL_02,control,2026-03-03T09:03,returning,319
1687,294,EXP_MODEL_02,treatment,2026-04-25T19:26,enterprise,700
1688,391,EXP_PROMPT_01,control,2026-04-28T15:23,returning,7
1689,305,EXP_MODEL_02,control,2026-03-30T20:03,new,132
1690,209,EXP_MODEL_02,control,2026-04-06T13:23,new,310
1691,221,EXP_PROMPT_01,control,2026-04-24T15:02,enterprise,388
1692,476,EXP_MODEL_02,control,2026-04-12T14:05,enterprise,346
1693,300,EXP_PROMPT_01,treatment,2026-04-01T04:35,enterprise,425
1694,251,EXP_PROMPT_01,control,2026-03-14T05:20,new,624
1695,233,EXP_MODEL_02,treatment,2026-04-05T02:10,enterprise,25
1696,55,EXP_PROMPT_01,control,2026-03-16T06:43,returning,553
1697,509,EXP_PROMPT_01,control,2026-04-02T05:23,new,559
1698,12,EXP_PROMPT_01,treatment,2026-03-14T06:41,returning,252
1699,283,EXP_PROMPT_01,treatment,2026-04-18T11:42,new,215
1700,386,EXP_MODEL_02,treatment,2026-04-14T13:50,new,316
1701,547,EXP_MODEL_02,control,2026-04-19T21:53,enterprise,295
1702,204,EXP_MODEL_02,control,2026-03-30T08:09,returning,294
1703,574,EXP_MODEL_02,treatment,2026-03-24T04:42,new,38
1704,51,EXP_PROMPT_01,treatment,2026-05-02T02:45,new,75
1705,597,EXP_PROMPT_01,treatment,2026-04-28T01:49,new,4
1706,80,EXP_PROMPT_01,control,2026-03-30T04:51,enterprise,44
1707,537,EXP_MODEL_02,treatment,2026-04-28T08:32,new,189
1708,387,EXP_PROMPT_01,control,2026-04-11T23:02,enterprise,581
1709,340,EXP_MODEL_02,control,2026-03-10T14:37,new,385
1710,441,EXP_PROMPT_01,treatment,2026-04-18T17:12,returning,221
1711,353,EXP_PROMPT_01,control,2026-03-22T03:43,new,124
1712,38,EXP_PROMPT_01,treatment,2026-03-18T18:03,enterprise,378
1713,170,EXP_MODEL_02,control,2026-03-19T18:13,enterprise,686
1714,214,EXP_PROMPT_01,control,2026-03-09T08:54,returning,248
1715,374,EXP_PROMPT_01,control,2026-04-12T16:35,enterprise,70
1716,31,EXP_PROMPT_01,treatment,2026-03-25T16:25,returning,315
1717,177,EXP_MODEL_02,control,2026-04-30T18:07,returning,273
1718,486,EXP_PROMPT_01,treatment,2026-04-18T02:18,returning,487
1719,11,EXP_MODEL_02,control,2026-04-05T07:34,enterprise,217
1720,591,EXP_MODEL_02,treatment,2026-03-19T23:38,returning,263
1721,70,EXP_PROMPT_01,treatment,2026-03-30T12:38,returning,679
1722,292,EXP_MODEL_02,treatment,2026-04-08T19:45,enterprise,305
1723,96,EXP_PROMPT_01,control,2026-03-18T22:49,new,329
1724,261,EXP_PROMPT_01,treatment,2026-03-08T15:30,enterprise,477
1725,599,EXP_PROMPT_01,control,2026-04-25T11:18,returning,382
1726,436,EXP_MODEL_02,control,2026-03-13T09:56,enterprise,631
1727,504,EXP_PROMPT_01,control,2026-03-23T13:12,enterprise,172
1728,452,EXP_MODEL_02,treatment,2026-04-30T18:05,enterprise,5
1729,300,EXP_MODEL_02,treatment,2026-03-25T07:54,new,689
1730,560,EXP_PROMPT_01,control,2026-04-14T02:58,new,480
1731,327,EXP_MODEL_02,treatment,2026-04-19T15:51,new,27
1732,215,EXP_MODEL_02,treatment,2026-03-13T21:24,new,207
1733,459,EXP_MODEL_02,treatment,2026-03-26T16:44,enterprise,544
1734,522,EXP_PROMPT_01,treatment,2026-03-11T04:54,returning,410
1735,489,EXP_MODEL_02,control,2026-03-15T08:07,new,396
1736,103,EXP_MODEL_02,control,2026-03-03T06:57,returning,413
1737,25,EXP_PROMPT_01,control,2026-03-31T18:50,new,202
1738,583,EXP_PROMPT_01,control,2026-03-16T05:26,returning,9
1739,338,EXP_MODEL_02,treatment,2026-04-01T16:58,returning,643
1740,171,EXP_PROMPT_01,treatment,2026-03-11T00:43,returning,45
1741,124,EXP_PROMPT_01,control,2026-04-23T22:00,new,217
1742,407,EXP_MODEL_02,treatment,2026-03-31T03:58,new,103
1743,58,EXP_PROMPT_01,control,2026-04-03T13:37,returning,296
1744,182,EXP_MODEL_02,control,2026-03-12T20:51,enterprise,255
1745,495,EXP_PROMPT_01,treatment,2026-04-20T17:02,new,569
1746,334,EXP_PROMPT_01,treatment,2026-03-13T21:05,enterprise,218
1747,392,EXP_MODEL_02,control,2026-04-24T02:03,enterprise,148
1748,51,EXP_MODEL_02,treatment,2026-05-01T10:17,enterprise,692
1749,464,EXP_MODEL_02,control,2026-03-16T02:57,new,346
1750,488,EXP_PROMPT_01,treatment,2026-03-19T08:34,enterprise,441
1751,471,EXP_MODEL_02,control,2026-04-05T14:57,new,312
1752,76,EXP_MODEL_02,control,2026-03-11T17:45,returning,641
1753,117,EXP_MODEL_02,treatment,2026-03-02T03:44,enterprise,536
1754,60,EXP_MODEL_02,treatment,2026-04-18T20:51,enterprise,123
1755,80,EXP_PROMPT_01,treatment,2026-03-31T12:20,enterprise,297
1756,467,EXP_MODEL_02,treatment,2026-04-26T16:32,returning,612
1757,291,EXP_PROMPT_01,control,2026-04-19T02:23,new,399
1758,482,EXP_PROMPT_01,control,2026-03-01T12:32,enterprise,499
1759,397,EXP_MODEL_02,treatment,2026-04-25T03:46,enterprise,345
1760,214,EXP_MODEL_02,treatment,2026-05-01T21:26,new,700
1761,59,EXP_PROMPT_01,control,2026-03-17T10:12,new,160
1762,526,EXP_PROMPT_01,control,2026-04-29T07:27,returning,261
1763,62,EXP_MODEL_02,control,2026-04-06T10:56,enterprise,63
1764,313,EXP_PROMPT_01,treatment,2026-03-04T01:16,enterprise,279
1765,292,EXP_PROMPT_01,treatment,2026-04-06T18:25,returning,611
1766,280,EXP_PROMPT_01,treatment,2026-04-28T15:49,enterprise,103
1767,389,EXP_PROMPT_01,control,2026-04-30T15:15,enterprise,245
1768,439,EXP_MODEL_02,treatment,2026-04-22T15:17,returning,641
1769,329,EXP_MODEL_02,control,2026-04-14T11:16,returning,633
1770,346,EXP_PROMPT_01,control,2026-04-03T11:22,enterprise,235
1771,487,EXP_MODEL_02,control,2026-03-27T23:55,new,664
1772,119,EXP_MODEL_02,treatment,2026-03-21T05:26,new,292
1773,416,EXP_PROMPT_01,treatment,2026-03-08T22:36,returning,654
1774,212,EXP_PROMPT_01,control,2026-03-03T11:58,enterprise,45
1775,321,EXP_MODEL_02,treatment,2026-04-28T18:25,enterprise,180
1776,163,EXP_MODEL_02,control,2026-04-23T20:46,enterprise,168
1777,190,EXP_MODEL_02,treatment,2026-04-09T22:28,enterprise,516
1778,314,EXP_PROMPT_01,treatment,2026-03-02T20:24,enterprise,687
1779,466,EXP_PROMPT_01,treatment,2026-03-06T08:56,new,380
1780,352,EXP_MODEL_02,treatment,2026-03-28T18:57,returning,405
1781,181,EXP_PROMPT_01,control,2026-04-22T04:46,returning,438
1782,157,EXP_PROMPT_01,treatment,2026-03-10T22:17,enterprise,343
1783,55,EXP_PROMPT_01,treatment,2026-04-01T15:11,enterprise,61
1784,197,EXP_PROMPT_01,treatment,2026-04-27T05:07,enterprise,5
1785,503,EXP_MODEL_02,control,2026-03-18T02:12,new,357
1786,481,EXP_PROMPT_01,control,2026-03-03T22:21,enterprise,484
1787,380,EXP_PROMPT_01,control,2026-04-16T00:55,returning,604
1788,141,EXP_MODEL_02,treatment,2026-03-09T08:01,returning,248
1789,72,EXP_PROMPT_01,control,2026-04-25T08:41,returning,21
1790,253,EXP_PROMPT_01,control,2026-03-25T16:38,enterprise,362
1791,580,EXP_MODEL_02,treatment,2026-03-24T19:30,enterprise,530
1792,416,EXP_MODEL_02,control,2026-04-27T11:20,new,235
1793,106,EXP_PROMPT_01,control,2026-04-25T05:49,returning,501
1794,459,EXP_PROMPT_01,treatment,2026-03-13T10:55,returning,124
1795,294,EXP_MODEL_02,control,2026-03-09T17:03,new,468
1796,203,EXP_MODEL_02,control,2026-03-27T01:08,enterprise,397
1797,279,EXP_MODEL_02,control,2026-03-13T01:51,returning,600
1798,355,EXP_PROMPT_01,control,2026-04-20T00:28,returning,286
1799,224,EXP_MODEL_02,treatment,2026-04-12T22:20,returning,458
1800,76,EXP_MODEL_02,treatment,2026-04-05T18:52,enterprise,50
1801,15,EXP_MODEL_02,control,2026-03-11T08:14,enterprise,359
1802,562,EXP_PROMPT_01,control,2026-04-26T23:05,enterprise,593
1803,526,EXP_PROMPT_01,treatment,2026-04-13T20:06,new,449
1804,8,EXP_PROMPT_01,control,2026-03-18T12:34,returning,499
1805,323,EXP_MODEL_02,control,2026-03-08T13:48,returning,663
1806,352,EXP_MODEL_02,control,2026-04-06T13:12,new,9
1807,347,EXP_MODEL_02,treatment,2026-04-15T08:20,returning,337
1808,112,EXP_MODEL_02,control,2026-04-23T14:09,returning,509
1809,5,EXP_PROMPT_01,control,2026-03-01T20:24,new,558
1810,529,EXP_MODEL_02,control,2026-04-24T06:10,new,572
1811,356,EXP_PROMPT_01,control,2026-03-07T23:09,returning,536
1812,481,EXP_MODEL_02,control,2026-04-22T09:45,enterprise,91
1813,578,EXP_PROMPT_01,treatment,2026-03-14T20:44,enterprise,698
1814,413,EXP_MODEL_02,control,2026-04-05T18:23,new,358
1815,18,EXP_PROMPT_01,treatment,2026-03-01T19:54,returning,141
1816,198,EXP_PROMPT_01,control,2026-03-10T04:12,returning,628
1817,574,EXP_MODEL_02,treatment,2026-03-22T01:25,returning,426
1818,114,EXP_MODEL_02,control,2026-04-14T14:29,enterprise,680
1819,218,EXP_MODEL_02,treatment,2026-03-05T16:42,new,132
1820,457,EXP_MODEL_02,treatment,2026-03-25T18:02,enterprise,414
1821,204,EXP_MODEL_02,treatment,2026-04-06T20:53,new,55
1822,340,EXP_MODEL_02,treatment,2026-03-25T16:59,enterprise,99
1823,15,EXP_MODEL_02,control,2026-04-23T23:26,new,146
1824,54,EXP_PROMPT_01,treatment,2026-04-20T22:38,enterprise,28
1825,26,EXP_PROMPT_01,control,2026-04-07T22:50,enterprise,213
1826,231,EXP_PROMPT_01,control,2026-03-18T21:00,new,526
1827,243,EXP_MODEL_02,treatment,2026-03-10T15:49,returning,219
1828,96,EXP_PROMPT_01,treatment,2026-03-19T10:49,new,490
1829,552,EXP_PROMPT_01,control,2026-04-15T10:59,new,376
1830,528,EXP_MODEL_02,treatment,2026-04-25T18:40,enterprise,557
1831,564,EXP_MODEL_02,treatment,2026-04-10T12:24,enterprise,86
1832,95,EXP_PROMPT_01,control,2026-04-11T09:30,enterprise,134
1833,175,EXP_PROMPT_01,control,2026-03-22T17:28,new,433
1834,486,EXP_MODEL_02,treatment,2026-04-06T01:46,returning,577
1835,229,EXP_MODEL_02,control,2026-03-16T13:57,returning,506
1836,449,EXP_PROMPT_01,control,2026-03-18T19:21,enterprise,437
1837,100,EXP_PROMPT_01,control,2026-03-07T09:20,new,378
1838,321,EXP_PROMPT_01,control,2026-03-16T08:25,enterprise,472
1839,201,EXP_MODEL_02,control,2026-03-25T01:42,new,632
1840,150,EXP_PROMPT_01,control,2026-04-19T17:16,new,416
1841,527,EXP_PROMPT_01,treatment,2026-04-10T08:31,new,113
1842,272,EXP_MODEL_02,control,2026-03-07T11:18,new,617
1843,347,EXP_MODEL_02,treatment,2026-05-01T15:34,returning,330
1844,413,EXP_MODEL_02,control,2026-04-02T04:57,new,380
1845,339,EXP_PROMPT_01,control,2026-04-24T17:28,new,525
1846,455,EXP_MODEL_02,treatment,2026-04-30T09:01,returning,86
1847,141,EXP_PROMPT_01,treatment,2026-03-22T04:12,new,336
1848,119,EXP_PROMPT_01,treatment,2026-03-18T07:37,returning,605
1849,531,EXP_PROMPT_01,treatment,2026-03-12T23:03,returning,571
1850,266,EXP_MODEL_02,control,2026-04-25T10:13,enterprise,615
1851,328,EXP_MODEL_02,treatment,2026-04-17T17:53,new,525
1852,161,EXP_MODEL_02,treatment,2026-03-30T17:18,returning,176
1853,354,EXP_PROMPT_01,treatment,2026-03-10T07:33,enterprise,611
1854,339,EXP_PROMPT_01,control,2026-03-28T16:19,enterprise,244
1855,503,EXP_PROMPT_01,treatment,2026-03-10T04:35,new,492
1856,65,EXP_MODEL_02,control,2026-03-01T14:24,enterprise,374
1857,18,EXP_PROMPT_01,control,2026-05-01T12:33,enterprise,129
1858,186,EXP_MODEL_02,treatment,2026-04-04T00:15,enterprise,397
1859,65,EXP_MODEL_02,control,2026-03-12T09:51,returning,314
1860,84,EXP_PROMPT_01,control,2026-04-19T10:05,enterprise,490
1861,492,EXP_PROMPT_01,control,2026-05-02T08:11,new,433
1862,166,EXP_PROMPT_01,control,2026-04-15T05:20,new,551
1863,108,EXP_MODEL_02,control,2026-04-02T12:32,enterprise,18
1864,204,EXP_MODEL_02,control,2026-04-12T03:55,returning,46
1865,243,EXP_PROMPT_01,control,2026-04-04T21:09,enterprise,584
1866,53,EXP_PROMPT_01,treatment,2026-03-15T09:50,new,576
1867,558,EXP_MODEL_02,treatment,2026-04-27T14:36,new,675
1868,329,EXP_MODEL_02,control,2026-03-12T03:42,new,470
1869,154,EXP_PROMPT_01,treatment,2026-03-29T15:49,returning,415
1870,428,EXP_MODEL_02,control,2026-04-08T01:04,returning,609
1871,157,EXP_PROMPT_01,treatment,2026-03-15T22:58,new,541
1872,270,EXP_PROMPT_01,treatment,2026-03-24T23:32,new,361
1873,204,EXP_MODEL_02,treatment,2026-03-12T06:09,new,61
1874,87,EXP_MODEL_02,treatment,2026-03-12T02:52,enterprise,688
1875,445,EXP_MODEL_02,control,2026-04-09T23:26,enterprise,424
1876,367,EXP_PROMPT_01,treatment,2026-03-16T16:29,new,95
1877,292,EXP_MODEL_02,treatment,2026-04-10T22:51,new,659
1878,421,EXP_MODEL_02,control,2026-03-11T03:50,enterprise,220
1879,515,EXP_MODEL_02,treatment,2026-04-18T09:25,enterprise,497
1880,169,EXP_MODEL_02,treatment,2026-04-17T17:40,enterprise,208
1881,461,EXP_PROMPT_01,control,2026-04-12T01:14,returning,398
1882,39,EXP_PROMPT_01,control,2026-04-11T19:04,enterprise,518
1883,544,EXP_MODEL_02,control,2026-04-04T01:29,returning,30
1884,516,EXP_MODEL_02,treatment,2026-03-05T21:24,returning,407
1885,385,EXP_PROMPT_01,treatment,2026-04-24T11:42,enterprise,7
1886,117,EXP_MODEL_02,control,2026-03-13T21:48,enterprise,349
1887,297,EXP_PROMPT_01,control,2026-04-07T23:45,new,29
1888,139,EXP_MODEL_02,control,2026-03-12T07:02,enterprise,149
1889,353,EXP_MODEL_02,treatment,2026-05-02T06:56,returning,390
1890,534,EXP_MODEL_02,treatment,2026-03-10T23:41,enterprise,652
1891,80,EXP_PROMPT_01,treatment,2026-04-23T18:02,returning,526
1892,162,EXP_PROMPT_01,control,2026-04-15T18:55,new,465
1893,60,EXP_MODEL_02,control,2026-03-19T12:47,enterprise,302
1894,235,EXP_MODEL_02,control,2026-03-19T17:23,enterprise,90
1895,323,EXP_PROMPT_01,treatment,2026-03-22T17:40,new,343
1896,184,EXP_PROMPT_01,control,2026-03-19T22:51,new,327
1897,343,EXP_PROMPT_01,control,2026-04-16T06:24,returning,403
1898,402,EXP_PROMPT_01,treatment,2026-03-25T17:54,new,6
1899,183,EXP_MODEL_02,control,2026-03-17T21:09,returning,363
1900,241,EXP_MODEL_02,control,2026-04-14T23:36,enterprise,391
1901,46,EXP_MODEL_02,control,2026-03-22T06:32,new,188
1902,125,EXP_MODEL_02,treatment,2026-04-03T14:24,returning,39
1903,10,EXP_PROMPT_01,treatment,2026-04-17T11:54,new,81
1904,312,EXP_PROMPT_01,control,2026-03-27T04:26,returning,42
1905,594,EXP_MODEL_02,treatment,2026-03-19T19:56,enterprise,81
1906,471,EXP_MODEL_02,treatment,2026-03-19T20:47,enterprise,505
1907,411,EXP_MODEL_02,treatment,2026-04-11T11:39,enterprise,3
1908,118,EXP_MODEL_02,treatment,2026-04-13T01:58,enterprise,181
1909,152,EXP_MODEL_02,treatment,2026-03-17T17:54,enterprise,438
1910,49,EXP_MODEL_02,control,2026-04-18T02:46,enterprise,528
1911,49,EXP_MODEL_02,treatment,2026-04-07T10:11,new,78
1912,475,EXP_MODEL_02,control,2026-03-01T23:12,new,654
1913,296,EXP_MODEL_02,treatment,2026-03-21T20:44,new,308
1914,449,EXP_PROMPT_01,control,2026-03-26T02:30,returning,186
1915,355,EXP_PROMPT_01,treatment,2026-03-18T16:02,new,192
1916,582,EXP_MODEL_02,treatment,2026-03-03T00:46,returning,51
1917,303,EXP_PROMPT_01,treatment,2026-04-24T01:15,returning,287
1918,375,EXP_MODEL_02,control,2026-03-21T09:48,enterprise,395
1919,53,EXP_PROMPT_01,treatment,2026-03-05T22:20,returning,292
1920,563,EXP_MODEL_02,control,2026-03-17T15:04,enterprise,41
1921,279,EXP_PROMPT_01,control,2026-03-02T16:51,enterprise,302
1922,548,EXP_PROMPT_01,control,2026-04-04T11:42,returning,449
1923,132,EXP_PROMPT_01,treatment,2026-03-16T06:57,enterprise,624
1924,314,EXP_PROMPT_01,treatment,2026-03-03T08:02,returning,419
1925,155,EXP_MODEL_02,control,2026-04-04T01:09,returning,675
1926,556,EXP_PROMPT_01,treatment,2026-03-24T06:07,returning,549
1927,147,EXP_PROMPT_01,treatment,2026-03-11T21:28,new,361
1928,140,EXP_PROMPT_01,treatment,2026-03-01T16:40,new,156
1929,107,EXP_PROMPT_01,control,2026-03-03T09:34,returning,562
1930,350,EXP_MODEL_02,treatment,2026-04-03T06:25,enterprise,72
1931,375,EXP_MODEL_02,treatment,2026-03-23T00:47,returning,452
1932,541,EXP_PROMPT_01,control,2026-04-22T15:13,new,250
1933,143,EXP_PROMPT_01,treatment,2026-03-12T14:46,returning,363
1934,533,EXP_PROMPT_01,treatment,2026-04-04T22:25,new,379
1935,266,EXP_PROMPT_01,treatment,2026-03-03T00:05,new,677
1936,522,EXP_MODEL_02,control,2026-03-16T17:46,new,370
1937,308,EXP_MODEL_02,treatment,2026-04-26T06:46,new,454
1938,275,EXP_MODEL_02,treatment,2026-04-09T02:01,enterprise,700
1939,99,EXP_MODEL_02,treatment,2026-03-03T01:49,returning,35
1940,291,EXP_PROMPT_01,treatment,2026-03-08T20:05,new,584
1941,73,EXP_MODEL_02,treatment,2026-04-04T15:24,returning,120
1942,503,EXP_PROMPT_01,treatment,2026-04-13T15:21,returning,492
1943,247,EXP_PROMPT_01,control,2026-04-27T21:43,returning,224
1944,190,EXP_PROMPT_01,control,2026-03-20T18:27,new,23
1945,125,EXP_MODEL_02,treatment,2026-04-11T06:15,new,511
1946,560,EXP_MODEL_02,control,2026-04-11T19:59,enterprise,209
1947,135,EXP_MODEL_02,treatment,2026-03-18T07:37,new,641
1948,526,EXP_MODEL_02,treatment,2026-03-28T04:48,returning,68
1949,544,EXP_PROMPT_01,treatment,2026-03-16T10:26,returning,168
1950,598,EXP_PROMPT_01,control,2026-03-17T03:03,new,219
1951,47,EXP_MODEL_02,control,2026-04-30T16:10,new,91
1952,282,EXP_MODEL_02,control,2026-03-06T06:13,enterprise,45
1953,493,EXP_PROMPT_01,treatment,2026-03-25T15:28,returning,96
1954,345,EXP_MODEL_02,control,2026-03-29T10:49,new,322
1955,221,EXP_MODEL_02,control,2026-03-09T04:37,enterprise,646
1956,184,EXP_MODEL_02,control,2026-04-29T21:35,enterprise,340
1957,9,EXP_MODEL_02,control,2026-04-12T13:13,new,684
1958,325,EXP_PROMPT_01,treatment,2026-03-04T22:35,returning,390
1959,111,EXP_PROMPT_01,treatment,2026-03-20T00:01,new,28
1960,377,EXP_PROMPT_01,control,2026-03-09T19:15,enterprise,638
1961,150,EXP_MODEL_02,treatment,2026-03-15T21:48,returning,214
1962,155,EXP_MODEL_02,control,2026-03-12T10:14,returning,553
1963,227,EXP_MODEL_02,treatment,2026-03-09T18:13,new,602
1964,73,EXP_PROMPT_01,treatment,2026-04-10T08:56,enterprise,489
1965,365,EXP_MODEL_02,control,2026-03-20T06:49,returning,604
1966,163,EXP_PROMPT_01,treatment,2026-03-02T15:12,enterprise,180
1967,421,EXP_PROMPT_01,control,2026-04-05T22:25,new,565
1968,344,EXP_MODEL_02,control,2026-03-23T10:48,enterprise,655
1969,425,EXP_PROMPT_01,control,2026-03-21T18:38,returning,165
1970,21,EXP_MODEL_02,control,2026-04-06T07:41,new,488
1971,416,EXP_MODEL_02,treatment,2026-03-12T04:47,enterprise,348
1972,274,EXP_PROMPT_01,treatment,2026-03-05T04:47,new,73
1973,149,EXP_PROMPT_01,treatment,2026-03-25T07:32,returning,27
1974,7,EXP_MODEL_02,treatment,2026-04-18T18:40,returning,425
1975,135,EXP_MODEL_02,control,2026-03-28T15:16,new,668
1976,384,EXP_MODEL_02,control,2026-04-22T14:11,new,181
1977,488,EXP_MODEL_02,control,2026-03-18T03:22,returning,32
1978,431,EXP_MODEL_02,control,2026-03-26T21:33,returning,39
1979,221,EXP_PROMPT_01,control,2026-04-18T15:09,returning,683
1980,125,EXP_MODEL_02,control,2026-03-17T16:04,new,261
1981,97,EXP_PROMPT_01,treatment,2026-03-20T06:37,returning,151
1982,324,EXP_MODEL_02,treatment,2026-04-29T21:39,returning,27
1983,123,EXP_MODEL_02,treatment,2026-04-28T00:26,new,217
1984,316,EXP_PROMPT_01,treatment,2026-04-01T23:55,returning,273
1985,252,EXP_PROMPT_01,treatment,2026-03-18T19:46,enterprise,325
1986,234,EXP_PROMPT_01,control,2026-03-29T12:28,returning,451
1987,112,EXP_PROMPT_01,control,2026-03-17T13:10,returning,675
1988,508,EXP_MODEL_02,control,2026-03-02T21:03,returning,174
1989,262,EXP_MODEL_02,treatment,2026-03-28T23:55,new,649
1990,377,EXP_MODEL_02,treatment,2026-03-24T18:59,returning,476
1991,237,EXP_PROMPT_01,control,2026-03-30T12:33,returning,501
1992,5,EXP_MODEL_02,treatment,2026-03-10T23:51,returning,254
1993,265,EXP_PROMPT_01,control,2026-03-29T12:31,returning,299
1994,383,EXP_PROMPT_01,control,2026-03-16T11:44,returning,161
1995,563,EXP_MODEL_02,treatment,2026-03-31T05:48,new,596
1996,341,EXP_MODEL_02,control,2026-03-10T10:36,new,369
1997,86,EXP_PROMPT_01,control,2026-04-27T19:54,enterprise,128
1998,480,EXP_MODEL_02,treatment,2026-04-11T00:19,enterprise,82
1999,270,EXP_MODEL_02,treatment,2026-04-05T21:47,enterprise,166
2000,226,EXP_PROMPT_01,treatment,2026-04-27T03:07,returning,185
2001,434,EXP_MODEL_02,treatment,2026-04-10T06:50,enterprise,132
2002,532,EXP_PROMPT_01,treatment,2026-04-06T05:40,enterprise,304
2003,537,EXP_MODEL_02,control,2026-03-21T23:46,returning,71
2004,51,EXP_MODEL_02,treatment,2026-03-22T23:01,new,429
2005,32,EXP_PROMPT_01,control,2026-03-22T18:13,returning,10
2006,577,EXP_MODEL_02,treatment,2026-03-21T16:37,new,9
2007,523,EXP_MODEL_02,control,2026-03-13T09:53,new,651
2008,170,EXP_MODEL_02,treatment,2026-03-16T16:53,returning,13
2009,536,EXP_MODEL_02,control,2026-04-18T02:58,enterprise,54
2010,170,EXP_PROMPT_01,control,2026-04-27T02:06,new,25
2011,571,EXP_PROMPT_01,control,2026-05-01T04:17,new,581
2012,336,EXP_PROMPT_01,treatment,2026-03-14T11:43,enterprise,81
2013,486,EXP_MODEL_02,treatment,2026-04-02T14:45,enterprise,214
2014,270,EXP_PROMPT_01,treatment,2026-03-19T20:33,new,75
2015,271,EXP_MODEL_02,control,2026-04-21T14:34,enterprise,435
2016,157,EXP_PROMPT_01,treatment,2026-03-21T04:53,enterprise,597
2017,415,EXP_MODEL_02,treatment,2026-03-20T05:49,returning,62
2018,448,EXP_MODEL_02,treatment,2026-04-23T17:38,returning,584
2019,192,EXP_PROMPT_01,control,2026-04-07T05:59,enterprise,495
2020,173,EXP_MODEL_02,control,2026-04-21T09:44,enterprise,29
2021,28,EXP_MODEL_02,treatment,2026-04-24T05:54,returning,665
2022,567,EXP_PROMPT_01,control,2026-04-01T03:10,returning,68
2023,172,EXP_PROMPT_01,control,2026-03-18T22:30,new,9
2024,255,EXP_PROMPT_01,control,2026-03-13T20:25,new,223
2025,401,EXP_PROMPT_01,control,2026-04-05T06:19,new,338
2026,227,EXP_PROMPT_01,control,2026-03-30T20:24,returning,365
2027,593,EXP_PROMPT_01,control,2026-04-29T13:10,returning,50
2028,113,EXP_PROMPT_01,control,2026-03-16T10:43,enterprise,237
2029,18,EXP_PROMPT_01,treatment,2026-05-02T10:25,new,83
2030,415,EXP_MODEL_02,control,2026-04-27T03:34,new,303
2031,445,EXP_MODEL_02,treatment,2026-04-07T16:36,returning,209
2032,368,EXP_MODEL_02,treatment,2026-04-14T22:37,enterprise,342
2033,35,EXP_PROMPT_01,control,2026-03-01T17:32,new,163
2034,588,EXP_MODEL_02,control,2026-03-09T03:05,new,17
2035,194,EXP_PROMPT_01,control,2026-03-19T09:38,returning,25
2036,208,EXP_MODEL_02,control,2026-04-05T12:38,enterprise,609
2037,171,EXP_MODEL_02,control,2026-04-26T01:32,enterprise,670
2038,152,EXP_PROMPT_01,control,2026-03-23T07:49,new,230
2039,346,EXP_PROMPT_01,control,2026-03-03T20:59,enterprise,51
2040,434,EXP_PROMPT_01,control,2026-03-14T20:30,enterprise,315
2041,594,EXP_MODEL_02,treatment,2026-03-25T06:18,new,264
2042,531,EXP_MODEL_02,control,2026-03-09T23:59,enterprise,60
2043,585,EXP_MODEL_02,control,2026-04-22T06:29,returning,651
2044,128,EXP_MODEL_02,treatment,2026-03-06T08:37,returning,669
2045,186,EXP_MODEL_02,treatment,2026-04-10T06:37,enterprise,623
2046,335,EXP_MODEL_02,control,2026-04-11T15:16,returning,333
2047,310,EXP_MODEL_02,control,2026-05-02T02:17,new,240
2048,69,EXP_MODEL_02,treatment,2026-05-02T09:42,enterprise,373
2049,545,EXP_PROMPT_01,control,2026-04-16T16:48,new,308
2050,6,EXP_PROMPT_01,control,2026-03-06T02:09,enterprise,89
2051,147,EXP_PROMPT_01,control,2026-04-06T11:17,returning,327
2052,551,EXP_PROMPT_01,treatment,2026-04-02T18:32,returning,81
2053,179,EXP_MODEL_02,control,2026-03-30T02:23,returning,84
2054,225,EXP_PROMPT_01,control,2026-04-29T08:51,returning,155
2055,474,EXP_MODEL_02,control,2026-04-09T03:09,enterprise,498
2056,559,EXP_PROMPT_01,treatment,2026-04-16T19:51,enterprise,488
2057,342,EXP_MODEL_02,control,2026-04-13T03:47,returning,526
2058,159,EXP_PROMPT_01,control,2026-04-20T05:30,returning,116
2059,445,EXP_PROMPT_01,control,2026-03-03T04:34,enterprise,61
2060,25,EXP_PROMPT_01,control,2026-04-27T08:21,new,413
2061,536,EXP_MODEL_02,control,2026-03-08T21:44,new,699
2062,536,EXP_PROMPT_01,treatment,2026-04-03T23:06,enterprise,474
2063,594,EXP_MODEL_02,control,2026-04-25T14:49,new,534
2064,501,EXP_PROMPT_01,treatment,2026-03-06T02:57,returning,548
2065,354,EXP_PROMPT_01,treatment,2026-04-10T21:55,new,392
2066,499,EXP_MODEL_02,treatment,2026-03-14T03:40,new,116
2067,353,EXP_MODEL_02,control,2026-04-01T10:42,enterprise,380
2068,1,EXP_PROMPT_01,treatment,2026-04-19T03:09,enterprise,438
2069,92,EXP_MODEL_02,control,2026-04-14T18:20,new,60
2070,83,EXP_MODEL_02,control,2026-03-05T07:33,enterprise,353
2071,198,EXP_MODEL_02,control,2026-04-17T04:02,enterprise,489
2072,548,EXP_PROMPT_01,control,2026-04-01T05:42,returning,372
2073,413,EXP_PROMPT_01,control,2026-04-07T10:44,returning,50
2074,257,EXP_PROMPT_01,control,2026-04-27T07:59,enterprise,294
2075,371,EXP_MODEL_02,control,2026-04-02T19:23,new,111
2076,289,EXP_PROMPT_01,treatment,2026-04-18T16:15,new,287
2077,227,EXP_MODEL_02,treatment,2026-04-13T15:26,new,627
2078,219,EXP_PROMPT_01,control,2026-03-06T03:59,returning,697
2079,509,EXP_MODEL_02,control,2026-04-21T03:55,enterprise,130
2080,171,EXP_MODEL_02,treatment,2026-03-16T07:17,enterprise,301
2081,45,EXP_PROMPT_01,treatment,2026-03-15T18:11,enterprise,16
2082,494,EXP_MODEL_02,treatment,2026-04-04T04:50,enterprise,637
2083,120,EXP_PROMPT_01,treatment,2026-04-10T15:29,enterprise,291
2084,490,EXP_MODEL_02,control,2026-03-30T16:10,new,216
2085,445,EXP_PROMPT_01,control,2026-03-28T03:07,returning,211
2086,566,EXP_PROMPT_01,control,2026-03-26T15:01,returning,421
2087,28,EXP_PROMPT_01,control,2026-03-24T09:26,enterprise,319
2088,111,EXP_PROMPT_01,treatment,2026-04-26T05:56,new,565
2089,6,EXP_PROMPT_01,treatment,2026-04-16T04:05,new,98
2090,135,EXP_PROMPT_01,control,2026-03-07T09:10,returning,399
2091,53,EXP_PROMPT_01,treatment,2026-03-21T14:34,new,98
2092,348,EXP_MODEL_02,control,2026-04-12T13:12,enterprise,589
2093,228,EXP_PROMPT_01,treatment,2026-04-27T12:17,enterprise,170
2094,81,EXP_PROMPT_01,treatment,2026-03-26T16:54,enterprise,484
2095,393,EXP_MODEL_02,treatment,2026-03-05T14:41,enterprise,318
2096,523,EXP_PROMPT_01,treatment,2026-03-18T23:30,returning,621
2097,488,EXP_PROMPT_01,treatment,2026-04-01T01:34,enterprise,275
2098,172,EXP_PROMPT_01,control,2026-03-28T23:53,enterprise,175
2099,422,EXP_PROMPT_01,control,2026-03-13T16:24,returning,3
2100,402,EXP_PROMPT_01,treatment,2026-04-11T21:25,enterprise,638
2101,41,EXP_PROMPT_01,control,2026-03-15T16:57,returning,406
2102,268,EXP_PROMPT_01,treatment,2026-03-12T19:32,returning,675
2103,201,EXP_PROMPT_01,treatment,2026-04-07T01:41,returning,12
2104,564,EXP_MODEL_02,treatment,2026-03-02T20:10,new,152
2105,240,EXP_PROMPT_01,control,2026-04-28T06:17,new,614
2106,66,EXP_PROMPT_01,treatment,2026-04-15T04:31,returning,584
2107,577,EXP_PROMPT_01,control,2026-04-27T06:15,enterprise,76
2108,551,EXP_MODEL_02,treatment,2026-04-27T06:51,new,172
2109,244,EXP_MODEL_02,control,2026-04-09T10:01,enterprise,236
2110,593,EXP_MODEL_02,control,2026-03-25T04:08,returning,317
2111,334,EXP_PROMPT_01,control,2026-05-01T17:18,enterprise,298
2112,242,EXP_MODEL_02,control,2026-04-23T16:09,enterprise,645
2113,413,EXP_MODEL_02,treatment,2026-04-01T14:01,returning,170
2114,354,EXP_MODEL_02,treatment,2026-04-10T14:44,enterprise,8
2115,216,EXP_MODEL_02,control,2026-05-02T05:29,new,322
2116,171,EXP_PROMPT_01,treatment,2026-04-11T12:33,returning,178
2117,343,EXP_MODEL_02,treatment,2026-03-09T13:43,enterprise,685
2118,266,EXP_PROMPT_01,treatment,2026-03-09T11:29,new,142
2119,224,EXP_PROMPT_01,control,2026-05-01T03:24,returning,479
2120,526,EXP_MODEL_02,treatment,2026-04-04T06:50,enterprise,687
2121,484,EXP_MODEL_02,control,2026-03-02T03:28,new,365
2122,350,EXP_PROMPT_01,treatment,2026-03-21T21:07,enterprise,335
2123,96,EXP_PROMPT_01,treatment,2026-03-09T03:18,returning,333
2124,83,EXP_PROMPT_01,control,2026-04-28T10:32,returning,320
2125,269,EXP_PROMPT_01,treatment,2026-03-08T23:47,new,2
2126,11,EXP_PROMPT_01,control,2026-03-24T10:37,enterprise,667
2127,77,EXP_MODEL_02,control,2026-03-28T16:05,enterprise,311
2128,375,EXP_PROMPT_01,treatment,2026-03-20T13:09,enterprise,658
2129,206,EXP_MODEL_02,control,2026-04-15T02:38,new,129
2130,161,EXP_MODEL_02,treatment,2026-03-23T10:58,returning,27
2131,296,EXP_MODEL_02,treatment,2026-03-12T21:21,enterprise,283
2132,449,EXP_MODEL_02,control,2026-03-31T04:14,returning,278
2133,159,EXP_PROMPT_01,control,2026-03-11T22:03,enterprise,246
2134,415,EXP_PROMPT_01,control,2026-05-02T00:26,returning,453
2135,13,EXP_PROMPT_01,control,2026-03-25T18:51,enterprise,128
2136,251,EXP_MODEL_02,control,2026-04-03T16:41,returning,350
2137,324,EXP_PROMPT_01,treatment,2026-04-29T23:30,new,289
2138,407,EXP_MODEL_02,treatment,2026-03-26T18:20,returning,63
2139,238,EXP_PROMPT_01,treatment,2026-04-02T02:57,enterprise,160
2140,592,EXP_PROMPT_01,treatment,2026-04-23T10:22,enterprise,350
2141,439,EXP_PROMPT_01,treatment,2026-04-01T01:44,returning,405
2142,107,EXP_PROMPT_01,control,2026-04-01T04:41,new,353
2143,399,EXP_MODEL_02,treatment,2026-03-08T20:27,returning,278
2144,100,EXP_MODEL_02,treatment,2026-04-18T10:54,new,690
2145,495,EXP_PROMPT_01,treatment,2026-03-30T17:50,new,81
2146,526,EXP_MODEL_02,control,2026-03-06T14:46,enterprise,551
2147,118,EXP_PROMPT_01,control,2026-03-03T11:03,new,345
2148,46,EXP_PROMPT_01,control,2026-03-08T12:55,enterprise,172
2149,375,EXP_MODEL_02,treatment,2026-04-23T05:33,new,322
2150,229,EXP_MODEL_02,control,2026-05-01T01:34,new,57
2151,530,EXP_PROMPT_01,control,2026-03-25T14:13,returning,92
2152,105,EXP_MODEL_02,control,2026-03-24T04:05,new,548
2153,214,EXP_PROMPT_01,control,2026-04-09T21:50,enterprise,195
2154,258,EXP_MODEL_02,treatment,2026-04-18T10:28,returning,635
2155,218,EXP_MODEL_02,treatment,2026-04-10T05:44,returning,640
2156,597,EXP_MODEL_02,treatment,2026-03-13T04:25,returning,583
2157,245,EXP_PROMPT_01,treatment,2026-04-17T22:32,new,76
2158,52,EXP_MODEL_02,control,2026-03-11T03:28,new,626
2159,150,EXP_MODEL_02,treatment,2026-03-07T18:02,returning,201
2160,171,EXP_MODEL_02,control,2026-03-19T22:39,returning,397
2161,8,EXP_MODEL_02,control,2026-04-20T09:42,new,664
2162,53,EXP_PROMPT_01,treatment,2026-03-08T17:44,new,2
2163,301,EXP_PROMPT_01,treatment,2026-04-06T01:28,returning,210
2164,512,EXP_MODEL_02,treatment,2026-03-24T23:25,returning,490
2165,380,EXP_MODEL_02,treatment,2026-03-29T20:16,enterprise,285
2166,235,EXP_PROMPT_01,treatment,2026-03-22T00:42,returning,358
2167,103,EXP_MODEL_02,treatment,2026-03-21T10:24,new,457
2168,393,EXP_MODEL_02,treatment,2026-04-30T15:03,new,652
2169,397,EXP_MODEL_02,control,2026-03-03T00:17,new,649
2170,595,EXP_MODEL_02,treatment,2026-04-23T03:17,returning,142
2171,112,EXP_PROMPT_01,treatment,2026-04-07T06:31,returning,179
2172,206,EXP_PROMPT_01,treatment,2026-04-16T23:39,returning,162
2173,184,EXP_MODEL_02,control,2026-04-05T22:28,new,501
2174,282,EXP_MODEL_02,control,2026-03-23T18:39,new,68
2175,37,EXP_MODEL_02,control,2026-04-23T14:08,new,49
2176,210,EXP_MODEL_02,control,2026-03-13T07:29,returning,668
2177,346,EXP_MODEL_02,control,2026-04-03T05:35,new,564
2178,387,EXP_PROMPT_01,control,2026-04-07T00:53,enterprise,622
2179,178,EXP_PROMPT_01,control,2026-04-27T19:23,enterprise,359
2180,56,EXP_MODEL_02,treatment,2026-03-18T00:26,new,308
2181,385,EXP_PROMPT_01,treatment,2026-04-10T04:31,returning,58
2182,160,EXP_PROMPT_01,control,2026-03-03T06:20,enterprise,405
2183,110,EXP_PROMPT_01,control,2026-04-02T13:04,enterprise,122
2184,269,EXP_PROMPT_01,treatment,2026-03-14T10:18,enterprise,31
2185,440,EXP_MODEL_02,treatment,2026-04-15T19:12,returning,402
2186,132,EXP_MODEL_02,treatment,2026-04-25T18:25,returning,475
2187,198,EXP_PROMPT_01,control,2026-04-03T11:12,new,204
2188,553,EXP_PROMPT_01,treatment,2026-03-20T00:47,enterprise,691
2189,575,EXP_MODEL_02,control,2026-03-07T13:34,returning,665
2190,311,EXP_MODEL_02,control,2026-03-09T11:38,new,49
2191,18,EXP_MODEL_02,treatment,2026-03-07T21:08,enterprise,429
2192,422,EXP_PROMPT_01,control,2026-03-05T13:52,returning,457
2193,436,EXP_MODEL_02,control,2026-03-30T01:17,new,329
2194,289,EXP_MODEL_02,treatment,2026-03-22T13:24,enterprise,278
2195,69,EXP_PROMPT_01,control,2026-03-03T13:24,enterprise,130
2196,423,EXP_PROMPT_01,control,2026-03-21T06:29,returning,595
2197,6,EXP_MODEL_02,control,2026-04-01T05:26,enterprise,39
2198,374,EXP_MODEL_02,control,2026-03-22T23:23,returning,655
2199,516,EXP_MODEL_02,treatment,2026-03-12T17:38,new,678
2200,560,EXP_PROMPT_01,control,2026-04-17T12:03,returning,667
2201,518,EXP_PROMPT_01,control,2026-04-26T11:08,enterprise,409
2202,260,EXP_MODEL_02,control,2026-05-01T03:03,new,280
2203,547,EXP_PROMPT_01,treatment,2026-04-29T17:38,returning,414
2204,124,EXP_PROMPT_01,treatment,2026-03-12T15:57,enterprise,644
2205,122,EXP_MODEL_02,control,2026-04-01T02:31,returning,277
2206,68,EXP_MODEL_02,control,2026-03-15T17:30,new,126
2207,2,EXP_PROMPT_01,control,2026-04-01T07:39,new,594
2208,119,EXP_PROMPT_01,control,2026-04-09T22:58,returning,578
2209,575,EXP_MODEL_02,control,2026-03-24T20:25,enterprise,639
2210,161,EXP_MODEL_02,treatment,2026-04-12T15:13,returning,282
2211,6,EXP_MODEL_02,control,2026-04-21T18:41,enterprise,315
2212,321,EXP_MODEL_02,treatment,2026-04-04T00:36,enterprise,362
2213,243,EXP_MODEL_02,treatment,2026-03-08T15:34,enterprise,383
2214,374,EXP_PROMPT_01,treatment,2026-04-26T08:52,new,689
2215,284,EXP_MODEL_02,control,2026-03-11T12:45,returning,479
2216,34,EXP_MODEL_02,control,2026-04-23T11:22,new,171
2217,424,EXP_PROMPT_01,control,2026-03-15T07:03,enterprise,407
2218,410,EXP_MODEL_02,treatment,2026-03-06T02:22,returning,4
2219,285,EXP_PROMPT_01,control,2026-05-01T01:31,enterprise,14
2220,41,EXP_MODEL_02,treatment,2026-05-01T15:09,returning,13
2221,213,EXP_PROMPT_01,control,2026-04-25T06:01,new,359
2222,318,EXP_PROMPT_01,control,2026-03-23T19:09,new,456
2223,407,EXP_MODEL_02,treatment,2026-03-05T06:16,new,594
2224,476,EXP_PROMPT_01,treatment,2026-03-06T01:33,new,516
2225,600,EXP_PROMPT_01,treatment,2026-03-23T17:47,new,612
2226,91,EXP_PROMPT_01,treatment,2026-03-01T20:29,new,595
2227,112,EXP_PROMPT_01,treatment,2026-04-18T15:04,returning,513
2228,16,EXP_MODEL_02,treatment,2026-04-23T23:45,new,569
2229,482,EXP_PROMPT_01,treatment,2026-04-29T18:49,returning,647
2230,553,EXP_MODEL_02,control,2026-03-28T09:28,enterprise,438
2231,460,EXP_PROMPT_01,control,2026-04-09T17:49,new,431
2232,379,EXP_PROMPT_01,control,2026-05-01T12:30,enterprise,325
2233,61,EXP_MODEL_02,treatment,2026-04-10T00:36,returning,412
2234,98,EXP_PROMPT_01,control,2026-04-03T23:18,new,593
2235,291,EXP_MODEL_02,treatment,2026-04-16T14:55,new,149
2236,275,EXP_MODEL_02,treatment,2026-03-14T18:43,enterprise,88
2237,473,EXP_MODEL_02,treatment,2026-04-14T17:38,new,137
2238,336,EXP_MODEL_02,treatment,2026-03-15T10:23,returning,540
2239,520,EXP_PROMPT_01,treatment,2026-05-01T11:18,returning,151
2240,134,EXP_PROMPT_01,treatment,2026-03-28T20:54,new,607
2241,66,EXP_PROMPT_01,treatment,2026-03-06T04:14,returning,651
2242,417,EXP_PROMPT_01,treatment,2026-03-14T07:01,enterprise,153
2243,22,EXP_MODEL_02,treatment,2026-04-29T13:55,returning,152
2244,204,EXP_MODEL_02,treatment,2026-04-19T13:43,new,96
2245,600,EXP_PROMPT_01,control,2026-04-07T01:57,returning,696
2246,475,EXP_MODEL_02,control,2026-04-09T14:04,returning,66
2247,7,EXP_MODEL_02,control,2026-03-01T08:41,returning,325
2248,35,EXP_PROMPT_01,treatment,2026-04-12T07:44,returning,424
2249,139,EXP_MODEL_02,control,2026-04-28T18:34,new,194
2250,206,EXP_MODEL_02,treatment,2026-03-09T06:07,returning,598
2251,221,EXP_MODEL_02,treatment,2026-04-29T15:36,enterprise,312
2252,144,EXP_PROMPT_01,treatment,2026-03-13T13:40,returning,192
2253,38,EXP_PROMPT_01,control,2026-03-20T05:54,returning,47
2254,536,EXP_MODEL_02,control,2026-04-21T13:53,enterprise,661
2255,288,EXP_PROMPT_01,treatment,2026-03-22T04:03,enterprise,432
2256,325,EXP_PROMPT_01,treatment,2026-04-16T09:11,enterprise,664
2257,222,EXP_MODEL_02,treatment,2026-03-02T20:14,enterprise,464
2258,420,EXP_PROMPT_01,control,2026-04-08T09:06,enterprise,514
2259,243,EXP_MODEL_02,treatment,2026-04-19T08:36,returning,548
2260,87,EXP_MODEL_02,control,2026-03-09T23:34,new,514
2261,40,EXP_MODEL_02,treatment,2026-04-17T16:26,enterprise,394
2262,457,EXP_MODEL_02,control,2026-04-08T15:07,new,216
2263,263,EXP_PROMPT_01,control,2026-04-21T03:06,returning,587
2264,208,EXP_PROMPT_01,control,2026-04-07T00:00,returning,644
2265,63,EXP_MODEL_02,control,2026-04-30T11:32,returning,687
2266,176,EXP_PROMPT_01,control,2026-04-20T01:09,returning,130
2267,491,EXP_PROMPT_01,treatment,2026-04-04T14:23,enterprise,513
2268,461,EXP_PROMPT_01,control,2026-05-02T06:35,new,136
2269,264,EXP_MODEL_02,treatment,2026-04-21T00:26,enterprise,638
2270,472,EXP_PROMPT_01,control,2026-03-15T14:06,new,698
2271,491,EXP_PROMPT_01,control,2026-03-07T16:34,returning,322
2272,66,EXP_MODEL_02,control,2026-03-07T02:54,enterprise,687
2273,138,EXP_PROMPT_01,treatment,2026-03-29T20:01,new,258
2274,479,EXP_PROMPT_01,treatment,2026-03-29T10:33,returning,20
2275,474,EXP_MODEL_02,control,2026-04-08T15:37,enterprise,471
2276,131,EXP_PROMPT_01,treatment,2026-03-03T07:33,new,110
2277,535,EXP_PROMPT_01,control,2026-04-27T09:00,new,79
2278,570,EXP_PROMPT_01,treatment,2026-04-08T08:54,returning,187
2279,466,EXP_PROMPT_01,control,2026-04-07T16:44,new,546
2280,228,EXP_PROMPT_01,treatment,2026-03-29T08:49,returning,617
2281,163,EXP_PROMPT_01,treatment,2026-04-15T10:25,returning,122
2282,464,EXP_MODEL_02,treatment,2026-04-29T01:53,new,270
2283,489,EXP_MODEL_02,control,2026-03-19T13:55,new,306
2284,351,EXP_MODEL_02,treatment,2026-04-09T18:25,new,224
2285,573,EXP_MODEL_02,control,2026-03-09T23:19,new,460
2286,400,EXP_MODEL_02,treatment,2026-04-20T06:27,new,442
2287,246,EXP_MODEL_02,treatment,2026-03-29T00:14,enterprise,502
2288,96,EXP_MODEL_02,treatment,2026-03-08T05:42,returning,608
2289,464,EXP_PROMPT_01,treatment,2026-04-30T06:06,new,348
2290,90,EXP_MODEL_02,control,2026-04-02T08:51,new,51
2291,381,EXP_MODEL_02,treatment,2026-04-07T16:17,returning,147
2292,544,EXP_PROMPT_01,control,2026-04-19T14:30,enterprise,360
2293,427,EXP_MODEL_02,control,2026-04-25T16:29,returning,31
2294,503,EXP_MODEL_02,treatment,2026-04-30T10:13,enterprise,3
2295,85,EXP_MODEL_02,control,2026-04-17T14:44,enterprise,23
2296,501,EXP_PROMPT_01,treatment,2026-03-17T09:13,enterprise,35
2297,464,EXP_PROMPT_01,control,2026-03-15T13:56,new,152
2298,443,EXP_MODEL_02,treatment,2026-04-07T11:09,enterprise,641
2299,281,EXP_PROMPT_01,treatment,2026-03-26T09:43,returning,304
2300,243,EXP_MODEL_02,control,2026-03-23T18:48,returning,469
2301,394,EXP_PROMPT_01,control,2026-04-11T06:55,returning,480
2302,289,EXP_PROMPT_01,treatment,2026-03-03T22:47,new,237
2303,322,EXP_PROMPT_01,treatment,2026-03-06T23:08,enterprise,592
2304,534,EXP_MODEL_02,control,2026-04-23T19:01,new,3
2305,89,EXP_MODEL_02,control,2026-04-15T16:27,returning,123
2306,103,EXP_MODEL_02,control,2026-03-11T23:58,enterprise,352
2307,364,EXP_MODEL_02,treatment,2026-04-01T23:12,enterprise,177
2308,209,EXP_PROMPT_01,control,2026-03-06T19:19,enterprise,389
2309,137,EXP_PROMPT_01,treatment,2026-04-03T12:29,enterprise,530
2310,286,EXP_PROMPT_01,control,2026-03-10T05:18,enterprise,576
2311,89,EXP_PROMPT_01,treatment,2026-04-27T00:24,new,537
2312,219,EXP_MODEL_02,treatment,2026-04-16T04:54,returning,410
2313,411,EXP_MODEL_02,control,2026-03-07T00:22,returning,56
2314,256,EXP_PROMPT_01,control,2026-03-19T16:14,returning,94
2315,420,EXP_PROMPT_01,treatment,2026-03-20T20:04,returning,62
2316,430,EXP_MODEL_02,control,2026-03-10T19:35,enterprise,155
2317,140,EXP_MODEL_02,treatment,2026-04-11T13:38,enterprise,438
2318,263,EXP_MODEL_02,control,2026-04-01T09:28,enterprise,621
2319,432,EXP_MODEL_02,control,2026-04-15T16:45,enterprise,313
2320,563,EXP_PROMPT_01,control,2026-03-02T04:43,enterprise,519
2321,495,EXP_PROMPT_01,treatment,2026-04-23T07:53,returning,283
2322,280,EXP_PROMPT_01,control,2026-03-31T10:13,returning,379
2323,172,EXP_MODEL_02,control,2026-03-13T02:07,new,318
2324,504,EXP_PROMPT_01,treatment,2026-03-26T01:29,enterprise,587
2325,366,EXP_MODEL_02,treatment,2026-03-08T03:06,new,266
2326,445,EXP_PROMPT_01,control,2026-03-02T06:38,new,572
2327,357,EXP_PROMPT_01,control,2026-03-09T20:36,enterprise,699
2328,397,EXP_PROMPT_01,control,2026-03-08T13:57,enterprise,694
2329,17,EXP_MODEL_02,treatment,2026-03-16T22:47,enterprise,475
2330,420,EXP_MODEL_02,control,2026-03-14T00:02,new,622
2331,561,EXP_PROMPT_01,control,2026-04-08T20:32,enterprise,374
2332,338,EXP_PROMPT_01,control,2026-04-10T22:11,new,374
2333,245,EXP_MODEL_02,control,2026-04-02T22:15,new,2
2334,476,EXP_MODEL_02,treatment,2026-03-27T17:14,new,224
2335,128,EXP_MODEL_02,treatment,2026-04-10T13:48,new,98
2336,470,EXP_PROMPT_01,control,2026-03-29T10:31,returning,567
2337,24,EXP_PROMPT_01,treatment,2026-04-24T10:43,returning,525
2338,287,EXP_MODEL_02,control,2026-04-16T05:07,returning,268
2339,59,EXP_MODEL_02,control,2026-03-03T22:21,new,532
2340,159,EXP_PROMPT_01,control,2026-03-19T03:16,new,662
2341,593,EXP_MODEL_02,control,2026-03-19T19:02,returning,392
2342,211,EXP_PROMPT_01,control,2026-04-22T07:39,enterprise,84
2343,598,EXP_PROMPT_01,treatment,2026-03-12T08:30,returning,17
2344,242,EXP_PROMPT_01,treatment,2026-04-01T15:42,returning,516
2345,2,EXP_PROMPT_01,control,2026-04-30T15:43,returning,340
2346,273,EXP_PROMPT_01,treatment,2026-03-12T09:06,returning,597
2347,496,EXP_PROMPT_01,treatment,2026-03-24T17:56,returning,285
2348,13,EXP_PROMPT_01,treatment,2026-04-04T02:54,returning,279
2349,52,EXP_MODEL_02,control,2026-03-07T01:17,returning,513
2350,475,EXP_MODEL_02,control,2026-03-15T03:05,enterprise,154
2351,352,EXP_PROMPT_01,treatment,2026-04-12T17:31,new,644
2352,118,EXP_PROMPT_01,treatment,2026-04-22T14:13,returning,82
2353,375,EXP_PROMPT_01,control,2026-03-12T22:13,new,218
2354,438,EXP_MODEL_02,treatment,2026-04-17T11:11,returning,640
2355,411,EXP_PROMPT_01,treatment,2026-04-25T15:15,enterprise,486
2356,494,EXP_MODEL_02,treatment,2026-04-09T02:11,new,246
2357,432,EXP_PROMPT_01,control,2026-04-19T04:57,new,606
2358,87,EXP_PROMPT_01,treatment,2026-03-23T13:11,returning,74
2359,559,EXP_PROMPT_01,treatment,2026-03-16T09:26,new,675
2360,388,EXP_PROMPT_01,control,2026-04-01T08:55,returning,17
2361,406,EXP_MODEL_02,treatment,2026-03-18T20:27,new,610
2362,449,EXP_MODEL_02,treatment,2026-03-01T13:47,new,636
2363,242,EXP_MODEL_02,treatment,2026-04-17T03:16,enterprise,37
2364,563,EXP_MODEL_02,control,2026-03-18T19:37,returning,262
2365,552,EXP_MODEL_02,treatment,2026-03-06T03:34,returning,245
2366,139,EXP_MODEL_02,treatment,2026-03-03T07:53,returning,188
2367,336,EXP_PROMPT_01,control,2026-04-03T06:37,returning,518
2368,268,EXP_MODEL_02,treatment,2026-03-13T12:54,returning,669
2369,114,EXP_MODEL_02,control,2026-05-02T03:32,new,141
2370,195,EXP_PROMPT_01,control,2026-04-06T14:26,enterprise,682
2371,62,EXP_MODEL_02,control,2026-04-27T03:19,enterprise,576
2372,344,EXP_PROMPT_01,control,2026-03-29T22:08,new,71
2373,23,EXP_MODEL_02,treatment,2026-04-25T14:58,enterprise,618
2374,171,EXP_PROMPT_01,treatment,2026-04-11T08:53,new,75
2375,583,EXP_PROMPT_01,treatment,2026-03-08T11:15,returning,323
2376,84,EXP_MODEL_02,control,2026-03-05T01:15,new,226
2377,242,EXP_MODEL_02,control,2026-04-01T03:44,enterprise,367
2378,306,EXP_MODEL_02,treatment,2026-04-25T08:23,returning,196
2379,389,EXP_PROMPT_01,treatment,2026-03-25T11:50,returning,14
2380,379,EXP_PROMPT_01,control,2026-04-29T13:35,new,13
2381,332,EXP_PROMPT_01,control,2026-03-14T16:07,new,390
2382,310,EXP_MODEL_02,control,2026-03-26T05:13,new,356
2383,37,EXP_PROMPT_01,control,2026-03-14T01:14,enterprise,381
2384,375,EXP_PROMPT_01,treatment,2026-04-18T13:36,new,176
2385,403,EXP_PROMPT_01,treatment,2026-04-06T05:12,returning,538
2386,504,EXP_PROMPT_01,treatment,2026-03-09T02:44,returning,391
2387,84,EXP_PROMPT_01,treatment,2026-03-11T14:27,enterprise,443
2388,224,EXP_MODEL_02,treatment,2026-04-30T16:19,enterprise,426
2389,595,EXP_PROMPT_01,treatment,2026-04-01T09:42,new,65
2390,256,EXP_PROMPT_01,control,2026-03-11T19:17,enterprise,608
2391,281,EXP_MODEL_02,control,2026-03-11T13:54,enterprise,296
2392,364,EXP_PROMPT_01,control,2026-04-24T00:40,new,76
2393,251,EXP_MODEL_02,control,2026-04-28T16:44,new,563
2394,524,EXP_MODEL_02,treatment,2026-03-22T17:29,enterprise,669
2395,512,EXP_PROMPT_01,control,2026-03-21T01:44,new,386
2396,504,EXP_PROMPT_01,control,2026-04-12T04:54,enterprise,2
2397,579,EXP_MODEL_02,control,2026-05-02T01:30,new,365
2398,296,EXP_PROMPT_01,control,2026-04-07T06:57,new,305
2399,241,EXP_PROMPT_01,treatment,2026-04-24T16:33,enterprise,519
2400,482,EXP_MODEL_02,treatment,2026-03-10T03:12,new,672
2401,412,EXP_PROMPT_01,treatment,2026-04-29T17:22,new,401
2402,26,EXP_MODEL_02,treatment,2026-05-02T07:19,enterprise,380
2403,1,EXP_PROMPT_01,treatment,2026-03-29T11:11,new,692
2404,357,EXP_MODEL_02,treatment,2026-04-08T17:42,returning,610
2405,432,EXP_MODEL_02,treatment,2026-03-12T19:34,enterprise,337
2406,275,EXP_MODEL_02,treatment,2026-04-18T10:14,enterprise,595
2407,499,EXP_MODEL_02,control,2026-05-02T04:14,returning,114
2408,579,EXP_PROMPT_01,treatment,2026-04-02T07:19,returning,251
2409,374,EXP_MODEL_02,treatment,2026-03-15T05:33,returning,524
2410,400,EXP_MODEL_02,treatment,2026-03-22T11:22,enterprise,199
2411,493,EXP_MODEL_02,control,2026-03-04T06:58,new,521
2412,182,EXP_PROMPT_01,control,2026-04-25T13:29,enterprise,396
2413,15,EXP_PROMPT_01,treatment,2026-03-03T21:08,new,689
2414,504,EXP_PROMPT_01,treatment,2026-04-18T21:49,returning,299
2415,334,EXP_PROMPT_01,control,2026-03-22T14:24,new,640
2416,260,EXP_PROMPT_01,control,2026-03-21T11:15,enterprise,384
2417,135,EXP_MODEL_02,control,2026-03-03T09:57,returning,201
2418,282,EXP_PROMPT_01,treatment,2026-03-19T21:40,new,517
2419,210,EXP_PROMPT_01,treatment,2026-03-16T08:45,new,120
2420,92,EXP_PROMPT_01,treatment,2026-04-04T02:15,enterprise,417
2421,430,EXP_PROMPT_01,control,2026-03-08T13:44,returning,406
2422,136,EXP_MODEL_02,control,2026-04-07T03:03,new,450
2423,146,EXP_MODEL_02,control,2026-04-08T13:04,returning,289
2424,546,EXP_PROMPT_01,treatment,2026-04-11T13:53,enterprise,273
2425,553,EXP_PROMPT_01,treatment,2026-04-05T01:59,new,247
2426,97,EXP_MODEL_02,control,2026-04-05T20:31,new,527
2427,382,EXP_PROMPT_01,control,2026-03-18T06:29,returning,558
2428,195,EXP_MODEL_02,treatment,2026-04-30T18:47,returning,290
2429,47,EXP_MODEL_02,treatment,2026-03-23T15:33,new,170
2430,393,EXP_MODEL_02,treatment,2026-03-19T17:44,new,47
2431,442,EXP_PROMPT_01,treatment,2026-04-07T11:00,returning,655
2432,120,EXP_PROMPT_01,control,2026-03-17T07:06,enterprise,429
2433,517,EXP_MODEL_02,treatment,2026-03-27T22:51,returning,208
2434,358,EXP_MODEL_02,treatment,2026-03-20T00:48,enterprise,125
2435,74,EXP_MODEL_02,control,2026-04-29T10:02,enterprise,420
2436,159,EXP_MODEL_02,treatment,2026-04-16T08:37,enterprise,372
2437,174,EXP_MODEL_02,control,2026-03-09T03:10,returning,399
2438,231,EXP_PROMPT_01,treatment,2026-03-23T15:31,enterprise,496
2439,449,EXP_PROMPT_01,treatment,2026-03-26T07:14,enterprise,373
2440,99,EXP_PROMPT_01,treatment,2026-04-26T02:26,enterprise,364
2441,95,EXP_PROMPT_01,treatment,2026-04-05T21:38,returning,451
2442,378,EXP_PROMPT_01,control,2026-04-09T08:58,enterprise,93
2443,190,EXP_PROMPT_01,treatment,2026-04-08T03:30,enterprise,276
2444,323,EXP_PROMPT_01,control,2026-04-30T11:40,new,651
2445,416,EXP_MODEL_02,control,2026-04-09T17:03,new,21
2446,54,EXP_MODEL_02,treatment,2026-04-12T16:50,new,462
2447,105,EXP_MODEL_02,treatment,2026-04-27T18:52,new,363
2448,379,EXP_PROMPT_01,control,2026-03-14T08:36,new,105
2449,307,EXP_MODEL_02,treatment,2026-03-02T01:33,new,159
2450,42,EXP_PROMPT_01,control,2026-03-16T09:15,returning,638
2451,365,EXP_MODEL_02,treatment,2026-03-20T15:55,new,169
2452,5,EXP_MODEL_02,treatment,2026-04-15T02:32,new,72
2453,449,EXP_MODEL_02,control,2026-04-05T07:50,returning,169
2454,528,EXP_MODEL_02,treatment,2026-04-08T06:12,enterprise,360
2455,573,EXP_MODEL_02,control,2026-04-20T17:15,returning,654
2456,599,EXP_MODEL_02,treatment,2026-04-03T18:09,new,695
2457,185,EXP_MODEL_02,control,2026-03-24T12:06,new,291
2458,400,EXP_MODEL_02,treatment,2026-04-11T19:08,new,286
2459,152,EXP_PROMPT_01,control,2026-04-19T22:22,enterprise,250
2460,568,EXP_PROMPT_01,treatment,2026-04-07T20:38,new,296
2461,456,EXP_MODEL_02,control,2026-04-19T19:34,returning,504
2462,500,EXP_MODEL_02,control,2026-04-01T21:53,returning,672
2463,13,EXP_MODEL_02,treatment,2026-03-25T09:10,enterprise,468
2464,37,EXP_MODEL_02,treatment,2026-03-27T10:27,enterprise,152
2465,553,EXP_MODEL_02,control,2026-03-22T04:57,new,413
2466,36,EXP_PROMPT_01,treatment,2026-04-20T15:05,new,142
2467,260,EXP_PROMPT_01,control,2026-03-23T00:03,returning,490
2468,20,EXP_PROMPT_01,treatment,2026-03-06T17:53,returning,397
2469,532,EXP_PROMPT_01,treatment,2026-04-07T01:30,enterprise,382
2470,185,EXP_MODEL_02,control,2026-04-10T00:21,new,516
2471,345,EXP_MODEL_02,control,2026-03-26T18:25,new,505
2472,131,EXP_PROMPT_01,treatment,2026-03-06T18:53,new,127
2473,289,EXP_PROMPT_01,control,2026-04-15T16:01,returning,654
2474,62,EXP_PROMPT_01,control,2026-04-24T03:04,enterprise,86
2475,305,EXP_MODEL_02,control,2026-03-04T20:28,enterprise,339
2476,163,EXP_PROMPT_01,control,2026-04-25T12:05,returning,257
2477,496,EXP_MODEL_02,control,2026-04-16T18:36,enterprise,525
2478,209,EXP_PROMPT_01,treatment,2026-03-29T09:36,returning,611
2479,354,EXP_PROMPT_01,treatment,2026-03-19T03:22,new,400
2480,479,EXP_MODEL_02,treatment,2026-03-09T23:53,new,637
2481,568,EXP_MODEL_02,control,2026-04-05T22:41,enterprise,435
2482,192,EXP_PROMPT_01,control,2026-04-04T01:44,returning,327
2483,301,EXP_MODEL_02,treatment,2026-04-23T12:19,enterprise,549
2484,105,EXP_PROMPT_01,control,2026-03-16T17:15,returning,635
2485,158,EXP_MODEL_02,control,2026-04-07T23:25,enterprise,321
2486,304,EXP_PROMPT_01,treatment,2026-03-16T02:25,enterprise,576
2487,342,EXP_MODEL_02,control,2026-03-21T02:56,new,138
2488,578,EXP_PROMPT_01,treatment,2026-05-01T13:47,returning,221
2489,57,EXP_MODEL_02,treatment,2026-04-07T05:12,new,118
2490,579,EXP_MODEL_02,treatment,2026-03-25T18:33,new,668
2491,562,EXP_PROMPT_01,control,2026-03-29T23:04,returning,110
2492,227,EXP_PROMPT_01,treatment,2026-04-20T14:41,new,461
2493,459,EXP_MODEL_02,treatment,2026-04-20T23:54,enterprise,583
2494,357,EXP_PROMPT_01,treatment,2026-03-20T14:43,new,171
2495,66,EXP_PROMPT_01,control,2026-04-04T00:11,new,565
2496,165,EXP_PROMPT_01,control,2026-04-18T19:06,returning,648
2497,300,EXP_MODEL_02,control,2026-03-15T10:30,enterprise,380
2498,351,EXP_PROMPT_01,control,2026-04-02T05:47,returning,506
2499,327,EXP_PROMPT_01,treatment,2026-03-10T00:27,enterprise,404
2500,445,EXP_PROMPT_01,control,2026-03-10T02:38,new,510
2501,83,EXP_MODEL_02,treatment,2026-03-28T18:28,enterprise,179
2502,215,EXP_PROMPT_01,control,2026-04-21T13:28,enterprise,336
2503,147,EXP_PROMPT_01,treatment,2026-05-01T04:58,new,397
2504,190,EXP_PROMPT_01,treatment,2026-03-31T07:32,enterprise,377
2505,266,EXP_MODEL_02,control,2026-04-24T15:54,new,316
2506,56,EXP_PROMPT_01,treatment,2026-03-18T20:13,enterprise,562
2507,138,EXP_MODEL_02,control,2026-04-20T00:42,enterprise,161
2508,222,EXP_MODEL_02,treatment,2026-03-26T10:24,returning,403
2509,255,EXP_MODEL_02,treatment,2026-05-02T01:34,new,153
2510,102,EXP_PROMPT_01,control,2026-03-19T01:11,new,134
2511,456,EXP_PROMPT_01,treatment,2026-04-26T23:13,enterprise,159
2512,572,EXP_PROMPT_01,control,2026-04-04T11:53,enterprise,624
2513,166,EXP_PROMPT_01,treatment,2026-04-18T03:30,enterprise,257
2514,388,EXP_PROMPT_01,control,2026-04-14T13:51,returning,432
2515,350,EXP_MODEL_02,treatment,2026-04-21T10:26,enterprise,236
2516,360,EXP_PROMPT_01,control,2026-04-25T20:30,new,606
2517,103,EXP_MODEL_02,treatment,2026-04-24T16:20,enterprise,585
2518,232,EXP_PROMPT_01,treatment,2026-04-07T11:56,enterprise,482
2519,161,EXP_MODEL_02,control,2026-03-03T17:36,returning,167
2520,104,EXP_PROMPT_01,treatment,2026-05-01T05:15,enterprise,435
2521,522,EXP_MODEL_02,treatment,2026-04-26T00:51,new,361
2522,452,EXP_MODEL_02,treatment,2026-04-30T09:22,returning,145
2523,304,EXP_PROMPT_01,control,2026-04-15T13:19,returning,251
2524,565,EXP_MODEL_02,treatment,2026-03-13T13:29,enterprise,275
2525,485,EXP_PROMPT_01,control,2026-03-20T08:40,enterprise,623
2526,101,EXP_MODEL_02,control,2026-04-22T21:33,returning,373
2527,485,EXP_PROMPT_01,control,2026-03-28T20:24,returning,125
2528,151,EXP_PROMPT_01,treatment,2026-03-04T14:20,enterprise,262
2529,209,EXP_PROMPT_01,treatment,2026-03-07T00:27,new,244
2530,582,EXP_PROMPT_01,control,2026-04-10T16:16,enterprise,686
2531,372,EXP_PROMPT_01,control,2026-03-13T02:46,new,695
2532,448,EXP_PROMPT_01,control,2026-04-03T00:35,enterprise,183
2533,192,EXP_PROMPT_01,control,2026-04-07T21:09,enterprise,23
2534,80,EXP_MODEL_02,treatment,2026-04-18T15:18,returning,15
2535,396,EXP_MODEL_02,treatment,2026-04-04T21:06,returning,417
2536,427,EXP_MODEL_02,treatment,2026-04-22T15:28,returning,502
2537,194,EXP_MODEL_02,control,2026-04-29T14:11,returning,289
2538,34,EXP_MODEL_02,treatment,2026-04-07T13:20,new,34
2539,532,EXP_MODEL_02,treatment,2026-04-17T09:28,enterprise,70
2540,39,EXP_PROMPT_01,treatment,2026-03-04T01:16,enterprise,239
2541,422,EXP_PROMPT_01,treatment,2026-04-24T18:46,new,552
2542,419,EXP_MODEL_02,treatment,2026-03-17T01:02,enterprise,573
2543,170,EXP_PROMPT_01,treatment,2026-03-18T14:32,returning,652
2544,178,EXP_PROMPT_01,control,2026-03-14T23:12,enterprise,686
2545,506,EXP_MODEL_02,treatment,2026-04-06T05:59,enterprise,220
2546,188,EXP_PROMPT_01,control,2026-03-04T16:20,returning,689
2547,251,EXP_MODEL_02,treatment,2026-04-26T05:38,new,54
2548,296,EXP_PROMPT_01,control,2026-04-24T05:09,returning,533
2549,372,EXP_PROMPT_01,treatment,2026-03-14T19:32,returning,573
2550,158,EXP_PROMPT_01,treatment,2026-03-01T11:18,returning,570
2551,305,EXP_PROMPT_01,treatment,2026-04-25T06:01,new,239
2552,292,EXP_PROMPT_01,control,2026-03-14T06:04,returning,252
2553,78,EXP_PROMPT_01,control,2026-04-21T15:07,enterprise,15
2554,180,EXP_PROMPT_01,treatment,2026-04-11T09:19,new,628
2555,396,EXP_MODEL_02,control,2026-04-18T20:10,enterprise,545
2556,459,EXP_PROMPT_01,treatment,2026-03-25T05:58,new,611
2557,131,EXP_PROMPT_01,control,2026-04-19T13:38,returning,654
2558,589,EXP_PROMPT_01,treatment,2026-04-25T05:42,returning,662
2559,115,EXP_PROMPT_01,treatment,2026-04-07T01:19,enterprise,512
2560,328,EXP_PROMPT_01,control,2026-04-22T04:42,new,607
2561,376,EXP_PROMPT_01,control,2026-04-01T10:10,returning,231
2562,531,EXP_MODEL_02,control,2026-03-24T22:42,returning,514
2563,359,EXP_PROMPT_01,control,2026-03-03T15:25,enterprise,430
2564,366,EXP_MODEL_02,treatment,2026-04-08T20:18,new,597
2565,464,EXP_PROMPT_01,control,2026-04-25T01:33,new,317
2566,94,EXP_MODEL_02,treatment,2026-03-25T01:02,returning,17
2567,591,EXP_MODEL_02,treatment,2026-04-18T02:04,new,325
2568,531,EXP_PROMPT_01,control,2026-03-11T01:29,enterprise,450
2569,20,EXP_MODEL_02,control,2026-04-01T14:58,new,317
2570,508,EXP_MODEL_02,control,2026-03-10T15:48,new,606
2571,395,EXP_PROMPT_01,treatment,2026-04-30T06:12,returning,53
2572,474,EXP_PROMPT_01,treatment,2026-03-31T12:22,new,551
2573,319,EXP_MODEL_02,control,2026-04-08T19:54,returning,158
2574,227,EXP_PROMPT_01,treatment,2026-03-23T16:30,new,578
2575,11,EXP_MODEL_02,treatment,2026-04-12T00:43,returning,264
2576,236,EXP_MODEL_02,treatment,2026-03-08T19:37,returning,125
2577,195,EXP_MODEL_02,treatment,2026-03-15T04:05,enterprise,376
2578,133,EXP_MODEL_02,control,2026-03-12T15:49,enterprise,195
2579,501,EXP_MODEL_02,treatment,2026-03-22T08:23,new,130
2580,275,EXP_PROMPT_01,treatment,2026-03-02T18:06,enterprise,47
2581,542,EXP_MODEL_02,control,2026-04-10T22:06,enterprise,318
2582,21,EXP_MODEL_02,control,2026-03-01T10:03,enterprise,181
2583,407,EXP_PROMPT_01,control,2026-03-30T20:12,returning,124
2584,228,EXP_PROMPT_01,treatment,2026-03-08T23:24,new,149
2585,182,EXP_MODEL_02,treatment,2026-03-20T00:23,new,567
2586,552,EXP_PROMPT_01,control,2026-04-07T01:05,returning,421
2587,555,EXP_PROMPT_01,control,2026-04-15T06:45,enterprise,554
2588,289,EXP_PROMPT_01,control,2026-04-26T02:25,returning,267
2589,463,EXP_MODEL_02,control,2026-04-13T15:03,new,408
2590,41,EXP_MODEL_02,treatment,2026-03-05T00:17,enterprise,153
2591,34,EXP_PROMPT_01,control,2026-03-05T07:29,enterprise,340
2592,316,EXP_PROMPT_01,treatment,2026-03-20T10:23,returning,134
2593,113,EXP_MODEL_02,control,2026-03-03T13:43,new,438
2594,68,EXP_PROMPT_01,treatment,2026-04-13T13:26,returning,413
2595,33,EXP_PROMPT_01,treatment,2026-04-21T05:55,new,118
2596,254,EXP_PROMPT_01,treatment,2026-04-15T19:01,returning,256
2597,69,EXP_PROMPT_01,treatment,2026-03-26T03:46,returning,504
2598,396,EXP_PROMPT_01,treatment,2026-03-26T22:06,enterprise,545
2599,512,EXP_PROMPT_01,control,2026-03-03T04:14,new,20
2600,330,EXP_MODEL_02,control,2026-04-10T22:22,enterprise,131
2601,446,EXP_PROMPT_01,treatment,2026-03-16T17:40,enterprise,520
2602,408,EXP_PROMPT_01,treatment,2026-04-24T10:54,enterprise,665
2603,487,EXP_MODEL_02,control,2026-03-02T10:33,enterprise,235
2604,226,EXP_PROMPT_01,treatment,2026-03-27T07:17,new,357
2605,231,EXP_PROMPT_01,treatment,2026-03-11T14:11,enterprise,312
2606,562,EXP_MODEL_02,treatment,2026-03-19T18:20,new,487
2607,330,EXP_PROMPT_01,control,2026-04-15T21:41,new,470
2608,90,EXP_PROMPT_01,treatment,2026-04-22T07:56,enterprise,296
2609,492,EXP_PROMPT_01,treatment,2026-03-15T16:39,returning,241
2610,492,EXP_PROMPT_01,control,2026-03-28T07:00,returning,269
2611,382,EXP_MODEL_02,control,2026-04-23T10:21,new,142
2612,29,EXP_MODEL_02,treatment,2026-03-30T11:46,enterprise,86
2613,223,EXP_MODEL_02,control,2026-03-28T12:24,enterprise,308
2614,255,EXP_MODEL_02,treatment,2026-03-08T09:05,returning,574
2615,217,EXP_PROMPT_01,control,2026-03-19T14:20,returning,499
2616,279,EXP_MODEL_02,treatment,2026-03-04T22:20,returning,87
2617,210,EXP_PROMPT_01,treatment,2026-04-09T13:40,returning,77
2618,356,EXP_PROMPT_01,treatment,2026-05-01T13:21,enterprise,123
2619,388,EXP_PROMPT_01,control,2026-04-01T01:09,returning,65
2620,288,EXP_MODEL_02,control,2026-03-12T09:07,new,149
2621,102,EXP_MODEL_02,treatment,2026-04-05T11:08,returning,66
2622,184,EXP_PROMPT_01,treatment,2026-03-24T17:25,new,488
2623,378,EXP_MODEL_02,treatment,2026-04-27T17:49,returning,634
2624,348,EXP_PROMPT_01,control,2026-04-03T23:23,returning,585
2625,501,EXP_PROMPT_01,treatment,2026-03-07T18:15,enterprise,15
2626,563,EXP_MODEL_02,treatment,2026-03-03T10:07,enterprise,421
2627,482,EXP_PROMPT_01,treatment,2026-04-25T08:29,new,587
2628,454,EXP_MODEL_02,control,2026-03-27T12:30,returning,144
2629,433,EXP_MODEL_02,treatment,2026-04-11T14:34,enterprise,235
2630,344,EXP_MODEL_02,treatment,2026-03-23T05:17,returning,256
2631,574,EXP_PROMPT_01,control,2026-04-25T23:32,enterprise,512
2632,302,EXP_PROMPT_01,control,2026-03-22T06:23,returning,513
2633,154,EXP_PROMPT_01,treatment,2026-04-21T17:06,new,150
2634,323,EXP_MODEL_02,control,2026-04-08T14:49,returning,545
2635,5,EXP_PROMPT_01,control,2026-04-29T06:03,enterprise,81
2636,280,EXP_PROMPT_01,control,2026-03-01T14:07,returning,347
2637,254,EXP_MODEL_02,control,2026-04-21T21:23,enterprise,76
2638,257,EXP_PROMPT_01,control,2026-04-29T17:34,returning,332
2639,244,EXP_MODEL_02,treatment,2026-04-23T04:22,returning,267
2640,29,EXP_PROMPT_01,control,2026-03-09T23:05,enterprise,386
2641,168,EXP_MODEL_02,control,2026-04-06T09:35,returning,189
2642,301,EXP_PROMPT_01,control,2026-03-29T01:49,new,277
2643,230,EXP_MODEL_02,treatment,2026-03-06T04:48,new,622
2644,344,EXP_MODEL_02,treatment,2026-04-17T18:57,returning,19
2645,495,EXP_PROMPT_01,treatment,2026-03-03T21:34,new,374
2646,489,EXP_MODEL_02,control,2026-04-24T23:35,new,211
2647,143,EXP_MODEL_02,control,2026-03-15T03:23,returning,509
2648,493,EXP_MODEL_02,treatment,2026-03-31T11:06,returning,409
2649,38,EXP_PROMPT_01,control,2026-03-04T08:08,enterprise,360
2650,353,EXP_MODEL_02,control,2026-04-15T06:33,enterprise,377
2651,102,EXP_MODEL_02,treatment,2026-04-19T18:06,returning,450
2652,312,EXP_PROMPT_01,treatment,2026-04-27T21:36,returning,63
2653,51,EXP_MODEL_02,treatment,2026-03-22T18:07,new,537
2654,278,EXP_PROMPT_01,control,2026-04-24T03:53,new,275
2655,149,EXP_MODEL_02,treatment,2026-04-12T08:25,returning,184
2656,586,EXP_PROMPT_01,control,2026-04-04T00:26,returning,512
2657,78,EXP_PROMPT_01,treatment,2026-03-18T01:49,new,320
2658,301,EXP_MODEL_02,control,2026-04-13T21:28,returning,480
2659,536,EXP_MODEL_02,control,2026-04-08T07:38,returning,67
2660,556,EXP_MODEL_02,control,2026-04-04T08:30,enterprise,195
2661,398,EXP_PROMPT_01,control,2026-04-28T06:30,returning,166
2662,216,EXP_MODEL_02,treatment,2026-04-20T23:28,returning,618
2663,181,EXP_PROMPT_01,control,2026-03-08T16:51,new,258
2664,554,EXP_PROMPT_01,control,2026-04-28T20:14,returning,41
2665,198,EXP_PROMPT_01,treatment,2026-03-28T05:27,returning,177
2666,233,EXP_PROMPT_01,treatment,2026-04-22T07:27,enterprise,579
2667,409,EXP_MODEL_02,treatment,2026-04-22T13:11,new,268
2668,350,EXP_PROMPT_01,control,2026-04-16T21:00,new,664
2669,547,EXP_PROMPT_01,control,2026-03-29T20:43,enterprise,244
2670,391,EXP_PROMPT_01,control,2026-03-14T23:08,returning,467
2671,274,EXP_PROMPT_01,treatment,2026-04-21T10:59,new,174
2672,419,EXP_PROMPT_01,treatment,2026-03-15T08:50,returning,337
2673,269,EXP_PROMPT_01,treatment,2026-03-28T12:35,enterprise,131
2674,386,EXP_PROMPT_01,treatment,2026-04-05T19:13,enterprise,92
2675,380,EXP_PROMPT_01,control,2026-03-04T09:57,new,383
2676,561,EXP_PROMPT_01,control,2026-03-07T13:56,returning,401
2677,403,EXP_MODEL_02,control,2026-03-03T13:24,new,414
2678,157,EXP_PROMPT_01,treatment,2026-05-01T07:00,new,621
2679,594,EXP_PROMPT_01,control,2026-04-13T13:27,returning,523
2680,300,EXP_MODEL_02,control,2026-03-03T01:46,enterprise,349
2681,393,EXP_MODEL_02,control,2026-04-12T18:22,new,277
2682,449,EXP_PROMPT_01,treatment,2026-04-26T22:48,new,456
2683,452,EXP_PROMPT_01,treatment,2026-03-15T11:22,enterprise,272
2684,73,EXP_MODEL_02,treatment,2026-04-17T06:27,returning,45
2685,129,EXP_MODEL_02,treatment,2026-04-23T18:22,returning,90
2686,377,EXP_PROMPT_01,treatment,2026-04-23T19:42,new,401
2687,243,EXP_MODEL_02,control,2026-04-14T13:48,returning,209
2688,416,EXP_MODEL_02,treatment,2026-04-11T05:33,returning,529
2689,395,EXP_MODEL_02,treatment,2026-04-07T10:20,new,281
2690,531,EXP_MODEL_02,treatment,2026-03-10T18:33,new,366
2691,235,EXP_MODEL_02,treatment,2026-03-20T15:00,new,336
2692,28,EXP_PROMPT_01,treatment,2026-03-03T03:00,enterprise,489
2693,385,EXP_MODEL_02,control,2026-03-08T02:35,new,593
2694,393,EXP_PROMPT_01,control,2026-04-25T08:19,enterprise,546
2695,287,EXP_MODEL_02,control,2026-03-23T18:55,new,54
2696,460,EXP_PROMPT_01,treatment,2026-03-18T22:21,new,497
2697,130,EXP_PROMPT_01,treatment,2026-04-20T11:50,new,544
2698,375,EXP_PROMPT_01,treatment,2026-05-01T06:31,enterprise,689
2699,477,EXP_MODEL_02,control,2026-03-13T12:40,new,234
2700,579,EXP_MODEL_02,control,2026-05-01T10:20,new,202
2701,299,EXP_PROMPT_01,treatment,2026-03-08T14:08,returning,17
2702,359,EXP_PROMPT_01,control,2026-03-04T14:42,new,582
2703,289,EXP_MODEL_02,control,2026-03-17T17:18,new,356
2704,395,EXP_MODEL_02,control,2026-03-10T12:32,enterprise,171
2705,454,EXP_PROMPT_01,control,2026-04-05T08:04,returning,426
2706,586,EXP_MODEL_02,treatment,2026-04-10T20:00,enterprise,428
2707,549,EXP_PROMPT_01,treatment,2026-04-14T01:33,enterprise,227
2708,212,EXP_PROMPT_01,treatment,2026-03-24T21:43,new,626
2709,277,EXP_PROMPT_01,treatment,2026-03-18T11:15,enterprise,22
2710,493,EXP_PROMPT_01,control,2026-04-20T11:26,new,594
2711,397,EXP_MODEL_02,treatment,2026-04-09T14:56,enterprise,626
2712,450,EXP_PROMPT_01,control,2026-04-18T00:30,returning,539
2713,37,EXP_PROMPT_01,treatment,2026-05-01T03:20,returning,472
2714,115,EXP_MODEL_02,treatment,2026-03-19T16:40,returning,346
2715,92,EXP_MODEL_02,control,2026-03-31T19:41,enterprise,172
2716,276,EXP_PROMPT_01,control,2026-04-06T15:07,returning,606
2717,123,EXP_MODEL_02,control,2026-04-18T06:10,returning,40
2718,269,EXP_PROMPT_01,control,2026-04-26T21:23,new,441
2719,52,EXP_MODEL_02,treatment,2026-04-21T09:40,returning,572
2720,383,EXP_PROMPT_01,control,2026-04-08T03:30,new,48
2721,3,EXP_MODEL_02,control,2026-04-11T00:17,enterprise,161
2722,69,EXP_PROMPT_01,treatment,2026-04-25T08:17,new,360
2723,76,EXP_MODEL_02,treatment,2026-04-08T20:59,returning,159
2724,523,EXP_PROMPT_01,treatment,2026-03-26T02:54,new,16
2725,61,EXP_PROMPT_01,treatment,2026-03-09T16:58,new,39
2726,343,EXP_PROMPT_01,control,2026-04-08T11:06,new,199
2727,344,EXP_PROMPT_01,control,2026-04-16T21:44,returning,159
2728,315,EXP_MODEL_02,control,2026-03-03T19:14,new,618
2729,158,EXP_PROMPT_01,treatment,2026-03-10T13:20,returning,162
2730,585,EXP_MODEL_02,control,2026-03-13T23:23,returning,187
2731,247,EXP_MODEL_02,control,2026-04-23T12:57,new,640
2732,426,EXP_MODEL_02,treatment,2026-03-11T20:44,new,102
2733,291,EXP_MODEL_02,control,2026-03-05T11:12,new,2
2734,74,EXP_MODEL_02,treatment,2026-03-12T21:00,returning,41
2735,338,EXP_PROMPT_01,control,2026-04-01T11:43,enterprise,464
2736,327,EXP_PROMPT_01,treatment,2026-03-18T11:13,returning,15
2737,41,EXP_PROMPT_01,control,2026-04-22T03:16,returning,340
2738,402,EXP_MODEL_02,treatment,2026-03-01T07:46,enterprise,19
2739,417,EXP_MODEL_02,control,2026-04-25T23:55,new,397
2740,529,EXP_MODEL_02,treatment,2026-03-30T00:24,returning,236
2741,415,EXP_PROMPT_01,treatment,2026-04-22T23:04,returning,118
2742,202,EXP_MODEL_02,treatment,2026-03-28T11:52,enterprise,33
2743,113,EXP_PROMPT_01,treatment,2026-03-11T04:04,new,442
2744,392,EXP_PROMPT_01,control,2026-04-20T07:12,returning,163
2745,581,EXP_PROMPT_01,control,2026-04-30T04:38,returning,263
2746,438,EXP_MODEL_02,control,2026-03-01T11:52,new,450
2747,279,EXP_PROMPT_01,control,2026-04-05T06:26,new,16
2748,424,EXP_MODEL_02,treatment,2026-03-19T13:25,returning,215
2749,96,EXP_PROMPT_01,treatment,2026-03-28T12:35,enterprise,360
2750,336,EXP_MODEL_02,control,2026-04-03T21:14,enterprise,152
2751,350,EXP_PROMPT_01,control,2026-04-08T10:20,enterprise,470
2752,280,EXP_PROMPT_01,control,2026-03-22T01:43,new,405
2753,355,EXP_PROMPT_01,control,2026-04-08T20:56,enterprise,94
2754,522,EXP_MODEL_02,treatment,2026-04-16T09:44,enterprise,556
2755,180,EXP_MODEL_02,control,2026-04-04T17:41,enterprise,439
2756,144,EXP_MODEL_02,control,2026-03-17T06:00,returning,235
2757,525,EXP_MODEL_02,control,2026-04-24T02:46,returning,185
2758,201,EXP_MODEL_02,control,2026-04-18T15:33,returning,491
2759,132,EXP_MODEL_02,control,2026-04-30T14:54,enterprise,577
2760,119,EXP_MODEL_02,treatment,2026-04-28T16:54,returning,498
2761,455,EXP_PROMPT_01,treatment,2026-03-06T06:42,new,420
2762,504,EXP_PROMPT_01,control,2026-04-12T02:22,returning,625
2763,62,EXP_PROMPT_01,treatment,2026-03-25T01:54,returning,378
2764,345,EXP_PROMPT_01,treatment,2026-03-13T00:49,new,236
2765,39,EXP_PROMPT_01,control,2026-04-10T19:54,enterprise,277
2766,498,EXP_MODEL_02,control,2026-04-16T06:27,enterprise,627
2767,182,EXP_PROMPT_01,treatment,2026-04-05T23:46,enterprise,427
2768,33,EXP_MODEL_02,treatment,2026-04-04T20:11,enterprise,557
2769,300,EXP_MODEL_02,control,2026-03-02T17:30,new,611
2770,235,EXP_PROMPT_01,control,2026-04-19T12:27,enterprise,70
2771,395,EXP_MODEL_02,treatment,2026-03-30T14:28,new,8
2772,564,EXP_PROMPT_01,treatment,2026-04-21T17:50,enterprise,662
2773,162,EXP_PROMPT_01,control,2026-03-28T23:37,new,542
2774,137,EXP_PROMPT_01,treatment,2026-04-24T02:25,returning,12
2775,260,EXP_PROMPT_01,control,2026-03-01T12:19,returning,637
2776,134,EXP_MODEL_02,control,2026-04-28T12:36,new,481
2777,366,EXP_PROMPT_01,treatment,2026-03-02T12:13,new,369
2778,446,EXP_MODEL_02,treatment,2026-04-28T04:46,new,566
2779,384,EXP_MODEL_02,treatment,2026-03-04T15:00,returning,269
2780,83,EXP_MODEL_02,treatment,2026-03-27T11:33,enterprise,382
2781,290,EXP_MODEL_02,treatment,2026-04-07T12:22,new,66
2782,7,EXP_PROMPT_01,treatment,2026-03-07T22:01,new,275
2783,423,EXP_PROMPT_01,control,2026-03-15T16:09,returning,623
2784,36,EXP_MODEL_02,control,2026-04-24T14:37,returning,634
2785,435,EXP_PROMPT_01,control,2026-04-30T13:59,enterprise,73
2786,60,EXP_PROMPT_01,control,2026-04-28T19:38,enterprise,104
2787,426,EXP_PROMPT_01,treatment,2026-04-24T09:29,enterprise,396
2788,518,EXP_PROMPT_01,treatment,2026-05-01T02:34,enterprise,195
2789,69,EXP_MODEL_02,control,2026-04-20T14:56,new,83
2790,259,EXP_MODEL_02,treatment,2026-04-21T12:03,new,117
2791,282,EXP_PROMPT_01,treatment,2026-04-16T03:40,returning,376
2792,469,EXP_PROMPT_01,control,2026-04-06T04:03,new,417
2793,455,EXP_MODEL_02,treatment,2026-04-24T23:04,enterprise,95
2794,571,EXP_PROMPT_01,treatment,2026-04-07T14:57,returning,425
2795,144,EXP_PROMPT_01,control,2026-04-06T11:09,new,89
2796,493,EXP_PROMPT_01,control,2026-03-29T20:01,returning,309
2797,45,EXP_PROMPT_01,treatment,2026-04-26T11:27,returning,347
2798,442,EXP_MODEL_02,treatment,2026-04-06T00:52,new,443
2799,306,EXP_PROMPT_01,control,2026-03-13T18:25,enterprise,494
2800,477,EXP_PROMPT_01,control,2026-04-18T16:46,returning,180
2801,381,EXP_MODEL_02,treatment,2026-04-20T15:54,returning,499
2802,408,EXP_PROMPT_01,control,2026-03-23T19:55,returning,683
2803,135,EXP_MODEL_02,control,2026-03-03T23:41,enterprise,93
2804,283,EXP_MODEL_02,treatment,2026-03-20T10:30,enterprise,638
2805,39,EXP_MODEL_02,control,2026-04-06T08:44,returning,322
2806,50,EXP_MODEL_02,control,2026-03-04T21:31,enterprise,539
2807,224,EXP_PROMPT_01,control,2026-03-28T04:38,enterprise,475
2808,339,EXP_MODEL_02,control,2026-03-02T03:17,returning,267
2809,261,EXP_PROMPT_01,treatment,2026-03-30T06:29,enterprise,26
2810,427,EXP_MODEL_02,treatment,2026-04-26T19:16,returning,28
2811,218,EXP_MODEL_02,control,2026-04-07T17:24,new,267
2812,415,EXP_PROMPT_01,control,2026-05-01T16:55,enterprise,46
2813,455,EXP_MODEL_02,treatment,2026-03-28T19:37,new,143
2814,25,EXP_PROMPT_01,treatment,2026-03-29T01:33,returning,469
2815,533,EXP_MODEL_02,control,2026-03-03T18:36,new,549
2816,473,EXP_PROMPT_01,control,2026-03-25T06:05,returning,127
2817,160,EXP_PROMPT_01,treatment,2026-04-05T03:50,enterprise,34
2818,166,EXP_PROMPT_01,treatment,2026-04-15T13:39,new,363
2819,49,EXP_PROMPT_01,treatment,2026-05-02T01:39,new,600
2820,519,EXP_MODEL_02,control,2026-04-20T05:21,new,254
2821,318,EXP_MODEL_02,control,2026-03-13T17:34,new,3
2822,3,EXP_MODEL_02,treatment,2026-04-21T07:44,returning,485
2823,336,EXP_MODEL_02,control,2026-03-07T01:26,enterprise,298
2824,483,EXP_MODEL_02,control,2026-04-23T19:11,enterprise,120
2825,193,EXP_PROMPT_01,treatment,2026-03-03T01:35,new,323
2826,594,EXP_MODEL_02,control,2026-03-16T23:33,returning,313
2827,547,EXP_MODEL_02,treatment,2026-04-10T20:33,returning,31
2828,418,EXP_MODEL_02,control,2026-03-21T16:05,returning,287
2829,25,EXP_MODEL_02,control,2026-04-18T04:28,new,30
2830,472,EXP_PROMPT_01,treatment,2026-04-18T00:53,new,178
2831,397,EXP_MODEL_02,control,2026-03-21T19:16,returning,209
2832,591,EXP_PROMPT_01,treatment,2026-04-10T12:56,new,678
2833,453,EXP_PROMPT_01,treatment,2026-03-21T18:01,returning,472
2834,146,EXP_PROMPT_01,treatment,2026-04-20T18:50,new,603
2835,562,EXP_MODEL_02,control,2026-04-15T19:20,returning,188
2836,298,EXP_MODEL_02,treatment,2026-04-10T15:42,enterprise,592
2837,492,EXP_MODEL_02,control,2026-04-06T19:16,returning,320
2838,537,EXP_MODEL_02,control,2026-03-16T17:19,new,523
2839,109,EXP_MODEL_02,control,2026-04-18T18:16,returning,470
2840,521,EXP_PROMPT_01,treatment,2026-04-14T12:09,returning,296
2841,518,EXP_MODEL_02,treatment,2026-03-17T11:00,enterprise,98
2842,352,EXP_PROMPT_01,control,2026-03-10T06:54,returning,91
2843,69,EXP_MODEL_02,treatment,2026-04-12T03:49,new,604
2844,586,EXP_PROMPT_01,treatment,2026-03-14T12:55,enterprise,583
2845,598,EXP_MODEL_02,treatment,2026-04-07T10:59,returning,612
2846,419,EXP_PROMPT_01,treatment,2026-03-09T14:57,new,78
2847,206,EXP_MODEL_02,control,2026-04-24T03:58,new,166
2848,82,EXP_PROMPT_01,treatment,2026-03-07T14:45,returning,538
2849,115,EXP_PROMPT_01,treatment,2026-03-03T12:31,enterprise,392
2850,288,EXP_PROMPT_01,treatment,2026-04-26T23:03,enterprise,637
2851,226,EXP_MODEL_02,treatment,2026-03-26T20:40,enterprise,138
2852,290,EXP_MODEL_02,treatment,2026-04-15T16:00,returning,248
2853,418,EXP_MODEL_02,control,2026-03-23T14:57,returning,79
2854,598,EXP_MODEL_02,treatment,2026-03-08T19:29,enterprise,300
2855,466,EXP_PROMPT_01,treatment,2026-04-03T13:08,enterprise,89
2856,505,EXP_MODEL_02,treatment,2026-04-20T20:07,enterprise,442
2857,59,EXP_MODEL_02,control,2026-04-20T23:06,enterprise,390
2858,241,EXP_PROMPT_01,control,2026-04-07T20:09,returning,77
2859,563,EXP_MODEL_02,control,2026-04-18T01:11,new,123
2860,539,EXP_PROMPT_01,control,2026-04-24T22:31,enterprise,79
2861,19,EXP_PROMPT_01,control,2026-03-07T15:35,returning,686
2862,509,EXP_PROMPT_01,treatment,2026-04-14T09:14,returning,270
2863,261,EXP_MODEL_02,treatment,2026-04-07T21:37,new,270
2864,347,EXP_MODEL_02,control,2026-03-03T18:39,enterprise,536
2865,511,EXP_MODEL_02,treatment,2026-03-29T20:03,returning,302
2866,27,EXP_MODEL_02,control,2026-04-30T04:30,enterprise,682
2867,290,EXP_PROMPT_01,control,2026-04-16T03:40,enterprise,487
2868,477,EXP_MODEL_02,treatment,2026-03-17T19:27,returning,186
2869,97,EXP_MODEL_02,treatment,2026-03-14T09:04,enterprise,66
2870,428,EXP_MODEL_02,treatment,2026-04-14T18:10,enterprise,196
2871,394,EXP_MODEL_02,control,2026-03-09T09:50,new,134
2872,141,EXP_PROMPT_01,control,2026-04-14T23:31,returning,365
2873,59,EXP_MODEL_02,treatment,2026-03-02T22:45,enterprise,605
2874,537,EXP_MODEL_02,control,2026-03-05T20:05,enterprise,334
2875,293,EXP_PROMPT_01,treatment,2026-04-03T14:18,new,17
2876,3,EXP_PROMPT_01,control,2026-04-08T10:38,new,165
2877,159,EXP_PROMPT_01,control,2026-04-19T06:25,returning,657
2878,143,EXP_MODEL_02,treatment,2026-05-01T21:42,enterprise,580
2879,492,EXP_MODEL_02,treatment,2026-04-30T17:29,returning,405
2880,598,EXP_MODEL_02,control,2026-03-16T08:16,new,609
2881,492,EXP_PROMPT_01,control,2026-04-26T06:47,returning,503
2882,337,EXP_PROMPT_01,control,2026-03-18T12:04,returning,187
2883,473,EXP_MODEL_02,control,2026-04-24T21:55,returning,456
2884,216,EXP_MODEL_02,treatment,2026-03-22T17:19,new,385
2885,478,EXP_MODEL_02,treatment,2026-03-31T23:49,enterprise,334
2886,550,EXP_PROMPT_01,treatment,2026-04-24T08:55,enterprise,94
2887,235,EXP_MODEL_02,control,2026-04-21T15:34,new,87
2888,366,EXP_MODEL_02,treatment,2026-04-22T13:25,enterprise,177
2889,389,EXP_PROMPT_01,treatment,2026-03-26T13:17,enterprise,182
2890,227,EXP_PROMPT_01,treatment,2026-04-06T20:12,enterprise,2
2891,96,EXP_PROMPT_01,treatment,2026-03-05T08:40,new,116
2892,489,EXP_PROMPT_01,control,2026-04-06T04:06,new,265
2893,226,EXP_MODEL_02,control,2026-03-06T06:57,returning,376
2894,558,EXP_MODEL_02,control,2026-04-12T12:39,new,41
2895,326,EXP_MODEL_02,control,2026-03-20T20:59,returning,117
2896,128,EXP_MODEL_02,control,2026-04-13T11:50,new,305
2897,65,EXP_PROMPT_01,treatment,2026-04-30T08:31,enterprise,687
2898,547,EXP_PROMPT_01,control,2026-04-02T11:24,returning,367
2899,419,EXP_MODEL_02,control,2026-04-03T00:04,new,618
2900,576,EXP_PROMPT_01,treatment,2026-04-29T04:01,new,267
2901,385,EXP_PROMPT_01,treatment,2026-04-28T19:04,new,101
2902,64,EXP_MODEL_02,control,2026-03-10T22:22,returning,397
2903,405,EXP_MODEL_02,control,2026-03-21T12:04,new,426
2904,422,EXP_PROMPT_01,control,2026-04-08T18:47,new,408
2905,415,EXP_PROMPT_01,control,2026-03-06T11:49,returning,102
2906,231,EXP_PROMPT_01,treatment,2026-04-20T02:17,enterprise,520
2907,276,EXP_MODEL_02,treatment,2026-03-31T11:51,new,134
2908,572,EXP_MODEL_02,treatment,2026-05-01T11:37,returning,468
2909,566,EXP_PROMPT_01,control,2026-03-31T12:52,returning,664
2910,474,EXP_MODEL_02,control,2026-04-10T14:35,new,289
2911,8,EXP_PROMPT_01,treatment,2026-03-14T07:00,returning,238
2912,96,EXP_PROMPT_01,treatment,2026-03-24T14:50,enterprise,538
2913,73,EXP_PROMPT_01,treatment,2026-03-06T17:03,returning,376
2914,87,EXP_PROMPT_01,control,2026-03-01T16:36,returning,684
2915,300,EXP_PROMPT_01,treatment,2026-04-17T09:19,new,283
2916,454,EXP_MODEL_02,control,2026-04-07T19:32,enterprise,182
2917,183,EXP_PROMPT_01,treatment,2026-03-22T05:31,enterprise,627
2918,596,EXP_PROMPT_01,treatment,2026-03-20T23:05,new,642
2919,470,EXP_MODEL_02,treatment,2026-04-30T17:43,returning,125
2920,21,EXP_PROMPT_01,treatment,2026-04-15T10:04,new,196
2921,576,EXP_MODEL_02,control,2026-03-30T16:45,enterprise,463
2922,537,EXP_PROMPT_01,treatment,2026-03-19T13:04,new,220
2923,430,EXP_MODEL_02,treatment,2026-04-28T20:57,returning,415
2924,425,EXP_PROMPT_01,control,2026-03-15T18:02,returning,2
2925,421,EXP_PROMPT_01,control,2026-04-13T00:23,new,644
2926,376,EXP_MODEL_02,treatment,2026-03-26T09:10,new,216
2927,269,EXP_MODEL_02,control,2026-03-14T16:17,new,332
2928,368,EXP_MODEL_02,control,2026-03-14T08:36,returning,260
2929,40,EXP_MODEL_02,control,2026-04-06T20:15,enterprise,39
2930,562,EXP_MODEL_02,control,2026-04-24T18:59,returning,687
2931,468,EXP_PROMPT_01,treatment,2026-03-01T07:45,new,694
2932,394,EXP_MODEL_02,control,2026-03-26T18:46,returning,124
2933,253,EXP_PROMPT_01,control,2026-04-27T08:54,enterprise,92
2934,424,EXP_PROMPT_01,treatment,2026-04-04T04:18,new,60
2935,440,EXP_MODEL_02,control,2026-03-18T17:02,returning,442
2936,293,EXP_PROMPT_01,control,2026-04-06T18:29,new,126
2937,474,EXP_MODEL_02,control,2026-03-20T13:12,returning,47
2938,87,EXP_MODEL_02,control,2026-03-31T11:39,new,215
2939,208,EXP_PROMPT_01,treatment,2026-04-15T00:13,enterprise,365
2940,361,EXP_PROMPT_01,treatment,2026-03-09T16:58,new,390
2941,413,EXP_PROMPT_01,control,2026-04-21T19:32,enterprise,228
2942,43,EXP_MODEL_02,treatment,2026-03-04T18:00,returning,171
2943,71,EXP_MODEL_02,treatment,2026-04-07T15:50,returning,125
2944,208,EXP_PROMPT_01,treatment,2026-03-31T00:51,returning,221
2945,378,EXP_MODEL_02,treatment,2026-03-22T01:27,returning,686
2946,141,EXP_PROMPT_01,control,2026-03-16T00:51,new,117
2947,390,EXP_MODEL_02,control,2026-04-20T00:02,returning,470
2948,543,EXP_PROMPT_01,treatment,2026-04-19T05:34,new,295
2949,457,EXP_MODEL_02,control,2026-03-23T21:20,enterprise,5
2950,140,EXP_MODEL_02,control,2026-04-29T07:35,returning,460
2951,245,EXP_MODEL_02,control,2026-04-16T15:43,enterprise,126
2952,527,EXP_PROMPT_01,control,2026-03-12T04:47,enterprise,519
2953,331,EXP_PROMPT_01,control,2026-03-28T18:56,enterprise,3
2954,200,EXP_MODEL_02,control,2026-03-27T15:47,new,172
2955,65,EXP_MODEL_02,control,2026-03-29T19:53,enterprise,427
2956,231,EXP_MODEL_02,treatment,2026-04-14T23:10,enterprise,378
2957,93,EXP_PROMPT_01,control,2026-04-06T23:06,enterprise,158
2958,451,EXP_MODEL_02,control,2026-03-23T09:47,enterprise,59
2959,282,EXP_MODEL_02,treatment,2026-04-13T13:04,returning,245
2960,278,EXP_MODEL_02,treatment,2026-04-04T02:36,returning,115
2961,321,EXP_PROMPT_01,control,2026-03-24T12:04,new,348
2962,17,EXP_PROMPT_01,control,2026-04-06T03:18,returning,471
2963,393,EXP_PROMPT_01,treatment,2026-04-12T19:58,returning,488
2964,255,EXP_MODEL_02,treatment,2026-04-22T22:33,new,626
2965,95,EXP_MODEL_02,treatment,2026-03-18T03:52,new,256
2966,429,EXP_PROMPT_01,control,2026-04-15T05:36,new,515
2967,132,EXP_PROMPT_01,treatment,2026-03-08T10:42,returning,75
2968,554,EXP_PROMPT_01,control,2026-05-01T15:30,new,655
2969,93,EXP_MODEL_02,control,2026-04-15T19:57,new,149
2970,507,EXP_PROMPT_01,treatment,2026-03-13T18:08,enterprise,688
2971,423,EXP_PROMPT_01,control,2026-03-17T21:36,enterprise,276
2972,164,EXP_PROMPT_01,treatment,2026-03-13T05:48,new,234
2973,425,EXP_PROMPT_01,treatment,2026-03-16T16:13,enterprise,94
2974,424,EXP_PROMPT_01,control,2026-03-22T20:41,returning,369
2975,461,EXP_PROMPT_01,treatment,2026-03-04T10:55,returning,372
2976,357,EXP_PROMPT_01,control,2026-03-18T14:10,returning,289
2977,217,EXP_PROMPT_01,treatment,2026-04-05T11:05,enterprise,119
2978,520,EXP_MODEL_02,treatment,2026-04-05T18:18,new,514
2979,380,EXP_PROMPT_01,control,2026-04-05T09:12,returning,282
2980,423,EXP_MODEL_02,treatment,2026-04-04T05:43,enterprise,581
2981,537,EXP_PROMPT_01,control,2026-03-15T12:30,new,472
2982,70,EXP_MODEL_02,control,2026-05-01T20:36,returning,460
2983,579,EXP_PROMPT_01,control,2026-03-13T10:33,new,362
2984,247,EXP_PROMPT_01,control,2026-03-31T00:49,enterprise,354
2985,231,EXP_PROMPT_01,control,2026-03-25T05:58,returning,7
2986,511,EXP_PROMPT_01,control,2026-03-03T05:03,new,47
2987,140,EXP_MODEL_02,control,2026-04-08T09:00,returning,310
2988,316,EXP_MODEL_02,treatment,2026-03-19T18:31,returning,179
2989,324,EXP_MODEL_02,control,2026-03-01T06:33,enterprise,243
2990,514,EXP_PROMPT_01,control,2026-04-28T15:54,new,301
2991,368,EXP_MODEL_02,treatment,2026-04-04T23:50,new,7
2992,73,EXP_PROMPT_01,control,2026-03-23T09:27,enterprise,25
2993,405,EXP_PROMPT_01,control,2026-04-29T21:03,new,263
2994,347,EXP_PROMPT_01,treatment,2026-04-02T22:54,enterprise,339
2995,380,EXP_PROMPT_01,treatment,2026-04-15T10:54,enterprise,470
2996,384,EXP_MODEL_02,control,2026-04-20T08:30,returning,653
2997,557,EXP_PROMPT_01,treatment,2026-04-11T00:25,returning,397
2998,498,EXP_PROMPT_01,treatment,2026-05-02T08:04,enterprise,681
2999,594,EXP_PROMPT_01,treatment,2026-04-22T03:31,enterprise,478
3000,6,EXP_PROMPT_01,treatment,2026-04-16T05:22,returning,652
3001,322,EXP_PROMPT_01,control,2026-04-22T20:31,new,58
3002,515,EXP_MODEL_02,control,2026-03-14T09:22,returning,621
3003,306,EXP_MODEL_02,control,2026-04-20T07:07,returning,337
3004,219,EXP_MODEL_02,treatment,2026-03-15T04:24,returning,211
3005,585,EXP_MODEL_02,treatment,2026-04-30T08:27,new,657
3006,543,EXP_PROMPT_01,control,2026-04-02T09:55,returning,635
3007,522,EXP_MODEL_02,control,2026-03-18T21:12,new,227
3008,582,EXP_PROMPT_01,treatment,2026-03-26T04:59,enterprise,578
3009,597,EXP_PROMPT_01,treatment,2026-04-24T15:05,enterprise,454
3010,292,EXP_MODEL_02,treatment,2026-03-12T05:17,returning,699
3011,32,EXP_MODEL_02,treatment,2026-04-15T00:20,new,254
3012,537,EXP_PROMPT_01,control,2026-04-27T15:33,enterprise,178
3013,509,EXP_MODEL_02,control,2026-03-12T00:49,new,544
3014,360,EXP_MODEL_02,control,2026-03-22T12:47,enterprise,303
3015,503,EXP_MODEL_02,control,2026-03-17T16:45,returning,539
3016,224,EXP_PROMPT_01,control,2026-04-22T08:51,returning,129
3017,347,EXP_PROMPT_01,control,2026-04-06T13:23,enterprise,207
3018,183,EXP_PROMPT_01,treatment,2026-03-03T02:07,enterprise,26
3019,164,EXP_PROMPT_01,control,2026-04-04T23:14,new,175
3020,116,EXP_PROMPT_01,control,2026-04-30T20:26,enterprise,37
3021,221,EXP_PROMPT_01,control,2026-03-09T13:21,new,245
3022,232,EXP_PROMPT_01,control,2026-03-15T11:18,enterprise,574
3023,528,EXP_MODEL_02,treatment,2026-03-21T17:42,new,31
3024,6,EXP_PROMPT_01,treatment,2026-03-22T12:21,enterprise,550
3025,542,EXP_PROMPT_01,treatment,2026-04-29T21:57,enterprise,281
3026,322,EXP_MODEL_02,treatment,2026-03-17T06:10,returning,523
3027,353,EXP_PROMPT_01,control,2026-03-20T00:58,enterprise,1
3028,507,EXP_PROMPT_01,treatment,2026-04-12T05:04,new,555
3029,78,EXP_PROMPT_01,treatment,2026-04-28T09:42,returning,555
3030,75,EXP_PROMPT_01,treatment,2026-04-19T18:06,new,41
3031,277,EXP_MODEL_02,control,2026-03-19T04:33,new,310
3032,109,EXP_MODEL_02,control,2026-04-22T16:23,new,49
3033,35,EXP_PROMPT_01,control,2026-04-25T14:08,returning,307
3034,533,EXP_MODEL_02,control,2026-03-25T17:28,new,328
3035,15,EXP_MODEL_02,treatment,2026-03-20T06:23,returning,178
3036,172,EXP_PROMPT_01,control,2026-03-07T03:49,new,78
3037,285,EXP_MODEL_02,control,2026-03-30T10:03,enterprise,376
3038,129,EXP_MODEL_02,treatment,2026-03-21T09:09,enterprise,588
3039,1,EXP_MODEL_02,control,2026-03-17T13:28,new,484
3040,221,EXP_MODEL_02,treatment,2026-04-02T03:55,new,386
3041,203,EXP_PROMPT_01,treatment,2026-03-15T08:55,enterprise,574
3042,57,EXP_PROMPT_01,treatment,2026-04-07T21:21,enterprise,420
3043,435,EXP_MODEL_02,control,2026-04-02T14:01,new,388
3044,533,EXP_PROMPT_01,treatment,2026-03-20T15:55,returning,342
3045,416,EXP_MODEL_02,treatment,2026-04-03T22:15,returning,319
3046,220,EXP_MODEL_02,treatment,2026-04-10T20:30,new,155
3047,389,EXP_PROMPT_01,treatment,2026-04-12T20:54,returning,358
3048,422,EXP_PROMPT_01,control,2026-03-11T13:40,enterprise,567
3049,303,EXP_MODEL_02,control,2026-03-29T03:36,new,237
3050,597,EXP_PROMPT_01,control,2026-04-23T08:57,returning,314
3051,121,EXP_MODEL_02,control,2026-03-18T11:58,returning,242
3052,225,EXP_MODEL_02,treatment,2026-03-12T00:46,returning,234
3053,114,EXP_PROMPT_01,treatment,2026-04-03T13:27,returning,351
3054,371,EXP_MODEL_02,treatment,2026-03-25T09:18,returning,380
3055,110,EXP_MODEL_02,control,2026-03-07T05:48,new,483
3056,216,EXP_PROMPT_01,treatment,2026-04-16T08:54,returning,160
3057,34,EXP_PROMPT_01,control,2026-03-02T05:36,new,524
3058,184,EXP_PROMPT_01,control,2026-03-22T23:20,new,59
3059,510,EXP_MODEL_02,treatment,2026-03-13T23:46,enterprise,135
3060,398,EXP_MODEL_02,treatment,2026-04-16T17:30,new,392
3061,501,EXP_PROMPT_01,treatment,2026-03-08T20:35,returning,485
3062,430,EXP_MODEL_02,treatment,2026-03-24T23:30,enterprise,625
3063,104,EXP_MODEL_02,treatment,2026-03-02T04:33,enterprise,121
3064,421,EXP_PROMPT_01,control,2026-03-01T09:12,returning,336
3065,15,EXP_PROMPT_01,treatment,2026-03-09T02:01,returning,251
3066,40,EXP_MODEL_02,control,2026-03-02T06:38,new,443
3067,55,EXP_MODEL_02,treatment,2026-04-09T14:20,new,137
3068,165,EXP_MODEL_02,control,2026-04-06T09:04,enterprise,423
3069,461,EXP_PROMPT_01,control,2026-04-24T03:02,new,657
3070,334,EXP_MODEL_02,treatment,2026-04-22T03:41,enterprise,19
3071,455,EXP_PROMPT_01,treatment,2026-03-13T21:16,enterprise,374
3072,282,EXP_PROMPT_01,treatment,2026-04-18T03:32,returning,503
3073,459,EXP_PROMPT_01,treatment,2026-04-15T15:43,new,489
3074,110,EXP_PROMPT_01,treatment,2026-03-10T15:44,enterprise,415
3075,349,EXP_MODEL_02,treatment,2026-03-07T12:55,returning,221
3076,491,EXP_MODEL_02,treatment,2026-04-06T09:37,new,583
3077,152,EXP_MODEL_02,control,2026-03-21T16:51,enterprise,476
3078,38,EXP_MODEL_02,control,2026-03-14T13:27,enterprise,98
3079,60,EXP_MODEL_02,treatment,2026-03-04T02:17,returning,369
3080,399,EXP_PROMPT_01,control,2026-04-10T12:59,enterprise,290
3081,211,EXP_MODEL_02,control,2026-03-30T04:56,enterprise,203
3082,63,EXP_MODEL_02,control,2026-04-29T13:24,enterprise,16
3083,55,EXP_PROMPT_01,control,2026-03-12T16:01,enterprise,438
3084,48,EXP_MODEL_02,treatment,2026-03-10T04:41,returning,602
3085,246,EXP_MODEL_02,control,2026-03-15T06:43,returning,160
3086,16,EXP_PROMPT_01,control,2026-03-25T05:05,returning,260
3087,522,EXP_PROMPT_01,control,2026-03-09T21:57,returning,514
3088,42,EXP_MODEL_02,control,2026-03-06T09:03,enterprise,532
3089,450,EXP_MODEL_02,control,2026-04-17T18:20,enterprise,423
3090,221,EXP_MODEL_02,control,2026-03-29T20:47,new,634
3091,322,EXP_PROMPT_01,treatment,2026-03-02T12:27,enterprise,305
3092,318,EXP_MODEL_02,treatment,2026-03-16T18:14,returning,244
3093,281,EXP_PROMPT_01,treatment,2026-04-13T16:14,returning,81
3094,451,EXP_MODEL_02,treatment,2026-03-27T22:17,returning,334
3095,396,EXP_MODEL_02,treatment,2026-03-19T11:43,new,221
3096,152,EXP_PROMPT_01,treatment,2026-03-18T11:45,enterprise,604
3097,54,EXP_PROMPT_01,treatment,2026-03-31T19:28,new,317
3098,52,EXP_MODEL_02,treatment,2026-03-18T07:54,returning,378
3099,417,EXP_MODEL_02,treatment,2026-04-23T11:41,returning,456
3100,141,EXP_MODEL_02,control,2026-04-30T23:35,returning,349
3101,153,EXP_PROMPT_01,control,2026-03-01T20:42,enterprise,664
3102,178,EXP_PROMPT_01,control,2026-03-08T16:43,returning,153
3103,169,EXP_PROMPT_01,control,2026-04-16T07:02,enterprise,210
3104,72,EXP_PROMPT_01,treatment,2026-03-12T23:34,returning,542
3105,381,EXP_MODEL_02,control,2026-04-27T06:49,returning,640
3106,69,EXP_MODEL_02,control,2026-04-04T08:35,new,566
3107,118,EXP_PROMPT_01,treatment,2026-04-30T01:15,returning,33
3108,68,EXP_PROMPT_01,treatment,2026-04-27T18:26,returning,632
3109,521,EXP_PROMPT_01,control,2026-03-29T20:46,returning,588
3110,238,EXP_MODEL_02,treatment,2026-04-24T08:02,returning,622
3111,29,EXP_PROMPT_01,treatment,2026-04-18T02:34,returning,577
3112,599,EXP_MODEL_02,treatment,2026-03-09T14:49,returning,470
3113,425,EXP_MODEL_02,control,2026-04-29T09:57,enterprise,400
3114,305,EXP_PROMPT_01,treatment,2026-03-01T01:09,enterprise,367
3115,361,EXP_PROMPT_01,treatment,2026-04-03T16:43,new,224
3116,396,EXP_PROMPT_01,control,2026-03-20T02:29,returning,636
3117,410,EXP_MODEL_02,control,2026-03-18T00:36,returning,308
3118,550,EXP_MODEL_02,control,2026-04-16T05:59,new,604
3119,3,EXP_MODEL_02,treatment,2026-04-21T07:33,enterprise,699
3120,249,EXP_PROMPT_01,control,2026-03-15T19:19,new,383
3121,387,EXP_PROMPT_01,control,2026-03-24T23:11,new,390
3122,14,EXP_PROMPT_01,treatment,2026-03-19T17:54,enterprise,157
3123,419,EXP_MODEL_02,control,2026-04-30T11:04,returning,512
3124,233,EXP_PROMPT_01,treatment,2026-04-01T02:23,enterprise,174
3125,589,EXP_MODEL_02,treatment,2026-04-23T23:28,new,520
3126,466,EXP_MODEL_02,control,2026-03-23T04:08,enterprise,177
3127,170,EXP_MODEL_02,treatment,2026-04-18T16:42,new,658
3128,335,EXP_PROMPT_01,control,2026-04-04T04:31,enterprise,287
3129,498,EXP_MODEL_02,treatment,2026-03-10T17:00,enterprise,32
3130,8,EXP_PROMPT_01,treatment,2026-03-23T13:34,new,547
3131,235,EXP_MODEL_02,control,2026-04-25T10:28,enterprise,683
3132,208,EXP_MODEL_02,treatment,2026-03-07T17:43,new,417
3133,295,EXP_MODEL_02,treatment,2026-03-29T11:40,new,143
3134,524,EXP_MODEL_02,treatment,2026-03-21T03:17,enterprise,551
3135,86,EXP_MODEL_02,control,2026-03-27T00:32,enterprise,86
3136,63,EXP_PROMPT_01,control,2026-04-21T00:29,new,514
3137,344,EXP_PROMPT_01,treatment,2026-04-24T19:31,returning,659
3138,242,EXP_MODEL_02,control,2026-04-28T22:35,enterprise,283
3139,169,EXP_MODEL_02,treatment,2026-04-16T20:32,enterprise,322
3140,37,EXP_PROMPT_01,control,2026-04-21T07:04,enterprise,372
3141,547,EXP_MODEL_02,treatment,2026-04-28T05:22,returning,671
3142,296,EXP_PROMPT_01,treatment,2026-04-06T16:57,enterprise,190
3143,119,EXP_PROMPT_01,treatment,2026-03-22T12:29,enterprise,53
3144,155,EXP_MODEL_02,control,2026-04-24T22:01,enterprise,646
3145,255,EXP_PROMPT_01,control,2026-03-07T04:00,returning,467
3146,573,EXP_PROMPT_01,control,2026-04-01T19:26,returning,685
3147,97,EXP_PROMPT_01,control,2026-03-08T19:55,returning,263
3148,221,EXP_PROMPT_01,control,2026-03-03T08:44,enterprise,237
3149,277,EXP_PROMPT_01,control,2026-04-18T07:14,enterprise,558
3150,256,EXP_MODEL_02,control,2026-03-05T16:37,returning,581
3151,284,EXP_PROMPT_01,control,2026-03-20T22:44,new,677
3152,444,EXP_MODEL_02,control,2026-04-15T11:40,returning,302
3153,204,EXP_MODEL_02,treatment,2026-04-14T05:44,enterprise,636
3154,340,EXP_MODEL_02,treatment,2026-03-04T15:03,returning,40
3155,350,EXP_MODEL_02,treatment,2026-03-22T02:06,enterprise,679
3156,596,EXP_PROMPT_01,treatment,2026-04-06T14:02,returning,224
3157,456,EXP_PROMPT_01,control,2026-03-23T11:18,enterprise,266
3158,158,EXP_PROMPT_01,control,2026-04-28T17:33,enterprise,643
3159,528,EXP_PROMPT_01,treatment,2026-03-22T23:24,new,14
3160,296,EXP_PROMPT_01,control,2026-03-09T00:30,enterprise,88
3161,264,EXP_MODEL_02,treatment,2026-04-23T10:17,enterprise,301
3162,36,EXP_MODEL_02,control,2026-04-04T13:28,new,13
3163,153,EXP_MODEL_02,treatment,2026-03-23T17:40,enterprise,397
3164,323,EXP_PROMPT_01,treatment,2026-04-12T10:11,new,665
3165,434,EXP_PROMPT_01,treatment,2026-04-03T16:57,new,214
3166,581,EXP_MODEL_02,treatment,2026-04-04T03:44,enterprise,687
3167,229,EXP_MODEL_02,control,2026-03-18T22:01,new,639
3168,211,EXP_PROMPT_01,treatment,2026-04-14T09:15,returning,544
3169,567,EXP_PROMPT_01,control,2026-04-20T23:56,enterprise,538
3170,163,EXP_MODEL_02,control,2026-04-23T13:54,enterprise,292
3171,210,EXP_MODEL_02,treatment,2026-04-25T20:29,enterprise,199
3172,485,EXP_PROMPT_01,treatment,2026-03-26T21:50,returning,361
3173,139,EXP_MODEL_02,control,2026-03-02T00:31,enterprise,229
3174,391,EXP_PROMPT_01,treatment,2026-04-13T10:38,enterprise,2
3175,52,EXP_MODEL_02,treatment,2026-03-29T16:22,new,295
3176,453,EXP_PROMPT_01,control,2026-03-28T23:16,new,669
3177,34,EXP_MODEL_02,treatment,2026-03-23T23:13,returning,90
3178,37,EXP_PROMPT_01,treatment,2026-03-12T17:22,returning,26
3179,558,EXP_PROMPT_01,control,2026-03-26T14:14,new,676
3180,208,EXP_MODEL_02,control,2026-05-02T01:10,new,159
3181,389,EXP_PROMPT_01,control,2026-04-22T05:55,returning,392
3182,517,EXP_MODEL_02,control,2026-03-09T04:07,new,420
3183,577,EXP_PROMPT_01,control,2026-03-11T19:12,enterprise,37
3184,75,EXP_PROMPT_01,treatment,2026-04-04T08:03,new,158
3185,188,EXP_PROMPT_01,treatment,2026-04-04T10:48,new,527
3186,104,EXP_MODEL_02,control,2026-03-19T13:29,returning,680
3187,540,EXP_MODEL_02,control,2026-03-16T21:44,enterprise,375
3188,547,EXP_PROMPT_01,treatment,2026-04-02T12:04,returning,596
3189,230,EXP_MODEL_02,control,2026-04-05T18:36,enterprise,394
3190,121,EXP_MODEL_02,control,2026-03-25T15:06,returning,312
3191,285,EXP_PROMPT_01,control,2026-04-28T19:00,new,573
3192,193,EXP_PROMPT_01,treatment,2026-04-18T03:58,new,272
3193,156,EXP_MODEL_02,treatment,2026-03-21T12:19,returning,554
3194,172,EXP_PROMPT_01,control,2026-03-09T11:03,new,279
3195,144,EXP_PROMPT_01,treatment,2026-04-22T08:14,new,251
3196,262,EXP_MODEL_02,treatment,2026-03-22T10:31,new,186
3197,129,EXP_MODEL_02,treatment,2026-04-17T11:56,new,520
3198,544,EXP_PROMPT_01,control,2026-03-17T16:22,returning,504
3199,598,EXP_PROMPT_01,control,2026-04-07T00:01,returning,173
3200,47,EXP_MODEL_02,control,2026-04-23T13:04,returning,461
3201,234,EXP_PROMPT_01,treatment,2026-04-23T19:41,enterprise,39
3202,44,EXP_PROMPT_01,treatment,2026-04-19T00:46,enterprise,298
3203,530,EXP_MODEL_02,control,2026-04-04T00:30,returning,410
3204,459,EXP_PROMPT_01,treatment,2026-04-03T19:56,returning,675
3205,29,EXP_PROMPT_01,control,2026-03-02T16:04,returning,218
3206,283,EXP_MODEL_02,treatment,2026-04-22T21:27,new,456
3207,330,EXP_MODEL_02,control,2026-04-02T22:42,returning,672
3208,108,EXP_MODEL_02,treatment,2026-03-22T21:42,enterprise,145
3209,464,EXP_MODEL_02,treatment,2026-03-31T15:49,returning,155
3210,149,EXP_MODEL_02,control,2026-03-28T00:09,returning,88
3211,440,EXP_PROMPT_01,control,2026-04-13T13:31,returning,213
3212,278,EXP_PROMPT_01,treatment,2026-04-29T15:13,enterprise,491
3213,574,EXP_MODEL_02,control,2026-03-14T13:30,enterprise,103
3214,464,EXP_PROMPT_01,control,2026-03-15T11:39,returning,607
3215,566,EXP_PROMPT_01,treatment,2026-03-16T09:44,new,238
3216,302,EXP_PROMPT_01,control,2026-04-27T05:56,returning,649
3217,418,EXP_PROMPT_01,treatment,2026-04-21T16:06,returning,3
3218,313,EXP_MODEL_02,control,2026-04-20T16:06,new,261
3219,208,EXP_MODEL_02,control,2026-03-30T11:01,new,428
3220,415,EXP_MODEL_02,treatment,2026-03-13T19:33,returning,666
3221,446,EXP_PROMPT_01,control,2026-03-22T10:06,enterprise,408
3222,3,EXP_MODEL_02,treatment,2026-04-28T05:27,enterprise,656
3223,125,EXP_MODEL_02,treatment,2026-04-18T04:55,enterprise,385
3224,202,EXP_PROMPT_01,control,2026-03-04T13:12,returning,535
3225,52,EXP_MODEL_02,treatment,2026-04-17T19:06,new,317
3226,119,EXP_MODEL_02,treatment,2026-03-08T05:41,enterprise,339
3227,48,EXP_PROMPT_01,control,2026-04-12T05:25,returning,242
3228,277,EXP_PROMPT_01,control,2026-04-30T20:41,returning,598
3229,144,EXP_PROMPT_01,treatment,2026-03-27T20:17,new,214
3230,440,EXP_PROMPT_01,treatment,2026-03-22T09:32,new,155
3231,543,EXP_MODEL_02,treatment,2026-04-20T07:38,enterprise,153
3232,103,EXP_MODEL_02,control,2026-04-23T21:00,new,193
3233,294,EXP_MODEL_02,control,2026-03-14T20:58,new,103
3234,378,EXP_MODEL_02,treatment,2026-03-14T12:40,enterprise,569
3235,33,EXP_PROMPT_01,treatment,2026-03-11T15:02,returning,649
3236,168,EXP_PROMPT_01,control,2026-04-30T17:39,returning,510
3237,16,EXP_MODEL_02,control,2026-03-04T18:41,new,654
3238,123,EXP_MODEL_02,control,2026-04-05T13:29,returning,246
3239,465,EXP_MODEL_02,treatment,2026-03-03T03:17,new,3
3240,382,EXP_PROMPT_01,treatment,2026-03-17T13:27,returning,93
3241,4,EXP_PROMPT_01,control,2026-03-28T22:46,new,79
3242,97,EXP_MODEL_02,control,2026-04-11T14:45,returning,65
3243,278,EXP_PROMPT_01,treatment,2026-04-09T04:21,enterprise,77
3244,433,EXP_PROMPT_01,treatment,2026-04-30T00:16,returning,288
3245,9,EXP_PROMPT_01,treatment,2026-04-03T03:31,enterprise,635
3246,546,EXP_PROMPT_01,treatment,2026-03-06T11:51,enterprise,478
3247,125,EXP_PROMPT_01,treatment,2026-04-28T12:30,enterprise,258
3248,433,EXP_PROMPT_01,treatment,2026-04-11T09:31,returning,497
3249,417,EXP_PROMPT_01,control,2026-03-17T02:29,new,420
3250,597,EXP_MODEL_02,control,2026-03-06T20:06,returning,571
3251,117,EXP_MODEL_02,control,2026-03-30T20:15,returning,69
3252,62,EXP_MODEL_02,control,2026-04-18T12:40,new,12
3253,362,EXP_MODEL_02,control,2026-03-03T10:18,returning,625
3254,495,EXP_PROMPT_01,treatment,2026-03-22T16:14,returning,94
3255,167,EXP_MODEL_02,control,2026-03-10T21:33,returning,686
3256,183,EXP_MODEL_02,treatment,2026-03-13T05:08,new,486
3257,413,EXP_PROMPT_01,control,2026-04-07T15:23,new,403
3258,116,EXP_MODEL_02,control,2026-03-24T10:31,enterprise,608
3259,523,EXP_PROMPT_01,treatment,2026-03-17T01:41,returning,159
3260,57,EXP_MODEL_02,control,2026-04-05T14:04,enterprise,33
3261,174,EXP_MODEL_02,control,2026-03-14T20:25,new,665
3262,183,EXP_MODEL_02,treatment,2026-03-31T00:22,returning,500
3263,73,EXP_PROMPT_01,control,2026-03-08T09:42,returning,474
3264,138,EXP_MODEL_02,treatment,2026-03-09T16:10,enterprise,511
3265,87,EXP_PROMPT_01,treatment,2026-04-10T01:20,enterprise,525
3266,514,EXP_PROMPT_01,control,2026-03-06T02:24,returning,597
3267,456,EXP_PROMPT_01,control,2026-04-21T15:32,returning,448
3268,230,EXP_PROMPT_01,treatment,2026-04-19T02:06,returning,80
3269,21,EXP_MODEL_02,treatment,2026-04-08T17:03,new,500
3270,229,EXP_MODEL_02,control,2026-04-08T17:20,returning,73
3271,155,EXP_PROMPT_01,treatment,2026-04-27T10:19,new,245
3272,107,EXP_PROMPT_01,treatment,2026-04-29T11:22,returning,323
3273,134,EXP_PROMPT_01,control,2026-04-10T15:45,new,24
3274,19,EXP_MODEL_02,control,2026-03-09T14:41,enterprise,247
3275,472,EXP_MODEL_02,control,2026-04-28T11:50,returning,31
3276,367,EXP_PROMPT_01,control,2026-05-01T13:26,new,94
3277,278,EXP_MODEL_02,treatment,2026-04-29T03:01,new,666
3278,79,EXP_PROMPT_01,control,2026-04-28T18:36,new,698
3279,483,EXP_MODEL_02,control,2026-03-16T17:19,returning,676
3280,325,EXP_MODEL_02,control,2026-05-02T07:05,new,156
3281,228,EXP_PROMPT_01,treatment,2026-04-05T23:33,new,274
3282,136,EXP_PROMPT_01,control,2026-04-11T21:53,returning,679
3283,193,EXP_MODEL_02,treatment,2026-04-29T09:55,returning,511
3284,459,EXP_PROMPT_01,treatment,2026-03-11T07:37,returning,587
3285,99,EXP_MODEL_02,control,2026-03-29T18:17,new,59
3286,57,EXP_MODEL_02,control,2026-03-27T07:14,enterprise,405
3287,311,EXP_PROMPT_01,control,2026-03-10T22:09,returning,113
3288,563,EXP_PROMPT_01,treatment,2026-03-02T12:07,returning,51
3289,297,EXP_PROMPT_01,control,2026-04-19T08:07,enterprise,295
3290,334,EXP_PROMPT_01,control,2026-03-11T06:57,enterprise,526
3291,84,EXP_MODEL_02,treatment,2026-04-08T07:25,returning,246
3292,214,EXP_MODEL_02,treatment,2026-04-09T08:48,returning,294
3293,556,EXP_MODEL_02,control,2026-04-08T02:54,enterprise,17
3294,466,EXP_MODEL_02,treatment,2026-04-11T08:32,returning,240
3295,257,EXP_PROMPT_01,control,2026-04-13T06:03,returning,12
3296,260,EXP_MODEL_02,treatment,2026-04-29T12:58,enterprise,253
3297,392,EXP_PROMPT_01,control,2026-03-15T13:49,new,363
3298,17,EXP_MODEL_02,control,2026-03-31T01:00,new,559
3299,466,EXP_MODEL_02,treatment,2026-03-09T19:53,new,32
3300,472,EXP_MODEL_02,treatment,2026-03-20T07:03,enterprise,656
3301,547,EXP_PROMPT_01,control,2026-03-09T21:18,new,374
3302,305,EXP_PROMPT_01,control,2026-05-02T07:39,new,9
3303,137,EXP_MODEL_02,treatment,2026-03-12T23:00,returning,453
3304,568,EXP_PROMPT_01,treatment,2026-04-23T08:44,returning,559
3305,425,EXP_MODEL_02,treatment,2026-05-02T03:02,new,672
3306,316,EXP_PROMPT_01,control,2026-03-25T10:47,returning,689
3307,361,EXP_MODEL_02,control,2026-03-26T04:56,new,380
3308,49,EXP_PROMPT_01,treatment,2026-04-06T00:14,new,266
3309,78,EXP_MODEL_02,treatment,2026-04-07T05:38,new,369
3310,424,EXP_MODEL_02,control,2026-04-11T05:09,returning,639
3311,232,EXP_PROMPT_01,treatment,2026-04-20T06:53,new,569
3312,150,EXP_PROMPT_01,control,2026-04-21T17:51,enterprise,63
3313,485,EXP_PROMPT_01,control,2026-03-04T23:36,returning,29
3314,75,EXP_MODEL_02,treatment,2026-03-17T04:23,new,347
3315,477,EXP_PROMPT_01,control,2026-03-03T12:15,enterprise,530
3316,62,EXP_PROMPT_01,control,2026-03-08T22:04,new,544
3317,499,EXP_MODEL_02,control,2026-03-02T01:53,enterprise,139
3318,72,EXP_PROMPT_01,control,2026-03-27T16:04,new,222
3319,363,EXP_MODEL_02,control,2026-03-30T03:55,returning,198
3320,318,EXP_MODEL_02,control,2026-04-20T17:26,returning,65
3321,593,EXP_MODEL_02,control,2026-04-27T11:27,returning,45
3322,111,EXP_PROMPT_01,control,2026-03-13T02:46,new,76
3323,570,EXP_MODEL_02,treatment,2026-04-07T13:02,new,178
3324,270,EXP_PROMPT_01,control,2026-05-01T06:20,new,25
3325,548,EXP_MODEL_02,treatment,2026-04-29T08:51,new,141
3326,498,EXP_PROMPT_01,treatment,2026-03-09T09:40,new,602
3327,113,EXP_PROMPT_01,treatment,2026-03-02T10:26,returning,155
3328,586,EXP_PROMPT_01,control,2026-03-23T23:31,returning,621
3329,481,EXP_MODEL_02,control,2026-03-25T05:30,returning,252
3330,351,EXP_MODEL_02,control,2026-03-27T19:57,new,115
3331,13,EXP_MODEL_02,control,2026-03-31T17:37,enterprise,526
3332,514,EXP_PROMPT_01,treatment,2026-03-28T18:08,new,406
3333,106,EXP_MODEL_02,control,2026-04-12T23:08,new,458
3334,86,EXP_MODEL_02,treatment,2026-04-06T00:47,new,286
3335,463,EXP_MODEL_02,treatment,2026-03-20T19:39,enterprise,372
3336,398,EXP_PROMPT_01,control,2026-03-22T07:28,new,546
3337,268,EXP_PROMPT_01,control,2026-04-22T19:22,returning,334
3338,513,EXP_PROMPT_01,treatment,2026-04-19T10:15,enterprise,447
3339,239,EXP_PROMPT_01,treatment,2026-03-17T23:24,new,512
3340,404,EXP_MODEL_02,control,2026-03-31T20:45,new,580
3341,427,EXP_MODEL_02,control,2026-03-27T01:46,enterprise,350
3342,344,EXP_PROMPT_01,control,2026-03-09T05:08,enterprise,118
3343,421,EXP_PROMPT_01,control,2026-04-26T03:14,new,606
3344,47,EXP_MODEL_02,treatment,2026-03-25T14:49,returning,620
3345,28,EXP_MODEL_02,control,2026-04-16T23:20,new,487
3346,315,EXP_PROMPT_01,control,2026-04-19T16:20,returning,258
3347,428,EXP_MODEL_02,treatment,2026-03-20T15:09,returning,410
3348,464,EXP_PROMPT_01,control,2026-04-29T03:53,returning,489
3349,241,EXP_MODEL_02,treatment,2026-04-12T08:58,new,77
3350,125,EXP_MODEL_02,treatment,2026-03-07T04:41,returning,208
3351,170,EXP_MODEL_02,treatment,2026-04-10T12:29,returning,635
3352,373,EXP_PROMPT_01,control,2026-03-27T19:40,new,592
3353,446,EXP_MODEL_02,control,2026-04-22T11:52,enterprise,591
3354,2,EXP_PROMPT_01,treatment,2026-04-19T10:47,new,585
3355,431,EXP_PROMPT_01,control,2026-05-01T05:36,new,569
3356,533,EXP_PROMPT_01,control,2026-04-09T13:10,enterprise,54
3357,226,EXP_MODEL_02,control,2026-03-12T04:07,enterprise,467
3358,166,EXP_PROMPT_01,control,2026-03-29T01:11,new,262
3359,350,EXP_MODEL_02,control,2026-03-13T04:56,enterprise,585
3360,551,EXP_PROMPT_01,control,2026-03-31T17:31,returning,591
3361,228,EXP_PROMPT_01,treatment,2026-04-23T04:49,enterprise,641
3362,510,EXP_PROMPT_01,treatment,2026-04-08T09:00,new,650
3363,508,EXP_PROMPT_01,control,2026-03-25T08:22,returning,229
3364,127,EXP_MODEL_02,treatment,2026-04-07T08:00,returning,424
3365,105,EXP_MODEL_02,control,2026-03-08T01:59,new,620
3366,225,EXP_PROMPT_01,control,2026-04-26T21:52,returning,255
3367,208,EXP_PROMPT_01,control,2026-03-03T19:33,enterprise,549
3368,28,EXP_MODEL_02,control,2026-03-24T00:34,new,637
3369,260,EXP_MODEL_02,treatment,2026-04-02T02:16,returning,137
3370,183,EXP_MODEL_02,treatment,2026-04-12T02:50,enterprise,278
3371,175,EXP_MODEL_02,control,2026-04-10T17:06,returning,130
3372,298,EXP_PROMPT_01,control,2026-04-25T22:36,new,616
3373,89,EXP_PROMPT_01,treatment,2026-03-06T01:59,new,175
3374,156,EXP_MODEL_02,control,2026-04-03T13:08,enterprise,461
3375,22,EXP_MODEL_02,treatment,2026-03-18T22:36,returning,454
3376,29,EXP_MODEL_02,treatment,2026-04-03T16:31,returning,420
3377,181,EXP_PROMPT_01,control,2026-03-19T23:32,returning,346
3378,223,EXP_PROMPT_01,treatment,2026-04-14T15:33,returning,581
3379,381,EXP_PROMPT_01,control,2026-03-21T09:50,returning,66
3380,446,EXP_PROMPT_01,treatment,2026-04-06T22:04,returning,483
3381,556,EXP_MODEL_02,treatment,2026-03-12T11:39,enterprise,188
3382,558,EXP_MODEL_02,control,2026-04-01T08:35,enterprise,681
3383,193,EXP_MODEL_02,control,2026-03-04T23:12,new,80
3384,220,EXP_MODEL_02,control,2026-04-23T08:58,returning,674
3385,64,EXP_MODEL_02,control,2026-03-19T05:40,enterprise,154
3386,559,EXP_PROMPT_01,treatment,2026-04-25T20:40,new,169
3387,282,EXP_MODEL_02,control,2026-03-05T05:16,returning,183
3388,384,EXP_MODEL_02,control,2026-05-01T11:32,new,482
3389,76,EXP_PROMPT_01,control,2026-03-09T17:24,enterprise,542
3390,233,EXP_MODEL_02,treatment,2026-03-07T01:17,returning,356
3391,493,EXP_MODEL_02,control,2026-03-17T14:43,returning,75
3392,427,EXP_MODEL_02,treatment,2026-03-05T09:40,enterprise,568
3393,410,EXP_PROMPT_01,control,2026-04-16T16:17,new,539
3394,526,EXP_MODEL_02,control,2026-03-30T16:58,new,44
3395,261,EXP_MODEL_02,treatment,2026-03-16T01:21,new,103
3396,99,EXP_PROMPT_01,control,2026-04-12T08:57,enterprise,503
3397,151,EXP_PROMPT_01,control,2026-03-15T05:07,new,637
3398,594,EXP_PROMPT_01,control,2026-03-17T13:21,new,94
3399,371,EXP_PROMPT_01,control,2026-04-30T03:25,returning,652
3400,259,EXP_MODEL_02,control,2026-03-25T06:59,returning,612
3401,306,EXP_MODEL_02,treatment,2026-03-28T09:08,returning,183
3402,306,EXP_MODEL_02,treatment,2026-04-07T07:21,enterprise,347
3403,146,EXP_MODEL_02,treatment,2026-03-06T09:36,new,699
3404,587,EXP_PROMPT_01,treatment,2026-04-12T11:52,enterprise,221
3405,328,EXP_MODEL_02,control,2026-03-29T10:49,new,629
3406,24,EXP_MODEL_02,control,2026-03-31T03:10,returning,545
3407,194,EXP_MODEL_02,control,2026-03-08T09:59,returning,489
3408,259,EXP_MODEL_02,treatment,2026-03-01T12:56,enterprise,601
3409,322,EXP_MODEL_02,treatment,2026-04-06T20:12,returning,231
3410,310,EXP_MODEL_02,control,2026-03-30T11:21,enterprise,620
3411,287,EXP_MODEL_02,control,2026-03-08T20:51,new,449
3412,534,EXP_PROMPT_01,control,2026-04-04T15:30,returning,290
3413,147,EXP_PROMPT_01,treatment,2026-04-01T08:43,returning,657
3414,300,EXP_PROMPT_01,control,2026-04-29T04:37,returning,454
3415,237,EXP_MODEL_02,treatment,2026-04-19T16:26,returning,650
3416,320,EXP_PROMPT_01,control,2026-03-26T03:40,returning,239
3417,447,EXP_MODEL_02,treatment,2026-04-05T14:46,new,93
3418,227,EXP_MODEL_02,control,2026-04-06T12:32,enterprise,427
3419,90,EXP_MODEL_02,control,2026-03-08T07:14,enterprise,453
3420,152,EXP_PROMPT_01,control,2026-04-06T20:50,new,497
3421,101,EXP_MODEL_02,control,2026-04-06T22:21,returning,625
3422,494,EXP_MODEL_02,control,2026-03-23T21:52,new,9
3423,207,EXP_PROMPT_01,treatment,2026-04-07T14:24,enterprise,72
3424,50,EXP_MODEL_02,treatment,2026-03-05T21:19,enterprise,687
3425,461,EXP_MODEL_02,treatment,2026-04-21T12:27,returning,300
3426,176,EXP_MODEL_02,control,2026-03-25T11:12,returning,160
3427,3,EXP_PROMPT_01,treatment,2026-03-31T04:11,enterprise,202
3428,86,EXP_PROMPT_01,treatment,2026-04-23T16:14,returning,614
3429,319,EXP_PROMPT_01,control,2026-04-06T00:28,new,161
3430,467,EXP_PROMPT_01,treatment,2026-03-22T19:58,new,543
3431,562,EXP_MODEL_02,control,2026-03-27T08:28,new,452
3432,415,EXP_PROMPT_01,treatment,2026-03-22T12:24,new,316
3433,406,EXP_PROMPT_01,treatment,2026-03-06T20:16,returning,94
3434,198,EXP_MODEL_02,control,2026-05-02T10:05,enterprise,188
3435,128,EXP_MODEL_02,treatment,2026-04-25T01:30,new,526
3436,164,EXP_MODEL_02,control,2026-04-15T11:36,enterprise,138
3437,476,EXP_PROMPT_01,control,2026-04-28T06:28,returning,292
3438,195,EXP_PROMPT_01,treatment,2026-04-18T14:34,enterprise,27
3439,15,EXP_PROMPT_01,treatment,2026-03-23T02:46,new,245
3440,573,EXP_MODEL_02,treatment,2026-04-01T22:06,new,259
3441,21,EXP_MODEL_02,treatment,2026-04-10T01:04,enterprise,645
3442,501,EXP_PROMPT_01,control,2026-03-09T05:27,new,120
3443,460,EXP_MODEL_02,treatment,2026-04-10T01:02,returning,286
3444,415,EXP_PROMPT_01,treatment,2026-04-24T03:53,new,555
3445,411,EXP_PROMPT_01,control,2026-04-09T09:02,returning,51
3446,498,EXP_MODEL_02,control,2026-05-01T22:56,new,372
3447,13,EXP_MODEL_02,control,2026-03-14T06:17,enterprise,613
3448,80,EXP_MODEL_02,control,2026-04-16T10:40,new,293
3449,558,EXP_MODEL_02,control,2026-03-11T17:43,new,333
3450,202,EXP_MODEL_02,treatment,2026-04-25T06:01,new,545
3451,18,EXP_MODEL_02,treatment,2026-03-05T23:47,new,352
3452,468,EXP_PROMPT_01,treatment,2026-04-13T08:42,returning,9
3453,440,EXP_MODEL_02,treatment,2026-03-07T09:24,returning,15
3454,532,EXP_MODEL_02,control,2026-04-24T18:40,returning,535
3455,232,EXP_PROMPT_01,treatment,2026-04-25T08:02,new,468
3456,108,EXP_MODEL_02,treatment,2026-03-27T01:12,new,21
3457,189,EXP_MODEL_02,control,2026-03-26T19:01,returning,545
3458,534,EXP_MODEL_02,treatment,2026-03-18T23:42,enterprise,564
3459,309,EXP_PROMPT_01,treatment,2026-03-03T00:28,enterprise,546
3460,79,EXP_PROMPT_01,control,2026-04-18T01:10,new,357
3461,504,EXP_MODEL_02,control,2026-03-14T03:26,enterprise,27
3462,30,EXP_PROMPT_01,treatment,2026-04-16T10:12,returning,534
3463,218,EXP_MODEL_02,treatment,2026-03-14T07:30,enterprise,235
3464,444,EXP_MODEL_02,treatment,2026-04-16T03:12,returning,197
3465,530,EXP_MODEL_02,treatment,2026-03-26T03:50,enterprise,584
3466,403,EXP_PROMPT_01,treatment,2026-04-29T10:16,returning,566
3467,581,EXP_PROMPT_01,control,2026-05-01T11:22,enterprise,120
3468,404,EXP_PROMPT_01,treatment,2026-05-01T21:54,enterprise,227
3469,554,EXP_MODEL_02,control,2026-04-01T20:35,new,631
3470,563,EXP_MODEL_02,treatment,2026-04-07T00:44,enterprise,346
3471,209,EXP_MODEL_02,treatment,2026-03-15T18:24,new,568
3472,204,EXP_MODEL_02,control,2026-04-02T23:06,returning,334
3473,384,EXP_MODEL_02,treatment,2026-04-13T02:52,returning,444
3474,333,EXP_PROMPT_01,control,2026-04-23T17:09,new,673
3475,537,EXP_PROMPT_01,control,2026-03-22T11:40,enterprise,28
3476,216,EXP_PROMPT_01,control,2026-03-02T11:46,new,209
3477,96,EXP_PROMPT_01,control,2026-04-14T16:00,enterprise,189
3478,496,EXP_MODEL_02,control,2026-04-09T07:46,enterprise,104
3479,552,EXP_MODEL_02,control,2026-04-17T14:15,new,187
3480,15,EXP_MODEL_02,control,2026-04-10T10:18,enterprise,554
3481,491,EXP_MODEL_02,control,2026-04-08T10:14,enterprise,622
3482,251,EXP_PROMPT_01,treatment,2026-03-20T09:21,returning,263
3483,104,EXP_PROMPT_01,control,2026-04-01T02:15,returning,152
3484,331,EXP_MODEL_02,treatment,2026-05-01T06:12,returning,482
3485,286,EXP_MODEL_02,control,2026-04-20T17:39,returning,194
3486,170,EXP_MODEL_02,control,2026-04-29T02:23,returning,159
3487,382,EXP_PROMPT_01,treatment,2026-03-23T21:07,returning,215
3488,63,EXP_PROMPT_01,treatment,2026-03-27T01:04,returning,224
3489,594,EXP_PROMPT_01,treatment,2026-03-06T19:57,enterprise,685
3490,47,EXP_MODEL_02,treatment,2026-03-01T10:29,returning,384
3491,438,EXP_MODEL_02,treatment,2026-04-23T15:18,returning,61
3492,39,EXP_MODEL_02,treatment,2026-04-19T16:35,enterprise,367
3493,553,EXP_MODEL_02,control,2026-03-24T01:18,new,610
3494,451,EXP_MODEL_02,treatment,2026-03-15T10:12,new,304
3495,259,EXP_MODEL_02,treatment,2026-03-07T05:50,enterprise,601
3496,10,EXP_MODEL_02,control,2026-04-13T19:39,new,30
3497,254,EXP_MODEL_02,control,2026-03-19T00:32,new,155
3498,6,EXP_MODEL_02,treatment,2026-03-19T05:42,returning,654
3499,230,EXP_PROMPT_01,control,2026-03-26T05:58,enterprise,46
3500,126,EXP_MODEL_02,control,2026-03-21T22:55,returning,14
3501,323,EXP_MODEL_02,control,2026-03-09T14:52,enterprise,193
3502,337,EXP_PROMPT_01,treatment,2026-04-26T09:10,returning,547
3503,158,EXP_PROMPT_01,control,2026-04-28T07:27,returning,510
3504,6,EXP_PROMPT_01,treatment,2026-03-28T07:51,returning,30
3505,199,EXP_MODEL_02,control,2026-04-04T03:10,returning,269
3506,525,EXP_PROMPT_01,control,2026-03-24T07:55,enterprise,13
3507,588,EXP_MODEL_02,control,2026-03-26T04:39,returning,411
3508,166,EXP_MODEL_02,control,2026-03-20T10:26,enterprise,363
3509,466,EXP_PROMPT_01,treatment,2026-03-01T17:14,enterprise,575
3510,334,EXP_MODEL_02,control,2026-04-08T11:56,enterprise,427
3511,141,EXP_PROMPT_01,control,2026-03-11T21:48,returning,441
3512,140,EXP_PROMPT_01,control,2026-04-06T05:38,returning,633
3513,313,EXP_MODEL_02,treatment,2026-05-02T09:18,enterprise,84
3514,303,EXP_PROMPT_01,treatment,2026-04-15T13:13,returning,258
3515,89,EXP_MODEL_02,treatment,2026-04-27T02:46,new,120
3516,356,EXP_PROMPT_01,treatment,2026-03-08T12:08,enterprise,85
3517,28,EXP_PROMPT_01,control,2026-04-10T04:35,enterprise,432
3518,287,EXP_PROMPT_01,treatment,2026-04-28T12:33,new,666
3519,233,EXP_MODEL_02,control,2026-04-15T18:49,returning,562
3520,573,EXP_MODEL_02,control,2026-04-23T19:56,returning,129
3521,390,EXP_PROMPT_01,treatment,2026-03-05T19:31,enterprise,638
3522,37,EXP_MODEL_02,control,2026-03-28T19:14,enterprise,599
3523,486,EXP_MODEL_02,control,2026-03-17T15:23,new,104
3524,306,EXP_PROMPT_01,treatment,2026-03-19T17:16,enterprise,689
3525,394,EXP_PROMPT_01,control,2026-03-22T19:00,new,693
3526,138,EXP_MODEL_02,treatment,2026-04-04T09:22,new,660
3527,594,EXP_PROMPT_01,treatment,2026-03-12T11:29,enterprise,368
3528,41,EXP_MODEL_02,treatment,2026-04-18T00:35,returning,571
3529,160,EXP_PROMPT_01,treatment,2026-04-15T12:36,returning,513
3530,446,EXP_PROMPT_01,treatment,2026-04-26T17:48,new,80
3531,482,EXP_PROMPT_01,treatment,2026-04-05T08:47,enterprise,419
3532,541,EXP_MODEL_02,control,2026-03-25T04:30,returning,185
3533,197,EXP_PROMPT_01,treatment,2026-03-27T07:38,returning,555
3534,421,EXP_PROMPT_01,treatment,2026-04-27T02:12,returning,127
3535,509,EXP_MODEL_02,control,2026-04-15T20:58,new,331
3536,402,EXP_PROMPT_01,control,2026-03-14T23:49,returning,368
3537,595,EXP_PROMPT_01,treatment,2026-03-12T07:09,new,68
3538,432,EXP_PROMPT_01,treatment,2026-03-15T12:06,new,553
3539,269,EXP_PROMPT_01,control,2026-03-19T22:49,new,131
3540,470,EXP_PROMPT_01,control,2026-04-10T00:50,enterprise,426
3541,50,EXP_MODEL_02,treatment,2026-03-22T08:02,enterprise,229
3542,356,EXP_MODEL_02,treatment,2026-03-29T03:55,returning,219
3543,298,EXP_PROMPT_01,treatment,2026-04-04T12:58,returning,472
3544,309,EXP_MODEL_02,treatment,2026-04-24T16:52,returning,563
3545,465,EXP_PROMPT_01,control,2026-03-20T19:47,new,260
3546,171,EXP_PROMPT_01,treatment,2026-04-07T13:36,enterprise,596
3547,279,EXP_PROMPT_01,treatment,2026-04-20T14:08,new,501
3548,388,EXP_PROMPT_01,treatment,2026-03-04T00:00,new,557
3549,165,EXP_PROMPT_01,treatment,2026-04-03T20:27,new,206
3550,36,EXP_PROMPT_01,control,2026-04-03T04:05,enterprise,434
3551,112,EXP_MODEL_02,treatment,2026-03-28T12:12,new,287
3552,374,EXP_MODEL_02,control,2026-05-01T12:50,enterprise,203
3553,494,EXP_PROMPT_01,control,2026-04-28T02:58,new,313
3554,333,EXP_PROMPT_01,treatment,2026-04-21T02:31,enterprise,627
3555,25,EXP_PROMPT_01,treatment,2026-04-30T19:37,returning,634
3556,66,EXP_PROMPT_01,control,2026-03-04T04:36,new,507
3557,563,EXP_MODEL_02,control,2026-03-21T05:19,new,84
3558,546,EXP_MODEL_02,control,2026-03-03T19:53,new,676
3559,549,EXP_PROMPT_01,treatment,2026-04-13T03:28,returning,629
3560,73,EXP_MODEL_02,control,2026-04-11T00:25,new,410
3561,519,EXP_MODEL_02,treatment,2026-04-17T04:03,enterprise,524
3562,100,EXP_PROMPT_01,control,2026-03-11T01:08,new,659
3563,66,EXP_MODEL_02,control,2026-04-18T05:22,returning,668
3564,381,EXP_MODEL_02,treatment,2026-04-20T22:15,new,223
3565,288,EXP_MODEL_02,treatment,2026-03-10T20:47,enterprise,209
3566,100,EXP_MODEL_02,treatment,2026-04-16T19:40,enterprise,583
3567,427,EXP_PROMPT_01,treatment,2026-03-14T09:47,new,104
3568,503,EXP_PROMPT_01,control,2026-04-19T02:23,returning,131
3569,146,EXP_PROMPT_01,control,2026-04-26T08:31,enterprise,52
3570,89,EXP_PROMPT_01,control,2026-03-27T08:15,enterprise,52
3571,137,EXP_PROMPT_01,control,2026-04-18T21:19,returning,420
3572,334,EXP_MODEL_02,treatment,2026-04-17T11:50,returning,478
3573,431,EXP_MODEL_02,control,2026-03-28T14:16,enterprise,519
3574,39,EXP_PROMPT_01,control,2026-04-26T22:39,returning,495
3575,274,EXP_PROMPT_01,treatment,2026-03-10T07:17,returning,328
3576,594,EXP_MODEL_02,treatment,2026-04-21T09:05,enterprise,310
3577,41,EXP_PROMPT_01,treatment,2026-04-14T08:39,new,443
3578,440,EXP_MODEL_02,treatment,2026-04-21T08:07,enterprise,460
3579,53,EXP_PROMPT_01,treatment,2026-03-10T00:14,returning,358
3580,278,EXP_PROMPT_01,control,2026-03-06T10:28,enterprise,695
3581,537,EXP_MODEL_02,treatment,2026-03-19T01:33,enterprise,443
3582,246,EXP_MODEL_02,control,2026-04-20T03:38,returning,67
3583,54,EXP_PROMPT_01,control,2026-04-04T12:03,new,382
3584,297,EXP_MODEL_02,treatment,2026-04-22T05:54,enterprise,468
3585,194,EXP_MODEL_02,control,2026-04-14T10:47,new,183
3586,590,EXP_MODEL_02,control,2026-03-19T11:46,returning,150
3587,445,EXP_PROMPT_01,control,2026-03-31T07:31,new,251
3588,255,EXP_MODEL_02,control,2026-04-17T21:36,enterprise,379
3589,399,EXP_MODEL_02,treatment,2026-03-28T16:02,new,195
3590,174,EXP_PROMPT_01,treatment,2026-03-04T19:12,new,604
3591,483,EXP_PROMPT_01,treatment,2026-03-22T22:29,enterprise,282
3592,409,EXP_MODEL_02,control,2026-03-18T07:37,new,465
3593,193,EXP_MODEL_02,control,2026-04-01T22:40,new,484
3594,279,EXP_MODEL_02,treatment,2026-04-12T22:15,returning,222
3595,53,EXP_PROMPT_01,control,2026-05-02T08:35,enterprise,618
3596,263,EXP_MODEL_02,control,2026-03-17T03:54,enterprise,170
3597,299,EXP_PROMPT_01,treatment,2026-03-02T13:01,enterprise,434
3598,341,EXP_MODEL_02,treatment,2026-04-17T10:03,new,281
3599,412,EXP_MODEL_02,treatment,2026-03-12T02:22,new,549
3600,554,EXP_PROMPT_01,control,2026-04-22T02:21,new,423
3601,323,EXP_MODEL_02,treatment,2026-03-03T00:11,enterprise,625
3602,512,EXP_PROMPT_01,control,2026-04-24T13:52,returning,591
3603,44,EXP_MODEL_02,treatment,2026-03-03T23:30,returning,666
3604,67,EXP_PROMPT_01,treatment,2026-04-20T14:08,new,647
3605,538,EXP_MODEL_02,treatment,2026-03-21T04:48,returning,218
3606,73,EXP_MODEL_02,control,2026-03-07T03:54,new,657
3607,484,EXP_PROMPT_01,control,2026-04-10T07:10,enterprise,219
3608,94,EXP_PROMPT_01,control,2026-04-06T22:04,new,434
3609,102,EXP_MODEL_02,control,2026-03-24T19:46,enterprise,569
3610,464,EXP_PROMPT_01,control,2026-03-01T12:50,enterprise,66
3611,581,EXP_PROMPT_01,control,2026-03-03T23:40,enterprise,530
3612,530,EXP_MODEL_02,control,2026-03-22T10:14,new,49
3613,35,EXP_MODEL_02,control,2026-04-05T06:44,new,444
3614,156,EXP_MODEL_02,control,2026-04-17T20:53,returning,601
3615,563,EXP_PROMPT_01,control,2026-03-03T01:38,new,326
3616,296,EXP_PROMPT_01,control,2026-05-01T11:22,returning,300
3617,259,EXP_MODEL_02,control,2026-03-03T08:05,new,198
3618,353,EXP_PROMPT_01,control,2026-03-11T18:48,new,125
3619,216,EXP_MODEL_02,control,2026-04-26T20:41,enterprise,197
3620,598,EXP_MODEL_02,control,2026-03-12T12:56,new,587
3621,228,EXP_MODEL_02,control,2026-04-19T03:41,returning,527
3622,556,EXP_MODEL_02,control,2026-04-01T07:45,returning,438
3623,338,EXP_PROMPT_01,treatment,2026-04-27T14:49,enterprise,142
3624,543,EXP_PROMPT_01,treatment,2026-03-02T06:06,returning,455
3625,553,EXP_PROMPT_01,control,2026-04-12T12:31,new,204
3626,216,EXP_MODEL_02,treatment,2026-04-23T00:13,enterprise,194
3627,568,EXP_MODEL_02,control,2026-03-31T06:33,returning,7
3628,224,EXP_MODEL_02,control,2026-05-01T12:02,new,198
3629,427,EXP_MODEL_02,control,2026-04-11T23:45,new,314
3630,289,EXP_MODEL_02,control,2026-03-25T16:46,new,153
3631,74,EXP_PROMPT_01,control,2026-03-07T06:44,enterprise,163
3632,283,EXP_MODEL_02,control,2026-03-29T10:25,returning,98
3633,41,EXP_MODEL_02,control,2026-04-23T22:31,enterprise,292
3634,34,EXP_MODEL_02,control,2026-03-30T09:10,enterprise,263
3635,137,EXP_MODEL_02,treatment,2026-03-05T19:55,enterprise,534
3636,582,EXP_PROMPT_01,control,2026-04-24T08:24,enterprise,631
3637,382,EXP_MODEL_02,control,2026-04-16T09:30,enterprise,183
3638,182,EXP_MODEL_02,treatment,2026-04-07T12:25,new,210
3639,49,EXP_PROMPT_01,treatment,2026-04-10T18:13,new,681
3640,366,EXP_PROMPT_01,control,2026-03-21T17:13,returning,147
3641,477,EXP_PROMPT_01,control,2026-04-28T22:19,returning,616
3642,259,EXP_PROMPT_01,control,2026-03-14T21:01,new,621
3643,148,EXP_MODEL_02,control,2026-04-11T00:37,new,284
3644,521,EXP_PROMPT_01,treatment,2026-03-21T10:44,returning,394
3645,519,EXP_PROMPT_01,control,2026-03-16T01:06,enterprise,448
3646,370,EXP_PROMPT_01,control,2026-03-09T23:14,enterprise,21
3647,513,EXP_MODEL_02,control,2026-03-31T02:01,returning,527
3648,546,EXP_MODEL_02,treatment,2026-03-18T12:20,new,47
3649,272,EXP_PROMPT_01,control,2026-04-26T23:10,returning,325
3650,104,EXP_MODEL_02,treatment,2026-03-16T20:53,new,673
3651,134,EXP_MODEL_02,control,2026-03-30T01:53,returning,342
3652,282,EXP_MODEL_02,treatment,2026-03-05T12:09,new,374
3653,223,EXP_MODEL_02,treatment,2026-03-20T22:51,new,448
3654,60,EXP_MODEL_02,treatment,2026-03-27T06:34,new,62
3655,407,EXP_PROMPT_01,control,2026-03-08T05:19,returning,586
3656,516,EXP_PROMPT_01,control,2026-04-05T22:51,returning,55
3657,262,EXP_PROMPT_01,treatment,2026-04-13T15:28,enterprise,202
3658,494,EXP_MODEL_02,control,2026-03-11T20:40,enterprise,305
3659,300,EXP_PROMPT_01,control,2026-03-04T11:38,enterprise,351
3660,350,EXP_PROMPT_01,treatment,2026-03-22T19:19,enterprise,311
3661,299,EXP_PROMPT_01,control,2026-03-26T07:55,enterprise,661
3662,350,EXP_PROMPT_01,treatment,2026-03-11T08:22,new,107
3663,464,EXP_PROMPT_01,treatment,2026-03-09T03:31,enterprise,289
3664,598,EXP_MODEL_02,treatment,2026-03-09T09:24,enterprise,589
3665,444,EXP_MODEL_02,treatment,2026-03-24T09:45,new,504
3666,398,EXP_PROMPT_01,treatment,2026-04-05T23:45,returning,599
3667,537,EXP_MODEL_02,treatment,2026-03-13T15:53,enterprise,605
3668,483,EXP_PROMPT_01,treatment,2026-03-15T09:28,new,576
3669,333,EXP_PROMPT_01,control,2026-03-15T02:15,new,119
3670,376,EXP_PROMPT_01,treatment,2026-03-13T12:39,returning,225
3671,556,EXP_PROMPT_01,control,2026-03-24T09:57,enterprise,222
3672,365,EXP_MODEL_02,treatment,2026-04-09T12:35,new,639
3673,53,EXP_MODEL_02,treatment,2026-04-04T08:10,returning,108
3674,576,EXP_PROMPT_01,treatment,2026-03-10T02:05,returning,173
3675,428,EXP_MODEL_02,control,2026-04-30T19:14,enterprise,178
3676,91,EXP_PROMPT_01,control,2026-04-27T19:43,enterprise,264
3677,443,EXP_MODEL_02,control,2026-04-17T14:28,enterprise,429
3678,246,EXP_PROMPT_01,control,2026-03-10T22:16,enterprise,370
3679,483,EXP_MODEL_02,treatment,2026-04-29T08:43,enterprise,617
3680,578,EXP_PROMPT_01,treatment,2026-03-09T13:56,returning,177
3681,439,EXP_MODEL_02,control,2026-04-10T23:51,returning,289
3682,35,EXP_MODEL_02,treatment,2026-04-02T05:46,returning,103
3683,495,EXP_PROMPT_01,treatment,2026-04-04T17:27,returning,69
3684,491,EXP_MODEL_02,treatment,2026-04-16T20:49,returning,192
3685,45,EXP_PROMPT_01,control,2026-03-28T03:43,new,405
3686,397,EXP_MODEL_02,treatment,2026-04-11T09:46,returning,580
3687,540,EXP_PROMPT_01,control,2026-04-24T13:59,returning,33
3688,336,EXP_MODEL_02,treatment,2026-03-13T10:34,returning,65
3689,430,EXP_PROMPT_01,control,2026-03-23T05:19,enterprise,618
3690,581,EXP_MODEL_02,control,2026-03-21T19:53,enterprise,220
3691,508,EXP_MODEL_02,treatment,2026-03-09T11:40,returning,563
3692,572,EXP_MODEL_02,treatment,2026-03-07T07:09,returning,666
3693,6,EXP_MODEL_02,control,2026-04-22T17:55,new,675
3694,158,EXP_PROMPT_01,control,2026-03-27T13:06,returning,173
3695,33,EXP_PROMPT_01,control,2026-04-05T12:02,returning,663
3696,417,EXP_PROMPT_01,treatment,2026-04-13T09:30,returning,25
3697,505,EXP_PROMPT_01,treatment,2026-04-02T17:28,returning,59
3698,56,EXP_MODEL_02,treatment,2026-03-13T01:38,returning,361
3699,537,EXP_MODEL_02,control,2026-05-01T15:51,new,338
3700,16,EXP_MODEL_02,control,2026-04-02T09:55,enterprise,313
3701,312,EXP_MODEL_02,treatment,2026-03-15T12:44,enterprise,65
3702,538,EXP_PROMPT_01,control,2026-04-19T03:26,new,180
3703,115,EXP_MODEL_02,treatment,2026-04-07T07:49,returning,284
3704,413,EXP_PROMPT_01,treatment,2026-03-19T02:16,enterprise,566
3705,554,EXP_PROMPT_01,control,2026-05-01T01:51,enterprise,306
3706,266,EXP_MODEL_02,control,2026-03-13T18:21,returning,177
3707,415,EXP_MODEL_02,treatment,2026-04-19T19:54,new,522
3708,104,EXP_MODEL_02,control,2026-03-10T16:54,enterprise,410
3709,591,EXP_MODEL_02,treatment,2026-04-30T00:24,new,364
3710,307,EXP_PROMPT_01,treatment,2026-03-09T15:58,new,426
3711,35,EXP_PROMPT_01,control,2026-04-15T03:22,enterprise,172
3712,594,EXP_PROMPT_01,control,2026-03-24T07:08,returning,629
3713,428,EXP_PROMPT_01,treatment,2026-04-08T06:00,new,599
3714,471,EXP_MODEL_02,treatment,2026-03-28T11:12,new,568
3715,339,EXP_MODEL_02,control,2026-04-20T20:17,enterprise,490
3716,319,EXP_PROMPT_01,control,2026-04-18T10:47,returning,105
3717,313,EXP_PROMPT_01,treatment,2026-04-18T03:38,returning,192
3718,220,EXP_MODEL_02,treatment,2026-03-19T02:02,returning,108
3719,380,EXP_MODEL_02,treatment,2026-04-25T04:29,returning,587
3720,54,EXP_MODEL_02,control,2026-03-19T05:59,enterprise,540
3721,186,EXP_MODEL_02,control,2026-04-03T11:42,returning,216
3722,334,EXP_PROMPT_01,treatment,2026-03-15T00:16,new,615
3723,302,EXP_PROMPT_01,treatment,2026-04-07T22:52,returning,676
3724,72,EXP_PROMPT_01,control,2026-04-03T21:31,enterprise,321
3725,299,EXP_PROMPT_01,control,2026-04-03T14:14,enterprise,67
3726,113,EXP_MODEL_02,control,2026-04-28T15:22,returning,341
3727,569,EXP_MODEL_02,treatment,2026-03-17T16:16,new,424
3728,304,EXP_PROMPT_01,control,2026-03-21T22:54,enterprise,299
3729,567,EXP_PROMPT_01,treatment,2026-04-05T09:48,enterprise,34
3730,68,EXP_PROMPT_01,control,2026-03-27T21:01,enterprise,615
3731,221,EXP_MODEL_02,control,2026-04-13T17:34,new,424
3732,586,EXP_MODEL_02,control,2026-04-23T15:07,returning,437
3733,542,EXP_PROMPT_01,treatment,2026-04-20T11:47,new,74
3734,281,EXP_MODEL_02,control,2026-04-23T04:30,returning,84
3735,32,EXP_MODEL_02,control,2026-03-29T05:18,enterprise,205
3736,591,EXP_MODEL_02,treatment,2026-03-28T20:31,returning,125
3737,233,EXP_MODEL_02,treatment,2026-03-23T01:12,new,359
3738,441,EXP_MODEL_02,treatment,2026-03-02T16:58,enterprise,543
3739,543,EXP_PROMPT_01,control,2026-04-04T14:29,enterprise,149
3740,472,EXP_MODEL_02,control,2026-03-12T03:08,returning,68
3741,444,EXP_PROMPT_01,treatment,2026-04-30T23:28,enterprise,253
3742,223,EXP_MODEL_02,control,2026-03-20T13:54,new,29
3743,185,EXP_MODEL_02,control,2026-03-25T16:24,new,592
3744,130,EXP_PROMPT_01,control,2026-03-31T02:12,enterprise,615
3745,525,EXP_MODEL_02,control,2026-03-14T22:04,enterprise,10
3746,374,EXP_PROMPT_01,treatment,2026-04-11T17:07,enterprise,365
3747,90,EXP_MODEL_02,control,2026-05-01T12:03,new,406
3748,587,EXP_MODEL_02,treatment,2026-03-25T16:32,returning,444
3749,464,EXP_MODEL_02,control,2026-04-03T20:16,new,7
3750,420,EXP_MODEL_02,control,2026-03-15T18:43,new,109
3751,567,EXP_PROMPT_01,control,2026-04-09T13:49,returning,81
3752,225,EXP_PROMPT_01,control,2026-04-24T22:26,new,276
3753,72,EXP_MODEL_02,control,2026-03-27T17:05,new,397
3754,220,EXP_MODEL_02,treatment,2026-03-13T13:54,returning,100
3755,312,EXP_MODEL_02,treatment,2026-05-01T10:00,returning,616
3756,28,EXP_PROMPT_01,control,2026-03-03T08:42,new,632
3757,411,EXP_MODEL_02,control,2026-03-27T19:14,returning,676
3758,231,EXP_MODEL_02,treatment,2026-04-21T04:13,enterprise,607
3759,233,EXP_PROMPT_01,control,2026-04-17T12:23,enterprise,528
3760,398,EXP_PROMPT_01,control,2026-03-06T11:30,enterprise,194
3761,206,EXP_MODEL_02,treatment,2026-04-01T10:15,new,169
3762,423,EXP_MODEL_02,treatment,2026-03-31T00:22,enterprise,420
3763,491,EXP_MODEL_02,treatment,2026-04-30T13:11,returning,555
3764,346,EXP_PROMPT_01,treatment,2026-03-28T10:57,new,143
3765,62,EXP_PROMPT_01,treatment,2026-04-14T03:34,new,77
3766,575,EXP_MODEL_02,control,2026-05-01T17:59,enterprise,521
3767,545,EXP_PROMPT_01,control,2026-04-16T03:07,returning,378
3768,580,EXP_PROMPT_01,treatment,2026-03-10T10:01,returning,281
3769,303,EXP_MODEL_02,control,2026-03-19T00:51,new,343
3770,102,EXP_PROMPT_01,treatment,2026-04-23T20:11,new,635
3771,463,EXP_PROMPT_01,control,2026-04-25T09:50,new,563
3772,141,EXP_MODEL_02,control,2026-04-16T03:16,enterprise,377
3773,431,EXP_MODEL_02,control,2026-04-21T00:37,new,547
3774,519,EXP_MODEL_02,treatment,2026-04-02T06:20,returning,293
3775,181,EXP_PROMPT_01,control,2026-03-07T23:23,new,677
3776,512,EXP_MODEL_02,control,2026-04-14T06:27,returning,211
3777,286,EXP_MODEL_02,control,2026-03-28T14:44,returning,415
3778,429,EXP_PROMPT_01,treatment,2026-04-26T21:53,returning,432
3779,73,EXP_PROMPT_01,control,2026-03-09T21:37,new,424
3780,180,EXP_MODEL_02,treatment,2026-03-28T00:45,enterprise,9
3781,388,EXP_PROMPT_01,control,2026-03-23T16:24,returning,327
3782,265,EXP_MODEL_02,control,2026-03-07T19:53,new,588
3783,489,EXP_MODEL_02,control,2026-04-19T04:15,new,388
3784,133,EXP_PROMPT_01,treatment,2026-04-05T15:45,returning,240
3785,126,EXP_PROMPT_01,treatment,2026-04-22T20:26,enterprise,643
3786,538,EXP_MODEL_02,treatment,2026-04-12T21:42,new,327
3787,462,EXP_MODEL_02,control,2026-04-14T08:02,enterprise,24
3788,493,EXP_PROMPT_01,control,2026-03-31T19:39,new,57
3789,108,EXP_MODEL_02,control,2026-03-29T20:27,new,224
3790,577,EXP_MODEL_02,control,2026-04-15T10:54,enterprise,355
3791,362,EXP_MODEL_02,treatment,2026-04-24T20:28,new,73
3792,580,EXP_PROMPT_01,treatment,2026-03-28T02:17,enterprise,341
3793,142,EXP_PROMPT_01,control,2026-05-01T20:34,enterprise,260
3794,381,EXP_PROMPT_01,control,2026-03-05T12:52,returning,649
3795,529,EXP_MODEL_02,treatment,2026-04-05T08:57,enterprise,44
3796,455,EXP_PROMPT_01,control,2026-04-28T03:07,new,456
3797,240,EXP_MODEL_02,treatment,2026-04-19T20:02,returning,637
3798,406,EXP_PROMPT_01,treatment,2026-03-20T22:16,new,429
3799,454,EXP_PROMPT_01,treatment,2026-04-17T23:29,new,348
3800,528,EXP_PROMPT_01,treatment,2026-04-29T08:57,enterprise,474
3801,384,EXP_MODEL_02,control,2026-03-10T03:54,enterprise,434
3802,408,EXP_PROMPT_01,treatment,2026-04-19T00:24,enterprise,624
3803,121,EXP_MODEL_02,control,2026-04-13T01:34,new,83
3804,71,EXP_MODEL_02,control,2026-03-24T16:05,enterprise,571
3805,372,EXP_PROMPT_01,control,2026-04-07T04:41,new,344
3806,81,EXP_MODEL_02,treatment,2026-04-22T14:05,new,541
3807,394,EXP_MODEL_02,control,2026-05-01T06:24,enterprise,409
3808,461,EXP_PROMPT_01,control,2026-04-22T15:56,new,560
3809,289,EXP_MODEL_02,treatment,2026-03-09T06:12,enterprise,225
3810,47,EXP_PROMPT_01,treatment,2026-04-29T19:08,returning,307
3811,162,EXP_MODEL_02,treatment,2026-03-07T04:21,enterprise,70
3812,269,EXP_MODEL_02,treatment,2026-04-17T08:25,returning,646
3813,330,EXP_PROMPT_01,control,2026-03-09T02:31,returning,317
3814,397,EXP_PROMPT_01,control,2026-04-02T16:30,enterprise,372
3815,434,EXP_PROMPT_01,control,2026-03-17T01:58,new,328
3816,36,EXP_PROMPT_01,control,2026-04-19T21:20,returning,175
3817,87,EXP_MODEL_02,treatment,2026-04-27T09:50,new,360
3818,266,EXP_MODEL_02,control,2026-03-03T19:13,enterprise,611
3819,38,EXP_PROMPT_01,control,2026-03-12T13:48,enterprise,172
3820,597,EXP_PROMPT_01,treatment,2026-03-30T11:56,enterprise,245
3821,560,EXP_PROMPT_01,treatment,2026-04-14T13:02,new,239
3822,136,EXP_PROMPT_01,control,2026-03-20T13:44,new,526
3823,500,EXP_MODEL_02,control,2026-03-13T14:08,returning,370
3824,17,EXP_MODEL_02,control,2026-03-06T08:37,returning,389
3825,459,EXP_PROMPT_01,control,2026-04-17T13:28,returning,13
3826,230,EXP_PROMPT_01,treatment,2026-04-26T01:37,new,248
3827,312,EXP_MODEL_02,control,2026-03-17T04:15,returning,672
3828,316,EXP_MODEL_02,control,2026-04-08T16:41,enterprise,672
3829,30,EXP_MODEL_02,control,2026-03-11T15:38,enterprise,360
3830,113,EXP_PROMPT_01,control,2026-04-25T19:02,enterprise,673
3831,560,EXP_PROMPT_01,treatment,2026-03-22T08:06,enterprise,330
3832,246,EXP_PROMPT_01,treatment,2026-03-16T02:47,enterprise,2
3833,68,EXP_MODEL_02,control,2026-04-11T15:23,returning,439
3834,159,EXP_PROMPT_01,treatment,2026-03-01T12:15,returning,416
3835,324,EXP_PROMPT_01,treatment,2026-03-21T02:36,new,578
3836,582,EXP_PROMPT_01,control,2026-04-18T16:31,new,208
3837,241,EXP_MODEL_02,treatment,2026-04-06T06:48,enterprise,463
3838,245,EXP_MODEL_02,treatment,2026-04-30T11:32,enterprise,340
3839,171,EXP_MODEL_02,treatment,2026-04-05T14:40,new,203
3840,323,EXP_PROMPT_01,treatment,2026-03-24T06:30,enterprise,538
3841,559,EXP_PROMPT_01,control,2026-03-11T03:33,new,201
3842,459,EXP_PROMPT_01,treatment,2026-03-28T20:39,new,363
3843,127,EXP_MODEL_02,treatment,2026-04-25T22:36,returning,534
3844,339,EXP_PROMPT_01,treatment,2026-03-29T01:26,returning,429
3845,509,EXP_PROMPT_01,treatment,2026-04-22T10:44,returning,190
3846,138,EXP_PROMPT_01,control,2026-03-30T14:07,returning,435
3847,261,EXP_MODEL_02,control,2026-03-10T19:08,enterprise,114
3848,183,EXP_PROMPT_01,treatment,2026-03-24T20:05,new,658
3849,412,EXP_PROMPT_01,control,2026-03-01T07:08,new,264
3850,242,EXP_MODEL_02,treatment,2026-04-27T17:37,new,695
3851,154,EXP_MODEL_02,treatment,2026-04-28T01:15,new,209
3852,144,EXP_PROMPT_01,treatment,2026-04-28T23:59,enterprise,564
3853,1,EXP_PROMPT_01,control,2026-04-19T09:26,returning,232
3854,482,EXP_PROMPT_01,treatment,2026-04-18T10:03,new,687
3855,484,EXP_MODEL_02,treatment,2026-03-22T07:31,enterprise,58
3856,270,EXP_PROMPT_01,treatment,2026-03-28T16:49,returning,594
3857,503,EXP_MODEL_02,treatment,2026-04-30T03:57,enterprise,642
3858,186,EXP_MODEL_02,control,2026-04-23T01:57,new,289
3859,247,EXP_MODEL_02,treatment,2026-03-31T13:45,new,356
3860,236,EXP_PROMPT_01,control,2026-04-02T07:17,new,326
3861,526,EXP_PROMPT_01,control,2026-04-05T05:42,returning,492
3862,429,EXP_PROMPT_01,treatment,2026-04-08T14:08,returning,191
3863,266,EXP_MODEL_02,control,2026-04-29T22:20,enterprise,189
3864,104,EXP_PROMPT_01,treatment,2026-04-14T00:01,new,141
3865,269,EXP_MODEL_02,treatment,2026-03-08T21:43,enterprise,82
3866,64,EXP_MODEL_02,treatment,2026-03-16T03:54,returning,295
3867,353,EXP_MODEL_02,treatment,2026-04-04T23:47,returning,277
3868,85,EXP_MODEL_02,treatment,2026-03-11T23:48,new,570
3869,557,EXP_MODEL_02,control,2026-03-05T18:59,returning,564
3870,311,EXP_MODEL_02,control,2026-03-25T15:49,returning,463
3871,433,EXP_MODEL_02,control,2026-04-01T11:58,returning,445
3872,262,EXP_MODEL_02,treatment,2026-04-12T20:08,enterprise,686
3873,361,EXP_MODEL_02,control,2026-03-11T20:57,enterprise,415
3874,495,EXP_PROMPT_01,treatment,2026-03-04T08:42,returning,585
3875,392,EXP_PROMPT_01,control,2026-04-11T03:58,enterprise,478
3876,234,EXP_PROMPT_01,control,2026-05-01T19:38,new,568
3877,517,EXP_PROMPT_01,treatment,2026-04-13T15:01,returning,421
3878,28,EXP_PROMPT_01,control,2026-04-27T06:45,returning,418
3879,1,EXP_MODEL_02,treatment,2026-05-01T03:14,new,116
3880,123,EXP_PROMPT_01,treatment,2026-03-12T06:50,new,260
3881,69,EXP_MODEL_02,treatment,2026-04-23T06:17,enterprise,678
3882,295,EXP_PROMPT_01,treatment,2026-04-09T22:56,returning,605
3883,530,EXP_PROMPT_01,treatment,2026-04-21T19:24,new,178
3884,289,EXP_MODEL_02,treatment,2026-03-28T12:19,returning,171
3885,242,EXP_PROMPT_01,treatment,2026-04-14T07:53,returning,135
3886,470,EXP_MODEL_02,control,2026-03-09T02:16,returning,65
3887,315,EXP_MODEL_02,control,2026-03-29T12:26,enterprise,501
3888,160,EXP_MODEL_02,control,2026-04-27T12:29,returning,219
3889,313,EXP_MODEL_02,treatment,2026-03-11T01:44,enterprise,41
3890,87,EXP_MODEL_02,control,2026-03-28T21:47,enterprise,380
3891,471,EXP_PROMPT_01,treatment,2026-03-05T12:29,returning,81
3892,213,EXP_MODEL_02,control,2026-03-28T23:40,returning,539
3893,69,EXP_PROMPT_01,treatment,2026-03-17T04:25,returning,515
3894,400,EXP_MODEL_02,treatment,2026-04-20T01:07,enterprise,266
3895,51,EXP_MODEL_02,control,2026-03-29T20:08,returning,433
3896,399,EXP_PROMPT_01,control,2026-04-23T11:00,returning,407
3897,265,EXP_PROMPT_01,control,2026-04-27T02:45,returning,384
3898,369,EXP_PROMPT_01,treatment,2026-04-17T03:59,new,96
3899,256,EXP_PROMPT_01,treatment,2026-04-23T18:21,enterprise,238
3900,198,EXP_MODEL_02,treatment,2026-04-17T04:37,enterprise,174
3901,371,EXP_MODEL_02,control,2026-03-17T17:40,returning,570
3902,550,EXP_PROMPT_01,treatment,2026-03-27T18:03,new,320
3903,168,EXP_PROMPT_01,control,2026-04-04T15:57,new,452
3904,541,EXP_PROMPT_01,treatment,2026-03-01T17:43,returning,654
3905,227,EXP_MODEL_02,control,2026-04-16T06:51,enterprise,664
3906,144,EXP_PROMPT_01,control,2026-04-26T11:25,new,552
3907,411,EXP_MODEL_02,treatment,2026-03-30T08:24,returning,252
3908,354,EXP_PROMPT_01,control,2026-04-27T20:34,returning,504
3909,104,EXP_PROMPT_01,treatment,2026-04-23T12:06,returning,619
3910,149,EXP_MODEL_02,control,2026-04-27T01:53,enterprise,630
3911,308,EXP_PROMPT_01,control,2026-03-21T06:42,returning,699
3912,108,EXP_PROMPT_01,control,2026-04-27T08:45,returning,655
3913,418,EXP_MODEL_02,control,2026-03-31T11:03,returning,109
3914,426,EXP_MODEL_02,control,2026-04-17T21:06,enterprise,294
3915,505,EXP_PROMPT_01,treatment,2026-04-19T02:50,new,185
3916,522,EXP_PROMPT_01,treatment,2026-04-27T20:05,returning,364
3917,541,EXP_MODEL_02,treatment,2026-03-03T16:54,returning,597
3918,452,EXP_PROMPT_01,treatment,2026-04-14T11:33,new,556
3919,292,EXP_PROMPT_01,treatment,2026-03-15T08:18,new,125
3920,254,EXP_MODEL_02,control,2026-05-02T01:32,enterprise,119
3921,72,EXP_MODEL_02,control,2026-04-05T17:42,new,134
3922,292,EXP_MODEL_02,control,2026-03-26T12:49,enterprise,659
3923,279,EXP_MODEL_02,treatment,2026-03-21T02:59,enterprise,255
3924,394,EXP_MODEL_02,treatment,2026-03-20T21:48,returning,584
3925,79,EXP_MODEL_02,control,2026-04-23T11:14,new,55
3926,450,EXP_PROMPT_01,control,2026-04-28T21:01,returning,427
3927,428,EXP_PROMPT_01,control,2026-04-15T01:43,returning,165
3928,547,EXP_MODEL_02,treatment,2026-03-18T08:57,enterprise,534
3929,248,EXP_MODEL_02,treatment,2026-03-09T21:42,enterprise,262
3930,403,EXP_PROMPT_01,control,2026-04-02T13:43,enterprise,354
3931,32,EXP_PROMPT_01,treatment,2026-04-22T02:10,returning,617
3932,403,EXP_MODEL_02,treatment,2026-04-15T10:31,new,92
3933,444,EXP_PROMPT_01,control,2026-03-07T22:19,returning,10
3934,34,EXP_PROMPT_01,treatment,2026-03-27T00:12,enterprise,454
3935,280,EXP_MODEL_02,treatment,2026-03-19T10:10,enterprise,472
3936,73,EXP_MODEL_02,control,2026-04-21T12:29,returning,658
3937,187,EXP_MODEL_02,control,2026-04-08T20:15,enterprise,635
3938,538,EXP_PROMPT_01,treatment,2026-04-02T00:16,returning,155
3939,264,EXP_MODEL_02,treatment,2026-03-13T09:11,new,508
3940,376,EXP_PROMPT_01,treatment,2026-04-24T18:01,new,187
3941,166,EXP_PROMPT_01,treatment,2026-03-30T15:31,enterprise,537
3942,72,EXP_PROMPT_01,treatment,2026-04-08T22:33,returning,668
3943,371,EXP_MODEL_02,treatment,2026-03-23T18:28,new,391
3944,406,EXP_MODEL_02,control,2026-03-13T20:26,returning,28
3945,473,EXP_MODEL_02,treatment,2026-03-21T22:34,returning,585
3946,419,EXP_PROMPT_01,treatment,2026-03-25T19:16,new,533
3947,361,EXP_PROMPT_01,control,2026-03-28T10:46,enterprise,625
3948,39,EXP_MODEL_02,control,2026-04-16T04:01,new,363
3949,331,EXP_MODEL_02,control,2026-03-31T20:34,new,147
3950,437,EXP_PROMPT_01,treatment,2026-03-18T17:08,enterprise,189
3951,128,EXP_PROMPT_01,treatment,2026-03-27T16:06,new,129
3952,496,EXP_PROMPT_01,treatment,2026-03-27T05:11,enterprise,368
3953,574,EXP_PROMPT_01,treatment,2026-04-16T18:12,enterprise,353
3954,226,EXP_MODEL_02,treatment,2026-03-13T07:13,enterprise,342
3955,327,EXP_MODEL_02,treatment,2026-04-07T10:38,enterprise,86
3956,540,EXP_PROMPT_01,control,2026-03-03T10:39,new,352
3957,554,EXP_MODEL_02,control,2026-03-01T23:28,new,485
3958,249,EXP_PROMPT_01,treatment,2026-03-23T21:38,enterprise,603
3959,235,EXP_PROMPT_01,control,2026-04-24T09:53,enterprise,574
3960,389,EXP_PROMPT_01,treatment,2026-03-18T08:38,new,228
3961,40,EXP_PROMPT_01,treatment,2026-03-18T19:54,enterprise,583
3962,118,EXP_MODEL_02,treatment,2026-03-12T03:28,new,576
3963,47,EXP_PROMPT_01,control,2026-03-06T08:17,returning,373
3964,402,EXP_PROMPT_01,control,2026-04-15T08:57,returning,7
3965,198,EXP_MODEL_02,control,2026-03-17T11:57,new,644
3966,157,EXP_MODEL_02,control,2026-03-10T11:10,returning,48
3967,450,EXP_PROMPT_01,control,2026-03-23T07:21,new,354
3968,12,EXP_MODEL_02,control,2026-03-01T11:24,returning,669
3969,74,EXP_MODEL_02,treatment,2026-04-27T10:17,new,69
3970,108,EXP_MODEL_02,treatment,2026-04-08T23:52,returning,596
3971,498,EXP_MODEL_02,treatment,2026-04-23T00:00,new,70
3972,508,EXP_PROMPT_01,control,2026-04-07T02:51,enterprise,77
3973,156,EXP_MODEL_02,treatment,2026-03-22T23:01,enterprise,535
3974,329,EXP_PROMPT_01,control,2026-04-29T08:44,returning,194
3975,150,EXP_PROMPT_01,treatment,2026-04-13T11:35,enterprise,75
3976,590,EXP_PROMPT_01,control,2026-05-01T04:57,returning,633
3977,458,EXP_PROMPT_01,control,2026-03-26T17:38,new,555
3978,452,EXP_PROMPT_01,treatment,2026-03-11T19:28,enterprise,73
3979,165,EXP_MODEL_02,control,2026-04-29T10:21,enterprise,347
3980,506,EXP_PROMPT_01,treatment,2026-03-14T02:38,returning,149
3981,254,EXP_MODEL_02,control,2026-03-02T14:25,returning,423
3982,174,EXP_PROMPT_01,treatment,2026-04-20T18:20,enterprise,265
3983,132,EXP_PROMPT_01,control,2026-04-06T00:36,new,359
3984,437,EXP_MODEL_02,control,2026-03-03T19:53,enterprise,495
3985,408,EXP_MODEL_02,treatment,2026-03-08T13:04,new,514
3986,530,EXP_MODEL_02,treatment,2026-03-17T02:37,enterprise,599
3987,174,EXP_MODEL_02,control,2026-03-28T23:06,returning,516
3988,116,EXP_MODEL_02,control,2026-04-03T17:47,enterprise,208
3989,208,EXP_PROMPT_01,treatment,2026-04-22T11:04,returning,489
3990,510,EXP_PROMPT_01,control,2026-03-21T19:36,enterprise,32
3991,258,EXP_MODEL_02,treatment,2026-04-23T20:07,returning,348
3992,254,EXP_PROMPT_01,control,2026-03-16T09:11,new,316
3993,365,EXP_MODEL_02,control,2026-04-12T23:05,returning,408
3994,270,EXP_MODEL_02,treatment,2026-03-08T22:49,returning,567
3995,417,EXP_MODEL_02,control,2026-03-18T04:00,enterprise,52
3996,26,EXP_MODEL_02,control,2026-04-09T22:12,enterprise,22
3997,25,EXP_MODEL_02,treatment,2026-04-02T12:13,returning,526
3998,119,EXP_PROMPT_01,control,2026-04-05T10:36,enterprise,607
3999,162,EXP_MODEL_02,treatment,2026-03-11T13:26,enterprise,142
4000,413,EXP_MODEL_02,control,2026-03-26T15:03,enterprise,559
4001,501,EXP_MODEL_02,treatment,2026-04-01T20:43,new,333
4002,324,EXP_MODEL_02,treatment,2026-03-01T03:13,enterprise,581
4003,588,EXP_PROMPT_01,control,2026-03-15T15:39,new,186
4004,51,EXP_PROMPT_01,treatment,2026-04-18T20:48,new,356
4005,84,EXP_MODEL_02,treatment,2026-03-06T01:29,new,33
4006,70,EXP_MODEL_02,treatment,2026-04-05T09:42,enterprise,168
4007,422,EXP_MODEL_02,treatment,2026-03-26T08:48,new,39
4008,180,EXP_MODEL_02,control,2026-04-28T08:30,enterprise,99
4009,579,EXP_PROMPT_01,treatment,2026-03-25T15:52,new,390
4010,88,EXP_PROMPT_01,control,2026-04-07T09:10,enterprise,5
4011,529,EXP_MODEL_02,treatment,2026-04-28T13:00,returning,478
4012,465,EXP_MODEL_02,treatment,2026-03-04T13:16,returning,496
4013,272,EXP_PROMPT_01,treatment,2026-04-10T18:06,returning,642
4014,227,EXP_MODEL_02,treatment,2026-03-08T06:56,enterprise,283
4015,75,EXP_MODEL_02,control,2026-03-21T21:56,returning,662
4016,427,EXP_MODEL_02,control,2026-03-10T23:07,returning,194
4017,560,EXP_PROMPT_01,control,2026-03-15T04:49,new,402
4018,409,EXP_PROMPT_01,control,2026-03-26T05:58,enterprise,19
4019,420,EXP_MODEL_02,treatment,2026-03-06T21:11,returning,524
4020,273,EXP_PROMPT_01,control,2026-03-05T15:44,new,120
4021,76,EXP_PROMPT_01,control,2026-03-16T13:23,enterprise,390
4022,422,EXP_PROMPT_01,control,2026-04-25T21:59,new,240
4023,522,EXP_PROMPT_01,treatment,2026-04-15T19:35,enterprise,521
4024,244,EXP_MODEL_02,control,2026-03-24T19:47,enterprise,595
4025,382,EXP_PROMPT_01,control,2026-03-09T00:04,returning,9
4026,166,EXP_MODEL_02,control,2026-04-29T22:09,returning,573
4027,176,EXP_MODEL_02,treatment,2026-03-06T06:22,new,605
4028,72,EXP_PROMPT_01,treatment,2026-03-21T07:15,enterprise,210
4029,152,EXP_PROMPT_01,treatment,2026-04-23T02:00,returning,254
4030,372,EXP_PROMPT_01,control,2026-04-16T22:35,returning,118
4031,337,EXP_PROMPT_01,control,2026-04-07T04:38,new,465
4032,63,EXP_MODEL_02,control,2026-03-14T12:49,returning,476
4033,420,EXP_PROMPT_01,control,2026-04-30T13:46,new,325
4034,75,EXP_PROMPT_01,treatment,2026-04-17T00:00,enterprise,441
4035,587,EXP_MODEL_02,treatment,2026-03-29T20:38,enterprise,463
4036,507,EXP_MODEL_02,control,2026-04-11T20:04,enterprise,428
4037,31,EXP_MODEL_02,treatment,2026-03-06T15:50,returning,478
4038,8,EXP_MODEL_02,treatment,2026-04-06T14:16,enterprise,448
4039,265,EXP_PROMPT_01,treatment,2026-03-23T06:43,new,555
4040,404,EXP_MODEL_02,treatment,2026-03-09T23:46,new,470
4041,291,EXP_MODEL_02,control,2026-04-02T10:33,enterprise,475
4042,71,EXP_PROMPT_01,treatment,2026-04-22T11:14,new,691
4043,398,EXP_MODEL_02,treatment,2026-03-02T14:17,enterprise,251
4044,393,EXP_MODEL_02,treatment,2026-03-29T13:56,new,61
4045,45,EXP_PROMPT_01,control,2026-04-26T05:28,returning,392
4046,482,EXP_PROMPT_01,control,2026-04-07T01:29,enterprise,104
4047,206,EXP_MODEL_02,control,2026-03-29T08:48,new,234
4048,496,EXP_MODEL_02,control,2026-04-04T23:22,enterprise,484
4049,512,EXP_MODEL_02,treatment,2026-03-09T00:19,enterprise,554
4050,166,EXP_PROMPT_01,control,2026-04-10T04:51,returning,673
4051,485,EXP_PROMPT_01,control,2026-03-25T02:52,new,56
4052,416,EXP_PROMPT_01,treatment,2026-03-09T08:39,returning,538
4053,301,EXP_PROMPT_01,control,2026-03-13T20:52,enterprise,218
4054,263,EXP_MODEL_02,control,2026-03-04T13:10,returning,377
4055,236,EXP_PROMPT_01,control,2026-03-24T01:52,returning,332
4056,116,EXP_PROMPT_01,treatment,2026-03-27T08:36,enterprise,536
4057,333,EXP_MODEL_02,control,2026-04-05T23:42,enterprise,420
4058,198,EXP_PROMPT_01,control,2026-04-05T04:16,returning,51
4059,548,EXP_PROMPT_01,treatment,2026-03-26T22:35,new,163
4060,563,EXP_MODEL_02,treatment,2026-03-08T14:48,enterprise,36
4061,183,EXP_MODEL_02,treatment,2026-03-31T12:53,enterprise,513
4062,209,EXP_MODEL_02,treatment,2026-03-03T13:42,enterprise,179
4063,370,EXP_PROMPT_01,treatment,2026-04-27T02:04,new,164
4064,510,EXP_MODEL_02,treatment,2026-04-07T22:26,new,657
4065,261,EXP_MODEL_02,control,2026-03-21T03:32,new,509
4066,186,EXP_PROMPT_01,treatment,2026-03-14T19:20,new,278
4067,588,EXP_MODEL_02,treatment,2026-03-02T05:00,new,20
4068,148,EXP_PROMPT_01,control,2026-04-22T03:31,returning,141
4069,276,EXP_MODEL_02,control,2026-03-24T11:07,new,73
4070,446,EXP_MODEL_02,control,2026-03-11T03:20,returning,170
4071,518,EXP_PROMPT_01,treatment,2026-04-21T18:54,enterprise,367
4072,27,EXP_PROMPT_01,control,2026-04-24T14:35,enterprise,655
4073,211,EXP_PROMPT_01,treatment,2026-04-10T10:15,returning,92
4074,187,EXP_PROMPT_01,control,2026-04-18T08:07,returning,529
4075,375,EXP_PROMPT_01,treatment,2026-03-21T03:46,enterprise,98
4076,526,EXP_MODEL_02,control,2026-04-05T06:07,new,437
4077,233,EXP_PROMPT_01,control,2026-04-06T15:32,new,502
4078,487,EXP_PROMPT_01,control,2026-04-17T01:28,enterprise,375
4079,514,EXP_MODEL_02,control,2026-03-07T08:45,enterprise,559
4080,490,EXP_PROMPT_01,control,2026-03-09T04:49,enterprise,519
4081,344,EXP_PROMPT_01,treatment,2026-03-18T22:22,new,102
4082,583,EXP_PROMPT_01,control,2026-03-20T13:06,new,142
4083,597,EXP_PROMPT_01,treatment,2026-03-19T10:34,returning,226
4084,386,EXP_PROMPT_01,control,2026-04-17T16:33,enterprise,508
4085,271,EXP_PROMPT_01,treatment,2026-03-05T10:23,returning,378
4086,452,EXP_PROMPT_01,control,2026-04-30T10:13,new,90
4087,198,EXP_MODEL_02,treatment,2026-03-11T11:38,new,353
4088,521,EXP_PROMPT_01,treatment,2026-03-17T19:57,enterprise,660
4089,415,EXP_PROMPT_01,treatment,2026-03-14T03:51,new,3
4090,71,EXP_MODEL_02,treatment,2026-04-08T12:27,returning,490
4091,38,EXP_PROMPT_01,treatment,2026-04-21T04:42,new,372
4092,538,EXP_PROMPT_01,treatment,2026-04-08T03:01,returning,148
4093,561,EXP_MODEL_02,treatment,2026-04-12T06:17,returning,362
4094,520,EXP_PROMPT_01,control,2026-04-16T16:13,new,357
4095,325,EXP_MODEL_02,treatment,2026-03-07T06:03,enterprise,119
4096,322,EXP_MODEL_02,treatment,2026-04-01T01:08,enterprise,678
4097,8,EXP_PROMPT_01,control,2026-04-25T19:17,enterprise,461
4098,337,EXP_MODEL_02,treatment,2026-04-05T19:31,returning,683
4099,416,EXP_MODEL_02,control,2026-03-25T11:40,new,524
4100,339,EXP_PROMPT_01,treatment,2026-04-11T17:36,enterprise,616
4101,374,EXP_MODEL_02,treatment,2026-04-25T08:11,returning,552
4102,594,EXP_MODEL_02,treatment,2026-03-14T08:03,enterprise,573
4103,19,EXP_PROMPT_01,control,2026-04-04T20:00,enterprise,463
4104,529,EXP_MODEL_02,treatment,2026-04-24T19:47,new,180
4105,144,EXP_MODEL_02,control,2026-03-19T11:34,new,604
4106,32,EXP_PROMPT_01,treatment,2026-03-17T00:26,enterprise,498
4107,464,EXP_PROMPT_01,treatment,2026-03-08T21:55,enterprise,126
4108,127,EXP_MODEL_02,control,2026-04-01T00:51,new,307
4109,460,EXP_MODEL_02,treatment,2026-03-16T14:30,enterprise,324
4110,310,EXP_MODEL_02,treatment,2026-04-27T21:32,new,337
4111,531,EXP_PROMPT_01,control,2026-03-18T00:36,enterprise,23
4112,493,EXP_PROMPT_01,control,2026-04-01T03:16,enterprise,128
4113,437,EXP_MODEL_02,treatment,2026-04-12T02:51,returning,126
4114,567,EXP_MODEL_02,control,2026-04-23T21:22,returning,178
4115,449,EXP_PROMPT_01,treatment,2026-03-03T17:02,enterprise,44
4116,101,EXP_PROMPT_01,control,2026-03-14T22:58,new,451
4117,190,EXP_PROMPT_01,treatment,2026-04-12T16:26,returning,397
4118,282,EXP_PROMPT_01,control,2026-04-24T14:40,new,645
4119,118,EXP_PROMPT_01,control,2026-03-28T18:08,new,595
4120,52,EXP_MODEL_02,treatment,2026-04-14T11:48,returning,657
4121,5,EXP_MODEL_02,control,2026-03-10T18:15,enterprise,453
4122,169,EXP_MODEL_02,treatment,2026-03-12T14:59,returning,454
4123,393,EXP_PROMPT_01,control,2026-03-10T02:13,enterprise,401
4124,427,EXP_PROMPT_01,control,2026-03-07T08:36,new,73
4125,74,EXP_PROMPT_01,treatment,2026-03-08T02:12,returning,580
4126,489,EXP_MODEL_02,treatment,2026-04-16T00:04,enterprise,79
4127,500,EXP_PROMPT_01,control,2026-03-03T08:46,returning,111
4128,444,EXP_PROMPT_01,treatment,2026-04-23T18:07,returning,257
4129,470,EXP_PROMPT_01,treatment,2026-04-04T18:27,new,535
4130,56,EXP_MODEL_02,treatment,2026-03-25T02:55,enterprise,263
4131,370,EXP_PROMPT_01,control,2026-04-21T01:32,enterprise,225
4132,178,EXP_PROMPT_01,treatment,2026-04-11T03:08,new,512
4133,474,EXP_PROMPT_01,control,2026-03-15T20:57,enterprise,542
4134,218,EXP_MODEL_02,treatment,2026-04-09T05:21,new,162
4135,315,EXP_PROMPT_01,treatment,2026-03-03T19:06,enterprise,70
4136,138,EXP_PROMPT_01,control,2026-03-23T03:01,new,236
4137,44,EXP_PROMPT_01,treatment,2026-04-07T23:06,enterprise,188
4138,107,EXP_PROMPT_01,treatment,2026-04-12T00:54,new,163
4139,86,EXP_MODEL_02,treatment,2026-04-20T01:14,returning,569
4140,570,EXP_MODEL_02,treatment,2026-04-16T22:06,enterprise,113
4141,456,EXP_MODEL_02,treatment,2026-03-16T07:07,enterprise,481
4142,595,EXP_PROMPT_01,treatment,2026-04-07T11:11,returning,637
4143,512,EXP_MODEL_02,treatment,2026-04-20T10:18,returning,128
4144,259,EXP_MODEL_02,treatment,2026-04-24T11:46,returning,304
4145,359,EXP_PROMPT_01,treatment,2026-03-22T05:25,returning,607
4146,216,EXP_MODEL_02,control,2026-03-14T17:02,enterprise,449
4147,58,EXP_MODEL_02,treatment,2026-03-20T22:07,returning,452
4148,285,EXP_MODEL_02,treatment,2026-04-07T17:53,returning,644
4149,569,EXP_MODEL_02,control,2026-04-21T19:23,new,254
4150,50,EXP_MODEL_02,control,2026-03-13T17:53,new,151
4151,460,EXP_PROMPT_01,control,2026-03-22T00:01,enterprise,636
4152,555,EXP_MODEL_02,treatment,2026-04-27T11:51,returning,520
4153,228,EXP_PROMPT_01,treatment,2026-03-22T11:43,enterprise,488
4154,457,EXP_MODEL_02,treatment,2026-03-12T22:09,new,175
4155,442,EXP_PROMPT_01,treatment,2026-03-07T10:12,enterprise,28
4156,296,EXP_MODEL_02,treatment,2026-04-21T11:54,returning,173
4157,327,EXP_PROMPT_01,treatment,2026-04-21T15:01,new,476
4158,279,EXP_MODEL_02,control,2026-04-17T04:39,new,420
4159,249,EXP_PROMPT_01,treatment,2026-03-08T13:51,enterprise,687
4160,335,EXP_PROMPT_01,control,2026-04-29T16:40,new,659
4161,221,EXP_MODEL_02,treatment,2026-03-27T17:54,enterprise,405
4162,139,EXP_MODEL_02,control,2026-03-14T03:44,returning,246
4163,76,EXP_PROMPT_01,treatment,2026-04-25T08:49,returning,89
4164,385,EXP_PROMPT_01,control,2026-03-10T22:48,enterprise,155
4165,494,EXP_MODEL_02,treatment,2026-04-29T02:38,new,66
4166,153,EXP_PROMPT_01,control,2026-03-17T02:45,returning,496
4167,214,EXP_MODEL_02,treatment,2026-04-29T04:00,new,566
4168,501,EXP_MODEL_02,treatment,2026-04-20T01:07,returning,341
4169,290,EXP_MODEL_02,treatment,2026-03-08T10:31,enterprise,348
4170,180,EXP_PROMPT_01,treatment,2026-04-18T10:00,new,324
4171,133,EXP_PROMPT_01,control,2026-04-11T09:03,new,111
4172,435,EXP_MODEL_02,control,2026-04-17T02:22,returning,233
4173,450,EXP_MODEL_02,treatment,2026-04-25T12:29,enterprise,406
4174,563,EXP_PROMPT_01,control,2026-03-15T06:47,returning,207
4175,281,EXP_MODEL_02,control,2026-04-12T03:33,returning,613
4176,435,EXP_PROMPT_01,treatment,2026-04-12T06:35,new,202
4177,393,EXP_MODEL_02,control,2026-05-02T11:08,enterprise,454
4178,549,EXP_PROMPT_01,treatment,2026-04-11T03:28,returning,289
4179,50,EXP_MODEL_02,control,2026-03-23T18:05,returning,277
4180,353,EXP_MODEL_02,control,2026-05-02T06:36,returning,112
4181,423,EXP_MODEL_02,control,2026-03-08T03:18,returning,647
4182,349,EXP_PROMPT_01,control,2026-03-14T12:06,returning,284
4183,304,EXP_MODEL_02,control,2026-03-01T22:10,new,527
4184,127,EXP_PROMPT_01,treatment,2026-03-09T18:18,returning,193
4185,363,EXP_PROMPT_01,control,2026-03-07T09:16,returning,17
4186,560,EXP_MODEL_02,treatment,2026-03-08T13:54,enterprise,155
4187,114,EXP_PROMPT_01,control,2026-04-28T08:17,new,377
4188,570,EXP_MODEL_02,control,2026-04-03T07:59,enterprise,467
4189,491,EXP_PROMPT_01,treatment,2026-03-19T22:01,enterprise,592
4190,376,EXP_MODEL_02,control,2026-04-06T01:52,returning,382
4191,556,EXP_MODEL_02,treatment,2026-03-23T23:45,new,690
4192,11,EXP_PROMPT_01,treatment,2026-03-21T05:39,enterprise,695
4193,479,EXP_MODEL_02,control,2026-04-22T00:32,new,612
4194,599,EXP_MODEL_02,treatment,2026-03-04T06:48,returning,664
4195,496,EXP_PROMPT_01,treatment,2026-04-20T12:18,returning,366
4196,510,EXP_PROMPT_01,treatment,2026-03-26T15:55,returning,91
4197,270,EXP_PROMPT_01,treatment,2026-03-31T06:46,new,565
4198,84,EXP_MODEL_02,treatment,2026-04-21T07:54,returning,479
4199,68,EXP_PROMPT_01,treatment,2026-03-10T00:36,new,135
4200,97,EXP_PROMPT_01,treatment,2026-03-18T13:33,enterprise,483
4201,208,EXP_PROMPT_01,treatment,2026-04-16T01:01,returning,138
4202,319,EXP_PROMPT_01,treatment,2026-04-05T03:37,new,306
4203,73,EXP_PROMPT_01,control,2026-03-14T07:19,enterprise,357
4204,58,EXP_PROMPT_01,treatment,2026-03-07T18:10,returning,542
4205,381,EXP_PROMPT_01,treatment,2026-04-13T03:08,returning,473
4206,215,EXP_MODEL_02,treatment,2026-03-19T21:25,enterprise,193
4207,594,EXP_PROMPT_01,treatment,2026-03-05T04:38,returning,622
4208,455,EXP_PROMPT_01,control,2026-04-24T01:12,enterprise,565
4209,496,EXP_PROMPT_01,treatment,2026-04-25T12:35,returning,280
4210,443,EXP_MODEL_02,control,2026-03-26T03:11,new,278
4211,206,EXP_PROMPT_01,control,2026-04-09T13:17,returning,378
4212,299,EXP_MODEL_02,treatment,2026-03-29T09:49,returning,220
4213,154,EXP_MODEL_02,control,2026-04-19T15:19,returning,226
4214,534,EXP_MODEL_02,treatment,2026-04-27T07:29,new,100
4215,414,EXP_MODEL_02,treatment,2026-04-29T03:24,returning,72
4216,79,EXP_MODEL_02,treatment,2026-04-18T21:04,returning,269
4217,581,EXP_MODEL_02,control,2026-04-21T14:47,new,407
4218,226,EXP_PROMPT_01,control,2026-03-28T05:50,enterprise,209
4219,574,EXP_MODEL_02,control,2026-03-08T00:13,returning,410
4220,15,EXP_PROMPT_01,treatment,2026-03-05T23:05,enterprise,138
4221,506,EXP_PROMPT_01,control,2026-03-05T12:13,new,223
4222,434,EXP_MODEL_02,control,2026-03-01T17:34,new,50
4223,83,EXP_PROMPT_01,control,2026-04-24T09:29,returning,303
4224,523,EXP_MODEL_02,treatment,2026-03-19T00:33,new,433
4225,274,EXP_MODEL_02,control,2026-03-02T11:04,enterprise,661
4226,52,EXP_PROMPT_01,treatment,2026-03-09T13:55,new,170
4227,506,EXP_MODEL_02,treatment,2026-03-13T22:45,returning,113
4228,489,EXP_MODEL_02,treatment,2026-03-08T04:30,enterprise,276
4229,44,EXP_PROMPT_01,control,2026-04-16T20:00,new,21
4230,102,EXP_MODEL_02,control,2026-04-21T14:09,new,252
4231,370,EXP_MODEL_02,control,2026-03-21T05:20,enterprise,388
4232,278,EXP_MODEL_02,control,2026-03-08T09:10,returning,29
4233,10,EXP_MODEL_02,control,2026-04-13T16:45,returning,423
4234,227,EXP_MODEL_02,control,2026-04-19T02:08,enterprise,75
4235,312,EXP_PROMPT_01,control,2026-03-10T05:51,enterprise,209
4236,232,EXP_PROMPT_01,treatment,2026-03-28T19:22,enterprise,45
4237,120,EXP_PROMPT_01,treatment,2026-04-15T00:43,returning,52
4238,391,EXP_PROMPT_01,control,2026-04-19T14:37,enterprise,392
4239,328,EXP_MODEL_02,treatment,2026-04-20T10:13,enterprise,628
4240,389,EXP_MODEL_02,treatment,2026-03-09T18:49,returning,265
4241,505,EXP_PROMPT_01,treatment,2026-03-01T16:58,returning,152
4242,571,EXP_MODEL_02,treatment,2026-04-01T00:52,returning,23
4243,580,EXP_MODEL_02,treatment,2026-04-15T07:14,returning,236
4244,319,EXP_MODEL_02,treatment,2026-04-16T00:56,new,469
4245,20,EXP_MODEL_02,control,2026-03-12T00:28,returning,489
4246,18,EXP_PROMPT_01,control,2026-04-12T12:59,returning,408
4247,73,EXP_PROMPT_01,treatment,2026-05-01T09:29,returning,667
4248,381,EXP_PROMPT_01,control,2026-03-08T21:14,returning,202
4249,598,EXP_MODEL_02,control,2026-03-07T18:23,new,416
4250,186,EXP_MODEL_02,control,2026-04-09T02:18,returning,143
4251,245,EXP_MODEL_02,treatment,2026-04-21T16:24,enterprise,261
4252,560,EXP_MODEL_02,treatment,2026-03-01T02:16,new,470
4253,361,EXP_PROMPT_01,control,2026-03-15T10:29,new,250
4254,279,EXP_PROMPT_01,control,2026-04-24T10:35,new,581
4255,463,EXP_MODEL_02,control,2026-04-16T20:13,enterprise,86
4256,228,EXP_MODEL_02,treatment,2026-04-17T04:27,returning,688
4257,19,EXP_PROMPT_01,treatment,2026-04-09T20:57,enterprise,350
4258,344,EXP_MODEL_02,control,2026-03-09T09:14,new,106
4259,96,EXP_PROMPT_01,control,2026-03-06T11:34,returning,179
4260,292,EXP_MODEL_02,control,2026-04-26T10:24,new,565
4261,339,EXP_MODEL_02,treatment,2026-04-27T14:26,returning,39
4262,34,EXP_PROMPT_01,control,2026-04-16T12:50,enterprise,515
4263,104,EXP_PROMPT_01,treatment,2026-04-07T10:07,enterprise,693
4264,244,EXP_PROMPT_01,control,2026-04-21T17:33,enterprise,277
4265,491,EXP_MODEL_02,control,2026-03-27T00:36,enterprise,520
4266,240,EXP_MODEL_02,treatment,2026-04-26T21:35,returning,410
4267,381,EXP_MODEL_02,control,2026-04-19T21:51,new,524
4268,392,EXP_PROMPT_01,treatment,2026-03-30T10:50,returning,69
4269,224,EXP_MODEL_02,treatment,2026-03-29T17:31,returning,543
4270,279,EXP_MODEL_02,control,2026-04-15T16:59,new,596
4271,30,EXP_MODEL_02,treatment,2026-03-17T14:18,returning,353
4272,113,EXP_MODEL_02,control,2026-04-06T21:45,returning,169
4273,61,EXP_PROMPT_01,control,2026-04-02T20:48,new,513
4274,453,EXP_PROMPT_01,control,2026-04-29T13:23,enterprise,589
4275,9,EXP_MODEL_02,control,2026-04-06T19:06,new,363
4276,343,EXP_PROMPT_01,control,2026-03-27T11:38,new,379
4277,187,EXP_MODEL_02,control,2026-04-08T19:45,new,243
4278,389,EXP_PROMPT_01,treatment,2026-03-30T03:52,new,273
4279,294,EXP_PROMPT_01,control,2026-03-30T13:04,new,468
4280,316,EXP_MODEL_02,treatment,2026-03-26T03:28,new,629
4281,14,EXP_MODEL_02,control,2026-03-12T06:44,new,420
4282,571,EXP_MODEL_02,treatment,2026-04-22T08:24,new,329
4283,512,EXP_PROMPT_01,control,2026-03-22T18:48,returning,210
4284,255,EXP_PROMPT_01,treatment,2026-04-03T03:12,enterprise,6
4285,14,EXP_MODEL_02,treatment,2026-03-01T22:55,enterprise,316
4286,409,EXP_MODEL_02,treatment,2026-04-16T15:43,new,323
4287,441,EXP_PROMPT_01,control,2026-03-19T01:06,new,145
4288,491,EXP_PROMPT_01,treatment,2026-04-01T15:46,enterprise,451
4289,353,EXP_PROMPT_01,treatment,2026-04-04T17:57,returning,25
4290,382,EXP_MODEL_02,control,2026-03-19T17:31,new,522
4291,363,EXP_PROMPT_01,treatment,2026-03-30T14:17,enterprise,147
4292,133,EXP_PROMPT_01,control,2026-03-27T19:34,new,348
4293,217,EXP_MODEL_02,control,2026-04-23T23:45,enterprise,468
4294,318,EXP_PROMPT_01,control,2026-03-31T02:58,enterprise,462
4295,512,EXP_MODEL_02,treatment,2026-03-12T14:30,new,57
4296,419,EXP_MODEL_02,treatment,2026-03-05T12:20,enterprise,454
4297,79,EXP_MODEL_02,treatment,2026-04-23T20:46,new,416
4298,356,EXP_PROMPT_01,treatment,2026-03-08T02:08,enterprise,506
4299,129,EXP_PROMPT_01,treatment,2026-04-02T05:25,returning,339
4300,178,EXP_MODEL_02,treatment,2026-03-25T16:17,enterprise,545
4301,103,EXP_MODEL_02,control,2026-03-15T17:22,enterprise,648
4302,237,EXP_MODEL_02,treatment,2026-05-01T12:44,enterprise,540
4303,510,EXP_PROMPT_01,treatment,2026-04-12T13:20,returning,398
4304,378,EXP_PROMPT_01,control,2026-03-23T22:51,new,451
4305,253,EXP_MODEL_02,treatment,2026-05-01T12:51,new,686
4306,409,EXP_PROMPT_01,control,2026-04-19T20:24,enterprise,424
4307,376,EXP_PROMPT_01,treatment,2026-04-20T02:08,new,605
4308,124,EXP_MODEL_02,treatment,2026-05-01T13:22,enterprise,17
4309,352,EXP_MODEL_02,treatment,2026-03-23T17:43,new,57
4310,458,EXP_PROMPT_01,treatment,2026-03-05T07:16,new,188
4311,549,EXP_MODEL_02,control,2026-03-27T11:55,returning,293
4312,185,EXP_PROMPT_01,control,2026-03-20T01:16,returning,414
4313,445,EXP_PROMPT_01,treatment,2026-04-07T21:31,enterprise,105
4314,380,EXP_PROMPT_01,treatment,2026-03-07T16:06,returning,300
4315,76,EXP_MODEL_02,treatment,2026-04-03T18:45,returning,395
4316,560,EXP_PROMPT_01,control,2026-04-12T14:08,new,668
4317,486,EXP_MODEL_02,treatment,2026-04-01T16:30,returning,521
4318,209,EXP_MODEL_02,treatment,2026-03-29T20:54,enterprise,140
4319,67,EXP_PROMPT_01,treatment,2026-03-18T12:25,new,160
4320,543,EXP_PROMPT_01,control,2026-03-10T12:48,new,2
4321,140,EXP_MODEL_02,control,2026-04-13T09:37,new,113
4322,220,EXP_PROMPT_01,treatment,2026-05-01T23:12,enterprise,444
4323,159,EXP_PROMPT_01,treatment,2026-04-06T04:30,returning,630
4324,505,EXP_PROMPT_01,control,2026-03-25T08:32,enterprise,180
4325,557,EXP_MODEL_02,control,2026-04-09T21:33,new,623
4326,235,EXP_PROMPT_01,control,2026-03-16T02:23,returning,402
4327,303,EXP_MODEL_02,control,2026-04-27T16:12,returning,647
4328,502,EXP_MODEL_02,treatment,2026-04-12T13:49,enterprise,101
4329,446,EXP_MODEL_02,treatment,2026-04-04T00:43,returning,126
4330,231,EXP_MODEL_02,control,2026-04-12T05:36,enterprise,591
4331,53,EXP_MODEL_02,treatment,2026-04-14T16:31,enterprise,471
4332,596,EXP_MODEL_02,treatment,2026-03-21T04:33,returning,596
4333,209,EXP_PROMPT_01,treatment,2026-04-17T09:01,new,680
4334,281,EXP_PROMPT_01,treatment,2026-03-27T12:11,enterprise,9
4335,323,EXP_PROMPT_01,treatment,2026-04-15T00:11,new,272
4336,123,EXP_PROMPT_01,treatment,2026-04-18T01:23,new,442
4337,121,EXP_MODEL_02,treatment,2026-03-16T13:15,enterprise,37
4338,350,EXP_PROMPT_01,control,2026-04-17T05:38,returning,575
4339,471,EXP_MODEL_02,control,2026-04-30T11:50,enterprise,612
4340,289,EXP_PROMPT_01,treatment,2026-04-22T23:43,returning,452
4341,108,EXP_MODEL_02,treatment,2026-04-06T03:46,returning,553
4342,505,EXP_PROMPT_01,control,2026-03-09T21:16,returning,155
4343,92,EXP_PROMPT_01,control,2026-03-15T14:33,enterprise,17
4344,45,EXP_MODEL_02,control,2026-04-25T00:56,returning,493
4345,517,EXP_MODEL_02,control,2026-03-19T21:56,returning,78
4346,303,EXP_MODEL_02,control,2026-04-10T17:44,enterprise,165
4347,450,EXP_MODEL_02,treatment,2026-03-29T21:40,enterprise,451
4348,598,EXP_PROMPT_01,control,2026-04-09T10:28,returning,23
4349,136,EXP_MODEL_02,treatment,2026-04-24T00:59,enterprise,322
4350,487,EXP_PROMPT_01,treatment,2026-04-29T20:03,returning,246
4351,385,EXP_MODEL_02,control,2026-03-02T12:13,returning,289
4352,172,EXP_PROMPT_01,control,2026-03-13T07:07,enterprise,79
4353,101,EXP_PROMPT_01,treatment,2026-03-30T21:56,returning,498
4354,289,EXP_PROMPT_01,control,2026-03-28T18:40,returning,548
4355,69,EXP_PROMPT_01,control,2026-03-30T01:26,returning,426
4356,368,EXP_PROMPT_01,control,2026-04-06T07:28,new,630
4357,194,EXP_PROMPT_01,treatment,2026-03-20T05:23,returning,255
4358,420,EXP_PROMPT_01,treatment,2026-04-12T11:23,enterprise,285
4359,519,EXP_MODEL_02,control,2026-03-18T11:56,new,320
4360,47,EXP_MODEL_02,treatment,2026-04-23T04:40,new,645
4361,253,EXP_MODEL_02,control,2026-03-23T12:06,enterprise,384
4362,424,EXP_PROMPT_01,control,2026-04-19T07:33,enterprise,174
4363,558,EXP_MODEL_02,control,2026-03-12T23:22,new,278
4364,70,EXP_MODEL_02,treatment,2026-03-18T15:26,returning,628
4365,175,EXP_PROMPT_01,control,2026-04-11T02:36,new,399
4366,419,EXP_PROMPT_01,control,2026-04-22T00:20,returning,366
4367,65,EXP_PROMPT_01,control,2026-03-27T02:30,returning,468
4368,461,EXP_MODEL_02,treatment,2026-03-19T20:35,returning,378
4369,155,EXP_MODEL_02,control,2026-04-02T19:07,returning,283
4370,554,EXP_PROMPT_01,treatment,2026-03-19T21:08,returning,277
4371,427,EXP_MODEL_02,control,2026-03-14T14:48,enterprise,355
4372,218,EXP_MODEL_02,treatment,2026-03-28T07:51,returning,463
4373,444,EXP_PROMPT_01,control,2026-03-05T13:21,new,637
4374,459,EXP_MODEL_02,control,2026-03-13T06:43,new,454
4375,346,EXP_MODEL_02,control,2026-03-30T15:52,new,317
4376,329,EXP_MODEL_02,control,2026-04-12T13:57,new,177
4377,174,EXP_PROMPT_01,control,2026-04-13T19:59,new,628
4378,393,EXP_MODEL_02,treatment,2026-03-15T01:15,new,524
4379,532,EXP_PROMPT_01,control,2026-04-04T17:59,new,474
4380,532,EXP_MODEL_02,control,2026-04-28T02:10,new,367
4381,89,EXP_PROMPT_01,treatment,2026-03-24T11:25,enterprise,81
4382,391,EXP_PROMPT_01,treatment,2026-04-30T19:13,returning,185
4383,158,EXP_PROMPT_01,treatment,2026-03-26T01:02,returning,79
4384,25,EXP_PROMPT_01,treatment,2026-04-21T00:53,returning,75
4385,100,EXP_MODEL_02,control,2026-03-01T00:08,new,144
4386,273,EXP_PROMPT_01,treatment,2026-04-21T02:29,returning,662
4387,21,EXP_MODEL_02,control,2026-04-07T11:21,returning,374
4388,211,EXP_MODEL_02,treatment,2026-03-18T12:07,enterprise,112
4389,282,EXP_MODEL_02,treatment,2026-04-05T05:44,returning,494
4390,188,EXP_PROMPT_01,treatment,2026-04-27T13:18,new,387
4391,151,EXP_PROMPT_01,control,2026-03-01T09:22,enterprise,363
4392,4,EXP_MODEL_02,treatment,2026-03-22T23:55,enterprise,51
4393,3,EXP_MODEL_02,treatment,2026-03-11T07:55,enterprise,366
4394,318,EXP_MODEL_02,control,2026-03-22T15:17,enterprise,254
4395,148,EXP_MODEL_02,control,2026-04-13T21:16,new,517
4396,63,EXP_MODEL_02,treatment,2026-03-18T11:40,new,507
4397,169,EXP_PROMPT_01,control,2026-04-21T20:32,returning,84
4398,381,EXP_MODEL_02,control,2026-03-12T07:11,enterprise,599
4399,434,EXP_PROMPT_01,control,2026-03-25T02:45,enterprise,157
4400,92,EXP_MODEL_02,control,2026-03-22T01:25,enterprise,393
4401,122,EXP_MODEL_02,control,2026-03-26T02:21,enterprise,404
4402,441,EXP_MODEL_02,treatment,2026-04-29T20:46,enterprise,101
4403,404,EXP_MODEL_02,control,2026-03-28T21:26,returning,336
4404,335,EXP_PROMPT_01,control,2026-03-13T10:43,new,493
4405,590,EXP_PROMPT_01,control,2026-03-05T09:05,returning,407
4406,163,EXP_MODEL_02,control,2026-05-01T21:21,enterprise,368
4407,545,EXP_PROMPT_01,treatment,2026-03-04T05:41,returning,440
4408,88,EXP_PROMPT_01,control,2026-04-25T11:27,new,2
4409,311,EXP_MODEL_02,treatment,2026-03-01T18:18,enterprise,81
4410,469,EXP_PROMPT_01,control,2026-04-25T04:16,enterprise,373
4411,230,EXP_PROMPT_01,control,2026-04-29T05:06,new,537
4412,14,EXP_MODEL_02,control,2026-03-05T00:57,new,470
4413,467,EXP_PROMPT_01,treatment,2026-03-24T15:11,new,305
4414,64,EXP_MODEL_02,control,2026-03-23T11:28,returning,591
4415,381,EXP_PROMPT_01,treatment,2026-03-02T10:46,returning,268
4416,453,EXP_PROMPT_01,treatment,2026-03-17T00:25,returning,225
4417,358,EXP_PROMPT_01,control,2026-04-22T12:24,returning,565
4418,26,EXP_PROMPT_01,treatment,2026-04-06T11:26,new,144
4419,312,EXP_MODEL_02,treatment,2026-03-29T09:01,returning,488
4420,20,EXP_MODEL_02,treatment,2026-03-17T06:19,returning,340
4421,196,EXP_MODEL_02,control,2026-04-13T00:35,enterprise,508
4422,183,EXP_MODEL_02,control,2026-03-30T10:08,new,674
4423,258,EXP_MODEL_02,control,2026-04-08T12:17,new,395
4424,491,EXP_PROMPT_01,treatment,2026-04-18T22:32,new,98
4425,336,EXP_MODEL_02,control,2026-03-09T04:28,enterprise,240
4426,61,EXP_PROMPT_01,treatment,2026-04-14T15:07,returning,343
4427,469,EXP_PROMPT_01,treatment,2026-03-15T02:31,enterprise,366
4428,159,EXP_MODEL_02,control,2026-03-29T18:18,returning,96
4429,250,EXP_PROMPT_01,treatment,2026-04-18T10:09,new,472
4430,265,EXP_MODEL_02,control,2026-03-27T11:13,returning,575
4431,269,EXP_PROMPT_01,treatment,2026-03-10T15:44,new,279
4432,571,EXP_MODEL_02,control,2026-03-28T05:14,returning,520
4433,399,EXP_MODEL_02,control,2026-03-15T06:34,returning,586
4434,42,EXP_PROMPT_01,treatment,2026-03-12T08:00,new,376
4435,134,EXP_PROMPT_01,control,2026-03-15T08:48,new,534
4436,395,EXP_MODEL_02,treatment,2026-03-13T07:53,returning,506
4437,546,EXP_MODEL_02,treatment,2026-04-17T16:28,returning,257
4438,538,EXP_MODEL_02,treatment,2026-03-25T03:52,enterprise,68
4439,373,EXP_PROMPT_01,treatment,2026-04-06T15:34,enterprise,492
4440,494,EXP_PROMPT_01,treatment,2026-03-13T23:03,returning,498
4441,41,EXP_PROMPT_01,treatment,2026-04-04T20:01,enterprise,143
4442,234,EXP_PROMPT_01,control,2026-05-01T07:00,enterprise,476
4443,472,EXP_MODEL_02,treatment,2026-03-23T03:17,enterprise,381
4444,550,EXP_PROMPT_01,treatment,2026-04-02T02:14,enterprise,325
4445,466,EXP_MODEL_02,control,2026-04-26T09:53,new,217
4446,101,EXP_PROMPT_01,control,2026-03-24T00:59,returning,230
4447,345,EXP_MODEL_02,control,2026-03-16T04:06,new,15
4448,575,EXP_MODEL_02,control,2026-03-29T22:32,returning,358
4449,104,EXP_PROMPT_01,treatment,2026-03-19T05:38,enterprise,31
4450,301,EXP_MODEL_02,treatment,2026-03-11T21:41,returning,662
4451,597,EXP_PROMPT_01,treatment,2026-03-03T07:58,enterprise,153
4452,430,EXP_MODEL_02,control,2026-03-07T21:36,new,387
4453,491,EXP_PROMPT_01,control,2026-04-15T06:37,new,528
4454,523,EXP_PROMPT_01,control,2026-04-28T08:35,returning,17
4455,480,EXP_PROMPT_01,control,2026-04-25T22:16,enterprise,392
4456,425,EXP_PROMPT_01,treatment,2026-03-25T16:35,enterprise,129
4457,510,EXP_PROMPT_01,treatment,2026-04-07T02:49,returning,417
4458,549,EXP_PROMPT_01,treatment,2026-03-21T20:05,enterprise,542
4459,71,EXP_PROMPT_01,treatment,2026-03-20T20:11,enterprise,18
4460,216,EXP_PROMPT_01,control,2026-04-20T03:01,enterprise,375
4461,489,EXP_MODEL_02,control,2026-03-08T11:09,returning,431
4462,517,EXP_PROMPT_01,control,2026-03-05T00:10,new,437
4463,592,EXP_PROMPT_01,treatment,2026-04-28T01:37,returning,63
4464,293,EXP_PROMPT_01,control,2026-03-18T09:04,enterprise,680
4465,99,EXP_MODEL_02,control,2026-04-08T21:06,enterprise,672
4466,144,EXP_MODEL_02,control,2026-03-23T05:15,returning,254
4467,183,EXP_MODEL_02,treatment,2026-04-15T05:24,returning,145
4468,291,EXP_PROMPT_01,control,2026-03-01T07:13,enterprise,695
4469,12,EXP_PROMPT_01,control,2026-04-11T07:30,returning,694
4470,139,EXP_MODEL_02,treatment,2026-03-17T04:39,returning,267
4471,343,EXP_PROMPT_01,treatment,2026-04-21T06:07,returning,167
4472,424,EXP_PROMPT_01,control,2026-03-01T06:39,new,613
4473,5,EXP_PROMPT_01,treatment,2026-04-10T05:43,returning,166
4474,407,EXP_PROMPT_01,control,2026-03-30T20:10,enterprise,239
4475,421,EXP_PROMPT_01,treatment,2026-03-01T01:19,returning,481
4476,208,EXP_PROMPT_01,treatment,2026-04-01T03:12,enterprise,580
4477,104,EXP_PROMPT_01,treatment,2026-03-19T17:07,new,526
4478,414,EXP_MODEL_02,control,2026-03-11T02:49,enterprise,542
4479,409,EXP_PROMPT_01,treatment,2026-04-23T10:21,new,544
4480,200,EXP_MODEL_02,control,2026-04-19T13:51,returning,696
4481,15,EXP_PROMPT_01,control,2026-03-23T05:08,returning,499
4482,85,EXP_MODEL_02,treatment,2026-03-18T08:45,enterprise,100
4483,71,EXP_PROMPT_01,control,2026-04-21T00:41,enterprise,527
4484,427,EXP_PROMPT_01,treatment,2026-04-08T13:54,new,503
4485,591,EXP_PROMPT_01,control,2026-03-07T02:57,new,336
4486,560,EXP_MODEL_02,control,2026-03-29T11:44,enterprise,413
4487,258,EXP_MODEL_02,treatment,2026-04-03T03:50,new,264
4488,414,EXP_MODEL_02,control,2026-04-16T07:05,returning,253
4489,440,EXP_PROMPT_01,treatment,2026-04-27T07:09,enterprise,258
4490,477,EXP_MODEL_02,control,2026-04-10T18:07,enterprise,316
4491,86,EXP_PROMPT_01,treatment,2026-04-05T09:08,returning,396
4492,150,EXP_MODEL_02,treatment,2026-03-24T01:05,new,301
4493,95,EXP_MODEL_02,control,2026-03-21T20:40,new,491
4494,366,EXP_PROMPT_01,control,2026-03-25T02:35,new,299
4495,167,EXP_MODEL_02,treatment,2026-04-08T08:17,new,560
4496,124,EXP_PROMPT_01,treatment,2026-03-28T08:48,new,330
4497,59,EXP_MODEL_02,control,2026-03-22T00:13,enterprise,229
4498,351,EXP_MODEL_02,treatment,2026-05-01T16:00,returning,37
4499,239,EXP_PROMPT_01,control,2026-03-31T14:29,enterprise,580
4500,35,EXP_PROMPT_01,treatment,2026-04-06T23:37,new,408
4501,169,EXP_MODEL_02,control,2026-03-14T23:07,enterprise,338
4502,549,EXP_PROMPT_01,treatment,2026-03-31T11:13,enterprise,281
4503,253,EXP_PROMPT_01,treatment,2026-04-21T18:59,enterprise,176
4504,527,EXP_PROMPT_01,control,2026-04-27T01:14,new,188
4505,368,EXP_PROMPT_01,treatment,2026-03-23T22:34,enterprise,408
4506,154,EXP_PROMPT_01,treatment,2026-03-13T00:34,new,467
4507,443,EXP_PROMPT_01,control,2026-03-14T09:36,new,109
4508,555,EXP_MODEL_02,control,2026-04-15T10:51,new,443
4509,239,EXP_PROMPT_01,treatment,2026-03-08T18:22,new,520
4510,539,EXP_PROMPT_01,treatment,2026-04-13T04:11,new,328
4511,124,EXP_PROMPT_01,control,2026-04-01T18:56,returning,336
4512,10,EXP_MODEL_02,treatment,2026-04-09T05:01,enterprise,169
4513,124,EXP_MODEL_02,treatment,2026-04-16T08:29,enterprise,689
4514,286,EXP_MODEL_02,control,2026-03-09T10:35,enterprise,504
4515,403,EXP_MODEL_02,treatment,2026-03-24T15:57,new,67
4516,62,EXP_MODEL_02,control,2026-04-15T18:05,returning,271
4517,372,EXP_PROMPT_01,treatment,2026-03-22T15:38,returning,394
4518,377,EXP_MODEL_02,control,2026-04-08T21:41,new,581
4519,365,EXP_PROMPT_01,treatment,2026-03-08T23:17,returning,668
4520,368,EXP_PROMPT_01,control,2026-03-25T07:33,new,234
4521,533,EXP_PROMPT_01,treatment,2026-04-08T07:13,returning,106
4522,108,EXP_MODEL_02,treatment,2026-03-24T02:40,enterprise,390
4523,57,EXP_PROMPT_01,control,2026-03-17T09:17,new,283
4524,213,EXP_PROMPT_01,treatment,2026-04-26T21:09,new,13
4525,300,EXP_PROMPT_01,treatment,2026-03-14T07:45,enterprise,143
4526,48,EXP_MODEL_02,treatment,2026-03-01T07:25,returning,149
4527,279,EXP_PROMPT_01,control,2026-03-08T16:15,new,176
4528,55,EXP_PROMPT_01,control,2026-03-07T22:01,new,253
4529,74,EXP_MODEL_02,treatment,2026-04-12T11:25,new,195
4530,569,EXP_MODEL_02,control,2026-04-17T14:06,enterprise,634
4531,71,EXP_MODEL_02,treatment,2026-04-28T03:25,returning,512
4532,221,EXP_PROMPT_01,treatment,2026-03-29T01:44,enterprise,495
4533,574,EXP_PROMPT_01,control,2026-04-22T21:16,returning,121
4534,309,EXP_MODEL_02,treatment,2026-04-22T01:46,returning,286
4535,371,EXP_PROMPT_01,control,2026-04-14T02:33,returning,148
4536,291,EXP_PROMPT_01,treatment,2026-03-19T10:36,new,100
4537,563,EXP_MODEL_02,control,2026-03-06T19:54,returning,558
4538,38,EXP_PROMPT_01,control,2026-05-01T09:11,returning,242
4539,523,EXP_MODEL_02,treatment,2026-03-30T07:53,enterprise,92
4540,183,EXP_PROMPT_01,treatment,2026-04-16T13:40,enterprise,506
4541,194,EXP_MODEL_02,control,2026-04-07T17:53,enterprise,269
4542,472,EXP_MODEL_02,treatment,2026-03-02T06:35,returning,124
4543,463,EXP_MODEL_02,control,2026-03-04T07:01,enterprise,679
4544,409,EXP_MODEL_02,treatment,2026-04-24T12:34,returning,662
4545,423,EXP_PROMPT_01,treatment,2026-05-02T09:03,new,575
4546,103,EXP_PROMPT_01,treatment,2026-03-25T15:29,returning,460
4547,4,EXP_MODEL_02,treatment,2026-03-20T03:07,enterprise,229
4548,549,EXP_PROMPT_01,treatment,2026-04-26T04:13,returning,645
4549,419,EXP_PROMPT_01,control,2026-04-06T00:00,new,623
4550,209,EXP_MODEL_02,treatment,2026-04-23T23:41,enterprise,100
4551,48,EXP_PROMPT_01,treatment,2026-03-11T22:23,new,554
4552,346,EXP_MODEL_02,control,2026-04-23T04:49,enterprise,19
4553,519,EXP_MODEL_02,treatment,2026-04-24T12:20,returning,248
4554,157,EXP_PROMPT_01,treatment,2026-04-23T03:22,new,192
4555,206,EXP_PROMPT_01,control,2026-04-15T00:39,returning,240
4556,305,EXP_PROMPT_01,treatment,2026-04-06T11:30,returning,636
4557,389,EXP_MODEL_02,treatment,2026-03-10T01:56,returning,423
4558,182,EXP_PROMPT_01,treatment,2026-03-18T12:31,new,224
4559,457,EXP_PROMPT_01,treatment,2026-04-12T10:25,enterprise,422
4560,520,EXP_MODEL_02,treatment,2026-04-13T09:07,returning,103
4561,410,EXP_PROMPT_01,treatment,2026-03-13T07:41,returning,548
4562,138,EXP_PROMPT_01,treatment,2026-03-30T03:06,new,313
4563,36,EXP_MODEL_02,treatment,2026-03-10T22:30,enterprise,606
4564,300,EXP_MODEL_02,control,2026-03-30T21:34,new,223
4565,323,EXP_MODEL_02,control,2026-05-01T13:44,enterprise,470
4566,448,EXP_PROMPT_01,treatment,2026-04-06T00:13,new,312
4567,332,EXP_PROMPT_01,control,2026-04-09T19:38,new,271
4568,284,EXP_PROMPT_01,control,2026-03-11T00:01,enterprise,506
4569,503,EXP_PROMPT_01,control,2026-03-21T09:09,enterprise,577
4570,41,EXP_PROMPT_01,control,2026-04-03T00:21,returning,320
4571,537,EXP_MODEL_02,control,2026-04-21T14:39,enterprise,503
4572,167,EXP_MODEL_02,control,2026-03-16T08:09,returning,472
4573,217,EXP_MODEL_02,treatment,2026-04-27T00:17,new,357
4574,62,EXP_MODEL_02,treatment,2026-03-28T05:37,enterprise,645
4575,345,EXP_PROMPT_01,control,2026-03-30T22:30,new,661
4576,467,EXP_PROMPT_01,treatment,2026-04-12T17:57,new,588
4577,287,EXP_MODEL_02,control,2026-04-18T08:11,returning,459
4578,443,EXP_MODEL_02,control,2026-03-25T10:28,new,464
4579,77,EXP_PROMPT_01,control,2026-04-06T07:55,enterprise,576
4580,467,EXP_PROMPT_01,treatment,2026-03-08T00:31,new,625
4581,444,EXP_PROMPT_01,control,2026-03-25T06:27,returning,550
4582,88,EXP_MODEL_02,control,2026-04-27T05:28,enterprise,106
4583,233,EXP_MODEL_02,treatment,2026-04-28T21:28,new,698
4584,460,EXP_PROMPT_01,control,2026-03-10T08:59,returning,325
4585,454,EXP_MODEL_02,treatment,2026-04-08T22:23,returning,602
4586,459,EXP_PROMPT_01,treatment,2026-04-18T06:52,enterprise,187
4587,27,EXP_MODEL_02,treatment,2026-03-17T00:06,enterprise,168
4588,321,EXP_MODEL_02,treatment,2026-04-24T11:04,new,594
4589,356,EXP_MODEL_02,treatment,2026-03-26T13:07,returning,472
4590,81,EXP_MODEL_02,treatment,2026-04-14T22:50,returning,530
4591,234,EXP_PROMPT_01,control,2026-03-12T07:25,returning,675
4592,154,EXP_PROMPT_01,control,2026-03-24T03:17,returning,151
4593,367,EXP_PROMPT_01,treatment,2026-03-30T09:33,new,243
4594,429,EXP_PROMPT_01,control,2026-04-06T01:27,returning,136
4595,463,EXP_MODEL_02,control,2026-03-24T05:56,enterprise,528
4596,250,EXP_MODEL_02,treatment,2026-03-30T16:29,new,404
4597,390,EXP_PROMPT_01,treatment,2026-04-05T23:04,returning,518
4598,528,EXP_PROMPT_01,treatment,2026-04-12T07:28,enterprise,657
4599,246,EXP_MODEL_02,control,2026-04-04T23:07,enterprise,615
4600,11,EXP_PROMPT_01,control,2026-04-04T23:40,enterprise,381
4601,580,EXP_MODEL_02,treatment,2026-04-23T08:49,enterprise,377
4602,527,EXP_PROMPT_01,control,2026-04-28T02:53,new,554
4603,358,EXP_MODEL_02,treatment,2026-03-07T17:35,new,17
4604,428,EXP_PROMPT_01,control,2026-04-19T03:35,returning,218
4605,86,EXP_MODEL_02,control,2026-04-11T23:55,returning,531
4606,306,EXP_PROMPT_01,treatment,2026-03-20T11:43,new,674
4607,142,EXP_MODEL_02,control,2026-03-28T01:54,new,622
4608,115,EXP_PROMPT_01,control,2026-03-10T02:18,enterprise,331
4609,96,EXP_PROMPT_01,treatment,2026-04-26T19:21,new,424
4610,299,EXP_PROMPT_01,treatment,2026-04-30T00:41,returning,431
4611,386,EXP_MODEL_02,control,2026-03-10T20:06,enterprise,359
4612,217,EXP_MODEL_02,control,2026-03-02T01:32,new,60
4613,8,EXP_MODEL_02,treatment,2026-03-24T10:42,returning,454
4614,375,EXP_MODEL_02,control,2026-03-08T15:55,enterprise,687
4615,220,EXP_PROMPT_01,control,2026-03-15T07:09,returning,169
4616,39,EXP_PROMPT_01,treatment,2026-04-26T09:04,returning,448
4617,441,EXP_PROMPT_01,treatment,2026-03-11T21:23,returning,306
4618,410,EXP_PROMPT_01,treatment,2026-03-18T06:34,returning,491
4619,592,EXP_PROMPT_01,control,2026-03-27T14:20,new,25
4620,528,EXP_MODEL_02,treatment,2026-03-31T11:44,new,130
4621,121,EXP_MODEL_02,control,2026-03-15T12:57,returning,331
4622,96,EXP_PROMPT_01,control,2026-03-11T03:56,returning,695
4623,369,EXP_MODEL_02,control,2026-03-20T13:49,enterprise,32
4624,43,EXP_MODEL_02,control,2026-04-27T11:37,new,636
4625,16,EXP_MODEL_02,control,2026-04-04T23:28,enterprise,67
4626,151,EXP_MODEL_02,treatment,2026-04-02T14:35,new,312
4627,169,EXP_MODEL_02,control,2026-03-30T01:18,returning,44
4628,116,EXP_MODEL_02,control,2026-04-27T23:47,enterprise,370
4629,366,EXP_PROMPT_01,treatment,2026-03-14T01:27,enterprise,596
4630,145,EXP_PROMPT_01,treatment,2026-03-25T12:17,returning,373
4631,11,EXP_PROMPT_01,control,2026-03-27T01:24,new,402
4632,491,EXP_PROMPT_01,treatment,2026-03-10T01:19,enterprise,676
4633,501,EXP_MODEL_02,control,2026-03-27T10:56,returning,308
4634,481,EXP_PROMPT_01,treatment,2026-04-10T14:30,returning,418
4635,131,EXP_MODEL_02,control,2026-03-04T07:46,enterprise,186
4636,206,EXP_MODEL_02,control,2026-04-01T07:29,enterprise,447
4637,13,EXP_PROMPT_01,treatment,2026-03-02T20:44,enterprise,494
4638,309,EXP_PROMPT_01,control,2026-04-02T13:03,enterprise,515
4639,123,EXP_PROMPT_01,treatment,2026-04-26T14:48,returning,239
4640,229,EXP_MODEL_02,control,2026-03-27T18:00,new,140
4641,449,EXP_MODEL_02,treatment,2026-04-12T01:27,new,356
4642,443,EXP_PROMPT_01,control,2026-04-26T09:08,enterprise,228
4643,554,EXP_MODEL_02,control,2026-03-03T00:24,new,407
4644,196,EXP_MODEL_02,control,2026-03-25T18:02,returning,18
4645,198,EXP_PROMPT_01,control,2026-03-06T02:51,new,188
4646,382,EXP_PROMPT_01,control,2026-04-30T20:42,enterprise,336
4647,137,EXP_PROMPT_01,control,2026-03-24T05:47,enterprise,12
4648,266,EXP_PROMPT_01,treatment,2026-04-29T12:04,enterprise,567
4649,411,EXP_PROMPT_01,control,2026-05-02T08:18,enterprise,335
4650,528,EXP_MODEL_02,treatment,2026-03-27T03:18,enterprise,557
4651,583,EXP_PROMPT_01,control,2026-04-20T09:29,returning,697
4652,585,EXP_MODEL_02,control,2026-03-17T18:23,returning,285
4653,537,EXP_MODEL_02,treatment,2026-04-24T22:44,returning,140
4654,299,EXP_PROMPT_01,control,2026-04-23T08:21,new,82
4655,581,EXP_MODEL_02,control,2026-04-19T22:27,enterprise,657
4656,10,EXP_MODEL_02,control,2026-03-04T09:02,enterprise,80
4657,404,EXP_MODEL_02,control,2026-03-10T14:07,new,74
4658,25,EXP_MODEL_02,treatment,2026-04-22T02:49,new,592
4659,256,EXP_MODEL_02,treatment,2026-03-08T04:04,new,39
4660,385,EXP_MODEL_02,control,2026-03-12T07:22,enterprise,663
4661,150,EXP_MODEL_02,treatment,2026-04-19T14:32,enterprise,544
4662,299,EXP_MODEL_02,control,2026-03-06T18:48,enterprise,323
4663,392,EXP_MODEL_02,treatment,2026-03-07T00:40,enterprise,308
4664,387,EXP_MODEL_02,control,2026-04-15T22:24,enterprise,69
4665,205,EXP_MODEL_02,treatment,2026-04-29T20:47,enterprise,631
4666,70,EXP_MODEL_02,control,2026-04-23T02:54,enterprise,675
4667,266,EXP_MODEL_02,control,2026-03-08T09:06,returning,85
4668,338,EXP_MODEL_02,control,2026-03-09T00:30,enterprise,334
4669,273,EXP_MODEL_02,control,2026-03-28T07:50,enterprise,229
4670,506,EXP_MODEL_02,control,2026-04-29T03:54,returning,455
4671,82,EXP_MODEL_02,treatment,2026-04-09T17:56,new,320
4672,382,EXP_PROMPT_01,control,2026-04-27T09:59,new,63
4673,469,EXP_PROMPT_01,treatment,2026-04-15T10:49,enterprise,517
4674,147,EXP_PROMPT_01,treatment,2026-05-02T08:11,enterprise,21
4675,197,EXP_PROMPT_01,treatment,2026-03-27T23:01,enterprise,255
4676,479,EXP_MODEL_02,treatment,2026-03-02T00:32,returning,638
4677,219,EXP_PROMPT_01,control,2026-03-30T21:23,returning,171
4678,141,EXP_PROMPT_01,control,2026-05-02T04:08,new,7
4679,341,EXP_PROMPT_01,control,2026-03-14T16:42,returning,607
4680,185,EXP_PROMPT_01,treatment,2026-04-29T17:34,enterprise,611
4681,501,EXP_MODEL_02,control,2026-04-24T04:21,returning,564
4682,123,EXP_MODEL_02,treatment,2026-03-11T20:43,new,642
4683,464,EXP_PROMPT_01,control,2026-04-08T16:20,new,649
4684,319,EXP_PROMPT_01,treatment,2026-03-21T18:27,new,126
4685,96,EXP_PROMPT_01,treatment,2026-04-05T06:35,new,44
4686,498,EXP_PROMPT_01,treatment,2026-04-25T08:11,new,210
4687,403,EXP_PROMPT_01,treatment,2026-03-24T12:34,returning,203
4688,518,EXP_PROMPT_01,control,2026-04-01T00:18,returning,475
4689,169,EXP_PROMPT_01,control,2026-04-05T22:21,new,451
4690,337,EXP_PROMPT_01,treatment,2026-04-25T16:30,enterprise,60
4691,145,EXP_MODEL_02,control,2026-04-22T00:08,new,300
4692,103,EXP_MODEL_02,treatment,2026-04-25T10:40,returning,124
4693,15,EXP_MODEL_02,control,2026-03-18T20:46,returning,361
4694,45,EXP_PROMPT_01,treatment,2026-04-18T08:27,new,533
4695,158,EXP_PROMPT_01,control,2026-04-01T02:07,returning,206
4696,559,EXP_MODEL_02,treatment,2026-04-13T07:07,enterprise,210
4697,452,EXP_MODEL_02,control,2026-04-10T12:59,returning,318
4698,151,EXP_PROMPT_01,treatment,2026-04-17T19:34,returning,618
4699,200,EXP_MODEL_02,control,2026-03-30T14:35,enterprise,202
4700,290,EXP_PROMPT_01,control,2026-04-15T14:24,new,685
4701,150,EXP_MODEL_02,control,2026-04-10T17:13,enterprise,325
4702,441,EXP_PROMPT_01,treatment,2026-03-13T06:46,returning,582
4703,152,EXP_PROMPT_01,treatment,2026-03-13T01:22,enterprise,525
4704,267,EXP_MODEL_02,treatment,2026-03-22T18:49,returning,222
4705,176,EXP_PROMPT_01,control,2026-03-23T16:16,enterprise,226
4706,561,EXP_MODEL_02,control,2026-03-04T15:09,returning,591
4707,224,EXP_MODEL_02,control,2026-03-10T18:14,new,640
4708,328,EXP_PROMPT_01,control,2026-04-26T02:52,returning,333
4709,259,EXP_MODEL_02,treatment,2026-03-12T14:46,new,452
4710,5,EXP_PROMPT_01,treatment,2026-03-03T09:30,enterprise,6
4711,95,EXP_MODEL_02,control,2026-03-15T19:41,returning,171
4712,326,EXP_PROMPT_01,treatment,2026-03-12T08:01,returning,387
4713,75,EXP_PROMPT_01,treatment,2026-04-26T01:54,new,113
4714,509,EXP_MODEL_02,treatment,2026-04-16T06:34,new,346
4715,10,EXP_PROMPT_01,control,2026-03-01T02:45,new,274
4716,270,EXP_PROMPT_01,treatment,2026-05-02T00:21,returning,615
4717,547,EXP_MODEL_02,control,2026-03-13T01:03,enterprise,602
4718,535,EXP_MODEL_02,control,2026-03-10T12:02,new,527
4719,314,EXP_MODEL_02,treatment,2026-03-01T02:46,returning,347
4720,176,EXP_MODEL_02,control,2026-04-25T08:48,enterprise,535
4721,578,EXP_MODEL_02,treatment,2026-03-05T05:04,enterprise,671
4722,446,EXP_MODEL_02,treatment,2026-04-22T02:43,enterprise,21
4723,84,EXP_PROMPT_01,treatment,2026-04-01T15:21,returning,659
4724,289,EXP_PROMPT_01,treatment,2026-03-01T04:12,new,124
4725,164,EXP_PROMPT_01,control,2026-04-06T15:04,enterprise,399
4726,521,EXP_MODEL_02,treatment,2026-03-09T02:03,enterprise,96
4727,530,EXP_PROMPT_01,treatment,2026-05-01T15:16,new,24
4728,579,EXP_MODEL_02,control,2026-04-14T19:11,new,36
4729,461,EXP_MODEL_02,control,2026-04-16T05:26,new,408
4730,505,EXP_PROMPT_01,control,2026-03-21T15:32,returning,688
4731,243,EXP_MODEL_02,treatment,2026-03-04T10:39,returning,123
4732,39,EXP_MODEL_02,control,2026-04-17T21:23,new,433
4733,571,EXP_PROMPT_01,control,2026-03-08T13:44,new,194
4734,58,EXP_PROMPT_01,treatment,2026-04-19T07:02,new,609
4735,62,EXP_MODEL_02,treatment,2026-05-02T11:06,new,371
4736,595,EXP_MODEL_02,treatment,2026-04-01T16:41,returning,407
4737,262,EXP_MODEL_02,control,2026-03-01T01:45,returning,181
4738,6,EXP_MODEL_02,control,2026-03-06T07:00,returning,342
4739,376,EXP_PROMPT_01,treatment,2026-03-28T19:33,returning,277
4740,33,EXP_MODEL_02,control,2026-03-13T00:32,enterprise,47
4741,430,EXP_MODEL_02,treatment,2026-04-17T16:19,new,186
4742,196,EXP_PROMPT_01,treatment,2026-03-17T12:03,enterprise,154
4743,87,EXP_MODEL_02,treatment,2026-03-06T19:42,returning,373
4744,556,EXP_PROMPT_01,control,2026-04-15T05:50,new,59
4745,136,EXP_MODEL_02,treatment,2026-04-18T23:31,returning,118
4746,221,EXP_MODEL_02,control,2026-03-11T00:25,new,162
4747,71,EXP_MODEL_02,control,2026-03-31T11:08,returning,493
4748,67,EXP_MODEL_02,treatment,2026-04-10T08:54,returning,591
4749,269,EXP_PROMPT_01,control,2026-03-19T04:54,returning,418
4750,111,EXP_PROMPT_01,control,2026-04-02T10:13,enterprise,200
4751,54,EXP_PROMPT_01,control,2026-03-31T07:02,returning,691
4752,249,EXP_PROMPT_01,control,2026-03-09T22:15,enterprise,269
4753,422,EXP_MODEL_02,treatment,2026-03-23T01:54,enterprise,680
4754,260,EXP_PROMPT_01,control,2026-03-19T06:43,enterprise,350
4755,389,EXP_PROMPT_01,treatment,2026-04-19T04:16,returning,38
4756,381,EXP_MODEL_02,control,2026-04-06T22:48,new,549
4757,120,EXP_MODEL_02,control,2026-04-02T16:11,enterprise,603
4758,336,EXP_PROMPT_01,treatment,2026-03-07T13:08,returning,599
4759,94,EXP_PROMPT_01,control,2026-03-14T02:21,returning,86
4760,9,EXP_MODEL_02,treatment,2026-03-15T00:12,returning,131
4761,593,EXP_PROMPT_01,treatment,2026-03-04T19:16,new,199
4762,525,EXP_MODEL_02,control,2026-03-21T09:03,enterprise,125
4763,530,EXP_PROMPT_01,treatment,2026-03-04T14:02,enterprise,188
4764,24,EXP_PROMPT_01,control,2026-04-03T06:39,returning,285
4765,224,EXP_PROMPT_01,control,2026-04-04T17:42,enterprise,175
4766,200,EXP_PROMPT_01,control,2026-03-14T03:37,returning,188
4767,588,EXP_PROMPT_01,treatment,2026-03-13T23:12,returning,448
4768,444,EXP_PROMPT_01,control,2026-04-23T07:31,enterprise,585
4769,14,EXP_PROMPT_01,control,2026-03-18T15:01,new,611
4770,103,EXP_PROMPT_01,treatment,2026-04-12T07:38,enterprise,40
4771,249,EXP_PROMPT_01,control,2026-03-21T10:54,new,37
4772,6,EXP_MODEL_02,control,2026-04-14T15:13,new,270
4773,463,EXP_MODEL_02,treatment,2026-04-09T20:37,returning,305
4774,237,EXP_MODEL_02,treatment,2026-04-12T23:13,enterprise,534
4775,461,EXP_PROMPT_01,treatment,2026-03-17T08:01,enterprise,440
4776,355,EXP_MODEL_02,treatment,2026-03-05T05:28,new,699
4777,348,EXP_PROMPT_01,control,2026-03-10T00:59,new,191
4778,189,EXP_PROMPT_01,treatment,2026-04-24T21:18,enterprise,122
4779,188,EXP_PROMPT_01,control,2026-04-05T20:07,new,260
4780,298,EXP_MODEL_02,treatment,2026-04-27T10:32,returning,345
4781,296,EXP_PROMPT_01,control,2026-04-06T02:43,enterprise,674
4782,407,EXP_MODEL_02,control,2026-03-09T01:32,returning,5
4783,276,EXP_PROMPT_01,control,2026-04-07T05:13,enterprise,452
4784,498,EXP_MODEL_02,control,2026-04-03T03:10,new,25
4785,25,EXP_PROMPT_01,treatment,2026-03-21T01:29,returning,10
4786,507,EXP_PROMPT_01,control,2026-03-15T12:47,new,470
4787,146,EXP_PROMPT_01,control,2026-04-28T01:57,new,611
4788,309,EXP_MODEL_02,treatment,2026-04-10T23:35,returning,508
4789,410,EXP_PROMPT_01,treatment,2026-03-09T18:08,returning,578
4790,275,EXP_PROMPT_01,treatment,2026-03-19T03:36,enterprise,677
4791,78,EXP_MODEL_02,treatment,2026-03-30T01:40,new,529
4792,197,EXP_MODEL_02,control,2026-04-02T14:51,new,339
4793,191,EXP_PROMPT_01,control,2026-04-25T06:22,enterprise,79
4794,147,EXP_PROMPT_01,treatment,2026-03-01T19:21,returning,691
4795,85,EXP_MODEL_02,treatment,2026-04-07T10:20,returning,379
4796,186,EXP_MODEL_02,treatment,2026-03-22T06:27,enterprise,319
4797,337,EXP_PROMPT_01,control,2026-03-14T02:09,returning,335
4798,357,EXP_MODEL_02,control,2026-03-15T09:06,new,530
4799,496,EXP_MODEL_02,control,2026-03-28T21:24,returning,49
4800,70,EXP_MODEL_02,treatment,2026-04-06T18:59,new,456
4801,160,EXP_MODEL_02,treatment,2026-03-11T04:53,new,78
4802,569,EXP_PROMPT_01,control,2026-03-24T17:53,returning,424
4803,190,EXP_PROMPT_01,control,2026-04-21T02:45,returning,280
4804,74,EXP_PROMPT_01,control,2026-04-08T20:47,returning,111
4805,199,EXP_PROMPT_01,control,2026-03-28T01:58,enterprise,215
4806,335,EXP_MODEL_02,control,2026-05-01T21:14,returning,552
4807,31,EXP_MODEL_02,treatment,2026-04-03T20:13,enterprise,89
4808,357,EXP_PROMPT_01,treatment,2026-04-14T11:14,enterprise,29
4809,484,EXP_MODEL_02,control,2026-03-26T11:44,new,366
4810,251,EXP_MODEL_02,treatment,2026-04-30T14:55,enterprise,38
4811,562,EXP_MODEL_02,control,2026-04-26T17:58,enterprise,68
4812,507,EXP_PROMPT_01,control,2026-04-13T07:47,enterprise,286
4813,233,EXP_MODEL_02,treatment,2026-03-29T03:47,enterprise,629
4814,210,EXP_PROMPT_01,treatment,2026-04-07T00:24,returning,528
4815,459,EXP_MODEL_02,control,2026-04-11T06:59,new,620
4816,103,EXP_MODEL_02,control,2026-03-05T14:33,new,678
4817,274,EXP_PROMPT_01,treatment,2026-03-06T00:02,returning,555
4818,478,EXP_MODEL_02,treatment,2026-03-30T23:18,returning,405
4819,446,EXP_PROMPT_01,control,2026-04-01T02:30,enterprise,3
4820,265,EXP_PROMPT_01,treatment,2026-04-27T21:48,enterprise,422
4821,18,EXP_MODEL_02,control,2026-04-07T11:13,returning,65
4822,472,EXP_MODEL_02,control,2026-04-11T20:22,returning,135
4823,261,EXP_MODEL_02,control,2026-04-03T18:03,returning,643
4824,534,EXP_PROMPT_01,control,2026-03-05T22:55,enterprise,587
4825,401,EXP_PROMPT_01,treatment,2026-03-24T09:53,new,458
4826,359,EXP_PROMPT_01,control,2026-04-29T01:20,new,425
4827,314,EXP_PROMPT_01,control,2026-03-02T09:41,enterprise,635
4828,91,EXP_PROMPT_01,control,2026-04-29T04:40,new,402
4829,212,EXP_PROMPT_01,treatment,2026-04-29T00:18,returning,679
4830,331,EXP_PROMPT_01,treatment,2026-04-22T06:43,new,377
4831,429,EXP_PROMPT_01,treatment,2026-04-05T01:08,enterprise,570
4832,322,EXP_MODEL_02,treatment,2026-03-16T23:40,returning,496
4833,10,EXP_MODEL_02,control,2026-03-26T12:21,enterprise,90
4834,464,EXP_PROMPT_01,treatment,2026-03-11T04:41,returning,303
4835,170,EXP_PROMPT_01,control,2026-03-21T06:22,enterprise,91
4836,173,EXP_PROMPT_01,control,2026-03-13T15:55,returning,510
4837,305,EXP_MODEL_02,treatment,2026-03-06T05:21,new,502
4838,74,EXP_PROMPT_01,control,2026-04-07T23:33,enterprise,356
4839,374,EXP_PROMPT_01,treatment,2026-03-04T10:15,new,609
4840,147,EXP_MODEL_02,control,2026-03-20T17:41,enterprise,578
4841,496,EXP_PROMPT_01,treatment,2026-04-02T00:27,new,392
4842,453,EXP_MODEL_02,treatment,2026-04-28T03:55,new,172
4843,146,EXP_MODEL_02,treatment,2026-03-24T15:25,new,170
4844,344,EXP_MODEL_02,control,2026-04-10T17:03,returning,636
4845,523,EXP_MODEL_02,treatment,2026-03-26T08:30,new,97
4846,62,EXP_MODEL_02,control,2026-04-13T18:03,new,531
4847,347,EXP_PROMPT_01,control,2026-04-02T14:24,enterprise,65
4848,169,EXP_MODEL_02,treatment,2026-03-31T15:33,enterprise,24
4849,373,EXP_MODEL_02,treatment,2026-03-25T03:48,returning,617
4850,563,EXP_MODEL_02,control,2026-04-15T05:31,enterprise,525
4851,482,EXP_MODEL_02,treatment,2026-03-15T18:26,enterprise,325
4852,248,EXP_PROMPT_01,treatment,2026-03-26T11:15,new,695
4853,559,EXP_MODEL_02,treatment,2026-04-14T20:37,returning,159
4854,441,EXP_PROMPT_01,treatment,2026-03-28T17:46,new,578
4855,381,EXP_PROMPT_01,control,2026-04-28T01:48,new,41
4856,206,EXP_MODEL_02,treatment,2026-03-02T11:05,new,77
4857,19,EXP_PROMPT_01,treatment,2026-03-04T03:18,new,266
4858,96,EXP_PROMPT_01,control,2026-04-13T02:16,returning,120
4859,471,EXP_PROMPT_01,treatment,2026-04-17T22:39,enterprise,355
4860,137,EXP_PROMPT_01,control,2026-04-17T10:05,enterprise,593
4861,173,EXP_PROMPT_01,control,2026-03-11T04:18,new,700
4862,359,EXP_MODEL_02,treatment,2026-03-13T00:18,new,124
4863,203,EXP_MODEL_02,control,2026-04-13T04:05,returning,18
4864,42,EXP_PROMPT_01,control,2026-04-24T09:54,new,673
4865,74,EXP_MODEL_02,control,2026-03-10T05:01,returning,621
4866,49,EXP_MODEL_02,treatment,2026-04-21T22:32,returning,552
4867,328,EXP_MODEL_02,control,2026-03-03T07:14,returning,142
4868,189,EXP_PROMPT_01,control,2026-03-19T20:21,new,7
4869,61,EXP_PROMPT_01,treatment,2026-03-27T15:21,enterprise,284
4870,509,EXP_PROMPT_01,control,2026-04-18T16:11,enterprise,690
4871,316,EXP_PROMPT_01,treatment,2026-03-26T21:10,enterprise,119
4872,99,EXP_MODEL_02,treatment,2026-04-03T20:48,returning,18
4873,490,EXP_MODEL_02,treatment,2026-03-15T03:10,new,677
4874,301,EXP_PROMPT_01,treatment,2026-04-14T01:00,enterprise,77
4875,387,EXP_MODEL_02,control,2026-04-18T20:33,returning,257
4876,74,EXP_PROMPT_01,control,2026-03-08T22:57,enterprise,52
4877,164,EXP_MODEL_02,treatment,2026-03-25T13:47,enterprise,86
4878,186,EXP_MODEL_02,control,2026-03-10T19:33,new,198
4879,28,EXP_PROMPT_01,treatment,2026-03-02T07:17,returning,493
4880,420,EXP_MODEL_02,control,2026-03-28T01:58,returning,528
4881,138,EXP_PROMPT_01,control,2026-03-10T09:25,new,75
4882,549,EXP_PROMPT_01,treatment,2026-03-10T10:32,returning,120
4883,213,EXP_MODEL_02,control,2026-03-31T11:50,returning,182
4884,370,EXP_MODEL_02,treatment,2026-03-21T10:53,enterprise,619
4885,301,EXP_PROMPT_01,control,2026-04-30T01:31,returning,21
4886,222,EXP_MODEL_02,control,2026-03-11T09:24,enterprise,128
4887,9,EXP_PROMPT_01,treatment,2026-03-11T13:49,enterprise,22
4888,397,EXP_MODEL_02,control,2026-04-15T16:11,returning,181
4889,489,EXP_MODEL_02,treatment,2026-04-30T10:50,enterprise,163
4890,11,EXP_MODEL_02,control,2026-04-28T11:27,new,46
4891,224,EXP_PROMPT_01,control,2026-04-09T07:16,new,234
4892,386,EXP_PROMPT_01,control,2026-03-25T17:17,new,162
4893,476,EXP_PROMPT_01,control,2026-03-01T06:00,new,358
4894,93,EXP_PROMPT_01,treatment,2026-03-10T10:06,new,59
4895,473,EXP_PROMPT_01,treatment,2026-04-19T19:02,enterprise,347
4896,412,EXP_MODEL_02,control,2026-03-30T03:41,enterprise,147
4897,578,EXP_MODEL_02,treatment,2026-03-30T02:59,enterprise,104
4898,437,EXP_PROMPT_01,treatment,2026-04-18T21:16,enterprise,152
4899,81,EXP_MODEL_02,control,2026-05-01T20:54,new,440
4900,5,EXP_MODEL_02,treatment,2026-03-25T11:17,enterprise,92
4901,162,EXP_PROMPT_01,treatment,2026-04-19T04:39,returning,411
4902,40,EXP_MODEL_02,control,2026-03-22T11:00,new,481
4903,314,EXP_PROMPT_01,treatment,2026-04-02T18:33,new,344
4904,583,EXP_PROMPT_01,treatment,2026-04-09T13:32,enterprise,383
4905,528,EXP_MODEL_02,control,2026-03-24T19:00,enterprise,640
4906,253,EXP_PROMPT_01,control,2026-04-02T17:25,enterprise,364
4907,459,EXP_PROMPT_01,control,2026-04-29T11:40,new,620
4908,420,EXP_MODEL_02,treatment,2026-04-14T16:48,enterprise,558
4909,340,EXP_PROMPT_01,control,2026-03-16T18:37,enterprise,637
4910,247,EXP_PROMPT_01,treatment,2026-04-05T07:23,enterprise,377
4911,582,EXP_MODEL_02,treatment,2026-03-05T19:05,enterprise,517
4912,288,EXP_MODEL_02,control,2026-04-02T16:53,returning,700
4913,244,EXP_PROMPT_01,treatment,2026-04-22T19:32,returning,294
4914,544,EXP_MODEL_02,treatment,2026-03-18T15:24,new,422
4915,424,EXP_PROMPT_01,control,2026-03-26T21:54,new,204
4916,146,EXP_MODEL_02,control,2026-04-25T00:13,returning,78
4917,24,EXP_PROMPT_01,treatment,2026-03-13T09:19,returning,571
4918,415,EXP_PROMPT_01,control,2026-04-05T17:50,enterprise,424
4919,203,EXP_MODEL_02,control,2026-04-11T07:28,new,328
4920,520,EXP_MODEL_02,control,2026-03-04T01:10,returning,351
4921,129,EXP_MODEL_02,treatment,2026-03-31T12:33,new,393
4922,153,EXP_MODEL_02,control,2026-04-04T20:31,returning,450
4923,529,EXP_MODEL_02,treatment,2026-03-21T13:06,new,464
4924,142,EXP_MODEL_02,treatment,2026-04-25T12:39,returning,525
4925,19,EXP_MODEL_02,control,2026-03-20T02:05,enterprise,357
4926,551,EXP_MODEL_02,control,2026-03-02T18:56,returning,545
4927,226,EXP_MODEL_02,treatment,2026-03-07T09:33,enterprise,57
4928,6,EXP_MODEL_02,control,2026-03-11T18:42,returning,74
4929,406,EXP_MODEL_02,control,2026-03-01T04:14,new,30
4930,536,EXP_PROMPT_01,treatment,2026-04-04T05:53,enterprise,490
4931,112,EXP_PROMPT_01,control,2026-04-16T07:39,returning,534
4932,138,EXP_MODEL_02,treatment,2026-04-10T08:45,enterprise,386
4933,542,EXP_MODEL_02,control,2026-04-23T12:36,enterprise,115
4934,297,EXP_PROMPT_01,treatment,2026-04-10T15:28,new,420
4935,302,EXP_PROMPT_01,treatment,2026-04-18T03:52,enterprise,629
4936,398,EXP_PROMPT_01,treatment,2026-04-09T08:58,new,661
4937,98,EXP_PROMPT_01,control,2026-03-03T00:02,new,359
4938,479,EXP_MODEL_02,control,2026-03-30T07:42,enterprise,405
4939,91,EXP_MODEL_02,control,2026-03-26T14:58,enterprise,416
4940,72,EXP_MODEL_02,treatment,2026-04-26T15:32,new,178
4941,371,EXP_PROMPT_01,control,2026-04-01T15:21,enterprise,604
4942,75,EXP_MODEL_02,control,2026-04-09T12:40,returning,98
4943,585,EXP_MODEL_02,treatment,2026-04-12T05:08,new,203
4944,335,EXP_PROMPT_01,control,2026-03-23T22:46,enterprise,418
4945,465,EXP_PROMPT_01,control,2026-03-01T14:34,returning,603
4946,408,EXP_PROMPT_01,control,2026-03-16T22:31,new,166
4947,59,EXP_MODEL_02,control,2026-03-18T11:25,new,190
4948,135,EXP_PROMPT_01,treatment,2026-03-14T17:44,new,342
4949,109,EXP_MODEL_02,control,2026-03-25T22:07,new,159
4950,430,EXP_MODEL_02,control,2026-04-05T08:58,new,112
4951,484,EXP_PROMPT_01,treatment,2026-04-15T05:33,enterprise,567
4952,224,EXP_MODEL_02,treatment,2026-04-19T20:42,new,274
4953,333,EXP_MODEL_02,treatment,2026-04-08T07:38,enterprise,41
4954,510,EXP_PROMPT_01,control,2026-04-15T07:47,enterprise,43
4955,201,EXP_PROMPT_01,treatment,2026-04-05T01:45,returning,194
4956,411,EXP_PROMPT_01,treatment,2026-03-24T14:11,new,88
4957,363,EXP_PROMPT_01,control,2026-03-08T03:01,enterprise,92
4958,565,EXP_PROMPT_01,treatment,2026-03-26T19:22,returning,687
4959,584,EXP_MODEL_02,control,2026-03-22T23:32,new,165
4960,88,EXP_MODEL_02,control,2026-04-08T09:17,enterprise,42
4961,535,EXP_PROMPT_01,treatment,2026-04-25T13:44,returning,411
4962,421,EXP_MODEL_02,treatment,2026-04-01T15:48,returning,614
4963,482,EXP_PROMPT_01,control,2026-04-02T21:32,enterprise,61
4964,452,EXP_PROMPT_01,control,2026-04-22T21:20,returning,473
4965,451,EXP_PROMPT_01,treatment,2026-03-28T18:28,returning,190
4966,467,EXP_PROMPT_01,treatment,2026-04-13T22:49,returning,101
4967,50,EXP_MODEL_02,control,2026-03-13T00:29,returning,300
4968,402,EXP_MODEL_02,treatment,2026-04-26T05:59,returning,429
4969,97,EXP_PROMPT_01,control,2026-03-27T15:17,new,383
4970,45,EXP_PROMPT_01,treatment,2026-03-08T06:35,returning,382
4971,548,EXP_MODEL_02,control,2026-04-29T00:06,enterprise,617
4972,305,EXP_PROMPT_01,treatment,2026-03-23T22:40,enterprise,348
4973,117,EXP_PROMPT_01,treatment,2026-05-02T11:15,returning,227
4974,210,EXP_PROMPT_01,control,2026-04-15T16:03,enterprise,213
4975,178,EXP_MODEL_02,treatment,2026-04-04T01:34,enterprise,546
4976,2,EXP_MODEL_02,control,2026-04-27T00:36,new,263
4977,339,EXP_PROMPT_01,control,2026-04-02T18:11,returning,325
4978,105,EXP_PROMPT_01,control,2026-03-30T19:26,returning,443
4979,32,EXP_PROMPT_01,control,2026-05-02T06:40,enterprise,628
4980,186,EXP_PROMPT_01,control,2026-04-14T11:41,enterprise,323
4981,556,EXP_PROMPT_01,treatment,2026-04-02T07:10,returning,700
4982,77,EXP_MODEL_02,treatment,2026-03-11T08:26,new,627
4983,506,EXP_PROMPT_01,control,2026-04-22T10:00,new,470
4984,494,EXP_PROMPT_01,treatment,2026-04-06T12:03,returning,573
4985,321,EXP_MODEL_02,control,2026-04-18T14:13,new,506
4986,45,EXP_MODEL_02,treatment,2026-04-01T07:03,enterprise,33
4987,112,EXP_MODEL_02,control,2026-04-15T19:35,new,596
4988,5,EXP_MODEL_02,control,2026-03-11T09:59,returning,177
4989,507,EXP_MODEL_02,control,2026-04-15T11:12,enterprise,416
4990,63,EXP_MODEL_02,control,2026-03-07T00:05,enterprise,318
4991,382,EXP_PROMPT_01,treatment,2026-03-23T05:17,returning,345
4992,435,EXP_MODEL_02,control,2026-04-16T04:52,enterprise,385
4993,417,EXP_PROMPT_01,control,2026-04-04T12:32,enterprise,537
4994,33,EXP_MODEL_02,treatment,2026-03-03T23:31,new,139
4995,259,EXP_MODEL_02,treatment,2026-03-31T13:39,enterprise,444
4996,145,EXP_MODEL_02,treatment,2026-04-12T09:15,returning,304
4997,561,EXP_MODEL_02,control,2026-04-25T12:27,new,642
4998,308,EXP_PROMPT_01,treatment,2026-04-29T02:06,new,405
4999,245,EXP_PROMPT_01,control,2026-03-22T03:28,new,35
5000,421,EXP_MODEL_02,treatment,2026-03-19T21:27,returning,270
