ticket_id,experiment_name,variant
1,agent_assist_aug26,control
2,agent_assist_aug26,treatment
3,agent_assist_aug26,control
4,agent_assist_aug26,treatment
5,agent_assist_aug26,control
6,agent_assist_aug26,treatment
7,agent_assist_aug26,control
8,agent_assist_aug26,treatment
9,agent_assist_aug26,control
10,agent_assist_aug26,treatment
11,agent_assist_aug26,control
12,agent_assist_aug26,treatment
13,agent_assist_aug26,control
14,agent_assist_aug26,treatment
15,agent_assist_aug26,control
16,agent_assist_aug26,treatment
17,agent_assist_aug26,control
18,agent_assist_aug26,treatment
19,agent_assist_aug26,control
20,agent_assist_aug26,treatment
21,agent_assist_aug26,control
22,agent_assist_aug26,treatment
23,agent_assist_aug26,control
24,agent_assist_aug26,treatment
25,agent_assist_aug26,control
26,agent_assist_aug26,treatment
27,agent_assist_aug26,control
28,agent_assist_aug26,treatment
29,agent_assist_aug26,control
30,agent_assist_aug26,treatment
31,agent_assist_aug26,control
32,agent_assist_aug26,treatment
33,agent_assist_aug26,control
34,agent_assist_aug26,treatment
35,agent_assist_aug26,control
36,agent_assist_aug26,treatment
37,agent_assist_aug26,control
38,agent_assist_aug26,treatment
39,agent_assist_aug26,control
40,agent_assist_aug26,treatment
41,agent_assist_aug26,control
42,agent_assist_aug26,treatment
43,agent_assist_aug26,control
44,agent_assist_aug26,treatment
45,agent_assist_aug26,control
46,agent_assist_aug26,treatment
47,agent_assist_aug26,control
48,agent_assist_aug26,treatment
49,agent_assist_aug26,control
50,agent_assist_aug26,treatment
51,agent_assist_aug26,control
52,agent_assist_aug26,treatment
53,agent_assist_aug26,control
54,agent_assist_aug26,treatment
55,agent_assist_aug26,control
56,agent_assist_aug26,treatment
57,agent_assist_aug26,control
58,agent_assist_aug26,treatment
59,agent_assist_aug26,control
60,agent_assist_aug26,treatment
61,agent_assist_aug26,control
62,agent_assist_aug26,treatment
63,agent_assist_aug26,control
64,agent_assist_aug26,treatment
65,agent_assist_aug26,control
66,agent_assist_aug26,treatment
67,agent_assist_aug26,control
68,agent_assist_aug26,treatment
69,agent_assist_aug26,control
70,agent_assist_aug26,treatment
71,agent_assist_aug26,control
72,agent_assist_aug26,treatment
73,agent_assist_aug26,control
74,agent_assist_aug26,treatment
75,agent_assist_aug26,control
76,agent_assist_aug26,treatment
77,agent_assist_aug26,control
78,agent_assist_aug26,treatment
79,agent_assist_aug26,control
80,agent_assist_aug26,treatment
81,agent_assist_aug26,control
82,agent_assist_aug26,treatment
83,agent_assist_aug26,control
84,agent_assist_aug26,treatment
85,agent_assist_aug26,control
86,agent_assist_aug26,treatment
87,agent_assist_aug26,control
88,agent_assist_aug26,treatment
89,agent_assist_aug26,control
90,agent_assist_aug26,treatment
91,agent_assist_aug26,control
92,agent_assist_aug26,treatment
93,agent_assist_aug26,control
94,agent_assist_aug26,treatment
95,agent_assist_aug26,control
96,agent_assist_aug26,treatment
97,agent_assist_aug26,control
98,agent_assist_aug26,treatment
99,agent_assist_aug26,control
100,agent_assist_aug26,treatment
101,agent_assist_aug26,control
102,agent_assist_aug26,treatment
103,agent_assist_aug26,control
104,agent_assist_aug26,treatment
105,agent_assist_aug26,control
106,agent_assist_aug26,treatment
107,agent_assist_aug26,control
108,agent_assist_aug26,treatment
109,agent_assist_aug26,control
110,agent_assist_aug26,treatment
111,agent_assist_aug26,control
112,agent_assist_aug26,treatment
113,agent_assist_aug26,control
114,agent_assist_aug26,treatment
115,agent_assist_aug26,control
116,agent_assist_aug26,treatment
117,agent_assist_aug26,control
118,agent_assist_aug26,treatment
119,agent_assist_aug26,control
120,agent_assist_aug26,treatment
121,agent_assist_aug26,control
122,agent_assist_aug26,treatment
123,agent_assist_aug26,control
124,agent_assist_aug26,treatment
125,agent_assist_aug26,control
126,agent_assist_aug26,treatment
127,agent_assist_aug26,control
128,agent_assist_aug26,treatment
129,agent_assist_aug26,control
130,agent_assist_aug26,treatment
131,agent_assist_aug26,control
132,agent_assist_aug26,treatment
133,agent_assist_aug26,control
134,agent_assist_aug26,treatment
135,agent_assist_aug26,control
136,agent_assist_aug26,treatment
137,agent_assist_aug26,control
138,agent_assist_aug26,treatment
139,agent_assist_aug26,control
140,agent_assist_aug26,treatment
141,agent_assist_aug26,control
142,agent_assist_aug26,treatment
143,agent_assist_aug26,control
144,agent_assist_aug26,treatment
145,agent_assist_aug26,control
146,agent_assist_aug26,treatment
147,agent_assist_aug26,control
148,agent_assist_aug26,treatment
149,agent_assist_aug26,control
150,agent_assist_aug26,treatment
151,agent_assist_aug26,control
152,agent_assist_aug26,treatment
153,agent_assist_aug26,control
154,agent_assist_aug26,treatment
155,agent_assist_aug26,control
156,agent_assist_aug26,treatment
157,agent_assist_aug26,control
158,agent_assist_aug26,treatment
159,agent_assist_aug26,control
160,agent_assist_aug26,treatment
161,agent_assist_aug26,control
162,agent_assist_aug26,treatment
163,agent_assist_aug26,control
164,agent_assist_aug26,treatment
165,agent_assist_aug26,control
166,agent_assist_aug26,treatment
167,agent_assist_aug26,control
168,agent_assist_aug26,treatment
169,agent_assist_aug26,control
170,agent_assist_aug26,treatment
171,agent_assist_aug26,control
172,agent_assist_aug26,treatment
173,agent_assist_aug26,control
174,agent_assist_aug26,treatment
175,agent_assist_aug26,control
176,agent_assist_aug26,treatment
177,agent_assist_aug26,control
178,agent_assist_aug26,treatment
179,agent_assist_aug26,control
180,agent_assist_aug26,treatment
181,agent_assist_aug26,control
182,agent_assist_aug26,treatment
183,agent_assist_aug26,control
184,agent_assist_aug26,treatment
185,agent_assist_aug26,control
186,agent_assist_aug26,treatment
187,agent_assist_aug26,control
188,agent_assist_aug26,treatment
189,agent_assist_aug26,control
190,agent_assist_aug26,treatment
191,agent_assist_aug26,control
192,agent_assist_aug26,treatment
193,agent_assist_aug26,control
194,agent_assist_aug26,treatment
195,agent_assist_aug26,control
196,agent_assist_aug26,treatment
197,agent_assist_aug26,control
198,agent_assist_aug26,treatment
199,agent_assist_aug26,control
200,agent_assist_aug26,treatment
201,agent_assist_aug26,control
202,agent_assist_aug26,treatment
203,agent_assist_aug26,control
204,agent_assist_aug26,treatment
205,agent_assist_aug26,control
206,agent_assist_aug26,treatment
207,agent_assist_aug26,control
208,agent_assist_aug26,treatment
209,agent_assist_aug26,control
210,agent_assist_aug26,treatment
211,agent_assist_aug26,control
212,agent_assist_aug26,treatment
213,agent_assist_aug26,control
214,agent_assist_aug26,treatment
215,agent_assist_aug26,control
216,agent_assist_aug26,treatment
217,agent_assist_aug26,control
218,agent_assist_aug26,treatment
219,agent_assist_aug26,control
220,agent_assist_aug26,treatment
221,agent_assist_aug26,control
222,agent_assist_aug26,treatment
223,agent_assist_aug26,control
224,agent_assist_aug26,treatment
225,agent_assist_aug26,control
226,agent_assist_aug26,treatment
227,agent_assist_aug26,control
228,agent_assist_aug26,treatment
229,agent_assist_aug26,control
230,agent_assist_aug26,treatment
231,agent_assist_aug26,control
232,agent_assist_aug26,treatment
233,agent_assist_aug26,control
234,agent_assist_aug26,treatment
235,agent_assist_aug26,control
236,agent_assist_aug26,treatment
237,agent_assist_aug26,control
238,agent_assist_aug26,treatment
239,agent_assist_aug26,control
240,agent_assist_aug26,treatment
241,agent_assist_aug26,control
242,agent_assist_aug26,treatment
243,agent_assist_aug26,control
244,agent_assist_aug26,treatment
245,agent_assist_aug26,control
246,agent_assist_aug26,treatment
247,agent_assist_aug26,control
248,agent_assist_aug26,treatment
249,agent_assist_aug26,control
250,agent_assist_aug26,treatment
251,agent_assist_aug26,control
252,agent_assist_aug26,treatment
253,agent_assist_aug26,control
254,agent_assist_aug26,treatment
255,agent_assist_aug26,control
256,agent_assist_aug26,treatment
257,agent_assist_aug26,control
258,agent_assist_aug26,treatment
259,agent_assist_aug26,control
260,agent_assist_aug26,treatment
261,agent_assist_aug26,control
262,agent_assist_aug26,treatment
263,agent_assist_aug26,control
264,agent_assist_aug26,treatment
265,agent_assist_aug26,control
266,agent_assist_aug26,treatment
267,agent_assist_aug26,control
268,agent_assist_aug26,treatment
269,agent_assist_aug26,control
270,agent_assist_aug26,treatment
271,agent_assist_aug26,control
272,agent_assist_aug26,treatment
273,agent_assist_aug26,control
274,agent_assist_aug26,treatment
275,agent_assist_aug26,control
276,agent_assist_aug26,treatment
277,agent_assist_aug26,control
278,agent_assist_aug26,treatment
279,agent_assist_aug26,control
280,agent_assist_aug26,treatment
281,agent_assist_aug26,control
282,agent_assist_aug26,treatment
283,agent_assist_aug26,control
284,agent_assist_aug26,treatment
285,agent_assist_aug26,control
286,agent_assist_aug26,treatment
287,agent_assist_aug26,control
288,agent_assist_aug26,treatment
289,agent_assist_aug26,control
290,agent_assist_aug26,treatment
291,agent_assist_aug26,control
292,agent_assist_aug26,treatment
293,agent_assist_aug26,control
294,agent_assist_aug26,treatment
295,agent_assist_aug26,control
296,agent_assist_aug26,treatment
297,agent_assist_aug26,control
298,agent_assist_aug26,treatment
299,agent_assist_aug26,control
300,agent_assist_aug26,treatment
301,agent_assist_aug26,control
302,agent_assist_aug26,treatment
303,agent_assist_aug26,control
304,agent_assist_aug26,treatment
305,agent_assist_aug26,control
306,agent_assist_aug26,treatment
307,agent_assist_aug26,control
308,agent_assist_aug26,treatment
309,agent_assist_aug26,control
310,agent_assist_aug26,treatment
311,agent_assist_aug26,control
312,agent_assist_aug26,treatment
313,agent_assist_aug26,control
314,agent_assist_aug26,treatment
315,agent_assist_aug26,control
316,agent_assist_aug26,treatment
317,agent_assist_aug26,control
318,agent_assist_aug26,treatment
319,agent_assist_aug26,control
320,agent_assist_aug26,treatment
321,agent_assist_aug26,control
322,agent_assist_aug26,treatment
323,agent_assist_aug26,control
324,agent_assist_aug26,treatment
325,agent_assist_aug26,control
326,agent_assist_aug26,treatment
327,agent_assist_aug26,control
328,agent_assist_aug26,treatment
329,agent_assist_aug26,control
330,agent_assist_aug26,treatment
331,agent_assist_aug26,control
332,agent_assist_aug26,treatment
333,agent_assist_aug26,control
334,agent_assist_aug26,treatment
335,agent_assist_aug26,control
336,agent_assist_aug26,treatment
337,agent_assist_aug26,control
338,agent_assist_aug26,treatment
339,agent_assist_aug26,control
340,agent_assist_aug26,treatment
341,agent_assist_aug26,control
342,agent_assist_aug26,treatment
343,agent_assist_aug26,control
344,agent_assist_aug26,treatment
345,agent_assist_aug26,control
346,agent_assist_aug26,treatment
347,agent_assist_aug26,control
348,agent_assist_aug26,treatment
349,agent_assist_aug26,control
350,agent_assist_aug26,treatment
351,agent_assist_aug26,control
352,agent_assist_aug26,treatment
353,agent_assist_aug26,control
354,agent_assist_aug26,treatment
355,agent_assist_aug26,control
356,agent_assist_aug26,treatment
357,agent_assist_aug26,control
358,agent_assist_aug26,treatment
359,agent_assist_aug26,control
360,agent_assist_aug26,treatment
361,agent_assist_aug26,control
362,agent_assist_aug26,treatment
363,agent_assist_aug26,control
364,agent_assist_aug26,treatment
365,agent_assist_aug26,control
366,agent_assist_aug26,treatment
367,agent_assist_aug26,control
368,agent_assist_aug26,treatment
369,agent_assist_aug26,control
370,agent_assist_aug26,treatment
371,agent_assist_aug26,control
372,agent_assist_aug26,treatment
373,agent_assist_aug26,control
374,agent_assist_aug26,treatment
375,agent_assist_aug26,control
376,agent_assist_aug26,treatment
377,agent_assist_aug26,control
378,agent_assist_aug26,treatment
379,agent_assist_aug26,control
380,agent_assist_aug26,treatment
381,agent_assist_aug26,control
382,agent_assist_aug26,treatment
383,agent_assist_aug26,control
384,agent_assist_aug26,treatment
385,agent_assist_aug26,control
386,agent_assist_aug26,treatment
387,agent_assist_aug26,control
388,agent_assist_aug26,treatment
389,agent_assist_aug26,control
390,agent_assist_aug26,treatment
391,agent_assist_aug26,control
392,agent_assist_aug26,treatment
393,agent_assist_aug26,control
394,agent_assist_aug26,treatment
395,agent_assist_aug26,control
396,agent_assist_aug26,treatment
397,agent_assist_aug26,control
398,agent_assist_aug26,treatment
399,agent_assist_aug26,control
400,agent_assist_aug26,treatment
401,agent_assist_aug26,control
402,agent_assist_aug26,treatment
403,agent_assist_aug26,control
404,agent_assist_aug26,treatment
405,agent_assist_aug26,control
406,agent_assist_aug26,treatment
407,agent_assist_aug26,control
408,agent_assist_aug26,treatment
409,agent_assist_aug26,control
410,agent_assist_aug26,treatment
411,agent_assist_aug26,control
412,agent_assist_aug26,treatment
413,agent_assist_aug26,control
414,agent_assist_aug26,treatment
415,agent_assist_aug26,control
416,agent_assist_aug26,treatment
417,agent_assist_aug26,control
418,agent_assist_aug26,treatment
419,agent_assist_aug26,control
420,agent_assist_aug26,treatment
421,agent_assist_aug26,control
422,agent_assist_aug26,treatment
423,agent_assist_aug26,control
424,agent_assist_aug26,treatment
425,agent_assist_aug26,control
426,agent_assist_aug26,treatment
427,agent_assist_aug26,control
428,agent_assist_aug26,treatment
429,agent_assist_aug26,control
430,agent_assist_aug26,treatment
431,agent_assist_aug26,control
432,agent_assist_aug26,treatment
433,agent_assist_aug26,control
434,agent_assist_aug26,treatment
435,agent_assist_aug26,control
436,agent_assist_aug26,treatment
437,agent_assist_aug26,control
438,agent_assist_aug26,treatment
439,agent_assist_aug26,control
440,agent_assist_aug26,treatment
441,agent_assist_aug26,control
442,agent_assist_aug26,treatment
443,agent_assist_aug26,control
444,agent_assist_aug26,treatment
445,agent_assist_aug26,control
446,agent_assist_aug26,treatment
447,agent_assist_aug26,control
448,agent_assist_aug26,treatment
449,agent_assist_aug26,control
450,agent_assist_aug26,treatment
451,agent_assist_aug26,control
452,agent_assist_aug26,treatment
453,agent_assist_aug26,control
454,agent_assist_aug26,treatment
455,agent_assist_aug26,control
456,agent_assist_aug26,treatment
457,agent_assist_aug26,control
458,agent_assist_aug26,treatment
459,agent_assist_aug26,control
460,agent_assist_aug26,treatment
461,agent_assist_aug26,control
462,agent_assist_aug26,treatment
463,agent_assist_aug26,control
464,agent_assist_aug26,treatment
465,agent_assist_aug26,control
466,agent_assist_aug26,treatment
467,agent_assist_aug26,control
468,agent_assist_aug26,treatment
469,agent_assist_aug26,control
470,agent_assist_aug26,treatment
471,agent_assist_aug26,control
472,agent_assist_aug26,treatment
473,agent_assist_aug26,control
474,agent_assist_aug26,treatment
475,agent_assist_aug26,control
476,agent_assist_aug26,treatment
477,agent_assist_aug26,control
478,agent_assist_aug26,treatment
479,agent_assist_aug26,control
480,agent_assist_aug26,treatment
481,agent_assist_aug26,control
482,agent_assist_aug26,treatment
483,agent_assist_aug26,control
484,agent_assist_aug26,treatment
485,agent_assist_aug26,control
486,agent_assist_aug26,treatment
487,agent_assist_aug26,control
488,agent_assist_aug26,treatment
489,agent_assist_aug26,control
490,agent_assist_aug26,treatment
491,agent_assist_aug26,control
492,agent_assist_aug26,treatment
493,agent_assist_aug26,control
494,agent_assist_aug26,treatment
495,agent_assist_aug26,control
496,agent_assist_aug26,treatment
497,agent_assist_aug26,control
498,agent_assist_aug26,treatment
499,agent_assist_aug26,control
500,agent_assist_aug26,treatment
501,agent_assist_aug26,control
502,agent_assist_aug26,treatment
503,agent_assist_aug26,control
504,agent_assist_aug26,treatment
505,agent_assist_aug26,control
506,agent_assist_aug26,treatment
507,agent_assist_aug26,control
508,agent_assist_aug26,treatment
509,agent_assist_aug26,control
510,agent_assist_aug26,treatment
511,agent_assist_aug26,control
512,agent_assist_aug26,treatment
513,agent_assist_aug26,control
514,agent_assist_aug26,treatment
515,agent_assist_aug26,control
516,agent_assist_aug26,treatment
517,agent_assist_aug26,control
518,agent_assist_aug26,treatment
519,agent_assist_aug26,control
520,agent_assist_aug26,treatment
521,agent_assist_aug26,control
522,agent_assist_aug26,treatment
523,agent_assist_aug26,control
524,agent_assist_aug26,treatment
525,agent_assist_aug26,control
526,agent_assist_aug26,treatment
527,agent_assist_aug26,control
528,agent_assist_aug26,treatment
529,agent_assist_aug26,control
530,agent_assist_aug26,treatment
531,agent_assist_aug26,control
532,agent_assist_aug26,treatment
533,agent_assist_aug26,control
534,agent_assist_aug26,treatment
535,agent_assist_aug26,control
536,agent_assist_aug26,treatment
537,agent_assist_aug26,control
538,agent_assist_aug26,treatment
539,agent_assist_aug26,control
540,agent_assist_aug26,treatment
541,agent_assist_aug26,control
542,agent_assist_aug26,treatment
543,agent_assist_aug26,control
544,agent_assist_aug26,treatment
545,agent_assist_aug26,control
546,agent_assist_aug26,treatment
547,agent_assist_aug26,control
548,agent_assist_aug26,treatment
549,agent_assist_aug26,control
550,agent_assist_aug26,treatment
551,agent_assist_aug26,control
552,agent_assist_aug26,treatment
553,agent_assist_aug26,control
554,agent_assist_aug26,treatment
555,agent_assist_aug26,control
556,agent_assist_aug26,treatment
557,agent_assist_aug26,control
558,agent_assist_aug26,treatment
559,agent_assist_aug26,control
560,agent_assist_aug26,treatment
561,agent_assist_aug26,control
562,agent_assist_aug26,treatment
563,agent_assist_aug26,control
564,agent_assist_aug26,treatment
565,agent_assist_aug26,control
566,agent_assist_aug26,treatment
567,agent_assist_aug26,control
568,agent_assist_aug26,treatment
569,agent_assist_aug26,control
570,agent_assist_aug26,treatment
571,agent_assist_aug26,control
572,agent_assist_aug26,treatment
573,agent_assist_aug26,control
574,agent_assist_aug26,treatment
575,agent_assist_aug26,control
576,agent_assist_aug26,treatment
577,agent_assist_aug26,control
578,agent_assist_aug26,treatment
579,agent_assist_aug26,control
580,agent_assist_aug26,treatment
581,agent_assist_aug26,control
582,agent_assist_aug26,treatment
583,agent_assist_aug26,control
584,agent_assist_aug26,treatment
585,agent_assist_aug26,control
586,agent_assist_aug26,treatment
587,agent_assist_aug26,control
588,agent_assist_aug26,treatment
589,agent_assist_aug26,control
590,agent_assist_aug26,treatment
591,agent_assist_aug26,control
592,agent_assist_aug26,treatment
593,agent_assist_aug26,control
594,agent_assist_aug26,treatment
595,agent_assist_aug26,control
596,agent_assist_aug26,treatment
597,agent_assist_aug26,control
598,agent_assist_aug26,treatment
599,agent_assist_aug26,control
600,agent_assist_aug26,treatment
601,agent_assist_aug26,control
602,agent_assist_aug26,treatment
603,agent_assist_aug26,control
604,agent_assist_aug26,treatment
605,agent_assist_aug26,control
606,agent_assist_aug26,treatment
607,agent_assist_aug26,control
608,agent_assist_aug26,treatment
609,agent_assist_aug26,control
610,agent_assist_aug26,treatment
611,agent_assist_aug26,control
612,agent_assist_aug26,treatment
613,agent_assist_aug26,control
614,agent_assist_aug26,treatment
615,agent_assist_aug26,control
616,agent_assist_aug26,treatment
617,agent_assist_aug26,control
618,agent_assist_aug26,treatment
619,agent_assist_aug26,control
620,agent_assist_aug26,treatment
621,agent_assist_aug26,control
622,agent_assist_aug26,treatment
623,agent_assist_aug26,control
624,agent_assist_aug26,treatment
625,agent_assist_aug26,control
626,agent_assist_aug26,treatment
627,agent_assist_aug26,control
628,agent_assist_aug26,treatment
629,agent_assist_aug26,control
630,agent_assist_aug26,treatment
631,agent_assist_aug26,control
632,agent_assist_aug26,treatment
633,agent_assist_aug26,control
634,agent_assist_aug26,treatment
635,agent_assist_aug26,control
636,agent_assist_aug26,treatment
637,agent_assist_aug26,control
638,agent_assist_aug26,treatment
639,agent_assist_aug26,control
640,agent_assist_aug26,treatment
641,agent_assist_aug26,control
642,agent_assist_aug26,treatment
643,agent_assist_aug26,control
644,agent_assist_aug26,treatment
645,agent_assist_aug26,control
646,agent_assist_aug26,treatment
647,agent_assist_aug26,control
648,agent_assist_aug26,treatment
649,agent_assist_aug26,control
650,agent_assist_aug26,treatment
651,agent_assist_aug26,control
652,agent_assist_aug26,treatment
653,agent_assist_aug26,control
654,agent_assist_aug26,treatment
655,agent_assist_aug26,control
656,agent_assist_aug26,treatment
657,agent_assist_aug26,control
658,agent_assist_aug26,treatment
659,agent_assist_aug26,control
660,agent_assist_aug26,treatment
661,agent_assist_aug26,control
662,agent_assist_aug26,treatment
663,agent_assist_aug26,control
664,agent_assist_aug26,treatment
665,agent_assist_aug26,control
666,agent_assist_aug26,treatment
667,agent_assist_aug26,control
668,agent_assist_aug26,treatment
669,agent_assist_aug26,control
670,agent_assist_aug26,treatment
671,agent_assist_aug26,control
672,agent_assist_aug26,treatment
673,agent_assist_aug26,control
674,agent_assist_aug26,treatment
675,agent_assist_aug26,control
676,agent_assist_aug26,treatment
677,agent_assist_aug26,control
678,agent_assist_aug26,treatment
679,agent_assist_aug26,control
680,agent_assist_aug26,treatment
681,agent_assist_aug26,control
682,agent_assist_aug26,treatment
683,agent_assist_aug26,control
684,agent_assist_aug26,treatment
685,agent_assist_aug26,control
686,agent_assist_aug26,treatment
687,agent_assist_aug26,control
688,agent_assist_aug26,treatment
689,agent_assist_aug26,control
690,agent_assist_aug26,treatment
691,agent_assist_aug26,control
692,agent_assist_aug26,treatment
693,agent_assist_aug26,control
694,agent_assist_aug26,treatment
695,agent_assist_aug26,control
696,agent_assist_aug26,treatment
697,agent_assist_aug26,control
698,agent_assist_aug26,treatment
699,agent_assist_aug26,control
700,agent_assist_aug26,treatment
701,agent_assist_aug26,control
702,agent_assist_aug26,treatment
703,agent_assist_aug26,control
704,agent_assist_aug26,treatment
705,agent_assist_aug26,control
706,agent_assist_aug26,treatment
707,agent_assist_aug26,control
708,agent_assist_aug26,treatment
709,agent_assist_aug26,control
710,agent_assist_aug26,treatment
711,agent_assist_aug26,control
712,agent_assist_aug26,treatment
713,agent_assist_aug26,control
714,agent_assist_aug26,treatment
715,agent_assist_aug26,control
716,agent_assist_aug26,treatment
717,agent_assist_aug26,control
718,agent_assist_aug26,treatment
719,agent_assist_aug26,control
720,agent_assist_aug26,treatment
721,agent_assist_aug26,control
722,agent_assist_aug26,treatment
723,agent_assist_aug26,control
724,agent_assist_aug26,treatment
725,agent_assist_aug26,control
726,agent_assist_aug26,treatment
727,agent_assist_aug26,control
728,agent_assist_aug26,treatment
729,agent_assist_aug26,control
730,agent_assist_aug26,treatment
731,agent_assist_aug26,control
732,agent_assist_aug26,treatment
733,agent_assist_aug26,control
734,agent_assist_aug26,treatment
735,agent_assist_aug26,control
736,agent_assist_aug26,treatment
737,agent_assist_aug26,control
738,agent_assist_aug26,treatment
739,agent_assist_aug26,control
740,agent_assist_aug26,treatment
741,agent_assist_aug26,control
742,agent_assist_aug26,treatment
743,agent_assist_aug26,control
744,agent_assist_aug26,treatment
745,agent_assist_aug26,control
746,agent_assist_aug26,treatment
747,agent_assist_aug26,control
748,agent_assist_aug26,treatment
749,agent_assist_aug26,control
750,agent_assist_aug26,treatment
751,agent_assist_aug26,control
752,agent_assist_aug26,treatment
753,agent_assist_aug26,control
754,agent_assist_aug26,treatment
755,agent_assist_aug26,control
756,agent_assist_aug26,treatment
757,agent_assist_aug26,control
758,agent_assist_aug26,treatment
759,agent_assist_aug26,control
760,agent_assist_aug26,treatment
761,agent_assist_aug26,control
762,agent_assist_aug26,treatment
763,agent_assist_aug26,control
764,agent_assist_aug26,treatment
765,agent_assist_aug26,control
766,agent_assist_aug26,treatment
767,agent_assist_aug26,control
768,agent_assist_aug26,treatment
769,agent_assist_aug26,control
770,agent_assist_aug26,treatment
771,agent_assist_aug26,control
772,agent_assist_aug26,treatment
773,agent_assist_aug26,control
774,agent_assist_aug26,treatment
775,agent_assist_aug26,control
776,agent_assist_aug26,treatment
777,agent_assist_aug26,control
778,agent_assist_aug26,treatment
779,agent_assist_aug26,control
780,agent_assist_aug26,treatment
781,agent_assist_aug26,control
782,agent_assist_aug26,treatment
783,agent_assist_aug26,control
784,agent_assist_aug26,treatment
785,agent_assist_aug26,control
786,agent_assist_aug26,treatment
787,agent_assist_aug26,control
788,agent_assist_aug26,treatment
789,agent_assist_aug26,control
790,agent_assist_aug26,treatment
791,agent_assist_aug26,control
792,agent_assist_aug26,treatment
793,agent_assist_aug26,control
794,agent_assist_aug26,treatment
795,agent_assist_aug26,control
796,agent_assist_aug26,treatment
797,agent_assist_aug26,control
798,agent_assist_aug26,treatment
799,agent_assist_aug26,control
800,agent_assist_aug26,treatment
801,agent_assist_aug26,control
802,agent_assist_aug26,treatment
803,agent_assist_aug26,control
804,agent_assist_aug26,treatment
805,agent_assist_aug26,control
806,agent_assist_aug26,treatment
807,agent_assist_aug26,control
808,agent_assist_aug26,treatment
809,agent_assist_aug26,control
810,agent_assist_aug26,treatment
811,agent_assist_aug26,control
812,agent_assist_aug26,treatment
813,agent_assist_aug26,control
814,agent_assist_aug26,treatment
815,agent_assist_aug26,control
816,agent_assist_aug26,treatment
817,agent_assist_aug26,control
818,agent_assist_aug26,treatment
819,agent_assist_aug26,control
820,agent_assist_aug26,treatment
821,agent_assist_aug26,control
822,agent_assist_aug26,treatment
823,agent_assist_aug26,control
824,agent_assist_aug26,treatment
825,agent_assist_aug26,control
826,agent_assist_aug26,treatment
827,agent_assist_aug26,control
828,agent_assist_aug26,treatment
829,agent_assist_aug26,control
830,agent_assist_aug26,treatment
831,agent_assist_aug26,control
832,agent_assist_aug26,treatment
833,agent_assist_aug26,control
834,agent_assist_aug26,treatment
835,agent_assist_aug26,control
836,agent_assist_aug26,treatment
837,agent_assist_aug26,control
838,agent_assist_aug26,treatment
839,agent_assist_aug26,control
840,agent_assist_aug26,treatment
841,agent_assist_aug26,control
842,agent_assist_aug26,treatment
843,agent_assist_aug26,control
844,agent_assist_aug26,treatment
845,agent_assist_aug26,control
846,agent_assist_aug26,treatment
847,agent_assist_aug26,control
848,agent_assist_aug26,treatment
849,agent_assist_aug26,control
850,agent_assist_aug26,treatment
851,agent_assist_aug26,control
852,agent_assist_aug26,treatment
853,agent_assist_aug26,control
854,agent_assist_aug26,treatment
855,agent_assist_aug26,control
856,agent_assist_aug26,treatment
857,agent_assist_aug26,control
858,agent_assist_aug26,treatment
859,agent_assist_aug26,control
860,agent_assist_aug26,treatment
861,agent_assist_aug26,control
862,agent_assist_aug26,treatment
863,agent_assist_aug26,control
864,agent_assist_aug26,treatment
865,agent_assist_aug26,control
866,agent_assist_aug26,treatment
867,agent_assist_aug26,control
868,agent_assist_aug26,treatment
869,agent_assist_aug26,control
870,agent_assist_aug26,treatment
871,agent_assist_aug26,control
872,agent_assist_aug26,treatment
873,agent_assist_aug26,control
874,agent_assist_aug26,treatment
875,agent_assist_aug26,control
876,agent_assist_aug26,treatment
877,agent_assist_aug26,control
878,agent_assist_aug26,treatment
879,agent_assist_aug26,control
880,agent_assist_aug26,treatment
881,agent_assist_aug26,control
882,agent_assist_aug26,treatment
883,agent_assist_aug26,control
884,agent_assist_aug26,treatment
885,agent_assist_aug26,control
886,agent_assist_aug26,treatment
887,agent_assist_aug26,control
888,agent_assist_aug26,treatment
889,agent_assist_aug26,control
890,agent_assist_aug26,treatment
891,agent_assist_aug26,control
892,agent_assist_aug26,treatment
893,agent_assist_aug26,control
894,agent_assist_aug26,treatment
895,agent_assist_aug26,control
896,agent_assist_aug26,treatment
897,agent_assist_aug26,control
898,agent_assist_aug26,treatment
899,agent_assist_aug26,control
900,agent_assist_aug26,treatment
901,agent_assist_aug26,control
902,agent_assist_aug26,treatment
903,agent_assist_aug26,control
904,agent_assist_aug26,treatment
905,agent_assist_aug26,control
906,agent_assist_aug26,treatment
907,agent_assist_aug26,control
908,agent_assist_aug26,treatment
909,agent_assist_aug26,control
910,agent_assist_aug26,treatment
911,agent_assist_aug26,control
912,agent_assist_aug26,treatment
913,agent_assist_aug26,control
914,agent_assist_aug26,treatment
915,agent_assist_aug26,control
916,agent_assist_aug26,treatment
917,agent_assist_aug26,control
918,agent_assist_aug26,treatment
919,agent_assist_aug26,control
920,agent_assist_aug26,treatment
921,agent_assist_aug26,control
922,agent_assist_aug26,treatment
923,agent_assist_aug26,control
924,agent_assist_aug26,treatment
925,agent_assist_aug26,control
926,agent_assist_aug26,treatment
927,agent_assist_aug26,control
928,agent_assist_aug26,treatment
929,agent_assist_aug26,control
930,agent_assist_aug26,treatment
931,agent_assist_aug26,control
932,agent_assist_aug26,treatment
933,agent_assist_aug26,control
934,agent_assist_aug26,treatment
935,agent_assist_aug26,control
936,agent_assist_aug26,treatment
937,agent_assist_aug26,control
938,agent_assist_aug26,treatment
939,agent_assist_aug26,control
940,agent_assist_aug26,treatment
941,agent_assist_aug26,control
942,agent_assist_aug26,treatment
943,agent_assist_aug26,control
944,agent_assist_aug26,treatment
945,agent_assist_aug26,control
946,agent_assist_aug26,treatment
947,agent_assist_aug26,control
948,agent_assist_aug26,treatment
949,agent_assist_aug26,control
950,agent_assist_aug26,treatment
951,agent_assist_aug26,control
952,agent_assist_aug26,treatment
953,agent_assist_aug26,control
954,agent_assist_aug26,treatment
955,agent_assist_aug26,control
956,agent_assist_aug26,treatment
957,agent_assist_aug26,control
958,agent_assist_aug26,treatment
959,agent_assist_aug26,control
960,agent_assist_aug26,treatment
961,agent_assist_aug26,control
962,agent_assist_aug26,treatment
963,agent_assist_aug26,control
964,agent_assist_aug26,treatment
965,agent_assist_aug26,control
966,agent_assist_aug26,treatment
967,agent_assist_aug26,control
968,agent_assist_aug26,treatment
969,agent_assist_aug26,control
970,agent_assist_aug26,treatment
971,agent_assist_aug26,control
972,agent_assist_aug26,treatment
973,agent_assist_aug26,control
974,agent_assist_aug26,treatment
975,agent_assist_aug26,control
976,agent_assist_aug26,treatment
977,agent_assist_aug26,control
978,agent_assist_aug26,treatment
979,agent_assist_aug26,control
980,agent_assist_aug26,treatment
981,agent_assist_aug26,control
982,agent_assist_aug26,treatment
983,agent_assist_aug26,control
984,agent_assist_aug26,treatment
985,agent_assist_aug26,control
986,agent_assist_aug26,treatment
987,agent_assist_aug26,control
988,agent_assist_aug26,treatment
989,agent_assist_aug26,control
990,agent_assist_aug26,treatment
991,agent_assist_aug26,control
992,agent_assist_aug26,treatment
993,agent_assist_aug26,control
994,agent_assist_aug26,treatment
995,agent_assist_aug26,control
996,agent_assist_aug26,treatment
997,agent_assist_aug26,control
998,agent_assist_aug26,treatment
999,agent_assist_aug26,control
1000,agent_assist_aug26,treatment
1001,agent_assist_aug26,control
1002,agent_assist_aug26,treatment
1003,agent_assist_aug26,control
1004,agent_assist_aug26,treatment
1005,agent_assist_aug26,control
1006,agent_assist_aug26,treatment
1007,agent_assist_aug26,control
1008,agent_assist_aug26,treatment
1009,agent_assist_aug26,control
1010,agent_assist_aug26,treatment
1011,agent_assist_aug26,control
1012,agent_assist_aug26,treatment
1013,agent_assist_aug26,control
1014,agent_assist_aug26,treatment
1015,agent_assist_aug26,control
1016,agent_assist_aug26,treatment
1017,agent_assist_aug26,control
1018,agent_assist_aug26,treatment
1019,agent_assist_aug26,control
1020,agent_assist_aug26,treatment
1021,agent_assist_aug26,control
1022,agent_assist_aug26,treatment
1023,agent_assist_aug26,control
1024,agent_assist_aug26,treatment
1025,agent_assist_aug26,control
1026,agent_assist_aug26,treatment
1027,agent_assist_aug26,control
1028,agent_assist_aug26,treatment
1029,agent_assist_aug26,control
1030,agent_assist_aug26,treatment
1031,agent_assist_aug26,control
1032,agent_assist_aug26,treatment
1033,agent_assist_aug26,control
1034,agent_assist_aug26,treatment
1035,agent_assist_aug26,control
1036,agent_assist_aug26,treatment
1037,agent_assist_aug26,control
1038,agent_assist_aug26,treatment
1039,agent_assist_aug26,control
1040,agent_assist_aug26,treatment
1041,agent_assist_aug26,control
1042,agent_assist_aug26,treatment
1043,agent_assist_aug26,control
1044,agent_assist_aug26,treatment
1045,agent_assist_aug26,control
1046,agent_assist_aug26,treatment
1047,agent_assist_aug26,control
1048,agent_assist_aug26,treatment
1049,agent_assist_aug26,control
1050,agent_assist_aug26,treatment
1051,agent_assist_aug26,control
1052,agent_assist_aug26,treatment
1053,agent_assist_aug26,control
1054,agent_assist_aug26,treatment
1055,agent_assist_aug26,control
1056,agent_assist_aug26,treatment
1057,agent_assist_aug26,control
1058,agent_assist_aug26,treatment
1059,agent_assist_aug26,control
1060,agent_assist_aug26,treatment
1061,agent_assist_aug26,control
1062,agent_assist_aug26,treatment
1063,agent_assist_aug26,control
1064,agent_assist_aug26,treatment
1065,agent_assist_aug26,control
1066,agent_assist_aug26,treatment
1067,agent_assist_aug26,control
1068,agent_assist_aug26,treatment
1069,agent_assist_aug26,control
1070,agent_assist_aug26,treatment
1071,agent_assist_aug26,control
1072,agent_assist_aug26,treatment
1073,agent_assist_aug26,control
1074,agent_assist_aug26,treatment
1075,agent_assist_aug26,control
1076,agent_assist_aug26,treatment
1077,agent_assist_aug26,control
1078,agent_assist_aug26,treatment
1079,agent_assist_aug26,control
1080,agent_assist_aug26,treatment
1081,agent_assist_aug26,control
1082,agent_assist_aug26,treatment
1083,agent_assist_aug26,control
1084,agent_assist_aug26,treatment
1085,agent_assist_aug26,control
1086,agent_assist_aug26,treatment
1087,agent_assist_aug26,control
1088,agent_assist_aug26,treatment
1089,agent_assist_aug26,control
1090,agent_assist_aug26,treatment
1091,agent_assist_aug26,control
1092,agent_assist_aug26,treatment
1093,agent_assist_aug26,control
1094,agent_assist_aug26,treatment
1095,agent_assist_aug26,control
1096,agent_assist_aug26,treatment
1097,agent_assist_aug26,control
1098,agent_assist_aug26,treatment
1099,agent_assist_aug26,control
1100,agent_assist_aug26,treatment
1101,agent_assist_aug26,control
1102,agent_assist_aug26,treatment
1103,agent_assist_aug26,control
1104,agent_assist_aug26,treatment
1105,agent_assist_aug26,control
1106,agent_assist_aug26,treatment
1107,agent_assist_aug26,control
1108,agent_assist_aug26,treatment
1109,agent_assist_aug26,control
1110,agent_assist_aug26,treatment
1111,agent_assist_aug26,control
1112,agent_assist_aug26,treatment
1113,agent_assist_aug26,control
1114,agent_assist_aug26,treatment
1115,agent_assist_aug26,control
1116,agent_assist_aug26,treatment
1117,agent_assist_aug26,control
1118,agent_assist_aug26,treatment
1119,agent_assist_aug26,control
1120,agent_assist_aug26,treatment
1121,agent_assist_aug26,control
1122,agent_assist_aug26,treatment
1123,agent_assist_aug26,control
1124,agent_assist_aug26,treatment
1125,agent_assist_aug26,control
1126,agent_assist_aug26,treatment
1127,agent_assist_aug26,control
1128,agent_assist_aug26,treatment
1129,agent_assist_aug26,control
1130,agent_assist_aug26,treatment
1131,agent_assist_aug26,control
1132,agent_assist_aug26,treatment
1133,agent_assist_aug26,control
1134,agent_assist_aug26,treatment
1135,agent_assist_aug26,control
1136,agent_assist_aug26,treatment
1137,agent_assist_aug26,control
1138,agent_assist_aug26,treatment
1139,agent_assist_aug26,control
1140,agent_assist_aug26,treatment
1141,agent_assist_aug26,control
1142,agent_assist_aug26,treatment
1143,agent_assist_aug26,control
1144,agent_assist_aug26,treatment
1145,agent_assist_aug26,control
1146,agent_assist_aug26,treatment
1147,agent_assist_aug26,control
1148,agent_assist_aug26,treatment
1149,agent_assist_aug26,control
1150,agent_assist_aug26,treatment
1151,agent_assist_aug26,control
1152,agent_assist_aug26,treatment
1153,agent_assist_aug26,control
1154,agent_assist_aug26,treatment
1155,agent_assist_aug26,control
1156,agent_assist_aug26,treatment
1157,agent_assist_aug26,control
1158,agent_assist_aug26,treatment
1159,agent_assist_aug26,control
1160,agent_assist_aug26,treatment
1161,agent_assist_aug26,control
1162,agent_assist_aug26,treatment
1163,agent_assist_aug26,control
1164,agent_assist_aug26,treatment
1165,agent_assist_aug26,control
1166,agent_assist_aug26,treatment
1167,agent_assist_aug26,control
1168,agent_assist_aug26,treatment
1169,agent_assist_aug26,control
1170,agent_assist_aug26,treatment
1171,agent_assist_aug26,control
1172,agent_assist_aug26,treatment
1173,agent_assist_aug26,control
1174,agent_assist_aug26,treatment
1175,agent_assist_aug26,control
1176,agent_assist_aug26,treatment
1177,agent_assist_aug26,control
1178,agent_assist_aug26,treatment
1179,agent_assist_aug26,control
1180,agent_assist_aug26,treatment
1181,agent_assist_aug26,control
1182,agent_assist_aug26,treatment
1183,agent_assist_aug26,control
1184,agent_assist_aug26,treatment
1185,agent_assist_aug26,control
1186,agent_assist_aug26,treatment
1187,agent_assist_aug26,control
1188,agent_assist_aug26,treatment
1189,agent_assist_aug26,control
1190,agent_assist_aug26,treatment
1191,agent_assist_aug26,control
1192,agent_assist_aug26,treatment
1193,agent_assist_aug26,control
1194,agent_assist_aug26,treatment
1195,agent_assist_aug26,control
1196,agent_assist_aug26,treatment
1197,agent_assist_aug26,control
1198,agent_assist_aug26,treatment
1199,agent_assist_aug26,control
1200,agent_assist_aug26,treatment
1201,agent_assist_aug26,control
1202,agent_assist_aug26,treatment
1203,agent_assist_aug26,control
1204,agent_assist_aug26,treatment
1205,agent_assist_aug26,control
1206,agent_assist_aug26,treatment
1207,agent_assist_aug26,control
1208,agent_assist_aug26,treatment
1209,agent_assist_aug26,control
1210,agent_assist_aug26,treatment
1211,agent_assist_aug26,control
1212,agent_assist_aug26,treatment
1213,agent_assist_aug26,control
1214,agent_assist_aug26,treatment
1215,agent_assist_aug26,control
1216,agent_assist_aug26,treatment
1217,agent_assist_aug26,control
1218,agent_assist_aug26,treatment
1219,agent_assist_aug26,control
1220,agent_assist_aug26,treatment
1221,agent_assist_aug26,control
1222,agent_assist_aug26,treatment
1223,agent_assist_aug26,control
1224,agent_assist_aug26,treatment
1225,agent_assist_aug26,control
1226,agent_assist_aug26,treatment
1227,agent_assist_aug26,control
1228,agent_assist_aug26,treatment
1229,agent_assist_aug26,control
1230,agent_assist_aug26,treatment
1231,agent_assist_aug26,control
1232,agent_assist_aug26,treatment
1233,agent_assist_aug26,control
1234,agent_assist_aug26,treatment
1235,agent_assist_aug26,control
1236,agent_assist_aug26,treatment
1237,agent_assist_aug26,control
1238,agent_assist_aug26,treatment
1239,agent_assist_aug26,control
1240,agent_assist_aug26,treatment
1241,agent_assist_aug26,control
1242,agent_assist_aug26,treatment
1243,agent_assist_aug26,control
1244,agent_assist_aug26,treatment
1245,agent_assist_aug26,control
1246,agent_assist_aug26,treatment
1247,agent_assist_aug26,control
1248,agent_assist_aug26,treatment
1249,agent_assist_aug26,control
1250,agent_assist_aug26,treatment
1251,agent_assist_aug26,control
1252,agent_assist_aug26,treatment
1253,agent_assist_aug26,control
1254,agent_assist_aug26,treatment
1255,agent_assist_aug26,control
1256,agent_assist_aug26,treatment
1257,agent_assist_aug26,control
1258,agent_assist_aug26,treatment
1259,agent_assist_aug26,control
1260,agent_assist_aug26,treatment
1261,agent_assist_aug26,control
1262,agent_assist_aug26,treatment
1263,agent_assist_aug26,control
1264,agent_assist_aug26,treatment
1265,agent_assist_aug26,control
1266,agent_assist_aug26,treatment
1267,agent_assist_aug26,control
1268,agent_assist_aug26,treatment
1269,agent_assist_aug26,control
1270,agent_assist_aug26,treatment
1271,agent_assist_aug26,control
1272,agent_assist_aug26,treatment
1273,agent_assist_aug26,control
1274,agent_assist_aug26,treatment
1275,agent_assist_aug26,control
1276,agent_assist_aug26,treatment
1277,agent_assist_aug26,control
1278,agent_assist_aug26,treatment
1279,agent_assist_aug26,control
1280,agent_assist_aug26,treatment
1281,agent_assist_aug26,control
1282,agent_assist_aug26,treatment
1283,agent_assist_aug26,control
1284,agent_assist_aug26,treatment
1285,agent_assist_aug26,control
1286,agent_assist_aug26,treatment
1287,agent_assist_aug26,control
1288,agent_assist_aug26,treatment
1289,agent_assist_aug26,control
1290,agent_assist_aug26,treatment
1291,agent_assist_aug26,control
1292,agent_assist_aug26,treatment
1293,agent_assist_aug26,control
1294,agent_assist_aug26,treatment
1295,agent_assist_aug26,control
1296,agent_assist_aug26,treatment
1297,agent_assist_aug26,control
1298,agent_assist_aug26,treatment
1299,agent_assist_aug26,control
1300,agent_assist_aug26,treatment
1301,agent_assist_aug26,control
1302,agent_assist_aug26,treatment
1303,agent_assist_aug26,control
1304,agent_assist_aug26,treatment
1305,agent_assist_aug26,control
1306,agent_assist_aug26,treatment
1307,agent_assist_aug26,control
1308,agent_assist_aug26,treatment
1309,agent_assist_aug26,control
1310,agent_assist_aug26,treatment
1311,agent_assist_aug26,control
1312,agent_assist_aug26,treatment
1313,agent_assist_aug26,control
1314,agent_assist_aug26,treatment
1315,agent_assist_aug26,control
1316,agent_assist_aug26,treatment
1317,agent_assist_aug26,control
1318,agent_assist_aug26,treatment
1319,agent_assist_aug26,control
1320,agent_assist_aug26,treatment
1321,agent_assist_aug26,control
1322,agent_assist_aug26,treatment
1323,agent_assist_aug26,control
1324,agent_assist_aug26,treatment
1325,agent_assist_aug26,control
1326,agent_assist_aug26,treatment
1327,agent_assist_aug26,control
1328,agent_assist_aug26,treatment
1329,agent_assist_aug26,control
1330,agent_assist_aug26,treatment
1331,agent_assist_aug26,control
1332,agent_assist_aug26,treatment
1333,agent_assist_aug26,control
1334,agent_assist_aug26,treatment
1335,agent_assist_aug26,control
1336,agent_assist_aug26,treatment
1337,agent_assist_aug26,control
1338,agent_assist_aug26,treatment
1339,agent_assist_aug26,control
1340,agent_assist_aug26,treatment
1341,agent_assist_aug26,control
1342,agent_assist_aug26,treatment
1343,agent_assist_aug26,control
1344,agent_assist_aug26,treatment
1345,agent_assist_aug26,control
1346,agent_assist_aug26,treatment
1347,agent_assist_aug26,control
1348,agent_assist_aug26,treatment
1349,agent_assist_aug26,control
1350,agent_assist_aug26,treatment
1351,agent_assist_aug26,control
1352,agent_assist_aug26,treatment
1353,agent_assist_aug26,control
1354,agent_assist_aug26,treatment
1355,agent_assist_aug26,control
1356,agent_assist_aug26,treatment
1357,agent_assist_aug26,control
1358,agent_assist_aug26,treatment
1359,agent_assist_aug26,control
1360,agent_assist_aug26,treatment
1361,agent_assist_aug26,control
1362,agent_assist_aug26,treatment
1363,agent_assist_aug26,control
1364,agent_assist_aug26,treatment
1365,agent_assist_aug26,control
1366,agent_assist_aug26,treatment
1367,agent_assist_aug26,control
1368,agent_assist_aug26,treatment
1369,agent_assist_aug26,control
1370,agent_assist_aug26,treatment
1371,agent_assist_aug26,control
1372,agent_assist_aug26,treatment
1373,agent_assist_aug26,control
1374,agent_assist_aug26,treatment
1375,agent_assist_aug26,control
1376,agent_assist_aug26,treatment
1377,agent_assist_aug26,control
1378,agent_assist_aug26,treatment
1379,agent_assist_aug26,control
1380,agent_assist_aug26,treatment
1381,agent_assist_aug26,control
1382,agent_assist_aug26,treatment
1383,agent_assist_aug26,control
1384,agent_assist_aug26,treatment
1385,agent_assist_aug26,control
1386,agent_assist_aug26,treatment
1387,agent_assist_aug26,control
1388,agent_assist_aug26,treatment
1389,agent_assist_aug26,control
1390,agent_assist_aug26,treatment
1391,agent_assist_aug26,control
1392,agent_assist_aug26,treatment
1393,agent_assist_aug26,control
1394,agent_assist_aug26,treatment
1395,agent_assist_aug26,control
1396,agent_assist_aug26,treatment
1397,agent_assist_aug26,control
1398,agent_assist_aug26,treatment
1399,agent_assist_aug26,control
1400,agent_assist_aug26,treatment
1401,agent_assist_aug26,control
1402,agent_assist_aug26,treatment
1403,agent_assist_aug26,control
1404,agent_assist_aug26,treatment
1405,agent_assist_aug26,control
1406,agent_assist_aug26,treatment
1407,agent_assist_aug26,control
1408,agent_assist_aug26,treatment
1409,agent_assist_aug26,control
1410,agent_assist_aug26,treatment
1411,agent_assist_aug26,control
1412,agent_assist_aug26,treatment
1413,agent_assist_aug26,control
1414,agent_assist_aug26,treatment
1415,agent_assist_aug26,control
1416,agent_assist_aug26,treatment
1417,agent_assist_aug26,control
1418,agent_assist_aug26,treatment
1419,agent_assist_aug26,control
1420,agent_assist_aug26,treatment
1421,agent_assist_aug26,control
1422,agent_assist_aug26,treatment
1423,agent_assist_aug26,control
1424,agent_assist_aug26,treatment
1425,agent_assist_aug26,control
1426,agent_assist_aug26,treatment
1427,agent_assist_aug26,control
1428,agent_assist_aug26,treatment
1429,agent_assist_aug26,control
1430,agent_assist_aug26,treatment
1431,agent_assist_aug26,control
1432,agent_assist_aug26,treatment
1433,agent_assist_aug26,control
1434,agent_assist_aug26,treatment
1435,agent_assist_aug26,control
1436,agent_assist_aug26,treatment
1437,agent_assist_aug26,control
1438,agent_assist_aug26,treatment
1439,agent_assist_aug26,control
1440,agent_assist_aug26,treatment
1441,agent_assist_aug26,control
1442,agent_assist_aug26,treatment
1443,agent_assist_aug26,control
1444,agent_assist_aug26,treatment
1445,agent_assist_aug26,control
1446,agent_assist_aug26,treatment
1447,agent_assist_aug26,control
1448,agent_assist_aug26,treatment
1449,agent_assist_aug26,control
1450,agent_assist_aug26,treatment
1451,agent_assist_aug26,control
1452,agent_assist_aug26,treatment
1453,agent_assist_aug26,control
1454,agent_assist_aug26,treatment
1455,agent_assist_aug26,control
1456,agent_assist_aug26,treatment
1457,agent_assist_aug26,control
1458,agent_assist_aug26,treatment
1459,agent_assist_aug26,control
1460,agent_assist_aug26,treatment
1461,agent_assist_aug26,control
1462,agent_assist_aug26,treatment
1463,agent_assist_aug26,control
1464,agent_assist_aug26,treatment
1465,agent_assist_aug26,control
1466,agent_assist_aug26,treatment
1467,agent_assist_aug26,control
1468,agent_assist_aug26,treatment
1469,agent_assist_aug26,control
1470,agent_assist_aug26,treatment
1471,agent_assist_aug26,control
1472,agent_assist_aug26,treatment
1473,agent_assist_aug26,control
1474,agent_assist_aug26,treatment
1475,agent_assist_aug26,control
1476,agent_assist_aug26,treatment
1477,agent_assist_aug26,control
1478,agent_assist_aug26,treatment
1479,agent_assist_aug26,control
1480,agent_assist_aug26,treatment
1481,agent_assist_aug26,control
1482,agent_assist_aug26,treatment
1483,agent_assist_aug26,control
1484,agent_assist_aug26,treatment
1485,agent_assist_aug26,control
1486,agent_assist_aug26,treatment
1487,agent_assist_aug26,control
1488,agent_assist_aug26,treatment
1489,agent_assist_aug26,control
1490,agent_assist_aug26,treatment
1491,agent_assist_aug26,control
1492,agent_assist_aug26,treatment
1493,agent_assist_aug26,control
1494,agent_assist_aug26,treatment
1495,agent_assist_aug26,control
1496,agent_assist_aug26,treatment
1497,agent_assist_aug26,control
1498,agent_assist_aug26,treatment
1499,agent_assist_aug26,control
1500,agent_assist_aug26,treatment
1501,agent_assist_aug26,control
1502,agent_assist_aug26,treatment
1503,agent_assist_aug26,control
1504,agent_assist_aug26,treatment
1505,agent_assist_aug26,control
1506,agent_assist_aug26,treatment
1507,agent_assist_aug26,control
1508,agent_assist_aug26,treatment
1509,agent_assist_aug26,control
1510,agent_assist_aug26,treatment
1511,agent_assist_aug26,control
1512,agent_assist_aug26,treatment
1513,agent_assist_aug26,control
1514,agent_assist_aug26,treatment
1515,agent_assist_aug26,control
1516,agent_assist_aug26,treatment
1517,agent_assist_aug26,control
1518,agent_assist_aug26,treatment
1519,agent_assist_aug26,control
1520,agent_assist_aug26,treatment
1521,agent_assist_aug26,control
1522,agent_assist_aug26,treatment
1523,agent_assist_aug26,control
1524,agent_assist_aug26,treatment
1525,agent_assist_aug26,control
1526,agent_assist_aug26,treatment
1527,agent_assist_aug26,control
1528,agent_assist_aug26,treatment
1529,agent_assist_aug26,control
1530,agent_assist_aug26,treatment
1531,agent_assist_aug26,control
1532,agent_assist_aug26,treatment
1533,agent_assist_aug26,control
1534,agent_assist_aug26,treatment
1535,agent_assist_aug26,control
1536,agent_assist_aug26,treatment
1537,agent_assist_aug26,control
1538,agent_assist_aug26,treatment
1539,agent_assist_aug26,control
1540,agent_assist_aug26,treatment
1541,agent_assist_aug26,control
1542,agent_assist_aug26,treatment
1543,agent_assist_aug26,control
1544,agent_assist_aug26,treatment
1545,agent_assist_aug26,control
1546,agent_assist_aug26,treatment
1547,agent_assist_aug26,control
1548,agent_assist_aug26,treatment
1549,agent_assist_aug26,control
1550,agent_assist_aug26,treatment
1551,agent_assist_aug26,control
1552,agent_assist_aug26,treatment
1553,agent_assist_aug26,control
1554,agent_assist_aug26,treatment
1555,agent_assist_aug26,control
1556,agent_assist_aug26,treatment
1557,agent_assist_aug26,control
1558,agent_assist_aug26,treatment
1559,agent_assist_aug26,control
1560,agent_assist_aug26,treatment
1561,agent_assist_aug26,control
1562,agent_assist_aug26,treatment
1563,agent_assist_aug26,control
1564,agent_assist_aug26,treatment
1565,agent_assist_aug26,control
1566,agent_assist_aug26,treatment
1567,agent_assist_aug26,control
1568,agent_assist_aug26,treatment
1569,agent_assist_aug26,control
1570,agent_assist_aug26,treatment
1571,agent_assist_aug26,control
1572,agent_assist_aug26,treatment
1573,agent_assist_aug26,control
1574,agent_assist_aug26,treatment
1575,agent_assist_aug26,control
1576,agent_assist_aug26,treatment
1577,agent_assist_aug26,control
1578,agent_assist_aug26,treatment
1579,agent_assist_aug26,control
1580,agent_assist_aug26,treatment
1581,agent_assist_aug26,control
1582,agent_assist_aug26,treatment
1583,agent_assist_aug26,control
1584,agent_assist_aug26,treatment
1585,agent_assist_aug26,control
1586,agent_assist_aug26,treatment
1587,agent_assist_aug26,control
1588,agent_assist_aug26,treatment
1589,agent_assist_aug26,control
1590,agent_assist_aug26,treatment
1591,agent_assist_aug26,control
1592,agent_assist_aug26,treatment
1593,agent_assist_aug26,control
1594,agent_assist_aug26,treatment
1595,agent_assist_aug26,control
1596,agent_assist_aug26,treatment
1597,agent_assist_aug26,control
1598,agent_assist_aug26,treatment
1599,agent_assist_aug26,control
1600,agent_assist_aug26,treatment
1601,agent_assist_aug26,control
1602,agent_assist_aug26,treatment
1603,agent_assist_aug26,control
1604,agent_assist_aug26,treatment
1605,agent_assist_aug26,control
1606,agent_assist_aug26,treatment
1607,agent_assist_aug26,control
1608,agent_assist_aug26,treatment
1609,agent_assist_aug26,control
1610,agent_assist_aug26,treatment
1611,agent_assist_aug26,control
1612,agent_assist_aug26,treatment
1613,agent_assist_aug26,control
1614,agent_assist_aug26,treatment
1615,agent_assist_aug26,control
1616,agent_assist_aug26,treatment
1617,agent_assist_aug26,control
1618,agent_assist_aug26,treatment
1619,agent_assist_aug26,control
1620,agent_assist_aug26,treatment
1621,agent_assist_aug26,control
1622,agent_assist_aug26,treatment
1623,agent_assist_aug26,control
1624,agent_assist_aug26,treatment
1625,agent_assist_aug26,control
1626,agent_assist_aug26,treatment
1627,agent_assist_aug26,control
1628,agent_assist_aug26,treatment
1629,agent_assist_aug26,control
1630,agent_assist_aug26,treatment
1631,agent_assist_aug26,control
1632,agent_assist_aug26,treatment
1633,agent_assist_aug26,control
1634,agent_assist_aug26,treatment
1635,agent_assist_aug26,control
1636,agent_assist_aug26,treatment
1637,agent_assist_aug26,control
1638,agent_assist_aug26,treatment
1639,agent_assist_aug26,control
1640,agent_assist_aug26,treatment
1641,agent_assist_aug26,control
1642,agent_assist_aug26,treatment
1643,agent_assist_aug26,control
1644,agent_assist_aug26,treatment
1645,agent_assist_aug26,control
1646,agent_assist_aug26,treatment
1647,agent_assist_aug26,control
1648,agent_assist_aug26,treatment
1649,agent_assist_aug26,control
1650,agent_assist_aug26,treatment
1651,agent_assist_aug26,control
1652,agent_assist_aug26,treatment
1653,agent_assist_aug26,control
1654,agent_assist_aug26,treatment
1655,agent_assist_aug26,control
1656,agent_assist_aug26,treatment
1657,agent_assist_aug26,control
1658,agent_assist_aug26,treatment
1659,agent_assist_aug26,control
1660,agent_assist_aug26,treatment
1661,agent_assist_aug26,control
1662,agent_assist_aug26,treatment
1663,agent_assist_aug26,control
1664,agent_assist_aug26,treatment
1665,agent_assist_aug26,control
1666,agent_assist_aug26,treatment
1667,agent_assist_aug26,control
1668,agent_assist_aug26,treatment
1669,agent_assist_aug26,control
1670,agent_assist_aug26,treatment
1671,agent_assist_aug26,control
1672,agent_assist_aug26,treatment
1673,agent_assist_aug26,control
1674,agent_assist_aug26,treatment
1675,agent_assist_aug26,control
1676,agent_assist_aug26,treatment
1677,agent_assist_aug26,control
1678,agent_assist_aug26,treatment
1679,agent_assist_aug26,control
1680,agent_assist_aug26,treatment
1681,agent_assist_aug26,control
1682,agent_assist_aug26,treatment
1683,agent_assist_aug26,control
1684,agent_assist_aug26,treatment
1685,agent_assist_aug26,control
1686,agent_assist_aug26,treatment
1687,agent_assist_aug26,control
1688,agent_assist_aug26,treatment
1689,agent_assist_aug26,control
1690,agent_assist_aug26,treatment
1691,agent_assist_aug26,control
1692,agent_assist_aug26,treatment
1693,agent_assist_aug26,control
1694,agent_assist_aug26,treatment
1695,agent_assist_aug26,control
1696,agent_assist_aug26,treatment
1697,agent_assist_aug26,control
1698,agent_assist_aug26,treatment
1699,agent_assist_aug26,control
1700,agent_assist_aug26,treatment
1701,agent_assist_aug26,control
1702,agent_assist_aug26,treatment
1703,agent_assist_aug26,control
1704,agent_assist_aug26,treatment
1705,agent_assist_aug26,control
1706,agent_assist_aug26,treatment
1707,agent_assist_aug26,control
1708,agent_assist_aug26,treatment
1709,agent_assist_aug26,control
1710,agent_assist_aug26,treatment
1711,agent_assist_aug26,control
1712,agent_assist_aug26,treatment
1713,agent_assist_aug26,control
1714,agent_assist_aug26,treatment
1715,agent_assist_aug26,control
1716,agent_assist_aug26,treatment
1717,agent_assist_aug26,control
1718,agent_assist_aug26,treatment
1719,agent_assist_aug26,control
1720,agent_assist_aug26,treatment
1721,agent_assist_aug26,control
1722,agent_assist_aug26,treatment
1723,agent_assist_aug26,control
1724,agent_assist_aug26,treatment
1725,agent_assist_aug26,control
1726,agent_assist_aug26,treatment
1727,agent_assist_aug26,control
1728,agent_assist_aug26,treatment
1729,agent_assist_aug26,control
1730,agent_assist_aug26,treatment
1731,agent_assist_aug26,control
1732,agent_assist_aug26,treatment
1733,agent_assist_aug26,control
1734,agent_assist_aug26,treatment
1735,agent_assist_aug26,control
1736,agent_assist_aug26,treatment
1737,agent_assist_aug26,control
1738,agent_assist_aug26,treatment
1739,agent_assist_aug26,control
1740,agent_assist_aug26,treatment
1741,agent_assist_aug26,control
1742,agent_assist_aug26,treatment
1743,agent_assist_aug26,control
1744,agent_assist_aug26,treatment
1745,agent_assist_aug26,control
1746,agent_assist_aug26,treatment
1747,agent_assist_aug26,control
1748,agent_assist_aug26,treatment
1749,agent_assist_aug26,control
1750,agent_assist_aug26,treatment
1751,agent_assist_aug26,control
1752,agent_assist_aug26,treatment
1753,agent_assist_aug26,control
1754,agent_assist_aug26,treatment
1755,agent_assist_aug26,control
1756,agent_assist_aug26,treatment
1757,agent_assist_aug26,control
1758,agent_assist_aug26,treatment
1759,agent_assist_aug26,control
1760,agent_assist_aug26,treatment
1761,agent_assist_aug26,control
1762,agent_assist_aug26,treatment
1763,agent_assist_aug26,control
1764,agent_assist_aug26,treatment
1765,agent_assist_aug26,control
1766,agent_assist_aug26,treatment
1767,agent_assist_aug26,control
1768,agent_assist_aug26,treatment
1769,agent_assist_aug26,control
1770,agent_assist_aug26,treatment
1771,agent_assist_aug26,control
1772,agent_assist_aug26,treatment
1773,agent_assist_aug26,control
1774,agent_assist_aug26,treatment
1775,agent_assist_aug26,control
1776,agent_assist_aug26,treatment
1777,agent_assist_aug26,control
1778,agent_assist_aug26,treatment
1779,agent_assist_aug26,control
1780,agent_assist_aug26,treatment
1781,agent_assist_aug26,control
1782,agent_assist_aug26,treatment
1783,agent_assist_aug26,control
1784,agent_assist_aug26,treatment
1785,agent_assist_aug26,control
1786,agent_assist_aug26,treatment
1787,agent_assist_aug26,control
1788,agent_assist_aug26,treatment
1789,agent_assist_aug26,control
1790,agent_assist_aug26,treatment
1791,agent_assist_aug26,control
1792,agent_assist_aug26,treatment
1793,agent_assist_aug26,control
1794,agent_assist_aug26,treatment
1795,agent_assist_aug26,control
1796,agent_assist_aug26,treatment
1797,agent_assist_aug26,control
1798,agent_assist_aug26,treatment
1799,agent_assist_aug26,control
1800,agent_assist_aug26,treatment
1801,agent_assist_aug26,control
1802,agent_assist_aug26,treatment
1803,agent_assist_aug26,control
1804,agent_assist_aug26,treatment
1805,agent_assist_aug26,control
1806,agent_assist_aug26,treatment
1807,agent_assist_aug26,control
1808,agent_assist_aug26,treatment
1809,agent_assist_aug26,control
1810,agent_assist_aug26,treatment
1811,agent_assist_aug26,control
1812,agent_assist_aug26,treatment
1813,agent_assist_aug26,control
1814,agent_assist_aug26,treatment
1815,agent_assist_aug26,control
1816,agent_assist_aug26,treatment
1817,agent_assist_aug26,control
1818,agent_assist_aug26,treatment
1819,agent_assist_aug26,control
1820,agent_assist_aug26,treatment
1821,agent_assist_aug26,control
1822,agent_assist_aug26,treatment
1823,agent_assist_aug26,control
1824,agent_assist_aug26,treatment
1825,agent_assist_aug26,control
1826,agent_assist_aug26,treatment
1827,agent_assist_aug26,control
1828,agent_assist_aug26,treatment
1829,agent_assist_aug26,control
1830,agent_assist_aug26,treatment
1831,agent_assist_aug26,control
1832,agent_assist_aug26,treatment
1833,agent_assist_aug26,control
1834,agent_assist_aug26,treatment
1835,agent_assist_aug26,control
1836,agent_assist_aug26,treatment
1837,agent_assist_aug26,control
1838,agent_assist_aug26,treatment
1839,agent_assist_aug26,control
1840,agent_assist_aug26,treatment
1841,agent_assist_aug26,control
1842,agent_assist_aug26,treatment
1843,agent_assist_aug26,control
1844,agent_assist_aug26,treatment
1845,agent_assist_aug26,control
1846,agent_assist_aug26,treatment
1847,agent_assist_aug26,control
1848,agent_assist_aug26,treatment
1849,agent_assist_aug26,control
1850,agent_assist_aug26,treatment
1851,agent_assist_aug26,control
1852,agent_assist_aug26,treatment
1853,agent_assist_aug26,control
1854,agent_assist_aug26,treatment
1855,agent_assist_aug26,control
1856,agent_assist_aug26,treatment
1857,agent_assist_aug26,control
1858,agent_assist_aug26,treatment
1859,agent_assist_aug26,control
1860,agent_assist_aug26,treatment
1861,agent_assist_aug26,control
1862,agent_assist_aug26,treatment
1863,agent_assist_aug26,control
1864,agent_assist_aug26,treatment
1865,agent_assist_aug26,control
1866,agent_assist_aug26,treatment
1867,agent_assist_aug26,control
1868,agent_assist_aug26,treatment
1869,agent_assist_aug26,control
1870,agent_assist_aug26,treatment
1871,agent_assist_aug26,control
1872,agent_assist_aug26,treatment
1873,agent_assist_aug26,control
1874,agent_assist_aug26,treatment
1875,agent_assist_aug26,control
1876,agent_assist_aug26,treatment
1877,agent_assist_aug26,control
1878,agent_assist_aug26,treatment
1879,agent_assist_aug26,control
1880,agent_assist_aug26,treatment
1881,agent_assist_aug26,control
1882,agent_assist_aug26,treatment
1883,agent_assist_aug26,control
1884,agent_assist_aug26,treatment
1885,agent_assist_aug26,control
1886,agent_assist_aug26,treatment
1887,agent_assist_aug26,control
1888,agent_assist_aug26,treatment
1889,agent_assist_aug26,control
1890,agent_assist_aug26,treatment
1891,agent_assist_aug26,control
1892,agent_assist_aug26,treatment
1893,agent_assist_aug26,control
1894,agent_assist_aug26,treatment
1895,agent_assist_aug26,control
1896,agent_assist_aug26,treatment
1897,agent_assist_aug26,control
1898,agent_assist_aug26,treatment
1899,agent_assist_aug26,control
1900,agent_assist_aug26,treatment
1901,agent_assist_aug26,control
1902,agent_assist_aug26,treatment
1903,agent_assist_aug26,control
1904,agent_assist_aug26,treatment
1905,agent_assist_aug26,control
1906,agent_assist_aug26,treatment
1907,agent_assist_aug26,control
1908,agent_assist_aug26,treatment
1909,agent_assist_aug26,control
1910,agent_assist_aug26,treatment
1911,agent_assist_aug26,control
1912,agent_assist_aug26,treatment
1913,agent_assist_aug26,control
1914,agent_assist_aug26,treatment
1915,agent_assist_aug26,control
1916,agent_assist_aug26,treatment
1917,agent_assist_aug26,control
1918,agent_assist_aug26,treatment
1919,agent_assist_aug26,control
1920,agent_assist_aug26,treatment
1921,agent_assist_aug26,control
1922,agent_assist_aug26,treatment
1923,agent_assist_aug26,control
1924,agent_assist_aug26,treatment
1925,agent_assist_aug26,control
1926,agent_assist_aug26,treatment
1927,agent_assist_aug26,control
1928,agent_assist_aug26,treatment
1929,agent_assist_aug26,control
1930,agent_assist_aug26,treatment
1931,agent_assist_aug26,control
1932,agent_assist_aug26,treatment
1933,agent_assist_aug26,control
1934,agent_assist_aug26,treatment
1935,agent_assist_aug26,control
1936,agent_assist_aug26,treatment
1937,agent_assist_aug26,control
1938,agent_assist_aug26,treatment
1939,agent_assist_aug26,control
1940,agent_assist_aug26,treatment
1941,agent_assist_aug26,control
1942,agent_assist_aug26,treatment
1943,agent_assist_aug26,control
1944,agent_assist_aug26,treatment
1945,agent_assist_aug26,control
1946,agent_assist_aug26,treatment
1947,agent_assist_aug26,control
1948,agent_assist_aug26,treatment
1949,agent_assist_aug26,control
1950,agent_assist_aug26,treatment
1951,agent_assist_aug26,control
1952,agent_assist_aug26,treatment
1953,agent_assist_aug26,control
1954,agent_assist_aug26,treatment
1955,agent_assist_aug26,control
1956,agent_assist_aug26,treatment
1957,agent_assist_aug26,control
1958,agent_assist_aug26,treatment
1959,agent_assist_aug26,control
1960,agent_assist_aug26,treatment
1961,agent_assist_aug26,control
1962,agent_assist_aug26,treatment
1963,agent_assist_aug26,control
1964,agent_assist_aug26,treatment
1965,agent_assist_aug26,control
1966,agent_assist_aug26,treatment
1967,agent_assist_aug26,control
1968,agent_assist_aug26,treatment
1969,agent_assist_aug26,control
1970,agent_assist_aug26,treatment
1971,agent_assist_aug26,control
1972,agent_assist_aug26,treatment
1973,agent_assist_aug26,control
1974,agent_assist_aug26,treatment
1975,agent_assist_aug26,control
1976,agent_assist_aug26,treatment
1977,agent_assist_aug26,control
1978,agent_assist_aug26,treatment
1979,agent_assist_aug26,control
1980,agent_assist_aug26,treatment
1981,agent_assist_aug26,control
1982,agent_assist_aug26,treatment
1983,agent_assist_aug26,control
1984,agent_assist_aug26,treatment
1985,agent_assist_aug26,control
1986,agent_assist_aug26,treatment
1987,agent_assist_aug26,control
1988,agent_assist_aug26,treatment
1989,agent_assist_aug26,control
1990,agent_assist_aug26,treatment
1991,agent_assist_aug26,control
1992,agent_assist_aug26,treatment
1993,agent_assist_aug26,control
1994,agent_assist_aug26,treatment
1995,agent_assist_aug26,control
1996,agent_assist_aug26,treatment
1997,agent_assist_aug26,control
1998,agent_assist_aug26,treatment
1999,agent_assist_aug26,control
2000,agent_assist_aug26,treatment
2001,agent_assist_aug26,control
2002,agent_assist_aug26,treatment
2003,agent_assist_aug26,control
2004,agent_assist_aug26,treatment
2005,agent_assist_aug26,control
2006,agent_assist_aug26,treatment
2007,agent_assist_aug26,control
2008,agent_assist_aug26,treatment
2009,agent_assist_aug26,control
2010,agent_assist_aug26,treatment
2011,agent_assist_aug26,control
2012,agent_assist_aug26,treatment
2013,agent_assist_aug26,control
2014,agent_assist_aug26,treatment
2015,agent_assist_aug26,control
2016,agent_assist_aug26,treatment
2017,agent_assist_aug26,control
2018,agent_assist_aug26,treatment
2019,agent_assist_aug26,control
2020,agent_assist_aug26,treatment
2021,agent_assist_aug26,control
2022,agent_assist_aug26,treatment
2023,agent_assist_aug26,control
2024,agent_assist_aug26,treatment
2025,agent_assist_aug26,control
2026,agent_assist_aug26,treatment
2027,agent_assist_aug26,control
2028,agent_assist_aug26,treatment
2029,agent_assist_aug26,control
2030,agent_assist_aug26,treatment
2031,agent_assist_aug26,control
2032,agent_assist_aug26,treatment
2033,agent_assist_aug26,control
2034,agent_assist_aug26,treatment
2035,agent_assist_aug26,control
2036,agent_assist_aug26,treatment
2037,agent_assist_aug26,control
2038,agent_assist_aug26,treatment
2039,agent_assist_aug26,control
2040,agent_assist_aug26,treatment
2041,agent_assist_aug26,control
2042,agent_assist_aug26,treatment
2043,agent_assist_aug26,control
2044,agent_assist_aug26,treatment
2045,agent_assist_aug26,control
2046,agent_assist_aug26,treatment
2047,agent_assist_aug26,control
2048,agent_assist_aug26,treatment
2049,agent_assist_aug26,control
2050,agent_assist_aug26,treatment
2051,agent_assist_aug26,control
2052,agent_assist_aug26,treatment
2053,agent_assist_aug26,control
2054,agent_assist_aug26,treatment
2055,agent_assist_aug26,control
2056,agent_assist_aug26,treatment
2057,agent_assist_aug26,control
2058,agent_assist_aug26,treatment
2059,agent_assist_aug26,control
2060,agent_assist_aug26,treatment
2061,agent_assist_aug26,control
2062,agent_assist_aug26,treatment
2063,agent_assist_aug26,control
2064,agent_assist_aug26,treatment
2065,agent_assist_aug26,control
2066,agent_assist_aug26,treatment
2067,agent_assist_aug26,control
2068,agent_assist_aug26,treatment
2069,agent_assist_aug26,control
2070,agent_assist_aug26,treatment
2071,agent_assist_aug26,control
2072,agent_assist_aug26,treatment
2073,agent_assist_aug26,control
2074,agent_assist_aug26,treatment
2075,agent_assist_aug26,control
2076,agent_assist_aug26,treatment
2077,agent_assist_aug26,control
2078,agent_assist_aug26,treatment
2079,agent_assist_aug26,control
2080,agent_assist_aug26,treatment
2081,agent_assist_aug26,control
2082,agent_assist_aug26,treatment
2083,agent_assist_aug26,control
2084,agent_assist_aug26,treatment
2085,agent_assist_aug26,control
2086,agent_assist_aug26,treatment
2087,agent_assist_aug26,control
2088,agent_assist_aug26,treatment
2089,agent_assist_aug26,control
2090,agent_assist_aug26,treatment
2091,agent_assist_aug26,control
2092,agent_assist_aug26,treatment
2093,agent_assist_aug26,control
2094,agent_assist_aug26,treatment
2095,agent_assist_aug26,control
2096,agent_assist_aug26,treatment
2097,agent_assist_aug26,control
2098,agent_assist_aug26,treatment
2099,agent_assist_aug26,control
2100,agent_assist_aug26,treatment
2101,agent_assist_aug26,control
2102,agent_assist_aug26,treatment
2103,agent_assist_aug26,control
2104,agent_assist_aug26,treatment
2105,agent_assist_aug26,control
2106,agent_assist_aug26,treatment
2107,agent_assist_aug26,control
2108,agent_assist_aug26,treatment
2109,agent_assist_aug26,control
2110,agent_assist_aug26,treatment
2111,agent_assist_aug26,control
2112,agent_assist_aug26,treatment
2113,agent_assist_aug26,control
2114,agent_assist_aug26,treatment
2115,agent_assist_aug26,control
2116,agent_assist_aug26,treatment
2117,agent_assist_aug26,control
2118,agent_assist_aug26,treatment
2119,agent_assist_aug26,control
2120,agent_assist_aug26,treatment
2121,agent_assist_aug26,control
2122,agent_assist_aug26,treatment
2123,agent_assist_aug26,control
2124,agent_assist_aug26,treatment
2125,agent_assist_aug26,control
2126,agent_assist_aug26,treatment
2127,agent_assist_aug26,control
2128,agent_assist_aug26,treatment
2129,agent_assist_aug26,control
2130,agent_assist_aug26,treatment
2131,agent_assist_aug26,control
2132,agent_assist_aug26,treatment
2133,agent_assist_aug26,control
2134,agent_assist_aug26,treatment
2135,agent_assist_aug26,control
2136,agent_assist_aug26,treatment
2137,agent_assist_aug26,control
2138,agent_assist_aug26,treatment
2139,agent_assist_aug26,control
2140,agent_assist_aug26,treatment
2141,agent_assist_aug26,control
2142,agent_assist_aug26,treatment
2143,agent_assist_aug26,control
2144,agent_assist_aug26,treatment
2145,agent_assist_aug26,control
2146,agent_assist_aug26,treatment
2147,agent_assist_aug26,control
2148,agent_assist_aug26,treatment
2149,agent_assist_aug26,control
2150,agent_assist_aug26,treatment
2151,agent_assist_aug26,control
2152,agent_assist_aug26,treatment
2153,agent_assist_aug26,control
2154,agent_assist_aug26,treatment
2155,agent_assist_aug26,control
2156,agent_assist_aug26,treatment
2157,agent_assist_aug26,control
2158,agent_assist_aug26,treatment
2159,agent_assist_aug26,control
2160,agent_assist_aug26,treatment
2161,agent_assist_aug26,control
2162,agent_assist_aug26,treatment
2163,agent_assist_aug26,control
2164,agent_assist_aug26,treatment
2165,agent_assist_aug26,control
2166,agent_assist_aug26,treatment
2167,agent_assist_aug26,control
2168,agent_assist_aug26,treatment
2169,agent_assist_aug26,control
2170,agent_assist_aug26,treatment
2171,agent_assist_aug26,control
2172,agent_assist_aug26,treatment
2173,agent_assist_aug26,control
2174,agent_assist_aug26,treatment
2175,agent_assist_aug26,control
2176,agent_assist_aug26,treatment
2177,agent_assist_aug26,control
2178,agent_assist_aug26,treatment
2179,agent_assist_aug26,control
2180,agent_assist_aug26,treatment
2181,agent_assist_aug26,control
2182,agent_assist_aug26,treatment
2183,agent_assist_aug26,control
2184,agent_assist_aug26,treatment
2185,agent_assist_aug26,control
2186,agent_assist_aug26,treatment
2187,agent_assist_aug26,control
2188,agent_assist_aug26,treatment
2189,agent_assist_aug26,control
2190,agent_assist_aug26,treatment
2191,agent_assist_aug26,control
2192,agent_assist_aug26,treatment
2193,agent_assist_aug26,control
2194,agent_assist_aug26,treatment
2195,agent_assist_aug26,control
2196,agent_assist_aug26,treatment
2197,agent_assist_aug26,control
2198,agent_assist_aug26,treatment
2199,agent_assist_aug26,control
2200,agent_assist_aug26,treatment
2201,agent_assist_aug26,control
2202,agent_assist_aug26,treatment
2203,agent_assist_aug26,control
2204,agent_assist_aug26,treatment
2205,agent_assist_aug26,control
2206,agent_assist_aug26,treatment
2207,agent_assist_aug26,control
2208,agent_assist_aug26,treatment
2209,agent_assist_aug26,control
2210,agent_assist_aug26,treatment
2211,agent_assist_aug26,control
2212,agent_assist_aug26,treatment
2213,agent_assist_aug26,control
2214,agent_assist_aug26,treatment
2215,agent_assist_aug26,control
2216,agent_assist_aug26,treatment
2217,agent_assist_aug26,control
2218,agent_assist_aug26,treatment
2219,agent_assist_aug26,control
2220,agent_assist_aug26,treatment
2221,agent_assist_aug26,control
2222,agent_assist_aug26,treatment
2223,agent_assist_aug26,control
2224,agent_assist_aug26,treatment
2225,agent_assist_aug26,control
2226,agent_assist_aug26,treatment
2227,agent_assist_aug26,control
2228,agent_assist_aug26,treatment
2229,agent_assist_aug26,control
2230,agent_assist_aug26,treatment
2231,agent_assist_aug26,control
2232,agent_assist_aug26,treatment
2233,agent_assist_aug26,control
2234,agent_assist_aug26,treatment
2235,agent_assist_aug26,control
2236,agent_assist_aug26,treatment
2237,agent_assist_aug26,control
2238,agent_assist_aug26,treatment
2239,agent_assist_aug26,control
2240,agent_assist_aug26,treatment
2241,agent_assist_aug26,control
2242,agent_assist_aug26,treatment
2243,agent_assist_aug26,control
2244,agent_assist_aug26,treatment
2245,agent_assist_aug26,control
2246,agent_assist_aug26,treatment
2247,agent_assist_aug26,control
2248,agent_assist_aug26,treatment
2249,agent_assist_aug26,control
2250,agent_assist_aug26,treatment
2251,agent_assist_aug26,control
2252,agent_assist_aug26,treatment
2253,agent_assist_aug26,control
2254,agent_assist_aug26,treatment
2255,agent_assist_aug26,control
2256,agent_assist_aug26,treatment
2257,agent_assist_aug26,control
2258,agent_assist_aug26,treatment
2259,agent_assist_aug26,control
2260,agent_assist_aug26,treatment
2261,agent_assist_aug26,control
2262,agent_assist_aug26,treatment
2263,agent_assist_aug26,control
2264,agent_assist_aug26,treatment
2265,agent_assist_aug26,control
2266,agent_assist_aug26,treatment
2267,agent_assist_aug26,control
2268,agent_assist_aug26,treatment
2269,agent_assist_aug26,control
2270,agent_assist_aug26,treatment
2271,agent_assist_aug26,control
2272,agent_assist_aug26,treatment
2273,agent_assist_aug26,control
2274,agent_assist_aug26,treatment
2275,agent_assist_aug26,control
2276,agent_assist_aug26,treatment
2277,agent_assist_aug26,control
2278,agent_assist_aug26,treatment
2279,agent_assist_aug26,control
2280,agent_assist_aug26,treatment
2281,agent_assist_aug26,control
2282,agent_assist_aug26,treatment
2283,agent_assist_aug26,control
2284,agent_assist_aug26,treatment
2285,agent_assist_aug26,control
2286,agent_assist_aug26,treatment
2287,agent_assist_aug26,control
2288,agent_assist_aug26,treatment
2289,agent_assist_aug26,control
2290,agent_assist_aug26,treatment
2291,agent_assist_aug26,control
2292,agent_assist_aug26,treatment
2293,agent_assist_aug26,control
2294,agent_assist_aug26,treatment
2295,agent_assist_aug26,control
2296,agent_assist_aug26,treatment
2297,agent_assist_aug26,control
2298,agent_assist_aug26,treatment
2299,agent_assist_aug26,control
2300,agent_assist_aug26,treatment
2301,agent_assist_aug26,control
2302,agent_assist_aug26,treatment
2303,agent_assist_aug26,control
2304,agent_assist_aug26,treatment
2305,agent_assist_aug26,control
2306,agent_assist_aug26,treatment
2307,agent_assist_aug26,control
2308,agent_assist_aug26,treatment
2309,agent_assist_aug26,control
2310,agent_assist_aug26,treatment
2311,agent_assist_aug26,control
2312,agent_assist_aug26,treatment
2313,agent_assist_aug26,control
2314,agent_assist_aug26,treatment
2315,agent_assist_aug26,control
2316,agent_assist_aug26,treatment
2317,agent_assist_aug26,control
2318,agent_assist_aug26,treatment
2319,agent_assist_aug26,control
2320,agent_assist_aug26,treatment
2321,agent_assist_aug26,control
2322,agent_assist_aug26,treatment
2323,agent_assist_aug26,control
2324,agent_assist_aug26,treatment
2325,agent_assist_aug26,control
2326,agent_assist_aug26,treatment
2327,agent_assist_aug26,control
2328,agent_assist_aug26,treatment
2329,agent_assist_aug26,control
2330,agent_assist_aug26,treatment
2331,agent_assist_aug26,control
2332,agent_assist_aug26,treatment
2333,agent_assist_aug26,control
2334,agent_assist_aug26,treatment
2335,agent_assist_aug26,control
2336,agent_assist_aug26,treatment
2337,agent_assist_aug26,control
2338,agent_assist_aug26,treatment
2339,agent_assist_aug26,control
2340,agent_assist_aug26,treatment
2341,agent_assist_aug26,control
2342,agent_assist_aug26,treatment
2343,agent_assist_aug26,control
2344,agent_assist_aug26,treatment
2345,agent_assist_aug26,control
2346,agent_assist_aug26,treatment
2347,agent_assist_aug26,control
2348,agent_assist_aug26,treatment
2349,agent_assist_aug26,control
2350,agent_assist_aug26,treatment
2351,agent_assist_aug26,control
2352,agent_assist_aug26,treatment
2353,agent_assist_aug26,control
2354,agent_assist_aug26,treatment
2355,agent_assist_aug26,control
2356,agent_assist_aug26,treatment
2357,agent_assist_aug26,control
2358,agent_assist_aug26,treatment
2359,agent_assist_aug26,control
2360,agent_assist_aug26,treatment
2361,agent_assist_aug26,control
2362,agent_assist_aug26,treatment
2363,agent_assist_aug26,control
2364,agent_assist_aug26,treatment
2365,agent_assist_aug26,control
2366,agent_assist_aug26,treatment
2367,agent_assist_aug26,control
2368,agent_assist_aug26,treatment
2369,agent_assist_aug26,control
2370,agent_assist_aug26,treatment
2371,agent_assist_aug26,control
2372,agent_assist_aug26,treatment
2373,agent_assist_aug26,control
2374,agent_assist_aug26,treatment
2375,agent_assist_aug26,control
2376,agent_assist_aug26,treatment
2377,agent_assist_aug26,control
2378,agent_assist_aug26,treatment
2379,agent_assist_aug26,control
2380,agent_assist_aug26,treatment
2381,agent_assist_aug26,control
2382,agent_assist_aug26,treatment
2383,agent_assist_aug26,control
2384,agent_assist_aug26,treatment
2385,agent_assist_aug26,control
2386,agent_assist_aug26,treatment
2387,agent_assist_aug26,control
2388,agent_assist_aug26,treatment
2389,agent_assist_aug26,control
2390,agent_assist_aug26,treatment
2391,agent_assist_aug26,control
2392,agent_assist_aug26,treatment
2393,agent_assist_aug26,control
2394,agent_assist_aug26,treatment
2395,agent_assist_aug26,control
2396,agent_assist_aug26,treatment
2397,agent_assist_aug26,control
2398,agent_assist_aug26,treatment
2399,agent_assist_aug26,control
2400,agent_assist_aug26,treatment
2401,agent_assist_aug26,control
2402,agent_assist_aug26,treatment
2403,agent_assist_aug26,control
2404,agent_assist_aug26,treatment
2405,agent_assist_aug26,control
2406,agent_assist_aug26,treatment
2407,agent_assist_aug26,control
2408,agent_assist_aug26,treatment
2409,agent_assist_aug26,control
2410,agent_assist_aug26,treatment
2411,agent_assist_aug26,control
2412,agent_assist_aug26,treatment
2413,agent_assist_aug26,control
2414,agent_assist_aug26,treatment
2415,agent_assist_aug26,control
2416,agent_assist_aug26,treatment
2417,agent_assist_aug26,control
2418,agent_assist_aug26,treatment
2419,agent_assist_aug26,control
2420,agent_assist_aug26,treatment
2421,agent_assist_aug26,control
2422,agent_assist_aug26,treatment
2423,agent_assist_aug26,control
2424,agent_assist_aug26,treatment
2425,agent_assist_aug26,control
2426,agent_assist_aug26,treatment
2427,agent_assist_aug26,control
2428,agent_assist_aug26,treatment
2429,agent_assist_aug26,control
2430,agent_assist_aug26,treatment
2431,agent_assist_aug26,control
2432,agent_assist_aug26,treatment
2433,agent_assist_aug26,control
2434,agent_assist_aug26,treatment
2435,agent_assist_aug26,control
2436,agent_assist_aug26,treatment
2437,agent_assist_aug26,control
2438,agent_assist_aug26,treatment
2439,agent_assist_aug26,control
2440,agent_assist_aug26,treatment
2441,agent_assist_aug26,control
2442,agent_assist_aug26,treatment
2443,agent_assist_aug26,control
2444,agent_assist_aug26,treatment
2445,agent_assist_aug26,control
2446,agent_assist_aug26,treatment
2447,agent_assist_aug26,control
2448,agent_assist_aug26,treatment
2449,agent_assist_aug26,control
2450,agent_assist_aug26,treatment
2451,agent_assist_aug26,control
2452,agent_assist_aug26,treatment
2453,agent_assist_aug26,control
2454,agent_assist_aug26,treatment
2455,agent_assist_aug26,control
2456,agent_assist_aug26,treatment
2457,agent_assist_aug26,control
2458,agent_assist_aug26,treatment
2459,agent_assist_aug26,control
2460,agent_assist_aug26,treatment
2461,agent_assist_aug26,control
2462,agent_assist_aug26,treatment
2463,agent_assist_aug26,control
2464,agent_assist_aug26,treatment
2465,agent_assist_aug26,control
2466,agent_assist_aug26,treatment
2467,agent_assist_aug26,control
2468,agent_assist_aug26,treatment
2469,agent_assist_aug26,control
2470,agent_assist_aug26,treatment
2471,agent_assist_aug26,control
2472,agent_assist_aug26,treatment
2473,agent_assist_aug26,control
2474,agent_assist_aug26,treatment
2475,agent_assist_aug26,control
2476,agent_assist_aug26,treatment
2477,agent_assist_aug26,control
2478,agent_assist_aug26,treatment
2479,agent_assist_aug26,control
2480,agent_assist_aug26,treatment
2481,agent_assist_aug26,control
2482,agent_assist_aug26,treatment
2483,agent_assist_aug26,control
2484,agent_assist_aug26,treatment
2485,agent_assist_aug26,control
2486,agent_assist_aug26,treatment
2487,agent_assist_aug26,control
2488,agent_assist_aug26,treatment
2489,agent_assist_aug26,control
2490,agent_assist_aug26,treatment
2491,agent_assist_aug26,control
2492,agent_assist_aug26,treatment
2493,agent_assist_aug26,control
2494,agent_assist_aug26,treatment
2495,agent_assist_aug26,control
2496,agent_assist_aug26,treatment
2497,agent_assist_aug26,control
2498,agent_assist_aug26,treatment
2499,agent_assist_aug26,control
2500,agent_assist_aug26,treatment
2501,agent_assist_aug26,control
2502,agent_assist_aug26,treatment
2503,agent_assist_aug26,control
2504,agent_assist_aug26,treatment
2505,agent_assist_aug26,control
2506,agent_assist_aug26,treatment
2507,agent_assist_aug26,control
2508,agent_assist_aug26,treatment
2509,agent_assist_aug26,control
2510,agent_assist_aug26,treatment
2511,agent_assist_aug26,control
2512,agent_assist_aug26,treatment
2513,agent_assist_aug26,control
2514,agent_assist_aug26,treatment
2515,agent_assist_aug26,control
2516,agent_assist_aug26,treatment
2517,agent_assist_aug26,control
2518,agent_assist_aug26,treatment
2519,agent_assist_aug26,control
2520,agent_assist_aug26,treatment
2521,agent_assist_aug26,control
2522,agent_assist_aug26,treatment
2523,agent_assist_aug26,control
2524,agent_assist_aug26,treatment
2525,agent_assist_aug26,control
2526,agent_assist_aug26,treatment
2527,agent_assist_aug26,control
2528,agent_assist_aug26,treatment
2529,agent_assist_aug26,control
2530,agent_assist_aug26,treatment
2531,agent_assist_aug26,control
2532,agent_assist_aug26,treatment
2533,agent_assist_aug26,control
2534,agent_assist_aug26,treatment
2535,agent_assist_aug26,control
2536,agent_assist_aug26,treatment
2537,agent_assist_aug26,control
2538,agent_assist_aug26,treatment
2539,agent_assist_aug26,control
2540,agent_assist_aug26,treatment
2541,agent_assist_aug26,control
2542,agent_assist_aug26,treatment
2543,agent_assist_aug26,control
2544,agent_assist_aug26,treatment
2545,agent_assist_aug26,control
2546,agent_assist_aug26,treatment
2547,agent_assist_aug26,control
2548,agent_assist_aug26,treatment
2549,agent_assist_aug26,control
2550,agent_assist_aug26,treatment
2551,agent_assist_aug26,control
2552,agent_assist_aug26,treatment
2553,agent_assist_aug26,control
2554,agent_assist_aug26,treatment
2555,agent_assist_aug26,control
2556,agent_assist_aug26,treatment
2557,agent_assist_aug26,control
2558,agent_assist_aug26,treatment
2559,agent_assist_aug26,control
2560,agent_assist_aug26,treatment
2561,agent_assist_aug26,control
2562,agent_assist_aug26,treatment
2563,agent_assist_aug26,control
2564,agent_assist_aug26,treatment
2565,agent_assist_aug26,control
2566,agent_assist_aug26,treatment
2567,agent_assist_aug26,control
2568,agent_assist_aug26,treatment
2569,agent_assist_aug26,control
2570,agent_assist_aug26,treatment
2571,agent_assist_aug26,control
2572,agent_assist_aug26,treatment
2573,agent_assist_aug26,control
2574,agent_assist_aug26,treatment
2575,agent_assist_aug26,control
2576,agent_assist_aug26,treatment
2577,agent_assist_aug26,control
2578,agent_assist_aug26,treatment
2579,agent_assist_aug26,control
2580,agent_assist_aug26,treatment
2581,agent_assist_aug26,control
2582,agent_assist_aug26,treatment
2583,agent_assist_aug26,control
2584,agent_assist_aug26,treatment
2585,agent_assist_aug26,control
2586,agent_assist_aug26,treatment
2587,agent_assist_aug26,control
2588,agent_assist_aug26,treatment
2589,agent_assist_aug26,control
2590,agent_assist_aug26,treatment
2591,agent_assist_aug26,control
2592,agent_assist_aug26,treatment
2593,agent_assist_aug26,control
2594,agent_assist_aug26,treatment
2595,agent_assist_aug26,control
2596,agent_assist_aug26,treatment
2597,agent_assist_aug26,control
2598,agent_assist_aug26,treatment
2599,agent_assist_aug26,control
2600,agent_assist_aug26,treatment
2601,agent_assist_aug26,control
2602,agent_assist_aug26,treatment
2603,agent_assist_aug26,control
2604,agent_assist_aug26,treatment
2605,agent_assist_aug26,control
2606,agent_assist_aug26,treatment
2607,agent_assist_aug26,control
2608,agent_assist_aug26,treatment
2609,agent_assist_aug26,control
2610,agent_assist_aug26,treatment
2611,agent_assist_aug26,control
2612,agent_assist_aug26,treatment
2613,agent_assist_aug26,control
2614,agent_assist_aug26,treatment
2615,agent_assist_aug26,control
2616,agent_assist_aug26,treatment
2617,agent_assist_aug26,control
2618,agent_assist_aug26,treatment
2619,agent_assist_aug26,control
2620,agent_assist_aug26,treatment
2621,agent_assist_aug26,control
2622,agent_assist_aug26,treatment
2623,agent_assist_aug26,control
2624,agent_assist_aug26,treatment
2625,agent_assist_aug26,control
2626,agent_assist_aug26,treatment
2627,agent_assist_aug26,control
2628,agent_assist_aug26,treatment
2629,agent_assist_aug26,control
2630,agent_assist_aug26,treatment
2631,agent_assist_aug26,control
2632,agent_assist_aug26,treatment
2633,agent_assist_aug26,control
2634,agent_assist_aug26,treatment
2635,agent_assist_aug26,control
2636,agent_assist_aug26,treatment
2637,agent_assist_aug26,control
2638,agent_assist_aug26,treatment
2639,agent_assist_aug26,control
2640,agent_assist_aug26,treatment
2641,agent_assist_aug26,control
2642,agent_assist_aug26,treatment
2643,agent_assist_aug26,control
2644,agent_assist_aug26,treatment
2645,agent_assist_aug26,control
2646,agent_assist_aug26,treatment
2647,agent_assist_aug26,control
2648,agent_assist_aug26,treatment
2649,agent_assist_aug26,control
2650,agent_assist_aug26,treatment
2651,agent_assist_aug26,control
2652,agent_assist_aug26,treatment
2653,agent_assist_aug26,control
2654,agent_assist_aug26,treatment
2655,agent_assist_aug26,control
2656,agent_assist_aug26,treatment
2657,agent_assist_aug26,control
2658,agent_assist_aug26,treatment
2659,agent_assist_aug26,control
2660,agent_assist_aug26,treatment
2661,agent_assist_aug26,control
2662,agent_assist_aug26,treatment
2663,agent_assist_aug26,control
2664,agent_assist_aug26,treatment
2665,agent_assist_aug26,control
2666,agent_assist_aug26,treatment
2667,agent_assist_aug26,control
2668,agent_assist_aug26,treatment
2669,agent_assist_aug26,control
2670,agent_assist_aug26,treatment
2671,agent_assist_aug26,control
2672,agent_assist_aug26,treatment
2673,agent_assist_aug26,control
2674,agent_assist_aug26,treatment
2675,agent_assist_aug26,control
2676,agent_assist_aug26,treatment
2677,agent_assist_aug26,control
2678,agent_assist_aug26,treatment
2679,agent_assist_aug26,control
2680,agent_assist_aug26,treatment
2681,agent_assist_aug26,control
2682,agent_assist_aug26,treatment
2683,agent_assist_aug26,control
2684,agent_assist_aug26,treatment
2685,agent_assist_aug26,control
2686,agent_assist_aug26,treatment
2687,agent_assist_aug26,control
2688,agent_assist_aug26,treatment
2689,agent_assist_aug26,control
2690,agent_assist_aug26,treatment
2691,agent_assist_aug26,control
2692,agent_assist_aug26,treatment
2693,agent_assist_aug26,control
2694,agent_assist_aug26,treatment
2695,agent_assist_aug26,control
2696,agent_assist_aug26,treatment
2697,agent_assist_aug26,control
2698,agent_assist_aug26,treatment
2699,agent_assist_aug26,control
2700,agent_assist_aug26,treatment
2701,agent_assist_aug26,control
2702,agent_assist_aug26,treatment
2703,agent_assist_aug26,control
2704,agent_assist_aug26,treatment
2705,agent_assist_aug26,control
2706,agent_assist_aug26,treatment
2707,agent_assist_aug26,control
2708,agent_assist_aug26,treatment
2709,agent_assist_aug26,control
2710,agent_assist_aug26,treatment
2711,agent_assist_aug26,control
2712,agent_assist_aug26,treatment
2713,agent_assist_aug26,control
2714,agent_assist_aug26,treatment
2715,agent_assist_aug26,control
2716,agent_assist_aug26,treatment
2717,agent_assist_aug26,control
2718,agent_assist_aug26,treatment
2719,agent_assist_aug26,control
2720,agent_assist_aug26,treatment
2721,agent_assist_aug26,control
2722,agent_assist_aug26,treatment
2723,agent_assist_aug26,control
2724,agent_assist_aug26,treatment
2725,agent_assist_aug26,control
2726,agent_assist_aug26,treatment
2727,agent_assist_aug26,control
2728,agent_assist_aug26,treatment
2729,agent_assist_aug26,control
2730,agent_assist_aug26,treatment
2731,agent_assist_aug26,control
2732,agent_assist_aug26,treatment
2733,agent_assist_aug26,control
2734,agent_assist_aug26,treatment
2735,agent_assist_aug26,control
2736,agent_assist_aug26,treatment
2737,agent_assist_aug26,control
2738,agent_assist_aug26,treatment
2739,agent_assist_aug26,control
2740,agent_assist_aug26,treatment
2741,agent_assist_aug26,control
2742,agent_assist_aug26,treatment
2743,agent_assist_aug26,control
2744,agent_assist_aug26,treatment
2745,agent_assist_aug26,control
2746,agent_assist_aug26,treatment
2747,agent_assist_aug26,control
2748,agent_assist_aug26,treatment
2749,agent_assist_aug26,control
2750,agent_assist_aug26,treatment
2751,agent_assist_aug26,control
2752,agent_assist_aug26,treatment
2753,agent_assist_aug26,control
2754,agent_assist_aug26,treatment
2755,agent_assist_aug26,control
2756,agent_assist_aug26,treatment
2757,agent_assist_aug26,control
2758,agent_assist_aug26,treatment
2759,agent_assist_aug26,control
2760,agent_assist_aug26,treatment
2761,agent_assist_aug26,control
2762,agent_assist_aug26,treatment
2763,agent_assist_aug26,control
2764,agent_assist_aug26,treatment
2765,agent_assist_aug26,control
2766,agent_assist_aug26,treatment
2767,agent_assist_aug26,control
2768,agent_assist_aug26,treatment
2769,agent_assist_aug26,control
2770,agent_assist_aug26,treatment
2771,agent_assist_aug26,control
2772,agent_assist_aug26,treatment
2773,agent_assist_aug26,control
2774,agent_assist_aug26,treatment
2775,agent_assist_aug26,control
2776,agent_assist_aug26,treatment
2777,agent_assist_aug26,control
2778,agent_assist_aug26,treatment
2779,agent_assist_aug26,control
2780,agent_assist_aug26,treatment
2781,agent_assist_aug26,control
2782,agent_assist_aug26,treatment
2783,agent_assist_aug26,control
2784,agent_assist_aug26,treatment
2785,agent_assist_aug26,control
2786,agent_assist_aug26,treatment
2787,agent_assist_aug26,control
2788,agent_assist_aug26,treatment
2789,agent_assist_aug26,control
2790,agent_assist_aug26,treatment
2791,agent_assist_aug26,control
2792,agent_assist_aug26,treatment
2793,agent_assist_aug26,control
2794,agent_assist_aug26,treatment
2795,agent_assist_aug26,control
2796,agent_assist_aug26,treatment
2797,agent_assist_aug26,control
2798,agent_assist_aug26,treatment
2799,agent_assist_aug26,control
2800,agent_assist_aug26,treatment
2801,agent_assist_aug26,control
2802,agent_assist_aug26,treatment
2803,agent_assist_aug26,control
2804,agent_assist_aug26,treatment
2805,agent_assist_aug26,control
2806,agent_assist_aug26,treatment
2807,agent_assist_aug26,control
2808,agent_assist_aug26,treatment
2809,agent_assist_aug26,control
2810,agent_assist_aug26,treatment
2811,agent_assist_aug26,control
2812,agent_assist_aug26,treatment
2813,agent_assist_aug26,control
2814,agent_assist_aug26,treatment
2815,agent_assist_aug26,control
2816,agent_assist_aug26,treatment
2817,agent_assist_aug26,control
2818,agent_assist_aug26,treatment
2819,agent_assist_aug26,control
2820,agent_assist_aug26,treatment
2821,agent_assist_aug26,control
2822,agent_assist_aug26,treatment
2823,agent_assist_aug26,control
2824,agent_assist_aug26,treatment
2825,agent_assist_aug26,control
2826,agent_assist_aug26,treatment
2827,agent_assist_aug26,control
2828,agent_assist_aug26,treatment
2829,agent_assist_aug26,control
2830,agent_assist_aug26,treatment
2831,agent_assist_aug26,control
2832,agent_assist_aug26,treatment
2833,agent_assist_aug26,control
2834,agent_assist_aug26,treatment
2835,agent_assist_aug26,control
2836,agent_assist_aug26,treatment
2837,agent_assist_aug26,control
2838,agent_assist_aug26,treatment
2839,agent_assist_aug26,control
2840,agent_assist_aug26,treatment
2841,agent_assist_aug26,control
2842,agent_assist_aug26,treatment
2843,agent_assist_aug26,control
2844,agent_assist_aug26,treatment
2845,agent_assist_aug26,control
2846,agent_assist_aug26,treatment
2847,agent_assist_aug26,control
2848,agent_assist_aug26,treatment
2849,agent_assist_aug26,control
2850,agent_assist_aug26,treatment
2851,agent_assist_aug26,control
2852,agent_assist_aug26,treatment
2853,agent_assist_aug26,control
2854,agent_assist_aug26,treatment
2855,agent_assist_aug26,control
2856,agent_assist_aug26,treatment
2857,agent_assist_aug26,control
2858,agent_assist_aug26,treatment
2859,agent_assist_aug26,control
2860,agent_assist_aug26,treatment
2861,agent_assist_aug26,control
2862,agent_assist_aug26,treatment
2863,agent_assist_aug26,control
2864,agent_assist_aug26,treatment
2865,agent_assist_aug26,control
2866,agent_assist_aug26,treatment
2867,agent_assist_aug26,control
2868,agent_assist_aug26,treatment
2869,agent_assist_aug26,control
2870,agent_assist_aug26,treatment
2871,agent_assist_aug26,control
2872,agent_assist_aug26,treatment
2873,agent_assist_aug26,control
2874,agent_assist_aug26,treatment
2875,agent_assist_aug26,control
2876,agent_assist_aug26,treatment
2877,agent_assist_aug26,control
2878,agent_assist_aug26,treatment
2879,agent_assist_aug26,control
2880,agent_assist_aug26,treatment
2881,agent_assist_aug26,control
2882,agent_assist_aug26,treatment
2883,agent_assist_aug26,control
2884,agent_assist_aug26,treatment
2885,agent_assist_aug26,control
2886,agent_assist_aug26,treatment
2887,agent_assist_aug26,control
2888,agent_assist_aug26,treatment
2889,agent_assist_aug26,control
2890,agent_assist_aug26,treatment
2891,agent_assist_aug26,control
2892,agent_assist_aug26,treatment
2893,agent_assist_aug26,control
2894,agent_assist_aug26,treatment
2895,agent_assist_aug26,control
2896,agent_assist_aug26,treatment
2897,agent_assist_aug26,control
2898,agent_assist_aug26,treatment
2899,agent_assist_aug26,control
2900,agent_assist_aug26,treatment
2901,agent_assist_aug26,control
2902,agent_assist_aug26,treatment
2903,agent_assist_aug26,control
2904,agent_assist_aug26,treatment
2905,agent_assist_aug26,control
2906,agent_assist_aug26,treatment
2907,agent_assist_aug26,control
2908,agent_assist_aug26,treatment
2909,agent_assist_aug26,control
2910,agent_assist_aug26,treatment
2911,agent_assist_aug26,control
2912,agent_assist_aug26,treatment
2913,agent_assist_aug26,control
2914,agent_assist_aug26,treatment
2915,agent_assist_aug26,control
2916,agent_assist_aug26,treatment
2917,agent_assist_aug26,control
2918,agent_assist_aug26,treatment
2919,agent_assist_aug26,control
2920,agent_assist_aug26,treatment
2921,agent_assist_aug26,control
2922,agent_assist_aug26,treatment
2923,agent_assist_aug26,control
2924,agent_assist_aug26,treatment
2925,agent_assist_aug26,control
2926,agent_assist_aug26,treatment
2927,agent_assist_aug26,control
2928,agent_assist_aug26,treatment
2929,agent_assist_aug26,control
2930,agent_assist_aug26,treatment
2931,agent_assist_aug26,control
2932,agent_assist_aug26,treatment
2933,agent_assist_aug26,control
2934,agent_assist_aug26,treatment
2935,agent_assist_aug26,control
2936,agent_assist_aug26,treatment
2937,agent_assist_aug26,control
2938,agent_assist_aug26,treatment
2939,agent_assist_aug26,control
2940,agent_assist_aug26,treatment
2941,agent_assist_aug26,control
2942,agent_assist_aug26,treatment
2943,agent_assist_aug26,control
2944,agent_assist_aug26,treatment
2945,agent_assist_aug26,control
2946,agent_assist_aug26,treatment
2947,agent_assist_aug26,control
2948,agent_assist_aug26,treatment
2949,agent_assist_aug26,control
2950,agent_assist_aug26,treatment
2951,agent_assist_aug26,control
2952,agent_assist_aug26,treatment
2953,agent_assist_aug26,control
2954,agent_assist_aug26,treatment
2955,agent_assist_aug26,control
2956,agent_assist_aug26,treatment
2957,agent_assist_aug26,control
2958,agent_assist_aug26,treatment
2959,agent_assist_aug26,control
2960,agent_assist_aug26,treatment
2961,agent_assist_aug26,control
2962,agent_assist_aug26,treatment
2963,agent_assist_aug26,control
2964,agent_assist_aug26,treatment
2965,agent_assist_aug26,control
2966,agent_assist_aug26,treatment
2967,agent_assist_aug26,control
2968,agent_assist_aug26,treatment
2969,agent_assist_aug26,control
2970,agent_assist_aug26,treatment
2971,agent_assist_aug26,control
2972,agent_assist_aug26,treatment
2973,agent_assist_aug26,control
2974,agent_assist_aug26,treatment
2975,agent_assist_aug26,control
2976,agent_assist_aug26,treatment
2977,agent_assist_aug26,control
2978,agent_assist_aug26,treatment
2979,agent_assist_aug26,control
2980,agent_assist_aug26,treatment
2981,agent_assist_aug26,control
2982,agent_assist_aug26,treatment
2983,agent_assist_aug26,control
2984,agent_assist_aug26,treatment
2985,agent_assist_aug26,control
2986,agent_assist_aug26,treatment
2987,agent_assist_aug26,control
2988,agent_assist_aug26,treatment
2989,agent_assist_aug26,control
2990,agent_assist_aug26,treatment
2991,agent_assist_aug26,control
2992,agent_assist_aug26,treatment
2993,agent_assist_aug26,control
2994,agent_assist_aug26,treatment
2995,agent_assist_aug26,control
2996,agent_assist_aug26,treatment
2997,agent_assist_aug26,control
2998,agent_assist_aug26,treatment
2999,agent_assist_aug26,control
3000,agent_assist_aug26,treatment
3001,agent_assist_aug26,control
3002,agent_assist_aug26,treatment
3003,agent_assist_aug26,control
3004,agent_assist_aug26,treatment
3005,agent_assist_aug26,control
3006,agent_assist_aug26,treatment
3007,agent_assist_aug26,control
3008,agent_assist_aug26,treatment
3009,agent_assist_aug26,control
3010,agent_assist_aug26,treatment
3011,agent_assist_aug26,control
3012,agent_assist_aug26,treatment
3013,agent_assist_aug26,control
3014,agent_assist_aug26,treatment
3015,agent_assist_aug26,control
3016,agent_assist_aug26,treatment
3017,agent_assist_aug26,control
3018,agent_assist_aug26,treatment
3019,agent_assist_aug26,control
3020,agent_assist_aug26,treatment
3021,agent_assist_aug26,control
3022,agent_assist_aug26,treatment
3023,agent_assist_aug26,control
3024,agent_assist_aug26,treatment
3025,agent_assist_aug26,control
3026,agent_assist_aug26,treatment
3027,agent_assist_aug26,control
3028,agent_assist_aug26,treatment
3029,agent_assist_aug26,control
3030,agent_assist_aug26,treatment
3031,agent_assist_aug26,control
3032,agent_assist_aug26,treatment
3033,agent_assist_aug26,control
3034,agent_assist_aug26,treatment
3035,agent_assist_aug26,control
3036,agent_assist_aug26,treatment
3037,agent_assist_aug26,control
3038,agent_assist_aug26,treatment
3039,agent_assist_aug26,control
3040,agent_assist_aug26,treatment
3041,agent_assist_aug26,control
3042,agent_assist_aug26,treatment
3043,agent_assist_aug26,control
3044,agent_assist_aug26,treatment
3045,agent_assist_aug26,control
3046,agent_assist_aug26,treatment
3047,agent_assist_aug26,control
3048,agent_assist_aug26,treatment
3049,agent_assist_aug26,control
3050,agent_assist_aug26,treatment
3051,agent_assist_aug26,control
3052,agent_assist_aug26,treatment
3053,agent_assist_aug26,control
3054,agent_assist_aug26,treatment
3055,agent_assist_aug26,control
3056,agent_assist_aug26,treatment
3057,agent_assist_aug26,control
3058,agent_assist_aug26,treatment
3059,agent_assist_aug26,control
3060,agent_assist_aug26,treatment
3061,agent_assist_aug26,control
3062,agent_assist_aug26,treatment
3063,agent_assist_aug26,control
3064,agent_assist_aug26,treatment
3065,agent_assist_aug26,control
3066,agent_assist_aug26,treatment
3067,agent_assist_aug26,control
3068,agent_assist_aug26,treatment
3069,agent_assist_aug26,control
3070,agent_assist_aug26,treatment
3071,agent_assist_aug26,control
3072,agent_assist_aug26,treatment
3073,agent_assist_aug26,control
3074,agent_assist_aug26,treatment
3075,agent_assist_aug26,control
3076,agent_assist_aug26,treatment
3077,agent_assist_aug26,control
3078,agent_assist_aug26,treatment
3079,agent_assist_aug26,control
3080,agent_assist_aug26,treatment
3081,agent_assist_aug26,control
3082,agent_assist_aug26,treatment
3083,agent_assist_aug26,control
3084,agent_assist_aug26,treatment
3085,agent_assist_aug26,control
3086,agent_assist_aug26,treatment
3087,agent_assist_aug26,control
3088,agent_assist_aug26,treatment
3089,agent_assist_aug26,control
3090,agent_assist_aug26,treatment
3091,agent_assist_aug26,control
3092,agent_assist_aug26,treatment
3093,agent_assist_aug26,control
3094,agent_assist_aug26,treatment
3095,agent_assist_aug26,control
3096,agent_assist_aug26,treatment
3097,agent_assist_aug26,control
3098,agent_assist_aug26,treatment
3099,agent_assist_aug26,control
3100,agent_assist_aug26,treatment
3101,agent_assist_aug26,control
3102,agent_assist_aug26,treatment
3103,agent_assist_aug26,control
3104,agent_assist_aug26,treatment
3105,agent_assist_aug26,control
3106,agent_assist_aug26,treatment
3107,agent_assist_aug26,control
3108,agent_assist_aug26,treatment
3109,agent_assist_aug26,control
3110,agent_assist_aug26,treatment
3111,agent_assist_aug26,control
3112,agent_assist_aug26,treatment
3113,agent_assist_aug26,control
3114,agent_assist_aug26,treatment
3115,agent_assist_aug26,control
3116,agent_assist_aug26,treatment
3117,agent_assist_aug26,control
3118,agent_assist_aug26,treatment
3119,agent_assist_aug26,control
3120,agent_assist_aug26,treatment
3121,agent_assist_aug26,control
3122,agent_assist_aug26,treatment
3123,agent_assist_aug26,control
3124,agent_assist_aug26,treatment
3125,agent_assist_aug26,control
3126,agent_assist_aug26,treatment
3127,agent_assist_aug26,control
3128,agent_assist_aug26,treatment
3129,agent_assist_aug26,control
3130,agent_assist_aug26,treatment
3131,agent_assist_aug26,control
3132,agent_assist_aug26,treatment
3133,agent_assist_aug26,control
3134,agent_assist_aug26,treatment
3135,agent_assist_aug26,control
3136,agent_assist_aug26,treatment
3137,agent_assist_aug26,control
3138,agent_assist_aug26,treatment
3139,agent_assist_aug26,control
3140,agent_assist_aug26,treatment
3141,agent_assist_aug26,control
3142,agent_assist_aug26,treatment
3143,agent_assist_aug26,control
3144,agent_assist_aug26,treatment
3145,agent_assist_aug26,control
3146,agent_assist_aug26,treatment
3147,agent_assist_aug26,control
3148,agent_assist_aug26,treatment
3149,agent_assist_aug26,control
3150,agent_assist_aug26,treatment
3151,agent_assist_aug26,control
3152,agent_assist_aug26,treatment
3153,agent_assist_aug26,control
3154,agent_assist_aug26,treatment
3155,agent_assist_aug26,control
3156,agent_assist_aug26,treatment
3157,agent_assist_aug26,control
3158,agent_assist_aug26,treatment
3159,agent_assist_aug26,control
3160,agent_assist_aug26,treatment
3161,agent_assist_aug26,control
3162,agent_assist_aug26,treatment
3163,agent_assist_aug26,control
3164,agent_assist_aug26,treatment
3165,agent_assist_aug26,control
3166,agent_assist_aug26,treatment
3167,agent_assist_aug26,control
3168,agent_assist_aug26,treatment
3169,agent_assist_aug26,control
3170,agent_assist_aug26,treatment
3171,agent_assist_aug26,control
3172,agent_assist_aug26,treatment
3173,agent_assist_aug26,control
3174,agent_assist_aug26,treatment
3175,agent_assist_aug26,control
3176,agent_assist_aug26,treatment
3177,agent_assist_aug26,control
3178,agent_assist_aug26,treatment
3179,agent_assist_aug26,control
3180,agent_assist_aug26,treatment
3181,agent_assist_aug26,control
3182,agent_assist_aug26,treatment
3183,agent_assist_aug26,control
3184,agent_assist_aug26,treatment
3185,agent_assist_aug26,control
3186,agent_assist_aug26,treatment
3187,agent_assist_aug26,control
3188,agent_assist_aug26,treatment
3189,agent_assist_aug26,control
3190,agent_assist_aug26,treatment
3191,agent_assist_aug26,control
3192,agent_assist_aug26,treatment
3193,agent_assist_aug26,control
3194,agent_assist_aug26,treatment
3195,agent_assist_aug26,control
3196,agent_assist_aug26,treatment
3197,agent_assist_aug26,control
3198,agent_assist_aug26,treatment
3199,agent_assist_aug26,control
3200,agent_assist_aug26,treatment
3201,agent_assist_aug26,control
3202,agent_assist_aug26,treatment
3203,agent_assist_aug26,control
3204,agent_assist_aug26,treatment
3205,agent_assist_aug26,control
3206,agent_assist_aug26,treatment
3207,agent_assist_aug26,control
3208,agent_assist_aug26,treatment
3209,agent_assist_aug26,control
3210,agent_assist_aug26,treatment
3211,agent_assist_aug26,control
3212,agent_assist_aug26,treatment
3213,agent_assist_aug26,control
3214,agent_assist_aug26,treatment
3215,agent_assist_aug26,control
3216,agent_assist_aug26,treatment
3217,agent_assist_aug26,control
3218,agent_assist_aug26,treatment
3219,agent_assist_aug26,control
3220,agent_assist_aug26,treatment
3221,agent_assist_aug26,control
3222,agent_assist_aug26,treatment
3223,agent_assist_aug26,control
3224,agent_assist_aug26,treatment
3225,agent_assist_aug26,control
3226,agent_assist_aug26,treatment
3227,agent_assist_aug26,control
3228,agent_assist_aug26,treatment
3229,agent_assist_aug26,control
3230,agent_assist_aug26,treatment
3231,agent_assist_aug26,control
3232,agent_assist_aug26,treatment
3233,agent_assist_aug26,control
3234,agent_assist_aug26,treatment
3235,agent_assist_aug26,control
3236,agent_assist_aug26,treatment
3237,agent_assist_aug26,control
3238,agent_assist_aug26,treatment
3239,agent_assist_aug26,control
3240,agent_assist_aug26,treatment
3241,agent_assist_aug26,control
3242,agent_assist_aug26,treatment
3243,agent_assist_aug26,control
3244,agent_assist_aug26,treatment
3245,agent_assist_aug26,control
3246,agent_assist_aug26,treatment
3247,agent_assist_aug26,control
3248,agent_assist_aug26,treatment
3249,agent_assist_aug26,control
3250,agent_assist_aug26,treatment
3251,agent_assist_aug26,control
3252,agent_assist_aug26,treatment
3253,agent_assist_aug26,control
3254,agent_assist_aug26,treatment
3255,agent_assist_aug26,control
3256,agent_assist_aug26,treatment
3257,agent_assist_aug26,control
3258,agent_assist_aug26,treatment
3259,agent_assist_aug26,control
3260,agent_assist_aug26,treatment
3261,agent_assist_aug26,control
3262,agent_assist_aug26,treatment
3263,agent_assist_aug26,control
3264,agent_assist_aug26,treatment
3265,agent_assist_aug26,control
3266,agent_assist_aug26,treatment
3267,agent_assist_aug26,control
3268,agent_assist_aug26,treatment
3269,agent_assist_aug26,control
3270,agent_assist_aug26,treatment
3271,agent_assist_aug26,control
3272,agent_assist_aug26,treatment
3273,agent_assist_aug26,control
3274,agent_assist_aug26,treatment
3275,agent_assist_aug26,control
3276,agent_assist_aug26,treatment
3277,agent_assist_aug26,control
3278,agent_assist_aug26,treatment
3279,agent_assist_aug26,control
3280,agent_assist_aug26,treatment
3281,agent_assist_aug26,control
3282,agent_assist_aug26,treatment
3283,agent_assist_aug26,control
3284,agent_assist_aug26,treatment
3285,agent_assist_aug26,control
3286,agent_assist_aug26,treatment
3287,agent_assist_aug26,control
3288,agent_assist_aug26,treatment
3289,agent_assist_aug26,control
3290,agent_assist_aug26,treatment
3291,agent_assist_aug26,control
3292,agent_assist_aug26,treatment
3293,agent_assist_aug26,control
3294,agent_assist_aug26,treatment
3295,agent_assist_aug26,control
3296,agent_assist_aug26,treatment
3297,agent_assist_aug26,control
3298,agent_assist_aug26,treatment
3299,agent_assist_aug26,control
3300,agent_assist_aug26,treatment
3301,agent_assist_aug26,control
3302,agent_assist_aug26,treatment
3303,agent_assist_aug26,control
3304,agent_assist_aug26,treatment
3305,agent_assist_aug26,control
3306,agent_assist_aug26,treatment
3307,agent_assist_aug26,control
3308,agent_assist_aug26,treatment
3309,agent_assist_aug26,control
3310,agent_assist_aug26,treatment
3311,agent_assist_aug26,control
3312,agent_assist_aug26,treatment
3313,agent_assist_aug26,control
3314,agent_assist_aug26,treatment
3315,agent_assist_aug26,control
3316,agent_assist_aug26,treatment
3317,agent_assist_aug26,control
3318,agent_assist_aug26,treatment
3319,agent_assist_aug26,control
3320,agent_assist_aug26,treatment
3321,agent_assist_aug26,control
3322,agent_assist_aug26,treatment
3323,agent_assist_aug26,control
3324,agent_assist_aug26,treatment
3325,agent_assist_aug26,control
3326,agent_assist_aug26,treatment
3327,agent_assist_aug26,control
3328,agent_assist_aug26,treatment
3329,agent_assist_aug26,control
3330,agent_assist_aug26,treatment
3331,agent_assist_aug26,control
3332,agent_assist_aug26,treatment
3333,agent_assist_aug26,control
3334,agent_assist_aug26,treatment
3335,agent_assist_aug26,control
3336,agent_assist_aug26,treatment
3337,agent_assist_aug26,control
3338,agent_assist_aug26,treatment
3339,agent_assist_aug26,control
3340,agent_assist_aug26,treatment
3341,agent_assist_aug26,control
3342,agent_assist_aug26,treatment
3343,agent_assist_aug26,control
3344,agent_assist_aug26,treatment
3345,agent_assist_aug26,control
3346,agent_assist_aug26,treatment
3347,agent_assist_aug26,control
3348,agent_assist_aug26,treatment
3349,agent_assist_aug26,control
3350,agent_assist_aug26,treatment
3351,agent_assist_aug26,control
3352,agent_assist_aug26,treatment
3353,agent_assist_aug26,control
3354,agent_assist_aug26,treatment
3355,agent_assist_aug26,control
3356,agent_assist_aug26,treatment
3357,agent_assist_aug26,control
3358,agent_assist_aug26,treatment
3359,agent_assist_aug26,control
3360,agent_assist_aug26,treatment
3361,agent_assist_aug26,control
3362,agent_assist_aug26,treatment
3363,agent_assist_aug26,control
3364,agent_assist_aug26,treatment
3365,agent_assist_aug26,control
3366,agent_assist_aug26,treatment
3367,agent_assist_aug26,control
3368,agent_assist_aug26,treatment
3369,agent_assist_aug26,control
3370,agent_assist_aug26,treatment
3371,agent_assist_aug26,control
3372,agent_assist_aug26,treatment
3373,agent_assist_aug26,control
3374,agent_assist_aug26,treatment
3375,agent_assist_aug26,control
3376,agent_assist_aug26,treatment
3377,agent_assist_aug26,control
3378,agent_assist_aug26,treatment
3379,agent_assist_aug26,control
3380,agent_assist_aug26,treatment
3381,agent_assist_aug26,control
3382,agent_assist_aug26,treatment
3383,agent_assist_aug26,control
3384,agent_assist_aug26,treatment
3385,agent_assist_aug26,control
3386,agent_assist_aug26,treatment
3387,agent_assist_aug26,control
3388,agent_assist_aug26,treatment
3389,agent_assist_aug26,control
3390,agent_assist_aug26,treatment
3391,agent_assist_aug26,control
3392,agent_assist_aug26,treatment
3393,agent_assist_aug26,control
3394,agent_assist_aug26,treatment
3395,agent_assist_aug26,control
3396,agent_assist_aug26,treatment
3397,agent_assist_aug26,control
3398,agent_assist_aug26,treatment
3399,agent_assist_aug26,control
3400,agent_assist_aug26,treatment
3401,agent_assist_aug26,control
3402,agent_assist_aug26,treatment
3403,agent_assist_aug26,control
3404,agent_assist_aug26,treatment
3405,agent_assist_aug26,control
3406,agent_assist_aug26,treatment
3407,agent_assist_aug26,control
3408,agent_assist_aug26,treatment
3409,agent_assist_aug26,control
3410,agent_assist_aug26,treatment
3411,agent_assist_aug26,control
3412,agent_assist_aug26,treatment
3413,agent_assist_aug26,control
3414,agent_assist_aug26,treatment
3415,agent_assist_aug26,control
3416,agent_assist_aug26,treatment
3417,agent_assist_aug26,control
3418,agent_assist_aug26,treatment
3419,agent_assist_aug26,control
3420,agent_assist_aug26,treatment
3421,agent_assist_aug26,control
3422,agent_assist_aug26,treatment
3423,agent_assist_aug26,control
3424,agent_assist_aug26,treatment
3425,agent_assist_aug26,control
3426,agent_assist_aug26,treatment
3427,agent_assist_aug26,control
3428,agent_assist_aug26,treatment
3429,agent_assist_aug26,control
3430,agent_assist_aug26,treatment
3431,agent_assist_aug26,control
3432,agent_assist_aug26,treatment
3433,agent_assist_aug26,control
3434,agent_assist_aug26,treatment
3435,agent_assist_aug26,control
3436,agent_assist_aug26,treatment
3437,agent_assist_aug26,control
3438,agent_assist_aug26,treatment
3439,agent_assist_aug26,control
3440,agent_assist_aug26,treatment
3441,agent_assist_aug26,control
3442,agent_assist_aug26,treatment
3443,agent_assist_aug26,control
3444,agent_assist_aug26,treatment
3445,agent_assist_aug26,control
3446,agent_assist_aug26,treatment
3447,agent_assist_aug26,control
3448,agent_assist_aug26,treatment
3449,agent_assist_aug26,control
3450,agent_assist_aug26,treatment
3451,agent_assist_aug26,control
3452,agent_assist_aug26,treatment
3453,agent_assist_aug26,control
3454,agent_assist_aug26,treatment
3455,agent_assist_aug26,control
3456,agent_assist_aug26,treatment
3457,agent_assist_aug26,control
3458,agent_assist_aug26,treatment
3459,agent_assist_aug26,control
3460,agent_assist_aug26,treatment
3461,agent_assist_aug26,control
3462,agent_assist_aug26,treatment
3463,agent_assist_aug26,control
3464,agent_assist_aug26,treatment
3465,agent_assist_aug26,control
3466,agent_assist_aug26,treatment
3467,agent_assist_aug26,control
3468,agent_assist_aug26,treatment
3469,agent_assist_aug26,control
3470,agent_assist_aug26,treatment
3471,agent_assist_aug26,control
3472,agent_assist_aug26,treatment
3473,agent_assist_aug26,control
3474,agent_assist_aug26,treatment
3475,agent_assist_aug26,control
3476,agent_assist_aug26,treatment
3477,agent_assist_aug26,control
3478,agent_assist_aug26,treatment
3479,agent_assist_aug26,control
3480,agent_assist_aug26,treatment
3481,agent_assist_aug26,control
3482,agent_assist_aug26,treatment
3483,agent_assist_aug26,control
3484,agent_assist_aug26,treatment
3485,agent_assist_aug26,control
3486,agent_assist_aug26,treatment
3487,agent_assist_aug26,control
3488,agent_assist_aug26,treatment
3489,agent_assist_aug26,control
3490,agent_assist_aug26,treatment
3491,agent_assist_aug26,control
3492,agent_assist_aug26,treatment
3493,agent_assist_aug26,control
3494,agent_assist_aug26,treatment
3495,agent_assist_aug26,control
3496,agent_assist_aug26,treatment
3497,agent_assist_aug26,control
3498,agent_assist_aug26,treatment
3499,agent_assist_aug26,control
3500,agent_assist_aug26,treatment
3501,agent_assist_aug26,control
3502,agent_assist_aug26,treatment
3503,agent_assist_aug26,control
3504,agent_assist_aug26,treatment
3505,agent_assist_aug26,control
3506,agent_assist_aug26,treatment
3507,agent_assist_aug26,control
3508,agent_assist_aug26,treatment
3509,agent_assist_aug26,control
3510,agent_assist_aug26,treatment
3511,agent_assist_aug26,control
3512,agent_assist_aug26,treatment
3513,agent_assist_aug26,control
3514,agent_assist_aug26,treatment
3515,agent_assist_aug26,control
3516,agent_assist_aug26,treatment
3517,agent_assist_aug26,control
3518,agent_assist_aug26,treatment
3519,agent_assist_aug26,control
3520,agent_assist_aug26,treatment
3521,agent_assist_aug26,control
3522,agent_assist_aug26,treatment
3523,agent_assist_aug26,control
3524,agent_assist_aug26,treatment
3525,agent_assist_aug26,control
3526,agent_assist_aug26,treatment
3527,agent_assist_aug26,control
3528,agent_assist_aug26,treatment
3529,agent_assist_aug26,control
3530,agent_assist_aug26,treatment
3531,agent_assist_aug26,control
3532,agent_assist_aug26,treatment
3533,agent_assist_aug26,control
3534,agent_assist_aug26,treatment
3535,agent_assist_aug26,control
3536,agent_assist_aug26,treatment
3537,agent_assist_aug26,control
3538,agent_assist_aug26,treatment
3539,agent_assist_aug26,control
3540,agent_assist_aug26,treatment
3541,agent_assist_aug26,control
3542,agent_assist_aug26,treatment
3543,agent_assist_aug26,control
3544,agent_assist_aug26,treatment
3545,agent_assist_aug26,control
3546,agent_assist_aug26,treatment
3547,agent_assist_aug26,control
3548,agent_assist_aug26,treatment
3549,agent_assist_aug26,control
3550,agent_assist_aug26,treatment
3551,agent_assist_aug26,control
3552,agent_assist_aug26,treatment
3553,agent_assist_aug26,control
3554,agent_assist_aug26,treatment
3555,agent_assist_aug26,control
3556,agent_assist_aug26,treatment
3557,agent_assist_aug26,control
3558,agent_assist_aug26,treatment
3559,agent_assist_aug26,control
3560,agent_assist_aug26,treatment
3561,agent_assist_aug26,control
3562,agent_assist_aug26,treatment
3563,agent_assist_aug26,control
3564,agent_assist_aug26,treatment
3565,agent_assist_aug26,control
3566,agent_assist_aug26,treatment
3567,agent_assist_aug26,control
3568,agent_assist_aug26,treatment
3569,agent_assist_aug26,control
3570,agent_assist_aug26,treatment
3571,agent_assist_aug26,control
3572,agent_assist_aug26,treatment
3573,agent_assist_aug26,control
3574,agent_assist_aug26,treatment
3575,agent_assist_aug26,control
3576,agent_assist_aug26,treatment
3577,agent_assist_aug26,control
3578,agent_assist_aug26,treatment
3579,agent_assist_aug26,control
3580,agent_assist_aug26,treatment
3581,agent_assist_aug26,control
3582,agent_assist_aug26,treatment
3583,agent_assist_aug26,control
3584,agent_assist_aug26,treatment
3585,agent_assist_aug26,control
3586,agent_assist_aug26,treatment
3587,agent_assist_aug26,control
3588,agent_assist_aug26,treatment
3589,agent_assist_aug26,control
3590,agent_assist_aug26,treatment
3591,agent_assist_aug26,control
3592,agent_assist_aug26,treatment
3593,agent_assist_aug26,control
3594,agent_assist_aug26,treatment
3595,agent_assist_aug26,control
3596,agent_assist_aug26,treatment
3597,agent_assist_aug26,control
3598,agent_assist_aug26,treatment
3599,agent_assist_aug26,control
3600,agent_assist_aug26,treatment
3601,agent_assist_aug26,control
3602,agent_assist_aug26,treatment
3603,agent_assist_aug26,control
3604,agent_assist_aug26,treatment
3605,agent_assist_aug26,control
3606,agent_assist_aug26,treatment
3607,agent_assist_aug26,control
3608,agent_assist_aug26,treatment
3609,agent_assist_aug26,control
3610,agent_assist_aug26,treatment
3611,agent_assist_aug26,control
3612,agent_assist_aug26,treatment
3613,agent_assist_aug26,control
3614,agent_assist_aug26,treatment
3615,agent_assist_aug26,control
3616,agent_assist_aug26,treatment
3617,agent_assist_aug26,control
3618,agent_assist_aug26,treatment
3619,agent_assist_aug26,control
3620,agent_assist_aug26,treatment
3621,agent_assist_aug26,control
3622,agent_assist_aug26,treatment
3623,agent_assist_aug26,control
3624,agent_assist_aug26,treatment
3625,agent_assist_aug26,control
3626,agent_assist_aug26,treatment
3627,agent_assist_aug26,control
3628,agent_assist_aug26,treatment
3629,agent_assist_aug26,control
3630,agent_assist_aug26,treatment
3631,agent_assist_aug26,control
3632,agent_assist_aug26,treatment
3633,agent_assist_aug26,control
3634,agent_assist_aug26,treatment
3635,agent_assist_aug26,control
3636,agent_assist_aug26,treatment
3637,agent_assist_aug26,control
3638,agent_assist_aug26,treatment
3639,agent_assist_aug26,control
3640,agent_assist_aug26,treatment
3641,agent_assist_aug26,control
3642,agent_assist_aug26,treatment
3643,agent_assist_aug26,control
3644,agent_assist_aug26,treatment
3645,agent_assist_aug26,control
3646,agent_assist_aug26,treatment
3647,agent_assist_aug26,control
3648,agent_assist_aug26,treatment
3649,agent_assist_aug26,control
3650,agent_assist_aug26,treatment
3651,agent_assist_aug26,control
3652,agent_assist_aug26,treatment
3653,agent_assist_aug26,control
3654,agent_assist_aug26,treatment
3655,agent_assist_aug26,control
3656,agent_assist_aug26,treatment
3657,agent_assist_aug26,control
3658,agent_assist_aug26,treatment
3659,agent_assist_aug26,control
3660,agent_assist_aug26,treatment
3661,agent_assist_aug26,control
3662,agent_assist_aug26,treatment
3663,agent_assist_aug26,control
3664,agent_assist_aug26,treatment
3665,agent_assist_aug26,control
3666,agent_assist_aug26,treatment
3667,agent_assist_aug26,control
3668,agent_assist_aug26,treatment
3669,agent_assist_aug26,control
3670,agent_assist_aug26,treatment
3671,agent_assist_aug26,control
3672,agent_assist_aug26,treatment
3673,agent_assist_aug26,control
3674,agent_assist_aug26,treatment
3675,agent_assist_aug26,control
3676,agent_assist_aug26,treatment
3677,agent_assist_aug26,control
3678,agent_assist_aug26,treatment
3679,agent_assist_aug26,control
3680,agent_assist_aug26,treatment
3681,agent_assist_aug26,control
3682,agent_assist_aug26,treatment
3683,agent_assist_aug26,control
3684,agent_assist_aug26,treatment
3685,agent_assist_aug26,control
3686,agent_assist_aug26,treatment
3687,agent_assist_aug26,control
3688,agent_assist_aug26,treatment
3689,agent_assist_aug26,control
3690,agent_assist_aug26,treatment
3691,agent_assist_aug26,control
3692,agent_assist_aug26,treatment
3693,agent_assist_aug26,control
3694,agent_assist_aug26,treatment
3695,agent_assist_aug26,control
3696,agent_assist_aug26,treatment
3697,agent_assist_aug26,control
3698,agent_assist_aug26,treatment
3699,agent_assist_aug26,control
3700,agent_assist_aug26,treatment
3701,agent_assist_aug26,control
3702,agent_assist_aug26,treatment
3703,agent_assist_aug26,control
3704,agent_assist_aug26,treatment
3705,agent_assist_aug26,control
3706,agent_assist_aug26,treatment
3707,agent_assist_aug26,control
3708,agent_assist_aug26,treatment
3709,agent_assist_aug26,control
3710,agent_assist_aug26,treatment
3711,agent_assist_aug26,control
3712,agent_assist_aug26,treatment
3713,agent_assist_aug26,control
3714,agent_assist_aug26,treatment
3715,agent_assist_aug26,control
3716,agent_assist_aug26,treatment
3717,agent_assist_aug26,control
3718,agent_assist_aug26,treatment
3719,agent_assist_aug26,control
3720,agent_assist_aug26,treatment
3721,agent_assist_aug26,control
3722,agent_assist_aug26,treatment
3723,agent_assist_aug26,control
3724,agent_assist_aug26,treatment
3725,agent_assist_aug26,control
3726,agent_assist_aug26,treatment
3727,agent_assist_aug26,control
3728,agent_assist_aug26,treatment
3729,agent_assist_aug26,control
3730,agent_assist_aug26,treatment
3731,agent_assist_aug26,control
3732,agent_assist_aug26,treatment
3733,agent_assist_aug26,control
3734,agent_assist_aug26,treatment
3735,agent_assist_aug26,control
3736,agent_assist_aug26,treatment
3737,agent_assist_aug26,control
3738,agent_assist_aug26,treatment
3739,agent_assist_aug26,control
3740,agent_assist_aug26,treatment
3741,agent_assist_aug26,control
3742,agent_assist_aug26,treatment
3743,agent_assist_aug26,control
3744,agent_assist_aug26,treatment
3745,agent_assist_aug26,control
3746,agent_assist_aug26,treatment
3747,agent_assist_aug26,control
3748,agent_assist_aug26,treatment
3749,agent_assist_aug26,control
3750,agent_assist_aug26,treatment
3751,agent_assist_aug26,control
3752,agent_assist_aug26,treatment
3753,agent_assist_aug26,control
3754,agent_assist_aug26,treatment
3755,agent_assist_aug26,control
3756,agent_assist_aug26,treatment
3757,agent_assist_aug26,control
3758,agent_assist_aug26,treatment
3759,agent_assist_aug26,control
3760,agent_assist_aug26,treatment
3761,agent_assist_aug26,control
3762,agent_assist_aug26,treatment
3763,agent_assist_aug26,control
3764,agent_assist_aug26,treatment
3765,agent_assist_aug26,control
3766,agent_assist_aug26,treatment
3767,agent_assist_aug26,control
3768,agent_assist_aug26,treatment
3769,agent_assist_aug26,control
3770,agent_assist_aug26,treatment
3771,agent_assist_aug26,control
3772,agent_assist_aug26,treatment
3773,agent_assist_aug26,control
3774,agent_assist_aug26,treatment
3775,agent_assist_aug26,control
3776,agent_assist_aug26,treatment
3777,agent_assist_aug26,control
3778,agent_assist_aug26,treatment
3779,agent_assist_aug26,control
3780,agent_assist_aug26,treatment
3781,agent_assist_aug26,control
3782,agent_assist_aug26,treatment
3783,agent_assist_aug26,control
3784,agent_assist_aug26,treatment
3785,agent_assist_aug26,control
3786,agent_assist_aug26,treatment
3787,agent_assist_aug26,control
3788,agent_assist_aug26,treatment
3789,agent_assist_aug26,control
3790,agent_assist_aug26,treatment
3791,agent_assist_aug26,control
3792,agent_assist_aug26,treatment
3793,agent_assist_aug26,control
3794,agent_assist_aug26,treatment
3795,agent_assist_aug26,control
3796,agent_assist_aug26,treatment
3797,agent_assist_aug26,control
3798,agent_assist_aug26,treatment
3799,agent_assist_aug26,control
3800,agent_assist_aug26,treatment
3801,agent_assist_aug26,control
3802,agent_assist_aug26,treatment
3803,agent_assist_aug26,control
3804,agent_assist_aug26,treatment
3805,agent_assist_aug26,control
3806,agent_assist_aug26,treatment
3807,agent_assist_aug26,control
3808,agent_assist_aug26,treatment
3809,agent_assist_aug26,control
3810,agent_assist_aug26,treatment
3811,agent_assist_aug26,control
3812,agent_assist_aug26,treatment
3813,agent_assist_aug26,control
3814,agent_assist_aug26,treatment
3815,agent_assist_aug26,control
3816,agent_assist_aug26,treatment
3817,agent_assist_aug26,control
3818,agent_assist_aug26,treatment
3819,agent_assist_aug26,control
3820,agent_assist_aug26,treatment
3821,agent_assist_aug26,control
3822,agent_assist_aug26,treatment
3823,agent_assist_aug26,control
3824,agent_assist_aug26,treatment
3825,agent_assist_aug26,control
3826,agent_assist_aug26,treatment
3827,agent_assist_aug26,control
3828,agent_assist_aug26,treatment
3829,agent_assist_aug26,control
3830,agent_assist_aug26,treatment
3831,agent_assist_aug26,control
3832,agent_assist_aug26,treatment
3833,agent_assist_aug26,control
3834,agent_assist_aug26,treatment
3835,agent_assist_aug26,control
3836,agent_assist_aug26,treatment
3837,agent_assist_aug26,control
3838,agent_assist_aug26,treatment
3839,agent_assist_aug26,control
3840,agent_assist_aug26,treatment
3841,agent_assist_aug26,control
3842,agent_assist_aug26,treatment
3843,agent_assist_aug26,control
3844,agent_assist_aug26,treatment
3845,agent_assist_aug26,control
3846,agent_assist_aug26,treatment
3847,agent_assist_aug26,control
3848,agent_assist_aug26,treatment
3849,agent_assist_aug26,control
3850,agent_assist_aug26,treatment
3851,agent_assist_aug26,control
3852,agent_assist_aug26,treatment
3853,agent_assist_aug26,control
3854,agent_assist_aug26,treatment
3855,agent_assist_aug26,control
3856,agent_assist_aug26,treatment
3857,agent_assist_aug26,control
3858,agent_assist_aug26,treatment
3859,agent_assist_aug26,control
3860,agent_assist_aug26,treatment
3861,agent_assist_aug26,control
3862,agent_assist_aug26,treatment
3863,agent_assist_aug26,control
3864,agent_assist_aug26,treatment
3865,agent_assist_aug26,control
3866,agent_assist_aug26,treatment
3867,agent_assist_aug26,control
3868,agent_assist_aug26,treatment
3869,agent_assist_aug26,control
3870,agent_assist_aug26,treatment
3871,agent_assist_aug26,control
3872,agent_assist_aug26,treatment
3873,agent_assist_aug26,control
3874,agent_assist_aug26,treatment
3875,agent_assist_aug26,control
3876,agent_assist_aug26,treatment
3877,agent_assist_aug26,control
3878,agent_assist_aug26,treatment
3879,agent_assist_aug26,control
3880,agent_assist_aug26,treatment
3881,agent_assist_aug26,control
3882,agent_assist_aug26,treatment
3883,agent_assist_aug26,control
3884,agent_assist_aug26,treatment
3885,agent_assist_aug26,control
3886,agent_assist_aug26,treatment
3887,agent_assist_aug26,control
3888,agent_assist_aug26,treatment
3889,agent_assist_aug26,control
3890,agent_assist_aug26,treatment
3891,agent_assist_aug26,control
3892,agent_assist_aug26,treatment
3893,agent_assist_aug26,control
3894,agent_assist_aug26,treatment
3895,agent_assist_aug26,control
3896,agent_assist_aug26,treatment
3897,agent_assist_aug26,control
3898,agent_assist_aug26,treatment
3899,agent_assist_aug26,control
3900,agent_assist_aug26,treatment
3901,agent_assist_aug26,control
3902,agent_assist_aug26,treatment
3903,agent_assist_aug26,control
3904,agent_assist_aug26,treatment
3905,agent_assist_aug26,control
3906,agent_assist_aug26,treatment
3907,agent_assist_aug26,control
3908,agent_assist_aug26,treatment
3909,agent_assist_aug26,control
3910,agent_assist_aug26,treatment
3911,agent_assist_aug26,control
3912,agent_assist_aug26,treatment
3913,agent_assist_aug26,control
3914,agent_assist_aug26,treatment
3915,agent_assist_aug26,control
3916,agent_assist_aug26,treatment
3917,agent_assist_aug26,control
3918,agent_assist_aug26,treatment
3919,agent_assist_aug26,control
3920,agent_assist_aug26,treatment
3921,agent_assist_aug26,control
3922,agent_assist_aug26,treatment
3923,agent_assist_aug26,control
3924,agent_assist_aug26,treatment
3925,agent_assist_aug26,control
3926,agent_assist_aug26,treatment
3927,agent_assist_aug26,control
3928,agent_assist_aug26,treatment
3929,agent_assist_aug26,control
3930,agent_assist_aug26,treatment
3931,agent_assist_aug26,control
3932,agent_assist_aug26,treatment
3933,agent_assist_aug26,control
3934,agent_assist_aug26,treatment
3935,agent_assist_aug26,control
3936,agent_assist_aug26,treatment
3937,agent_assist_aug26,control
3938,agent_assist_aug26,treatment
3939,agent_assist_aug26,control
3940,agent_assist_aug26,treatment
3941,agent_assist_aug26,control
3942,agent_assist_aug26,treatment
3943,agent_assist_aug26,control
3944,agent_assist_aug26,treatment
3945,agent_assist_aug26,control
3946,agent_assist_aug26,treatment
3947,agent_assist_aug26,control
3948,agent_assist_aug26,treatment
3949,agent_assist_aug26,control
3950,agent_assist_aug26,treatment
3951,agent_assist_aug26,control
3952,agent_assist_aug26,treatment
3953,agent_assist_aug26,control
3954,agent_assist_aug26,treatment
3955,agent_assist_aug26,control
3956,agent_assist_aug26,treatment
3957,agent_assist_aug26,control
3958,agent_assist_aug26,treatment
3959,agent_assist_aug26,control
3960,agent_assist_aug26,treatment
3961,agent_assist_aug26,control
3962,agent_assist_aug26,treatment
3963,agent_assist_aug26,control
3964,agent_assist_aug26,treatment
3965,agent_assist_aug26,control
3966,agent_assist_aug26,treatment
3967,agent_assist_aug26,control
3968,agent_assist_aug26,treatment
3969,agent_assist_aug26,control
3970,agent_assist_aug26,treatment
3971,agent_assist_aug26,control
3972,agent_assist_aug26,treatment
3973,agent_assist_aug26,control
3974,agent_assist_aug26,treatment
3975,agent_assist_aug26,control
3976,agent_assist_aug26,treatment
3977,agent_assist_aug26,control
3978,agent_assist_aug26,treatment
3979,agent_assist_aug26,control
3980,agent_assist_aug26,treatment
3981,agent_assist_aug26,control
3982,agent_assist_aug26,treatment
3983,agent_assist_aug26,control
3984,agent_assist_aug26,treatment
3985,agent_assist_aug26,control
3986,agent_assist_aug26,treatment
3987,agent_assist_aug26,control
3988,agent_assist_aug26,treatment
3989,agent_assist_aug26,control
3990,agent_assist_aug26,treatment
3991,agent_assist_aug26,control
3992,agent_assist_aug26,treatment
3993,agent_assist_aug26,control
3994,agent_assist_aug26,treatment
3995,agent_assist_aug26,control
3996,agent_assist_aug26,treatment
3997,agent_assist_aug26,control
3998,agent_assist_aug26,treatment
3999,agent_assist_aug26,control
4000,agent_assist_aug26,treatment
4001,agent_assist_aug26,control
4002,agent_assist_aug26,treatment
4003,agent_assist_aug26,control
4004,agent_assist_aug26,treatment
4005,agent_assist_aug26,control
4006,agent_assist_aug26,treatment
4007,agent_assist_aug26,control
4008,agent_assist_aug26,treatment
4009,agent_assist_aug26,control
4010,agent_assist_aug26,treatment
4011,agent_assist_aug26,control
4012,agent_assist_aug26,treatment
4013,agent_assist_aug26,control
4014,agent_assist_aug26,treatment
4015,agent_assist_aug26,control
4016,agent_assist_aug26,treatment
4017,agent_assist_aug26,control
4018,agent_assist_aug26,treatment
4019,agent_assist_aug26,control
4020,agent_assist_aug26,treatment
4021,agent_assist_aug26,control
4022,agent_assist_aug26,treatment
4023,agent_assist_aug26,control
4024,agent_assist_aug26,treatment
4025,agent_assist_aug26,control
4026,agent_assist_aug26,treatment
4027,agent_assist_aug26,control
4028,agent_assist_aug26,treatment
4029,agent_assist_aug26,control
4030,agent_assist_aug26,treatment
4031,agent_assist_aug26,control
4032,agent_assist_aug26,treatment
4033,agent_assist_aug26,control
4034,agent_assist_aug26,treatment
4035,agent_assist_aug26,control
4036,agent_assist_aug26,treatment
4037,agent_assist_aug26,control
4038,agent_assist_aug26,treatment
4039,agent_assist_aug26,control
4040,agent_assist_aug26,treatment
4041,agent_assist_aug26,control
4042,agent_assist_aug26,treatment
4043,agent_assist_aug26,control
4044,agent_assist_aug26,treatment
4045,agent_assist_aug26,control
4046,agent_assist_aug26,treatment
4047,agent_assist_aug26,control
4048,agent_assist_aug26,treatment
4049,agent_assist_aug26,control
4050,agent_assist_aug26,treatment
4051,agent_assist_aug26,control
4052,agent_assist_aug26,treatment
4053,agent_assist_aug26,control
4054,agent_assist_aug26,treatment
4055,agent_assist_aug26,control
4056,agent_assist_aug26,treatment
4057,agent_assist_aug26,control
4058,agent_assist_aug26,treatment
4059,agent_assist_aug26,control
4060,agent_assist_aug26,treatment
4061,agent_assist_aug26,control
4062,agent_assist_aug26,treatment
4063,agent_assist_aug26,control
4064,agent_assist_aug26,treatment
4065,agent_assist_aug26,control
4066,agent_assist_aug26,treatment
4067,agent_assist_aug26,control
4068,agent_assist_aug26,treatment
4069,agent_assist_aug26,control
4070,agent_assist_aug26,treatment
4071,agent_assist_aug26,control
4072,agent_assist_aug26,treatment
4073,agent_assist_aug26,control
4074,agent_assist_aug26,treatment
4075,agent_assist_aug26,control
4076,agent_assist_aug26,treatment
4077,agent_assist_aug26,control
4078,agent_assist_aug26,treatment
4079,agent_assist_aug26,control
4080,agent_assist_aug26,treatment
4081,agent_assist_aug26,control
4082,agent_assist_aug26,treatment
4083,agent_assist_aug26,control
4084,agent_assist_aug26,treatment
4085,agent_assist_aug26,control
4086,agent_assist_aug26,treatment
4087,agent_assist_aug26,control
4088,agent_assist_aug26,treatment
4089,agent_assist_aug26,control
4090,agent_assist_aug26,treatment
4091,agent_assist_aug26,control
4092,agent_assist_aug26,treatment
4093,agent_assist_aug26,control
4094,agent_assist_aug26,treatment
4095,agent_assist_aug26,control
4096,agent_assist_aug26,treatment
4097,agent_assist_aug26,control
4098,agent_assist_aug26,treatment
4099,agent_assist_aug26,control
4100,agent_assist_aug26,treatment
4101,agent_assist_aug26,control
4102,agent_assist_aug26,treatment
4103,agent_assist_aug26,control
4104,agent_assist_aug26,treatment
4105,agent_assist_aug26,control
4106,agent_assist_aug26,treatment
4107,agent_assist_aug26,control
4108,agent_assist_aug26,treatment
4109,agent_assist_aug26,control
4110,agent_assist_aug26,treatment
4111,agent_assist_aug26,control
4112,agent_assist_aug26,treatment
4113,agent_assist_aug26,control
4114,agent_assist_aug26,treatment
4115,agent_assist_aug26,control
4116,agent_assist_aug26,treatment
4117,agent_assist_aug26,control
4118,agent_assist_aug26,treatment
4119,agent_assist_aug26,control
4120,agent_assist_aug26,treatment
4121,agent_assist_aug26,control
4122,agent_assist_aug26,treatment
4123,agent_assist_aug26,control
4124,agent_assist_aug26,treatment
4125,agent_assist_aug26,control
4126,agent_assist_aug26,treatment
4127,agent_assist_aug26,control
4128,agent_assist_aug26,treatment
4129,agent_assist_aug26,control
4130,agent_assist_aug26,treatment
4131,agent_assist_aug26,control
4132,agent_assist_aug26,treatment
4133,agent_assist_aug26,control
4134,agent_assist_aug26,treatment
4135,agent_assist_aug26,control
4136,agent_assist_aug26,treatment
4137,agent_assist_aug26,control
4138,agent_assist_aug26,treatment
4139,agent_assist_aug26,control
4140,agent_assist_aug26,treatment
4141,agent_assist_aug26,control
4142,agent_assist_aug26,treatment
4143,agent_assist_aug26,control
4144,agent_assist_aug26,treatment
4145,agent_assist_aug26,control
4146,agent_assist_aug26,treatment
4147,agent_assist_aug26,control
4148,agent_assist_aug26,treatment
4149,agent_assist_aug26,control
4150,agent_assist_aug26,treatment
4151,agent_assist_aug26,control
4152,agent_assist_aug26,treatment
4153,agent_assist_aug26,control
4154,agent_assist_aug26,treatment
4155,agent_assist_aug26,control
4156,agent_assist_aug26,treatment
4157,agent_assist_aug26,control
4158,agent_assist_aug26,treatment
4159,agent_assist_aug26,control
4160,agent_assist_aug26,treatment
4161,agent_assist_aug26,control
4162,agent_assist_aug26,treatment
4163,agent_assist_aug26,control
4164,agent_assist_aug26,treatment
4165,agent_assist_aug26,control
4166,agent_assist_aug26,treatment
4167,agent_assist_aug26,control
4168,agent_assist_aug26,treatment
4169,agent_assist_aug26,control
4170,agent_assist_aug26,treatment
4171,agent_assist_aug26,control
4172,agent_assist_aug26,treatment
4173,agent_assist_aug26,control
4174,agent_assist_aug26,treatment
4175,agent_assist_aug26,control
4176,agent_assist_aug26,treatment
4177,agent_assist_aug26,control
4178,agent_assist_aug26,treatment
4179,agent_assist_aug26,control
4180,agent_assist_aug26,treatment
4181,agent_assist_aug26,control
4182,agent_assist_aug26,treatment
4183,agent_assist_aug26,control
4184,agent_assist_aug26,treatment
4185,agent_assist_aug26,control
4186,agent_assist_aug26,treatment
4187,agent_assist_aug26,control
4188,agent_assist_aug26,treatment
4189,agent_assist_aug26,control
4190,agent_assist_aug26,treatment
4191,agent_assist_aug26,control
4192,agent_assist_aug26,treatment
4193,agent_assist_aug26,control
4194,agent_assist_aug26,treatment
4195,agent_assist_aug26,control
4196,agent_assist_aug26,treatment
4197,agent_assist_aug26,control
4198,agent_assist_aug26,treatment
4199,agent_assist_aug26,control
4200,agent_assist_aug26,treatment
4201,agent_assist_aug26,control
4202,agent_assist_aug26,treatment
4203,agent_assist_aug26,control
4204,agent_assist_aug26,treatment
4205,agent_assist_aug26,control
4206,agent_assist_aug26,treatment
4207,agent_assist_aug26,control
4208,agent_assist_aug26,treatment
4209,agent_assist_aug26,control
4210,agent_assist_aug26,treatment
4211,agent_assist_aug26,control
4212,agent_assist_aug26,treatment
4213,agent_assist_aug26,control
4214,agent_assist_aug26,treatment
4215,agent_assist_aug26,control
4216,agent_assist_aug26,treatment
4217,agent_assist_aug26,control
4218,agent_assist_aug26,treatment
4219,agent_assist_aug26,control
4220,agent_assist_aug26,treatment
4221,agent_assist_aug26,control
4222,agent_assist_aug26,treatment
4223,agent_assist_aug26,control
4224,agent_assist_aug26,treatment
4225,agent_assist_aug26,control
4226,agent_assist_aug26,treatment
4227,agent_assist_aug26,control
4228,agent_assist_aug26,treatment
4229,agent_assist_aug26,control
4230,agent_assist_aug26,treatment
4231,agent_assist_aug26,control
4232,agent_assist_aug26,treatment
4233,agent_assist_aug26,control
4234,agent_assist_aug26,treatment
4235,agent_assist_aug26,control
4236,agent_assist_aug26,treatment
4237,agent_assist_aug26,control
4238,agent_assist_aug26,treatment
4239,agent_assist_aug26,control
4240,agent_assist_aug26,treatment
4241,agent_assist_aug26,control
4242,agent_assist_aug26,treatment
4243,agent_assist_aug26,control
4244,agent_assist_aug26,treatment
4245,agent_assist_aug26,control
4246,agent_assist_aug26,treatment
4247,agent_assist_aug26,control
4248,agent_assist_aug26,treatment
4249,agent_assist_aug26,control
4250,agent_assist_aug26,treatment
4251,agent_assist_aug26,control
4252,agent_assist_aug26,treatment
4253,agent_assist_aug26,control
4254,agent_assist_aug26,treatment
4255,agent_assist_aug26,control
4256,agent_assist_aug26,treatment
4257,agent_assist_aug26,control
4258,agent_assist_aug26,treatment
4259,agent_assist_aug26,control
4260,agent_assist_aug26,treatment
4261,agent_assist_aug26,control
4262,agent_assist_aug26,treatment
4263,agent_assist_aug26,control
4264,agent_assist_aug26,treatment
4265,agent_assist_aug26,control
4266,agent_assist_aug26,treatment
4267,agent_assist_aug26,control
4268,agent_assist_aug26,treatment
4269,agent_assist_aug26,control
4270,agent_assist_aug26,treatment
4271,agent_assist_aug26,control
4272,agent_assist_aug26,treatment
4273,agent_assist_aug26,control
4274,agent_assist_aug26,treatment
4275,agent_assist_aug26,control
4276,agent_assist_aug26,treatment
4277,agent_assist_aug26,control
4278,agent_assist_aug26,treatment
4279,agent_assist_aug26,control
4280,agent_assist_aug26,treatment
4281,agent_assist_aug26,control
4282,agent_assist_aug26,treatment
4283,agent_assist_aug26,control
4284,agent_assist_aug26,treatment
4285,agent_assist_aug26,control
4286,agent_assist_aug26,treatment
4287,agent_assist_aug26,control
4288,agent_assist_aug26,treatment
4289,agent_assist_aug26,control
4290,agent_assist_aug26,treatment
4291,agent_assist_aug26,control
4292,agent_assist_aug26,treatment
4293,agent_assist_aug26,control
4294,agent_assist_aug26,treatment
4295,agent_assist_aug26,control
4296,agent_assist_aug26,treatment
4297,agent_assist_aug26,control
4298,agent_assist_aug26,treatment
4299,agent_assist_aug26,control
4300,agent_assist_aug26,treatment
4301,agent_assist_aug26,control
4302,agent_assist_aug26,treatment
4303,agent_assist_aug26,control
4304,agent_assist_aug26,treatment
4305,agent_assist_aug26,control
4306,agent_assist_aug26,treatment
4307,agent_assist_aug26,control
4308,agent_assist_aug26,treatment
4309,agent_assist_aug26,control
4310,agent_assist_aug26,treatment
4311,agent_assist_aug26,control
4312,agent_assist_aug26,treatment
4313,agent_assist_aug26,control
4314,agent_assist_aug26,treatment
4315,agent_assist_aug26,control
4316,agent_assist_aug26,treatment
4317,agent_assist_aug26,control
4318,agent_assist_aug26,treatment
4319,agent_assist_aug26,control
4320,agent_assist_aug26,treatment
4321,agent_assist_aug26,control
4322,agent_assist_aug26,treatment
4323,agent_assist_aug26,control
4324,agent_assist_aug26,treatment
4325,agent_assist_aug26,control
4326,agent_assist_aug26,treatment
4327,agent_assist_aug26,control
4328,agent_assist_aug26,treatment
4329,agent_assist_aug26,control
4330,agent_assist_aug26,treatment
4331,agent_assist_aug26,control
4332,agent_assist_aug26,treatment
4333,agent_assist_aug26,control
4334,agent_assist_aug26,treatment
4335,agent_assist_aug26,control
4336,agent_assist_aug26,treatment
4337,agent_assist_aug26,control
4338,agent_assist_aug26,treatment
4339,agent_assist_aug26,control
4340,agent_assist_aug26,treatment
4341,agent_assist_aug26,control
4342,agent_assist_aug26,treatment
4343,agent_assist_aug26,control
4344,agent_assist_aug26,treatment
4345,agent_assist_aug26,control
4346,agent_assist_aug26,treatment
4347,agent_assist_aug26,control
4348,agent_assist_aug26,treatment
4349,agent_assist_aug26,control
4350,agent_assist_aug26,treatment
4351,agent_assist_aug26,control
4352,agent_assist_aug26,treatment
4353,agent_assist_aug26,control
4354,agent_assist_aug26,treatment
4355,agent_assist_aug26,control
4356,agent_assist_aug26,treatment
4357,agent_assist_aug26,control
4358,agent_assist_aug26,treatment
4359,agent_assist_aug26,control
4360,agent_assist_aug26,treatment
4361,agent_assist_aug26,control
4362,agent_assist_aug26,treatment
4363,agent_assist_aug26,control
4364,agent_assist_aug26,treatment
4365,agent_assist_aug26,control
4366,agent_assist_aug26,treatment
4367,agent_assist_aug26,control
4368,agent_assist_aug26,treatment
4369,agent_assist_aug26,control
4370,agent_assist_aug26,treatment
4371,agent_assist_aug26,control
4372,agent_assist_aug26,treatment
4373,agent_assist_aug26,control
4374,agent_assist_aug26,treatment
4375,agent_assist_aug26,control
4376,agent_assist_aug26,treatment
4377,agent_assist_aug26,control
4378,agent_assist_aug26,treatment
4379,agent_assist_aug26,control
4380,agent_assist_aug26,treatment
4381,agent_assist_aug26,control
4382,agent_assist_aug26,treatment
4383,agent_assist_aug26,control
4384,agent_assist_aug26,treatment
4385,agent_assist_aug26,control
4386,agent_assist_aug26,treatment
4387,agent_assist_aug26,control
4388,agent_assist_aug26,treatment
4389,agent_assist_aug26,control
4390,agent_assist_aug26,treatment
4391,agent_assist_aug26,control
4392,agent_assist_aug26,treatment
4393,agent_assist_aug26,control
4394,agent_assist_aug26,treatment
4395,agent_assist_aug26,control
4396,agent_assist_aug26,treatment
4397,agent_assist_aug26,control
4398,agent_assist_aug26,treatment
4399,agent_assist_aug26,control
4400,agent_assist_aug26,treatment
4401,agent_assist_aug26,control
4402,agent_assist_aug26,treatment
4403,agent_assist_aug26,control
4404,agent_assist_aug26,treatment
4405,agent_assist_aug26,control
4406,agent_assist_aug26,treatment
4407,agent_assist_aug26,control
4408,agent_assist_aug26,treatment
4409,agent_assist_aug26,control
4410,agent_assist_aug26,treatment
4411,agent_assist_aug26,control
4412,agent_assist_aug26,treatment
4413,agent_assist_aug26,control
4414,agent_assist_aug26,treatment
4415,agent_assist_aug26,control
4416,agent_assist_aug26,treatment
4417,agent_assist_aug26,control
4418,agent_assist_aug26,treatment
4419,agent_assist_aug26,control
4420,agent_assist_aug26,treatment
4421,agent_assist_aug26,control
4422,agent_assist_aug26,treatment
4423,agent_assist_aug26,control
4424,agent_assist_aug26,treatment
4425,agent_assist_aug26,control
4426,agent_assist_aug26,treatment
4427,agent_assist_aug26,control
4428,agent_assist_aug26,treatment
4429,agent_assist_aug26,control
4430,agent_assist_aug26,treatment
4431,agent_assist_aug26,control
4432,agent_assist_aug26,treatment
4433,agent_assist_aug26,control
4434,agent_assist_aug26,treatment
4435,agent_assist_aug26,control
4436,agent_assist_aug26,treatment
4437,agent_assist_aug26,control
4438,agent_assist_aug26,treatment
4439,agent_assist_aug26,control
4440,agent_assist_aug26,treatment
4441,agent_assist_aug26,control
4442,agent_assist_aug26,treatment
4443,agent_assist_aug26,control
4444,agent_assist_aug26,treatment
4445,agent_assist_aug26,control
4446,agent_assist_aug26,treatment
4447,agent_assist_aug26,control
4448,agent_assist_aug26,treatment
4449,agent_assist_aug26,control
4450,agent_assist_aug26,treatment
4451,agent_assist_aug26,control
4452,agent_assist_aug26,treatment
4453,agent_assist_aug26,control
4454,agent_assist_aug26,treatment
4455,agent_assist_aug26,control
4456,agent_assist_aug26,treatment
4457,agent_assist_aug26,control
4458,agent_assist_aug26,treatment
4459,agent_assist_aug26,control
4460,agent_assist_aug26,treatment
4461,agent_assist_aug26,control
4462,agent_assist_aug26,treatment
4463,agent_assist_aug26,control
4464,agent_assist_aug26,treatment
4465,agent_assist_aug26,control
4466,agent_assist_aug26,treatment
4467,agent_assist_aug26,control
4468,agent_assist_aug26,treatment
4469,agent_assist_aug26,control
4470,agent_assist_aug26,treatment
4471,agent_assist_aug26,control
4472,agent_assist_aug26,treatment
4473,agent_assist_aug26,control
4474,agent_assist_aug26,treatment
4475,agent_assist_aug26,control
4476,agent_assist_aug26,treatment
4477,agent_assist_aug26,control
4478,agent_assist_aug26,treatment
4479,agent_assist_aug26,control
4480,agent_assist_aug26,treatment
4481,agent_assist_aug26,control
4482,agent_assist_aug26,treatment
4483,agent_assist_aug26,control
4484,agent_assist_aug26,treatment
4485,agent_assist_aug26,control
4486,agent_assist_aug26,treatment
4487,agent_assist_aug26,control
4488,agent_assist_aug26,treatment
4489,agent_assist_aug26,control
4490,agent_assist_aug26,treatment
4491,agent_assist_aug26,control
4492,agent_assist_aug26,treatment
4493,agent_assist_aug26,control
4494,agent_assist_aug26,treatment
4495,agent_assist_aug26,control
4496,agent_assist_aug26,treatment
4497,agent_assist_aug26,control
4498,agent_assist_aug26,treatment
4499,agent_assist_aug26,control
4500,agent_assist_aug26,treatment
4501,agent_assist_aug26,control
4502,agent_assist_aug26,treatment
4503,agent_assist_aug26,control
4504,agent_assist_aug26,treatment
4505,agent_assist_aug26,control
4506,agent_assist_aug26,treatment
4507,agent_assist_aug26,control
4508,agent_assist_aug26,treatment
4509,agent_assist_aug26,control
4510,agent_assist_aug26,treatment
4511,agent_assist_aug26,control
4512,agent_assist_aug26,treatment
4513,agent_assist_aug26,control
4514,agent_assist_aug26,treatment
4515,agent_assist_aug26,control
4516,agent_assist_aug26,treatment
4517,agent_assist_aug26,control
4518,agent_assist_aug26,treatment
4519,agent_assist_aug26,control
4520,agent_assist_aug26,treatment
4521,agent_assist_aug26,control
4522,agent_assist_aug26,treatment
4523,agent_assist_aug26,control
4524,agent_assist_aug26,treatment
4525,agent_assist_aug26,control
4526,agent_assist_aug26,treatment
4527,agent_assist_aug26,control
4528,agent_assist_aug26,treatment
4529,agent_assist_aug26,control
4530,agent_assist_aug26,treatment
4531,agent_assist_aug26,control
4532,agent_assist_aug26,treatment
4533,agent_assist_aug26,control
4534,agent_assist_aug26,treatment
4535,agent_assist_aug26,control
4536,agent_assist_aug26,treatment
4537,agent_assist_aug26,control
4538,agent_assist_aug26,treatment
4539,agent_assist_aug26,control
4540,agent_assist_aug26,treatment
4541,agent_assist_aug26,control
4542,agent_assist_aug26,treatment
4543,agent_assist_aug26,control
4544,agent_assist_aug26,treatment
4545,agent_assist_aug26,control
4546,agent_assist_aug26,treatment
4547,agent_assist_aug26,control
4548,agent_assist_aug26,treatment
4549,agent_assist_aug26,control
4550,agent_assist_aug26,treatment
4551,agent_assist_aug26,control
4552,agent_assist_aug26,treatment
4553,agent_assist_aug26,control
4554,agent_assist_aug26,treatment
4555,agent_assist_aug26,control
4556,agent_assist_aug26,treatment
4557,agent_assist_aug26,control
4558,agent_assist_aug26,treatment
4559,agent_assist_aug26,control
4560,agent_assist_aug26,treatment
4561,agent_assist_aug26,control
4562,agent_assist_aug26,treatment
4563,agent_assist_aug26,control
4564,agent_assist_aug26,treatment
4565,agent_assist_aug26,control
4566,agent_assist_aug26,treatment
4567,agent_assist_aug26,control
4568,agent_assist_aug26,treatment
4569,agent_assist_aug26,control
4570,agent_assist_aug26,treatment
4571,agent_assist_aug26,control
4572,agent_assist_aug26,treatment
4573,agent_assist_aug26,control
4574,agent_assist_aug26,treatment
4575,agent_assist_aug26,control
4576,agent_assist_aug26,treatment
4577,agent_assist_aug26,control
4578,agent_assist_aug26,treatment
4579,agent_assist_aug26,control
4580,agent_assist_aug26,treatment
4581,agent_assist_aug26,control
4582,agent_assist_aug26,treatment
4583,agent_assist_aug26,control
4584,agent_assist_aug26,treatment
4585,agent_assist_aug26,control
4586,agent_assist_aug26,treatment
4587,agent_assist_aug26,control
4588,agent_assist_aug26,treatment
4589,agent_assist_aug26,control
4590,agent_assist_aug26,treatment
4591,agent_assist_aug26,control
4592,agent_assist_aug26,treatment
4593,agent_assist_aug26,control
4594,agent_assist_aug26,treatment
4595,agent_assist_aug26,control
4596,agent_assist_aug26,treatment
4597,agent_assist_aug26,control
4598,agent_assist_aug26,treatment
4599,agent_assist_aug26,control
4600,agent_assist_aug26,treatment
4601,agent_assist_aug26,control
4602,agent_assist_aug26,treatment
4603,agent_assist_aug26,control
4604,agent_assist_aug26,treatment
4605,agent_assist_aug26,control
4606,agent_assist_aug26,treatment
4607,agent_assist_aug26,control
4608,agent_assist_aug26,treatment
4609,agent_assist_aug26,control
4610,agent_assist_aug26,treatment
4611,agent_assist_aug26,control
4612,agent_assist_aug26,treatment
4613,agent_assist_aug26,control
4614,agent_assist_aug26,treatment
4615,agent_assist_aug26,control
4616,agent_assist_aug26,treatment
4617,agent_assist_aug26,control
4618,agent_assist_aug26,treatment
4619,agent_assist_aug26,control
4620,agent_assist_aug26,treatment
4621,agent_assist_aug26,control
4622,agent_assist_aug26,treatment
4623,agent_assist_aug26,control
4624,agent_assist_aug26,treatment
4625,agent_assist_aug26,control
4626,agent_assist_aug26,treatment
4627,agent_assist_aug26,control
4628,agent_assist_aug26,treatment
4629,agent_assist_aug26,control
4630,agent_assist_aug26,treatment
4631,agent_assist_aug26,control
4632,agent_assist_aug26,treatment
4633,agent_assist_aug26,control
4634,agent_assist_aug26,treatment
4635,agent_assist_aug26,control
4636,agent_assist_aug26,treatment
4637,agent_assist_aug26,control
4638,agent_assist_aug26,treatment
4639,agent_assist_aug26,control
4640,agent_assist_aug26,treatment
4641,agent_assist_aug26,control
4642,agent_assist_aug26,treatment
4643,agent_assist_aug26,control
4644,agent_assist_aug26,treatment
4645,agent_assist_aug26,control
4646,agent_assist_aug26,treatment
4647,agent_assist_aug26,control
4648,agent_assist_aug26,treatment
4649,agent_assist_aug26,control
4650,agent_assist_aug26,treatment
4651,agent_assist_aug26,control
4652,agent_assist_aug26,treatment
4653,agent_assist_aug26,control
4654,agent_assist_aug26,treatment
4655,agent_assist_aug26,control
4656,agent_assist_aug26,treatment
4657,agent_assist_aug26,control
4658,agent_assist_aug26,treatment
4659,agent_assist_aug26,control
4660,agent_assist_aug26,treatment
4661,agent_assist_aug26,control
4662,agent_assist_aug26,treatment
4663,agent_assist_aug26,control
4664,agent_assist_aug26,treatment
4665,agent_assist_aug26,control
4666,agent_assist_aug26,treatment
4667,agent_assist_aug26,control
4668,agent_assist_aug26,treatment
4669,agent_assist_aug26,control
4670,agent_assist_aug26,treatment
4671,agent_assist_aug26,control
4672,agent_assist_aug26,treatment
4673,agent_assist_aug26,control
4674,agent_assist_aug26,treatment
4675,agent_assist_aug26,control
4676,agent_assist_aug26,treatment
4677,agent_assist_aug26,control
4678,agent_assist_aug26,treatment
4679,agent_assist_aug26,control
4680,agent_assist_aug26,treatment
4681,agent_assist_aug26,control
4682,agent_assist_aug26,treatment
4683,agent_assist_aug26,control
4684,agent_assist_aug26,treatment
4685,agent_assist_aug26,control
4686,agent_assist_aug26,treatment
4687,agent_assist_aug26,control
4688,agent_assist_aug26,treatment
4689,agent_assist_aug26,control
4690,agent_assist_aug26,treatment
4691,agent_assist_aug26,control
4692,agent_assist_aug26,treatment
4693,agent_assist_aug26,control
4694,agent_assist_aug26,treatment
4695,agent_assist_aug26,control
4696,agent_assist_aug26,treatment
4697,agent_assist_aug26,control
4698,agent_assist_aug26,treatment
4699,agent_assist_aug26,control
4700,agent_assist_aug26,treatment
4701,agent_assist_aug26,control
4702,agent_assist_aug26,treatment
4703,agent_assist_aug26,control
4704,agent_assist_aug26,treatment
4705,agent_assist_aug26,control
4706,agent_assist_aug26,treatment
4707,agent_assist_aug26,control
4708,agent_assist_aug26,treatment
4709,agent_assist_aug26,control
4710,agent_assist_aug26,treatment
4711,agent_assist_aug26,control
4712,agent_assist_aug26,treatment
4713,agent_assist_aug26,control
4714,agent_assist_aug26,treatment
4715,agent_assist_aug26,control
4716,agent_assist_aug26,treatment
4717,agent_assist_aug26,control
4718,agent_assist_aug26,treatment
4719,agent_assist_aug26,control
4720,agent_assist_aug26,treatment
4721,agent_assist_aug26,control
4722,agent_assist_aug26,treatment
4723,agent_assist_aug26,control
4724,agent_assist_aug26,treatment
4725,agent_assist_aug26,control
4726,agent_assist_aug26,treatment
4727,agent_assist_aug26,control
4728,agent_assist_aug26,treatment
4729,agent_assist_aug26,control
4730,agent_assist_aug26,treatment
4731,agent_assist_aug26,control
4732,agent_assist_aug26,treatment
4733,agent_assist_aug26,control
4734,agent_assist_aug26,treatment
4735,agent_assist_aug26,control
4736,agent_assist_aug26,treatment
4737,agent_assist_aug26,control
4738,agent_assist_aug26,treatment
4739,agent_assist_aug26,control
4740,agent_assist_aug26,treatment
4741,agent_assist_aug26,control
4742,agent_assist_aug26,treatment
4743,agent_assist_aug26,control
4744,agent_assist_aug26,treatment
4745,agent_assist_aug26,control
4746,agent_assist_aug26,treatment
4747,agent_assist_aug26,control
4748,agent_assist_aug26,treatment
4749,agent_assist_aug26,control
4750,agent_assist_aug26,treatment
4751,agent_assist_aug26,control
4752,agent_assist_aug26,treatment
4753,agent_assist_aug26,control
4754,agent_assist_aug26,treatment
4755,agent_assist_aug26,control
4756,agent_assist_aug26,treatment
4757,agent_assist_aug26,control
4758,agent_assist_aug26,treatment
4759,agent_assist_aug26,control
4760,agent_assist_aug26,treatment
4761,agent_assist_aug26,control
4762,agent_assist_aug26,treatment
4763,agent_assist_aug26,control
4764,agent_assist_aug26,treatment
4765,agent_assist_aug26,control
4766,agent_assist_aug26,treatment
4767,agent_assist_aug26,control
4768,agent_assist_aug26,treatment
4769,agent_assist_aug26,control
4770,agent_assist_aug26,treatment
4771,agent_assist_aug26,control
4772,agent_assist_aug26,treatment
4773,agent_assist_aug26,control
4774,agent_assist_aug26,treatment
4775,agent_assist_aug26,control
4776,agent_assist_aug26,treatment
4777,agent_assist_aug26,control
4778,agent_assist_aug26,treatment
4779,agent_assist_aug26,control
4780,agent_assist_aug26,treatment
4781,agent_assist_aug26,control
4782,agent_assist_aug26,treatment
4783,agent_assist_aug26,control
4784,agent_assist_aug26,treatment
4785,agent_assist_aug26,control
4786,agent_assist_aug26,treatment
4787,agent_assist_aug26,control
4788,agent_assist_aug26,treatment
4789,agent_assist_aug26,control
4790,agent_assist_aug26,treatment
4791,agent_assist_aug26,control
4792,agent_assist_aug26,treatment
4793,agent_assist_aug26,control
4794,agent_assist_aug26,treatment
4795,agent_assist_aug26,control
4796,agent_assist_aug26,treatment
4797,agent_assist_aug26,control
4798,agent_assist_aug26,treatment
4799,agent_assist_aug26,control
4800,agent_assist_aug26,treatment
4801,agent_assist_aug26,control
4802,agent_assist_aug26,treatment
4803,agent_assist_aug26,control
4804,agent_assist_aug26,treatment
4805,agent_assist_aug26,control
4806,agent_assist_aug26,treatment
4807,agent_assist_aug26,control
4808,agent_assist_aug26,treatment
4809,agent_assist_aug26,control
4810,agent_assist_aug26,treatment
4811,agent_assist_aug26,control
4812,agent_assist_aug26,treatment
4813,agent_assist_aug26,control
4814,agent_assist_aug26,treatment
4815,agent_assist_aug26,control
4816,agent_assist_aug26,treatment
4817,agent_assist_aug26,control
4818,agent_assist_aug26,treatment
4819,agent_assist_aug26,control
4820,agent_assist_aug26,treatment
4821,agent_assist_aug26,control
4822,agent_assist_aug26,treatment
4823,agent_assist_aug26,control
4824,agent_assist_aug26,treatment
4825,agent_assist_aug26,control
4826,agent_assist_aug26,treatment
4827,agent_assist_aug26,control
4828,agent_assist_aug26,treatment
4829,agent_assist_aug26,control
4830,agent_assist_aug26,treatment
4831,agent_assist_aug26,control
4832,agent_assist_aug26,treatment
4833,agent_assist_aug26,control
4834,agent_assist_aug26,treatment
4835,agent_assist_aug26,control
4836,agent_assist_aug26,treatment
4837,agent_assist_aug26,control
4838,agent_assist_aug26,treatment
4839,agent_assist_aug26,control
4840,agent_assist_aug26,treatment
4841,agent_assist_aug26,control
4842,agent_assist_aug26,treatment
4843,agent_assist_aug26,control
4844,agent_assist_aug26,treatment
4845,agent_assist_aug26,control
4846,agent_assist_aug26,treatment
4847,agent_assist_aug26,control
4848,agent_assist_aug26,treatment
4849,agent_assist_aug26,control
4850,agent_assist_aug26,treatment
4851,agent_assist_aug26,control
4852,agent_assist_aug26,treatment
4853,agent_assist_aug26,control
4854,agent_assist_aug26,treatment
4855,agent_assist_aug26,control
4856,agent_assist_aug26,treatment
4857,agent_assist_aug26,control
4858,agent_assist_aug26,treatment
4859,agent_assist_aug26,control
4860,agent_assist_aug26,treatment
4861,agent_assist_aug26,control
4862,agent_assist_aug26,treatment
4863,agent_assist_aug26,control
4864,agent_assist_aug26,treatment
4865,agent_assist_aug26,control
4866,agent_assist_aug26,treatment
4867,agent_assist_aug26,control
4868,agent_assist_aug26,treatment
4869,agent_assist_aug26,control
4870,agent_assist_aug26,treatment
4871,agent_assist_aug26,control
4872,agent_assist_aug26,treatment
4873,agent_assist_aug26,control
4874,agent_assist_aug26,treatment
4875,agent_assist_aug26,control
4876,agent_assist_aug26,treatment
4877,agent_assist_aug26,control
4878,agent_assist_aug26,treatment
4879,agent_assist_aug26,control
4880,agent_assist_aug26,treatment
4881,agent_assist_aug26,control
4882,agent_assist_aug26,treatment
4883,agent_assist_aug26,control
4884,agent_assist_aug26,treatment
4885,agent_assist_aug26,control
4886,agent_assist_aug26,treatment
4887,agent_assist_aug26,control
4888,agent_assist_aug26,treatment
4889,agent_assist_aug26,control
4890,agent_assist_aug26,treatment
4891,agent_assist_aug26,control
4892,agent_assist_aug26,treatment
4893,agent_assist_aug26,control
4894,agent_assist_aug26,treatment
4895,agent_assist_aug26,control
4896,agent_assist_aug26,treatment
4897,agent_assist_aug26,control
4898,agent_assist_aug26,treatment
4899,agent_assist_aug26,control
4900,agent_assist_aug26,treatment
4901,agent_assist_aug26,control
4902,agent_assist_aug26,treatment
4903,agent_assist_aug26,control
4904,agent_assist_aug26,treatment
4905,agent_assist_aug26,control
4906,agent_assist_aug26,treatment
4907,agent_assist_aug26,control
4908,agent_assist_aug26,treatment
4909,agent_assist_aug26,control
4910,agent_assist_aug26,treatment
4911,agent_assist_aug26,control
4912,agent_assist_aug26,treatment
4913,agent_assist_aug26,control
4914,agent_assist_aug26,treatment
4915,agent_assist_aug26,control
4916,agent_assist_aug26,treatment
4917,agent_assist_aug26,control
4918,agent_assist_aug26,treatment
4919,agent_assist_aug26,control
4920,agent_assist_aug26,treatment
4921,agent_assist_aug26,control
4922,agent_assist_aug26,treatment
4923,agent_assist_aug26,control
4924,agent_assist_aug26,treatment
4925,agent_assist_aug26,control
4926,agent_assist_aug26,treatment
4927,agent_assist_aug26,control
4928,agent_assist_aug26,treatment
4929,agent_assist_aug26,control
4930,agent_assist_aug26,treatment
4931,agent_assist_aug26,control
4932,agent_assist_aug26,treatment
4933,agent_assist_aug26,control
4934,agent_assist_aug26,treatment
4935,agent_assist_aug26,control
4936,agent_assist_aug26,treatment
4937,agent_assist_aug26,control
4938,agent_assist_aug26,treatment
4939,agent_assist_aug26,control
4940,agent_assist_aug26,treatment
4941,agent_assist_aug26,control
4942,agent_assist_aug26,treatment
4943,agent_assist_aug26,control
4944,agent_assist_aug26,treatment
4945,agent_assist_aug26,control
4946,agent_assist_aug26,treatment
4947,agent_assist_aug26,control
4948,agent_assist_aug26,treatment
4949,agent_assist_aug26,control
4950,agent_assist_aug26,treatment
4951,agent_assist_aug26,control
4952,agent_assist_aug26,treatment
4953,agent_assist_aug26,control
4954,agent_assist_aug26,treatment
4955,agent_assist_aug26,control
4956,agent_assist_aug26,treatment
4957,agent_assist_aug26,control
4958,agent_assist_aug26,treatment
4959,agent_assist_aug26,control
4960,agent_assist_aug26,treatment
4961,agent_assist_aug26,control
4962,agent_assist_aug26,treatment
4963,agent_assist_aug26,control
4964,agent_assist_aug26,treatment
4965,agent_assist_aug26,control
4966,agent_assist_aug26,treatment
4967,agent_assist_aug26,control
4968,agent_assist_aug26,treatment
4969,agent_assist_aug26,control
4970,agent_assist_aug26,treatment
4971,agent_assist_aug26,control
4972,agent_assist_aug26,treatment
4973,agent_assist_aug26,control
4974,agent_assist_aug26,treatment
4975,agent_assist_aug26,control
4976,agent_assist_aug26,treatment
4977,agent_assist_aug26,control
4978,agent_assist_aug26,treatment
4979,agent_assist_aug26,control
4980,agent_assist_aug26,treatment
4981,agent_assist_aug26,control
4982,agent_assist_aug26,treatment
4983,agent_assist_aug26,control
4984,agent_assist_aug26,treatment
4985,agent_assist_aug26,control
4986,agent_assist_aug26,treatment
4987,agent_assist_aug26,control
4988,agent_assist_aug26,treatment
4989,agent_assist_aug26,control
4990,agent_assist_aug26,treatment
4991,agent_assist_aug26,control
4992,agent_assist_aug26,treatment
4993,agent_assist_aug26,control
4994,agent_assist_aug26,treatment
4995,agent_assist_aug26,control
4996,agent_assist_aug26,treatment
4997,agent_assist_aug26,control
4998,agent_assist_aug26,treatment
4999,agent_assist_aug26,control
5000,agent_assist_aug26,treatment
5001,agent_assist_aug26,control
5002,agent_assist_aug26,treatment
5003,agent_assist_aug26,control
5004,agent_assist_aug26,treatment
5005,agent_assist_aug26,control
5006,agent_assist_aug26,treatment
5007,agent_assist_aug26,control
5008,agent_assist_aug26,treatment
5009,agent_assist_aug26,control
5010,agent_assist_aug26,treatment
5011,agent_assist_aug26,control
5012,agent_assist_aug26,treatment
5013,agent_assist_aug26,control
5014,agent_assist_aug26,treatment
5015,agent_assist_aug26,control
5016,agent_assist_aug26,treatment
5017,agent_assist_aug26,control
5018,agent_assist_aug26,treatment
5019,agent_assist_aug26,control
5020,agent_assist_aug26,treatment
5021,agent_assist_aug26,control
5022,agent_assist_aug26,treatment
5023,agent_assist_aug26,control
5024,agent_assist_aug26,treatment
5025,agent_assist_aug26,control
5026,agent_assist_aug26,treatment
5027,agent_assist_aug26,control
5028,agent_assist_aug26,treatment
5029,agent_assist_aug26,control
5030,agent_assist_aug26,treatment
5031,agent_assist_aug26,control
5032,agent_assist_aug26,treatment
5033,agent_assist_aug26,control
5034,agent_assist_aug26,treatment
5035,agent_assist_aug26,control
5036,agent_assist_aug26,treatment
5037,agent_assist_aug26,control
5038,agent_assist_aug26,treatment
5039,agent_assist_aug26,control
5040,agent_assist_aug26,treatment
5041,agent_assist_aug26,control
5042,agent_assist_aug26,treatment
5043,agent_assist_aug26,control
5044,agent_assist_aug26,treatment
5045,agent_assist_aug26,control
5046,agent_assist_aug26,treatment
5047,agent_assist_aug26,control
5048,agent_assist_aug26,treatment
5049,agent_assist_aug26,control
5050,agent_assist_aug26,treatment
5051,agent_assist_aug26,control
5052,agent_assist_aug26,treatment
5053,agent_assist_aug26,control
5054,agent_assist_aug26,treatment
5055,agent_assist_aug26,control
5056,agent_assist_aug26,treatment
5057,agent_assist_aug26,control
5058,agent_assist_aug26,treatment
5059,agent_assist_aug26,control
5060,agent_assist_aug26,treatment
5061,agent_assist_aug26,control
5062,agent_assist_aug26,treatment
5063,agent_assist_aug26,control
5064,agent_assist_aug26,treatment
5065,agent_assist_aug26,control
5066,agent_assist_aug26,treatment
5067,agent_assist_aug26,control
5068,agent_assist_aug26,treatment
5069,agent_assist_aug26,control
5070,agent_assist_aug26,treatment
5071,agent_assist_aug26,control
5072,agent_assist_aug26,treatment
5073,agent_assist_aug26,control
5074,agent_assist_aug26,treatment
5075,agent_assist_aug26,control
5076,agent_assist_aug26,treatment
5077,agent_assist_aug26,control
5078,agent_assist_aug26,treatment
5079,agent_assist_aug26,control
5080,agent_assist_aug26,treatment
5081,agent_assist_aug26,control
5082,agent_assist_aug26,treatment
5083,agent_assist_aug26,control
5084,agent_assist_aug26,treatment
5085,agent_assist_aug26,control
5086,agent_assist_aug26,treatment
5087,agent_assist_aug26,control
5088,agent_assist_aug26,treatment
5089,agent_assist_aug26,control
5090,agent_assist_aug26,treatment
5091,agent_assist_aug26,control
5092,agent_assist_aug26,treatment
5093,agent_assist_aug26,control
5094,agent_assist_aug26,treatment
5095,agent_assist_aug26,control
5096,agent_assist_aug26,treatment
5097,agent_assist_aug26,control
5098,agent_assist_aug26,treatment
5099,agent_assist_aug26,control
5100,agent_assist_aug26,treatment
5101,agent_assist_aug26,control
5102,agent_assist_aug26,treatment
5103,agent_assist_aug26,control
5104,agent_assist_aug26,treatment
5105,agent_assist_aug26,control
5106,agent_assist_aug26,treatment
5107,agent_assist_aug26,control
5108,agent_assist_aug26,treatment
5109,agent_assist_aug26,control
5110,agent_assist_aug26,treatment
5111,agent_assist_aug26,control
5112,agent_assist_aug26,treatment
5113,agent_assist_aug26,control
5114,agent_assist_aug26,treatment
5115,agent_assist_aug26,control
5116,agent_assist_aug26,treatment
5117,agent_assist_aug26,control
5118,agent_assist_aug26,treatment
5119,agent_assist_aug26,control
5120,agent_assist_aug26,treatment
5121,agent_assist_aug26,control
5122,agent_assist_aug26,treatment
5123,agent_assist_aug26,control
5124,agent_assist_aug26,treatment
5125,agent_assist_aug26,control
5126,agent_assist_aug26,treatment
5127,agent_assist_aug26,control
5128,agent_assist_aug26,treatment
5129,agent_assist_aug26,control
5130,agent_assist_aug26,treatment
5131,agent_assist_aug26,control
5132,agent_assist_aug26,treatment
5133,agent_assist_aug26,control
5134,agent_assist_aug26,treatment
5135,agent_assist_aug26,control
5136,agent_assist_aug26,treatment
5137,agent_assist_aug26,control
5138,agent_assist_aug26,treatment
5139,agent_assist_aug26,control
5140,agent_assist_aug26,treatment
5141,agent_assist_aug26,control
5142,agent_assist_aug26,treatment
5143,agent_assist_aug26,control
5144,agent_assist_aug26,treatment
5145,agent_assist_aug26,control
5146,agent_assist_aug26,treatment
5147,agent_assist_aug26,control
5148,agent_assist_aug26,treatment
5149,agent_assist_aug26,control
5150,agent_assist_aug26,treatment
5151,agent_assist_aug26,control
5152,agent_assist_aug26,treatment
5153,agent_assist_aug26,control
5154,agent_assist_aug26,treatment
5155,agent_assist_aug26,control
5156,agent_assist_aug26,treatment
5157,agent_assist_aug26,control
5158,agent_assist_aug26,treatment
5159,agent_assist_aug26,control
5160,agent_assist_aug26,treatment
5161,agent_assist_aug26,control
5162,agent_assist_aug26,treatment
5163,agent_assist_aug26,control
5164,agent_assist_aug26,treatment
5165,agent_assist_aug26,control
5166,agent_assist_aug26,treatment
5167,agent_assist_aug26,control
5168,agent_assist_aug26,treatment
5169,agent_assist_aug26,control
5170,agent_assist_aug26,treatment
5171,agent_assist_aug26,control
5172,agent_assist_aug26,treatment
5173,agent_assist_aug26,control
5174,agent_assist_aug26,treatment
5175,agent_assist_aug26,control
5176,agent_assist_aug26,treatment
5177,agent_assist_aug26,control
5178,agent_assist_aug26,treatment
5179,agent_assist_aug26,control
5180,agent_assist_aug26,treatment
5181,agent_assist_aug26,control
5182,agent_assist_aug26,treatment
5183,agent_assist_aug26,control
5184,agent_assist_aug26,treatment
5185,agent_assist_aug26,control
5186,agent_assist_aug26,treatment
5187,agent_assist_aug26,control
5188,agent_assist_aug26,treatment
5189,agent_assist_aug26,control
5190,agent_assist_aug26,treatment
5191,agent_assist_aug26,control
5192,agent_assist_aug26,treatment
5193,agent_assist_aug26,control
5194,agent_assist_aug26,treatment
5195,agent_assist_aug26,control
5196,agent_assist_aug26,treatment
5197,agent_assist_aug26,control
5198,agent_assist_aug26,treatment
5199,agent_assist_aug26,control
5200,agent_assist_aug26,treatment
5201,agent_assist_aug26,control
5202,agent_assist_aug26,treatment
5203,agent_assist_aug26,control
5204,agent_assist_aug26,treatment
5205,agent_assist_aug26,control
5206,agent_assist_aug26,treatment
5207,agent_assist_aug26,control
5208,agent_assist_aug26,treatment
5209,agent_assist_aug26,control
5210,agent_assist_aug26,treatment
5211,agent_assist_aug26,control
5212,agent_assist_aug26,treatment
5213,agent_assist_aug26,control
5214,agent_assist_aug26,treatment
5215,agent_assist_aug26,control
5216,agent_assist_aug26,treatment
5217,agent_assist_aug26,control
5218,agent_assist_aug26,treatment
5219,agent_assist_aug26,control
5220,agent_assist_aug26,treatment
5221,agent_assist_aug26,control
5222,agent_assist_aug26,treatment
5223,agent_assist_aug26,control
5224,agent_assist_aug26,treatment
5225,agent_assist_aug26,control
5226,agent_assist_aug26,treatment
5227,agent_assist_aug26,control
5228,agent_assist_aug26,treatment
5229,agent_assist_aug26,control
5230,agent_assist_aug26,treatment
5231,agent_assist_aug26,control
5232,agent_assist_aug26,treatment
5233,agent_assist_aug26,control
5234,agent_assist_aug26,treatment
5235,agent_assist_aug26,control
5236,agent_assist_aug26,treatment
5237,agent_assist_aug26,control
5238,agent_assist_aug26,treatment
5239,agent_assist_aug26,control
5240,agent_assist_aug26,treatment
5241,agent_assist_aug26,control
5242,agent_assist_aug26,treatment
5243,agent_assist_aug26,control
5244,agent_assist_aug26,treatment
5245,agent_assist_aug26,control
5246,agent_assist_aug26,treatment
5247,agent_assist_aug26,control
5248,agent_assist_aug26,treatment
5249,agent_assist_aug26,control
5250,agent_assist_aug26,treatment
5251,agent_assist_aug26,control
5252,agent_assist_aug26,treatment
5253,agent_assist_aug26,control
5254,agent_assist_aug26,treatment
5255,agent_assist_aug26,control
5256,agent_assist_aug26,treatment
5257,agent_assist_aug26,control
5258,agent_assist_aug26,treatment
5259,agent_assist_aug26,control
5260,agent_assist_aug26,treatment
5261,agent_assist_aug26,control
5262,agent_assist_aug26,treatment
5263,agent_assist_aug26,control
5264,agent_assist_aug26,treatment
5265,agent_assist_aug26,control
5266,agent_assist_aug26,treatment
5267,agent_assist_aug26,control
5268,agent_assist_aug26,treatment
5269,agent_assist_aug26,control
5270,agent_assist_aug26,treatment
5271,agent_assist_aug26,control
5272,agent_assist_aug26,treatment
5273,agent_assist_aug26,control
5274,agent_assist_aug26,treatment
5275,agent_assist_aug26,control
5276,agent_assist_aug26,treatment
5277,agent_assist_aug26,control
5278,agent_assist_aug26,treatment
5279,agent_assist_aug26,control
5280,agent_assist_aug26,treatment
5281,agent_assist_aug26,control
5282,agent_assist_aug26,treatment
5283,agent_assist_aug26,control
5284,agent_assist_aug26,treatment
5285,agent_assist_aug26,control
5286,agent_assist_aug26,treatment
5287,agent_assist_aug26,control
5288,agent_assist_aug26,treatment
5289,agent_assist_aug26,control
5290,agent_assist_aug26,treatment
5291,agent_assist_aug26,control
5292,agent_assist_aug26,treatment
5293,agent_assist_aug26,control
5294,agent_assist_aug26,treatment
5295,agent_assist_aug26,control
5296,agent_assist_aug26,treatment
5297,agent_assist_aug26,control
5298,agent_assist_aug26,treatment
5299,agent_assist_aug26,control
5300,agent_assist_aug26,treatment
5301,agent_assist_aug26,control
5302,agent_assist_aug26,treatment
5303,agent_assist_aug26,control
5304,agent_assist_aug26,treatment
5305,agent_assist_aug26,control
5306,agent_assist_aug26,treatment
5307,agent_assist_aug26,control
5308,agent_assist_aug26,treatment
5309,agent_assist_aug26,control
5310,agent_assist_aug26,treatment
5311,agent_assist_aug26,control
5312,agent_assist_aug26,treatment
5313,agent_assist_aug26,control
5314,agent_assist_aug26,treatment
5315,agent_assist_aug26,control
5316,agent_assist_aug26,treatment
5317,agent_assist_aug26,control
5318,agent_assist_aug26,treatment
5319,agent_assist_aug26,control
5320,agent_assist_aug26,treatment
5321,agent_assist_aug26,control
5322,agent_assist_aug26,treatment
5323,agent_assist_aug26,control
5324,agent_assist_aug26,treatment
5325,agent_assist_aug26,control
5326,agent_assist_aug26,treatment
5327,agent_assist_aug26,control
5328,agent_assist_aug26,treatment
5329,agent_assist_aug26,control
5330,agent_assist_aug26,treatment
5331,agent_assist_aug26,control
5332,agent_assist_aug26,treatment
5333,agent_assist_aug26,control
5334,agent_assist_aug26,treatment
5335,agent_assist_aug26,control
5336,agent_assist_aug26,treatment
5337,agent_assist_aug26,control
5338,agent_assist_aug26,treatment
5339,agent_assist_aug26,control
5340,agent_assist_aug26,treatment
5341,agent_assist_aug26,control
5342,agent_assist_aug26,treatment
5343,agent_assist_aug26,control
5344,agent_assist_aug26,treatment
5345,agent_assist_aug26,control
5346,agent_assist_aug26,treatment
5347,agent_assist_aug26,control
5348,agent_assist_aug26,treatment
5349,agent_assist_aug26,control
5350,agent_assist_aug26,treatment
5351,agent_assist_aug26,control
5352,agent_assist_aug26,treatment
5353,agent_assist_aug26,control
5354,agent_assist_aug26,treatment
5355,agent_assist_aug26,control
5356,agent_assist_aug26,treatment
5357,agent_assist_aug26,control
5358,agent_assist_aug26,treatment
5359,agent_assist_aug26,control
5360,agent_assist_aug26,treatment
5361,agent_assist_aug26,control
5362,agent_assist_aug26,treatment
5363,agent_assist_aug26,control
5364,agent_assist_aug26,treatment
5365,agent_assist_aug26,control
5366,agent_assist_aug26,treatment
5367,agent_assist_aug26,control
5368,agent_assist_aug26,treatment
5369,agent_assist_aug26,control
5370,agent_assist_aug26,treatment
5371,agent_assist_aug26,control
5372,agent_assist_aug26,treatment
5373,agent_assist_aug26,control
5374,agent_assist_aug26,treatment
5375,agent_assist_aug26,control
5376,agent_assist_aug26,treatment
5377,agent_assist_aug26,control
5378,agent_assist_aug26,treatment
5379,agent_assist_aug26,control
5380,agent_assist_aug26,treatment
5381,agent_assist_aug26,control
5382,agent_assist_aug26,treatment
5383,agent_assist_aug26,control
5384,agent_assist_aug26,treatment
5385,agent_assist_aug26,control
5386,agent_assist_aug26,treatment
5387,agent_assist_aug26,control
5388,agent_assist_aug26,treatment
5389,agent_assist_aug26,control
5390,agent_assist_aug26,treatment
5391,agent_assist_aug26,control
5392,agent_assist_aug26,treatment
5393,agent_assist_aug26,control
5394,agent_assist_aug26,treatment
5395,agent_assist_aug26,control
5396,agent_assist_aug26,treatment
5397,agent_assist_aug26,control
5398,agent_assist_aug26,treatment
5399,agent_assist_aug26,control
5400,agent_assist_aug26,treatment
5401,agent_assist_aug26,control
5402,agent_assist_aug26,treatment
5403,agent_assist_aug26,control
5404,agent_assist_aug26,treatment
5405,agent_assist_aug26,control
5406,agent_assist_aug26,treatment
5407,agent_assist_aug26,control
5408,agent_assist_aug26,treatment
5409,agent_assist_aug26,control
5410,agent_assist_aug26,treatment
5411,agent_assist_aug26,control
5412,agent_assist_aug26,treatment
5413,agent_assist_aug26,control
5414,agent_assist_aug26,treatment
5415,agent_assist_aug26,control
5416,agent_assist_aug26,treatment
5417,agent_assist_aug26,control
5418,agent_assist_aug26,treatment
5419,agent_assist_aug26,control
5420,agent_assist_aug26,treatment
5421,agent_assist_aug26,control
5422,agent_assist_aug26,treatment
5423,agent_assist_aug26,control
5424,agent_assist_aug26,treatment
5425,agent_assist_aug26,control
5426,agent_assist_aug26,treatment
5427,agent_assist_aug26,control
5428,agent_assist_aug26,treatment
5429,agent_assist_aug26,control
5430,agent_assist_aug26,treatment
5431,agent_assist_aug26,control
5432,agent_assist_aug26,treatment
5433,agent_assist_aug26,control
5434,agent_assist_aug26,treatment
5435,agent_assist_aug26,control
5436,agent_assist_aug26,treatment
5437,agent_assist_aug26,control
5438,agent_assist_aug26,treatment
5439,agent_assist_aug26,control
5440,agent_assist_aug26,treatment
5441,agent_assist_aug26,control
5442,agent_assist_aug26,treatment
5443,agent_assist_aug26,control
5444,agent_assist_aug26,treatment
5445,agent_assist_aug26,control
5446,agent_assist_aug26,treatment
5447,agent_assist_aug26,control
5448,agent_assist_aug26,treatment
5449,agent_assist_aug26,control
5450,agent_assist_aug26,treatment
5451,agent_assist_aug26,control
5452,agent_assist_aug26,treatment
5453,agent_assist_aug26,control
5454,agent_assist_aug26,treatment
5455,agent_assist_aug26,control
5456,agent_assist_aug26,treatment
5457,agent_assist_aug26,control
5458,agent_assist_aug26,treatment
5459,agent_assist_aug26,control
5460,agent_assist_aug26,treatment
5461,agent_assist_aug26,control
5462,agent_assist_aug26,treatment
5463,agent_assist_aug26,control
5464,agent_assist_aug26,treatment
5465,agent_assist_aug26,control
5466,agent_assist_aug26,treatment
5467,agent_assist_aug26,control
5468,agent_assist_aug26,treatment
5469,agent_assist_aug26,control
5470,agent_assist_aug26,treatment
5471,agent_assist_aug26,control
5472,agent_assist_aug26,treatment
5473,agent_assist_aug26,control
5474,agent_assist_aug26,treatment
5475,agent_assist_aug26,control
5476,agent_assist_aug26,treatment
5477,agent_assist_aug26,control
5478,agent_assist_aug26,treatment
5479,agent_assist_aug26,control
5480,agent_assist_aug26,treatment
5481,agent_assist_aug26,control
5482,agent_assist_aug26,treatment
5483,agent_assist_aug26,control
5484,agent_assist_aug26,treatment
5485,agent_assist_aug26,control
5486,agent_assist_aug26,treatment
5487,agent_assist_aug26,control
5488,agent_assist_aug26,treatment
5489,agent_assist_aug26,control
5490,agent_assist_aug26,treatment
5491,agent_assist_aug26,control
5492,agent_assist_aug26,treatment
5493,agent_assist_aug26,control
5494,agent_assist_aug26,treatment
5495,agent_assist_aug26,control
5496,agent_assist_aug26,treatment
5497,agent_assist_aug26,control
5498,agent_assist_aug26,treatment
5499,agent_assist_aug26,control
5500,agent_assist_aug26,treatment
5501,agent_assist_aug26,control
5502,agent_assist_aug26,treatment
5503,agent_assist_aug26,control
5504,agent_assist_aug26,treatment
5505,agent_assist_aug26,control
5506,agent_assist_aug26,treatment
5507,agent_assist_aug26,control
5508,agent_assist_aug26,treatment
5509,agent_assist_aug26,control
5510,agent_assist_aug26,treatment
5511,agent_assist_aug26,control
5512,agent_assist_aug26,treatment
5513,agent_assist_aug26,control
5514,agent_assist_aug26,treatment
5515,agent_assist_aug26,control
5516,agent_assist_aug26,treatment
5517,agent_assist_aug26,control
5518,agent_assist_aug26,treatment
5519,agent_assist_aug26,control
5520,agent_assist_aug26,treatment
5521,agent_assist_aug26,control
5522,agent_assist_aug26,treatment
5523,agent_assist_aug26,control
5524,agent_assist_aug26,treatment
5525,agent_assist_aug26,control
5526,agent_assist_aug26,treatment
5527,agent_assist_aug26,control
5528,agent_assist_aug26,treatment
5529,agent_assist_aug26,control
5530,agent_assist_aug26,treatment
5531,agent_assist_aug26,control
5532,agent_assist_aug26,treatment
5533,agent_assist_aug26,control
5534,agent_assist_aug26,treatment
5535,agent_assist_aug26,control
5536,agent_assist_aug26,treatment
5537,agent_assist_aug26,control
5538,agent_assist_aug26,treatment
5539,agent_assist_aug26,control
5540,agent_assist_aug26,treatment
5541,agent_assist_aug26,control
5542,agent_assist_aug26,treatment
5543,agent_assist_aug26,control
5544,agent_assist_aug26,treatment
5545,agent_assist_aug26,control
5546,agent_assist_aug26,treatment
5547,agent_assist_aug26,control
5548,agent_assist_aug26,treatment
5549,agent_assist_aug26,control
5550,agent_assist_aug26,treatment
5551,agent_assist_aug26,control
5552,agent_assist_aug26,treatment
5553,agent_assist_aug26,control
5554,agent_assist_aug26,treatment
5555,agent_assist_aug26,control
5556,agent_assist_aug26,treatment
5557,agent_assist_aug26,control
5558,agent_assist_aug26,treatment
5559,agent_assist_aug26,control
5560,agent_assist_aug26,treatment
5561,agent_assist_aug26,control
5562,agent_assist_aug26,treatment
5563,agent_assist_aug26,control
5564,agent_assist_aug26,treatment
5565,agent_assist_aug26,control
5566,agent_assist_aug26,treatment
5567,agent_assist_aug26,control
5568,agent_assist_aug26,treatment
5569,agent_assist_aug26,control
5570,agent_assist_aug26,treatment
5571,agent_assist_aug26,control
5572,agent_assist_aug26,treatment
5573,agent_assist_aug26,control
5574,agent_assist_aug26,treatment
5575,agent_assist_aug26,control
5576,agent_assist_aug26,treatment
5577,agent_assist_aug26,control
5578,agent_assist_aug26,treatment
5579,agent_assist_aug26,control
5580,agent_assist_aug26,treatment
5581,agent_assist_aug26,control
5582,agent_assist_aug26,treatment
5583,agent_assist_aug26,control
5584,agent_assist_aug26,treatment
5585,agent_assist_aug26,control
5586,agent_assist_aug26,treatment
5587,agent_assist_aug26,control
5588,agent_assist_aug26,treatment
5589,agent_assist_aug26,control
5590,agent_assist_aug26,treatment
5591,agent_assist_aug26,control
5592,agent_assist_aug26,treatment
5593,agent_assist_aug26,control
5594,agent_assist_aug26,treatment
5595,agent_assist_aug26,control
5596,agent_assist_aug26,treatment
5597,agent_assist_aug26,control
5598,agent_assist_aug26,treatment
5599,agent_assist_aug26,control
5600,agent_assist_aug26,treatment
5601,agent_assist_aug26,control
5602,agent_assist_aug26,treatment
5603,agent_assist_aug26,control
5604,agent_assist_aug26,treatment
5605,agent_assist_aug26,control
5606,agent_assist_aug26,treatment
5607,agent_assist_aug26,control
5608,agent_assist_aug26,treatment
5609,agent_assist_aug26,control
5610,agent_assist_aug26,treatment
5611,agent_assist_aug26,control
5612,agent_assist_aug26,treatment
5613,agent_assist_aug26,control
5614,agent_assist_aug26,treatment
5615,agent_assist_aug26,control
5616,agent_assist_aug26,treatment
5617,agent_assist_aug26,control
5618,agent_assist_aug26,treatment
5619,agent_assist_aug26,control
5620,agent_assist_aug26,treatment
5621,agent_assist_aug26,control
5622,agent_assist_aug26,treatment
5623,agent_assist_aug26,control
5624,agent_assist_aug26,treatment
5625,agent_assist_aug26,control
5626,agent_assist_aug26,treatment
5627,agent_assist_aug26,control
5628,agent_assist_aug26,treatment
5629,agent_assist_aug26,control
5630,agent_assist_aug26,treatment
5631,agent_assist_aug26,control
5632,agent_assist_aug26,treatment
5633,agent_assist_aug26,control
5634,agent_assist_aug26,treatment
5635,agent_assist_aug26,control
5636,agent_assist_aug26,treatment
5637,agent_assist_aug26,control
5638,agent_assist_aug26,treatment
5639,agent_assist_aug26,control
5640,agent_assist_aug26,treatment
5641,agent_assist_aug26,control
5642,agent_assist_aug26,treatment
5643,agent_assist_aug26,control
5644,agent_assist_aug26,treatment
5645,agent_assist_aug26,control
5646,agent_assist_aug26,treatment
5647,agent_assist_aug26,control
5648,agent_assist_aug26,treatment
5649,agent_assist_aug26,control
5650,agent_assist_aug26,treatment
5651,agent_assist_aug26,control
5652,agent_assist_aug26,treatment
5653,agent_assist_aug26,control
5654,agent_assist_aug26,treatment
5655,agent_assist_aug26,control
5656,agent_assist_aug26,treatment
5657,agent_assist_aug26,control
5658,agent_assist_aug26,treatment
5659,agent_assist_aug26,control
5660,agent_assist_aug26,treatment
5661,agent_assist_aug26,control
5662,agent_assist_aug26,treatment
5663,agent_assist_aug26,control
5664,agent_assist_aug26,treatment
5665,agent_assist_aug26,control
5666,agent_assist_aug26,treatment
5667,agent_assist_aug26,control
5668,agent_assist_aug26,treatment
5669,agent_assist_aug26,control
5670,agent_assist_aug26,treatment
5671,agent_assist_aug26,control
5672,agent_assist_aug26,treatment
5673,agent_assist_aug26,control
5674,agent_assist_aug26,treatment
5675,agent_assist_aug26,control
5676,agent_assist_aug26,treatment
5677,agent_assist_aug26,control
5678,agent_assist_aug26,treatment
5679,agent_assist_aug26,control
5680,agent_assist_aug26,treatment
5681,agent_assist_aug26,control
5682,agent_assist_aug26,treatment
5683,agent_assist_aug26,control
5684,agent_assist_aug26,treatment
5685,agent_assist_aug26,control
5686,agent_assist_aug26,treatment
5687,agent_assist_aug26,control
5688,agent_assist_aug26,treatment
5689,agent_assist_aug26,control
5690,agent_assist_aug26,treatment
5691,agent_assist_aug26,control
5692,agent_assist_aug26,treatment
5693,agent_assist_aug26,control
5694,agent_assist_aug26,treatment
5695,agent_assist_aug26,control
5696,agent_assist_aug26,treatment
5697,agent_assist_aug26,control
5698,agent_assist_aug26,treatment
5699,agent_assist_aug26,control
5700,agent_assist_aug26,treatment
5701,agent_assist_aug26,control
5702,agent_assist_aug26,treatment
5703,agent_assist_aug26,control
5704,agent_assist_aug26,treatment
5705,agent_assist_aug26,control
5706,agent_assist_aug26,treatment
5707,agent_assist_aug26,control
5708,agent_assist_aug26,treatment
5709,agent_assist_aug26,control
5710,agent_assist_aug26,treatment
5711,agent_assist_aug26,control
5712,agent_assist_aug26,treatment
5713,agent_assist_aug26,control
5714,agent_assist_aug26,treatment
5715,agent_assist_aug26,control
5716,agent_assist_aug26,treatment
5717,agent_assist_aug26,control
5718,agent_assist_aug26,treatment
5719,agent_assist_aug26,control
5720,agent_assist_aug26,treatment
5721,agent_assist_aug26,control
5722,agent_assist_aug26,treatment
5723,agent_assist_aug26,control
5724,agent_assist_aug26,treatment
5725,agent_assist_aug26,control
5726,agent_assist_aug26,treatment
5727,agent_assist_aug26,control
5728,agent_assist_aug26,treatment
5729,agent_assist_aug26,control
5730,agent_assist_aug26,treatment
5731,agent_assist_aug26,control
5732,agent_assist_aug26,treatment
5733,agent_assist_aug26,control
5734,agent_assist_aug26,treatment
5735,agent_assist_aug26,control
5736,agent_assist_aug26,treatment
5737,agent_assist_aug26,control
5738,agent_assist_aug26,treatment
5739,agent_assist_aug26,control
5740,agent_assist_aug26,treatment
5741,agent_assist_aug26,control
5742,agent_assist_aug26,treatment
5743,agent_assist_aug26,control
5744,agent_assist_aug26,treatment
5745,agent_assist_aug26,control
5746,agent_assist_aug26,treatment
5747,agent_assist_aug26,control
5748,agent_assist_aug26,treatment
5749,agent_assist_aug26,control
5750,agent_assist_aug26,treatment
5751,agent_assist_aug26,control
5752,agent_assist_aug26,treatment
5753,agent_assist_aug26,control
5754,agent_assist_aug26,treatment
5755,agent_assist_aug26,control
5756,agent_assist_aug26,treatment
5757,agent_assist_aug26,control
5758,agent_assist_aug26,treatment
5759,agent_assist_aug26,control
5760,agent_assist_aug26,treatment
5761,agent_assist_aug26,control
5762,agent_assist_aug26,treatment
5763,agent_assist_aug26,control
5764,agent_assist_aug26,treatment
5765,agent_assist_aug26,control
5766,agent_assist_aug26,treatment
5767,agent_assist_aug26,control
5768,agent_assist_aug26,treatment
5769,agent_assist_aug26,control
5770,agent_assist_aug26,treatment
5771,agent_assist_aug26,control
5772,agent_assist_aug26,treatment
5773,agent_assist_aug26,control
5774,agent_assist_aug26,treatment
5775,agent_assist_aug26,control
5776,agent_assist_aug26,treatment
5777,agent_assist_aug26,control
5778,agent_assist_aug26,treatment
5779,agent_assist_aug26,control
5780,agent_assist_aug26,treatment
5781,agent_assist_aug26,control
5782,agent_assist_aug26,treatment
5783,agent_assist_aug26,control
5784,agent_assist_aug26,treatment
5785,agent_assist_aug26,control
5786,agent_assist_aug26,treatment
5787,agent_assist_aug26,control
5788,agent_assist_aug26,treatment
5789,agent_assist_aug26,control
5790,agent_assist_aug26,treatment
5791,agent_assist_aug26,control
5792,agent_assist_aug26,treatment
5793,agent_assist_aug26,control
5794,agent_assist_aug26,treatment
5795,agent_assist_aug26,control
5796,agent_assist_aug26,treatment
5797,agent_assist_aug26,control
5798,agent_assist_aug26,treatment
5799,agent_assist_aug26,control
5800,agent_assist_aug26,treatment
5801,agent_assist_aug26,control
5802,agent_assist_aug26,treatment
5803,agent_assist_aug26,control
5804,agent_assist_aug26,treatment
5805,agent_assist_aug26,control
5806,agent_assist_aug26,treatment
5807,agent_assist_aug26,control
5808,agent_assist_aug26,treatment
5809,agent_assist_aug26,control
5810,agent_assist_aug26,treatment
5811,agent_assist_aug26,control
5812,agent_assist_aug26,treatment
5813,agent_assist_aug26,control
5814,agent_assist_aug26,treatment
5815,agent_assist_aug26,control
5816,agent_assist_aug26,treatment
5817,agent_assist_aug26,control
5818,agent_assist_aug26,treatment
5819,agent_assist_aug26,control
5820,agent_assist_aug26,treatment
5821,agent_assist_aug26,control
5822,agent_assist_aug26,treatment
5823,agent_assist_aug26,control
5824,agent_assist_aug26,treatment
5825,agent_assist_aug26,control
5826,agent_assist_aug26,treatment
5827,agent_assist_aug26,control
5828,agent_assist_aug26,treatment
5829,agent_assist_aug26,control
5830,agent_assist_aug26,treatment
5831,agent_assist_aug26,control
5832,agent_assist_aug26,treatment
5833,agent_assist_aug26,control
5834,agent_assist_aug26,treatment
5835,agent_assist_aug26,control
5836,agent_assist_aug26,treatment
5837,agent_assist_aug26,control
5838,agent_assist_aug26,treatment
5839,agent_assist_aug26,control
5840,agent_assist_aug26,treatment
5841,agent_assist_aug26,control
5842,agent_assist_aug26,treatment
5843,agent_assist_aug26,control
5844,agent_assist_aug26,treatment
5845,agent_assist_aug26,control
5846,agent_assist_aug26,treatment
5847,agent_assist_aug26,control
5848,agent_assist_aug26,treatment
5849,agent_assist_aug26,control
5850,agent_assist_aug26,treatment
5851,agent_assist_aug26,control
5852,agent_assist_aug26,treatment
5853,agent_assist_aug26,control
5854,agent_assist_aug26,treatment
5855,agent_assist_aug26,control
5856,agent_assist_aug26,treatment
5857,agent_assist_aug26,control
5858,agent_assist_aug26,treatment
5859,agent_assist_aug26,control
5860,agent_assist_aug26,treatment
5861,agent_assist_aug26,control
5862,agent_assist_aug26,treatment
5863,agent_assist_aug26,control
5864,agent_assist_aug26,treatment
5865,agent_assist_aug26,control
5866,agent_assist_aug26,treatment
5867,agent_assist_aug26,control
5868,agent_assist_aug26,treatment
5869,agent_assist_aug26,control
5870,agent_assist_aug26,treatment
5871,agent_assist_aug26,control
5872,agent_assist_aug26,treatment
5873,agent_assist_aug26,control
5874,agent_assist_aug26,treatment
5875,agent_assist_aug26,control
5876,agent_assist_aug26,treatment
5877,agent_assist_aug26,control
5878,agent_assist_aug26,treatment
5879,agent_assist_aug26,control
5880,agent_assist_aug26,treatment
5881,agent_assist_aug26,control
5882,agent_assist_aug26,treatment
5883,agent_assist_aug26,control
5884,agent_assist_aug26,treatment
5885,agent_assist_aug26,control
5886,agent_assist_aug26,treatment
5887,agent_assist_aug26,control
5888,agent_assist_aug26,treatment
5889,agent_assist_aug26,control
5890,agent_assist_aug26,treatment
5891,agent_assist_aug26,control
5892,agent_assist_aug26,treatment
5893,agent_assist_aug26,control
5894,agent_assist_aug26,treatment
5895,agent_assist_aug26,control
5896,agent_assist_aug26,treatment
5897,agent_assist_aug26,control
5898,agent_assist_aug26,treatment
5899,agent_assist_aug26,control
5900,agent_assist_aug26,treatment
5901,agent_assist_aug26,control
5902,agent_assist_aug26,treatment
5903,agent_assist_aug26,control
5904,agent_assist_aug26,treatment
5905,agent_assist_aug26,control
5906,agent_assist_aug26,treatment
5907,agent_assist_aug26,control
5908,agent_assist_aug26,treatment
5909,agent_assist_aug26,control
5910,agent_assist_aug26,treatment
5911,agent_assist_aug26,control
5912,agent_assist_aug26,treatment
5913,agent_assist_aug26,control
5914,agent_assist_aug26,treatment
5915,agent_assist_aug26,control
5916,agent_assist_aug26,treatment
5917,agent_assist_aug26,control
5918,agent_assist_aug26,treatment
5919,agent_assist_aug26,control
5920,agent_assist_aug26,treatment
5921,agent_assist_aug26,control
5922,agent_assist_aug26,treatment
5923,agent_assist_aug26,control
5924,agent_assist_aug26,treatment
5925,agent_assist_aug26,control
5926,agent_assist_aug26,treatment
5927,agent_assist_aug26,control
5928,agent_assist_aug26,treatment
5929,agent_assist_aug26,control
5930,agent_assist_aug26,treatment
5931,agent_assist_aug26,control
5932,agent_assist_aug26,treatment
5933,agent_assist_aug26,control
5934,agent_assist_aug26,treatment
5935,agent_assist_aug26,control
5936,agent_assist_aug26,treatment
5937,agent_assist_aug26,control
5938,agent_assist_aug26,treatment
5939,agent_assist_aug26,control
5940,agent_assist_aug26,treatment
5941,agent_assist_aug26,control
5942,agent_assist_aug26,treatment
5943,agent_assist_aug26,control
5944,agent_assist_aug26,treatment
5945,agent_assist_aug26,control
5946,agent_assist_aug26,treatment
5947,agent_assist_aug26,control
5948,agent_assist_aug26,treatment
5949,agent_assist_aug26,control
5950,agent_assist_aug26,treatment
5951,agent_assist_aug26,control
5952,agent_assist_aug26,treatment
5953,agent_assist_aug26,control
5954,agent_assist_aug26,treatment
5955,agent_assist_aug26,control
5956,agent_assist_aug26,treatment
5957,agent_assist_aug26,control
5958,agent_assist_aug26,treatment
5959,agent_assist_aug26,control
5960,agent_assist_aug26,treatment
5961,agent_assist_aug26,control
5962,agent_assist_aug26,treatment
5963,agent_assist_aug26,control
5964,agent_assist_aug26,treatment
5965,agent_assist_aug26,control
5966,agent_assist_aug26,treatment
5967,agent_assist_aug26,control
5968,agent_assist_aug26,treatment
5969,agent_assist_aug26,control
5970,agent_assist_aug26,treatment
5971,agent_assist_aug26,control
5972,agent_assist_aug26,treatment
5973,agent_assist_aug26,control
5974,agent_assist_aug26,treatment
5975,agent_assist_aug26,control
5976,agent_assist_aug26,treatment
5977,agent_assist_aug26,control
5978,agent_assist_aug26,treatment
5979,agent_assist_aug26,control
5980,agent_assist_aug26,treatment
5981,agent_assist_aug26,control
5982,agent_assist_aug26,treatment
5983,agent_assist_aug26,control
5984,agent_assist_aug26,treatment
5985,agent_assist_aug26,control
5986,agent_assist_aug26,treatment
5987,agent_assist_aug26,control
5988,agent_assist_aug26,treatment
5989,agent_assist_aug26,control
5990,agent_assist_aug26,treatment
5991,agent_assist_aug26,control
5992,agent_assist_aug26,treatment
5993,agent_assist_aug26,control
5994,agent_assist_aug26,treatment
5995,agent_assist_aug26,control
5996,agent_assist_aug26,treatment
5997,agent_assist_aug26,control
5998,agent_assist_aug26,treatment
5999,agent_assist_aug26,control
6000,agent_assist_aug26,treatment
6001,agent_assist_aug26,control
6002,agent_assist_aug26,treatment
6003,agent_assist_aug26,control
6004,agent_assist_aug26,treatment
6005,agent_assist_aug26,control
6006,agent_assist_aug26,treatment
6007,agent_assist_aug26,control
6008,agent_assist_aug26,treatment
6009,agent_assist_aug26,control
6010,agent_assist_aug26,treatment
6011,agent_assist_aug26,control
6012,agent_assist_aug26,treatment
6013,agent_assist_aug26,control
6014,agent_assist_aug26,treatment
6015,agent_assist_aug26,control
6016,agent_assist_aug26,treatment
6017,agent_assist_aug26,control
6018,agent_assist_aug26,treatment
6019,agent_assist_aug26,control
6020,agent_assist_aug26,treatment
6021,agent_assist_aug26,control
6022,agent_assist_aug26,treatment
6023,agent_assist_aug26,control
6024,agent_assist_aug26,treatment
6025,agent_assist_aug26,control
6026,agent_assist_aug26,treatment
6027,agent_assist_aug26,control
6028,agent_assist_aug26,treatment
6029,agent_assist_aug26,control
6030,agent_assist_aug26,treatment
6031,agent_assist_aug26,control
6032,agent_assist_aug26,treatment
6033,agent_assist_aug26,control
6034,agent_assist_aug26,treatment
6035,agent_assist_aug26,control
6036,agent_assist_aug26,treatment
6037,agent_assist_aug26,control
6038,agent_assist_aug26,treatment
6039,agent_assist_aug26,control
6040,agent_assist_aug26,treatment
6041,agent_assist_aug26,control
6042,agent_assist_aug26,treatment
6043,agent_assist_aug26,control
6044,agent_assist_aug26,treatment
6045,agent_assist_aug26,control
6046,agent_assist_aug26,treatment
6047,agent_assist_aug26,control
6048,agent_assist_aug26,treatment
6049,agent_assist_aug26,control
6050,agent_assist_aug26,treatment
6051,agent_assist_aug26,control
6052,agent_assist_aug26,treatment
6053,agent_assist_aug26,control
6054,agent_assist_aug26,treatment
6055,agent_assist_aug26,control
6056,agent_assist_aug26,treatment
6057,agent_assist_aug26,control
6058,agent_assist_aug26,treatment
6059,agent_assist_aug26,control
6060,agent_assist_aug26,treatment
6061,agent_assist_aug26,control
6062,agent_assist_aug26,treatment
6063,agent_assist_aug26,control
6064,agent_assist_aug26,treatment
6065,agent_assist_aug26,control
6066,agent_assist_aug26,treatment
6067,agent_assist_aug26,control
6068,agent_assist_aug26,treatment
6069,agent_assist_aug26,control
6070,agent_assist_aug26,treatment
6071,agent_assist_aug26,control
6072,agent_assist_aug26,treatment
6073,agent_assist_aug26,control
6074,agent_assist_aug26,treatment
6075,agent_assist_aug26,control
6076,agent_assist_aug26,treatment
6077,agent_assist_aug26,control
6078,agent_assist_aug26,treatment
6079,agent_assist_aug26,control
6080,agent_assist_aug26,treatment
6081,agent_assist_aug26,control
6082,agent_assist_aug26,treatment
6083,agent_assist_aug26,control
6084,agent_assist_aug26,treatment
6085,agent_assist_aug26,control
6086,agent_assist_aug26,treatment
6087,agent_assist_aug26,control
6088,agent_assist_aug26,treatment
6089,agent_assist_aug26,control
6090,agent_assist_aug26,treatment
6091,agent_assist_aug26,control
6092,agent_assist_aug26,treatment
6093,agent_assist_aug26,control
6094,agent_assist_aug26,treatment
6095,agent_assist_aug26,control
6096,agent_assist_aug26,treatment
6097,agent_assist_aug26,control
6098,agent_assist_aug26,treatment
6099,agent_assist_aug26,control
6100,agent_assist_aug26,treatment
6101,agent_assist_aug26,control
6102,agent_assist_aug26,treatment
6103,agent_assist_aug26,control
6104,agent_assist_aug26,treatment
6105,agent_assist_aug26,control
6106,agent_assist_aug26,treatment
6107,agent_assist_aug26,control
6108,agent_assist_aug26,treatment
6109,agent_assist_aug26,control
6110,agent_assist_aug26,treatment
6111,agent_assist_aug26,control
6112,agent_assist_aug26,treatment
6113,agent_assist_aug26,control
6114,agent_assist_aug26,treatment
6115,agent_assist_aug26,control
6116,agent_assist_aug26,treatment
6117,agent_assist_aug26,control
6118,agent_assist_aug26,treatment
6119,agent_assist_aug26,control
6120,agent_assist_aug26,treatment
6121,agent_assist_aug26,control
6122,agent_assist_aug26,treatment
6123,agent_assist_aug26,control
6124,agent_assist_aug26,treatment
6125,agent_assist_aug26,control
6126,agent_assist_aug26,treatment
6127,agent_assist_aug26,control
6128,agent_assist_aug26,treatment
6129,agent_assist_aug26,control
6130,agent_assist_aug26,treatment
6131,agent_assist_aug26,control
6132,agent_assist_aug26,treatment
6133,agent_assist_aug26,control
6134,agent_assist_aug26,treatment
6135,agent_assist_aug26,control
6136,agent_assist_aug26,treatment
6137,agent_assist_aug26,control
6138,agent_assist_aug26,treatment
6139,agent_assist_aug26,control
6140,agent_assist_aug26,treatment
6141,agent_assist_aug26,control
6142,agent_assist_aug26,treatment
6143,agent_assist_aug26,control
6144,agent_assist_aug26,treatment
6145,agent_assist_aug26,control
6146,agent_assist_aug26,treatment
6147,agent_assist_aug26,control
6148,agent_assist_aug26,treatment
6149,agent_assist_aug26,control
6150,agent_assist_aug26,treatment
6151,agent_assist_aug26,control
6152,agent_assist_aug26,treatment
6153,agent_assist_aug26,control
6154,agent_assist_aug26,treatment
6155,agent_assist_aug26,control
6156,agent_assist_aug26,treatment
6157,agent_assist_aug26,control
6158,agent_assist_aug26,treatment
6159,agent_assist_aug26,control
6160,agent_assist_aug26,treatment
6161,agent_assist_aug26,control
6162,agent_assist_aug26,treatment
6163,agent_assist_aug26,control
6164,agent_assist_aug26,treatment
6165,agent_assist_aug26,control
6166,agent_assist_aug26,treatment
6167,agent_assist_aug26,control
6168,agent_assist_aug26,treatment
6169,agent_assist_aug26,control
6170,agent_assist_aug26,treatment
6171,agent_assist_aug26,control
6172,agent_assist_aug26,treatment
6173,agent_assist_aug26,control
6174,agent_assist_aug26,treatment
6175,agent_assist_aug26,control
6176,agent_assist_aug26,treatment
6177,agent_assist_aug26,control
6178,agent_assist_aug26,treatment
6179,agent_assist_aug26,control
6180,agent_assist_aug26,treatment
6181,agent_assist_aug26,control
6182,agent_assist_aug26,treatment
6183,agent_assist_aug26,control
6184,agent_assist_aug26,treatment
6185,agent_assist_aug26,control
6186,agent_assist_aug26,treatment
6187,agent_assist_aug26,control
6188,agent_assist_aug26,treatment
6189,agent_assist_aug26,control
6190,agent_assist_aug26,treatment
6191,agent_assist_aug26,control
6192,agent_assist_aug26,treatment
6193,agent_assist_aug26,control
6194,agent_assist_aug26,treatment
6195,agent_assist_aug26,control
6196,agent_assist_aug26,treatment
6197,agent_assist_aug26,control
6198,agent_assist_aug26,treatment
6199,agent_assist_aug26,control
6200,agent_assist_aug26,treatment
6201,agent_assist_aug26,control
6202,agent_assist_aug26,treatment
6203,agent_assist_aug26,control
6204,agent_assist_aug26,treatment
6205,agent_assist_aug26,control
6206,agent_assist_aug26,treatment
6207,agent_assist_aug26,control
6208,agent_assist_aug26,treatment
6209,agent_assist_aug26,control
6210,agent_assist_aug26,treatment
6211,agent_assist_aug26,control
6212,agent_assist_aug26,treatment
6213,agent_assist_aug26,control
6214,agent_assist_aug26,treatment
6215,agent_assist_aug26,control
6216,agent_assist_aug26,treatment
6217,agent_assist_aug26,control
6218,agent_assist_aug26,treatment
6219,agent_assist_aug26,control
6220,agent_assist_aug26,treatment
6221,agent_assist_aug26,control
6222,agent_assist_aug26,treatment
6223,agent_assist_aug26,control
6224,agent_assist_aug26,treatment
6225,agent_assist_aug26,control
6226,agent_assist_aug26,treatment
6227,agent_assist_aug26,control
6228,agent_assist_aug26,treatment
6229,agent_assist_aug26,control
6230,agent_assist_aug26,treatment
6231,agent_assist_aug26,control
6232,agent_assist_aug26,treatment
6233,agent_assist_aug26,control
6234,agent_assist_aug26,treatment
6235,agent_assist_aug26,control
6236,agent_assist_aug26,treatment
6237,agent_assist_aug26,control
6238,agent_assist_aug26,treatment
6239,agent_assist_aug26,control
6240,agent_assist_aug26,treatment
6241,agent_assist_aug26,control
6242,agent_assist_aug26,treatment
6243,agent_assist_aug26,control
6244,agent_assist_aug26,treatment
6245,agent_assist_aug26,control
6246,agent_assist_aug26,treatment
6247,agent_assist_aug26,control
6248,agent_assist_aug26,treatment
6249,agent_assist_aug26,control
6250,agent_assist_aug26,treatment
6251,agent_assist_aug26,control
6252,agent_assist_aug26,treatment
6253,agent_assist_aug26,control
6254,agent_assist_aug26,treatment
6255,agent_assist_aug26,control
6256,agent_assist_aug26,treatment
6257,agent_assist_aug26,control
6258,agent_assist_aug26,treatment
6259,agent_assist_aug26,control
6260,agent_assist_aug26,treatment
6261,agent_assist_aug26,control
6262,agent_assist_aug26,treatment
6263,agent_assist_aug26,control
6264,agent_assist_aug26,treatment
6265,agent_assist_aug26,control
6266,agent_assist_aug26,treatment
6267,agent_assist_aug26,control
6268,agent_assist_aug26,treatment
6269,agent_assist_aug26,control
6270,agent_assist_aug26,treatment
6271,agent_assist_aug26,control
6272,agent_assist_aug26,treatment
6273,agent_assist_aug26,control
6274,agent_assist_aug26,treatment
6275,agent_assist_aug26,control
6276,agent_assist_aug26,treatment
6277,agent_assist_aug26,control
6278,agent_assist_aug26,treatment
6279,agent_assist_aug26,control
6280,agent_assist_aug26,treatment
6281,agent_assist_aug26,control
6282,agent_assist_aug26,treatment
6283,agent_assist_aug26,control
6284,agent_assist_aug26,treatment
6285,agent_assist_aug26,control
6286,agent_assist_aug26,treatment
6287,agent_assist_aug26,control
6288,agent_assist_aug26,treatment
6289,agent_assist_aug26,control
6290,agent_assist_aug26,treatment
6291,agent_assist_aug26,control
6292,agent_assist_aug26,treatment
6293,agent_assist_aug26,control
6294,agent_assist_aug26,treatment
6295,agent_assist_aug26,control
6296,agent_assist_aug26,treatment
6297,agent_assist_aug26,control
6298,agent_assist_aug26,treatment
6299,agent_assist_aug26,control
6300,agent_assist_aug26,treatment
6301,agent_assist_aug26,control
6302,agent_assist_aug26,treatment
6303,agent_assist_aug26,control
6304,agent_assist_aug26,treatment
6305,agent_assist_aug26,control
6306,agent_assist_aug26,treatment
6307,agent_assist_aug26,control
6308,agent_assist_aug26,treatment
6309,agent_assist_aug26,control
6310,agent_assist_aug26,treatment
6311,agent_assist_aug26,control
6312,agent_assist_aug26,treatment
6313,agent_assist_aug26,control
6314,agent_assist_aug26,treatment
6315,agent_assist_aug26,control
6316,agent_assist_aug26,treatment
6317,agent_assist_aug26,control
6318,agent_assist_aug26,treatment
6319,agent_assist_aug26,control
6320,agent_assist_aug26,treatment
6321,agent_assist_aug26,control
6322,agent_assist_aug26,treatment
6323,agent_assist_aug26,control
6324,agent_assist_aug26,treatment
6325,agent_assist_aug26,control
6326,agent_assist_aug26,treatment
6327,agent_assist_aug26,control
6328,agent_assist_aug26,treatment
6329,agent_assist_aug26,control
6330,agent_assist_aug26,treatment
6331,agent_assist_aug26,control
6332,agent_assist_aug26,treatment
6333,agent_assist_aug26,control
6334,agent_assist_aug26,treatment
6335,agent_assist_aug26,control
6336,agent_assist_aug26,treatment
6337,agent_assist_aug26,control
6338,agent_assist_aug26,treatment
6339,agent_assist_aug26,control
6340,agent_assist_aug26,treatment
6341,agent_assist_aug26,control
6342,agent_assist_aug26,treatment
6343,agent_assist_aug26,control
6344,agent_assist_aug26,treatment
6345,agent_assist_aug26,control
6346,agent_assist_aug26,treatment
6347,agent_assist_aug26,control
6348,agent_assist_aug26,treatment
6349,agent_assist_aug26,control
6350,agent_assist_aug26,treatment
6351,agent_assist_aug26,control
6352,agent_assist_aug26,treatment
6353,agent_assist_aug26,control
6354,agent_assist_aug26,treatment
6355,agent_assist_aug26,control
6356,agent_assist_aug26,treatment
6357,agent_assist_aug26,control
6358,agent_assist_aug26,treatment
6359,agent_assist_aug26,control
6360,agent_assist_aug26,treatment
6361,agent_assist_aug26,control
6362,agent_assist_aug26,treatment
6363,agent_assist_aug26,control
6364,agent_assist_aug26,treatment
6365,agent_assist_aug26,control
6366,agent_assist_aug26,treatment
6367,agent_assist_aug26,control
6368,agent_assist_aug26,treatment
6369,agent_assist_aug26,control
6370,agent_assist_aug26,treatment
6371,agent_assist_aug26,control
6372,agent_assist_aug26,treatment
6373,agent_assist_aug26,control
6374,agent_assist_aug26,treatment
6375,agent_assist_aug26,control
6376,agent_assist_aug26,treatment
6377,agent_assist_aug26,control
6378,agent_assist_aug26,treatment
6379,agent_assist_aug26,control
6380,agent_assist_aug26,treatment
6381,agent_assist_aug26,control
6382,agent_assist_aug26,treatment
6383,agent_assist_aug26,control
6384,agent_assist_aug26,treatment
6385,agent_assist_aug26,control
6386,agent_assist_aug26,treatment
6387,agent_assist_aug26,control
6388,agent_assist_aug26,treatment
6389,agent_assist_aug26,control
6390,agent_assist_aug26,treatment
6391,agent_assist_aug26,control
6392,agent_assist_aug26,treatment
6393,agent_assist_aug26,control
6394,agent_assist_aug26,treatment
6395,agent_assist_aug26,control
6396,agent_assist_aug26,treatment
6397,agent_assist_aug26,control
6398,agent_assist_aug26,treatment
6399,agent_assist_aug26,control
6400,agent_assist_aug26,treatment
6401,agent_assist_aug26,control
6402,agent_assist_aug26,treatment
6403,agent_assist_aug26,control
6404,agent_assist_aug26,treatment
6405,agent_assist_aug26,control
6406,agent_assist_aug26,treatment
6407,agent_assist_aug26,control
6408,agent_assist_aug26,treatment
6409,agent_assist_aug26,control
6410,agent_assist_aug26,treatment
6411,agent_assist_aug26,control
6412,agent_assist_aug26,treatment
6413,agent_assist_aug26,control
6414,agent_assist_aug26,treatment
6415,agent_assist_aug26,control
6416,agent_assist_aug26,treatment
6417,agent_assist_aug26,control
6418,agent_assist_aug26,treatment
6419,agent_assist_aug26,control
6420,agent_assist_aug26,treatment
6421,agent_assist_aug26,control
6422,agent_assist_aug26,treatment
6423,agent_assist_aug26,control
6424,agent_assist_aug26,treatment
6425,agent_assist_aug26,control
6426,agent_assist_aug26,treatment
6427,agent_assist_aug26,control
6428,agent_assist_aug26,treatment
6429,agent_assist_aug26,control
6430,agent_assist_aug26,treatment
6431,agent_assist_aug26,control
6432,agent_assist_aug26,treatment
6433,agent_assist_aug26,control
6434,agent_assist_aug26,treatment
6435,agent_assist_aug26,control
6436,agent_assist_aug26,treatment
6437,agent_assist_aug26,control
6438,agent_assist_aug26,treatment
6439,agent_assist_aug26,control
6440,agent_assist_aug26,treatment
6441,agent_assist_aug26,control
6442,agent_assist_aug26,treatment
6443,agent_assist_aug26,control
6444,agent_assist_aug26,treatment
6445,agent_assist_aug26,control
6446,agent_assist_aug26,treatment
6447,agent_assist_aug26,control
6448,agent_assist_aug26,treatment
6449,agent_assist_aug26,control
6450,agent_assist_aug26,treatment
6451,agent_assist_aug26,control
6452,agent_assist_aug26,treatment
6453,agent_assist_aug26,control
6454,agent_assist_aug26,treatment
6455,agent_assist_aug26,control
6456,agent_assist_aug26,treatment
6457,agent_assist_aug26,control
6458,agent_assist_aug26,treatment
6459,agent_assist_aug26,control
6460,agent_assist_aug26,treatment
6461,agent_assist_aug26,control
6462,agent_assist_aug26,treatment
6463,agent_assist_aug26,control
6464,agent_assist_aug26,treatment
6465,agent_assist_aug26,control
6466,agent_assist_aug26,treatment
6467,agent_assist_aug26,control
6468,agent_assist_aug26,treatment
6469,agent_assist_aug26,control
6470,agent_assist_aug26,treatment
6471,agent_assist_aug26,control
6472,agent_assist_aug26,treatment
6473,agent_assist_aug26,control
6474,agent_assist_aug26,treatment
6475,agent_assist_aug26,control
6476,agent_assist_aug26,treatment
6477,agent_assist_aug26,control
6478,agent_assist_aug26,treatment
6479,agent_assist_aug26,control
6480,agent_assist_aug26,treatment
6481,agent_assist_aug26,control
6482,agent_assist_aug26,treatment
6483,agent_assist_aug26,control
6484,agent_assist_aug26,treatment
6485,agent_assist_aug26,control
6486,agent_assist_aug26,treatment
6487,agent_assist_aug26,control
6488,agent_assist_aug26,treatment
6489,agent_assist_aug26,control
6490,agent_assist_aug26,treatment
6491,agent_assist_aug26,control
6492,agent_assist_aug26,treatment
6493,agent_assist_aug26,control
6494,agent_assist_aug26,treatment
6495,agent_assist_aug26,control
6496,agent_assist_aug26,treatment
6497,agent_assist_aug26,control
6498,agent_assist_aug26,treatment
6499,agent_assist_aug26,control
6500,agent_assist_aug26,treatment
