ticket_id,customer_id,created_ts,issue_type,language,severity,channel,escalated,resolved_ts
1,1080,"2026-06-24 12:11:00",delivery,en,2,phone,0,"2026-06-25 00:14:43"
2,41,"2026-07-14 22:43:00",billing,ja,1,chat,0,"2026-07-15 08:48:02"
3,428,"2026-05-17 14:44:00",subscription,en,2,phone,0,"2026-05-19 08:42:23"
4,531,"2026-07-05 10:30:00",returns,ja,4,phone,0,"2026-07-05 17:15:37"
5,448,"2026-07-29 09:02:00",billing,en,1,phone,1,"2026-07-29 17:16:39"
6,756,"2026-05-04 06:26:00",returns,fr,3,email,0,"2026-05-04 19:25:50"
7,91,"2026-07-24 07:39:00",subscription,en,2,phone,0,"2026-07-25 03:11:19"
8,470,"2026-05-16 15:58:00",subscription,en,3,chat,0,"2026-05-17 00:01:57"
9,128,"2026-07-27 10:57:00",technical,en,3,email,0,"2026-07-27 18:20:20"
10,1086,"2026-05-30 18:02:00",technical,es,3,chat,0,"2026-05-31 01:29:12"
11,1195,"2026-06-26 09:46:00",subscription,en,1,email,0,"2026-06-26 16:12:33"
12,700,"2026-07-19 04:06:00",technical,en,1,phone,0,"2026-07-19 11:04:02"
13,386,"2026-07-09 14:39:00",returns,en,1,phone,0,"2026-07-09 18:22:43"
14,361,"2026-06-21 03:39:00",technical,de,1,phone,0,"2026-06-21 05:33:22"
15,939,"2026-06-23 14:55:00",subscription,ja,2,email,0,"2026-06-23 20:01:06"
16,1130,"2026-06-23 15:25:00",account,en,3,chat,0,"2026-06-23 23:33:51"
17,523,"2026-05-06 00:29:00",subscription,ja,1,phone,0,"2026-05-06 05:26:29"
18,598,"2026-05-19 00:27:00",billing,en,3,chat,0,"2026-05-19 08:49:48"
19,283,"2026-05-30 14:37:00",subscription,en,2,email,1,"2026-05-30 20:56:44"
20,1128,"2026-07-11 17:37:00",technical,fr,2,phone,0,"2026-07-12 09:37:43"
21,785,"2026-07-14 13:40:00",subscription,en,2,email,0,"2026-07-14 18:31:55"
22,342,"2026-07-01 09:18:00",delivery,en,1,chat,0,"2026-07-01 14:07:31"
23,104,"2026-06-11 16:23:00",subscription,en,1,chat,0,"2026-06-11 19:34:54"
24,778,"2026-05-26 02:51:00",billing,en,4,chat,0,"2026-05-26 18:41:49"
25,1177,"2026-05-14 21:17:00",billing,en,1,chat,0,"2026-05-15 12:20:06"
26,274,"2026-06-03 20:37:00",subscription,fr,4,email,1,"2026-06-04 18:32:38"
27,179,"2026-06-24 01:38:00",technical,fr,2,email,0,"2026-06-24 17:49:24"
28,230,"2026-05-03 22:14:00",billing,en,3,chat,0,"2026-05-04 11:57:25"
29,179,"2026-05-05 00:51:00",technical,de,3,email,0,"2026-05-05 10:34:19"
30,1116,"2026-06-16 22:30:00",delivery,en,2,phone,0,"2026-06-17 06:02:54"
31,150,"2026-07-24 09:10:00",technical,en,2,phone,0,"2026-07-24 14:25:01"
32,452,"2026-07-03 19:59:00",account,en,3,email,0,"2026-07-04 03:45:22"
33,1078,"2026-06-24 12:45:00",billing,en,3,chat,1,"2026-06-24 23:08:37"
34,676,"2026-07-16 00:42:00",returns,en,1,chat,0,"2026-07-16 03:34:13"
35,849,"2026-06-14 08:08:00",technical,en,2,phone,0,"2026-06-14 15:53:28"
36,795,"2026-07-10 15:27:00",account,es,1,email,0,"2026-07-11 00:12:57"
37,1067,"2026-07-03 13:43:00",account,en,2,phone,0,"2026-07-03 19:48:52"
38,193,"2026-05-14 23:05:00",billing,en,2,chat,0,"2026-05-15 01:33:20"
39,4,"2026-07-28 08:32:00",technical,en,3,phone,0,"2026-07-28 19:14:47"
40,1082,"2026-07-02 07:36:00",billing,de,3,chat,0,"2026-07-02 15:02:17"
41,389,"2026-06-24 15:44:00",account,en,4,email,0,"2026-06-25 16:16:46"
42,740,"2026-05-04 06:54:00",delivery,en,1,phone,0,"2026-05-04 14:31:48"
43,609,"2026-06-21 16:18:00",account,en,4,chat,1,"2026-06-22 11:12:21"
44,1107,"2026-05-04 01:28:00",returns,en,3,phone,0,"2026-05-04 13:37:25"
45,411,"2026-07-13 22:14:00",subscription,fr,2,email,0,"2026-07-14 06:20:16"
46,1104,"2026-05-17 05:42:00",technical,en,1,chat,0,"2026-05-17 14:08:57"
47,32,"2026-07-24 08:23:00",returns,de,4,email,0,"2026-07-24 14:33:08"
48,464,"2026-06-24 21:57:00",subscription,fr,1,phone,0,"2026-06-25 03:07:30"
49,981,"2026-05-07 09:24:00",account,en,3,email,0,"2026-05-07 18:36:03"
50,768,"2026-07-12 19:08:00",technical,en,2,chat,0,"2026-07-13 05:36:06"
51,1173,"2026-07-01 08:18:00",billing,fr,5,chat,0,"2026-07-01 17:34:24"
52,328,"2026-07-06 23:04:00",returns,en,5,email,0,"2026-07-07 21:20:38"
53,705,"2026-07-04 06:36:00",technical,en,1,phone,0,"2026-07-04 10:03:44"
54,129,"2026-07-01 21:36:00",technical,de,2,email,0,"2026-07-02 03:42:40"
55,90,"2026-07-18 06:33:00",account,en,1,email,0,"2026-07-19 00:57:44"
56,114,"2026-06-01 02:44:00",account,en,1,chat,0,"2026-06-01 07:55:25"
57,145,"2026-06-10 18:41:00",delivery,de,4,phone,0,"2026-06-11 08:33:14"
58,1116,"2026-05-21 09:00:00",subscription,en,2,email,0,"2026-05-21 19:45:41"
59,462,"2026-05-15 17:14:00",returns,en,1,chat,0,"2026-05-16 01:20:59"
60,659,"2026-05-27 13:28:00",subscription,en,1,chat,0,"2026-05-28 00:41:28"
61,1162,"2026-07-18 21:32:00",billing,de,1,chat,0,"2026-07-19 00:48:08"
62,923,"2026-05-31 05:46:00",delivery,en,1,phone,0,"2026-05-31 22:14:41"
63,532,"2026-07-13 15:07:00",returns,en,1,email,0,"2026-07-13 18:32:45"
64,851,"2026-07-26 21:18:00",returns,en,1,chat,0,"2026-07-27 00:33:19"
65,7,"2026-06-17 21:20:00",delivery,en,1,chat,0,"2026-06-18 12:42:39"
66,378,"2026-06-10 07:33:00",returns,en,1,email,0,"2026-06-10 10:23:54"
67,442,"2026-07-01 22:56:00",subscription,fr,1,chat,0,"2026-07-02 10:53:01"
68,1076,"2026-06-06 06:50:00",technical,en,2,email,0,"2026-06-07 00:16:51"
69,453,"2026-06-16 12:26:00",delivery,en,1,phone,0,"2026-06-16 20:11:51"
70,254,"2026-06-10 19:55:00",returns,en,2,email,0,"2026-06-11 04:11:57"
71,865,"2026-07-04 04:03:00",returns,en,1,phone,1,"2026-07-04 07:03:31"
72,592,"2026-06-24 21:40:00",subscription,es,1,email,0,"2026-06-25 04:06:26"
73,639,"2026-06-15 01:03:00",returns,en,2,phone,0,"2026-06-15 10:13:27"
74,430,"2026-07-17 14:45:00",account,en,1,phone,0,"2026-07-18 00:01:16"
75,844,"2026-05-11 16:29:00",delivery,de,3,email,0,"2026-05-11 20:44:20"
76,396,"2026-06-13 16:10:00",billing,en,3,chat,0,"2026-06-14 01:49:42"
77,472,"2026-07-27 08:15:00",account,ja,1,chat,0,"2026-07-27 10:34:15"
78,102,"2026-05-07 19:31:00",returns,en,3,phone,0,"2026-05-08 04:44:01"
79,33,"2026-07-17 11:54:00",delivery,es,1,phone,0,"2026-07-17 16:30:12"
80,22,"2026-06-04 16:54:00",technical,de,1,chat,0,"2026-06-05 00:15:12"
81,235,"2026-05-16 20:15:00",account,en,1,phone,0,"2026-05-17 00:40:36"
82,883,"2026-05-20 15:07:00",account,en,2,email,0,"2026-05-21 05:12:54"
83,335,"2026-06-08 23:01:00",account,de,2,phone,1,"2026-06-09 05:04:51"
84,461,"2026-06-09 13:22:00",account,fr,4,email,0,"2026-06-09 21:34:36"
85,606,"2026-06-27 21:30:00",billing,fr,2,chat,0,"2026-06-28 18:25:00"
86,477,"2026-07-04 11:58:00",subscription,en,1,chat,0,"2026-07-04 18:02:20"
87,807,"2026-06-11 15:30:00",billing,en,1,email,0,"2026-06-11 19:44:00"
88,978,"2026-06-25 04:53:00",account,ja,2,phone,0,"2026-06-25 13:56:41"
89,351,"2026-07-09 11:52:00",technical,en,1,phone,0,"2026-07-09 15:15:40"
90,1150,"2026-07-02 13:08:00",delivery,en,1,chat,1,"2026-07-02 20:16:12"
91,183,"2026-07-02 23:06:00",subscription,en,2,email,0,"2026-07-03 19:27:06"
92,184,"2026-05-31 15:36:00",returns,en,1,phone,0,"2026-05-31 21:47:22"
93,930,"2026-05-24 03:10:00",billing,fr,3,email,0,"2026-05-24 09:43:26"
94,260,"2026-06-23 07:36:00",returns,en,3,chat,0,"2026-06-23 11:05:18"
95,986,"2026-07-20 06:27:00",subscription,es,5,phone,1,"2026-07-20 19:59:07"
96,828,"2026-07-05 14:36:00",billing,ja,1,phone,0,"2026-07-05 19:29:52"
97,90,"2026-06-29 11:49:00",returns,en,1,phone,0,"2026-06-29 15:50:57"
98,588,"2026-05-21 11:29:00",returns,de,3,phone,0,"2026-05-22 09:10:51"
99,278,"2026-06-30 11:33:00",technical,en,1,phone,0,"2026-06-30 20:15:58"
100,1157,"2026-06-24 13:59:00",technical,en,2,chat,0,"2026-06-25 02:00:12"
101,846,"2026-07-23 00:03:00",technical,ja,1,chat,0,"2026-07-23 12:55:59"
102,588,"2026-06-05 07:25:00",delivery,en,1,email,0,"2026-06-05 15:48:41"
103,499,"2026-05-22 00:41:00",billing,en,2,chat,0,"2026-05-22 05:33:12"
104,730,"2026-06-05 13:41:00",billing,en,1,phone,0,"2026-06-05 18:15:33"
105,470,"2026-05-18 03:23:00",subscription,en,3,chat,0,"2026-05-18 13:44:05"
106,678,"2026-06-14 05:12:00",returns,en,3,chat,0,"2026-06-14 18:50:39"
107,369,"2026-06-23 06:24:00",technical,es,2,chat,0,"2026-06-23 16:35:48"
108,1088,"2026-06-16 22:59:00",subscription,de,2,phone,0,"2026-06-17 02:45:37"
109,734,"2026-05-20 03:01:00",returns,en,4,email,0,"2026-05-20 17:49:58"
110,844,"2026-07-14 21:38:00",returns,es,3,chat,0,"2026-07-15 01:39:53"
111,839,"2026-06-21 06:38:00",technical,en,2,phone,0,"2026-06-21 14:35:54"
112,1001,"2026-06-01 04:15:00",subscription,en,4,phone,0,"2026-06-01 15:07:30"
113,561,"2026-05-19 11:14:00",returns,en,2,phone,0,"2026-05-19 16:12:27"
114,837,"2026-06-15 09:52:00",returns,en,2,email,0,"2026-06-15 17:21:53"
115,400,"2026-07-23 10:32:00",delivery,de,2,email,0,"2026-07-23 16:05:21"
116,846,"2026-05-27 23:51:00",account,en,1,phone,0,"2026-05-28 02:06:33"
117,553,"2026-07-02 01:03:00",subscription,en,2,phone,0,"2026-07-02 07:40:47"
118,524,"2026-06-12 03:43:00",subscription,en,3,phone,1,"2026-06-12 08:24:35"
119,1039,"2026-06-02 13:16:00",billing,en,1,phone,0,"2026-06-02 22:30:02"
120,747,"2026-06-02 23:20:00",subscription,en,3,email,0,"2026-06-03 08:06:29"
121,518,"2026-05-04 18:10:00",technical,en,3,chat,0,"2026-05-05 08:04:28"
122,865,"2026-05-25 08:32:00",technical,ja,5,phone,0,"2026-05-25 23:01:16"
123,322,"2026-06-18 12:00:00",account,fr,3,chat,0,"2026-06-18 22:03:41"
124,207,"2026-06-25 18:20:00",delivery,en,1,phone,0,"2026-06-26 02:43:57"
125,1150,"2026-06-02 08:31:00",billing,fr,1,phone,0,"2026-06-02 15:56:41"
126,1185,"2026-05-18 22:31:00",returns,en,4,email,0,"2026-05-19 10:33:44"
127,638,"2026-07-10 13:46:00",subscription,en,1,phone,0,"2026-07-10 14:44:52"
128,675,"2026-05-23 16:32:00",delivery,fr,2,email,1,"2026-05-24 02:24:01"
129,865,"2026-05-30 15:28:00",account,en,2,chat,0,"2026-05-31 00:30:58"
130,167,"2026-05-04 22:21:00",subscription,en,3,chat,0,"2026-05-05 09:47:41"
131,1171,"2026-07-15 11:48:00",account,en,1,chat,0,"2026-07-15 15:48:00"
132,910,"2026-07-12 21:23:00",subscription,en,1,email,1,"2026-07-13 10:58:10"
133,834,"2026-05-30 07:47:00",billing,de,2,email,0,"2026-05-30 20:31:33"
134,360,"2026-06-10 20:45:00",delivery,en,4,phone,0,"2026-06-11 03:55:34"
135,194,"2026-07-06 01:37:00",delivery,en,2,email,0,"2026-07-06 07:00:56"
136,33,"2026-07-27 05:06:00",account,en,1,email,0,"2026-07-27 13:17:45"
137,104,"2026-05-11 03:28:00",account,de,2,phone,0,"2026-05-11 14:01:47"
138,329,"2026-06-07 11:20:00",delivery,en,1,email,0,"2026-06-07 16:49:31"
139,171,"2026-07-01 13:08:00",delivery,en,3,email,0,"2026-07-01 18:29:42"
140,1131,"2026-05-27 08:08:00",billing,en,3,chat,0,"2026-05-28 07:44:03"
141,567,"2026-07-10 01:19:00",technical,de,1,chat,0,"2026-07-10 08:12:20"
142,176,"2026-07-03 01:13:00",technical,en,2,chat,1,"2026-07-03 23:13:57"
143,1076,"2026-07-06 02:44:00",technical,ja,5,phone,0,"2026-07-06 19:54:50"
144,613,"2026-05-03 00:52:00",returns,en,3,chat,0,"2026-05-03 06:35:52"
145,472,"2026-07-25 08:33:00",billing,en,1,chat,0,"2026-07-25 11:14:45"
146,400,"2026-05-21 16:56:00",returns,en,3,chat,0,"2026-05-22 01:57:29"
147,642,"2026-05-02 01:50:00",returns,en,3,email,1,"2026-05-02 07:10:33"
148,516,"2026-06-12 18:02:00",subscription,en,2,email,0,"2026-06-12 23:51:36"
149,967,"2026-05-06 12:09:00",billing,en,2,chat,0,"2026-05-07 04:45:28"
150,272,"2026-06-08 06:30:00",returns,en,1,email,0,"2026-06-08 09:50:28"
151,143,"2026-07-15 19:09:00",subscription,en,1,email,0,"2026-07-16 00:02:45"
152,837,"2026-05-09 19:27:00",technical,es,3,phone,0,"2026-05-10 03:59:57"
153,869,"2026-06-12 11:33:00",technical,en,3,chat,0,"2026-06-12 19:20:47"
154,579,"2026-07-07 22:30:00",account,en,3,chat,0,"2026-07-08 10:20:48"
155,635,"2026-05-25 17:37:00",subscription,en,1,email,0,"2026-05-25 21:57:13"
156,792,"2026-05-18 09:18:00",subscription,en,3,email,1,"2026-05-19 03:39:41"
157,431,"2026-05-18 19:04:00",delivery,en,1,phone,0,"2026-05-19 00:26:40"
158,382,"2026-07-28 10:44:00",billing,de,2,phone,0,"2026-07-28 19:47:01"
159,1011,"2026-05-23 14:08:00",subscription,de,2,chat,1,"2026-05-25 03:14:53"
160,100,"2026-05-03 08:46:00",billing,en,4,chat,0,"2026-05-04 13:02:48"
161,266,"2026-05-04 08:44:00",billing,ja,1,phone,0,"2026-05-04 14:16:01"
162,754,"2026-07-09 06:19:00",technical,es,1,chat,0,"2026-07-09 10:49:07"
163,1152,"2026-05-08 10:56:00",account,en,2,phone,1,"2026-05-09 01:01:47"
164,885,"2026-05-31 03:48:00",delivery,de,1,chat,0,"2026-05-31 08:52:58"
165,934,"2026-07-08 20:18:00",account,es,2,chat,0,"2026-07-09 03:09:24"
166,1160,"2026-07-22 00:23:00",returns,en,2,phone,0,"2026-07-22 10:46:16"
167,310,"2026-05-13 09:33:00",technical,ja,1,phone,0,"2026-05-13 14:56:08"
168,567,"2026-06-29 23:59:00",technical,en,2,phone,0,"2026-06-30 06:16:24"
169,94,"2026-07-20 01:31:00",billing,en,3,chat,0,"2026-07-20 10:11:00"
170,464,"2026-07-04 07:21:00",technical,en,2,email,0,"2026-07-04 14:19:25"
171,773,"2026-06-14 12:39:00",delivery,de,2,email,1,"2026-06-14 17:35:50"
172,924,"2026-07-11 08:35:00",technical,en,2,chat,0,"2026-07-11 16:03:23"
173,90,"2026-06-16 04:48:00",delivery,en,4,chat,0,"2026-06-16 15:19:46"
174,436,"2026-07-01 15:57:00",technical,de,2,email,0,"2026-07-02 01:06:28"
175,307,"2026-06-18 23:03:00",technical,en,3,email,0,"2026-06-19 02:30:19"
176,924,"2026-06-23 17:22:00",subscription,en,2,chat,0,"2026-06-24 01:31:07"
177,669,"2026-05-04 15:49:00",returns,de,1,chat,0,"2026-05-05 02:16:33"
178,237,"2026-05-03 14:58:00",returns,en,3,email,0,"2026-05-04 03:14:46"
179,822,"2026-05-14 12:32:00",technical,en,1,phone,0,"2026-05-14 16:39:38"
180,352,"2026-05-12 04:52:00",technical,en,3,email,0,"2026-05-12 13:31:03"
181,311,"2026-06-19 15:28:00",returns,es,3,chat,0,"2026-06-20 08:33:02"
182,231,"2026-06-03 21:20:00",subscription,de,1,phone,0,"2026-06-04 14:43:09"
183,468,"2026-05-04 13:06:00",returns,es,2,chat,0,"2026-05-05 15:35:52"
184,302,"2026-06-08 18:18:00",subscription,en,3,email,0,"2026-06-09 11:28:35"
185,676,"2026-06-05 17:52:00",subscription,en,1,phone,0,"2026-06-06 05:57:14"
186,1029,"2026-07-07 04:55:00",technical,en,1,phone,0,"2026-07-07 15:59:02"
187,12,"2026-06-12 19:06:00",account,en,1,phone,0,"2026-06-13 03:28:37"
188,552,"2026-06-21 15:41:00",technical,de,1,phone,0,"2026-06-21 20:50:44"
189,547,"2026-07-16 06:43:00",subscription,en,4,phone,0,"2026-07-16 19:54:55"
190,250,"2026-07-21 12:27:00",billing,en,4,phone,0,"2026-07-21 21:34:32"
191,359,"2026-06-20 03:47:00",subscription,es,3,chat,0,"2026-06-20 13:29:09"
192,766,"2026-05-17 20:09:00",delivery,en,2,phone,0,"2026-05-17 23:49:35"
193,480,"2026-05-17 00:06:00",account,en,2,chat,0,"2026-05-17 06:56:42"
194,686,"2026-06-17 03:22:00",technical,en,1,chat,0,"2026-06-17 05:20:45"
195,444,"2026-07-16 23:08:00",returns,de,2,email,0,"2026-07-17 01:58:45"
196,575,"2026-05-04 10:08:00",technical,en,4,phone,1,"2026-05-04 19:59:43"
197,799,"2026-05-13 22:33:00",delivery,en,1,phone,0,"2026-05-14 06:19:51"
198,84,"2026-07-09 19:20:00",account,en,2,chat,0,"2026-07-09 23:22:49"
199,935,"2026-06-09 15:25:00",billing,en,2,email,0,"2026-06-10 13:44:26"
200,136,"2026-07-11 20:32:00",delivery,fr,1,phone,0,"2026-07-11 21:58:36"
201,10,"2026-07-02 15:23:00",account,en,2,phone,0,"2026-07-02 21:52:31"
202,591,"2026-07-08 09:52:00",billing,es,3,chat,0,"2026-07-08 20:53:50"
203,1031,"2026-07-26 12:56:00",subscription,en,1,email,0,"2026-07-26 19:58:37"
204,239,"2026-07-01 15:42:00",technical,en,2,chat,0,"2026-07-02 00:58:51"
205,10,"2026-07-16 17:41:00",account,en,1,phone,0,"2026-07-17 04:01:16"
206,177,"2026-05-10 20:48:00",technical,en,1,phone,0,"2026-05-10 23:38:06"
207,1120,"2026-07-25 17:23:00",account,es,2,email,0,"2026-07-26 00:49:12"
208,1147,"2026-05-12 14:43:00",subscription,en,2,chat,0,"2026-05-12 19:00:06"
209,763,"2026-07-13 13:42:00",account,en,1,email,0,"2026-07-13 19:28:05"
210,98,"2026-07-13 23:23:00",technical,es,2,chat,0,"2026-07-14 05:03:21"
211,975,"2026-06-16 07:03:00",billing,fr,1,email,1,"2026-06-16 12:46:20"
212,1016,"2026-05-31 19:03:00",returns,en,1,chat,0,"2026-05-31 23:15:35"
213,863,"2026-05-06 01:31:00",billing,fr,1,chat,0,"2026-05-06 08:11:54"
214,693,"2026-05-14 00:43:00",subscription,fr,2,phone,0,"2026-05-14 22:25:40"
215,632,"2026-06-26 09:06:00",billing,fr,1,chat,0,"2026-06-26 19:15:42"
216,858,"2026-07-06 13:19:00",subscription,en,1,phone,0,"2026-07-06 23:48:40"
217,1143,"2026-06-26 21:31:00",subscription,en,3,chat,0,"2026-06-27 06:55:13"
218,998,"2026-05-21 14:17:00",delivery,ja,1,phone,0,"2026-05-21 21:04:26"
219,83,"2026-05-20 23:48:00",billing,en,4,phone,0,"2026-05-21 09:25:19"
220,503,"2026-06-06 13:31:00",returns,es,2,phone,0,"2026-06-06 22:10:39"
221,222,"2026-07-03 08:15:00",subscription,en,1,chat,0,"2026-07-03 12:21:35"
222,1165,"2026-07-21 14:37:00",returns,es,4,phone,1,"2026-07-21 23:36:24"
223,1157,"2026-06-11 01:06:00",subscription,en,3,phone,0,"2026-06-11 14:22:41"
224,693,"2026-06-08 02:16:00",subscription,es,1,phone,0,"2026-06-08 06:49:50"
225,525,"2026-07-01 18:46:00",subscription,fr,3,chat,0,"2026-07-02 06:26:41"
226,1011,"2026-07-03 13:05:00",billing,en,1,chat,0,"2026-07-03 20:05:56"
227,559,"2026-07-16 19:05:00",returns,en,2,phone,0,"2026-07-16 23:10:30"
228,74,"2026-07-19 09:26:00",billing,es,1,email,0,"2026-07-19 17:02:27"
229,51,"2026-07-04 08:37:00",technical,en,2,phone,0,"2026-07-04 15:20:58"
230,1155,"2026-05-30 03:40:00",subscription,en,1,phone,0,"2026-05-30 06:31:20"
231,800,"2026-06-13 19:58:00",billing,es,4,phone,0,"2026-06-14 08:41:38"
232,474,"2026-05-22 23:38:00",subscription,en,3,chat,0,"2026-05-23 02:48:24"
233,574,"2026-06-25 21:45:00",delivery,ja,3,phone,0,"2026-06-26 10:04:12"
234,157,"2026-06-05 05:25:00",account,de,2,chat,0,"2026-06-05 15:54:07"
235,545,"2026-06-18 03:21:00",billing,en,3,email,0,"2026-06-18 18:51:11"
236,862,"2026-06-19 06:44:00",delivery,en,3,phone,0,"2026-06-19 12:24:27"
237,1196,"2026-06-14 04:37:00",billing,es,3,chat,0,"2026-06-14 11:26:19"
238,476,"2026-07-10 02:20:00",account,en,1,chat,0,"2026-07-10 09:49:24"
239,446,"2026-05-18 08:10:00",technical,fr,2,chat,0,"2026-05-18 12:23:58"
240,677,"2026-05-19 08:32:00",billing,en,2,phone,0,"2026-05-19 14:34:52"
241,89,"2026-05-25 11:00:00",account,en,3,chat,0,"2026-05-26 05:22:38"
242,222,"2026-07-27 06:46:00",subscription,en,1,phone,0,"2026-07-27 14:50:06"
243,297,"2026-06-18 06:09:00",delivery,en,3,email,0,"2026-06-18 16:24:36"
244,488,"2026-07-27 22:42:00",delivery,es,3,email,0,"2026-07-28 05:38:50"
245,236,"2026-06-21 04:59:00",billing,en,4,chat,0,"2026-06-21 13:33:43"
246,867,"2026-05-04 14:20:00",delivery,en,5,phone,0,"2026-05-04 23:51:26"
247,295,"2026-05-25 00:32:00",delivery,es,3,phone,0,"2026-05-25 05:48:32"
248,1113,"2026-07-19 20:35:00",technical,en,1,email,0,"2026-07-20 04:08:47"
249,762,"2026-07-03 11:38:00",account,en,1,email,0,"2026-07-03 16:59:58"
250,898,"2026-07-09 19:29:00",account,en,1,chat,0,"2026-07-10 04:48:30"
251,87,"2026-05-18 09:00:00",subscription,en,5,chat,0,"2026-05-18 12:51:19"
252,449,"2026-05-21 11:54:00",technical,es,2,chat,0,"2026-05-21 21:04:13"
253,174,"2026-07-02 22:50:00",account,de,4,chat,0,"2026-07-03 13:58:48"
254,697,"2026-05-28 21:42:00",returns,en,1,chat,0,"2026-05-29 03:47:54"
255,1185,"2026-07-27 06:52:00",technical,es,4,phone,0,"2026-07-27 15:25:37"
256,1144,"2026-06-30 04:41:00",delivery,en,4,chat,0,"2026-06-30 19:24:20"
257,142,"2026-05-04 03:30:00",billing,en,2,chat,0,"2026-05-04 16:26:52"
258,1125,"2026-06-05 04:17:00",billing,en,4,phone,0,"2026-06-05 15:50:45"
259,1008,"2026-05-03 04:05:00",delivery,de,2,phone,0,"2026-05-03 20:25:09"
260,772,"2026-05-31 07:47:00",returns,en,1,email,0,"2026-05-31 12:57:04"
261,1066,"2026-05-06 15:11:00",technical,en,3,phone,0,"2026-05-07 00:27:27"
262,1041,"2026-06-16 22:35:00",billing,en,1,chat,0,"2026-06-17 01:35:46"
263,145,"2026-05-06 13:26:00",account,en,3,email,0,"2026-05-06 16:29:27"
264,176,"2026-06-14 19:10:00",billing,en,2,chat,0,"2026-06-14 23:40:45"
265,1099,"2026-07-01 17:52:00",technical,en,3,phone,0,"2026-07-02 08:43:19"
266,320,"2026-05-12 20:47:00",delivery,en,1,chat,0,"2026-05-13 07:05:43"
267,633,"2026-06-23 06:28:00",billing,fr,3,chat,0,"2026-06-23 11:24:25"
268,939,"2026-07-17 03:14:00",returns,de,1,phone,0,"2026-07-17 13:05:43"
269,872,"2026-05-26 15:18:00",delivery,en,2,chat,0,"2026-05-26 21:01:08"
270,1141,"2026-06-06 00:28:00",billing,de,2,email,0,"2026-06-06 05:01:27"
271,56,"2026-06-16 20:14:00",technical,es,1,phone,0,"2026-06-17 08:13:34"
272,627,"2026-07-04 19:14:00",delivery,en,2,email,0,"2026-07-05 03:04:28"
273,368,"2026-07-12 14:42:00",technical,es,4,email,0,"2026-07-13 01:54:34"
274,588,"2026-05-17 15:11:00",account,en,3,phone,0,"2026-05-17 20:59:18"
275,1120,"2026-05-13 04:23:00",account,en,3,phone,0,"2026-05-13 14:06:49"
276,1135,"2026-07-09 21:39:00",billing,fr,1,email,0,"2026-07-10 06:03:24"
277,906,"2026-06-18 01:55:00",subscription,fr,2,email,0,"2026-06-18 15:49:32"
278,401,"2026-07-11 08:03:00",returns,es,2,email,0,"2026-07-11 17:47:26"
279,1083,"2026-06-15 01:23:00",delivery,de,1,email,0,"2026-06-15 07:53:27"
280,306,"2026-05-02 16:01:00",technical,ja,1,phone,0,"2026-05-02 22:43:34"
281,1044,"2026-06-06 07:40:00",technical,en,2,chat,0,"2026-06-06 21:02:38"
282,872,"2026-07-29 14:43:00",subscription,fr,1,chat,0,"2026-07-29 20:40:04"
283,304,"2026-07-12 12:23:00",technical,en,1,chat,0,"2026-07-12 21:35:09"
284,585,"2026-05-06 01:59:00",billing,en,3,phone,0,"2026-05-06 07:26:02"
285,769,"2026-07-05 11:44:00",delivery,ja,1,phone,0,"2026-07-05 14:47:06"
286,1163,"2026-06-25 07:14:00",subscription,de,2,chat,0,"2026-06-25 16:08:46"
287,489,"2026-06-06 13:06:00",delivery,de,1,phone,0,"2026-06-06 19:02:32"
288,562,"2026-07-10 14:59:00",technical,ja,2,phone,0,"2026-07-11 07:24:18"
289,431,"2026-07-01 17:14:00",account,fr,1,chat,0,"2026-07-01 20:29:46"
290,181,"2026-05-04 11:09:00",technical,en,2,phone,0,"2026-05-04 15:05:27"
291,96,"2026-05-04 23:51:00",billing,en,2,email,0,"2026-05-05 03:39:00"
292,770,"2026-05-16 16:36:00",returns,en,2,phone,0,"2026-05-17 01:45:15"
293,355,"2026-05-26 15:01:00",delivery,ja,1,email,0,"2026-05-26 22:16:21"
294,56,"2026-07-16 11:44:00",account,en,3,chat,0,"2026-07-16 14:50:39"
295,907,"2026-05-10 15:12:00",delivery,en,3,phone,0,"2026-05-10 20:51:03"
296,446,"2026-06-14 10:37:00",returns,ja,4,chat,1,"2026-06-15 16:45:05"
297,1130,"2026-07-21 17:42:00",subscription,de,1,phone,0,"2026-07-22 04:14:45"
298,502,"2026-06-29 07:25:00",billing,en,4,chat,0,"2026-06-30 01:02:22"
299,1084,"2026-06-19 04:41:00",returns,ja,2,chat,0,"2026-06-19 13:33:03"
300,327,"2026-06-08 07:10:00",subscription,es,2,chat,0,"2026-06-08 13:33:23"
301,942,"2026-07-17 22:14:00",technical,en,2,phone,0,"2026-07-18 05:00:47"
302,345,"2026-06-15 02:26:00",delivery,en,4,phone,0,"2026-06-16 05:28:05"
303,471,"2026-07-15 04:27:00",billing,es,4,email,1,"2026-07-15 15:21:15"
304,644,"2026-06-19 16:02:00",returns,en,1,chat,0,"2026-06-20 01:29:24"
305,180,"2026-06-28 00:30:00",subscription,en,3,phone,0,"2026-06-28 15:46:26"
306,117,"2026-07-06 08:54:00",returns,fr,2,email,1,"2026-07-06 14:58:12"
307,842,"2026-07-09 06:57:00",technical,de,2,chat,0,"2026-07-09 09:41:36"
308,344,"2026-07-11 03:06:00",account,de,3,phone,0,"2026-07-11 06:57:35"
309,242,"2026-06-09 23:53:00",delivery,ja,1,chat,1,"2026-06-10 09:38:42"
310,892,"2026-06-19 09:52:00",subscription,fr,1,chat,0,"2026-06-19 21:58:37"
311,892,"2026-06-14 16:57:00",account,es,1,chat,0,"2026-06-14 20:32:08"
312,513,"2026-06-11 17:57:00",returns,en,2,chat,0,"2026-06-12 07:47:29"
313,834,"2026-07-27 13:10:00",billing,de,3,phone,1,"2026-07-27 17:48:20"
314,536,"2026-06-02 05:26:00",account,de,3,phone,0,"2026-06-02 08:23:29"
315,556,"2026-05-02 16:48:00",technical,en,2,phone,0,"2026-05-02 22:04:57"
316,284,"2026-05-03 19:40:00",returns,en,1,chat,0,"2026-05-04 03:42:03"
317,764,"2026-06-03 05:00:00",subscription,en,1,email,0,"2026-06-03 08:00:11"
318,254,"2026-05-18 14:35:00",subscription,en,2,chat,0,"2026-05-18 21:12:53"
319,97,"2026-05-16 09:03:00",delivery,en,3,phone,0,"2026-05-16 20:43:48"
320,549,"2026-06-16 08:52:00",subscription,en,1,chat,0,"2026-06-16 11:48:24"
321,614,"2026-07-24 20:55:00",billing,es,2,email,0,"2026-07-25 08:00:31"
322,1096,"2026-06-30 12:53:00",technical,en,3,phone,0,"2026-07-01 03:44:11"
323,565,"2026-06-13 02:03:00",delivery,fr,2,chat,0,"2026-06-13 19:12:19"
324,1160,"2026-05-05 07:34:00",delivery,en,5,email,0,"2026-05-06 09:39:44"
325,949,"2026-06-02 13:27:00",delivery,en,2,phone,0,"2026-06-02 22:40:58"
326,105,"2026-07-22 07:59:00",billing,ja,3,chat,0,"2026-07-22 12:50:51"
327,487,"2026-06-23 08:22:00",delivery,es,1,phone,0,"2026-06-23 19:52:36"
328,377,"2026-06-26 08:35:00",technical,es,4,email,0,"2026-06-28 00:08:42"
329,168,"2026-06-13 17:54:00",account,en,1,chat,0,"2026-06-14 02:29:43"
330,221,"2026-05-13 01:34:00",account,en,2,chat,1,"2026-05-13 11:26:24"
331,213,"2026-05-21 20:52:00",account,fr,2,email,0,"2026-05-22 06:35:15"
332,503,"2026-06-18 03:04:00",subscription,es,3,chat,0,"2026-06-18 17:15:02"
333,609,"2026-07-11 23:23:00",account,es,1,phone,0,"2026-07-12 04:03:04"
334,1121,"2026-05-15 02:05:00",billing,en,3,chat,0,"2026-05-15 17:09:31"
335,594,"2026-05-19 05:57:00",delivery,en,1,phone,0,"2026-05-19 15:04:05"
336,1026,"2026-05-25 20:18:00",delivery,en,1,chat,0,"2026-05-26 03:46:15"
337,130,"2026-06-19 22:05:00",subscription,fr,2,email,0,"2026-06-20 04:48:34"
338,44,"2026-06-27 15:22:00",technical,en,1,chat,0,"2026-06-27 23:50:40"
339,223,"2026-07-27 03:46:00",technical,es,2,chat,0,"2026-07-27 10:13:10"
340,65,"2026-06-18 04:43:00",technical,en,3,email,0,"2026-06-18 11:51:24"
341,893,"2026-07-12 06:21:00",technical,en,3,email,0,"2026-07-12 18:52:30"
342,224,"2026-07-28 20:07:00",billing,en,1,phone,0,"2026-07-29 00:15:02"
343,759,"2026-05-23 17:04:00",returns,ja,1,phone,0,"2026-05-23 22:45:34"
344,403,"2026-05-07 15:19:00",subscription,en,1,email,0,"2026-05-07 23:15:28"
345,986,"2026-06-30 19:39:00",billing,en,2,chat,0,"2026-07-01 05:17:20"
346,1107,"2026-07-19 20:46:00",subscription,en,3,chat,0,"2026-07-20 06:46:15"
347,742,"2026-06-03 03:08:00",delivery,en,4,phone,0,"2026-06-03 16:52:36"
348,1086,"2026-06-27 18:13:00",subscription,es,1,email,0,"2026-06-27 20:57:37"
349,257,"2026-07-12 09:41:00",account,en,2,chat,0,"2026-07-12 13:22:04"
350,541,"2026-05-08 11:40:00",delivery,es,1,email,0,"2026-05-08 18:56:19"
351,205,"2026-05-29 03:05:00",technical,de,1,chat,0,"2026-05-29 13:51:46"
352,228,"2026-06-22 17:07:00",technical,en,3,email,1,"2026-06-23 07:00:51"
353,1157,"2026-05-22 14:13:00",returns,en,2,email,0,"2026-05-22 21:59:18"
354,913,"2026-05-14 18:29:00",technical,de,2,phone,0,"2026-05-15 05:58:46"
355,888,"2026-06-01 03:53:00",returns,en,3,phone,0,"2026-06-01 20:41:08"
356,161,"2026-05-21 11:25:00",returns,en,1,phone,0,"2026-05-21 17:47:07"
357,604,"2026-06-02 20:02:00",delivery,fr,3,email,1,"2026-06-03 04:17:50"
358,1061,"2026-06-14 21:00:00",delivery,en,4,chat,0,"2026-06-15 15:56:49"
359,382,"2026-06-24 14:33:00",subscription,en,1,chat,0,"2026-06-24 19:19:01"
360,80,"2026-07-04 06:20:00",delivery,en,3,email,0,"2026-07-04 11:37:29"
361,804,"2026-06-29 15:06:00",billing,en,1,email,0,"2026-06-29 20:54:51"
362,292,"2026-07-13 15:28:00",subscription,en,1,email,0,"2026-07-13 17:50:04"
363,385,"2026-07-05 19:11:00",delivery,en,1,chat,0,"2026-07-05 22:55:34"
364,2,"2026-05-06 03:48:00",subscription,fr,1,email,0,"2026-05-06 05:19:01"
365,879,"2026-06-21 00:07:00",account,de,1,phone,0,"2026-06-21 06:39:39"
366,744,"2026-07-10 09:31:00",billing,es,2,email,0,"2026-07-10 13:33:52"
367,438,"2026-07-04 14:39:00",returns,en,1,chat,0,"2026-07-04 19:44:36"
368,966,"2026-06-29 03:02:00",billing,fr,3,chat,0,"2026-06-29 05:21:34"
369,312,"2026-05-19 16:32:00",account,en,4,phone,0,"2026-05-19 22:18:57"
370,304,"2026-06-10 19:13:00",account,en,2,chat,0,"2026-06-10 21:40:22"
371,135,"2026-06-14 22:37:00",account,en,2,chat,0,"2026-06-15 03:59:04"
372,863,"2026-06-13 17:05:00",subscription,en,2,phone,0,"2026-06-14 06:22:27"
373,274,"2026-05-22 19:56:00",subscription,en,2,chat,0,"2026-05-22 23:35:27"
374,648,"2026-06-20 09:55:00",delivery,de,3,chat,0,"2026-06-20 18:24:00"
375,1151,"2026-07-21 12:38:00",billing,es,2,email,0,"2026-07-22 02:29:25"
376,332,"2026-05-25 16:53:00",subscription,en,2,email,0,"2026-05-26 02:18:08"
377,528,"2026-07-16 13:16:00",subscription,es,1,phone,0,"2026-07-17 04:32:17"
378,154,"2026-05-29 09:29:00",delivery,de,2,email,0,"2026-05-29 12:49:27"
379,1021,"2026-05-15 14:23:00",technical,ja,1,chat,0,"2026-05-15 18:13:28"
380,829,"2026-06-26 21:37:00",billing,en,2,chat,0,"2026-06-27 08:24:14"
381,851,"2026-07-04 09:28:00",account,en,5,phone,0,"2026-07-05 07:18:15"
382,825,"2026-07-15 16:47:00",returns,en,3,email,0,"2026-07-15 22:43:46"
383,932,"2026-07-04 03:51:00",technical,de,3,chat,0,"2026-07-04 19:37:45"
384,1181,"2026-06-02 19:08:00",technical,en,2,phone,0,"2026-06-03 03:03:03"
385,1054,"2026-07-17 13:00:00",returns,en,4,chat,0,"2026-07-18 08:57:23"
386,890,"2026-06-16 13:18:00",technical,en,2,email,0,"2026-06-16 19:42:45"
387,402,"2026-05-01 20:35:00",technical,en,2,chat,0,"2026-05-02 08:31:35"
388,393,"2026-06-06 16:44:00",subscription,es,3,phone,0,"2026-06-07 07:31:56"
389,915,"2026-05-21 14:52:00",subscription,en,1,chat,0,"2026-05-22 02:21:36"
390,997,"2026-05-06 19:35:00",returns,en,2,chat,0,"2026-05-07 00:46:44"
391,409,"2026-05-23 23:23:00",technical,ja,1,email,0,"2026-05-24 08:37:20"
392,503,"2026-07-02 09:58:00",delivery,en,4,chat,0,"2026-07-04 17:58:29"
393,619,"2026-06-09 05:38:00",delivery,ja,1,chat,0,"2026-06-09 16:32:15"
394,32,"2026-07-14 00:24:00",subscription,en,1,email,0,"2026-07-14 05:49:58"
395,695,"2026-06-13 19:09:00",delivery,es,2,phone,0,"2026-06-14 03:26:12"
396,690,"2026-05-06 19:10:00",returns,en,2,phone,0,"2026-05-07 03:02:28"
397,399,"2026-06-03 09:04:00",technical,en,2,email,0,"2026-06-04 02:49:17"
398,1064,"2026-06-21 02:59:00",account,es,2,chat,0,"2026-06-21 15:21:34"
399,507,"2026-06-01 17:49:00",billing,en,2,chat,0,"2026-06-02 20:15:25"
400,948,"2026-06-07 11:37:00",subscription,en,3,email,0,"2026-06-08 09:16:09"
401,169,"2026-05-24 09:41:00",returns,en,4,chat,0,"2026-05-25 09:08:54"
402,364,"2026-06-02 08:24:00",returns,en,1,chat,0,"2026-06-02 15:27:07"
403,706,"2026-07-02 19:25:00",delivery,en,1,chat,0,"2026-07-02 23:41:14"
404,84,"2026-07-23 19:26:00",billing,en,2,email,0,"2026-07-24 02:21:49"
405,19,"2026-05-11 05:32:00",subscription,es,2,chat,0,"2026-05-11 16:00:16"
406,1052,"2026-06-06 22:26:00",subscription,en,2,phone,0,"2026-06-07 07:36:46"
407,760,"2026-06-04 23:51:00",delivery,en,5,email,1,"2026-06-06 09:04:53"
408,265,"2026-07-16 02:45:00",returns,en,2,email,0,"2026-07-16 14:39:00"
409,177,"2026-07-25 01:59:00",returns,en,2,email,0,"2026-07-25 07:45:13"
410,293,"2026-06-12 04:00:00",technical,en,3,email,0,"2026-06-13 15:24:03"
411,951,"2026-06-20 13:44:00",account,fr,2,email,0,"2026-06-20 21:22:21"
412,921,"2026-06-02 01:28:00",billing,en,3,chat,0,"2026-06-02 15:21:06"
413,467,"2026-05-07 13:54:00",billing,en,5,email,0,"2026-05-08 09:18:34"
414,531,"2026-05-14 20:04:00",technical,en,1,email,0,"2026-05-15 00:07:50"
415,261,"2026-07-26 00:55:00",subscription,en,3,email,0,"2026-07-26 11:47:40"
416,218,"2026-06-05 00:40:00",technical,en,1,chat,0,"2026-06-05 13:31:11"
417,311,"2026-07-08 09:44:00",subscription,en,3,phone,0,"2026-07-08 13:29:07"
418,219,"2026-05-28 21:15:00",technical,en,2,email,0,"2026-05-29 03:09:53"
419,258,"2026-06-03 21:53:00",delivery,fr,2,email,0,"2026-06-04 05:41:39"
420,807,"2026-05-19 22:53:00",delivery,en,3,chat,0,"2026-05-20 10:54:31"
421,543,"2026-07-20 18:23:00",billing,en,4,phone,0,"2026-07-21 22:54:07"
422,897,"2026-07-21 16:16:00",account,de,4,email,0,"2026-07-22 10:26:19"
423,569,"2026-06-25 12:06:00",subscription,en,2,chat,0,"2026-06-26 13:04:03"
424,526,"2026-06-13 22:28:00",billing,en,2,phone,0,"2026-06-14 06:36:03"
425,627,"2026-05-19 06:24:00",delivery,en,4,chat,0,"2026-05-19 18:56:15"
426,486,"2026-07-28 19:07:00",subscription,en,2,email,0,"2026-07-29 06:40:50"
427,771,"2026-06-13 06:12:00",subscription,en,2,email,0,"2026-06-13 20:12:40"
428,1093,"2026-07-16 16:47:00",technical,ja,2,phone,0,"2026-07-16 21:38:34"
429,346,"2026-06-15 00:43:00",technical,en,3,email,0,"2026-06-15 05:57:10"
430,786,"2026-05-21 04:03:00",account,fr,1,chat,0,"2026-05-21 08:49:00"
431,645,"2026-07-29 07:52:00",returns,en,2,email,0,"2026-07-29 13:57:39"
432,347,"2026-06-05 00:42:00",billing,es,4,email,0,"2026-06-05 07:42:32"
433,959,"2026-05-01 01:31:00",billing,ja,1,phone,0,"2026-05-01 13:57:10"
434,136,"2026-05-01 12:16:00",billing,en,1,phone,0,"2026-05-02 00:05:04"
435,1135,"2026-06-03 09:55:00",billing,en,2,email,0,"2026-06-03 16:21:35"
436,1148,"2026-06-01 04:04:00",technical,en,1,phone,0,"2026-06-01 07:49:14"
437,832,"2026-06-18 21:40:00",technical,de,1,phone,0,"2026-06-19 08:08:19"
438,700,"2026-05-01 21:00:00",subscription,fr,2,chat,0,"2026-05-02 03:48:13"
439,860,"2026-05-30 05:26:00",subscription,en,3,phone,0,"2026-05-30 18:34:17"
440,517,"2026-06-20 03:44:00",delivery,en,5,phone,0,"2026-06-20 13:48:48"
441,577,"2026-06-03 14:44:00",billing,fr,5,email,0,"2026-06-03 23:11:10"
442,370,"2026-05-17 08:44:00",billing,en,2,chat,0,"2026-05-17 18:33:51"
443,301,"2026-07-24 04:17:00",delivery,es,1,chat,0,"2026-07-24 12:20:34"
444,224,"2026-06-14 01:00:00",technical,es,4,phone,0,"2026-06-14 17:20:47"
445,233,"2026-07-28 01:56:00",subscription,de,3,chat,0,"2026-07-28 06:53:57"
446,1097,"2026-06-29 01:18:00",billing,en,3,email,0,"2026-06-29 20:24:01"
447,483,"2026-06-19 01:01:00",technical,en,3,chat,0,"2026-06-19 08:02:04"
448,593,"2026-06-10 04:21:00",delivery,ja,3,chat,0,"2026-06-10 12:25:09"
449,1063,"2026-05-13 04:30:00",billing,en,5,email,1,"2026-05-13 20:49:27"
450,397,"2026-07-05 22:34:00",account,en,2,chat,0,"2026-07-06 09:00:45"
451,378,"2026-07-24 07:23:00",delivery,ja,5,email,0,"2026-07-24 15:08:19"
452,182,"2026-06-17 11:59:00",returns,en,3,phone,0,"2026-06-17 21:19:58"
453,557,"2026-05-17 08:41:00",account,ja,1,email,0,"2026-05-17 19:52:17"
454,455,"2026-06-27 16:41:00",account,en,1,phone,0,"2026-06-28 18:29:42"
455,858,"2026-07-22 08:26:00",returns,en,1,email,0,"2026-07-22 14:39:20"
456,1197,"2026-07-29 01:38:00",technical,en,1,email,0,"2026-07-29 04:56:33"
457,82,"2026-07-14 20:46:00",delivery,en,1,chat,0,"2026-07-15 01:20:38"
458,518,"2026-06-29 20:18:00",subscription,en,1,phone,0,"2026-06-30 03:34:38"
459,259,"2026-06-14 05:17:00",account,ja,1,phone,0,"2026-06-14 08:26:58"
460,208,"2026-05-02 16:57:00",technical,en,2,email,0,"2026-05-03 01:52:21"
461,515,"2026-07-23 20:30:00",returns,fr,1,phone,0,"2026-07-24 19:11:14"
462,821,"2026-05-11 06:57:00",technical,fr,1,email,0,"2026-05-11 16:10:49"
463,124,"2026-07-09 08:40:00",billing,en,1,email,0,"2026-07-09 12:11:29"
464,964,"2026-06-24 23:15:00",delivery,en,4,phone,1,"2026-06-27 03:58:46"
465,1039,"2026-05-26 03:49:00",subscription,fr,2,email,0,"2026-05-26 10:10:48"
466,772,"2026-06-08 13:35:00",delivery,en,1,email,0,"2026-06-08 22:50:11"
467,154,"2026-07-29 16:06:00",account,de,2,phone,0,"2026-07-30 02:31:14"
468,8,"2026-05-01 14:29:00",technical,en,1,email,0,"2026-05-01 23:00:50"
469,734,"2026-05-28 16:04:00",returns,en,2,chat,0,"2026-05-29 02:16:38"
470,116,"2026-07-25 09:03:00",technical,en,2,phone,0,"2026-07-25 17:47:40"
471,247,"2026-05-20 23:06:00",delivery,en,1,phone,0,"2026-05-21 02:43:30"
472,982,"2026-05-28 22:27:00",account,en,1,chat,0,"2026-05-29 10:26:14"
473,44,"2026-05-19 15:26:00",returns,en,4,email,0,"2026-05-20 11:56:18"
474,658,"2026-07-26 07:13:00",account,en,2,phone,1,"2026-07-26 12:46:36"
475,677,"2026-07-10 05:20:00",subscription,en,3,email,0,"2026-07-10 17:21:16"
476,207,"2026-05-16 13:01:00",delivery,en,2,email,0,"2026-05-16 19:54:52"
477,125,"2026-07-03 09:35:00",account,en,1,chat,0,"2026-07-03 13:08:17"
478,996,"2026-06-02 04:53:00",account,en,2,email,1,"2026-06-02 10:21:50"
479,327,"2026-05-08 05:34:00",returns,en,1,email,0,"2026-05-08 14:23:20"
480,336,"2026-05-17 08:51:00",technical,en,1,phone,0,"2026-05-17 13:39:21"
481,881,"2026-06-22 07:10:00",returns,de,1,email,0,"2026-06-23 02:14:05"
482,397,"2026-07-14 00:47:00",delivery,en,1,email,1,"2026-07-14 11:16:35"
483,595,"2026-07-06 14:08:00",billing,en,3,phone,0,"2026-07-06 22:45:26"
484,690,"2026-07-15 03:43:00",returns,en,2,email,0,"2026-07-15 15:52:24"
485,633,"2026-05-24 02:55:00",subscription,en,3,phone,1,"2026-05-24 19:29:56"
486,896,"2026-05-01 22:53:00",subscription,ja,1,chat,0,"2026-05-02 10:11:17"
487,356,"2026-07-19 16:20:00",delivery,en,4,email,0,"2026-07-20 08:27:04"
488,955,"2026-05-31 05:47:00",delivery,de,2,email,0,"2026-05-31 11:11:20"
489,460,"2026-07-07 07:33:00",subscription,en,3,chat,0,"2026-07-07 19:31:50"
490,868,"2026-07-11 02:12:00",delivery,en,2,phone,0,"2026-07-11 04:59:10"
491,1137,"2026-06-10 02:37:00",technical,en,4,email,0,"2026-06-10 07:53:56"
492,573,"2026-06-13 11:17:00",billing,en,4,email,0,"2026-06-14 06:19:49"
493,833,"2026-06-14 19:33:00",billing,en,1,phone,0,"2026-06-14 21:01:40"
494,1009,"2026-05-15 18:34:00",delivery,fr,2,chat,0,"2026-05-16 06:01:30"
495,256,"2026-06-09 23:46:00",returns,en,4,chat,0,"2026-06-10 22:26:11"
496,20,"2026-05-18 23:58:00",subscription,en,1,chat,1,"2026-05-19 07:19:30"
497,256,"2026-06-12 23:57:00",account,fr,1,email,0,"2026-06-13 06:02:03"
498,617,"2026-07-10 00:50:00",billing,en,2,email,0,"2026-07-10 04:40:52"
499,1065,"2026-07-20 08:14:00",delivery,en,1,chat,0,"2026-07-20 12:39:51"
500,311,"2026-05-24 12:40:00",billing,fr,1,chat,0,"2026-05-24 19:01:09"
501,115,"2026-06-11 04:13:00",subscription,en,1,phone,0,"2026-06-11 08:17:55"
502,1177,"2026-06-12 07:17:00",delivery,en,1,phone,0,"2026-06-12 13:04:47"
503,607,"2026-06-22 20:05:00",account,en,2,email,0,"2026-06-22 23:45:19"
504,817,"2026-06-13 08:55:00",subscription,ja,1,email,0,"2026-06-13 15:25:44"
505,587,"2026-06-03 19:23:00",billing,es,3,email,0,"2026-06-05 05:44:15"
506,398,"2026-07-07 21:44:00",returns,en,2,phone,0,"2026-07-08 04:39:57"
507,1145,"2026-07-16 04:58:00",delivery,es,1,email,0,"2026-07-16 07:59:09"
508,566,"2026-07-06 06:34:00",subscription,es,2,phone,0,"2026-07-06 19:35:40"
509,1099,"2026-07-19 14:29:00",subscription,en,1,chat,0,"2026-07-19 20:43:39"
510,983,"2026-05-26 01:26:00",returns,en,1,phone,0,"2026-05-26 09:34:18"
511,384,"2026-07-06 08:10:00",delivery,en,2,chat,0,"2026-07-06 17:09:37"
512,74,"2026-07-04 20:06:00",technical,fr,2,chat,0,"2026-07-05 11:14:45"
513,834,"2026-07-17 15:08:00",returns,en,3,chat,0,"2026-07-17 22:45:39"
514,61,"2026-05-18 07:28:00",delivery,fr,2,chat,1,"2026-05-18 14:15:27"
515,1014,"2026-06-02 04:09:00",returns,en,1,phone,1,"2026-06-02 08:05:21"
516,445,"2026-06-22 17:35:00",account,ja,5,phone,0,"2026-06-23 00:28:53"
517,23,"2026-07-26 08:10:00",returns,en,2,email,0,"2026-07-26 12:53:39"
518,183,"2026-05-01 08:30:00",technical,ja,1,chat,0,"2026-05-01 13:17:42"
519,1199,"2026-05-16 03:40:00",delivery,en,1,phone,0,"2026-05-16 08:27:34"
520,781,"2026-07-20 14:51:00",account,en,3,chat,0,"2026-07-20 22:12:14"
521,602,"2026-06-30 15:21:00",account,en,3,email,0,"2026-06-30 23:03:56"
522,1016,"2026-07-27 06:54:00",subscription,en,2,chat,0,"2026-07-27 13:34:23"
523,1100,"2026-05-19 23:41:00",billing,en,5,chat,0,"2026-05-20 09:33:53"
524,1136,"2026-05-16 13:54:00",account,en,3,email,0,"2026-05-16 21:06:22"
525,978,"2026-07-29 21:01:00",billing,en,1,email,0,"2026-07-30 04:15:39"
526,496,"2026-06-05 16:13:00",account,en,1,phone,0,"2026-06-05 23:37:22"
527,1108,"2026-06-10 06:32:00",delivery,de,2,phone,0,"2026-06-10 15:11:13"
528,60,"2026-06-07 14:55:00",subscription,en,1,chat,0,"2026-06-07 21:52:20"
529,870,"2026-07-12 22:59:00",technical,ja,2,phone,0,"2026-07-13 13:35:53"
530,446,"2026-05-14 18:36:00",delivery,en,2,email,0,"2026-05-15 03:25:19"
531,1081,"2026-05-01 19:07:00",returns,de,2,email,0,"2026-05-02 00:52:40"
532,1025,"2026-07-06 11:46:00",delivery,en,3,chat,0,"2026-07-07 01:35:02"
533,403,"2026-06-08 10:03:00",returns,en,1,chat,0,"2026-06-08 17:40:49"
534,334,"2026-06-08 04:40:00",delivery,es,3,chat,0,"2026-06-08 10:44:29"
535,632,"2026-06-18 05:44:00",subscription,en,4,phone,0,"2026-06-18 13:33:34"
536,89,"2026-06-09 16:17:00",account,en,3,email,0,"2026-06-10 04:59:55"
537,849,"2026-07-18 18:08:00",billing,en,1,phone,0,"2026-07-18 22:02:14"
538,411,"2026-07-10 13:42:00",delivery,en,3,chat,0,"2026-07-10 22:53:51"
539,921,"2026-07-28 23:08:00",subscription,en,1,phone,0,"2026-07-29 05:14:57"
540,137,"2026-06-03 00:14:00",returns,en,1,email,0,"2026-06-03 08:44:13"
541,997,"2026-06-07 20:06:00",account,en,2,email,0,"2026-06-08 04:35:04"
542,445,"2026-07-07 07:56:00",billing,es,2,email,0,"2026-07-07 18:57:33"
543,1010,"2026-07-29 03:54:00",billing,en,4,chat,0,"2026-07-29 20:16:34"
544,538,"2026-06-26 11:30:00",returns,fr,3,chat,0,"2026-06-26 21:49:04"
545,809,"2026-05-17 23:00:00",returns,en,1,chat,0,"2026-05-18 03:45:45"
546,1045,"2026-05-10 20:36:00",billing,en,1,chat,0,"2026-05-11 01:20:24"
547,628,"2026-05-26 03:05:00",account,en,5,phone,0,"2026-05-26 17:27:45"
548,921,"2026-06-16 21:03:00",technical,en,2,phone,0,"2026-06-17 03:59:34"
549,319,"2026-05-17 16:55:00",billing,en,2,chat,0,"2026-05-18 11:13:49"
550,1184,"2026-07-18 11:27:00",subscription,ja,1,phone,0,"2026-07-19 00:48:29"
551,210,"2026-05-23 01:39:00",returns,en,2,chat,0,"2026-05-23 04:47:36"
552,77,"2026-05-06 07:09:00",returns,es,2,phone,0,"2026-05-06 15:31:19"
553,614,"2026-05-02 03:02:00",technical,en,1,email,0,"2026-05-02 07:39:04"
554,719,"2026-05-05 23:50:00",account,en,3,phone,0,"2026-05-06 10:43:56"
555,569,"2026-07-17 14:12:00",billing,de,2,email,0,"2026-07-17 19:55:54"
556,471,"2026-05-20 17:39:00",account,en,4,email,0,"2026-05-21 01:54:29"
557,898,"2026-06-04 06:49:00",delivery,fr,4,phone,0,"2026-06-04 23:06:25"
558,495,"2026-07-04 20:40:00",technical,en,2,phone,0,"2026-07-05 01:33:41"
559,378,"2026-05-24 07:09:00",technical,en,2,email,0,"2026-05-24 15:48:30"
560,1194,"2026-06-15 11:41:00",subscription,en,4,chat,0,"2026-06-15 18:22:20"
561,935,"2026-07-22 13:46:00",billing,en,5,chat,0,"2026-07-23 02:01:26"
562,599,"2026-06-18 18:14:00",account,en,1,chat,0,"2026-06-18 22:14:49"
563,818,"2026-05-14 15:46:00",account,es,1,email,0,"2026-05-15 08:09:48"
564,222,"2026-06-28 02:53:00",account,fr,2,phone,0,"2026-06-28 15:58:31"
565,629,"2026-07-19 19:28:00",delivery,en,2,email,1,"2026-07-20 02:23:47"
566,50,"2026-05-12 00:56:00",subscription,es,2,email,0,"2026-05-12 03:32:23"
567,616,"2026-06-27 11:22:00",subscription,en,1,chat,0,"2026-06-27 17:32:58"
568,687,"2026-05-10 06:37:00",billing,de,4,chat,0,"2026-05-11 20:00:06"
569,969,"2026-06-24 16:56:00",billing,es,2,email,0,"2026-06-25 13:48:30"
570,439,"2026-06-12 19:01:00",billing,en,4,chat,0,"2026-06-13 06:15:17"
571,657,"2026-06-25 21:43:00",billing,en,3,email,0,"2026-06-26 06:58:43"
572,286,"2026-07-13 17:19:00",technical,en,2,email,0,"2026-07-13 23:24:24"
573,917,"2026-07-07 21:33:00",returns,en,1,email,1,"2026-07-08 04:53:17"
574,982,"2026-05-07 00:40:00",technical,fr,2,phone,0,"2026-05-07 05:57:31"
575,1110,"2026-06-15 19:38:00",delivery,ja,2,phone,0,"2026-06-16 10:40:06"
576,774,"2026-05-20 14:44:00",account,es,1,email,1,"2026-05-20 19:10:05"
577,327,"2026-06-18 08:47:00",technical,en,1,phone,0,"2026-06-18 19:05:03"
578,693,"2026-05-03 12:09:00",subscription,en,4,chat,0,"2026-05-04 02:16:27"
579,65,"2026-05-12 06:23:00",delivery,en,1,phone,0,"2026-05-12 14:07:11"
580,561,"2026-05-14 17:59:00",returns,en,1,email,0,"2026-05-14 22:44:00"
581,810,"2026-05-09 17:03:00",account,en,2,phone,0,"2026-05-10 03:51:24"
582,875,"2026-06-23 07:51:00",account,en,4,email,0,"2026-06-23 13:38:40"
583,344,"2026-06-25 04:59:00",subscription,en,3,email,0,"2026-06-25 12:04:29"
584,168,"2026-07-28 21:49:00",delivery,en,1,chat,0,"2026-07-29 04:01:26"
585,145,"2026-05-19 08:11:00",subscription,en,2,email,0,"2026-05-19 13:24:51"
586,97,"2026-06-13 13:12:00",billing,en,1,email,0,"2026-06-13 18:36:56"
587,174,"2026-07-29 09:45:00",billing,en,1,chat,1,"2026-07-29 20:49:59"
588,245,"2026-05-12 16:21:00",delivery,de,1,chat,0,"2026-05-13 07:44:20"
589,682,"2026-05-07 05:17:00",account,en,1,email,0,"2026-05-07 08:38:30"
590,461,"2026-06-17 15:02:00",subscription,fr,2,email,0,"2026-06-17 21:12:42"
591,591,"2026-07-27 10:08:00",subscription,en,2,email,0,"2026-07-27 14:50:35"
592,67,"2026-05-21 23:41:00",technical,en,5,email,0,"2026-05-23 10:52:01"
593,642,"2026-05-29 11:34:00",technical,ja,2,phone,0,"2026-05-29 17:34:40"
594,837,"2026-07-20 23:32:00",billing,en,4,email,0,"2026-07-21 07:45:38"
595,1109,"2026-06-17 03:01:00",subscription,es,1,email,1,"2026-06-17 05:50:24"
596,1016,"2026-06-16 07:04:00",subscription,en,1,chat,0,"2026-06-16 13:02:58"
597,262,"2026-07-22 12:41:00",delivery,en,1,email,0,"2026-07-22 19:44:05"
598,961,"2026-07-09 03:18:00",subscription,en,4,phone,0,"2026-07-09 11:57:02"
599,934,"2026-05-22 12:18:00",account,en,4,phone,0,"2026-05-22 17:39:43"
600,120,"2026-05-14 06:14:00",returns,en,2,chat,0,"2026-05-14 11:08:29"
601,946,"2026-07-08 21:23:00",billing,en,2,chat,0,"2026-07-09 14:28:19"
602,108,"2026-07-21 16:42:00",delivery,de,2,phone,0,"2026-07-21 20:02:09"
603,794,"2026-07-23 17:36:00",returns,en,5,chat,0,"2026-07-24 05:39:11"
604,358,"2026-07-17 04:43:00",delivery,en,2,email,0,"2026-07-17 13:46:59"
605,654,"2026-06-20 01:18:00",billing,en,2,phone,0,"2026-06-20 13:35:57"
606,891,"2026-06-13 14:21:00",subscription,en,2,phone,0,"2026-06-13 17:05:38"
607,948,"2026-05-17 12:37:00",delivery,en,3,chat,0,"2026-05-17 19:57:53"
608,522,"2026-07-07 03:57:00",subscription,de,3,email,0,"2026-07-07 17:44:05"
609,153,"2026-06-29 12:02:00",billing,ja,4,email,0,"2026-06-30 01:10:43"
610,292,"2026-07-06 18:28:00",billing,de,2,chat,0,"2026-07-07 01:56:52"
611,759,"2026-06-05 02:45:00",technical,es,1,email,0,"2026-06-05 07:21:04"
612,183,"2026-07-08 06:08:00",returns,en,1,email,0,"2026-07-08 12:27:35"
613,811,"2026-05-29 10:09:00",returns,en,1,phone,0,"2026-05-29 19:29:54"
614,894,"2026-07-28 23:15:00",billing,en,2,phone,0,"2026-07-29 04:45:00"
615,20,"2026-07-24 10:03:00",returns,en,2,email,0,"2026-07-24 12:55:33"
616,588,"2026-07-09 05:16:00",technical,es,1,chat,0,"2026-07-10 03:58:36"
617,1145,"2026-05-02 22:56:00",subscription,es,2,phone,0,"2026-05-03 08:12:14"
618,1173,"2026-05-13 03:37:00",returns,de,1,email,0,"2026-05-13 08:35:13"
619,349,"2026-05-18 03:09:00",returns,en,3,phone,0,"2026-05-18 15:22:09"
620,87,"2026-07-06 10:41:00",account,de,2,chat,0,"2026-07-06 18:59:40"
621,1065,"2026-07-04 22:24:00",subscription,en,2,phone,0,"2026-07-05 06:09:40"
622,66,"2026-06-16 22:25:00",delivery,fr,1,email,0,"2026-06-17 03:42:27"
623,352,"2026-06-22 03:47:00",delivery,en,4,chat,0,"2026-06-23 19:40:43"
624,635,"2026-07-10 23:17:00",technical,es,1,chat,0,"2026-07-11 01:53:15"
625,414,"2026-06-07 16:41:00",account,en,1,email,0,"2026-06-07 19:22:25"
626,676,"2026-05-08 15:45:00",account,en,1,email,0,"2026-05-08 22:20:07"
627,860,"2026-05-23 03:57:00",delivery,en,1,email,0,"2026-05-23 07:14:48"
628,1008,"2026-06-23 18:56:00",billing,en,1,phone,0,"2026-06-23 22:16:33"
629,941,"2026-05-08 09:08:00",account,en,1,chat,0,"2026-05-08 16:40:28"
630,105,"2026-06-01 10:13:00",delivery,en,3,email,0,"2026-06-01 21:51:06"
631,654,"2026-06-30 00:45:00",billing,en,1,phone,0,"2026-06-30 01:59:53"
632,936,"2026-06-18 17:32:00",technical,en,1,email,0,"2026-06-19 00:34:35"
633,103,"2026-05-20 16:44:00",account,en,1,chat,0,"2026-05-21 04:01:58"
634,941,"2026-06-01 21:54:00",technical,en,2,email,0,"2026-06-02 03:37:57"
635,512,"2026-07-29 12:24:00",account,en,2,chat,0,"2026-07-29 18:58:08"
636,345,"2026-06-04 05:07:00",delivery,fr,1,chat,0,"2026-06-04 11:19:08"
637,586,"2026-06-29 21:38:00",returns,es,1,email,0,"2026-06-30 15:07:09"
638,880,"2026-07-21 01:47:00",returns,ja,2,chat,0,"2026-07-21 10:15:37"
639,872,"2026-06-01 16:41:00",delivery,en,3,email,0,"2026-06-02 06:28:52"
640,468,"2026-07-20 20:29:00",delivery,es,3,chat,0,"2026-07-21 08:16:47"
641,592,"2026-05-14 12:05:00",returns,en,4,email,0,"2026-05-15 00:40:55"
642,111,"2026-05-14 00:02:00",account,en,3,chat,1,"2026-05-14 09:54:38"
643,980,"2026-05-26 07:33:00",technical,de,5,phone,1,"2026-05-26 22:40:15"
644,354,"2026-06-09 14:58:00",subscription,en,2,chat,0,"2026-06-09 17:46:29"
645,156,"2026-07-06 01:57:00",technical,de,1,email,0,"2026-07-06 08:46:54"
646,1129,"2026-07-11 10:11:00",account,en,2,email,0,"2026-07-11 20:31:52"
647,1110,"2026-05-02 08:09:00",billing,es,1,email,1,"2026-05-02 11:57:27"
648,746,"2026-06-29 06:03:00",subscription,en,1,chat,0,"2026-06-29 10:44:08"
649,227,"2026-05-12 22:12:00",subscription,en,1,phone,0,"2026-05-13 02:31:36"
650,322,"2026-06-13 09:19:00",delivery,en,2,email,0,"2026-06-13 12:04:12"
651,605,"2026-06-19 06:24:00",billing,en,1,phone,0,"2026-06-19 12:07:53"
652,679,"2026-06-18 16:30:00",returns,en,3,phone,0,"2026-06-19 10:42:22"
653,74,"2026-05-10 08:27:00",billing,en,2,chat,0,"2026-05-11 04:36:52"
654,942,"2026-05-03 12:49:00",delivery,de,3,chat,0,"2026-05-03 23:42:21"
655,1126,"2026-06-14 23:19:00",returns,fr,2,phone,1,"2026-06-15 04:17:54"
656,193,"2026-07-07 15:18:00",account,en,4,phone,0,"2026-07-07 19:53:51"
657,296,"2026-07-10 16:57:00",delivery,ja,1,email,0,"2026-07-10 22:00:22"
658,1078,"2026-06-30 04:37:00",account,en,4,chat,0,"2026-06-30 13:19:40"
659,550,"2026-07-12 08:26:00",delivery,en,2,phone,0,"2026-07-12 12:26:53"
660,721,"2026-07-25 02:37:00",technical,en,1,email,0,"2026-07-25 05:08:39"
661,294,"2026-05-17 00:59:00",subscription,en,2,email,0,"2026-05-17 11:05:37"
662,274,"2026-06-26 20:01:00",returns,en,3,chat,0,"2026-06-27 07:54:25"
663,563,"2026-05-26 07:46:00",returns,en,3,chat,0,"2026-05-26 12:20:21"
664,705,"2026-06-21 19:55:00",technical,fr,1,phone,0,"2026-06-21 22:49:25"
665,333,"2026-07-06 23:22:00",billing,es,1,email,0,"2026-07-07 06:37:37"
666,1105,"2026-06-24 17:35:00",billing,en,1,phone,0,"2026-06-25 11:34:59"
667,183,"2026-06-28 05:29:00",billing,en,1,phone,0,"2026-06-28 08:23:40"
668,942,"2026-07-06 12:52:00",delivery,en,2,chat,0,"2026-07-06 21:39:33"
669,476,"2026-05-14 19:36:00",returns,en,1,email,0,"2026-05-15 02:12:11"
670,53,"2026-05-29 03:51:00",returns,ja,3,phone,0,"2026-05-29 10:16:15"
671,728,"2026-06-21 08:10:00",subscription,en,1,chat,0,"2026-06-21 15:00:26"
672,704,"2026-05-30 20:09:00",returns,es,3,chat,1,"2026-05-31 03:43:54"
673,1099,"2026-06-12 17:36:00",technical,es,4,chat,0,"2026-06-12 21:05:00"
674,118,"2026-06-15 22:37:00",delivery,en,2,chat,0,"2026-06-16 05:04:11"
675,585,"2026-06-04 20:35:00",returns,de,1,phone,0,"2026-06-05 05:16:04"
676,997,"2026-06-13 15:08:00",returns,en,2,phone,1,"2026-06-13 18:50:17"
677,467,"2026-05-15 21:32:00",delivery,en,5,email,0,"2026-05-16 12:12:56"
678,127,"2026-06-23 09:34:00",billing,es,2,email,1,"2026-06-23 11:51:57"
679,711,"2026-06-05 23:52:00",account,en,1,phone,0,"2026-06-06 04:02:24"
680,414,"2026-05-19 06:14:00",technical,fr,4,chat,0,"2026-05-19 11:01:21"
681,866,"2026-05-27 17:10:00",billing,en,1,phone,0,"2026-05-28 07:47:42"
682,288,"2026-06-02 23:17:00",billing,en,1,email,0,"2026-06-03 07:55:02"
683,373,"2026-07-19 02:47:00",billing,de,2,phone,0,"2026-07-19 19:05:39"
684,233,"2026-05-10 03:00:00",account,es,2,email,0,"2026-05-10 13:00:09"
685,955,"2026-06-20 02:49:00",delivery,en,2,email,0,"2026-06-20 09:42:56"
686,812,"2026-07-03 11:28:00",billing,en,2,phone,0,"2026-07-04 02:46:47"
687,719,"2026-05-17 09:24:00",technical,es,2,chat,0,"2026-05-17 18:31:26"
688,185,"2026-07-09 11:30:00",subscription,en,2,chat,0,"2026-07-09 17:17:19"
689,307,"2026-05-09 10:24:00",billing,en,3,phone,0,"2026-05-10 01:44:44"
690,988,"2026-07-12 03:13:00",billing,de,1,phone,0,"2026-07-12 12:24:19"
691,493,"2026-06-22 23:10:00",subscription,fr,1,chat,0,"2026-06-23 10:40:03"
692,848,"2026-06-13 19:59:00",account,de,2,chat,0,"2026-06-14 04:42:29"
693,251,"2026-07-11 00:51:00",technical,en,3,phone,0,"2026-07-11 10:23:37"
694,937,"2026-07-09 08:14:00",delivery,en,3,email,1,"2026-07-09 15:00:12"
695,28,"2026-05-23 18:32:00",account,en,3,phone,0,"2026-05-24 01:15:30"
696,1107,"2026-06-10 14:36:00",subscription,de,3,email,0,"2026-06-11 09:21:21"
697,1038,"2026-05-27 08:31:00",delivery,fr,1,chat,0,"2026-05-27 22:28:14"
698,1072,"2026-06-16 17:16:00",billing,en,1,phone,0,"2026-06-16 23:47:19"
699,612,"2026-06-17 04:43:00",returns,en,2,chat,0,"2026-06-17 11:34:47"
700,6,"2026-05-23 05:13:00",returns,en,1,chat,0,"2026-05-23 11:27:59"
701,824,"2026-07-21 11:06:00",delivery,en,1,email,0,"2026-07-21 15:00:23"
702,803,"2026-06-24 04:08:00",account,en,1,email,0,"2026-06-24 07:43:38"
703,67,"2026-05-30 15:17:00",account,de,3,email,0,"2026-05-31 03:09:06"
704,633,"2026-06-06 10:03:00",technical,es,1,email,0,"2026-06-06 15:42:33"
705,1130,"2026-07-13 17:29:00",delivery,en,3,phone,0,"2026-07-14 12:47:52"
706,398,"2026-05-24 18:45:00",account,en,1,phone,0,"2026-05-25 03:52:00"
707,789,"2026-07-28 22:44:00",billing,en,1,email,0,"2026-07-29 08:42:52"
708,254,"2026-05-12 11:16:00",returns,en,3,email,0,"2026-05-12 21:46:43"
709,433,"2026-05-11 21:23:00",technical,en,1,email,0,"2026-05-12 18:56:39"
710,350,"2026-07-11 11:12:00",subscription,en,1,chat,0,"2026-07-11 19:58:49"
711,830,"2026-06-30 03:46:00",subscription,es,2,email,0,"2026-06-30 11:53:58"
712,190,"2026-05-13 21:54:00",returns,en,3,phone,0,"2026-05-14 12:59:14"
713,718,"2026-05-16 10:24:00",delivery,en,1,chat,0,"2026-05-16 14:13:51"
714,501,"2026-07-04 11:57:00",account,en,3,email,1,"2026-07-04 22:01:32"
715,515,"2026-07-15 06:19:00",account,en,1,email,0,"2026-07-15 16:17:39"
716,958,"2026-06-17 13:48:00",delivery,de,3,phone,0,"2026-06-17 19:57:09"
717,746,"2026-05-16 16:52:00",technical,es,2,chat,0,"2026-05-16 23:12:27"
718,725,"2026-05-20 12:08:00",technical,es,1,phone,0,"2026-05-20 18:08:17"
719,1191,"2026-07-11 19:58:00",returns,en,1,email,0,"2026-07-11 23:29:19"
720,1152,"2026-05-04 04:02:00",technical,ja,2,chat,0,"2026-05-04 10:05:25"
721,935,"2026-05-08 01:31:00",subscription,en,2,chat,0,"2026-05-09 16:57:34"
722,283,"2026-06-07 06:11:00",technical,ja,2,chat,1,"2026-06-07 19:38:49"
723,608,"2026-06-15 20:42:00",returns,en,2,email,0,"2026-06-16 04:03:17"
724,909,"2026-06-23 13:23:00",delivery,fr,1,email,0,"2026-06-23 20:06:01"
725,839,"2026-05-23 23:50:00",returns,en,1,chat,0,"2026-05-24 03:03:23"
726,107,"2026-05-23 19:54:00",account,en,2,phone,0,"2026-05-23 21:11:04"
727,729,"2026-07-03 13:48:00",technical,ja,1,phone,0,"2026-07-04 02:01:58"
728,372,"2026-06-19 21:23:00",delivery,en,1,phone,0,"2026-06-20 02:25:29"
729,754,"2026-05-06 01:10:00",delivery,en,2,phone,0,"2026-05-06 11:29:12"
730,538,"2026-07-29 22:19:00",account,en,2,chat,0,"2026-07-30 01:38:44"
731,610,"2026-05-18 06:06:00",returns,fr,2,phone,0,"2026-05-19 02:50:47"
732,296,"2026-07-07 08:20:00",returns,en,2,chat,0,"2026-07-08 06:17:33"
733,356,"2026-07-22 17:44:00",returns,en,2,phone,0,"2026-07-24 09:12:57"
734,506,"2026-07-18 09:18:00",technical,en,1,phone,0,"2026-07-18 13:58:02"
735,29,"2026-07-26 11:03:00",account,en,2,phone,0,"2026-07-26 15:07:27"
736,590,"2026-07-17 05:30:00",technical,ja,2,chat,0,"2026-07-17 21:49:50"
737,333,"2026-06-13 23:53:00",returns,en,3,email,0,"2026-06-14 08:29:31"
738,911,"2026-06-06 05:01:00",returns,en,4,phone,0,"2026-06-06 09:40:15"
739,45,"2026-06-19 04:16:00",returns,en,1,phone,0,"2026-06-19 08:10:43"
740,498,"2026-07-03 10:08:00",account,de,2,chat,0,"2026-07-03 12:58:23"
741,486,"2026-05-21 21:46:00",delivery,de,1,phone,0,"2026-05-22 03:42:58"
742,507,"2026-06-13 12:22:00",billing,en,1,phone,0,"2026-06-14 00:44:14"
743,816,"2026-07-15 18:25:00",account,ja,1,chat,0,"2026-07-15 21:58:24"
744,151,"2026-07-12 20:31:00",technical,es,2,email,0,"2026-07-13 03:55:15"
745,1141,"2026-07-08 11:48:00",billing,en,3,phone,0,"2026-07-08 23:26:23"
746,100,"2026-06-03 20:56:00",subscription,es,4,email,0,"2026-06-04 07:07:37"
747,490,"2026-07-25 05:00:00",account,en,1,email,0,"2026-07-25 14:04:14"
748,1075,"2026-07-04 04:09:00",returns,en,3,chat,0,"2026-07-04 13:12:21"
749,945,"2026-06-06 15:38:00",billing,ja,1,chat,0,"2026-06-06 21:48:14"
750,857,"2026-07-21 07:27:00",delivery,en,2,phone,0,"2026-07-21 10:47:49"
751,778,"2026-06-12 01:43:00",delivery,en,2,email,1,"2026-06-12 09:02:31"
752,254,"2026-05-25 04:19:00",subscription,en,2,email,0,"2026-05-25 09:48:26"
753,1066,"2026-07-19 20:47:00",subscription,es,3,email,0,"2026-07-19 23:26:35"
754,851,"2026-07-01 12:48:00",account,ja,4,email,0,"2026-07-01 17:50:49"
755,45,"2026-05-30 08:04:00",returns,en,4,chat,0,"2026-05-30 13:03:32"
756,393,"2026-05-13 06:59:00",billing,ja,1,chat,0,"2026-05-13 15:46:05"
757,470,"2026-05-15 19:13:00",delivery,ja,1,chat,0,"2026-05-16 03:26:20"
758,494,"2026-06-29 05:36:00",technical,es,2,chat,0,"2026-06-29 11:56:19"
759,343,"2026-07-16 15:15:00",billing,de,2,phone,0,"2026-07-17 05:22:59"
760,302,"2026-06-06 18:20:00",billing,de,2,phone,0,"2026-06-07 19:26:16"
761,752,"2026-05-11 21:44:00",subscription,en,1,email,0,"2026-05-12 01:30:44"
762,83,"2026-05-20 05:25:00",returns,en,2,phone,0,"2026-05-20 11:51:07"
763,274,"2026-07-03 23:05:00",billing,en,1,chat,0,"2026-07-04 04:23:24"
764,943,"2026-07-28 06:23:00",technical,en,3,chat,1,"2026-07-28 14:56:11"
765,518,"2026-07-16 03:23:00",technical,en,4,phone,0,"2026-07-16 09:58:51"
766,1170,"2026-05-05 20:26:00",billing,en,3,phone,0,"2026-05-06 17:15:55"
767,180,"2026-06-09 11:57:00",returns,en,1,phone,0,"2026-06-09 18:08:15"
768,327,"2026-05-19 11:20:00",technical,en,1,chat,0,"2026-05-19 18:09:01"
769,617,"2026-07-27 18:08:00",account,en,1,email,0,"2026-07-28 00:00:14"
770,21,"2026-07-19 23:46:00",returns,en,2,email,0,"2026-07-20 14:13:39"
771,472,"2026-05-23 00:27:00",delivery,de,3,phone,0,"2026-05-23 10:23:02"
772,203,"2026-07-22 11:04:00",returns,en,4,chat,0,"2026-07-23 05:25:33"
773,393,"2026-05-28 14:19:00",technical,en,3,phone,0,"2026-05-28 21:25:20"
774,908,"2026-05-17 19:39:00",billing,en,1,phone,0,"2026-05-18 01:49:57"
775,943,"2026-07-04 13:39:00",returns,en,2,email,0,"2026-07-04 18:27:46"
776,411,"2026-05-13 22:41:00",delivery,en,2,phone,0,"2026-05-14 02:54:11"
777,841,"2026-07-24 12:43:00",technical,ja,5,chat,0,"2026-07-24 21:50:54"
778,867,"2026-06-29 02:45:00",account,ja,5,phone,0,"2026-06-29 18:48:11"
779,186,"2026-05-31 13:56:00",account,es,3,phone,0,"2026-05-31 20:49:55"
780,885,"2026-07-11 01:22:00",technical,en,2,email,0,"2026-07-11 08:52:19"
781,36,"2026-05-07 04:54:00",technical,en,2,email,0,"2026-05-07 14:10:01"
782,219,"2026-05-25 14:13:00",subscription,en,2,phone,0,"2026-05-25 22:02:30"
783,272,"2026-07-03 16:10:00",returns,en,2,chat,0,"2026-07-04 02:41:55"
784,420,"2026-05-02 01:09:00",technical,en,3,chat,1,"2026-05-02 15:34:39"
785,191,"2026-06-19 20:38:00",billing,en,2,chat,0,"2026-06-20 01:06:37"
786,856,"2026-07-26 15:31:00",delivery,de,2,email,0,"2026-07-26 23:44:37"
787,1040,"2026-05-13 05:34:00",technical,fr,2,chat,0,"2026-05-13 11:31:25"
788,158,"2026-05-13 14:06:00",delivery,en,2,phone,0,"2026-05-13 19:43:51"
789,966,"2026-05-26 00:06:00",account,en,3,chat,1,"2026-05-26 13:13:24"
790,786,"2026-06-03 16:09:00",account,en,1,chat,0,"2026-06-04 02:25:14"
791,1172,"2026-07-03 18:42:00",delivery,en,1,email,0,"2026-07-04 04:04:04"
792,123,"2026-05-29 15:29:00",account,de,1,email,0,"2026-05-29 20:10:52"
793,534,"2026-06-16 21:58:00",delivery,en,2,email,0,"2026-06-17 03:37:38"
794,832,"2026-06-14 05:43:00",subscription,en,1,email,0,"2026-06-14 10:52:56"
795,309,"2026-06-27 10:29:00",account,en,2,email,0,"2026-06-28 09:19:50"
796,878,"2026-05-10 06:31:00",technical,en,1,phone,0,"2026-05-10 12:05:16"
797,532,"2026-05-18 15:15:00",subscription,ja,3,phone,0,"2026-05-19 10:57:32"
798,327,"2026-05-14 15:47:00",delivery,en,3,phone,0,"2026-05-14 19:17:43"
799,1093,"2026-05-19 13:43:00",returns,en,3,phone,0,"2026-05-20 07:29:34"
800,420,"2026-07-28 06:24:00",subscription,es,1,phone,0,"2026-07-28 11:13:09"
801,418,"2026-05-14 11:58:00",returns,de,1,phone,0,"2026-05-14 17:11:34"
802,469,"2026-05-23 09:45:00",billing,en,2,email,0,"2026-05-23 17:49:06"
803,214,"2026-07-02 09:38:00",delivery,en,1,phone,0,"2026-07-02 16:44:36"
804,254,"2026-05-04 15:29:00",account,ja,1,chat,0,"2026-05-04 20:52:50"
805,1177,"2026-07-05 05:57:00",technical,en,2,chat,0,"2026-07-05 10:10:21"
806,1116,"2026-06-25 21:22:00",technical,en,2,phone,0,"2026-06-26 00:40:45"
807,96,"2026-06-09 15:55:00",subscription,de,5,phone,0,"2026-06-10 05:24:32"
808,572,"2026-07-08 15:43:00",returns,ja,2,email,0,"2026-07-09 01:16:14"
809,1024,"2026-05-29 17:46:00",subscription,ja,2,chat,0,"2026-05-29 20:52:27"
810,1131,"2026-06-04 04:50:00",subscription,en,1,email,0,"2026-06-04 10:58:03"
811,39,"2026-05-04 05:13:00",returns,fr,2,email,0,"2026-05-04 10:08:37"
812,878,"2026-07-11 22:24:00",account,en,1,chat,0,"2026-07-12 02:20:36"
813,151,"2026-07-15 09:04:00",billing,en,1,chat,0,"2026-07-15 12:32:37"
814,69,"2026-05-27 19:39:00",returns,en,1,chat,0,"2026-05-28 02:12:28"
815,587,"2026-07-13 09:49:00",subscription,en,2,phone,0,"2026-07-13 13:00:31"
816,218,"2026-07-29 03:39:00",delivery,ja,1,phone,0,"2026-07-29 06:26:53"
817,694,"2026-05-28 09:58:00",technical,en,1,email,0,"2026-05-28 14:11:12"
818,1138,"2026-05-19 07:55:00",subscription,en,3,chat,0,"2026-05-20 06:42:40"
819,534,"2026-06-20 01:57:00",subscription,ja,2,phone,0,"2026-06-20 07:22:07"
820,962,"2026-06-01 18:17:00",technical,de,2,phone,0,"2026-06-02 10:46:53"
821,193,"2026-07-24 16:02:00",subscription,fr,3,chat,0,"2026-07-25 02:52:34"
822,970,"2026-06-03 12:23:00",subscription,fr,1,phone,0,"2026-06-03 21:37:51"
823,1033,"2026-05-08 01:43:00",delivery,en,3,chat,0,"2026-05-08 06:49:37"
824,149,"2026-06-24 23:58:00",account,de,3,phone,0,"2026-06-25 11:01:10"
825,901,"2026-06-17 14:50:00",subscription,ja,1,phone,0,"2026-06-17 20:39:36"
826,703,"2026-05-25 00:48:00",delivery,en,3,email,0,"2026-05-25 11:21:46"
827,469,"2026-06-30 01:43:00",delivery,ja,3,email,0,"2026-06-30 09:49:38"
828,679,"2026-06-15 15:51:00",technical,fr,3,email,0,"2026-06-15 20:23:44"
829,868,"2026-05-25 00:01:00",billing,en,5,chat,0,"2026-05-26 00:12:23"
830,257,"2026-06-01 22:10:00",billing,en,4,email,0,"2026-06-02 11:09:04"
831,64,"2026-07-27 18:22:00",subscription,en,1,chat,0,"2026-07-27 22:10:00"
832,1167,"2026-05-10 11:11:00",technical,en,2,email,0,"2026-05-10 16:50:31"
833,965,"2026-06-11 21:48:00",returns,en,3,chat,0,"2026-06-12 07:38:31"
834,516,"2026-07-18 03:20:00",account,en,2,phone,0,"2026-07-18 07:07:25"
835,466,"2026-07-17 02:23:00",billing,en,1,chat,0,"2026-07-17 05:12:50"
836,765,"2026-06-03 06:54:00",account,en,1,phone,0,"2026-06-03 11:38:40"
837,226,"2026-07-06 05:14:00",returns,en,4,phone,0,"2026-07-06 16:34:06"
838,529,"2026-05-04 01:24:00",account,en,3,email,0,"2026-05-04 23:41:56"
839,1029,"2026-07-06 09:51:00",subscription,de,3,chat,0,"2026-07-06 17:38:23"
840,222,"2026-05-31 16:13:00",returns,en,2,chat,0,"2026-05-31 20:00:36"
841,34,"2026-06-09 03:11:00",subscription,es,3,phone,0,"2026-06-09 17:10:06"
842,823,"2026-07-19 04:23:00",returns,en,2,phone,1,"2026-07-19 10:37:12"
843,209,"2026-07-04 00:41:00",returns,en,2,email,0,"2026-07-04 08:42:15"
844,457,"2026-05-25 13:42:00",billing,en,1,chat,0,"2026-05-25 19:26:49"
845,1113,"2026-06-25 07:42:00",subscription,es,3,chat,0,"2026-06-25 11:48:39"
846,847,"2026-05-08 10:48:00",billing,ja,5,email,0,"2026-05-09 01:29:51"
847,991,"2026-07-23 11:34:00",subscription,ja,3,phone,0,"2026-07-23 18:23:19"
848,230,"2026-06-22 08:10:00",delivery,fr,1,phone,0,"2026-06-22 12:48:57"
849,347,"2026-06-15 16:49:00",billing,en,3,email,0,"2026-06-16 10:39:45"
850,364,"2026-05-24 09:31:00",account,en,3,chat,0,"2026-05-24 16:24:32"
851,248,"2026-05-16 07:57:00",technical,en,2,chat,0,"2026-05-16 12:49:39"
852,757,"2026-06-19 19:36:00",billing,en,5,email,0,"2026-06-20 06:54:30"
853,867,"2026-05-11 08:15:00",account,en,1,email,0,"2026-05-11 14:23:38"
854,167,"2026-07-20 12:34:00",technical,de,5,phone,0,"2026-07-21 00:24:18"
855,104,"2026-06-20 13:20:00",delivery,en,2,chat,0,"2026-06-21 07:45:50"
856,609,"2026-07-20 04:31:00",billing,en,4,chat,0,"2026-07-21 00:34:23"
857,537,"2026-06-28 01:48:00",account,en,2,phone,0,"2026-06-28 08:02:57"
858,378,"2026-05-21 20:45:00",account,en,2,phone,0,"2026-05-22 19:58:08"
859,310,"2026-07-06 18:00:00",billing,en,3,phone,0,"2026-07-07 02:53:34"
860,655,"2026-06-08 02:32:00",delivery,en,2,email,0,"2026-06-08 04:46:12"
861,317,"2026-07-03 20:28:00",subscription,en,3,phone,0,"2026-07-04 11:59:00"
862,416,"2026-07-04 05:58:00",account,es,2,email,0,"2026-07-04 19:41:57"
863,89,"2026-07-29 05:49:00",returns,en,2,phone,0,"2026-07-29 17:28:32"
864,224,"2026-05-27 07:00:00",account,ja,2,phone,0,"2026-05-27 16:26:47"
865,910,"2026-05-07 01:52:00",billing,en,1,chat,0,"2026-05-07 08:34:06"
866,887,"2026-05-12 12:30:00",delivery,en,1,email,0,"2026-05-12 21:20:27"
867,457,"2026-05-02 15:49:00",subscription,en,1,chat,0,"2026-05-02 19:51:50"
868,904,"2026-07-22 17:57:00",delivery,en,2,chat,0,"2026-07-23 06:11:44"
869,1017,"2026-05-26 05:44:00",returns,en,4,chat,0,"2026-05-26 14:36:52"
870,1167,"2026-07-23 02:08:00",subscription,en,4,chat,0,"2026-07-23 10:21:37"
871,751,"2026-07-15 05:27:00",technical,fr,1,email,0,"2026-07-15 16:33:58"
872,244,"2026-05-03 19:24:00",account,en,1,email,0,"2026-05-04 00:33:16"
873,996,"2026-05-25 15:42:00",billing,en,3,phone,0,"2026-05-25 23:08:52"
874,945,"2026-07-27 02:44:00",account,en,3,phone,0,"2026-07-27 09:45:23"
875,503,"2026-05-07 01:35:00",technical,es,1,chat,0,"2026-05-07 08:39:00"
876,418,"2026-05-08 12:14:00",technical,en,2,email,1,"2026-05-08 22:57:26"
877,528,"2026-07-09 09:08:00",technical,en,2,phone,1,"2026-07-09 14:06:38"
878,87,"2026-07-12 18:48:00",subscription,en,3,phone,0,"2026-07-13 00:01:12"
879,302,"2026-07-10 19:18:00",billing,en,2,email,0,"2026-07-11 01:30:51"
880,700,"2026-07-25 05:06:00",delivery,en,1,chat,0,"2026-07-25 12:04:33"
881,839,"2026-05-09 15:56:00",billing,fr,1,chat,0,"2026-05-09 19:26:32"
882,265,"2026-05-19 14:33:00",delivery,en,3,phone,1,"2026-05-19 21:48:31"
883,1080,"2026-05-05 06:59:00",technical,en,2,chat,0,"2026-05-05 22:41:59"
884,184,"2026-06-04 01:51:00",returns,fr,3,email,0,"2026-06-04 07:51:32"
885,651,"2026-07-07 07:03:00",technical,en,3,chat,0,"2026-07-07 10:25:46"
886,677,"2026-05-26 20:14:00",subscription,fr,1,email,0,"2026-05-27 00:44:28"
887,179,"2026-07-24 16:38:00",subscription,en,1,chat,1,"2026-07-25 19:41:16"
888,443,"2026-06-18 07:44:00",returns,en,1,phone,0,"2026-06-18 12:27:42"
889,984,"2026-07-09 07:27:00",billing,es,2,email,0,"2026-07-09 11:47:49"
890,821,"2026-05-17 19:24:00",account,en,2,chat,0,"2026-05-18 04:29:18"
891,228,"2026-06-12 09:35:00",account,en,3,chat,1,"2026-06-13 02:33:12"
892,767,"2026-05-12 04:58:00",delivery,en,1,email,0,"2026-05-12 09:38:53"
893,624,"2026-05-01 01:56:00",billing,en,1,email,0,"2026-05-01 08:01:09"
894,1005,"2026-06-16 13:54:00",subscription,fr,3,chat,0,"2026-06-17 02:19:33"
895,577,"2026-06-09 23:52:00",technical,en,2,phone,0,"2026-06-10 04:27:06"
896,15,"2026-05-20 19:25:00",account,en,4,email,0,"2026-05-21 14:18:38"
897,830,"2026-05-12 16:50:00",subscription,en,1,email,0,"2026-05-13 01:18:27"
898,1185,"2026-05-29 01:36:00",billing,en,1,phone,0,"2026-05-29 11:58:34"
899,412,"2026-05-25 19:09:00",technical,en,2,email,0,"2026-05-26 01:13:28"
900,971,"2026-07-23 00:53:00",technical,en,1,chat,0,"2026-07-23 07:42:54"
901,705,"2026-05-28 02:10:00",account,en,1,phone,0,"2026-05-28 07:01:53"
902,859,"2026-07-26 18:49:00",subscription,fr,2,chat,0,"2026-07-27 02:20:31"
903,463,"2026-05-25 06:36:00",subscription,en,2,email,0,"2026-05-25 11:12:35"
904,814,"2026-07-11 21:47:00",technical,en,2,phone,0,"2026-07-12 19:38:27"
905,140,"2026-06-25 21:10:00",subscription,en,1,phone,0,"2026-06-26 00:59:54"
906,556,"2026-07-09 11:40:00",subscription,en,2,phone,0,"2026-07-09 18:13:10"
907,377,"2026-05-10 05:52:00",delivery,en,2,phone,0,"2026-05-10 10:43:04"
908,717,"2026-06-07 04:14:00",billing,en,2,phone,0,"2026-06-07 10:52:43"
909,743,"2026-05-30 07:04:00",returns,en,1,email,0,"2026-05-30 11:39:23"
910,772,"2026-06-08 06:28:00",subscription,en,3,email,0,"2026-06-08 14:17:31"
911,308,"2026-07-24 03:09:00",billing,de,1,chat,0,"2026-07-24 08:15:44"
912,187,"2026-07-08 10:58:00",returns,en,1,chat,1,"2026-07-08 19:13:26"
913,792,"2026-05-09 11:39:00",billing,en,5,phone,0,"2026-05-10 01:23:56"
914,131,"2026-07-23 23:20:00",billing,es,2,phone,0,"2026-07-24 07:34:04"
915,361,"2026-06-30 10:29:00",technical,en,1,chat,0,"2026-06-30 20:16:40"
916,181,"2026-06-14 17:06:00",account,en,1,chat,1,"2026-06-14 19:21:34"
917,412,"2026-05-29 15:26:00",subscription,en,1,phone,0,"2026-05-30 07:26:01"
918,1169,"2026-07-19 15:45:00",billing,ja,3,chat,0,"2026-07-21 02:03:01"
919,266,"2026-06-23 04:44:00",technical,en,4,chat,1,"2026-06-23 22:39:14"
920,1124,"2026-06-28 01:05:00",account,en,1,phone,0,"2026-06-28 06:58:37"
921,220,"2026-05-31 06:13:00",returns,es,1,chat,0,"2026-05-31 11:52:16"
922,453,"2026-06-15 00:52:00",account,fr,1,email,0,"2026-06-15 03:45:59"
923,82,"2026-07-28 04:39:00",returns,en,1,email,0,"2026-07-29 05:07:44"
924,816,"2026-06-27 00:13:00",returns,fr,3,phone,0,"2026-06-27 10:09:34"
925,649,"2026-05-21 09:15:00",subscription,es,3,chat,0,"2026-05-21 23:46:11"
926,314,"2026-06-18 17:28:00",billing,fr,1,phone,0,"2026-06-18 21:51:51"
927,185,"2026-06-10 20:48:00",subscription,fr,2,phone,0,"2026-06-11 07:16:34"
928,1011,"2026-06-28 02:42:00",account,en,2,phone,1,"2026-06-28 11:28:37"
929,668,"2026-07-19 01:10:00",subscription,en,3,email,0,"2026-07-19 12:25:31"
930,25,"2026-05-24 20:13:00",account,en,3,email,0,"2026-05-25 01:58:33"
931,350,"2026-05-05 17:37:00",billing,fr,1,email,0,"2026-05-05 22:34:16"
932,537,"2026-05-17 02:07:00",subscription,en,1,phone,0,"2026-05-17 05:20:03"
933,903,"2026-07-23 19:12:00",subscription,en,1,email,0,"2026-07-24 03:17:08"
934,546,"2026-05-31 07:16:00",delivery,en,2,phone,0,"2026-05-31 14:05:46"
935,11,"2026-06-03 09:01:00",subscription,en,2,phone,0,"2026-06-04 00:55:35"
936,1004,"2026-07-23 18:00:00",billing,es,4,email,0,"2026-07-24 10:21:36"
937,1196,"2026-05-29 07:29:00",delivery,en,1,email,1,"2026-05-29 22:56:53"
938,182,"2026-05-23 20:10:00",billing,en,1,email,0,"2026-05-24 01:47:36"
939,995,"2026-06-03 14:08:00",delivery,en,2,chat,0,"2026-06-03 20:31:52"
940,1020,"2026-07-13 22:49:00",account,fr,1,phone,0,"2026-07-14 06:06:18"
941,1122,"2026-06-23 08:25:00",billing,fr,2,chat,0,"2026-06-23 22:25:47"
942,845,"2026-07-26 16:50:00",delivery,ja,2,email,0,"2026-07-27 08:35:52"
943,351,"2026-05-12 19:18:00",subscription,en,5,chat,1,"2026-05-13 03:24:54"
944,237,"2026-07-11 12:25:00",returns,en,3,email,0,"2026-07-12 16:42:36"
945,711,"2026-07-18 18:38:00",account,ja,1,email,0,"2026-07-18 22:57:57"
946,268,"2026-05-12 21:43:00",billing,en,4,chat,0,"2026-05-13 10:33:21"
947,738,"2026-07-03 18:35:00",account,en,1,chat,0,"2026-07-04 00:15:55"
948,1029,"2026-05-13 04:02:00",delivery,en,2,chat,0,"2026-05-13 17:11:39"
949,912,"2026-07-26 03:07:00",account,de,2,email,0,"2026-07-26 08:07:32"
950,533,"2026-06-02 13:11:00",returns,es,2,chat,0,"2026-06-03 05:41:29"
951,209,"2026-05-17 05:50:00",subscription,en,1,phone,0,"2026-05-17 11:05:13"
952,1102,"2026-05-31 07:35:00",account,fr,1,chat,0,"2026-05-31 13:01:06"
953,136,"2026-05-09 00:05:00",technical,de,2,chat,0,"2026-05-09 09:51:02"
954,683,"2026-05-05 11:22:00",technical,de,2,phone,0,"2026-05-06 21:50:11"
955,26,"2026-06-15 09:30:00",technical,ja,1,chat,0,"2026-06-15 12:04:42"
956,495,"2026-05-07 06:13:00",account,en,4,phone,0,"2026-05-07 15:17:34"
957,74,"2026-07-18 12:29:00",technical,de,1,phone,0,"2026-07-18 15:50:18"
958,423,"2026-05-22 14:54:00",account,en,1,chat,0,"2026-05-22 20:21:31"
959,777,"2026-06-18 05:25:00",technical,en,3,email,0,"2026-06-18 12:56:15"
960,247,"2026-05-23 16:51:00",technical,ja,1,email,0,"2026-05-23 20:08:15"
961,685,"2026-07-17 13:35:00",billing,en,3,email,0,"2026-07-17 20:28:51"
962,132,"2026-07-29 00:00:00",technical,en,3,chat,0,"2026-07-29 04:10:21"
963,664,"2026-05-29 10:03:00",technical,en,3,email,0,"2026-05-30 05:16:55"
964,1141,"2026-06-20 16:08:00",account,en,1,chat,0,"2026-06-20 20:56:44"
965,572,"2026-06-14 04:51:00",returns,en,3,email,0,"2026-06-14 17:12:35"
966,605,"2026-07-15 00:12:00",technical,fr,1,email,0,"2026-07-15 05:20:28"
967,361,"2026-06-14 09:37:00",delivery,en,4,chat,0,"2026-06-15 03:51:20"
968,727,"2026-07-29 03:36:00",subscription,en,2,chat,0,"2026-07-29 23:23:55"
969,13,"2026-07-19 18:13:00",delivery,en,3,email,0,"2026-07-20 00:59:09"
970,760,"2026-06-02 02:22:00",subscription,en,2,email,0,"2026-06-02 21:56:38"
971,28,"2026-06-16 09:33:00",returns,en,2,chat,0,"2026-06-16 21:14:37"
972,1010,"2026-07-18 05:26:00",account,en,1,email,0,"2026-07-18 21:59:56"
973,157,"2026-05-10 20:18:00",technical,de,1,phone,0,"2026-05-11 02:27:27"
974,569,"2026-06-18 09:08:00",billing,fr,1,email,0,"2026-06-18 13:14:38"
975,997,"2026-06-11 02:29:00",subscription,en,2,phone,0,"2026-06-11 06:41:33"
976,60,"2026-06-18 06:23:00",returns,en,1,chat,0,"2026-06-18 18:05:20"
977,397,"2026-07-22 03:55:00",delivery,en,2,phone,0,"2026-07-22 07:12:53"
978,1144,"2026-06-04 02:34:00",billing,en,1,chat,0,"2026-06-04 10:54:52"
979,1116,"2026-06-02 06:00:00",billing,es,2,email,0,"2026-06-02 14:05:07"
980,1060,"2026-07-18 22:54:00",account,de,3,chat,1,"2026-07-19 02:23:05"
981,577,"2026-06-11 20:45:00",subscription,de,4,chat,1,"2026-06-12 05:00:17"
982,1096,"2026-07-13 16:58:00",delivery,en,2,email,0,"2026-07-14 04:02:36"
983,19,"2026-06-22 12:13:00",returns,en,3,email,0,"2026-06-22 21:01:14"
984,1095,"2026-05-20 12:26:00",subscription,en,2,chat,0,"2026-05-20 17:08:06"
985,344,"2026-07-02 18:53:00",technical,en,2,chat,0,"2026-07-03 06:16:21"
986,1165,"2026-06-19 20:15:00",delivery,en,3,phone,0,"2026-06-19 22:46:53"
987,607,"2026-07-11 03:12:00",returns,en,1,email,0,"2026-07-11 11:09:23"
988,1059,"2026-06-09 20:39:00",subscription,es,1,email,0,"2026-06-10 00:55:41"
989,16,"2026-07-18 16:27:00",account,en,4,email,0,"2026-07-19 01:20:56"
990,612,"2026-06-05 10:18:00",account,en,2,chat,0,"2026-06-05 15:11:47"
991,801,"2026-05-09 10:30:00",returns,en,3,phone,0,"2026-05-09 22:16:27"
992,1007,"2026-06-14 01:09:00",returns,en,1,chat,1,"2026-06-14 05:55:59"
993,204,"2026-06-27 09:49:00",returns,fr,1,phone,0,"2026-06-27 15:44:57"
994,831,"2026-05-10 18:09:00",technical,en,1,phone,0,"2026-05-11 04:07:03"
995,90,"2026-06-18 05:21:00",returns,de,1,chat,0,"2026-06-19 00:05:52"
996,230,"2026-05-02 03:04:00",returns,en,4,phone,0,"2026-05-02 13:33:33"
997,66,"2026-05-26 01:18:00",technical,en,1,email,0,"2026-05-26 05:37:22"
998,25,"2026-07-24 11:09:00",billing,de,1,phone,0,"2026-07-24 17:47:07"
999,1191,"2026-06-08 11:17:00",account,en,3,phone,0,"2026-06-08 18:10:28"
1000,913,"2026-06-16 05:53:00",account,en,2,chat,0,"2026-06-16 14:37:50"
1001,910,"2026-06-23 04:23:00",returns,ja,4,chat,0,"2026-06-23 21:28:00"
1002,666,"2026-07-18 06:59:00",returns,en,3,email,0,"2026-07-18 15:02:47"
1003,1199,"2026-07-04 15:20:00",account,en,1,chat,1,"2026-07-05 01:55:55"
1004,300,"2026-05-09 02:01:00",delivery,en,4,chat,0,"2026-05-09 07:38:59"
1005,797,"2026-07-28 14:10:00",returns,es,3,email,0,"2026-07-29 17:20:37"
1006,466,"2026-07-01 09:39:00",account,fr,1,phone,1,"2026-07-01 10:42:43"
1007,926,"2026-05-02 13:09:00",subscription,en,2,chat,0,"2026-05-02 22:55:40"
1008,320,"2026-07-11 07:41:00",returns,en,3,phone,0,"2026-07-11 13:34:09"
1009,874,"2026-05-11 03:10:00",subscription,fr,2,chat,0,"2026-05-11 18:56:25"
1010,792,"2026-06-12 02:55:00",subscription,en,1,phone,0,"2026-06-12 09:13:11"
1011,87,"2026-06-28 11:40:00",technical,es,4,email,1,"2026-06-29 03:00:31"
1012,39,"2026-06-20 06:05:00",delivery,en,2,chat,0,"2026-06-20 13:11:32"
1013,707,"2026-05-03 08:27:00",subscription,de,2,phone,0,"2026-05-03 13:25:54"
1014,87,"2026-05-28 00:43:00",account,es,1,phone,0,"2026-05-28 17:53:54"
1015,1180,"2026-05-13 22:47:00",account,en,3,chat,0,"2026-05-14 16:55:38"
1016,340,"2026-05-03 01:59:00",returns,ja,1,email,0,"2026-05-03 06:15:25"
1017,693,"2026-05-28 07:13:00",billing,en,1,chat,0,"2026-05-28 13:36:56"
1018,959,"2026-07-15 06:51:00",technical,en,4,phone,1,"2026-07-15 17:11:42"
1019,567,"2026-06-28 21:24:00",technical,en,2,phone,1,"2026-06-28 23:51:01"
1020,1053,"2026-07-11 17:26:00",subscription,es,1,email,0,"2026-07-12 07:20:19"
1021,221,"2026-06-21 20:39:00",billing,en,2,phone,0,"2026-06-22 03:06:31"
1022,82,"2026-06-03 15:39:00",billing,en,2,chat,0,"2026-06-03 23:29:36"
1023,648,"2026-06-23 10:15:00",returns,en,2,phone,0,"2026-06-23 14:59:56"
1024,1096,"2026-07-11 04:40:00",delivery,fr,1,phone,0,"2026-07-11 14:21:21"
1025,1001,"2026-07-24 15:52:00",delivery,en,2,phone,0,"2026-07-24 23:29:35"
1026,854,"2026-07-27 14:12:00",account,en,1,email,0,"2026-07-28 04:20:38"
1027,610,"2026-07-25 21:59:00",returns,en,2,email,0,"2026-07-26 09:09:37"
1028,919,"2026-07-09 22:36:00",account,ja,2,chat,1,"2026-07-10 02:35:26"
1029,1097,"2026-07-18 10:12:00",account,fr,1,chat,0,"2026-07-19 01:37:43"
1030,400,"2026-05-12 06:06:00",returns,de,2,phone,0,"2026-05-12 11:53:28"
1031,895,"2026-05-23 05:49:00",billing,ja,1,email,0,"2026-05-23 15:20:14"
1032,423,"2026-06-08 15:33:00",returns,en,2,chat,0,"2026-06-09 02:28:27"
1033,574,"2026-06-20 05:14:00",subscription,en,1,email,0,"2026-06-20 10:34:50"
1034,623,"2026-05-24 08:54:00",technical,en,1,chat,1,"2026-05-24 18:19:48"
1035,286,"2026-07-27 20:55:00",subscription,en,1,phone,0,"2026-07-28 11:18:15"
1036,375,"2026-07-18 08:00:00",technical,de,1,email,0,"2026-07-18 15:39:25"
1037,977,"2026-07-18 08:36:00",billing,en,2,email,0,"2026-07-18 17:18:52"
1038,360,"2026-05-20 05:58:00",account,en,2,email,0,"2026-05-20 09:54:33"
1039,456,"2026-05-04 10:14:00",returns,en,4,email,0,"2026-05-05 02:16:11"
1040,676,"2026-06-07 02:01:00",subscription,es,1,chat,0,"2026-06-07 10:34:34"
1041,881,"2026-07-18 05:40:00",returns,es,1,chat,0,"2026-07-18 11:59:02"
1042,1002,"2026-06-03 21:52:00",subscription,ja,1,chat,0,"2026-06-04 04:54:51"
1043,598,"2026-06-22 13:31:00",account,en,3,chat,0,"2026-06-23 09:31:04"
1044,298,"2026-05-07 15:18:00",technical,en,1,chat,0,"2026-05-08 02:26:35"
1045,1079,"2026-06-17 03:31:00",billing,en,3,email,0,"2026-06-17 08:36:40"
1046,982,"2026-07-14 11:16:00",account,de,1,email,0,"2026-07-14 16:00:23"
1047,139,"2026-05-08 16:36:00",delivery,en,1,chat,0,"2026-05-08 22:19:09"
1048,969,"2026-06-09 10:12:00",delivery,ja,1,email,0,"2026-06-10 08:05:00"
1049,358,"2026-07-14 14:28:00",subscription,en,2,chat,0,"2026-07-14 19:05:17"
1050,1007,"2026-06-07 12:55:00",account,en,3,chat,0,"2026-06-07 18:18:17"
1051,21,"2026-07-28 18:09:00",technical,en,1,email,0,"2026-07-28 21:14:56"
1052,565,"2026-05-17 02:52:00",account,en,3,phone,0,"2026-05-17 05:06:39"
1053,869,"2026-06-26 10:22:00",technical,en,3,email,1,"2026-06-27 02:18:15"
1054,219,"2026-05-03 00:11:00",billing,en,1,chat,0,"2026-05-03 06:42:17"
1055,679,"2026-07-17 15:38:00",technical,en,2,email,0,"2026-07-18 03:29:29"
1056,212,"2026-07-01 03:45:00",account,en,1,email,0,"2026-07-01 17:03:03"
1057,498,"2026-06-29 12:26:00",billing,fr,3,chat,0,"2026-06-29 22:10:10"
1058,910,"2026-07-16 04:32:00",account,en,1,phone,0,"2026-07-16 08:45:26"
1059,942,"2026-05-07 01:31:00",delivery,es,3,email,0,"2026-05-07 11:10:05"
1060,163,"2026-05-11 09:09:00",delivery,en,2,phone,0,"2026-05-11 16:02:53"
1061,276,"2026-05-31 12:07:00",account,en,2,email,0,"2026-05-31 19:58:05"
1062,935,"2026-05-05 15:47:00",returns,fr,2,email,0,"2026-05-05 22:48:24"
1063,120,"2026-06-03 18:52:00",billing,en,1,chat,1,"2026-06-04 02:49:01"
1064,482,"2026-06-25 13:12:00",account,fr,4,chat,1,"2026-06-26 20:38:51"
1065,252,"2026-06-30 20:35:00",returns,en,1,phone,0,"2026-07-01 06:21:55"
1066,156,"2026-06-11 23:14:00",delivery,es,2,chat,0,"2026-06-12 04:10:32"
1067,603,"2026-07-23 20:24:00",billing,en,1,phone,0,"2026-07-24 03:01:12"
1068,1008,"2026-07-09 04:18:00",technical,es,1,email,0,"2026-07-10 07:14:10"
1069,524,"2026-07-04 18:15:00",billing,de,1,phone,0,"2026-07-05 08:42:30"
1070,544,"2026-06-15 07:42:00",billing,es,5,phone,0,"2026-06-15 18:15:35"
1071,1052,"2026-06-28 17:26:00",account,ja,2,email,0,"2026-06-29 00:05:36"
1072,408,"2026-07-20 04:31:00",delivery,en,2,chat,0,"2026-07-20 08:46:02"
1073,1076,"2026-07-10 16:39:00",subscription,en,3,chat,0,"2026-07-11 04:07:38"
1074,286,"2026-05-02 00:48:00",delivery,es,1,phone,0,"2026-05-02 09:33:52"
1075,346,"2026-06-13 02:49:00",account,es,2,email,0,"2026-06-13 12:50:36"
1076,229,"2026-07-19 07:27:00",returns,en,1,phone,0,"2026-07-19 12:33:08"
1077,448,"2026-05-22 17:48:00",technical,en,1,phone,0,"2026-05-23 05:48:50"
1078,550,"2026-07-17 00:50:00",billing,fr,3,email,0,"2026-07-17 09:30:39"
1079,554,"2026-06-14 10:41:00",billing,es,1,chat,0,"2026-06-14 18:19:46"
1080,420,"2026-05-02 15:18:00",technical,en,3,email,0,"2026-05-03 06:07:32"
1081,740,"2026-07-01 08:28:00",returns,ja,3,phone,0,"2026-07-01 16:16:43"
1082,158,"2026-06-08 22:23:00",subscription,ja,3,chat,0,"2026-06-09 04:12:49"
1083,45,"2026-05-12 14:41:00",returns,es,3,email,0,"2026-05-12 23:11:16"
1084,720,"2026-06-20 05:01:00",account,fr,2,phone,0,"2026-06-20 14:47:58"
1085,166,"2026-06-06 09:37:00",returns,ja,3,email,0,"2026-06-07 01:20:41"
1086,796,"2026-05-29 15:47:00",subscription,en,1,chat,0,"2026-05-29 19:39:38"
1087,351,"2026-05-25 01:24:00",subscription,en,5,chat,0,"2026-05-25 11:03:37"
1088,771,"2026-07-27 01:27:00",account,ja,2,phone,0,"2026-07-27 05:30:20"
1089,1075,"2026-05-30 18:35:00",subscription,en,2,email,0,"2026-05-31 07:03:08"
1090,175,"2026-07-14 01:20:00",billing,en,2,chat,0,"2026-07-14 10:34:09"
1091,988,"2026-07-03 17:02:00",billing,en,1,phone,0,"2026-07-03 21:56:08"
1092,233,"2026-05-16 07:45:00",technical,en,1,chat,0,"2026-05-16 13:54:53"
1093,1106,"2026-05-17 13:10:00",subscription,es,3,email,0,"2026-05-17 21:12:46"
1094,1083,"2026-05-07 17:55:00",account,en,3,email,0,"2026-05-07 23:03:49"
1095,353,"2026-07-25 02:06:00",returns,en,1,phone,0,"2026-07-25 07:39:50"
1096,137,"2026-07-05 06:49:00",delivery,de,2,phone,0,"2026-07-05 16:30:43"
1097,609,"2026-06-27 22:08:00",returns,en,3,email,0,"2026-06-28 06:33:35"
1098,769,"2026-05-11 03:35:00",account,en,1,chat,0,"2026-05-11 07:41:19"
1099,826,"2026-05-04 10:43:00",technical,de,3,email,0,"2026-05-04 17:57:59"
1100,158,"2026-07-12 12:50:00",delivery,en,4,chat,0,"2026-07-13 08:11:12"
1101,373,"2026-07-21 06:46:00",billing,en,5,email,0,"2026-07-22 03:52:54"
1102,1015,"2026-07-07 04:33:00",subscription,en,3,chat,0,"2026-07-07 11:41:52"
1103,602,"2026-06-04 08:23:00",account,en,1,phone,0,"2026-06-05 00:30:31"
1104,480,"2026-05-12 00:41:00",returns,ja,1,email,0,"2026-05-12 07:24:06"
1105,187,"2026-05-19 13:07:00",delivery,es,4,email,0,"2026-05-19 22:52:37"
1106,698,"2026-06-25 13:14:00",delivery,en,1,chat,0,"2026-06-25 20:15:43"
1107,250,"2026-06-19 17:49:00",billing,en,2,phone,0,"2026-06-20 02:53:11"
1108,368,"2026-05-27 03:10:00",subscription,en,2,email,0,"2026-05-27 10:13:17"
1109,159,"2026-05-17 09:58:00",billing,fr,3,chat,0,"2026-05-18 07:48:24"
1110,961,"2026-07-07 07:46:00",account,en,2,email,0,"2026-07-07 19:59:58"
1111,955,"2026-05-21 09:01:00",account,en,3,email,0,"2026-05-21 17:24:18"
1112,471,"2026-05-26 18:41:00",delivery,en,3,email,0,"2026-05-27 10:28:48"
1113,42,"2026-07-29 11:19:00",delivery,ja,1,chat,0,"2026-07-31 15:43:44"
1114,107,"2026-05-16 21:35:00",account,de,1,email,0,"2026-05-17 14:31:58"
1115,791,"2026-06-19 09:58:00",subscription,en,2,chat,0,"2026-06-19 14:18:08"
1116,509,"2026-06-26 10:44:00",delivery,es,5,chat,0,"2026-06-27 06:20:32"
1117,44,"2026-06-16 04:14:00",technical,en,5,email,0,"2026-06-16 16:15:06"
1118,810,"2026-07-03 11:25:00",delivery,en,2,phone,0,"2026-07-03 21:51:42"
1119,622,"2026-05-06 07:08:00",returns,en,2,chat,0,"2026-05-06 12:34:42"
1120,452,"2026-06-06 15:57:00",technical,es,1,phone,0,"2026-06-06 19:15:52"
1121,1194,"2026-05-14 10:12:00",returns,en,4,phone,0,"2026-05-14 17:30:40"
1122,422,"2026-05-04 19:17:00",delivery,en,3,chat,0,"2026-05-05 12:57:04"
1123,623,"2026-06-19 12:09:00",delivery,en,2,chat,0,"2026-06-19 19:46:02"
1124,797,"2026-06-30 07:05:00",account,en,1,phone,0,"2026-07-01 11:18:22"
1125,828,"2026-05-02 09:57:00",technical,en,1,chat,1,"2026-05-02 17:24:09"
1126,83,"2026-05-31 14:10:00",subscription,en,2,phone,0,"2026-06-01 02:23:19"
1127,622,"2026-05-05 19:34:00",billing,es,1,email,0,"2026-05-06 06:57:43"
1128,1080,"2026-05-16 16:50:00",billing,ja,2,chat,0,"2026-05-16 20:19:40"
1129,352,"2026-06-22 09:01:00",technical,en,3,chat,0,"2026-06-23 02:41:32"
1130,825,"2026-06-28 21:40:00",technical,en,2,email,0,"2026-06-29 10:04:02"
1131,932,"2026-05-14 15:18:00",returns,en,2,chat,0,"2026-05-14 20:43:19"
1132,656,"2026-07-11 18:55:00",account,ja,1,phone,0,"2026-07-11 21:48:11"
1133,646,"2026-06-17 19:23:00",technical,en,2,email,0,"2026-06-18 05:45:43"
1134,1002,"2026-07-04 15:21:00",subscription,fr,2,phone,0,"2026-07-05 03:26:43"
1135,151,"2026-06-25 22:57:00",technical,en,2,chat,0,"2026-06-26 06:07:40"
1136,1023,"2026-07-17 22:43:00",account,en,2,phone,0,"2026-07-18 17:17:16"
1137,735,"2026-06-10 17:45:00",subscription,en,1,phone,0,"2026-06-10 20:48:58"
1138,455,"2026-07-15 05:20:00",technical,es,3,email,0,"2026-07-15 20:35:13"
1139,668,"2026-05-04 00:25:00",billing,en,3,chat,0,"2026-05-04 07:14:35"
1140,490,"2026-06-06 01:09:00",billing,en,4,email,0,"2026-06-06 23:00:16"
1141,621,"2026-05-27 02:52:00",returns,de,2,chat,0,"2026-05-27 08:06:09"
1142,268,"2026-05-21 23:57:00",technical,en,3,phone,0,"2026-05-22 09:35:38"
1143,1166,"2026-06-19 20:12:00",delivery,en,1,phone,0,"2026-06-19 22:22:14"
1144,1022,"2026-07-01 05:22:00",subscription,en,2,phone,0,"2026-07-01 12:51:17"
1145,77,"2026-07-22 23:52:00",delivery,ja,2,email,0,"2026-07-23 04:52:54"
1146,764,"2026-05-08 23:13:00",subscription,ja,2,chat,0,"2026-05-09 19:35:06"
1147,945,"2026-07-18 03:28:00",account,en,1,email,0,"2026-07-18 11:18:07"
1148,102,"2026-06-02 10:08:00",technical,en,1,chat,0,"2026-06-03 00:59:53"
1149,1193,"2026-05-02 12:30:00",subscription,ja,2,chat,0,"2026-05-02 14:58:49"
1150,435,"2026-07-26 04:46:00",account,de,2,email,1,"2026-07-26 15:33:00"
1151,262,"2026-07-11 05:43:00",returns,en,2,chat,0,"2026-07-11 11:12:33"
1152,658,"2026-05-14 12:21:00",returns,de,3,phone,0,"2026-05-14 18:35:16"
1153,474,"2026-06-01 09:57:00",delivery,en,2,email,0,"2026-06-01 22:25:29"
1154,546,"2026-05-09 21:46:00",billing,fr,4,chat,0,"2026-05-10 09:17:05"
1155,58,"2026-06-26 01:00:00",billing,en,1,email,0,"2026-06-26 12:41:44"
1156,1098,"2026-06-26 22:15:00",returns,ja,2,chat,0,"2026-06-27 01:55:38"
1157,1075,"2026-06-03 00:32:00",returns,en,5,email,0,"2026-06-03 20:28:29"
1158,1062,"2026-06-25 11:55:00",returns,en,1,phone,0,"2026-06-25 17:56:20"
1159,1024,"2026-05-26 07:32:00",technical,en,3,phone,1,"2026-05-27 08:14:07"
1160,367,"2026-06-30 02:57:00",account,es,3,chat,0,"2026-06-30 19:49:43"
1161,209,"2026-05-27 03:16:00",account,fr,3,chat,0,"2026-05-27 07:55:46"
1162,215,"2026-06-26 11:00:00",subscription,ja,1,phone,0,"2026-06-26 21:57:56"
1163,715,"2026-07-10 21:30:00",billing,de,2,email,0,"2026-07-11 04:04:52"
1164,699,"2026-07-19 12:30:00",billing,ja,3,email,1,"2026-07-19 19:02:03"
1165,1064,"2026-05-14 18:30:00",account,en,2,email,0,"2026-05-15 05:05:24"
1166,470,"2026-06-04 11:28:00",returns,en,5,phone,0,"2026-06-05 23:30:29"
1167,302,"2026-07-03 00:36:00",subscription,en,2,phone,0,"2026-07-03 07:35:00"
1168,32,"2026-07-21 08:51:00",technical,es,2,chat,0,"2026-07-21 13:02:21"
1169,192,"2026-07-13 00:47:00",returns,en,1,email,0,"2026-07-13 08:37:29"
1170,300,"2026-05-15 13:37:00",delivery,en,1,phone,0,"2026-05-16 01:38:23"
1171,301,"2026-07-28 02:56:00",technical,en,1,email,1,"2026-07-28 08:52:17"
1172,241,"2026-05-08 06:25:00",subscription,de,3,phone,0,"2026-05-08 13:59:12"
1173,641,"2026-05-15 10:51:00",billing,en,2,email,0,"2026-05-15 21:23:02"
1174,1085,"2026-05-17 09:46:00",account,en,2,email,0,"2026-05-18 07:04:35"
1175,520,"2026-05-22 17:04:00",billing,en,1,phone,1,"2026-05-23 09:23:09"
1176,233,"2026-07-05 05:15:00",technical,en,3,email,0,"2026-07-05 14:49:22"
1177,645,"2026-06-10 06:20:00",returns,en,3,email,0,"2026-06-10 16:05:54"
1178,67,"2026-07-05 02:08:00",subscription,es,2,phone,0,"2026-07-05 11:08:23"
1179,343,"2026-05-13 10:34:00",technical,en,3,email,0,"2026-05-13 20:28:52"
1180,770,"2026-07-27 03:44:00",account,en,1,chat,1,"2026-07-27 17:40:56"
1181,1193,"2026-06-21 09:17:00",delivery,es,2,chat,0,"2026-06-21 16:20:43"
1182,871,"2026-06-30 14:49:00",account,fr,1,chat,0,"2026-06-30 18:22:59"
1183,439,"2026-05-09 08:35:00",returns,en,3,chat,0,"2026-05-09 12:47:24"
1184,362,"2026-05-26 08:30:00",account,en,3,email,0,"2026-05-26 14:44:54"
1185,637,"2026-05-07 12:10:00",billing,fr,2,chat,0,"2026-05-07 22:06:46"
1186,806,"2026-06-08 07:14:00",account,es,3,phone,0,"2026-06-09 00:38:38"
1187,164,"2026-06-09 06:29:00",subscription,de,2,email,0,"2026-06-09 16:10:38"
1188,846,"2026-05-14 11:14:00",technical,en,4,chat,0,"2026-05-14 18:12:42"
1189,466,"2026-05-29 12:48:00",technical,en,1,phone,0,"2026-05-29 19:25:03"
1190,909,"2026-06-22 14:19:00",technical,es,4,chat,0,"2026-06-23 08:18:50"
1191,41,"2026-07-22 10:56:00",subscription,es,1,email,0,"2026-07-22 17:49:52"
1192,962,"2026-06-29 00:59:00",returns,es,1,email,0,"2026-06-29 07:13:20"
1193,1064,"2026-05-16 22:18:00",account,en,1,phone,1,"2026-05-17 12:12:48"
1194,715,"2026-06-23 12:20:00",delivery,en,4,phone,0,"2026-06-24 07:30:35"
1195,662,"2026-05-08 13:44:00",billing,en,2,chat,0,"2026-05-08 17:22:14"
1196,1192,"2026-07-22 21:42:00",subscription,en,2,email,0,"2026-07-23 04:24:50"
1197,56,"2026-05-09 04:54:00",account,en,2,phone,0,"2026-05-09 16:30:33"
1198,787,"2026-06-16 12:16:00",account,en,2,phone,0,"2026-06-16 20:00:22"
1199,1018,"2026-05-08 05:21:00",subscription,en,1,email,0,"2026-05-08 11:23:52"
1200,137,"2026-07-10 06:44:00",technical,en,1,chat,0,"2026-07-10 09:30:36"
1201,732,"2026-05-30 21:30:00",delivery,fr,4,phone,0,"2026-05-31 04:42:30"
1202,965,"2026-05-18 04:58:00",delivery,fr,1,email,0,"2026-05-18 14:33:45"
1203,197,"2026-05-17 16:59:00",returns,en,2,chat,0,"2026-05-18 08:37:22"
1204,1156,"2026-06-25 22:59:00",delivery,en,3,chat,1,"2026-06-26 04:32:27"
1205,1116,"2026-05-29 03:24:00",returns,es,4,chat,1,"2026-05-29 17:52:23"
1206,724,"2026-06-22 17:53:00",account,en,1,email,1,"2026-06-23 02:19:49"
1207,134,"2026-05-13 00:30:00",account,es,1,chat,0,"2026-05-13 06:31:31"
1208,497,"2026-07-16 09:13:00",billing,de,1,email,0,"2026-07-17 02:24:56"
1209,58,"2026-06-08 18:36:00",subscription,en,3,email,0,"2026-06-09 17:53:08"
1210,878,"2026-05-23 08:33:00",billing,en,1,chat,0,"2026-05-23 22:04:57"
1211,535,"2026-07-07 13:08:00",technical,ja,1,phone,0,"2026-07-07 19:13:00"
1212,908,"2026-06-28 07:54:00",returns,en,2,chat,0,"2026-06-29 00:39:03"
1213,102,"2026-06-11 03:34:00",returns,en,2,phone,0,"2026-06-11 09:37:27"
1214,795,"2026-05-26 09:04:00",returns,en,1,phone,0,"2026-05-26 18:39:44"
1215,1069,"2026-05-24 00:37:00",returns,es,1,email,0,"2026-05-24 08:18:43"
1216,244,"2026-05-24 08:00:00",subscription,ja,1,email,0,"2026-05-24 15:34:44"
1217,377,"2026-05-27 02:54:00",delivery,en,3,email,0,"2026-05-27 12:23:14"
1218,838,"2026-07-16 09:39:00",technical,en,1,email,0,"2026-07-16 17:51:46"
1219,914,"2026-06-04 08:02:00",subscription,en,1,phone,0,"2026-06-05 10:20:43"
1220,124,"2026-05-26 12:43:00",delivery,fr,2,phone,0,"2026-05-26 17:14:35"
1221,827,"2026-05-14 03:41:00",account,en,2,phone,0,"2026-05-14 13:56:13"
1222,276,"2026-07-18 22:04:00",returns,de,3,phone,1,"2026-07-19 06:18:48"
1223,963,"2026-05-16 06:36:00",returns,en,2,chat,0,"2026-05-17 03:16:38"
1224,1094,"2026-07-27 14:00:00",delivery,fr,2,email,0,"2026-07-27 20:43:21"
1225,218,"2026-07-12 05:43:00",technical,en,2,chat,0,"2026-07-12 15:01:41"
1226,880,"2026-06-24 01:08:00",returns,en,2,phone,0,"2026-06-24 17:50:23"
1227,1097,"2026-05-31 13:11:00",delivery,es,3,email,0,"2026-06-01 04:40:46"
1228,723,"2026-05-15 15:40:00",account,en,1,phone,0,"2026-05-15 21:37:14"
1229,1005,"2026-06-03 11:32:00",returns,en,1,email,0,"2026-06-03 17:26:16"
1230,1118,"2026-07-17 04:05:00",technical,en,3,email,0,"2026-07-18 00:29:05"
1231,197,"2026-07-13 01:49:00",returns,en,1,chat,0,"2026-07-13 19:00:56"
1232,275,"2026-05-02 08:19:00",technical,ja,2,chat,0,"2026-05-02 15:26:11"
1233,146,"2026-07-03 19:29:00",subscription,es,1,phone,0,"2026-07-03 22:20:05"
1234,1198,"2026-05-05 09:35:00",returns,es,2,email,0,"2026-05-06 00:17:12"
1235,331,"2026-05-07 18:52:00",returns,es,3,phone,0,"2026-05-08 04:00:44"
1236,217,"2026-06-18 12:28:00",subscription,ja,1,email,0,"2026-06-19 01:45:48"
1237,1175,"2026-06-06 11:14:00",returns,en,1,phone,0,"2026-06-06 21:42:22"
1238,986,"2026-05-31 19:37:00",returns,en,2,email,0,"2026-06-01 01:07:52"
1239,1047,"2026-05-14 00:51:00",technical,en,2,phone,0,"2026-05-14 15:16:46"
1240,204,"2026-06-21 08:57:00",subscription,en,1,phone,1,"2026-06-22 06:22:05"
1241,912,"2026-07-16 03:09:00",account,fr,5,email,0,"2026-07-17 02:43:37"
1242,170,"2026-05-25 01:06:00",subscription,en,2,phone,1,"2026-05-25 04:06:36"
1243,573,"2026-06-02 11:25:00",returns,en,1,email,0,"2026-06-02 19:17:59"
1244,359,"2026-06-05 07:27:00",delivery,en,3,phone,0,"2026-06-05 11:56:53"
1245,626,"2026-05-01 07:51:00",billing,en,1,chat,0,"2026-05-01 19:25:19"
1246,153,"2026-06-17 23:27:00",technical,en,3,email,0,"2026-06-18 09:06:24"
1247,1159,"2026-06-22 09:27:00",delivery,de,2,email,0,"2026-06-22 16:42:20"
1248,234,"2026-07-23 22:12:00",delivery,ja,2,email,0,"2026-07-24 02:17:25"
1249,751,"2026-06-08 00:54:00",delivery,en,1,chat,0,"2026-06-08 05:19:48"
1250,930,"2026-06-29 04:10:00",delivery,en,2,email,0,"2026-06-29 18:08:26"
1251,979,"2026-05-21 16:31:00",subscription,en,1,chat,0,"2026-05-21 17:50:02"
1252,1108,"2026-06-25 01:35:00",subscription,es,2,phone,0,"2026-06-25 11:59:24"
1253,196,"2026-07-11 08:15:00",account,en,1,phone,1,"2026-07-11 15:37:43"
1254,410,"2026-06-29 21:39:00",technical,en,1,email,0,"2026-06-30 01:02:55"
1255,525,"2026-05-14 00:06:00",returns,en,2,phone,0,"2026-05-14 06:18:03"
1256,211,"2026-07-19 21:46:00",subscription,en,3,chat,0,"2026-07-20 06:39:32"
1257,678,"2026-07-29 09:36:00",subscription,es,3,phone,0,"2026-07-29 21:42:41"
1258,481,"2026-07-10 03:38:00",delivery,es,2,chat,0,"2026-07-10 12:09:45"
1259,175,"2026-07-24 14:29:00",technical,es,1,chat,0,"2026-07-24 20:26:24"
1260,179,"2026-07-05 16:35:00",account,en,1,phone,0,"2026-07-05 20:18:10"
1261,1023,"2026-06-16 02:49:00",technical,ja,1,chat,0,"2026-06-16 09:09:32"
1262,547,"2026-05-07 04:19:00",account,en,5,chat,1,"2026-05-08 00:30:05"
1263,593,"2026-06-13 18:08:00",technical,en,4,chat,0,"2026-06-15 00:49:12"
1264,548,"2026-05-16 16:56:00",subscription,fr,3,phone,0,"2026-05-16 22:46:29"
1265,316,"2026-06-21 12:12:00",billing,en,2,chat,0,"2026-06-21 14:07:26"
1266,1027,"2026-07-11 10:46:00",billing,en,2,email,0,"2026-07-12 04:44:26"
1267,557,"2026-06-17 01:29:00",account,fr,1,phone,0,"2026-06-17 07:08:34"
1268,169,"2026-06-30 07:55:00",technical,fr,1,email,0,"2026-06-30 14:25:49"
1269,777,"2026-05-03 02:17:00",account,en,1,chat,0,"2026-05-03 11:54:38"
1270,648,"2026-06-17 05:01:00",account,en,2,email,0,"2026-06-17 09:22:50"
1271,859,"2026-05-26 12:50:00",billing,en,2,chat,0,"2026-05-26 20:49:04"
1272,268,"2026-07-10 16:56:00",returns,en,5,phone,0,"2026-07-11 21:19:39"
1273,917,"2026-06-06 21:04:00",technical,en,1,chat,0,"2026-06-07 02:18:17"
1274,481,"2026-06-12 07:05:00",technical,en,3,email,0,"2026-06-12 14:03:13"
1275,69,"2026-07-13 21:58:00",subscription,en,2,chat,0,"2026-07-14 19:05:34"
1276,89,"2026-05-04 02:59:00",returns,en,2,chat,0,"2026-05-04 12:05:58"
1277,324,"2026-06-17 01:01:00",account,en,2,phone,0,"2026-06-17 04:39:45"
1278,892,"2026-06-08 03:56:00",returns,es,1,email,0,"2026-06-08 09:29:09"
1279,253,"2026-07-06 10:55:00",subscription,ja,1,phone,0,"2026-07-07 03:41:28"
1280,417,"2026-07-07 13:20:00",subscription,de,2,email,0,"2026-07-08 02:02:56"
1281,813,"2026-05-14 01:49:00",delivery,en,2,phone,0,"2026-05-15 04:06:06"
1282,1007,"2026-06-09 20:25:00",account,fr,2,email,0,"2026-06-10 01:18:38"
1283,800,"2026-05-22 05:02:00",returns,en,3,chat,0,"2026-05-22 12:33:57"
1284,52,"2026-05-27 21:13:00",technical,ja,2,phone,0,"2026-05-28 03:03:57"
1285,597,"2026-06-24 15:15:00",account,en,3,phone,0,"2026-06-25 02:17:04"
1286,1164,"2026-07-14 07:36:00",billing,ja,4,email,0,"2026-07-14 21:48:48"
1287,6,"2026-06-16 13:11:00",returns,en,3,chat,0,"2026-06-16 19:16:11"
1288,364,"2026-05-09 05:02:00",account,en,1,chat,1,"2026-05-09 09:32:48"
1289,965,"2026-05-04 05:48:00",delivery,en,1,chat,0,"2026-05-05 22:54:10"
1290,190,"2026-07-15 21:05:00",billing,en,1,chat,0,"2026-07-16 04:32:51"
1291,710,"2026-07-07 18:38:00",account,en,1,phone,0,"2026-07-08 03:25:45"
1292,556,"2026-05-03 13:14:00",account,de,1,email,0,"2026-05-03 21:21:13"
1293,25,"2026-05-13 17:43:00",delivery,en,2,phone,0,"2026-05-13 21:43:07"
1294,304,"2026-07-24 05:39:00",returns,en,2,phone,0,"2026-07-24 13:13:27"
1295,356,"2026-06-12 06:01:00",delivery,en,3,chat,0,"2026-06-12 14:05:30"
1296,643,"2026-06-07 12:29:00",account,fr,1,chat,0,"2026-06-07 19:08:43"
1297,234,"2026-06-08 11:46:00",subscription,en,1,email,0,"2026-06-08 21:54:14"
1298,994,"2026-07-02 21:47:00",returns,en,4,chat,0,"2026-07-05 03:34:15"
1299,566,"2026-05-22 12:54:00",subscription,en,2,email,0,"2026-05-22 18:37:18"
1300,194,"2026-05-03 12:13:00",subscription,en,1,chat,0,"2026-05-04 04:37:48"
1301,2,"2026-07-23 17:39:00",account,de,3,phone,1,"2026-07-24 03:33:19"
1302,729,"2026-06-26 13:18:00",subscription,de,4,chat,0,"2026-06-26 20:54:12"
1303,847,"2026-06-12 19:00:00",technical,en,1,email,0,"2026-06-13 05:40:45"
1304,989,"2026-06-05 06:32:00",technical,fr,1,chat,0,"2026-06-05 09:52:23"
1305,563,"2026-07-19 12:25:00",returns,en,4,chat,0,"2026-07-20 01:39:08"
1306,190,"2026-06-21 10:29:00",account,en,2,phone,0,"2026-06-21 19:45:51"
1307,404,"2026-07-23 15:40:00",returns,en,1,phone,0,"2026-07-23 17:48:51"
1308,283,"2026-05-17 13:22:00",returns,de,5,email,0,"2026-05-17 21:04:45"
1309,254,"2026-05-15 16:32:00",returns,en,4,chat,0,"2026-05-15 21:58:43"
1310,1093,"2026-06-18 22:06:00",account,en,2,phone,0,"2026-06-19 10:49:23"
1311,937,"2026-07-15 02:15:00",technical,en,2,chat,0,"2026-07-15 06:06:53"
1312,24,"2026-06-22 14:14:00",account,en,2,chat,0,"2026-06-23 03:07:00"
1313,1190,"2026-05-23 15:54:00",billing,en,4,chat,0,"2026-05-24 01:35:02"
1314,675,"2026-07-20 15:35:00",account,en,1,email,0,"2026-07-21 00:16:50"
1315,314,"2026-07-12 10:06:00",account,en,2,phone,0,"2026-07-12 18:03:08"
1316,329,"2026-05-02 23:18:00",returns,de,1,email,0,"2026-05-03 03:09:37"
1317,1126,"2026-07-15 02:49:00",technical,fr,1,chat,1,"2026-07-15 16:22:34"
1318,75,"2026-05-21 13:24:00",delivery,ja,1,chat,0,"2026-05-22 05:39:10"
1319,869,"2026-07-21 03:37:00",account,de,2,chat,0,"2026-07-21 08:20:57"
1320,1000,"2026-05-07 17:42:00",technical,en,2,email,0,"2026-05-07 22:51:27"
1321,416,"2026-06-26 01:55:00",technical,de,3,phone,0,"2026-06-26 06:57:31"
1322,908,"2026-06-06 03:09:00",delivery,ja,3,email,0,"2026-06-06 17:06:06"
1323,534,"2026-05-11 13:44:00",account,en,2,chat,0,"2026-05-11 17:17:33"
1324,131,"2026-05-28 19:00:00",returns,en,1,chat,0,"2026-05-29 04:24:56"
1325,941,"2026-06-08 07:42:00",returns,ja,3,chat,0,"2026-06-08 13:39:55"
1326,439,"2026-05-21 16:55:00",account,es,3,chat,0,"2026-05-22 04:27:35"
1327,83,"2026-07-29 11:09:00",account,ja,1,phone,0,"2026-07-29 23:34:17"
1328,199,"2026-06-09 09:43:00",technical,en,2,chat,0,"2026-06-09 14:48:17"
1329,968,"2026-05-28 13:54:00",delivery,en,3,phone,0,"2026-05-29 00:31:40"
1330,1161,"2026-07-29 15:54:00",returns,en,2,phone,0,"2026-07-29 20:15:16"
1331,153,"2026-07-17 20:29:00",billing,es,3,email,0,"2026-07-18 01:53:36"
1332,308,"2026-05-06 15:20:00",subscription,de,1,phone,0,"2026-05-06 21:38:57"
1333,733,"2026-07-27 16:25:00",delivery,en,2,email,0,"2026-07-27 22:33:24"
1334,63,"2026-07-20 15:46:00",billing,en,1,email,0,"2026-07-20 23:55:43"
1335,364,"2026-05-27 00:36:00",technical,en,3,phone,0,"2026-05-27 05:24:02"
1336,696,"2026-06-14 11:52:00",returns,en,1,phone,0,"2026-06-15 00:15:31"
1337,736,"2026-07-23 16:03:00",billing,en,3,chat,0,"2026-07-23 19:14:30"
1338,605,"2026-06-20 18:06:00",billing,en,2,email,0,"2026-06-21 05:55:43"
1339,1177,"2026-06-10 17:08:00",delivery,de,1,email,0,"2026-06-11 00:23:45"
1340,537,"2026-06-25 16:24:00",returns,en,3,chat,0,"2026-06-26 11:30:59"
1341,605,"2026-07-12 08:03:00",subscription,es,2,email,0,"2026-07-12 17:08:13"
1342,508,"2026-05-31 07:27:00",delivery,en,1,phone,0,"2026-05-31 14:51:26"
1343,138,"2026-06-21 14:44:00",account,ja,1,email,0,"2026-06-21 18:21:29"
1344,11,"2026-07-11 07:01:00",delivery,en,1,email,0,"2026-07-11 08:57:37"
1345,935,"2026-05-12 09:35:00",returns,fr,1,email,0,"2026-05-12 15:44:11"
1346,455,"2026-06-27 08:37:00",billing,en,1,phone,0,"2026-06-27 12:14:31"
1347,195,"2026-05-23 07:58:00",returns,en,2,phone,0,"2026-05-23 15:57:22"
1348,574,"2026-05-16 08:28:00",billing,en,1,email,0,"2026-05-16 23:02:06"
1349,843,"2026-06-02 13:45:00",delivery,es,2,email,0,"2026-06-02 22:22:46"
1350,32,"2026-05-06 12:32:00",account,de,1,email,0,"2026-05-06 22:18:48"
1351,632,"2026-06-11 16:10:00",technical,fr,3,chat,0,"2026-06-11 21:27:35"
1352,516,"2026-06-23 08:41:00",returns,en,1,phone,1,"2026-06-23 17:59:23"
1353,677,"2026-06-12 23:44:00",billing,en,2,phone,0,"2026-06-13 02:10:09"
1354,973,"2026-07-23 23:20:00",billing,ja,2,email,0,"2026-07-24 10:43:48"
1355,997,"2026-07-25 21:38:00",account,en,3,email,0,"2026-07-26 06:26:16"
1356,1101,"2026-05-16 05:49:00",delivery,en,1,email,0,"2026-05-16 16:53:26"
1357,265,"2026-07-17 03:51:00",returns,en,3,email,0,"2026-07-18 18:53:02"
1358,870,"2026-05-07 09:52:00",returns,es,2,phone,0,"2026-05-07 19:34:27"
1359,704,"2026-05-24 19:39:00",billing,en,1,phone,0,"2026-05-25 08:10:40"
1360,984,"2026-07-27 10:06:00",returns,en,3,phone,0,"2026-07-27 23:27:37"
1361,217,"2026-06-26 11:34:00",subscription,en,1,chat,0,"2026-06-26 16:58:08"
1362,1108,"2026-05-04 20:42:00",returns,es,1,chat,0,"2026-05-05 07:25:27"
1363,818,"2026-05-30 12:09:00",delivery,en,1,phone,0,"2026-05-30 17:30:36"
1364,928,"2026-05-12 20:35:00",billing,en,3,email,0,"2026-05-13 19:28:29"
1365,906,"2026-05-12 12:45:00",returns,ja,1,chat,0,"2026-05-12 19:01:15"
1366,361,"2026-07-13 00:30:00",returns,en,1,chat,0,"2026-07-13 05:18:14"
1367,400,"2026-07-18 11:15:00",technical,en,1,email,0,"2026-07-18 16:02:14"
1368,568,"2026-06-15 07:30:00",billing,en,3,phone,0,"2026-06-15 13:01:22"
1369,688,"2026-06-10 19:35:00",technical,en,1,chat,0,"2026-06-11 07:56:29"
1370,547,"2026-07-09 12:39:00",subscription,en,2,chat,0,"2026-07-09 22:30:29"
1371,672,"2026-05-17 00:11:00",account,en,1,email,0,"2026-05-18 04:22:20"
1372,1028,"2026-07-08 07:52:00",account,en,1,email,0,"2026-07-08 13:41:10"
1373,55,"2026-06-10 03:53:00",billing,en,2,chat,0,"2026-06-10 08:11:33"
1374,658,"2026-05-01 21:29:00",account,es,3,phone,0,"2026-05-02 08:36:09"
1375,162,"2026-06-11 14:38:00",delivery,en,2,chat,0,"2026-06-11 22:35:04"
1376,67,"2026-06-26 18:20:00",account,en,1,chat,0,"2026-06-27 01:00:00"
1377,126,"2026-05-19 20:12:00",technical,en,4,phone,0,"2026-05-20 05:43:56"
1378,398,"2026-07-13 12:52:00",subscription,ja,2,email,0,"2026-07-14 00:04:13"
1379,732,"2026-05-12 09:17:00",technical,en,3,chat,0,"2026-05-12 23:50:08"
1380,617,"2026-07-07 08:54:00",billing,en,3,email,0,"2026-07-07 14:37:40"
1381,809,"2026-07-06 20:10:00",subscription,en,5,email,0,"2026-07-07 04:30:53"
1382,1175,"2026-07-07 07:30:00",billing,en,1,phone,0,"2026-07-07 12:39:25"
1383,125,"2026-06-04 13:06:00",delivery,en,1,email,0,"2026-06-04 17:46:44"
1384,962,"2026-06-19 20:49:00",technical,ja,3,phone,0,"2026-06-20 06:25:57"
1385,606,"2026-07-21 23:02:00",returns,de,3,chat,0,"2026-07-22 05:54:48"
1386,521,"2026-05-12 06:24:00",billing,en,4,email,0,"2026-05-13 03:48:19"
1387,869,"2026-06-29 10:16:00",delivery,fr,1,email,0,"2026-06-29 13:37:11"
1388,330,"2026-06-13 17:53:00",returns,en,1,chat,0,"2026-06-14 00:30:34"
1389,411,"2026-06-04 05:46:00",subscription,en,4,chat,0,"2026-06-04 17:18:40"
1390,977,"2026-05-31 09:02:00",subscription,de,2,email,0,"2026-05-31 12:46:21"
1391,577,"2026-07-08 06:42:00",subscription,en,1,chat,0,"2026-07-08 11:09:41"
1392,215,"2026-06-23 14:26:00",billing,ja,1,email,0,"2026-06-24 02:17:13"
1393,1030,"2026-05-16 17:47:00",account,en,2,chat,0,"2026-05-17 00:59:04"
1394,1097,"2026-07-06 17:35:00",billing,en,2,chat,0,"2026-07-07 00:38:37"
1395,695,"2026-07-20 23:42:00",returns,en,4,email,0,"2026-07-21 19:29:26"
1396,354,"2026-06-29 14:03:00",subscription,en,1,phone,0,"2026-06-30 01:03:09"
1397,356,"2026-06-01 20:36:00",billing,ja,1,email,0,"2026-06-02 01:12:38"
1398,1068,"2026-05-17 01:47:00",delivery,ja,2,email,0,"2026-05-17 03:39:44"
1399,269,"2026-05-26 20:11:00",account,fr,2,phone,0,"2026-05-27 23:21:29"
1400,1101,"2026-06-16 02:39:00",account,es,3,chat,0,"2026-06-16 13:15:37"
1401,152,"2026-05-22 21:41:00",subscription,de,1,email,0,"2026-05-23 04:25:39"
1402,154,"2026-06-23 07:13:00",returns,en,2,chat,0,"2026-06-24 00:10:16"
1403,845,"2026-07-28 08:39:00",subscription,es,3,phone,0,"2026-07-28 22:48:43"
1404,705,"2026-06-08 06:34:00",technical,fr,1,email,1,"2026-06-08 17:21:30"
1405,1050,"2026-07-19 12:53:00",billing,en,1,phone,0,"2026-07-19 16:04:32"
1406,1064,"2026-07-14 20:41:00",returns,es,1,chat,0,"2026-07-15 00:10:39"
1407,479,"2026-06-29 05:22:00",returns,en,1,phone,0,"2026-06-29 08:00:28"
1408,913,"2026-07-26 17:00:00",delivery,es,3,chat,0,"2026-07-27 04:12:07"
1409,804,"2026-07-17 04:15:00",subscription,en,5,chat,0,"2026-07-17 11:16:10"
1410,1077,"2026-06-03 13:01:00",delivery,en,4,email,0,"2026-06-03 20:16:38"
1411,100,"2026-07-18 21:31:00",account,es,2,chat,0,"2026-07-19 00:23:35"
1412,530,"2026-05-24 03:35:00",delivery,de,3,chat,0,"2026-05-24 06:54:07"
1413,218,"2026-07-13 15:15:00",account,de,1,phone,0,"2026-07-13 19:11:58"
1414,720,"2026-07-27 21:58:00",technical,es,3,email,0,"2026-07-28 16:48:04"
1415,101,"2026-07-26 23:57:00",billing,en,2,phone,0,"2026-07-27 11:10:28"
1416,987,"2026-06-07 12:26:00",account,en,4,email,0,"2026-06-08 04:39:51"
1417,970,"2026-06-09 07:00:00",technical,en,1,chat,0,"2026-06-09 15:21:50"
1418,159,"2026-06-19 04:12:00",technical,en,2,email,0,"2026-06-20 02:10:15"
1419,192,"2026-06-16 06:30:00",returns,en,1,email,0,"2026-06-16 09:19:05"
1420,1145,"2026-05-24 08:04:00",subscription,en,2,email,0,"2026-05-24 15:57:25"
1421,1168,"2026-05-29 11:23:00",returns,en,4,phone,0,"2026-05-29 20:59:36"
1422,508,"2026-05-10 08:18:00",delivery,en,2,email,0,"2026-05-10 14:25:56"
1423,272,"2026-05-01 23:14:00",delivery,en,1,chat,0,"2026-05-02 03:22:47"
1424,604,"2026-07-08 12:26:00",delivery,en,2,chat,0,"2026-07-08 19:11:17"
1425,227,"2026-06-27 06:20:00",returns,es,2,email,0,"2026-06-27 22:24:19"
1426,495,"2026-07-20 13:53:00",returns,fr,1,email,0,"2026-07-21 00:42:30"
1427,930,"2026-06-15 05:41:00",delivery,fr,1,phone,0,"2026-06-15 11:56:41"
1428,79,"2026-07-26 04:09:00",billing,en,1,phone,0,"2026-07-26 12:35:32"
1429,101,"2026-07-05 18:12:00",subscription,ja,2,phone,0,"2026-07-06 00:27:13"
1430,348,"2026-05-13 07:33:00",returns,en,2,phone,0,"2026-05-13 12:55:31"
1431,1053,"2026-07-28 20:23:00",account,es,1,chat,0,"2026-07-28 22:57:50"
1432,6,"2026-05-26 22:01:00",subscription,en,3,phone,0,"2026-05-27 02:15:22"
1433,722,"2026-05-07 09:36:00",returns,es,1,phone,0,"2026-05-07 19:01:33"
1434,983,"2026-07-14 18:33:00",account,fr,2,chat,0,"2026-07-14 22:35:49"
1435,113,"2026-05-26 02:06:00",delivery,en,3,email,0,"2026-05-26 05:49:40"
1436,950,"2026-06-05 23:16:00",delivery,en,3,email,0,"2026-06-06 13:40:15"
1437,393,"2026-05-13 18:42:00",account,en,2,chat,0,"2026-05-14 04:25:15"
1438,846,"2026-07-15 20:20:00",returns,en,2,chat,0,"2026-07-16 03:00:20"
1439,1078,"2026-06-23 05:47:00",returns,en,2,chat,0,"2026-06-23 17:54:31"
1440,66,"2026-05-19 10:24:00",billing,en,4,phone,0,"2026-05-20 09:51:29"
1441,680,"2026-05-13 20:58:00",subscription,en,2,email,0,"2026-05-14 03:54:08"
1442,606,"2026-05-07 20:00:00",technical,ja,1,chat,0,"2026-05-07 22:17:42"
1443,753,"2026-06-06 07:39:00",subscription,en,3,phone,0,"2026-06-06 10:32:02"
1444,810,"2026-06-09 04:07:00",billing,en,2,email,0,"2026-06-09 13:25:18"
1445,732,"2026-06-22 09:31:00",subscription,es,4,phone,0,"2026-06-22 16:11:49"
1446,595,"2026-07-04 02:22:00",subscription,de,2,phone,1,"2026-07-04 06:54:30"
1447,255,"2026-06-29 05:29:00",technical,en,2,chat,0,"2026-06-29 07:16:05"
1448,778,"2026-06-05 08:36:00",delivery,ja,2,phone,0,"2026-06-05 16:47:28"
1449,1124,"2026-05-30 06:19:00",account,en,2,email,0,"2026-05-30 12:30:18"
1450,624,"2026-07-28 18:07:00",delivery,en,2,chat,0,"2026-07-29 01:33:10"
1451,651,"2026-06-15 06:02:00",technical,de,1,chat,0,"2026-06-15 10:52:10"
1452,1094,"2026-06-13 11:41:00",account,ja,3,chat,0,"2026-06-13 23:10:10"
1453,1107,"2026-06-15 09:10:00",account,en,1,chat,0,"2026-06-15 16:24:31"
1454,1157,"2026-06-13 22:22:00",account,en,2,phone,1,"2026-06-14 07:54:53"
1455,502,"2026-05-16 09:08:00",billing,en,1,email,0,"2026-05-16 15:59:17"
1456,1104,"2026-06-27 08:29:00",subscription,en,2,email,0,"2026-06-27 15:33:22"
1457,53,"2026-06-07 01:51:00",technical,en,3,chat,0,"2026-06-07 11:49:46"
1458,266,"2026-07-24 18:47:00",delivery,de,1,chat,0,"2026-07-25 00:44:42"
1459,212,"2026-07-06 10:05:00",delivery,en,4,chat,0,"2026-07-06 15:47:32"
1460,167,"2026-07-03 16:42:00",billing,en,3,email,0,"2026-07-04 05:12:34"
1461,972,"2026-06-21 05:00:00",technical,en,1,email,0,"2026-06-21 08:50:42"
1462,535,"2026-06-25 12:14:00",technical,en,2,chat,0,"2026-06-25 20:26:23"
1463,135,"2026-06-16 20:23:00",billing,en,1,phone,0,"2026-06-17 04:07:59"
1464,1108,"2026-05-19 15:41:00",billing,de,3,chat,0,"2026-05-19 21:54:25"
1465,133,"2026-06-07 03:16:00",subscription,en,3,email,0,"2026-06-07 10:03:22"
1466,855,"2026-06-09 21:57:00",returns,en,1,email,0,"2026-06-10 02:15:49"
1467,858,"2026-07-23 13:52:00",technical,en,2,chat,0,"2026-07-23 21:22:51"
1468,472,"2026-06-30 03:57:00",returns,es,2,chat,0,"2026-06-30 15:42:56"
1469,598,"2026-06-23 18:49:00",delivery,en,2,email,0,"2026-06-23 22:27:21"
1470,678,"2026-07-17 23:19:00",delivery,en,2,phone,0,"2026-07-18 14:44:24"
1471,886,"2026-07-21 00:42:00",returns,de,4,chat,0,"2026-07-21 06:32:40"
1472,609,"2026-05-08 02:04:00",technical,en,1,phone,0,"2026-05-08 05:34:47"
1473,82,"2026-06-25 22:52:00",billing,en,3,phone,0,"2026-06-26 18:25:53"
1474,720,"2026-05-27 19:31:00",technical,en,3,phone,1,"2026-05-28 11:10:13"
1475,806,"2026-05-08 16:30:00",returns,ja,1,email,0,"2026-05-08 20:12:25"
1476,901,"2026-07-09 16:01:00",technical,en,3,email,0,"2026-07-10 09:36:19"
1477,476,"2026-05-05 17:11:00",account,es,1,phone,0,"2026-05-06 06:02:34"
1478,601,"2026-07-12 00:34:00",billing,es,4,chat,0,"2026-07-12 16:35:30"
1479,1171,"2026-05-30 12:47:00",account,es,3,email,1,"2026-05-31 08:07:49"
1480,295,"2026-06-05 14:39:00",delivery,en,1,chat,0,"2026-06-05 17:33:03"
1481,45,"2026-07-08 16:15:00",subscription,ja,1,chat,0,"2026-07-09 02:44:50"
1482,984,"2026-05-24 21:28:00",returns,en,3,chat,0,"2026-05-25 06:39:25"
1483,552,"2026-07-05 16:30:00",subscription,en,1,chat,0,"2026-07-05 21:15:45"
1484,24,"2026-07-01 06:54:00",subscription,es,1,email,0,"2026-07-01 10:17:49"
1485,574,"2026-07-11 08:09:00",delivery,en,2,email,0,"2026-07-11 20:23:26"
1486,82,"2026-07-03 18:25:00",technical,es,2,email,0,"2026-07-04 04:27:07"
1487,607,"2026-06-13 07:59:00",technical,en,2,phone,0,"2026-06-13 13:37:03"
1488,642,"2026-06-16 11:45:00",billing,es,2,chat,0,"2026-06-17 00:56:18"
1489,836,"2026-07-18 10:19:00",account,en,4,phone,0,"2026-07-19 08:09:26"
1490,493,"2026-06-13 20:13:00",account,en,1,phone,0,"2026-06-14 01:47:33"
1491,202,"2026-05-25 23:22:00",returns,en,4,chat,0,"2026-05-26 15:23:37"
1492,779,"2026-06-25 21:45:00",account,en,1,chat,0,"2026-06-26 07:13:42"
1493,123,"2026-07-02 12:12:00",subscription,en,1,phone,0,"2026-07-02 17:43:44"
1494,682,"2026-06-30 01:37:00",subscription,en,1,phone,1,"2026-06-30 08:17:01"
1495,272,"2026-06-16 06:07:00",billing,en,3,chat,0,"2026-06-16 20:04:38"
1496,1194,"2026-06-12 13:50:00",billing,en,1,email,0,"2026-06-12 17:41:54"
1497,249,"2026-07-22 02:26:00",account,en,3,phone,0,"2026-07-22 11:05:07"
1498,770,"2026-07-28 17:32:00",account,en,3,chat,0,"2026-07-29 05:33:22"
1499,889,"2026-05-28 08:28:00",account,en,3,phone,0,"2026-05-28 14:29:44"
1500,803,"2026-06-08 10:48:00",subscription,en,2,chat,0,"2026-06-08 14:32:29"
1501,726,"2026-05-09 13:06:00",delivery,en,1,email,0,"2026-05-09 22:43:16"
1502,237,"2026-06-28 04:08:00",technical,fr,3,phone,0,"2026-06-28 21:28:48"
1503,139,"2026-07-13 09:21:00",account,es,1,phone,0,"2026-07-13 15:17:52"
1504,738,"2026-05-11 02:28:00",subscription,en,2,phone,0,"2026-05-11 16:55:23"
1505,558,"2026-06-15 08:15:00",account,es,4,phone,0,"2026-06-15 18:18:20"
1506,977,"2026-05-07 14:37:00",billing,en,2,phone,0,"2026-05-08 00:33:50"
1507,420,"2026-05-07 16:21:00",account,en,1,phone,0,"2026-05-07 19:54:42"
1508,1029,"2026-07-25 00:19:00",account,en,2,chat,0,"2026-07-25 06:55:53"
1509,190,"2026-06-27 14:10:00",billing,ja,2,chat,0,"2026-06-27 22:44:50"
1510,770,"2026-05-22 15:13:00",billing,es,2,chat,0,"2026-05-23 00:20:39"
1511,793,"2026-05-11 09:42:00",delivery,ja,3,chat,0,"2026-05-12 00:32:48"
1512,1165,"2026-05-17 15:40:00",technical,en,1,chat,0,"2026-05-18 08:21:51"
1513,334,"2026-06-26 18:21:00",technical,en,2,chat,0,"2026-06-27 02:04:25"
1514,1123,"2026-06-10 07:55:00",billing,en,1,email,0,"2026-06-10 12:00:11"
1515,889,"2026-05-05 04:42:00",delivery,en,1,email,1,"2026-05-05 11:43:34"
1516,1159,"2026-05-16 17:37:00",delivery,en,2,email,0,"2026-05-16 21:16:34"
1517,306,"2026-05-30 00:13:00",billing,es,2,email,0,"2026-05-30 13:48:12"
1518,646,"2026-05-19 19:26:00",technical,ja,1,chat,0,"2026-05-20 00:31:07"
1519,1142,"2026-05-31 11:23:00",delivery,en,1,phone,0,"2026-05-31 17:28:55"
1520,392,"2026-07-18 05:33:00",technical,es,1,email,0,"2026-07-18 13:02:09"
1521,354,"2026-07-02 08:53:00",subscription,de,2,phone,1,"2026-07-02 23:03:45"
1522,480,"2026-06-26 01:03:00",delivery,en,1,email,1,"2026-06-26 16:36:36"
1523,281,"2026-07-25 10:53:00",account,en,2,phone,0,"2026-07-25 15:01:44"
1524,394,"2026-07-22 12:56:00",account,en,2,chat,0,"2026-07-22 17:03:50"
1525,590,"2026-06-02 11:48:00",technical,en,3,phone,0,"2026-06-02 14:05:46"
1526,1156,"2026-05-25 07:36:00",account,ja,4,chat,0,"2026-05-25 14:44:17"
1527,1041,"2026-05-20 04:26:00",account,en,3,email,0,"2026-05-20 13:59:59"
1528,448,"2026-07-29 08:33:00",technical,ja,1,email,1,"2026-07-29 17:02:43"
1529,223,"2026-05-24 23:33:00",technical,en,2,phone,0,"2026-05-25 06:14:50"
1530,722,"2026-07-09 00:28:00",subscription,en,2,chat,0,"2026-07-09 05:35:12"
1531,701,"2026-06-14 19:57:00",technical,ja,2,chat,0,"2026-06-15 15:14:17"
1532,212,"2026-06-03 03:19:00",subscription,de,2,chat,1,"2026-06-03 23:29:45"
1533,961,"2026-06-10 18:32:00",account,en,2,phone,0,"2026-06-10 23:47:16"
1534,1155,"2026-05-12 17:55:00",billing,de,2,phone,1,"2026-05-13 04:24:05"
1535,590,"2026-07-07 19:51:00",subscription,en,3,phone,0,"2026-07-08 03:06:04"
1536,492,"2026-05-04 23:01:00",delivery,fr,1,email,0,"2026-05-05 04:54:25"
1537,407,"2026-06-14 19:22:00",billing,en,3,phone,0,"2026-06-15 02:09:40"
1538,625,"2026-06-26 19:42:00",subscription,en,1,email,1,"2026-06-26 22:30:12"
1539,393,"2026-05-14 12:15:00",technical,en,1,phone,0,"2026-05-14 14:14:52"
1540,1105,"2026-07-25 20:27:00",returns,es,1,phone,0,"2026-07-26 01:58:03"
1541,659,"2026-07-07 03:28:00",billing,en,1,email,0,"2026-07-07 07:38:21"
1542,531,"2026-05-04 11:09:00",technical,en,2,email,0,"2026-05-05 05:22:53"
1543,99,"2026-05-30 11:02:00",billing,en,3,email,0,"2026-05-30 19:19:15"
1544,1024,"2026-06-11 18:10:00",returns,en,3,email,0,"2026-06-11 22:31:17"
1545,844,"2026-05-10 08:09:00",delivery,fr,1,phone,0,"2026-05-10 15:21:01"
1546,927,"2026-06-19 21:31:00",returns,en,1,phone,0,"2026-06-20 02:44:11"
1547,928,"2026-05-08 18:32:00",technical,en,1,phone,0,"2026-05-09 04:23:19"
1548,1005,"2026-07-28 20:45:00",billing,ja,3,chat,0,"2026-07-29 04:55:56"
1549,403,"2026-05-02 11:12:00",delivery,ja,1,chat,0,"2026-05-02 14:40:43"
1550,1112,"2026-05-10 10:16:00",delivery,ja,2,chat,1,"2026-05-10 22:13:32"
1551,363,"2026-06-20 15:49:00",technical,fr,2,phone,0,"2026-06-20 20:57:49"
1552,484,"2026-05-23 16:33:00",account,en,2,phone,0,"2026-05-24 01:54:16"
1553,18,"2026-06-04 22:22:00",returns,de,1,chat,0,"2026-06-05 01:14:52"
1554,777,"2026-07-21 15:23:00",account,en,1,email,0,"2026-07-22 00:08:02"
1555,1149,"2026-06-27 22:22:00",billing,fr,4,email,0,"2026-06-28 14:49:27"
1556,866,"2026-05-05 15:22:00",returns,es,5,email,0,"2026-05-06 19:26:04"
1557,779,"2026-05-23 23:08:00",returns,ja,3,chat,0,"2026-05-24 07:52:26"
1558,945,"2026-06-27 01:40:00",returns,en,3,email,0,"2026-06-27 07:20:14"
1559,578,"2026-05-04 03:54:00",delivery,en,3,chat,1,"2026-05-04 09:54:09"
1560,904,"2026-07-22 23:58:00",account,en,3,email,0,"2026-07-23 21:07:20"
1561,846,"2026-05-20 10:21:00",billing,en,2,phone,0,"2026-05-20 19:04:03"
1562,953,"2026-06-22 14:02:00",billing,en,2,email,0,"2026-06-23 11:42:53"
1563,817,"2026-07-23 17:26:00",subscription,en,3,phone,1,"2026-07-24 05:40:57"
1564,237,"2026-07-10 06:59:00",delivery,ja,1,phone,0,"2026-07-11 01:07:54"
1565,910,"2026-06-21 17:09:00",account,en,2,phone,0,"2026-06-22 03:20:57"
1566,314,"2026-07-09 07:49:00",subscription,en,1,email,0,"2026-07-09 14:27:20"
1567,342,"2026-07-13 22:21:00",billing,es,2,email,0,"2026-07-14 02:58:51"
1568,253,"2026-07-03 08:36:00",account,es,1,chat,0,"2026-07-03 16:13:03"
1569,829,"2026-06-03 03:27:00",technical,de,4,email,1,"2026-06-03 10:51:29"
1570,536,"2026-06-12 06:21:00",subscription,en,1,phone,1,"2026-06-12 08:59:01"
1571,260,"2026-07-25 12:23:00",returns,de,5,phone,0,"2026-07-26 06:12:48"
1572,534,"2026-07-22 06:29:00",returns,de,1,phone,0,"2026-07-22 11:05:25"
1573,414,"2026-07-27 05:53:00",subscription,fr,1,email,0,"2026-07-27 09:52:23"
1574,211,"2026-05-27 09:05:00",delivery,en,2,chat,0,"2026-05-27 16:54:47"
1575,238,"2026-05-13 22:00:00",billing,en,1,phone,0,"2026-05-14 10:48:01"
1576,738,"2026-05-13 11:38:00",delivery,ja,2,email,0,"2026-05-14 06:12:04"
1577,3,"2026-05-20 12:52:00",account,en,3,chat,0,"2026-05-20 15:25:19"
1578,739,"2026-06-03 02:07:00",delivery,es,3,email,0,"2026-06-03 09:55:16"
1579,599,"2026-05-07 06:19:00",account,ja,3,email,0,"2026-05-07 08:54:40"
1580,1012,"2026-06-02 00:51:00",returns,en,2,chat,0,"2026-06-02 19:10:17"
1581,802,"2026-05-20 19:57:00",account,de,2,email,0,"2026-05-21 13:44:55"
1582,1181,"2026-05-18 15:07:00",technical,en,1,chat,0,"2026-05-18 18:31:41"
1583,90,"2026-05-02 14:31:00",returns,en,1,email,0,"2026-05-03 05:57:07"
1584,283,"2026-05-03 17:18:00",account,de,5,email,0,"2026-05-04 08:19:35"
1585,1009,"2026-06-05 15:33:00",technical,ja,3,chat,0,"2026-06-06 01:47:06"
1586,847,"2026-06-01 17:30:00",subscription,en,2,chat,0,"2026-06-01 22:05:18"
1587,517,"2026-06-23 06:51:00",technical,ja,2,phone,0,"2026-06-23 15:39:50"
1588,471,"2026-05-31 10:32:00",returns,es,3,email,0,"2026-06-01 00:23:11"
1589,1113,"2026-07-17 02:22:00",billing,en,1,email,0,"2026-07-17 16:38:38"
1590,923,"2026-07-25 10:38:00",technical,en,2,chat,0,"2026-07-25 21:37:16"
1591,608,"2026-07-13 18:43:00",subscription,en,4,chat,1,"2026-07-14 02:50:41"
1592,1169,"2026-07-12 11:33:00",subscription,en,2,chat,0,"2026-07-12 23:50:38"
1593,647,"2026-06-13 10:08:00",billing,en,1,phone,0,"2026-06-13 16:30:08"
1594,532,"2026-07-03 01:07:00",subscription,de,1,email,0,"2026-07-03 05:12:54"
1595,816,"2026-07-07 00:16:00",billing,en,1,email,0,"2026-07-07 05:48:55"
1596,245,"2026-07-03 04:27:00",delivery,en,1,phone,1,"2026-07-03 13:18:38"
1597,1027,"2026-05-29 11:04:00",returns,en,2,chat,0,"2026-05-29 15:48:54"
1598,168,"2026-06-05 14:54:00",subscription,en,2,phone,0,"2026-06-05 20:01:42"
1599,11,"2026-07-26 15:51:00",billing,es,2,phone,0,"2026-07-27 01:08:48"
1600,849,"2026-07-08 03:18:00",billing,fr,4,email,0,"2026-07-08 15:19:24"
1601,346,"2026-05-18 12:52:00",technical,en,2,email,0,"2026-05-18 21:54:47"
1602,769,"2026-05-12 09:59:00",technical,en,1,chat,1,"2026-05-12 13:23:50"
1603,1143,"2026-07-21 13:32:00",billing,en,1,chat,0,"2026-07-21 18:12:34"
1604,148,"2026-07-16 14:32:00",delivery,en,5,phone,0,"2026-07-17 10:09:48"
1605,155,"2026-05-17 23:38:00",billing,en,3,chat,0,"2026-05-18 06:43:03"
1606,683,"2026-07-14 18:06:00",delivery,en,1,email,1,"2026-07-15 00:32:37"
1607,793,"2026-07-02 15:08:00",returns,en,1,phone,0,"2026-07-02 19:18:17"
1608,1056,"2026-07-27 17:10:00",account,en,1,chat,0,"2026-07-27 18:58:43"
1609,680,"2026-06-16 10:03:00",account,en,1,chat,0,"2026-06-16 14:17:11"
1610,1096,"2026-05-25 08:49:00",billing,en,2,email,0,"2026-05-25 20:22:13"
1611,1071,"2026-05-09 04:32:00",account,de,2,phone,0,"2026-05-09 07:01:40"
1612,828,"2026-07-25 20:33:00",delivery,en,1,phone,0,"2026-07-26 04:33:52"
1613,476,"2026-07-04 05:36:00",delivery,en,1,chat,0,"2026-07-04 10:37:12"
1614,542,"2026-07-16 22:01:00",returns,fr,1,chat,0,"2026-07-17 08:41:11"
1615,68,"2026-05-05 03:25:00",subscription,en,2,email,0,"2026-05-05 12:02:56"
1616,113,"2026-06-06 22:54:00",delivery,en,3,phone,0,"2026-06-07 16:18:13"
1617,998,"2026-07-02 07:36:00",technical,en,3,phone,0,"2026-07-02 21:51:31"
1618,157,"2026-06-23 11:05:00",technical,de,1,email,0,"2026-06-24 03:21:50"
1619,240,"2026-05-16 21:15:00",account,ja,1,chat,0,"2026-05-17 10:24:02"
1620,441,"2026-07-09 03:42:00",delivery,en,1,chat,0,"2026-07-09 21:40:17"
1621,8,"2026-05-20 22:57:00",account,en,1,phone,0,"2026-05-21 04:22:22"
1622,330,"2026-05-04 00:47:00",technical,fr,2,email,0,"2026-05-04 11:07:25"
1623,383,"2026-07-28 13:20:00",technical,ja,3,email,0,"2026-07-29 01:03:21"
1624,374,"2026-05-27 16:47:00",technical,en,1,chat,0,"2026-05-27 19:38:06"
1625,425,"2026-06-06 08:45:00",account,es,1,chat,1,"2026-06-06 10:24:58"
1626,1018,"2026-06-30 13:11:00",technical,fr,2,chat,0,"2026-06-30 18:19:17"
1627,308,"2026-05-17 00:34:00",subscription,en,1,email,0,"2026-05-17 05:11:06"
1628,722,"2026-06-06 22:43:00",subscription,en,3,chat,0,"2026-06-07 03:39:22"
1629,1061,"2026-06-05 18:17:00",delivery,es,4,phone,0,"2026-06-06 13:57:07"
1630,627,"2026-05-07 15:42:00",billing,en,2,chat,0,"2026-05-08 01:47:33"
1631,574,"2026-05-15 23:21:00",billing,en,4,phone,0,"2026-05-16 11:29:30"
1632,29,"2026-07-23 20:05:00",billing,en,3,chat,0,"2026-07-25 23:54:26"
1633,608,"2026-05-27 19:55:00",billing,es,1,phone,0,"2026-05-28 01:16:01"
1634,188,"2026-05-20 19:26:00",account,en,3,email,0,"2026-05-21 12:00:20"
1635,627,"2026-06-05 07:44:00",technical,de,4,chat,1,"2026-06-05 15:46:53"
1636,162,"2026-06-26 01:52:00",account,en,2,email,0,"2026-06-26 04:47:15"
1637,597,"2026-07-25 21:32:00",subscription,fr,1,phone,0,"2026-07-26 03:22:32"
1638,188,"2026-07-25 13:36:00",technical,es,2,email,0,"2026-07-25 21:36:38"
1639,255,"2026-07-07 13:24:00",delivery,en,2,phone,0,"2026-07-07 16:32:05"
1640,299,"2026-06-09 16:02:00",returns,de,3,phone,0,"2026-06-10 01:35:10"
1641,252,"2026-06-02 20:16:00",delivery,es,3,chat,0,"2026-06-03 10:40:01"
1642,518,"2026-05-08 21:41:00",technical,en,1,chat,0,"2026-05-09 13:11:31"
1643,462,"2026-06-14 07:23:00",billing,en,3,phone,0,"2026-06-14 14:16:03"
1644,356,"2026-06-24 16:02:00",delivery,ja,4,chat,0,"2026-06-25 07:00:28"
1645,75,"2026-07-04 16:22:00",delivery,en,1,email,0,"2026-07-05 11:22:12"
1646,938,"2026-07-13 15:03:00",account,en,3,chat,0,"2026-07-13 22:59:49"
1647,1099,"2026-06-04 07:04:00",subscription,en,2,email,0,"2026-06-05 04:25:50"
1648,539,"2026-07-14 19:53:00",technical,de,3,email,0,"2026-07-15 12:09:46"
1649,899,"2026-06-11 22:06:00",billing,en,3,phone,0,"2026-06-12 12:16:43"
1650,6,"2026-07-12 22:10:00",subscription,en,1,phone,0,"2026-07-13 04:00:24"
1651,802,"2026-06-24 10:19:00",delivery,es,2,email,0,"2026-06-24 22:13:33"
1652,915,"2026-05-20 01:03:00",delivery,de,1,phone,0,"2026-05-20 05:02:58"
1653,825,"2026-06-04 04:14:00",account,en,1,email,0,"2026-06-04 17:04:20"
1654,289,"2026-05-03 04:31:00",subscription,fr,4,email,0,"2026-05-03 17:07:56"
1655,587,"2026-05-27 16:49:00",subscription,ja,2,email,0,"2026-05-28 00:30:53"
1656,672,"2026-06-01 20:59:00",returns,en,2,chat,0,"2026-06-02 03:30:49"
1657,1109,"2026-06-22 14:12:00",returns,en,3,chat,0,"2026-06-23 12:53:37"
1658,848,"2026-07-02 05:48:00",delivery,en,2,phone,0,"2026-07-02 17:39:34"
1659,84,"2026-05-20 06:27:00",technical,en,1,phone,0,"2026-05-20 13:13:10"
1660,111,"2026-06-20 04:03:00",technical,ja,1,email,0,"2026-06-20 11:33:59"
1661,301,"2026-05-31 15:04:00",subscription,ja,3,phone,0,"2026-05-31 23:54:11"
1662,361,"2026-07-01 00:24:00",account,en,3,chat,1,"2026-07-01 08:35:39"
1663,43,"2026-05-02 13:16:00",technical,en,1,chat,0,"2026-05-02 17:19:08"
1664,1166,"2026-05-24 19:08:00",subscription,en,2,email,0,"2026-05-25 04:20:58"
1665,581,"2026-05-30 10:36:00",returns,en,3,chat,0,"2026-05-30 21:47:28"
1666,12,"2026-05-20 20:43:00",account,en,4,phone,0,"2026-05-21 05:04:11"
1667,475,"2026-05-13 22:02:00",technical,en,3,chat,0,"2026-05-14 01:19:08"
1668,166,"2026-05-21 04:48:00",subscription,en,3,phone,1,"2026-05-22 02:51:21"
1669,115,"2026-05-23 08:39:00",delivery,en,2,phone,0,"2026-05-23 11:19:07"
1670,897,"2026-05-20 02:55:00",delivery,es,4,chat,0,"2026-05-20 15:56:39"
1671,15,"2026-07-06 20:23:00",account,en,1,chat,0,"2026-07-06 23:51:33"
1672,932,"2026-05-13 19:56:00",billing,en,4,email,0,"2026-05-14 07:26:22"
1673,503,"2026-07-06 20:21:00",subscription,fr,3,phone,1,"2026-07-07 09:59:40"
1674,1032,"2026-07-17 03:55:00",technical,en,2,email,0,"2026-07-17 08:23:14"
1675,893,"2026-05-05 16:01:00",subscription,en,2,chat,0,"2026-05-06 00:21:22"
1676,518,"2026-07-24 00:02:00",account,ja,1,chat,0,"2026-07-24 19:06:41"
1677,1151,"2026-06-27 12:21:00",returns,en,1,phone,0,"2026-06-27 18:03:51"
1678,319,"2026-05-29 06:38:00",returns,es,3,phone,0,"2026-05-29 23:33:50"
1679,64,"2026-05-23 15:38:00",technical,fr,2,phone,0,"2026-05-23 23:17:00"
1680,171,"2026-06-09 03:38:00",returns,de,1,chat,0,"2026-06-09 07:47:13"
1681,858,"2026-06-12 23:24:00",delivery,ja,1,chat,0,"2026-06-13 05:22:24"
1682,930,"2026-05-17 17:56:00",subscription,de,3,email,0,"2026-05-18 01:20:08"
1683,514,"2026-07-02 15:56:00",delivery,en,4,chat,0,"2026-07-03 09:58:17"
1684,312,"2026-07-04 07:33:00",technical,en,4,chat,0,"2026-07-04 17:38:01"
1685,510,"2026-06-26 01:21:00",technical,en,3,email,0,"2026-06-26 08:32:01"
1686,21,"2026-06-25 00:35:00",technical,en,3,chat,0,"2026-06-26 03:32:10"
1687,285,"2026-05-09 07:16:00",account,de,1,email,0,"2026-05-09 10:30:13"
1688,294,"2026-05-12 19:40:00",returns,de,1,email,0,"2026-05-12 22:23:19"
1689,1051,"2026-07-28 17:27:00",returns,en,2,phone,0,"2026-07-29 03:32:35"
1690,172,"2026-07-18 08:24:00",technical,en,3,email,0,"2026-07-18 16:11:33"
1691,302,"2026-07-02 03:45:00",subscription,en,1,email,0,"2026-07-02 07:57:12"
1692,58,"2026-06-28 23:53:00",billing,es,2,chat,0,"2026-06-29 01:25:05"
1693,483,"2026-05-11 10:23:00",billing,ja,1,chat,0,"2026-05-12 00:07:51"
1694,109,"2026-07-10 16:39:00",account,en,1,email,0,"2026-07-11 10:09:03"
1695,335,"2026-06-08 16:36:00",billing,en,3,phone,0,"2026-06-08 22:01:39"
1696,996,"2026-07-28 13:23:00",account,en,2,phone,0,"2026-07-28 23:15:49"
1697,303,"2026-06-01 06:20:00",delivery,ja,2,email,0,"2026-06-01 10:40:33"
1698,372,"2026-07-13 02:28:00",billing,ja,3,phone,0,"2026-07-13 16:58:22"
1699,696,"2026-06-10 02:11:00",technical,fr,1,email,1,"2026-06-10 04:23:00"
1700,173,"2026-06-08 08:25:00",technical,en,2,email,0,"2026-06-08 22:11:09"
1701,172,"2026-06-15 06:22:00",delivery,en,4,phone,1,"2026-06-15 15:25:40"
1702,480,"2026-06-25 07:48:00",delivery,en,1,phone,0,"2026-06-25 12:21:42"
1703,1050,"2026-06-16 17:23:00",delivery,en,1,phone,0,"2026-06-17 01:09:54"
1704,583,"2026-06-20 14:56:00",account,en,2,chat,0,"2026-06-20 19:17:24"
1705,629,"2026-06-13 16:00:00",returns,es,2,chat,0,"2026-06-14 06:50:47"
1706,1165,"2026-07-08 16:32:00",billing,en,1,chat,0,"2026-07-09 00:17:53"
1707,938,"2026-05-09 16:33:00",delivery,en,1,chat,0,"2026-05-09 19:30:10"
1708,1036,"2026-07-28 20:13:00",returns,ja,2,phone,0,"2026-07-29 03:20:59"
1709,131,"2026-07-13 07:34:00",subscription,de,2,email,0,"2026-07-13 15:43:02"
1710,288,"2026-05-06 04:14:00",returns,es,2,chat,0,"2026-05-06 08:17:34"
1711,616,"2026-06-16 01:58:00",returns,en,1,phone,0,"2026-06-16 05:02:31"
1712,744,"2026-07-20 22:38:00",subscription,en,2,email,0,"2026-07-21 05:52:33"
1713,90,"2026-07-04 10:32:00",billing,en,4,email,0,"2026-07-04 22:29:55"
1714,714,"2026-05-11 06:10:00",billing,en,1,chat,0,"2026-05-11 08:12:04"
1715,599,"2026-05-03 22:58:00",subscription,es,4,email,0,"2026-05-04 04:25:01"
1716,1020,"2026-05-07 08:59:00",subscription,en,2,email,1,"2026-05-07 16:25:12"
1717,1043,"2026-06-13 08:02:00",returns,en,1,phone,0,"2026-06-13 22:45:58"
1718,119,"2026-06-05 01:59:00",billing,en,1,phone,1,"2026-06-05 08:38:55"
1719,369,"2026-07-25 01:29:00",technical,en,5,email,0,"2026-07-25 12:05:38"
1720,662,"2026-06-26 11:31:00",account,en,2,phone,0,"2026-06-26 20:01:59"
1721,812,"2026-07-06 04:41:00",billing,en,4,chat,0,"2026-07-06 09:12:23"
1722,609,"2026-06-09 15:11:00",technical,en,3,chat,0,"2026-06-10 15:15:01"
1723,851,"2026-07-01 13:17:00",billing,de,1,chat,0,"2026-07-02 00:58:28"
1724,406,"2026-07-05 03:27:00",technical,en,1,phone,0,"2026-07-05 12:03:47"
1725,451,"2026-05-31 12:13:00",subscription,ja,3,email,0,"2026-06-01 10:43:09"
1726,923,"2026-07-12 03:11:00",account,en,2,phone,0,"2026-07-12 14:40:03"
1727,983,"2026-05-26 16:44:00",subscription,en,1,email,0,"2026-05-27 02:39:21"
1728,602,"2026-07-29 17:36:00",subscription,es,3,phone,0,"2026-07-30 06:17:52"
1729,462,"2026-06-08 20:36:00",technical,de,5,email,0,"2026-06-09 03:41:08"
1730,1137,"2026-07-08 02:51:00",returns,en,2,email,0,"2026-07-08 11:36:47"
1731,598,"2026-07-03 06:58:00",returns,es,3,phone,0,"2026-07-03 18:51:53"
1732,1137,"2026-05-22 03:41:00",account,de,2,chat,1,"2026-05-22 07:58:00"
1733,618,"2026-05-14 13:03:00",returns,en,2,chat,0,"2026-05-14 20:56:04"
1734,1083,"2026-07-10 10:58:00",delivery,ja,2,email,0,"2026-07-10 20:29:04"
1735,1067,"2026-06-27 17:20:00",account,en,3,chat,0,"2026-06-29 04:58:13"
1736,5,"2026-07-28 15:18:00",billing,en,1,email,0,"2026-07-28 23:43:44"
1737,622,"2026-07-08 12:32:00",account,fr,4,email,1,"2026-07-08 20:26:19"
1738,1015,"2026-05-05 19:01:00",technical,ja,3,email,0,"2026-05-06 00:09:42"
1739,20,"2026-06-19 15:45:00",subscription,en,1,chat,0,"2026-06-20 00:43:14"
1740,1036,"2026-06-15 16:16:00",subscription,es,4,phone,0,"2026-06-16 12:29:34"
1741,1023,"2026-06-02 02:07:00",subscription,en,4,phone,0,"2026-06-02 14:46:46"
1742,1058,"2026-07-25 16:25:00",delivery,es,2,phone,0,"2026-07-25 22:21:46"
1743,939,"2026-05-21 01:25:00",returns,en,2,email,0,"2026-05-21 14:12:58"
1744,970,"2026-05-26 06:46:00",technical,en,2,chat,0,"2026-05-26 10:03:26"
1745,760,"2026-05-31 09:05:00",account,fr,3,phone,0,"2026-05-31 16:07:36"
1746,1096,"2026-05-28 03:30:00",returns,en,4,phone,0,"2026-05-28 21:56:15"
1747,231,"2026-07-23 18:29:00",subscription,en,3,email,0,"2026-07-24 19:22:10"
1748,66,"2026-06-11 17:32:00",billing,en,3,chat,0,"2026-06-12 03:27:37"
1749,888,"2026-06-17 18:18:00",account,es,1,phone,0,"2026-06-18 00:17:50"
1750,288,"2026-07-29 15:03:00",returns,en,3,email,0,"2026-07-30 03:11:43"
1751,572,"2026-06-03 13:27:00",account,de,3,email,0,"2026-06-04 04:54:55"
1752,59,"2026-05-14 17:14:00",returns,de,1,email,0,"2026-05-14 21:07:28"
1753,423,"2026-06-21 11:41:00",account,en,1,email,1,"2026-06-22 16:47:00"
1754,331,"2026-06-14 06:27:00",subscription,ja,4,phone,0,"2026-06-14 19:37:49"
1755,241,"2026-06-09 09:12:00",delivery,fr,2,chat,0,"2026-06-09 17:34:21"
1756,555,"2026-07-20 04:25:00",delivery,en,1,phone,0,"2026-07-20 12:32:42"
1757,900,"2026-07-07 03:26:00",billing,en,1,phone,0,"2026-07-07 10:45:46"
1758,784,"2026-06-28 07:18:00",delivery,en,1,chat,0,"2026-06-28 12:18:38"
1759,1090,"2026-07-25 21:19:00",account,en,4,email,0,"2026-07-27 02:30:21"
1760,1159,"2026-07-28 06:27:00",account,en,2,phone,1,"2026-07-28 17:03:13"
1761,480,"2026-05-29 00:10:00",account,en,5,phone,0,"2026-05-29 06:07:20"
1762,153,"2026-05-19 01:55:00",billing,en,1,chat,0,"2026-05-19 15:14:39"
1763,675,"2026-05-09 02:37:00",billing,fr,1,phone,0,"2026-05-09 04:48:07"
1764,1189,"2026-06-23 22:39:00",subscription,en,2,phone,1,"2026-06-24 04:45:16"
1765,751,"2026-06-25 05:21:00",returns,es,1,email,0,"2026-06-25 16:29:26"
1766,745,"2026-06-04 08:54:00",returns,en,1,email,0,"2026-06-04 12:51:58"
1767,178,"2026-06-22 07:33:00",billing,en,1,phone,0,"2026-06-22 17:54:31"
1768,592,"2026-05-25 21:09:00",account,en,2,chat,0,"2026-05-26 04:33:54"
1769,579,"2026-06-26 03:08:00",subscription,en,4,chat,0,"2026-06-27 02:32:52"
1770,364,"2026-05-23 12:39:00",technical,ja,1,phone,0,"2026-05-23 20:34:34"
1771,376,"2026-06-17 01:52:00",delivery,ja,2,chat,0,"2026-06-18 07:53:02"
1772,719,"2026-07-13 10:43:00",subscription,en,2,chat,0,"2026-07-13 16:00:39"
1773,881,"2026-06-04 13:01:00",delivery,es,1,email,0,"2026-06-04 21:11:30"
1774,615,"2026-07-23 13:07:00",returns,ja,1,phone,0,"2026-07-23 20:21:03"
1775,1113,"2026-06-05 10:20:00",technical,en,4,phone,0,"2026-06-05 17:30:51"
1776,348,"2026-05-05 01:46:00",returns,en,1,chat,0,"2026-05-05 11:12:59"
1777,719,"2026-06-30 22:34:00",returns,en,2,chat,0,"2026-07-01 05:53:47"
1778,663,"2026-07-28 23:20:00",subscription,en,1,email,0,"2026-07-29 00:53:55"
1779,449,"2026-05-25 12:40:00",delivery,en,1,phone,0,"2026-05-25 17:58:13"
1780,532,"2026-05-29 17:37:00",delivery,ja,1,phone,0,"2026-05-29 20:54:31"
1781,757,"2026-05-28 07:43:00",technical,ja,2,chat,0,"2026-05-28 13:19:37"
1782,900,"2026-07-11 02:05:00",returns,en,2,email,0,"2026-07-11 03:27:40"
1783,993,"2026-07-24 16:06:00",returns,ja,3,email,0,"2026-07-25 02:24:46"
1784,125,"2026-05-18 23:12:00",billing,es,2,email,0,"2026-05-19 04:45:26"
1785,163,"2026-05-21 13:39:00",account,en,2,email,0,"2026-05-22 03:44:26"
1786,581,"2026-05-31 21:51:00",returns,en,5,chat,0,"2026-06-01 11:47:10"
1787,899,"2026-06-12 21:26:00",subscription,en,1,phone,0,"2026-06-13 08:05:03"
1788,316,"2026-06-18 00:49:00",account,en,2,chat,0,"2026-06-18 05:21:09"
1789,196,"2026-06-04 21:47:00",delivery,fr,2,email,0,"2026-06-05 03:40:59"
1790,188,"2026-05-10 04:55:00",returns,en,1,email,0,"2026-05-10 11:36:33"
1791,872,"2026-05-30 00:05:00",returns,de,1,chat,0,"2026-05-30 06:30:14"
1792,469,"2026-05-07 09:56:00",delivery,fr,1,chat,0,"2026-05-07 14:13:52"
1793,524,"2026-07-29 14:57:00",account,fr,1,email,1,"2026-07-29 17:55:42"
1794,854,"2026-07-24 13:52:00",subscription,en,1,chat,0,"2026-07-24 17:38:38"
1795,415,"2026-07-03 23:30:00",returns,en,3,chat,0,"2026-07-04 05:38:11"
1796,768,"2026-05-17 03:13:00",technical,en,1,phone,0,"2026-05-17 19:25:23"
1797,691,"2026-06-25 20:31:00",account,de,1,phone,1,"2026-06-26 02:14:17"
1798,69,"2026-06-04 03:43:00",account,en,2,chat,0,"2026-06-04 07:59:11"
1799,269,"2026-07-20 07:01:00",account,en,1,chat,0,"2026-07-20 16:05:08"
1800,607,"2026-05-01 09:16:00",subscription,en,2,chat,0,"2026-05-01 17:21:49"
1801,1103,"2026-07-18 19:21:00",technical,en,3,email,0,"2026-07-19 00:30:57"
1802,101,"2026-07-10 16:51:00",billing,en,3,phone,0,"2026-07-10 22:44:47"
1803,427,"2026-06-09 20:28:00",technical,fr,1,email,0,"2026-06-10 04:30:38"
1804,687,"2026-06-27 08:37:00",account,en,1,chat,1,"2026-06-27 13:28:30"
1805,564,"2026-06-08 03:23:00",delivery,en,1,chat,0,"2026-06-08 06:31:12"
1806,2,"2026-05-23 17:17:00",account,en,3,chat,0,"2026-05-23 23:59:29"
1807,1058,"2026-05-11 19:12:00",billing,en,3,email,0,"2026-05-11 23:06:53"
1808,125,"2026-05-05 03:33:00",returns,fr,1,email,0,"2026-05-05 06:23:35"
1809,417,"2026-06-23 05:49:00",delivery,en,3,chat,0,"2026-06-23 13:16:09"
1810,1145,"2026-05-13 01:24:00",billing,en,2,chat,0,"2026-05-13 05:27:48"
1811,310,"2026-05-18 01:46:00",returns,en,2,chat,0,"2026-05-18 09:24:47"
1812,514,"2026-05-04 00:06:00",subscription,ja,3,phone,0,"2026-05-04 04:58:09"
1813,511,"2026-06-14 05:01:00",returns,es,1,phone,0,"2026-06-14 17:15:50"
1814,310,"2026-06-18 17:20:00",technical,es,1,email,0,"2026-06-18 21:48:24"
1815,268,"2026-05-29 04:35:00",subscription,en,1,email,0,"2026-05-29 09:33:31"
1816,87,"2026-06-07 07:30:00",technical,en,1,email,0,"2026-06-07 13:45:50"
1817,681,"2026-05-21 05:55:00",returns,en,4,email,0,"2026-05-22 23:25:35"
1818,159,"2026-07-22 23:49:00",billing,fr,1,phone,0,"2026-07-23 04:13:50"
1819,314,"2026-07-10 14:04:00",returns,en,2,chat,0,"2026-07-10 21:25:22"
1820,283,"2026-05-14 16:28:00",returns,en,4,email,0,"2026-05-16 00:05:17"
1821,1062,"2026-07-06 08:17:00",subscription,en,4,chat,0,"2026-07-07 02:17:24"
1822,431,"2026-05-07 15:13:00",returns,de,2,phone,0,"2026-05-07 20:03:22"
1823,1027,"2026-07-04 21:18:00",account,en,2,phone,1,"2026-07-05 04:23:16"
1824,453,"2026-06-18 11:07:00",delivery,fr,1,email,0,"2026-06-18 16:13:35"
1825,1103,"2026-06-03 18:32:00",delivery,es,1,chat,0,"2026-06-03 22:49:49"
1826,760,"2026-05-07 05:40:00",delivery,en,1,phone,0,"2026-05-07 15:08:25"
1827,445,"2026-07-03 03:22:00",account,es,1,chat,1,"2026-07-03 18:38:32"
1828,842,"2026-06-27 23:25:00",billing,en,3,chat,0,"2026-06-28 06:14:59"
1829,876,"2026-05-21 16:19:00",subscription,ja,3,chat,0,"2026-05-22 06:39:06"
1830,651,"2026-06-09 02:49:00",account,en,3,email,1,"2026-06-09 09:17:02"
1831,848,"2026-07-14 16:46:00",returns,en,2,phone,0,"2026-07-15 03:12:58"
1832,645,"2026-07-25 20:11:00",technical,es,1,chat,0,"2026-07-26 02:31:32"
1833,112,"2026-05-20 12:50:00",billing,en,1,email,0,"2026-05-20 17:13:27"
1834,1137,"2026-05-13 09:22:00",billing,fr,2,phone,1,"2026-05-13 20:46:24"
1835,1025,"2026-06-10 13:32:00",returns,es,3,chat,0,"2026-06-10 19:42:06"
1836,595,"2026-06-06 15:25:00",account,en,2,chat,0,"2026-06-07 01:44:57"
1837,242,"2026-07-19 08:55:00",billing,es,1,phone,0,"2026-07-19 20:09:23"
1838,747,"2026-06-26 05:31:00",returns,es,2,phone,1,"2026-06-26 08:17:33"
1839,643,"2026-05-06 20:25:00",billing,de,3,email,0,"2026-05-07 04:09:34"
1840,685,"2026-06-05 18:55:00",returns,en,1,chat,0,"2026-06-06 03:33:21"
1841,165,"2026-07-24 06:17:00",billing,en,2,phone,0,"2026-07-26 09:31:58"
1842,432,"2026-07-06 08:46:00",subscription,en,1,phone,0,"2026-07-06 13:46:39"
1843,580,"2026-07-26 18:18:00",account,de,3,phone,0,"2026-07-26 23:39:14"
1844,577,"2026-06-06 18:21:00",subscription,fr,2,chat,0,"2026-06-07 02:35:36"
1845,733,"2026-05-10 12:17:00",technical,en,2,email,0,"2026-05-10 15:38:33"
1846,855,"2026-05-06 14:18:00",billing,fr,1,chat,0,"2026-05-06 19:42:46"
1847,849,"2026-05-17 22:48:00",technical,en,2,email,0,"2026-05-18 10:09:46"
1848,211,"2026-05-28 08:55:00",account,ja,1,email,1,"2026-05-28 15:33:28"
1849,751,"2026-07-15 17:24:00",subscription,en,3,phone,0,"2026-07-16 02:46:41"
1850,327,"2026-07-23 21:51:00",subscription,en,1,phone,0,"2026-07-24 02:58:30"
1851,820,"2026-06-14 22:31:00",subscription,en,3,chat,0,"2026-06-15 14:09:51"
1852,478,"2026-05-30 15:44:00",returns,fr,3,phone,0,"2026-05-31 05:03:26"
1853,532,"2026-07-23 11:40:00",billing,en,1,email,0,"2026-07-23 18:57:41"
1854,957,"2026-07-03 03:15:00",returns,en,2,email,0,"2026-07-03 07:23:49"
1855,962,"2026-07-22 23:54:00",technical,en,5,chat,1,"2026-07-23 11:49:46"
1856,180,"2026-06-12 00:20:00",billing,en,2,phone,0,"2026-06-12 16:36:47"
1857,924,"2026-06-08 16:30:00",delivery,en,4,chat,0,"2026-06-09 00:41:43"
1858,725,"2026-05-02 03:38:00",account,en,3,phone,1,"2026-05-02 12:09:01"
1859,1123,"2026-05-03 05:39:00",technical,en,1,email,0,"2026-05-03 10:53:32"
1860,739,"2026-06-21 01:04:00",delivery,en,1,email,0,"2026-06-21 05:22:03"
1861,1155,"2026-06-20 14:19:00",account,en,2,chat,0,"2026-06-21 01:33:49"
1862,814,"2026-06-16 23:01:00",billing,en,1,chat,0,"2026-06-17 02:33:41"
1863,1090,"2026-07-08 19:11:00",technical,en,2,chat,1,"2026-07-09 02:27:03"
1864,409,"2026-07-28 01:00:00",subscription,es,2,chat,0,"2026-07-28 03:12:00"
1865,1066,"2026-07-16 11:22:00",billing,en,1,chat,0,"2026-07-16 17:15:35"
1866,169,"2026-05-13 03:02:00",subscription,en,1,phone,0,"2026-05-14 05:07:22"
1867,1051,"2026-07-29 13:06:00",returns,es,3,email,0,"2026-07-30 00:15:37"
1868,683,"2026-07-07 13:57:00",returns,ja,1,chat,0,"2026-07-08 02:46:38"
1869,678,"2026-06-30 09:27:00",technical,ja,4,email,0,"2026-07-01 07:11:25"
1870,247,"2026-07-21 17:23:00",subscription,en,3,chat,0,"2026-07-22 02:21:26"
1871,1001,"2026-05-16 23:12:00",technical,en,3,chat,0,"2026-05-17 10:20:25"
1872,720,"2026-07-13 02:12:00",subscription,en,5,phone,0,"2026-07-13 23:22:07"
1873,829,"2026-05-19 04:12:00",account,en,1,email,0,"2026-05-19 06:48:54"
1874,97,"2026-05-27 13:08:00",subscription,en,1,phone,0,"2026-05-27 20:00:24"
1875,184,"2026-07-10 00:53:00",technical,en,3,phone,0,"2026-07-10 06:26:40"
1876,902,"2026-05-17 21:24:00",account,en,4,phone,0,"2026-05-20 03:09:35"
1877,981,"2026-06-11 00:41:00",technical,ja,2,email,0,"2026-06-11 13:31:16"
1878,1110,"2026-06-27 18:36:00",account,es,1,phone,0,"2026-06-27 21:39:40"
1879,1166,"2026-06-01 04:17:00",account,en,2,email,0,"2026-06-01 11:27:58"
1880,189,"2026-06-14 07:30:00",billing,es,2,email,0,"2026-06-14 12:54:15"
1881,507,"2026-07-24 02:44:00",technical,es,3,phone,0,"2026-07-25 10:28:47"
1882,785,"2026-07-23 16:50:00",technical,en,5,email,0,"2026-07-24 07:28:42"
1883,243,"2026-06-20 20:01:00",subscription,fr,1,phone,0,"2026-06-21 04:07:37"
1884,407,"2026-07-12 08:52:00",billing,en,3,email,0,"2026-07-12 16:38:54"
1885,470,"2026-06-07 02:44:00",subscription,es,3,phone,1,"2026-06-07 20:46:57"
1886,879,"2026-07-10 17:50:00",technical,es,2,email,0,"2026-07-11 15:21:36"
1887,652,"2026-05-25 22:56:00",account,en,1,email,0,"2026-05-26 02:33:42"
1888,1195,"2026-05-24 23:10:00",technical,en,1,phone,0,"2026-05-25 02:33:24"
1889,895,"2026-07-28 01:20:00",subscription,en,2,chat,0,"2026-07-28 08:51:20"
1890,560,"2026-06-28 01:49:00",delivery,en,3,email,0,"2026-06-28 12:22:46"
1891,462,"2026-07-29 07:08:00",account,en,2,chat,0,"2026-07-29 16:42:23"
1892,698,"2026-07-10 02:01:00",billing,fr,3,chat,0,"2026-07-10 09:55:34"
1893,314,"2026-05-10 15:14:00",subscription,fr,2,phone,0,"2026-05-10 22:27:11"
1894,805,"2026-06-26 02:59:00",account,ja,2,chat,0,"2026-06-26 11:07:20"
1895,1134,"2026-07-08 19:33:00",delivery,en,4,email,0,"2026-07-09 14:18:35"
1896,409,"2026-06-08 21:42:00",billing,en,3,email,0,"2026-06-09 03:24:37"
1897,806,"2026-06-04 21:37:00",delivery,en,2,phone,0,"2026-06-05 15:16:53"
1898,627,"2026-05-10 01:25:00",account,ja,2,phone,0,"2026-05-10 05:38:36"
1899,548,"2026-06-21 01:54:00",delivery,en,1,email,0,"2026-06-21 07:30:34"
1900,1199,"2026-06-06 01:46:00",returns,en,2,phone,0,"2026-06-06 11:39:49"
1901,83,"2026-07-27 21:44:00",technical,en,2,chat,0,"2026-07-28 05:59:35"
1902,457,"2026-06-16 20:56:00",account,ja,2,email,0,"2026-06-17 04:56:28"
1903,1080,"2026-07-19 15:39:00",delivery,ja,3,phone,0,"2026-07-20 05:26:22"
1904,1186,"2026-07-09 04:41:00",technical,en,3,chat,0,"2026-07-09 20:58:38"
1905,877,"2026-05-22 16:08:00",returns,en,1,email,0,"2026-05-22 23:08:38"
1906,954,"2026-07-19 21:28:00",technical,es,1,chat,0,"2026-07-20 10:01:38"
1907,526,"2026-06-08 19:31:00",account,ja,1,email,0,"2026-06-09 02:57:39"
1908,867,"2026-07-04 17:25:00",subscription,en,1,chat,0,"2026-07-05 03:14:08"
1909,249,"2026-05-20 07:29:00",technical,en,1,phone,0,"2026-05-20 16:07:07"
1910,1067,"2026-06-24 12:44:00",account,en,1,phone,0,"2026-06-24 16:02:48"
1911,299,"2026-05-28 03:53:00",subscription,en,1,email,1,"2026-05-28 08:58:05"
1912,63,"2026-07-08 11:24:00",technical,ja,2,email,0,"2026-07-09 03:59:49"
1913,518,"2026-06-23 02:35:00",delivery,en,3,chat,0,"2026-06-23 09:00:42"
1914,294,"2026-06-08 02:38:00",subscription,en,3,phone,1,"2026-06-08 08:04:44"
1915,14,"2026-07-02 06:07:00",account,en,3,chat,0,"2026-07-03 19:35:14"
1916,486,"2026-06-30 11:42:00",delivery,en,3,email,0,"2026-06-30 23:44:02"
1917,948,"2026-05-08 01:43:00",subscription,es,1,chat,0,"2026-05-08 07:19:01"
1918,137,"2026-07-09 06:12:00",returns,ja,1,email,0,"2026-07-09 14:47:42"
1919,596,"2026-06-09 21:37:00",subscription,es,3,email,0,"2026-06-11 01:53:10"
1920,12,"2026-06-17 03:43:00",returns,en,2,chat,0,"2026-06-17 17:05:23"
1921,446,"2026-06-01 06:30:00",subscription,en,1,email,0,"2026-06-01 18:44:45"
1922,1056,"2026-07-22 23:07:00",technical,en,1,phone,0,"2026-07-23 06:53:56"
1923,351,"2026-06-01 02:34:00",billing,en,4,phone,0,"2026-06-01 17:33:36"
1924,592,"2026-05-04 05:50:00",technical,en,2,chat,0,"2026-05-04 15:21:08"
1925,593,"2026-06-21 21:36:00",returns,de,2,phone,0,"2026-06-22 09:01:17"
1926,149,"2026-06-27 12:49:00",subscription,en,2,phone,0,"2026-06-27 19:51:01"
1927,196,"2026-07-20 17:27:00",subscription,en,2,chat,0,"2026-07-21 11:09:22"
1928,1193,"2026-07-14 19:11:00",billing,en,3,phone,0,"2026-07-15 11:19:51"
1929,566,"2026-06-04 05:04:00",account,es,2,phone,0,"2026-06-04 09:33:06"
1930,1026,"2026-05-01 11:15:00",returns,en,2,phone,0,"2026-05-02 04:54:30"
1931,526,"2026-07-02 21:16:00",delivery,en,1,chat,0,"2026-07-03 01:20:37"
1932,711,"2026-05-18 23:46:00",billing,es,3,phone,0,"2026-05-19 14:55:02"
1933,179,"2026-07-14 06:49:00",billing,de,2,chat,0,"2026-07-14 09:04:05"
1934,392,"2026-05-03 01:32:00",subscription,en,1,chat,0,"2026-05-03 06:13:23"
1935,206,"2026-07-12 00:43:00",returns,fr,2,email,0,"2026-07-12 11:25:29"
1936,750,"2026-07-16 05:03:00",returns,en,2,chat,0,"2026-07-16 13:28:55"
1937,979,"2026-06-01 16:15:00",delivery,en,3,email,1,"2026-06-02 03:26:25"
1938,544,"2026-06-24 05:36:00",billing,en,1,email,0,"2026-06-24 09:16:20"
1939,825,"2026-05-03 02:52:00",returns,en,1,email,0,"2026-05-03 08:15:35"
1940,1166,"2026-07-11 09:40:00",account,en,3,phone,0,"2026-07-12 08:02:45"
1941,1158,"2026-07-23 08:23:00",technical,en,1,phone,0,"2026-07-23 14:06:13"
1942,918,"2026-07-06 04:23:00",returns,en,1,phone,0,"2026-07-06 17:41:25"
1943,65,"2026-05-18 17:28:00",account,en,4,email,0,"2026-05-19 09:34:43"
1944,244,"2026-07-08 07:16:00",delivery,en,1,chat,0,"2026-07-08 11:03:47"
1945,466,"2026-06-13 17:30:00",technical,en,2,email,0,"2026-06-14 10:01:22"
1946,192,"2026-06-15 10:06:00",technical,en,2,email,0,"2026-06-15 15:07:33"
1947,90,"2026-07-03 06:35:00",subscription,en,1,phone,0,"2026-07-03 17:55:42"
1948,894,"2026-06-07 23:43:00",delivery,en,1,phone,0,"2026-06-08 06:56:31"
1949,276,"2026-05-30 20:29:00",returns,en,3,chat,0,"2026-05-31 03:12:46"
1950,1122,"2026-07-14 03:32:00",subscription,fr,1,email,0,"2026-07-14 06:58:06"
1951,183,"2026-05-04 21:52:00",technical,en,3,email,0,"2026-05-05 01:59:05"
1952,1086,"2026-06-27 20:19:00",billing,en,2,phone,0,"2026-06-27 23:18:59"
1953,810,"2026-05-05 15:20:00",delivery,en,1,email,0,"2026-05-05 18:42:33"
1954,281,"2026-05-16 17:38:00",delivery,en,3,email,0,"2026-05-17 03:07:25"
1955,1198,"2026-06-05 19:29:00",subscription,de,1,email,0,"2026-06-06 01:21:03"
1956,134,"2026-07-29 20:16:00",delivery,en,2,chat,0,"2026-07-30 00:33:14"
1957,385,"2026-05-08 04:53:00",account,de,2,chat,0,"2026-05-09 04:00:01"
1958,821,"2026-05-22 17:56:00",returns,ja,1,chat,0,"2026-05-22 22:09:57"
1959,839,"2026-05-05 07:00:00",billing,fr,1,phone,0,"2026-05-05 16:56:43"
1960,964,"2026-07-17 08:28:00",billing,en,3,chat,0,"2026-07-18 14:08:13"
1961,208,"2026-07-20 22:57:00",delivery,en,4,chat,0,"2026-07-21 12:31:00"
1962,619,"2026-06-02 23:41:00",account,en,2,phone,0,"2026-06-03 07:35:43"
1963,466,"2026-07-02 04:37:00",returns,fr,1,phone,0,"2026-07-02 09:18:51"
1964,323,"2026-07-01 00:43:00",account,ja,2,email,0,"2026-07-01 12:48:39"
1965,220,"2026-05-12 13:25:00",technical,en,4,chat,0,"2026-05-13 00:36:34"
1966,382,"2026-06-28 09:44:00",technical,es,1,chat,0,"2026-06-28 16:32:32"
1967,363,"2026-05-08 09:24:00",account,en,2,phone,0,"2026-05-08 21:19:47"
1968,60,"2026-05-14 05:13:00",returns,en,2,chat,1,"2026-05-14 16:15:42"
1969,27,"2026-07-25 05:45:00",subscription,en,3,email,0,"2026-07-25 10:30:13"
1970,794,"2026-07-23 06:48:00",account,en,1,phone,0,"2026-07-23 18:52:02"
1971,538,"2026-06-01 08:27:00",delivery,en,1,chat,0,"2026-06-01 13:16:46"
1972,815,"2026-05-30 09:56:00",account,en,1,chat,0,"2026-05-30 19:02:13"
1973,1063,"2026-05-03 03:37:00",account,en,3,phone,0,"2026-05-03 08:31:46"
1974,444,"2026-07-10 04:53:00",subscription,ja,3,email,0,"2026-07-10 11:50:46"
1975,952,"2026-05-10 14:57:00",account,es,1,email,0,"2026-05-10 20:58:56"
1976,206,"2026-07-06 23:51:00",billing,es,2,email,0,"2026-07-07 10:52:09"
1977,844,"2026-05-24 20:08:00",technical,fr,3,chat,0,"2026-05-25 08:51:16"
1978,206,"2026-05-14 00:08:00",delivery,es,2,email,0,"2026-05-14 12:41:33"
1979,507,"2026-05-31 11:33:00",billing,fr,2,email,0,"2026-05-31 18:50:47"
1980,98,"2026-05-27 20:40:00",delivery,ja,3,chat,0,"2026-05-28 05:38:39"
1981,1139,"2026-07-22 20:34:00",billing,de,4,chat,0,"2026-07-23 06:59:07"
1982,699,"2026-05-04 08:20:00",delivery,es,2,email,0,"2026-05-04 17:19:11"
1983,367,"2026-05-11 08:56:00",account,en,1,phone,0,"2026-05-11 16:44:50"
1984,246,"2026-05-29 08:03:00",billing,en,3,email,0,"2026-05-30 04:29:41"
1985,95,"2026-05-24 00:12:00",billing,en,2,phone,0,"2026-05-24 04:21:44"
1986,1142,"2026-07-13 20:42:00",account,en,4,chat,0,"2026-07-14 06:23:55"
1987,438,"2026-05-04 05:03:00",returns,de,1,email,0,"2026-05-04 20:21:06"
1988,30,"2026-05-09 13:02:00",account,es,1,chat,0,"2026-05-10 03:21:31"
1989,168,"2026-06-13 01:35:00",returns,en,1,email,0,"2026-06-13 05:24:13"
1990,737,"2026-05-06 09:11:00",billing,fr,2,phone,0,"2026-05-07 02:24:26"
1991,3,"2026-06-06 05:04:00",delivery,en,2,email,0,"2026-06-06 19:15:40"
1992,501,"2026-07-25 11:06:00",technical,en,4,chat,0,"2026-07-26 04:22:04"
1993,426,"2026-06-13 03:21:00",billing,ja,1,phone,0,"2026-06-13 06:51:15"
1994,907,"2026-07-05 23:48:00",delivery,en,1,email,1,"2026-07-06 03:37:25"
1995,688,"2026-07-01 08:11:00",technical,en,2,phone,0,"2026-07-01 13:21:51"
1996,675,"2026-07-12 21:14:00",account,fr,2,chat,0,"2026-07-13 09:47:06"
1997,177,"2026-06-09 13:52:00",billing,en,2,email,0,"2026-06-09 19:26:49"
1998,630,"2026-06-06 15:52:00",subscription,es,3,chat,0,"2026-06-06 19:13:06"
1999,726,"2026-07-14 08:56:00",account,en,2,chat,0,"2026-07-14 13:54:37"
2000,58,"2026-07-18 14:04:00",account,en,2,chat,0,"2026-07-19 05:14:17"
2001,700,"2026-07-15 08:15:00",technical,en,4,chat,0,"2026-07-15 20:16:16"
2002,329,"2026-06-03 14:46:00",delivery,ja,2,chat,0,"2026-06-03 23:26:51"
2003,695,"2026-07-07 23:49:00",delivery,de,1,chat,0,"2026-07-08 03:10:08"
2004,593,"2026-05-12 19:28:00",delivery,en,2,chat,0,"2026-05-13 02:30:59"
2005,1105,"2026-06-09 18:09:00",billing,en,2,email,0,"2026-06-10 02:33:18"
2006,1111,"2026-07-14 22:10:00",returns,en,1,chat,0,"2026-07-15 03:05:44"
2007,748,"2026-05-10 01:56:00",technical,de,2,chat,1,"2026-05-10 09:21:38"
2008,996,"2026-05-01 03:48:00",technical,en,2,phone,0,"2026-05-01 06:37:10"
2009,87,"2026-07-22 09:54:00",account,de,4,chat,0,"2026-07-23 08:54:44"
2010,173,"2026-06-10 15:47:00",technical,en,1,phone,0,"2026-06-11 03:37:04"
2011,481,"2026-07-20 09:48:00",returns,es,3,phone,0,"2026-07-20 17:05:50"
2012,341,"2026-07-11 23:57:00",account,en,1,phone,0,"2026-07-12 20:32:26"
2013,1097,"2026-07-24 10:44:00",delivery,en,2,email,0,"2026-07-25 03:32:47"
2014,774,"2026-05-02 12:10:00",returns,en,1,email,0,"2026-05-02 16:17:36"
2015,176,"2026-06-12 05:50:00",returns,ja,2,email,0,"2026-06-12 08:04:21"
2016,1019,"2026-07-08 03:01:00",subscription,en,4,chat,0,"2026-07-08 16:33:26"
2017,920,"2026-07-29 05:24:00",account,es,2,phone,0,"2026-07-29 11:45:52"
2018,1099,"2026-05-20 21:02:00",technical,en,2,phone,0,"2026-05-21 14:43:20"
2019,596,"2026-05-30 15:29:00",delivery,en,1,phone,0,"2026-05-31 06:33:44"
2020,243,"2026-05-05 08:44:00",technical,fr,2,phone,0,"2026-05-05 17:25:00"
2021,94,"2026-07-16 03:57:00",subscription,en,2,phone,0,"2026-07-16 08:42:39"
2022,1133,"2026-05-01 05:20:00",technical,en,3,phone,0,"2026-05-01 10:20:20"
2023,955,"2026-06-07 01:53:00",delivery,en,2,email,0,"2026-06-07 10:45:38"
2024,525,"2026-07-29 19:08:00",technical,en,1,phone,0,"2026-07-30 04:58:22"
2025,426,"2026-07-23 20:35:00",subscription,en,1,chat,0,"2026-07-24 04:03:49"
2026,477,"2026-06-29 16:01:00",delivery,en,2,email,0,"2026-06-30 08:39:20"
2027,116,"2026-07-20 23:21:00",account,fr,1,phone,0,"2026-07-21 07:15:05"
2028,360,"2026-07-13 09:20:00",returns,en,2,phone,0,"2026-07-13 22:20:11"
2029,244,"2026-05-16 22:22:00",billing,fr,2,phone,0,"2026-05-17 12:36:30"
2030,997,"2026-06-20 18:50:00",account,en,1,email,0,"2026-06-20 23:18:47"
2031,463,"2026-05-23 04:49:00",account,en,1,phone,0,"2026-05-23 09:30:56"
2032,1098,"2026-06-13 10:03:00",account,en,2,phone,0,"2026-06-13 16:51:31"
2033,321,"2026-06-05 00:56:00",returns,ja,1,email,0,"2026-06-05 12:49:32"
2034,1138,"2026-06-25 03:29:00",returns,en,1,email,0,"2026-06-25 10:16:50"
2035,27,"2026-05-14 18:40:00",billing,en,4,chat,0,"2026-05-15 03:34:05"
2036,1157,"2026-07-05 03:26:00",returns,en,3,email,0,"2026-07-05 10:36:31"
2037,13,"2026-06-19 18:08:00",subscription,ja,3,email,0,"2026-06-20 09:33:52"
2038,287,"2026-06-20 15:47:00",technical,en,1,email,0,"2026-06-20 18:33:01"
2039,901,"2026-07-03 22:26:00",technical,de,3,chat,0,"2026-07-04 07:16:47"
2040,961,"2026-07-08 09:36:00",billing,en,1,chat,0,"2026-07-08 13:45:43"
2041,492,"2026-07-27 13:06:00",technical,en,1,chat,0,"2026-07-27 18:47:55"
2042,77,"2026-06-07 04:00:00",returns,en,1,phone,1,"2026-06-07 07:33:32"
2043,1186,"2026-07-12 16:27:00",account,es,2,email,0,"2026-07-12 20:05:14"
2044,938,"2026-06-09 04:38:00",billing,en,2,email,0,"2026-06-09 16:08:07"
2045,74,"2026-05-19 23:09:00",account,de,1,chat,0,"2026-05-20 03:30:41"
2046,380,"2026-06-12 21:44:00",subscription,en,1,email,0,"2026-06-13 04:39:00"
2047,548,"2026-05-31 08:06:00",account,ja,1,chat,1,"2026-05-31 20:15:40"
2048,285,"2026-06-29 13:05:00",account,en,1,email,0,"2026-06-29 14:25:54"
2049,988,"2026-06-21 01:39:00",technical,en,1,email,0,"2026-06-21 04:32:02"
2050,417,"2026-06-06 22:18:00",returns,es,4,phone,0,"2026-06-07 11:25:54"
2051,963,"2026-05-20 08:09:00",account,en,4,chat,0,"2026-05-20 23:41:50"
2052,966,"2026-06-30 18:06:00",account,en,4,chat,0,"2026-06-30 20:50:05"
2053,43,"2026-05-10 07:18:00",billing,en,1,email,1,"2026-05-10 13:03:37"
2054,696,"2026-07-24 12:06:00",billing,en,3,phone,0,"2026-07-24 23:28:23"
2055,480,"2026-05-05 10:53:00",delivery,es,2,phone,0,"2026-05-05 15:39:11"
2056,602,"2026-05-06 20:16:00",subscription,ja,1,chat,0,"2026-05-07 08:01:53"
2057,1184,"2026-07-12 08:46:00",returns,fr,1,email,0,"2026-07-12 10:26:45"
2058,291,"2026-05-25 03:20:00",returns,en,2,chat,0,"2026-05-25 12:00:48"
2059,507,"2026-05-03 16:27:00",account,en,1,phone,0,"2026-05-04 01:18:36"
2060,112,"2026-07-28 14:29:00",subscription,es,2,email,0,"2026-07-28 17:11:46"
2061,860,"2026-05-28 13:40:00",billing,en,3,phone,0,"2026-05-28 20:16:42"
2062,94,"2026-05-22 22:09:00",technical,es,1,phone,0,"2026-05-23 04:10:00"
2063,640,"2026-07-13 23:13:00",subscription,en,2,chat,0,"2026-07-14 05:21:10"
2064,207,"2026-06-06 04:17:00",delivery,en,5,email,0,"2026-06-06 11:30:26"
2065,1042,"2026-06-08 05:20:00",subscription,en,3,email,0,"2026-06-08 09:51:42"
2066,1004,"2026-06-16 23:33:00",returns,de,2,phone,0,"2026-06-17 03:07:06"
2067,620,"2026-05-20 01:32:00",subscription,en,1,email,0,"2026-05-20 09:42:32"
2068,48,"2026-07-08 20:39:00",billing,de,1,phone,0,"2026-07-09 05:19:23"
2069,553,"2026-06-13 10:06:00",account,en,1,email,0,"2026-06-13 13:32:40"
2070,116,"2026-07-20 04:40:00",account,en,2,chat,0,"2026-07-20 16:26:54"
2071,78,"2026-07-22 03:15:00",subscription,en,4,email,0,"2026-07-22 09:01:52"
2072,442,"2026-07-12 08:19:00",technical,en,1,phone,0,"2026-07-12 12:31:47"
2073,496,"2026-05-09 00:04:00",delivery,es,1,chat,0,"2026-05-09 03:10:13"
2074,224,"2026-07-18 17:27:00",billing,en,3,email,0,"2026-07-19 01:47:19"
2075,1134,"2026-07-18 02:52:00",subscription,en,4,chat,1,"2026-07-18 10:50:48"
2076,1145,"2026-05-26 11:22:00",returns,es,2,phone,0,"2026-05-26 13:55:49"
2077,1046,"2026-07-14 15:16:00",billing,en,1,chat,0,"2026-07-14 21:49:38"
2078,879,"2026-05-21 06:07:00",subscription,de,1,phone,1,"2026-05-21 16:21:42"
2079,674,"2026-07-08 12:11:00",subscription,en,2,phone,0,"2026-07-08 17:06:00"
2080,598,"2026-05-28 13:54:00",account,en,1,phone,0,"2026-05-28 21:14:27"
2081,59,"2026-05-28 18:17:00",account,es,3,phone,0,"2026-05-29 00:27:59"
2082,177,"2026-06-30 07:52:00",returns,en,3,email,0,"2026-06-30 20:13:05"
2083,477,"2026-05-28 09:52:00",returns,en,4,email,0,"2026-05-29 10:29:42"
2084,953,"2026-05-21 04:19:00",technical,en,2,chat,0,"2026-05-21 11:30:09"
2085,455,"2026-06-09 00:52:00",returns,en,2,email,0,"2026-06-09 08:02:52"
2086,1069,"2026-05-30 04:37:00",technical,de,1,email,0,"2026-05-30 07:26:07"
2087,69,"2026-05-24 23:50:00",subscription,fr,3,chat,1,"2026-05-25 14:27:34"
2088,441,"2026-07-09 03:44:00",account,en,3,chat,0,"2026-07-09 11:37:19"
2089,509,"2026-05-24 15:21:00",returns,en,1,email,0,"2026-05-24 21:04:23"
2090,752,"2026-05-26 17:25:00",returns,es,5,phone,0,"2026-05-27 10:39:54"
2091,658,"2026-07-04 23:44:00",technical,en,1,phone,0,"2026-07-05 11:20:13"
2092,986,"2026-06-24 07:29:00",technical,en,2,phone,0,"2026-06-24 16:22:41"
2093,91,"2026-05-08 22:21:00",technical,en,2,phone,0,"2026-05-09 09:34:38"
2094,456,"2026-05-27 09:29:00",billing,en,1,email,0,"2026-05-27 14:58:51"
2095,710,"2026-07-03 05:02:00",technical,en,4,chat,0,"2026-07-04 08:24:18"
2096,597,"2026-05-16 10:21:00",delivery,en,2,phone,0,"2026-05-16 21:23:13"
2097,762,"2026-05-11 00:44:00",returns,de,1,chat,0,"2026-05-11 03:43:54"
2098,278,"2026-07-11 06:03:00",subscription,en,3,email,0,"2026-07-11 13:46:17"
2099,857,"2026-07-12 23:06:00",subscription,de,3,chat,0,"2026-07-13 05:44:01"
2100,617,"2026-06-22 20:23:00",delivery,en,2,email,0,"2026-06-23 00:12:15"
2101,778,"2026-06-02 01:44:00",billing,en,1,chat,0,"2026-06-02 07:41:48"
2102,439,"2026-06-22 20:36:00",account,ja,1,chat,0,"2026-06-22 22:21:26"
2103,894,"2026-06-08 11:44:00",billing,es,1,email,1,"2026-06-08 15:49:55"
2104,1069,"2026-06-26 07:43:00",billing,en,2,chat,0,"2026-06-26 11:59:55"
2105,277,"2026-07-17 14:32:00",delivery,es,5,email,1,"2026-07-18 03:49:48"
2106,1158,"2026-06-25 11:31:00",account,ja,2,chat,0,"2026-06-25 15:16:11"
2107,382,"2026-06-04 06:02:00",billing,fr,4,chat,1,"2026-06-04 17:35:42"
2108,412,"2026-05-15 05:18:00",account,en,2,phone,0,"2026-05-15 15:06:58"
2109,982,"2026-07-11 00:17:00",subscription,fr,1,phone,0,"2026-07-11 03:37:25"
2110,815,"2026-06-07 08:45:00",subscription,en,3,chat,0,"2026-06-07 17:31:22"
2111,70,"2026-06-11 00:19:00",technical,en,1,chat,0,"2026-06-11 10:18:48"
2112,669,"2026-07-22 08:27:00",technical,en,1,email,0,"2026-07-23 01:13:28"
2113,28,"2026-06-28 10:30:00",technical,de,2,chat,0,"2026-06-28 21:59:35"
2114,472,"2026-07-17 05:57:00",account,en,2,email,0,"2026-07-17 17:07:29"
2115,817,"2026-06-29 22:19:00",account,en,3,phone,0,"2026-07-01 05:14:32"
2116,512,"2026-06-18 14:45:00",account,ja,3,email,0,"2026-06-18 23:58:27"
2117,82,"2026-07-03 06:49:00",technical,ja,1,chat,0,"2026-07-03 16:48:10"
2118,1020,"2026-07-27 02:00:00",delivery,en,3,chat,0,"2026-07-27 14:43:52"
2119,156,"2026-06-06 13:33:00",returns,en,1,phone,0,"2026-06-06 19:39:52"
2120,16,"2026-06-26 22:25:00",returns,ja,2,email,0,"2026-06-27 08:35:54"
2121,145,"2026-05-29 20:52:00",technical,en,4,email,0,"2026-05-30 03:49:02"
2122,1035,"2026-07-27 07:13:00",returns,en,1,email,0,"2026-07-27 10:54:09"
2123,689,"2026-05-30 18:03:00",account,en,3,phone,0,"2026-05-31 01:09:27"
2124,510,"2026-07-24 12:06:00",technical,en,2,phone,0,"2026-07-24 16:05:34"
2125,786,"2026-07-02 16:58:00",technical,en,1,phone,0,"2026-07-03 17:22:16"
2126,500,"2026-07-27 21:31:00",billing,en,2,chat,0,"2026-07-28 02:52:41"
2127,847,"2026-07-16 15:14:00",subscription,es,2,email,0,"2026-07-16 21:42:55"
2128,358,"2026-06-16 10:57:00",delivery,en,1,email,0,"2026-06-16 15:05:45"
2129,988,"2026-06-16 22:12:00",delivery,en,3,email,0,"2026-06-17 07:06:13"
2130,342,"2026-07-14 13:27:00",billing,en,2,email,0,"2026-07-14 20:36:16"
2131,268,"2026-06-11 12:42:00",account,en,3,chat,0,"2026-06-11 19:10:04"
2132,737,"2026-06-02 12:40:00",billing,es,2,chat,0,"2026-06-03 04:43:37"
2133,818,"2026-06-21 20:38:00",account,es,3,phone,1,"2026-06-22 05:22:40"
2134,451,"2026-06-22 19:09:00",subscription,fr,4,email,0,"2026-06-22 23:06:30"
2135,34,"2026-06-05 20:02:00",subscription,en,2,phone,0,"2026-06-06 01:43:44"
2136,768,"2026-07-05 11:01:00",billing,en,1,phone,0,"2026-07-05 20:11:11"
2137,32,"2026-06-23 15:48:00",delivery,fr,4,email,0,"2026-06-24 03:10:15"
2138,169,"2026-06-28 15:12:00",subscription,en,5,phone,1,"2026-06-29 11:29:31"
2139,1073,"2026-06-06 01:38:00",account,ja,1,phone,0,"2026-06-06 04:54:19"
2140,276,"2026-06-03 19:19:00",billing,en,3,email,0,"2026-06-03 22:52:15"
2141,696,"2026-07-09 18:20:00",returns,en,4,chat,0,"2026-07-10 04:31:32"
2142,1138,"2026-07-10 09:58:00",billing,en,5,chat,0,"2026-07-10 12:44:27"
2143,877,"2026-06-10 07:08:00",returns,de,2,email,0,"2026-06-10 20:23:12"
2144,494,"2026-07-29 10:52:00",billing,ja,2,chat,0,"2026-07-30 18:42:11"
2145,581,"2026-05-14 03:51:00",billing,en,1,chat,0,"2026-05-14 10:27:15"
2146,518,"2026-07-04 19:38:00",technical,en,3,email,0,"2026-07-05 02:31:36"
2147,181,"2026-07-04 09:38:00",account,en,4,email,0,"2026-07-06 15:08:45"
2148,369,"2026-05-25 02:22:00",subscription,en,1,chat,0,"2026-05-25 13:26:01"
2149,368,"2026-05-15 07:20:00",delivery,fr,3,chat,0,"2026-05-15 19:38:56"
2150,853,"2026-05-14 07:27:00",technical,ja,1,phone,0,"2026-05-14 11:14:47"
2151,732,"2026-05-04 00:21:00",returns,en,2,chat,0,"2026-05-04 05:06:27"
2152,295,"2026-07-17 12:41:00",account,en,1,phone,0,"2026-07-17 15:32:46"
2153,994,"2026-05-13 20:09:00",account,ja,4,email,0,"2026-05-14 02:25:25"
2154,511,"2026-06-11 17:37:00",returns,ja,1,phone,0,"2026-06-12 00:23:21"
2155,883,"2026-06-30 00:30:00",billing,en,1,email,1,"2026-06-30 02:38:20"
2156,939,"2026-07-03 03:20:00",account,en,1,email,0,"2026-07-03 16:09:31"
2157,616,"2026-05-18 19:01:00",account,de,2,email,0,"2026-05-19 01:32:06"
2158,839,"2026-06-26 20:36:00",subscription,en,2,phone,0,"2026-06-27 09:54:07"
2159,370,"2026-07-09 14:01:00",subscription,en,4,phone,0,"2026-07-10 01:05:42"
2160,1132,"2026-07-16 14:16:00",technical,fr,2,phone,0,"2026-07-16 22:06:43"
2161,387,"2026-06-17 00:03:00",returns,en,1,email,0,"2026-06-17 04:08:36"
2162,1018,"2026-07-26 05:52:00",returns,en,1,chat,0,"2026-07-26 09:56:32"
2163,816,"2026-06-26 15:57:00",returns,es,1,email,0,"2026-06-27 02:00:28"
2164,264,"2026-06-22 03:10:00",subscription,en,2,email,0,"2026-06-22 11:53:12"
2165,382,"2026-07-28 21:15:00",returns,de,1,phone,0,"2026-07-28 23:18:39"
2166,249,"2026-05-26 13:19:00",subscription,en,3,chat,0,"2026-05-26 23:26:57"
2167,117,"2026-06-04 02:12:00",subscription,de,1,chat,0,"2026-06-05 00:19:59"
2168,607,"2026-06-10 04:40:00",returns,ja,4,phone,0,"2026-06-10 16:40:39"
2169,607,"2026-05-19 20:20:00",delivery,ja,2,phone,0,"2026-05-20 02:16:00"
2170,440,"2026-05-27 13:48:00",returns,en,2,chat,0,"2026-05-27 21:21:25"
2171,737,"2026-05-10 12:14:00",account,en,3,chat,0,"2026-05-10 21:28:40"
2172,655,"2026-07-02 22:38:00",billing,en,2,chat,0,"2026-07-03 04:06:46"
2173,744,"2026-07-07 11:35:00",subscription,en,1,email,0,"2026-07-07 17:37:32"
2174,194,"2026-07-16 17:34:00",returns,en,1,phone,0,"2026-07-17 02:51:39"
2175,512,"2026-06-14 19:05:00",returns,de,1,chat,1,"2026-06-15 02:44:32"
2176,764,"2026-05-17 20:50:00",account,en,1,chat,0,"2026-05-18 02:16:02"
2177,586,"2026-06-17 04:27:00",returns,es,2,phone,0,"2026-06-17 17:31:54"
2178,850,"2026-05-03 15:56:00",technical,en,2,phone,0,"2026-05-04 02:24:50"
2179,385,"2026-05-17 03:00:00",delivery,de,1,chat,0,"2026-05-17 10:55:25"
2180,509,"2026-07-11 08:34:00",technical,en,1,phone,0,"2026-07-11 14:13:00"
2181,252,"2026-07-08 08:42:00",returns,de,2,chat,0,"2026-07-08 21:37:14"
2182,1148,"2026-05-18 14:23:00",delivery,en,2,chat,0,"2026-05-18 23:20:02"
2183,421,"2026-07-04 10:27:00",billing,es,2,chat,0,"2026-07-04 18:51:21"
2184,908,"2026-06-03 15:39:00",returns,es,1,chat,0,"2026-06-04 12:14:35"
2185,572,"2026-06-21 23:23:00",billing,en,3,chat,0,"2026-06-22 04:10:48"
2186,856,"2026-07-10 06:29:00",subscription,en,2,chat,0,"2026-07-10 18:13:37"
2187,795,"2026-06-13 16:08:00",returns,en,1,email,0,"2026-06-13 23:22:45"
2188,930,"2026-06-23 09:26:00",returns,es,1,chat,0,"2026-06-23 15:39:30"
2189,967,"2026-07-06 13:02:00",account,ja,1,email,0,"2026-07-06 17:54:35"
2190,757,"2026-05-09 07:22:00",subscription,en,4,email,0,"2026-05-09 14:09:05"
2191,128,"2026-05-02 19:46:00",returns,ja,3,phone,0,"2026-05-03 04:43:12"
2192,427,"2026-06-30 00:53:00",account,en,1,chat,0,"2026-06-30 06:13:55"
2193,154,"2026-07-22 11:58:00",returns,en,1,chat,0,"2026-07-22 15:51:06"
2194,332,"2026-07-26 08:18:00",account,en,1,phone,0,"2026-07-26 12:07:09"
2195,883,"2026-05-29 14:50:00",billing,es,1,phone,0,"2026-05-29 22:15:18"
2196,698,"2026-07-29 00:02:00",delivery,ja,3,phone,1,"2026-07-29 02:41:24"
2197,817,"2026-06-15 13:45:00",delivery,es,1,chat,0,"2026-06-15 19:58:44"
2198,1161,"2026-05-08 13:08:00",billing,en,1,email,0,"2026-05-08 16:07:37"
2199,223,"2026-05-11 08:54:00",technical,en,1,email,0,"2026-05-11 19:39:22"
2200,986,"2026-07-29 10:54:00",delivery,en,2,chat,0,"2026-07-29 19:03:29"
2201,934,"2026-07-01 06:25:00",account,fr,1,chat,0,"2026-07-01 10:36:44"
2202,1018,"2026-07-05 07:29:00",billing,en,4,phone,0,"2026-07-06 05:27:50"
2203,668,"2026-07-12 18:33:00",technical,ja,1,chat,0,"2026-07-12 22:31:18"
2204,251,"2026-05-20 00:41:00",billing,fr,1,email,0,"2026-05-20 02:46:07"
2205,475,"2026-06-10 10:38:00",subscription,en,2,chat,0,"2026-06-10 17:30:47"
2206,457,"2026-07-27 17:20:00",account,en,3,email,0,"2026-07-28 07:58:09"
2207,70,"2026-05-27 01:45:00",technical,en,3,email,1,"2026-05-27 17:29:47"
2208,277,"2026-06-03 20:11:00",billing,en,2,email,0,"2026-06-04 13:39:44"
2209,993,"2026-05-26 06:39:00",delivery,en,3,chat,0,"2026-05-26 20:30:04"
2210,196,"2026-05-17 06:07:00",technical,en,2,phone,0,"2026-05-17 19:58:44"
2211,339,"2026-06-05 06:29:00",billing,fr,2,chat,0,"2026-06-05 14:34:07"
2212,875,"2026-07-17 05:31:00",billing,en,2,email,0,"2026-07-17 13:32:18"
2213,584,"2026-06-30 02:04:00",account,en,2,phone,0,"2026-06-30 05:26:44"
2214,164,"2026-07-04 23:15:00",account,en,2,chat,0,"2026-07-05 16:18:10"
2215,677,"2026-07-05 17:18:00",billing,en,2,phone,1,"2026-07-05 23:13:20"
2216,904,"2026-07-20 03:11:00",delivery,en,1,phone,1,"2026-07-20 15:48:16"
2217,835,"2026-07-22 22:00:00",delivery,en,3,phone,0,"2026-07-23 07:38:01"
2218,860,"2026-05-14 20:30:00",delivery,es,2,email,0,"2026-05-15 03:18:46"
2219,939,"2026-05-31 19:02:00",billing,en,3,email,0,"2026-05-31 22:02:02"
2220,1190,"2026-06-02 16:56:00",technical,es,1,email,0,"2026-06-02 19:55:32"
2221,948,"2026-07-09 01:44:00",subscription,en,4,chat,0,"2026-07-09 08:57:46"
2222,670,"2026-06-15 22:19:00",technical,en,3,phone,0,"2026-06-16 03:16:11"
2223,752,"2026-06-13 02:54:00",account,en,1,email,1,"2026-06-13 05:53:39"
2224,528,"2026-05-10 05:15:00",billing,en,2,phone,0,"2026-05-10 12:21:54"
2225,739,"2026-05-08 05:29:00",delivery,fr,4,phone,0,"2026-05-08 12:28:48"
2226,826,"2026-06-26 17:43:00",billing,en,1,chat,0,"2026-06-26 20:39:48"
2227,479,"2026-05-20 00:19:00",subscription,en,2,email,0,"2026-05-20 06:12:45"
2228,888,"2026-06-17 21:44:00",returns,en,2,chat,0,"2026-06-18 06:25:31"
2229,1181,"2026-07-16 02:21:00",delivery,ja,2,email,0,"2026-07-16 09:06:27"
2230,79,"2026-07-12 09:19:00",technical,en,1,phone,0,"2026-07-12 17:34:15"
2231,606,"2026-07-13 13:12:00",subscription,fr,2,chat,0,"2026-07-13 21:09:25"
2232,1108,"2026-06-16 20:20:00",delivery,en,4,phone,0,"2026-06-17 06:46:17"
2233,658,"2026-06-07 18:05:00",delivery,es,4,email,0,"2026-06-07 22:17:49"
2234,987,"2026-07-26 12:27:00",subscription,ja,4,email,1,"2026-07-27 02:27:03"
2235,385,"2026-05-12 17:44:00",account,en,1,phone,0,"2026-05-12 21:18:38"
2236,31,"2026-06-23 11:33:00",account,en,1,chat,0,"2026-06-24 00:32:05"
2237,329,"2026-05-17 08:00:00",account,es,1,phone,0,"2026-05-17 11:31:13"
2238,724,"2026-07-03 17:25:00",delivery,en,2,phone,0,"2026-07-04 13:47:30"
2239,1132,"2026-07-21 07:06:00",account,en,1,chat,0,"2026-07-21 16:01:14"
2240,945,"2026-05-23 16:44:00",delivery,fr,3,chat,0,"2026-05-24 04:21:28"
2241,228,"2026-05-22 22:00:00",billing,en,1,chat,0,"2026-05-23 04:41:53"
2242,34,"2026-05-13 02:37:00",returns,de,3,chat,0,"2026-05-13 09:25:01"
2243,1018,"2026-05-30 09:38:00",technical,en,1,phone,0,"2026-05-30 15:53:18"
2244,23,"2026-05-06 04:40:00",delivery,ja,1,email,0,"2026-05-06 20:38:08"
2245,689,"2026-05-23 08:14:00",account,en,2,email,0,"2026-05-23 14:15:22"
2246,756,"2026-06-10 13:25:00",billing,en,1,chat,0,"2026-06-10 19:42:41"
2247,1186,"2026-05-23 12:05:00",subscription,en,2,chat,0,"2026-05-23 18:03:52"
2248,829,"2026-07-25 11:54:00",technical,en,3,phone,0,"2026-07-26 05:16:20"
2249,920,"2026-05-31 00:16:00",technical,en,1,chat,0,"2026-05-31 13:34:46"
2250,1189,"2026-07-27 08:51:00",subscription,en,1,email,0,"2026-07-27 17:14:35"
2251,1136,"2026-05-24 12:36:00",billing,fr,1,email,0,"2026-05-24 21:05:30"
2252,779,"2026-07-01 15:42:00",billing,es,2,chat,1,"2026-07-01 22:12:54"
2253,466,"2026-06-08 14:29:00",returns,en,1,chat,0,"2026-06-09 04:02:47"
2254,798,"2026-06-09 11:19:00",subscription,en,3,email,0,"2026-06-09 23:19:40"
2255,243,"2026-07-11 05:22:00",subscription,en,3,email,0,"2026-07-11 19:15:00"
2256,1179,"2026-07-13 18:36:00",technical,fr,2,phone,0,"2026-07-14 06:17:43"
2257,449,"2026-05-30 07:04:00",technical,en,2,phone,0,"2026-05-30 09:32:31"
2258,560,"2026-07-07 02:22:00",account,en,2,phone,0,"2026-07-07 11:02:51"
2259,498,"2026-05-12 14:20:00",technical,en,1,email,0,"2026-05-12 18:05:53"
2260,692,"2026-07-02 21:56:00",account,en,3,phone,1,"2026-07-03 03:49:33"
2261,1097,"2026-06-09 05:39:00",delivery,en,2,email,1,"2026-06-09 15:09:38"
2262,330,"2026-06-18 07:27:00",technical,en,2,chat,0,"2026-06-18 19:39:01"
2263,429,"2026-06-09 05:16:00",technical,ja,4,email,0,"2026-06-09 13:28:18"
2264,648,"2026-06-02 13:46:00",subscription,en,2,phone,0,"2026-06-03 06:34:31"
2265,1133,"2026-05-29 15:40:00",returns,en,1,chat,0,"2026-05-29 23:26:00"
2266,814,"2026-06-20 16:12:00",returns,en,4,phone,0,"2026-06-21 01:05:32"
2267,448,"2026-06-26 06:06:00",technical,en,2,email,0,"2026-06-26 15:19:03"
2268,889,"2026-05-16 06:11:00",delivery,en,2,chat,0,"2026-05-16 11:05:06"
2269,144,"2026-06-22 15:20:00",delivery,es,5,chat,0,"2026-06-23 18:58:55"
2270,744,"2026-06-01 16:14:00",account,fr,1,email,0,"2026-06-01 23:33:08"
2271,797,"2026-05-13 22:39:00",billing,en,1,phone,0,"2026-05-14 00:09:24"
2272,593,"2026-06-07 08:00:00",account,en,3,email,0,"2026-06-07 15:19:45"
2273,257,"2026-06-22 14:53:00",account,ja,2,phone,1,"2026-06-23 10:49:20"
2274,496,"2026-06-27 16:58:00",billing,es,1,phone,0,"2026-06-27 21:46:55"
2275,720,"2026-07-12 13:36:00",delivery,en,4,phone,0,"2026-07-13 02:25:27"
2276,688,"2026-07-05 00:48:00",technical,de,2,phone,0,"2026-07-05 09:52:38"
2277,202,"2026-05-11 21:42:00",account,en,2,chat,0,"2026-05-12 08:57:41"
2278,187,"2026-07-21 06:24:00",account,ja,2,email,0,"2026-07-21 15:33:15"
2279,801,"2026-07-07 21:13:00",delivery,en,2,chat,0,"2026-07-08 05:47:35"
2280,877,"2026-06-07 04:41:00",returns,en,3,email,0,"2026-06-07 11:50:24"
2281,690,"2026-05-28 08:53:00",billing,en,3,chat,1,"2026-05-28 16:27:08"
2282,400,"2026-05-17 17:53:00",billing,en,1,phone,0,"2026-05-17 22:07:18"
2283,971,"2026-06-09 15:33:00",subscription,ja,3,chat,1,"2026-06-09 19:58:01"
2284,1094,"2026-07-11 09:17:00",returns,de,2,email,0,"2026-07-11 17:18:00"
2285,935,"2026-06-19 11:21:00",subscription,en,4,phone,0,"2026-06-19 22:19:00"
2286,1102,"2026-05-08 08:28:00",returns,en,1,email,1,"2026-05-08 16:06:25"
2287,901,"2026-06-16 14:45:00",account,en,2,chat,0,"2026-06-16 19:35:31"
2288,192,"2026-07-19 00:55:00",returns,ja,1,phone,1,"2026-07-19 05:24:32"
2289,377,"2026-06-08 10:24:00",delivery,es,3,email,0,"2026-06-08 16:52:07"
2290,248,"2026-07-25 06:46:00",delivery,es,4,phone,0,"2026-07-27 17:15:09"
2291,366,"2026-07-15 18:35:00",account,en,2,email,0,"2026-07-16 01:36:32"
2292,83,"2026-07-05 14:52:00",technical,fr,2,email,0,"2026-07-05 22:21:10"
2293,35,"2026-06-04 20:33:00",returns,en,1,phone,0,"2026-06-05 00:02:51"
2294,423,"2026-05-14 10:56:00",returns,ja,4,email,1,"2026-05-14 23:17:41"
2295,93,"2026-07-21 04:50:00",account,fr,3,phone,0,"2026-07-21 09:24:29"
2296,620,"2026-07-17 00:02:00",delivery,en,2,email,0,"2026-07-17 05:09:25"
2297,39,"2026-05-01 15:04:00",delivery,es,2,phone,0,"2026-05-01 18:50:32"
2298,467,"2026-07-25 19:28:00",account,en,1,email,0,"2026-07-26 06:45:12"
2299,153,"2026-05-23 03:05:00",delivery,es,1,chat,0,"2026-05-23 08:55:12"
2300,303,"2026-06-21 05:01:00",technical,en,1,chat,0,"2026-06-21 13:03:18"
2301,702,"2026-05-17 21:18:00",billing,en,2,email,0,"2026-05-18 03:53:22"
2302,736,"2026-06-14 01:21:00",delivery,fr,3,email,0,"2026-06-14 15:43:02"
2303,7,"2026-07-05 16:40:00",technical,en,1,chat,0,"2026-07-06 02:30:11"
2304,459,"2026-06-26 11:18:00",delivery,en,3,email,0,"2026-06-26 19:31:25"
2305,962,"2026-07-09 10:26:00",returns,de,1,phone,0,"2026-07-10 04:23:41"
2306,21,"2026-07-05 18:12:00",account,es,4,phone,0,"2026-07-06 02:14:19"
2307,918,"2026-06-24 06:07:00",subscription,ja,1,chat,0,"2026-06-24 11:55:07"
2308,508,"2026-05-24 06:07:00",returns,en,2,email,0,"2026-05-24 22:45:59"
2309,699,"2026-07-10 18:11:00",technical,en,5,chat,0,"2026-07-12 08:59:23"
2310,298,"2026-05-22 05:35:00",delivery,en,2,phone,0,"2026-05-22 19:22:15"
2311,658,"2026-07-18 00:40:00",account,en,1,chat,1,"2026-07-18 15:54:29"
2312,657,"2026-07-03 23:23:00",subscription,en,3,phone,0,"2026-07-04 07:20:12"
2313,992,"2026-07-01 12:35:00",account,es,5,chat,0,"2026-07-02 00:21:01"
2314,29,"2026-06-14 21:00:00",account,en,2,email,0,"2026-06-15 02:20:25"
2315,268,"2026-06-14 05:09:00",billing,es,2,email,0,"2026-06-14 15:15:07"
2316,851,"2026-05-24 21:37:00",account,en,3,phone,0,"2026-05-25 05:58:04"
2317,1098,"2026-05-08 16:22:00",returns,en,5,email,0,"2026-05-09 15:56:57"
2318,996,"2026-07-24 00:55:00",billing,ja,2,email,0,"2026-07-24 06:07:35"
2319,88,"2026-07-08 03:03:00",account,en,1,chat,0,"2026-07-08 07:26:54"
2320,873,"2026-07-07 13:17:00",subscription,fr,3,phone,0,"2026-07-07 20:26:28"
2321,913,"2026-06-22 15:51:00",delivery,en,1,email,0,"2026-06-22 21:58:20"
2322,131,"2026-05-26 13:55:00",billing,en,1,email,0,"2026-05-26 16:58:29"
2323,253,"2026-06-10 02:48:00",delivery,en,3,email,0,"2026-06-10 22:19:04"
2324,224,"2026-06-24 13:27:00",billing,en,3,chat,1,"2026-06-25 03:29:51"
2325,1152,"2026-07-18 19:24:00",returns,en,2,email,0,"2026-07-19 07:12:06"
2326,1140,"2026-06-25 00:28:00",returns,ja,4,phone,0,"2026-06-25 05:55:57"
2327,699,"2026-05-09 18:01:00",delivery,en,1,chat,0,"2026-05-09 22:12:20"
2328,600,"2026-05-24 21:11:00",delivery,en,3,phone,0,"2026-05-25 02:52:14"
2329,506,"2026-05-14 13:53:00",account,es,2,phone,0,"2026-05-14 20:18:04"
2330,452,"2026-07-16 00:53:00",account,en,2,chat,0,"2026-07-16 16:51:15"
2331,1113,"2026-05-21 11:17:00",account,ja,1,email,0,"2026-05-21 15:20:19"
2332,848,"2026-05-29 18:06:00",account,en,3,email,0,"2026-05-30 04:50:13"
2333,1172,"2026-06-09 22:05:00",billing,en,1,chat,0,"2026-06-10 04:33:26"
2334,648,"2026-06-09 20:52:00",delivery,en,2,email,1,"2026-06-10 02:53:25"
2335,914,"2026-05-16 03:32:00",returns,en,1,phone,0,"2026-05-16 07:35:59"
2336,290,"2026-07-15 00:29:00",returns,de,3,phone,0,"2026-07-15 15:29:54"
2337,1085,"2026-07-04 07:42:00",delivery,en,1,chat,0,"2026-07-04 16:14:39"
2338,388,"2026-07-15 15:12:00",technical,en,1,phone,0,"2026-07-16 01:01:25"
2339,565,"2026-06-12 23:51:00",returns,en,3,email,0,"2026-06-13 18:09:05"
2340,1186,"2026-07-21 21:16:00",subscription,en,5,email,1,"2026-07-22 11:05:05"
2341,640,"2026-05-14 13:34:00",billing,en,1,email,0,"2026-05-14 16:43:38"
2342,135,"2026-05-16 05:42:00",account,en,2,phone,0,"2026-05-16 11:23:57"
2343,402,"2026-05-17 04:55:00",returns,ja,2,phone,0,"2026-05-17 10:57:25"
2344,649,"2026-06-30 10:30:00",subscription,en,3,email,0,"2026-07-01 09:33:53"
2345,997,"2026-05-02 15:00:00",technical,en,2,chat,0,"2026-05-03 05:22:18"
2346,1141,"2026-06-15 17:08:00",account,en,3,chat,0,"2026-06-16 01:32:51"
2347,148,"2026-05-07 05:30:00",returns,ja,2,chat,0,"2026-05-07 09:55:19"
2348,630,"2026-05-31 21:53:00",billing,ja,2,chat,0,"2026-06-01 11:12:32"
2349,271,"2026-07-09 01:37:00",account,ja,3,email,0,"2026-07-09 12:42:52"
2350,501,"2026-07-17 02:54:00",returns,de,1,email,0,"2026-07-17 10:11:04"
2351,1129,"2026-06-03 11:28:00",delivery,en,1,phone,0,"2026-06-04 04:53:28"
2352,768,"2026-06-23 03:03:00",technical,en,2,chat,0,"2026-06-23 19:57:31"
2353,848,"2026-06-26 08:44:00",billing,en,2,email,0,"2026-06-26 20:43:09"
2354,509,"2026-07-10 03:29:00",delivery,en,4,chat,0,"2026-07-10 23:41:35"
2355,12,"2026-05-14 15:02:00",account,en,2,chat,0,"2026-05-15 20:57:09"
2356,502,"2026-07-26 03:09:00",billing,es,1,chat,0,"2026-07-26 07:21:12"
2357,295,"2026-05-14 08:02:00",delivery,de,4,chat,0,"2026-05-18 04:21:08"
2358,1070,"2026-07-10 03:25:00",technical,fr,3,email,0,"2026-07-10 15:51:42"
2359,598,"2026-07-29 00:31:00",technical,de,2,chat,0,"2026-07-29 13:28:46"
2360,541,"2026-06-22 11:07:00",technical,ja,1,chat,0,"2026-06-22 20:12:50"
2361,500,"2026-06-09 13:17:00",delivery,en,1,email,0,"2026-06-09 16:19:03"
2362,320,"2026-06-17 02:38:00",billing,en,3,phone,0,"2026-06-17 06:07:51"
2363,1081,"2026-06-03 08:49:00",billing,ja,2,chat,0,"2026-06-04 06:03:57"
2364,958,"2026-06-11 13:48:00",account,en,3,chat,0,"2026-06-11 22:08:50"
2365,1128,"2026-05-12 00:41:00",account,en,3,phone,0,"2026-05-12 07:09:48"
2366,1140,"2026-06-13 16:41:00",subscription,ja,3,phone,0,"2026-06-14 11:36:31"
2367,969,"2026-06-26 18:59:00",returns,ja,2,email,0,"2026-06-27 17:19:04"
2368,866,"2026-06-02 10:07:00",account,en,1,phone,0,"2026-06-02 20:24:02"
2369,824,"2026-05-17 14:56:00",returns,en,2,email,0,"2026-05-18 06:25:51"
2370,108,"2026-05-13 22:24:00",delivery,fr,4,phone,0,"2026-05-14 06:33:56"
2371,1018,"2026-06-12 16:14:00",account,ja,1,phone,0,"2026-06-13 00:33:53"
2372,145,"2026-05-29 10:47:00",subscription,ja,4,email,0,"2026-05-29 17:27:34"
2373,104,"2026-05-25 08:51:00",delivery,en,3,phone,0,"2026-05-26 08:46:30"
2374,609,"2026-07-25 12:33:00",returns,en,2,email,0,"2026-07-25 16:28:44"
2375,720,"2026-06-01 22:58:00",subscription,de,2,email,0,"2026-06-02 14:17:10"
2376,1134,"2026-07-03 16:29:00",technical,ja,2,email,0,"2026-07-03 20:40:38"
2377,77,"2026-07-01 21:52:00",account,en,1,chat,0,"2026-07-02 05:53:51"
2378,1111,"2026-06-13 18:48:00",subscription,ja,1,phone,1,"2026-06-13 20:50:30"
2379,369,"2026-06-14 23:53:00",billing,en,2,phone,0,"2026-06-15 11:19:16"
2380,822,"2026-07-01 19:13:00",delivery,en,4,email,0,"2026-07-02 06:08:13"
2381,917,"2026-06-14 11:16:00",billing,es,2,email,0,"2026-06-15 17:23:52"
2382,524,"2026-07-02 16:19:00",billing,en,1,phone,0,"2026-07-02 22:58:43"
2383,1077,"2026-07-14 04:56:00",returns,en,3,phone,0,"2026-07-14 19:05:43"
2384,1017,"2026-05-07 12:20:00",subscription,en,3,email,0,"2026-05-08 02:39:12"
2385,313,"2026-06-14 04:13:00",delivery,en,2,chat,0,"2026-06-14 14:38:42"
2386,754,"2026-06-18 23:49:00",returns,ja,1,email,0,"2026-06-19 05:56:15"
2387,968,"2026-07-21 11:36:00",returns,en,1,chat,1,"2026-07-21 14:53:26"
2388,1075,"2026-07-23 23:26:00",technical,fr,1,chat,0,"2026-07-24 05:04:04"
2389,1002,"2026-07-13 19:31:00",account,en,1,email,0,"2026-07-14 01:03:46"
2390,715,"2026-05-16 01:42:00",billing,en,3,phone,0,"2026-05-16 05:42:49"
2391,741,"2026-07-25 19:27:00",account,en,3,phone,0,"2026-07-26 02:35:35"
2392,43,"2026-07-29 12:51:00",billing,de,2,email,0,"2026-07-30 00:48:56"
2393,959,"2026-05-12 05:05:00",billing,fr,2,phone,0,"2026-05-12 12:19:21"
2394,868,"2026-07-06 02:23:00",technical,en,2,chat,0,"2026-07-06 18:46:45"
2395,575,"2026-06-02 01:40:00",returns,es,2,email,0,"2026-06-02 17:45:23"
2396,525,"2026-07-02 00:16:00",billing,en,2,chat,0,"2026-07-02 04:12:56"
2397,1098,"2026-07-26 19:32:00",billing,en,2,phone,0,"2026-07-26 23:00:05"
2398,296,"2026-05-28 17:48:00",billing,es,1,email,0,"2026-05-28 21:04:38"
2399,699,"2026-07-07 10:20:00",billing,en,2,email,0,"2026-07-07 15:23:32"
2400,241,"2026-06-20 13:05:00",delivery,es,3,email,0,"2026-06-20 20:54:26"
2401,18,"2026-05-14 17:05:00",billing,en,1,chat,0,"2026-05-14 20:49:14"
2402,1009,"2026-07-24 18:49:00",returns,en,1,chat,0,"2026-07-25 04:26:28"
2403,756,"2026-05-13 19:49:00",returns,en,1,email,0,"2026-05-14 05:35:48"
2404,54,"2026-05-29 23:40:00",technical,en,1,chat,0,"2026-05-30 09:47:46"
2405,675,"2026-07-13 08:41:00",returns,en,1,email,0,"2026-07-13 14:28:31"
2406,417,"2026-06-17 20:16:00",delivery,es,1,email,0,"2026-06-18 03:36:31"
2407,500,"2026-05-11 12:27:00",billing,en,3,chat,0,"2026-05-12 09:59:24"
2408,1103,"2026-07-19 11:31:00",account,de,2,phone,0,"2026-07-19 17:09:48"
2409,610,"2026-07-01 12:39:00",account,en,4,chat,0,"2026-07-01 18:49:31"
2410,186,"2026-05-13 18:23:00",delivery,en,2,email,1,"2026-05-14 01:54:00"
2411,271,"2026-06-28 02:25:00",technical,es,3,email,0,"2026-06-28 07:19:09"
2412,185,"2026-06-10 21:37:00",billing,es,3,chat,0,"2026-06-11 07:12:56"
2413,204,"2026-07-15 06:30:00",billing,en,2,phone,1,"2026-07-16 01:40:29"
2414,1020,"2026-07-29 17:10:00",technical,fr,3,phone,0,"2026-07-30 03:54:54"
2415,681,"2026-06-18 04:45:00",delivery,en,2,email,0,"2026-06-18 09:10:32"
2416,959,"2026-06-12 19:03:00",billing,en,1,email,0,"2026-06-13 12:47:06"
2417,207,"2026-06-21 19:32:00",delivery,de,3,chat,0,"2026-06-22 02:23:44"
2418,1044,"2026-05-29 18:30:00",technical,ja,2,phone,0,"2026-05-30 02:30:00"
2419,1187,"2026-05-08 03:42:00",subscription,en,2,email,0,"2026-05-08 11:23:51"
2420,63,"2026-06-22 09:59:00",technical,es,2,phone,0,"2026-06-22 23:02:40"
2421,895,"2026-06-15 07:06:00",billing,en,2,phone,0,"2026-06-15 09:42:08"
2422,1061,"2026-06-09 11:12:00",account,en,3,email,0,"2026-06-09 19:43:27"
2423,790,"2026-07-27 05:58:00",billing,en,1,chat,0,"2026-07-27 16:52:45"
2424,331,"2026-06-28 23:27:00",delivery,es,1,email,0,"2026-06-29 02:45:48"
2425,764,"2026-05-20 14:53:00",delivery,en,1,phone,0,"2026-05-20 21:53:17"
2426,330,"2026-06-13 00:14:00",subscription,de,3,email,0,"2026-06-13 07:01:32"
2427,829,"2026-07-02 02:54:00",returns,de,1,chat,0,"2026-07-02 07:18:51"
2428,551,"2026-06-20 22:17:00",technical,en,3,phone,0,"2026-06-21 02:13:26"
2429,957,"2026-06-30 07:32:00",subscription,en,2,chat,0,"2026-06-30 13:40:22"
2430,850,"2026-06-19 08:49:00",account,de,5,phone,0,"2026-06-19 23:09:42"
2431,483,"2026-05-11 03:39:00",delivery,fr,1,email,0,"2026-05-11 13:01:15"
2432,629,"2026-06-24 13:29:00",delivery,de,1,chat,0,"2026-06-24 18:24:04"
2433,1100,"2026-07-16 17:21:00",returns,en,2,phone,0,"2026-07-16 23:19:35"
2434,989,"2026-06-24 12:18:00",delivery,en,4,email,0,"2026-06-24 18:43:02"
2435,156,"2026-07-03 04:02:00",billing,fr,2,chat,0,"2026-07-03 07:01:08"
2436,156,"2026-05-15 19:46:00",technical,en,2,email,0,"2026-05-15 22:19:32"
2437,840,"2026-06-10 14:01:00",subscription,en,4,email,0,"2026-06-10 21:21:33"
2438,577,"2026-05-26 16:08:00",account,en,1,email,0,"2026-05-27 05:54:24"
2439,491,"2026-06-08 17:48:00",billing,ja,1,chat,0,"2026-06-08 21:43:19"
2440,1032,"2026-05-15 23:54:00",account,es,2,phone,0,"2026-05-16 03:44:34"
2441,463,"2026-07-14 22:30:00",delivery,ja,3,email,0,"2026-07-15 03:28:08"
2442,769,"2026-05-30 06:11:00",returns,en,3,chat,0,"2026-05-30 15:18:22"
2443,605,"2026-07-12 07:02:00",technical,fr,3,email,0,"2026-07-12 14:23:37"
2444,227,"2026-07-02 02:41:00",technical,de,2,chat,0,"2026-07-02 12:45:01"
2445,996,"2026-06-28 15:48:00",subscription,en,2,phone,0,"2026-06-29 05:16:20"
2446,441,"2026-06-16 22:50:00",subscription,en,2,phone,0,"2026-06-17 03:25:59"
2447,450,"2026-05-18 02:02:00",returns,fr,1,email,0,"2026-05-18 07:43:02"
2448,1046,"2026-07-19 11:54:00",delivery,en,1,phone,0,"2026-07-19 13:31:01"
2449,1046,"2026-07-01 16:13:00",technical,en,1,chat,0,"2026-07-01 18:27:51"
2450,741,"2026-07-24 18:17:00",subscription,en,1,email,0,"2026-07-24 21:15:56"
2451,208,"2026-07-19 02:46:00",delivery,en,4,phone,0,"2026-07-19 12:17:02"
2452,748,"2026-07-23 20:11:00",billing,en,1,phone,1,"2026-07-24 02:31:55"
2453,1030,"2026-05-05 05:43:00",returns,en,4,email,0,"2026-05-05 22:04:19"
2454,229,"2026-06-25 12:58:00",billing,en,3,email,0,"2026-06-26 21:31:34"
2455,165,"2026-06-25 19:34:00",subscription,es,2,email,0,"2026-06-27 01:11:27"
2456,94,"2026-06-01 04:10:00",account,es,2,chat,0,"2026-06-01 18:25:56"
2457,259,"2026-06-16 21:48:00",billing,en,1,email,0,"2026-06-17 01:33:17"
2458,822,"2026-06-24 05:31:00",subscription,ja,1,email,0,"2026-06-24 15:07:45"
2459,828,"2026-05-29 15:04:00",returns,en,4,phone,0,"2026-05-29 21:49:52"
2460,332,"2026-06-30 19:59:00",billing,es,3,phone,0,"2026-07-01 02:29:54"
2461,201,"2026-07-05 22:01:00",subscription,en,2,chat,0,"2026-07-06 06:09:48"
2462,1085,"2026-07-28 05:08:00",subscription,ja,2,chat,0,"2026-07-28 18:50:18"
2463,1147,"2026-07-23 19:55:00",delivery,en,2,email,0,"2026-07-24 02:31:12"
2464,666,"2026-05-18 17:36:00",technical,es,1,phone,0,"2026-05-18 23:23:14"
2465,206,"2026-07-14 20:16:00",billing,en,2,email,0,"2026-07-15 04:15:55"
2466,754,"2026-06-23 02:35:00",delivery,en,2,chat,0,"2026-06-23 15:20:55"
2467,841,"2026-06-13 11:54:00",subscription,de,4,email,0,"2026-06-14 12:51:51"
2468,235,"2026-05-03 03:04:00",returns,en,2,chat,0,"2026-05-03 12:03:44"
2469,382,"2026-07-01 12:30:00",subscription,en,4,chat,1,"2026-07-01 21:30:27"
2470,73,"2026-06-26 02:03:00",account,en,1,chat,0,"2026-06-26 05:54:31"
2471,51,"2026-06-03 20:29:00",returns,fr,3,email,0,"2026-06-04 01:24:29"
2472,428,"2026-07-18 17:16:00",billing,ja,2,email,0,"2026-07-18 22:21:33"
2473,524,"2026-07-07 03:38:00",delivery,de,1,chat,0,"2026-07-07 16:07:55"
2474,340,"2026-06-22 09:32:00",account,en,2,phone,0,"2026-06-22 14:59:52"
2475,1071,"2026-05-07 02:22:00",account,en,2,email,0,"2026-05-07 12:39:34"
2476,803,"2026-07-22 22:27:00",subscription,ja,2,phone,0,"2026-07-23 05:15:36"
2477,990,"2026-07-26 00:32:00",account,es,4,email,1,"2026-07-26 06:44:37"
2478,76,"2026-05-07 04:55:00",billing,en,2,phone,0,"2026-05-07 09:29:04"
2479,53,"2026-06-27 08:17:00",billing,en,1,chat,0,"2026-06-27 12:53:25"
2480,795,"2026-07-13 17:56:00",billing,en,1,email,0,"2026-07-13 21:16:16"
2481,742,"2026-06-05 19:16:00",subscription,en,1,chat,0,"2026-06-05 23:26:53"
2482,888,"2026-06-29 07:26:00",technical,en,1,phone,0,"2026-06-29 17:57:49"
2483,316,"2026-07-15 10:15:00",subscription,fr,2,email,1,"2026-07-16 00:09:15"
2484,75,"2026-07-10 13:04:00",subscription,fr,3,phone,0,"2026-07-10 18:59:34"
2485,665,"2026-06-06 03:15:00",subscription,en,2,email,0,"2026-06-06 06:37:17"
2486,361,"2026-07-22 11:54:00",billing,en,1,phone,0,"2026-07-22 17:06:13"
2487,734,"2026-07-16 13:36:00",technical,ja,1,email,0,"2026-07-16 20:33:29"
2488,199,"2026-07-26 03:47:00",subscription,en,2,phone,0,"2026-07-26 07:27:00"
2489,946,"2026-06-10 06:14:00",account,en,3,phone,0,"2026-06-10 14:11:56"
2490,6,"2026-05-02 23:49:00",delivery,ja,3,phone,0,"2026-05-03 02:22:53"
2491,336,"2026-05-24 10:17:00",subscription,en,4,phone,0,"2026-05-25 10:30:33"
2492,641,"2026-06-16 02:25:00",technical,en,4,phone,0,"2026-06-16 09:08:00"
2493,902,"2026-05-29 00:12:00",account,en,1,email,0,"2026-05-29 12:36:38"
2494,966,"2026-06-11 19:04:00",account,en,2,email,0,"2026-06-12 01:37:23"
2495,719,"2026-05-10 16:01:00",delivery,en,2,email,0,"2026-05-10 18:25:29"
2496,927,"2026-06-08 21:35:00",subscription,en,2,phone,0,"2026-06-09 03:54:46"
2497,807,"2026-07-27 00:25:00",delivery,es,2,chat,0,"2026-07-27 08:02:47"
2498,713,"2026-05-12 15:43:00",account,en,1,chat,0,"2026-05-12 22:51:57"
2499,963,"2026-06-18 17:49:00",technical,en,2,email,0,"2026-06-18 23:24:41"
2500,1162,"2026-05-03 17:31:00",subscription,en,2,email,0,"2026-05-04 00:27:39"
2501,361,"2026-06-12 06:49:00",returns,en,2,chat,0,"2026-06-13 00:50:42"
2502,266,"2026-07-11 14:08:00",returns,de,1,chat,0,"2026-07-11 20:57:52"
2503,152,"2026-06-22 03:13:00",account,en,2,chat,0,"2026-06-22 07:44:19"
2504,610,"2026-06-24 01:39:00",technical,en,1,email,0,"2026-06-24 07:57:25"
2505,259,"2026-05-05 20:10:00",account,de,1,phone,0,"2026-05-06 04:34:25"
2506,868,"2026-05-04 03:42:00",returns,de,2,email,0,"2026-05-04 13:23:03"
2507,453,"2026-05-06 12:58:00",technical,en,4,phone,0,"2026-05-06 20:00:03"
2508,315,"2026-05-01 08:08:00",subscription,de,1,email,0,"2026-05-01 11:28:03"
2509,627,"2026-07-10 05:06:00",billing,en,1,phone,0,"2026-07-10 06:49:56"
2510,1140,"2026-07-13 18:26:00",technical,en,3,email,0,"2026-07-14 02:57:34"
2511,544,"2026-06-04 22:56:00",billing,en,3,phone,0,"2026-06-05 15:09:44"
2512,441,"2026-05-22 23:26:00",billing,en,2,email,0,"2026-05-23 10:41:10"
2513,726,"2026-07-04 08:10:00",account,en,1,chat,0,"2026-07-04 09:42:58"
2514,987,"2026-07-27 17:56:00",account,ja,2,chat,0,"2026-07-27 23:27:48"
2515,201,"2026-06-18 13:24:00",subscription,en,2,chat,0,"2026-06-18 22:13:41"
2516,1189,"2026-06-07 18:53:00",technical,ja,2,email,0,"2026-06-08 02:17:55"
2517,592,"2026-07-20 01:55:00",returns,ja,1,chat,0,"2026-07-20 10:12:27"
2518,326,"2026-05-07 20:41:00",account,es,2,email,0,"2026-05-08 08:41:15"
2519,1068,"2026-06-30 12:07:00",returns,fr,2,email,0,"2026-06-30 17:11:46"
2520,750,"2026-06-08 02:32:00",billing,fr,1,chat,0,"2026-06-08 11:35:02"
2521,329,"2026-07-04 06:35:00",subscription,de,4,chat,0,"2026-07-04 11:02:29"
2522,1030,"2026-07-02 23:18:00",account,fr,3,phone,1,"2026-07-03 04:58:26"
2523,1122,"2026-07-04 18:14:00",technical,fr,2,phone,0,"2026-07-04 20:41:29"
2524,873,"2026-06-07 06:29:00",account,ja,1,email,0,"2026-06-07 16:06:04"
2525,559,"2026-07-24 19:57:00",returns,en,1,chat,0,"2026-07-25 00:18:05"
2526,753,"2026-07-19 11:16:00",returns,de,1,chat,0,"2026-07-19 18:17:13"
2527,166,"2026-06-08 09:02:00",subscription,en,1,email,0,"2026-06-08 11:31:23"
2528,223,"2026-05-16 21:30:00",returns,en,5,chat,0,"2026-05-17 06:59:05"
2529,747,"2026-07-09 17:45:00",billing,en,2,chat,0,"2026-07-09 19:59:00"
2530,992,"2026-05-16 05:00:00",billing,en,1,chat,0,"2026-05-16 11:44:45"
2531,1124,"2026-07-17 06:20:00",technical,en,2,chat,0,"2026-07-17 09:45:41"
2532,52,"2026-05-31 12:09:00",technical,fr,2,chat,0,"2026-05-31 21:47:20"
2533,775,"2026-06-24 20:58:00",returns,en,3,email,0,"2026-06-25 01:21:47"
2534,388,"2026-07-20 13:24:00",delivery,en,3,chat,0,"2026-07-20 22:21:14"
2535,31,"2026-05-18 02:52:00",technical,en,2,chat,0,"2026-05-18 11:49:07"
2536,206,"2026-05-19 02:49:00",billing,en,2,email,0,"2026-05-19 07:56:34"
2537,319,"2026-06-19 10:03:00",billing,es,2,email,0,"2026-06-19 15:59:50"
2538,539,"2026-05-31 04:37:00",technical,es,1,phone,0,"2026-05-31 11:10:10"
2539,691,"2026-07-22 03:06:00",billing,en,2,email,0,"2026-07-22 08:02:48"
2540,878,"2026-06-07 02:27:00",returns,en,1,phone,0,"2026-06-07 12:34:47"
2541,478,"2026-07-07 18:34:00",delivery,en,2,email,0,"2026-07-07 22:01:22"
2542,722,"2026-07-08 03:13:00",delivery,es,1,email,0,"2026-07-08 17:04:13"
2543,527,"2026-05-16 15:17:00",subscription,en,3,email,0,"2026-05-16 23:53:01"
2544,166,"2026-06-04 00:59:00",technical,en,3,chat,0,"2026-06-04 20:09:51"
2545,629,"2026-05-25 02:22:00",delivery,en,2,chat,0,"2026-05-25 10:54:11"
2546,180,"2026-05-17 21:34:00",returns,de,4,chat,0,"2026-05-18 17:47:32"
2547,738,"2026-07-04 03:17:00",delivery,de,2,chat,0,"2026-07-04 08:41:27"
2548,2,"2026-07-05 09:32:00",subscription,es,2,phone,0,"2026-07-05 22:04:32"
2549,926,"2026-05-08 06:25:00",account,en,2,phone,0,"2026-05-08 20:21:34"
2550,619,"2026-05-24 01:36:00",technical,fr,2,chat,0,"2026-05-24 08:43:24"
2551,260,"2026-06-30 23:30:00",account,en,1,email,0,"2026-07-01 06:13:24"
2552,342,"2026-06-07 02:07:00",account,en,2,phone,0,"2026-06-07 21:05:27"
2553,10,"2026-05-17 12:03:00",delivery,en,3,phone,0,"2026-05-17 15:02:53"
2554,449,"2026-06-03 16:57:00",subscription,ja,1,chat,0,"2026-06-04 00:32:14"
2555,475,"2026-06-11 18:59:00",billing,de,2,email,1,"2026-06-12 19:04:36"
2556,655,"2026-07-22 10:14:00",billing,en,2,email,1,"2026-07-22 14:45:07"
2557,790,"2026-06-07 09:34:00",delivery,en,2,phone,0,"2026-06-07 17:20:14"
2558,230,"2026-05-24 05:36:00",technical,en,1,chat,0,"2026-05-24 20:04:45"
2559,755,"2026-05-29 12:54:00",delivery,en,3,chat,0,"2026-05-30 05:29:38"
2560,551,"2026-06-27 18:08:00",account,en,4,phone,0,"2026-06-28 07:43:18"
2561,508,"2026-05-10 10:33:00",returns,fr,5,chat,0,"2026-05-10 20:38:50"
2562,1009,"2026-05-13 04:06:00",delivery,en,2,chat,1,"2026-05-13 12:05:42"
2563,908,"2026-05-29 06:05:00",billing,ja,4,email,1,"2026-05-29 14:57:30"
2564,1096,"2026-06-25 08:32:00",returns,en,1,chat,0,"2026-06-25 13:45:26"
2565,216,"2026-06-10 04:29:00",returns,en,1,email,0,"2026-06-10 14:23:17"
2566,733,"2026-06-21 00:37:00",account,en,4,email,0,"2026-06-21 11:40:11"
2567,89,"2026-05-16 16:14:00",account,en,1,phone,0,"2026-05-16 18:43:11"
2568,1074,"2026-06-24 00:54:00",returns,de,1,email,0,"2026-06-24 05:22:20"
2569,934,"2026-06-29 09:39:00",returns,ja,2,phone,0,"2026-06-29 16:02:13"
2570,526,"2026-07-01 19:54:00",billing,ja,2,chat,0,"2026-07-02 06:00:50"
2571,814,"2026-05-17 01:57:00",technical,en,2,email,0,"2026-05-17 10:32:08"
2572,657,"2026-05-19 00:23:00",billing,en,2,email,0,"2026-05-19 07:45:48"
2573,442,"2026-06-02 23:08:00",technical,en,2,chat,0,"2026-06-03 05:18:18"
2574,607,"2026-06-25 00:56:00",delivery,en,4,chat,0,"2026-06-25 19:06:44"
2575,1154,"2026-05-20 00:49:00",subscription,fr,2,phone,0,"2026-05-20 13:27:06"
2576,161,"2026-06-15 11:32:00",technical,en,2,phone,0,"2026-06-15 16:04:21"
2577,760,"2026-06-29 14:21:00",technical,en,1,chat,0,"2026-06-29 18:29:16"
2578,704,"2026-06-13 07:02:00",technical,en,3,phone,0,"2026-06-13 18:00:45"
2579,464,"2026-05-02 07:24:00",billing,en,4,chat,0,"2026-05-03 02:40:56"
2580,341,"2026-07-13 02:40:00",returns,en,2,chat,0,"2026-07-13 10:08:18"
2581,805,"2026-06-27 17:25:00",billing,en,1,email,0,"2026-06-28 02:54:23"
2582,237,"2026-05-25 01:40:00",subscription,en,2,chat,0,"2026-05-25 13:23:47"
2583,578,"2026-05-08 19:28:00",account,fr,3,chat,0,"2026-05-09 00:50:19"
2584,542,"2026-05-31 07:13:00",returns,en,2,phone,0,"2026-05-31 23:29:39"
2585,1134,"2026-07-14 01:38:00",billing,ja,2,email,0,"2026-07-15 11:43:04"
2586,261,"2026-05-07 02:36:00",returns,en,3,chat,0,"2026-05-07 15:05:06"
2587,1075,"2026-07-03 07:35:00",billing,de,2,chat,0,"2026-07-03 11:24:22"
2588,429,"2026-05-04 14:23:00",technical,en,1,chat,0,"2026-05-04 20:29:54"
2589,208,"2026-07-28 19:43:00",account,ja,2,phone,0,"2026-07-28 23:44:16"
2590,371,"2026-06-25 06:48:00",returns,en,1,email,0,"2026-06-25 13:04:51"
2591,516,"2026-05-02 04:35:00",account,en,3,phone,0,"2026-05-02 20:58:36"
2592,1142,"2026-06-30 15:14:00",subscription,de,1,chat,0,"2026-06-30 23:14:11"
2593,465,"2026-06-29 07:26:00",returns,ja,2,email,0,"2026-06-29 12:21:46"
2594,989,"2026-06-05 08:01:00",returns,de,1,email,0,"2026-06-05 12:18:04"
2595,980,"2026-05-20 10:06:00",delivery,en,2,phone,1,"2026-05-20 15:10:22"
2596,12,"2026-05-29 18:44:00",billing,en,5,email,0,"2026-05-30 12:56:53"
2597,997,"2026-07-27 05:02:00",delivery,en,2,chat,0,"2026-07-27 09:30:13"
2598,992,"2026-07-10 10:29:00",account,fr,5,phone,0,"2026-07-11 01:54:47"
2599,216,"2026-05-28 18:12:00",returns,en,1,chat,0,"2026-05-29 06:06:09"
2600,877,"2026-05-30 01:22:00",subscription,en,1,phone,0,"2026-05-30 05:40:40"
2601,382,"2026-05-13 07:25:00",delivery,en,3,email,1,"2026-05-13 15:24:18"
2602,125,"2026-06-26 20:23:00",returns,en,1,email,0,"2026-06-27 01:29:10"
2603,909,"2026-05-29 13:04:00",technical,de,3,email,0,"2026-05-29 15:50:47"
2604,763,"2026-06-20 16:38:00",delivery,es,5,email,0,"2026-06-21 16:27:58"
2605,707,"2026-06-14 09:15:00",delivery,en,1,phone,0,"2026-06-14 21:42:19"
2606,689,"2026-06-03 22:26:00",subscription,en,4,phone,0,"2026-06-04 09:33:36"
2607,72,"2026-05-28 17:09:00",subscription,fr,3,phone,0,"2026-05-29 04:00:36"
2608,1012,"2026-06-29 11:43:00",returns,en,1,chat,0,"2026-06-29 13:49:37"
2609,374,"2026-05-04 09:49:00",billing,en,1,phone,0,"2026-05-04 15:24:12"
2610,1186,"2026-05-05 09:01:00",account,en,4,email,0,"2026-05-05 22:58:35"
2611,79,"2026-05-07 17:48:00",technical,es,1,phone,0,"2026-05-08 00:12:43"
2612,488,"2026-05-12 00:03:00",returns,en,4,email,0,"2026-05-12 18:02:01"
2613,1154,"2026-06-07 10:59:00",account,ja,1,phone,0,"2026-06-07 16:27:06"
2614,902,"2026-05-25 16:55:00",account,en,5,email,0,"2026-05-26 20:17:49"
2615,736,"2026-06-29 13:05:00",returns,en,1,email,0,"2026-06-30 02:12:20"
2616,1086,"2026-05-05 13:18:00",technical,en,4,email,1,"2026-05-05 21:33:34"
2617,101,"2026-05-23 05:26:00",technical,en,2,email,0,"2026-05-23 22:07:41"
2618,269,"2026-05-14 09:09:00",technical,es,2,chat,0,"2026-05-14 13:07:08"
2619,997,"2026-05-07 17:19:00",account,ja,1,email,0,"2026-05-07 22:15:35"
2620,9,"2026-05-25 20:12:00",delivery,en,3,phone,0,"2026-05-26 13:08:21"
2621,512,"2026-07-27 02:09:00",subscription,en,1,email,0,"2026-07-27 13:49:24"
2622,604,"2026-05-09 22:22:00",account,en,2,chat,1,"2026-05-10 05:02:13"
2623,857,"2026-06-05 19:17:00",subscription,en,1,chat,0,"2026-06-06 03:11:08"
2624,205,"2026-06-28 05:56:00",returns,en,2,chat,0,"2026-06-28 11:23:43"
2625,970,"2026-05-29 02:42:00",subscription,en,4,phone,1,"2026-05-30 10:46:57"
2626,339,"2026-05-22 15:22:00",technical,fr,1,chat,0,"2026-05-22 18:30:14"
2627,994,"2026-07-21 19:18:00",billing,ja,1,email,0,"2026-07-22 06:49:35"
2628,128,"2026-07-08 03:41:00",delivery,en,2,chat,0,"2026-07-08 12:00:24"
2629,1011,"2026-06-16 00:39:00",delivery,en,2,email,0,"2026-06-16 04:28:45"
2630,731,"2026-05-24 22:52:00",account,en,2,phone,1,"2026-05-25 06:06:53"
2631,1093,"2026-05-13 16:16:00",returns,en,2,phone,0,"2026-05-14 11:58:08"
2632,221,"2026-07-18 09:55:00",account,en,1,phone,1,"2026-07-18 15:09:28"
2633,902,"2026-07-10 10:47:00",delivery,en,4,chat,0,"2026-07-11 13:20:30"
2634,1081,"2026-05-31 17:39:00",subscription,fr,1,email,0,"2026-06-01 01:06:33"
2635,809,"2026-05-15 08:39:00",delivery,fr,1,phone,0,"2026-05-16 06:20:17"
2636,188,"2026-07-28 03:31:00",technical,en,1,chat,0,"2026-07-28 09:19:29"
2637,592,"2026-06-17 22:14:00",billing,en,1,email,0,"2026-06-18 01:35:11"
2638,581,"2026-05-07 10:29:00",billing,en,1,phone,1,"2026-05-07 21:04:42"
2639,949,"2026-05-05 14:37:00",delivery,en,4,email,0,"2026-05-06 09:24:08"
2640,1005,"2026-05-08 19:50:00",returns,en,1,email,0,"2026-05-09 06:05:08"
2641,854,"2026-06-16 01:46:00",subscription,en,1,email,0,"2026-06-16 07:25:50"
2642,1164,"2026-05-14 16:16:00",returns,en,4,phone,0,"2026-05-14 22:17:44"
2643,1114,"2026-05-10 17:26:00",returns,en,3,chat,0,"2026-05-10 21:53:01"
2644,1032,"2026-05-15 15:52:00",technical,en,1,email,0,"2026-05-16 01:45:35"
2645,88,"2026-06-16 20:11:00",delivery,en,1,email,0,"2026-06-17 08:32:15"
2646,835,"2026-07-09 18:15:00",account,en,3,email,0,"2026-07-10 03:41:33"
2647,17,"2026-06-10 21:28:00",account,en,4,phone,1,"2026-06-11 15:40:49"
2648,411,"2026-06-15 18:56:00",delivery,en,1,chat,0,"2026-06-16 00:03:03"
2649,686,"2026-07-22 07:45:00",subscription,en,2,chat,0,"2026-07-22 19:03:14"
2650,870,"2026-06-18 04:11:00",technical,en,1,phone,1,"2026-06-18 12:22:28"
2651,665,"2026-07-15 10:00:00",technical,en,1,phone,0,"2026-07-15 17:19:01"
2652,891,"2026-07-25 04:08:00",account,en,1,email,0,"2026-07-25 06:06:09"
2653,587,"2026-05-24 08:01:00",returns,en,2,email,0,"2026-05-24 17:42:39"
2654,987,"2026-05-12 06:45:00",account,en,2,phone,0,"2026-05-12 11:40:32"
2655,492,"2026-07-05 16:56:00",technical,en,1,phone,0,"2026-07-06 03:56:25"
2656,389,"2026-07-21 15:49:00",account,en,1,chat,0,"2026-07-21 22:14:40"
2657,266,"2026-06-28 07:45:00",delivery,en,2,email,0,"2026-06-28 12:45:21"
2658,649,"2026-06-16 21:00:00",account,en,3,phone,0,"2026-06-17 15:58:02"
2659,4,"2026-06-26 01:17:00",subscription,en,2,email,0,"2026-06-26 06:56:12"
2660,634,"2026-05-29 16:17:00",delivery,en,1,phone,0,"2026-05-29 23:07:21"
2661,576,"2026-07-05 13:52:00",account,en,4,chat,0,"2026-07-05 23:34:48"
2662,362,"2026-07-24 14:55:00",technical,en,1,chat,0,"2026-07-24 18:29:35"
2663,854,"2026-05-10 13:02:00",billing,en,1,email,0,"2026-05-10 14:11:19"
2664,1037,"2026-06-01 22:27:00",delivery,es,1,email,0,"2026-06-02 07:19:53"
2665,57,"2026-07-10 18:57:00",returns,en,1,email,0,"2026-07-11 01:14:04"
2666,273,"2026-06-14 02:08:00",billing,en,3,email,0,"2026-06-14 05:58:32"
2667,999,"2026-06-11 06:37:00",account,en,2,chat,0,"2026-06-11 12:14:38"
2668,273,"2026-05-26 05:57:00",subscription,ja,2,email,0,"2026-05-27 00:29:18"
2669,1187,"2026-05-31 16:53:00",delivery,en,1,phone,0,"2026-06-01 04:06:48"
2670,566,"2026-07-09 06:08:00",billing,en,1,phone,0,"2026-07-09 09:14:17"
2671,754,"2026-07-03 04:47:00",billing,en,1,email,0,"2026-07-03 09:03:09"
2672,712,"2026-07-09 18:16:00",delivery,en,1,chat,0,"2026-07-09 20:47:27"
2673,523,"2026-06-04 04:54:00",delivery,en,3,chat,0,"2026-06-04 15:21:02"
2674,1177,"2026-06-03 20:22:00",account,es,1,email,0,"2026-06-04 04:00:47"
2675,774,"2026-05-22 01:25:00",delivery,en,4,phone,0,"2026-05-22 06:51:00"
2676,166,"2026-05-01 14:17:00",subscription,ja,2,email,0,"2026-05-01 18:34:11"
2677,1137,"2026-06-28 01:36:00",subscription,en,3,chat,1,"2026-06-28 15:30:59"
2678,315,"2026-05-20 14:07:00",subscription,en,1,phone,0,"2026-05-20 21:23:18"
2679,22,"2026-06-26 10:48:00",account,en,4,chat,0,"2026-06-27 10:40:33"
2680,1158,"2026-06-26 12:14:00",returns,es,3,phone,0,"2026-06-27 00:10:07"
2681,495,"2026-06-12 05:06:00",delivery,es,3,phone,0,"2026-06-12 21:30:13"
2682,383,"2026-06-21 19:19:00",technical,es,2,email,0,"2026-06-22 02:21:32"
2683,746,"2026-07-04 18:21:00",account,ja,2,email,0,"2026-07-05 03:46:34"
2684,321,"2026-07-13 01:17:00",returns,es,3,chat,0,"2026-07-13 19:48:54"
2685,586,"2026-05-26 02:10:00",technical,de,3,phone,0,"2026-05-26 09:17:27"
2686,897,"2026-06-06 02:19:00",subscription,en,1,chat,0,"2026-06-06 05:27:28"
2687,520,"2026-05-08 03:30:00",billing,es,3,email,0,"2026-05-08 13:42:20"
2688,1045,"2026-05-12 15:50:00",account,es,1,email,0,"2026-05-12 19:54:40"
2689,901,"2026-05-21 11:33:00",account,en,2,phone,0,"2026-05-22 21:39:07"
2690,1043,"2026-05-25 11:41:00",subscription,en,1,email,0,"2026-05-25 18:46:00"
2691,693,"2026-06-17 23:37:00",account,es,3,chat,0,"2026-06-18 16:39:58"
2692,470,"2026-07-04 05:28:00",delivery,de,1,email,0,"2026-07-04 19:59:06"
2693,1167,"2026-06-27 10:42:00",technical,en,3,phone,0,"2026-06-27 23:22:20"
2694,608,"2026-06-04 22:37:00",technical,en,3,email,0,"2026-06-05 11:40:44"
2695,372,"2026-05-26 05:22:00",account,en,1,phone,0,"2026-05-26 07:58:57"
2696,427,"2026-06-20 14:17:00",returns,en,2,chat,0,"2026-06-20 19:44:51"
2697,145,"2026-06-02 05:28:00",delivery,de,1,phone,0,"2026-06-02 11:48:09"
2698,41,"2026-06-11 04:36:00",technical,es,1,chat,0,"2026-06-11 09:02:43"
2699,1177,"2026-07-29 11:58:00",account,ja,2,email,0,"2026-07-29 16:26:54"
2700,465,"2026-05-25 10:37:00",account,es,5,email,0,"2026-05-26 05:54:18"
2701,1131,"2026-06-30 20:01:00",technical,en,2,phone,0,"2026-07-01 03:16:20"
2702,1104,"2026-05-01 20:32:00",subscription,fr,1,email,0,"2026-05-02 09:33:41"
2703,562,"2026-06-09 15:09:00",billing,en,4,chat,0,"2026-06-10 04:52:08"
2704,439,"2026-05-18 13:08:00",returns,en,3,chat,0,"2026-05-18 18:56:45"
2705,1062,"2026-07-15 06:22:00",delivery,ja,3,chat,0,"2026-07-16 09:22:15"
2706,300,"2026-07-16 20:18:00",returns,ja,1,chat,0,"2026-07-17 03:47:55"
2707,791,"2026-05-01 10:00:00",technical,en,3,phone,0,"2026-05-01 16:15:17"
2708,954,"2026-05-23 16:11:00",technical,es,1,email,0,"2026-05-23 20:09:59"
2709,682,"2026-07-26 22:50:00",subscription,en,1,email,0,"2026-07-27 04:24:06"
2710,228,"2026-05-11 23:36:00",billing,en,1,chat,0,"2026-05-12 08:11:02"
2711,844,"2026-06-15 16:43:00",delivery,en,2,phone,0,"2026-06-16 00:49:57"
2712,951,"2026-06-13 16:43:00",billing,fr,1,phone,0,"2026-06-13 19:27:04"
2713,660,"2026-05-23 17:35:00",subscription,es,3,email,0,"2026-05-24 03:15:36"
2714,365,"2026-06-25 07:14:00",billing,ja,4,email,0,"2026-06-25 20:13:48"
2715,1056,"2026-05-23 18:21:00",returns,en,3,chat,1,"2026-05-24 09:00:30"
2716,453,"2026-05-11 18:04:00",billing,en,3,email,0,"2026-05-12 03:38:12"
2717,593,"2026-06-23 05:14:00",account,en,1,chat,0,"2026-06-23 20:05:34"
2718,457,"2026-06-06 21:54:00",account,es,2,phone,0,"2026-06-07 01:39:09"
2719,340,"2026-06-01 13:53:00",delivery,es,2,phone,0,"2026-06-01 18:33:31"
2720,312,"2026-05-12 04:50:00",billing,en,3,chat,0,"2026-05-13 07:18:09"
2721,968,"2026-06-17 23:58:00",delivery,en,1,phone,0,"2026-06-18 03:16:36"
2722,70,"2026-06-16 05:50:00",returns,fr,1,email,0,"2026-06-16 15:20:59"
2723,319,"2026-07-01 16:20:00",billing,en,1,chat,0,"2026-07-01 22:23:37"
2724,403,"2026-05-01 19:02:00",technical,en,3,chat,0,"2026-05-02 09:27:28"
2725,900,"2026-07-26 08:38:00",account,en,3,email,0,"2026-07-26 13:17:28"
2726,953,"2026-07-23 18:56:00",returns,es,1,chat,0,"2026-07-23 22:50:48"
2727,1003,"2026-07-23 08:45:00",technical,en,2,phone,1,"2026-07-23 18:53:40"
2728,641,"2026-05-06 10:25:00",returns,en,1,email,0,"2026-05-06 13:22:13"
2729,884,"2026-06-27 22:01:00",subscription,en,3,phone,0,"2026-06-28 08:20:13"
2730,801,"2026-07-12 21:18:00",subscription,en,3,chat,0,"2026-07-13 06:56:50"
2731,420,"2026-07-14 22:31:00",account,de,1,chat,0,"2026-07-15 01:37:57"
2732,203,"2026-05-05 00:46:00",delivery,es,5,phone,0,"2026-05-05 05:56:12"
2733,541,"2026-06-13 07:40:00",delivery,en,2,email,0,"2026-06-13 15:06:42"
2734,102,"2026-06-20 16:03:00",billing,en,3,email,0,"2026-06-21 00:28:49"
2735,432,"2026-05-09 07:23:00",subscription,es,3,email,0,"2026-05-09 20:38:20"
2736,399,"2026-05-18 05:21:00",account,en,1,email,0,"2026-05-18 18:09:50"
2737,429,"2026-07-17 20:51:00",billing,en,1,phone,0,"2026-07-18 01:59:50"
2738,592,"2026-05-22 04:12:00",subscription,en,2,phone,0,"2026-05-22 12:20:09"
2739,567,"2026-07-18 01:43:00",delivery,en,3,email,0,"2026-07-18 08:51:03"
2740,491,"2026-06-19 23:42:00",returns,en,2,email,0,"2026-06-20 16:10:20"
2741,980,"2026-05-20 19:58:00",account,en,2,phone,0,"2026-05-21 02:37:44"
2742,1151,"2026-07-23 07:18:00",subscription,en,3,email,1,"2026-07-24 01:55:00"
2743,197,"2026-05-26 09:35:00",technical,en,3,email,0,"2026-05-27 17:32:12"
2744,160,"2026-07-08 17:30:00",billing,ja,1,email,0,"2026-07-09 04:16:59"
2745,114,"2026-06-29 19:00:00",billing,ja,1,chat,0,"2026-06-30 00:52:52"
2746,750,"2026-06-13 10:10:00",subscription,en,3,chat,0,"2026-06-13 17:19:39"
2747,39,"2026-06-12 22:16:00",billing,en,1,email,1,"2026-06-13 00:33:07"
2748,748,"2026-05-29 05:53:00",technical,es,3,chat,0,"2026-05-29 14:36:35"
2749,933,"2026-06-22 01:17:00",subscription,ja,2,chat,0,"2026-06-22 11:20:05"
2750,703,"2026-07-27 09:10:00",delivery,es,1,chat,0,"2026-07-27 10:36:42"
2751,723,"2026-07-08 18:20:00",technical,de,2,phone,0,"2026-07-09 02:16:54"
2752,663,"2026-06-19 22:41:00",subscription,de,1,phone,0,"2026-06-20 02:31:00"
2753,72,"2026-07-10 11:55:00",delivery,es,2,email,0,"2026-07-10 15:49:46"
2754,819,"2026-07-19 16:57:00",technical,es,1,phone,0,"2026-07-19 20:33:37"
2755,893,"2026-06-27 05:17:00",delivery,es,1,chat,1,"2026-06-27 11:43:29"
2756,1164,"2026-07-29 06:44:00",delivery,en,2,email,0,"2026-07-29 13:58:18"
2757,650,"2026-05-25 20:23:00",technical,de,1,phone,0,"2026-05-25 23:58:56"
2758,642,"2026-06-14 14:01:00",subscription,fr,2,phone,0,"2026-06-14 19:25:47"
2759,811,"2026-06-05 16:55:00",delivery,es,3,email,0,"2026-06-05 22:28:24"
2760,1026,"2026-07-10 16:40:00",returns,en,3,email,1,"2026-07-10 19:49:25"
2761,258,"2026-06-23 10:02:00",technical,es,2,chat,0,"2026-06-24 08:57:10"
2762,203,"2026-06-13 02:17:00",delivery,es,1,chat,0,"2026-06-13 20:35:09"
2763,1085,"2026-05-07 17:03:00",billing,ja,2,email,0,"2026-05-08 14:01:18"
2764,1143,"2026-05-22 09:41:00",subscription,en,2,email,0,"2026-05-22 20:20:05"
2765,885,"2026-05-13 15:06:00",account,es,2,chat,0,"2026-05-13 19:47:49"
2766,782,"2026-07-06 10:53:00",billing,en,3,chat,0,"2026-07-06 20:17:50"
2767,244,"2026-07-24 10:47:00",subscription,en,4,email,0,"2026-07-24 22:55:30"
2768,667,"2026-05-16 12:32:00",returns,fr,3,email,0,"2026-05-17 04:03:12"
2769,391,"2026-06-19 23:00:00",delivery,en,2,email,0,"2026-06-20 04:15:04"
2770,1193,"2026-06-29 19:16:00",subscription,en,3,phone,0,"2026-06-30 14:53:26"
2771,125,"2026-05-02 03:42:00",billing,en,1,email,0,"2026-05-02 09:39:01"
2772,1008,"2026-07-28 12:55:00",account,en,1,chat,0,"2026-07-28 17:32:05"
2773,1186,"2026-06-16 00:47:00",returns,en,2,email,0,"2026-06-16 15:10:47"
2774,914,"2026-05-19 17:10:00",account,en,2,email,0,"2026-05-20 06:04:01"
2775,135,"2026-05-12 23:52:00",technical,en,1,chat,0,"2026-05-13 06:05:41"
2776,546,"2026-05-02 15:22:00",delivery,ja,3,email,0,"2026-05-02 23:05:57"
2777,428,"2026-05-02 23:20:00",billing,en,2,email,0,"2026-05-03 14:22:08"
2778,210,"2026-07-08 20:57:00",billing,en,2,phone,0,"2026-07-09 03:30:28"
2779,927,"2026-05-05 22:22:00",account,en,2,chat,0,"2026-05-07 03:59:55"
2780,983,"2026-07-20 00:26:00",account,en,1,phone,0,"2026-07-20 06:11:13"
2781,605,"2026-06-11 04:55:00",returns,ja,3,phone,0,"2026-06-11 13:35:48"
2782,292,"2026-06-17 03:22:00",returns,fr,3,phone,0,"2026-06-17 08:32:50"
2783,232,"2026-05-18 12:25:00",technical,es,1,chat,0,"2026-05-18 15:24:32"
2784,1087,"2026-06-16 01:33:00",billing,en,2,chat,0,"2026-06-16 08:50:25"
2785,1039,"2026-06-21 04:10:00",billing,en,1,phone,0,"2026-06-21 08:21:43"
2786,527,"2026-05-09 22:06:00",subscription,es,3,phone,0,"2026-05-10 10:15:31"
2787,791,"2026-07-27 13:09:00",subscription,de,4,phone,0,"2026-07-28 02:00:40"
2788,535,"2026-05-04 15:44:00",delivery,fr,1,phone,0,"2026-05-04 22:30:12"
2789,814,"2026-05-26 10:21:00",delivery,en,1,email,0,"2026-05-26 16:03:23"
2790,165,"2026-06-26 10:12:00",account,ja,2,phone,1,"2026-06-26 16:43:08"
2791,881,"2026-05-17 07:19:00",delivery,ja,1,phone,0,"2026-05-17 10:43:25"
2792,262,"2026-06-16 00:27:00",technical,en,1,phone,0,"2026-06-16 07:16:44"
2793,117,"2026-07-20 07:43:00",technical,de,1,chat,0,"2026-07-20 10:46:45"
2794,728,"2026-05-03 07:56:00",account,en,2,chat,0,"2026-05-03 18:58:45"
2795,1123,"2026-05-25 12:59:00",returns,en,1,email,0,"2026-05-25 22:28:20"
2796,1184,"2026-06-12 16:53:00",billing,en,4,phone,0,"2026-06-13 03:10:22"
2797,415,"2026-05-22 19:18:00",subscription,en,2,phone,1,"2026-05-22 23:19:33"
2798,1071,"2026-07-07 08:57:00",delivery,fr,3,chat,0,"2026-07-07 21:23:47"
2799,145,"2026-06-14 00:50:00",returns,en,1,chat,0,"2026-06-14 07:37:25"
2800,957,"2026-07-04 18:40:00",subscription,ja,1,email,0,"2026-07-04 22:11:18"
2801,753,"2026-06-19 05:51:00",delivery,en,5,chat,0,"2026-06-19 23:42:36"
2802,62,"2026-07-13 04:11:00",delivery,en,2,phone,0,"2026-07-13 09:59:30"
2803,477,"2026-05-17 07:05:00",account,en,1,phone,0,"2026-05-17 12:34:17"
2804,399,"2026-06-22 14:30:00",billing,fr,3,chat,0,"2026-06-23 13:29:44"
2805,158,"2026-07-06 19:51:00",technical,en,2,email,0,"2026-07-07 02:55:37"
2806,564,"2026-06-08 13:26:00",subscription,es,1,email,0,"2026-06-08 19:29:06"
2807,414,"2026-07-27 07:06:00",subscription,en,1,phone,0,"2026-07-27 11:12:08"
2808,245,"2026-07-27 08:49:00",subscription,fr,2,email,0,"2026-07-27 14:12:58"
2809,254,"2026-06-03 12:35:00",billing,es,1,chat,0,"2026-06-03 20:58:56"
2810,517,"2026-05-21 19:50:00",subscription,en,3,phone,0,"2026-05-22 09:09:53"
2811,952,"2026-07-29 02:39:00",returns,es,1,phone,0,"2026-07-29 05:28:12"
2812,941,"2026-05-04 12:53:00",returns,es,2,email,0,"2026-05-05 05:51:54"
2813,103,"2026-07-04 08:37:00",returns,en,3,email,0,"2026-07-04 21:44:34"
2814,627,"2026-06-22 14:52:00",technical,fr,3,phone,0,"2026-06-23 04:58:07"
2815,758,"2026-07-11 15:57:00",delivery,en,1,phone,0,"2026-07-11 23:26:31"
2816,233,"2026-07-23 17:56:00",billing,en,2,phone,0,"2026-07-23 22:51:52"
2817,1193,"2026-07-25 17:20:00",subscription,en,1,chat,0,"2026-07-26 03:10:49"
2818,945,"2026-07-20 11:14:00",delivery,en,2,chat,0,"2026-07-20 16:17:44"
2819,1144,"2026-07-13 22:10:00",billing,de,1,phone,0,"2026-07-14 07:16:49"
2820,788,"2026-07-16 13:40:00",subscription,fr,2,email,0,"2026-07-16 21:35:38"
2821,614,"2026-05-21 22:09:00",subscription,en,1,phone,0,"2026-05-22 06:58:03"
2822,591,"2026-05-31 17:28:00",account,ja,1,phone,0,"2026-06-01 02:01:14"
2823,332,"2026-06-01 03:49:00",returns,ja,3,chat,0,"2026-06-01 18:31:28"
2824,364,"2026-05-23 10:43:00",technical,en,2,phone,0,"2026-05-23 23:07:34"
2825,661,"2026-06-08 09:40:00",technical,en,4,phone,0,"2026-06-09 05:15:53"
2826,677,"2026-05-10 06:42:00",account,en,1,email,0,"2026-05-10 10:26:27"
2827,870,"2026-07-28 21:19:00",billing,en,1,email,0,"2026-07-29 02:10:18"
2828,506,"2026-05-12 03:44:00",subscription,en,4,phone,0,"2026-05-12 10:09:29"
2829,320,"2026-07-07 06:39:00",billing,es,3,phone,0,"2026-07-07 14:25:50"
2830,33,"2026-06-22 07:27:00",account,en,3,phone,0,"2026-06-22 21:54:20"
2831,605,"2026-05-17 08:38:00",subscription,de,1,email,0,"2026-05-17 11:13:10"
2832,361,"2026-07-24 16:04:00",delivery,en,1,phone,0,"2026-07-24 20:36:49"
2833,969,"2026-05-15 11:25:00",delivery,es,3,phone,0,"2026-05-16 00:25:42"
2834,621,"2026-06-06 07:22:00",account,ja,1,email,0,"2026-06-06 17:41:49"
2835,1017,"2026-06-13 13:34:00",delivery,en,3,email,0,"2026-06-13 22:36:58"
2836,1162,"2026-07-03 11:10:00",returns,en,1,chat,0,"2026-07-03 17:46:24"
2837,130,"2026-07-06 12:33:00",returns,en,1,phone,0,"2026-07-06 16:20:24"
2838,1066,"2026-05-03 08:59:00",delivery,en,2,chat,0,"2026-05-03 21:42:45"
2839,867,"2026-06-10 06:50:00",billing,fr,4,chat,1,"2026-06-10 12:19:50"
2840,415,"2026-06-12 08:00:00",account,en,1,phone,0,"2026-06-12 14:14:54"
2841,511,"2026-05-05 08:05:00",subscription,en,1,chat,0,"2026-05-05 13:02:04"
2842,610,"2026-05-05 15:29:00",returns,en,2,phone,0,"2026-05-05 22:25:23"
2843,411,"2026-07-23 11:44:00",technical,en,3,chat,0,"2026-07-23 21:22:29"
2844,618,"2026-07-03 02:34:00",delivery,en,2,phone,0,"2026-07-03 23:59:57"
2845,227,"2026-07-09 12:01:00",returns,en,4,phone,1,"2026-07-10 00:22:41"
2846,50,"2026-06-29 07:30:00",technical,ja,3,phone,0,"2026-06-30 07:07:22"
2847,314,"2026-07-24 21:04:00",technical,en,3,email,0,"2026-07-25 10:51:14"
2848,62,"2026-05-13 19:43:00",billing,de,2,email,0,"2026-05-14 03:12:53"
2849,366,"2026-05-07 17:00:00",subscription,en,1,email,0,"2026-05-07 18:55:18"
2850,57,"2026-07-24 22:48:00",billing,en,1,email,0,"2026-07-25 04:37:17"
2851,953,"2026-05-16 00:59:00",account,ja,1,chat,0,"2026-05-16 14:54:24"
2852,764,"2026-05-15 08:11:00",technical,en,1,phone,0,"2026-05-15 13:18:04"
2853,572,"2026-06-17 19:22:00",billing,ja,2,email,0,"2026-06-18 03:55:28"
2854,790,"2026-06-05 03:56:00",returns,es,2,phone,0,"2026-06-05 23:35:48"
2855,934,"2026-05-27 08:26:00",returns,en,2,chat,0,"2026-05-27 14:56:58"
2856,336,"2026-06-25 11:33:00",account,en,2,chat,0,"2026-06-25 17:00:12"
2857,685,"2026-05-06 17:35:00",account,es,2,phone,0,"2026-05-07 06:55:21"
2858,954,"2026-05-15 13:24:00",technical,en,2,email,0,"2026-05-15 21:08:15"
2859,459,"2026-07-19 01:53:00",subscription,ja,2,chat,0,"2026-07-19 21:21:37"
2860,1120,"2026-05-20 19:37:00",technical,es,3,phone,0,"2026-05-21 08:47:22"
2861,1011,"2026-05-14 06:57:00",billing,fr,2,chat,0,"2026-05-14 19:17:54"
2862,707,"2026-05-28 04:00:00",subscription,es,2,email,0,"2026-05-28 11:40:36"
2863,521,"2026-05-22 09:27:00",billing,es,4,phone,0,"2026-05-22 16:22:15"
2864,121,"2026-06-24 11:40:00",billing,en,4,email,0,"2026-06-24 18:35:29"
2865,298,"2026-06-19 05:33:00",returns,en,2,email,0,"2026-06-19 21:09:45"
2866,1034,"2026-05-17 04:57:00",subscription,en,1,email,0,"2026-05-17 13:57:26"
2867,1042,"2026-06-19 11:38:00",delivery,en,3,chat,0,"2026-06-20 11:40:07"
2868,344,"2026-05-03 23:55:00",billing,en,3,email,0,"2026-05-04 05:41:37"
2869,150,"2026-05-10 18:50:00",returns,en,4,email,0,"2026-05-11 04:43:50"
2870,637,"2026-05-08 22:19:00",account,en,1,chat,0,"2026-05-09 10:39:08"
2871,194,"2026-05-17 00:29:00",delivery,ja,1,phone,0,"2026-05-17 09:50:31"
2872,820,"2026-05-13 07:39:00",returns,en,1,phone,1,"2026-05-13 12:17:02"
2873,344,"2026-07-09 20:54:00",account,fr,5,chat,0,"2026-07-10 03:51:45"
2874,1049,"2026-06-23 16:01:00",delivery,en,2,chat,0,"2026-06-24 10:13:13"
2875,750,"2026-07-20 05:06:00",returns,en,2,chat,0,"2026-07-20 09:32:42"
2876,658,"2026-06-20 09:31:00",delivery,en,1,phone,0,"2026-06-20 15:53:44"
2877,1132,"2026-07-14 21:10:00",account,en,4,chat,1,"2026-07-15 05:29:55"
2878,129,"2026-05-02 08:05:00",subscription,en,3,chat,0,"2026-05-02 15:09:44"
2879,577,"2026-06-22 03:13:00",technical,en,2,phone,0,"2026-06-22 05:19:47"
2880,949,"2026-06-07 04:33:00",account,en,2,email,0,"2026-06-07 10:45:08"
2881,576,"2026-07-20 06:33:00",delivery,en,2,email,0,"2026-07-20 14:00:10"
2882,915,"2026-06-09 22:38:00",account,en,1,chat,0,"2026-06-10 06:02:32"
2883,1111,"2026-05-01 13:48:00",billing,en,2,phone,0,"2026-05-01 20:38:35"
2884,157,"2026-06-13 14:30:00",billing,en,1,chat,0,"2026-06-13 16:40:14"
2885,1064,"2026-07-20 04:46:00",account,en,2,chat,0,"2026-07-21 04:43:22"
2886,417,"2026-05-17 18:27:00",subscription,en,2,phone,0,"2026-05-18 03:36:16"
2887,909,"2026-07-16 18:32:00",technical,en,5,email,0,"2026-07-18 00:39:29"
2888,1115,"2026-05-26 23:17:00",technical,fr,1,chat,0,"2026-05-27 09:25:49"
2889,579,"2026-05-29 11:16:00",account,en,3,phone,0,"2026-05-30 01:23:07"
2890,1005,"2026-07-11 03:12:00",billing,de,3,phone,0,"2026-07-11 21:52:20"
2891,1096,"2026-06-09 08:40:00",delivery,ja,1,phone,0,"2026-06-09 16:21:18"
2892,672,"2026-07-14 19:11:00",account,en,1,chat,0,"2026-07-14 22:38:37"
2893,822,"2026-06-05 01:12:00",subscription,en,1,chat,0,"2026-06-05 08:04:03"
2894,1081,"2026-05-14 21:41:00",returns,en,3,chat,0,"2026-05-15 03:10:01"
2895,802,"2026-07-09 15:59:00",account,en,2,chat,0,"2026-07-10 01:47:32"
2896,126,"2026-05-05 16:38:00",subscription,en,2,chat,0,"2026-05-05 21:47:34"
2897,896,"2026-06-09 23:03:00",returns,es,1,email,0,"2026-06-10 10:42:29"
2898,386,"2026-06-16 19:09:00",delivery,ja,1,email,0,"2026-06-17 01:11:59"
2899,245,"2026-07-04 21:03:00",account,fr,3,email,1,"2026-07-05 05:44:12"
2900,600,"2026-06-01 04:13:00",technical,en,2,chat,0,"2026-06-01 13:48:06"
2901,736,"2026-07-01 21:14:00",billing,es,3,chat,0,"2026-07-02 08:27:41"
2902,1180,"2026-06-13 06:42:00",subscription,en,3,phone,0,"2026-06-13 12:23:09"
2903,1081,"2026-06-30 05:30:00",returns,en,1,chat,0,"2026-06-30 21:04:06"
2904,840,"2026-05-16 04:47:00",technical,en,3,email,1,"2026-05-16 12:46:41"
2905,412,"2026-06-29 16:37:00",billing,en,4,chat,0,"2026-06-30 22:18:57"
2906,331,"2026-06-14 11:18:00",account,en,3,chat,0,"2026-06-14 15:20:15"
2907,520,"2026-05-03 14:48:00",returns,en,2,phone,0,"2026-05-03 18:21:46"
2908,35,"2026-07-04 10:24:00",delivery,es,2,phone,0,"2026-07-04 14:44:22"
2909,242,"2026-07-24 08:55:00",returns,ja,2,chat,0,"2026-07-24 15:29:24"
2910,947,"2026-06-21 20:49:00",delivery,en,3,phone,0,"2026-06-22 04:37:08"
2911,665,"2026-07-06 21:17:00",subscription,en,2,chat,0,"2026-07-07 02:58:38"
2912,285,"2026-07-21 06:52:00",billing,ja,1,email,0,"2026-07-21 11:09:34"
2913,842,"2026-06-02 21:55:00",account,en,1,phone,0,"2026-06-03 05:05:02"
2914,278,"2026-05-22 03:21:00",delivery,fr,3,chat,0,"2026-05-22 10:51:21"
2915,232,"2026-07-15 15:12:00",account,en,1,chat,0,"2026-07-15 19:00:48"
2916,937,"2026-05-14 09:35:00",billing,ja,3,chat,0,"2026-05-14 16:05:36"
2917,541,"2026-06-02 17:45:00",returns,en,1,chat,0,"2026-06-03 00:31:47"
2918,64,"2026-06-11 22:42:00",account,ja,1,phone,0,"2026-06-12 13:04:00"
2919,709,"2026-05-03 12:23:00",returns,en,1,phone,1,"2026-05-03 15:38:53"
2920,583,"2026-07-04 06:14:00",technical,fr,3,chat,0,"2026-07-04 18:55:51"
2921,973,"2026-07-08 07:47:00",technical,en,1,email,0,"2026-07-08 11:40:17"
2922,665,"2026-06-14 00:18:00",billing,de,2,chat,0,"2026-06-14 13:27:36"
2923,977,"2026-05-18 10:25:00",subscription,en,2,email,0,"2026-05-18 17:28:25"
2924,1191,"2026-05-11 16:52:00",subscription,en,1,email,1,"2026-05-11 23:58:00"
2925,591,"2026-07-05 03:36:00",technical,en,2,email,0,"2026-07-05 06:16:44"
2926,754,"2026-06-22 09:15:00",account,en,2,phone,0,"2026-06-22 14:36:10"
2927,979,"2026-05-13 16:26:00",account,en,1,chat,0,"2026-05-13 23:01:35"
2928,742,"2026-05-22 02:04:00",delivery,es,5,chat,0,"2026-05-22 10:44:41"
2929,928,"2026-06-15 20:02:00",delivery,en,2,chat,0,"2026-06-16 03:14:01"
2930,1138,"2026-05-08 09:02:00",billing,en,1,phone,0,"2026-05-08 13:06:24"
2931,978,"2026-05-26 06:54:00",technical,en,4,chat,0,"2026-05-27 05:42:49"
2932,847,"2026-06-28 08:02:00",account,es,2,chat,0,"2026-06-29 12:01:25"
2933,1014,"2026-05-28 14:31:00",technical,de,2,email,0,"2026-05-28 22:04:50"
2934,431,"2026-06-23 13:33:00",delivery,en,1,chat,0,"2026-06-24 13:17:12"
2935,34,"2026-06-01 01:43:00",subscription,en,1,phone,1,"2026-06-01 07:47:35"
2936,233,"2026-06-03 03:46:00",billing,de,4,chat,0,"2026-06-03 22:07:30"
2937,628,"2026-06-30 17:19:00",account,en,3,phone,0,"2026-06-30 23:19:09"
2938,891,"2026-07-29 13:10:00",account,es,1,phone,1,"2026-07-29 20:08:56"
2939,392,"2026-07-05 11:35:00",returns,en,3,chat,0,"2026-07-06 11:16:41"
2940,144,"2026-06-02 19:35:00",billing,fr,2,chat,0,"2026-06-03 03:53:11"
2941,731,"2026-06-06 13:47:00",subscription,en,4,email,0,"2026-06-07 08:53:37"
2942,641,"2026-05-02 04:20:00",account,en,1,email,0,"2026-05-02 10:42:17"
2943,867,"2026-07-25 06:52:00",billing,de,1,chat,1,"2026-07-25 12:47:14"
2944,1114,"2026-07-21 13:25:00",subscription,de,3,phone,0,"2026-07-22 02:10:33"
2945,668,"2026-07-19 07:33:00",account,fr,1,email,0,"2026-07-19 21:53:15"
2946,645,"2026-05-20 01:38:00",returns,en,2,chat,0,"2026-05-20 20:57:30"
2947,125,"2026-05-30 09:10:00",account,de,2,chat,0,"2026-05-30 20:03:47"
2948,523,"2026-06-22 08:18:00",technical,es,3,phone,0,"2026-06-22 17:50:51"
2949,286,"2026-07-19 15:49:00",subscription,en,3,chat,0,"2026-07-20 20:30:41"
2950,375,"2026-06-15 06:59:00",account,en,5,chat,0,"2026-06-15 23:04:25"
2951,1079,"2026-07-12 18:17:00",technical,de,1,email,0,"2026-07-13 02:16:10"
2952,650,"2026-05-19 20:42:00",returns,de,3,phone,0,"2026-05-20 08:36:47"
2953,75,"2026-07-10 23:42:00",subscription,es,2,phone,0,"2026-07-11 02:48:30"
2954,14,"2026-05-21 15:55:00",delivery,en,3,phone,0,"2026-05-21 20:03:15"
2955,336,"2026-07-29 00:31:00",technical,de,1,email,0,"2026-07-29 04:17:44"
2956,293,"2026-06-05 08:50:00",delivery,de,1,chat,0,"2026-06-05 14:57:55"
2957,915,"2026-06-21 00:23:00",billing,en,4,phone,0,"2026-06-21 18:32:20"
2958,485,"2026-05-22 16:25:00",technical,es,1,email,0,"2026-05-22 20:51:47"
2959,495,"2026-07-27 14:28:00",returns,en,1,email,0,"2026-07-27 21:47:22"
2960,1027,"2026-07-09 21:22:00",delivery,es,2,chat,0,"2026-07-10 07:14:42"
2961,969,"2026-07-02 16:30:00",returns,en,3,chat,0,"2026-07-04 01:13:38"
2962,105,"2026-07-18 09:01:00",returns,en,1,email,0,"2026-07-18 12:01:00"
2963,196,"2026-06-29 10:18:00",delivery,en,2,phone,0,"2026-06-29 21:40:15"
2964,734,"2026-06-22 08:31:00",account,en,1,chat,0,"2026-06-22 10:12:08"
2965,911,"2026-07-13 04:40:00",subscription,de,3,email,0,"2026-07-13 19:15:47"
2966,975,"2026-07-23 16:37:00",returns,en,1,phone,0,"2026-07-23 23:44:18"
2967,151,"2026-05-27 08:17:00",account,en,2,email,0,"2026-05-27 13:05:19"
2968,644,"2026-06-28 04:15:00",account,es,3,email,0,"2026-06-28 11:04:10"
2969,816,"2026-05-01 15:01:00",technical,en,3,chat,0,"2026-05-02 00:42:10"
2970,769,"2026-05-27 07:06:00",billing,ja,2,chat,1,"2026-05-27 17:39:11"
2971,12,"2026-06-11 00:34:00",delivery,ja,2,chat,0,"2026-06-11 16:47:01"
2972,361,"2026-05-30 22:41:00",billing,ja,1,chat,0,"2026-05-31 05:01:22"
2973,301,"2026-05-02 06:35:00",subscription,en,3,chat,0,"2026-05-02 13:19:38"
2974,423,"2026-07-28 08:00:00",returns,en,2,chat,0,"2026-07-28 10:29:49"
2975,593,"2026-05-31 21:06:00",account,en,3,chat,0,"2026-06-01 14:36:33"
2976,1163,"2026-07-01 03:06:00",delivery,fr,4,phone,0,"2026-07-01 09:58:56"
2977,484,"2026-06-15 08:14:00",returns,fr,3,chat,0,"2026-06-15 15:50:00"
2978,887,"2026-06-13 18:36:00",returns,es,2,email,0,"2026-06-13 23:25:12"
2979,562,"2026-06-27 21:54:00",returns,en,1,chat,0,"2026-06-28 21:02:24"
2980,1118,"2026-06-13 02:27:00",technical,en,2,email,0,"2026-06-13 09:43:11"
2981,353,"2026-07-11 21:51:00",delivery,en,2,phone,0,"2026-07-12 13:26:38"
2982,865,"2026-06-12 03:35:00",technical,de,2,chat,0,"2026-06-12 10:11:38"
2983,322,"2026-06-04 14:34:00",technical,en,3,phone,1,"2026-06-05 03:58:18"
2984,273,"2026-05-10 20:59:00",account,ja,3,phone,0,"2026-05-11 06:13:24"
2985,1064,"2026-06-14 20:37:00",account,en,3,phone,0,"2026-06-15 01:29:51"
2986,781,"2026-07-28 19:14:00",account,en,3,email,0,"2026-07-29 08:42:56"
2987,1198,"2026-07-13 09:22:00",returns,ja,2,phone,0,"2026-07-14 01:32:15"
2988,833,"2026-07-07 09:22:00",account,en,1,chat,0,"2026-07-07 19:53:37"
2989,1112,"2026-05-08 04:16:00",returns,es,1,email,1,"2026-05-08 23:19:57"
2990,105,"2026-07-11 12:45:00",returns,en,1,phone,0,"2026-07-11 21:58:38"
2991,918,"2026-06-08 01:40:00",subscription,en,3,email,0,"2026-06-08 08:51:59"
2992,1054,"2026-05-24 07:37:00",subscription,fr,4,email,0,"2026-05-25 01:43:33"
2993,1068,"2026-07-07 14:09:00",billing,en,4,phone,0,"2026-07-08 05:20:34"
2994,1149,"2026-06-20 16:29:00",subscription,fr,1,phone,0,"2026-06-20 19:18:50"
2995,354,"2026-06-01 11:08:00",technical,en,4,phone,0,"2026-06-01 18:58:21"
2996,519,"2026-06-06 02:32:00",subscription,de,3,chat,0,"2026-06-06 09:08:49"
2997,347,"2026-06-20 00:04:00",account,en,3,phone,0,"2026-06-20 10:47:31"
2998,860,"2026-06-01 23:52:00",subscription,en,2,chat,0,"2026-06-02 09:04:41"
2999,646,"2026-06-22 22:34:00",billing,fr,4,chat,1,"2026-06-23 03:35:04"
3000,284,"2026-05-18 07:36:00",delivery,en,1,phone,0,"2026-05-18 15:56:11"
3001,565,"2026-06-25 14:14:00",returns,en,2,email,0,"2026-06-25 18:13:13"
3002,1108,"2026-06-11 04:41:00",subscription,en,2,chat,0,"2026-06-11 10:47:00"
3003,883,"2026-05-15 00:09:00",subscription,en,3,email,0,"2026-05-15 06:51:00"
3004,770,"2026-06-22 11:01:00",billing,en,4,chat,0,"2026-06-22 20:53:14"
3005,610,"2026-07-12 19:49:00",subscription,fr,2,email,0,"2026-07-13 01:14:32"
3006,299,"2026-07-19 09:49:00",technical,ja,1,email,0,"2026-07-19 12:10:03"
3007,391,"2026-05-21 16:09:00",technical,de,3,chat,0,"2026-05-22 03:54:59"
3008,254,"2026-07-12 16:20:00",returns,de,1,email,1,"2026-07-12 23:43:06"
3009,348,"2026-06-24 18:52:00",account,de,2,email,0,"2026-06-25 14:51:42"
3010,753,"2026-06-28 12:11:00",technical,en,1,phone,0,"2026-06-28 18:37:36"
3011,497,"2026-07-15 00:28:00",account,es,3,chat,0,"2026-07-15 12:04:06"
3012,956,"2026-07-04 14:08:00",delivery,en,1,phone,0,"2026-07-04 21:33:00"
3013,908,"2026-07-27 15:56:00",account,en,1,phone,0,"2026-07-27 18:20:42"
3014,1084,"2026-05-14 04:28:00",technical,de,1,phone,0,"2026-05-14 08:53:56"
3015,93,"2026-06-14 08:15:00",delivery,en,1,chat,0,"2026-06-14 13:56:59"
3016,908,"2026-06-18 13:22:00",account,es,1,email,0,"2026-06-18 18:26:16"
3017,874,"2026-07-01 01:40:00",technical,ja,1,phone,0,"2026-07-01 07:43:32"
3018,892,"2026-05-24 15:57:00",account,en,2,email,0,"2026-05-24 20:54:40"
3019,957,"2026-05-05 01:08:00",technical,en,3,phone,0,"2026-05-05 07:03:09"
3020,406,"2026-05-22 20:03:00",billing,en,3,email,0,"2026-05-23 02:32:56"
3021,454,"2026-07-11 12:45:00",technical,en,3,phone,0,"2026-07-11 17:50:32"
3022,390,"2026-07-02 11:30:00",billing,ja,4,phone,0,"2026-07-02 23:14:02"
3023,821,"2026-06-22 10:04:00",account,en,4,phone,0,"2026-06-22 16:58:50"
3024,37,"2026-07-14 07:10:00",subscription,de,1,chat,0,"2026-07-14 13:42:52"
3025,31,"2026-07-27 14:38:00",technical,en,3,chat,0,"2026-07-28 04:14:11"
3026,1037,"2026-05-23 08:03:00",returns,en,1,chat,0,"2026-05-23 12:12:29"
3027,41,"2026-07-22 04:21:00",technical,de,1,phone,0,"2026-07-22 07:26:51"
3028,430,"2026-07-17 12:52:00",returns,en,1,chat,0,"2026-07-17 16:08:02"
3029,610,"2026-07-07 19:46:00",returns,fr,3,chat,0,"2026-07-08 01:35:13"
3030,583,"2026-05-03 03:33:00",delivery,de,1,email,0,"2026-05-03 07:13:23"
3031,854,"2026-07-01 19:22:00",account,fr,1,chat,0,"2026-07-01 23:35:00"
3032,23,"2026-07-28 17:18:00",delivery,en,1,chat,0,"2026-07-28 21:41:29"
3033,125,"2026-07-25 00:42:00",billing,ja,1,phone,0,"2026-07-25 05:20:57"
3034,320,"2026-05-16 23:07:00",delivery,en,3,email,0,"2026-05-17 13:27:38"
3035,918,"2026-05-15 17:05:00",subscription,fr,3,email,0,"2026-05-15 21:20:58"
3036,790,"2026-06-27 23:49:00",account,fr,2,phone,0,"2026-06-28 05:11:11"
3037,564,"2026-06-23 02:59:00",account,en,3,chat,0,"2026-06-23 10:46:42"
3038,674,"2026-06-05 14:51:00",billing,en,3,email,0,"2026-06-06 03:33:21"
3039,1073,"2026-06-15 15:20:00",returns,en,2,phone,0,"2026-06-16 04:24:41"
3040,815,"2026-06-06 10:16:00",subscription,es,1,email,0,"2026-06-06 12:47:15"
3041,547,"2026-05-25 03:08:00",delivery,en,2,phone,0,"2026-05-25 12:33:39"
3042,785,"2026-07-21 02:59:00",technical,es,1,chat,0,"2026-07-21 16:51:35"
3043,1027,"2026-07-09 19:30:00",billing,ja,2,chat,0,"2026-07-09 22:32:40"
3044,1070,"2026-07-02 10:15:00",delivery,en,1,chat,0,"2026-07-02 14:23:17"
3045,935,"2026-05-16 19:18:00",account,fr,2,chat,0,"2026-05-16 21:55:10"
3046,1055,"2026-05-04 01:47:00",technical,en,1,chat,1,"2026-05-04 05:42:16"
3047,431,"2026-06-25 10:37:00",returns,en,2,email,0,"2026-06-25 23:49:31"
3048,133,"2026-05-24 20:31:00",delivery,en,1,phone,0,"2026-05-25 01:40:23"
3049,36,"2026-05-13 06:14:00",technical,en,2,phone,0,"2026-05-13 13:32:30"
3050,281,"2026-06-08 05:33:00",returns,es,3,email,0,"2026-06-08 22:03:45"
3051,432,"2026-06-19 15:57:00",subscription,en,2,email,0,"2026-06-20 01:56:39"
3052,1037,"2026-05-10 00:50:00",returns,en,1,chat,0,"2026-05-10 04:45:01"
3053,951,"2026-07-24 14:22:00",delivery,en,2,phone,0,"2026-07-24 21:33:22"
3054,49,"2026-06-03 15:31:00",subscription,en,3,email,0,"2026-06-03 21:05:20"
3055,411,"2026-07-06 06:08:00",subscription,en,2,phone,0,"2026-07-06 13:40:09"
3056,878,"2026-05-26 22:05:00",billing,en,2,phone,0,"2026-05-27 06:26:07"
3057,457,"2026-07-12 18:39:00",technical,en,4,chat,0,"2026-07-13 00:13:30"
3058,34,"2026-05-19 23:40:00",delivery,en,2,email,0,"2026-05-20 10:44:04"
3059,89,"2026-07-09 14:11:00",returns,es,3,phone,0,"2026-07-09 21:57:59"
3060,651,"2026-07-21 10:14:00",delivery,de,5,email,1,"2026-07-22 01:59:49"
3061,12,"2026-07-24 06:34:00",delivery,es,1,chat,0,"2026-07-24 10:55:11"
3062,462,"2026-05-01 05:45:00",subscription,en,5,email,0,"2026-05-03 07:03:48"
3063,107,"2026-07-23 02:01:00",technical,en,4,phone,0,"2026-07-23 09:22:10"
3064,257,"2026-05-29 06:35:00",account,en,1,phone,0,"2026-05-29 11:37:25"
3065,514,"2026-05-15 11:47:00",delivery,en,1,phone,0,"2026-05-15 15:51:32"
3066,1149,"2026-05-29 06:43:00",account,fr,1,chat,0,"2026-05-29 18:29:41"
3067,732,"2026-05-15 16:27:00",technical,en,3,chat,0,"2026-05-16 11:48:59"
3068,1153,"2026-06-14 06:15:00",delivery,en,2,phone,0,"2026-06-14 16:23:00"
3069,876,"2026-05-02 03:57:00",account,en,4,phone,0,"2026-05-02 15:05:07"
3070,567,"2026-06-04 01:05:00",delivery,en,2,phone,0,"2026-06-04 09:52:57"
3071,1115,"2026-06-01 05:24:00",returns,en,4,chat,0,"2026-06-01 16:58:25"
3072,230,"2026-05-30 21:41:00",returns,en,2,phone,0,"2026-05-31 05:31:57"
3073,332,"2026-07-23 10:20:00",account,fr,3,email,0,"2026-07-23 18:41:23"
3074,752,"2026-05-24 03:08:00",subscription,en,2,phone,0,"2026-05-24 23:31:15"
3075,434,"2026-05-03 04:54:00",billing,es,1,phone,0,"2026-05-03 09:05:46"
3076,292,"2026-06-25 22:22:00",delivery,en,1,phone,0,"2026-06-26 07:36:50"
3077,620,"2026-05-01 04:24:00",returns,ja,2,email,0,"2026-05-01 07:14:14"
3078,1002,"2026-06-18 17:00:00",returns,en,1,chat,0,"2026-06-19 15:22:45"
3079,482,"2026-06-12 22:49:00",subscription,en,3,email,0,"2026-06-14 02:06:43"
3080,1139,"2026-07-21 18:47:00",returns,en,3,phone,0,"2026-07-22 05:23:55"
3081,786,"2026-05-18 12:49:00",subscription,en,1,email,0,"2026-05-18 16:19:36"
3082,433,"2026-06-22 14:07:00",billing,fr,2,chat,0,"2026-06-23 00:08:13"
3083,240,"2026-06-26 20:16:00",technical,es,2,email,0,"2026-06-27 06:36:35"
3084,600,"2026-06-07 17:59:00",delivery,fr,2,phone,0,"2026-06-08 02:49:51"
3085,993,"2026-05-03 06:06:00",returns,en,5,email,0,"2026-05-04 11:16:14"
3086,790,"2026-07-10 15:11:00",billing,en,2,chat,0,"2026-07-10 19:26:26"
3087,511,"2026-05-12 20:53:00",delivery,de,3,phone,0,"2026-05-13 02:15:24"
3088,105,"2026-05-14 23:11:00",subscription,en,1,email,0,"2026-05-15 13:17:42"
3089,685,"2026-05-27 12:49:00",subscription,en,2,phone,0,"2026-05-27 18:17:33"
3090,13,"2026-07-01 12:59:00",account,en,2,email,0,"2026-07-02 05:59:08"
3091,770,"2026-06-28 03:20:00",technical,en,1,chat,0,"2026-06-28 12:05:28"
3092,390,"2026-05-01 12:05:00",billing,en,3,chat,0,"2026-05-01 16:52:09"
3093,1007,"2026-05-01 17:44:00",delivery,fr,2,chat,0,"2026-05-02 02:26:56"
3094,1009,"2026-07-28 15:19:00",technical,en,1,phone,1,"2026-07-29 03:06:48"
3095,954,"2026-06-07 21:53:00",account,en,1,chat,0,"2026-06-08 07:28:00"
3096,1051,"2026-07-09 11:58:00",billing,fr,2,chat,1,"2026-07-09 18:10:34"
3097,685,"2026-07-05 17:27:00",delivery,fr,3,email,0,"2026-07-07 00:23:09"
3098,384,"2026-07-03 09:22:00",delivery,en,1,phone,0,"2026-07-03 13:15:00"
3099,296,"2026-06-25 15:09:00",delivery,en,3,chat,0,"2026-06-25 23:28:52"
3100,794,"2026-07-20 12:38:00",delivery,ja,3,phone,0,"2026-07-20 21:24:12"
3101,180,"2026-06-13 01:57:00",returns,en,3,chat,0,"2026-06-13 08:18:18"
3102,1148,"2026-06-06 16:29:00",account,en,2,chat,0,"2026-06-06 21:11:24"
3103,406,"2026-06-28 10:59:00",subscription,en,2,chat,0,"2026-06-28 12:30:41"
3104,943,"2026-05-15 20:46:00",account,en,1,email,1,"2026-05-16 04:32:27"
3105,293,"2026-06-07 12:59:00",delivery,de,1,email,0,"2026-06-08 00:42:57"
3106,1164,"2026-06-27 02:20:00",billing,en,2,phone,0,"2026-06-27 05:25:56"
3107,580,"2026-06-16 07:14:00",delivery,fr,2,email,0,"2026-06-16 23:15:13"
3108,396,"2026-05-02 07:51:00",billing,en,2,phone,0,"2026-05-02 14:39:21"
3109,370,"2026-07-23 23:01:00",billing,de,2,chat,1,"2026-07-24 02:28:57"
3110,562,"2026-05-04 12:42:00",technical,en,2,phone,0,"2026-05-05 08:20:48"
3111,868,"2026-05-26 08:20:00",delivery,en,1,phone,0,"2026-05-26 21:38:31"
3112,655,"2026-06-02 21:24:00",returns,ja,2,phone,0,"2026-06-03 04:58:04"
3113,847,"2026-06-30 12:55:00",technical,de,3,chat,0,"2026-06-30 17:58:16"
3114,875,"2026-06-26 07:41:00",billing,en,2,chat,0,"2026-06-26 19:08:30"
3115,869,"2026-07-18 07:06:00",returns,en,1,phone,0,"2026-07-18 17:26:08"
3116,1177,"2026-07-28 06:09:00",account,fr,3,email,1,"2026-07-28 16:22:33"
3117,262,"2026-06-04 01:05:00",billing,fr,1,chat,0,"2026-06-04 09:36:05"
3118,1093,"2026-05-13 10:07:00",account,en,4,phone,0,"2026-05-14 09:46:18"
3119,372,"2026-05-23 10:48:00",returns,en,2,email,0,"2026-05-23 14:05:06"
3120,371,"2026-05-08 07:03:00",account,en,1,email,0,"2026-05-08 14:34:14"
3121,282,"2026-06-17 16:38:00",delivery,de,3,email,0,"2026-06-17 19:14:14"
3122,198,"2026-07-11 07:33:00",technical,en,5,phone,1,"2026-07-11 19:32:58"
3123,143,"2026-06-29 23:20:00",account,en,3,email,1,"2026-06-30 07:32:57"
3124,472,"2026-05-04 15:18:00",delivery,en,2,email,0,"2026-05-05 03:42:53"
3125,342,"2026-07-17 17:47:00",account,de,3,email,0,"2026-07-17 23:07:47"
3126,1047,"2026-05-24 21:59:00",technical,en,4,phone,1,"2026-05-26 11:56:32"
3127,889,"2026-06-30 21:11:00",delivery,en,4,email,1,"2026-07-01 09:05:23"
3128,260,"2026-06-22 12:04:00",technical,fr,3,chat,0,"2026-06-22 20:54:28"
3129,1042,"2026-05-02 15:30:00",technical,es,3,email,1,"2026-05-03 00:22:01"
3130,745,"2026-07-08 04:34:00",billing,en,1,phone,0,"2026-07-08 15:46:26"
3131,1091,"2026-07-21 18:20:00",delivery,en,4,chat,0,"2026-07-22 08:06:36"
3132,247,"2026-07-09 03:44:00",account,ja,1,chat,0,"2026-07-09 07:59:49"
3133,321,"2026-06-18 03:48:00",technical,en,3,phone,0,"2026-06-18 10:57:11"
3134,1022,"2026-06-06 10:05:00",subscription,en,3,email,0,"2026-06-06 19:38:32"
3135,26,"2026-07-02 02:22:00",technical,en,1,email,0,"2026-07-02 09:36:23"
3136,383,"2026-05-21 19:00:00",technical,en,2,phone,0,"2026-05-21 23:12:24"
3137,683,"2026-07-13 05:49:00",account,en,1,chat,0,"2026-07-13 12:56:13"
3138,443,"2026-07-21 22:56:00",billing,en,4,chat,0,"2026-07-22 10:17:17"
3139,1064,"2026-05-31 20:12:00",delivery,ja,1,phone,1,"2026-05-31 22:37:19"
3140,1002,"2026-06-20 23:31:00",returns,ja,4,phone,0,"2026-06-21 16:44:51"
3141,1059,"2026-07-07 00:56:00",technical,en,3,chat,0,"2026-07-07 12:56:18"
3142,550,"2026-05-02 16:04:00",billing,en,2,chat,0,"2026-05-03 01:50:03"
3143,320,"2026-07-02 08:55:00",returns,es,1,phone,0,"2026-07-02 12:45:16"
3144,282,"2026-07-03 08:09:00",technical,es,1,phone,0,"2026-07-03 12:28:44"
3145,604,"2026-06-25 21:27:00",technical,ja,2,email,0,"2026-06-26 01:23:26"
3146,681,"2026-07-11 21:05:00",delivery,en,1,chat,0,"2026-07-12 01:10:45"
3147,874,"2026-05-23 11:13:00",account,en,3,phone,0,"2026-05-23 21:58:54"
3148,371,"2026-07-27 23:14:00",returns,en,3,phone,1,"2026-07-28 15:23:59"
3149,1164,"2026-06-20 02:13:00",returns,en,4,chat,0,"2026-06-20 13:50:52"
3150,523,"2026-07-10 20:46:00",technical,en,1,email,1,"2026-07-11 00:46:29"
3151,251,"2026-05-25 12:06:00",returns,en,3,email,0,"2026-05-25 19:45:54"
3152,172,"2026-06-27 20:55:00",technical,en,1,phone,0,"2026-06-27 23:09:14"
3153,373,"2026-05-27 10:03:00",returns,es,1,email,0,"2026-05-27 19:57:48"
3154,525,"2026-05-01 11:14:00",billing,en,2,chat,0,"2026-05-01 17:41:25"
3155,399,"2026-06-30 00:18:00",subscription,es,2,email,0,"2026-06-30 08:57:57"
3156,762,"2026-05-07 16:43:00",billing,ja,2,chat,0,"2026-05-07 22:18:16"
3157,1126,"2026-05-02 13:01:00",billing,en,2,phone,0,"2026-05-03 00:16:14"
3158,677,"2026-05-22 08:45:00",subscription,es,5,phone,0,"2026-05-22 21:30:31"
3159,69,"2026-05-18 09:49:00",subscription,en,3,email,0,"2026-05-18 16:54:45"
3160,251,"2026-07-08 01:55:00",account,de,5,email,0,"2026-07-08 23:04:57"
3161,419,"2026-06-21 23:17:00",returns,ja,1,chat,0,"2026-06-22 08:03:59"
3162,1054,"2026-06-26 23:17:00",account,en,2,chat,0,"2026-06-27 11:59:59"
3163,752,"2026-06-24 03:43:00",billing,en,3,phone,0,"2026-06-24 07:51:19"
3164,670,"2026-06-17 15:56:00",technical,en,2,phone,0,"2026-06-17 21:41:59"
3165,1166,"2026-07-01 15:02:00",delivery,en,2,phone,0,"2026-07-02 10:08:49"
3166,762,"2026-05-26 20:06:00",technical,en,4,email,0,"2026-05-27 16:58:47"
3167,471,"2026-05-05 07:02:00",account,en,1,phone,0,"2026-05-05 22:31:02"
3168,174,"2026-05-07 18:51:00",billing,en,3,email,0,"2026-05-08 01:28:15"
3169,547,"2026-07-24 16:09:00",subscription,es,2,email,0,"2026-07-25 02:44:26"
3170,478,"2026-07-14 20:47:00",returns,fr,2,phone,1,"2026-07-15 04:41:44"
3171,983,"2026-05-12 19:33:00",delivery,en,2,chat,0,"2026-05-13 02:14:03"
3172,589,"2026-06-02 00:34:00",billing,en,1,chat,0,"2026-06-02 06:42:28"
3173,55,"2026-06-03 04:48:00",billing,en,2,chat,0,"2026-06-03 06:37:33"
3174,870,"2026-07-28 05:26:00",account,en,4,chat,0,"2026-07-29 04:50:46"
3175,954,"2026-06-28 12:20:00",delivery,en,1,email,0,"2026-06-28 18:13:07"
3176,480,"2026-07-20 09:56:00",account,en,1,email,0,"2026-07-20 20:06:07"
3177,1142,"2026-06-12 03:22:00",returns,es,3,chat,0,"2026-06-12 09:31:19"
3178,300,"2026-07-17 09:42:00",technical,en,3,phone,1,"2026-07-17 18:16:25"
3179,390,"2026-06-25 01:49:00",account,en,1,phone,0,"2026-06-25 07:31:08"
3180,550,"2026-06-19 04:24:00",account,es,3,phone,0,"2026-06-20 02:53:26"
3181,812,"2026-05-13 10:55:00",subscription,en,5,phone,0,"2026-05-14 07:28:58"
3182,920,"2026-06-12 15:20:00",subscription,en,1,email,0,"2026-06-12 18:44:03"
3183,657,"2026-07-04 01:28:00",returns,fr,2,phone,0,"2026-07-04 09:43:34"
3184,430,"2026-06-07 16:17:00",account,es,1,chat,0,"2026-06-07 19:23:42"
3185,735,"2026-06-19 23:51:00",returns,en,1,chat,0,"2026-06-20 03:13:47"
3186,621,"2026-07-05 18:38:00",billing,en,3,chat,0,"2026-07-06 08:58:19"
3187,825,"2026-05-13 22:53:00",subscription,en,4,email,0,"2026-05-14 07:17:51"
3188,53,"2026-05-22 11:54:00",billing,en,2,phone,1,"2026-05-23 07:12:51"
3189,1100,"2026-06-08 23:02:00",delivery,en,1,chat,0,"2026-06-09 03:12:44"
3190,332,"2026-05-16 19:38:00",billing,en,4,email,0,"2026-05-17 14:29:40"
3191,437,"2026-07-28 11:04:00",returns,ja,3,chat,0,"2026-07-28 17:49:53"
3192,1093,"2026-06-21 17:15:00",billing,de,3,phone,1,"2026-06-23 03:03:10"
3193,874,"2026-07-01 22:47:00",subscription,en,1,chat,0,"2026-07-02 09:43:10"
3194,300,"2026-06-19 01:37:00",returns,fr,1,email,0,"2026-06-19 05:57:31"
3195,133,"2026-06-15 20:18:00",subscription,fr,2,chat,0,"2026-06-16 06:18:53"
3196,572,"2026-06-06 16:30:00",subscription,fr,2,email,0,"2026-06-07 03:06:19"
3197,882,"2026-05-24 05:56:00",returns,es,2,phone,0,"2026-05-24 11:45:33"
3198,76,"2026-06-18 09:56:00",delivery,es,1,email,0,"2026-06-18 19:09:41"
3199,442,"2026-06-26 03:24:00",returns,en,1,email,0,"2026-06-26 06:28:18"
3200,949,"2026-06-14 09:40:00",returns,fr,1,phone,0,"2026-06-14 17:05:02"
3201,450,"2026-06-27 03:59:00",subscription,de,4,phone,0,"2026-06-27 20:49:23"
3202,890,"2026-06-09 04:19:00",technical,es,1,phone,0,"2026-06-09 10:55:57"
3203,513,"2026-07-01 10:25:00",technical,en,1,chat,1,"2026-07-01 16:35:58"
3204,313,"2026-06-15 12:45:00",delivery,en,3,chat,0,"2026-06-16 05:15:26"
3205,276,"2026-05-03 21:48:00",technical,en,1,email,0,"2026-05-04 02:41:22"
3206,209,"2026-05-18 20:48:00",technical,es,1,chat,0,"2026-05-19 07:54:26"
3207,965,"2026-07-03 01:14:00",delivery,en,2,chat,0,"2026-07-03 10:03:51"
3208,475,"2026-07-01 19:54:00",technical,en,4,chat,1,"2026-07-02 15:32:49"
3209,237,"2026-07-03 09:49:00",delivery,fr,1,chat,0,"2026-07-03 17:14:25"
3210,1075,"2026-07-29 19:13:00",account,fr,1,chat,0,"2026-07-29 21:39:19"
3211,709,"2026-05-12 18:28:00",returns,en,2,phone,1,"2026-05-13 02:44:43"
3212,676,"2026-05-30 20:03:00",technical,en,3,chat,0,"2026-05-31 03:28:20"
3213,879,"2026-07-02 20:04:00",subscription,es,1,chat,0,"2026-07-03 00:49:36"
3214,354,"2026-07-22 18:44:00",billing,en,1,phone,0,"2026-07-22 21:43:49"
3215,1021,"2026-05-18 18:49:00",account,en,2,phone,0,"2026-05-19 00:35:15"
3216,440,"2026-06-04 04:50:00",technical,en,1,chat,0,"2026-06-04 09:23:09"
3217,650,"2026-05-28 17:27:00",technical,en,2,phone,0,"2026-05-29 00:41:33"
3218,898,"2026-06-08 14:13:00",billing,en,2,phone,0,"2026-06-09 00:13:05"
3219,284,"2026-06-01 03:34:00",returns,en,1,email,0,"2026-06-01 13:50:52"
3220,1013,"2026-06-11 14:51:00",account,en,3,chat,0,"2026-06-12 01:52:43"
3221,114,"2026-07-19 05:40:00",technical,en,2,chat,0,"2026-07-19 23:42:37"
3222,592,"2026-06-24 22:43:00",returns,en,4,phone,0,"2026-06-25 01:30:28"
3223,58,"2026-06-04 06:30:00",delivery,en,1,chat,0,"2026-06-04 13:25:57"
3224,711,"2026-05-26 05:39:00",delivery,es,2,phone,0,"2026-05-26 16:47:45"
3225,898,"2026-05-04 05:45:00",returns,es,1,email,0,"2026-05-04 12:07:16"
3226,59,"2026-05-21 10:17:00",returns,en,1,email,0,"2026-05-21 20:13:06"
3227,1164,"2026-05-23 04:38:00",technical,en,3,chat,0,"2026-05-23 12:07:54"
3228,896,"2026-05-03 20:18:00",delivery,ja,2,email,0,"2026-05-04 06:18:39"
3229,621,"2026-07-13 11:12:00",technical,es,3,email,0,"2026-07-14 03:49:28"
3230,1127,"2026-06-09 22:54:00",subscription,en,2,phone,0,"2026-06-10 06:59:35"
3231,875,"2026-07-28 07:17:00",billing,en,3,phone,0,"2026-07-28 18:04:45"
3232,989,"2026-05-05 16:50:00",technical,en,2,chat,1,"2026-05-06 09:07:25"
3233,37,"2026-06-06 16:27:00",subscription,en,4,chat,0,"2026-06-06 20:46:25"
3234,551,"2026-05-24 03:15:00",billing,ja,3,chat,1,"2026-05-24 12:07:16"
3235,1085,"2026-06-29 13:15:00",technical,de,2,phone,1,"2026-06-29 19:45:47"
3236,849,"2026-07-07 09:40:00",delivery,en,2,phone,0,"2026-07-07 15:29:33"
3237,1197,"2026-07-02 21:03:00",subscription,en,2,chat,0,"2026-07-03 07:53:57"
3238,1070,"2026-06-06 19:04:00",delivery,en,1,chat,0,"2026-06-06 21:37:59"
3239,567,"2026-07-09 17:00:00",technical,ja,3,phone,0,"2026-07-10 00:11:17"
3240,69,"2026-07-28 16:40:00",account,en,1,chat,0,"2026-07-28 19:56:47"
3241,492,"2026-05-12 19:13:00",technical,en,3,email,0,"2026-05-13 06:58:55"
3242,899,"2026-05-23 10:26:00",delivery,fr,2,phone,0,"2026-05-23 20:19:54"
3243,714,"2026-05-04 13:25:00",account,en,5,email,0,"2026-05-05 05:54:26"
3244,577,"2026-06-06 19:17:00",technical,de,1,chat,0,"2026-06-07 06:10:26"
3245,751,"2026-07-12 13:29:00",technical,ja,3,chat,0,"2026-07-12 18:11:08"
3246,1058,"2026-07-15 17:49:00",account,en,2,email,0,"2026-07-15 23:51:24"
3247,1111,"2026-07-26 02:37:00",billing,es,1,phone,0,"2026-07-26 05:57:26"
3248,710,"2026-07-12 06:08:00",returns,en,1,chat,0,"2026-07-12 10:58:36"
3249,1020,"2026-07-14 06:29:00",billing,en,4,email,0,"2026-07-14 19:52:25"
3250,381,"2026-06-08 15:19:00",billing,en,1,email,0,"2026-06-08 19:22:57"
3251,841,"2026-07-17 03:30:00",billing,es,2,chat,0,"2026-07-17 14:04:19"
3252,245,"2026-07-17 01:45:00",delivery,en,2,phone,0,"2026-07-17 09:50:57"
3253,185,"2026-07-04 06:17:00",subscription,ja,1,email,0,"2026-07-04 13:30:55"
3254,15,"2026-06-07 08:54:00",technical,en,3,email,0,"2026-06-07 21:53:06"
3255,508,"2026-06-25 03:50:00",technical,en,3,chat,0,"2026-06-25 15:18:20"
3256,942,"2026-06-26 14:31:00",delivery,en,1,email,0,"2026-06-26 22:35:01"
3257,1169,"2026-06-25 22:42:00",returns,en,1,email,0,"2026-06-26 17:59:28"
3258,564,"2026-06-04 00:46:00",delivery,fr,3,chat,0,"2026-06-04 15:08:17"
3259,107,"2026-07-08 12:46:00",returns,es,3,chat,0,"2026-07-09 07:41:19"
3260,527,"2026-06-02 22:58:00",account,ja,2,chat,0,"2026-06-03 07:53:36"
3261,71,"2026-07-06 08:40:00",technical,ja,2,email,0,"2026-07-07 01:15:11"
3262,372,"2026-06-08 02:50:00",billing,es,1,email,0,"2026-06-08 08:47:03"
3263,555,"2026-05-29 21:05:00",subscription,en,2,email,0,"2026-05-30 05:36:06"
3264,531,"2026-05-08 08:41:00",returns,en,1,chat,0,"2026-05-08 14:11:27"
3265,431,"2026-07-18 17:24:00",technical,en,2,chat,1,"2026-07-18 22:10:56"
3266,77,"2026-07-01 02:08:00",account,en,2,phone,0,"2026-07-01 09:58:17"
3267,367,"2026-05-12 18:20:00",delivery,en,2,chat,0,"2026-05-12 22:07:59"
3268,474,"2026-07-21 02:46:00",delivery,ja,3,email,0,"2026-07-21 18:13:26"
3269,1147,"2026-06-01 09:01:00",returns,en,2,email,0,"2026-06-01 16:25:49"
3270,756,"2026-05-02 10:27:00",account,en,4,email,0,"2026-05-02 20:57:41"
3271,64,"2026-06-18 21:10:00",account,es,1,phone,0,"2026-06-19 07:46:32"
3272,193,"2026-06-11 17:20:00",technical,fr,1,email,0,"2026-06-12 10:36:24"
3273,683,"2026-07-24 09:08:00",returns,es,3,chat,0,"2026-07-24 11:55:46"
3274,704,"2026-07-06 17:42:00",subscription,en,1,chat,0,"2026-07-06 23:37:41"
3275,265,"2026-06-15 04:54:00",account,en,3,phone,0,"2026-06-15 22:21:09"
3276,836,"2026-06-27 14:54:00",returns,en,2,phone,0,"2026-06-28 02:44:57"
3277,420,"2026-05-18 10:00:00",billing,es,3,email,0,"2026-05-18 18:13:48"
3278,956,"2026-06-25 19:33:00",account,de,2,email,0,"2026-06-26 00:50:44"
3279,128,"2026-07-29 16:03:00",account,en,5,phone,1,"2026-07-29 22:21:56"
3280,671,"2026-05-22 00:40:00",billing,fr,2,email,0,"2026-05-22 11:30:12"
3281,474,"2026-06-03 13:28:00",billing,en,2,phone,0,"2026-06-03 19:10:43"
3282,40,"2026-07-29 07:01:00",returns,ja,2,phone,0,"2026-07-29 13:19:26"
3283,267,"2026-05-19 06:15:00",technical,en,1,phone,0,"2026-05-19 14:04:33"
3284,182,"2026-05-10 11:32:00",account,de,2,email,0,"2026-05-10 18:13:22"
3285,464,"2026-05-15 12:43:00",returns,es,3,email,0,"2026-05-15 21:36:20"
3286,748,"2026-05-27 00:01:00",subscription,en,2,email,1,"2026-05-27 06:27:06"
3287,666,"2026-07-07 10:31:00",billing,en,3,email,0,"2026-07-07 18:22:12"
3288,426,"2026-07-20 05:19:00",delivery,fr,3,email,0,"2026-07-20 13:06:01"
3289,1032,"2026-07-15 21:20:00",subscription,fr,2,chat,0,"2026-07-16 09:06:35"
3290,194,"2026-06-11 12:31:00",billing,en,3,chat,0,"2026-06-11 20:16:05"
3291,488,"2026-06-28 13:21:00",account,en,2,email,0,"2026-06-29 06:58:04"
3292,840,"2026-05-03 20:45:00",delivery,es,1,phone,0,"2026-05-04 02:22:49"
3293,906,"2026-06-15 00:16:00",subscription,es,2,chat,0,"2026-06-15 10:53:31"
3294,1189,"2026-06-04 08:06:00",technical,en,1,email,0,"2026-06-05 15:24:35"
3295,262,"2026-07-11 21:06:00",account,en,3,chat,0,"2026-07-12 12:27:13"
3296,763,"2026-06-15 04:30:00",account,es,1,email,0,"2026-06-15 07:40:37"
3297,815,"2026-06-21 08:22:00",billing,en,2,chat,1,"2026-06-21 15:50:11"
3298,1086,"2026-06-28 14:04:00",delivery,en,1,chat,1,"2026-06-28 17:21:32"
3299,1106,"2026-06-08 06:29:00",delivery,fr,2,phone,0,"2026-06-08 17:24:40"
3300,893,"2026-05-23 12:08:00",delivery,en,2,chat,0,"2026-05-23 17:40:02"
3301,1017,"2026-05-14 11:58:00",delivery,en,2,phone,0,"2026-05-14 15:16:22"
3302,957,"2026-06-11 10:49:00",delivery,ja,5,phone,0,"2026-06-11 21:02:38"
3303,482,"2026-06-12 20:31:00",returns,en,3,chat,0,"2026-06-13 01:04:29"
3304,1102,"2026-05-25 09:43:00",subscription,es,1,phone,0,"2026-05-25 12:38:45"
3305,919,"2026-05-08 02:49:00",delivery,de,3,email,0,"2026-05-08 10:26:51"
3306,867,"2026-05-11 08:29:00",returns,en,3,chat,0,"2026-05-11 13:15:09"
3307,574,"2026-06-28 11:18:00",account,en,2,chat,0,"2026-06-28 20:13:16"
3308,830,"2026-05-30 14:15:00",returns,de,3,phone,0,"2026-05-30 19:15:23"
3309,1160,"2026-07-28 02:16:00",subscription,de,2,phone,0,"2026-07-28 16:17:34"
3310,369,"2026-06-21 14:37:00",subscription,de,4,email,0,"2026-06-22 12:53:32"
3311,357,"2026-07-20 11:47:00",technical,en,1,chat,0,"2026-07-20 20:55:54"
3312,920,"2026-06-16 15:31:00",delivery,en,1,phone,0,"2026-06-16 20:29:40"
3313,1030,"2026-05-12 17:46:00",account,en,4,phone,0,"2026-05-13 08:50:08"
3314,989,"2026-07-03 09:07:00",technical,en,2,email,0,"2026-07-04 03:33:32"
3315,170,"2026-05-03 21:56:00",technical,ja,1,email,0,"2026-05-04 06:17:58"
3316,746,"2026-06-11 16:44:00",account,en,4,email,0,"2026-06-12 08:28:54"
3317,666,"2026-06-26 05:04:00",subscription,en,1,chat,0,"2026-06-26 12:24:25"
3318,817,"2026-07-02 21:59:00",returns,fr,2,email,0,"2026-07-03 10:36:40"
3319,358,"2026-05-24 12:31:00",billing,en,4,phone,0,"2026-05-25 00:52:38"
3320,418,"2026-05-17 14:26:00",account,fr,5,phone,0,"2026-05-18 12:57:43"
3321,879,"2026-05-17 23:12:00",delivery,ja,4,chat,1,"2026-05-18 10:54:50"
3322,757,"2026-06-01 05:45:00",subscription,en,2,phone,0,"2026-06-01 11:29:21"
3323,782,"2026-06-10 14:32:00",account,en,2,email,0,"2026-06-10 17:38:39"
3324,12,"2026-06-14 21:31:00",technical,en,3,chat,0,"2026-06-15 06:53:58"
3325,145,"2026-05-07 19:19:00",returns,en,1,chat,0,"2026-05-08 00:44:07"
3326,757,"2026-05-05 10:14:00",account,en,5,email,0,"2026-05-05 18:53:02"
3327,700,"2026-07-14 04:43:00",subscription,es,1,chat,0,"2026-07-14 16:36:18"
3328,450,"2026-06-07 19:23:00",subscription,en,3,phone,0,"2026-06-08 04:15:58"
3329,879,"2026-05-20 02:17:00",returns,en,1,phone,0,"2026-05-20 08:17:22"
3330,11,"2026-06-09 20:54:00",technical,en,2,email,0,"2026-06-10 02:10:21"
3331,1193,"2026-06-03 20:36:00",technical,en,3,phone,0,"2026-06-04 06:38:31"
3332,350,"2026-05-18 15:28:00",subscription,ja,1,email,0,"2026-05-18 21:04:52"
3333,435,"2026-05-28 21:29:00",returns,en,2,email,0,"2026-05-29 05:50:26"
3334,930,"2026-05-11 00:50:00",account,en,1,phone,0,"2026-05-11 04:14:09"
3335,989,"2026-07-07 20:02:00",subscription,en,1,email,0,"2026-07-08 08:54:53"
3336,44,"2026-07-28 01:22:00",account,en,4,phone,0,"2026-07-28 18:51:43"
3337,1171,"2026-05-26 14:23:00",account,es,3,chat,0,"2026-05-26 22:09:42"
3338,862,"2026-06-13 21:00:00",account,en,2,email,0,"2026-06-14 00:15:16"
3339,483,"2026-07-17 06:46:00",returns,en,1,email,0,"2026-07-17 13:08:50"
3340,128,"2026-06-23 17:40:00",subscription,en,1,email,0,"2026-06-24 00:10:00"
3341,156,"2026-06-07 05:29:00",billing,en,4,phone,0,"2026-06-07 17:14:15"
3342,28,"2026-06-26 05:07:00",subscription,en,1,phone,0,"2026-06-26 09:40:55"
3343,939,"2026-07-05 09:29:00",account,es,2,chat,0,"2026-07-05 16:48:26"
3344,2,"2026-06-20 22:27:00",returns,es,2,email,0,"2026-06-21 07:23:55"
3345,709,"2026-07-12 16:18:00",delivery,en,4,phone,0,"2026-07-13 03:47:55"
3346,592,"2026-06-03 20:49:00",subscription,en,2,chat,0,"2026-06-04 02:41:20"
3347,921,"2026-06-01 22:53:00",returns,en,4,email,0,"2026-06-02 06:42:09"
3348,998,"2026-05-18 07:43:00",account,de,1,email,0,"2026-05-18 14:26:07"
3349,975,"2026-05-11 03:02:00",billing,en,4,email,0,"2026-05-11 21:24:41"
3350,950,"2026-06-04 12:01:00",billing,en,2,email,1,"2026-06-04 16:16:07"
3351,272,"2026-06-06 06:56:00",billing,fr,1,email,0,"2026-06-06 13:11:45"
3352,789,"2026-07-14 03:45:00",delivery,en,1,phone,0,"2026-07-14 11:16:24"
3353,779,"2026-05-23 01:07:00",subscription,en,1,email,0,"2026-05-23 11:40:12"
3354,578,"2026-07-08 06:01:00",subscription,en,3,chat,0,"2026-07-08 11:46:33"
3355,785,"2026-05-26 01:34:00",technical,en,1,phone,0,"2026-05-26 05:16:40"
3356,831,"2026-05-30 11:57:00",delivery,en,3,email,0,"2026-05-30 18:52:12"
3357,78,"2026-05-14 22:10:00",delivery,es,1,phone,0,"2026-05-15 03:52:56"
3358,405,"2026-05-02 00:12:00",billing,en,2,chat,0,"2026-05-02 05:19:51"
3359,964,"2026-06-15 23:10:00",subscription,es,2,chat,0,"2026-06-16 16:10:02"
3360,627,"2026-06-21 17:49:00",technical,en,1,chat,0,"2026-06-21 21:33:30"
3361,718,"2026-05-21 05:55:00",billing,de,3,email,0,"2026-05-21 20:27:01"
3362,587,"2026-05-17 08:00:00",billing,fr,2,phone,0,"2026-05-17 11:54:09"
3363,501,"2026-06-06 05:05:00",technical,en,1,phone,0,"2026-06-06 19:36:08"
3364,34,"2026-06-26 17:01:00",account,en,3,chat,0,"2026-06-26 20:29:13"
3365,16,"2026-05-28 23:28:00",returns,ja,1,phone,0,"2026-05-29 11:06:26"
3366,739,"2026-05-21 06:33:00",billing,en,1,email,0,"2026-05-21 19:18:47"
3367,1194,"2026-05-20 05:05:00",account,en,1,email,0,"2026-05-20 12:19:19"
3368,819,"2026-05-28 07:25:00",returns,en,1,email,0,"2026-05-28 10:32:32"
3369,1068,"2026-07-05 19:49:00",account,en,1,phone,0,"2026-07-05 23:51:52"
3370,905,"2026-06-06 05:23:00",technical,en,1,chat,0,"2026-06-06 07:50:15"
3371,777,"2026-07-10 09:44:00",delivery,en,2,email,0,"2026-07-10 21:11:46"
3372,1020,"2026-07-19 08:14:00",technical,ja,1,email,0,"2026-07-19 14:10:35"
3373,182,"2026-06-10 14:39:00",technical,en,1,chat,0,"2026-06-10 19:18:17"
3374,994,"2026-05-05 11:20:00",technical,en,3,chat,0,"2026-05-05 17:37:59"
3375,390,"2026-06-29 13:30:00",returns,es,3,phone,0,"2026-06-30 00:36:09"
3376,580,"2026-05-13 20:31:00",returns,en,2,email,0,"2026-05-14 04:31:49"
3377,824,"2026-05-30 02:20:00",account,es,3,phone,0,"2026-05-30 15:46:59"
3378,464,"2026-06-17 22:40:00",account,en,4,email,0,"2026-06-18 19:47:16"
3379,852,"2026-06-01 19:51:00",account,en,3,chat,0,"2026-06-02 01:46:34"
3380,667,"2026-07-23 01:52:00",account,en,2,chat,0,"2026-07-23 08:12:43"
3381,1153,"2026-06-26 06:39:00",account,ja,1,email,0,"2026-06-26 16:56:32"
3382,1187,"2026-06-16 17:27:00",subscription,en,1,chat,0,"2026-06-17 08:17:27"
3383,538,"2026-06-09 17:02:00",subscription,de,1,phone,0,"2026-06-09 22:24:05"
3384,250,"2026-07-13 19:47:00",delivery,fr,1,email,0,"2026-07-13 23:29:51"
3385,92,"2026-07-12 14:02:00",delivery,es,2,phone,0,"2026-07-12 17:57:13"
3386,678,"2026-05-23 06:44:00",returns,ja,2,chat,0,"2026-05-23 14:14:06"
3387,895,"2026-07-01 06:34:00",billing,de,1,phone,0,"2026-07-01 14:27:11"
3388,1186,"2026-07-14 09:22:00",subscription,en,1,email,0,"2026-07-14 22:12:31"
3389,933,"2026-06-24 02:47:00",subscription,en,1,phone,0,"2026-06-24 12:43:07"
3390,709,"2026-05-18 23:42:00",billing,en,2,email,0,"2026-05-19 10:03:54"
3391,72,"2026-05-23 10:26:00",subscription,en,4,chat,0,"2026-05-23 15:03:30"
3392,614,"2026-05-01 20:13:00",returns,en,2,email,0,"2026-05-02 11:56:37"
3393,182,"2026-05-15 09:00:00",billing,de,1,phone,0,"2026-05-15 12:37:18"
3394,967,"2026-07-28 08:09:00",billing,es,1,email,0,"2026-07-28 15:38:06"
3395,35,"2026-07-04 10:18:00",account,ja,1,email,0,"2026-07-04 16:53:32"
3396,213,"2026-07-28 16:09:00",technical,en,4,email,0,"2026-07-28 22:13:23"
3397,67,"2026-05-25 06:32:00",billing,es,1,chat,0,"2026-05-25 12:10:28"
3398,546,"2026-05-07 05:59:00",delivery,en,3,phone,0,"2026-05-07 22:50:58"
3399,78,"2026-05-07 15:29:00",delivery,fr,2,email,0,"2026-05-08 01:30:18"
3400,763,"2026-06-25 01:29:00",billing,en,2,email,0,"2026-06-25 05:24:27"
3401,624,"2026-07-16 05:16:00",technical,en,4,chat,0,"2026-07-16 19:19:40"
3402,197,"2026-06-01 02:27:00",account,en,3,email,0,"2026-06-01 07:33:03"
3403,1147,"2026-07-11 05:57:00",billing,fr,2,phone,0,"2026-07-11 13:47:38"
3404,93,"2026-05-01 11:39:00",billing,de,1,chat,0,"2026-05-01 15:06:27"
3405,1099,"2026-06-10 17:06:00",billing,en,1,chat,0,"2026-06-10 20:05:50"
3406,644,"2026-07-27 23:46:00",billing,ja,3,chat,0,"2026-07-28 23:53:27"
3407,899,"2026-05-11 05:10:00",delivery,es,2,phone,0,"2026-05-11 16:20:05"
3408,538,"2026-06-27 14:31:00",account,en,2,phone,0,"2026-06-27 17:45:53"
3409,456,"2026-06-22 08:49:00",account,en,2,phone,0,"2026-06-22 14:01:51"
3410,519,"2026-06-07 19:34:00",delivery,en,1,chat,0,"2026-06-07 23:39:00"
3411,1067,"2026-05-26 00:27:00",account,en,5,phone,0,"2026-05-26 15:49:21"
3412,82,"2026-06-18 12:13:00",technical,es,3,phone,0,"2026-06-18 20:41:16"
3413,1191,"2026-05-11 23:54:00",billing,fr,2,phone,0,"2026-05-12 11:45:11"
3414,472,"2026-05-02 11:12:00",subscription,en,2,chat,0,"2026-05-02 18:55:57"
3415,488,"2026-06-11 03:06:00",delivery,en,1,chat,0,"2026-06-11 09:46:05"
3416,1066,"2026-07-04 04:30:00",technical,en,2,chat,0,"2026-07-04 09:21:22"
3417,612,"2026-05-25 02:53:00",subscription,en,1,email,0,"2026-05-25 06:19:08"
3418,921,"2026-07-12 02:40:00",billing,en,2,email,0,"2026-07-12 12:26:17"
3419,467,"2026-05-31 01:04:00",account,en,1,phone,0,"2026-05-31 10:33:07"
3420,650,"2026-05-29 12:00:00",billing,en,2,phone,0,"2026-05-29 20:36:33"
3421,83,"2026-07-17 06:45:00",billing,en,2,phone,0,"2026-07-17 15:37:55"
3422,1018,"2026-05-19 01:37:00",account,en,1,chat,0,"2026-05-19 08:55:50"
3423,675,"2026-07-17 20:12:00",billing,en,3,email,0,"2026-07-18 07:09:12"
3424,524,"2026-06-21 13:19:00",delivery,en,3,email,0,"2026-06-22 09:03:59"
3425,396,"2026-05-17 22:54:00",billing,es,2,phone,0,"2026-05-18 18:58:55"
3426,206,"2026-06-19 17:12:00",billing,ja,2,phone,0,"2026-06-19 23:47:21"
3427,198,"2026-06-26 05:09:00",technical,es,1,phone,0,"2026-06-26 10:32:42"
3428,302,"2026-07-09 23:22:00",billing,en,1,chat,0,"2026-07-10 07:52:43"
3429,324,"2026-06-01 19:38:00",returns,en,3,chat,0,"2026-06-02 01:17:03"
3430,1014,"2026-07-07 06:15:00",subscription,es,1,email,0,"2026-07-07 16:39:47"
3431,78,"2026-05-01 12:56:00",subscription,en,1,chat,0,"2026-05-02 01:06:15"
3432,617,"2026-06-13 06:17:00",returns,de,2,email,0,"2026-06-13 14:18:39"
3433,1,"2026-05-17 23:18:00",technical,en,1,chat,0,"2026-05-18 07:24:04"
3434,928,"2026-06-12 05:04:00",subscription,fr,1,email,0,"2026-06-12 13:48:10"
3435,378,"2026-07-24 14:24:00",subscription,en,1,phone,0,"2026-07-24 22:31:53"
3436,380,"2026-05-24 01:50:00",account,en,2,email,0,"2026-05-24 07:46:35"
3437,1115,"2026-07-18 18:32:00",billing,ja,2,email,0,"2026-07-19 03:06:26"
3438,176,"2026-05-16 12:43:00",technical,en,2,phone,1,"2026-05-16 21:44:39"
3439,341,"2026-06-25 15:46:00",account,es,2,phone,0,"2026-06-26 08:04:59"
3440,4,"2026-05-21 07:29:00",delivery,ja,3,email,0,"2026-05-21 11:39:28"
3441,864,"2026-06-29 05:16:00",returns,en,1,email,0,"2026-06-29 14:32:51"
3442,1110,"2026-05-06 01:45:00",account,es,4,chat,0,"2026-05-06 13:07:34"
3443,905,"2026-06-07 11:44:00",technical,ja,1,chat,0,"2026-06-07 15:42:15"
3444,998,"2026-05-21 07:57:00",billing,fr,2,phone,0,"2026-05-21 13:08:40"
3445,678,"2026-07-06 00:10:00",account,ja,3,email,0,"2026-07-06 07:34:50"
3446,358,"2026-06-12 23:35:00",returns,en,2,email,0,"2026-06-13 03:43:39"
3447,1114,"2026-06-30 21:00:00",billing,en,2,phone,0,"2026-07-01 19:16:14"
3448,553,"2026-07-06 02:03:00",delivery,en,2,chat,0,"2026-07-06 14:57:22"
3449,682,"2026-07-27 08:31:00",delivery,de,1,email,0,"2026-07-27 16:01:41"
3450,1191,"2026-05-22 00:14:00",delivery,en,2,phone,0,"2026-05-22 06:29:24"
3451,913,"2026-05-07 12:36:00",returns,en,3,email,0,"2026-05-07 18:28:56"
3452,1102,"2026-07-06 02:07:00",returns,en,2,phone,0,"2026-07-06 06:40:09"
3453,13,"2026-06-22 23:04:00",delivery,en,2,chat,0,"2026-06-23 09:48:04"
3454,764,"2026-05-12 18:13:00",technical,es,3,chat,0,"2026-05-13 00:57:02"
3455,1058,"2026-05-13 16:02:00",subscription,en,1,email,0,"2026-05-13 22:51:59"
3456,130,"2026-06-20 04:24:00",billing,en,2,phone,0,"2026-06-20 17:49:45"
3457,17,"2026-05-06 04:53:00",technical,en,3,phone,0,"2026-05-06 13:30:42"
3458,607,"2026-07-14 02:25:00",returns,de,2,phone,0,"2026-07-14 10:58:50"
3459,307,"2026-07-06 00:28:00",account,en,1,phone,0,"2026-07-06 12:07:21"
3460,1041,"2026-06-15 19:16:00",subscription,es,3,chat,0,"2026-06-16 16:26:28"
3461,1131,"2026-06-16 08:35:00",account,en,2,chat,0,"2026-06-17 01:35:44"
3462,628,"2026-05-27 14:55:00",account,en,3,phone,0,"2026-05-27 21:33:41"
3463,200,"2026-07-21 13:49:00",technical,en,1,email,0,"2026-07-21 23:01:11"
3464,446,"2026-05-02 22:30:00",subscription,es,2,phone,0,"2026-05-03 08:55:12"
3465,364,"2026-06-21 18:47:00",billing,en,1,phone,0,"2026-06-21 21:16:06"
3466,291,"2026-05-19 16:56:00",subscription,en,4,chat,0,"2026-05-19 22:20:52"
3467,1107,"2026-05-31 19:39:00",billing,fr,1,phone,0,"2026-06-01 01:33:38"
3468,1066,"2026-06-19 18:03:00",subscription,de,2,chat,0,"2026-06-20 08:24:50"
3469,962,"2026-06-15 00:50:00",account,en,1,phone,0,"2026-06-15 07:08:11"
3470,1193,"2026-05-14 03:51:00",technical,en,3,chat,0,"2026-05-14 15:23:38"
3471,798,"2026-07-24 07:11:00",account,en,3,chat,1,"2026-07-24 17:30:49"
3472,677,"2026-07-28 08:07:00",billing,fr,2,chat,0,"2026-07-28 11:29:38"
3473,377,"2026-06-30 00:57:00",billing,en,2,chat,0,"2026-06-30 09:14:02"
3474,63,"2026-05-21 20:08:00",returns,ja,3,chat,0,"2026-05-22 01:57:14"
3475,590,"2026-05-05 01:25:00",returns,es,2,chat,0,"2026-05-05 12:01:29"
3476,368,"2026-07-16 23:49:00",account,fr,1,chat,0,"2026-07-17 03:24:16"
3477,270,"2026-06-07 08:31:00",delivery,ja,3,phone,0,"2026-06-07 11:50:11"
3478,911,"2026-07-03 02:45:00",delivery,en,3,chat,1,"2026-07-04 06:11:47"
3479,154,"2026-05-29 09:41:00",returns,en,4,phone,0,"2026-05-29 15:28:53"
3480,250,"2026-06-30 01:20:00",billing,ja,2,chat,0,"2026-06-30 12:02:55"
3481,856,"2026-07-27 04:30:00",technical,en,2,email,0,"2026-07-27 14:54:17"
3482,379,"2026-07-22 07:31:00",returns,es,2,chat,0,"2026-07-22 19:50:58"
3483,469,"2026-05-10 12:33:00",returns,es,2,email,1,"2026-05-10 20:19:03"
3484,1188,"2026-05-09 17:29:00",subscription,en,2,phone,0,"2026-05-10 00:25:38"
3485,472,"2026-06-04 15:55:00",subscription,en,3,phone,0,"2026-06-04 23:30:06"
3486,235,"2026-05-11 10:44:00",subscription,ja,1,chat,0,"2026-05-11 13:37:22"
3487,634,"2026-06-27 11:50:00",billing,en,3,email,0,"2026-06-28 03:26:13"
3488,695,"2026-07-28 04:14:00",billing,ja,2,chat,0,"2026-07-28 08:11:57"
3489,292,"2026-07-09 05:19:00",account,en,1,chat,0,"2026-07-09 19:20:30"
3490,554,"2026-06-02 08:16:00",account,ja,1,phone,0,"2026-06-02 13:39:20"
3491,1041,"2026-06-06 15:20:00",returns,en,3,phone,0,"2026-06-07 12:05:03"
3492,861,"2026-05-02 13:12:00",billing,en,3,phone,0,"2026-05-02 20:45:10"
3493,651,"2026-05-09 04:33:00",technical,en,4,email,0,"2026-05-09 16:42:02"
3494,279,"2026-07-15 07:19:00",delivery,en,4,chat,0,"2026-07-16 08:26:32"
3495,84,"2026-06-05 11:58:00",account,fr,4,phone,1,"2026-06-05 23:57:23"
3496,995,"2026-05-13 17:13:00",billing,en,1,phone,0,"2026-05-13 20:31:57"
3497,263,"2026-05-13 01:24:00",technical,fr,2,chat,0,"2026-05-13 11:14:22"
3498,571,"2026-06-04 02:06:00",delivery,en,1,email,1,"2026-06-04 09:30:26"
3499,33,"2026-06-19 00:56:00",subscription,en,2,phone,0,"2026-06-19 06:14:05"
3500,611,"2026-05-07 14:15:00",billing,en,3,chat,0,"2026-05-08 04:06:39"
3501,243,"2026-07-15 22:41:00",technical,es,1,email,0,"2026-07-16 06:07:56"
3502,694,"2026-06-02 19:58:00",billing,en,2,chat,0,"2026-06-03 05:59:45"
3503,693,"2026-06-08 20:19:00",returns,en,2,phone,1,"2026-06-08 23:18:22"
3504,182,"2026-06-23 03:34:00",delivery,ja,1,email,0,"2026-06-23 09:32:12"
3505,627,"2026-07-09 02:22:00",billing,fr,1,phone,0,"2026-07-09 17:11:19"
3506,1088,"2026-07-15 05:59:00",technical,en,1,email,0,"2026-07-15 13:58:26"
3507,400,"2026-05-08 05:49:00",subscription,de,2,email,0,"2026-05-08 22:17:43"
3508,597,"2026-06-06 00:17:00",delivery,en,2,phone,0,"2026-06-06 15:14:42"
3509,943,"2026-05-13 20:46:00",account,en,4,chat,0,"2026-05-14 03:17:05"
3510,767,"2026-07-09 17:26:00",technical,de,1,phone,0,"2026-07-10 00:41:26"
3511,899,"2026-06-11 14:42:00",subscription,en,3,email,0,"2026-06-11 21:58:40"
3512,133,"2026-06-01 08:45:00",billing,en,1,email,0,"2026-06-01 17:24:47"
3513,466,"2026-06-13 12:39:00",delivery,en,2,phone,0,"2026-06-14 07:20:18"
3514,486,"2026-06-30 16:18:00",technical,ja,2,email,0,"2026-06-30 21:06:31"
3515,286,"2026-06-22 16:48:00",technical,fr,5,email,0,"2026-06-23 06:04:42"
3516,993,"2026-05-19 18:38:00",delivery,es,4,email,0,"2026-05-20 01:19:52"
3517,111,"2026-06-30 04:13:00",technical,en,2,phone,0,"2026-06-30 11:00:51"
3518,747,"2026-06-29 21:36:00",billing,es,1,email,0,"2026-06-30 05:57:25"
3519,785,"2026-07-23 02:26:00",subscription,es,1,chat,1,"2026-07-23 08:08:55"
3520,867,"2026-06-17 22:23:00",returns,en,2,phone,0,"2026-06-18 10:01:26"
3521,827,"2026-06-16 14:20:00",subscription,fr,1,chat,0,"2026-06-16 21:01:58"
3522,383,"2026-07-11 00:05:00",subscription,de,1,email,0,"2026-07-11 07:25:48"
3523,553,"2026-05-29 18:41:00",subscription,es,3,phone,0,"2026-05-30 08:22:51"
3524,320,"2026-06-24 21:34:00",delivery,en,1,email,0,"2026-06-25 05:20:41"
3525,465,"2026-05-08 19:00:00",delivery,en,1,phone,0,"2026-05-09 12:14:39"
3526,1148,"2026-05-30 14:54:00",subscription,ja,1,phone,0,"2026-05-30 18:47:04"
3527,1096,"2026-07-24 17:25:00",billing,en,2,email,0,"2026-07-24 22:36:58"
3528,734,"2026-05-01 01:34:00",subscription,fr,3,phone,0,"2026-05-01 12:45:19"
3529,262,"2026-06-30 04:28:00",account,de,1,chat,0,"2026-06-30 08:22:46"
3530,213,"2026-05-15 17:24:00",subscription,en,1,chat,0,"2026-05-16 01:27:21"
3531,801,"2026-05-23 14:27:00",subscription,en,1,email,0,"2026-05-23 19:16:44"
3532,1190,"2026-07-26 10:56:00",account,ja,1,chat,0,"2026-07-26 21:09:29"
3533,1020,"2026-05-18 17:31:00",account,en,3,phone,0,"2026-05-19 06:56:33"
3534,481,"2026-07-24 04:45:00",billing,en,1,chat,0,"2026-07-24 10:20:01"
3535,64,"2026-06-09 04:15:00",technical,en,4,phone,1,"2026-06-10 04:34:11"
3536,1048,"2026-06-20 06:43:00",delivery,de,1,phone,0,"2026-06-21 00:08:54"
3537,1029,"2026-07-10 05:42:00",billing,en,2,chat,0,"2026-07-10 12:16:14"
3538,640,"2026-05-17 03:49:00",technical,en,1,email,0,"2026-05-17 14:41:28"
3539,476,"2026-06-07 10:39:00",technical,en,3,email,0,"2026-06-07 15:40:51"
3540,244,"2026-05-25 17:25:00",delivery,en,1,email,0,"2026-05-25 23:16:23"
3541,475,"2026-07-17 17:28:00",subscription,es,1,chat,0,"2026-07-18 00:58:35"
3542,720,"2026-06-10 20:50:00",billing,ja,3,chat,1,"2026-06-11 08:07:33"
3543,259,"2026-05-08 05:39:00",delivery,de,5,phone,0,"2026-05-09 17:44:38"
3544,1184,"2026-05-24 18:06:00",delivery,fr,2,chat,0,"2026-05-24 22:35:01"
3545,716,"2026-07-28 07:30:00",subscription,es,4,phone,0,"2026-07-29 01:03:29"
3546,270,"2026-05-14 12:32:00",returns,en,3,email,0,"2026-05-15 05:23:50"
3547,1148,"2026-05-31 18:28:00",account,en,2,phone,0,"2026-06-01 06:34:12"
3548,332,"2026-06-16 21:47:00",account,en,3,chat,0,"2026-06-17 05:56:59"
3549,835,"2026-05-15 20:22:00",billing,ja,1,chat,1,"2026-05-16 01:40:57"
3550,315,"2026-06-22 17:03:00",returns,ja,2,email,0,"2026-06-23 02:14:02"
3551,731,"2026-07-28 20:08:00",subscription,en,3,email,0,"2026-07-29 01:58:08"
3552,408,"2026-07-07 20:35:00",account,de,2,email,1,"2026-07-08 07:57:38"
3553,621,"2026-06-16 07:46:00",subscription,en,3,chat,1,"2026-06-16 15:58:39"
3554,368,"2026-07-04 22:40:00",billing,ja,3,email,0,"2026-07-05 14:58:51"
3555,894,"2026-06-18 06:25:00",account,en,2,phone,0,"2026-06-18 14:02:02"
3556,435,"2026-06-24 21:36:00",delivery,en,2,phone,0,"2026-06-25 11:25:56"
3557,575,"2026-07-29 10:33:00",subscription,en,3,email,0,"2026-07-29 22:37:57"
3558,718,"2026-05-22 16:19:00",billing,de,5,email,0,"2026-05-23 15:50:57"
3559,1175,"2026-07-13 14:32:00",billing,en,2,chat,0,"2026-07-14 02:14:12"
3560,10,"2026-05-09 12:29:00",account,ja,2,phone,0,"2026-05-10 00:43:51"
3561,701,"2026-06-20 13:51:00",delivery,en,1,chat,1,"2026-06-20 16:25:51"
3562,500,"2026-05-25 02:12:00",returns,es,2,chat,0,"2026-05-25 12:50:42"
3563,298,"2026-06-19 02:44:00",technical,en,3,email,0,"2026-06-20 09:37:32"
3564,1073,"2026-05-23 02:06:00",technical,es,2,chat,0,"2026-05-23 09:57:16"
3565,488,"2026-06-25 03:13:00",subscription,en,3,phone,1,"2026-06-25 11:08:28"
3566,839,"2026-06-08 12:55:00",account,en,1,email,0,"2026-06-08 16:12:44"
3567,965,"2026-06-18 11:22:00",delivery,ja,1,phone,0,"2026-06-18 17:26:21"
3568,856,"2026-07-09 23:55:00",delivery,en,2,phone,0,"2026-07-10 09:34:00"
3569,539,"2026-07-16 03:17:00",subscription,en,1,chat,1,"2026-07-16 08:08:20"
3570,863,"2026-06-22 21:34:00",delivery,en,1,chat,0,"2026-06-23 06:39:44"
3571,37,"2026-06-17 13:56:00",billing,fr,3,phone,0,"2026-06-17 22:30:55"
3572,333,"2026-07-05 16:14:00",account,en,1,chat,0,"2026-07-05 20:03:40"
3573,143,"2026-07-27 04:39:00",delivery,de,3,chat,0,"2026-07-27 14:54:38"
3574,815,"2026-07-01 15:37:00",delivery,en,2,phone,0,"2026-07-02 01:44:53"
3575,996,"2026-06-28 11:40:00",subscription,en,4,phone,0,"2026-06-28 16:12:28"
3576,823,"2026-06-28 09:32:00",billing,es,2,phone,0,"2026-06-28 23:32:16"
3577,590,"2026-07-10 16:59:00",subscription,fr,1,chat,0,"2026-07-10 21:14:10"
3578,978,"2026-05-22 19:45:00",billing,en,3,phone,0,"2026-05-23 07:38:06"
3579,1050,"2026-07-24 05:13:00",delivery,en,3,chat,0,"2026-07-24 10:25:45"
3580,733,"2026-07-24 22:49:00",technical,de,1,email,0,"2026-07-25 01:52:42"
3581,187,"2026-07-04 17:33:00",billing,en,1,chat,0,"2026-07-05 00:26:53"
3582,800,"2026-07-12 04:28:00",delivery,en,3,phone,0,"2026-07-12 15:11:52"
3583,481,"2026-05-25 11:35:00",technical,en,2,phone,0,"2026-05-25 15:34:05"
3584,945,"2026-07-14 11:54:00",delivery,de,2,phone,0,"2026-07-14 19:01:43"
3585,236,"2026-07-27 11:26:00",delivery,es,1,email,0,"2026-07-27 19:40:31"
3586,727,"2026-05-16 23:51:00",technical,es,1,phone,0,"2026-05-17 07:12:33"
3587,22,"2026-05-14 18:49:00",billing,en,3,email,0,"2026-05-15 06:15:31"
3588,979,"2026-06-07 05:55:00",returns,de,2,email,0,"2026-06-07 13:15:52"
3589,935,"2026-06-01 08:38:00",account,en,1,phone,1,"2026-06-01 16:19:03"
3590,333,"2026-05-06 07:02:00",technical,en,2,phone,0,"2026-05-06 19:46:51"
3591,624,"2026-05-21 15:26:00",technical,en,2,chat,0,"2026-05-21 19:36:24"
3592,627,"2026-06-01 13:09:00",subscription,en,3,phone,0,"2026-06-02 10:55:16"
3593,1122,"2026-05-31 22:49:00",technical,ja,2,email,0,"2026-06-01 02:29:48"
3594,793,"2026-06-01 04:02:00",technical,fr,1,email,0,"2026-06-02 00:53:34"
3595,300,"2026-07-26 06:04:00",billing,en,2,chat,0,"2026-07-26 14:18:33"
3596,293,"2026-05-16 13:38:00",delivery,ja,2,phone,0,"2026-05-16 21:08:46"
3597,1089,"2026-07-03 15:26:00",billing,fr,3,email,0,"2026-07-04 04:38:53"
3598,760,"2026-07-28 22:36:00",delivery,fr,4,phone,0,"2026-07-29 08:56:02"
3599,531,"2026-06-07 12:55:00",delivery,en,3,phone,0,"2026-06-08 06:37:28"
3600,1074,"2026-05-07 23:34:00",subscription,en,1,phone,0,"2026-05-08 17:22:58"
3601,1138,"2026-07-16 21:50:00",subscription,ja,2,chat,0,"2026-07-17 22:03:59"
3602,791,"2026-05-21 21:43:00",account,es,2,phone,0,"2026-05-24 06:01:59"
3603,616,"2026-05-01 07:47:00",delivery,en,1,chat,0,"2026-05-01 13:37:36"
3604,1090,"2026-07-19 16:14:00",billing,es,3,email,0,"2026-07-19 21:47:57"
3605,495,"2026-05-02 20:58:00",subscription,fr,3,phone,0,"2026-05-03 13:48:58"
3606,1012,"2026-06-26 03:31:00",technical,ja,3,chat,0,"2026-06-26 21:27:45"
3607,142,"2026-05-22 17:11:00",technical,es,1,email,0,"2026-05-22 19:49:28"
3608,1077,"2026-06-03 09:15:00",returns,en,1,chat,0,"2026-06-03 15:49:16"
3609,1142,"2026-07-01 09:57:00",account,en,3,phone,0,"2026-07-01 14:45:46"
3610,430,"2026-07-12 14:23:00",billing,en,1,phone,0,"2026-07-12 23:31:45"
3611,636,"2026-07-01 04:01:00",subscription,en,1,email,0,"2026-07-01 09:54:46"
3612,952,"2026-07-24 20:59:00",returns,es,2,email,0,"2026-07-25 01:33:34"
3613,929,"2026-06-05 01:55:00",account,es,2,chat,0,"2026-06-06 00:38:54"
3614,553,"2026-05-24 19:30:00",technical,en,1,email,0,"2026-05-25 00:58:13"
3615,72,"2026-06-25 23:40:00",delivery,en,2,phone,0,"2026-06-26 09:05:25"
3616,619,"2026-07-09 05:05:00",subscription,en,2,chat,0,"2026-07-09 06:46:38"
3617,1091,"2026-06-03 17:29:00",technical,en,3,chat,0,"2026-06-04 03:55:46"
3618,989,"2026-05-08 00:45:00",technical,en,3,chat,0,"2026-05-08 07:58:25"
3619,1079,"2026-05-07 19:48:00",subscription,es,1,chat,0,"2026-05-07 23:10:37"
3620,162,"2026-06-06 17:37:00",returns,en,1,phone,0,"2026-06-06 22:02:41"
3621,795,"2026-06-15 11:55:00",delivery,en,1,phone,0,"2026-06-16 05:06:35"
3622,414,"2026-07-26 18:35:00",account,en,3,chat,1,"2026-07-27 07:19:28"
3623,659,"2026-05-28 11:28:00",billing,en,2,chat,0,"2026-05-28 20:44:37"
3624,231,"2026-07-14 01:14:00",returns,en,2,chat,0,"2026-07-14 15:33:12"
3625,245,"2026-06-22 14:33:00",technical,ja,2,phone,0,"2026-06-22 18:43:39"
3626,153,"2026-06-30 17:37:00",account,en,2,chat,0,"2026-06-30 20:08:53"
3627,400,"2026-07-25 07:43:00",technical,en,2,chat,0,"2026-07-25 16:10:19"
3628,203,"2026-05-15 04:26:00",returns,en,2,email,0,"2026-05-15 13:14:17"
3629,507,"2026-05-11 06:55:00",delivery,de,2,chat,0,"2026-05-11 15:32:52"
3630,554,"2026-06-24 22:58:00",subscription,de,3,email,0,"2026-06-25 13:12:45"
3631,974,"2026-05-04 18:21:00",technical,ja,3,phone,0,"2026-05-05 02:03:54"
3632,663,"2026-05-20 06:28:00",delivery,es,1,email,0,"2026-05-20 14:56:20"
3633,859,"2026-05-31 02:39:00",technical,es,4,chat,0,"2026-05-31 09:49:25"
3634,585,"2026-07-12 18:19:00",returns,es,2,phone,1,"2026-07-12 21:23:22"
3635,238,"2026-06-04 23:36:00",account,de,2,chat,1,"2026-06-05 10:26:53"
3636,439,"2026-07-14 02:11:00",account,en,4,chat,0,"2026-07-14 06:17:31"
3637,252,"2026-06-27 04:27:00",delivery,en,3,phone,0,"2026-06-27 17:05:51"
3638,1198,"2026-06-17 00:34:00",account,en,2,email,0,"2026-06-17 05:12:34"
3639,875,"2026-07-25 22:07:00",delivery,de,1,email,0,"2026-07-26 01:29:35"
3640,642,"2026-06-19 10:22:00",billing,en,2,chat,0,"2026-06-19 15:11:36"
3641,611,"2026-07-13 23:38:00",billing,es,2,chat,0,"2026-07-14 08:25:45"
3642,502,"2026-06-04 02:47:00",delivery,en,1,phone,0,"2026-06-04 06:32:54"
3643,507,"2026-05-30 22:02:00",technical,fr,3,email,0,"2026-05-31 06:36:29"
3644,1016,"2026-06-27 18:53:00",subscription,en,2,chat,0,"2026-06-28 06:43:53"
3645,337,"2026-07-13 12:41:00",delivery,en,1,email,0,"2026-07-13 19:18:46"
3646,729,"2026-06-19 12:34:00",delivery,en,1,phone,0,"2026-06-19 19:12:42"
3647,148,"2026-05-08 22:32:00",technical,en,4,chat,0,"2026-05-09 13:52:10"
3648,185,"2026-07-26 20:56:00",subscription,en,2,email,0,"2026-07-27 05:37:23"
3649,163,"2026-05-04 05:18:00",returns,fr,3,email,0,"2026-05-05 01:09:15"
3650,159,"2026-06-12 04:04:00",account,en,2,email,0,"2026-06-12 10:44:01"
3651,133,"2026-05-10 17:27:00",returns,en,1,phone,0,"2026-05-10 21:06:17"
3652,949,"2026-05-22 23:44:00",returns,en,1,email,0,"2026-05-23 09:41:59"
3653,511,"2026-05-29 00:43:00",delivery,ja,3,chat,0,"2026-05-29 18:30:49"
3654,665,"2026-06-18 13:07:00",technical,en,1,chat,0,"2026-06-18 21:00:11"
3655,498,"2026-07-03 11:11:00",technical,en,2,email,0,"2026-07-03 18:31:12"
3656,970,"2026-07-15 02:51:00",billing,ja,3,email,1,"2026-07-15 07:58:24"
3657,457,"2026-07-28 10:40:00",subscription,en,4,chat,0,"2026-07-28 17:17:27"
3658,1179,"2026-06-09 05:07:00",billing,fr,1,phone,0,"2026-06-09 17:07:06"
3659,601,"2026-07-22 13:36:00",subscription,es,5,chat,0,"2026-07-23 00:15:53"
3660,1074,"2026-06-03 01:58:00",subscription,en,1,chat,0,"2026-06-03 08:42:32"
3661,489,"2026-06-15 14:38:00",delivery,en,2,email,0,"2026-06-15 18:41:59"
3662,394,"2026-06-03 22:37:00",billing,en,3,chat,0,"2026-06-04 12:48:08"
3663,531,"2026-07-14 04:31:00",returns,de,1,email,0,"2026-07-14 10:07:38"
3664,997,"2026-07-07 22:37:00",delivery,fr,3,phone,0,"2026-07-08 22:49:02"
3665,791,"2026-05-21 15:22:00",returns,en,1,chat,0,"2026-05-21 19:10:44"
3666,1156,"2026-06-03 22:36:00",account,en,1,email,0,"2026-06-04 03:13:11"
3667,852,"2026-05-15 03:44:00",billing,en,2,email,0,"2026-05-15 08:51:09"
3668,949,"2026-06-15 11:24:00",delivery,de,1,phone,0,"2026-06-15 22:43:58"
3669,44,"2026-05-25 17:59:00",subscription,es,2,phone,0,"2026-05-26 04:24:30"
3670,1131,"2026-05-20 21:31:00",billing,es,2,email,0,"2026-05-21 05:27:48"
3671,680,"2026-06-09 05:30:00",delivery,en,1,phone,0,"2026-06-09 15:20:03"
3672,813,"2026-06-02 18:08:00",account,en,2,email,0,"2026-06-02 22:45:08"
3673,795,"2026-06-12 04:21:00",account,de,3,chat,0,"2026-06-12 12:15:03"
3674,821,"2026-07-05 06:48:00",delivery,en,2,email,0,"2026-07-05 09:06:16"
3675,125,"2026-07-15 10:34:00",billing,fr,2,email,0,"2026-07-16 10:29:48"
3676,1028,"2026-07-04 17:45:00",technical,en,4,phone,0,"2026-07-05 03:53:02"
3677,940,"2026-07-10 07:57:00",technical,en,2,phone,0,"2026-07-10 18:20:31"
3678,1107,"2026-07-15 19:40:00",subscription,es,1,phone,0,"2026-07-16 04:52:48"
3679,962,"2026-07-01 05:38:00",delivery,en,1,email,0,"2026-07-01 17:01:57"
3680,908,"2026-06-05 21:44:00",account,es,4,chat,0,"2026-06-06 21:04:42"
3681,741,"2026-06-23 06:03:00",returns,fr,3,chat,0,"2026-06-23 21:15:31"
3682,897,"2026-07-13 13:29:00",delivery,en,2,email,0,"2026-07-14 07:46:56"
3683,1019,"2026-07-17 08:07:00",technical,en,2,chat,0,"2026-07-17 14:50:24"
3684,658,"2026-07-10 17:00:00",returns,de,1,chat,0,"2026-07-10 18:59:00"
3685,421,"2026-06-06 15:24:00",technical,en,1,phone,0,"2026-06-06 18:53:26"
3686,1155,"2026-05-22 18:23:00",account,en,3,email,0,"2026-05-23 11:49:35"
3687,835,"2026-06-27 10:03:00",delivery,es,1,chat,0,"2026-06-27 16:03:38"
3688,1176,"2026-06-17 02:30:00",subscription,en,1,email,1,"2026-06-17 07:57:42"
3689,814,"2026-07-04 09:44:00",technical,en,1,phone,0,"2026-07-04 13:22:50"
3690,764,"2026-06-13 10:49:00",subscription,en,2,email,1,"2026-06-13 20:49:41"
3691,1037,"2026-07-18 03:56:00",delivery,fr,1,phone,0,"2026-07-18 13:25:55"
3692,1089,"2026-06-06 04:58:00",returns,en,1,email,0,"2026-06-06 12:59:47"
3693,741,"2026-07-07 03:51:00",subscription,en,2,chat,1,"2026-07-07 09:46:19"
3694,83,"2026-05-15 17:47:00",technical,en,1,email,0,"2026-05-15 22:23:43"
3695,148,"2026-06-03 17:21:00",subscription,ja,4,chat,0,"2026-06-04 13:27:06"
3696,66,"2026-07-23 08:33:00",account,es,2,email,0,"2026-07-23 14:19:10"
3697,478,"2026-05-16 07:31:00",delivery,en,3,chat,0,"2026-05-16 23:25:56"
3698,260,"2026-06-07 12:42:00",account,en,2,email,0,"2026-06-07 21:30:38"
3699,434,"2026-07-14 08:35:00",billing,ja,5,phone,0,"2026-07-14 20:50:22"
3700,1045,"2026-07-21 22:32:00",account,en,1,email,0,"2026-07-22 08:38:27"
3701,384,"2026-05-01 01:06:00",delivery,en,2,email,0,"2026-05-01 12:10:26"
3702,117,"2026-07-08 05:13:00",returns,ja,3,chat,0,"2026-07-08 08:53:11"
3703,312,"2026-05-19 13:24:00",delivery,fr,3,chat,0,"2026-05-19 22:26:25"
3704,252,"2026-05-22 11:09:00",subscription,en,4,phone,0,"2026-05-22 22:46:25"
3705,856,"2026-06-12 03:09:00",technical,ja,1,phone,0,"2026-06-12 17:55:13"
3706,195,"2026-06-19 15:39:00",technical,en,1,chat,0,"2026-06-19 18:01:28"
3707,693,"2026-05-29 23:30:00",delivery,ja,1,email,0,"2026-05-30 03:34:38"
3708,40,"2026-07-02 03:21:00",billing,en,3,email,0,"2026-07-02 12:20:39"
3709,32,"2026-05-10 15:18:00",returns,en,1,email,0,"2026-05-11 08:53:11"
3710,90,"2026-07-01 18:55:00",subscription,de,1,email,1,"2026-07-02 12:29:33"
3711,529,"2026-07-04 11:43:00",subscription,en,4,phone,0,"2026-07-04 21:55:07"
3712,440,"2026-06-17 21:03:00",delivery,en,3,email,0,"2026-06-18 04:07:04"
3713,1045,"2026-07-06 10:45:00",returns,en,2,email,0,"2026-07-06 16:55:36"
3714,983,"2026-05-29 14:51:00",delivery,en,1,chat,0,"2026-05-30 10:54:01"
3715,694,"2026-06-27 10:49:00",technical,en,2,phone,0,"2026-06-27 17:57:25"
3716,74,"2026-05-17 17:36:00",returns,en,2,email,0,"2026-05-17 21:20:21"
3717,789,"2026-05-18 02:55:00",account,en,3,phone,0,"2026-05-18 10:59:42"
3718,887,"2026-07-22 18:15:00",delivery,en,2,email,1,"2026-07-23 02:34:55"
3719,34,"2026-07-18 18:14:00",technical,es,3,phone,0,"2026-07-19 01:35:37"
3720,142,"2026-05-17 10:19:00",billing,en,3,phone,1,"2026-05-17 18:00:49"
3721,437,"2026-07-23 19:41:00",subscription,es,2,phone,0,"2026-07-24 08:23:07"
3722,916,"2026-05-31 23:28:00",account,fr,4,phone,1,"2026-06-01 14:45:30"
3723,522,"2026-06-10 21:55:00",delivery,en,1,email,0,"2026-06-11 05:18:20"
3724,481,"2026-06-13 14:37:00",technical,en,2,email,0,"2026-06-14 00:07:02"
3725,781,"2026-06-04 20:40:00",delivery,ja,2,chat,0,"2026-06-05 12:28:41"
3726,749,"2026-05-10 13:54:00",account,es,2,chat,0,"2026-05-10 18:35:35"
3727,965,"2026-06-12 00:34:00",delivery,en,3,email,1,"2026-06-12 21:01:47"
3728,943,"2026-05-31 10:38:00",delivery,es,3,email,0,"2026-06-01 00:39:22"
3729,488,"2026-07-22 06:14:00",technical,en,2,phone,0,"2026-07-22 13:33:39"
3730,779,"2026-07-27 07:06:00",technical,en,2,chat,0,"2026-07-27 08:37:55"
3731,1091,"2026-07-01 19:17:00",delivery,en,2,chat,0,"2026-07-02 04:09:17"
3732,721,"2026-06-15 08:15:00",account,en,3,chat,0,"2026-06-15 19:04:55"
3733,1170,"2026-06-22 16:55:00",account,en,3,email,0,"2026-06-23 08:02:23"
3734,1011,"2026-07-16 08:35:00",delivery,en,1,chat,0,"2026-07-16 11:13:41"
3735,676,"2026-07-01 07:07:00",subscription,en,5,phone,0,"2026-07-01 20:43:09"
3736,964,"2026-07-27 15:32:00",delivery,ja,4,email,0,"2026-07-28 02:44:20"
3737,22,"2026-06-12 13:25:00",delivery,en,3,phone,0,"2026-06-13 02:20:20"
3738,551,"2026-05-02 08:33:00",account,ja,1,chat,0,"2026-05-03 04:23:33"
3739,1034,"2026-06-06 23:59:00",delivery,de,5,email,0,"2026-06-08 14:43:19"
3740,779,"2026-05-27 16:09:00",account,ja,1,email,0,"2026-05-27 19:16:04"
3741,455,"2026-07-17 05:42:00",returns,en,4,email,0,"2026-07-17 23:26:28"
3742,1067,"2026-06-10 18:08:00",account,en,5,chat,0,"2026-06-11 05:25:19"
3743,380,"2026-06-25 17:45:00",billing,ja,2,chat,0,"2026-06-25 22:18:49"
3744,585,"2026-05-20 03:51:00",account,en,1,chat,0,"2026-05-20 21:27:19"
3745,815,"2026-05-01 03:36:00",billing,de,1,chat,0,"2026-05-01 06:12:46"
3746,219,"2026-06-08 00:06:00",billing,fr,2,chat,0,"2026-06-08 05:10:53"
3747,860,"2026-05-21 11:28:00",subscription,fr,5,email,0,"2026-05-22 13:08:47"
3748,656,"2026-07-21 02:00:00",technical,en,3,chat,0,"2026-07-21 12:28:30"
3749,1058,"2026-06-24 12:10:00",delivery,ja,3,chat,0,"2026-06-24 19:03:43"
3750,451,"2026-05-03 01:16:00",account,de,1,phone,0,"2026-05-03 10:26:53"
3751,557,"2026-06-18 06:16:00",subscription,ja,3,phone,0,"2026-06-19 17:55:37"
3752,179,"2026-06-12 01:58:00",account,en,3,chat,0,"2026-06-12 07:22:29"
3753,540,"2026-06-29 00:29:00",billing,en,1,email,0,"2026-06-29 02:38:09"
3754,1135,"2026-05-31 09:26:00",billing,fr,3,chat,0,"2026-05-31 19:25:40"
3755,634,"2026-06-14 15:39:00",subscription,en,1,email,0,"2026-06-14 20:45:08"
3756,920,"2026-06-11 23:27:00",delivery,en,4,phone,0,"2026-06-12 11:55:23"
3757,114,"2026-07-16 05:49:00",account,en,2,email,0,"2026-07-16 12:58:38"
3758,965,"2026-06-02 16:44:00",technical,en,2,chat,0,"2026-06-03 20:59:45"
3759,876,"2026-07-05 02:16:00",delivery,en,2,email,0,"2026-07-05 08:03:27"
3760,285,"2026-06-19 17:38:00",account,en,3,chat,0,"2026-06-20 07:30:33"
3761,324,"2026-07-16 10:25:00",billing,en,2,email,0,"2026-07-16 17:07:01"
3762,645,"2026-06-17 22:03:00",returns,es,2,email,0,"2026-06-18 10:31:20"
3763,552,"2026-07-12 09:56:00",returns,en,3,phone,0,"2026-07-12 17:20:11"
3764,1179,"2026-05-22 14:24:00",subscription,en,3,phone,0,"2026-05-23 02:33:34"
3765,660,"2026-07-18 00:19:00",technical,en,3,chat,0,"2026-07-18 10:59:48"
3766,930,"2026-07-16 21:16:00",returns,ja,1,email,0,"2026-07-17 06:07:07"
3767,1143,"2026-06-29 05:50:00",billing,fr,3,email,0,"2026-06-29 12:12:09"
3768,489,"2026-07-21 23:54:00",subscription,en,1,chat,1,"2026-07-22 05:00:21"
3769,1085,"2026-05-31 13:02:00",returns,es,3,chat,0,"2026-06-01 01:13:38"
3770,534,"2026-07-20 16:32:00",technical,en,1,chat,1,"2026-07-21 14:31:52"
3771,847,"2026-06-07 19:13:00",subscription,en,3,chat,0,"2026-06-07 23:59:17"
3772,1058,"2026-06-05 07:42:00",returns,es,2,chat,0,"2026-06-06 07:40:59"
3773,30,"2026-07-04 03:19:00",account,en,1,chat,0,"2026-07-04 15:07:44"
3774,1169,"2026-05-28 10:25:00",account,ja,4,phone,0,"2026-05-29 04:49:00"
3775,268,"2026-06-16 18:05:00",billing,es,1,chat,0,"2026-06-17 04:45:50"
3776,1079,"2026-07-24 03:12:00",returns,en,1,email,0,"2026-07-24 07:07:11"
3777,973,"2026-07-21 13:52:00",account,en,1,phone,0,"2026-07-21 19:27:21"
3778,1109,"2026-05-24 08:02:00",subscription,de,2,chat,0,"2026-05-24 14:54:31"
3779,914,"2026-06-08 16:25:00",delivery,de,2,email,0,"2026-06-08 20:03:03"
3780,136,"2026-05-18 00:01:00",delivery,es,4,phone,0,"2026-05-18 11:20:52"
3781,522,"2026-05-31 14:11:00",delivery,es,2,email,0,"2026-06-01 15:20:35"
3782,224,"2026-07-27 21:17:00",subscription,es,1,phone,0,"2026-07-27 23:55:46"
3783,983,"2026-07-07 09:46:00",technical,es,4,phone,0,"2026-07-08 04:08:44"
3784,198,"2026-07-04 18:10:00",billing,en,3,chat,0,"2026-07-05 04:19:38"
3785,300,"2026-05-10 03:35:00",account,en,1,phone,0,"2026-05-10 05:26:14"
3786,1151,"2026-07-22 07:26:00",returns,de,1,chat,0,"2026-07-22 19:59:12"
3787,68,"2026-05-01 03:31:00",subscription,fr,1,email,0,"2026-05-01 12:07:26"
3788,284,"2026-06-28 01:43:00",returns,en,3,phone,0,"2026-06-28 05:54:48"
3789,356,"2026-05-09 16:08:00",delivery,ja,2,chat,0,"2026-05-10 05:07:57"
3790,56,"2026-05-04 12:24:00",billing,fr,1,email,1,"2026-05-04 18:52:58"
3791,772,"2026-07-28 13:48:00",account,en,1,chat,0,"2026-07-28 16:52:52"
3792,963,"2026-07-11 19:18:00",technical,en,2,email,0,"2026-07-12 05:08:27"
3793,595,"2026-05-14 21:22:00",billing,en,2,phone,0,"2026-05-15 08:56:13"
3794,1006,"2026-05-23 22:24:00",technical,en,2,email,0,"2026-05-24 01:49:55"
3795,244,"2026-07-16 14:13:00",billing,de,1,phone,0,"2026-07-16 19:54:13"
3796,937,"2026-06-19 11:32:00",delivery,en,1,chat,0,"2026-06-19 20:05:49"
3797,186,"2026-07-10 02:38:00",account,en,2,phone,0,"2026-07-10 11:32:08"
3798,643,"2026-07-01 13:11:00",delivery,en,2,phone,0,"2026-07-01 20:04:25"
3799,335,"2026-06-05 18:50:00",returns,en,1,chat,0,"2026-06-05 21:13:14"
3800,857,"2026-07-18 10:47:00",account,fr,4,email,0,"2026-07-18 21:03:39"
3801,625,"2026-05-08 20:06:00",delivery,ja,1,email,0,"2026-05-09 01:02:04"
3802,226,"2026-05-02 18:57:00",account,de,3,phone,0,"2026-05-02 23:23:40"
3803,297,"2026-07-09 23:44:00",subscription,en,1,chat,0,"2026-07-10 10:14:24"
3804,298,"2026-05-22 11:38:00",technical,es,1,chat,0,"2026-05-22 14:38:19"
3805,35,"2026-07-17 02:15:00",returns,en,2,chat,0,"2026-07-17 12:54:30"
3806,405,"2026-06-01 04:58:00",returns,en,3,phone,0,"2026-06-01 10:32:07"
3807,1174,"2026-05-22 10:30:00",delivery,en,3,chat,0,"2026-05-22 16:00:39"
3808,95,"2026-05-27 11:27:00",account,fr,3,phone,0,"2026-05-27 23:08:42"
3809,496,"2026-07-05 08:08:00",billing,en,2,phone,0,"2026-07-05 14:56:32"
3810,57,"2026-06-24 10:44:00",technical,es,1,phone,0,"2026-06-24 14:10:59"
3811,590,"2026-05-06 16:42:00",delivery,en,3,chat,0,"2026-05-07 04:13:11"
3812,1073,"2026-05-02 22:15:00",delivery,en,3,email,0,"2026-05-03 13:31:10"
3813,192,"2026-07-19 00:42:00",delivery,en,2,chat,0,"2026-07-19 09:48:07"
3814,161,"2026-05-25 04:05:00",billing,ja,1,chat,0,"2026-05-25 10:29:52"
3815,793,"2026-06-02 03:38:00",technical,en,2,email,0,"2026-06-02 07:04:02"
3816,436,"2026-07-09 13:31:00",account,en,1,phone,0,"2026-07-09 16:49:40"
3817,54,"2026-05-31 00:07:00",delivery,en,3,email,0,"2026-05-31 05:29:50"
3818,134,"2026-06-26 08:08:00",delivery,en,3,email,0,"2026-06-26 23:28:29"
3819,888,"2026-05-03 08:33:00",billing,ja,4,phone,1,"2026-05-04 01:45:41"
3820,587,"2026-05-14 20:53:00",subscription,en,1,email,0,"2026-05-15 17:52:45"
3821,502,"2026-07-15 16:09:00",account,en,1,phone,0,"2026-07-15 20:50:28"
3822,228,"2026-06-23 09:00:00",technical,es,4,email,0,"2026-06-24 00:01:56"
3823,797,"2026-05-02 03:50:00",account,fr,3,chat,0,"2026-05-02 08:25:29"
3824,1051,"2026-05-10 21:55:00",subscription,en,1,email,0,"2026-05-11 10:50:57"
3825,63,"2026-07-21 07:48:00",returns,en,1,phone,0,"2026-07-21 12:04:54"
3826,52,"2026-06-06 13:36:00",technical,en,4,phone,0,"2026-06-07 02:58:21"
3827,106,"2026-05-16 14:48:00",delivery,en,3,phone,0,"2026-05-17 01:41:02"
3828,224,"2026-07-25 15:26:00",billing,en,2,email,0,"2026-07-26 05:22:13"
3829,379,"2026-06-11 18:28:00",subscription,en,2,chat,0,"2026-06-12 06:15:48"
3830,749,"2026-06-18 22:28:00",delivery,de,5,email,0,"2026-06-19 21:35:44"
3831,575,"2026-05-08 11:14:00",delivery,fr,3,email,0,"2026-05-09 03:02:06"
3832,248,"2026-05-28 05:33:00",billing,en,3,chat,0,"2026-05-28 15:05:47"
3833,601,"2026-07-13 06:58:00",returns,en,1,email,0,"2026-07-13 09:54:35"
3834,315,"2026-06-23 08:26:00",delivery,es,3,phone,0,"2026-06-23 22:44:57"
3835,1059,"2026-07-16 12:56:00",delivery,en,2,email,0,"2026-07-16 17:48:59"
3836,860,"2026-06-01 03:14:00",delivery,en,2,email,0,"2026-06-01 05:41:13"
3837,571,"2026-07-20 15:35:00",billing,en,3,email,0,"2026-07-20 19:42:16"
3838,417,"2026-05-25 02:37:00",technical,en,2,chat,0,"2026-05-25 10:51:32"
3839,378,"2026-06-05 18:43:00",subscription,en,3,email,0,"2026-06-05 22:09:29"
3840,4,"2026-06-21 09:38:00",technical,en,2,chat,0,"2026-06-21 20:41:08"
3841,744,"2026-06-20 19:15:00",delivery,en,4,phone,0,"2026-06-21 08:46:48"
3842,342,"2026-06-07 05:48:00",technical,en,2,chat,0,"2026-06-07 12:45:13"
3843,200,"2026-06-12 20:03:00",account,en,1,email,0,"2026-06-12 23:00:10"
3844,734,"2026-06-07 05:03:00",returns,en,1,phone,0,"2026-06-07 14:28:12"
3845,436,"2026-05-04 05:15:00",billing,es,1,email,0,"2026-05-04 09:46:44"
3846,63,"2026-06-08 05:41:00",billing,de,3,phone,0,"2026-06-08 15:17:26"
3847,905,"2026-07-23 19:51:00",returns,en,2,phone,0,"2026-07-24 10:29:06"
3848,577,"2026-05-04 06:22:00",account,en,2,chat,0,"2026-05-04 18:20:10"
3849,3,"2026-06-13 12:33:00",technical,en,1,chat,0,"2026-06-13 18:41:48"
3850,358,"2026-05-25 12:17:00",account,en,2,email,0,"2026-05-25 18:10:28"
3851,1117,"2026-06-17 22:47:00",returns,en,2,chat,1,"2026-06-18 13:06:26"
3852,750,"2026-07-24 05:40:00",subscription,en,4,phone,1,"2026-07-24 08:33:19"
3853,1054,"2026-06-10 04:46:00",returns,es,1,chat,0,"2026-06-10 10:16:03"
3854,1148,"2026-07-10 05:05:00",delivery,en,2,chat,1,"2026-07-10 09:22:30"
3855,438,"2026-05-16 06:53:00",technical,en,3,email,0,"2026-05-16 19:48:57"
3856,1031,"2026-07-21 04:30:00",technical,en,1,email,0,"2026-07-21 11:12:20"
3857,147,"2026-07-11 18:39:00",returns,en,2,chat,1,"2026-07-12 21:19:59"
3858,167,"2026-07-12 19:03:00",returns,en,3,phone,0,"2026-07-13 10:30:32"
3859,720,"2026-07-02 19:23:00",subscription,en,3,chat,0,"2026-07-03 14:39:29"
3860,674,"2026-07-28 14:59:00",subscription,en,1,phone,0,"2026-07-28 17:10:16"
3861,316,"2026-06-15 19:54:00",subscription,en,2,chat,0,"2026-06-16 03:02:06"
3862,897,"2026-05-29 04:44:00",returns,en,3,email,0,"2026-05-29 08:29:21"
3863,892,"2026-06-19 17:49:00",returns,fr,3,chat,0,"2026-06-19 23:26:33"
3864,246,"2026-05-09 08:39:00",delivery,en,1,phone,0,"2026-05-09 17:48:19"
3865,456,"2026-05-29 20:48:00",account,de,1,chat,0,"2026-05-30 16:04:44"
3866,919,"2026-07-26 20:54:00",subscription,en,1,email,1,"2026-07-27 01:58:45"
3867,629,"2026-05-15 00:28:00",account,en,1,email,0,"2026-05-15 03:59:16"
3868,937,"2026-05-17 23:56:00",account,en,3,email,0,"2026-05-18 11:19:58"
3869,98,"2026-05-04 16:09:00",delivery,en,2,phone,0,"2026-05-04 19:59:26"
3870,200,"2026-06-01 04:03:00",technical,en,2,email,0,"2026-06-01 14:27:37"
3871,787,"2026-06-29 23:22:00",billing,en,1,chat,0,"2026-06-30 01:26:28"
3872,81,"2026-06-17 17:20:00",returns,de,2,chat,0,"2026-06-18 02:17:34"
3873,624,"2026-05-19 08:14:00",billing,en,1,chat,0,"2026-05-19 09:40:18"
3874,894,"2026-07-02 22:56:00",technical,en,1,chat,0,"2026-07-03 05:23:53"
3875,355,"2026-06-25 11:58:00",billing,en,2,email,0,"2026-06-25 22:48:25"
3876,171,"2026-06-03 06:43:00",billing,en,3,phone,0,"2026-06-03 10:03:06"
3877,628,"2026-06-22 11:13:00",billing,en,2,phone,0,"2026-06-22 17:01:13"
3878,10,"2026-07-12 00:58:00",returns,fr,2,chat,0,"2026-07-12 07:33:12"
3879,740,"2026-06-28 08:35:00",account,en,1,email,0,"2026-06-28 12:04:08"
3880,1004,"2026-06-20 14:01:00",technical,en,4,email,0,"2026-06-21 12:51:07"
3881,341,"2026-05-27 01:01:00",returns,ja,1,phone,0,"2026-05-27 13:39:49"
3882,28,"2026-06-17 02:47:00",returns,en,1,phone,1,"2026-06-17 06:43:47"
3883,568,"2026-06-03 23:02:00",billing,fr,3,email,1,"2026-06-05 06:15:39"
3884,668,"2026-06-22 19:15:00",billing,fr,4,email,0,"2026-06-24 00:41:24"
3885,876,"2026-07-26 10:30:00",technical,fr,1,phone,0,"2026-07-26 12:50:33"
3886,313,"2026-07-13 23:33:00",account,en,3,phone,0,"2026-07-14 10:52:56"
3887,559,"2026-06-18 22:17:00",delivery,es,1,email,1,"2026-06-19 05:29:50"
3888,131,"2026-07-08 22:11:00",returns,en,1,email,0,"2026-07-09 10:49:07"
3889,950,"2026-06-29 04:11:00",account,en,1,chat,0,"2026-06-29 12:04:55"
3890,434,"2026-06-09 10:38:00",billing,en,4,phone,0,"2026-06-09 15:49:31"
3891,477,"2026-07-02 01:15:00",subscription,en,1,chat,0,"2026-07-02 06:05:56"
3892,751,"2026-07-19 18:26:00",delivery,en,1,email,0,"2026-07-20 02:30:46"
3893,697,"2026-07-25 05:36:00",subscription,en,2,chat,0,"2026-07-25 08:54:41"
3894,975,"2026-06-10 00:58:00",returns,en,3,phone,0,"2026-06-10 09:16:07"
3895,1168,"2026-07-10 12:47:00",billing,ja,2,chat,0,"2026-07-10 21:21:07"
3896,55,"2026-06-01 17:04:00",technical,en,2,phone,0,"2026-06-02 16:11:18"
3897,680,"2026-05-12 04:52:00",billing,ja,1,phone,0,"2026-05-12 19:36:53"
3898,705,"2026-05-10 22:39:00",delivery,en,4,chat,0,"2026-05-11 09:58:13"
3899,739,"2026-06-17 01:08:00",returns,en,1,chat,0,"2026-06-17 04:11:54"
3900,61,"2026-07-02 06:05:00",account,en,2,phone,0,"2026-07-02 13:28:12"
3901,108,"2026-07-01 09:27:00",billing,es,2,phone,0,"2026-07-01 15:37:58"
3902,638,"2026-05-29 03:18:00",account,en,1,chat,0,"2026-05-29 10:11:05"
3903,858,"2026-07-12 08:34:00",technical,es,1,chat,0,"2026-07-12 20:18:45"
3904,1024,"2026-07-14 09:28:00",subscription,es,3,phone,0,"2026-07-14 14:26:43"
3905,250,"2026-05-23 15:03:00",technical,en,2,phone,0,"2026-05-24 00:50:14"
3906,1004,"2026-07-28 10:09:00",subscription,en,4,phone,0,"2026-07-28 16:01:44"
3907,228,"2026-05-01 11:01:00",billing,en,2,phone,0,"2026-05-01 16:16:26"
3908,1070,"2026-05-14 14:20:00",billing,ja,1,chat,0,"2026-05-15 13:58:23"
3909,210,"2026-06-08 13:52:00",account,en,3,chat,0,"2026-06-08 18:27:14"
3910,423,"2026-05-23 09:00:00",delivery,es,2,chat,0,"2026-05-23 15:09:13"
3911,230,"2026-06-10 01:40:00",subscription,en,1,phone,0,"2026-06-10 09:46:57"
3912,1051,"2026-05-21 14:58:00",billing,en,1,email,0,"2026-05-22 06:49:53"
3913,520,"2026-06-14 01:39:00",technical,en,2,phone,0,"2026-06-14 04:53:35"
3914,411,"2026-06-19 01:41:00",billing,de,5,chat,0,"2026-06-19 15:33:32"
3915,640,"2026-07-18 21:17:00",returns,en,1,chat,0,"2026-07-19 01:04:00"
3916,116,"2026-07-17 17:38:00",returns,es,5,email,0,"2026-07-18 10:08:09"
3917,440,"2026-07-08 02:05:00",returns,ja,3,chat,1,"2026-07-08 19:31:34"
3918,226,"2026-06-29 08:42:00",subscription,ja,1,chat,0,"2026-06-29 12:53:35"
3919,1008,"2026-05-11 03:12:00",delivery,en,1,email,1,"2026-05-12 08:31:34"
3920,1053,"2026-05-23 04:48:00",billing,en,2,chat,0,"2026-05-23 15:01:59"
3921,641,"2026-07-10 08:52:00",billing,en,2,chat,0,"2026-07-11 14:30:30"
3922,531,"2026-06-22 20:17:00",technical,en,2,email,0,"2026-06-22 23:39:50"
3923,32,"2026-05-20 00:18:00",billing,en,4,chat,0,"2026-05-20 12:17:20"
3924,145,"2026-07-08 10:39:00",account,en,4,chat,0,"2026-07-08 23:39:55"
3925,1160,"2026-06-07 11:17:00",technical,es,1,email,0,"2026-06-07 21:08:48"
3926,1162,"2026-05-18 16:03:00",billing,de,2,email,1,"2026-05-19 00:19:57"
3927,637,"2026-05-25 06:14:00",delivery,en,2,phone,0,"2026-05-25 17:24:24"
3928,966,"2026-07-22 13:18:00",billing,en,2,chat,0,"2026-07-22 18:05:53"
3929,710,"2026-06-29 10:53:00",subscription,en,4,phone,0,"2026-06-29 21:28:53"
3930,1025,"2026-05-25 20:38:00",technical,en,2,email,0,"2026-05-26 10:57:35"
3931,1194,"2026-07-04 09:49:00",technical,en,1,email,0,"2026-07-04 19:11:39"
3932,868,"2026-05-22 14:50:00",returns,es,3,email,0,"2026-05-22 21:33:01"
3933,1001,"2026-05-17 20:58:00",delivery,en,2,email,0,"2026-05-18 02:00:12"
3934,125,"2026-05-15 16:39:00",delivery,en,1,chat,0,"2026-05-16 03:18:15"
3935,631,"2026-05-19 07:51:00",delivery,en,4,phone,0,"2026-05-20 03:45:34"
3936,280,"2026-07-24 07:04:00",technical,en,3,phone,0,"2026-07-25 03:23:17"
3937,1028,"2026-07-29 05:03:00",account,en,1,chat,0,"2026-07-29 14:41:36"
3938,98,"2026-07-03 16:15:00",technical,fr,3,phone,0,"2026-07-04 00:20:58"
3939,376,"2026-07-20 03:01:00",delivery,de,2,email,0,"2026-07-20 13:12:09"
3940,826,"2026-06-29 14:38:00",technical,es,1,phone,0,"2026-06-29 19:15:48"
3941,1069,"2026-07-13 16:05:00",billing,en,4,chat,0,"2026-07-15 19:02:28"
3942,1108,"2026-07-02 17:28:00",billing,es,3,email,0,"2026-07-03 05:42:33"
3943,129,"2026-07-10 19:09:00",subscription,fr,2,phone,0,"2026-07-11 02:59:11"
3944,1101,"2026-06-01 16:24:00",technical,en,3,phone,0,"2026-06-02 02:42:21"
3945,861,"2026-05-05 02:20:00",billing,ja,3,email,0,"2026-05-05 10:20:35"
3946,254,"2026-07-27 21:27:00",subscription,de,2,chat,0,"2026-07-28 07:55:11"
3947,250,"2026-05-06 06:51:00",account,en,5,chat,0,"2026-05-06 12:46:11"
3948,762,"2026-07-06 06:06:00",billing,en,1,chat,1,"2026-07-06 17:01:53"
3949,185,"2026-06-02 23:30:00",account,en,3,email,0,"2026-06-03 06:45:54"
3950,1009,"2026-07-29 12:36:00",technical,de,4,email,0,"2026-07-30 08:44:58"
3951,672,"2026-05-21 20:58:00",technical,en,3,phone,0,"2026-05-22 03:14:07"
3952,774,"2026-07-14 23:48:00",technical,en,2,email,0,"2026-07-15 12:37:06"
3953,971,"2026-05-03 18:48:00",billing,en,1,phone,0,"2026-05-04 02:08:55"
3954,179,"2026-06-05 14:08:00",returns,en,4,phone,0,"2026-06-06 06:53:24"
3955,1136,"2026-05-26 20:00:00",returns,en,1,email,0,"2026-05-27 00:43:44"
3956,182,"2026-06-21 13:03:00",subscription,en,1,email,0,"2026-06-21 17:17:23"
3957,929,"2026-07-28 14:47:00",subscription,en,3,phone,0,"2026-07-28 20:45:19"
3958,559,"2026-06-27 12:41:00",billing,en,4,email,0,"2026-06-27 21:41:59"
3959,677,"2026-06-16 22:44:00",billing,en,4,email,0,"2026-06-18 06:38:28"
3960,173,"2026-05-04 06:30:00",billing,ja,4,email,0,"2026-05-05 00:06:01"
3961,1105,"2026-05-30 04:48:00",delivery,en,1,chat,0,"2026-05-30 23:55:21"
3962,1163,"2026-06-01 10:51:00",billing,en,1,email,0,"2026-06-01 14:34:15"
3963,790,"2026-07-13 19:47:00",returns,en,1,email,0,"2026-07-14 01:05:47"
3964,1076,"2026-06-11 21:45:00",account,en,1,email,0,"2026-06-12 08:54:24"
3965,553,"2026-05-25 14:09:00",subscription,en,1,phone,0,"2026-05-26 09:06:37"
3966,653,"2026-07-21 18:59:00",delivery,en,3,chat,0,"2026-07-22 03:18:09"
3967,200,"2026-06-22 13:48:00",account,de,2,phone,0,"2026-06-22 23:15:22"
3968,817,"2026-06-04 11:59:00",delivery,en,2,email,0,"2026-06-04 21:30:34"
3969,551,"2026-07-10 07:26:00",billing,en,3,phone,0,"2026-07-11 00:30:33"
3970,953,"2026-05-19 11:53:00",delivery,en,1,chat,0,"2026-05-19 15:57:28"
3971,770,"2026-05-22 19:08:00",subscription,en,1,email,0,"2026-05-23 03:22:31"
3972,402,"2026-07-20 21:42:00",technical,en,4,chat,0,"2026-07-21 06:47:46"
3973,50,"2026-07-05 16:37:00",billing,es,1,chat,0,"2026-07-05 21:49:48"
3974,353,"2026-07-14 05:13:00",account,en,2,chat,1,"2026-07-15 01:41:04"
3975,394,"2026-07-17 11:11:00",returns,en,2,email,0,"2026-07-17 19:31:50"
3976,252,"2026-06-07 06:36:00",delivery,ja,2,phone,0,"2026-06-07 12:42:36"
3977,856,"2026-07-21 16:23:00",delivery,fr,2,phone,0,"2026-07-22 06:02:57"
3978,934,"2026-07-21 20:33:00",returns,en,2,phone,0,"2026-07-21 23:35:45"
3979,483,"2026-05-27 01:48:00",returns,en,3,chat,0,"2026-05-27 09:51:06"
3980,773,"2026-06-05 21:11:00",technical,en,2,phone,0,"2026-06-06 05:06:46"
3981,1056,"2026-05-26 18:20:00",account,es,1,phone,0,"2026-05-26 23:34:46"
3982,519,"2026-06-07 10:14:00",account,es,1,phone,0,"2026-06-07 15:55:41"
3983,1029,"2026-05-22 17:14:00",billing,fr,1,phone,0,"2026-05-22 22:38:06"
3984,682,"2026-06-21 05:44:00",technical,en,2,chat,0,"2026-06-21 16:27:11"
3985,10,"2026-06-02 22:21:00",returns,en,3,phone,0,"2026-06-03 03:31:21"
3986,930,"2026-06-15 11:37:00",subscription,de,2,phone,0,"2026-06-15 14:13:46"
3987,845,"2026-05-27 21:33:00",returns,ja,3,phone,0,"2026-05-28 07:38:21"
3988,898,"2026-05-07 23:55:00",account,en,4,phone,0,"2026-05-09 12:48:52"
3989,206,"2026-07-08 02:04:00",returns,ja,1,chat,0,"2026-07-08 06:52:30"
3990,491,"2026-07-15 23:02:00",returns,en,1,chat,0,"2026-07-16 07:20:33"
3991,780,"2026-07-28 07:00:00",technical,en,4,chat,0,"2026-07-28 14:09:35"
3992,534,"2026-06-24 03:10:00",account,en,1,phone,0,"2026-06-24 08:10:00"
3993,908,"2026-06-30 00:47:00",returns,en,3,phone,0,"2026-06-30 08:25:24"
3994,923,"2026-05-05 23:32:00",account,fr,4,phone,1,"2026-05-07 02:01:59"
3995,11,"2026-05-02 12:27:00",delivery,en,4,email,0,"2026-05-03 04:58:50"
3996,270,"2026-06-15 18:45:00",technical,es,1,email,0,"2026-06-15 22:36:43"
3997,173,"2026-06-20 10:15:00",returns,fr,2,email,0,"2026-06-21 00:15:48"
3998,1119,"2026-06-27 22:26:00",returns,en,3,phone,0,"2026-06-28 09:27:37"
3999,167,"2026-05-03 16:51:00",account,en,1,phone,1,"2026-05-04 00:06:47"
4000,545,"2026-06-13 08:31:00",returns,es,3,phone,0,"2026-06-14 06:59:56"
4001,942,"2026-07-05 21:25:00",account,de,3,chat,0,"2026-07-06 06:13:58"
4002,304,"2026-07-07 05:39:00",delivery,en,2,phone,1,"2026-07-07 07:58:48"
4003,230,"2026-05-30 02:59:00",delivery,en,1,phone,0,"2026-05-30 06:04:54"
4004,873,"2026-07-12 17:43:00",billing,fr,1,chat,0,"2026-07-12 23:00:38"
4005,336,"2026-07-01 21:29:00",billing,en,1,chat,0,"2026-07-02 06:04:15"
4006,385,"2026-07-15 09:00:00",returns,en,4,phone,0,"2026-07-15 20:36:17"
4007,865,"2026-07-01 04:19:00",delivery,en,4,email,0,"2026-07-01 11:21:32"
4008,461,"2026-05-15 15:11:00",account,de,3,phone,0,"2026-05-15 22:46:42"
4009,389,"2026-05-02 05:42:00",account,en,2,email,0,"2026-05-02 15:49:06"
4010,187,"2026-07-11 23:24:00",subscription,en,1,email,1,"2026-07-12 09:42:18"
4011,603,"2026-05-11 09:17:00",returns,en,1,chat,0,"2026-05-11 14:35:37"
4012,1089,"2026-06-11 20:03:00",returns,en,1,chat,0,"2026-06-11 22:41:13"
4013,619,"2026-06-11 10:39:00",returns,es,3,phone,0,"2026-06-11 19:57:24"
4014,1023,"2026-06-01 06:02:00",returns,en,4,email,1,"2026-06-02 02:13:29"
4015,1086,"2026-07-29 02:57:00",technical,en,2,chat,0,"2026-07-29 06:45:20"
4016,459,"2026-05-30 16:01:00",subscription,fr,3,email,0,"2026-05-31 12:27:24"
4017,1,"2026-07-09 07:41:00",account,es,5,email,0,"2026-07-10 01:29:57"
4018,12,"2026-07-03 18:03:00",subscription,ja,2,chat,0,"2026-07-03 23:59:37"
4019,1185,"2026-06-04 07:48:00",subscription,en,3,email,0,"2026-06-04 11:22:53"
4020,504,"2026-07-19 21:12:00",returns,en,1,chat,0,"2026-07-20 07:42:02"
4021,674,"2026-05-14 10:55:00",billing,es,3,phone,0,"2026-05-14 16:57:21"
4022,393,"2026-05-03 17:38:00",account,en,2,phone,0,"2026-05-04 03:42:19"
4023,323,"2026-07-12 22:35:00",technical,en,5,phone,0,"2026-07-13 17:17:30"
4024,95,"2026-05-26 13:29:00",returns,fr,3,email,0,"2026-05-27 02:59:35"
4025,569,"2026-05-06 20:22:00",technical,en,1,chat,0,"2026-05-07 07:04:26"
4026,1081,"2026-06-15 04:15:00",technical,es,3,phone,0,"2026-06-15 14:13:30"
4027,257,"2026-05-23 04:32:00",subscription,en,2,email,0,"2026-05-23 07:39:20"
4028,1046,"2026-07-18 05:50:00",subscription,en,1,phone,0,"2026-07-18 11:40:43"
4029,623,"2026-06-25 00:40:00",account,en,1,phone,0,"2026-06-25 16:20:26"
4030,179,"2026-07-26 09:31:00",delivery,fr,4,chat,0,"2026-07-27 02:29:41"
4031,1196,"2026-06-01 04:51:00",subscription,en,4,email,0,"2026-06-01 21:16:50"
4032,608,"2026-05-22 20:24:00",billing,en,1,phone,0,"2026-05-23 00:40:13"
4033,517,"2026-07-01 20:06:00",delivery,en,1,phone,0,"2026-07-02 06:39:57"
4034,652,"2026-06-19 07:25:00",subscription,en,2,chat,0,"2026-06-19 22:22:25"
4035,474,"2026-06-23 12:43:00",returns,en,1,email,0,"2026-06-23 20:08:41"
4036,584,"2026-07-12 08:19:00",subscription,en,4,chat,0,"2026-07-12 16:48:30"
4037,1067,"2026-07-12 13:10:00",returns,en,3,email,0,"2026-07-12 20:33:18"
4038,243,"2026-07-06 12:33:00",returns,en,3,email,1,"2026-07-06 19:09:11"
4039,404,"2026-07-03 16:47:00",subscription,ja,1,email,0,"2026-07-03 18:34:36"
4040,757,"2026-06-24 05:22:00",subscription,en,3,phone,0,"2026-06-24 15:30:39"
4041,998,"2026-05-23 05:05:00",subscription,es,3,chat,0,"2026-05-23 15:12:09"
4042,5,"2026-07-11 11:44:00",subscription,en,4,email,0,"2026-07-12 15:35:17"
4043,244,"2026-05-30 19:42:00",technical,es,1,email,0,"2026-05-31 00:18:59"
4044,950,"2026-07-29 22:02:00",returns,ja,2,phone,0,"2026-07-30 01:11:03"
4045,258,"2026-06-17 02:48:00",technical,es,1,chat,0,"2026-06-17 14:36:22"
4046,1153,"2026-07-26 04:03:00",subscription,en,1,phone,0,"2026-07-26 11:06:29"
4047,423,"2026-07-02 21:11:00",returns,en,2,phone,0,"2026-07-03 04:41:55"
4048,1162,"2026-07-08 21:58:00",account,fr,5,email,0,"2026-07-09 06:46:24"
4049,129,"2026-06-03 03:31:00",billing,en,1,phone,0,"2026-06-03 13:59:58"
4050,419,"2026-07-19 16:59:00",billing,en,1,chat,1,"2026-07-19 18:10:52"
4051,47,"2026-07-08 23:41:00",billing,fr,2,chat,0,"2026-07-09 05:25:25"
4052,195,"2026-05-28 16:05:00",billing,en,1,email,0,"2026-05-28 21:16:51"
4053,781,"2026-06-10 02:29:00",subscription,es,3,phone,0,"2026-06-10 07:15:59"
4054,764,"2026-07-27 00:34:00",billing,en,4,phone,0,"2026-07-27 04:58:14"
4055,1023,"2026-06-20 19:06:00",delivery,en,3,chat,0,"2026-06-21 02:57:04"
4056,152,"2026-07-07 04:50:00",technical,en,1,chat,0,"2026-07-07 09:41:01"
4057,916,"2026-06-07 09:09:00",subscription,de,2,phone,0,"2026-06-07 16:33:18"
4058,150,"2026-07-02 05:31:00",billing,en,2,phone,0,"2026-07-02 12:38:29"
4059,194,"2026-05-31 03:00:00",delivery,fr,2,chat,0,"2026-05-31 17:14:35"
4060,825,"2026-07-05 16:21:00",returns,de,1,email,0,"2026-07-05 19:50:35"
4061,837,"2026-06-26 00:20:00",delivery,de,2,email,0,"2026-06-26 10:02:43"
4062,236,"2026-05-17 04:21:00",technical,fr,1,phone,0,"2026-05-17 11:45:58"
4063,941,"2026-05-04 10:03:00",delivery,en,4,chat,0,"2026-05-04 22:53:35"
4064,119,"2026-07-26 15:58:00",delivery,en,2,chat,0,"2026-07-26 18:18:31"
4065,1008,"2026-06-16 18:23:00",account,en,5,phone,0,"2026-06-17 01:32:33"
4066,1068,"2026-06-15 11:43:00",technical,en,2,phone,0,"2026-06-15 23:53:04"
4067,938,"2026-05-20 01:43:00",billing,en,3,chat,0,"2026-05-20 07:54:42"
4068,809,"2026-07-14 16:03:00",account,es,4,chat,0,"2026-07-15 08:18:06"
4069,1004,"2026-05-20 12:47:00",technical,en,2,phone,0,"2026-05-20 18:44:25"
4070,1008,"2026-05-24 01:04:00",subscription,en,2,chat,1,"2026-05-24 04:33:29"
4071,10,"2026-06-19 12:24:00",returns,es,3,email,0,"2026-06-20 03:36:51"
4072,845,"2026-06-16 23:02:00",returns,es,2,email,0,"2026-06-17 10:29:59"
4073,500,"2026-07-28 18:47:00",account,en,1,chat,0,"2026-07-29 01:59:12"
4074,1108,"2026-06-16 13:23:00",account,es,2,email,0,"2026-06-16 16:43:17"
4075,924,"2026-05-18 10:55:00",billing,ja,1,chat,0,"2026-05-18 18:10:55"
4076,994,"2026-07-02 05:24:00",subscription,ja,5,chat,0,"2026-07-03 02:37:46"
4077,1031,"2026-07-24 15:42:00",billing,en,1,email,0,"2026-07-25 03:36:46"
4078,347,"2026-06-01 23:37:00",account,es,1,email,0,"2026-06-02 01:48:53"
4079,762,"2026-05-05 17:40:00",account,en,2,phone,0,"2026-05-05 21:20:24"
4080,629,"2026-06-21 06:08:00",returns,de,3,phone,0,"2026-06-21 11:49:16"
4081,603,"2026-06-23 16:11:00",technical,en,2,phone,0,"2026-06-23 20:32:50"
4082,635,"2026-05-06 09:44:00",billing,en,1,chat,0,"2026-05-06 13:40:27"
4083,609,"2026-07-01 17:55:00",technical,en,2,phone,0,"2026-07-02 01:34:10"
4084,1116,"2026-07-28 11:02:00",returns,en,2,chat,0,"2026-07-28 23:02:06"
4085,780,"2026-06-06 00:22:00",account,fr,1,email,0,"2026-06-06 04:45:31"
4086,381,"2026-06-26 05:11:00",account,en,2,chat,0,"2026-06-26 18:24:47"
4087,354,"2026-05-02 21:39:00",delivery,es,1,email,0,"2026-05-03 00:21:05"
4088,125,"2026-05-23 00:24:00",technical,en,1,chat,0,"2026-05-23 11:58:14"
4089,941,"2026-05-02 19:02:00",account,en,2,phone,1,"2026-05-03 03:17:33"
4090,382,"2026-06-26 02:32:00",delivery,en,4,email,0,"2026-06-26 14:18:07"
4091,427,"2026-07-01 09:24:00",delivery,es,1,phone,0,"2026-07-01 21:54:11"
4092,570,"2026-05-06 00:47:00",technical,en,1,phone,0,"2026-05-06 07:13:32"
4093,745,"2026-06-09 10:32:00",returns,de,1,email,0,"2026-06-09 13:41:04"
4094,1029,"2026-06-29 01:31:00",account,es,2,chat,0,"2026-06-29 14:21:41"
4095,1004,"2026-05-30 15:11:00",subscription,en,2,chat,0,"2026-05-31 08:53:50"
4096,628,"2026-07-13 23:11:00",returns,en,1,email,0,"2026-07-14 04:44:06"
4097,539,"2026-07-11 00:43:00",delivery,en,2,phone,0,"2026-07-11 04:43:23"
4098,1051,"2026-07-13 14:36:00",returns,en,2,phone,0,"2026-07-14 00:01:45"
4099,485,"2026-07-24 07:23:00",subscription,de,3,email,0,"2026-07-24 12:29:00"
4100,163,"2026-07-08 19:45:00",billing,en,1,email,0,"2026-07-09 06:27:42"
4101,1187,"2026-05-11 17:27:00",delivery,en,1,phone,0,"2026-05-12 08:40:24"
4102,932,"2026-05-18 12:09:00",billing,en,3,chat,0,"2026-05-18 18:41:34"
4103,54,"2026-06-18 15:58:00",technical,fr,1,phone,0,"2026-06-19 05:37:54"
4104,327,"2026-07-10 13:41:00",billing,en,2,chat,0,"2026-07-10 20:53:47"
4105,691,"2026-07-20 08:14:00",billing,de,1,phone,0,"2026-07-20 13:22:16"
4106,739,"2026-06-16 02:14:00",billing,de,2,phone,0,"2026-06-16 13:36:25"
4107,775,"2026-06-03 22:02:00",billing,ja,2,phone,0,"2026-06-04 02:14:16"
4108,246,"2026-06-05 12:44:00",returns,en,1,phone,0,"2026-06-05 19:29:40"
4109,302,"2026-06-26 14:51:00",delivery,en,1,phone,0,"2026-06-27 00:53:04"
4110,593,"2026-07-16 13:15:00",delivery,ja,1,chat,0,"2026-07-16 22:49:44"
4111,1122,"2026-06-30 05:03:00",returns,en,1,phone,0,"2026-06-30 07:24:27"
4112,472,"2026-05-20 06:39:00",account,en,3,phone,0,"2026-05-20 13:43:40"
4113,917,"2026-06-03 15:42:00",account,es,5,email,0,"2026-06-03 21:55:43"
4114,589,"2026-06-09 07:56:00",technical,es,2,phone,0,"2026-06-09 19:34:31"
4115,71,"2026-06-09 21:44:00",account,en,2,phone,0,"2026-06-10 05:30:08"
4116,486,"2026-05-22 23:37:00",technical,en,2,chat,0,"2026-05-23 15:11:51"
4117,66,"2026-07-06 11:02:00",returns,en,2,phone,0,"2026-07-06 17:43:37"
4118,871,"2026-07-21 09:34:00",delivery,en,3,chat,0,"2026-07-21 19:11:09"
4119,407,"2026-07-22 04:43:00",returns,en,1,phone,0,"2026-07-22 12:25:11"
4120,463,"2026-05-15 08:29:00",delivery,fr,2,email,0,"2026-05-15 21:38:46"
4121,191,"2026-07-17 08:08:00",billing,en,1,phone,0,"2026-07-17 14:28:23"
4122,685,"2026-06-18 15:28:00",delivery,en,3,phone,1,"2026-06-18 23:57:33"
4123,452,"2026-07-25 17:45:00",billing,de,3,email,0,"2026-07-26 00:33:53"
4124,572,"2026-07-27 18:19:00",delivery,en,1,phone,0,"2026-07-28 02:45:39"
4125,1143,"2026-06-11 06:07:00",delivery,en,4,email,0,"2026-06-11 20:30:46"
4126,287,"2026-07-23 05:14:00",subscription,en,2,email,0,"2026-07-23 16:26:43"
4127,1064,"2026-05-20 15:39:00",returns,en,1,email,0,"2026-05-20 23:58:43"
4128,480,"2026-05-09 00:27:00",account,en,3,email,1,"2026-05-09 07:17:46"
4129,578,"2026-07-09 02:06:00",account,en,2,phone,0,"2026-07-09 08:47:56"
4130,1023,"2026-06-10 07:20:00",billing,en,3,email,0,"2026-06-10 13:48:11"
4131,547,"2026-07-16 00:35:00",technical,es,2,phone,0,"2026-07-16 11:33:57"
4132,446,"2026-07-27 15:09:00",technical,en,1,chat,0,"2026-07-27 22:08:01"
4133,987,"2026-07-17 19:03:00",returns,de,2,email,0,"2026-07-17 22:04:16"
4134,947,"2026-05-14 00:46:00",subscription,en,2,phone,0,"2026-05-14 06:22:07"
4135,917,"2026-07-19 00:19:00",subscription,en,1,email,0,"2026-07-19 04:34:51"
4136,801,"2026-06-07 13:19:00",account,en,3,chat,0,"2026-06-07 18:55:24"
4137,319,"2026-06-26 14:22:00",account,en,1,chat,0,"2026-06-26 19:34:06"
4138,861,"2026-07-24 21:19:00",technical,en,3,email,0,"2026-07-25 05:38:09"
4139,302,"2026-05-09 06:58:00",account,en,3,phone,0,"2026-05-09 15:33:44"
4140,1079,"2026-07-23 02:53:00",subscription,de,2,email,1,"2026-07-23 11:35:06"
4141,1022,"2026-06-01 05:43:00",account,es,1,phone,0,"2026-06-01 10:06:55"
4142,1084,"2026-07-07 14:01:00",returns,en,1,email,0,"2026-07-07 16:41:45"
4143,800,"2026-05-19 18:46:00",account,en,1,chat,0,"2026-05-20 03:03:36"
4144,935,"2026-06-13 09:01:00",technical,en,1,chat,0,"2026-06-13 22:31:31"
4145,1156,"2026-07-04 19:18:00",account,en,1,email,0,"2026-07-05 03:41:19"
4146,356,"2026-06-15 18:52:00",returns,ja,3,chat,0,"2026-06-16 00:57:10"
4147,1031,"2026-05-22 21:41:00",returns,en,2,email,0,"2026-05-23 08:37:10"
4148,555,"2026-05-12 14:01:00",subscription,de,2,email,0,"2026-05-12 23:30:05"
4149,690,"2026-06-23 05:00:00",returns,ja,1,chat,0,"2026-06-23 07:55:34"
4150,1169,"2026-07-14 09:59:00",returns,fr,4,email,0,"2026-07-15 01:13:07"
4151,866,"2026-06-22 23:01:00",technical,ja,2,email,0,"2026-06-23 07:33:20"
4152,717,"2026-06-30 00:08:00",account,en,1,phone,0,"2026-06-30 04:34:53"
4153,1149,"2026-07-19 04:38:00",technical,ja,1,chat,0,"2026-07-19 10:22:05"
4154,856,"2026-06-15 10:31:00",delivery,en,3,email,0,"2026-06-15 15:11:59"
4155,35,"2026-05-29 04:10:00",returns,en,2,chat,0,"2026-05-29 06:20:42"
4156,627,"2026-05-11 08:04:00",returns,de,3,phone,0,"2026-05-12 17:06:00"
4157,1079,"2026-07-25 12:09:00",delivery,ja,1,phone,0,"2026-07-25 18:11:16"
4158,256,"2026-07-28 17:13:00",subscription,en,1,email,0,"2026-07-29 02:04:29"
4159,130,"2026-05-06 14:44:00",billing,en,2,phone,0,"2026-05-06 23:07:11"
4160,1109,"2026-07-09 11:47:00",account,fr,1,phone,0,"2026-07-09 23:02:09"
4161,854,"2026-05-20 15:21:00",returns,en,2,email,0,"2026-05-20 20:13:10"
4162,814,"2026-05-06 11:51:00",subscription,es,1,email,0,"2026-05-06 21:37:52"
4163,433,"2026-07-20 18:33:00",delivery,en,2,phone,0,"2026-07-20 23:40:52"
4164,937,"2026-07-02 03:21:00",account,fr,2,phone,0,"2026-07-02 17:27:19"
4165,570,"2026-05-23 02:29:00",technical,ja,3,chat,0,"2026-05-23 18:53:00"
4166,120,"2026-06-29 17:52:00",delivery,ja,1,phone,0,"2026-06-29 20:58:53"
4167,1049,"2026-05-16 06:31:00",technical,en,3,phone,0,"2026-05-16 17:33:56"
4168,469,"2026-06-18 07:38:00",account,en,2,chat,0,"2026-06-18 14:23:41"
4169,809,"2026-05-21 16:05:00",billing,ja,1,email,0,"2026-05-21 23:30:29"
4170,884,"2026-05-03 23:23:00",returns,en,2,chat,0,"2026-05-04 08:08:53"
4171,589,"2026-07-08 18:16:00",returns,en,1,chat,0,"2026-07-08 23:56:42"
4172,432,"2026-06-08 07:00:00",delivery,en,3,email,0,"2026-06-08 18:32:07"
4173,37,"2026-07-25 15:54:00",subscription,en,3,email,0,"2026-07-26 02:34:04"
4174,552,"2026-06-14 21:46:00",technical,en,2,phone,0,"2026-06-15 04:26:31"
4175,805,"2026-07-10 09:41:00",technical,en,2,email,0,"2026-07-10 17:02:07"
4176,1066,"2026-05-13 11:14:00",billing,en,1,email,1,"2026-05-13 13:31:02"
4177,330,"2026-06-06 09:36:00",account,en,2,email,0,"2026-06-07 08:31:48"
4178,874,"2026-07-06 07:22:00",technical,es,2,email,0,"2026-07-06 18:34:50"
4179,271,"2026-06-17 19:08:00",delivery,en,3,chat,0,"2026-06-18 02:44:04"
4180,859,"2026-05-05 01:12:00",technical,en,3,email,0,"2026-05-05 05:56:33"
4181,758,"2026-05-20 00:10:00",billing,fr,2,chat,0,"2026-05-20 10:20:21"
4182,271,"2026-06-22 11:57:00",returns,es,2,phone,0,"2026-06-23 00:34:07"
4183,703,"2026-07-17 16:48:00",technical,ja,1,email,0,"2026-07-18 04:52:59"
4184,783,"2026-06-08 11:33:00",returns,en,3,phone,0,"2026-06-08 21:47:35"
4185,1152,"2026-05-04 04:34:00",account,en,2,chat,0,"2026-05-04 13:17:47"
4186,1018,"2026-05-24 18:11:00",technical,fr,2,email,0,"2026-05-24 23:12:37"
4187,209,"2026-07-08 16:22:00",subscription,ja,3,email,0,"2026-07-08 22:10:28"
4188,1112,"2026-06-26 06:00:00",returns,en,2,chat,0,"2026-06-26 10:55:50"
4189,410,"2026-06-13 18:22:00",technical,en,4,chat,0,"2026-06-14 11:06:02"
4190,1136,"2026-07-23 22:14:00",subscription,de,1,phone,0,"2026-07-24 05:04:37"
4191,440,"2026-05-17 12:44:00",account,en,2,phone,1,"2026-05-18 10:31:58"
4192,867,"2026-07-21 00:10:00",subscription,en,2,phone,0,"2026-07-21 04:18:18"
4193,859,"2026-05-03 07:57:00",delivery,es,1,email,0,"2026-05-04 02:40:52"
4194,172,"2026-05-12 07:01:00",delivery,en,2,email,0,"2026-05-12 19:41:28"
4195,931,"2026-05-20 10:55:00",technical,en,3,chat,0,"2026-05-21 05:55:51"
4196,650,"2026-06-21 03:32:00",billing,ja,3,email,0,"2026-06-21 21:43:02"
4197,25,"2026-05-25 18:18:00",returns,en,1,email,0,"2026-05-26 06:46:54"
4198,1158,"2026-06-24 15:58:00",account,fr,4,chat,0,"2026-06-25 08:48:58"
4199,1182,"2026-07-07 21:30:00",subscription,en,2,chat,0,"2026-07-08 01:59:32"
4200,136,"2026-06-22 22:20:00",returns,en,2,phone,0,"2026-06-23 03:58:26"
4201,301,"2026-05-30 00:07:00",subscription,ja,4,email,1,"2026-05-30 08:58:18"
4202,764,"2026-05-12 00:04:00",subscription,fr,2,phone,0,"2026-05-12 05:55:09"
4203,1136,"2026-07-15 03:10:00",subscription,en,1,phone,0,"2026-07-15 10:59:37"
4204,630,"2026-07-08 19:51:00",returns,en,2,email,0,"2026-07-09 10:38:39"
4205,709,"2026-05-23 14:04:00",returns,en,1,email,0,"2026-05-23 21:17:32"
4206,289,"2026-07-04 02:36:00",returns,fr,4,email,0,"2026-07-04 14:02:56"
4207,1072,"2026-05-08 09:20:00",subscription,de,3,phone,0,"2026-05-08 17:43:29"
4208,1060,"2026-05-31 22:56:00",account,ja,2,chat,0,"2026-06-01 09:53:30"
4209,359,"2026-07-17 04:43:00",returns,en,2,phone,0,"2026-07-17 09:09:55"
4210,39,"2026-07-17 12:24:00",technical,ja,2,email,0,"2026-07-18 02:07:46"
4211,788,"2026-06-01 20:36:00",delivery,en,1,email,0,"2026-06-02 09:38:46"
4212,26,"2026-06-07 03:28:00",billing,en,1,phone,0,"2026-06-07 07:07:55"
4213,12,"2026-06-17 08:49:00",account,en,1,email,0,"2026-06-17 13:56:29"
4214,857,"2026-06-18 17:12:00",subscription,en,2,phone,0,"2026-06-19 06:27:45"
4215,733,"2026-07-26 20:13:00",subscription,en,1,phone,0,"2026-07-27 02:10:37"
4216,10,"2026-05-05 18:43:00",billing,es,4,phone,0,"2026-05-06 11:11:15"
4217,639,"2026-06-22 20:28:00",account,es,3,chat,0,"2026-06-23 02:49:59"
4218,1027,"2026-06-25 02:27:00",returns,en,2,chat,0,"2026-06-25 10:33:21"
4219,1026,"2026-05-20 18:52:00",account,es,2,phone,0,"2026-05-21 00:56:58"
4220,1170,"2026-05-16 00:39:00",technical,en,1,email,1,"2026-05-16 08:56:18"
4221,906,"2026-05-23 11:46:00",account,en,2,chat,0,"2026-05-23 15:21:07"
4222,253,"2026-06-15 07:42:00",returns,en,3,phone,0,"2026-06-15 11:22:51"
4223,1067,"2026-06-22 22:03:00",subscription,en,3,chat,0,"2026-06-23 01:07:52"
4224,703,"2026-06-20 03:37:00",delivery,ja,1,email,0,"2026-06-20 09:04:18"
4225,877,"2026-07-27 03:48:00",delivery,en,3,chat,0,"2026-07-27 12:02:40"
4226,721,"2026-07-05 19:09:00",billing,en,2,chat,0,"2026-07-05 23:50:41"
4227,911,"2026-07-05 14:36:00",account,en,1,chat,0,"2026-07-05 20:56:08"
4228,255,"2026-07-18 07:54:00",billing,fr,2,phone,0,"2026-07-18 19:14:31"
4229,583,"2026-07-11 20:32:00",returns,ja,4,email,0,"2026-07-12 14:44:47"
4230,1169,"2026-06-02 06:58:00",technical,en,4,chat,0,"2026-06-02 17:09:53"
4231,703,"2026-07-16 19:19:00",billing,es,3,phone,0,"2026-07-17 06:31:12"
4232,204,"2026-07-17 07:48:00",technical,fr,2,email,0,"2026-07-17 16:02:43"
4233,37,"2026-07-13 04:52:00",technical,en,1,chat,0,"2026-07-13 10:17:05"
4234,41,"2026-07-08 05:45:00",technical,en,1,phone,0,"2026-07-08 19:31:14"
4235,660,"2026-07-17 03:51:00",account,en,1,email,0,"2026-07-17 17:56:14"
4236,866,"2026-05-02 06:48:00",delivery,en,4,chat,0,"2026-05-03 10:28:06"
4237,32,"2026-05-18 08:05:00",billing,en,3,phone,0,"2026-05-18 17:06:37"
4238,557,"2026-05-09 09:36:00",billing,en,3,chat,0,"2026-05-09 14:24:33"
4239,921,"2026-06-07 19:04:00",technical,en,3,chat,0,"2026-06-08 06:28:35"
4240,525,"2026-07-08 23:23:00",returns,es,2,chat,0,"2026-07-09 08:32:51"
4241,371,"2026-06-13 19:38:00",billing,es,1,chat,0,"2026-06-15 01:45:27"
4242,1098,"2026-07-14 18:46:00",subscription,en,1,chat,0,"2026-07-15 03:48:08"
4243,634,"2026-06-04 12:04:00",billing,es,5,email,0,"2026-06-04 20:09:43"
4244,904,"2026-05-14 19:31:00",delivery,en,1,email,0,"2026-05-15 04:34:02"
4245,1096,"2026-05-16 00:46:00",subscription,fr,3,phone,0,"2026-05-16 08:02:25"
4246,178,"2026-06-04 21:36:00",billing,ja,1,chat,0,"2026-06-05 02:23:05"
4247,908,"2026-06-14 02:05:00",account,en,1,phone,0,"2026-06-14 06:23:38"
4248,445,"2026-07-20 07:04:00",returns,en,2,email,0,"2026-07-20 11:40:31"
4249,249,"2026-07-05 11:38:00",billing,en,3,phone,0,"2026-07-05 16:50:16"
4250,772,"2026-06-13 10:45:00",returns,en,1,chat,0,"2026-06-13 16:13:41"
4251,924,"2026-05-29 09:57:00",returns,de,2,chat,0,"2026-05-30 00:42:49"
4252,124,"2026-06-26 03:50:00",returns,de,1,phone,0,"2026-06-26 12:11:09"
4253,567,"2026-05-21 23:00:00",returns,ja,4,phone,1,"2026-05-22 21:16:09"
4254,80,"2026-07-16 19:49:00",account,en,4,phone,0,"2026-07-17 04:34:01"
4255,841,"2026-07-27 20:39:00",returns,en,1,chat,0,"2026-07-28 03:27:42"
4256,735,"2026-07-12 06:30:00",account,es,2,email,0,"2026-07-12 13:56:25"
4257,644,"2026-06-14 10:58:00",delivery,en,1,phone,0,"2026-06-14 21:07:08"
4258,271,"2026-06-18 19:18:00",account,en,1,email,0,"2026-06-19 00:37:01"
4259,294,"2026-05-01 17:25:00",technical,en,1,email,0,"2026-05-02 04:21:45"
4260,416,"2026-07-26 04:55:00",subscription,en,3,chat,0,"2026-07-26 10:26:40"
4261,1053,"2026-06-22 17:17:00",billing,en,1,phone,0,"2026-06-22 20:54:50"
4262,948,"2026-05-06 07:52:00",technical,en,2,phone,0,"2026-05-06 16:54:45"
4263,488,"2026-06-11 11:47:00",billing,en,4,email,1,"2026-06-11 19:12:13"
4264,50,"2026-07-16 22:37:00",billing,ja,2,phone,0,"2026-07-17 07:25:42"
4265,418,"2026-06-25 10:38:00",returns,de,2,phone,0,"2026-06-25 14:50:06"
4266,202,"2026-07-14 06:04:00",technical,en,5,chat,0,"2026-07-15 05:12:23"
4267,1159,"2026-07-05 07:03:00",delivery,es,4,phone,0,"2026-07-06 06:44:32"
4268,631,"2026-06-04 19:13:00",account,en,2,email,0,"2026-06-05 01:18:40"
4269,673,"2026-05-09 10:09:00",delivery,ja,2,email,0,"2026-05-10 00:39:54"
4270,667,"2026-06-22 07:21:00",subscription,en,1,email,0,"2026-06-22 14:40:55"
4271,405,"2026-06-08 09:05:00",delivery,de,2,phone,0,"2026-06-08 23:22:30"
4272,1156,"2026-07-16 00:36:00",subscription,en,1,chat,0,"2026-07-16 05:04:29"
4273,927,"2026-07-02 15:31:00",account,fr,2,email,0,"2026-07-03 17:28:35"
4274,232,"2026-05-30 16:53:00",delivery,de,1,phone,0,"2026-05-30 19:40:43"
4275,236,"2026-05-08 02:39:00",delivery,ja,2,phone,0,"2026-05-08 05:39:24"
4276,1030,"2026-07-08 12:06:00",account,en,2,chat,0,"2026-07-08 23:28:53"
4277,1142,"2026-05-23 16:37:00",billing,en,3,email,0,"2026-05-24 02:18:55"
4278,723,"2026-07-07 18:20:00",returns,en,3,email,0,"2026-07-07 23:41:31"
4279,534,"2026-06-04 21:13:00",account,fr,2,email,0,"2026-06-05 03:57:29"
4280,993,"2026-07-18 15:52:00",subscription,en,1,phone,0,"2026-07-18 22:07:30"
4281,667,"2026-07-04 02:34:00",returns,en,2,phone,1,"2026-07-04 08:45:45"
4282,279,"2026-07-19 17:50:00",technical,en,4,phone,0,"2026-07-20 07:29:06"
4283,1178,"2026-06-04 02:45:00",delivery,en,1,email,0,"2026-06-04 11:28:03"
4284,707,"2026-06-25 14:25:00",billing,fr,4,chat,0,"2026-06-26 02:34:21"
4285,530,"2026-06-02 10:31:00",delivery,en,3,chat,0,"2026-06-02 14:53:30"
4286,1150,"2026-05-04 23:53:00",technical,en,2,phone,0,"2026-05-05 11:09:37"
4287,368,"2026-07-08 22:26:00",billing,ja,1,phone,0,"2026-07-09 11:31:42"
4288,763,"2026-07-06 16:08:00",account,fr,3,phone,1,"2026-07-07 04:21:01"
4289,87,"2026-07-05 11:44:00",account,en,2,chat,1,"2026-07-06 01:14:00"
4290,46,"2026-06-02 15:21:00",returns,en,1,email,0,"2026-06-02 18:25:05"
4291,447,"2026-07-10 16:11:00",billing,ja,1,chat,0,"2026-07-11 03:21:55"
4292,90,"2026-06-28 09:08:00",billing,en,3,chat,0,"2026-06-28 14:02:42"
4293,761,"2026-06-03 03:51:00",subscription,en,1,phone,0,"2026-06-03 08:24:39"
4294,435,"2026-06-19 02:27:00",delivery,es,2,email,1,"2026-06-19 08:44:40"
4295,491,"2026-06-07 03:23:00",account,en,3,chat,1,"2026-06-07 08:14:18"
4296,135,"2026-06-02 09:49:00",returns,ja,2,phone,0,"2026-06-02 15:47:32"
4297,325,"2026-07-03 20:51:00",account,fr,1,chat,0,"2026-07-04 02:50:56"
4298,316,"2026-06-24 18:32:00",account,en,2,chat,0,"2026-06-25 06:02:05"
4299,370,"2026-05-10 21:36:00",subscription,ja,4,phone,0,"2026-05-11 12:38:56"
4300,432,"2026-06-19 06:13:00",billing,ja,3,chat,0,"2026-06-19 12:47:17"
4301,126,"2026-05-03 03:29:00",technical,es,1,email,0,"2026-05-03 07:43:32"
4302,217,"2026-06-18 02:51:00",subscription,en,1,email,0,"2026-06-18 11:21:01"
4303,1155,"2026-05-17 09:55:00",delivery,en,2,phone,0,"2026-05-17 17:17:50"
4304,219,"2026-05-14 11:46:00",delivery,en,1,phone,0,"2026-05-14 19:23:56"
4305,1069,"2026-06-19 18:57:00",subscription,de,2,chat,0,"2026-06-20 12:37:10"
4306,350,"2026-07-17 15:56:00",account,en,3,chat,0,"2026-07-18 12:50:08"
4307,1176,"2026-07-29 10:48:00",technical,ja,1,phone,0,"2026-07-29 14:06:43"
4308,837,"2026-05-27 07:20:00",delivery,en,1,email,0,"2026-05-27 12:17:38"
4309,578,"2026-07-10 00:03:00",delivery,ja,1,email,0,"2026-07-10 05:03:24"
4310,294,"2026-05-28 17:00:00",technical,es,3,email,0,"2026-05-28 23:06:58"
4311,225,"2026-05-23 14:34:00",account,en,4,phone,0,"2026-05-25 04:32:23"
4312,1121,"2026-05-06 13:32:00",technical,en,3,email,0,"2026-05-07 03:06:09"
4313,303,"2026-07-11 21:18:00",subscription,de,2,email,0,"2026-07-12 01:45:25"
4314,1,"2026-07-26 04:30:00",returns,en,1,phone,0,"2026-07-26 13:44:55"
4315,150,"2026-06-05 18:29:00",returns,en,1,email,0,"2026-06-05 22:33:59"
4316,528,"2026-06-13 13:32:00",account,en,1,chat,0,"2026-06-13 16:18:56"
4317,1192,"2026-05-14 06:11:00",technical,de,1,email,0,"2026-05-14 16:34:03"
4318,1118,"2026-07-13 01:46:00",delivery,en,3,phone,0,"2026-07-13 08:07:26"
4319,91,"2026-05-04 02:21:00",account,fr,1,phone,0,"2026-05-04 06:45:01"
4320,906,"2026-06-01 13:16:00",returns,en,1,chat,0,"2026-06-02 01:41:03"
4321,886,"2026-07-19 12:09:00",account,es,1,email,0,"2026-07-19 19:55:40"
4322,247,"2026-07-27 22:37:00",subscription,fr,1,email,0,"2026-07-28 02:07:18"
4323,719,"2026-05-27 16:01:00",returns,de,5,chat,0,"2026-05-28 11:20:45"
4324,238,"2026-07-29 09:18:00",technical,en,1,chat,0,"2026-07-29 15:23:36"
4325,962,"2026-06-19 12:20:00",returns,en,1,phone,0,"2026-06-19 17:54:37"
4326,173,"2026-05-23 09:11:00",billing,ja,2,chat,0,"2026-05-23 21:22:55"
4327,1083,"2026-07-22 14:01:00",delivery,en,1,email,0,"2026-07-22 18:45:58"
4328,278,"2026-07-20 00:03:00",account,fr,1,phone,0,"2026-07-20 11:09:02"
4329,400,"2026-07-09 19:25:00",returns,en,4,chat,0,"2026-07-10 05:54:04"
4330,469,"2026-06-14 19:03:00",delivery,fr,3,email,0,"2026-06-15 05:50:45"
4331,1200,"2026-06-25 15:03:00",billing,fr,2,email,0,"2026-06-26 08:19:18"
4332,769,"2026-07-06 05:10:00",subscription,de,3,chat,0,"2026-07-06 15:06:16"
4333,1173,"2026-06-26 11:27:00",subscription,es,1,email,0,"2026-06-26 21:07:31"
4334,810,"2026-06-17 10:24:00",delivery,en,1,phone,1,"2026-06-17 13:41:11"
4335,31,"2026-06-29 01:29:00",billing,en,2,phone,0,"2026-06-29 09:26:35"
4336,397,"2026-06-03 08:41:00",subscription,fr,4,chat,0,"2026-06-03 15:13:29"
4337,73,"2026-06-19 00:01:00",subscription,ja,1,chat,0,"2026-06-19 11:51:29"
4338,222,"2026-05-28 17:10:00",subscription,en,1,email,0,"2026-05-29 02:53:09"
4339,330,"2026-05-26 21:08:00",account,es,1,email,0,"2026-05-27 00:35:59"
4340,991,"2026-07-17 22:10:00",technical,en,1,phone,0,"2026-07-18 03:02:58"
4341,1116,"2026-07-23 19:59:00",account,en,2,phone,0,"2026-07-24 02:25:17"
4342,959,"2026-06-11 00:19:00",delivery,en,2,phone,0,"2026-06-11 04:58:38"
4343,660,"2026-07-05 13:11:00",returns,fr,3,email,0,"2026-07-05 20:31:46"
4344,1005,"2026-06-20 17:26:00",delivery,de,2,chat,0,"2026-06-21 01:26:51"
4345,852,"2026-06-19 23:58:00",billing,fr,2,chat,0,"2026-06-20 03:56:40"
4346,717,"2026-07-22 12:13:00",billing,en,2,phone,0,"2026-07-22 20:13:42"
4347,374,"2026-06-24 10:02:00",returns,en,2,email,0,"2026-06-24 13:50:49"
4348,558,"2026-06-26 15:35:00",returns,fr,3,phone,0,"2026-06-27 04:00:10"
4349,18,"2026-06-25 15:58:00",delivery,es,3,phone,0,"2026-06-26 00:44:53"
4350,474,"2026-05-17 22:59:00",delivery,ja,2,phone,0,"2026-05-18 09:19:19"
4351,200,"2026-06-12 15:36:00",technical,en,1,chat,0,"2026-06-12 20:00:25"
4352,554,"2026-06-12 01:48:00",subscription,de,2,chat,0,"2026-06-12 17:17:00"
4353,719,"2026-07-04 16:56:00",returns,en,2,phone,0,"2026-07-04 22:12:16"
4354,1187,"2026-05-03 19:29:00",account,en,4,phone,0,"2026-05-04 06:21:57"
4355,878,"2026-05-21 06:04:00",delivery,en,2,email,0,"2026-05-21 13:41:37"
4356,432,"2026-05-22 05:54:00",delivery,de,2,email,0,"2026-05-22 12:41:40"
4357,1143,"2026-06-08 09:54:00",returns,en,1,phone,0,"2026-06-09 02:49:35"
4358,803,"2026-05-04 04:28:00",returns,en,1,phone,0,"2026-05-04 22:56:02"
4359,234,"2026-06-29 07:10:00",account,en,1,chat,0,"2026-06-29 10:50:14"
4360,830,"2026-06-13 00:27:00",delivery,es,1,phone,0,"2026-06-13 11:36:33"
4361,635,"2026-06-01 17:14:00",account,es,1,phone,0,"2026-06-02 02:00:00"
4362,172,"2026-07-03 09:16:00",subscription,en,2,chat,0,"2026-07-03 17:43:54"
4363,713,"2026-06-23 04:22:00",technical,de,1,email,0,"2026-06-23 09:39:47"
4364,380,"2026-07-06 07:13:00",billing,es,4,chat,1,"2026-07-07 05:50:48"
4365,590,"2026-06-12 12:10:00",billing,es,2,phone,0,"2026-06-12 18:20:07"
4366,565,"2026-06-15 05:00:00",billing,ja,1,chat,0,"2026-06-15 17:48:19"
4367,333,"2026-07-26 07:28:00",returns,en,2,email,1,"2026-07-26 14:16:58"
4368,670,"2026-06-06 21:59:00",account,en,2,phone,0,"2026-06-07 07:11:11"
4369,623,"2026-05-24 14:03:00",technical,en,3,email,0,"2026-05-25 01:29:29"
4370,1101,"2026-06-15 14:49:00",subscription,en,3,email,0,"2026-06-16 02:21:32"
4371,1029,"2026-07-29 03:03:00",delivery,en,3,phone,0,"2026-07-29 09:47:50"
4372,768,"2026-05-28 23:16:00",billing,es,3,phone,0,"2026-05-29 10:46:04"
4373,703,"2026-07-18 07:20:00",returns,en,3,chat,0,"2026-07-18 18:17:09"
4374,131,"2026-06-11 15:32:00",delivery,en,1,chat,0,"2026-06-12 02:06:55"
4375,750,"2026-06-04 04:52:00",technical,en,1,chat,0,"2026-06-04 16:02:52"
4376,452,"2026-05-22 12:44:00",account,ja,4,email,0,"2026-05-22 22:12:26"
4377,999,"2026-07-19 13:09:00",technical,en,2,chat,0,"2026-07-19 22:18:54"
4378,597,"2026-05-25 10:14:00",delivery,de,1,phone,0,"2026-05-26 01:27:47"
4379,419,"2026-06-16 14:52:00",returns,en,4,chat,0,"2026-06-17 17:00:54"
4380,994,"2026-06-28 19:11:00",delivery,en,1,phone,0,"2026-06-29 02:52:45"
4381,443,"2026-05-25 04:26:00",subscription,en,1,phone,0,"2026-05-25 07:10:15"
4382,285,"2026-05-15 13:04:00",delivery,es,4,phone,0,"2026-05-15 21:18:09"
4383,1013,"2026-05-17 03:55:00",technical,fr,1,email,0,"2026-05-17 09:15:53"
4384,857,"2026-07-21 00:25:00",subscription,en,3,chat,0,"2026-07-21 04:55:29"
4385,172,"2026-07-18 08:42:00",subscription,fr,2,email,0,"2026-07-18 13:11:42"
4386,735,"2026-07-08 13:36:00",subscription,en,2,email,0,"2026-07-08 19:56:17"
4387,93,"2026-05-03 22:53:00",delivery,en,3,chat,0,"2026-05-04 05:14:12"
4388,524,"2026-05-03 09:18:00",technical,es,1,phone,0,"2026-05-03 13:14:57"
4389,1113,"2026-05-17 09:07:00",delivery,de,4,phone,0,"2026-05-18 01:41:07"
4390,662,"2026-07-21 22:55:00",returns,de,1,email,0,"2026-07-22 01:53:31"
4391,1141,"2026-06-13 23:53:00",delivery,en,1,email,0,"2026-06-14 03:34:47"
4392,795,"2026-07-08 10:11:00",account,en,3,chat,0,"2026-07-09 07:54:04"
4393,1071,"2026-07-01 11:54:00",account,en,4,email,0,"2026-07-02 02:06:41"
4394,752,"2026-06-25 05:38:00",returns,en,1,chat,0,"2026-06-25 09:51:38"
4395,840,"2026-07-25 08:02:00",account,ja,5,phone,0,"2026-07-26 20:27:58"
4396,873,"2026-05-16 03:01:00",account,en,1,email,0,"2026-05-16 11:37:28"
4397,635,"2026-07-23 04:20:00",account,en,1,phone,0,"2026-07-23 13:30:11"
4398,9,"2026-05-16 09:32:00",subscription,en,1,phone,0,"2026-05-16 19:13:46"
4399,1153,"2026-07-12 00:29:00",technical,en,2,phone,0,"2026-07-12 08:22:16"
4400,202,"2026-07-23 08:11:00",subscription,fr,2,chat,0,"2026-07-23 11:37:07"
4401,538,"2026-05-04 06:53:00",delivery,en,3,chat,0,"2026-05-04 09:06:17"
4402,278,"2026-06-03 12:54:00",delivery,en,2,phone,0,"2026-06-03 22:56:08"
4403,848,"2026-07-12 18:22:00",account,en,2,email,0,"2026-07-13 03:36:55"
4404,1010,"2026-07-08 05:21:00",subscription,en,2,phone,0,"2026-07-08 23:12:55"
4405,40,"2026-05-06 11:58:00",account,en,2,chat,0,"2026-05-06 18:56:00"
4406,358,"2026-05-26 17:44:00",delivery,de,1,phone,0,"2026-05-27 01:20:26"
4407,917,"2026-05-08 02:57:00",delivery,es,1,chat,0,"2026-05-08 05:23:48"
4408,1070,"2026-07-05 07:40:00",technical,en,1,chat,0,"2026-07-05 11:04:01"
4409,701,"2026-05-05 11:09:00",subscription,en,2,phone,0,"2026-05-05 23:52:16"
4410,946,"2026-06-01 18:14:00",returns,en,1,phone,0,"2026-06-02 03:04:47"
4411,174,"2026-06-11 15:57:00",delivery,en,3,phone,0,"2026-06-11 22:17:35"
4412,558,"2026-07-11 13:16:00",billing,en,4,phone,0,"2026-07-12 00:02:28"
4413,79,"2026-07-08 18:42:00",account,en,2,email,0,"2026-07-08 21:10:06"
4414,1012,"2026-06-11 20:30:00",billing,ja,3,chat,0,"2026-06-12 05:46:17"
4415,1151,"2026-06-25 15:16:00",subscription,es,3,email,0,"2026-06-26 01:04:11"
4416,327,"2026-07-13 13:18:00",billing,en,2,phone,0,"2026-07-13 18:07:21"
4417,775,"2026-05-12 05:02:00",account,fr,4,phone,0,"2026-05-12 13:47:39"
4418,282,"2026-05-27 10:33:00",account,en,2,phone,0,"2026-05-27 17:17:53"
4419,383,"2026-06-25 03:23:00",billing,en,3,email,0,"2026-06-25 09:15:46"
4420,580,"2026-07-21 12:23:00",account,en,3,phone,0,"2026-07-21 15:32:59"
4421,439,"2026-05-24 02:25:00",subscription,ja,4,email,0,"2026-05-24 10:35:25"
4422,810,"2026-06-15 08:24:00",account,fr,3,phone,0,"2026-06-16 01:20:33"
4423,879,"2026-06-11 10:42:00",technical,de,2,chat,0,"2026-06-11 19:30:03"
4424,233,"2026-07-13 07:25:00",subscription,en,3,email,0,"2026-07-13 15:53:33"
4425,1044,"2026-06-26 05:53:00",returns,en,1,chat,0,"2026-06-26 11:05:31"
4426,503,"2026-06-15 14:34:00",subscription,en,1,phone,0,"2026-06-15 18:25:46"
4427,974,"2026-07-17 18:42:00",account,en,1,email,1,"2026-07-18 00:15:50"
4428,229,"2026-07-08 14:34:00",technical,en,1,phone,0,"2026-07-08 16:53:39"
4429,193,"2026-06-08 15:14:00",returns,fr,1,phone,0,"2026-06-08 17:51:09"
4430,23,"2026-07-25 19:27:00",account,fr,2,email,0,"2026-07-25 23:42:56"
4431,824,"2026-07-23 04:08:00",account,ja,5,email,0,"2026-07-25 04:17:48"
4432,771,"2026-05-11 19:00:00",returns,en,4,email,0,"2026-05-12 11:54:25"
4433,183,"2026-06-02 15:35:00",subscription,es,3,chat,0,"2026-06-03 09:17:56"
4434,130,"2026-07-12 02:25:00",returns,en,2,chat,0,"2026-07-12 08:19:29"
4435,1159,"2026-05-31 07:48:00",subscription,en,2,chat,1,"2026-05-31 17:47:49"
4436,1195,"2026-05-13 13:21:00",delivery,en,1,chat,0,"2026-05-14 02:56:18"
4437,1186,"2026-05-04 15:05:00",billing,en,2,phone,0,"2026-05-04 18:51:03"
4438,1040,"2026-05-01 17:02:00",delivery,en,1,phone,0,"2026-05-01 21:54:12"
4439,773,"2026-07-07 09:47:00",delivery,es,2,chat,0,"2026-07-07 20:37:55"
4440,292,"2026-05-20 14:54:00",subscription,ja,3,chat,0,"2026-05-20 20:03:44"
4441,203,"2026-07-15 23:01:00",returns,de,3,chat,0,"2026-07-16 04:43:39"
4442,900,"2026-05-03 07:43:00",billing,fr,3,phone,0,"2026-05-03 13:09:32"
4443,131,"2026-05-20 01:24:00",account,en,3,phone,0,"2026-05-20 13:35:14"
4444,266,"2026-06-25 10:20:00",delivery,en,3,email,0,"2026-06-25 19:26:51"
4445,563,"2026-06-15 20:46:00",account,en,1,chat,0,"2026-06-16 00:55:23"
4446,1006,"2026-06-06 00:21:00",technical,ja,1,email,0,"2026-06-06 18:21:56"
4447,164,"2026-05-09 21:06:00",delivery,en,2,chat,0,"2026-05-10 05:22:19"
4448,751,"2026-07-20 23:07:00",account,en,5,chat,0,"2026-07-21 18:40:55"
4449,1196,"2026-06-10 11:48:00",delivery,de,2,email,0,"2026-06-10 18:27:27"
4450,1080,"2026-05-01 16:56:00",subscription,en,4,chat,0,"2026-05-02 05:43:56"
4451,956,"2026-06-24 03:47:00",technical,de,1,phone,0,"2026-06-24 07:34:56"
4452,810,"2026-05-11 23:14:00",technical,en,1,phone,0,"2026-05-12 03:54:26"
4453,328,"2026-07-22 20:01:00",technical,es,2,phone,0,"2026-07-23 01:07:45"
4454,742,"2026-07-06 10:59:00",account,ja,1,chat,0,"2026-07-06 18:15:05"
4455,134,"2026-05-09 10:11:00",account,en,2,email,0,"2026-05-10 06:04:45"
4456,691,"2026-06-15 12:17:00",delivery,fr,2,phone,0,"2026-06-15 18:03:27"
4457,806,"2026-06-25 07:18:00",delivery,ja,3,email,0,"2026-06-25 15:25:49"
4458,448,"2026-05-15 05:21:00",delivery,en,1,phone,1,"2026-05-15 17:55:27"
4459,218,"2026-07-08 09:09:00",delivery,es,4,phone,1,"2026-07-08 19:43:42"
4460,686,"2026-07-07 06:37:00",delivery,en,2,chat,0,"2026-07-07 20:03:17"
4461,1150,"2026-07-05 12:26:00",delivery,es,1,chat,0,"2026-07-05 16:56:02"
4462,586,"2026-06-12 23:19:00",account,en,3,phone,0,"2026-06-13 03:21:07"
4463,792,"2026-05-14 19:19:00",account,en,1,email,0,"2026-05-14 23:57:48"
4464,890,"2026-06-14 06:38:00",technical,en,1,phone,0,"2026-06-14 09:47:22"
4465,561,"2026-05-23 22:20:00",delivery,en,2,phone,0,"2026-05-24 08:49:41"
4466,540,"2026-06-25 17:05:00",technical,en,1,email,0,"2026-06-25 21:26:32"
4467,1017,"2026-06-23 08:47:00",subscription,en,3,chat,0,"2026-06-23 21:11:24"
4468,242,"2026-05-29 17:12:00",billing,en,1,chat,0,"2026-05-30 00:00:13"
4469,928,"2026-06-12 11:25:00",account,en,4,phone,0,"2026-06-12 21:55:06"
4470,612,"2026-07-27 15:32:00",delivery,en,3,phone,0,"2026-07-28 02:22:47"
4471,765,"2026-06-08 10:43:00",delivery,en,2,chat,0,"2026-06-08 14:22:10"
4472,1109,"2026-05-17 16:26:00",technical,en,4,email,0,"2026-05-18 12:45:02"
4473,1173,"2026-06-06 07:53:00",returns,fr,1,email,0,"2026-06-06 16:37:20"
4474,284,"2026-06-06 15:37:00",delivery,fr,1,phone,0,"2026-06-06 19:27:49"
4475,1186,"2026-06-16 17:51:00",technical,es,1,email,0,"2026-06-17 03:16:09"
4476,632,"2026-06-05 00:23:00",account,ja,1,chat,0,"2026-06-05 04:23:25"
4477,728,"2026-07-06 13:33:00",delivery,en,2,phone,0,"2026-07-07 08:26:38"
4478,139,"2026-07-22 00:05:00",subscription,es,1,chat,0,"2026-07-22 18:07:04"
4479,485,"2026-06-20 14:20:00",account,en,1,phone,0,"2026-06-20 16:49:16"
4480,637,"2026-05-25 05:49:00",subscription,en,1,chat,0,"2026-05-25 10:41:05"
4481,499,"2026-07-19 12:35:00",returns,ja,1,chat,0,"2026-07-19 18:39:32"
4482,1050,"2026-05-01 22:49:00",subscription,es,1,chat,0,"2026-05-02 04:24:39"
4483,880,"2026-07-21 07:50:00",delivery,en,1,chat,0,"2026-07-21 09:34:36"
4484,452,"2026-05-15 09:36:00",subscription,en,3,email,0,"2026-05-15 20:59:32"
4485,427,"2026-05-19 08:04:00",subscription,fr,1,chat,0,"2026-05-19 12:12:54"
4486,351,"2026-06-12 11:27:00",returns,en,2,chat,0,"2026-06-12 15:58:55"
4487,1038,"2026-05-12 18:44:00",account,fr,2,email,0,"2026-05-13 05:53:07"
4488,305,"2026-07-04 20:39:00",account,en,4,chat,1,"2026-07-05 19:49:23"
4489,216,"2026-06-30 19:31:00",billing,en,2,chat,0,"2026-07-01 04:31:32"
4490,349,"2026-07-23 23:22:00",account,es,3,phone,0,"2026-07-24 09:04:58"
4491,134,"2026-07-18 12:37:00",account,en,1,chat,0,"2026-07-18 16:47:47"
4492,576,"2026-05-31 23:49:00",returns,en,3,email,0,"2026-06-01 10:03:18"
4493,412,"2026-07-07 16:03:00",technical,en,2,email,0,"2026-07-07 23:50:40"
4494,180,"2026-06-11 10:11:00",account,en,1,phone,0,"2026-06-11 15:24:23"
4495,456,"2026-05-27 12:03:00",account,en,3,email,1,"2026-05-27 18:56:45"
4496,235,"2026-06-07 21:28:00",returns,en,1,chat,0,"2026-06-08 09:03:14"
4497,375,"2026-05-30 21:42:00",technical,en,4,chat,0,"2026-05-31 08:56:03"
4498,242,"2026-06-07 06:56:00",billing,en,1,email,0,"2026-06-07 13:15:28"
4499,1159,"2026-05-24 01:27:00",returns,en,2,email,0,"2026-05-24 06:53:26"
4500,52,"2026-05-26 15:47:00",subscription,en,2,email,1,"2026-05-26 20:36:17"
4501,171,"2026-07-01 00:39:00",subscription,en,1,email,0,"2026-07-01 12:43:05"
4502,326,"2026-07-17 17:45:00",subscription,fr,2,chat,0,"2026-07-18 07:03:18"
4503,54,"2026-06-23 11:24:00",subscription,en,2,phone,0,"2026-06-23 15:21:21"
4504,989,"2026-06-02 16:11:00",technical,fr,1,email,0,"2026-06-02 20:32:34"
4505,613,"2026-05-27 05:58:00",technical,de,3,email,0,"2026-05-28 00:39:43"
4506,287,"2026-07-26 03:38:00",account,en,1,phone,0,"2026-07-26 07:48:18"
4507,337,"2026-07-03 00:34:00",returns,en,2,chat,0,"2026-07-03 04:47:14"
4508,364,"2026-07-14 22:39:00",subscription,de,2,email,0,"2026-07-15 09:10:49"
4509,1155,"2026-05-03 01:58:00",technical,fr,1,email,0,"2026-05-03 07:58:36"
4510,628,"2026-07-10 08:05:00",subscription,en,2,chat,0,"2026-07-10 19:50:13"
4511,729,"2026-05-24 23:41:00",subscription,en,2,chat,0,"2026-05-25 08:07:58"
4512,862,"2026-07-10 13:26:00",technical,en,2,email,0,"2026-07-11 02:58:33"
4513,1105,"2026-07-06 05:14:00",technical,en,4,phone,1,"2026-07-06 16:16:50"
4514,693,"2026-05-28 00:32:00",subscription,en,2,phone,0,"2026-05-28 04:29:07"
4515,432,"2026-06-21 14:43:00",returns,es,5,phone,0,"2026-06-22 10:47:41"
4516,884,"2026-06-28 21:14:00",subscription,ja,3,phone,0,"2026-06-29 05:35:56"
4517,479,"2026-07-06 07:50:00",billing,en,1,email,0,"2026-07-06 11:55:35"
4518,504,"2026-07-22 19:54:00",returns,es,3,email,1,"2026-07-23 10:05:32"
4519,523,"2026-07-11 11:00:00",billing,de,4,email,0,"2026-07-12 00:59:23"
4520,818,"2026-06-03 09:56:00",billing,en,4,email,0,"2026-06-03 23:43:53"
4521,463,"2026-05-24 15:36:00",account,fr,3,chat,0,"2026-05-25 03:05:57"
4522,783,"2026-06-10 03:46:00",account,fr,3,chat,0,"2026-06-10 14:01:25"
4523,417,"2026-06-16 08:33:00",technical,en,2,email,0,"2026-06-16 14:06:50"
4524,406,"2026-05-07 18:54:00",delivery,fr,3,phone,0,"2026-05-08 06:37:10"
4525,158,"2026-07-16 12:25:00",account,en,1,chat,0,"2026-07-16 23:26:16"
4526,577,"2026-05-18 13:37:00",returns,en,4,chat,0,"2026-05-20 09:04:35"
4527,170,"2026-05-21 13:56:00",technical,en,2,email,0,"2026-05-22 03:06:25"
4528,1166,"2026-07-29 23:53:00",billing,en,4,chat,0,"2026-07-30 23:33:21"
4529,170,"2026-07-05 02:09:00",returns,en,1,phone,0,"2026-07-05 15:10:52"
4530,1089,"2026-05-20 09:18:00",returns,en,5,email,0,"2026-05-21 02:00:18"
4531,622,"2026-07-25 16:54:00",technical,fr,1,chat,0,"2026-07-25 21:58:39"
4532,180,"2026-06-14 21:07:00",returns,es,2,chat,0,"2026-06-15 06:08:40"
4533,158,"2026-07-14 21:52:00",subscription,en,1,chat,0,"2026-07-15 07:53:10"
4534,548,"2026-06-03 19:42:00",billing,es,2,email,0,"2026-06-04 04:37:15"
4535,1047,"2026-05-28 03:55:00",returns,en,4,chat,0,"2026-05-28 18:03:48"
4536,336,"2026-07-07 23:32:00",subscription,es,2,chat,0,"2026-07-08 12:55:39"
4537,309,"2026-06-26 21:23:00",technical,fr,3,chat,0,"2026-06-27 03:31:08"
4538,459,"2026-05-13 05:58:00",account,ja,1,phone,0,"2026-05-13 12:02:11"
4539,922,"2026-05-14 16:27:00",returns,en,3,email,0,"2026-05-15 08:09:44"
4540,639,"2026-05-14 23:25:00",account,de,2,chat,1,"2026-05-15 04:57:05"
4541,371,"2026-05-14 04:25:00",billing,ja,1,chat,0,"2026-05-14 08:53:27"
4542,818,"2026-06-23 03:46:00",delivery,es,3,email,0,"2026-06-24 03:57:31"
4543,105,"2026-06-22 16:36:00",subscription,es,3,chat,0,"2026-06-22 18:27:38"
4544,1015,"2026-06-05 16:48:00",billing,ja,1,phone,0,"2026-06-05 22:24:21"
4545,1131,"2026-07-28 12:58:00",subscription,en,1,chat,0,"2026-07-28 19:11:34"
4546,1016,"2026-07-16 07:10:00",billing,ja,3,chat,0,"2026-07-16 22:36:37"
4547,34,"2026-05-04 08:44:00",delivery,en,3,chat,0,"2026-05-04 20:53:34"
4548,251,"2026-05-17 19:28:00",returns,en,2,phone,0,"2026-05-18 00:01:33"
4549,1186,"2026-06-30 16:27:00",delivery,es,2,email,0,"2026-07-01 00:26:07"
4550,927,"2026-06-11 13:08:00",delivery,de,1,phone,0,"2026-06-11 19:58:14"
4551,373,"2026-07-05 06:57:00",subscription,en,1,chat,0,"2026-07-05 12:39:58"
4552,225,"2026-06-08 18:17:00",technical,ja,2,email,0,"2026-06-08 23:34:29"
4553,998,"2026-06-22 07:17:00",delivery,en,1,chat,0,"2026-06-22 17:03:25"
4554,68,"2026-05-30 08:45:00",account,en,2,phone,0,"2026-05-31 00:10:40"
4555,381,"2026-06-17 21:42:00",delivery,fr,1,chat,0,"2026-06-18 00:50:35"
4556,1058,"2026-06-14 08:01:00",billing,en,2,chat,0,"2026-06-15 00:39:09"
4557,342,"2026-05-29 06:09:00",subscription,en,1,email,0,"2026-05-29 08:30:45"
4558,1173,"2026-07-11 05:38:00",account,en,2,email,0,"2026-07-11 13:13:18"
4559,652,"2026-05-22 08:50:00",billing,en,1,phone,1,"2026-05-22 16:47:04"
4560,730,"2026-05-20 02:18:00",delivery,en,1,phone,0,"2026-05-20 04:36:31"
4561,610,"2026-07-25 20:41:00",account,en,2,phone,0,"2026-07-26 02:02:47"
4562,102,"2026-05-02 22:03:00",technical,fr,2,phone,0,"2026-05-03 06:19:08"
4563,723,"2026-05-19 20:54:00",account,en,3,email,0,"2026-05-20 04:51:40"
4564,273,"2026-06-02 07:07:00",delivery,en,3,phone,0,"2026-06-02 20:14:45"
4565,1135,"2026-07-18 19:16:00",account,en,4,chat,1,"2026-07-19 08:24:23"
4566,743,"2026-06-08 22:53:00",account,en,2,chat,0,"2026-06-09 01:27:14"
4567,961,"2026-07-16 13:29:00",account,en,4,chat,0,"2026-07-17 10:25:05"
4568,769,"2026-07-21 05:39:00",account,en,3,chat,0,"2026-07-21 09:40:41"
4569,206,"2026-05-20 04:59:00",billing,en,1,email,0,"2026-05-20 21:52:38"
4570,867,"2026-05-31 14:33:00",account,en,2,phone,0,"2026-05-31 20:53:45"
4571,24,"2026-07-27 11:36:00",delivery,ja,3,phone,0,"2026-07-27 23:59:25"
4572,943,"2026-06-01 08:34:00",technical,en,2,email,0,"2026-06-01 12:13:21"
4573,1086,"2026-05-11 07:39:00",subscription,es,2,chat,0,"2026-05-11 09:34:15"
4574,450,"2026-05-09 10:45:00",subscription,ja,2,chat,1,"2026-05-09 19:49:20"
4575,322,"2026-06-18 04:53:00",technical,en,3,chat,0,"2026-06-18 10:39:34"
4576,651,"2026-06-17 15:17:00",account,en,1,phone,0,"2026-06-17 20:25:18"
4577,541,"2026-07-27 22:24:00",returns,en,3,email,0,"2026-07-28 15:02:59"
4578,292,"2026-06-29 13:59:00",account,ja,2,chat,0,"2026-06-30 04:07:19"
4579,1137,"2026-06-06 21:06:00",account,en,2,chat,0,"2026-06-07 03:27:15"
4580,1041,"2026-07-19 03:59:00",technical,en,1,chat,0,"2026-07-19 07:46:41"
4581,77,"2026-07-13 00:49:00",technical,ja,2,phone,0,"2026-07-13 07:28:16"
4582,188,"2026-06-05 13:31:00",technical,en,1,phone,0,"2026-06-06 05:56:44"
4583,947,"2026-06-27 01:48:00",delivery,es,2,phone,0,"2026-06-27 06:44:08"
4584,656,"2026-07-10 14:19:00",delivery,en,2,chat,0,"2026-07-10 20:26:14"
4585,634,"2026-07-20 07:55:00",delivery,en,1,chat,0,"2026-07-20 19:06:40"
4586,576,"2026-07-16 10:18:00",delivery,en,1,chat,0,"2026-07-16 17:43:04"
4587,882,"2026-05-06 14:33:00",account,fr,1,email,0,"2026-05-07 02:06:47"
4588,536,"2026-06-06 01:59:00",delivery,en,2,phone,1,"2026-06-06 05:51:52"
4589,207,"2026-05-25 18:57:00",subscription,de,4,chat,1,"2026-05-26 13:25:18"
4590,649,"2026-05-09 22:55:00",technical,es,2,phone,0,"2026-05-10 03:35:44"
4591,101,"2026-05-28 22:27:00",account,en,2,email,0,"2026-05-29 04:33:34"
4592,938,"2026-06-10 07:46:00",returns,en,2,chat,1,"2026-06-10 10:55:31"
4593,1169,"2026-05-03 16:22:00",billing,en,2,chat,0,"2026-05-03 22:53:00"
4594,775,"2026-05-25 02:09:00",returns,fr,1,email,0,"2026-05-25 05:48:55"
4595,517,"2026-06-08 16:41:00",billing,en,2,email,0,"2026-06-09 04:36:06"
4596,376,"2026-05-31 18:13:00",subscription,en,3,phone,0,"2026-06-01 05:36:11"
4597,950,"2026-07-10 12:13:00",billing,en,3,chat,0,"2026-07-10 16:42:50"
4598,1029,"2026-06-19 08:55:00",delivery,de,1,chat,0,"2026-06-19 11:01:21"
4599,1133,"2026-07-05 17:05:00",billing,en,2,chat,0,"2026-07-06 00:01:09"
4600,431,"2026-05-15 01:35:00",billing,en,1,email,1,"2026-05-15 04:52:04"
4601,521,"2026-05-02 10:07:00",account,en,4,chat,0,"2026-05-02 20:10:21"
4602,926,"2026-06-03 22:54:00",billing,ja,1,phone,1,"2026-06-04 09:20:04"
4603,937,"2026-07-02 22:08:00",billing,en,1,phone,0,"2026-07-03 03:02:36"
4604,141,"2026-05-19 06:28:00",account,fr,1,chat,0,"2026-05-19 16:37:34"
4605,886,"2026-06-14 17:50:00",delivery,en,2,phone,0,"2026-06-14 22:51:36"
4606,724,"2026-07-11 09:55:00",delivery,en,1,email,0,"2026-07-11 20:38:04"
4607,341,"2026-07-07 16:33:00",returns,es,4,phone,0,"2026-07-08 04:41:20"
4608,484,"2026-06-01 03:37:00",billing,en,2,phone,0,"2026-06-01 05:17:31"
4609,856,"2026-05-04 04:37:00",delivery,ja,1,email,0,"2026-05-04 10:14:49"
4610,810,"2026-07-27 01:54:00",returns,en,1,phone,0,"2026-07-27 07:34:43"
4611,164,"2026-06-23 21:03:00",subscription,en,2,chat,0,"2026-06-24 08:08:57"
4612,792,"2026-06-14 19:25:00",billing,es,2,chat,0,"2026-06-14 23:12:44"
4613,1012,"2026-05-28 15:52:00",subscription,en,5,chat,0,"2026-05-29 23:21:26"
4614,60,"2026-07-13 11:04:00",billing,en,2,email,0,"2026-07-13 23:14:51"
4615,482,"2026-07-27 02:27:00",delivery,fr,3,email,0,"2026-07-27 07:26:46"
4616,914,"2026-07-07 23:46:00",returns,es,2,phone,0,"2026-07-08 10:25:41"
4617,54,"2026-06-05 16:17:00",technical,fr,3,chat,0,"2026-06-06 01:52:50"
4618,1156,"2026-06-01 05:44:00",technical,de,3,email,0,"2026-06-02 00:39:36"
4619,1041,"2026-06-16 09:10:00",billing,en,3,email,0,"2026-06-16 21:30:52"
4620,418,"2026-05-14 00:21:00",returns,ja,3,email,0,"2026-05-14 14:03:27"
4621,144,"2026-06-15 17:00:00",account,en,3,phone,0,"2026-06-16 06:26:14"
4622,104,"2026-05-26 19:47:00",technical,en,1,email,1,"2026-05-27 01:59:18"
4623,1022,"2026-06-20 03:12:00",returns,en,1,email,0,"2026-06-20 07:53:45"
4624,559,"2026-05-19 16:45:00",account,en,3,phone,0,"2026-05-20 00:06:52"
4625,660,"2026-07-08 20:47:00",returns,ja,4,chat,0,"2026-07-09 07:53:59"
4626,973,"2026-05-27 21:09:00",billing,de,2,chat,0,"2026-05-28 10:48:15"
4627,15,"2026-07-21 06:05:00",returns,en,2,phone,0,"2026-07-21 16:06:21"
4628,157,"2026-07-09 14:58:00",technical,es,1,chat,0,"2026-07-09 21:27:12"
4629,390,"2026-07-24 21:44:00",returns,en,2,chat,0,"2026-07-25 00:44:36"
4630,444,"2026-05-16 04:55:00",returns,en,4,email,0,"2026-05-16 16:45:08"
4631,62,"2026-05-29 03:24:00",billing,en,1,phone,0,"2026-05-29 07:58:12"
4632,478,"2026-05-12 19:16:00",subscription,en,1,phone,0,"2026-05-13 09:11:02"
4633,1061,"2026-06-17 13:24:00",billing,en,3,email,1,"2026-06-18 07:30:08"
4634,549,"2026-06-25 01:41:00",delivery,en,1,phone,0,"2026-06-25 09:52:02"
4635,438,"2026-05-03 02:22:00",technical,en,1,chat,0,"2026-05-03 07:38:48"
4636,1056,"2026-06-24 23:15:00",technical,en,2,chat,0,"2026-06-25 08:45:55"
4637,613,"2026-07-24 09:01:00",subscription,en,1,chat,0,"2026-07-24 21:47:53"
4638,868,"2026-06-17 07:36:00",delivery,en,2,email,0,"2026-06-17 11:58:50"
4639,652,"2026-07-26 11:34:00",technical,en,2,email,0,"2026-07-26 15:54:40"
4640,574,"2026-07-25 02:38:00",subscription,en,3,email,0,"2026-07-25 16:53:02"
4641,608,"2026-07-10 03:14:00",account,en,1,chat,1,"2026-07-10 09:42:49"
4642,700,"2026-05-21 05:17:00",subscription,es,2,phone,0,"2026-05-21 13:19:46"
4643,1075,"2026-07-09 10:10:00",subscription,en,2,phone,0,"2026-07-10 04:12:19"
4644,566,"2026-07-12 09:34:00",delivery,en,2,chat,0,"2026-07-12 12:55:52"
4645,1022,"2026-06-01 16:12:00",subscription,ja,1,chat,0,"2026-06-02 04:23:34"
4646,138,"2026-05-06 18:09:00",billing,ja,1,email,0,"2026-05-06 20:04:01"
4647,547,"2026-05-14 06:27:00",subscription,en,1,chat,0,"2026-05-14 20:37:40"
4648,270,"2026-06-03 14:29:00",technical,en,2,chat,0,"2026-06-04 08:15:14"
4649,833,"2026-07-21 17:22:00",account,en,5,phone,0,"2026-07-22 15:17:04"
4650,130,"2026-05-29 09:30:00",returns,es,3,email,0,"2026-05-29 15:45:47"
4651,297,"2026-07-22 23:33:00",billing,en,1,email,0,"2026-07-23 06:44:51"
4652,338,"2026-07-08 11:53:00",returns,en,1,email,0,"2026-07-08 15:54:04"
4653,33,"2026-06-25 04:29:00",subscription,ja,4,phone,0,"2026-06-25 21:30:52"
4654,267,"2026-05-19 06:38:00",delivery,en,3,phone,0,"2026-05-19 12:01:57"
4655,570,"2026-07-27 23:40:00",account,de,3,chat,0,"2026-07-28 03:51:16"
4656,786,"2026-06-04 09:49:00",account,en,3,phone,0,"2026-06-04 14:22:18"
4657,829,"2026-06-05 18:09:00",delivery,es,5,email,0,"2026-06-06 04:07:12"
4658,1077,"2026-07-19 14:31:00",delivery,en,4,chat,1,"2026-07-21 04:56:33"
4659,858,"2026-07-14 07:44:00",account,en,1,email,0,"2026-07-14 11:38:46"
4660,728,"2026-06-24 09:29:00",technical,fr,1,chat,0,"2026-06-24 13:03:18"
4661,1019,"2026-05-27 16:23:00",technical,en,4,phone,1,"2026-05-28 07:45:55"
4662,412,"2026-07-22 11:56:00",subscription,es,1,email,0,"2026-07-22 19:53:21"
4663,957,"2026-05-20 16:44:00",technical,en,1,chat,1,"2026-05-20 21:46:19"
4664,778,"2026-05-23 15:51:00",delivery,en,2,chat,0,"2026-05-24 00:44:53"
4665,1087,"2026-06-15 08:48:00",delivery,ja,1,phone,0,"2026-06-15 16:52:32"
4666,549,"2026-05-20 21:01:00",account,ja,3,email,0,"2026-05-21 17:47:28"
4667,585,"2026-05-19 16:57:00",subscription,en,1,email,0,"2026-05-20 01:21:52"
4668,900,"2026-06-09 15:03:00",returns,en,2,phone,0,"2026-06-09 19:30:26"
4669,103,"2026-06-17 01:04:00",account,de,3,email,0,"2026-06-17 16:49:43"
4670,531,"2026-06-21 01:47:00",subscription,en,2,phone,0,"2026-06-21 08:02:06"
4671,935,"2026-06-19 00:34:00",account,en,1,chat,0,"2026-06-19 09:27:56"
4672,1179,"2026-06-08 16:35:00",billing,ja,1,email,0,"2026-06-08 21:30:23"
4673,514,"2026-07-11 13:32:00",account,fr,2,email,0,"2026-07-11 21:29:28"
4674,1117,"2026-07-07 11:18:00",delivery,de,2,email,0,"2026-07-07 15:58:59"
4675,471,"2026-06-02 07:48:00",account,es,1,email,0,"2026-06-02 16:47:20"
4676,634,"2026-05-25 14:30:00",billing,fr,1,chat,0,"2026-05-25 19:54:34"
4677,551,"2026-06-15 02:32:00",delivery,en,2,email,0,"2026-06-15 12:24:09"
4678,287,"2026-07-18 02:57:00",delivery,ja,2,email,0,"2026-07-18 11:09:19"
4679,919,"2026-07-20 19:03:00",returns,en,1,chat,0,"2026-07-21 02:46:52"
4680,411,"2026-05-12 10:22:00",delivery,en,1,phone,0,"2026-05-12 20:48:07"
4681,862,"2026-06-04 20:26:00",account,ja,3,email,0,"2026-06-05 19:14:14"
4682,692,"2026-05-24 00:19:00",technical,en,2,chat,0,"2026-05-24 06:13:00"
4683,433,"2026-05-27 21:10:00",billing,es,1,email,0,"2026-05-28 02:33:39"
4684,936,"2026-05-25 19:47:00",delivery,en,4,chat,0,"2026-05-26 07:43:23"
4685,1181,"2026-06-01 11:41:00",delivery,ja,1,chat,0,"2026-06-02 03:31:19"
4686,923,"2026-07-07 08:07:00",returns,en,3,phone,0,"2026-07-07 13:32:13"
4687,1123,"2026-05-09 17:52:00",subscription,ja,4,email,0,"2026-05-10 05:15:04"
4688,396,"2026-07-01 22:04:00",billing,es,2,email,0,"2026-07-02 08:41:15"
4689,291,"2026-06-20 16:12:00",returns,fr,1,email,0,"2026-06-21 05:47:17"
4690,89,"2026-07-13 07:46:00",subscription,en,3,email,0,"2026-07-13 17:25:07"
4691,111,"2026-07-03 10:43:00",delivery,en,1,phone,0,"2026-07-03 19:43:50"
4692,250,"2026-07-16 12:05:00",billing,de,2,email,0,"2026-07-16 16:42:36"
4693,226,"2026-06-15 13:56:00",delivery,en,3,email,0,"2026-06-16 07:10:36"
4694,755,"2026-05-18 20:28:00",returns,fr,1,chat,0,"2026-05-18 23:58:22"
4695,1093,"2026-07-28 10:22:00",delivery,en,2,email,0,"2026-07-29 02:46:10"
4696,778,"2026-07-15 00:45:00",returns,ja,1,chat,0,"2026-07-15 09:26:39"
4697,689,"2026-07-02 22:10:00",billing,es,1,phone,0,"2026-07-03 03:30:19"
4698,430,"2026-06-06 09:10:00",billing,en,1,phone,0,"2026-06-06 16:05:26"
4699,804,"2026-07-16 22:04:00",account,de,1,phone,0,"2026-07-17 02:08:10"
4700,432,"2026-06-14 15:54:00",returns,en,1,chat,0,"2026-06-14 21:22:11"
4701,501,"2026-07-15 13:13:00",subscription,en,3,email,0,"2026-07-16 02:00:34"
4702,31,"2026-07-26 19:13:00",technical,de,2,email,0,"2026-07-26 21:53:37"
4703,1070,"2026-05-04 00:33:00",billing,es,2,chat,0,"2026-05-04 05:05:44"
4704,185,"2026-06-02 05:05:00",returns,ja,2,chat,0,"2026-06-02 13:54:29"
4705,987,"2026-07-12 05:15:00",delivery,en,1,email,0,"2026-07-12 11:21:51"
4706,52,"2026-06-06 07:25:00",account,es,1,chat,0,"2026-06-06 10:02:24"
4707,949,"2026-06-10 03:18:00",billing,en,3,chat,0,"2026-06-10 14:35:08"
4708,394,"2026-05-23 15:36:00",delivery,en,1,email,0,"2026-05-23 21:20:39"
4709,368,"2026-05-27 13:54:00",account,es,3,chat,0,"2026-05-27 20:07:01"
4710,665,"2026-05-02 14:15:00",account,en,1,chat,0,"2026-05-02 16:04:25"
4711,337,"2026-05-28 18:30:00",returns,de,2,email,0,"2026-05-29 05:44:35"
4712,937,"2026-06-16 10:57:00",returns,en,4,chat,0,"2026-06-16 14:55:40"
4713,343,"2026-07-16 21:35:00",technical,ja,2,phone,0,"2026-07-17 05:30:53"
4714,899,"2026-07-07 22:53:00",account,en,1,email,0,"2026-07-08 04:25:14"
4715,1119,"2026-06-20 13:22:00",billing,en,4,phone,1,"2026-06-20 22:17:28"
4716,473,"2026-07-04 00:57:00",subscription,en,3,chat,0,"2026-07-04 13:12:13"
4717,578,"2026-05-12 09:28:00",billing,fr,1,email,0,"2026-05-12 13:21:16"
4718,897,"2026-07-01 04:04:00",technical,es,3,chat,0,"2026-07-01 15:35:57"
4719,849,"2026-05-20 02:25:00",returns,en,2,chat,0,"2026-05-20 08:56:46"
4720,394,"2026-07-21 11:36:00",billing,en,3,chat,1,"2026-07-21 21:53:55"
4721,714,"2026-06-04 22:37:00",subscription,en,2,email,1,"2026-06-05 12:26:03"
4722,919,"2026-06-16 21:18:00",account,en,1,email,1,"2026-06-17 02:12:16"
4723,487,"2026-06-10 03:02:00",account,en,2,phone,0,"2026-06-10 12:53:19"
4724,631,"2026-06-25 06:07:00",account,de,2,chat,0,"2026-06-25 10:12:56"
4725,1079,"2026-05-18 06:10:00",returns,en,2,phone,0,"2026-05-18 13:31:35"
4726,526,"2026-06-12 11:56:00",delivery,en,2,email,0,"2026-06-12 18:31:51"
4727,985,"2026-06-30 01:43:00",subscription,ja,3,email,0,"2026-06-30 17:32:20"
4728,810,"2026-06-28 10:13:00",returns,en,4,email,0,"2026-06-28 17:34:13"
4729,945,"2026-07-18 17:10:00",technical,fr,1,email,1,"2026-07-19 00:48:27"
4730,840,"2026-05-09 18:48:00",billing,es,4,chat,0,"2026-05-10 02:37:20"
4731,244,"2026-06-06 05:30:00",subscription,de,3,email,0,"2026-06-06 13:24:13"
4732,450,"2026-07-08 10:30:00",billing,en,1,phone,1,"2026-07-08 16:18:48"
4733,1076,"2026-06-04 15:22:00",returns,ja,1,phone,0,"2026-06-04 21:47:15"
4734,66,"2026-05-12 16:26:00",account,fr,1,chat,0,"2026-05-12 22:26:53"
4735,791,"2026-05-08 20:32:00",returns,en,3,email,0,"2026-05-09 15:41:51"
4736,600,"2026-06-13 11:58:00",subscription,ja,3,phone,0,"2026-06-14 00:32:51"
4737,1058,"2026-07-26 08:42:00",delivery,en,1,email,0,"2026-07-26 11:37:02"
4738,665,"2026-06-12 01:20:00",billing,en,3,phone,1,"2026-06-12 19:34:51"
4739,566,"2026-05-09 04:48:00",delivery,de,4,chat,0,"2026-05-09 14:45:50"
4740,630,"2026-07-29 13:14:00",subscription,en,1,phone,0,"2026-07-29 16:44:22"
4741,1072,"2026-06-19 12:03:00",delivery,fr,1,email,0,"2026-06-19 18:39:15"
4742,744,"2026-07-05 09:48:00",technical,ja,2,phone,0,"2026-07-05 18:22:47"
4743,879,"2026-07-28 07:19:00",delivery,en,1,email,0,"2026-07-28 12:15:03"
4744,1040,"2026-05-11 18:13:00",subscription,ja,3,chat,0,"2026-05-12 02:14:33"
4745,1187,"2026-07-22 21:32:00",technical,en,2,phone,0,"2026-07-23 03:09:08"
4746,233,"2026-05-28 13:51:00",returns,en,3,email,0,"2026-05-28 17:28:04"
4747,916,"2026-07-04 14:30:00",account,en,1,phone,0,"2026-07-05 01:15:34"
4748,756,"2026-05-12 09:23:00",subscription,en,1,phone,0,"2026-05-12 12:04:53"
4749,1012,"2026-06-08 11:37:00",account,es,3,email,0,"2026-06-08 22:56:22"
4750,1029,"2026-05-07 16:43:00",technical,en,3,email,0,"2026-05-07 20:21:04"
4751,1147,"2026-05-08 19:24:00",delivery,en,2,chat,0,"2026-05-09 09:59:44"
4752,1142,"2026-06-15 19:51:00",billing,en,1,chat,0,"2026-06-16 03:25:04"
4753,271,"2026-07-26 22:23:00",technical,en,3,phone,0,"2026-07-26 23:56:09"
4754,451,"2026-07-27 12:39:00",subscription,de,5,email,1,"2026-07-28 19:37:59"
4755,371,"2026-07-19 04:38:00",returns,en,1,chat,0,"2026-07-19 08:07:21"
4756,860,"2026-05-12 18:31:00",delivery,es,1,email,0,"2026-05-13 04:46:15"
4757,607,"2026-05-14 13:36:00",technical,en,3,phone,0,"2026-05-14 20:32:49"
4758,352,"2026-06-01 03:37:00",technical,es,2,phone,0,"2026-06-01 14:44:27"
4759,1172,"2026-06-22 19:33:00",billing,en,2,email,0,"2026-06-24 04:12:56"
4760,578,"2026-05-07 08:31:00",delivery,en,4,phone,0,"2026-05-08 02:50:59"
4761,604,"2026-05-16 12:09:00",delivery,en,1,phone,0,"2026-05-16 16:58:25"
4762,746,"2026-06-09 17:06:00",technical,en,1,email,0,"2026-06-10 02:10:28"
4763,72,"2026-06-21 20:42:00",technical,es,3,phone,0,"2026-06-22 04:16:18"
4764,726,"2026-07-15 02:04:00",technical,ja,3,email,0,"2026-07-15 11:49:55"
4765,96,"2026-07-15 08:48:00",returns,fr,3,chat,0,"2026-07-17 01:03:23"
4766,376,"2026-05-31 09:24:00",technical,en,2,phone,0,"2026-06-01 05:47:12"
4767,922,"2026-06-23 16:10:00",technical,de,4,chat,0,"2026-06-24 08:46:12"
4768,1180,"2026-05-22 01:41:00",returns,en,1,phone,0,"2026-05-22 06:47:52"
4769,620,"2026-07-09 23:15:00",delivery,en,2,email,0,"2026-07-10 07:09:37"
4770,104,"2026-06-17 01:22:00",subscription,ja,2,chat,0,"2026-06-17 09:35:43"
4771,1180,"2026-06-13 16:08:00",returns,ja,5,email,0,"2026-06-14 08:11:39"
4772,859,"2026-07-11 06:14:00",technical,en,2,email,0,"2026-07-11 14:04:45"
4773,1167,"2026-07-18 12:54:00",returns,de,1,email,0,"2026-07-18 16:02:31"
4774,477,"2026-07-16 06:18:00",subscription,en,1,email,0,"2026-07-16 08:53:28"
4775,1083,"2026-05-03 13:44:00",account,en,1,email,1,"2026-05-04 06:31:21"
4776,331,"2026-06-07 07:01:00",billing,en,1,email,0,"2026-06-07 14:29:25"
4777,349,"2026-05-27 15:33:00",technical,en,2,email,0,"2026-05-28 03:43:22"
4778,176,"2026-05-18 18:16:00",subscription,en,4,chat,0,"2026-05-19 05:31:47"
4779,235,"2026-05-12 14:08:00",delivery,ja,1,phone,0,"2026-05-12 20:57:42"
4780,798,"2026-07-02 19:35:00",technical,en,3,chat,1,"2026-07-03 10:00:51"
4781,1038,"2026-07-17 16:57:00",subscription,en,3,chat,0,"2026-07-18 06:05:43"
4782,726,"2026-05-04 21:16:00",billing,de,2,phone,0,"2026-05-05 00:45:22"
4783,920,"2026-05-02 11:45:00",returns,ja,1,phone,0,"2026-05-02 15:16:18"
4784,290,"2026-06-20 10:59:00",returns,en,1,chat,0,"2026-06-20 16:45:33"
4785,400,"2026-07-19 03:53:00",subscription,en,1,email,0,"2026-07-19 11:21:07"
4786,1086,"2026-05-22 08:50:00",delivery,en,2,chat,0,"2026-05-22 17:24:12"
4787,863,"2026-06-13 04:00:00",technical,en,3,chat,1,"2026-06-13 09:05:35"
4788,602,"2026-05-04 00:20:00",subscription,es,2,email,0,"2026-05-04 07:12:56"
4789,421,"2026-05-27 04:20:00",account,en,1,email,0,"2026-05-27 13:37:49"
4790,920,"2026-06-03 07:06:00",billing,en,4,phone,0,"2026-06-03 23:37:02"
4791,489,"2026-07-28 07:18:00",technical,de,4,phone,0,"2026-07-29 17:31:56"
4792,819,"2026-05-27 11:41:00",subscription,fr,3,email,0,"2026-05-28 05:01:43"
4793,713,"2026-06-19 08:07:00",billing,en,2,email,0,"2026-06-19 12:02:51"
4794,1145,"2026-07-26 20:33:00",account,en,3,phone,0,"2026-07-27 04:33:14"
4795,960,"2026-05-10 10:59:00",returns,en,1,phone,0,"2026-05-11 03:51:01"
4796,277,"2026-07-04 09:32:00",technical,en,3,chat,1,"2026-07-05 16:35:33"
4797,87,"2026-05-13 23:53:00",subscription,en,3,phone,0,"2026-05-14 09:33:31"
4798,172,"2026-05-12 22:21:00",delivery,en,1,chat,0,"2026-05-13 09:37:36"
4799,700,"2026-06-12 08:41:00",returns,en,4,email,0,"2026-06-12 15:07:19"
4800,951,"2026-06-09 05:08:00",technical,ja,1,chat,0,"2026-06-09 08:37:11"
4801,1078,"2026-07-14 15:31:00",returns,en,1,email,0,"2026-07-15 03:10:30"
4802,785,"2026-06-27 23:17:00",billing,fr,3,email,0,"2026-06-28 16:14:41"
4803,1199,"2026-07-26 01:31:00",technical,en,2,chat,0,"2026-07-26 06:53:00"
4804,835,"2026-07-11 08:23:00",subscription,fr,1,chat,0,"2026-07-11 14:45:15"
4805,809,"2026-05-07 06:33:00",returns,en,2,phone,0,"2026-05-07 19:36:11"
4806,489,"2026-07-01 21:10:00",returns,en,2,chat,0,"2026-07-02 08:49:23"
4807,364,"2026-05-25 12:48:00",delivery,en,1,chat,1,"2026-05-25 15:53:30"
4808,493,"2026-06-27 23:00:00",account,en,1,chat,0,"2026-06-28 01:07:21"
4809,46,"2026-07-19 04:08:00",subscription,de,2,chat,0,"2026-07-19 10:04:20"
4810,721,"2026-05-27 03:54:00",billing,en,1,chat,0,"2026-05-27 06:54:17"
4811,99,"2026-06-25 00:07:00",subscription,en,2,phone,0,"2026-06-25 09:25:49"
4812,285,"2026-07-07 10:32:00",account,es,3,email,0,"2026-07-07 20:05:54"
4813,947,"2026-07-02 22:45:00",technical,en,2,email,0,"2026-07-03 12:42:42"
4814,647,"2026-05-22 10:49:00",subscription,de,3,phone,0,"2026-05-22 21:00:36"
4815,133,"2026-07-04 06:50:00",billing,es,3,phone,0,"2026-07-04 15:19:58"
4816,246,"2026-07-09 20:07:00",billing,en,4,chat,0,"2026-07-10 04:39:18"
4817,806,"2026-06-11 09:54:00",technical,en,1,phone,1,"2026-06-11 14:25:25"
4818,332,"2026-06-23 16:51:00",account,en,4,email,0,"2026-06-24 01:42:37"
4819,19,"2026-05-31 16:33:00",returns,en,2,phone,0,"2026-06-01 07:00:01"
4820,421,"2026-06-29 15:07:00",technical,en,3,phone,0,"2026-06-30 00:58:01"
4821,460,"2026-06-30 04:15:00",technical,en,1,chat,0,"2026-06-30 17:14:09"
4822,765,"2026-05-03 22:23:00",technical,en,1,phone,0,"2026-05-04 03:36:13"
4823,252,"2026-07-15 13:45:00",billing,en,2,chat,0,"2026-07-15 19:31:18"
4824,1170,"2026-06-09 19:05:00",subscription,ja,1,phone,0,"2026-06-09 22:22:04"
4825,359,"2026-07-20 15:51:00",returns,en,1,email,0,"2026-07-20 20:55:45"
4826,774,"2026-05-20 22:49:00",billing,en,3,email,0,"2026-05-22 15:34:48"
4827,1118,"2026-05-14 09:27:00",account,en,1,email,0,"2026-05-14 10:29:37"
4828,567,"2026-06-18 05:38:00",subscription,ja,4,chat,0,"2026-06-18 14:14:46"
4829,622,"2026-07-09 18:58:00",technical,en,1,email,0,"2026-07-10 01:43:27"
4830,648,"2026-07-24 14:52:00",technical,en,3,phone,0,"2026-07-25 00:56:54"
4831,194,"2026-07-24 01:45:00",billing,de,2,chat,0,"2026-07-24 08:32:16"
4832,1113,"2026-06-20 00:21:00",technical,ja,4,email,0,"2026-06-20 09:23:52"
4833,627,"2026-05-29 15:01:00",billing,en,5,chat,0,"2026-05-30 14:10:39"
4834,975,"2026-05-25 09:10:00",delivery,en,2,phone,0,"2026-05-25 13:56:45"
4835,1122,"2026-06-28 17:15:00",account,en,1,chat,1,"2026-06-29 03:15:52"
4836,1107,"2026-07-07 06:18:00",billing,en,2,chat,0,"2026-07-07 18:35:50"
4837,1055,"2026-05-02 13:18:00",billing,en,3,email,0,"2026-05-02 22:14:05"
4838,1066,"2026-06-30 08:33:00",subscription,es,5,chat,1,"2026-06-30 20:56:30"
4839,1002,"2026-05-21 02:53:00",subscription,ja,1,phone,0,"2026-05-21 10:07:08"
4840,787,"2026-05-01 04:01:00",billing,en,2,phone,0,"2026-05-01 13:34:11"
4841,381,"2026-05-10 21:18:00",billing,en,1,chat,0,"2026-05-11 02:18:34"
4842,485,"2026-05-02 19:21:00",account,en,2,email,0,"2026-05-03 07:21:52"
4843,274,"2026-06-08 01:45:00",account,de,1,email,0,"2026-06-08 12:37:59"
4844,465,"2026-05-09 06:20:00",account,en,1,email,0,"2026-05-09 10:07:29"
4845,333,"2026-07-24 10:59:00",returns,en,2,email,0,"2026-07-24 21:29:38"
4846,1051,"2026-05-04 02:04:00",returns,en,2,phone,1,"2026-05-04 06:59:02"
4847,726,"2026-07-14 06:28:00",delivery,en,4,email,0,"2026-07-14 15:53:39"
4848,987,"2026-07-05 18:42:00",technical,en,2,chat,0,"2026-07-06 03:03:59"
4849,1197,"2026-07-17 12:21:00",delivery,ja,2,email,0,"2026-07-17 16:21:00"
4850,1146,"2026-06-15 07:41:00",technical,es,1,phone,0,"2026-06-15 20:36:52"
4851,502,"2026-06-09 01:07:00",account,es,1,phone,0,"2026-06-09 05:34:40"
4852,135,"2026-06-04 12:40:00",billing,de,1,phone,0,"2026-06-04 18:00:31"
4853,75,"2026-06-16 00:53:00",technical,fr,4,phone,0,"2026-06-17 01:43:29"
4854,464,"2026-05-28 18:13:00",account,en,2,chat,0,"2026-05-29 03:41:35"
4855,781,"2026-05-26 15:15:00",account,en,2,chat,0,"2026-05-27 01:22:07"
4856,182,"2026-07-18 05:56:00",subscription,fr,2,chat,0,"2026-07-18 21:37:22"
4857,136,"2026-07-18 14:12:00",delivery,en,1,chat,0,"2026-07-19 00:57:33"
4858,1183,"2026-05-23 00:12:00",account,en,1,phone,0,"2026-05-23 06:45:00"
4859,80,"2026-06-09 14:17:00",technical,ja,1,chat,0,"2026-06-09 18:25:01"
4860,628,"2026-06-23 12:59:00",returns,de,1,phone,0,"2026-06-23 14:28:23"
4861,713,"2026-07-13 12:50:00",returns,fr,2,email,0,"2026-07-13 20:25:22"
4862,762,"2026-07-17 20:48:00",billing,es,1,email,0,"2026-07-18 08:57:37"
4863,1155,"2026-07-02 13:48:00",billing,en,2,phone,0,"2026-07-02 16:46:53"
4864,1096,"2026-07-04 02:20:00",technical,en,1,phone,0,"2026-07-04 07:34:19"
4865,390,"2026-05-25 04:21:00",billing,de,1,chat,0,"2026-05-25 09:20:11"
4866,304,"2026-06-07 07:49:00",delivery,en,2,email,0,"2026-06-08 02:12:33"
4867,27,"2026-06-06 16:36:00",subscription,fr,1,phone,0,"2026-06-06 23:11:19"
4868,680,"2026-06-23 17:20:00",delivery,en,1,email,0,"2026-06-24 09:54:36"
4869,1027,"2026-07-25 03:57:00",returns,en,2,phone,0,"2026-07-25 08:47:57"
4870,167,"2026-06-28 18:11:00",subscription,en,3,phone,1,"2026-06-29 00:36:46"
4871,545,"2026-06-27 13:04:00",billing,en,1,email,0,"2026-06-27 22:46:13"
4872,1157,"2026-07-08 10:40:00",delivery,en,3,email,0,"2026-07-08 13:42:58"
4873,314,"2026-05-22 08:57:00",subscription,en,3,chat,0,"2026-05-22 21:54:37"
4874,584,"2026-05-13 11:41:00",returns,en,1,email,0,"2026-05-13 17:42:55"
4875,1005,"2026-07-22 18:55:00",returns,en,1,chat,0,"2026-07-23 07:26:25"
4876,586,"2026-07-20 08:28:00",technical,de,2,phone,0,"2026-07-20 12:35:48"
4877,975,"2026-05-15 19:13:00",technical,en,2,chat,0,"2026-05-16 18:50:07"
4878,873,"2026-06-10 20:27:00",technical,en,2,email,0,"2026-06-11 01:58:20"
4879,248,"2026-05-19 06:29:00",subscription,en,4,chat,0,"2026-05-19 16:42:09"
4880,564,"2026-07-24 12:31:00",technical,ja,2,chat,0,"2026-07-24 19:46:25"
4881,1182,"2026-07-19 07:35:00",technical,en,1,chat,0,"2026-07-19 13:24:24"
4882,591,"2026-05-28 05:30:00",returns,en,2,email,0,"2026-05-28 09:39:56"
4883,1179,"2026-06-28 04:45:00",account,ja,1,chat,0,"2026-06-28 06:14:48"
4884,816,"2026-05-20 23:30:00",technical,fr,1,email,0,"2026-05-21 10:41:48"
4885,651,"2026-07-22 16:14:00",account,en,2,phone,0,"2026-07-22 20:11:58"
4886,772,"2026-06-12 11:27:00",billing,es,2,email,0,"2026-06-13 06:08:28"
4887,963,"2026-05-16 12:32:00",account,en,3,chat,0,"2026-05-17 02:39:55"
4888,57,"2026-05-14 21:10:00",technical,en,1,email,0,"2026-05-15 01:21:29"
4889,1182,"2026-06-28 15:23:00",returns,en,1,email,0,"2026-06-28 21:14:06"
4890,199,"2026-06-07 13:26:00",returns,en,3,email,0,"2026-06-08 12:33:56"
4891,1140,"2026-06-29 07:21:00",delivery,de,2,chat,0,"2026-06-29 13:14:42"
4892,802,"2026-07-17 18:36:00",subscription,en,2,phone,0,"2026-07-17 23:54:01"
4893,563,"2026-05-02 21:32:00",returns,en,2,chat,0,"2026-05-03 00:23:46"
4894,772,"2026-05-09 19:39:00",delivery,en,3,phone,0,"2026-05-10 19:40:21"
4895,379,"2026-07-11 03:43:00",technical,en,2,chat,0,"2026-07-11 08:15:34"
4896,339,"2026-05-24 11:24:00",technical,en,4,chat,0,"2026-05-24 21:31:05"
4897,823,"2026-06-11 14:05:00",technical,en,2,chat,0,"2026-06-11 17:51:15"
4898,384,"2026-05-04 21:45:00",returns,en,1,email,0,"2026-05-05 10:31:24"
4899,1107,"2026-07-26 09:47:00",billing,en,1,chat,0,"2026-07-26 14:43:02"
4900,1073,"2026-05-02 19:08:00",subscription,en,2,chat,0,"2026-05-03 03:56:23"
4901,1070,"2026-06-30 13:09:00",account,fr,1,chat,0,"2026-06-30 17:56:51"
4902,471,"2026-05-03 08:15:00",returns,en,4,email,1,"2026-05-03 18:17:35"
4903,414,"2026-05-07 23:01:00",technical,es,1,email,0,"2026-05-08 07:46:28"
4904,961,"2026-05-05 16:49:00",technical,en,1,chat,0,"2026-05-06 02:35:56"
4905,331,"2026-06-03 17:48:00",returns,en,3,chat,0,"2026-06-04 02:09:59"
4906,1100,"2026-05-14 06:06:00",technical,de,1,phone,1,"2026-05-14 08:56:20"
4907,841,"2026-07-10 08:46:00",account,en,5,phone,0,"2026-07-11 07:03:23"
4908,602,"2026-07-16 17:10:00",technical,en,3,email,0,"2026-07-16 21:32:58"
4909,1199,"2026-06-01 22:59:00",delivery,en,1,email,0,"2026-06-02 04:05:51"
4910,1084,"2026-05-28 21:56:00",returns,en,5,phone,0,"2026-05-29 18:52:33"
4911,641,"2026-06-06 07:48:00",delivery,en,2,chat,0,"2026-06-06 22:42:02"
4912,56,"2026-07-13 15:21:00",subscription,de,1,chat,0,"2026-07-13 19:48:30"
4913,767,"2026-06-16 16:43:00",billing,en,3,chat,0,"2026-06-17 04:29:58"
4914,850,"2026-07-09 02:48:00",technical,de,4,phone,0,"2026-07-09 17:25:31"
4915,34,"2026-07-10 04:30:00",returns,en,3,chat,0,"2026-07-10 16:43:30"
4916,480,"2026-06-20 05:44:00",returns,es,3,phone,0,"2026-06-20 16:02:34"
4917,135,"2026-06-13 07:55:00",billing,fr,2,chat,0,"2026-06-13 18:19:49"
4918,300,"2026-07-29 13:03:00",technical,es,1,phone,0,"2026-07-29 19:42:52"
4919,1171,"2026-07-26 11:45:00",technical,en,3,phone,0,"2026-07-26 21:38:21"
4920,289,"2026-05-25 08:49:00",technical,de,2,email,1,"2026-05-26 13:11:47"
4921,466,"2026-05-23 15:48:00",subscription,en,2,email,1,"2026-05-24 09:24:02"
4922,1179,"2026-05-19 07:43:00",billing,en,3,email,0,"2026-05-20 07:21:53"
4923,830,"2026-05-16 22:16:00",subscription,en,2,chat,0,"2026-05-17 13:24:26"
4924,1020,"2026-07-21 15:12:00",technical,es,1,phone,0,"2026-07-21 20:20:25"
4925,832,"2026-06-09 17:18:00",returns,en,4,email,0,"2026-06-09 22:05:01"
4926,99,"2026-06-18 18:55:00",subscription,fr,5,email,0,"2026-06-19 12:53:10"
4927,1189,"2026-05-26 19:41:00",subscription,en,1,chat,0,"2026-05-27 05:58:02"
4928,298,"2026-07-20 09:45:00",billing,fr,1,chat,0,"2026-07-20 21:51:26"
4929,912,"2026-06-10 20:06:00",technical,ja,3,phone,1,"2026-06-11 20:23:46"
4930,504,"2026-05-13 05:50:00",returns,ja,2,chat,0,"2026-05-13 13:02:57"
4931,44,"2026-05-29 01:34:00",subscription,fr,1,phone,0,"2026-05-29 07:52:36"
4932,186,"2026-05-18 16:37:00",delivery,de,1,email,0,"2026-05-19 01:38:02"
4933,1106,"2026-06-12 20:44:00",billing,en,4,email,0,"2026-06-13 21:06:07"
4934,829,"2026-05-06 13:07:00",returns,en,2,phone,0,"2026-05-07 02:13:59"
4935,499,"2026-05-04 07:57:00",subscription,en,3,phone,0,"2026-05-04 23:45:04"
4936,739,"2026-05-15 04:09:00",returns,de,2,chat,0,"2026-05-15 09:54:08"
4937,812,"2026-05-20 10:30:00",technical,en,1,email,1,"2026-05-20 13:56:48"
4938,330,"2026-05-19 09:18:00",subscription,en,2,email,0,"2026-05-19 18:42:05"
4939,890,"2026-07-15 07:54:00",billing,en,2,chat,0,"2026-07-15 18:29:47"
4940,363,"2026-07-06 20:14:00",billing,en,2,phone,1,"2026-07-07 10:52:28"
4941,231,"2026-07-01 15:54:00",technical,fr,2,email,0,"2026-07-01 22:23:12"
4942,1165,"2026-05-26 03:00:00",account,en,2,chat,0,"2026-05-26 14:05:07"
4943,24,"2026-06-09 01:25:00",billing,en,2,phone,1,"2026-06-09 23:51:56"
4944,157,"2026-06-17 23:38:00",account,en,1,email,0,"2026-06-18 05:00:39"
4945,1016,"2026-05-15 18:18:00",returns,en,3,phone,0,"2026-05-16 06:06:34"
4946,124,"2026-05-04 05:10:00",billing,en,1,chat,0,"2026-05-04 08:45:13"
4947,677,"2026-06-02 16:03:00",returns,ja,1,phone,0,"2026-06-02 23:07:26"
4948,564,"2026-07-11 02:22:00",billing,es,3,phone,0,"2026-07-11 09:11:37"
4949,484,"2026-05-09 14:48:00",returns,en,3,phone,0,"2026-05-10 07:07:52"
4950,1080,"2026-05-14 09:53:00",technical,en,2,email,0,"2026-05-14 12:19:58"
4951,784,"2026-07-21 20:11:00",account,en,1,phone,1,"2026-07-22 04:44:46"
4952,1185,"2026-05-21 17:44:00",returns,en,1,phone,0,"2026-05-22 04:43:20"
4953,371,"2026-05-06 02:58:00",delivery,en,3,phone,1,"2026-05-06 12:56:36"
4954,1108,"2026-06-04 09:43:00",account,en,3,chat,0,"2026-06-04 20:24:39"
4955,1094,"2026-05-24 09:55:00",account,en,1,phone,0,"2026-05-25 00:20:35"
4956,1014,"2026-06-16 18:05:00",billing,en,1,email,1,"2026-06-16 22:18:16"
4957,817,"2026-06-02 07:33:00",billing,en,1,chat,0,"2026-06-02 11:38:21"
4958,585,"2026-05-01 09:45:00",billing,en,5,chat,0,"2026-05-01 23:25:53"
4959,704,"2026-07-13 16:39:00",billing,en,2,email,0,"2026-07-13 21:04:29"
4960,143,"2026-05-07 09:30:00",returns,es,3,chat,0,"2026-05-07 23:18:38"
4961,627,"2026-05-28 22:42:00",account,en,3,phone,0,"2026-05-29 11:00:33"
4962,378,"2026-07-04 13:39:00",technical,en,2,email,0,"2026-07-05 10:58:28"
4963,692,"2026-05-22 20:51:00",billing,en,5,phone,0,"2026-05-23 05:51:09"
4964,271,"2026-05-03 01:01:00",returns,en,3,phone,1,"2026-05-03 07:38:17"
4965,506,"2026-06-20 04:13:00",account,en,4,phone,0,"2026-06-20 13:39:42"
4966,789,"2026-07-29 13:59:00",account,en,2,email,0,"2026-07-29 21:25:03"
4967,434,"2026-06-14 16:16:00",returns,es,2,email,0,"2026-06-15 06:17:45"
4968,157,"2026-05-08 03:49:00",delivery,en,3,chat,0,"2026-05-08 17:26:05"
4969,308,"2026-06-13 02:22:00",technical,en,3,chat,0,"2026-06-13 12:00:36"
4970,659,"2026-05-05 13:49:00",subscription,fr,2,chat,0,"2026-05-05 22:54:03"
4971,249,"2026-07-27 07:27:00",billing,en,1,email,0,"2026-07-27 12:44:51"
4972,141,"2026-07-29 19:35:00",returns,es,3,chat,0,"2026-07-29 23:11:59"
4973,647,"2026-07-20 22:12:00",returns,de,2,phone,0,"2026-07-21 10:13:41"
4974,304,"2026-07-07 16:41:00",subscription,de,3,phone,0,"2026-07-08 05:40:52"
4975,865,"2026-07-08 18:46:00",delivery,en,1,chat,0,"2026-07-09 00:49:04"
4976,22,"2026-05-06 00:52:00",delivery,en,4,chat,1,"2026-05-06 13:51:45"
4977,422,"2026-07-21 17:46:00",technical,ja,2,email,0,"2026-07-21 20:15:53"
4978,281,"2026-06-02 21:59:00",technical,es,3,chat,1,"2026-06-03 21:21:33"
4979,580,"2026-06-06 16:44:00",account,en,3,phone,0,"2026-06-07 14:52:28"
4980,12,"2026-05-29 14:07:00",subscription,es,1,phone,0,"2026-05-30 04:59:47"
4981,521,"2026-05-10 11:51:00",returns,es,2,phone,0,"2026-05-10 15:44:16"
4982,807,"2026-06-01 17:48:00",returns,en,2,email,0,"2026-06-02 01:25:19"
4983,704,"2026-07-03 21:47:00",technical,es,2,chat,0,"2026-07-04 05:26:10"
4984,1073,"2026-06-23 20:29:00",technical,ja,2,chat,0,"2026-06-24 02:22:01"
4985,433,"2026-05-03 23:20:00",technical,de,2,chat,0,"2026-05-04 19:39:00"
4986,950,"2026-05-07 14:54:00",account,en,2,chat,0,"2026-05-08 07:45:35"
4987,1035,"2026-05-05 16:11:00",delivery,en,4,email,0,"2026-05-05 23:06:53"
4988,996,"2026-05-26 11:08:00",delivery,en,1,email,0,"2026-05-26 15:02:37"
4989,513,"2026-05-26 12:49:00",subscription,en,2,email,0,"2026-05-27 05:16:52"
4990,639,"2026-06-30 16:57:00",account,en,2,email,0,"2026-07-01 03:53:53"
4991,1172,"2026-07-04 07:51:00",billing,en,2,phone,0,"2026-07-05 00:44:25"
4992,298,"2026-05-21 02:26:00",billing,es,2,chat,1,"2026-05-21 06:46:51"
4993,816,"2026-06-20 05:44:00",delivery,en,3,phone,0,"2026-06-20 15:05:38"
4994,394,"2026-05-06 15:04:00",returns,en,1,chat,0,"2026-05-07 02:29:48"
4995,370,"2026-07-24 20:04:00",subscription,ja,1,phone,0,"2026-07-25 14:25:06"
4996,749,"2026-06-05 05:43:00",account,en,2,email,0,"2026-06-05 13:35:31"
4997,42,"2026-07-12 16:01:00",account,en,1,chat,0,"2026-07-12 23:36:39"
4998,1145,"2026-07-17 22:02:00",subscription,en,4,phone,0,"2026-07-18 05:28:06"
4999,138,"2026-05-27 13:12:00",billing,ja,4,chat,0,"2026-05-28 04:13:10"
5000,872,"2026-07-26 18:30:00",billing,en,3,chat,0,"2026-07-27 00:58:09"
5001,346,"2026-07-23 17:19:00",subscription,de,2,phone,0,"2026-07-23 21:05:51"
5002,298,"2026-07-21 09:53:00",billing,en,3,phone,0,"2026-07-21 14:23:46"
5003,201,"2026-07-09 18:35:00",returns,en,2,phone,0,"2026-07-10 00:04:27"
5004,757,"2026-05-20 20:35:00",technical,en,3,email,0,"2026-05-21 22:43:26"
5005,885,"2026-07-14 10:47:00",account,en,3,chat,0,"2026-07-14 19:08:49"
5006,13,"2026-07-10 00:58:00",subscription,fr,4,phone,0,"2026-07-10 14:25:24"
5007,1112,"2026-06-24 22:23:00",returns,en,1,email,1,"2026-06-25 11:36:00"
5008,325,"2026-07-17 11:26:00",subscription,en,2,chat,0,"2026-07-17 19:27:57"
5009,108,"2026-07-02 20:21:00",delivery,ja,1,phone,1,"2026-07-03 11:30:57"
5010,717,"2026-07-12 15:31:00",billing,en,3,email,0,"2026-07-12 19:59:26"
5011,673,"2026-05-19 12:10:00",technical,fr,1,email,0,"2026-05-19 21:25:51"
5012,294,"2026-05-05 23:34:00",subscription,es,2,chat,0,"2026-05-06 11:55:51"
5013,770,"2026-05-04 00:04:00",subscription,en,1,email,0,"2026-05-04 08:22:48"
5014,990,"2026-05-09 04:43:00",billing,en,3,email,0,"2026-05-09 20:23:55"
5015,126,"2026-07-25 07:23:00",billing,en,4,phone,0,"2026-07-26 01:35:01"
5016,513,"2026-06-01 15:16:00",account,de,4,chat,1,"2026-06-02 07:41:21"
5017,780,"2026-07-02 08:32:00",technical,de,1,phone,0,"2026-07-02 16:43:35"
5018,826,"2026-07-27 09:01:00",account,ja,1,email,0,"2026-07-27 14:42:28"
5019,380,"2026-06-08 07:31:00",technical,en,4,email,0,"2026-06-10 09:55:30"
5020,212,"2026-07-19 17:40:00",billing,ja,3,chat,0,"2026-07-20 09:02:59"
5021,584,"2026-07-09 18:47:00",subscription,en,4,chat,0,"2026-07-10 08:19:40"
5022,248,"2026-06-06 11:04:00",delivery,en,4,chat,0,"2026-06-06 16:19:35"
5023,873,"2026-05-11 22:55:00",technical,de,1,chat,0,"2026-05-12 02:46:06"
5024,34,"2026-06-14 02:38:00",delivery,en,1,phone,0,"2026-06-14 08:00:36"
5025,33,"2026-06-24 23:04:00",returns,en,3,chat,0,"2026-06-25 03:36:05"
5026,919,"2026-06-22 09:25:00",delivery,ja,3,phone,0,"2026-06-22 13:26:28"
5027,886,"2026-06-15 10:55:00",billing,de,3,phone,0,"2026-06-16 22:20:30"
5028,637,"2026-07-09 14:55:00",delivery,en,4,phone,1,"2026-07-10 04:24:40"
5029,178,"2026-05-11 05:26:00",subscription,en,2,email,0,"2026-05-11 10:24:18"
5030,111,"2026-06-15 18:54:00",returns,ja,2,phone,0,"2026-06-16 07:29:16"
5031,101,"2026-05-15 18:28:00",account,en,1,phone,0,"2026-05-15 23:57:55"
5032,1192,"2026-06-15 09:51:00",subscription,en,1,chat,0,"2026-06-15 18:37:54"
5033,492,"2026-06-14 13:34:00",subscription,es,4,phone,0,"2026-06-14 23:05:57"
5034,266,"2026-06-30 12:34:00",delivery,es,1,chat,0,"2026-06-30 20:05:52"
5035,640,"2026-06-06 04:02:00",account,en,3,email,0,"2026-06-06 11:39:36"
5036,914,"2026-06-02 23:47:00",account,ja,2,chat,0,"2026-06-03 07:20:48"
5037,746,"2026-07-25 03:38:00",billing,fr,1,chat,0,"2026-07-25 08:13:31"
5038,1087,"2026-07-12 09:38:00",delivery,es,4,chat,0,"2026-07-13 15:25:41"
5039,921,"2026-06-26 20:10:00",billing,en,1,email,0,"2026-06-27 00:09:44"
5040,688,"2026-07-19 14:52:00",delivery,en,1,phone,0,"2026-07-19 17:24:59"
5041,188,"2026-05-20 23:49:00",returns,en,1,phone,0,"2026-05-21 07:14:42"
5042,696,"2026-06-23 20:25:00",account,en,1,phone,0,"2026-06-24 04:32:48"
5043,327,"2026-06-07 01:00:00",returns,en,4,phone,0,"2026-06-07 19:21:48"
5044,697,"2026-07-09 15:16:00",returns,en,2,email,0,"2026-07-09 23:22:15"
5045,444,"2026-06-13 12:07:00",delivery,en,1,email,0,"2026-06-13 18:27:30"
5046,234,"2026-07-27 23:52:00",technical,en,2,chat,0,"2026-07-28 02:06:51"
5047,1200,"2026-06-19 16:59:00",subscription,en,1,email,0,"2026-06-19 21:03:53"
5048,974,"2026-06-25 23:50:00",billing,en,1,chat,0,"2026-06-26 09:21:01"
5049,822,"2026-07-22 05:50:00",billing,en,1,email,0,"2026-07-22 13:04:27"
5050,1118,"2026-05-02 16:20:00",billing,ja,2,phone,0,"2026-05-03 06:39:16"
5051,1107,"2026-06-25 03:43:00",delivery,en,1,chat,0,"2026-06-25 09:21:52"
5052,771,"2026-06-30 20:20:00",technical,ja,1,phone,0,"2026-07-01 08:11:21"
5053,1063,"2026-05-20 17:19:00",billing,en,3,chat,0,"2026-05-21 04:55:13"
5054,762,"2026-07-20 10:11:00",billing,en,4,chat,0,"2026-07-20 18:39:18"
5055,1084,"2026-07-10 21:58:00",delivery,en,2,chat,0,"2026-07-11 05:00:27"
5056,194,"2026-06-16 20:13:00",account,en,1,chat,0,"2026-06-17 01:58:14"
5057,165,"2026-06-19 02:58:00",technical,fr,1,email,0,"2026-06-19 05:05:52"
5058,51,"2026-07-20 06:37:00",account,fr,1,phone,0,"2026-07-20 15:09:56"
5059,893,"2026-05-19 07:08:00",billing,en,1,email,0,"2026-05-19 18:39:51"
5060,374,"2026-06-05 04:42:00",billing,ja,1,email,0,"2026-06-05 07:20:44"
5061,101,"2026-07-27 19:08:00",delivery,en,3,email,0,"2026-07-28 03:57:04"
5062,23,"2026-05-04 04:20:00",returns,en,2,email,0,"2026-05-04 09:53:27"
5063,455,"2026-06-07 20:51:00",technical,en,1,email,0,"2026-06-07 23:16:08"
5064,511,"2026-06-18 08:33:00",subscription,en,2,email,0,"2026-06-18 11:26:38"
5065,639,"2026-05-22 15:10:00",returns,ja,2,phone,0,"2026-05-22 18:44:43"
5066,887,"2026-06-27 22:34:00",delivery,en,1,email,0,"2026-06-28 01:52:41"
5067,1069,"2026-05-17 17:08:00",billing,de,2,chat,0,"2026-05-18 13:02:32"
5068,1130,"2026-07-13 07:47:00",account,es,2,email,1,"2026-07-13 11:33:32"
5069,372,"2026-06-28 13:35:00",returns,de,1,email,0,"2026-06-29 00:35:58"
5070,849,"2026-06-12 14:05:00",returns,en,1,email,1,"2026-06-12 17:39:43"
5071,104,"2026-05-15 23:23:00",subscription,en,1,chat,0,"2026-05-16 12:12:56"
5072,718,"2026-05-09 04:11:00",billing,en,1,email,1,"2026-05-09 09:52:41"
5073,1109,"2026-05-29 03:32:00",delivery,en,5,phone,1,"2026-05-30 07:16:18"
5074,146,"2026-06-26 06:43:00",returns,en,1,phone,0,"2026-06-26 13:11:26"
5075,321,"2026-05-30 00:15:00",billing,es,1,phone,0,"2026-05-30 04:17:40"
5076,540,"2026-06-10 21:44:00",technical,fr,1,chat,0,"2026-06-11 02:10:24"
5077,585,"2026-06-19 18:18:00",returns,en,2,phone,0,"2026-06-19 21:20:41"
5078,831,"2026-05-16 00:16:00",delivery,en,2,email,0,"2026-05-16 09:09:40"
5079,333,"2026-06-02 00:47:00",subscription,en,2,chat,0,"2026-06-02 13:50:21"
5080,231,"2026-07-14 13:21:00",account,en,2,email,0,"2026-07-14 18:39:05"
5081,1015,"2026-05-06 18:45:00",technical,en,3,phone,0,"2026-05-07 13:31:35"
5082,381,"2026-05-25 17:51:00",subscription,en,1,phone,0,"2026-05-26 00:48:07"
5083,295,"2026-05-13 19:49:00",returns,es,2,email,0,"2026-05-13 23:22:17"
5084,812,"2026-05-09 16:50:00",billing,en,1,email,0,"2026-05-09 20:08:40"
5085,113,"2026-06-08 05:05:00",returns,fr,1,email,0,"2026-06-08 09:20:53"
5086,494,"2026-05-01 14:31:00",account,en,1,email,0,"2026-05-01 18:02:16"
5087,1151,"2026-06-15 03:57:00",billing,en,2,phone,1,"2026-06-15 08:14:17"
5088,818,"2026-06-02 21:13:00",subscription,en,1,chat,0,"2026-06-03 03:00:34"
5089,191,"2026-05-05 20:15:00",subscription,es,1,phone,1,"2026-05-06 02:14:21"
5090,418,"2026-05-16 05:07:00",billing,es,2,chat,0,"2026-05-16 13:33:17"
5091,848,"2026-06-08 10:53:00",delivery,en,1,chat,0,"2026-06-08 23:04:29"
5092,653,"2026-07-12 02:24:00",billing,en,3,chat,0,"2026-07-12 12:12:17"
5093,223,"2026-06-14 12:09:00",delivery,en,3,email,0,"2026-06-14 17:34:00"
5094,1037,"2026-07-03 23:21:00",returns,ja,1,phone,0,"2026-07-04 15:26:11"
5095,746,"2026-07-13 12:07:00",returns,ja,2,email,0,"2026-07-13 19:31:49"
5096,132,"2026-07-13 06:23:00",returns,ja,5,chat,0,"2026-07-13 17:45:38"
5097,372,"2026-05-02 08:00:00",technical,fr,4,email,0,"2026-05-02 23:33:18"
5098,1088,"2026-06-18 19:25:00",technical,es,3,phone,0,"2026-06-19 03:16:49"
5099,187,"2026-06-25 13:42:00",subscription,en,3,email,0,"2026-06-25 21:49:55"
5100,693,"2026-07-02 14:10:00",technical,en,3,email,0,"2026-07-03 03:56:05"
5101,106,"2026-06-06 12:23:00",delivery,en,2,email,0,"2026-06-06 21:03:06"
5102,124,"2026-05-23 03:36:00",account,es,3,email,0,"2026-05-23 06:47:39"
5103,391,"2026-06-22 11:31:00",delivery,en,2,chat,0,"2026-06-23 05:13:43"
5104,175,"2026-06-05 04:57:00",returns,en,3,chat,0,"2026-06-05 08:57:33"
5105,210,"2026-07-24 21:48:00",subscription,fr,1,phone,0,"2026-07-25 03:32:00"
5106,237,"2026-07-24 14:30:00",account,en,2,phone,0,"2026-07-24 21:26:29"
5107,1066,"2026-06-24 14:32:00",account,fr,2,chat,0,"2026-06-24 18:08:07"
5108,1145,"2026-07-07 15:16:00",technical,en,2,email,0,"2026-07-07 22:06:44"
5109,569,"2026-05-08 04:10:00",account,en,3,chat,0,"2026-05-08 16:31:05"
5110,815,"2026-06-03 03:26:00",billing,en,2,phone,0,"2026-06-03 11:54:26"
5111,52,"2026-07-18 17:26:00",subscription,en,2,email,0,"2026-07-18 22:34:30"
5112,392,"2026-05-20 15:52:00",delivery,en,3,email,1,"2026-05-21 00:03:34"
5113,986,"2026-06-25 05:48:00",billing,es,1,chat,0,"2026-06-25 14:39:43"
5114,275,"2026-07-20 11:16:00",delivery,en,1,phone,0,"2026-07-20 20:12:06"
5115,848,"2026-07-15 02:52:00",delivery,en,1,email,0,"2026-07-15 08:08:22"
5116,872,"2026-07-17 08:27:00",billing,es,2,chat,0,"2026-07-17 13:02:04"
5117,344,"2026-07-20 09:58:00",delivery,en,1,phone,0,"2026-07-20 14:19:12"
5118,354,"2026-05-01 09:21:00",subscription,en,2,email,0,"2026-05-01 20:48:38"
5119,698,"2026-06-23 16:57:00",delivery,en,3,chat,0,"2026-06-23 21:19:50"
5120,94,"2026-05-10 00:17:00",returns,es,3,phone,0,"2026-05-10 02:07:15"
5121,908,"2026-05-19 10:09:00",delivery,fr,1,chat,1,"2026-05-19 19:10:52"
5122,72,"2026-07-04 04:39:00",billing,es,2,chat,0,"2026-07-04 11:32:29"
5123,706,"2026-07-29 07:36:00",billing,en,1,phone,0,"2026-07-29 11:30:53"
5124,673,"2026-05-04 15:01:00",billing,en,2,chat,0,"2026-05-05 07:10:17"
5125,85,"2026-06-20 20:01:00",subscription,en,2,email,0,"2026-06-21 10:51:09"
5126,789,"2026-06-03 21:34:00",billing,en,1,chat,0,"2026-06-04 01:23:00"
5127,594,"2026-05-19 18:16:00",subscription,en,1,phone,0,"2026-05-19 23:16:25"
5128,1156,"2026-07-21 00:48:00",delivery,en,2,chat,0,"2026-07-21 13:11:40"
5129,189,"2026-06-28 05:13:00",technical,en,1,chat,0,"2026-06-28 09:11:43"
5130,711,"2026-07-21 13:40:00",delivery,de,4,email,1,"2026-07-21 22:23:00"
5131,299,"2026-05-27 21:18:00",returns,en,2,chat,0,"2026-05-28 08:31:10"
5132,1100,"2026-06-02 06:42:00",delivery,en,1,chat,0,"2026-06-02 17:19:32"
5133,1094,"2026-05-29 15:20:00",technical,de,2,phone,0,"2026-05-29 22:52:45"
5134,1155,"2026-06-08 17:12:00",billing,ja,2,chat,0,"2026-06-09 00:31:55"
5135,752,"2026-05-17 07:59:00",subscription,es,1,phone,0,"2026-05-17 15:20:49"
5136,291,"2026-05-10 07:45:00",returns,en,3,phone,0,"2026-05-10 12:11:14"
5137,544,"2026-05-17 16:20:00",billing,es,2,email,0,"2026-05-17 21:05:30"
5138,1147,"2026-06-06 07:23:00",delivery,es,2,phone,0,"2026-06-06 14:23:20"
5139,56,"2026-06-29 13:34:00",returns,ja,4,email,1,"2026-06-30 02:24:41"
5140,530,"2026-06-24 13:30:00",returns,en,1,phone,0,"2026-06-24 18:26:53"
5141,688,"2026-05-30 17:05:00",subscription,en,4,email,0,"2026-05-31 04:55:57"
5142,669,"2026-05-13 00:48:00",subscription,fr,1,email,0,"2026-05-13 02:01:34"
5143,54,"2026-07-18 21:20:00",delivery,en,2,chat,1,"2026-07-18 23:21:06"
5144,444,"2026-05-15 11:23:00",billing,en,1,email,0,"2026-05-15 17:17:39"
5145,69,"2026-06-24 01:24:00",subscription,en,3,email,0,"2026-06-24 05:11:53"
5146,370,"2026-06-30 11:02:00",delivery,en,3,phone,0,"2026-06-30 23:50:19"
5147,602,"2026-07-14 15:19:00",returns,es,2,chat,0,"2026-07-14 21:29:36"
5148,214,"2026-07-27 09:10:00",returns,en,1,phone,0,"2026-07-27 21:32:40"
5149,1171,"2026-05-25 01:21:00",returns,en,2,email,0,"2026-05-25 12:05:32"
5150,639,"2026-06-07 05:43:00",subscription,fr,1,email,1,"2026-06-07 23:30:31"
5151,155,"2026-05-10 13:27:00",subscription,es,4,phone,0,"2026-05-12 03:13:32"
5152,737,"2026-05-28 11:43:00",subscription,en,3,email,0,"2026-05-28 22:47:34"
5153,359,"2026-05-19 16:58:00",subscription,es,3,phone,0,"2026-05-20 04:18:42"
5154,902,"2026-07-05 12:54:00",returns,en,4,chat,0,"2026-07-06 04:17:35"
5155,83,"2026-07-15 08:31:00",subscription,en,2,phone,0,"2026-07-15 15:22:31"
5156,265,"2026-07-15 12:41:00",technical,en,1,email,0,"2026-07-16 01:03:46"
5157,906,"2026-05-28 20:58:00",billing,en,4,phone,0,"2026-05-29 00:42:35"
5158,148,"2026-06-06 22:01:00",subscription,en,3,chat,0,"2026-06-07 12:36:53"
5159,1056,"2026-07-16 20:39:00",technical,es,1,chat,0,"2026-07-17 07:04:36"
5160,850,"2026-07-21 08:02:00",billing,en,5,phone,0,"2026-07-21 20:54:50"
5161,180,"2026-06-20 07:23:00",account,es,2,email,0,"2026-06-20 13:32:48"
5162,74,"2026-07-07 14:34:00",returns,ja,2,phone,0,"2026-07-07 22:17:45"
5163,38,"2026-06-04 10:22:00",subscription,en,2,phone,0,"2026-06-05 03:13:53"
5164,312,"2026-06-27 04:05:00",subscription,en,4,email,0,"2026-06-27 08:01:46"
5165,459,"2026-06-15 11:21:00",returns,de,1,phone,0,"2026-06-15 17:25:17"
5166,221,"2026-06-06 20:14:00",technical,es,2,email,0,"2026-06-07 17:10:32"
5167,1068,"2026-05-22 07:27:00",account,en,1,chat,0,"2026-05-22 12:31:09"
5168,290,"2026-06-24 17:13:00",returns,fr,3,email,0,"2026-06-25 13:21:13"
5169,384,"2026-05-19 04:32:00",delivery,en,2,email,0,"2026-05-20 07:50:59"
5170,193,"2026-07-13 21:39:00",account,en,2,chat,0,"2026-07-14 04:45:21"
5171,303,"2026-05-24 07:34:00",billing,en,1,phone,0,"2026-05-24 16:32:58"
5172,860,"2026-05-11 21:15:00",billing,en,2,chat,0,"2026-05-12 05:04:09"
5173,1080,"2026-05-19 00:52:00",subscription,en,2,chat,0,"2026-05-19 07:29:49"
5174,457,"2026-07-27 17:54:00",returns,ja,2,email,0,"2026-07-28 02:48:49"
5175,161,"2026-06-15 11:18:00",billing,de,4,phone,0,"2026-06-16 22:31:46"
5176,550,"2026-05-08 03:00:00",account,en,2,chat,0,"2026-05-08 10:57:45"
5177,532,"2026-06-04 17:22:00",returns,es,2,email,0,"2026-06-05 19:03:47"
5178,989,"2026-05-28 05:46:00",returns,en,4,chat,0,"2026-05-29 00:40:48"
5179,14,"2026-07-18 17:51:00",account,ja,1,chat,0,"2026-07-19 05:41:00"
5180,316,"2026-05-07 18:12:00",returns,en,3,phone,0,"2026-05-08 04:44:41"
5181,214,"2026-07-09 03:45:00",delivery,en,1,email,1,"2026-07-09 12:31:25"
5182,238,"2026-05-29 23:49:00",technical,de,4,email,0,"2026-05-30 15:04:17"
5183,1192,"2026-07-26 18:09:00",delivery,en,4,email,0,"2026-07-27 06:38:07"
5184,426,"2026-05-18 15:55:00",delivery,de,1,phone,0,"2026-05-19 02:11:49"
5185,1147,"2026-06-15 04:11:00",delivery,en,2,chat,1,"2026-06-15 08:09:52"
5186,1146,"2026-06-13 01:28:00",billing,en,2,chat,0,"2026-06-13 06:48:35"
5187,1132,"2026-07-15 04:26:00",billing,en,1,phone,0,"2026-07-15 08:25:21"
5188,714,"2026-07-03 02:27:00",billing,en,1,email,0,"2026-07-03 10:45:50"
5189,55,"2026-05-31 18:55:00",billing,en,3,email,0,"2026-05-31 23:44:34"
5190,649,"2026-07-27 12:15:00",delivery,en,2,chat,0,"2026-07-27 15:10:56"
5191,197,"2026-07-11 05:28:00",technical,en,2,email,0,"2026-07-11 21:28:15"
5192,826,"2026-05-09 10:03:00",delivery,en,3,phone,0,"2026-05-09 16:10:50"
5193,795,"2026-07-25 22:57:00",returns,en,3,phone,0,"2026-07-26 06:27:09"
5194,381,"2026-06-23 13:44:00",subscription,en,3,chat,0,"2026-06-23 21:06:40"
5195,485,"2026-05-03 21:27:00",returns,fr,1,email,0,"2026-05-04 05:29:00"
5196,873,"2026-07-03 10:33:00",subscription,en,2,chat,0,"2026-07-03 18:19:34"
5197,339,"2026-05-20 05:56:00",technical,es,2,email,0,"2026-05-20 16:49:07"
5198,818,"2026-05-17 19:26:00",returns,fr,2,phone,0,"2026-05-17 22:52:35"
5199,163,"2026-07-20 12:12:00",account,en,4,email,0,"2026-07-20 21:41:55"
5200,399,"2026-07-13 03:18:00",billing,en,3,phone,0,"2026-07-13 09:54:47"
5201,383,"2026-05-05 15:40:00",returns,ja,1,chat,0,"2026-05-05 23:24:56"
5202,299,"2026-07-29 14:46:00",billing,en,1,chat,0,"2026-07-29 22:16:47"
5203,466,"2026-07-13 14:02:00",delivery,en,1,email,0,"2026-07-13 19:49:00"
5204,893,"2026-06-13 21:40:00",billing,ja,1,phone,0,"2026-06-14 00:23:06"
5205,407,"2026-05-29 19:47:00",subscription,en,2,chat,0,"2026-05-30 08:04:06"
5206,113,"2026-07-12 11:46:00",account,es,1,phone,0,"2026-07-12 23:45:05"
5207,1131,"2026-07-07 20:31:00",subscription,es,1,chat,0,"2026-07-07 23:26:43"
5208,344,"2026-07-09 15:47:00",technical,en,4,phone,0,"2026-07-09 22:59:44"
5209,188,"2026-07-02 21:56:00",delivery,es,2,chat,0,"2026-07-03 07:16:23"
5210,678,"2026-06-28 12:37:00",technical,en,1,email,0,"2026-06-29 04:38:32"
5211,1059,"2026-07-06 20:49:00",technical,en,1,chat,0,"2026-07-07 04:37:11"
5212,791,"2026-05-27 10:16:00",account,en,2,email,0,"2026-05-27 17:17:46"
5213,1041,"2026-05-02 15:37:00",account,de,4,phone,0,"2026-05-03 00:19:07"
5214,962,"2026-06-30 05:25:00",account,es,1,chat,0,"2026-06-30 09:12:07"
5215,1178,"2026-05-25 23:54:00",account,ja,1,chat,0,"2026-05-26 16:55:42"
5216,1115,"2026-06-07 23:20:00",billing,de,2,chat,0,"2026-06-08 08:58:45"
5217,761,"2026-06-03 05:29:00",delivery,en,4,email,0,"2026-06-03 14:07:59"
5218,9,"2026-06-06 09:09:00",delivery,en,2,chat,0,"2026-06-07 00:56:35"
5219,1077,"2026-05-19 22:16:00",delivery,de,2,email,0,"2026-05-20 03:23:20"
5220,54,"2026-07-13 14:12:00",account,en,2,email,0,"2026-07-13 17:47:43"
5221,402,"2026-05-28 13:24:00",subscription,en,1,chat,0,"2026-05-28 19:29:58"
5222,337,"2026-05-20 07:13:00",technical,en,1,phone,1,"2026-05-20 11:09:18"
5223,220,"2026-06-09 19:37:00",billing,de,3,email,0,"2026-06-10 11:48:44"
5224,48,"2026-06-21 01:13:00",returns,ja,2,phone,0,"2026-06-21 14:11:28"
5225,330,"2026-05-13 10:18:00",delivery,en,4,phone,0,"2026-05-14 06:41:55"
5226,457,"2026-05-03 08:46:00",subscription,en,3,phone,0,"2026-05-03 20:47:49"
5227,767,"2026-07-08 13:24:00",technical,de,1,chat,1,"2026-07-08 19:20:01"
5228,8,"2026-05-04 12:51:00",billing,en,3,email,0,"2026-05-04 20:39:26"
5229,121,"2026-06-15 17:00:00",billing,fr,1,phone,0,"2026-06-15 23:02:08"
5230,224,"2026-06-21 02:17:00",billing,en,1,chat,0,"2026-06-21 09:44:32"
5231,995,"2026-05-22 16:56:00",subscription,en,1,phone,0,"2026-05-22 19:27:08"
5232,404,"2026-05-12 10:28:00",technical,de,1,phone,0,"2026-05-12 15:17:37"
5233,294,"2026-07-26 16:58:00",returns,fr,2,phone,0,"2026-07-26 20:51:00"
5234,399,"2026-07-19 04:32:00",technical,en,1,phone,0,"2026-07-19 10:31:54"
5235,515,"2026-05-17 01:49:00",delivery,en,5,phone,0,"2026-05-17 18:27:13"
5236,432,"2026-06-19 02:23:00",technical,de,3,phone,0,"2026-06-19 22:23:01"
5237,23,"2026-07-09 00:58:00",billing,en,1,chat,0,"2026-07-09 04:41:15"
5238,1124,"2026-06-07 18:17:00",billing,en,3,chat,0,"2026-06-08 15:01:45"
5239,429,"2026-06-09 08:17:00",billing,en,3,phone,0,"2026-06-10 00:47:09"
5240,729,"2026-06-03 13:56:00",account,de,3,phone,0,"2026-06-03 21:36:31"
5241,14,"2026-06-01 04:30:00",returns,en,3,chat,0,"2026-06-01 20:05:36"
5242,618,"2026-06-23 04:38:00",subscription,en,2,phone,1,"2026-06-23 08:09:34"
5243,576,"2026-06-01 17:01:00",subscription,es,2,chat,0,"2026-06-02 08:37:04"
5244,485,"2026-05-19 19:49:00",technical,fr,2,email,0,"2026-05-19 23:34:08"
5245,797,"2026-05-09 16:17:00",returns,ja,1,email,0,"2026-05-09 20:11:19"
5246,920,"2026-05-02 22:24:00",technical,en,3,email,1,"2026-05-03 08:52:42"
5247,592,"2026-05-18 04:06:00",technical,en,3,email,0,"2026-05-18 13:21:27"
5248,428,"2026-06-05 18:44:00",delivery,en,2,chat,0,"2026-06-05 23:05:44"
5249,654,"2026-05-12 06:42:00",subscription,de,1,email,0,"2026-05-12 13:35:36"
5250,560,"2026-06-01 05:10:00",billing,en,2,chat,0,"2026-06-01 13:50:44"
5251,286,"2026-05-25 16:33:00",subscription,en,4,chat,0,"2026-05-26 02:21:54"
5252,450,"2026-07-24 19:30:00",delivery,en,2,phone,1,"2026-07-25 10:59:06"
5253,886,"2026-05-26 04:57:00",returns,en,3,phone,0,"2026-05-26 18:01:14"
5254,36,"2026-05-26 15:45:00",account,en,3,email,0,"2026-05-26 17:15:50"
5255,367,"2026-06-22 06:08:00",delivery,en,2,email,0,"2026-06-22 10:08:13"
5256,936,"2026-07-14 12:10:00",billing,en,3,phone,0,"2026-07-15 11:46:18"
5257,1128,"2026-05-16 14:43:00",billing,en,1,chat,0,"2026-05-16 20:15:27"
5258,901,"2026-07-05 03:49:00",returns,en,1,chat,1,"2026-07-05 08:04:04"
5259,802,"2026-05-17 02:51:00",account,en,2,chat,0,"2026-05-17 05:56:27"
5260,58,"2026-05-24 01:57:00",billing,en,2,email,0,"2026-05-24 07:02:30"
5261,800,"2026-06-13 10:53:00",delivery,en,3,phone,0,"2026-06-13 20:44:08"
5262,925,"2026-07-12 17:24:00",delivery,en,3,chat,0,"2026-07-12 22:34:05"
5263,564,"2026-05-13 16:04:00",technical,en,3,email,0,"2026-05-13 22:31:50"
5264,276,"2026-05-17 03:19:00",returns,en,1,phone,0,"2026-05-17 09:46:44"
5265,538,"2026-07-29 14:38:00",delivery,en,4,chat,0,"2026-07-29 21:38:15"
5266,150,"2026-06-23 00:34:00",technical,en,2,email,0,"2026-06-23 18:25:23"
5267,829,"2026-06-10 04:19:00",billing,en,2,chat,0,"2026-06-10 09:28:19"
5268,874,"2026-05-27 17:41:00",account,fr,1,phone,0,"2026-05-28 02:19:03"
5269,56,"2026-05-13 18:54:00",delivery,en,1,phone,0,"2026-05-14 02:40:08"
5270,312,"2026-07-21 03:32:00",delivery,en,1,email,0,"2026-07-21 15:01:12"
5271,927,"2026-07-21 23:24:00",returns,en,2,email,0,"2026-07-22 08:00:55"
5272,312,"2026-07-04 18:25:00",returns,es,1,phone,0,"2026-07-05 03:38:32"
5273,1179,"2026-06-18 14:39:00",technical,en,3,chat,0,"2026-06-18 21:30:32"
5274,144,"2026-07-10 02:05:00",account,en,2,email,0,"2026-07-10 05:54:33"
5275,1129,"2026-06-15 04:07:00",billing,en,2,email,0,"2026-06-15 09:12:20"
5276,885,"2026-07-24 20:08:00",returns,en,3,phone,0,"2026-07-25 03:19:00"
5277,764,"2026-05-29 19:18:00",technical,fr,2,chat,0,"2026-05-30 12:15:17"
5278,962,"2026-05-30 15:09:00",technical,en,4,phone,0,"2026-05-30 20:53:44"
5279,664,"2026-06-06 17:43:00",technical,es,3,chat,0,"2026-06-07 17:06:45"
5280,284,"2026-07-04 15:15:00",delivery,es,1,email,0,"2026-07-04 20:35:35"
5281,270,"2026-07-07 23:53:00",returns,ja,4,chat,0,"2026-07-08 21:25:02"
5282,898,"2026-05-21 20:21:00",returns,de,4,chat,0,"2026-05-22 05:30:50"
5283,713,"2026-07-11 06:22:00",subscription,es,3,phone,1,"2026-07-11 23:37:36"
5284,29,"2026-07-27 19:36:00",technical,en,1,chat,0,"2026-07-27 22:32:43"
5285,359,"2026-05-03 05:21:00",subscription,es,1,chat,0,"2026-05-03 10:30:48"
5286,298,"2026-06-28 15:03:00",billing,de,3,chat,0,"2026-06-28 17:49:18"
5287,601,"2026-07-17 17:30:00",billing,en,2,email,0,"2026-07-17 22:56:01"
5288,1119,"2026-07-10 14:45:00",account,en,1,phone,0,"2026-07-10 21:58:53"
5289,984,"2026-07-18 18:32:00",subscription,es,1,phone,0,"2026-07-19 07:48:18"
5290,862,"2026-06-22 15:44:00",billing,en,1,email,0,"2026-06-23 00:13:16"
5291,972,"2026-07-22 07:15:00",returns,en,1,email,0,"2026-07-22 11:20:12"
5292,945,"2026-07-19 06:16:00",subscription,en,3,chat,0,"2026-07-19 22:01:59"
5293,68,"2026-06-08 14:25:00",returns,en,2,chat,0,"2026-06-08 17:58:10"
5294,431,"2026-06-14 02:56:00",delivery,fr,1,email,0,"2026-06-14 11:10:44"
5295,237,"2026-05-09 11:41:00",account,ja,4,phone,0,"2026-05-09 20:19:47"
5296,160,"2026-06-27 14:03:00",delivery,en,1,phone,0,"2026-06-27 22:53:00"
5297,275,"2026-07-10 13:58:00",subscription,en,4,email,0,"2026-07-10 21:38:25"
5298,141,"2026-07-28 08:49:00",delivery,es,1,chat,0,"2026-07-28 10:55:59"
5299,426,"2026-06-23 22:33:00",delivery,en,1,email,0,"2026-06-24 01:39:02"
5300,883,"2026-05-13 22:50:00",subscription,en,1,chat,0,"2026-05-14 11:22:27"
5301,324,"2026-07-20 15:03:00",technical,es,2,email,0,"2026-07-20 19:05:53"
5302,677,"2026-07-23 13:14:00",billing,en,1,chat,0,"2026-07-23 17:38:43"
5303,663,"2026-05-29 21:37:00",technical,en,1,email,0,"2026-05-30 00:39:23"
5304,115,"2026-05-09 13:16:00",billing,es,2,email,0,"2026-05-10 03:39:59"
5305,429,"2026-05-23 18:21:00",technical,en,1,email,0,"2026-05-23 22:46:44"
5306,156,"2026-06-03 06:21:00",delivery,en,4,email,0,"2026-06-04 05:12:02"
5307,110,"2026-07-21 09:59:00",billing,es,3,email,0,"2026-07-22 02:05:44"
5308,277,"2026-05-19 20:33:00",returns,en,2,chat,0,"2026-05-20 04:23:52"
5309,1027,"2026-06-05 23:56:00",technical,en,3,phone,0,"2026-06-06 13:11:57"
5310,919,"2026-07-08 09:40:00",returns,en,2,phone,0,"2026-07-08 13:41:07"
5311,338,"2026-06-25 23:38:00",account,en,1,email,0,"2026-06-26 03:20:25"
5312,833,"2026-06-29 13:54:00",subscription,ja,3,phone,0,"2026-06-29 19:23:52"
5313,53,"2026-05-18 21:39:00",subscription,en,2,chat,0,"2026-05-19 06:07:16"
5314,640,"2026-05-21 02:45:00",technical,es,4,chat,0,"2026-05-21 19:12:08"
5315,491,"2026-06-25 17:03:00",account,en,1,chat,0,"2026-06-25 19:35:12"
5316,796,"2026-07-27 06:59:00",technical,en,5,email,0,"2026-07-28 12:02:33"
5317,30,"2026-07-04 13:25:00",technical,ja,1,phone,0,"2026-07-05 09:44:32"
5318,880,"2026-07-03 10:01:00",billing,en,3,phone,0,"2026-07-03 22:33:17"
5319,844,"2026-06-20 21:19:00",account,en,2,email,0,"2026-06-21 04:17:06"
5320,20,"2026-06-01 03:25:00",technical,en,5,chat,1,"2026-06-01 18:25:53"
5321,337,"2026-07-25 04:23:00",technical,ja,2,email,0,"2026-07-25 11:25:44"
5322,1047,"2026-06-25 07:49:00",account,en,1,phone,0,"2026-06-25 15:26:21"
5323,31,"2026-05-11 06:49:00",billing,en,1,phone,0,"2026-05-12 04:14:05"
5324,879,"2026-05-25 18:40:00",technical,es,2,email,0,"2026-05-26 05:54:06"
5325,1181,"2026-07-15 22:38:00",delivery,en,1,email,1,"2026-07-16 00:47:02"
5326,896,"2026-05-28 19:38:00",subscription,en,1,chat,0,"2026-05-28 22:35:20"
5327,636,"2026-05-12 12:47:00",account,es,1,chat,0,"2026-05-12 20:23:41"
5328,815,"2026-05-20 13:25:00",subscription,fr,4,email,1,"2026-05-20 23:01:00"
5329,334,"2026-07-12 01:33:00",billing,fr,2,phone,0,"2026-07-12 09:57:08"
5330,968,"2026-05-22 07:50:00",returns,en,2,phone,0,"2026-05-22 20:11:47"
5331,663,"2026-05-11 21:15:00",delivery,en,4,chat,0,"2026-05-12 04:55:34"
5332,88,"2026-06-07 15:37:00",delivery,en,4,chat,0,"2026-06-08 07:35:11"
5333,238,"2026-05-30 07:40:00",subscription,es,3,phone,0,"2026-05-30 14:32:41"
5334,1117,"2026-07-09 07:37:00",billing,ja,1,chat,0,"2026-07-09 09:35:26"
5335,618,"2026-07-15 08:28:00",delivery,ja,2,email,1,"2026-07-15 15:00:11"
5336,731,"2026-07-02 01:18:00",account,en,3,chat,0,"2026-07-02 06:28:05"
5337,215,"2026-07-28 16:39:00",subscription,en,1,chat,0,"2026-07-28 20:18:37"
5338,100,"2026-05-28 12:40:00",delivery,en,1,chat,0,"2026-05-28 17:01:12"
5339,735,"2026-05-24 00:09:00",technical,en,1,phone,0,"2026-05-24 08:29:42"
5340,601,"2026-07-07 11:24:00",billing,en,2,chat,0,"2026-07-07 20:47:18"
5341,1062,"2026-05-28 17:51:00",technical,fr,2,phone,0,"2026-05-28 23:32:04"
5342,311,"2026-05-30 10:41:00",delivery,en,2,phone,0,"2026-05-31 04:12:52"
5343,913,"2026-05-23 13:40:00",delivery,en,4,phone,0,"2026-05-23 18:28:38"
5344,467,"2026-07-22 00:41:00",technical,ja,2,email,0,"2026-07-22 06:55:37"
5345,692,"2026-05-21 05:32:00",subscription,en,3,email,0,"2026-05-21 16:00:04"
5346,782,"2026-07-29 02:16:00",delivery,ja,3,email,0,"2026-07-29 14:34:09"
5347,1152,"2026-06-25 17:19:00",billing,en,2,email,0,"2026-06-25 23:34:50"
5348,35,"2026-07-20 12:34:00",delivery,en,3,phone,0,"2026-07-21 07:25:26"
5349,1148,"2026-07-23 18:42:00",technical,en,1,chat,0,"2026-07-24 02:46:57"
5350,553,"2026-06-25 20:16:00",account,fr,4,email,1,"2026-06-25 23:30:32"
5351,172,"2026-05-22 06:57:00",returns,ja,3,chat,0,"2026-05-22 18:59:23"
5352,1062,"2026-06-10 03:59:00",subscription,en,2,phone,0,"2026-06-10 11:37:03"
5353,413,"2026-06-12 09:02:00",billing,es,1,phone,0,"2026-06-12 12:06:39"
5354,246,"2026-07-17 13:38:00",subscription,de,3,chat,1,"2026-07-18 00:20:08"
5355,706,"2026-06-26 11:42:00",billing,en,1,phone,0,"2026-06-27 02:28:52"
5356,1049,"2026-06-14 14:15:00",account,en,1,chat,1,"2026-06-14 20:08:19"
5357,326,"2026-06-17 01:54:00",subscription,ja,1,phone,0,"2026-06-17 08:34:30"
5358,1124,"2026-06-21 11:52:00",returns,en,4,phone,0,"2026-06-21 20:37:22"
5359,408,"2026-05-11 04:40:00",account,en,2,email,0,"2026-05-11 11:40:14"
5360,432,"2026-07-20 05:03:00",subscription,ja,4,phone,0,"2026-07-20 13:57:37"
5361,402,"2026-06-23 12:01:00",returns,en,1,email,0,"2026-06-23 17:45:57"
5362,806,"2026-07-08 00:30:00",delivery,es,1,chat,0,"2026-07-08 11:01:55"
5363,72,"2026-06-29 03:29:00",account,en,3,phone,0,"2026-06-29 08:20:25"
5364,538,"2026-05-30 16:35:00",account,en,3,phone,0,"2026-05-31 09:36:01"
5365,193,"2026-05-30 16:32:00",subscription,es,2,phone,0,"2026-05-31 08:03:27"
5366,1050,"2026-06-30 00:28:00",technical,ja,1,email,0,"2026-06-30 09:43:31"
5367,664,"2026-07-17 04:54:00",subscription,en,1,chat,0,"2026-07-17 08:14:21"
5368,1089,"2026-06-24 11:06:00",subscription,en,2,phone,1,"2026-06-24 14:58:03"
5369,107,"2026-05-31 20:47:00",delivery,de,1,email,0,"2026-06-01 18:05:06"
5370,39,"2026-07-19 14:20:00",account,ja,4,phone,0,"2026-07-20 03:36:40"
5371,379,"2026-07-25 14:00:00",technical,fr,2,email,0,"2026-07-25 20:12:54"
5372,146,"2026-05-26 07:57:00",technical,es,2,phone,1,"2026-05-27 06:52:22"
5373,450,"2026-06-19 12:05:00",delivery,en,1,phone,1,"2026-06-19 14:31:03"
5374,1122,"2026-07-26 23:06:00",billing,en,1,email,0,"2026-07-27 16:46:37"
5375,1100,"2026-07-15 18:56:00",delivery,de,2,email,0,"2026-07-15 21:27:12"
5376,261,"2026-05-24 18:45:00",returns,de,4,email,0,"2026-05-25 09:11:25"
5377,584,"2026-06-29 07:30:00",account,en,2,email,0,"2026-06-29 14:06:59"
5378,1069,"2026-05-26 02:43:00",account,en,2,email,0,"2026-05-26 19:45:56"
5379,428,"2026-06-01 13:46:00",subscription,en,2,phone,0,"2026-06-02 00:34:44"
5380,541,"2026-05-20 13:11:00",subscription,en,1,phone,0,"2026-05-21 00:37:05"
5381,651,"2026-05-02 09:35:00",delivery,en,2,email,0,"2026-05-02 23:08:27"
5382,257,"2026-06-29 10:59:00",delivery,en,1,email,0,"2026-06-29 16:35:01"
5383,450,"2026-05-04 17:40:00",billing,ja,2,chat,0,"2026-05-05 01:09:48"
5384,720,"2026-05-23 13:51:00",subscription,en,1,chat,1,"2026-05-23 17:51:04"
5385,889,"2026-05-13 14:10:00",technical,en,1,email,1,"2026-05-13 19:25:02"
5386,977,"2026-07-19 19:24:00",subscription,es,3,chat,0,"2026-07-20 09:23:50"
5387,588,"2026-07-17 06:02:00",technical,en,2,phone,0,"2026-07-17 12:13:34"
5388,764,"2026-05-08 23:52:00",subscription,en,1,email,0,"2026-05-09 05:31:46"
5389,1079,"2026-07-08 16:03:00",technical,de,2,chat,0,"2026-07-08 20:23:54"
5390,708,"2026-07-14 02:08:00",delivery,ja,4,chat,0,"2026-07-14 09:40:46"
5391,1034,"2026-06-18 21:15:00",delivery,en,1,email,0,"2026-06-19 02:33:15"
5392,797,"2026-07-12 00:05:00",returns,en,1,email,0,"2026-07-12 14:30:44"
5393,295,"2026-06-28 13:16:00",delivery,en,1,email,0,"2026-06-28 18:07:45"
5394,722,"2026-07-18 01:35:00",returns,de,4,phone,0,"2026-07-18 20:01:46"
5395,854,"2026-05-23 10:34:00",returns,en,3,phone,0,"2026-05-23 19:21:02"
5396,226,"2026-06-14 09:21:00",subscription,es,4,email,0,"2026-06-14 19:41:32"
5397,276,"2026-06-08 17:49:00",technical,fr,2,chat,0,"2026-06-08 21:09:18"
5398,424,"2026-06-10 02:27:00",subscription,fr,1,email,0,"2026-06-10 07:19:15"
5399,212,"2026-07-25 23:22:00",account,es,1,chat,0,"2026-07-26 06:37:29"
5400,999,"2026-07-19 17:57:00",delivery,en,1,phone,0,"2026-07-20 02:00:00"
5401,261,"2026-05-03 12:48:00",returns,en,2,chat,0,"2026-05-04 03:52:15"
5402,410,"2026-07-13 03:29:00",technical,es,3,email,0,"2026-07-13 15:19:33"
5403,598,"2026-05-07 07:40:00",delivery,es,1,chat,0,"2026-05-07 20:48:32"
5404,116,"2026-07-08 11:54:00",technical,en,2,chat,0,"2026-07-08 20:58:01"
5405,1136,"2026-06-10 13:00:00",subscription,es,1,chat,0,"2026-06-10 21:26:15"
5406,856,"2026-06-20 08:08:00",returns,en,4,chat,0,"2026-06-20 14:24:03"
5407,869,"2026-07-08 09:11:00",account,en,2,email,0,"2026-07-08 15:58:01"
5408,926,"2026-06-28 17:19:00",account,ja,1,email,0,"2026-06-29 01:52:52"
5409,1069,"2026-06-13 14:42:00",returns,en,4,chat,0,"2026-06-13 23:39:53"
5410,47,"2026-06-19 14:57:00",subscription,de,2,chat,0,"2026-06-19 18:09:13"
5411,552,"2026-07-27 13:57:00",delivery,en,3,chat,0,"2026-07-28 22:52:02"
5412,121,"2026-06-20 07:49:00",technical,es,1,phone,0,"2026-06-20 17:46:53"
5413,606,"2026-07-06 11:31:00",billing,en,2,email,0,"2026-07-06 15:20:33"
5414,245,"2026-06-24 06:02:00",technical,ja,5,chat,0,"2026-06-24 15:35:17"
5415,1133,"2026-05-21 21:24:00",technical,en,1,phone,0,"2026-05-22 04:42:42"
5416,561,"2026-06-24 16:36:00",billing,fr,2,chat,0,"2026-06-24 22:52:07"
5417,701,"2026-07-07 15:06:00",delivery,de,2,email,0,"2026-07-07 18:53:44"
5418,1169,"2026-05-05 20:39:00",technical,fr,4,phone,0,"2026-05-07 18:26:47"
5419,158,"2026-07-16 07:03:00",subscription,en,1,email,0,"2026-07-16 15:20:18"
5420,836,"2026-05-15 01:34:00",returns,ja,1,email,0,"2026-05-15 06:30:26"
5421,270,"2026-07-21 14:47:00",delivery,en,1,email,0,"2026-07-22 02:51:46"
5422,1130,"2026-06-20 15:57:00",billing,en,3,phone,0,"2026-06-21 01:06:51"
5423,1157,"2026-05-22 23:03:00",account,de,3,phone,0,"2026-05-23 21:12:51"
5424,124,"2026-05-16 09:49:00",subscription,ja,1,chat,0,"2026-05-16 15:10:37"
5425,347,"2026-05-05 19:27:00",account,ja,2,chat,0,"2026-05-06 03:58:55"
5426,129,"2026-05-30 04:04:00",delivery,en,1,email,0,"2026-05-30 07:53:50"
5427,969,"2026-07-22 10:17:00",technical,en,1,chat,0,"2026-07-22 14:34:30"
5428,276,"2026-05-23 05:26:00",returns,de,4,email,0,"2026-05-24 02:33:54"
5429,96,"2026-06-08 01:04:00",returns,en,3,chat,0,"2026-06-09 00:18:06"
5430,146,"2026-06-05 21:52:00",account,en,4,email,1,"2026-06-06 04:32:47"
5431,1197,"2026-05-22 04:01:00",billing,en,2,email,0,"2026-05-22 19:49:53"
5432,655,"2026-05-22 02:18:00",delivery,en,1,email,0,"2026-05-22 08:25:00"
5433,463,"2026-06-04 12:52:00",technical,en,4,chat,1,"2026-06-04 23:37:09"
5434,703,"2026-05-17 00:11:00",subscription,fr,3,chat,0,"2026-05-17 06:36:54"
5435,360,"2026-06-25 04:32:00",delivery,es,4,chat,0,"2026-06-25 13:08:20"
5436,1133,"2026-05-16 09:31:00",delivery,de,2,email,0,"2026-05-16 15:54:06"
5437,120,"2026-05-28 00:49:00",delivery,en,1,email,0,"2026-05-28 04:08:32"
5438,788,"2026-07-28 22:34:00",delivery,ja,4,phone,0,"2026-07-29 17:22:05"
5439,219,"2026-06-29 12:30:00",technical,ja,2,email,0,"2026-06-29 17:02:36"
5440,674,"2026-06-15 17:07:00",technical,es,1,phone,0,"2026-06-15 19:35:53"
5441,281,"2026-05-22 05:21:00",billing,en,3,phone,0,"2026-05-23 16:18:44"
5442,772,"2026-05-19 08:33:00",returns,en,2,phone,0,"2026-05-19 16:17:30"
5443,133,"2026-05-31 20:09:00",subscription,en,1,phone,0,"2026-06-01 04:31:41"
5444,525,"2026-06-04 13:48:00",billing,en,2,chat,0,"2026-06-04 17:47:39"
5445,337,"2026-07-24 03:12:00",billing,en,1,email,0,"2026-07-24 08:57:27"
5446,553,"2026-07-24 06:44:00",delivery,en,3,email,0,"2026-07-25 00:27:53"
5447,689,"2026-07-19 08:46:00",subscription,ja,1,phone,0,"2026-07-19 13:20:35"
5448,374,"2026-06-10 00:11:00",delivery,en,2,chat,0,"2026-06-10 08:00:15"
5449,9,"2026-07-14 16:43:00",subscription,en,3,phone,0,"2026-07-14 21:43:25"
5450,793,"2026-05-02 20:23:00",delivery,en,1,email,0,"2026-05-03 01:15:16"
5451,43,"2026-05-04 01:54:00",billing,en,4,email,1,"2026-05-05 01:06:20"
5452,936,"2026-05-08 23:30:00",subscription,en,1,chat,0,"2026-05-09 04:51:04"
5453,275,"2026-07-04 17:22:00",billing,es,3,phone,0,"2026-07-05 00:07:08"
5454,32,"2026-06-18 10:57:00",subscription,en,1,chat,0,"2026-06-18 20:00:15"
5455,729,"2026-06-06 03:45:00",billing,en,3,chat,0,"2026-06-06 09:42:28"
5456,890,"2026-06-25 03:31:00",returns,de,2,phone,0,"2026-06-25 16:05:25"
5457,286,"2026-05-13 22:28:00",billing,en,1,phone,0,"2026-05-14 04:37:14"
5458,158,"2026-06-19 01:55:00",billing,en,3,phone,0,"2026-06-19 10:12:45"
5459,669,"2026-05-31 06:35:00",billing,en,1,email,0,"2026-05-31 16:51:09"
5460,657,"2026-07-21 15:00:00",account,ja,3,phone,0,"2026-07-22 00:55:15"
5461,62,"2026-07-08 21:19:00",technical,en,2,chat,0,"2026-07-09 00:50:45"
5462,758,"2026-07-06 02:28:00",delivery,fr,4,email,0,"2026-07-06 14:28:22"
5463,820,"2026-06-26 16:03:00",billing,en,1,phone,0,"2026-06-27 02:59:38"
5464,27,"2026-05-15 17:39:00",technical,en,2,email,0,"2026-05-16 00:40:56"
5465,95,"2026-06-22 01:10:00",technical,en,3,chat,0,"2026-06-22 16:52:46"
5466,156,"2026-05-19 17:20:00",subscription,es,2,chat,0,"2026-05-19 22:54:08"
5467,90,"2026-07-21 18:09:00",subscription,es,3,phone,0,"2026-07-23 03:40:52"
5468,485,"2026-05-09 22:39:00",delivery,en,2,email,0,"2026-05-10 09:57:09"
5469,1086,"2026-07-12 10:40:00",delivery,en,4,chat,0,"2026-07-12 18:55:50"
5470,217,"2026-06-04 23:48:00",billing,fr,1,email,0,"2026-06-05 07:09:13"
5471,1175,"2026-07-10 01:32:00",account,en,2,email,0,"2026-07-10 21:56:28"
5472,1015,"2026-07-24 17:10:00",delivery,en,1,chat,1,"2026-07-25 02:21:45"
5473,372,"2026-06-16 00:17:00",subscription,en,4,chat,0,"2026-06-16 15:58:28"
5474,306,"2026-05-18 02:31:00",returns,en,4,phone,0,"2026-05-18 06:57:54"
5475,755,"2026-06-29 23:42:00",delivery,es,1,chat,0,"2026-06-30 07:42:29"
5476,518,"2026-05-19 14:11:00",delivery,de,1,phone,1,"2026-05-19 23:58:25"
5477,22,"2026-07-14 11:33:00",account,en,1,email,0,"2026-07-14 15:43:00"
5478,41,"2026-06-03 21:31:00",delivery,en,4,email,0,"2026-06-04 10:31:40"
5479,409,"2026-05-09 08:05:00",technical,fr,1,chat,0,"2026-05-09 12:26:55"
5480,419,"2026-06-05 09:25:00",technical,en,2,email,0,"2026-06-05 15:08:46"
5481,471,"2026-05-30 08:30:00",billing,de,1,chat,0,"2026-05-30 14:42:38"
5482,123,"2026-06-05 15:06:00",technical,en,1,chat,0,"2026-06-06 02:42:32"
5483,307,"2026-07-26 10:09:00",technical,de,2,chat,0,"2026-07-26 16:04:23"
5484,569,"2026-05-17 06:36:00",billing,en,1,phone,0,"2026-05-17 11:46:13"
5485,516,"2026-07-23 11:23:00",delivery,en,2,email,0,"2026-07-23 17:08:35"
5486,626,"2026-07-06 07:46:00",subscription,fr,2,chat,0,"2026-07-06 12:13:05"
5487,634,"2026-05-30 10:14:00",account,fr,4,email,0,"2026-05-30 19:37:31"
5488,753,"2026-06-15 12:13:00",delivery,en,1,email,0,"2026-06-15 19:29:03"
5489,576,"2026-05-17 21:47:00",technical,en,2,email,0,"2026-05-18 00:34:40"
5490,228,"2026-06-07 22:48:00",returns,en,1,email,0,"2026-06-08 02:10:55"
5491,471,"2026-07-13 00:16:00",account,en,2,phone,0,"2026-07-13 07:05:02"
5492,889,"2026-06-28 15:55:00",delivery,es,3,phone,0,"2026-06-28 23:07:59"
5493,243,"2026-06-13 19:00:00",returns,en,2,email,0,"2026-06-14 00:39:18"
5494,1166,"2026-06-17 23:23:00",account,en,4,email,0,"2026-06-18 15:07:39"
5495,490,"2026-06-13 15:27:00",delivery,ja,2,email,0,"2026-06-13 23:42:01"
5496,302,"2026-07-15 19:44:00",returns,de,3,email,0,"2026-07-16 02:22:29"
5497,814,"2026-06-16 01:57:00",delivery,en,1,chat,0,"2026-06-16 09:46:58"
5498,500,"2026-06-15 19:32:00",billing,en,1,phone,0,"2026-06-15 22:39:51"
5499,401,"2026-07-12 10:02:00",billing,es,2,phone,0,"2026-07-12 17:44:01"
5500,284,"2026-05-14 22:44:00",delivery,en,1,phone,0,"2026-05-15 06:48:09"
5501,344,"2026-05-03 10:13:00",account,de,2,chat,0,"2026-05-04 01:43:00"
5502,1038,"2026-07-13 01:37:00",billing,en,4,chat,0,"2026-07-14 06:16:15"
5503,119,"2026-07-16 20:14:00",subscription,ja,1,phone,0,"2026-07-16 23:22:59"
5504,675,"2026-06-29 14:25:00",technical,ja,1,email,0,"2026-06-29 18:18:49"
5505,768,"2026-07-13 17:06:00",technical,de,1,chat,1,"2026-07-13 20:46:41"
5506,194,"2026-07-09 17:52:00",billing,en,3,phone,0,"2026-07-10 11:06:21"
5507,554,"2026-05-13 16:26:00",account,en,3,email,0,"2026-05-14 03:43:21"
5508,831,"2026-05-27 09:38:00",account,en,2,phone,0,"2026-05-27 13:04:51"
5509,955,"2026-07-23 19:17:00",account,en,2,email,0,"2026-07-23 21:39:37"
5510,1050,"2026-06-01 06:33:00",returns,en,5,email,1,"2026-06-01 22:39:47"
5511,135,"2026-06-08 17:26:00",technical,en,1,chat,0,"2026-06-08 23:26:58"
5512,219,"2026-06-27 06:36:00",technical,en,1,email,0,"2026-06-27 10:38:49"
5513,531,"2026-07-28 15:04:00",returns,en,2,email,0,"2026-07-28 21:37:02"
5514,402,"2026-06-29 14:44:00",billing,en,1,email,0,"2026-06-29 21:55:42"
5515,900,"2026-07-21 18:23:00",subscription,ja,1,chat,1,"2026-07-21 20:35:06"
5516,838,"2026-05-03 06:18:00",delivery,en,2,phone,0,"2026-05-03 18:32:54"
5517,202,"2026-07-01 02:36:00",technical,en,2,phone,1,"2026-07-01 06:11:09"
5518,952,"2026-05-03 08:44:00",returns,en,3,email,0,"2026-05-03 16:48:00"
5519,939,"2026-07-21 20:16:00",delivery,en,3,chat,0,"2026-07-22 08:22:27"
5520,401,"2026-05-23 05:36:00",subscription,en,2,phone,0,"2026-05-23 08:50:50"
5521,1097,"2026-06-25 18:59:00",account,ja,3,email,0,"2026-06-26 08:02:36"
5522,195,"2026-05-18 09:45:00",subscription,de,1,phone,0,"2026-05-19 01:26:20"
5523,596,"2026-06-23 19:00:00",billing,es,1,email,0,"2026-06-23 21:09:54"
5524,772,"2026-07-15 13:41:00",technical,en,3,email,0,"2026-07-16 00:44:26"
5525,240,"2026-05-15 08:34:00",subscription,de,1,email,0,"2026-05-15 13:39:29"
5526,868,"2026-06-16 21:56:00",subscription,en,2,phone,0,"2026-06-17 18:29:26"
5527,639,"2026-07-22 16:51:00",subscription,fr,4,email,0,"2026-07-23 01:14:25"
5528,1108,"2026-06-23 07:41:00",subscription,en,3,chat,0,"2026-06-23 16:23:18"
5529,909,"2026-05-23 16:05:00",billing,en,2,chat,0,"2026-05-23 22:51:22"
5530,674,"2026-05-19 09:23:00",subscription,en,2,email,0,"2026-05-19 21:33:49"
5531,464,"2026-06-02 17:18:00",billing,en,1,chat,0,"2026-06-03 02:14:12"
5532,722,"2026-05-07 10:44:00",account,de,1,chat,1,"2026-05-07 16:34:19"
5533,171,"2026-06-28 01:41:00",billing,en,1,phone,0,"2026-06-28 07:50:20"
5534,72,"2026-07-11 14:51:00",subscription,en,3,chat,0,"2026-07-11 23:38:07"
5535,101,"2026-05-06 23:09:00",technical,en,2,email,0,"2026-05-07 06:42:38"
5536,1137,"2026-05-16 20:18:00",delivery,en,2,chat,0,"2026-05-17 21:04:08"
5537,68,"2026-06-01 16:33:00",technical,en,1,chat,0,"2026-06-02 00:26:28"
5538,851,"2026-05-31 08:14:00",subscription,en,1,phone,0,"2026-05-31 22:10:08"
5539,238,"2026-07-14 20:48:00",delivery,en,2,chat,0,"2026-07-15 12:22:07"
5540,134,"2026-07-29 13:32:00",technical,en,2,email,0,"2026-07-29 16:34:30"
5541,139,"2026-06-09 18:20:00",returns,fr,1,chat,0,"2026-06-10 01:48:35"
5542,536,"2026-07-21 16:16:00",technical,en,2,phone,0,"2026-07-21 21:24:49"
5543,1024,"2026-05-15 18:48:00",billing,fr,1,chat,0,"2026-05-16 00:08:45"
5544,458,"2026-06-23 17:02:00",technical,de,1,phone,0,"2026-06-24 15:53:53"
5545,79,"2026-06-12 01:28:00",delivery,es,1,phone,0,"2026-06-12 14:49:36"
5546,402,"2026-07-06 20:44:00",account,en,2,phone,0,"2026-07-07 06:13:00"
5547,980,"2026-05-04 16:00:00",technical,es,1,chat,0,"2026-05-04 23:21:05"
5548,493,"2026-06-26 17:18:00",billing,en,2,email,0,"2026-06-26 23:42:49"
5549,991,"2026-07-28 11:50:00",technical,es,4,chat,0,"2026-07-28 22:05:44"
5550,179,"2026-05-05 22:27:00",returns,en,3,phone,0,"2026-05-06 16:20:49"
5551,451,"2026-05-20 12:50:00",technical,en,3,chat,0,"2026-05-20 23:14:53"
5552,493,"2026-05-14 08:37:00",delivery,ja,1,phone,0,"2026-05-14 18:06:23"
5553,1173,"2026-05-01 01:01:00",returns,de,1,chat,0,"2026-05-01 09:39:01"
5554,1132,"2026-07-22 23:20:00",billing,en,2,chat,0,"2026-07-23 06:44:09"
5555,620,"2026-06-13 20:33:00",returns,en,2,phone,1,"2026-06-14 01:50:38"
5556,167,"2026-05-09 23:17:00",subscription,en,2,phone,0,"2026-05-10 13:00:35"
5557,872,"2026-06-11 08:14:00",subscription,en,1,chat,0,"2026-06-11 12:35:37"
5558,1191,"2026-05-31 23:06:00",returns,en,3,phone,0,"2026-06-01 06:32:09"
5559,603,"2026-07-16 18:09:00",returns,ja,3,phone,0,"2026-07-17 07:00:03"
5560,797,"2026-06-11 23:02:00",returns,ja,4,phone,0,"2026-06-12 07:41:13"
5561,89,"2026-05-03 17:59:00",account,en,3,chat,0,"2026-05-04 14:05:31"
5562,846,"2026-05-27 09:49:00",returns,en,1,email,0,"2026-05-27 17:12:33"
5563,13,"2026-07-06 18:33:00",technical,es,3,email,0,"2026-07-07 07:43:22"
5564,736,"2026-06-26 19:09:00",subscription,en,2,email,0,"2026-06-27 03:19:28"
5565,655,"2026-05-20 13:28:00",delivery,en,1,email,0,"2026-05-20 17:38:36"
5566,70,"2026-06-14 12:51:00",returns,en,4,chat,0,"2026-06-14 22:28:24"
5567,346,"2026-05-01 09:59:00",subscription,en,1,phone,0,"2026-05-01 15:39:56"
5568,853,"2026-05-17 23:46:00",billing,en,1,chat,0,"2026-05-18 11:48:34"
5569,748,"2026-06-29 02:41:00",subscription,en,2,chat,0,"2026-06-29 12:36:28"
5570,1060,"2026-05-21 14:44:00",billing,en,1,phone,0,"2026-05-21 19:44:09"
5571,94,"2026-07-29 16:01:00",account,en,1,phone,0,"2026-07-29 22:36:23"
5572,1159,"2026-05-18 12:11:00",returns,de,4,phone,1,"2026-05-18 18:09:43"
5573,99,"2026-07-13 04:55:00",delivery,de,2,phone,0,"2026-07-13 14:05:35"
5574,583,"2026-05-15 09:25:00",technical,en,1,email,0,"2026-05-15 14:42:06"
5575,437,"2026-05-29 07:40:00",billing,en,1,chat,0,"2026-05-29 13:24:21"
5576,499,"2026-05-15 01:23:00",technical,en,1,email,0,"2026-05-15 07:10:12"
5577,639,"2026-06-06 05:10:00",billing,en,3,phone,0,"2026-06-06 11:35:05"
5578,1130,"2026-07-01 05:33:00",account,en,2,chat,0,"2026-07-01 07:19:44"
5579,242,"2026-06-05 02:17:00",subscription,en,1,chat,0,"2026-06-05 06:01:21"
5580,1072,"2026-06-24 04:29:00",account,en,1,email,0,"2026-06-24 05:53:31"
5581,1044,"2026-06-10 11:01:00",technical,en,3,chat,0,"2026-06-10 23:11:52"
5582,618,"2026-06-23 18:39:00",technical,de,3,phone,0,"2026-06-24 09:57:45"
5583,712,"2026-05-15 09:48:00",billing,de,1,email,0,"2026-05-15 15:43:34"
5584,1176,"2026-07-18 15:24:00",billing,es,3,chat,0,"2026-07-18 20:55:36"
5585,980,"2026-06-08 13:38:00",billing,en,1,chat,0,"2026-06-09 13:15:07"
5586,1051,"2026-05-05 09:52:00",account,en,1,email,0,"2026-05-05 21:08:36"
5587,1165,"2026-06-07 12:49:00",subscription,fr,4,phone,0,"2026-06-07 21:19:52"
5588,593,"2026-07-21 12:03:00",delivery,en,2,email,0,"2026-07-21 14:13:12"
5589,483,"2026-06-12 04:10:00",delivery,de,1,phone,0,"2026-06-12 08:14:59"
5590,774,"2026-05-04 17:09:00",returns,ja,1,phone,1,"2026-05-04 21:29:42"
5591,906,"2026-05-28 01:32:00",delivery,en,1,phone,0,"2026-05-28 09:26:06"
5592,1147,"2026-05-08 10:24:00",subscription,en,2,chat,0,"2026-05-08 16:34:18"
5593,822,"2026-05-17 03:18:00",subscription,ja,3,email,0,"2026-05-17 10:35:07"
5594,1024,"2026-06-25 02:24:00",technical,es,1,phone,0,"2026-06-25 12:13:45"
5595,289,"2026-06-10 03:42:00",technical,en,1,phone,1,"2026-06-11 03:55:58"
5596,1103,"2026-06-03 05:45:00",returns,ja,3,phone,0,"2026-06-03 20:35:09"
5597,944,"2026-05-24 04:48:00",subscription,fr,1,phone,0,"2026-05-24 11:24:25"
5598,419,"2026-06-18 17:02:00",billing,en,2,chat,0,"2026-06-19 01:34:45"
5599,37,"2026-06-28 22:04:00",subscription,en,2,chat,0,"2026-06-29 06:26:08"
5600,567,"2026-05-27 01:19:00",delivery,es,3,email,0,"2026-05-27 06:55:49"
5601,579,"2026-07-06 12:30:00",returns,en,1,phone,0,"2026-07-06 15:23:58"
5602,1015,"2026-05-31 11:56:00",subscription,en,1,email,0,"2026-06-01 02:15:58"
5603,707,"2026-07-18 09:37:00",returns,en,2,email,0,"2026-07-18 17:37:18"
5604,403,"2026-05-28 16:38:00",returns,ja,3,chat,0,"2026-05-28 19:30:44"
5605,589,"2026-07-26 05:36:00",technical,en,2,chat,0,"2026-07-26 15:09:54"
5606,125,"2026-07-25 06:15:00",subscription,en,1,phone,0,"2026-07-25 16:35:41"
5607,215,"2026-05-10 08:33:00",billing,en,2,chat,0,"2026-05-10 11:39:36"
5608,511,"2026-06-22 11:03:00",subscription,ja,2,email,0,"2026-06-22 23:19:18"
5609,1157,"2026-06-23 09:53:00",account,ja,1,chat,0,"2026-06-23 13:52:12"
5610,251,"2026-05-16 00:14:00",account,en,1,phone,0,"2026-05-16 10:02:21"
5611,382,"2026-07-24 04:15:00",account,en,3,chat,0,"2026-07-24 11:35:44"
5612,26,"2026-05-27 05:57:00",returns,en,2,email,0,"2026-05-27 17:34:52"
5613,127,"2026-07-25 06:03:00",subscription,en,2,phone,0,"2026-07-25 10:25:26"
5614,1050,"2026-06-14 11:47:00",delivery,en,3,email,0,"2026-06-14 21:14:54"
5615,36,"2026-05-02 08:25:00",technical,fr,2,email,0,"2026-05-03 04:05:15"
5616,1009,"2026-06-30 15:19:00",account,en,3,chat,0,"2026-06-30 22:24:49"
5617,207,"2026-07-03 14:00:00",returns,en,4,email,0,"2026-07-03 19:41:48"
5618,572,"2026-06-05 02:12:00",account,fr,1,email,0,"2026-06-05 05:06:59"
5619,625,"2026-06-09 04:46:00",billing,en,2,phone,0,"2026-06-09 08:03:44"
5620,358,"2026-06-28 16:37:00",technical,ja,4,chat,0,"2026-06-28 23:22:26"
5621,411,"2026-07-15 17:03:00",subscription,en,1,email,1,"2026-07-15 20:31:54"
5622,514,"2026-07-15 13:21:00",delivery,en,3,email,0,"2026-07-16 01:48:07"
5623,702,"2026-06-02 01:18:00",account,fr,2,chat,0,"2026-06-02 06:01:47"
5624,915,"2026-07-11 02:48:00",subscription,fr,2,email,0,"2026-07-11 12:32:34"
5625,144,"2026-06-01 06:32:00",billing,en,1,chat,0,"2026-06-01 18:44:06"
5626,686,"2026-06-29 05:39:00",technical,en,1,email,0,"2026-06-29 13:55:28"
5627,975,"2026-05-27 21:36:00",returns,en,2,phone,0,"2026-05-28 03:47:57"
5628,130,"2026-05-13 10:43:00",returns,en,2,phone,0,"2026-05-13 21:18:52"
5629,410,"2026-06-09 16:00:00",technical,ja,2,email,1,"2026-06-09 19:27:53"
5630,68,"2026-05-23 11:38:00",returns,en,3,chat,1,"2026-05-24 04:09:27"
5631,630,"2026-05-24 01:05:00",technical,de,1,email,0,"2026-05-24 04:56:05"
5632,666,"2026-06-16 05:36:00",subscription,es,1,chat,0,"2026-06-17 00:04:38"
5633,137,"2026-07-07 13:15:00",account,en,2,phone,0,"2026-07-07 20:21:36"
5634,234,"2026-05-12 19:53:00",returns,en,2,email,0,"2026-05-13 02:26:23"
5635,202,"2026-05-16 12:50:00",subscription,de,1,email,0,"2026-05-16 15:41:53"
5636,126,"2026-05-09 20:23:00",subscription,es,3,chat,0,"2026-05-10 11:33:31"
5637,782,"2026-07-08 03:06:00",technical,en,1,email,0,"2026-07-08 06:02:35"
5638,1089,"2026-06-26 03:21:00",returns,en,2,email,0,"2026-06-26 08:05:43"
5639,800,"2026-06-22 01:32:00",billing,es,2,email,0,"2026-06-22 10:41:01"
5640,146,"2026-06-06 01:45:00",billing,ja,2,chat,0,"2026-06-06 07:58:11"
5641,740,"2026-06-04 00:21:00",subscription,en,4,email,1,"2026-06-04 18:37:24"
5642,915,"2026-06-30 15:21:00",account,en,1,phone,0,"2026-06-30 19:23:58"
5643,623,"2026-05-21 10:56:00",technical,en,2,email,0,"2026-05-21 18:58:37"
5644,72,"2026-05-05 05:32:00",returns,es,5,chat,0,"2026-05-05 20:12:00"
5645,97,"2026-07-10 05:59:00",billing,de,3,chat,1,"2026-07-11 00:04:24"
5646,930,"2026-05-18 16:03:00",returns,ja,4,phone,0,"2026-05-18 22:39:20"
5647,1115,"2026-06-08 16:44:00",technical,en,2,chat,0,"2026-06-09 01:45:43"
5648,551,"2026-06-17 00:55:00",technical,de,2,phone,0,"2026-06-17 23:16:35"
5649,830,"2026-06-13 04:19:00",account,ja,1,email,0,"2026-06-13 11:12:02"
5650,919,"2026-05-02 05:12:00",returns,en,1,chat,0,"2026-05-02 09:49:50"
5651,667,"2026-05-08 22:53:00",delivery,en,1,chat,0,"2026-05-09 03:26:12"
5652,864,"2026-06-06 18:18:00",account,en,2,email,0,"2026-06-07 00:16:10"
5653,219,"2026-06-17 01:46:00",account,en,2,phone,0,"2026-06-17 05:21:03"
5654,1000,"2026-07-05 02:27:00",account,es,3,phone,0,"2026-07-05 08:39:16"
5655,414,"2026-05-30 04:18:00",billing,en,1,chat,0,"2026-05-30 07:22:30"
5656,1027,"2026-06-13 09:58:00",returns,en,3,chat,1,"2026-06-13 21:42:02"
5657,761,"2026-05-06 06:59:00",returns,en,4,email,0,"2026-05-06 19:39:49"
5658,600,"2026-06-26 05:50:00",delivery,en,1,phone,0,"2026-06-26 08:23:18"
5659,147,"2026-07-28 12:07:00",account,en,1,phone,0,"2026-07-28 21:20:08"
5660,1082,"2026-07-19 12:08:00",subscription,ja,3,phone,0,"2026-07-19 17:59:44"
5661,1086,"2026-05-18 19:44:00",technical,es,4,chat,0,"2026-05-20 06:39:44"
5662,467,"2026-06-12 05:44:00",billing,en,2,phone,0,"2026-06-12 10:00:59"
5663,313,"2026-06-10 21:12:00",delivery,en,1,phone,0,"2026-06-11 02:57:13"
5664,1096,"2026-06-11 07:26:00",subscription,en,2,phone,0,"2026-06-11 12:57:20"
5665,363,"2026-05-16 05:34:00",billing,en,1,chat,0,"2026-05-16 09:26:44"
5666,25,"2026-07-16 18:46:00",account,en,3,email,0,"2026-07-17 03:18:14"
5667,349,"2026-06-16 16:25:00",billing,es,2,chat,0,"2026-06-16 23:36:07"
5668,502,"2026-06-11 08:17:00",billing,en,5,email,0,"2026-06-11 13:50:59"
5669,110,"2026-07-23 01:30:00",returns,en,3,phone,0,"2026-07-23 11:33:29"
5670,729,"2026-07-06 13:29:00",account,en,1,chat,0,"2026-07-06 23:11:34"
5671,609,"2026-05-02 12:40:00",account,es,1,email,0,"2026-05-02 16:23:31"
5672,443,"2026-06-21 07:50:00",delivery,en,3,email,1,"2026-06-21 11:53:42"
5673,947,"2026-06-24 14:03:00",returns,en,1,email,0,"2026-06-24 18:36:13"
5674,856,"2026-06-12 19:49:00",account,en,1,chat,0,"2026-06-13 08:47:11"
5675,738,"2026-05-03 13:15:00",subscription,en,4,email,0,"2026-05-04 01:34:58"
5676,883,"2026-07-20 18:50:00",account,en,3,email,0,"2026-07-21 21:55:02"
5677,870,"2026-07-03 17:01:00",delivery,en,1,email,0,"2026-07-03 18:44:32"
5678,381,"2026-07-24 10:54:00",account,en,3,phone,0,"2026-07-24 16:55:36"
5679,769,"2026-05-30 18:14:00",subscription,es,4,phone,0,"2026-06-01 00:55:24"
5680,486,"2026-07-15 04:50:00",technical,ja,1,chat,0,"2026-07-15 16:11:55"
5681,52,"2026-06-29 00:52:00",subscription,ja,4,phone,0,"2026-06-29 18:49:53"
5682,1022,"2026-07-20 09:02:00",billing,en,1,email,0,"2026-07-20 22:38:55"
5683,608,"2026-07-23 04:31:00",returns,en,2,chat,0,"2026-07-24 08:23:51"
5684,451,"2026-05-26 07:48:00",billing,en,2,email,0,"2026-05-26 16:38:52"
5685,668,"2026-05-15 03:05:00",account,en,1,phone,0,"2026-05-15 06:42:01"
5686,1095,"2026-06-26 01:08:00",returns,en,3,phone,0,"2026-06-26 10:46:48"
5687,564,"2026-06-19 18:12:00",billing,fr,2,chat,0,"2026-06-19 22:06:10"
5688,1103,"2026-06-16 10:33:00",technical,en,4,email,0,"2026-06-16 22:54:55"
5689,1198,"2026-05-25 19:41:00",delivery,fr,2,chat,0,"2026-05-26 04:15:35"
5690,207,"2026-05-03 06:49:00",returns,en,4,phone,0,"2026-05-03 14:46:09"
5691,391,"2026-07-02 12:33:00",technical,en,1,chat,1,"2026-07-02 15:28:26"
5692,593,"2026-05-10 06:19:00",returns,es,1,email,0,"2026-05-10 16:57:52"
5693,1155,"2026-06-14 16:24:00",delivery,en,3,chat,1,"2026-06-15 09:43:03"
5694,208,"2026-07-10 20:12:00",subscription,ja,2,phone,0,"2026-07-11 11:08:44"
5695,835,"2026-06-04 01:41:00",account,en,2,phone,0,"2026-06-04 07:15:01"
5696,666,"2026-06-28 00:43:00",technical,en,1,phone,0,"2026-06-28 09:25:31"
5697,1090,"2026-07-18 15:44:00",technical,en,4,phone,0,"2026-07-19 18:47:54"
5698,151,"2026-07-07 10:41:00",billing,en,3,email,0,"2026-07-08 00:52:10"
5699,224,"2026-07-14 15:59:00",account,en,2,email,0,"2026-07-15 10:44:41"
5700,1043,"2026-05-16 00:33:00",subscription,de,3,email,0,"2026-05-16 15:42:07"
5701,887,"2026-05-20 20:40:00",billing,es,3,phone,0,"2026-05-21 15:36:47"
5702,225,"2026-06-25 09:46:00",subscription,en,3,phone,0,"2026-06-25 14:20:45"
5703,348,"2026-07-24 23:09:00",returns,en,2,email,0,"2026-07-25 09:01:29"
5704,1141,"2026-06-09 23:11:00",billing,en,1,chat,0,"2026-06-10 04:20:10"
5705,603,"2026-06-09 17:33:00",billing,fr,2,email,0,"2026-06-09 20:33:20"
5706,912,"2026-07-26 12:53:00",technical,en,2,email,0,"2026-07-26 17:26:57"
5707,48,"2026-05-03 16:39:00",subscription,ja,1,email,0,"2026-05-03 23:00:05"
5708,977,"2026-05-17 03:32:00",technical,fr,4,email,0,"2026-05-17 11:01:41"
5709,676,"2026-06-18 10:03:00",delivery,fr,2,chat,1,"2026-06-18 13:16:30"
5710,269,"2026-06-18 09:14:00",delivery,en,3,chat,0,"2026-06-19 01:27:54"
5711,473,"2026-07-03 15:21:00",subscription,en,3,phone,0,"2026-07-04 08:28:54"
5712,907,"2026-05-11 13:08:00",technical,en,3,chat,0,"2026-05-11 15:33:32"
5713,826,"2026-07-15 20:22:00",returns,de,1,chat,0,"2026-07-16 03:45:44"
5714,179,"2026-06-03 08:02:00",account,en,2,chat,0,"2026-06-03 23:55:59"
5715,679,"2026-05-19 13:12:00",delivery,es,2,phone,0,"2026-05-19 16:37:12"
5716,1091,"2026-06-05 21:52:00",subscription,en,1,email,0,"2026-06-06 07:44:23"
5717,661,"2026-05-13 23:14:00",returns,fr,4,chat,0,"2026-05-14 05:17:59"
5718,41,"2026-07-18 23:10:00",billing,en,2,chat,0,"2026-07-19 06:13:26"
5719,11,"2026-07-23 19:09:00",billing,fr,3,email,0,"2026-07-24 06:58:23"
5720,292,"2026-05-31 01:23:00",account,en,1,chat,1,"2026-05-31 05:49:56"
5721,249,"2026-07-19 04:17:00",returns,en,2,email,0,"2026-07-19 10:01:14"
5722,203,"2026-05-26 18:56:00",delivery,en,5,phone,0,"2026-05-28 11:22:13"
5723,483,"2026-05-08 11:49:00",billing,en,3,email,0,"2026-05-08 15:07:59"
5724,857,"2026-05-16 07:44:00",subscription,en,2,chat,0,"2026-05-16 16:49:32"
5725,409,"2026-07-24 23:10:00",delivery,en,1,phone,0,"2026-07-25 08:11:25"
5726,924,"2026-05-27 06:30:00",returns,en,1,email,1,"2026-05-27 12:20:35"
5727,33,"2026-05-03 02:48:00",account,es,3,phone,0,"2026-05-03 12:46:13"
5728,1158,"2026-07-13 12:56:00",billing,en,2,email,0,"2026-07-13 17:53:54"
5729,107,"2026-06-17 12:34:00",billing,en,2,phone,0,"2026-06-17 19:14:57"
5730,965,"2026-07-25 01:55:00",subscription,de,2,phone,0,"2026-07-25 11:50:43"
5731,284,"2026-06-30 08:00:00",returns,fr,3,email,0,"2026-06-30 22:00:32"
5732,1071,"2026-05-05 04:28:00",technical,en,1,chat,0,"2026-05-05 13:20:19"
5733,242,"2026-05-22 21:38:00",delivery,en,2,phone,0,"2026-05-23 02:47:43"
5734,311,"2026-07-11 02:02:00",technical,en,3,email,0,"2026-07-11 18:03:21"
5735,754,"2026-05-25 14:32:00",subscription,en,1,chat,0,"2026-05-25 19:29:13"
5736,389,"2026-05-31 22:23:00",billing,en,1,email,0,"2026-06-01 05:19:47"
5737,520,"2026-06-05 04:24:00",subscription,es,4,chat,0,"2026-06-05 13:42:12"
5738,1128,"2026-06-19 19:15:00",delivery,en,1,chat,0,"2026-06-19 21:40:02"
5739,37,"2026-05-28 21:36:00",billing,en,2,phone,0,"2026-05-29 02:15:11"
5740,330,"2026-05-06 16:23:00",subscription,en,1,chat,0,"2026-05-06 19:12:29"
5741,247,"2026-05-01 13:52:00",technical,en,2,email,0,"2026-05-02 01:51:53"
5742,419,"2026-07-22 06:58:00",billing,en,1,chat,0,"2026-07-22 11:04:48"
5743,193,"2026-05-25 15:05:00",delivery,es,3,email,0,"2026-05-26 08:12:29"
5744,819,"2026-06-11 15:33:00",account,en,2,email,0,"2026-06-11 19:55:42"
5745,975,"2026-07-29 16:20:00",returns,en,1,chat,0,"2026-07-30 03:41:57"
5746,16,"2026-05-09 22:01:00",billing,fr,2,email,0,"2026-05-10 12:34:59"
5747,256,"2026-06-09 22:15:00",delivery,en,1,chat,0,"2026-06-11 02:35:49"
5748,1006,"2026-07-24 01:39:00",subscription,es,2,email,0,"2026-07-24 06:47:49"
5749,896,"2026-05-27 17:26:00",delivery,ja,2,chat,0,"2026-05-28 21:17:36"
5750,191,"2026-06-09 06:29:00",returns,en,1,chat,1,"2026-06-09 11:40:58"
5751,267,"2026-06-19 07:51:00",delivery,de,1,chat,0,"2026-06-19 13:18:34"
5752,380,"2026-05-05 08:43:00",billing,es,2,phone,0,"2026-05-05 15:10:25"
5753,886,"2026-06-16 07:46:00",billing,en,1,phone,0,"2026-06-16 14:28:46"
5754,167,"2026-06-08 16:43:00",billing,en,2,email,0,"2026-06-09 01:02:32"
5755,842,"2026-05-05 21:22:00",delivery,en,1,phone,0,"2026-05-06 01:28:49"
5756,45,"2026-07-17 01:14:00",technical,ja,1,chat,0,"2026-07-17 06:28:57"
5757,907,"2026-06-13 17:03:00",technical,ja,3,email,0,"2026-06-13 23:40:23"
5758,327,"2026-05-02 19:51:00",billing,ja,3,chat,0,"2026-05-03 04:12:40"
5759,1175,"2026-06-16 15:37:00",returns,de,2,chat,1,"2026-06-16 21:57:44"
5760,800,"2026-05-17 14:57:00",account,en,2,chat,0,"2026-05-17 18:52:00"
5761,1029,"2026-05-05 00:55:00",delivery,en,3,email,0,"2026-05-05 22:46:04"
5762,239,"2026-07-18 17:24:00",returns,ja,1,phone,0,"2026-07-19 07:18:39"
5763,342,"2026-07-04 05:20:00",account,en,2,phone,1,"2026-07-04 15:28:41"
5764,585,"2026-07-24 13:05:00",delivery,en,2,phone,0,"2026-07-25 05:18:39"
5765,1136,"2026-07-01 03:59:00",returns,en,1,phone,1,"2026-07-01 07:57:32"
5766,209,"2026-06-10 02:11:00",subscription,en,1,phone,0,"2026-06-10 08:20:37"
5767,1000,"2026-07-22 04:47:00",technical,es,1,phone,0,"2026-07-22 07:10:50"
5768,1190,"2026-06-09 00:20:00",technical,en,3,email,0,"2026-06-09 05:51:08"
5769,1121,"2026-06-05 18:07:00",subscription,en,1,chat,0,"2026-06-05 20:42:55"
5770,142,"2026-05-20 21:46:00",returns,fr,3,chat,1,"2026-05-21 05:26:37"
5771,522,"2026-06-16 03:25:00",returns,fr,1,phone,0,"2026-06-16 10:28:47"
5772,316,"2026-05-23 16:06:00",technical,ja,4,chat,0,"2026-05-24 02:45:33"
5773,269,"2026-06-04 14:34:00",account,ja,1,chat,1,"2026-06-05 03:22:03"
5774,897,"2026-06-02 23:53:00",delivery,fr,2,email,0,"2026-06-03 05:56:22"
5775,38,"2026-07-01 20:15:00",delivery,en,1,email,1,"2026-07-02 02:18:37"
5776,134,"2026-05-10 01:54:00",billing,es,1,phone,0,"2026-05-10 06:26:57"
5777,761,"2026-06-13 14:28:00",technical,en,1,chat,0,"2026-06-13 18:43:13"
5778,70,"2026-05-09 22:51:00",account,en,1,phone,0,"2026-05-10 17:15:29"
5779,1015,"2026-07-07 03:30:00",returns,es,5,chat,0,"2026-07-07 12:02:54"
5780,469,"2026-05-30 12:39:00",billing,en,2,phone,0,"2026-05-30 21:48:13"
5781,1165,"2026-06-15 12:18:00",subscription,fr,2,chat,0,"2026-06-15 16:42:22"
5782,667,"2026-07-04 22:33:00",returns,en,2,phone,0,"2026-07-05 06:07:48"
5783,889,"2026-07-02 09:09:00",delivery,en,1,phone,0,"2026-07-02 14:43:49"
5784,738,"2026-06-16 01:44:00",technical,ja,4,email,0,"2026-06-16 17:26:45"
5785,377,"2026-05-12 17:13:00",account,en,2,email,0,"2026-05-13 05:21:26"
5786,390,"2026-06-11 04:13:00",subscription,en,1,phone,0,"2026-06-11 20:58:05"
5787,592,"2026-07-12 14:14:00",billing,en,1,chat,0,"2026-07-12 18:26:03"
5788,794,"2026-05-18 13:46:00",billing,en,2,chat,0,"2026-05-18 23:35:54"
5789,528,"2026-05-06 14:47:00",subscription,en,3,phone,0,"2026-05-07 09:51:42"
5790,1162,"2026-06-14 05:01:00",delivery,ja,1,chat,0,"2026-06-14 08:26:59"
5791,49,"2026-05-16 03:31:00",returns,ja,3,phone,0,"2026-05-16 18:35:32"
5792,89,"2026-07-15 11:34:00",returns,en,2,phone,0,"2026-07-15 15:21:28"
5793,1035,"2026-06-17 07:57:00",subscription,en,2,phone,0,"2026-06-17 13:32:20"
5794,993,"2026-05-20 09:06:00",delivery,ja,1,chat,0,"2026-05-20 20:26:10"
5795,289,"2026-07-07 16:49:00",billing,en,1,phone,0,"2026-07-08 00:03:15"
5796,124,"2026-06-07 13:06:00",returns,en,4,chat,0,"2026-06-07 21:56:37"
5797,231,"2026-07-19 20:40:00",billing,de,4,chat,0,"2026-07-20 02:58:06"
5798,74,"2026-06-21 00:39:00",subscription,en,1,phone,0,"2026-06-21 07:46:27"
5799,698,"2026-06-23 18:35:00",technical,de,3,phone,0,"2026-06-23 22:42:19"
5800,658,"2026-06-15 21:15:00",returns,en,4,email,0,"2026-06-16 13:22:08"
5801,500,"2026-05-18 23:17:00",account,en,4,chat,0,"2026-05-19 20:20:21"
5802,474,"2026-06-16 10:32:00",subscription,en,3,chat,0,"2026-06-16 21:38:07"
5803,1124,"2026-07-22 15:00:00",subscription,ja,2,chat,0,"2026-07-22 18:22:43"
5804,372,"2026-05-31 17:11:00",delivery,fr,2,phone,0,"2026-06-01 00:24:30"
5805,513,"2026-07-06 11:36:00",subscription,en,1,email,0,"2026-07-06 21:30:36"
5806,635,"2026-06-13 17:39:00",technical,es,2,phone,0,"2026-06-14 05:22:49"
5807,12,"2026-06-17 11:37:00",returns,en,1,chat,0,"2026-06-17 19:13:38"
5808,359,"2026-07-08 21:01:00",delivery,es,2,phone,0,"2026-07-08 23:12:42"
5809,1030,"2026-07-11 21:57:00",returns,en,3,email,0,"2026-07-12 09:13:21"
5810,1129,"2026-07-01 08:24:00",billing,en,1,phone,1,"2026-07-01 14:50:12"
5811,266,"2026-05-12 05:41:00",technical,en,5,email,0,"2026-05-12 21:55:19"
5812,330,"2026-06-18 07:54:00",delivery,en,1,chat,0,"2026-06-18 11:52:44"
5813,686,"2026-05-26 07:40:00",returns,es,2,email,0,"2026-05-26 13:19:37"
5814,153,"2026-07-07 15:30:00",returns,fr,1,phone,0,"2026-07-07 21:21:33"
5815,410,"2026-06-05 17:42:00",delivery,es,2,chat,0,"2026-06-06 00:24:16"
5816,509,"2026-07-19 13:03:00",delivery,es,1,chat,0,"2026-07-19 21:23:28"
5817,687,"2026-06-30 22:48:00",returns,en,1,phone,0,"2026-07-01 01:57:08"
5818,246,"2026-05-22 15:59:00",subscription,en,2,email,0,"2026-05-23 05:32:11"
5819,86,"2026-05-10 17:05:00",returns,en,1,email,0,"2026-05-10 20:42:49"
5820,589,"2026-06-26 01:49:00",delivery,en,1,chat,0,"2026-06-26 08:18:52"
5821,494,"2026-05-15 07:39:00",technical,fr,4,email,0,"2026-05-15 17:30:25"
5822,751,"2026-05-24 09:55:00",subscription,en,1,chat,0,"2026-05-24 12:46:29"
5823,1116,"2026-05-28 16:58:00",technical,en,5,phone,1,"2026-05-29 10:14:12"
5824,698,"2026-05-13 14:29:00",billing,de,3,email,0,"2026-05-13 22:30:26"
5825,514,"2026-05-07 04:39:00",returns,en,4,phone,1,"2026-05-07 11:33:17"
5826,190,"2026-05-28 22:17:00",delivery,en,2,email,0,"2026-05-29 04:02:26"
5827,953,"2026-05-27 13:27:00",technical,ja,3,email,0,"2026-05-27 16:41:08"
5828,44,"2026-06-26 08:23:00",account,ja,2,email,0,"2026-06-26 13:54:22"
5829,553,"2026-06-03 21:46:00",subscription,en,4,email,0,"2026-06-04 21:57:59"
5830,64,"2026-07-19 15:40:00",subscription,en,2,email,0,"2026-07-19 17:55:37"
5831,68,"2026-05-29 22:32:00",account,en,1,chat,0,"2026-05-30 11:02:28"
5832,219,"2026-06-01 12:47:00",billing,en,2,phone,0,"2026-06-01 20:03:58"
5833,672,"2026-05-02 11:38:00",delivery,en,1,phone,0,"2026-05-02 23:32:06"
5834,1127,"2026-07-07 23:15:00",billing,en,3,email,0,"2026-07-08 09:40:18"
5835,678,"2026-05-06 00:29:00",account,en,2,phone,0,"2026-05-06 06:39:59"
5836,44,"2026-07-14 02:18:00",technical,en,1,email,0,"2026-07-14 09:33:49"
5837,752,"2026-06-28 13:59:00",returns,en,4,chat,0,"2026-06-29 04:59:51"
5838,53,"2026-07-12 06:12:00",account,en,3,phone,1,"2026-07-12 14:00:17"
5839,844,"2026-06-21 00:37:00",delivery,en,2,email,0,"2026-06-21 07:40:09"
5840,948,"2026-07-02 20:21:00",technical,en,4,email,0,"2026-07-03 02:37:43"
5841,328,"2026-05-06 03:36:00",delivery,en,1,chat,0,"2026-05-06 10:21:37"
5842,773,"2026-05-14 08:12:00",billing,en,4,chat,0,"2026-05-14 20:03:51"
5843,652,"2026-06-17 23:39:00",subscription,en,1,phone,0,"2026-06-18 06:29:21"
5844,345,"2026-05-28 02:10:00",billing,es,1,email,1,"2026-05-28 09:15:29"
5845,574,"2026-07-21 14:14:00",account,fr,2,phone,0,"2026-07-21 19:05:43"
5846,324,"2026-07-09 16:13:00",returns,en,3,phone,0,"2026-07-11 18:07:47"
5847,709,"2026-07-04 02:34:00",account,fr,2,phone,0,"2026-07-04 07:10:18"
5848,313,"2026-06-17 08:57:00",subscription,en,1,chat,0,"2026-06-17 17:17:17"
5849,56,"2026-06-14 02:13:00",delivery,en,2,phone,0,"2026-06-14 09:35:22"
5850,1077,"2026-06-01 10:39:00",account,ja,2,phone,0,"2026-06-02 12:02:12"
5851,9,"2026-06-25 23:35:00",billing,en,2,phone,0,"2026-06-26 08:33:25"
5852,1027,"2026-05-03 21:30:00",subscription,en,2,phone,0,"2026-05-04 07:45:22"
5853,159,"2026-05-18 19:41:00",technical,de,2,chat,0,"2026-05-19 08:31:40"
5854,102,"2026-07-09 23:16:00",account,en,2,email,0,"2026-07-10 07:08:32"
5855,367,"2026-06-20 03:14:00",delivery,ja,2,phone,0,"2026-06-20 13:40:26"
5856,479,"2026-06-22 16:56:00",billing,en,5,chat,0,"2026-06-24 10:16:29"
5857,385,"2026-06-27 19:43:00",account,en,2,email,0,"2026-06-28 05:31:52"
5858,1054,"2026-07-06 14:53:00",subscription,en,2,phone,0,"2026-07-06 23:56:05"
5859,922,"2026-05-30 16:25:00",subscription,ja,2,chat,1,"2026-05-30 21:34:26"
5860,731,"2026-07-28 10:37:00",account,en,3,chat,0,"2026-07-28 23:08:25"
5861,1044,"2026-06-25 00:39:00",account,en,2,email,0,"2026-06-25 10:08:08"
5862,657,"2026-05-30 21:02:00",billing,es,1,chat,0,"2026-05-31 01:21:49"
5863,1054,"2026-05-18 19:35:00",returns,en,4,email,0,"2026-05-18 23:35:42"
5864,1018,"2026-05-13 16:29:00",account,en,4,email,0,"2026-05-14 17:45:00"
5865,207,"2026-06-08 14:21:00",billing,de,3,chat,0,"2026-06-08 18:31:30"
5866,621,"2026-05-24 05:01:00",account,es,5,chat,0,"2026-05-24 15:11:53"
5867,668,"2026-05-24 20:01:00",subscription,en,2,email,0,"2026-05-25 11:26:43"
5868,657,"2026-07-28 20:41:00",technical,en,3,chat,0,"2026-07-29 01:58:24"
5869,538,"2026-07-23 14:07:00",delivery,en,4,email,1,"2026-07-24 01:02:20"
5870,396,"2026-05-21 22:29:00",returns,en,2,email,0,"2026-05-22 02:30:09"
5871,455,"2026-06-21 02:42:00",billing,de,2,chat,0,"2026-06-22 05:04:38"
5872,408,"2026-05-25 22:06:00",account,en,1,phone,1,"2026-05-26 11:40:21"
5873,949,"2026-07-13 23:13:00",delivery,de,3,chat,0,"2026-07-14 06:36:40"
5874,546,"2026-06-04 13:25:00",delivery,fr,2,email,0,"2026-06-05 05:46:20"
5875,525,"2026-07-28 15:26:00",returns,es,3,email,0,"2026-07-29 13:09:28"
5876,267,"2026-05-27 21:33:00",subscription,en,2,email,0,"2026-05-28 12:11:54"
5877,716,"2026-05-08 21:30:00",delivery,en,3,phone,0,"2026-05-09 10:31:30"
5878,1175,"2026-06-20 02:04:00",technical,es,3,email,0,"2026-06-20 17:09:24"
5879,686,"2026-05-15 23:48:00",returns,en,2,email,0,"2026-05-16 10:52:17"
5880,414,"2026-06-07 14:22:00",returns,ja,3,phone,0,"2026-06-07 23:53:33"
5881,71,"2026-06-16 08:00:00",technical,en,2,email,0,"2026-06-16 22:11:10"
5882,670,"2026-06-25 02:00:00",technical,en,4,email,0,"2026-06-26 11:15:10"
5883,32,"2026-07-17 02:21:00",technical,en,2,email,0,"2026-07-17 08:32:11"
5884,259,"2026-05-26 23:20:00",technical,en,3,email,0,"2026-05-27 07:15:44"
5885,389,"2026-06-26 10:18:00",billing,en,4,email,0,"2026-06-26 15:13:51"
5886,533,"2026-06-01 13:26:00",billing,en,2,email,0,"2026-06-01 17:01:57"
5887,333,"2026-06-23 09:35:00",technical,en,3,phone,0,"2026-06-23 19:47:56"
5888,827,"2026-06-12 04:40:00",delivery,es,2,email,0,"2026-06-12 10:30:09"
5889,535,"2026-05-15 04:21:00",returns,en,3,phone,0,"2026-05-15 08:27:02"
5890,1018,"2026-06-06 21:18:00",delivery,fr,1,chat,0,"2026-06-07 00:41:20"
5891,74,"2026-07-02 22:06:00",billing,en,2,email,0,"2026-07-03 08:45:01"
5892,175,"2026-05-20 22:24:00",technical,en,1,chat,0,"2026-05-21 06:00:05"
5893,269,"2026-06-28 12:55:00",returns,en,3,phone,0,"2026-06-29 18:49:32"
5894,327,"2026-07-24 18:52:00",billing,en,3,chat,0,"2026-07-25 00:54:44"
5895,882,"2026-06-10 05:13:00",delivery,en,3,chat,0,"2026-06-10 14:34:33"
5896,81,"2026-05-17 20:41:00",returns,es,3,phone,0,"2026-05-18 08:40:18"
5897,1168,"2026-05-01 09:23:00",returns,en,4,chat,0,"2026-05-02 01:31:34"
5898,320,"2026-05-16 07:26:00",technical,en,3,email,0,"2026-05-16 12:47:29"
5899,54,"2026-05-03 08:59:00",billing,en,4,chat,1,"2026-05-03 15:26:41"
5900,824,"2026-07-01 19:03:00",subscription,fr,1,chat,1,"2026-07-01 22:52:45"
5901,1103,"2026-06-25 21:50:00",subscription,en,2,phone,0,"2026-06-26 03:07:33"
5902,406,"2026-05-31 01:52:00",delivery,de,2,chat,0,"2026-05-31 07:51:46"
5903,666,"2026-06-17 23:32:00",account,en,1,email,0,"2026-06-18 03:00:09"
5904,1189,"2026-07-23 01:30:00",delivery,ja,2,chat,0,"2026-07-23 15:03:53"
5905,1017,"2026-05-05 14:27:00",account,de,2,phone,0,"2026-05-05 20:17:04"
5906,711,"2026-07-22 05:24:00",delivery,en,2,phone,0,"2026-07-22 18:25:34"
5907,914,"2026-05-27 00:52:00",subscription,en,2,phone,0,"2026-05-27 11:46:03"
5908,530,"2026-05-25 20:58:00",delivery,en,1,chat,0,"2026-05-26 09:28:49"
5909,609,"2026-07-24 06:58:00",billing,en,3,phone,0,"2026-07-24 13:36:34"
5910,331,"2026-07-17 05:30:00",technical,ja,2,email,0,"2026-07-18 02:36:11"
5911,118,"2026-07-05 18:32:00",billing,en,4,phone,0,"2026-07-06 05:27:23"
5912,25,"2026-06-14 18:17:00",delivery,en,3,email,0,"2026-06-15 01:48:47"
5913,897,"2026-05-14 12:17:00",subscription,en,5,email,0,"2026-05-15 05:18:37"
5914,639,"2026-05-06 21:26:00",technical,en,2,chat,0,"2026-05-07 02:49:56"
5915,506,"2026-05-17 00:48:00",subscription,en,2,phone,0,"2026-05-17 12:34:51"
5916,725,"2026-07-29 16:25:00",returns,en,1,chat,1,"2026-07-29 21:58:28"
5917,278,"2026-07-22 23:22:00",returns,en,2,phone,0,"2026-07-23 04:20:36"
5918,415,"2026-05-17 22:40:00",subscription,en,2,chat,0,"2026-05-18 12:00:03"
5919,311,"2026-05-02 04:29:00",subscription,en,3,chat,0,"2026-05-02 10:38:37"
5920,98,"2026-07-08 14:32:00",billing,en,2,email,0,"2026-07-08 20:25:48"
5921,668,"2026-06-08 18:30:00",account,en,3,chat,0,"2026-06-09 02:37:11"
5922,973,"2026-06-08 11:59:00",account,fr,3,phone,0,"2026-06-08 19:39:35"
5923,421,"2026-05-21 15:56:00",technical,fr,3,phone,0,"2026-05-21 22:54:18"
5924,1072,"2026-07-18 04:20:00",returns,en,3,phone,0,"2026-07-18 09:44:34"
5925,845,"2026-05-17 13:00:00",technical,en,2,phone,0,"2026-05-17 21:10:14"
5926,1024,"2026-05-09 01:17:00",technical,en,1,phone,0,"2026-05-09 06:26:56"
5927,1062,"2026-05-21 22:01:00",subscription,ja,4,chat,0,"2026-05-22 07:09:16"
5928,627,"2026-05-24 23:13:00",billing,fr,2,chat,0,"2026-05-25 03:29:12"
5929,1147,"2026-05-22 09:58:00",returns,en,1,phone,0,"2026-05-22 17:43:15"
5930,105,"2026-05-24 02:45:00",delivery,en,3,phone,0,"2026-05-24 16:16:57"
5931,346,"2026-07-01 18:15:00",account,en,2,chat,1,"2026-07-02 04:51:11"
5932,1116,"2026-06-20 00:57:00",technical,en,1,phone,1,"2026-06-20 07:06:55"
5933,355,"2026-05-19 07:11:00",billing,ja,2,email,0,"2026-05-19 11:15:02"
5934,13,"2026-05-16 02:03:00",returns,en,2,phone,0,"2026-05-16 05:21:14"
5935,753,"2026-07-16 15:39:00",account,en,1,chat,0,"2026-07-16 23:40:12"
5936,927,"2026-06-10 13:24:00",returns,es,1,chat,0,"2026-06-10 21:28:23"
5937,438,"2026-07-07 17:50:00",billing,en,3,phone,0,"2026-07-08 04:36:06"
5938,987,"2026-06-03 20:45:00",technical,ja,4,chat,0,"2026-06-04 01:21:44"
5939,498,"2026-06-25 00:18:00",subscription,de,2,email,0,"2026-06-25 06:51:59"
5940,674,"2026-05-11 10:26:00",subscription,en,1,chat,0,"2026-05-11 18:20:39"
5941,961,"2026-06-26 15:35:00",billing,fr,2,chat,0,"2026-06-27 23:34:01"
5942,93,"2026-07-03 15:11:00",returns,es,3,chat,0,"2026-07-03 19:56:13"
5943,1015,"2026-07-28 09:46:00",technical,en,1,chat,0,"2026-07-28 14:19:01"
5944,383,"2026-07-03 19:49:00",returns,en,1,chat,0,"2026-07-04 09:10:38"
5945,1048,"2026-07-02 18:19:00",technical,ja,2,email,1,"2026-07-03 03:22:32"
5946,855,"2026-05-15 12:43:00",technical,fr,3,phone,0,"2026-05-15 22:51:28"
5947,432,"2026-07-08 08:40:00",subscription,ja,2,chat,0,"2026-07-08 16:48:47"
5948,208,"2026-05-04 12:29:00",account,en,2,chat,0,"2026-05-05 01:49:28"
5949,714,"2026-07-26 16:27:00",returns,en,3,email,0,"2026-07-26 18:37:51"
5950,166,"2026-07-16 12:38:00",account,en,1,email,1,"2026-07-16 17:59:50"
5951,1086,"2026-05-08 05:13:00",billing,en,1,email,0,"2026-05-08 12:03:12"
5952,1027,"2026-06-26 16:40:00",technical,fr,4,phone,0,"2026-06-27 17:17:03"
5953,1038,"2026-05-23 17:26:00",billing,en,4,phone,0,"2026-05-23 20:59:22"
5954,751,"2026-05-05 02:16:00",delivery,ja,1,chat,0,"2026-05-05 09:54:46"
5955,174,"2026-05-16 07:09:00",billing,en,5,chat,0,"2026-05-16 16:46:59"
5956,739,"2026-07-13 20:12:00",technical,en,1,chat,0,"2026-07-14 08:16:42"
5957,879,"2026-06-04 09:17:00",subscription,en,1,email,0,"2026-06-04 15:03:11"
5958,878,"2026-07-06 09:53:00",returns,de,1,phone,0,"2026-07-06 12:27:45"
5959,714,"2026-06-19 20:58:00",subscription,es,4,email,0,"2026-06-20 16:12:45"
5960,133,"2026-05-04 08:32:00",technical,en,2,chat,0,"2026-05-04 13:24:25"
5961,934,"2026-05-26 05:10:00",subscription,en,4,email,0,"2026-05-26 11:10:44"
5962,684,"2026-06-05 19:45:00",billing,es,2,phone,0,"2026-06-06 00:41:38"
5963,634,"2026-05-15 06:03:00",technical,es,2,chat,0,"2026-05-15 12:12:28"
5964,202,"2026-05-05 21:01:00",billing,ja,3,email,0,"2026-05-06 00:18:51"
5965,548,"2026-05-21 06:38:00",delivery,es,1,chat,0,"2026-05-21 10:19:01"
5966,40,"2026-06-29 05:50:00",technical,fr,1,chat,0,"2026-06-29 11:47:19"
5967,676,"2026-05-10 09:40:00",account,es,3,email,0,"2026-05-10 17:28:42"
5968,858,"2026-06-06 06:32:00",billing,ja,2,email,0,"2026-06-06 10:32:51"
5969,918,"2026-05-22 10:58:00",delivery,de,2,email,0,"2026-05-22 18:53:10"
5970,283,"2026-05-06 00:43:00",account,es,2,email,0,"2026-05-06 04:40:07"
5971,474,"2026-05-20 21:45:00",technical,en,3,email,0,"2026-05-21 04:49:22"
5972,846,"2026-05-15 17:01:00",subscription,en,4,phone,0,"2026-05-15 23:32:41"
5973,583,"2026-05-09 14:27:00",technical,en,2,chat,0,"2026-05-09 22:00:53"
5974,51,"2026-05-23 21:50:00",returns,en,1,chat,0,"2026-05-24 01:40:15"
5975,300,"2026-07-12 03:56:00",delivery,ja,2,chat,0,"2026-07-12 12:07:04"
5976,1186,"2026-05-04 20:57:00",technical,de,2,chat,0,"2026-05-05 06:04:36"
5977,386,"2026-07-16 07:45:00",account,ja,4,chat,1,"2026-07-17 13:54:49"
5978,508,"2026-05-22 16:46:00",technical,ja,5,phone,0,"2026-05-23 06:23:11"
5979,710,"2026-07-11 10:37:00",delivery,en,1,email,0,"2026-07-11 16:49:41"
5980,171,"2026-06-25 07:08:00",billing,en,3,phone,0,"2026-06-25 13:48:47"
5981,613,"2026-05-27 03:05:00",billing,es,3,email,1,"2026-05-28 07:07:18"
5982,1087,"2026-06-09 01:32:00",subscription,en,1,email,0,"2026-06-09 05:44:48"
5983,1003,"2026-07-24 12:06:00",billing,en,3,phone,0,"2026-07-24 18:53:07"
5984,776,"2026-06-13 10:09:00",billing,en,3,email,0,"2026-06-13 14:02:38"
5985,249,"2026-06-13 16:01:00",delivery,en,2,phone,0,"2026-06-13 20:47:26"
5986,131,"2026-07-17 00:41:00",account,es,1,email,0,"2026-07-17 03:38:10"
5987,974,"2026-05-18 07:52:00",technical,en,3,chat,0,"2026-05-18 17:55:06"
5988,485,"2026-07-15 08:44:00",returns,en,1,chat,0,"2026-07-15 14:50:54"
5989,756,"2026-07-01 18:19:00",billing,ja,3,email,0,"2026-07-02 03:29:37"
5990,1079,"2026-06-07 10:16:00",delivery,en,2,chat,0,"2026-06-07 23:58:51"
5991,375,"2026-05-17 10:15:00",subscription,en,4,chat,0,"2026-05-17 23:39:43"
5992,307,"2026-06-05 20:34:00",delivery,en,1,phone,0,"2026-06-06 01:23:31"
5993,323,"2026-06-07 22:28:00",account,en,4,chat,0,"2026-06-09 02:40:44"
5994,1118,"2026-05-26 09:11:00",billing,de,3,phone,0,"2026-05-26 14:03:17"
5995,745,"2026-05-18 03:29:00",technical,es,2,email,0,"2026-05-18 12:19:24"
5996,153,"2026-07-26 17:01:00",returns,en,2,chat,0,"2026-07-26 21:22:19"
5997,1081,"2026-05-19 17:40:00",billing,de,4,chat,0,"2026-05-21 02:35:54"
5998,105,"2026-06-27 22:47:00",billing,en,1,chat,0,"2026-06-28 17:54:28"
5999,755,"2026-06-13 06:12:00",technical,en,3,phone,0,"2026-06-13 15:23:04"
6000,16,"2026-07-20 19:37:00",account,ja,2,phone,0,"2026-07-21 02:34:59"
6001,1171,"2026-07-23 05:49:00",delivery,en,4,chat,0,"2026-07-23 18:50:24"
6002,1030,"2026-07-04 15:17:00",account,ja,3,phone,0,"2026-07-04 20:29:30"
6003,837,"2026-07-28 11:19:00",technical,es,3,chat,0,"2026-07-29 12:14:55"
6004,969,"2026-05-11 12:50:00",returns,en,2,email,0,"2026-05-11 20:13:00"
6005,1012,"2026-07-01 06:15:00",returns,es,4,phone,0,"2026-07-02 05:38:46"
6006,143,"2026-07-10 19:37:00",subscription,en,2,phone,0,"2026-07-11 00:20:43"
6007,1155,"2026-06-28 07:24:00",account,ja,4,phone,0,"2026-06-29 01:12:10"
6008,473,"2026-07-07 13:51:00",subscription,en,3,chat,0,"2026-07-08 13:57:18"
6009,1067,"2026-06-20 05:43:00",returns,en,5,phone,0,"2026-06-20 19:17:15"
6010,404,"2026-07-16 21:18:00",billing,fr,4,chat,0,"2026-07-17 11:38:38"
6011,1020,"2026-05-27 17:23:00",technical,en,2,chat,0,"2026-05-27 22:20:49"
6012,1121,"2026-06-16 12:24:00",subscription,de,1,email,0,"2026-06-17 08:37:14"
6013,158,"2026-07-12 19:18:00",returns,fr,1,email,0,"2026-07-13 00:20:25"
6014,116,"2026-07-20 05:14:00",account,en,3,email,0,"2026-07-20 21:50:31"
6015,363,"2026-05-07 19:43:00",technical,en,3,chat,0,"2026-05-08 07:11:13"
6016,407,"2026-06-09 19:11:00",technical,en,1,email,0,"2026-06-10 08:01:01"
6017,953,"2026-05-28 10:23:00",account,en,3,phone,0,"2026-05-28 17:42:52"
6018,387,"2026-05-01 06:20:00",delivery,en,4,email,1,"2026-05-01 19:06:45"
6019,298,"2026-07-07 05:15:00",account,de,4,chat,0,"2026-07-07 13:52:10"
6020,744,"2026-06-01 05:47:00",returns,en,3,phone,0,"2026-06-01 22:25:32"
6021,310,"2026-06-15 02:09:00",subscription,en,2,chat,0,"2026-06-15 05:42:09"
6022,501,"2026-05-21 03:46:00",subscription,ja,1,phone,0,"2026-05-21 06:38:31"
6023,274,"2026-05-05 08:12:00",billing,en,2,chat,0,"2026-05-06 02:54:33"
6024,313,"2026-06-30 19:16:00",billing,ja,3,email,0,"2026-07-01 00:47:38"
6025,999,"2026-05-20 07:29:00",delivery,en,3,chat,1,"2026-05-20 15:21:07"
6026,1133,"2026-07-08 13:13:00",billing,en,2,phone,0,"2026-07-09 07:25:44"
6027,310,"2026-05-19 17:17:00",delivery,fr,2,phone,0,"2026-05-19 22:35:51"
6028,923,"2026-07-12 04:53:00",billing,en,1,chat,1,"2026-07-12 13:52:15"
6029,930,"2026-06-08 22:46:00",subscription,en,1,email,0,"2026-06-09 05:17:13"
6030,996,"2026-07-20 14:45:00",returns,es,2,phone,0,"2026-07-21 00:54:35"
6031,495,"2026-06-25 11:26:00",account,en,1,phone,0,"2026-06-25 13:23:02"
6032,104,"2026-05-22 05:06:00",subscription,en,4,chat,1,"2026-05-22 13:33:38"
6033,952,"2026-07-05 06:02:00",account,es,4,chat,0,"2026-07-05 14:06:25"
6034,300,"2026-06-28 10:24:00",returns,ja,4,phone,0,"2026-06-29 01:03:27"
6035,644,"2026-07-23 04:05:00",technical,en,1,chat,0,"2026-07-23 10:42:35"
6036,818,"2026-05-28 11:17:00",account,es,3,chat,0,"2026-05-28 23:24:41"
6037,341,"2026-05-26 16:06:00",billing,fr,2,email,0,"2026-05-27 13:34:43"
6038,959,"2026-06-21 09:54:00",subscription,en,1,phone,0,"2026-06-21 15:33:02"
6039,509,"2026-06-19 11:25:00",subscription,ja,4,phone,0,"2026-06-20 04:28:59"
6040,295,"2026-05-26 12:36:00",returns,en,3,email,0,"2026-05-27 03:18:10"
6041,113,"2026-07-15 10:50:00",subscription,en,5,email,0,"2026-07-16 08:23:04"
6042,756,"2026-05-13 02:35:00",account,en,2,chat,0,"2026-05-13 14:21:04"
6043,1013,"2026-06-26 04:48:00",delivery,en,2,email,0,"2026-06-27 21:25:47"
6044,724,"2026-06-13 02:29:00",subscription,en,1,chat,0,"2026-06-13 12:18:52"
6045,329,"2026-07-20 19:13:00",subscription,en,4,chat,0,"2026-07-21 03:22:36"
6046,179,"2026-07-21 11:06:00",subscription,de,1,phone,0,"2026-07-21 14:56:09"
6047,347,"2026-05-03 23:05:00",returns,en,4,chat,0,"2026-05-04 13:17:41"
6048,92,"2026-05-12 04:29:00",account,de,2,chat,0,"2026-05-12 07:06:49"
6049,1096,"2026-05-30 08:37:00",billing,en,3,chat,1,"2026-05-30 17:29:24"
6050,702,"2026-05-29 22:37:00",returns,en,1,chat,0,"2026-05-30 04:32:02"
6051,1019,"2026-05-07 03:08:00",technical,en,3,chat,0,"2026-05-07 10:43:51"
6052,597,"2026-07-16 22:05:00",returns,en,4,chat,0,"2026-07-17 05:45:16"
6053,194,"2026-06-08 12:41:00",account,en,1,chat,0,"2026-06-09 00:28:46"
6054,438,"2026-07-04 12:33:00",technical,ja,2,email,0,"2026-07-05 04:27:47"
6055,155,"2026-07-05 22:05:00",account,en,2,email,0,"2026-07-06 03:34:42"
6056,577,"2026-07-26 06:55:00",account,de,1,chat,0,"2026-07-26 14:54:20"
6057,464,"2026-07-23 02:04:00",delivery,es,1,chat,0,"2026-07-23 04:43:06"
6058,802,"2026-07-03 15:36:00",subscription,ja,1,email,0,"2026-07-04 03:39:00"
6059,350,"2026-05-12 05:52:00",technical,ja,2,email,0,"2026-05-12 14:52:03"
6060,943,"2026-05-29 08:47:00",account,es,3,phone,0,"2026-05-29 21:24:42"
6061,162,"2026-07-01 10:29:00",account,en,3,phone,0,"2026-07-01 20:35:52"
6062,695,"2026-07-14 04:47:00",subscription,de,3,chat,0,"2026-07-14 13:19:54"
6063,546,"2026-05-20 12:43:00",subscription,ja,1,chat,0,"2026-05-20 16:21:37"
6064,1138,"2026-06-11 10:37:00",subscription,en,4,phone,0,"2026-06-11 16:09:03"
6065,195,"2026-06-09 00:56:00",account,ja,2,phone,0,"2026-06-09 05:32:08"
6066,1036,"2026-05-07 12:36:00",delivery,en,1,email,0,"2026-05-07 15:27:52"
6067,482,"2026-05-01 22:43:00",account,en,1,phone,0,"2026-05-02 03:24:19"
6068,402,"2026-06-15 06:34:00",subscription,en,1,email,1,"2026-06-15 09:54:44"
6069,240,"2026-05-16 11:14:00",returns,en,1,phone,0,"2026-05-16 14:20:27"
6070,299,"2026-07-26 09:46:00",returns,en,1,email,0,"2026-07-26 16:33:59"
6071,714,"2026-06-19 14:17:00",returns,en,4,email,0,"2026-06-20 01:05:42"
6072,770,"2026-05-06 21:08:00",technical,en,4,chat,0,"2026-05-07 11:22:35"
6073,933,"2026-05-15 12:52:00",billing,es,3,phone,0,"2026-05-15 20:11:14"
6074,872,"2026-07-27 06:09:00",billing,en,2,email,1,"2026-07-28 02:01:54"
6075,770,"2026-05-28 06:42:00",account,en,3,email,0,"2026-05-29 03:47:24"
6076,1084,"2026-07-29 06:13:00",billing,en,1,phone,0,"2026-07-29 11:19:00"
6077,266,"2026-07-05 16:01:00",billing,en,1,email,0,"2026-07-06 06:27:44"
6078,193,"2026-07-02 14:28:00",returns,es,2,phone,0,"2026-07-03 01:08:56"
6079,1094,"2026-07-21 09:49:00",billing,es,1,email,0,"2026-07-21 15:47:17"
6080,624,"2026-07-02 10:47:00",subscription,en,1,chat,0,"2026-07-02 18:39:44"
6081,1027,"2026-07-24 06:32:00",subscription,en,2,chat,0,"2026-07-24 13:16:53"
6082,921,"2026-06-01 23:09:00",delivery,es,2,chat,0,"2026-06-02 06:46:42"
6083,720,"2026-05-03 14:27:00",billing,es,1,email,0,"2026-05-03 16:30:33"
6084,394,"2026-05-20 11:53:00",subscription,es,5,email,0,"2026-05-21 12:20:51"
6085,290,"2026-05-20 18:20:00",subscription,de,1,email,0,"2026-05-21 08:53:42"
6086,540,"2026-07-22 18:52:00",delivery,es,1,email,0,"2026-07-22 20:47:11"
6087,388,"2026-06-21 21:15:00",returns,en,2,email,0,"2026-06-22 02:38:13"
6088,994,"2026-05-06 00:35:00",technical,fr,4,phone,0,"2026-05-06 15:14:03"
6089,440,"2026-05-03 05:45:00",returns,en,1,phone,0,"2026-05-03 17:24:19"
6090,137,"2026-05-12 02:57:00",account,en,1,phone,0,"2026-05-12 08:00:18"
6091,940,"2026-07-21 04:12:00",subscription,fr,1,phone,0,"2026-07-21 09:56:45"
6092,198,"2026-05-19 09:24:00",subscription,en,2,chat,0,"2026-05-19 18:06:33"
6093,677,"2026-07-22 01:17:00",returns,de,1,chat,0,"2026-07-22 05:19:08"
6094,1032,"2026-07-03 19:47:00",technical,en,2,email,0,"2026-07-03 22:50:26"
6095,874,"2026-06-24 01:41:00",delivery,en,4,phone,0,"2026-06-24 15:25:23"
6096,878,"2026-07-03 18:48:00",delivery,en,4,email,1,"2026-07-04 13:24:01"
6097,648,"2026-06-17 18:31:00",returns,en,2,chat,0,"2026-06-18 05:47:31"
6098,693,"2026-07-12 14:21:00",billing,fr,3,email,0,"2026-07-12 17:18:23"
6099,803,"2026-05-23 05:44:00",delivery,es,3,chat,0,"2026-05-23 14:51:38"
6100,83,"2026-05-11 09:13:00",technical,en,3,chat,0,"2026-05-11 13:42:00"
6101,810,"2026-05-03 09:04:00",billing,en,4,email,0,"2026-05-03 21:31:15"
6102,1103,"2026-06-14 00:35:00",account,es,2,email,0,"2026-06-14 07:34:19"
6103,580,"2026-06-24 23:47:00",delivery,en,3,chat,1,"2026-06-25 20:19:49"
6104,1096,"2026-07-24 01:51:00",technical,de,3,chat,0,"2026-07-24 16:36:35"
6105,1170,"2026-07-25 03:48:00",returns,en,3,chat,0,"2026-07-25 08:44:03"
6106,48,"2026-07-27 15:32:00",billing,en,2,phone,0,"2026-07-28 05:16:52"
6107,269,"2026-07-27 08:30:00",technical,en,4,phone,1,"2026-07-27 21:25:48"
6108,157,"2026-05-30 06:50:00",account,es,1,chat,0,"2026-05-30 23:22:19"
6109,289,"2026-05-04 17:04:00",technical,en,2,phone,0,"2026-05-04 21:02:57"
6110,299,"2026-06-24 13:44:00",delivery,de,1,phone,0,"2026-06-25 02:03:05"
6111,900,"2026-07-26 06:44:00",account,en,1,chat,0,"2026-07-26 10:51:51"
6112,663,"2026-07-14 13:49:00",subscription,ja,1,email,0,"2026-07-14 17:56:05"
6113,1063,"2026-07-25 09:21:00",delivery,fr,1,email,0,"2026-07-25 15:32:52"
6114,742,"2026-07-27 16:53:00",technical,en,1,phone,0,"2026-07-28 08:50:43"
6115,67,"2026-07-22 05:08:00",account,es,4,chat,0,"2026-07-22 08:26:58"
6116,1003,"2026-05-07 20:09:00",billing,es,5,email,1,"2026-05-08 07:18:50"
6117,526,"2026-07-19 12:33:00",delivery,de,3,chat,0,"2026-07-19 21:42:35"
6118,602,"2026-07-15 00:29:00",delivery,en,1,email,0,"2026-07-15 06:54:41"
6119,30,"2026-06-24 03:49:00",subscription,en,4,email,0,"2026-06-24 22:34:14"
6120,914,"2026-07-24 17:35:00",subscription,en,1,email,0,"2026-07-25 03:04:40"
6121,1196,"2026-06-27 19:10:00",technical,es,2,email,0,"2026-06-28 02:51:35"
6122,67,"2026-06-29 13:54:00",billing,es,1,chat,0,"2026-06-29 23:21:48"
6123,827,"2026-05-12 03:36:00",account,ja,4,chat,0,"2026-05-12 16:53:05"
6124,864,"2026-06-21 13:42:00",subscription,de,3,email,0,"2026-06-21 20:50:14"
6125,291,"2026-07-11 19:59:00",account,en,1,chat,0,"2026-07-12 04:00:51"
6126,219,"2026-05-20 09:37:00",delivery,ja,1,phone,0,"2026-05-20 14:57:34"
6127,936,"2026-07-21 20:40:00",account,en,1,chat,0,"2026-07-22 02:34:52"
6128,336,"2026-05-23 10:58:00",subscription,de,2,phone,0,"2026-05-23 16:22:09"
6129,903,"2026-07-28 05:13:00",delivery,es,1,email,0,"2026-07-28 09:40:48"
6130,545,"2026-06-14 10:13:00",billing,es,3,phone,0,"2026-06-15 07:03:45"
6131,324,"2026-06-30 13:12:00",subscription,fr,2,chat,0,"2026-06-30 19:17:01"
6132,60,"2026-05-10 06:26:00",subscription,es,2,phone,0,"2026-05-10 10:20:46"
6133,714,"2026-07-11 16:10:00",technical,en,4,email,0,"2026-07-12 18:02:41"
6134,254,"2026-07-09 08:22:00",delivery,de,1,email,0,"2026-07-09 14:13:43"
6135,1014,"2026-06-15 02:05:00",account,en,3,phone,0,"2026-06-15 11:49:14"
6136,993,"2026-06-23 02:02:00",billing,en,2,phone,0,"2026-06-23 05:09:15"
6137,748,"2026-05-16 17:44:00",returns,fr,1,email,0,"2026-05-16 21:44:21"
6138,971,"2026-06-09 08:58:00",account,en,3,email,0,"2026-06-10 02:19:18"
6139,1024,"2026-07-03 01:47:00",billing,en,3,email,0,"2026-07-03 20:10:06"
6140,923,"2026-05-20 16:09:00",returns,en,5,chat,0,"2026-05-21 00:44:39"
6141,1097,"2026-05-19 09:50:00",delivery,en,1,phone,1,"2026-05-19 12:14:33"
6142,1128,"2026-06-26 16:54:00",technical,es,1,chat,1,"2026-06-26 20:08:21"
6143,370,"2026-07-27 13:16:00",subscription,en,4,email,0,"2026-07-27 21:53:13"
6144,1119,"2026-05-06 02:35:00",returns,ja,3,email,0,"2026-05-06 07:45:17"
6145,469,"2026-07-24 03:24:00",technical,en,4,phone,0,"2026-07-24 10:45:52"
6146,579,"2026-05-16 13:19:00",returns,en,1,chat,0,"2026-05-16 17:58:39"
6147,969,"2026-06-27 14:24:00",technical,de,1,phone,0,"2026-06-27 18:53:30"
6148,335,"2026-05-01 03:32:00",account,en,3,phone,0,"2026-05-02 00:57:51"
6149,546,"2026-05-30 03:57:00",technical,de,2,email,0,"2026-05-30 12:02:24"
6150,258,"2026-05-02 15:01:00",technical,fr,1,phone,0,"2026-05-02 22:52:36"
6151,392,"2026-07-15 21:38:00",subscription,en,2,phone,0,"2026-07-16 07:25:56"
6152,112,"2026-05-19 11:18:00",subscription,en,3,chat,0,"2026-05-19 22:41:32"
6153,791,"2026-05-13 21:10:00",subscription,fr,1,phone,0,"2026-05-14 02:06:11"
6154,338,"2026-05-31 04:33:00",account,en,3,phone,0,"2026-05-31 17:21:01"
6155,414,"2026-06-22 19:29:00",account,es,1,email,0,"2026-06-22 22:35:44"
6156,922,"2026-07-18 07:54:00",returns,en,3,phone,0,"2026-07-18 17:07:33"
6157,304,"2026-05-31 19:33:00",billing,en,1,phone,0,"2026-06-01 03:50:42"
6158,298,"2026-06-12 12:31:00",subscription,es,2,email,0,"2026-06-12 16:58:37"
6159,1047,"2026-06-01 17:25:00",returns,ja,1,email,0,"2026-06-01 19:08:38"
6160,938,"2026-05-07 18:58:00",delivery,en,2,chat,0,"2026-05-08 12:15:13"
6161,163,"2026-05-08 10:28:00",delivery,en,3,email,0,"2026-05-08 17:53:31"
6162,973,"2026-05-28 23:37:00",returns,en,1,phone,0,"2026-05-29 03:33:46"
6163,20,"2026-07-18 16:08:00",returns,de,2,chat,0,"2026-07-18 19:30:11"
6164,1070,"2026-07-15 18:14:00",subscription,es,2,email,0,"2026-07-16 08:45:53"
6165,922,"2026-06-13 01:25:00",subscription,en,2,phone,0,"2026-06-13 06:11:58"
6166,695,"2026-06-24 09:23:00",technical,en,2,chat,0,"2026-06-24 13:00:58"
6167,1160,"2026-05-06 08:32:00",technical,es,1,email,0,"2026-05-06 10:32:33"
6168,681,"2026-07-08 15:34:00",billing,en,5,chat,0,"2026-07-09 19:14:48"
6169,772,"2026-07-03 05:38:00",technical,ja,4,chat,1,"2026-07-04 09:37:53"
6170,678,"2026-07-03 06:49:00",delivery,en,2,phone,0,"2026-07-03 10:29:12"
6171,709,"2026-07-17 05:10:00",account,en,2,email,0,"2026-07-17 12:31:11"
6172,635,"2026-05-28 17:07:00",returns,ja,2,chat,0,"2026-05-29 10:19:38"
6173,648,"2026-05-02 14:54:00",delivery,en,2,chat,0,"2026-05-03 20:00:25"
6174,715,"2026-07-13 12:18:00",delivery,en,5,chat,1,"2026-07-14 12:33:37"
6175,873,"2026-06-21 14:15:00",billing,fr,3,email,0,"2026-06-21 19:09:56"
6176,112,"2026-05-07 17:13:00",delivery,en,3,email,0,"2026-05-07 21:04:50"
6177,1176,"2026-06-14 15:52:00",delivery,es,4,email,0,"2026-06-15 02:47:11"
6178,350,"2026-06-27 06:59:00",technical,en,1,phone,0,"2026-06-27 16:35:30"
6179,767,"2026-06-29 15:45:00",subscription,en,1,phone,0,"2026-06-30 09:41:48"
6180,65,"2026-05-30 05:24:00",returns,en,2,email,0,"2026-05-30 14:38:20"
6181,419,"2026-06-07 00:32:00",billing,en,2,chat,1,"2026-06-07 06:06:35"
6182,669,"2026-06-04 01:31:00",account,de,4,chat,0,"2026-06-04 14:58:28"
6183,917,"2026-07-15 20:29:00",delivery,en,2,phone,0,"2026-07-16 00:14:37"
6184,1197,"2026-06-16 21:38:00",technical,en,2,email,0,"2026-06-17 17:34:47"
6185,118,"2026-06-16 15:02:00",delivery,en,5,email,1,"2026-06-17 14:38:11"
6186,846,"2026-05-01 15:39:00",billing,ja,4,chat,1,"2026-05-02 00:18:44"
6187,396,"2026-07-24 08:16:00",billing,en,1,phone,0,"2026-07-24 11:31:11"
6188,78,"2026-05-28 08:22:00",subscription,en,2,email,0,"2026-05-28 16:45:34"
6189,889,"2026-06-08 21:07:00",returns,es,4,email,0,"2026-06-09 12:52:09"
6190,440,"2026-07-10 17:51:00",subscription,de,1,email,1,"2026-07-11 00:20:32"
6191,496,"2026-06-23 23:48:00",returns,ja,2,email,0,"2026-06-24 04:47:37"
6192,873,"2026-06-22 14:56:00",technical,de,1,phone,0,"2026-06-22 21:53:57"
6193,447,"2026-07-21 16:20:00",subscription,en,1,email,0,"2026-07-21 22:36:39"
6194,1135,"2026-05-06 13:01:00",delivery,en,3,chat,0,"2026-05-07 23:34:46"
6195,713,"2026-05-23 08:34:00",technical,en,4,chat,0,"2026-05-23 13:59:33"
6196,976,"2026-06-23 17:14:00",returns,en,1,chat,0,"2026-06-24 05:37:27"
6197,920,"2026-05-27 16:47:00",technical,en,2,phone,0,"2026-05-27 21:33:32"
6198,988,"2026-06-07 17:28:00",subscription,ja,5,phone,0,"2026-06-08 11:27:07"
6199,1025,"2026-07-07 11:12:00",returns,en,1,phone,0,"2026-07-07 16:55:52"
6200,946,"2026-07-09 11:51:00",technical,en,4,email,0,"2026-07-09 19:15:09"
6201,991,"2026-07-27 16:08:00",subscription,en,2,chat,0,"2026-07-28 01:29:42"
6202,73,"2026-07-11 01:51:00",billing,en,2,chat,0,"2026-07-11 06:32:36"
6203,737,"2026-05-07 18:24:00",account,de,4,email,0,"2026-05-08 06:05:22"
6204,389,"2026-06-05 13:02:00",subscription,de,1,phone,0,"2026-06-05 20:34:43"
6205,286,"2026-07-12 20:09:00",billing,en,1,email,0,"2026-07-13 00:09:16"
6206,439,"2026-07-28 10:47:00",billing,ja,3,email,0,"2026-07-29 02:41:35"
6207,472,"2026-05-26 17:30:00",delivery,en,2,email,0,"2026-05-26 20:58:22"
6208,317,"2026-07-21 18:21:00",technical,en,1,email,0,"2026-07-21 23:27:40"
6209,523,"2026-06-03 15:19:00",returns,en,2,email,0,"2026-06-04 00:08:39"
6210,1141,"2026-05-16 02:03:00",returns,fr,5,chat,0,"2026-05-17 13:23:56"
6211,710,"2026-06-29 08:23:00",subscription,en,2,email,0,"2026-06-29 12:42:28"
6212,828,"2026-07-09 20:34:00",technical,en,2,chat,0,"2026-07-09 23:26:24"
6213,1057,"2026-06-04 00:23:00",technical,ja,2,chat,0,"2026-06-04 07:00:12"
6214,1085,"2026-05-05 08:30:00",returns,en,2,chat,1,"2026-05-05 13:16:42"
6215,498,"2026-06-27 04:30:00",account,de,2,chat,0,"2026-06-28 03:29:53"
6216,295,"2026-07-10 15:38:00",subscription,de,2,phone,0,"2026-07-11 02:24:32"
6217,455,"2026-06-26 19:02:00",delivery,en,2,phone,0,"2026-06-27 00:07:58"
6218,433,"2026-05-14 16:56:00",account,en,4,chat,0,"2026-05-15 09:24:50"
6219,177,"2026-06-09 18:31:00",returns,es,1,phone,0,"2026-06-10 04:43:11"
6220,21,"2026-06-30 09:34:00",technical,en,3,email,0,"2026-06-30 20:02:20"
6221,934,"2026-05-28 12:23:00",billing,en,1,phone,0,"2026-05-28 16:53:17"
6222,99,"2026-05-14 10:57:00",account,fr,2,phone,0,"2026-05-14 16:05:36"
6223,956,"2026-06-30 14:19:00",returns,en,2,phone,0,"2026-06-30 18:29:26"
6224,734,"2026-05-04 01:18:00",technical,en,2,chat,0,"2026-05-04 04:31:28"
6225,1163,"2026-06-15 08:48:00",billing,en,1,chat,0,"2026-06-15 12:16:27"
6226,318,"2026-06-06 03:48:00",account,ja,2,email,0,"2026-06-06 08:52:52"
6227,343,"2026-06-04 17:30:00",account,ja,3,email,1,"2026-06-05 07:05:32"
6228,874,"2026-06-27 16:19:00",returns,en,1,chat,0,"2026-06-27 21:56:23"
6229,600,"2026-07-17 09:10:00",returns,en,2,phone,0,"2026-07-17 15:01:01"
6230,809,"2026-06-24 23:23:00",technical,en,3,email,1,"2026-06-25 10:43:19"
6231,639,"2026-05-11 04:33:00",billing,ja,1,phone,0,"2026-05-11 10:22:04"
6232,375,"2026-06-26 21:31:00",subscription,en,2,chat,0,"2026-06-27 05:32:45"
6233,1165,"2026-07-03 22:00:00",billing,ja,1,email,0,"2026-07-04 03:00:27"
6234,325,"2026-07-07 23:23:00",delivery,en,1,email,0,"2026-07-08 07:33:28"
6235,946,"2026-06-05 11:35:00",returns,en,2,chat,0,"2026-06-05 21:46:38"
6236,1181,"2026-05-20 15:02:00",returns,en,3,phone,0,"2026-05-20 23:17:04"
6237,322,"2026-05-08 11:31:00",subscription,ja,2,chat,0,"2026-05-08 17:19:27"
6238,1111,"2026-06-23 01:07:00",returns,ja,2,phone,0,"2026-06-23 13:45:22"
6239,839,"2026-07-05 19:13:00",subscription,en,1,email,0,"2026-07-06 04:42:06"
6240,144,"2026-05-24 17:20:00",account,en,3,chat,0,"2026-05-26 03:09:52"
6241,1001,"2026-06-15 19:28:00",technical,es,2,chat,0,"2026-06-16 03:14:34"
6242,815,"2026-05-24 22:29:00",technical,en,1,email,0,"2026-05-25 01:40:33"
6243,1131,"2026-05-03 15:40:00",returns,en,1,email,0,"2026-05-03 22:21:57"
6244,937,"2026-05-12 15:26:00",subscription,en,4,email,0,"2026-05-13 02:05:01"
6245,278,"2026-05-08 01:33:00",subscription,en,3,chat,0,"2026-05-08 08:21:07"
6246,679,"2026-06-14 02:52:00",returns,de,1,phone,0,"2026-06-14 10:36:02"
6247,1200,"2026-05-04 17:15:00",technical,en,2,phone,0,"2026-05-04 20:57:49"
6248,1033,"2026-07-03 14:47:00",billing,en,1,email,0,"2026-07-04 02:19:22"
6249,357,"2026-06-01 22:03:00",subscription,es,1,phone,0,"2026-06-02 00:51:48"
6250,967,"2026-07-13 23:38:00",returns,en,1,phone,1,"2026-07-14 04:56:10"
6251,978,"2026-06-28 10:59:00",returns,fr,2,phone,0,"2026-06-28 20:08:03"
6252,259,"2026-05-07 03:38:00",returns,en,2,chat,0,"2026-05-07 09:35:19"
6253,1106,"2026-05-18 11:49:00",account,en,2,chat,0,"2026-05-18 22:38:30"
6254,1090,"2026-07-05 23:07:00",delivery,en,4,phone,0,"2026-07-06 11:23:34"
6255,783,"2026-05-28 08:57:00",account,en,2,email,1,"2026-05-29 01:55:39"
6256,50,"2026-06-09 12:34:00",billing,en,1,chat,0,"2026-06-10 00:15:08"
6257,810,"2026-07-23 21:12:00",delivery,de,1,phone,0,"2026-07-24 07:01:54"
6258,41,"2026-05-25 07:37:00",returns,ja,1,email,0,"2026-05-25 14:15:44"
6259,1156,"2026-05-07 16:07:00",returns,en,3,chat,0,"2026-05-08 06:21:54"
6260,1079,"2026-05-06 02:03:00",returns,de,1,phone,0,"2026-05-06 06:38:45"
6261,627,"2026-06-03 09:14:00",returns,ja,1,email,0,"2026-06-03 16:04:52"
6262,1055,"2026-05-24 04:26:00",technical,en,1,email,1,"2026-05-24 08:44:04"
6263,902,"2026-07-16 18:53:00",delivery,en,3,chat,0,"2026-07-17 18:44:05"
6264,944,"2026-05-21 05:31:00",account,en,1,email,0,"2026-05-21 08:46:05"
6265,1122,"2026-06-04 03:48:00",billing,en,3,chat,0,"2026-06-04 05:33:30"
6266,338,"2026-05-23 06:56:00",technical,en,3,email,0,"2026-05-23 15:59:03"
6267,242,"2026-07-08 20:05:00",billing,en,1,phone,0,"2026-07-09 01:00:52"
6268,1162,"2026-05-09 08:31:00",returns,en,2,email,0,"2026-05-09 12:25:34"
6269,889,"2026-05-28 11:49:00",delivery,es,1,email,0,"2026-05-28 16:54:13"
6270,285,"2026-05-25 02:18:00",billing,en,4,email,0,"2026-05-25 10:15:40"
6271,72,"2026-06-05 19:10:00",subscription,ja,2,phone,0,"2026-06-06 02:21:57"
6272,931,"2026-05-22 03:18:00",billing,en,1,email,0,"2026-05-22 07:09:29"
6273,772,"2026-05-09 04:22:00",delivery,ja,5,email,0,"2026-05-09 17:58:23"
6274,1164,"2026-06-10 07:25:00",returns,en,4,email,0,"2026-06-10 20:16:39"
6275,852,"2026-07-17 05:19:00",technical,en,2,chat,0,"2026-07-17 09:06:52"
6276,482,"2026-07-15 02:49:00",account,en,3,email,0,"2026-07-15 13:14:37"
6277,1172,"2026-05-21 04:27:00",returns,ja,1,chat,0,"2026-05-21 11:40:14"
6278,639,"2026-05-31 14:58:00",billing,fr,2,phone,0,"2026-06-01 04:26:23"
6279,182,"2026-06-21 12:52:00",subscription,en,3,phone,0,"2026-06-21 21:15:27"
6280,409,"2026-06-09 09:43:00",subscription,en,2,chat,0,"2026-06-10 15:57:33"
6281,77,"2026-05-02 14:01:00",account,en,4,phone,0,"2026-05-03 00:51:49"
6282,816,"2026-06-26 18:06:00",delivery,en,2,email,0,"2026-06-27 06:18:28"
6283,21,"2026-05-29 08:54:00",returns,en,1,email,0,"2026-05-29 16:31:30"
6284,214,"2026-07-19 00:09:00",delivery,en,1,chat,0,"2026-07-19 05:41:19"
6285,567,"2026-05-23 08:13:00",returns,ja,2,email,0,"2026-05-23 11:53:01"
6286,624,"2026-06-16 03:45:00",technical,ja,2,email,0,"2026-06-16 14:52:52"
6287,66,"2026-05-25 15:34:00",account,en,2,email,0,"2026-05-26 09:59:14"
6288,426,"2026-05-25 06:33:00",billing,en,1,phone,1,"2026-05-25 10:01:08"
6289,1155,"2026-07-09 18:35:00",subscription,en,3,email,0,"2026-07-10 00:22:18"
6290,291,"2026-06-13 22:32:00",billing,ja,3,email,0,"2026-06-14 12:56:24"
6291,564,"2026-05-25 18:34:00",account,fr,3,phone,1,"2026-05-26 04:13:10"
6292,468,"2026-07-24 23:57:00",billing,en,3,email,0,"2026-07-25 04:35:29"
6293,606,"2026-06-28 04:46:00",billing,en,4,phone,0,"2026-06-28 16:20:26"
6294,955,"2026-05-30 23:34:00",delivery,en,1,phone,0,"2026-05-31 13:29:08"
6295,360,"2026-06-25 04:14:00",returns,en,1,email,0,"2026-06-25 12:49:57"
6296,630,"2026-05-26 18:14:00",returns,en,1,email,0,"2026-05-26 23:14:11"
6297,479,"2026-05-19 08:40:00",delivery,de,1,chat,0,"2026-05-19 13:23:17"
6298,732,"2026-07-29 19:41:00",returns,fr,4,email,0,"2026-07-30 12:38:45"
6299,384,"2026-07-09 08:52:00",billing,en,4,phone,0,"2026-07-09 18:21:29"
6300,1080,"2026-07-14 21:35:00",returns,de,4,email,0,"2026-07-15 04:29:41"
6301,543,"2026-05-08 11:07:00",subscription,en,2,email,0,"2026-05-08 20:43:25"
6302,184,"2026-07-22 16:21:00",account,ja,1,email,1,"2026-07-23 01:48:09"
6303,318,"2026-06-26 22:28:00",delivery,ja,4,email,1,"2026-06-27 09:18:54"
6304,1125,"2026-07-19 16:23:00",delivery,en,2,email,0,"2026-07-19 21:22:18"
6305,458,"2026-06-28 20:39:00",delivery,en,3,phone,0,"2026-06-28 22:34:38"
6306,221,"2026-07-28 08:54:00",subscription,es,2,email,0,"2026-07-28 17:08:55"
6307,311,"2026-07-22 19:06:00",delivery,en,1,phone,0,"2026-07-23 01:36:51"
6308,502,"2026-06-15 16:39:00",technical,en,1,chat,0,"2026-06-15 23:39:23"
6309,896,"2026-06-23 16:39:00",returns,en,2,chat,0,"2026-06-23 22:37:29"
6310,362,"2026-05-04 00:11:00",billing,en,1,email,0,"2026-05-04 06:19:44"
6311,737,"2026-05-09 13:32:00",delivery,en,1,phone,0,"2026-05-09 20:28:14"
6312,140,"2026-07-04 05:24:00",billing,de,2,phone,0,"2026-07-04 11:53:59"
6313,1059,"2026-07-21 19:32:00",technical,en,1,chat,0,"2026-07-22 00:22:52"
6314,269,"2026-05-11 23:35:00",billing,en,2,email,0,"2026-05-12 07:08:35"
6315,1122,"2026-06-01 04:15:00",returns,es,4,phone,0,"2026-06-01 11:02:45"
6316,1053,"2026-07-14 03:55:00",technical,en,2,chat,0,"2026-07-14 11:03:35"
6317,21,"2026-07-25 18:58:00",billing,en,3,phone,0,"2026-07-26 05:43:51"
6318,816,"2026-06-28 08:16:00",technical,en,1,phone,1,"2026-06-28 15:05:34"
6319,588,"2026-07-04 16:12:00",account,en,3,chat,0,"2026-07-05 01:17:20"
6320,912,"2026-06-15 20:31:00",delivery,en,4,chat,0,"2026-06-16 01:58:53"
6321,80,"2026-05-26 10:08:00",billing,es,2,phone,0,"2026-05-27 00:43:52"
6322,501,"2026-06-12 07:18:00",billing,es,1,chat,0,"2026-06-12 12:08:59"
6323,1140,"2026-06-20 01:52:00",subscription,en,2,email,1,"2026-06-20 12:53:49"
6324,343,"2026-06-25 19:38:00",account,en,4,chat,0,"2026-06-26 05:22:12"
6325,208,"2026-05-08 20:58:00",billing,de,2,chat,0,"2026-05-09 00:19:27"
6326,1062,"2026-06-22 20:37:00",billing,en,3,phone,0,"2026-06-23 04:51:52"
6327,251,"2026-06-07 00:51:00",technical,es,1,email,1,"2026-06-07 12:01:51"
6328,270,"2026-07-15 18:59:00",account,en,2,email,0,"2026-07-16 01:09:13"
6329,39,"2026-05-14 10:04:00",returns,en,4,email,0,"2026-05-15 05:15:00"
6330,320,"2026-07-14 19:48:00",billing,en,3,phone,0,"2026-07-15 06:35:09"
6331,1058,"2026-07-22 19:56:00",delivery,en,3,email,0,"2026-07-23 00:31:40"
6332,799,"2026-07-07 22:54:00",delivery,en,2,email,0,"2026-07-08 08:23:15"
6333,785,"2026-06-19 16:58:00",account,ja,4,chat,0,"2026-06-19 21:50:11"
6334,1077,"2026-07-05 19:16:00",subscription,en,1,email,0,"2026-07-06 12:49:02"
6335,586,"2026-06-02 07:22:00",delivery,fr,2,email,1,"2026-06-02 13:36:20"
6336,158,"2026-05-02 21:46:00",billing,es,1,chat,0,"2026-05-03 11:44:52"
6337,79,"2026-06-20 07:02:00",account,en,1,chat,0,"2026-06-20 12:56:27"
6338,227,"2026-07-08 10:24:00",account,en,1,phone,0,"2026-07-08 15:20:40"
6339,922,"2026-06-22 15:22:00",account,es,2,email,0,"2026-06-23 07:10:14"
6340,846,"2026-07-28 06:03:00",returns,ja,1,chat,0,"2026-07-28 13:29:14"
6341,1094,"2026-05-24 02:18:00",returns,es,2,phone,0,"2026-05-24 07:15:04"
6342,787,"2026-06-26 09:06:00",account,ja,2,chat,0,"2026-06-26 13:51:07"
6343,423,"2026-05-06 13:29:00",returns,es,2,chat,0,"2026-05-06 20:13:00"
6344,754,"2026-05-30 14:10:00",account,en,1,phone,1,"2026-05-30 20:08:58"
6345,314,"2026-07-15 23:16:00",delivery,en,2,phone,1,"2026-07-16 22:43:39"
6346,997,"2026-06-28 07:49:00",billing,en,2,phone,0,"2026-06-28 10:50:09"
6347,288,"2026-07-17 16:16:00",returns,en,2,phone,0,"2026-07-17 19:39:53"
6348,503,"2026-06-03 08:06:00",subscription,en,2,phone,0,"2026-06-03 16:28:17"
6349,518,"2026-05-12 16:18:00",technical,en,1,chat,0,"2026-05-12 20:09:21"
6350,509,"2026-06-04 23:33:00",technical,fr,1,chat,0,"2026-06-05 08:32:44"
6351,183,"2026-06-07 00:40:00",delivery,en,1,email,0,"2026-06-07 11:44:00"
6352,413,"2026-07-24 18:06:00",returns,en,3,email,0,"2026-07-25 03:05:58"
6353,880,"2026-06-29 05:42:00",returns,de,3,email,0,"2026-06-29 20:39:02"
6354,625,"2026-07-19 09:41:00",subscription,en,2,chat,0,"2026-07-19 21:53:55"
6355,909,"2026-05-03 16:53:00",returns,en,2,chat,0,"2026-05-03 23:23:53"
6356,520,"2026-05-04 11:41:00",account,ja,2,phone,0,"2026-05-04 21:30:42"
6357,1170,"2026-05-13 16:27:00",billing,en,1,email,0,"2026-05-13 20:03:49"
6358,507,"2026-07-28 07:33:00",billing,es,3,phone,1,"2026-07-28 12:21:06"
6359,379,"2026-05-24 23:57:00",billing,de,2,email,1,"2026-05-25 04:52:14"
6360,429,"2026-06-05 23:38:00",account,en,1,phone,0,"2026-06-06 20:27:03"
6361,452,"2026-06-16 05:03:00",account,en,2,chat,0,"2026-06-16 10:12:02"
6362,319,"2026-07-18 06:55:00",subscription,en,4,chat,1,"2026-07-18 18:41:54"
6363,627,"2026-07-14 22:42:00",subscription,en,2,email,0,"2026-07-15 09:31:54"
6364,483,"2026-05-12 02:02:00",returns,en,3,phone,1,"2026-05-12 07:24:02"
6365,759,"2026-05-12 23:09:00",subscription,en,2,phone,0,"2026-05-13 07:56:25"
6366,871,"2026-06-28 22:05:00",technical,en,1,phone,0,"2026-06-29 20:58:46"
6367,360,"2026-06-14 14:13:00",technical,en,1,chat,0,"2026-06-14 18:45:40"
6368,842,"2026-05-13 04:40:00",returns,en,3,phone,0,"2026-05-13 12:43:45"
6369,266,"2026-06-21 14:22:00",returns,en,3,chat,0,"2026-06-21 19:31:29"
6370,903,"2026-07-09 09:25:00",billing,en,2,phone,0,"2026-07-09 15:48:03"
6371,886,"2026-05-28 12:29:00",technical,es,1,phone,0,"2026-05-28 17:37:12"
6372,238,"2026-05-23 08:12:00",returns,en,2,email,0,"2026-05-23 17:06:07"
6373,586,"2026-05-09 20:51:00",account,en,2,chat,0,"2026-05-10 17:42:18"
6374,383,"2026-07-28 07:12:00",technical,de,4,chat,1,"2026-07-28 13:53:08"
6375,44,"2026-05-03 14:35:00",delivery,de,1,phone,1,"2026-05-03 17:01:50"
6376,708,"2026-05-19 13:42:00",delivery,ja,1,phone,0,"2026-05-19 22:17:08"
6377,292,"2026-06-26 05:27:00",billing,en,4,email,0,"2026-06-26 21:01:10"
6378,296,"2026-05-28 05:39:00",account,en,1,phone,0,"2026-05-28 13:00:06"
6379,986,"2026-05-07 13:11:00",subscription,en,1,phone,0,"2026-05-07 23:15:06"
6380,1135,"2026-06-26 07:46:00",account,de,1,email,0,"2026-06-26 12:41:12"
6381,814,"2026-05-06 12:05:00",delivery,en,2,email,0,"2026-05-06 13:51:26"
6382,784,"2026-05-09 00:03:00",technical,en,1,phone,0,"2026-05-09 04:51:18"
6383,447,"2026-05-30 19:03:00",returns,en,4,chat,0,"2026-05-31 04:46:12"
6384,495,"2026-05-08 04:13:00",subscription,en,3,email,0,"2026-05-08 11:29:37"
6385,1046,"2026-05-10 16:37:00",billing,ja,1,phone,0,"2026-05-10 23:29:44"
6386,585,"2026-07-21 22:04:00",account,en,1,chat,0,"2026-07-22 02:33:19"
6387,833,"2026-05-12 20:22:00",technical,en,2,email,0,"2026-05-13 10:41:08"
6388,581,"2026-06-08 14:13:00",technical,fr,3,email,0,"2026-06-08 19:25:50"
6389,389,"2026-05-27 07:57:00",delivery,en,1,phone,0,"2026-05-27 15:42:29"
6390,293,"2026-07-20 08:15:00",delivery,de,4,phone,0,"2026-07-21 05:14:37"
6391,837,"2026-07-22 04:53:00",billing,ja,1,email,0,"2026-07-22 08:26:47"
6392,562,"2026-06-02 17:58:00",billing,en,1,phone,0,"2026-06-02 23:33:31"
6393,877,"2026-07-18 16:02:00",billing,en,2,chat,0,"2026-07-18 19:09:59"
6394,804,"2026-07-01 17:53:00",returns,en,2,chat,0,"2026-07-02 02:45:42"
6395,835,"2026-05-05 23:45:00",returns,en,1,phone,0,"2026-05-06 02:43:33"
6396,387,"2026-06-12 02:27:00",billing,en,4,phone,0,"2026-06-12 17:17:21"
6397,120,"2026-07-26 05:47:00",returns,en,3,phone,0,"2026-07-26 10:12:45"
6398,11,"2026-06-18 19:06:00",subscription,es,5,phone,0,"2026-06-19 07:53:23"
6399,494,"2026-07-01 04:43:00",account,de,5,phone,1,"2026-07-04 02:20:24"
6400,898,"2026-05-12 11:47:00",billing,en,2,chat,0,"2026-05-12 18:34:26"
6401,681,"2026-06-17 21:46:00",subscription,fr,2,email,0,"2026-06-18 01:56:39"
6402,641,"2026-07-26 01:13:00",technical,en,1,phone,0,"2026-07-26 10:51:42"
6403,623,"2026-05-09 12:38:00",technical,es,1,chat,0,"2026-05-09 21:43:03"
6404,516,"2026-06-08 23:32:00",returns,en,3,email,0,"2026-06-09 07:29:58"
6405,998,"2026-06-18 06:18:00",subscription,de,2,phone,0,"2026-06-18 16:04:08"
6406,816,"2026-06-02 10:04:00",delivery,ja,3,email,0,"2026-06-02 20:13:14"
6407,809,"2026-05-01 05:44:00",subscription,en,1,email,0,"2026-05-01 11:12:01"
6408,173,"2026-06-26 04:26:00",subscription,en,3,phone,0,"2026-06-26 10:39:00"
6409,675,"2026-05-29 23:25:00",account,en,2,email,1,"2026-05-30 08:22:40"
6410,601,"2026-06-06 03:21:00",technical,en,5,phone,1,"2026-06-06 14:27:49"
6411,574,"2026-06-18 00:31:00",returns,ja,3,email,0,"2026-06-19 01:16:18"
6412,784,"2026-06-14 06:10:00",technical,en,1,email,0,"2026-06-14 13:37:36"
6413,634,"2026-06-03 05:57:00",delivery,en,2,email,0,"2026-06-03 11:48:16"
6414,1013,"2026-06-24 01:37:00",account,en,1,chat,0,"2026-06-24 10:24:26"
6415,1129,"2026-05-10 07:08:00",delivery,en,3,email,0,"2026-05-10 11:51:07"
6416,113,"2026-05-22 23:26:00",technical,es,1,chat,0,"2026-05-23 02:28:56"
6417,169,"2026-07-28 06:47:00",technical,es,1,email,0,"2026-07-28 12:14:26"
6418,687,"2026-07-15 01:19:00",returns,es,1,email,0,"2026-07-15 11:07:36"
6419,490,"2026-07-22 20:12:00",returns,es,1,chat,0,"2026-07-23 02:58:06"
6420,199,"2026-07-18 12:48:00",account,en,1,phone,0,"2026-07-19 06:40:39"
6421,575,"2026-05-28 14:12:00",billing,en,2,phone,0,"2026-05-28 23:49:29"
6422,891,"2026-06-14 11:06:00",account,en,3,phone,0,"2026-06-14 20:23:58"
6423,549,"2026-06-18 08:05:00",account,en,3,phone,0,"2026-06-18 13:32:51"
6424,339,"2026-05-02 15:50:00",account,en,2,email,0,"2026-05-03 00:13:46"
6425,335,"2026-06-01 21:58:00",returns,es,2,phone,0,"2026-06-02 05:45:44"
6426,729,"2026-06-26 09:45:00",returns,ja,3,email,0,"2026-06-27 02:58:02"
6427,139,"2026-07-22 17:50:00",subscription,en,2,chat,0,"2026-07-23 08:45:05"
6428,829,"2026-05-13 05:52:00",returns,es,1,email,0,"2026-05-13 21:00:29"
6429,759,"2026-07-03 13:29:00",returns,es,2,email,0,"2026-07-03 19:59:03"
6430,1187,"2026-05-19 22:44:00",account,de,5,email,0,"2026-05-21 09:50:35"
6431,1137,"2026-06-11 09:53:00",account,en,1,email,0,"2026-06-11 19:02:49"
6432,1011,"2026-05-01 09:48:00",delivery,en,3,email,0,"2026-05-01 15:28:45"
6433,620,"2026-07-18 04:32:00",subscription,en,3,email,1,"2026-07-18 20:16:42"
6434,296,"2026-07-14 08:09:00",subscription,en,2,phone,0,"2026-07-14 14:44:20"
6435,1079,"2026-07-06 07:25:00",technical,es,1,email,0,"2026-07-06 20:29:14"
6436,977,"2026-07-09 15:48:00",account,fr,3,email,0,"2026-07-10 05:19:55"
6437,710,"2026-07-08 04:30:00",subscription,en,4,chat,0,"2026-07-08 16:18:36"
6438,451,"2026-07-18 15:55:00",billing,en,1,email,0,"2026-07-18 23:49:50"
6439,812,"2026-05-18 08:43:00",delivery,en,1,email,0,"2026-05-18 11:54:38"
6440,1076,"2026-07-04 19:16:00",delivery,en,1,email,0,"2026-07-04 23:33:33"
6441,360,"2026-06-10 12:47:00",returns,de,1,chat,0,"2026-06-10 20:34:26"
6442,894,"2026-07-08 05:03:00",technical,en,2,phone,1,"2026-07-08 11:44:34"
6443,957,"2026-06-17 04:03:00",billing,en,2,email,0,"2026-06-17 14:14:14"
6444,1024,"2026-07-03 06:17:00",billing,en,2,chat,0,"2026-07-03 10:48:37"
6445,988,"2026-06-20 04:11:00",technical,de,1,chat,0,"2026-06-20 13:22:02"
6446,1054,"2026-07-29 23:40:00",subscription,ja,1,chat,0,"2026-07-30 03:54:00"
6447,1085,"2026-07-14 16:58:00",billing,en,3,email,0,"2026-07-15 11:01:36"
6448,237,"2026-06-24 12:43:00",billing,ja,4,phone,1,"2026-06-24 18:11:55"
6449,317,"2026-07-24 15:05:00",subscription,en,3,email,0,"2026-07-24 20:13:44"
6450,158,"2026-07-11 11:42:00",technical,en,1,chat,0,"2026-07-11 20:05:34"
6451,160,"2026-07-04 01:55:00",technical,ja,5,email,0,"2026-07-04 15:46:38"
6452,286,"2026-06-15 13:24:00",subscription,ja,3,chat,0,"2026-06-16 02:16:12"
6453,927,"2026-05-10 11:02:00",returns,en,2,email,0,"2026-05-10 15:36:31"
6454,434,"2026-06-17 16:28:00",subscription,es,2,email,0,"2026-06-18 04:19:49"
6455,897,"2026-05-16 09:53:00",account,en,2,phone,0,"2026-05-16 21:35:12"
6456,1102,"2026-05-14 06:15:00",subscription,en,3,chat,0,"2026-05-14 15:30:00"
6457,242,"2026-06-30 14:17:00",returns,ja,1,chat,0,"2026-06-30 20:24:50"
6458,395,"2026-06-18 15:23:00",technical,en,2,chat,0,"2026-06-18 21:09:02"
6459,1152,"2026-07-20 21:56:00",technical,en,4,phone,1,"2026-07-21 03:03:48"
6460,254,"2026-06-26 23:51:00",subscription,en,3,phone,1,"2026-06-27 06:11:45"
6461,10,"2026-07-05 05:44:00",returns,en,3,email,0,"2026-07-05 17:22:10"
6462,822,"2026-06-11 15:05:00",technical,en,1,email,0,"2026-06-11 20:24:03"
6463,912,"2026-05-04 15:05:00",account,en,1,email,0,"2026-05-05 00:40:13"
6464,115,"2026-07-02 11:03:00",billing,en,3,email,0,"2026-07-03 00:20:42"
6465,447,"2026-07-16 15:44:00",account,es,1,email,0,"2026-07-16 20:32:20"
6466,224,"2026-05-14 09:52:00",technical,en,2,phone,0,"2026-05-14 14:03:53"
6467,55,"2026-06-26 22:47:00",technical,en,1,phone,0,"2026-06-27 03:55:51"
6468,1093,"2026-07-17 19:38:00",billing,ja,2,email,1,"2026-07-18 13:00:04"
6469,728,"2026-07-04 19:22:00",technical,ja,1,chat,0,"2026-07-05 02:27:58"
6470,442,"2026-06-05 21:23:00",account,fr,2,email,1,"2026-06-06 07:24:56"
6471,473,"2026-07-01 15:34:00",technical,en,1,phone,0,"2026-07-01 20:04:11"
6472,933,"2026-05-14 07:01:00",billing,fr,4,chat,0,"2026-05-14 12:30:53"
6473,742,"2026-07-22 07:00:00",returns,en,3,email,0,"2026-07-22 23:05:06"
6474,1034,"2026-06-30 15:22:00",technical,ja,3,phone,0,"2026-06-30 21:04:43"
6475,834,"2026-07-06 20:19:00",technical,de,1,phone,1,"2026-07-07 02:09:09"
6476,1042,"2026-07-26 18:55:00",subscription,en,3,phone,0,"2026-07-27 05:53:11"
6477,777,"2026-07-12 16:04:00",billing,de,1,chat,0,"2026-07-12 18:40:24"
6478,470,"2026-06-19 04:37:00",subscription,ja,2,email,0,"2026-06-19 16:24:37"
6479,516,"2026-05-04 14:52:00",technical,ja,3,email,0,"2026-05-05 02:15:02"
6480,736,"2026-07-08 08:24:00",delivery,ja,2,chat,0,"2026-07-08 20:42:07"
6481,1002,"2026-05-15 22:05:00",account,en,4,phone,0,"2026-05-16 12:33:10"
6482,1154,"2026-07-23 18:56:00",account,en,1,chat,0,"2026-07-24 01:08:06"
6483,64,"2026-05-13 06:02:00",account,en,3,email,0,"2026-05-13 14:41:18"
6484,830,"2026-05-15 22:10:00",returns,de,3,phone,0,"2026-05-16 08:22:29"
6485,530,"2026-06-30 01:00:00",technical,en,2,chat,0,"2026-06-30 11:31:44"
6486,592,"2026-05-03 23:26:00",billing,es,3,chat,0,"2026-05-04 14:56:38"
6487,950,"2026-06-22 20:44:00",technical,ja,1,chat,0,"2026-06-23 08:20:24"
6488,339,"2026-06-28 16:05:00",subscription,es,2,phone,0,"2026-06-28 21:45:29"
6489,147,"2026-05-09 00:45:00",subscription,en,1,phone,0,"2026-05-09 08:28:13"
6490,205,"2026-06-21 01:47:00",technical,fr,2,phone,0,"2026-06-21 09:57:54"
6491,561,"2026-07-24 19:12:00",account,fr,1,phone,0,"2026-07-25 01:44:52"
6492,16,"2026-06-08 07:20:00",returns,es,5,chat,0,"2026-06-08 15:30:51"
6493,720,"2026-06-24 21:28:00",technical,en,3,chat,0,"2026-06-25 12:24:34"
6494,38,"2026-06-13 19:45:00",subscription,en,1,phone,0,"2026-06-14 00:28:56"
6495,937,"2026-07-20 14:31:00",delivery,en,1,chat,0,"2026-07-20 16:37:06"
6496,988,"2026-07-01 07:29:00",subscription,en,1,chat,0,"2026-07-02 04:31:19"
6497,241,"2026-07-28 10:38:00",billing,en,1,chat,0,"2026-07-28 17:46:22"
6498,784,"2026-06-14 03:22:00",subscription,en,1,phone,0,"2026-06-14 12:27:46"
6499,1122,"2026-06-23 22:33:00",billing,en,1,chat,0,"2026-06-24 04:35:08"
6500,714,"2026-06-10 16:26:00",account,fr,2,email,0,"2026-06-11 00:07:42"
