event_id,ticket_id,event_ts,event_type
1,1,"2026-06-24 12:11:00",created
2,1,"2026-06-24 14:35:44",assigned
3,1,"2026-06-25 00:14:43",resolved
4,2,"2026-07-14 22:43:00",created
5,2,"2026-07-15 00:44:00",assigned
6,2,"2026-07-15 08:48:02",resolved
7,3,"2026-05-17 14:44:00",created
8,3,"2026-05-17 23:07:40",assigned
9,3,"2026-05-19 08:42:23",resolved
10,4,"2026-07-05 10:30:00",created
11,4,"2026-07-05 11:51:07",assigned
12,4,"2026-07-05 17:15:37",resolved
13,5,"2026-07-29 09:02:00",created
14,5,"2026-07-29 10:40:55",assigned
15,5,"2026-07-29 17:16:39",resolved
16,6,"2026-05-04 06:26:00",created
17,6,"2026-05-04 09:01:58",assigned
18,6,"2026-05-04 19:25:50",resolved
19,7,"2026-07-24 07:39:00",created
20,7,"2026-07-24 11:33:27",assigned
21,7,"2026-07-25 03:11:19",resolved
22,8,"2026-05-16 15:58:00",created
23,8,"2026-05-16 17:34:47",assigned
24,8,"2026-05-17 00:01:57",resolved
25,9,"2026-07-27 10:57:00",created
26,9,"2026-07-27 12:25:40",assigned
27,9,"2026-07-27 18:20:20",resolved
28,10,"2026-05-30 18:02:00",created
29,10,"2026-05-30 19:31:26",assigned
30,10,"2026-05-31 01:29:12",resolved
31,11,"2026-06-26 09:46:00",created
32,11,"2026-06-26 11:03:18",assigned
33,11,"2026-06-26 16:12:33",resolved
34,12,"2026-07-19 04:06:00",created
35,12,"2026-07-19 05:29:36",assigned
36,12,"2026-07-19 11:04:02",resolved
37,13,"2026-07-09 14:39:00",created
38,13,"2026-07-09 15:23:44",assigned
39,13,"2026-07-09 18:22:43",resolved
40,14,"2026-06-21 03:39:00",created
41,14,"2026-06-21 04:01:52",assigned
42,14,"2026-06-21 05:33:22",resolved
43,15,"2026-06-23 14:55:00",created
44,15,"2026-06-23 15:56:13",assigned
45,15,"2026-06-23 20:01:06",resolved
46,16,"2026-06-23 15:25:00",created
47,16,"2026-06-23 17:02:46",assigned
48,16,"2026-06-23 23:33:51",resolved
49,17,"2026-05-06 00:29:00",created
50,17,"2026-05-06 01:28:29",assigned
51,17,"2026-05-06 05:26:29",resolved
52,18,"2026-05-19 00:27:00",created
53,18,"2026-05-19 02:07:33",assigned
54,18,"2026-05-19 08:49:48",resolved
55,19,"2026-05-30 14:37:00",created
56,19,"2026-05-30 15:52:56",assigned
57,19,"2026-05-30 20:56:44",resolved
58,20,"2026-07-11 17:37:00",created
59,20,"2026-07-11 20:49:08",assigned
60,20,"2026-07-12 09:37:43",resolved
61,21,"2026-07-14 13:40:00",created
62,21,"2026-07-14 14:38:23",assigned
63,21,"2026-07-14 18:31:55",resolved
64,22,"2026-07-01 09:18:00",created
65,22,"2026-07-01 10:15:54",assigned
66,22,"2026-07-01 14:07:31",resolved
67,23,"2026-06-11 16:23:00",created
68,23,"2026-06-11 17:01:22",assigned
69,23,"2026-06-11 19:34:54",resolved
70,24,"2026-05-26 02:51:00",created
71,24,"2026-05-26 06:01:09",assigned
72,24,"2026-05-26 18:41:49",resolved
73,25,"2026-05-14 21:17:00",created
74,25,"2026-05-15 00:17:37",assigned
75,25,"2026-05-15 12:20:06",resolved
76,26,"2026-06-03 20:37:00",created
77,26,"2026-06-04 01:00:07",assigned
78,26,"2026-06-04 18:32:38",resolved
79,27,"2026-06-24 01:38:00",created
80,27,"2026-06-24 04:52:16",assigned
81,27,"2026-06-24 17:49:24",resolved
82,28,"2026-05-03 22:14:00",created
83,28,"2026-05-04 00:58:41",assigned
84,28,"2026-05-04 11:57:25",resolved
85,29,"2026-05-05 00:51:00",created
86,29,"2026-05-05 02:47:39",assigned
87,29,"2026-05-05 10:34:19",resolved
88,30,"2026-06-16 22:30:00",created
89,30,"2026-06-17 00:00:34",assigned
90,30,"2026-06-17 06:02:54",resolved
91,31,"2026-07-24 09:10:00",created
92,31,"2026-07-24 10:13:00",assigned
93,31,"2026-07-24 14:25:01",resolved
94,32,"2026-07-03 19:59:00",created
95,32,"2026-07-03 21:32:16",assigned
96,32,"2026-07-04 03:45:22",resolved
97,33,"2026-06-24 12:45:00",created
98,33,"2026-06-24 14:49:43",assigned
99,33,"2026-06-24 23:08:37",resolved
100,34,"2026-07-16 00:42:00",created
101,34,"2026-07-16 01:16:26",assigned
102,34,"2026-07-16 03:34:13",resolved
103,35,"2026-06-14 08:08:00",created
104,35,"2026-06-14 09:41:05",assigned
105,35,"2026-06-14 15:53:28",resolved
106,36,"2026-07-10 15:27:00",created
107,36,"2026-07-10 17:12:11",assigned
108,36,"2026-07-11 00:12:57",resolved
109,37,"2026-07-03 13:43:00",created
110,37,"2026-07-03 14:56:10",assigned
111,37,"2026-07-03 19:48:52",resolved
112,38,"2026-05-14 23:05:00",created
113,38,"2026-05-14 23:34:40",assigned
114,38,"2026-05-15 01:33:20",resolved
115,39,"2026-07-28 08:32:00",created
116,39,"2026-07-28 10:40:33",assigned
117,39,"2026-07-28 19:14:47",resolved
118,40,"2026-07-02 07:36:00",created
119,40,"2026-07-02 09:05:15",assigned
120,40,"2026-07-02 15:02:17",resolved
121,41,"2026-06-24 15:44:00",created
122,41,"2026-06-24 20:38:33",assigned
123,41,"2026-06-25 16:16:46",resolved
124,42,"2026-05-04 06:54:00",created
125,42,"2026-05-04 08:25:33",assigned
126,42,"2026-05-04 14:31:48",resolved
127,43,"2026-06-21 16:18:00",created
128,43,"2026-06-21 20:04:52",assigned
129,43,"2026-06-22 11:12:21",resolved
130,44,"2026-05-04 01:28:00",created
131,44,"2026-05-04 03:53:53",assigned
132,44,"2026-05-04 13:37:25",resolved
133,45,"2026-07-13 22:14:00",created
134,45,"2026-07-13 23:51:15",assigned
135,45,"2026-07-14 06:20:16",resolved
136,46,"2026-05-17 05:42:00",created
137,46,"2026-05-17 07:23:23",assigned
138,46,"2026-05-17 14:08:57",resolved
139,47,"2026-07-24 08:23:00",created
140,47,"2026-07-24 09:37:01",assigned
141,47,"2026-07-24 14:33:08",resolved
142,48,"2026-06-24 21:57:00",created
143,48,"2026-06-24 22:59:06",assigned
144,48,"2026-06-25 03:07:30",resolved
145,49,"2026-05-07 09:24:00",created
146,49,"2026-05-07 11:14:24",assigned
147,49,"2026-05-07 18:36:03",resolved
148,50,"2026-07-12 19:08:00",created
149,50,"2026-07-12 21:13:37",assigned
150,50,"2026-07-13 05:36:06",resolved
151,51,"2026-07-01 08:18:00",created
152,51,"2026-07-01 10:09:16",assigned
153,51,"2026-07-01 17:34:24",resolved
154,52,"2026-07-06 23:04:00",created
155,52,"2026-07-07 03:31:19",assigned
156,52,"2026-07-07 21:20:38",resolved
157,53,"2026-07-04 06:36:00",created
158,53,"2026-07-04 07:17:32",assigned
159,53,"2026-07-04 10:03:44",resolved
160,54,"2026-07-01 21:36:00",created
161,54,"2026-07-01 22:49:20",assigned
162,54,"2026-07-02 03:42:40",resolved
163,55,"2026-07-18 06:33:00",created
164,55,"2026-07-18 10:13:56",assigned
165,55,"2026-07-19 00:57:44",resolved
166,56,"2026-06-01 02:44:00",created
167,56,"2026-06-01 03:46:17",assigned
168,56,"2026-06-01 07:55:25",resolved
169,57,"2026-06-10 18:41:00",created
170,57,"2026-06-10 21:27:26",assigned
171,57,"2026-06-11 08:33:14",resolved
172,58,"2026-05-21 09:00:00",created
173,58,"2026-05-21 11:09:08",assigned
174,58,"2026-05-21 19:45:41",resolved
175,59,"2026-05-15 17:14:00",created
176,59,"2026-05-15 18:51:23",assigned
177,59,"2026-05-16 01:20:59",resolved
178,60,"2026-05-27 13:28:00",created
179,60,"2026-05-27 15:42:41",assigned
180,60,"2026-05-28 00:41:28",resolved
181,61,"2026-07-18 21:32:00",created
182,61,"2026-07-18 22:11:13",assigned
183,61,"2026-07-19 00:48:08",resolved
184,62,"2026-05-31 05:46:00",created
185,62,"2026-05-31 09:03:44",assigned
186,62,"2026-05-31 22:14:41",resolved
187,63,"2026-07-13 15:07:00",created
188,63,"2026-07-13 15:48:09",assigned
189,63,"2026-07-13 18:32:45",resolved
190,64,"2026-07-26 21:18:00",created
191,64,"2026-07-26 21:57:03",assigned
192,64,"2026-07-27 00:33:19",resolved
193,65,"2026-06-17 21:20:00",created
194,65,"2026-06-18 00:24:31",assigned
195,65,"2026-06-18 12:42:39",resolved
196,66,"2026-06-10 07:33:00",created
197,66,"2026-06-10 08:07:10",assigned
198,66,"2026-06-10 10:23:54",resolved
199,67,"2026-07-01 22:56:00",created
200,67,"2026-07-02 01:19:24",assigned
201,67,"2026-07-02 10:53:01",resolved
202,68,"2026-06-06 06:50:00",created
203,68,"2026-06-06 10:19:22",assigned
204,68,"2026-06-07 00:16:51",resolved
205,69,"2026-06-16 12:26:00",created
206,69,"2026-06-16 13:59:10",assigned
207,69,"2026-06-16 20:11:51",resolved
208,70,"2026-06-10 19:55:00",created
209,70,"2026-06-10 21:34:23",assigned
210,70,"2026-06-11 04:11:57",resolved
211,71,"2026-07-04 04:03:00",created
212,71,"2026-07-04 04:39:06",assigned
213,71,"2026-07-04 07:03:31",resolved
214,72,"2026-06-24 21:40:00",created
215,72,"2026-06-24 22:57:17",assigned
216,72,"2026-06-25 04:06:26",resolved
217,73,"2026-06-15 01:03:00",created
218,73,"2026-06-15 02:53:05",assigned
219,73,"2026-06-15 10:13:27",resolved
220,74,"2026-07-17 14:45:00",created
221,74,"2026-07-17 16:36:15",assigned
222,74,"2026-07-18 00:01:16",resolved
223,75,"2026-05-11 16:29:00",created
224,75,"2026-05-11 17:20:04",assigned
225,75,"2026-05-11 20:44:20",resolved
226,76,"2026-06-13 16:10:00",created
227,76,"2026-06-13 18:05:56",assigned
228,76,"2026-06-14 01:49:42",resolved
229,77,"2026-07-27 08:15:00",created
230,77,"2026-07-27 08:42:51",assigned
231,77,"2026-07-27 10:34:15",resolved
232,78,"2026-05-07 19:31:00",created
233,78,"2026-05-07 21:21:36",assigned
234,78,"2026-05-08 04:44:01",resolved
235,79,"2026-07-17 11:54:00",created
236,79,"2026-07-17 12:49:14",assigned
237,79,"2026-07-17 16:30:12",resolved
238,80,"2026-06-04 16:54:00",created
239,80,"2026-06-04 18:22:14",assigned
240,80,"2026-06-05 00:15:12",resolved
241,81,"2026-05-16 20:15:00",created
242,81,"2026-05-16 21:08:07",assigned
243,81,"2026-05-17 00:40:36",resolved
244,82,"2026-05-20 15:07:00",created
245,82,"2026-05-20 17:56:10",assigned
246,82,"2026-05-21 05:12:54",resolved
247,83,"2026-06-08 23:01:00",created
248,83,"2026-06-09 00:13:46",assigned
249,83,"2026-06-09 05:04:51",resolved
250,84,"2026-06-09 13:22:00",created
251,84,"2026-06-09 15:00:31",assigned
252,84,"2026-06-09 21:34:36",resolved
253,85,"2026-06-27 21:30:00",created
254,85,"2026-06-28 01:41:00",assigned
255,85,"2026-06-28 18:25:00",resolved
256,86,"2026-07-04 11:58:00",created
257,86,"2026-07-04 13:10:52",assigned
258,86,"2026-07-04 18:02:20",resolved
259,87,"2026-06-11 15:30:00",created
260,87,"2026-06-11 16:20:48",assigned
261,87,"2026-06-11 19:44:00",resolved
262,88,"2026-06-25 04:53:00",created
263,88,"2026-06-25 06:41:44",assigned
264,88,"2026-06-25 13:56:41",resolved
265,89,"2026-07-09 11:52:00",created
266,89,"2026-07-09 12:32:44",assigned
267,89,"2026-07-09 15:15:40",resolved
268,90,"2026-07-02 13:08:00",created
269,90,"2026-07-02 14:33:38",assigned
270,90,"2026-07-02 20:16:12",resolved
271,91,"2026-07-02 23:06:00",created
272,91,"2026-07-03 03:10:13",assigned
273,91,"2026-07-03 19:27:06",resolved
274,92,"2026-05-31 15:36:00",created
275,92,"2026-05-31 16:50:16",assigned
276,92,"2026-05-31 21:47:22",resolved
277,93,"2026-05-24 03:10:00",created
278,93,"2026-05-24 04:28:41",assigned
279,93,"2026-05-24 09:43:26",resolved
280,94,"2026-06-23 07:36:00",created
281,94,"2026-06-23 08:17:51",assigned
282,94,"2026-06-23 11:05:18",resolved
283,95,"2026-07-20 06:27:00",created
284,95,"2026-07-20 09:09:25",assigned
285,95,"2026-07-20 19:59:07",resolved
286,96,"2026-07-05 14:36:00",created
287,96,"2026-07-05 15:34:46",assigned
288,96,"2026-07-05 19:29:52",resolved
289,97,"2026-06-29 11:49:00",created
290,97,"2026-06-29 12:37:23",assigned
291,97,"2026-06-29 15:50:57",resolved
292,98,"2026-05-21 11:29:00",created
293,98,"2026-05-21 15:49:22",assigned
294,98,"2026-05-22 09:10:51",resolved
295,99,"2026-06-30 11:33:00",created
296,99,"2026-06-30 13:17:35",assigned
297,99,"2026-06-30 20:15:58",resolved
298,100,"2026-06-24 13:59:00",created
299,100,"2026-06-24 16:23:14",assigned
300,100,"2026-06-25 02:00:12",resolved
301,101,"2026-07-23 00:03:00",created
302,101,"2026-07-23 02:37:35",assigned
303,101,"2026-07-23 12:55:59",resolved
304,102,"2026-06-05 07:25:00",created
305,102,"2026-06-05 09:05:44",assigned
306,102,"2026-06-05 15:48:41",resolved
307,103,"2026-05-22 00:41:00",created
308,103,"2026-05-22 01:39:26",assigned
309,103,"2026-05-22 05:33:12",resolved
310,104,"2026-06-05 13:41:00",created
311,104,"2026-06-05 14:35:54",assigned
312,104,"2026-06-05 18:15:33",resolved
313,105,"2026-05-18 03:23:00",created
314,105,"2026-05-18 05:27:13",assigned
315,105,"2026-05-18 13:44:05",resolved
316,106,"2026-06-14 05:12:00",created
317,106,"2026-06-14 07:55:43",assigned
318,106,"2026-06-14 18:50:39",resolved
319,107,"2026-06-23 06:24:00",created
320,107,"2026-06-23 08:26:21",assigned
321,107,"2026-06-23 16:35:48",resolved
322,108,"2026-06-16 22:59:00",created
323,108,"2026-06-16 23:44:19",assigned
324,108,"2026-06-17 02:45:37",resolved
325,109,"2026-05-20 03:01:00",created
326,109,"2026-05-20 05:58:47",assigned
327,109,"2026-05-20 17:49:58",resolved
328,110,"2026-07-14 21:38:00",created
329,110,"2026-07-14 22:26:22",assigned
330,110,"2026-07-15 01:39:53",resolved
331,111,"2026-06-21 06:38:00",created
332,111,"2026-06-21 08:13:34",assigned
333,111,"2026-06-21 14:35:54",resolved
334,112,"2026-06-01 04:15:00",created
335,112,"2026-06-01 06:25:30",assigned
336,112,"2026-06-01 15:07:30",resolved
337,113,"2026-05-19 11:14:00",created
338,113,"2026-05-19 12:13:41",assigned
339,113,"2026-05-19 16:12:27",resolved
340,114,"2026-06-15 09:52:00",created
341,114,"2026-06-15 11:21:58",assigned
342,114,"2026-06-15 17:21:53",resolved
343,115,"2026-07-23 10:32:00",created
344,115,"2026-07-23 11:38:40",assigned
345,115,"2026-07-23 16:05:21",resolved
346,116,"2026-05-27 23:51:00",created
347,116,"2026-05-28 00:18:06",assigned
348,116,"2026-05-28 02:06:33",resolved
349,117,"2026-07-02 01:03:00",created
350,117,"2026-07-02 02:22:33",assigned
351,117,"2026-07-02 07:40:47",resolved
352,118,"2026-06-12 03:43:00",created
353,118,"2026-06-12 04:39:19",assigned
354,118,"2026-06-12 08:24:35",resolved
355,119,"2026-06-02 13:16:00",created
356,119,"2026-06-02 15:06:48",assigned
357,119,"2026-06-02 22:30:02",resolved
358,120,"2026-06-02 23:20:00",created
359,120,"2026-06-03 01:05:17",assigned
360,120,"2026-06-03 08:06:29",resolved
361,121,"2026-05-04 18:10:00",created
362,121,"2026-05-04 20:56:53",assigned
363,121,"2026-05-05 08:04:28",resolved
364,122,"2026-05-25 08:32:00",created
365,122,"2026-05-25 11:25:51",assigned
366,122,"2026-05-25 23:01:16",resolved
367,123,"2026-06-18 12:00:00",created
368,123,"2026-06-18 14:00:44",assigned
369,123,"2026-06-18 22:03:41",resolved
370,124,"2026-06-25 18:20:00",created
371,124,"2026-06-25 20:00:47",assigned
372,124,"2026-06-26 02:43:57",resolved
373,125,"2026-06-02 08:31:00",created
374,125,"2026-06-02 10:00:08",assigned
375,125,"2026-06-02 15:56:41",resolved
376,126,"2026-05-18 22:31:00",created
377,126,"2026-05-19 00:55:32",assigned
378,126,"2026-05-19 10:33:44",resolved
379,127,"2026-07-10 13:46:00",created
380,127,"2026-07-10 13:57:46",assigned
381,127,"2026-07-10 14:44:52",resolved
382,128,"2026-05-23 16:32:00",created
383,128,"2026-05-23 18:30:24",assigned
384,128,"2026-05-24 02:24:01",resolved
385,129,"2026-05-30 15:28:00",created
386,129,"2026-05-30 17:16:35",assigned
387,129,"2026-05-31 00:30:58",resolved
388,130,"2026-05-04 22:21:00",created
389,130,"2026-05-05 00:38:20",assigned
390,130,"2026-05-05 09:47:41",resolved
391,131,"2026-07-15 11:48:00",created
392,131,"2026-07-15 12:36:00",assigned
393,131,"2026-07-15 15:48:00",resolved
394,132,"2026-07-12 21:23:00",created
395,132,"2026-07-13 00:06:02",assigned
396,132,"2026-07-13 10:58:10",resolved
397,133,"2026-05-30 07:47:00",created
398,133,"2026-05-30 10:19:54",assigned
399,133,"2026-05-30 20:31:33",resolved
400,134,"2026-06-10 20:45:00",created
401,134,"2026-06-10 22:11:06",assigned
402,134,"2026-06-11 03:55:34",resolved
403,135,"2026-07-06 01:37:00",created
404,135,"2026-07-06 02:41:47",assigned
405,135,"2026-07-06 07:00:56",resolved
406,136,"2026-07-27 05:06:00",created
407,136,"2026-07-27 06:44:21",assigned
408,136,"2026-07-27 13:17:45",resolved
409,137,"2026-05-11 03:28:00",created
410,137,"2026-05-11 05:34:45",assigned
411,137,"2026-05-11 14:01:47",resolved
412,138,"2026-06-07 11:20:00",created
413,138,"2026-06-07 12:25:54",assigned
414,138,"2026-06-07 16:49:31",resolved
415,139,"2026-07-01 13:08:00",created
416,139,"2026-07-01 14:12:20",assigned
417,139,"2026-07-01 18:29:42",resolved
418,140,"2026-05-27 08:08:00",created
419,140,"2026-05-27 12:51:12",assigned
420,140,"2026-05-28 07:44:03",resolved
421,141,"2026-07-10 01:19:00",created
422,141,"2026-07-10 02:41:40",assigned
423,141,"2026-07-10 08:12:20",resolved
424,142,"2026-07-03 01:13:00",created
425,142,"2026-07-03 05:37:11",assigned
426,142,"2026-07-03 23:13:57",resolved
427,143,"2026-07-06 02:44:00",created
428,143,"2026-07-06 06:10:10",assigned
429,143,"2026-07-06 19:54:50",resolved
430,144,"2026-05-03 00:52:00",created
431,144,"2026-05-03 02:00:46",assigned
432,144,"2026-05-03 06:35:52",resolved
433,145,"2026-07-25 08:33:00",created
434,145,"2026-07-25 09:05:21",assigned
435,145,"2026-07-25 11:14:45",resolved
436,146,"2026-05-21 16:56:00",created
437,146,"2026-05-21 18:44:17",assigned
438,146,"2026-05-22 01:57:29",resolved
439,147,"2026-05-02 01:50:00",created
440,147,"2026-05-02 02:54:06",assigned
441,147,"2026-05-02 07:10:33",resolved
442,148,"2026-06-12 18:02:00",created
443,148,"2026-06-12 19:11:55",assigned
444,148,"2026-06-12 23:51:36",resolved
445,149,"2026-05-06 12:09:00",created
446,149,"2026-05-06 15:28:17",assigned
447,149,"2026-05-07 04:45:28",resolved
448,150,"2026-06-08 06:30:00",created
449,150,"2026-06-08 07:10:05",assigned
450,150,"2026-06-08 09:50:28",resolved
451,151,"2026-07-15 19:09:00",created
452,151,"2026-07-15 20:07:45",assigned
453,151,"2026-07-16 00:02:45",resolved
454,152,"2026-05-09 19:27:00",created
455,152,"2026-05-09 21:09:35",assigned
456,152,"2026-05-10 03:59:57",resolved
457,153,"2026-06-12 11:33:00",created
458,153,"2026-06-12 13:06:33",assigned
459,153,"2026-06-12 19:20:47",resolved
460,154,"2026-07-07 22:30:00",created
461,154,"2026-07-08 00:52:09",assigned
462,154,"2026-07-08 10:20:48",resolved
463,155,"2026-05-25 17:37:00",created
464,155,"2026-05-25 18:29:02",assigned
465,155,"2026-05-25 21:57:13",resolved
466,156,"2026-05-18 09:18:00",created
467,156,"2026-05-18 12:58:20",assigned
468,156,"2026-05-19 03:39:41",resolved
469,157,"2026-05-18 19:04:00",created
470,157,"2026-05-18 20:08:32",assigned
471,157,"2026-05-19 00:26:40",resolved
472,158,"2026-07-28 10:44:00",created
473,158,"2026-07-28 12:32:36",assigned
474,158,"2026-07-28 19:47:01",resolved
475,159,"2026-05-23 14:08:00",created
476,159,"2026-05-23 21:33:22",assigned
477,159,"2026-05-25 03:14:53",resolved
478,160,"2026-05-03 08:46:00",created
479,160,"2026-05-03 14:25:21",assigned
480,160,"2026-05-04 13:02:48",resolved
481,161,"2026-05-04 08:44:00",created
482,161,"2026-05-04 09:50:24",assigned
483,161,"2026-05-04 14:16:01",resolved
484,162,"2026-07-09 06:19:00",created
485,162,"2026-07-09 07:13:01",assigned
486,162,"2026-07-09 10:49:07",resolved
487,163,"2026-05-08 10:56:00",created
488,163,"2026-05-08 13:45:09",assigned
489,163,"2026-05-09 01:01:47",resolved
490,164,"2026-05-31 03:48:00",created
491,164,"2026-05-31 04:48:59",assigned
492,164,"2026-05-31 08:52:58",resolved
493,165,"2026-07-08 20:18:00",created
494,165,"2026-07-08 21:40:16",assigned
495,165,"2026-07-09 03:09:24",resolved
496,166,"2026-07-22 00:23:00",created
497,166,"2026-07-22 02:27:39",assigned
498,166,"2026-07-22 10:46:16",resolved
499,167,"2026-05-13 09:33:00",created
500,167,"2026-05-13 10:37:37",assigned
501,167,"2026-05-13 14:56:08",resolved
502,168,"2026-06-29 23:59:00",created
503,168,"2026-06-30 01:14:28",assigned
504,168,"2026-06-30 06:16:24",resolved
505,169,"2026-07-20 01:31:00",created
506,169,"2026-07-20 03:15:00",assigned
507,169,"2026-07-20 10:11:00",resolved
508,170,"2026-07-04 07:21:00",created
509,170,"2026-07-04 08:44:41",assigned
510,170,"2026-07-04 14:19:25",resolved
511,171,"2026-06-14 12:39:00",created
512,171,"2026-06-14 13:38:22",assigned
513,171,"2026-06-14 17:35:50",resolved
514,172,"2026-07-11 08:35:00",created
515,172,"2026-07-11 10:04:40",assigned
516,172,"2026-07-11 16:03:23",resolved
517,173,"2026-06-16 04:48:00",created
518,173,"2026-06-16 06:54:21",assigned
519,173,"2026-06-16 15:19:46",resolved
520,174,"2026-07-01 15:57:00",created
521,174,"2026-07-01 17:46:53",assigned
522,174,"2026-07-02 01:06:28",resolved
523,175,"2026-06-18 23:03:00",created
524,175,"2026-06-18 23:44:27",assigned
525,175,"2026-06-19 02:30:19",resolved
526,176,"2026-06-23 17:22:00",created
527,176,"2026-06-23 18:59:49",assigned
528,176,"2026-06-24 01:31:07",resolved
529,177,"2026-05-04 15:49:00",created
530,177,"2026-05-04 17:54:30",assigned
531,177,"2026-05-05 02:16:33",resolved
532,178,"2026-05-03 14:58:00",created
533,178,"2026-05-03 17:25:21",assigned
534,178,"2026-05-04 03:14:46",resolved
535,179,"2026-05-14 12:32:00",created
536,179,"2026-05-14 13:21:31",assigned
537,179,"2026-05-14 16:39:38",resolved
538,180,"2026-05-12 04:52:00",created
539,180,"2026-05-12 06:35:48",assigned
540,180,"2026-05-12 13:31:03",resolved
541,181,"2026-06-19 15:28:00",created
542,181,"2026-06-19 18:53:00",assigned
543,181,"2026-06-20 08:33:02",resolved
544,182,"2026-06-03 21:20:00",created
545,182,"2026-06-04 00:48:37",assigned
546,182,"2026-06-04 14:43:09",resolved
547,183,"2026-05-04 13:06:00",created
548,183,"2026-05-04 18:23:58",assigned
549,183,"2026-05-05 15:35:52",resolved
550,184,"2026-06-08 18:18:00",created
551,184,"2026-06-08 21:44:07",assigned
552,184,"2026-06-09 11:28:35",resolved
553,185,"2026-06-05 17:52:00",created
554,185,"2026-06-05 20:17:02",assigned
555,185,"2026-06-06 05:57:14",resolved
556,186,"2026-07-07 04:55:00",created
557,186,"2026-07-07 07:07:48",assigned
558,186,"2026-07-07 15:59:02",resolved
559,187,"2026-06-12 19:06:00",created
560,187,"2026-06-12 20:46:31",assigned
561,187,"2026-06-13 03:28:37",resolved
562,188,"2026-06-21 15:41:00",created
563,188,"2026-06-21 16:42:56",assigned
564,188,"2026-06-21 20:50:44",resolved
565,189,"2026-07-16 06:43:00",created
566,189,"2026-07-16 09:21:23",assigned
567,189,"2026-07-16 19:54:55",resolved
568,190,"2026-07-21 12:27:00",created
569,190,"2026-07-21 14:16:30",assigned
570,190,"2026-07-21 21:34:32",resolved
571,191,"2026-06-20 03:47:00",created
572,191,"2026-06-20 05:43:25",assigned
573,191,"2026-06-20 13:29:09",resolved
574,192,"2026-05-17 20:09:00",created
575,192,"2026-05-17 20:53:07",assigned
576,192,"2026-05-17 23:49:35",resolved
577,193,"2026-05-17 00:06:00",created
578,193,"2026-05-17 01:28:08",assigned
579,193,"2026-05-17 06:56:42",resolved
580,194,"2026-06-17 03:22:00",created
581,194,"2026-06-17 03:45:45",assigned
582,194,"2026-06-17 05:20:45",resolved
583,195,"2026-07-16 23:08:00",created
584,195,"2026-07-16 23:42:09",assigned
585,195,"2026-07-17 01:58:45",resolved
586,196,"2026-05-04 10:08:00",created
587,196,"2026-05-04 12:06:20",assigned
588,196,"2026-05-04 19:59:43",resolved
589,197,"2026-05-13 22:33:00",created
590,197,"2026-05-14 00:06:22",assigned
591,197,"2026-05-14 06:19:51",resolved
592,198,"2026-07-09 19:20:00",created
593,198,"2026-07-09 20:08:33",assigned
594,198,"2026-07-09 23:22:49",resolved
595,199,"2026-06-09 15:25:00",created
596,199,"2026-06-09 19:52:53",assigned
597,199,"2026-06-10 13:44:26",resolved
598,200,"2026-07-11 20:32:00",created
599,200,"2026-07-11 20:49:19",assigned
600,200,"2026-07-11 21:58:36",resolved
601,201,"2026-07-02 15:23:00",created
602,201,"2026-07-02 16:40:54",assigned
603,201,"2026-07-02 21:52:31",resolved
604,202,"2026-07-08 09:52:00",created
605,202,"2026-07-08 12:04:22",assigned
606,202,"2026-07-08 20:53:50",resolved
607,203,"2026-07-26 12:56:00",created
608,203,"2026-07-26 14:20:31",assigned
609,203,"2026-07-26 19:58:37",resolved
610,204,"2026-07-01 15:42:00",created
611,204,"2026-07-01 17:33:22",assigned
612,204,"2026-07-02 00:58:51",resolved
613,205,"2026-07-16 17:41:00",created
614,205,"2026-07-16 19:45:03",assigned
615,205,"2026-07-17 04:01:16",resolved
616,206,"2026-05-10 20:48:00",created
617,206,"2026-05-10 21:22:01",assigned
618,206,"2026-05-10 23:38:06",resolved
619,207,"2026-07-25 17:23:00",created
620,207,"2026-07-25 18:52:14",assigned
621,207,"2026-07-26 00:49:12",resolved
622,208,"2026-05-12 14:43:00",created
623,208,"2026-05-12 15:34:25",assigned
624,208,"2026-05-12 19:00:06",resolved
625,209,"2026-07-13 13:42:00",created
626,209,"2026-07-13 14:51:13",assigned
627,209,"2026-07-13 19:28:05",resolved
628,210,"2026-07-13 23:23:00",created
629,210,"2026-07-14 00:31:04",assigned
630,210,"2026-07-14 05:03:21",resolved
631,211,"2026-06-16 07:03:00",created
632,211,"2026-06-16 08:11:40",assigned
633,211,"2026-06-16 12:46:20",resolved
634,212,"2026-05-31 19:03:00",created
635,212,"2026-05-31 19:53:31",assigned
636,212,"2026-05-31 23:15:35",resolved
637,213,"2026-05-06 01:31:00",created
638,213,"2026-05-06 02:51:10",assigned
639,213,"2026-05-06 08:11:54",resolved
640,214,"2026-05-14 00:43:00",created
641,214,"2026-05-14 05:03:32",assigned
642,214,"2026-05-14 22:25:40",resolved
643,215,"2026-06-26 09:06:00",created
644,215,"2026-06-26 11:07:56",assigned
645,215,"2026-06-26 19:15:42",resolved
646,216,"2026-07-06 13:19:00",created
647,216,"2026-07-06 15:24:56",assigned
648,216,"2026-07-06 23:48:40",resolved
649,217,"2026-06-26 21:31:00",created
650,217,"2026-06-26 23:23:50",assigned
651,217,"2026-06-27 06:55:13",resolved
652,218,"2026-05-21 14:17:00",created
653,218,"2026-05-21 15:38:29",assigned
654,218,"2026-05-21 21:04:26",resolved
655,219,"2026-05-20 23:48:00",created
656,219,"2026-05-21 01:43:27",assigned
657,219,"2026-05-21 09:25:19",resolved
658,220,"2026-06-06 13:31:00",created
659,220,"2026-06-06 15:14:55",assigned
660,220,"2026-06-06 22:10:39",resolved
661,221,"2026-07-03 08:15:00",created
662,221,"2026-07-03 09:04:19",assigned
663,221,"2026-07-03 12:21:35",resolved
664,222,"2026-07-21 14:37:00",created
665,222,"2026-07-21 16:24:52",assigned
666,222,"2026-07-21 23:36:24",resolved
667,223,"2026-06-11 01:06:00",created
668,223,"2026-06-11 03:45:20",assigned
669,223,"2026-06-11 14:22:41",resolved
670,224,"2026-06-08 02:16:00",created
671,224,"2026-06-08 03:10:46",assigned
672,224,"2026-06-08 06:49:50",resolved
673,225,"2026-07-01 18:46:00",created
674,225,"2026-07-01 21:06:08",assigned
675,225,"2026-07-02 06:26:41",resolved
676,226,"2026-07-03 13:05:00",created
677,226,"2026-07-03 14:29:11",assigned
678,226,"2026-07-03 20:05:56",resolved
679,227,"2026-07-16 19:05:00",created
680,227,"2026-07-16 19:54:06",assigned
681,227,"2026-07-16 23:10:30",resolved
682,228,"2026-07-19 09:26:00",created
683,228,"2026-07-19 10:57:17",assigned
684,228,"2026-07-19 17:02:27",resolved
685,229,"2026-07-04 08:37:00",created
686,229,"2026-07-04 09:57:47",assigned
687,229,"2026-07-04 15:20:58",resolved
688,230,"2026-05-30 03:40:00",created
689,230,"2026-05-30 04:14:16",assigned
690,230,"2026-05-30 06:31:20",resolved
691,231,"2026-06-13 19:58:00",created
692,231,"2026-06-13 22:30:43",assigned
693,231,"2026-06-14 08:41:38",resolved
694,232,"2026-05-22 23:38:00",created
695,232,"2026-05-23 00:16:04",assigned
696,232,"2026-05-23 02:48:24",resolved
697,233,"2026-06-25 21:45:00",created
698,233,"2026-06-26 00:12:50",assigned
699,233,"2026-06-26 10:04:12",resolved
700,234,"2026-06-05 05:25:00",created
701,234,"2026-06-05 07:30:49",assigned
702,234,"2026-06-05 15:54:07",resolved
703,235,"2026-06-18 03:21:00",created
704,235,"2026-06-18 06:27:02",assigned
705,235,"2026-06-18 18:51:11",resolved
706,236,"2026-06-19 06:44:00",created
707,236,"2026-06-19 07:52:05",assigned
708,236,"2026-06-19 12:24:27",resolved
709,237,"2026-06-14 04:37:00",created
710,237,"2026-06-14 05:58:51",assigned
711,237,"2026-06-14 11:26:19",resolved
712,238,"2026-07-10 02:20:00",created
713,238,"2026-07-10 03:49:52",assigned
714,238,"2026-07-10 09:49:24",resolved
715,239,"2026-05-18 08:10:00",created
716,239,"2026-05-18 09:00:47",assigned
717,239,"2026-05-18 12:23:58",resolved
718,240,"2026-05-19 08:32:00",created
719,240,"2026-05-19 09:44:34",assigned
720,240,"2026-05-19 14:34:52",resolved
721,241,"2026-05-25 11:00:00",created
722,241,"2026-05-25 14:40:31",assigned
723,241,"2026-05-26 05:22:38",resolved
724,242,"2026-07-27 06:46:00",created
725,242,"2026-07-27 08:22:49",assigned
726,242,"2026-07-27 14:50:06",resolved
727,243,"2026-06-18 06:09:00",created
728,243,"2026-06-18 08:12:07",assigned
729,243,"2026-06-18 16:24:36",resolved
730,244,"2026-07-27 22:42:00",created
731,244,"2026-07-28 00:05:22",assigned
732,244,"2026-07-28 05:38:50",resolved
733,245,"2026-06-21 04:59:00",created
734,245,"2026-06-21 06:41:56",assigned
735,245,"2026-06-21 13:33:43",resolved
736,246,"2026-05-04 14:20:00",created
737,246,"2026-05-04 16:14:17",assigned
738,246,"2026-05-04 23:51:26",resolved
739,247,"2026-05-25 00:32:00",created
740,247,"2026-05-25 01:35:18",assigned
741,247,"2026-05-25 05:48:32",resolved
742,248,"2026-07-19 20:35:00",created
743,248,"2026-07-19 22:05:45",assigned
744,248,"2026-07-20 04:08:47",resolved
745,249,"2026-07-03 11:38:00",created
746,249,"2026-07-03 12:42:23",assigned
747,249,"2026-07-03 16:59:58",resolved
748,250,"2026-07-09 19:29:00",created
749,250,"2026-07-09 21:20:54",assigned
750,250,"2026-07-10 04:48:30",resolved
751,251,"2026-05-18 09:00:00",created
752,251,"2026-05-18 09:46:15",assigned
753,251,"2026-05-18 12:51:19",resolved
754,252,"2026-05-21 11:54:00",created
755,252,"2026-05-21 13:44:02",assigned
756,252,"2026-05-21 21:04:13",resolved
757,253,"2026-07-02 22:50:00",created
758,253,"2026-07-03 01:51:45",assigned
759,253,"2026-07-03 13:58:48",resolved
760,254,"2026-05-28 21:42:00",created
761,254,"2026-05-28 22:55:10",assigned
762,254,"2026-05-29 03:47:54",resolved
763,255,"2026-07-27 06:52:00",created
764,255,"2026-07-27 08:34:43",assigned
765,255,"2026-07-27 15:25:37",resolved
766,256,"2026-06-30 04:41:00",created
767,256,"2026-06-30 07:37:40",assigned
768,256,"2026-06-30 19:24:20",resolved
769,257,"2026-05-04 03:30:00",created
770,257,"2026-05-04 06:05:22",assigned
771,257,"2026-05-04 16:26:52",resolved
772,258,"2026-06-05 04:17:00",created
773,258,"2026-06-05 06:35:45",assigned
774,258,"2026-06-05 15:50:45",resolved
775,259,"2026-05-03 04:05:00",created
776,259,"2026-05-03 07:21:01",assigned
777,259,"2026-05-03 20:25:09",resolved
778,260,"2026-05-31 07:47:00",created
779,260,"2026-05-31 08:49:00",assigned
780,260,"2026-05-31 12:57:04",resolved
781,261,"2026-05-06 15:11:00",created
782,261,"2026-05-06 17:02:17",assigned
783,261,"2026-05-07 00:27:27",resolved
784,262,"2026-06-16 22:35:00",created
785,262,"2026-06-16 23:11:09",assigned
786,262,"2026-06-17 01:35:46",resolved
787,263,"2026-05-06 13:26:00",created
788,263,"2026-05-06 14:02:41",assigned
789,263,"2026-05-06 16:29:27",resolved
790,264,"2026-06-14 19:10:00",created
791,264,"2026-06-14 20:04:09",assigned
792,264,"2026-06-14 23:40:45",resolved
793,265,"2026-07-01 17:52:00",created
794,265,"2026-07-01 20:50:15",assigned
795,265,"2026-07-02 08:43:19",resolved
796,266,"2026-05-12 20:47:00",created
797,266,"2026-05-12 22:50:44",assigned
798,266,"2026-05-13 07:05:43",resolved
799,267,"2026-06-23 06:28:00",created
800,267,"2026-06-23 07:27:17",assigned
801,267,"2026-06-23 11:24:25",resolved
802,268,"2026-07-17 03:14:00",created
803,268,"2026-07-17 05:12:20",assigned
804,268,"2026-07-17 13:05:43",resolved
805,269,"2026-05-26 15:18:00",created
806,269,"2026-05-26 16:26:37",assigned
807,269,"2026-05-26 21:01:08",resolved
808,270,"2026-06-06 00:28:00",created
809,270,"2026-06-06 01:22:41",assigned
810,270,"2026-06-06 05:01:27",resolved
811,271,"2026-06-16 20:14:00",created
812,271,"2026-06-16 22:37:54",assigned
813,271,"2026-06-17 08:13:34",resolved
814,272,"2026-07-04 19:14:00",created
815,272,"2026-07-04 20:48:05",assigned
816,272,"2026-07-05 03:04:28",resolved
817,273,"2026-07-12 14:42:00",created
818,273,"2026-07-12 16:56:30",assigned
819,273,"2026-07-13 01:54:34",resolved
820,274,"2026-05-17 15:11:00",created
821,274,"2026-05-17 16:20:39",assigned
822,274,"2026-05-17 20:59:18",resolved
823,275,"2026-05-13 04:23:00",created
824,275,"2026-05-13 06:19:45",assigned
825,275,"2026-05-13 14:06:49",resolved
826,276,"2026-07-09 21:39:00",created
827,276,"2026-07-09 23:19:52",assigned
828,276,"2026-07-10 06:03:24",resolved
829,277,"2026-06-18 01:55:00",created
830,277,"2026-06-18 04:41:54",assigned
831,277,"2026-06-18 15:49:32",resolved
832,278,"2026-07-11 08:03:00",created
833,278,"2026-07-11 09:59:53",assigned
834,278,"2026-07-11 17:47:26",resolved
835,279,"2026-06-15 01:23:00",created
836,279,"2026-06-15 02:41:05",assigned
837,279,"2026-06-15 07:53:27",resolved
838,280,"2026-05-02 16:01:00",created
839,280,"2026-05-02 17:21:30",assigned
840,280,"2026-05-02 22:43:34",resolved
841,281,"2026-06-06 07:40:00",created
842,281,"2026-06-06 10:20:31",assigned
843,281,"2026-06-06 21:02:38",resolved
844,282,"2026-07-29 14:43:00",created
845,282,"2026-07-29 15:54:24",assigned
846,282,"2026-07-29 20:40:04",resolved
847,283,"2026-07-12 12:23:00",created
848,283,"2026-07-12 14:13:25",assigned
849,283,"2026-07-12 21:35:09",resolved
850,284,"2026-05-06 01:59:00",created
851,284,"2026-05-06 03:04:24",assigned
852,284,"2026-05-06 07:26:02",resolved
853,285,"2026-07-05 11:44:00",created
854,285,"2026-07-05 12:20:37",assigned
855,285,"2026-07-05 14:47:06",resolved
856,286,"2026-06-25 07:14:00",created
857,286,"2026-06-25 09:00:57",assigned
858,286,"2026-06-25 16:08:46",resolved
859,287,"2026-06-06 13:06:00",created
860,287,"2026-06-06 14:17:18",assigned
861,287,"2026-06-06 19:02:32",resolved
862,288,"2026-07-10 14:59:00",created
863,288,"2026-07-10 18:16:03",assigned
864,288,"2026-07-11 07:24:18",resolved
865,289,"2026-07-01 17:14:00",created
866,289,"2026-07-01 17:53:09",assigned
867,289,"2026-07-01 20:29:46",resolved
868,290,"2026-05-04 11:09:00",created
869,290,"2026-05-04 11:56:17",assigned
870,290,"2026-05-04 15:05:27",resolved
871,291,"2026-05-04 23:51:00",created
872,291,"2026-05-05 00:36:36",assigned
873,291,"2026-05-05 03:39:00",resolved
874,292,"2026-05-16 16:36:00",created
875,292,"2026-05-16 18:25:51",assigned
876,292,"2026-05-17 01:45:15",resolved
877,293,"2026-05-26 15:01:00",created
878,293,"2026-05-26 16:28:04",assigned
879,293,"2026-05-26 22:16:21",resolved
880,294,"2026-07-16 11:44:00",created
881,294,"2026-07-16 12:21:19",assigned
882,294,"2026-07-16 14:50:39",resolved
883,295,"2026-05-10 15:12:00",created
884,295,"2026-05-10 16:19:48",assigned
885,295,"2026-05-10 20:51:03",resolved
886,296,"2026-06-14 10:37:00",created
887,296,"2026-06-14 16:38:37",assigned
888,296,"2026-06-15 16:45:05",resolved
889,297,"2026-07-21 17:42:00",created
890,297,"2026-07-21 19:48:33",assigned
891,297,"2026-07-22 04:14:45",resolved
892,298,"2026-06-29 07:25:00",created
893,298,"2026-06-29 10:56:28",assigned
894,298,"2026-06-30 01:02:22",resolved
895,299,"2026-06-19 04:41:00",created
896,299,"2026-06-19 06:27:24",assigned
897,299,"2026-06-19 13:33:03",resolved
898,300,"2026-06-08 07:10:00",created
899,300,"2026-06-08 08:26:40",assigned
900,300,"2026-06-08 13:33:23",resolved
901,301,"2026-07-17 22:14:00",created
902,301,"2026-07-17 23:35:21",assigned
903,301,"2026-07-18 05:00:47",resolved
904,302,"2026-06-15 02:26:00",created
905,302,"2026-06-15 07:50:25",assigned
906,302,"2026-06-16 05:28:05",resolved
907,303,"2026-07-15 04:27:00",created
908,303,"2026-07-15 06:37:51",assigned
909,303,"2026-07-15 15:21:15",resolved
910,304,"2026-06-19 16:02:00",created
911,304,"2026-06-19 17:55:28",assigned
912,304,"2026-06-20 01:29:24",resolved
913,305,"2026-06-28 00:30:00",created
914,305,"2026-06-28 03:33:17",assigned
915,305,"2026-06-28 15:46:26",resolved
916,306,"2026-07-06 08:54:00",created
917,306,"2026-07-06 10:06:50",assigned
918,306,"2026-07-06 14:58:12",resolved
919,307,"2026-07-09 06:57:00",created
920,307,"2026-07-09 07:29:55",assigned
921,307,"2026-07-09 09:41:36",resolved
922,308,"2026-07-11 03:06:00",created
923,308,"2026-07-11 03:52:19",assigned
924,308,"2026-07-11 06:57:35",resolved
925,309,"2026-06-09 23:53:00",created
926,309,"2026-06-10 01:50:08",assigned
927,309,"2026-06-10 09:38:42",resolved
928,310,"2026-06-19 09:52:00",created
929,310,"2026-06-19 12:17:19",assigned
930,310,"2026-06-19 21:58:37",resolved
931,311,"2026-06-14 16:57:00",created
932,311,"2026-06-14 17:40:01",assigned
933,311,"2026-06-14 20:32:08",resolved
934,312,"2026-06-11 17:57:00",created
935,312,"2026-06-11 20:43:05",assigned
936,312,"2026-06-12 07:47:29",resolved
937,313,"2026-07-27 13:10:00",created
938,313,"2026-07-27 14:05:40",assigned
939,313,"2026-07-27 17:48:20",resolved
940,314,"2026-06-02 05:26:00",created
941,314,"2026-06-02 06:01:29",assigned
942,314,"2026-06-02 08:23:29",resolved
943,315,"2026-05-02 16:48:00",created
944,315,"2026-05-02 17:51:23",assigned
945,315,"2026-05-02 22:04:57",resolved
946,316,"2026-05-03 19:40:00",created
947,316,"2026-05-03 21:16:24",assigned
948,316,"2026-05-04 03:42:03",resolved
949,317,"2026-06-03 05:00:00",created
950,317,"2026-06-03 05:36:02",assigned
951,317,"2026-06-03 08:00:11",resolved
952,318,"2026-05-18 14:35:00",created
953,318,"2026-05-18 15:54:34",assigned
954,318,"2026-05-18 21:12:53",resolved
955,319,"2026-05-16 09:03:00",created
956,319,"2026-05-16 11:23:09",assigned
957,319,"2026-05-16 20:43:48",resolved
958,320,"2026-06-16 08:52:00",created
959,320,"2026-06-16 09:27:16",assigned
960,320,"2026-06-16 11:48:24",resolved
961,321,"2026-07-24 20:55:00",created
962,321,"2026-07-24 23:08:06",assigned
963,321,"2026-07-25 08:00:31",resolved
964,322,"2026-06-30 12:53:00",created
965,322,"2026-06-30 15:51:14",assigned
966,322,"2026-07-01 03:44:11",resolved
967,323,"2026-06-13 02:03:00",created
968,323,"2026-06-13 05:28:51",assigned
969,323,"2026-06-13 19:12:19",resolved
970,324,"2026-05-05 07:34:00",created
971,324,"2026-05-05 12:47:08",assigned
972,324,"2026-05-06 09:39:44",resolved
973,325,"2026-06-02 13:27:00",created
974,325,"2026-06-02 15:17:47",assigned
975,325,"2026-06-02 22:40:58",resolved
976,326,"2026-07-22 07:59:00",created
977,326,"2026-07-22 08:57:22",assigned
978,326,"2026-07-22 12:50:51",resolved
979,327,"2026-06-23 08:22:00",created
980,327,"2026-06-23 10:40:07",assigned
981,327,"2026-06-23 19:52:36",resolved
982,328,"2026-06-26 08:35:00",created
983,328,"2026-06-26 16:29:44",assigned
984,328,"2026-06-28 00:08:42",resolved
985,329,"2026-06-13 17:54:00",created
986,329,"2026-06-13 19:37:08",assigned
987,329,"2026-06-14 02:29:43",resolved
988,330,"2026-05-13 01:34:00",created
989,330,"2026-05-13 03:32:28",assigned
990,330,"2026-05-13 11:26:24",resolved
991,331,"2026-05-21 20:52:00",created
992,331,"2026-05-21 22:48:39",assigned
993,331,"2026-05-22 06:35:15",resolved
994,332,"2026-06-18 03:04:00",created
995,332,"2026-06-18 05:54:12",assigned
996,332,"2026-06-18 17:15:02",resolved
997,333,"2026-07-11 23:23:00",created
998,333,"2026-07-12 00:19:00",assigned
999,333,"2026-07-12 04:03:04",resolved
1000,334,"2026-05-15 02:05:00",created
1001,334,"2026-05-15 05:05:54",assigned
1002,334,"2026-05-15 17:09:31",resolved
1003,335,"2026-05-19 05:57:00",created
1004,335,"2026-05-19 07:46:25",assigned
1005,335,"2026-05-19 15:04:05",resolved
1006,336,"2026-05-25 20:18:00",created
1007,336,"2026-05-25 21:47:39",assigned
1008,336,"2026-05-26 03:46:15",resolved
1009,337,"2026-06-19 22:05:00",created
1010,337,"2026-06-19 23:25:42",assigned
1011,337,"2026-06-20 04:48:34",resolved
1012,338,"2026-06-27 15:22:00",created
1013,338,"2026-06-27 17:03:44",assigned
1014,338,"2026-06-27 23:50:40",resolved
1015,339,"2026-07-27 03:46:00",created
1016,339,"2026-07-27 05:03:26",assigned
1017,339,"2026-07-27 10:13:10",resolved
1018,340,"2026-06-18 04:43:00",created
1019,340,"2026-06-18 06:08:40",assigned
1020,340,"2026-06-18 11:51:24",resolved
1021,341,"2026-07-12 06:21:00",created
1022,341,"2026-07-12 08:51:18",assigned
1023,341,"2026-07-12 18:52:30",resolved
1024,342,"2026-07-28 20:07:00",created
1025,342,"2026-07-28 20:56:36",assigned
1026,342,"2026-07-29 00:15:02",resolved
1027,343,"2026-05-23 17:04:00",created
1028,343,"2026-05-23 18:12:18",assigned
1029,343,"2026-05-23 22:45:34",resolved
1030,344,"2026-05-07 15:19:00",created
1031,344,"2026-05-07 16:54:17",assigned
1032,344,"2026-05-07 23:15:28",resolved
1033,345,"2026-06-30 19:39:00",created
1034,345,"2026-06-30 21:34:40",assigned
1035,345,"2026-07-01 05:17:20",resolved
1036,346,"2026-07-19 20:46:00",created
1037,346,"2026-07-19 22:46:03",assigned
1038,346,"2026-07-20 06:46:15",resolved
1039,347,"2026-06-03 03:08:00",created
1040,347,"2026-06-03 05:52:55",assigned
1041,347,"2026-06-03 16:52:36",resolved
1042,348,"2026-06-27 18:13:00",created
1043,348,"2026-06-27 18:45:55",assigned
1044,348,"2026-06-27 20:57:37",resolved
1045,349,"2026-07-12 09:41:00",created
1046,349,"2026-07-12 10:25:12",assigned
1047,349,"2026-07-12 13:22:04",resolved
1048,350,"2026-05-08 11:40:00",created
1049,350,"2026-05-08 13:07:15",assigned
1050,350,"2026-05-08 18:56:19",resolved
1051,351,"2026-05-29 03:05:00",created
1052,351,"2026-05-29 05:14:21",assigned
1053,351,"2026-05-29 13:51:46",resolved
1054,352,"2026-06-22 17:07:00",created
1055,352,"2026-06-22 19:53:46",assigned
1056,352,"2026-06-23 07:00:51",resolved
1057,353,"2026-05-22 14:13:00",created
1058,353,"2026-05-22 15:46:15",assigned
1059,353,"2026-05-22 21:59:18",resolved
1060,354,"2026-05-14 18:29:00",created
1061,354,"2026-05-14 20:46:57",assigned
1062,354,"2026-05-15 05:58:46",resolved
1063,355,"2026-06-01 03:53:00",created
1064,355,"2026-06-01 07:14:37",assigned
1065,355,"2026-06-01 20:41:08",resolved
1066,356,"2026-05-21 11:25:00",created
1067,356,"2026-05-21 12:41:25",assigned
1068,356,"2026-05-21 17:47:07",resolved
1069,357,"2026-06-02 20:02:00",created
1070,357,"2026-06-02 21:41:10",assigned
1071,357,"2026-06-03 04:17:50",resolved
1072,358,"2026-06-14 21:00:00",created
1073,358,"2026-06-15 00:47:21",assigned
1074,358,"2026-06-15 15:56:49",resolved
1075,359,"2026-06-24 14:33:00",created
1076,359,"2026-06-24 15:30:12",assigned
1077,359,"2026-06-24 19:19:01",resolved
1078,360,"2026-07-04 06:20:00",created
1079,360,"2026-07-04 07:23:29",assigned
1080,360,"2026-07-04 11:37:29",resolved
1081,361,"2026-06-29 15:06:00",created
1082,361,"2026-06-29 16:15:46",assigned
1083,361,"2026-06-29 20:54:51",resolved
1084,362,"2026-07-13 15:28:00",created
1085,362,"2026-07-13 15:56:24",assigned
1086,362,"2026-07-13 17:50:04",resolved
1087,363,"2026-07-05 19:11:00",created
1088,363,"2026-07-05 19:55:54",assigned
1089,363,"2026-07-05 22:55:34",resolved
1090,364,"2026-05-06 03:48:00",created
1091,364,"2026-05-06 04:06:12",assigned
1092,364,"2026-05-06 05:19:01",resolved
1093,365,"2026-06-21 00:07:00",created
1094,365,"2026-06-21 01:25:31",assigned
1095,365,"2026-06-21 06:39:39",resolved
1096,366,"2026-07-10 09:31:00",created
1097,366,"2026-07-10 10:19:34",assigned
1098,366,"2026-07-10 13:33:52",resolved
1099,367,"2026-07-04 14:39:00",created
1100,367,"2026-07-04 15:40:07",assigned
1101,367,"2026-07-04 19:44:36",resolved
1102,368,"2026-06-29 03:02:00",created
1103,368,"2026-06-29 03:29:54",assigned
1104,368,"2026-06-29 05:21:34",resolved
1105,369,"2026-05-19 16:32:00",created
1106,369,"2026-05-19 17:41:23",assigned
1107,369,"2026-05-19 22:18:57",resolved
1108,370,"2026-06-10 19:13:00",created
1109,370,"2026-06-10 19:42:28",assigned
1110,370,"2026-06-10 21:40:22",resolved
1111,371,"2026-06-14 22:37:00",created
1112,371,"2026-06-14 23:41:24",assigned
1113,371,"2026-06-15 03:59:04",resolved
1114,372,"2026-06-13 17:05:00",created
1115,372,"2026-06-13 19:44:29",assigned
1116,372,"2026-06-14 06:22:27",resolved
1117,373,"2026-05-22 19:56:00",created
1118,373,"2026-05-22 20:39:53",assigned
1119,373,"2026-05-22 23:35:27",resolved
1120,374,"2026-06-20 09:55:00",created
1121,374,"2026-06-20 11:36:48",assigned
1122,374,"2026-06-20 18:24:00",resolved
1123,375,"2026-07-21 12:38:00",created
1124,375,"2026-07-21 15:24:17",assigned
1125,375,"2026-07-22 02:29:25",resolved
1126,376,"2026-05-25 16:53:00",created
1127,376,"2026-05-25 18:46:01",assigned
1128,376,"2026-05-26 02:18:08",resolved
1129,377,"2026-07-16 13:16:00",created
1130,377,"2026-07-16 16:19:15",assigned
1131,377,"2026-07-17 04:32:17",resolved
1132,378,"2026-05-29 09:29:00",created
1133,378,"2026-05-29 10:09:05",assigned
1134,378,"2026-05-29 12:49:27",resolved
1135,379,"2026-05-15 14:23:00",created
1136,379,"2026-05-15 15:09:05",assigned
1137,379,"2026-05-15 18:13:28",resolved
1138,380,"2026-06-26 21:37:00",created
1139,380,"2026-06-26 23:46:26",assigned
1140,380,"2026-06-27 08:24:14",resolved
1141,381,"2026-07-04 09:28:00",created
1142,381,"2026-07-04 13:50:03",assigned
1143,381,"2026-07-05 07:18:15",resolved
1144,382,"2026-07-15 16:47:00",created
1145,382,"2026-07-15 17:58:21",assigned
1146,382,"2026-07-15 22:43:46",resolved
1147,383,"2026-07-04 03:51:00",created
1148,383,"2026-07-04 07:00:21",assigned
1149,383,"2026-07-04 19:37:45",resolved
1150,384,"2026-06-02 19:08:00",created
1151,384,"2026-06-02 20:43:00",assigned
1152,384,"2026-06-03 03:03:03",resolved
1153,385,"2026-07-17 13:00:00",created
1154,385,"2026-07-17 16:59:28",assigned
1155,385,"2026-07-18 08:57:23",resolved
1156,386,"2026-06-16 13:18:00",created
1157,386,"2026-06-16 14:34:57",assigned
1158,386,"2026-06-16 19:42:45",resolved
1159,387,"2026-05-01 20:35:00",created
1160,387,"2026-05-01 22:58:19",assigned
1161,387,"2026-05-02 08:31:35",resolved
1162,388,"2026-06-06 16:44:00",created
1163,388,"2026-06-06 19:41:35",assigned
1164,388,"2026-06-07 07:31:56",resolved
1165,389,"2026-05-21 14:52:00",created
1166,389,"2026-05-21 17:09:55",assigned
1167,389,"2026-05-22 02:21:36",resolved
1168,390,"2026-05-06 19:35:00",created
1169,390,"2026-05-06 20:37:20",assigned
1170,390,"2026-05-07 00:46:44",resolved
1171,391,"2026-05-23 23:23:00",created
1172,391,"2026-05-24 01:13:52",assigned
1173,391,"2026-05-24 08:37:20",resolved
1174,392,"2026-07-02 09:58:00",created
1175,392,"2026-07-02 21:10:05",assigned
1176,392,"2026-07-04 17:58:29",resolved
1177,393,"2026-06-09 05:38:00",created
1178,393,"2026-06-09 07:48:51",assigned
1179,393,"2026-06-09 16:32:15",resolved
1180,394,"2026-07-14 00:24:00",created
1181,394,"2026-07-14 01:29:11",assigned
1182,394,"2026-07-14 05:49:58",resolved
1183,395,"2026-06-13 19:09:00",created
1184,395,"2026-06-13 20:48:26",assigned
1185,395,"2026-06-14 03:26:12",resolved
1186,396,"2026-05-06 19:10:00",created
1187,396,"2026-05-06 20:44:29",assigned
1188,396,"2026-05-07 03:02:28",resolved
1189,397,"2026-06-03 09:04:00",created
1190,397,"2026-06-03 12:37:03",assigned
1191,397,"2026-06-04 02:49:17",resolved
1192,398,"2026-06-21 02:59:00",created
1193,398,"2026-06-21 05:27:30",assigned
1194,398,"2026-06-21 15:21:34",resolved
1195,399,"2026-06-01 17:49:00",created
1196,399,"2026-06-01 23:06:17",assigned
1197,399,"2026-06-02 20:15:25",resolved
1198,400,"2026-06-07 11:37:00",created
1199,400,"2026-06-07 15:56:49",assigned
1200,400,"2026-06-08 09:16:09",resolved
1201,401,"2026-05-24 09:41:00",created
1202,401,"2026-05-24 14:22:34",assigned
1203,401,"2026-05-25 09:08:54",resolved
1204,402,"2026-06-02 08:24:00",created
1205,402,"2026-06-02 09:48:37",assigned
1206,402,"2026-06-02 15:27:07",resolved
1207,403,"2026-07-02 19:25:00",created
1208,403,"2026-07-02 20:16:14",assigned
1209,403,"2026-07-02 23:41:14",resolved
1210,404,"2026-07-23 19:26:00",created
1211,404,"2026-07-23 20:49:09",assigned
1212,404,"2026-07-24 02:21:49",resolved
1213,405,"2026-05-11 05:32:00",created
1214,405,"2026-05-11 07:37:39",assigned
1215,405,"2026-05-11 16:00:16",resolved
1216,406,"2026-06-06 22:26:00",created
1217,406,"2026-06-07 00:16:09",assigned
1218,406,"2026-06-07 07:36:46",resolved
1219,407,"2026-06-04 23:51:00",created
1220,407,"2026-06-05 06:29:46",assigned
1221,407,"2026-06-06 09:04:53",resolved
1222,408,"2026-07-16 02:45:00",created
1223,408,"2026-07-16 05:07:48",assigned
1224,408,"2026-07-16 14:39:00",resolved
1225,409,"2026-07-25 01:59:00",created
1226,409,"2026-07-25 03:08:14",assigned
1227,409,"2026-07-25 07:45:13",resolved
1228,410,"2026-06-12 04:00:00",created
1229,410,"2026-06-12 11:04:48",assigned
1230,410,"2026-06-13 15:24:03",resolved
1231,411,"2026-06-20 13:44:00",created
1232,411,"2026-06-20 15:15:40",assigned
1233,411,"2026-06-20 21:22:21",resolved
1234,412,"2026-06-02 01:28:00",created
1235,412,"2026-06-02 04:14:37",assigned
1236,412,"2026-06-02 15:21:06",resolved
1237,413,"2026-05-07 13:54:00",created
1238,413,"2026-05-07 17:46:54",assigned
1239,413,"2026-05-08 09:18:34",resolved
1240,414,"2026-05-14 20:04:00",created
1241,414,"2026-05-14 20:52:46",assigned
1242,414,"2026-05-15 00:07:50",resolved
1243,415,"2026-07-26 00:55:00",created
1244,415,"2026-07-26 03:05:32",assigned
1245,415,"2026-07-26 11:47:40",resolved
1246,416,"2026-06-05 00:40:00",created
1247,416,"2026-06-05 03:14:14",assigned
1248,416,"2026-06-05 13:31:11",resolved
1249,417,"2026-07-08 09:44:00",created
1250,417,"2026-07-08 10:29:01",assigned
1251,417,"2026-07-08 13:29:07",resolved
1252,418,"2026-05-28 21:15:00",created
1253,418,"2026-05-28 22:25:58",assigned
1254,418,"2026-05-29 03:09:53",resolved
1255,419,"2026-06-03 21:53:00",created
1256,419,"2026-06-03 23:26:43",assigned
1257,419,"2026-06-04 05:41:39",resolved
1258,420,"2026-05-19 22:53:00",created
1259,420,"2026-05-20 01:17:18",assigned
1260,420,"2026-05-20 10:54:31",resolved
1261,421,"2026-07-20 18:23:00",created
1262,421,"2026-07-21 00:05:13",assigned
1263,421,"2026-07-21 22:54:07",resolved
1264,422,"2026-07-21 16:16:00",created
1265,422,"2026-07-21 19:54:03",assigned
1266,422,"2026-07-22 10:26:19",resolved
1267,423,"2026-06-25 12:06:00",created
1268,423,"2026-06-25 17:05:36",assigned
1269,423,"2026-06-26 13:04:03",resolved
1270,424,"2026-06-13 22:28:00",created
1271,424,"2026-06-14 00:05:36",assigned
1272,424,"2026-06-14 06:36:03",resolved
1273,425,"2026-05-19 06:24:00",created
1274,425,"2026-05-19 08:54:27",assigned
1275,425,"2026-05-19 18:56:15",resolved
1276,426,"2026-07-28 19:07:00",created
1277,426,"2026-07-28 21:25:46",assigned
1278,426,"2026-07-29 06:40:50",resolved
1279,427,"2026-06-13 06:12:00",created
1280,427,"2026-06-13 09:00:08",assigned
1281,427,"2026-06-13 20:12:40",resolved
1282,428,"2026-07-16 16:47:00",created
1283,428,"2026-07-16 17:45:18",assigned
1284,428,"2026-07-16 21:38:34",resolved
1285,429,"2026-06-15 00:43:00",created
1286,429,"2026-06-15 01:45:50",assigned
1287,429,"2026-06-15 05:57:10",resolved
1288,430,"2026-05-21 04:03:00",created
1289,430,"2026-05-21 05:00:12",assigned
1290,430,"2026-05-21 08:49:00",resolved
1291,431,"2026-07-29 07:52:00",created
1292,431,"2026-07-29 09:05:07",assigned
1293,431,"2026-07-29 13:57:39",resolved
1294,432,"2026-06-05 00:42:00",created
1295,432,"2026-06-05 02:06:06",assigned
1296,432,"2026-06-05 07:42:32",resolved
1297,433,"2026-05-01 01:31:00",created
1298,433,"2026-05-01 04:00:14",assigned
1299,433,"2026-05-01 13:57:10",resolved
1300,434,"2026-05-01 12:16:00",created
1301,434,"2026-05-01 14:37:48",assigned
1302,434,"2026-05-02 00:05:04",resolved
1303,435,"2026-06-03 09:55:00",created
1304,435,"2026-06-03 11:12:19",assigned
1305,435,"2026-06-03 16:21:35",resolved
1306,436,"2026-06-01 04:04:00",created
1307,436,"2026-06-01 04:49:02",assigned
1308,436,"2026-06-01 07:49:14",resolved
1309,437,"2026-06-18 21:40:00",created
1310,437,"2026-06-18 23:45:39",assigned
1311,437,"2026-06-19 08:08:19",resolved
1312,438,"2026-05-01 21:00:00",created
1313,438,"2026-05-01 22:21:38",assigned
1314,438,"2026-05-02 03:48:13",resolved
1315,439,"2026-05-30 05:26:00",created
1316,439,"2026-05-30 08:03:39",assigned
1317,439,"2026-05-30 18:34:17",resolved
1318,440,"2026-06-20 03:44:00",created
1319,440,"2026-06-20 05:44:57",assigned
1320,440,"2026-06-20 13:48:48",resolved
1321,441,"2026-06-03 14:44:00",created
1322,441,"2026-06-03 16:25:26",assigned
1323,441,"2026-06-03 23:11:10",resolved
1324,442,"2026-05-17 08:44:00",created
1325,442,"2026-05-17 10:41:58",assigned
1326,442,"2026-05-17 18:33:51",resolved
1327,443,"2026-07-24 04:17:00",created
1328,443,"2026-07-24 05:53:42",assigned
1329,443,"2026-07-24 12:20:34",resolved
1330,444,"2026-06-14 01:00:00",created
1331,444,"2026-06-14 04:16:09",assigned
1332,444,"2026-06-14 17:20:47",resolved
1333,445,"2026-07-28 01:56:00",created
1334,445,"2026-07-28 02:55:35",assigned
1335,445,"2026-07-28 06:53:57",resolved
1336,446,"2026-06-29 01:18:00",created
1337,446,"2026-06-29 05:07:12",assigned
1338,446,"2026-06-29 20:24:01",resolved
1339,447,"2026-06-19 01:01:00",created
1340,447,"2026-06-19 02:25:12",assigned
1341,447,"2026-06-19 08:02:04",resolved
1342,448,"2026-06-10 04:21:00",created
1343,448,"2026-06-10 05:57:49",assigned
1344,448,"2026-06-10 12:25:09",resolved
1345,449,"2026-05-13 04:30:00",created
1346,449,"2026-05-13 07:45:53",assigned
1347,449,"2026-05-13 20:49:27",resolved
1348,450,"2026-07-05 22:34:00",created
1349,450,"2026-07-06 00:39:21",assigned
1350,450,"2026-07-06 09:00:45",resolved
1351,451,"2026-07-24 07:23:00",created
1352,451,"2026-07-24 08:56:03",assigned
1353,451,"2026-07-24 15:08:19",resolved
1354,452,"2026-06-17 11:59:00",created
1355,452,"2026-06-17 13:51:11",assigned
1356,452,"2026-06-17 21:19:58",resolved
1357,453,"2026-05-17 08:41:00",created
1358,453,"2026-05-17 10:55:15",assigned
1359,453,"2026-05-17 19:52:17",resolved
1360,454,"2026-06-27 16:41:00",created
1361,454,"2026-06-27 21:50:44",assigned
1362,454,"2026-06-28 18:29:42",resolved
1363,455,"2026-07-22 08:26:00",created
1364,455,"2026-07-22 09:40:40",assigned
1365,455,"2026-07-22 14:39:20",resolved
1366,456,"2026-07-29 01:38:00",created
1367,456,"2026-07-29 02:17:42",assigned
1368,456,"2026-07-29 04:56:33",resolved
1369,457,"2026-07-14 20:46:00",created
1370,457,"2026-07-14 21:40:55",assigned
1371,457,"2026-07-15 01:20:38",resolved
1372,458,"2026-06-29 20:18:00",created
1373,458,"2026-06-29 21:45:19",assigned
1374,458,"2026-06-30 03:34:38",resolved
1375,459,"2026-06-14 05:17:00",created
1376,459,"2026-06-14 05:54:59",assigned
1377,459,"2026-06-14 08:26:58",resolved
1378,460,"2026-05-02 16:57:00",created
1379,460,"2026-05-02 18:44:04",assigned
1380,460,"2026-05-03 01:52:21",resolved
1381,461,"2026-07-23 20:30:00",created
1382,461,"2026-07-24 01:02:14",assigned
1383,461,"2026-07-24 19:11:14",resolved
1384,462,"2026-05-11 06:57:00",created
1385,462,"2026-05-11 08:47:45",assigned
1386,462,"2026-05-11 16:10:49",resolved
1387,463,"2026-07-09 08:40:00",created
1388,463,"2026-07-09 09:22:17",assigned
1389,463,"2026-07-09 12:11:29",resolved
1390,464,"2026-06-24 23:15:00",created
1391,464,"2026-06-25 09:47:45",assigned
1392,464,"2026-06-27 03:58:46",resolved
1393,465,"2026-05-26 03:49:00",created
1394,465,"2026-05-26 05:05:21",assigned
1395,465,"2026-05-26 10:10:48",resolved
1396,466,"2026-06-08 13:35:00",created
1397,466,"2026-06-08 15:26:02",assigned
1398,466,"2026-06-08 22:50:11",resolved
1399,467,"2026-07-29 16:06:00",created
1400,467,"2026-07-29 18:11:02",assigned
1401,467,"2026-07-30 02:31:14",resolved
1402,468,"2026-05-01 14:29:00",created
1403,468,"2026-05-01 16:11:22",assigned
1404,468,"2026-05-01 23:00:50",resolved
1405,469,"2026-05-28 16:04:00",created
1406,469,"2026-05-28 18:06:31",assigned
1407,469,"2026-05-29 02:16:38",resolved
1408,470,"2026-07-25 09:03:00",created
1409,470,"2026-07-25 10:47:56",assigned
1410,470,"2026-07-25 17:47:40",resolved
1411,471,"2026-05-20 23:06:00",created
1412,471,"2026-05-20 23:49:30",assigned
1413,471,"2026-05-21 02:43:30",resolved
1414,472,"2026-05-28 22:27:00",created
1415,472,"2026-05-29 00:50:50",assigned
1416,472,"2026-05-29 10:26:14",resolved
1417,473,"2026-05-19 15:26:00",created
1418,473,"2026-05-19 19:32:03",assigned
1419,473,"2026-05-20 11:56:18",resolved
1420,474,"2026-07-26 07:13:00",created
1421,474,"2026-07-26 08:19:43",assigned
1422,474,"2026-07-26 12:46:36",resolved
1423,475,"2026-07-10 05:20:00",created
1424,475,"2026-07-10 07:44:15",assigned
1425,475,"2026-07-10 17:21:16",resolved
1426,476,"2026-05-16 13:01:00",created
1427,476,"2026-05-16 14:23:46",assigned
1428,476,"2026-05-16 19:54:52",resolved
1429,477,"2026-07-03 09:35:00",created
1430,477,"2026-07-03 10:17:39",assigned
1431,477,"2026-07-03 13:08:17",resolved
1432,478,"2026-06-02 04:53:00",created
1433,478,"2026-06-02 05:58:46",assigned
1434,478,"2026-06-02 10:21:50",resolved
1435,479,"2026-05-08 05:34:00",created
1436,479,"2026-05-08 07:19:52",assigned
1437,479,"2026-05-08 14:23:20",resolved
1438,480,"2026-05-17 08:51:00",created
1439,480,"2026-05-17 09:48:40",assigned
1440,480,"2026-05-17 13:39:21",resolved
1441,481,"2026-06-22 07:10:00",created
1442,481,"2026-06-22 10:58:49",assigned
1443,481,"2026-06-23 02:14:05",resolved
1444,482,"2026-07-14 00:47:00",created
1445,482,"2026-07-14 02:52:55",assigned
1446,482,"2026-07-14 11:16:35",resolved
1447,483,"2026-07-06 14:08:00",created
1448,483,"2026-07-06 15:51:29",assigned
1449,483,"2026-07-06 22:45:26",resolved
1450,484,"2026-07-15 03:43:00",created
1451,484,"2026-07-15 06:08:52",assigned
1452,484,"2026-07-15 15:52:24",resolved
1453,485,"2026-05-24 02:55:00",created
1454,485,"2026-05-24 06:13:59",assigned
1455,485,"2026-05-24 19:29:56",resolved
1456,486,"2026-05-01 22:53:00",created
1457,486,"2026-05-02 01:08:39",assigned
1458,486,"2026-05-02 10:11:17",resolved
1459,487,"2026-07-19 16:20:00",created
1460,487,"2026-07-19 19:33:24",assigned
1461,487,"2026-07-20 08:27:04",resolved
1462,488,"2026-05-31 05:47:00",created
1463,488,"2026-05-31 06:51:52",assigned
1464,488,"2026-05-31 11:11:20",resolved
1465,489,"2026-07-07 07:33:00",created
1466,489,"2026-07-07 09:56:46",assigned
1467,489,"2026-07-07 19:31:50",resolved
1468,490,"2026-07-11 02:12:00",created
1469,490,"2026-07-11 02:45:26",assigned
1470,490,"2026-07-11 04:59:10",resolved
1471,491,"2026-06-10 02:37:00",created
1472,491,"2026-06-10 03:40:23",assigned
1473,491,"2026-06-10 07:53:56",resolved
1474,492,"2026-06-13 11:17:00",created
1475,492,"2026-06-13 15:05:33",assigned
1476,492,"2026-06-14 06:19:49",resolved
1477,493,"2026-06-14 19:33:00",created
1478,493,"2026-06-14 19:50:44",assigned
1479,493,"2026-06-14 21:01:40",resolved
1480,494,"2026-05-15 18:34:00",created
1481,494,"2026-05-15 20:51:30",assigned
1482,494,"2026-05-16 06:01:30",resolved
1483,495,"2026-06-09 23:46:00",created
1484,495,"2026-06-10 04:18:02",assigned
1485,495,"2026-06-10 22:26:11",resolved
1486,496,"2026-05-18 23:58:00",created
1487,496,"2026-05-19 01:26:18",assigned
1488,496,"2026-05-19 07:19:30",resolved
1489,497,"2026-06-12 23:57:00",created
1490,497,"2026-06-13 01:10:00",assigned
1491,497,"2026-06-13 06:02:03",resolved
1492,498,"2026-07-10 00:50:00",created
1493,498,"2026-07-10 01:36:10",assigned
1494,498,"2026-07-10 04:40:52",resolved
1495,499,"2026-07-20 08:14:00",created
1496,499,"2026-07-20 09:07:10",assigned
1497,499,"2026-07-20 12:39:51",resolved
1498,500,"2026-05-24 12:40:00",created
1499,500,"2026-05-24 13:56:13",assigned
1500,500,"2026-05-24 19:01:09",resolved
1501,501,"2026-06-11 04:13:00",created
1502,501,"2026-06-11 05:01:59",assigned
1503,501,"2026-06-11 08:17:55",resolved
1504,502,"2026-06-12 07:17:00",created
1505,502,"2026-06-12 08:26:33",assigned
1506,502,"2026-06-12 13:04:47",resolved
1507,503,"2026-06-22 20:05:00",created
1508,503,"2026-06-22 20:49:03",assigned
1509,503,"2026-06-22 23:45:19",resolved
1510,504,"2026-06-13 08:55:00",created
1511,504,"2026-06-13 10:13:08",assigned
1512,504,"2026-06-13 15:25:44",resolved
1513,505,"2026-06-03 19:23:00",created
1514,505,"2026-06-04 02:15:15",assigned
1515,505,"2026-06-05 05:44:15",resolved
1516,506,"2026-07-07 21:44:00",created
1517,506,"2026-07-07 23:07:11",assigned
1518,506,"2026-07-08 04:39:57",resolved
1519,507,"2026-07-16 04:58:00",created
1520,507,"2026-07-16 05:34:13",assigned
1521,507,"2026-07-16 07:59:09",resolved
1522,508,"2026-07-06 06:34:00",created
1523,508,"2026-07-06 09:10:20",assigned
1524,508,"2026-07-06 19:35:40",resolved
1525,509,"2026-07-19 14:29:00",created
1526,509,"2026-07-19 15:43:55",assigned
1527,509,"2026-07-19 20:43:39",resolved
1528,510,"2026-05-26 01:26:00",created
1529,510,"2026-05-26 03:03:39",assigned
1530,510,"2026-05-26 09:34:18",resolved
1531,511,"2026-07-06 08:10:00",created
1532,511,"2026-07-06 09:57:55",assigned
1533,511,"2026-07-06 17:09:37",resolved
1534,512,"2026-07-04 20:06:00",created
1535,512,"2026-07-04 23:07:45",assigned
1536,512,"2026-07-05 11:14:45",resolved
1537,513,"2026-07-17 15:08:00",created
1538,513,"2026-07-17 16:39:31",assigned
1539,513,"2026-07-17 22:45:39",resolved
1540,514,"2026-05-18 07:28:00",created
1541,514,"2026-05-18 08:49:29",assigned
1542,514,"2026-05-18 14:15:27",resolved
1543,515,"2026-06-02 04:09:00",created
1544,515,"2026-06-02 04:56:16",assigned
1545,515,"2026-06-02 08:05:21",resolved
1546,516,"2026-06-22 17:35:00",created
1547,516,"2026-06-22 18:57:46",assigned
1548,516,"2026-06-23 00:28:53",resolved
1549,517,"2026-07-26 08:10:00",created
1550,517,"2026-07-26 09:06:43",assigned
1551,517,"2026-07-26 12:53:39",resolved
1552,518,"2026-05-01 08:30:00",created
1553,518,"2026-05-01 09:27:32",assigned
1554,518,"2026-05-01 13:17:42",resolved
1555,519,"2026-05-16 03:40:00",created
1556,519,"2026-05-16 04:37:30",assigned
1557,519,"2026-05-16 08:27:34",resolved
1558,520,"2026-07-20 14:51:00",created
1559,520,"2026-07-20 16:19:14",assigned
1560,520,"2026-07-20 22:12:14",resolved
1561,521,"2026-06-30 15:21:00",created
1562,521,"2026-06-30 16:53:35",assigned
1563,521,"2026-06-30 23:03:56",resolved
1564,522,"2026-07-27 06:54:00",created
1565,522,"2026-07-27 08:14:04",assigned
1566,522,"2026-07-27 13:34:23",resolved
1567,523,"2026-05-19 23:41:00",created
1568,523,"2026-05-20 01:39:34",assigned
1569,523,"2026-05-20 09:33:53",resolved
1570,524,"2026-05-16 13:54:00",created
1571,524,"2026-05-16 15:20:28",assigned
1572,524,"2026-05-16 21:06:22",resolved
1573,525,"2026-07-29 21:01:00",created
1574,525,"2026-07-29 22:27:55",assigned
1575,525,"2026-07-30 04:15:39",resolved
1576,526,"2026-06-05 16:13:00",created
1577,526,"2026-06-05 17:41:52",assigned
1578,526,"2026-06-05 23:37:22",resolved
1579,527,"2026-06-10 06:32:00",created
1580,527,"2026-06-10 08:15:50",assigned
1581,527,"2026-06-10 15:11:13",resolved
1582,528,"2026-06-07 14:55:00",created
1583,528,"2026-06-07 16:18:28",assigned
1584,528,"2026-06-07 21:52:20",resolved
1585,529,"2026-07-12 22:59:00",created
1586,529,"2026-07-13 01:54:22",assigned
1587,529,"2026-07-13 13:35:53",resolved
1588,530,"2026-05-14 18:36:00",created
1589,530,"2026-05-14 20:21:51",assigned
1590,530,"2026-05-15 03:25:19",resolved
1591,531,"2026-05-01 19:07:00",created
1592,531,"2026-05-01 20:16:08",assigned
1593,531,"2026-05-02 00:52:40",resolved
1594,532,"2026-07-06 11:46:00",created
1595,532,"2026-07-06 14:31:48",assigned
1596,532,"2026-07-07 01:35:02",resolved
1597,533,"2026-06-08 10:03:00",created
1598,533,"2026-06-08 11:34:33",assigned
1599,533,"2026-06-08 17:40:49",resolved
1600,534,"2026-06-08 04:40:00",created
1601,534,"2026-06-08 05:52:53",assigned
1602,534,"2026-06-08 10:44:29",resolved
1603,535,"2026-06-18 05:44:00",created
1604,535,"2026-06-18 07:17:54",assigned
1605,535,"2026-06-18 13:33:34",resolved
1606,536,"2026-06-09 16:17:00",created
1607,536,"2026-06-09 18:49:35",assigned
1608,536,"2026-06-10 04:59:55",resolved
1609,537,"2026-07-18 18:08:00",created
1610,537,"2026-07-18 18:54:50",assigned
1611,537,"2026-07-18 22:02:14",resolved
1612,538,"2026-07-10 13:42:00",created
1613,538,"2026-07-10 15:32:22",assigned
1614,538,"2026-07-10 22:53:51",resolved
1615,539,"2026-07-28 23:08:00",created
1616,539,"2026-07-29 00:21:23",assigned
1617,539,"2026-07-29 05:14:57",resolved
1618,540,"2026-06-03 00:14:00",created
1619,540,"2026-06-03 01:56:02",assigned
1620,540,"2026-06-03 08:44:13",resolved
1621,541,"2026-06-07 20:06:00",created
1622,541,"2026-06-07 21:47:48",assigned
1623,541,"2026-06-08 04:35:04",resolved
1624,542,"2026-07-07 07:56:00",created
1625,542,"2026-07-07 10:08:18",assigned
1626,542,"2026-07-07 18:57:33",resolved
1627,543,"2026-07-29 03:54:00",created
1628,543,"2026-07-29 07:10:30",assigned
1629,543,"2026-07-29 20:16:34",resolved
1630,544,"2026-06-26 11:30:00",created
1631,544,"2026-06-26 13:33:48",assigned
1632,544,"2026-06-26 21:49:04",resolved
1633,545,"2026-05-17 23:00:00",created
1634,545,"2026-05-17 23:57:09",assigned
1635,545,"2026-05-18 03:45:45",resolved
1636,546,"2026-05-10 20:36:00",created
1637,546,"2026-05-10 21:32:52",assigned
1638,546,"2026-05-11 01:20:24",resolved
1639,547,"2026-05-26 03:05:00",created
1640,547,"2026-05-26 05:57:33",assigned
1641,547,"2026-05-26 17:27:45",resolved
1642,548,"2026-06-16 21:03:00",created
1643,548,"2026-06-16 22:26:18",assigned
1644,548,"2026-06-17 03:59:34",resolved
1645,549,"2026-05-17 16:55:00",created
1646,549,"2026-05-17 20:34:45",assigned
1647,549,"2026-05-18 11:13:49",resolved
1648,550,"2026-07-18 11:27:00",created
1649,550,"2026-07-18 14:07:17",assigned
1650,550,"2026-07-19 00:48:29",resolved
1651,551,"2026-05-23 01:39:00",created
1652,551,"2026-05-23 02:16:43",assigned
1653,551,"2026-05-23 04:47:36",resolved
1654,552,"2026-05-06 07:09:00",created
1655,552,"2026-05-06 08:49:27",assigned
1656,552,"2026-05-06 15:31:19",resolved
1657,553,"2026-05-02 03:02:00",created
1658,553,"2026-05-02 03:57:24",assigned
1659,553,"2026-05-02 07:39:04",resolved
1660,554,"2026-05-05 23:50:00",created
1661,554,"2026-05-06 02:00:47",assigned
1662,554,"2026-05-06 10:43:56",resolved
1663,555,"2026-07-17 14:12:00",created
1664,555,"2026-07-17 15:20:46",assigned
1665,555,"2026-07-17 19:55:54",resolved
1666,556,"2026-05-20 17:39:00",created
1667,556,"2026-05-20 19:18:05",assigned
1668,556,"2026-05-21 01:54:29",resolved
1669,557,"2026-06-04 06:49:00",created
1670,557,"2026-06-04 10:04:29",assigned
1671,557,"2026-06-04 23:06:25",resolved
1672,558,"2026-07-04 20:40:00",created
1673,558,"2026-07-04 21:38:44",assigned
1674,558,"2026-07-05 01:33:41",resolved
1675,559,"2026-05-24 07:09:00",created
1676,559,"2026-05-24 08:52:54",assigned
1677,559,"2026-05-24 15:48:30",resolved
1678,560,"2026-06-15 11:41:00",created
1679,560,"2026-06-15 13:01:16",assigned
1680,560,"2026-06-15 18:22:20",resolved
1681,561,"2026-07-22 13:46:00",created
1682,561,"2026-07-22 16:13:05",assigned
1683,561,"2026-07-23 02:01:26",resolved
1684,562,"2026-06-18 18:14:00",created
1685,562,"2026-06-18 19:02:09",assigned
1686,562,"2026-06-18 22:14:49",resolved
1687,563,"2026-05-14 15:46:00",created
1688,563,"2026-05-14 19:02:45",assigned
1689,563,"2026-05-15 08:09:48",resolved
1690,564,"2026-06-28 02:53:00",created
1691,564,"2026-06-28 05:30:06",assigned
1692,564,"2026-06-28 15:58:31",resolved
1693,565,"2026-07-19 19:28:00",created
1694,565,"2026-07-19 20:51:09",assigned
1695,565,"2026-07-20 02:23:47",resolved
1696,566,"2026-05-12 00:56:00",created
1697,566,"2026-05-12 01:27:16",assigned
1698,566,"2026-05-12 03:32:23",resolved
1699,567,"2026-06-27 11:22:00",created
1700,567,"2026-06-27 12:36:11",assigned
1701,567,"2026-06-27 17:32:58",resolved
1702,568,"2026-05-10 06:37:00",created
1703,568,"2026-05-10 14:05:37",assigned
1704,568,"2026-05-11 20:00:06",resolved
1705,569,"2026-06-24 16:56:00",created
1706,569,"2026-06-24 21:06:30",assigned
1707,569,"2026-06-25 13:48:30",resolved
1708,570,"2026-06-12 19:01:00",created
1709,570,"2026-06-12 21:15:51",assigned
1710,570,"2026-06-13 06:15:17",resolved
1711,571,"2026-06-25 21:43:00",created
1712,571,"2026-06-25 23:34:08",assigned
1713,571,"2026-06-26 06:58:43",resolved
1714,572,"2026-07-13 17:19:00",created
1715,572,"2026-07-13 18:32:04",assigned
1716,572,"2026-07-13 23:24:24",resolved
1717,573,"2026-07-07 21:33:00",created
1718,573,"2026-07-07 23:01:03",assigned
1719,573,"2026-07-08 04:53:17",resolved
1720,574,"2026-05-07 00:40:00",created
1721,574,"2026-05-07 01:43:30",assigned
1722,574,"2026-05-07 05:57:31",resolved
1723,575,"2026-06-15 19:38:00",created
1724,575,"2026-06-15 22:38:25",assigned
1725,575,"2026-06-16 10:40:06",resolved
1726,576,"2026-05-20 14:44:00",created
1727,576,"2026-05-20 15:37:13",assigned
1728,576,"2026-05-20 19:10:05",resolved
1729,577,"2026-06-18 08:47:00",created
1730,577,"2026-06-18 10:50:36",assigned
1731,577,"2026-06-18 19:05:03",resolved
1732,578,"2026-05-03 12:09:00",created
1733,578,"2026-05-03 14:58:29",assigned
1734,578,"2026-05-04 02:16:27",resolved
1735,579,"2026-05-12 06:23:00",created
1736,579,"2026-05-12 07:55:50",assigned
1737,579,"2026-05-12 14:07:11",resolved
1738,580,"2026-05-14 17:59:00",created
1739,580,"2026-05-14 18:56:00",assigned
1740,580,"2026-05-14 22:44:00",resolved
1741,581,"2026-05-09 17:03:00",created
1742,581,"2026-05-09 19:12:40",assigned
1743,581,"2026-05-10 03:51:24",resolved
1744,582,"2026-06-23 07:51:00",created
1745,582,"2026-06-23 09:00:32",assigned
1746,582,"2026-06-23 13:38:40",resolved
1747,583,"2026-06-25 04:59:00",created
1748,583,"2026-06-25 06:24:05",assigned
1749,583,"2026-06-25 12:04:29",resolved
1750,584,"2026-07-28 21:49:00",created
1751,584,"2026-07-28 23:03:29",assigned
1752,584,"2026-07-29 04:01:26",resolved
1753,585,"2026-05-19 08:11:00",created
1754,585,"2026-05-19 09:13:46",assigned
1755,585,"2026-05-19 13:24:51",resolved
1756,586,"2026-06-13 13:12:00",created
1757,586,"2026-06-13 14:16:59",assigned
1758,586,"2026-06-13 18:36:56",resolved
1759,587,"2026-07-29 09:45:00",created
1760,587,"2026-07-29 11:57:59",assigned
1761,587,"2026-07-29 20:49:59",resolved
1762,588,"2026-05-12 16:21:00",created
1763,588,"2026-05-12 19:25:40",assigned
1764,588,"2026-05-13 07:44:20",resolved
1765,589,"2026-05-07 05:17:00",created
1766,589,"2026-05-07 05:57:18",assigned
1767,589,"2026-05-07 08:38:30",resolved
1768,590,"2026-06-17 15:02:00",created
1769,590,"2026-06-17 16:16:08",assigned
1770,590,"2026-06-17 21:12:42",resolved
1771,591,"2026-07-27 10:08:00",created
1772,591,"2026-07-27 11:04:31",assigned
1773,591,"2026-07-27 14:50:35",resolved
1774,592,"2026-05-21 23:41:00",created
1775,592,"2026-05-22 06:43:12",assigned
1776,592,"2026-05-23 10:52:01",resolved
1777,593,"2026-05-29 11:34:00",created
1778,593,"2026-05-29 12:46:08",assigned
1779,593,"2026-05-29 17:34:40",resolved
1780,594,"2026-07-20 23:32:00",created
1781,594,"2026-07-21 01:10:43",assigned
1782,594,"2026-07-21 07:45:38",resolved
1783,595,"2026-06-17 03:01:00",created
1784,595,"2026-06-17 03:34:52",assigned
1785,595,"2026-06-17 05:50:24",resolved
1786,596,"2026-06-16 07:04:00",created
1787,596,"2026-06-16 08:15:47",assigned
1788,596,"2026-06-16 13:02:58",resolved
1789,597,"2026-07-22 12:41:00",created
1790,597,"2026-07-22 14:05:37",assigned
1791,597,"2026-07-22 19:44:05",resolved
1792,598,"2026-07-09 03:18:00",created
1793,598,"2026-07-09 05:01:48",assigned
1794,598,"2026-07-09 11:57:02",resolved
1795,599,"2026-05-22 12:18:00",created
1796,599,"2026-05-22 13:22:20",assigned
1797,599,"2026-05-22 17:39:43",resolved
1798,600,"2026-05-14 06:14:00",created
1799,600,"2026-05-14 07:12:53",assigned
1800,600,"2026-05-14 11:08:29",resolved
1801,601,"2026-07-08 21:23:00",created
1802,601,"2026-07-09 00:48:03",assigned
1803,601,"2026-07-09 14:28:19",resolved
1804,602,"2026-07-21 16:42:00",created
1805,602,"2026-07-21 17:22:01",assigned
1806,602,"2026-07-21 20:02:09",resolved
1807,603,"2026-07-23 17:36:00",created
1808,603,"2026-07-23 20:00:38",assigned
1809,603,"2026-07-24 05:39:11",resolved
1810,604,"2026-07-17 04:43:00",created
1811,604,"2026-07-17 06:31:47",assigned
1812,604,"2026-07-17 13:46:59",resolved
1813,605,"2026-06-20 01:18:00",created
1814,605,"2026-06-20 03:45:35",assigned
1815,605,"2026-06-20 13:35:57",resolved
1816,606,"2026-06-13 14:21:00",created
1817,606,"2026-06-13 14:53:55",assigned
1818,606,"2026-06-13 17:05:38",resolved
1819,607,"2026-05-17 12:37:00",created
1820,607,"2026-05-17 14:05:10",assigned
1821,607,"2026-05-17 19:57:53",resolved
1822,608,"2026-07-07 03:57:00",created
1823,608,"2026-07-07 06:42:25",assigned
1824,608,"2026-07-07 17:44:05",resolved
1825,609,"2026-06-29 12:02:00",created
1826,609,"2026-06-29 14:39:44",assigned
1827,609,"2026-06-30 01:10:43",resolved
1828,610,"2026-07-06 18:28:00",created
1829,610,"2026-07-06 19:57:46",assigned
1830,610,"2026-07-07 01:56:52",resolved
1831,611,"2026-06-05 02:45:00",created
1832,611,"2026-06-05 03:40:12",assigned
1833,611,"2026-06-05 07:21:04",resolved
1834,612,"2026-07-08 06:08:00",created
1835,612,"2026-07-08 07:23:55",assigned
1836,612,"2026-07-08 12:27:35",resolved
1837,613,"2026-05-29 10:09:00",created
1838,613,"2026-05-29 12:01:10",assigned
1839,613,"2026-05-29 19:29:54",resolved
1840,614,"2026-07-28 23:15:00",created
1841,614,"2026-07-29 00:21:00",assigned
1842,614,"2026-07-29 04:45:00",resolved
1843,615,"2026-07-24 10:03:00",created
1844,615,"2026-07-24 10:37:30",assigned
1845,615,"2026-07-24 12:55:33",resolved
1846,616,"2026-07-09 05:16:00",created
1847,616,"2026-07-09 09:48:31",assigned
1848,616,"2026-07-10 03:58:36",resolved
1849,617,"2026-05-02 22:56:00",created
1850,617,"2026-05-03 00:47:14",assigned
1851,617,"2026-05-03 08:12:14",resolved
1852,618,"2026-05-13 03:37:00",created
1853,618,"2026-05-13 04:36:38",assigned
1854,618,"2026-05-13 08:35:13",resolved
1855,619,"2026-05-18 03:09:00",created
1856,619,"2026-05-18 05:35:37",assigned
1857,619,"2026-05-18 15:22:09",resolved
1858,620,"2026-07-06 10:41:00",created
1859,620,"2026-07-06 12:20:44",assigned
1860,620,"2026-07-06 18:59:40",resolved
1861,621,"2026-07-04 22:24:00",created
1862,621,"2026-07-04 23:57:08",assigned
1863,621,"2026-07-05 06:09:40",resolved
1864,622,"2026-06-16 22:25:00",created
1865,622,"2026-06-16 23:28:29",assigned
1866,622,"2026-06-17 03:42:27",resolved
1867,623,"2026-06-22 03:47:00",created
1868,623,"2026-06-22 11:45:44",assigned
1869,623,"2026-06-23 19:40:43",resolved
1870,624,"2026-07-10 23:17:00",created
1871,624,"2026-07-10 23:48:15",assigned
1872,624,"2026-07-11 01:53:15",resolved
1873,625,"2026-06-07 16:41:00",created
1874,625,"2026-06-07 17:13:17",assigned
1875,625,"2026-06-07 19:22:25",resolved
1876,626,"2026-05-08 15:45:00",created
1877,626,"2026-05-08 17:04:01",assigned
1878,626,"2026-05-08 22:20:07",resolved
1879,627,"2026-05-23 03:57:00",created
1880,627,"2026-05-23 04:36:33",assigned
1881,627,"2026-05-23 07:14:48",resolved
1882,628,"2026-06-23 18:56:00",created
1883,628,"2026-06-23 19:36:06",assigned
1884,628,"2026-06-23 22:16:33",resolved
1885,629,"2026-05-08 09:08:00",created
1886,629,"2026-05-08 10:38:29",assigned
1887,629,"2026-05-08 16:40:28",resolved
1888,630,"2026-06-01 10:13:00",created
1889,630,"2026-06-01 12:32:37",assigned
1890,630,"2026-06-01 21:51:06",resolved
1891,631,"2026-06-30 00:45:00",created
1892,631,"2026-06-30 00:59:58",assigned
1893,631,"2026-06-30 01:59:53",resolved
1894,632,"2026-06-18 17:32:00",created
1895,632,"2026-06-18 18:56:31",assigned
1896,632,"2026-06-19 00:34:35",resolved
1897,633,"2026-05-20 16:44:00",created
1898,633,"2026-05-20 18:59:35",assigned
1899,633,"2026-05-21 04:01:58",resolved
1900,634,"2026-06-01 21:54:00",created
1901,634,"2026-06-01 23:02:47",assigned
1902,634,"2026-06-02 03:37:57",resolved
1903,635,"2026-07-29 12:24:00",created
1904,635,"2026-07-29 13:42:49",assigned
1905,635,"2026-07-29 18:58:08",resolved
1906,636,"2026-06-04 05:07:00",created
1907,636,"2026-06-04 06:21:25",assigned
1908,636,"2026-06-04 11:19:08",resolved
1909,637,"2026-06-29 21:38:00",created
1910,637,"2026-06-30 01:07:49",assigned
1911,637,"2026-06-30 15:07:09",resolved
1912,638,"2026-07-21 01:47:00",created
1913,638,"2026-07-21 03:28:43",assigned
1914,638,"2026-07-21 10:15:37",resolved
1915,639,"2026-06-01 16:41:00",created
1916,639,"2026-06-01 19:26:34",assigned
1917,639,"2026-06-02 06:28:52",resolved
1918,640,"2026-07-20 20:29:00",created
1919,640,"2026-07-20 22:50:33",assigned
1920,640,"2026-07-21 08:16:47",resolved
1921,641,"2026-05-14 12:05:00",created
1922,641,"2026-05-14 14:36:11",assigned
1923,641,"2026-05-15 00:40:55",resolved
1924,642,"2026-05-14 00:02:00",created
1925,642,"2026-05-14 02:00:31",assigned
1926,642,"2026-05-14 09:54:38",resolved
1927,643,"2026-05-26 07:33:00",created
1928,643,"2026-05-26 10:34:27",assigned
1929,643,"2026-05-26 22:40:15",resolved
1930,644,"2026-06-09 14:58:00",created
1931,644,"2026-06-09 15:31:41",assigned
1932,644,"2026-06-09 17:46:29",resolved
1933,645,"2026-07-06 01:57:00",created
1934,645,"2026-07-06 03:18:58",assigned
1935,645,"2026-07-06 08:46:54",resolved
1936,646,"2026-07-11 10:11:00",created
1937,646,"2026-07-11 12:15:10",assigned
1938,646,"2026-07-11 20:31:52",resolved
1939,647,"2026-05-02 08:09:00",created
1940,647,"2026-05-02 08:54:41",assigned
1941,647,"2026-05-02 11:57:27",resolved
1942,648,"2026-06-29 06:03:00",created
1943,648,"2026-06-29 06:59:13",assigned
1944,648,"2026-06-29 10:44:08",resolved
1945,649,"2026-05-12 22:12:00",created
1946,649,"2026-05-12 23:03:55",assigned
1947,649,"2026-05-13 02:31:36",resolved
1948,650,"2026-06-13 09:19:00",created
1949,650,"2026-06-13 09:52:02",assigned
1950,650,"2026-06-13 12:04:12",resolved
1951,651,"2026-06-19 06:24:00",created
1952,651,"2026-06-19 07:32:46",assigned
1953,651,"2026-06-19 12:07:53",resolved
1954,652,"2026-06-18 16:30:00",created
1955,652,"2026-06-18 20:08:28",assigned
1956,652,"2026-06-19 10:42:22",resolved
1957,653,"2026-05-10 08:27:00",created
1958,653,"2026-05-10 12:28:58",assigned
1959,653,"2026-05-11 04:36:52",resolved
1960,654,"2026-05-03 12:49:00",created
1961,654,"2026-05-03 14:59:40",assigned
1962,654,"2026-05-03 23:42:21",resolved
1963,655,"2026-06-14 23:19:00",created
1964,655,"2026-06-15 00:18:46",assigned
1965,655,"2026-06-15 04:17:54",resolved
1966,656,"2026-07-07 15:18:00",created
1967,656,"2026-07-07 16:13:10",assigned
1968,656,"2026-07-07 19:53:51",resolved
1969,657,"2026-07-10 16:57:00",created
1970,657,"2026-07-10 17:57:40",assigned
1971,657,"2026-07-10 22:00:22",resolved
1972,658,"2026-06-30 04:37:00",created
1973,658,"2026-06-30 06:21:32",assigned
1974,658,"2026-06-30 13:19:40",resolved
1975,659,"2026-07-12 08:26:00",created
1976,659,"2026-07-12 09:14:10",assigned
1977,659,"2026-07-12 12:26:53",resolved
1978,660,"2026-07-25 02:37:00",created
1979,660,"2026-07-25 03:07:19",assigned
1980,660,"2026-07-25 05:08:39",resolved
1981,661,"2026-05-17 00:59:00",created
1982,661,"2026-05-17 03:00:19",assigned
1983,661,"2026-05-17 11:05:37",resolved
1984,662,"2026-06-26 20:01:00",created
1985,662,"2026-06-26 22:23:41",assigned
1986,662,"2026-06-27 07:54:25",resolved
1987,663,"2026-05-26 07:46:00",created
1988,663,"2026-05-26 08:40:52",assigned
1989,663,"2026-05-26 12:20:21",resolved
1990,664,"2026-06-21 19:55:00",created
1991,664,"2026-06-21 20:29:53",assigned
1992,664,"2026-06-21 22:49:25",resolved
1993,665,"2026-07-06 23:22:00",created
1994,665,"2026-07-07 00:49:07",assigned
1995,665,"2026-07-07 06:37:37",resolved
1996,666,"2026-06-24 17:35:00",created
1997,666,"2026-06-24 21:10:59",assigned
1998,666,"2026-06-25 11:34:59",resolved
1999,667,"2026-06-28 05:29:00",created
2000,667,"2026-06-28 06:03:56",assigned
2001,667,"2026-06-28 08:23:40",resolved
2002,668,"2026-07-06 12:52:00",created
2003,668,"2026-07-06 14:37:30",assigned
2004,668,"2026-07-06 21:39:33",resolved
2005,669,"2026-05-14 19:36:00",created
2006,669,"2026-05-14 20:55:14",assigned
2007,669,"2026-05-15 02:12:11",resolved
2008,670,"2026-05-29 03:51:00",created
2009,670,"2026-05-29 05:08:03",assigned
2010,670,"2026-05-29 10:16:15",resolved
2011,671,"2026-06-21 08:10:00",created
2012,671,"2026-06-21 09:32:05",assigned
2013,671,"2026-06-21 15:00:26",resolved
2014,672,"2026-05-30 20:09:00",created
2015,672,"2026-05-30 21:39:58",assigned
2016,672,"2026-05-31 03:43:54",resolved
2017,673,"2026-06-12 17:36:00",created
2018,673,"2026-06-12 18:17:48",assigned
2019,673,"2026-06-12 21:05:00",resolved
2020,674,"2026-06-15 22:37:00",created
2021,674,"2026-06-15 23:54:26",assigned
2022,674,"2026-06-16 05:04:11",resolved
2023,675,"2026-06-04 20:35:00",created
2024,675,"2026-06-04 22:19:12",assigned
2025,675,"2026-06-05 05:16:04",resolved
2026,676,"2026-06-13 15:08:00",created
2027,676,"2026-06-13 15:52:27",assigned
2028,676,"2026-06-13 18:50:17",resolved
2029,677,"2026-05-15 21:32:00",created
2030,677,"2026-05-16 00:28:11",assigned
2031,677,"2026-05-16 12:12:56",resolved
2032,678,"2026-06-23 09:34:00",created
2033,678,"2026-06-23 10:01:35",assigned
2034,678,"2026-06-23 11:51:57",resolved
2035,679,"2026-06-05 23:52:00",created
2036,679,"2026-06-06 00:42:04",assigned
2037,679,"2026-06-06 04:02:24",resolved
2038,680,"2026-05-19 06:14:00",created
2039,680,"2026-05-19 07:11:28",assigned
2040,680,"2026-05-19 11:01:21",resolved
2041,681,"2026-05-27 17:10:00",created
2042,681,"2026-05-27 20:05:32",assigned
2043,681,"2026-05-28 07:47:42",resolved
2044,682,"2026-06-02 23:17:00",created
2045,682,"2026-06-03 01:00:36",assigned
2046,682,"2026-06-03 07:55:02",resolved
2047,683,"2026-07-19 02:47:00",created
2048,683,"2026-07-19 06:02:43",assigned
2049,683,"2026-07-19 19:05:39",resolved
2050,684,"2026-05-10 03:00:00",created
2051,684,"2026-05-10 05:00:01",assigned
2052,684,"2026-05-10 13:00:09",resolved
2053,685,"2026-06-20 02:49:00",created
2054,685,"2026-06-20 04:11:47",assigned
2055,685,"2026-06-20 09:42:56",resolved
2056,686,"2026-07-03 11:28:00",created
2057,686,"2026-07-03 14:31:45",assigned
2058,686,"2026-07-04 02:46:47",resolved
2059,687,"2026-05-17 09:24:00",created
2060,687,"2026-05-17 11:13:29",assigned
2061,687,"2026-05-17 18:31:26",resolved
2062,688,"2026-07-09 11:30:00",created
2063,688,"2026-07-09 12:39:27",assigned
2064,688,"2026-07-09 17:17:19",resolved
2065,689,"2026-05-09 10:24:00",created
2066,689,"2026-05-09 13:28:08",assigned
2067,689,"2026-05-10 01:44:44",resolved
2068,690,"2026-07-12 03:13:00",created
2069,690,"2026-07-12 05:03:15",assigned
2070,690,"2026-07-12 12:24:19",resolved
2071,691,"2026-06-22 23:10:00",created
2072,691,"2026-06-23 01:28:00",assigned
2073,691,"2026-06-23 10:40:03",resolved
2074,692,"2026-06-13 19:59:00",created
2075,692,"2026-06-13 21:43:41",assigned
2076,692,"2026-06-14 04:42:29",resolved
2077,693,"2026-07-11 00:51:00",created
2078,693,"2026-07-11 02:45:31",assigned
2079,693,"2026-07-11 10:23:37",resolved
2080,694,"2026-07-09 08:14:00",created
2081,694,"2026-07-09 09:35:14",assigned
2082,694,"2026-07-09 15:00:12",resolved
2083,695,"2026-05-23 18:32:00",created
2084,695,"2026-05-23 19:52:42",assigned
2085,695,"2026-05-24 01:15:30",resolved
2086,696,"2026-06-10 14:36:00",created
2087,696,"2026-06-10 18:21:04",assigned
2088,696,"2026-06-11 09:21:21",resolved
2089,697,"2026-05-27 08:31:00",created
2090,697,"2026-05-27 11:18:26",assigned
2091,697,"2026-05-27 22:28:14",resolved
2092,698,"2026-06-16 17:16:00",created
2093,698,"2026-06-16 18:34:15",assigned
2094,698,"2026-06-16 23:47:19",resolved
2095,699,"2026-06-17 04:43:00",created
2096,699,"2026-06-17 06:05:21",assigned
2097,699,"2026-06-17 11:34:47",resolved
2098,700,"2026-05-23 05:13:00",created
2099,700,"2026-05-23 06:27:59",assigned
2100,700,"2026-05-23 11:27:59",resolved
2101,701,"2026-07-21 11:06:00",created
2102,701,"2026-07-21 11:52:52",assigned
2103,701,"2026-07-21 15:00:23",resolved
2104,702,"2026-06-24 04:08:00",created
2105,702,"2026-06-24 04:51:07",assigned
2106,702,"2026-06-24 07:43:38",resolved
2107,703,"2026-05-30 15:17:00",created
2108,703,"2026-05-30 17:39:25",assigned
2109,703,"2026-05-31 03:09:06",resolved
2110,704,"2026-06-06 10:03:00",created
2111,704,"2026-06-06 11:10:54",assigned
2112,704,"2026-06-06 15:42:33",resolved
2113,705,"2026-07-13 17:29:00",created
2114,705,"2026-07-13 21:20:46",assigned
2115,705,"2026-07-14 12:47:52",resolved
2116,706,"2026-05-24 18:45:00",created
2117,706,"2026-05-24 20:34:24",assigned
2118,706,"2026-05-25 03:52:00",resolved
2119,707,"2026-07-28 22:44:00",created
2120,707,"2026-07-29 00:43:46",assigned
2121,707,"2026-07-29 08:42:52",resolved
2122,708,"2026-05-12 11:16:00",created
2123,708,"2026-05-12 13:22:08",assigned
2124,708,"2026-05-12 21:46:43",resolved
2125,709,"2026-05-11 21:23:00",created
2126,709,"2026-05-12 01:41:43",assigned
2127,709,"2026-05-12 18:56:39",resolved
2128,710,"2026-07-11 11:12:00",created
2129,710,"2026-07-11 12:57:21",assigned
2130,710,"2026-07-11 19:58:49",resolved
2131,711,"2026-06-30 03:46:00",created
2132,711,"2026-06-30 05:23:35",assigned
2133,711,"2026-06-30 11:53:58",resolved
2134,712,"2026-05-13 21:54:00",created
2135,712,"2026-05-14 00:55:02",assigned
2136,712,"2026-05-14 12:59:14",resolved
2137,713,"2026-05-16 10:24:00",created
2138,713,"2026-05-16 11:09:58",assigned
2139,713,"2026-05-16 14:13:51",resolved
2140,714,"2026-07-04 11:57:00",created
2141,714,"2026-07-04 13:57:54",assigned
2142,714,"2026-07-04 22:01:32",resolved
2143,715,"2026-07-15 06:19:00",created
2144,715,"2026-07-15 08:18:43",assigned
2145,715,"2026-07-15 16:17:39",resolved
2146,716,"2026-06-17 13:48:00",created
2147,716,"2026-06-17 15:01:49",assigned
2148,716,"2026-06-17 19:57:09",resolved
2149,717,"2026-05-16 16:52:00",created
2150,717,"2026-05-16 18:08:05",assigned
2151,717,"2026-05-16 23:12:27",resolved
2152,718,"2026-05-20 12:08:00",created
2153,718,"2026-05-20 13:20:03",assigned
2154,718,"2026-05-20 18:08:17",resolved
2155,719,"2026-07-11 19:58:00",created
2156,719,"2026-07-11 20:40:15",assigned
2157,719,"2026-07-11 23:29:19",resolved
2158,720,"2026-05-04 04:02:00",created
2159,720,"2026-05-04 05:14:41",assigned
2160,720,"2026-05-04 10:05:25",resolved
2161,721,"2026-05-08 01:31:00",created
2162,721,"2026-05-08 09:24:18",assigned
2163,721,"2026-05-09 16:57:34",resolved
2164,722,"2026-06-07 06:11:00",created
2165,722,"2026-06-07 08:52:33",assigned
2166,722,"2026-06-07 19:38:49",resolved
2167,723,"2026-06-15 20:42:00",created
2168,723,"2026-06-15 22:10:15",assigned
2169,723,"2026-06-16 04:03:17",resolved
2170,724,"2026-06-23 13:23:00",created
2171,724,"2026-06-23 14:43:36",assigned
2172,724,"2026-06-23 20:06:01",resolved
2173,725,"2026-05-23 23:50:00",created
2174,725,"2026-05-24 00:28:40",assigned
2175,725,"2026-05-24 03:03:23",resolved
2176,726,"2026-05-23 19:54:00",created
2177,726,"2026-05-23 20:09:24",assigned
2178,726,"2026-05-23 21:11:04",resolved
2179,727,"2026-07-03 13:48:00",created
2180,727,"2026-07-03 16:14:47",assigned
2181,727,"2026-07-04 02:01:58",resolved
2182,728,"2026-06-19 21:23:00",created
2183,728,"2026-06-19 22:23:29",assigned
2184,728,"2026-06-20 02:25:29",resolved
2185,729,"2026-05-06 01:10:00",created
2186,729,"2026-05-06 03:13:50",assigned
2187,729,"2026-05-06 11:29:12",resolved
2188,730,"2026-07-29 22:19:00",created
2189,730,"2026-07-29 22:58:56",assigned
2190,730,"2026-07-30 01:38:44",resolved
2191,731,"2026-05-18 06:06:00",created
2192,731,"2026-05-18 10:14:57",assigned
2193,731,"2026-05-19 02:50:47",resolved
2194,732,"2026-07-07 08:20:00",created
2195,732,"2026-07-07 12:43:30",assigned
2196,732,"2026-07-08 06:17:33",resolved
2197,733,"2026-07-22 17:44:00",created
2198,733,"2026-07-23 01:37:47",assigned
2199,733,"2026-07-24 09:12:57",resolved
2200,734,"2026-07-18 09:18:00",created
2201,734,"2026-07-18 10:14:00",assigned
2202,734,"2026-07-18 13:58:02",resolved
2203,735,"2026-07-26 11:03:00",created
2204,735,"2026-07-26 11:51:53",assigned
2205,735,"2026-07-26 15:07:27",resolved
2206,736,"2026-07-17 05:30:00",created
2207,736,"2026-07-17 08:45:58",assigned
2208,736,"2026-07-17 21:49:50",resolved
2209,737,"2026-06-13 23:53:00",created
2210,737,"2026-06-14 01:36:18",assigned
2211,737,"2026-06-14 08:29:31",resolved
2212,738,"2026-06-06 05:01:00",created
2213,738,"2026-06-06 05:56:51",assigned
2214,738,"2026-06-06 09:40:15",resolved
2215,739,"2026-06-19 04:16:00",created
2216,739,"2026-06-19 05:02:56",assigned
2217,739,"2026-06-19 08:10:43",resolved
2218,740,"2026-07-03 10:08:00",created
2219,740,"2026-07-03 10:42:04",assigned
2220,740,"2026-07-03 12:58:23",resolved
2221,741,"2026-05-21 21:46:00",created
2222,741,"2026-05-21 22:57:23",assigned
2223,741,"2026-05-22 03:42:58",resolved
2224,742,"2026-06-13 12:22:00",created
2225,742,"2026-06-13 14:50:26",assigned
2226,742,"2026-06-14 00:44:14",resolved
2227,743,"2026-07-15 18:25:00",created
2228,743,"2026-07-15 19:07:40",assigned
2229,743,"2026-07-15 21:58:24",resolved
2230,744,"2026-07-12 20:31:00",created
2231,744,"2026-07-12 21:59:51",assigned
2232,744,"2026-07-13 03:55:15",resolved
2233,745,"2026-07-08 11:48:00",created
2234,745,"2026-07-08 14:07:40",assigned
2235,745,"2026-07-08 23:26:23",resolved
2236,746,"2026-06-03 20:56:00",created
2237,746,"2026-06-03 22:58:19",assigned
2238,746,"2026-06-04 07:07:37",resolved
2239,747,"2026-07-25 05:00:00",created
2240,747,"2026-07-25 06:48:50",assigned
2241,747,"2026-07-25 14:04:14",resolved
2242,748,"2026-07-04 04:09:00",created
2243,748,"2026-07-04 05:57:40",assigned
2244,748,"2026-07-04 13:12:21",resolved
2245,749,"2026-06-06 15:38:00",created
2246,749,"2026-06-06 16:52:02",assigned
2247,749,"2026-06-06 21:48:14",resolved
2248,750,"2026-07-21 07:27:00",created
2249,750,"2026-07-21 08:07:09",assigned
2250,750,"2026-07-21 10:47:49",resolved
2251,751,"2026-06-12 01:43:00",created
2252,751,"2026-06-12 03:10:54",assigned
2253,751,"2026-06-12 09:02:31",resolved
2254,752,"2026-05-25 04:19:00",created
2255,752,"2026-05-25 05:24:53",assigned
2256,752,"2026-05-25 09:48:26",resolved
2257,753,"2026-07-19 20:47:00",created
2258,753,"2026-07-19 21:18:55",assigned
2259,753,"2026-07-19 23:26:35",resolved
2260,754,"2026-07-01 12:48:00",created
2261,754,"2026-07-01 13:48:33",assigned
2262,754,"2026-07-01 17:50:49",resolved
2263,755,"2026-05-30 08:04:00",created
2264,755,"2026-05-30 09:03:54",assigned
2265,755,"2026-05-30 13:03:32",resolved
2266,756,"2026-05-13 06:59:00",created
2267,756,"2026-05-13 08:44:25",assigned
2268,756,"2026-05-13 15:46:05",resolved
2269,757,"2026-05-15 19:13:00",created
2270,757,"2026-05-15 20:51:40",assigned
2271,757,"2026-05-16 03:26:20",resolved
2272,758,"2026-06-29 05:36:00",created
2273,758,"2026-06-29 06:52:03",assigned
2274,758,"2026-06-29 11:56:19",resolved
2275,759,"2026-07-16 15:15:00",created
2276,759,"2026-07-16 18:04:35",assigned
2277,759,"2026-07-17 05:22:59",resolved
2278,760,"2026-06-06 18:20:00",created
2279,760,"2026-06-06 23:21:15",assigned
2280,760,"2026-06-07 19:26:16",resolved
2281,761,"2026-05-11 21:44:00",created
2282,761,"2026-05-11 22:29:20",assigned
2283,761,"2026-05-12 01:30:44",resolved
2284,762,"2026-05-20 05:25:00",created
2285,762,"2026-05-20 06:42:13",assigned
2286,762,"2026-05-20 11:51:07",resolved
2287,763,"2026-07-03 23:05:00",created
2288,763,"2026-07-04 00:08:40",assigned
2289,763,"2026-07-04 04:23:24",resolved
2290,764,"2026-07-28 06:23:00",created
2291,764,"2026-07-28 08:05:38",assigned
2292,764,"2026-07-28 14:56:11",resolved
2293,765,"2026-07-16 03:23:00",created
2294,765,"2026-07-16 04:42:10",assigned
2295,765,"2026-07-16 09:58:51",resolved
2296,766,"2026-05-05 20:26:00",created
2297,766,"2026-05-06 00:35:59",assigned
2298,766,"2026-05-06 17:15:55",resolved
2299,767,"2026-06-09 11:57:00",created
2300,767,"2026-06-09 13:11:15",assigned
2301,767,"2026-06-09 18:08:15",resolved
2302,768,"2026-05-19 11:20:00",created
2303,768,"2026-05-19 12:41:48",assigned
2304,768,"2026-05-19 18:09:01",resolved
2305,769,"2026-07-27 18:08:00",created
2306,769,"2026-07-27 19:18:26",assigned
2307,769,"2026-07-28 00:00:14",resolved
2308,770,"2026-07-19 23:46:00",created
2309,770,"2026-07-20 02:39:31",assigned
2310,770,"2026-07-20 14:13:39",resolved
2311,771,"2026-05-23 00:27:00",created
2312,771,"2026-05-23 02:26:12",assigned
2313,771,"2026-05-23 10:23:02",resolved
2314,772,"2026-07-22 11:04:00",created
2315,772,"2026-07-22 14:44:18",assigned
2316,772,"2026-07-23 05:25:33",resolved
2317,773,"2026-05-28 14:19:00",created
2318,773,"2026-05-28 15:44:16",assigned
2319,773,"2026-05-28 21:25:20",resolved
2320,774,"2026-05-17 19:39:00",created
2321,774,"2026-05-17 20:53:11",assigned
2322,774,"2026-05-18 01:49:57",resolved
2323,775,"2026-07-04 13:39:00",created
2324,775,"2026-07-04 14:36:45",assigned
2325,775,"2026-07-04 18:27:46",resolved
2326,776,"2026-05-13 22:41:00",created
2327,776,"2026-05-13 23:31:38",assigned
2328,776,"2026-05-14 02:54:11",resolved
2329,777,"2026-07-24 12:43:00",created
2330,777,"2026-07-24 14:32:34",assigned
2331,777,"2026-07-24 21:50:54",resolved
2332,778,"2026-06-29 02:45:00",created
2333,778,"2026-06-29 05:57:38",assigned
2334,778,"2026-06-29 18:48:11",resolved
2335,779,"2026-05-31 13:56:00",created
2336,779,"2026-05-31 15:18:47",assigned
2337,779,"2026-05-31 20:49:55",resolved
2338,780,"2026-07-11 01:22:00",created
2339,780,"2026-07-11 02:52:03",assigned
2340,780,"2026-07-11 08:52:19",resolved
2341,781,"2026-05-07 04:54:00",created
2342,781,"2026-05-07 06:45:12",assigned
2343,781,"2026-05-07 14:10:01",resolved
2344,782,"2026-05-25 14:13:00",created
2345,782,"2026-05-25 15:46:54",assigned
2346,782,"2026-05-25 22:02:30",resolved
2347,783,"2026-07-03 16:10:00",created
2348,783,"2026-07-03 18:16:23",assigned
2349,783,"2026-07-04 02:41:55",resolved
2350,784,"2026-05-02 01:09:00",created
2351,784,"2026-05-02 04:02:07",assigned
2352,784,"2026-05-02 15:34:39",resolved
2353,785,"2026-06-19 20:38:00",created
2354,785,"2026-06-19 21:31:43",assigned
2355,785,"2026-06-20 01:06:37",resolved
2356,786,"2026-07-26 15:31:00",created
2357,786,"2026-07-26 17:09:43",assigned
2358,786,"2026-07-26 23:44:37",resolved
2359,787,"2026-05-13 05:34:00",created
2360,787,"2026-05-13 06:45:29",assigned
2361,787,"2026-05-13 11:31:25",resolved
2362,788,"2026-05-13 14:06:00",created
2363,788,"2026-05-13 15:13:34",assigned
2364,788,"2026-05-13 19:43:51",resolved
2365,789,"2026-05-26 00:06:00",created
2366,789,"2026-05-26 02:43:28",assigned
2367,789,"2026-05-26 13:13:24",resolved
2368,790,"2026-06-03 16:09:00",created
2369,790,"2026-06-03 18:12:14",assigned
2370,790,"2026-06-04 02:25:14",resolved
2371,791,"2026-07-03 18:42:00",created
2372,791,"2026-07-03 20:34:24",assigned
2373,791,"2026-07-04 04:04:04",resolved
2374,792,"2026-05-29 15:29:00",created
2375,792,"2026-05-29 16:25:22",assigned
2376,792,"2026-05-29 20:10:52",resolved
2377,793,"2026-06-16 21:58:00",created
2378,793,"2026-06-16 23:05:55",assigned
2379,793,"2026-06-17 03:37:38",resolved
2380,794,"2026-06-14 05:43:00",created
2381,794,"2026-06-14 06:44:59",assigned
2382,794,"2026-06-14 10:52:56",resolved
2383,795,"2026-06-27 10:29:00",created
2384,795,"2026-06-27 15:03:10",assigned
2385,795,"2026-06-28 09:19:50",resolved
2386,796,"2026-05-10 06:31:00",created
2387,796,"2026-05-10 07:37:51",assigned
2388,796,"2026-05-10 12:05:16",resolved
2389,797,"2026-05-18 15:15:00",created
2390,797,"2026-05-18 19:11:30",assigned
2391,797,"2026-05-19 10:57:32",resolved
2392,798,"2026-05-14 15:47:00",created
2393,798,"2026-05-14 16:29:08",assigned
2394,798,"2026-05-14 19:17:43",resolved
2395,799,"2026-05-19 13:43:00",created
2396,799,"2026-05-19 17:16:18",assigned
2397,799,"2026-05-20 07:29:34",resolved
2398,800,"2026-07-28 06:24:00",created
2399,800,"2026-07-28 07:21:49",assigned
2400,800,"2026-07-28 11:13:09",resolved
2401,801,"2026-05-14 11:58:00",created
2402,801,"2026-05-14 13:00:42",assigned
2403,801,"2026-05-14 17:11:34",resolved
2404,802,"2026-05-23 09:45:00",created
2405,802,"2026-05-23 11:21:49",assigned
2406,802,"2026-05-23 17:49:06",resolved
2407,803,"2026-07-02 09:38:00",created
2408,803,"2026-07-02 11:03:19",assigned
2409,803,"2026-07-02 16:44:36",resolved
2410,804,"2026-05-04 15:29:00",created
2411,804,"2026-05-04 16:33:46",assigned
2412,804,"2026-05-04 20:52:50",resolved
2413,805,"2026-07-05 05:57:00",created
2414,805,"2026-07-05 06:47:40",assigned
2415,805,"2026-07-05 10:10:21",resolved
2416,806,"2026-06-25 21:22:00",created
2417,806,"2026-06-25 22:01:45",assigned
2418,806,"2026-06-26 00:40:45",resolved
2419,807,"2026-06-09 15:55:00",created
2420,807,"2026-06-09 18:36:54",assigned
2421,807,"2026-06-10 05:24:32",resolved
2422,808,"2026-07-08 15:43:00",created
2423,808,"2026-07-08 17:37:38",assigned
2424,808,"2026-07-09 01:16:14",resolved
2425,809,"2026-05-29 17:46:00",created
2426,809,"2026-05-29 18:23:17",assigned
2427,809,"2026-05-29 20:52:27",resolved
2428,810,"2026-06-04 04:50:00",created
2429,810,"2026-06-04 06:03:36",assigned
2430,810,"2026-06-04 10:58:03",resolved
2431,811,"2026-05-04 05:13:00",created
2432,811,"2026-05-04 06:12:07",assigned
2433,811,"2026-05-04 10:08:37",resolved
2434,812,"2026-07-11 22:24:00",created
2435,812,"2026-07-11 23:11:19",assigned
2436,812,"2026-07-12 02:20:36",resolved
2437,813,"2026-07-15 09:04:00",created
2438,813,"2026-07-15 09:45:43",assigned
2439,813,"2026-07-15 12:32:37",resolved
2440,814,"2026-05-27 19:39:00",created
2441,814,"2026-05-27 20:57:41",assigned
2442,814,"2026-05-28 02:12:28",resolved
2443,815,"2026-07-13 09:49:00",created
2444,815,"2026-07-13 10:27:18",assigned
2445,815,"2026-07-13 13:00:31",resolved
2446,816,"2026-07-29 03:39:00",created
2447,816,"2026-07-29 04:12:34",assigned
2448,816,"2026-07-29 06:26:53",resolved
2449,817,"2026-05-28 09:58:00",created
2450,817,"2026-05-28 10:48:38",assigned
2451,817,"2026-05-28 14:11:12",resolved
2452,818,"2026-05-19 07:55:00",created
2453,818,"2026-05-19 12:28:32",assigned
2454,818,"2026-05-20 06:42:40",resolved
2455,819,"2026-06-20 01:57:00",created
2456,819,"2026-06-20 03:02:01",assigned
2457,819,"2026-06-20 07:22:07",resolved
2458,820,"2026-06-01 18:17:00",created
2459,820,"2026-06-01 21:34:58",assigned
2460,820,"2026-06-02 10:46:53",resolved
2461,821,"2026-07-24 16:02:00",created
2462,821,"2026-07-24 18:12:06",assigned
2463,821,"2026-07-25 02:52:34",resolved
2464,822,"2026-06-03 12:23:00",created
2465,822,"2026-06-03 14:13:58",assigned
2466,822,"2026-06-03 21:37:51",resolved
2467,823,"2026-05-08 01:43:00",created
2468,823,"2026-05-08 02:44:19",assigned
2469,823,"2026-05-08 06:49:37",resolved
2470,824,"2026-06-24 23:58:00",created
2471,824,"2026-06-25 02:10:38",assigned
2472,824,"2026-06-25 11:01:10",resolved
2473,825,"2026-06-17 14:50:00",created
2474,825,"2026-06-17 15:59:55",assigned
2475,825,"2026-06-17 20:39:36",resolved
2476,826,"2026-05-25 00:48:00",created
2477,826,"2026-05-25 02:54:45",assigned
2478,826,"2026-05-25 11:21:46",resolved
2479,827,"2026-06-30 01:43:00",created
2480,827,"2026-06-30 03:20:19",assigned
2481,827,"2026-06-30 09:49:38",resolved
2482,828,"2026-06-15 15:51:00",created
2483,828,"2026-06-15 16:45:32",assigned
2484,828,"2026-06-15 20:23:44",resolved
2485,829,"2026-05-25 00:01:00",created
2486,829,"2026-05-25 04:51:16",assigned
2487,829,"2026-05-26 00:12:23",resolved
2488,830,"2026-06-01 22:10:00",created
2489,830,"2026-06-02 00:45:48",assigned
2490,830,"2026-06-02 11:09:04",resolved
2491,831,"2026-07-27 18:22:00",created
2492,831,"2026-07-27 19:07:36",assigned
2493,831,"2026-07-27 22:10:00",resolved
2494,832,"2026-05-10 11:11:00",created
2495,832,"2026-05-10 12:18:54",assigned
2496,832,"2026-05-10 16:50:31",resolved
2497,833,"2026-06-11 21:48:00",created
2498,833,"2026-06-11 23:46:06",assigned
2499,833,"2026-06-12 07:38:31",resolved
2500,834,"2026-07-18 03:20:00",created
2501,834,"2026-07-18 04:05:29",assigned
2502,834,"2026-07-18 07:07:25",resolved
2503,835,"2026-07-17 02:23:00",created
2504,835,"2026-07-17 02:56:58",assigned
2505,835,"2026-07-17 05:12:50",resolved
2506,836,"2026-06-03 06:54:00",created
2507,836,"2026-06-03 07:50:56",assigned
2508,836,"2026-06-03 11:38:40",resolved
2509,837,"2026-07-06 05:14:00",created
2510,837,"2026-07-06 07:30:01",assigned
2511,837,"2026-07-06 16:34:06",resolved
2512,838,"2026-05-04 01:24:00",created
2513,838,"2026-05-04 05:51:35",assigned
2514,838,"2026-05-04 23:41:56",resolved
2515,839,"2026-07-06 09:51:00",created
2516,839,"2026-07-06 11:24:28",assigned
2517,839,"2026-07-06 17:38:23",resolved
2518,840,"2026-05-31 16:13:00",created
2519,840,"2026-05-31 16:58:31",assigned
2520,840,"2026-05-31 20:00:36",resolved
2521,841,"2026-06-09 03:11:00",created
2522,841,"2026-06-09 05:58:49",assigned
2523,841,"2026-06-09 17:10:06",resolved
2524,842,"2026-07-19 04:23:00",created
2525,842,"2026-07-19 05:37:50",assigned
2526,842,"2026-07-19 10:37:12",resolved
2527,843,"2026-07-04 00:41:00",created
2528,843,"2026-07-04 02:17:15",assigned
2529,843,"2026-07-04 08:42:15",resolved
2530,844,"2026-05-25 13:42:00",created
2531,844,"2026-05-25 14:50:57",assigned
2532,844,"2026-05-25 19:26:49",resolved
2533,845,"2026-06-25 07:42:00",created
2534,845,"2026-06-25 08:31:19",assigned
2535,845,"2026-06-25 11:48:39",resolved
2536,846,"2026-05-08 10:48:00",created
2537,846,"2026-05-08 13:44:22",assigned
2538,846,"2026-05-09 01:29:51",resolved
2539,847,"2026-07-23 11:34:00",created
2540,847,"2026-07-23 12:55:51",assigned
2541,847,"2026-07-23 18:23:19",resolved
2542,848,"2026-06-22 08:10:00",created
2543,848,"2026-06-22 09:05:47",assigned
2544,848,"2026-06-22 12:48:57",resolved
2545,849,"2026-06-15 16:49:00",created
2546,849,"2026-06-15 20:23:09",assigned
2547,849,"2026-06-16 10:39:45",resolved
2548,850,"2026-05-24 09:31:00",created
2549,850,"2026-05-24 10:53:42",assigned
2550,850,"2026-05-24 16:24:32",resolved
2551,851,"2026-05-16 07:57:00",created
2552,851,"2026-05-16 08:55:31",assigned
2553,851,"2026-05-16 12:49:39",resolved
2554,852,"2026-06-19 19:36:00",created
2555,852,"2026-06-19 21:51:42",assigned
2556,852,"2026-06-20 06:54:30",resolved
2557,853,"2026-05-11 08:15:00",created
2558,853,"2026-05-11 09:28:43",assigned
2559,853,"2026-05-11 14:23:38",resolved
2560,854,"2026-07-20 12:34:00",created
2561,854,"2026-07-20 14:56:03",assigned
2562,854,"2026-07-21 00:24:18",resolved
2563,855,"2026-06-20 13:20:00",created
2564,855,"2026-06-20 17:01:10",assigned
2565,855,"2026-06-21 07:45:50",resolved
2566,856,"2026-07-20 04:31:00",created
2567,856,"2026-07-20 08:31:40",assigned
2568,856,"2026-07-21 00:34:23",resolved
2569,857,"2026-06-28 01:48:00",created
2570,857,"2026-06-28 03:02:59",assigned
2571,857,"2026-06-28 08:02:57",resolved
2572,858,"2026-05-21 20:45:00",created
2573,858,"2026-05-22 01:23:37",assigned
2574,858,"2026-05-22 19:58:08",resolved
2575,859,"2026-07-06 18:00:00",created
2576,859,"2026-07-06 19:46:42",assigned
2577,859,"2026-07-07 02:53:34",resolved
2578,860,"2026-06-08 02:32:00",created
2579,860,"2026-06-08 02:58:50",assigned
2580,860,"2026-06-08 04:46:12",resolved
2581,861,"2026-07-03 20:28:00",created
2582,861,"2026-07-03 23:34:12",assigned
2583,861,"2026-07-04 11:59:00",resolved
2584,862,"2026-07-04 05:58:00",created
2585,862,"2026-07-04 08:42:47",assigned
2586,862,"2026-07-04 19:41:57",resolved
2587,863,"2026-07-29 05:49:00",created
2588,863,"2026-07-29 08:08:54",assigned
2589,863,"2026-07-29 17:28:32",resolved
2590,864,"2026-05-27 07:00:00",created
2591,864,"2026-05-27 08:53:21",assigned
2592,864,"2026-05-27 16:26:47",resolved
2593,865,"2026-05-07 01:52:00",created
2594,865,"2026-05-07 03:12:25",assigned
2595,865,"2026-05-07 08:34:06",resolved
2596,866,"2026-05-12 12:30:00",created
2597,866,"2026-05-12 14:16:05",assigned
2598,866,"2026-05-12 21:20:27",resolved
2599,867,"2026-05-02 15:49:00",created
2600,867,"2026-05-02 16:37:34",assigned
2601,867,"2026-05-02 19:51:50",resolved
2602,868,"2026-07-22 17:57:00",created
2603,868,"2026-07-22 20:23:56",assigned
2604,868,"2026-07-23 06:11:44",resolved
2605,869,"2026-05-26 05:44:00",created
2606,869,"2026-05-26 07:30:34",assigned
2607,869,"2026-05-26 14:36:52",resolved
2608,870,"2026-07-23 02:08:00",created
2609,870,"2026-07-23 03:46:43",assigned
2610,870,"2026-07-23 10:21:37",resolved
2611,871,"2026-07-15 05:27:00",created
2612,871,"2026-07-15 07:40:23",assigned
2613,871,"2026-07-15 16:33:58",resolved
2614,872,"2026-05-03 19:24:00",created
2615,872,"2026-05-03 20:25:51",assigned
2616,872,"2026-05-04 00:33:16",resolved
2617,873,"2026-05-25 15:42:00",created
2618,873,"2026-05-25 17:11:22",assigned
2619,873,"2026-05-25 23:08:52",resolved
2620,874,"2026-07-27 02:44:00",created
2621,874,"2026-07-27 04:08:16",assigned
2622,874,"2026-07-27 09:45:23",resolved
2623,875,"2026-05-07 01:35:00",created
2624,875,"2026-05-07 02:59:48",assigned
2625,875,"2026-05-07 08:39:00",resolved
2626,876,"2026-05-08 12:14:00",created
2627,876,"2026-05-08 14:22:41",assigned
2628,876,"2026-05-08 22:57:26",resolved
2629,877,"2026-07-09 09:08:00",created
2630,877,"2026-07-09 10:07:43",assigned
2631,877,"2026-07-09 14:06:38",resolved
2632,878,"2026-07-12 18:48:00",created
2633,878,"2026-07-12 19:50:38",assigned
2634,878,"2026-07-13 00:01:12",resolved
2635,879,"2026-07-10 19:18:00",created
2636,879,"2026-07-10 20:32:34",assigned
2637,879,"2026-07-11 01:30:51",resolved
2638,880,"2026-07-25 05:06:00",created
2639,880,"2026-07-25 06:29:42",assigned
2640,880,"2026-07-25 12:04:33",resolved
2641,881,"2026-05-09 15:56:00",created
2642,881,"2026-05-09 16:38:06",assigned
2643,881,"2026-05-09 19:26:32",resolved
2644,882,"2026-05-19 14:33:00",created
2645,882,"2026-05-19 16:00:06",assigned
2646,882,"2026-05-19 21:48:31",resolved
2647,883,"2026-05-05 06:59:00",created
2648,883,"2026-05-05 10:07:35",assigned
2649,883,"2026-05-05 22:41:59",resolved
2650,884,"2026-06-04 01:51:00",created
2651,884,"2026-06-04 03:03:06",assigned
2652,884,"2026-06-04 07:51:32",resolved
2653,885,"2026-07-07 07:03:00",created
2654,885,"2026-07-07 07:43:33",assigned
2655,885,"2026-07-07 10:25:46",resolved
2656,886,"2026-05-26 20:14:00",created
2657,886,"2026-05-26 21:08:05",assigned
2658,886,"2026-05-27 00:44:28",resolved
2659,887,"2026-07-24 16:38:00",created
2660,887,"2026-07-24 22:02:39",assigned
2661,887,"2026-07-25 19:41:16",resolved
2662,888,"2026-06-18 07:44:00",created
2663,888,"2026-06-18 08:40:44",assigned
2664,888,"2026-06-18 12:27:42",resolved
2665,889,"2026-07-09 07:27:00",created
2666,889,"2026-07-09 08:19:09",assigned
2667,889,"2026-07-09 11:47:49",resolved
2668,890,"2026-05-17 19:24:00",created
2669,890,"2026-05-17 21:13:03",assigned
2670,890,"2026-05-18 04:29:18",resolved
2671,891,"2026-06-12 09:35:00",created
2672,891,"2026-06-12 12:58:38",assigned
2673,891,"2026-06-13 02:33:12",resolved
2674,892,"2026-05-12 04:58:00",created
2675,892,"2026-05-12 05:54:10",assigned
2676,892,"2026-05-12 09:38:53",resolved
2677,893,"2026-05-01 01:56:00",created
2678,893,"2026-05-01 03:09:01",assigned
2679,893,"2026-05-01 08:01:09",resolved
2680,894,"2026-06-16 13:54:00",created
2681,894,"2026-06-16 16:23:06",assigned
2682,894,"2026-06-17 02:19:33",resolved
2683,895,"2026-06-09 23:52:00",created
2684,895,"2026-06-10 00:47:01",assigned
2685,895,"2026-06-10 04:27:06",resolved
2686,896,"2026-05-20 19:25:00",created
2687,896,"2026-05-20 23:11:43",assigned
2688,896,"2026-05-21 14:18:38",resolved
2689,897,"2026-05-12 16:50:00",created
2690,897,"2026-05-12 18:31:41",assigned
2691,897,"2026-05-13 01:18:27",resolved
2692,898,"2026-05-29 01:36:00",created
2693,898,"2026-05-29 03:40:30",assigned
2694,898,"2026-05-29 11:58:34",resolved
2695,899,"2026-05-25 19:09:00",created
2696,899,"2026-05-25 20:21:53",assigned
2697,899,"2026-05-26 01:13:28",resolved
2698,900,"2026-07-23 00:53:00",created
2699,900,"2026-07-23 02:14:58",assigned
2700,900,"2026-07-23 07:42:54",resolved
2701,901,"2026-05-28 02:10:00",created
2702,901,"2026-05-28 03:08:22",assigned
2703,901,"2026-05-28 07:01:53",resolved
2704,902,"2026-07-26 18:49:00",created
2705,902,"2026-07-26 20:19:18",assigned
2706,902,"2026-07-27 02:20:31",resolved
2707,903,"2026-05-25 06:36:00",created
2708,903,"2026-05-25 07:31:19",assigned
2709,903,"2026-05-25 11:12:35",resolved
2710,904,"2026-07-11 21:47:00",created
2711,904,"2026-07-12 02:09:17",assigned
2712,904,"2026-07-12 19:38:27",resolved
2713,905,"2026-06-25 21:10:00",created
2714,905,"2026-06-25 21:55:58",assigned
2715,905,"2026-06-26 00:59:54",resolved
2716,906,"2026-07-09 11:40:00",created
2717,906,"2026-07-09 12:58:38",assigned
2718,906,"2026-07-09 18:13:10",resolved
2719,907,"2026-05-10 05:52:00",created
2720,907,"2026-05-10 06:50:12",assigned
2721,907,"2026-05-10 10:43:04",resolved
2722,908,"2026-06-07 04:14:00",created
2723,908,"2026-06-07 05:33:44",assigned
2724,908,"2026-06-07 10:52:43",resolved
2725,909,"2026-05-30 07:04:00",created
2726,909,"2026-05-30 07:59:04",assigned
2727,909,"2026-05-30 11:39:23",resolved
2728,910,"2026-06-08 06:28:00",created
2729,910,"2026-06-08 08:01:54",assigned
2730,910,"2026-06-08 14:17:31",resolved
2731,911,"2026-07-24 03:09:00",created
2732,911,"2026-07-24 04:10:20",assigned
2733,911,"2026-07-24 08:15:44",resolved
2734,912,"2026-07-08 10:58:00",created
2735,912,"2026-07-08 12:37:05",assigned
2736,912,"2026-07-08 19:13:26",resolved
2737,913,"2026-05-09 11:39:00",created
2738,913,"2026-05-09 14:23:59",assigned
2739,913,"2026-05-10 01:23:56",resolved
2740,914,"2026-07-23 23:20:00",created
2741,914,"2026-07-24 00:58:48",assigned
2742,914,"2026-07-24 07:34:04",resolved
2743,915,"2026-06-30 10:29:00",created
2744,915,"2026-06-30 12:26:32",assigned
2745,915,"2026-06-30 20:16:40",resolved
2746,916,"2026-06-14 17:06:00",created
2747,916,"2026-06-14 17:33:06",assigned
2748,916,"2026-06-14 19:21:34",resolved
2749,917,"2026-05-29 15:26:00",created
2750,917,"2026-05-29 18:38:00",assigned
2751,917,"2026-05-30 07:26:01",resolved
2752,918,"2026-07-19 15:45:00",created
2753,918,"2026-07-19 22:36:36",assigned
2754,918,"2026-07-21 02:03:01",resolved
2755,919,"2026-06-23 04:44:00",created
2756,919,"2026-06-23 08:19:02",assigned
2757,919,"2026-06-23 22:39:14",resolved
2758,920,"2026-06-28 01:05:00",created
2759,920,"2026-06-28 02:15:43",assigned
2760,920,"2026-06-28 06:58:37",resolved
2761,921,"2026-05-31 06:13:00",created
2762,921,"2026-05-31 07:20:51",assigned
2763,921,"2026-05-31 11:52:16",resolved
2764,922,"2026-06-15 00:52:00",created
2765,922,"2026-06-15 01:26:47",assigned
2766,922,"2026-06-15 03:45:59",resolved
2767,923,"2026-07-28 04:39:00",created
2768,923,"2026-07-28 09:32:44",assigned
2769,923,"2026-07-29 05:07:44",resolved
2770,924,"2026-06-27 00:13:00",created
2771,924,"2026-06-27 02:12:18",assigned
2772,924,"2026-06-27 10:09:34",resolved
2773,925,"2026-05-21 09:15:00",created
2774,925,"2026-05-21 12:09:14",assigned
2775,925,"2026-05-21 23:46:11",resolved
2776,926,"2026-06-18 17:28:00",created
2777,926,"2026-06-18 18:20:46",assigned
2778,926,"2026-06-18 21:51:51",resolved
2779,927,"2026-06-10 20:48:00",created
2780,927,"2026-06-10 22:53:42",assigned
2781,927,"2026-06-11 07:16:34",resolved
2782,928,"2026-06-28 02:42:00",created
2783,928,"2026-06-28 04:27:19",assigned
2784,928,"2026-06-28 11:28:37",resolved
2785,929,"2026-07-19 01:10:00",created
2786,929,"2026-07-19 03:25:06",assigned
2787,929,"2026-07-19 12:25:31",resolved
2788,930,"2026-05-24 20:13:00",created
2789,930,"2026-05-24 21:22:06",assigned
2790,930,"2026-05-25 01:58:33",resolved
2791,931,"2026-05-05 17:37:00",created
2792,931,"2026-05-05 18:36:27",assigned
2793,931,"2026-05-05 22:34:16",resolved
2794,932,"2026-05-17 02:07:00",created
2795,932,"2026-05-17 02:45:36",assigned
2796,932,"2026-05-17 05:20:03",resolved
2797,933,"2026-07-23 19:12:00",created
2798,933,"2026-07-23 20:49:01",assigned
2799,933,"2026-07-24 03:17:08",resolved
2800,934,"2026-05-31 07:16:00",created
2801,934,"2026-05-31 08:37:57",assigned
2802,934,"2026-05-31 14:05:46",resolved
2803,935,"2026-06-03 09:01:00",created
2804,935,"2026-06-03 12:11:55",assigned
2805,935,"2026-06-04 00:55:35",resolved
2806,936,"2026-07-23 18:00:00",created
2807,936,"2026-07-23 21:16:19",assigned
2808,936,"2026-07-24 10:21:36",resolved
2809,937,"2026-05-29 07:29:00",created
2810,937,"2026-05-29 10:34:34",assigned
2811,937,"2026-05-29 22:56:53",resolved
2812,938,"2026-05-23 20:10:00",created
2813,938,"2026-05-23 21:17:31",assigned
2814,938,"2026-05-24 01:47:36",resolved
2815,939,"2026-06-03 14:08:00",created
2816,939,"2026-06-03 15:24:46",assigned
2817,939,"2026-06-03 20:31:52",resolved
2818,940,"2026-07-13 22:49:00",created
2819,940,"2026-07-14 00:16:27",assigned
2820,940,"2026-07-14 06:06:18",resolved
2821,941,"2026-06-23 08:25:00",created
2822,941,"2026-06-23 11:13:09",assigned
2823,941,"2026-06-23 22:25:47",resolved
2824,942,"2026-07-26 16:50:00",created
2825,942,"2026-07-26 19:59:10",assigned
2826,942,"2026-07-27 08:35:52",resolved
2827,943,"2026-05-12 19:18:00",created
2828,943,"2026-05-12 20:55:22",assigned
2829,943,"2026-05-13 03:24:54",resolved
2830,944,"2026-07-11 12:25:00",created
2831,944,"2026-07-11 18:04:31",assigned
2832,944,"2026-07-12 16:42:36",resolved
2833,945,"2026-07-18 18:38:00",created
2834,945,"2026-07-18 19:29:59",assigned
2835,945,"2026-07-18 22:57:57",resolved
2836,946,"2026-05-12 21:43:00",created
2837,946,"2026-05-13 00:17:04",assigned
2838,946,"2026-05-13 10:33:21",resolved
2839,947,"2026-07-03 18:35:00",created
2840,947,"2026-07-03 19:43:11",assigned
2841,947,"2026-07-04 00:15:55",resolved
2842,948,"2026-05-13 04:02:00",created
2843,948,"2026-05-13 06:39:55",assigned
2844,948,"2026-05-13 17:11:39",resolved
2845,949,"2026-07-26 03:07:00",created
2846,949,"2026-07-26 04:07:06",assigned
2847,949,"2026-07-26 08:07:32",resolved
2848,950,"2026-06-02 13:11:00",created
2849,950,"2026-06-02 16:29:05",assigned
2850,950,"2026-06-03 05:41:29",resolved
2851,951,"2026-05-17 05:50:00",created
2852,951,"2026-05-17 06:53:02",assigned
2853,951,"2026-05-17 11:05:13",resolved
2854,952,"2026-05-31 07:35:00",created
2855,952,"2026-05-31 08:40:13",assigned
2856,952,"2026-05-31 13:01:06",resolved
2857,953,"2026-05-09 00:05:00",created
2858,953,"2026-05-09 02:02:12",assigned
2859,953,"2026-05-09 09:51:02",resolved
2860,954,"2026-05-05 11:22:00",created
2861,954,"2026-05-05 18:15:38",assigned
2862,954,"2026-05-06 21:50:11",resolved
2863,955,"2026-06-15 09:30:00",created
2864,955,"2026-06-15 10:00:56",assigned
2865,955,"2026-06-15 12:04:42",resolved
2866,956,"2026-05-07 06:13:00",created
2867,956,"2026-05-07 08:01:54",assigned
2868,956,"2026-05-07 15:17:34",resolved
2869,957,"2026-07-18 12:29:00",created
2870,957,"2026-07-18 13:09:15",assigned
2871,957,"2026-07-18 15:50:18",resolved
2872,958,"2026-05-22 14:54:00",created
2873,958,"2026-05-22 15:59:30",assigned
2874,958,"2026-05-22 20:21:31",resolved
2875,959,"2026-06-18 05:25:00",created
2876,959,"2026-06-18 06:55:15",assigned
2877,959,"2026-06-18 12:56:15",resolved
2878,960,"2026-05-23 16:51:00",created
2879,960,"2026-05-23 17:30:27",assigned
2880,960,"2026-05-23 20:08:15",resolved
2881,961,"2026-07-17 13:35:00",created
2882,961,"2026-07-17 14:57:46",assigned
2883,961,"2026-07-17 20:28:51",resolved
2884,962,"2026-07-29 00:00:00",created
2885,962,"2026-07-29 00:50:04",assigned
2886,962,"2026-07-29 04:10:21",resolved
2887,963,"2026-05-29 10:03:00",created
2888,963,"2026-05-29 13:53:47",assigned
2889,963,"2026-05-30 05:16:55",resolved
2890,964,"2026-06-20 16:08:00",created
2891,964,"2026-06-20 17:05:44",assigned
2892,964,"2026-06-20 20:56:44",resolved
2893,965,"2026-06-14 04:51:00",created
2894,965,"2026-06-14 07:19:19",assigned
2895,965,"2026-06-14 17:12:35",resolved
2896,966,"2026-07-15 00:12:00",created
2897,966,"2026-07-15 01:13:41",assigned
2898,966,"2026-07-15 05:20:28",resolved
2899,967,"2026-06-14 09:37:00",created
2900,967,"2026-06-14 13:15:52",assigned
2901,967,"2026-06-15 03:51:20",resolved
2902,968,"2026-07-29 03:36:00",created
2903,968,"2026-07-29 07:33:35",assigned
2904,968,"2026-07-29 23:23:55",resolved
2905,969,"2026-07-19 18:13:00",created
2906,969,"2026-07-19 19:34:13",assigned
2907,969,"2026-07-20 00:59:09",resolved
2908,970,"2026-06-02 02:22:00",created
2909,970,"2026-06-02 06:16:55",assigned
2910,970,"2026-06-02 21:56:38",resolved
2911,971,"2026-06-16 09:33:00",created
2912,971,"2026-06-16 11:53:19",assigned
2913,971,"2026-06-16 21:14:37",resolved
2914,972,"2026-07-18 05:26:00",created
2915,972,"2026-07-18 08:44:47",assigned
2916,972,"2026-07-18 21:59:56",resolved
2917,973,"2026-05-10 20:18:00",created
2918,973,"2026-05-10 21:31:53",assigned
2919,973,"2026-05-11 02:27:27",resolved
2920,974,"2026-06-18 09:08:00",created
2921,974,"2026-06-18 09:57:19",assigned
2922,974,"2026-06-18 13:14:38",resolved
2923,975,"2026-06-11 02:29:00",created
2924,975,"2026-06-11 03:19:30",assigned
2925,975,"2026-06-11 06:41:33",resolved
2926,976,"2026-06-18 06:23:00",created
2927,976,"2026-06-18 08:43:28",assigned
2928,976,"2026-06-18 18:05:20",resolved
2929,977,"2026-07-22 03:55:00",created
2930,977,"2026-07-22 04:34:34",assigned
2931,977,"2026-07-22 07:12:53",resolved
2932,978,"2026-06-04 02:34:00",created
2933,978,"2026-06-04 04:14:10",assigned
2934,978,"2026-06-04 10:54:52",resolved
2935,979,"2026-06-02 06:00:00",created
2936,979,"2026-06-02 07:37:01",assigned
2937,979,"2026-06-02 14:05:07",resolved
2938,980,"2026-07-18 22:54:00",created
2939,980,"2026-07-18 23:35:49",assigned
2940,980,"2026-07-19 02:23:05",resolved
2941,981,"2026-06-11 20:45:00",created
2942,981,"2026-06-11 22:24:03",assigned
2943,981,"2026-06-12 05:00:17",resolved
2944,982,"2026-07-13 16:58:00",created
2945,982,"2026-07-13 19:10:55",assigned
2946,982,"2026-07-14 04:02:36",resolved
2947,983,"2026-06-22 12:13:00",created
2948,983,"2026-06-22 13:58:38",assigned
2949,983,"2026-06-22 21:01:14",resolved
2950,984,"2026-05-20 12:26:00",created
2951,984,"2026-05-20 13:22:25",assigned
2952,984,"2026-05-20 17:08:06",resolved
2953,985,"2026-07-02 18:53:00",created
2954,985,"2026-07-02 21:09:40",assigned
2955,985,"2026-07-03 06:16:21",resolved
2956,986,"2026-06-19 20:15:00",created
2957,986,"2026-06-19 20:45:22",assigned
2958,986,"2026-06-19 22:46:53",resolved
2959,987,"2026-07-11 03:12:00",created
2960,987,"2026-07-11 04:47:28",assigned
2961,987,"2026-07-11 11:09:23",resolved
2962,988,"2026-06-09 20:39:00",created
2963,988,"2026-06-09 21:30:20",assigned
2964,988,"2026-06-10 00:55:41",resolved
2965,989,"2026-07-18 16:27:00",created
2966,989,"2026-07-18 18:13:47",assigned
2967,989,"2026-07-19 01:20:56",resolved
2968,990,"2026-06-05 10:18:00",created
2969,990,"2026-06-05 11:16:45",assigned
2970,990,"2026-06-05 15:11:47",resolved
2971,991,"2026-05-09 10:30:00",created
2972,991,"2026-05-09 12:51:17",assigned
2973,991,"2026-05-09 22:16:27",resolved
2974,992,"2026-06-14 01:09:00",created
2975,992,"2026-06-14 02:06:23",assigned
2976,992,"2026-06-14 05:55:59",resolved
2977,993,"2026-06-27 09:49:00",created
2978,993,"2026-06-27 11:00:11",assigned
2979,993,"2026-06-27 15:44:57",resolved
2980,994,"2026-05-10 18:09:00",created
2981,994,"2026-05-10 20:08:36",assigned
2982,994,"2026-05-11 04:07:03",resolved
2983,995,"2026-06-18 05:21:00",created
2984,995,"2026-06-18 09:05:58",assigned
2985,995,"2026-06-19 00:05:52",resolved
2986,996,"2026-05-02 03:04:00",created
2987,996,"2026-05-02 05:09:54",assigned
2988,996,"2026-05-02 13:33:33",resolved
2989,997,"2026-05-26 01:18:00",created
2990,997,"2026-05-26 02:09:52",assigned
2991,997,"2026-05-26 05:37:22",resolved
2992,998,"2026-07-24 11:09:00",created
2993,998,"2026-07-24 12:28:37",assigned
2994,998,"2026-07-24 17:47:07",resolved
2995,999,"2026-06-08 11:17:00",created
2996,999,"2026-06-08 12:39:41",assigned
2997,999,"2026-06-08 18:10:28",resolved
2998,1000,"2026-06-16 05:53:00",created
2999,1000,"2026-06-16 07:37:58",assigned
3000,1000,"2026-06-16 14:37:50",resolved
3001,1001,"2026-06-23 04:23:00",created
3002,1001,"2026-06-23 07:48:00",assigned
3003,1001,"2026-06-23 21:28:00",resolved
3004,1002,"2026-07-18 06:59:00",created
3005,1002,"2026-07-18 08:35:45",assigned
3006,1002,"2026-07-18 15:02:47",resolved
3007,1003,"2026-07-04 15:20:00",created
3008,1003,"2026-07-04 17:27:11",assigned
3009,1003,"2026-07-05 01:55:55",resolved
3010,1004,"2026-05-09 02:01:00",created
3011,1004,"2026-05-09 03:08:35",assigned
3012,1004,"2026-05-09 07:38:59",resolved
3013,1005,"2026-07-28 14:10:00",created
3014,1005,"2026-07-28 19:36:07",assigned
3015,1005,"2026-07-29 17:20:37",resolved
3016,1006,"2026-07-01 09:39:00",created
3017,1006,"2026-07-01 09:51:44",assigned
3018,1006,"2026-07-01 10:42:43",resolved
3019,1007,"2026-05-02 13:09:00",created
3020,1007,"2026-05-02 15:06:20",assigned
3021,1007,"2026-05-02 22:55:40",resolved
3022,1008,"2026-07-11 07:41:00",created
3023,1008,"2026-07-11 08:51:37",assigned
3024,1008,"2026-07-11 13:34:09",resolved
3025,1009,"2026-05-11 03:10:00",created
3026,1009,"2026-05-11 06:19:17",assigned
3027,1009,"2026-05-11 18:56:25",resolved
3028,1010,"2026-06-12 02:55:00",created
3029,1010,"2026-06-12 04:10:38",assigned
3030,1010,"2026-06-12 09:13:11",resolved
3031,1011,"2026-06-28 11:40:00",created
3032,1011,"2026-06-28 14:44:06",assigned
3033,1011,"2026-06-29 03:00:31",resolved
3034,1012,"2026-06-20 06:05:00",created
3035,1012,"2026-06-20 07:30:18",assigned
3036,1012,"2026-06-20 13:11:32",resolved
3037,1013,"2026-05-03 08:27:00",created
3038,1013,"2026-05-03 09:26:46",assigned
3039,1013,"2026-05-03 13:25:54",resolved
3040,1014,"2026-05-28 00:43:00",created
3041,1014,"2026-05-28 04:09:10",assigned
3042,1014,"2026-05-28 17:53:54",resolved
3043,1015,"2026-05-13 22:47:00",created
3044,1015,"2026-05-14 02:24:43",assigned
3045,1015,"2026-05-14 16:55:38",resolved
3046,1016,"2026-05-03 01:59:00",created
3047,1016,"2026-05-03 02:50:17",assigned
3048,1016,"2026-05-03 06:15:25",resolved
3049,1017,"2026-05-28 07:13:00",created
3050,1017,"2026-05-28 08:29:47",assigned
3051,1017,"2026-05-28 13:36:56",resolved
3052,1018,"2026-07-15 06:51:00",created
3053,1018,"2026-07-15 08:55:08",assigned
3054,1018,"2026-07-15 17:11:42",resolved
3055,1019,"2026-06-28 21:24:00",created
3056,1019,"2026-06-28 21:53:24",assigned
3057,1019,"2026-06-28 23:51:01",resolved
3058,1020,"2026-07-11 17:26:00",created
3059,1020,"2026-07-11 20:12:51",assigned
3060,1020,"2026-07-12 07:20:19",resolved
3061,1021,"2026-06-21 20:39:00",created
3062,1021,"2026-06-21 21:56:30",assigned
3063,1021,"2026-06-22 03:06:31",resolved
3064,1022,"2026-06-03 15:39:00",created
3065,1022,"2026-06-03 17:13:07",assigned
3066,1022,"2026-06-03 23:29:36",resolved
3067,1023,"2026-06-23 10:15:00",created
3068,1023,"2026-06-23 11:11:59",assigned
3069,1023,"2026-06-23 14:59:56",resolved
3070,1024,"2026-07-11 04:40:00",created
3071,1024,"2026-07-11 06:36:16",assigned
3072,1024,"2026-07-11 14:21:21",resolved
3073,1025,"2026-07-24 15:52:00",created
3074,1025,"2026-07-24 17:23:31",assigned
3075,1025,"2026-07-24 23:29:35",resolved
3076,1026,"2026-07-27 14:12:00",created
3077,1026,"2026-07-27 17:01:43",assigned
3078,1026,"2026-07-28 04:20:38",resolved
3079,1027,"2026-07-25 21:59:00",created
3080,1027,"2026-07-26 00:13:07",assigned
3081,1027,"2026-07-26 09:09:37",resolved
3082,1028,"2026-07-09 22:36:00",created
3083,1028,"2026-07-09 23:23:53",assigned
3084,1028,"2026-07-10 02:35:26",resolved
3085,1029,"2026-07-18 10:12:00",created
3086,1029,"2026-07-18 13:17:08",assigned
3087,1029,"2026-07-19 01:37:43",resolved
3088,1030,"2026-05-12 06:06:00",created
3089,1030,"2026-05-12 07:15:29",assigned
3090,1030,"2026-05-12 11:53:28",resolved
3091,1031,"2026-05-23 05:49:00",created
3092,1031,"2026-05-23 07:43:14",assigned
3093,1031,"2026-05-23 15:20:14",resolved
3094,1032,"2026-06-08 15:33:00",created
3095,1032,"2026-06-08 17:44:05",assigned
3096,1032,"2026-06-09 02:28:27",resolved
3097,1033,"2026-06-20 05:14:00",created
3098,1033,"2026-06-20 06:18:10",assigned
3099,1033,"2026-06-20 10:34:50",resolved
3100,1034,"2026-05-24 08:54:00",created
3101,1034,"2026-05-24 10:47:09",assigned
3102,1034,"2026-05-24 18:19:48",resolved
3103,1035,"2026-07-27 20:55:00",created
3104,1035,"2026-07-27 23:47:39",assigned
3105,1035,"2026-07-28 11:18:15",resolved
3106,1036,"2026-07-18 08:00:00",created
3107,1036,"2026-07-18 09:31:53",assigned
3108,1036,"2026-07-18 15:39:25",resolved
3109,1037,"2026-07-18 08:36:00",created
3110,1037,"2026-07-18 10:20:34",assigned
3111,1037,"2026-07-18 17:18:52",resolved
3112,1038,"2026-05-20 05:58:00",created
3113,1038,"2026-05-20 06:45:18",assigned
3114,1038,"2026-05-20 09:54:33",resolved
3115,1039,"2026-05-04 10:14:00",created
3116,1039,"2026-05-04 13:26:26",assigned
3117,1039,"2026-05-05 02:16:11",resolved
3118,1040,"2026-06-07 02:01:00",created
3119,1040,"2026-06-07 03:43:42",assigned
3120,1040,"2026-06-07 10:34:34",resolved
3121,1041,"2026-07-18 05:40:00",created
3122,1041,"2026-07-18 06:55:48",assigned
3123,1041,"2026-07-18 11:59:02",resolved
3124,1042,"2026-06-03 21:52:00",created
3125,1042,"2026-06-03 23:16:34",assigned
3126,1042,"2026-06-04 04:54:51",resolved
3127,1043,"2026-06-22 13:31:00",created
3128,1043,"2026-06-22 17:31:00",assigned
3129,1043,"2026-06-23 09:31:04",resolved
3130,1044,"2026-05-07 15:18:00",created
3131,1044,"2026-05-07 17:31:43",assigned
3132,1044,"2026-05-08 02:26:35",resolved
3133,1045,"2026-06-17 03:31:00",created
3134,1045,"2026-06-17 04:32:08",assigned
3135,1045,"2026-06-17 08:36:40",resolved
3136,1046,"2026-07-14 11:16:00",created
3137,1046,"2026-07-14 12:12:52",assigned
3138,1046,"2026-07-14 16:00:23",resolved
3139,1047,"2026-05-08 16:36:00",created
3140,1047,"2026-05-08 17:44:37",assigned
3141,1047,"2026-05-08 22:19:09",resolved
3142,1048,"2026-06-09 10:12:00",created
3143,1048,"2026-06-09 14:34:36",assigned
3144,1048,"2026-06-10 08:05:00",resolved
3145,1049,"2026-07-14 14:28:00",created
3146,1049,"2026-07-14 15:23:27",assigned
3147,1049,"2026-07-14 19:05:17",resolved
3148,1050,"2026-06-07 12:55:00",created
3149,1050,"2026-06-07 13:59:39",assigned
3150,1050,"2026-06-07 18:18:17",resolved
3151,1051,"2026-07-28 18:09:00",created
3152,1051,"2026-07-28 18:46:11",assigned
3153,1051,"2026-07-28 21:14:56",resolved
3154,1052,"2026-05-17 02:52:00",created
3155,1052,"2026-05-17 03:18:55",assigned
3156,1052,"2026-05-17 05:06:39",resolved
3157,1053,"2026-06-26 10:22:00",created
3158,1053,"2026-06-26 13:33:15",assigned
3159,1053,"2026-06-27 02:18:15",resolved
3160,1054,"2026-05-03 00:11:00",created
3161,1054,"2026-05-03 01:29:15",assigned
3162,1054,"2026-05-03 06:42:17",resolved
3163,1055,"2026-07-17 15:38:00",created
3164,1055,"2026-07-17 18:00:17",assigned
3165,1055,"2026-07-18 03:29:29",resolved
3166,1056,"2026-07-01 03:45:00",created
3167,1056,"2026-07-01 06:24:36",assigned
3168,1056,"2026-07-01 17:03:03",resolved
3169,1057,"2026-06-29 12:26:00",created
3170,1057,"2026-06-29 14:22:50",assigned
3171,1057,"2026-06-29 22:10:10",resolved
3172,1058,"2026-07-16 04:32:00",created
3173,1058,"2026-07-16 05:22:41",assigned
3174,1058,"2026-07-16 08:45:26",resolved
3175,1059,"2026-05-07 01:31:00",created
3176,1059,"2026-05-07 03:26:49",assigned
3177,1059,"2026-05-07 11:10:05",resolved
3178,1060,"2026-05-11 09:09:00",created
3179,1060,"2026-05-11 10:31:46",assigned
3180,1060,"2026-05-11 16:02:53",resolved
3181,1061,"2026-05-31 12:07:00",created
3182,1061,"2026-05-31 13:41:13",assigned
3183,1061,"2026-05-31 19:58:05",resolved
3184,1062,"2026-05-05 15:47:00",created
3185,1062,"2026-05-05 17:11:16",assigned
3186,1062,"2026-05-05 22:48:24",resolved
3187,1063,"2026-06-03 18:52:00",created
3188,1063,"2026-06-03 20:27:24",assigned
3189,1063,"2026-06-04 02:49:01",resolved
3190,1064,"2026-06-25 13:12:00",created
3191,1064,"2026-06-25 19:29:22",assigned
3192,1064,"2026-06-26 20:38:51",resolved
3193,1065,"2026-06-30 20:35:00",created
3194,1065,"2026-06-30 22:32:23",assigned
3195,1065,"2026-07-01 06:21:55",resolved
3196,1066,"2026-06-11 23:14:00",created
3197,1066,"2026-06-12 00:13:18",assigned
3198,1066,"2026-06-12 04:10:32",resolved
3199,1067,"2026-07-23 20:24:00",created
3200,1067,"2026-07-23 21:43:26",assigned
3201,1067,"2026-07-24 03:01:12",resolved
3202,1068,"2026-07-09 04:18:00",created
3203,1068,"2026-07-09 09:41:14",assigned
3204,1068,"2026-07-10 07:14:10",resolved
3205,1069,"2026-07-04 18:15:00",created
3206,1069,"2026-07-04 21:08:30",assigned
3207,1069,"2026-07-05 08:42:30",resolved
3208,1070,"2026-06-15 07:42:00",created
3209,1070,"2026-06-15 09:48:43",assigned
3210,1070,"2026-06-15 18:15:35",resolved
3211,1071,"2026-06-28 17:26:00",created
3212,1071,"2026-06-28 18:45:55",assigned
3213,1071,"2026-06-29 00:05:36",resolved
3214,1072,"2026-07-20 04:31:00",created
3215,1072,"2026-07-20 05:22:00",assigned
3216,1072,"2026-07-20 08:46:02",resolved
3217,1073,"2026-07-10 16:39:00",created
3218,1073,"2026-07-10 18:56:43",assigned
3219,1073,"2026-07-11 04:07:38",resolved
3220,1074,"2026-05-02 00:48:00",created
3221,1074,"2026-05-02 02:33:10",assigned
3222,1074,"2026-05-02 09:33:52",resolved
3223,1075,"2026-06-13 02:49:00",created
3224,1075,"2026-06-13 04:49:19",assigned
3225,1075,"2026-06-13 12:50:36",resolved
3226,1076,"2026-07-19 07:27:00",created
3227,1076,"2026-07-19 08:28:13",assigned
3228,1076,"2026-07-19 12:33:08",resolved
3229,1077,"2026-05-22 17:48:00",created
3230,1077,"2026-05-22 20:12:10",assigned
3231,1077,"2026-05-23 05:48:50",resolved
3232,1078,"2026-07-17 00:50:00",created
3233,1078,"2026-07-17 02:34:07",assigned
3234,1078,"2026-07-17 09:30:39",resolved
3235,1079,"2026-06-14 10:41:00",created
3236,1079,"2026-06-14 12:12:45",assigned
3237,1079,"2026-06-14 18:19:46",resolved
3238,1080,"2026-05-02 15:18:00",created
3239,1080,"2026-05-02 18:15:54",assigned
3240,1080,"2026-05-03 06:07:32",resolved
3241,1081,"2026-07-01 08:28:00",created
3242,1081,"2026-07-01 10:01:44",assigned
3243,1081,"2026-07-01 16:16:43",resolved
3244,1082,"2026-06-08 22:23:00",created
3245,1082,"2026-06-08 23:32:57",assigned
3246,1082,"2026-06-09 04:12:49",resolved
3247,1083,"2026-05-12 14:41:00",created
3248,1083,"2026-05-12 16:23:03",assigned
3249,1083,"2026-05-12 23:11:16",resolved
3250,1084,"2026-06-20 05:01:00",created
3251,1084,"2026-06-20 06:58:23",assigned
3252,1084,"2026-06-20 14:47:58",resolved
3253,1085,"2026-06-06 09:37:00",created
3254,1085,"2026-06-06 12:45:44",assigned
3255,1085,"2026-06-07 01:20:41",resolved
3256,1086,"2026-05-29 15:47:00",created
3257,1086,"2026-05-29 16:33:31",assigned
3258,1086,"2026-05-29 19:39:38",resolved
3259,1087,"2026-05-25 01:24:00",created
3260,1087,"2026-05-25 03:19:55",assigned
3261,1087,"2026-05-25 11:03:37",resolved
3262,1088,"2026-07-27 01:27:00",created
3263,1088,"2026-07-27 02:15:40",assigned
3264,1088,"2026-07-27 05:30:20",resolved
3265,1089,"2026-05-30 18:35:00",created
3266,1089,"2026-05-30 21:04:37",assigned
3267,1089,"2026-05-31 07:03:08",resolved
3268,1090,"2026-07-14 01:20:00",created
3269,1090,"2026-07-14 03:10:49",assigned
3270,1090,"2026-07-14 10:34:09",resolved
3271,1091,"2026-07-03 17:02:00",created
3272,1091,"2026-07-03 18:00:49",assigned
3273,1091,"2026-07-03 21:56:08",resolved
3274,1092,"2026-05-16 07:45:00",created
3275,1092,"2026-05-16 08:58:58",assigned
3276,1092,"2026-05-16 13:54:53",resolved
3277,1093,"2026-05-17 13:10:00",created
3278,1093,"2026-05-17 14:46:33",assigned
3279,1093,"2026-05-17 21:12:46",resolved
3280,1094,"2026-05-07 17:55:00",created
3281,1094,"2026-05-07 18:56:45",assigned
3282,1094,"2026-05-07 23:03:49",resolved
3283,1095,"2026-07-25 02:06:00",created
3284,1095,"2026-07-25 03:12:46",assigned
3285,1095,"2026-07-25 07:39:50",resolved
3286,1096,"2026-07-05 06:49:00",created
3287,1096,"2026-07-05 08:45:20",assigned
3288,1096,"2026-07-05 16:30:43",resolved
3289,1097,"2026-06-27 22:08:00",created
3290,1097,"2026-06-27 23:49:07",assigned
3291,1097,"2026-06-28 06:33:35",resolved
3292,1098,"2026-05-11 03:35:00",created
3293,1098,"2026-05-11 04:24:15",assigned
3294,1098,"2026-05-11 07:41:19",resolved
3295,1099,"2026-05-04 10:43:00",created
3296,1099,"2026-05-04 12:09:59",assigned
3297,1099,"2026-05-04 17:57:59",resolved
3298,1100,"2026-07-12 12:50:00",created
3299,1100,"2026-07-12 16:42:14",assigned
3300,1100,"2026-07-13 08:11:12",resolved
3301,1101,"2026-07-21 06:46:00",created
3302,1101,"2026-07-21 10:59:22",assigned
3303,1101,"2026-07-22 03:52:54",resolved
3304,1102,"2026-07-07 04:33:00",created
3305,1102,"2026-07-07 05:58:46",assigned
3306,1102,"2026-07-07 11:41:52",resolved
3307,1103,"2026-06-04 08:23:00",created
3308,1103,"2026-06-04 11:36:30",assigned
3309,1103,"2026-06-05 00:30:31",resolved
3310,1104,"2026-05-12 00:41:00",created
3311,1104,"2026-05-12 02:01:37",assigned
3312,1104,"2026-05-12 07:24:06",resolved
3313,1105,"2026-05-19 13:07:00",created
3314,1105,"2026-05-19 15:04:07",assigned
3315,1105,"2026-05-19 22:52:37",resolved
3316,1106,"2026-06-25 13:14:00",created
3317,1106,"2026-06-25 14:38:20",assigned
3318,1106,"2026-06-25 20:15:43",resolved
3319,1107,"2026-06-19 17:49:00",created
3320,1107,"2026-06-19 19:37:50",assigned
3321,1107,"2026-06-20 02:53:11",resolved
3322,1108,"2026-05-27 03:10:00",created
3323,1108,"2026-05-27 04:34:39",assigned
3324,1108,"2026-05-27 10:13:17",resolved
3325,1109,"2026-05-17 09:58:00",created
3326,1109,"2026-05-17 14:20:04",assigned
3327,1109,"2026-05-18 07:48:24",resolved
3328,1110,"2026-07-07 07:46:00",created
3329,1110,"2026-07-07 10:12:47",assigned
3330,1110,"2026-07-07 19:59:58",resolved
3331,1111,"2026-05-21 09:01:00",created
3332,1111,"2026-05-21 10:41:39",assigned
3333,1111,"2026-05-21 17:24:18",resolved
3334,1112,"2026-05-26 18:41:00",created
3335,1112,"2026-05-26 21:50:33",assigned
3336,1112,"2026-05-27 10:28:48",resolved
3337,1113,"2026-07-29 11:19:00",created
3338,1113,"2026-07-29 21:47:56",assigned
3339,1113,"2026-07-31 15:43:44",resolved
3340,1114,"2026-05-16 21:35:00",created
3341,1114,"2026-05-17 00:58:23",assigned
3342,1114,"2026-05-17 14:31:58",resolved
3343,1115,"2026-06-19 09:58:00",created
3344,1115,"2026-06-19 10:50:01",assigned
3345,1115,"2026-06-19 14:18:08",resolved
3346,1116,"2026-06-26 10:44:00",created
3347,1116,"2026-06-26 14:39:18",assigned
3348,1116,"2026-06-27 06:20:32",resolved
3349,1117,"2026-06-16 04:14:00",created
3350,1117,"2026-06-16 06:38:13",assigned
3351,1117,"2026-06-16 16:15:06",resolved
3352,1118,"2026-07-03 11:25:00",created
3353,1118,"2026-07-03 13:30:20",assigned
3354,1118,"2026-07-03 21:51:42",resolved
3355,1119,"2026-05-06 07:08:00",created
3356,1119,"2026-05-06 08:13:20",assigned
3357,1119,"2026-05-06 12:34:42",resolved
3358,1120,"2026-06-06 15:57:00",created
3359,1120,"2026-06-06 16:36:46",assigned
3360,1120,"2026-06-06 19:15:52",resolved
3361,1121,"2026-05-14 10:12:00",created
3362,1121,"2026-05-14 11:39:44",assigned
3363,1121,"2026-05-14 17:30:40",resolved
3364,1122,"2026-05-04 19:17:00",created
3365,1122,"2026-05-04 22:49:00",assigned
3366,1122,"2026-05-05 12:57:04",resolved
3367,1123,"2026-06-19 12:09:00",created
3368,1123,"2026-06-19 13:40:24",assigned
3369,1123,"2026-06-19 19:46:02",resolved
3370,1124,"2026-06-30 07:05:00",created
3371,1124,"2026-06-30 12:43:40",assigned
3372,1124,"2026-07-01 11:18:22",resolved
3373,1125,"2026-05-02 09:57:00",created
3374,1125,"2026-05-02 11:26:25",assigned
3375,1125,"2026-05-02 17:24:09",resolved
3376,1126,"2026-05-31 14:10:00",created
3377,1126,"2026-05-31 16:36:39",assigned
3378,1126,"2026-06-01 02:23:19",resolved
3379,1127,"2026-05-05 19:34:00",created
3380,1127,"2026-05-05 21:50:44",assigned
3381,1127,"2026-05-06 06:57:43",resolved
3382,1128,"2026-05-16 16:50:00",created
3383,1128,"2026-05-16 17:31:56",assigned
3384,1128,"2026-05-16 20:19:40",resolved
3385,1129,"2026-06-22 09:01:00",created
3386,1129,"2026-06-22 12:33:06",assigned
3387,1129,"2026-06-23 02:41:32",resolved
3388,1130,"2026-06-28 21:40:00",created
3389,1130,"2026-06-29 00:08:48",assigned
3390,1130,"2026-06-29 10:04:02",resolved
3391,1131,"2026-05-14 15:18:00",created
3392,1131,"2026-05-14 16:23:03",assigned
3393,1131,"2026-05-14 20:43:19",resolved
3394,1132,"2026-07-11 18:55:00",created
3395,1132,"2026-07-11 19:29:38",assigned
3396,1132,"2026-07-11 21:48:11",resolved
3397,1133,"2026-06-17 19:23:00",created
3398,1133,"2026-06-17 21:27:32",assigned
3399,1133,"2026-06-18 05:45:43",resolved
3400,1134,"2026-07-04 15:21:00",created
3401,1134,"2026-07-04 17:46:08",assigned
3402,1134,"2026-07-05 03:26:43",resolved
3403,1135,"2026-06-25 22:57:00",created
3404,1135,"2026-06-26 00:23:08",assigned
3405,1135,"2026-06-26 06:07:40",resolved
3406,1136,"2026-07-17 22:43:00",created
3407,1136,"2026-07-18 02:25:51",assigned
3408,1136,"2026-07-18 17:17:16",resolved
3409,1137,"2026-06-10 17:45:00",created
3410,1137,"2026-06-10 18:21:47",assigned
3411,1137,"2026-06-10 20:48:58",resolved
3412,1138,"2026-07-15 05:20:00",created
3413,1138,"2026-07-15 08:23:02",assigned
3414,1138,"2026-07-15 20:35:13",resolved
3415,1139,"2026-05-04 00:25:00",created
3416,1139,"2026-05-04 01:46:55",assigned
3417,1139,"2026-05-04 07:14:35",resolved
3418,1140,"2026-06-06 01:09:00",created
3419,1140,"2026-06-06 05:31:15",assigned
3420,1140,"2026-06-06 23:00:16",resolved
3421,1141,"2026-05-27 02:52:00",created
3422,1141,"2026-05-27 03:54:49",assigned
3423,1141,"2026-05-27 08:06:09",resolved
3424,1142,"2026-05-21 23:57:00",created
3425,1142,"2026-05-22 01:52:43",assigned
3426,1142,"2026-05-22 09:35:38",resolved
3427,1143,"2026-06-19 20:12:00",created
3428,1143,"2026-06-19 20:38:02",assigned
3429,1143,"2026-06-19 22:22:14",resolved
3430,1144,"2026-07-01 05:22:00",created
3431,1144,"2026-07-01 06:51:51",assigned
3432,1144,"2026-07-01 12:51:17",resolved
3433,1145,"2026-07-22 23:52:00",created
3434,1145,"2026-07-23 00:52:10",assigned
3435,1145,"2026-07-23 04:52:54",resolved
3436,1146,"2026-05-08 23:13:00",created
3437,1146,"2026-05-09 03:17:25",assigned
3438,1146,"2026-05-09 19:35:06",resolved
3439,1147,"2026-07-18 03:28:00",created
3440,1147,"2026-07-18 05:02:01",assigned
3441,1147,"2026-07-18 11:18:07",resolved
3442,1148,"2026-06-02 10:08:00",created
3443,1148,"2026-06-02 13:06:22",assigned
3444,1148,"2026-06-03 00:59:53",resolved
3445,1149,"2026-05-02 12:30:00",created
3446,1149,"2026-05-02 12:59:45",assigned
3447,1149,"2026-05-02 14:58:49",resolved
3448,1150,"2026-07-26 04:46:00",created
3449,1150,"2026-07-26 06:55:24",assigned
3450,1150,"2026-07-26 15:33:00",resolved
3451,1151,"2026-07-11 05:43:00",created
3452,1151,"2026-07-11 06:48:54",assigned
3453,1151,"2026-07-11 11:12:33",resolved
3454,1152,"2026-05-14 12:21:00",created
3455,1152,"2026-05-14 13:35:51",assigned
3456,1152,"2026-05-14 18:35:16",resolved
3457,1153,"2026-06-01 09:57:00",created
3458,1153,"2026-06-01 12:26:41",assigned
3459,1153,"2026-06-01 22:25:29",resolved
3460,1154,"2026-05-09 21:46:00",created
3461,1154,"2026-05-10 00:04:13",assigned
3462,1154,"2026-05-10 09:17:05",resolved
3463,1155,"2026-06-26 01:00:00",created
3464,1155,"2026-06-26 03:20:20",assigned
3465,1155,"2026-06-26 12:41:44",resolved
3466,1156,"2026-06-26 22:15:00",created
3467,1156,"2026-06-26 22:59:07",assigned
3468,1156,"2026-06-27 01:55:38",resolved
3469,1157,"2026-06-03 00:32:00",created
3470,1157,"2026-06-03 04:31:17",assigned
3471,1157,"2026-06-03 20:28:29",resolved
3472,1158,"2026-06-25 11:55:00",created
3473,1158,"2026-06-25 13:07:16",assigned
3474,1158,"2026-06-25 17:56:20",resolved
3475,1159,"2026-05-26 07:32:00",created
3476,1159,"2026-05-26 12:28:25",assigned
3477,1159,"2026-05-27 08:14:07",resolved
3478,1160,"2026-06-30 02:57:00",created
3479,1160,"2026-06-30 06:19:32",assigned
3480,1160,"2026-06-30 19:49:43",resolved
3481,1161,"2026-05-27 03:16:00",created
3482,1161,"2026-05-27 04:11:57",assigned
3483,1161,"2026-05-27 07:55:46",resolved
3484,1162,"2026-06-26 11:00:00",created
3485,1162,"2026-06-26 13:11:35",assigned
3486,1162,"2026-06-26 21:57:56",resolved
3487,1163,"2026-07-10 21:30:00",created
3488,1163,"2026-07-10 22:48:58",assigned
3489,1163,"2026-07-11 04:04:52",resolved
3490,1164,"2026-07-19 12:30:00",created
3491,1164,"2026-07-19 13:48:24",assigned
3492,1164,"2026-07-19 19:02:03",resolved
3493,1165,"2026-05-14 18:30:00",created
3494,1165,"2026-05-14 20:37:04",assigned
3495,1165,"2026-05-15 05:05:24",resolved
3496,1166,"2026-06-04 11:28:00",created
3497,1166,"2026-06-04 18:40:29",assigned
3498,1166,"2026-06-05 23:30:29",resolved
3499,1167,"2026-07-03 00:36:00",created
3500,1167,"2026-07-03 01:59:48",assigned
3501,1167,"2026-07-03 07:35:00",resolved
3502,1168,"2026-07-21 08:51:00",created
3503,1168,"2026-07-21 09:41:16",assigned
3504,1168,"2026-07-21 13:02:21",resolved
3505,1169,"2026-07-13 00:47:00",created
3506,1169,"2026-07-13 02:21:05",assigned
3507,1169,"2026-07-13 08:37:29",resolved
3508,1170,"2026-05-15 13:37:00",created
3509,1170,"2026-05-15 16:01:16",assigned
3510,1170,"2026-05-16 01:38:23",resolved
3511,1171,"2026-07-28 02:56:00",created
3512,1171,"2026-07-28 04:07:15",assigned
3513,1171,"2026-07-28 08:52:17",resolved
3514,1172,"2026-05-08 06:25:00",created
3515,1172,"2026-05-08 07:55:50",assigned
3516,1172,"2026-05-08 13:59:12",resolved
3517,1173,"2026-05-15 10:51:00",created
3518,1173,"2026-05-15 12:57:24",assigned
3519,1173,"2026-05-15 21:23:02",resolved
3520,1174,"2026-05-17 09:46:00",created
3521,1174,"2026-05-17 14:01:43",assigned
3522,1174,"2026-05-18 07:04:35",resolved
3523,1175,"2026-05-22 17:04:00",created
3524,1175,"2026-05-22 20:19:49",assigned
3525,1175,"2026-05-23 09:23:09",resolved
3526,1176,"2026-07-05 05:15:00",created
3527,1176,"2026-07-05 07:09:52",assigned
3528,1176,"2026-07-05 14:49:22",resolved
3529,1177,"2026-06-10 06:20:00",created
3530,1177,"2026-06-10 08:17:10",assigned
3531,1177,"2026-06-10 16:05:54",resolved
3532,1178,"2026-07-05 02:08:00",created
3533,1178,"2026-07-05 03:56:04",assigned
3534,1178,"2026-07-05 11:08:23",resolved
3535,1179,"2026-05-13 10:34:00",created
3536,1179,"2026-05-13 12:32:58",assigned
3537,1179,"2026-05-13 20:28:52",resolved
3538,1180,"2026-07-27 03:44:00",created
3539,1180,"2026-07-27 06:31:23",assigned
3540,1180,"2026-07-27 17:40:56",resolved
3541,1181,"2026-06-21 09:17:00",created
3542,1181,"2026-06-21 10:41:44",assigned
3543,1181,"2026-06-21 16:20:43",resolved
3544,1182,"2026-06-30 14:49:00",created
3545,1182,"2026-06-30 15:31:47",assigned
3546,1182,"2026-06-30 18:22:59",resolved
3547,1183,"2026-05-09 08:35:00",created
3548,1183,"2026-05-09 09:25:28",assigned
3549,1183,"2026-05-09 12:47:24",resolved
3550,1184,"2026-05-26 08:30:00",created
3551,1184,"2026-05-26 09:44:58",assigned
3552,1184,"2026-05-26 14:44:54",resolved
3553,1185,"2026-05-07 12:10:00",created
3554,1185,"2026-05-07 14:09:21",assigned
3555,1185,"2026-05-07 22:06:46",resolved
3556,1186,"2026-06-08 07:14:00",created
3557,1186,"2026-06-08 10:42:55",assigned
3558,1186,"2026-06-09 00:38:38",resolved
3559,1187,"2026-06-09 06:29:00",created
3560,1187,"2026-06-09 08:25:19",assigned
3561,1187,"2026-06-09 16:10:38",resolved
3562,1188,"2026-05-14 11:14:00",created
3563,1188,"2026-05-14 12:37:44",assigned
3564,1188,"2026-05-14 18:12:42",resolved
3565,1189,"2026-05-29 12:48:00",created
3566,1189,"2026-05-29 14:07:24",assigned
3567,1189,"2026-05-29 19:25:03",resolved
3568,1190,"2026-06-22 14:19:00",created
3569,1190,"2026-06-22 17:54:58",assigned
3570,1190,"2026-06-23 08:18:50",resolved
3571,1191,"2026-07-22 10:56:00",created
3572,1191,"2026-07-22 12:18:46",assigned
3573,1191,"2026-07-22 17:49:52",resolved
3574,1192,"2026-06-29 00:59:00",created
3575,1192,"2026-06-29 02:13:52",assigned
3576,1192,"2026-06-29 07:13:20",resolved
3577,1193,"2026-05-16 22:18:00",created
3578,1193,"2026-05-17 01:04:57",assigned
3579,1193,"2026-05-17 12:12:48",resolved
3580,1194,"2026-06-23 12:20:00",created
3581,1194,"2026-06-23 16:10:07",assigned
3582,1194,"2026-06-24 07:30:35",resolved
3583,1195,"2026-05-08 13:44:00",created
3584,1195,"2026-05-08 14:27:38",assigned
3585,1195,"2026-05-08 17:22:14",resolved
3586,1196,"2026-07-22 21:42:00",created
3587,1196,"2026-07-22 23:02:34",assigned
3588,1196,"2026-07-23 04:24:50",resolved
3589,1197,"2026-05-09 04:54:00",created
3590,1197,"2026-05-09 07:13:18",assigned
3591,1197,"2026-05-09 16:30:33",resolved
3592,1198,"2026-06-16 12:16:00",created
3593,1198,"2026-06-16 13:48:52",assigned
3594,1198,"2026-06-16 20:00:22",resolved
3595,1199,"2026-05-08 05:21:00",created
3596,1199,"2026-05-08 06:33:34",assigned
3597,1199,"2026-05-08 11:23:52",resolved
3598,1200,"2026-07-10 06:44:00",created
3599,1200,"2026-07-10 07:17:19",assigned
3600,1200,"2026-07-10 09:30:36",resolved
3601,1201,"2026-05-30 21:30:00",created
3602,1201,"2026-05-30 22:56:30",assigned
3603,1201,"2026-05-31 04:42:30",resolved
3604,1202,"2026-05-18 04:58:00",created
3605,1202,"2026-05-18 06:53:09",assigned
3606,1202,"2026-05-18 14:33:45",resolved
3607,1203,"2026-05-17 16:59:00",created
3608,1203,"2026-05-17 20:06:40",assigned
3609,1203,"2026-05-18 08:37:22",resolved
3610,1204,"2026-06-25 22:59:00",created
3611,1204,"2026-06-26 00:05:41",assigned
3612,1204,"2026-06-26 04:32:27",resolved
3613,1205,"2026-05-29 03:24:00",created
3614,1205,"2026-05-29 06:17:40",assigned
3615,1205,"2026-05-29 17:52:23",resolved
3616,1206,"2026-06-22 17:53:00",created
3617,1206,"2026-06-22 19:34:21",assigned
3618,1206,"2026-06-23 02:19:49",resolved
3619,1207,"2026-05-13 00:30:00",created
3620,1207,"2026-05-13 01:42:18",assigned
3621,1207,"2026-05-13 06:31:31",resolved
3622,1208,"2026-07-16 09:13:00",created
3623,1208,"2026-07-16 12:39:23",assigned
3624,1208,"2026-07-17 02:24:56",resolved
3625,1209,"2026-06-08 18:36:00",created
3626,1209,"2026-06-08 23:15:25",assigned
3627,1209,"2026-06-09 17:53:08",resolved
3628,1210,"2026-05-23 08:33:00",created
3629,1210,"2026-05-23 11:15:23",assigned
3630,1210,"2026-05-23 22:04:57",resolved
3631,1211,"2026-07-07 13:08:00",created
3632,1211,"2026-07-07 14:21:00",assigned
3633,1211,"2026-07-07 19:13:00",resolved
3634,1212,"2026-06-28 07:54:00",created
3635,1212,"2026-06-28 11:15:00",assigned
3636,1212,"2026-06-29 00:39:03",resolved
3637,1213,"2026-06-11 03:34:00",created
3638,1213,"2026-06-11 04:46:41",assigned
3639,1213,"2026-06-11 09:37:27",resolved
3640,1214,"2026-05-26 09:04:00",created
3641,1214,"2026-05-26 10:59:08",assigned
3642,1214,"2026-05-26 18:39:44",resolved
3643,1215,"2026-05-24 00:37:00",created
3644,1215,"2026-05-24 02:09:20",assigned
3645,1215,"2026-05-24 08:18:43",resolved
3646,1216,"2026-05-24 08:00:00",created
3647,1216,"2026-05-24 09:30:56",assigned
3648,1216,"2026-05-24 15:34:44",resolved
3649,1217,"2026-05-27 02:54:00",created
3650,1217,"2026-05-27 04:47:50",assigned
3651,1217,"2026-05-27 12:23:14",resolved
3652,1218,"2026-07-16 09:39:00",created
3653,1218,"2026-07-16 11:17:33",assigned
3654,1218,"2026-07-16 17:51:46",resolved
3655,1219,"2026-06-04 08:02:00",created
3656,1219,"2026-06-04 13:17:44",assigned
3657,1219,"2026-06-05 10:20:43",resolved
3658,1220,"2026-05-26 12:43:00",created
3659,1220,"2026-05-26 13:37:19",assigned
3660,1220,"2026-05-26 17:14:35",resolved
3661,1221,"2026-05-14 03:41:00",created
3662,1221,"2026-05-14 05:44:02",assigned
3663,1221,"2026-05-14 13:56:13",resolved
3664,1222,"2026-07-18 22:04:00",created
3665,1222,"2026-07-18 23:42:57",assigned
3666,1222,"2026-07-19 06:18:48",resolved
3667,1223,"2026-05-16 06:36:00",created
3668,1223,"2026-05-16 10:44:07",assigned
3669,1223,"2026-05-17 03:16:38",resolved
3670,1224,"2026-07-27 14:00:00",created
3671,1224,"2026-07-27 15:20:40",assigned
3672,1224,"2026-07-27 20:43:21",resolved
3673,1225,"2026-07-12 05:43:00",created
3674,1225,"2026-07-12 07:34:44",assigned
3675,1225,"2026-07-12 15:01:41",resolved
3676,1226,"2026-06-24 01:08:00",created
3677,1226,"2026-06-24 04:28:28",assigned
3678,1226,"2026-06-24 17:50:23",resolved
3679,1227,"2026-05-31 13:11:00",created
3680,1227,"2026-05-31 16:16:57",assigned
3681,1227,"2026-06-01 04:40:46",resolved
3682,1228,"2026-05-15 15:40:00",created
3683,1228,"2026-05-15 16:51:26",assigned
3684,1228,"2026-05-15 21:37:14",resolved
3685,1229,"2026-06-03 11:32:00",created
3686,1229,"2026-06-03 12:42:51",assigned
3687,1229,"2026-06-03 17:26:16",resolved
3688,1230,"2026-07-17 04:05:00",created
3689,1230,"2026-07-17 08:09:49",assigned
3690,1230,"2026-07-18 00:29:05",resolved
3691,1231,"2026-07-13 01:49:00",created
3692,1231,"2026-07-13 05:15:23",assigned
3693,1231,"2026-07-13 19:00:56",resolved
3694,1232,"2026-05-02 08:19:00",created
3695,1232,"2026-05-02 09:44:26",assigned
3696,1232,"2026-05-02 15:26:11",resolved
3697,1233,"2026-07-03 19:29:00",created
3698,1233,"2026-07-03 20:03:13",assigned
3699,1233,"2026-07-03 22:20:05",resolved
3700,1234,"2026-05-05 09:35:00",created
3701,1234,"2026-05-05 12:31:26",assigned
3702,1234,"2026-05-06 00:17:12",resolved
3703,1235,"2026-05-07 18:52:00",created
3704,1235,"2026-05-07 20:41:44",assigned
3705,1235,"2026-05-08 04:00:44",resolved
3706,1236,"2026-06-18 12:28:00",created
3707,1236,"2026-06-18 15:07:33",assigned
3708,1236,"2026-06-19 01:45:48",resolved
3709,1237,"2026-06-06 11:14:00",created
3710,1237,"2026-06-06 13:19:40",assigned
3711,1237,"2026-06-06 21:42:22",resolved
3712,1238,"2026-05-31 19:37:00",created
3713,1238,"2026-05-31 20:43:10",assigned
3714,1238,"2026-06-01 01:07:52",resolved
3715,1239,"2026-05-14 00:51:00",created
3716,1239,"2026-05-14 03:44:09",assigned
3717,1239,"2026-05-14 15:16:46",resolved
3718,1240,"2026-06-21 08:57:00",created
3719,1240,"2026-06-21 13:14:01",assigned
3720,1240,"2026-06-22 06:22:05",resolved
3721,1241,"2026-07-16 03:09:00",created
3722,1241,"2026-07-16 07:51:55",assigned
3723,1241,"2026-07-17 02:43:37",resolved
3724,1242,"2026-05-25 01:06:00",created
3725,1242,"2026-05-25 01:42:07",assigned
3726,1242,"2026-05-25 04:06:36",resolved
3727,1243,"2026-06-02 11:25:00",created
3728,1243,"2026-06-02 12:59:35",assigned
3729,1243,"2026-06-02 19:17:59",resolved
3730,1244,"2026-06-05 07:27:00",created
3731,1244,"2026-06-05 08:20:58",assigned
3732,1244,"2026-06-05 11:56:53",resolved
3733,1245,"2026-05-01 07:51:00",created
3734,1245,"2026-05-01 10:09:51",assigned
3735,1245,"2026-05-01 19:25:19",resolved
3736,1246,"2026-06-17 23:27:00",created
3737,1246,"2026-06-18 01:22:52",assigned
3738,1246,"2026-06-18 09:06:24",resolved
3739,1247,"2026-06-22 09:27:00",created
3740,1247,"2026-06-22 10:54:04",assigned
3741,1247,"2026-06-22 16:42:20",resolved
3742,1248,"2026-07-23 22:12:00",created
3743,1248,"2026-07-23 23:01:05",assigned
3744,1248,"2026-07-24 02:17:25",resolved
3745,1249,"2026-06-08 00:54:00",created
3746,1249,"2026-06-08 01:47:09",assigned
3747,1249,"2026-06-08 05:19:48",resolved
3748,1250,"2026-06-29 04:10:00",created
3749,1250,"2026-06-29 06:57:41",assigned
3750,1250,"2026-06-29 18:08:26",resolved
3751,1251,"2026-05-21 16:31:00",created
3752,1251,"2026-05-21 16:46:48",assigned
3753,1251,"2026-05-21 17:50:02",resolved
3754,1252,"2026-06-25 01:35:00",created
3755,1252,"2026-06-25 03:39:52",assigned
3756,1252,"2026-06-25 11:59:24",resolved
3757,1253,"2026-07-11 08:15:00",created
3758,1253,"2026-07-11 09:43:32",assigned
3759,1253,"2026-07-11 15:37:43",resolved
3760,1254,"2026-06-29 21:39:00",created
3761,1254,"2026-06-29 22:19:47",assigned
3762,1254,"2026-06-30 01:02:55",resolved
3763,1255,"2026-05-14 00:06:00",created
3764,1255,"2026-05-14 01:20:24",assigned
3765,1255,"2026-05-14 06:18:03",resolved
3766,1256,"2026-07-19 21:46:00",created
3767,1256,"2026-07-19 23:32:42",assigned
3768,1256,"2026-07-20 06:39:32",resolved
3769,1257,"2026-07-29 09:36:00",created
3770,1257,"2026-07-29 12:01:20",assigned
3771,1257,"2026-07-29 21:42:41",resolved
3772,1258,"2026-07-10 03:38:00",created
3773,1258,"2026-07-10 05:20:21",assigned
3774,1258,"2026-07-10 12:09:45",resolved
3775,1259,"2026-07-24 14:29:00",created
3776,1259,"2026-07-24 15:40:28",assigned
3777,1259,"2026-07-24 20:26:24",resolved
3778,1260,"2026-07-05 16:35:00",created
3779,1260,"2026-07-05 17:19:38",assigned
3780,1260,"2026-07-05 20:18:10",resolved
3781,1261,"2026-06-16 02:49:00",created
3782,1261,"2026-06-16 04:05:06",assigned
3783,1261,"2026-06-16 09:09:32",resolved
3784,1262,"2026-05-07 04:19:00",created
3785,1262,"2026-05-07 08:21:13",assigned
3786,1262,"2026-05-08 00:30:05",resolved
3787,1263,"2026-06-13 18:08:00",created
3788,1263,"2026-06-14 00:16:14",assigned
3789,1263,"2026-06-15 00:49:12",resolved
3790,1264,"2026-05-16 16:56:00",created
3791,1264,"2026-05-16 18:06:05",assigned
3792,1264,"2026-05-16 22:46:29",resolved
3793,1265,"2026-06-21 12:12:00",created
3794,1265,"2026-06-21 12:35:05",assigned
3795,1265,"2026-06-21 14:07:26",resolved
3796,1266,"2026-07-11 10:46:00",created
3797,1266,"2026-07-11 14:21:41",assigned
3798,1266,"2026-07-12 04:44:26",resolved
3799,1267,"2026-06-17 01:29:00",created
3800,1267,"2026-06-17 02:36:54",assigned
3801,1267,"2026-06-17 07:08:34",resolved
3802,1268,"2026-06-30 07:55:00",created
3803,1268,"2026-06-30 09:13:09",assigned
3804,1268,"2026-06-30 14:25:49",resolved
3805,1269,"2026-05-03 02:17:00",created
3806,1269,"2026-05-03 04:12:31",assigned
3807,1269,"2026-05-03 11:54:38",resolved
3808,1270,"2026-06-17 05:01:00",created
3809,1270,"2026-06-17 05:53:22",assigned
3810,1270,"2026-06-17 09:22:50",resolved
3811,1271,"2026-05-26 12:50:00",created
3812,1271,"2026-05-26 14:25:48",assigned
3813,1271,"2026-05-26 20:49:04",resolved
3814,1272,"2026-07-10 16:56:00",created
3815,1272,"2026-07-10 22:36:43",assigned
3816,1272,"2026-07-11 21:19:39",resolved
3817,1273,"2026-06-06 21:04:00",created
3818,1273,"2026-06-06 22:06:51",assigned
3819,1273,"2026-06-07 02:18:17",resolved
3820,1274,"2026-06-12 07:05:00",created
3821,1274,"2026-06-12 08:28:38",assigned
3822,1274,"2026-06-12 14:03:13",resolved
3823,1275,"2026-07-13 21:58:00",created
3824,1275,"2026-07-14 02:11:30",assigned
3825,1275,"2026-07-14 19:05:34",resolved
3826,1276,"2026-05-04 02:59:00",created
3827,1276,"2026-05-04 04:48:23",assigned
3828,1276,"2026-05-04 12:05:58",resolved
3829,1277,"2026-06-17 01:01:00",created
3830,1277,"2026-06-17 01:44:45",assigned
3831,1277,"2026-06-17 04:39:45",resolved
3832,1278,"2026-06-08 03:56:00",created
3833,1278,"2026-06-08 05:02:37",assigned
3834,1278,"2026-06-08 09:29:09",resolved
3835,1279,"2026-07-06 10:55:00",created
3836,1279,"2026-07-06 14:16:17",assigned
3837,1279,"2026-07-07 03:41:28",resolved
3838,1280,"2026-07-07 13:20:00",created
3839,1280,"2026-07-07 15:52:35",assigned
3840,1280,"2026-07-08 02:02:56",resolved
3841,1281,"2026-05-14 01:49:00",created
3842,1281,"2026-05-14 07:04:25",assigned
3843,1281,"2026-05-15 04:06:06",resolved
3844,1282,"2026-06-09 20:25:00",created
3845,1282,"2026-06-09 21:23:43",assigned
3846,1282,"2026-06-10 01:18:38",resolved
3847,1283,"2026-05-22 05:02:00",created
3848,1283,"2026-05-22 06:32:23",assigned
3849,1283,"2026-05-22 12:33:57",resolved
3850,1284,"2026-05-27 21:13:00",created
3851,1284,"2026-05-27 22:23:11",assigned
3852,1284,"2026-05-28 03:03:57",resolved
3853,1285,"2026-06-24 15:15:00",created
3854,1285,"2026-06-24 17:27:24",assigned
3855,1285,"2026-06-25 02:17:04",resolved
3856,1286,"2026-07-14 07:36:00",created
3857,1286,"2026-07-14 10:26:33",assigned
3858,1286,"2026-07-14 21:48:48",resolved
3859,1287,"2026-06-16 13:11:00",created
3860,1287,"2026-06-16 14:24:02",assigned
3861,1287,"2026-06-16 19:16:11",resolved
3862,1288,"2026-05-09 05:02:00",created
3863,1288,"2026-05-09 05:56:09",assigned
3864,1288,"2026-05-09 09:32:48",resolved
3865,1289,"2026-05-04 05:48:00",created
3866,1289,"2026-05-04 14:01:14",assigned
3867,1289,"2026-05-05 22:54:10",resolved
3868,1290,"2026-07-15 21:05:00",created
3869,1290,"2026-07-15 22:34:34",assigned
3870,1290,"2026-07-16 04:32:51",resolved
3871,1291,"2026-07-07 18:38:00",created
3872,1291,"2026-07-07 20:23:33",assigned
3873,1291,"2026-07-08 03:25:45",resolved
3874,1292,"2026-05-03 13:14:00",created
3875,1292,"2026-05-03 14:51:26",assigned
3876,1292,"2026-05-03 21:21:13",resolved
3877,1293,"2026-05-13 17:43:00",created
3878,1293,"2026-05-13 18:31:01",assigned
3879,1293,"2026-05-13 21:43:07",resolved
3880,1294,"2026-07-24 05:39:00",created
3881,1294,"2026-07-24 07:09:53",assigned
3882,1294,"2026-07-24 13:13:27",resolved
3883,1295,"2026-06-12 06:01:00",created
3884,1295,"2026-06-12 07:37:54",assigned
3885,1295,"2026-06-12 14:05:30",resolved
3886,1296,"2026-06-07 12:29:00",created
3887,1296,"2026-06-07 13:48:56",assigned
3888,1296,"2026-06-07 19:08:43",resolved
3889,1297,"2026-06-08 11:46:00",created
3890,1297,"2026-06-08 13:47:38",assigned
3891,1297,"2026-06-08 21:54:14",resolved
3892,1298,"2026-07-02 21:47:00",created
3893,1298,"2026-07-03 08:32:27",assigned
3894,1298,"2026-07-05 03:34:15",resolved
3895,1299,"2026-05-22 12:54:00",created
3896,1299,"2026-05-22 14:02:39",assigned
3897,1299,"2026-05-22 18:37:18",resolved
3898,1300,"2026-05-03 12:13:00",created
3899,1300,"2026-05-03 15:29:57",assigned
3900,1300,"2026-05-04 04:37:48",resolved
3901,1301,"2026-07-23 17:39:00",created
3902,1301,"2026-07-23 19:37:51",assigned
3903,1301,"2026-07-24 03:33:19",resolved
3904,1302,"2026-06-26 13:18:00",created
3905,1302,"2026-06-26 14:49:14",assigned
3906,1302,"2026-06-26 20:54:12",resolved
3907,1303,"2026-06-12 19:00:00",created
3908,1303,"2026-06-12 21:08:09",assigned
3909,1303,"2026-06-13 05:40:45",resolved
3910,1304,"2026-06-05 06:32:00",created
3911,1304,"2026-06-05 07:12:04",assigned
3912,1304,"2026-06-05 09:52:23",resolved
3913,1305,"2026-07-19 12:25:00",created
3914,1305,"2026-07-19 15:03:49",assigned
3915,1305,"2026-07-20 01:39:08",resolved
3916,1306,"2026-06-21 10:29:00",created
3917,1306,"2026-06-21 12:20:22",assigned
3918,1306,"2026-06-21 19:45:51",resolved
3919,1307,"2026-07-23 15:40:00",created
3920,1307,"2026-07-23 16:05:46",assigned
3921,1307,"2026-07-23 17:48:51",resolved
3922,1308,"2026-05-17 13:22:00",created
3923,1308,"2026-05-17 14:54:33",assigned
3924,1308,"2026-05-17 21:04:45",resolved
3925,1309,"2026-05-15 16:32:00",created
3926,1309,"2026-05-15 17:37:20",assigned
3927,1309,"2026-05-15 21:58:43",resolved
3928,1310,"2026-06-18 22:06:00",created
3929,1310,"2026-06-19 00:38:40",assigned
3930,1310,"2026-06-19 10:49:23",resolved
3931,1311,"2026-07-15 02:15:00",created
3932,1311,"2026-07-15 03:01:22",assigned
3933,1311,"2026-07-15 06:06:53",resolved
3934,1312,"2026-06-22 14:14:00",created
3935,1312,"2026-06-22 16:48:36",assigned
3936,1312,"2026-06-23 03:07:00",resolved
3937,1313,"2026-05-23 15:54:00",created
3938,1313,"2026-05-23 17:50:12",assigned
3939,1313,"2026-05-24 01:35:02",resolved
3940,1314,"2026-07-20 15:35:00",created
3941,1314,"2026-07-20 17:19:22",assigned
3942,1314,"2026-07-21 00:16:50",resolved
3943,1315,"2026-07-12 10:06:00",created
3944,1315,"2026-07-12 11:41:25",assigned
3945,1315,"2026-07-12 18:03:08",resolved
3946,1316,"2026-05-02 23:18:00",created
3947,1316,"2026-05-03 00:04:19",assigned
3948,1316,"2026-05-03 03:09:37",resolved
3949,1317,"2026-07-15 02:49:00",created
3950,1317,"2026-07-15 05:31:42",assigned
3951,1317,"2026-07-15 16:22:34",resolved
3952,1318,"2026-05-21 13:24:00",created
3953,1318,"2026-05-21 16:39:02",assigned
3954,1318,"2026-05-22 05:39:10",resolved
3955,1319,"2026-07-21 03:37:00",created
3956,1319,"2026-07-21 04:33:47",assigned
3957,1319,"2026-07-21 08:20:57",resolved
3958,1320,"2026-05-07 17:42:00",created
3959,1320,"2026-05-07 18:43:53",assigned
3960,1320,"2026-05-07 22:51:27",resolved
3961,1321,"2026-06-26 01:55:00",created
3962,1321,"2026-06-26 02:55:30",assigned
3963,1321,"2026-06-26 06:57:31",resolved
3964,1322,"2026-06-06 03:09:00",created
3965,1322,"2026-06-06 05:56:25",assigned
3966,1322,"2026-06-06 17:06:06",resolved
3967,1323,"2026-05-11 13:44:00",created
3968,1323,"2026-05-11 14:26:42",assigned
3969,1323,"2026-05-11 17:17:33",resolved
3970,1324,"2026-05-28 19:00:00",created
3971,1324,"2026-05-28 20:52:59",assigned
3972,1324,"2026-05-29 04:24:56",resolved
3973,1325,"2026-06-08 07:42:00",created
3974,1325,"2026-06-08 08:53:35",assigned
3975,1325,"2026-06-08 13:39:55",resolved
3976,1326,"2026-05-21 16:55:00",created
3977,1326,"2026-05-21 19:13:31",assigned
3978,1326,"2026-05-22 04:27:35",resolved
3979,1327,"2026-07-29 11:09:00",created
3980,1327,"2026-07-29 13:38:03",assigned
3981,1327,"2026-07-29 23:34:17",resolved
3982,1328,"2026-06-09 09:43:00",created
3983,1328,"2026-06-09 10:44:03",assigned
3984,1328,"2026-06-09 14:48:17",resolved
3985,1329,"2026-05-28 13:54:00",created
3986,1329,"2026-05-28 16:01:32",assigned
3987,1329,"2026-05-29 00:31:40",resolved
3988,1330,"2026-07-29 15:54:00",created
3989,1330,"2026-07-29 16:46:15",assigned
3990,1330,"2026-07-29 20:15:16",resolved
3991,1331,"2026-07-17 20:29:00",created
3992,1331,"2026-07-17 21:33:55",assigned
3993,1331,"2026-07-18 01:53:36",resolved
3994,1332,"2026-05-06 15:20:00",created
3995,1332,"2026-05-06 16:35:47",assigned
3996,1332,"2026-05-06 21:38:57",resolved
3997,1333,"2026-07-27 16:25:00",created
3998,1333,"2026-07-27 17:38:40",assigned
3999,1333,"2026-07-27 22:33:24",resolved
4000,1334,"2026-07-20 15:46:00",created
4001,1334,"2026-07-20 17:23:56",assigned
4002,1334,"2026-07-20 23:55:43",resolved
4003,1335,"2026-05-27 00:36:00",created
4004,1335,"2026-05-27 01:33:36",assigned
4005,1335,"2026-05-27 05:24:02",resolved
4006,1336,"2026-06-14 11:52:00",created
4007,1336,"2026-06-14 14:20:42",assigned
4008,1336,"2026-06-15 00:15:31",resolved
4009,1337,"2026-07-23 16:03:00",created
4010,1337,"2026-07-23 16:41:18",assigned
4011,1337,"2026-07-23 19:14:30",resolved
4012,1338,"2026-06-20 18:06:00",created
4013,1338,"2026-06-20 20:27:56",assigned
4014,1338,"2026-06-21 05:55:43",resolved
4015,1339,"2026-06-10 17:08:00",created
4016,1339,"2026-06-10 18:35:09",assigned
4017,1339,"2026-06-11 00:23:45",resolved
4018,1340,"2026-06-25 16:24:00",created
4019,1340,"2026-06-25 20:13:23",assigned
4020,1340,"2026-06-26 11:30:59",resolved
4021,1341,"2026-07-12 08:03:00",created
4022,1341,"2026-07-12 09:52:02",assigned
4023,1341,"2026-07-12 17:08:13",resolved
4024,1342,"2026-05-31 07:27:00",created
4025,1342,"2026-05-31 08:55:53",assigned
4026,1342,"2026-05-31 14:51:26",resolved
4027,1343,"2026-06-21 14:44:00",created
4028,1343,"2026-06-21 15:27:29",assigned
4029,1343,"2026-06-21 18:21:29",resolved
4030,1344,"2026-07-11 07:01:00",created
4031,1344,"2026-07-11 07:24:19",assigned
4032,1344,"2026-07-11 08:57:37",resolved
4033,1345,"2026-05-12 09:35:00",created
4034,1345,"2026-05-12 10:48:50",assigned
4035,1345,"2026-05-12 15:44:11",resolved
4036,1346,"2026-06-27 08:37:00",created
4037,1346,"2026-06-27 09:20:30",assigned
4038,1346,"2026-06-27 12:14:31",resolved
4039,1347,"2026-05-23 07:58:00",created
4040,1347,"2026-05-23 09:33:52",assigned
4041,1347,"2026-05-23 15:57:22",resolved
4042,1348,"2026-05-16 08:28:00",created
4043,1348,"2026-05-16 11:22:49",assigned
4044,1348,"2026-05-16 23:02:06",resolved
4045,1349,"2026-06-02 13:45:00",created
4046,1349,"2026-06-02 15:28:33",assigned
4047,1349,"2026-06-02 22:22:46",resolved
4048,1350,"2026-05-06 12:32:00",created
4049,1350,"2026-05-06 14:29:21",assigned
4050,1350,"2026-05-06 22:18:48",resolved
4051,1351,"2026-06-11 16:10:00",created
4052,1351,"2026-06-11 17:13:31",assigned
4053,1351,"2026-06-11 21:27:35",resolved
4054,1352,"2026-06-23 08:41:00",created
4055,1352,"2026-06-23 10:32:40",assigned
4056,1352,"2026-06-23 17:59:23",resolved
4057,1353,"2026-06-12 23:44:00",created
4058,1353,"2026-06-13 00:13:13",assigned
4059,1353,"2026-06-13 02:10:09",resolved
4060,1354,"2026-07-23 23:20:00",created
4061,1354,"2026-07-24 01:36:45",assigned
4062,1354,"2026-07-24 10:43:48",resolved
4063,1355,"2026-07-25 21:38:00",created
4064,1355,"2026-07-25 23:23:39",assigned
4065,1355,"2026-07-26 06:26:16",resolved
4066,1356,"2026-05-16 05:49:00",created
4067,1356,"2026-05-16 08:01:53",assigned
4068,1356,"2026-05-16 16:53:26",resolved
4069,1357,"2026-07-17 03:51:00",created
4070,1357,"2026-07-17 11:39:24",assigned
4071,1357,"2026-07-18 18:53:02",resolved
4072,1358,"2026-05-07 09:52:00",created
4073,1358,"2026-05-07 11:48:29",assigned
4074,1358,"2026-05-07 19:34:27",resolved
4075,1359,"2026-05-24 19:39:00",created
4076,1359,"2026-05-24 22:09:20",assigned
4077,1359,"2026-05-25 08:10:40",resolved
4078,1360,"2026-07-27 10:06:00",created
4079,1360,"2026-07-27 12:46:19",assigned
4080,1360,"2026-07-27 23:27:37",resolved
4081,1361,"2026-06-26 11:34:00",created
4082,1361,"2026-06-26 12:38:49",assigned
4083,1361,"2026-06-26 16:58:08",resolved
4084,1362,"2026-05-04 20:42:00",created
4085,1362,"2026-05-04 22:50:41",assigned
4086,1362,"2026-05-05 07:25:27",resolved
4087,1363,"2026-05-30 12:09:00",created
4088,1363,"2026-05-30 13:13:19",assigned
4089,1363,"2026-05-30 17:30:36",resolved
4090,1364,"2026-05-12 20:35:00",created
4091,1364,"2026-05-13 01:09:41",assigned
4092,1364,"2026-05-13 19:28:29",resolved
4093,1365,"2026-05-12 12:45:00",created
4094,1365,"2026-05-12 14:00:15",assigned
4095,1365,"2026-05-12 19:01:15",resolved
4096,1366,"2026-07-13 00:30:00",created
4097,1366,"2026-07-13 01:27:38",assigned
4098,1366,"2026-07-13 05:18:14",resolved
4099,1367,"2026-07-18 11:15:00",created
4100,1367,"2026-07-18 12:12:26",assigned
4101,1367,"2026-07-18 16:02:14",resolved
4102,1368,"2026-06-15 07:30:00",created
4103,1368,"2026-06-15 08:36:16",assigned
4104,1368,"2026-06-15 13:01:22",resolved
4105,1369,"2026-06-10 19:35:00",created
4106,1369,"2026-06-10 22:03:17",assigned
4107,1369,"2026-06-11 07:56:29",resolved
4108,1370,"2026-07-09 12:39:00",created
4109,1370,"2026-07-09 14:37:17",assigned
4110,1370,"2026-07-09 22:30:29",resolved
4111,1371,"2026-05-17 00:11:00",created
4112,1371,"2026-05-17 05:49:16",assigned
4113,1371,"2026-05-18 04:22:20",resolved
4114,1372,"2026-07-08 07:52:00",created
4115,1372,"2026-07-08 09:01:50",assigned
4116,1372,"2026-07-08 13:41:10",resolved
4117,1373,"2026-06-10 03:53:00",created
4118,1373,"2026-06-10 04:44:42",assigned
4119,1373,"2026-06-10 08:11:33",resolved
4120,1374,"2026-05-01 21:29:00",created
4121,1374,"2026-05-01 23:42:25",assigned
4122,1374,"2026-05-02 08:36:09",resolved
4123,1375,"2026-06-11 14:38:00",created
4124,1375,"2026-06-11 16:13:24",assigned
4125,1375,"2026-06-11 22:35:04",resolved
4126,1376,"2026-06-26 18:20:00",created
4127,1376,"2026-06-26 19:40:00",assigned
4128,1376,"2026-06-27 01:00:00",resolved
4129,1377,"2026-05-19 20:12:00",created
4130,1377,"2026-05-19 22:06:23",assigned
4131,1377,"2026-05-20 05:43:56",resolved
4132,1378,"2026-07-13 12:52:00",created
4133,1378,"2026-07-13 15:06:26",assigned
4134,1378,"2026-07-14 00:04:13",resolved
4135,1379,"2026-05-12 09:17:00",created
4136,1379,"2026-05-12 12:11:37",assigned
4137,1379,"2026-05-12 23:50:08",resolved
4138,1380,"2026-07-07 08:54:00",created
4139,1380,"2026-07-07 10:02:44",assigned
4140,1380,"2026-07-07 14:37:40",resolved
4141,1381,"2026-07-06 20:10:00",created
4142,1381,"2026-07-06 21:50:10",assigned
4143,1381,"2026-07-07 04:30:53",resolved
4144,1382,"2026-07-07 07:30:00",created
4145,1382,"2026-07-07 08:31:53",assigned
4146,1382,"2026-07-07 12:39:25",resolved
4147,1383,"2026-06-04 13:06:00",created
4148,1383,"2026-06-04 14:02:08",assigned
4149,1383,"2026-06-04 17:46:44",resolved
4150,1384,"2026-06-19 20:49:00",created
4151,1384,"2026-06-19 22:44:23",assigned
4152,1384,"2026-06-20 06:25:57",resolved
4153,1385,"2026-07-21 23:02:00",created
4154,1385,"2026-07-22 00:24:33",assigned
4155,1385,"2026-07-22 05:54:48",resolved
4156,1386,"2026-05-12 06:24:00",created
4157,1386,"2026-05-12 10:40:51",assigned
4158,1386,"2026-05-13 03:48:19",resolved
4159,1387,"2026-06-29 10:16:00",created
4160,1387,"2026-06-29 10:56:14",assigned
4161,1387,"2026-06-29 13:37:11",resolved
4162,1388,"2026-06-13 17:53:00",created
4163,1388,"2026-06-13 19:12:30",assigned
4164,1388,"2026-06-14 00:30:34",resolved
4165,1389,"2026-06-04 05:46:00",created
4166,1389,"2026-06-04 08:04:32",assigned
4167,1389,"2026-06-04 17:18:40",resolved
4168,1390,"2026-05-31 09:02:00",created
4169,1390,"2026-05-31 09:46:52",assigned
4170,1390,"2026-05-31 12:46:21",resolved
4171,1391,"2026-07-08 06:42:00",created
4172,1391,"2026-07-08 07:35:32",assigned
4173,1391,"2026-07-08 11:09:41",resolved
4174,1392,"2026-06-23 14:26:00",created
4175,1392,"2026-06-23 16:48:14",assigned
4176,1392,"2026-06-24 02:17:13",resolved
4177,1393,"2026-05-16 17:47:00",created
4178,1393,"2026-05-16 19:13:24",assigned
4179,1393,"2026-05-17 00:59:04",resolved
4180,1394,"2026-07-06 17:35:00",created
4181,1394,"2026-07-06 18:59:43",assigned
4182,1394,"2026-07-07 00:38:37",resolved
4183,1395,"2026-07-20 23:42:00",created
4184,1395,"2026-07-21 03:39:29",assigned
4185,1395,"2026-07-21 19:29:26",resolved
4186,1396,"2026-06-29 14:03:00",created
4187,1396,"2026-06-29 16:15:01",assigned
4188,1396,"2026-06-30 01:03:09",resolved
4189,1397,"2026-06-01 20:36:00",created
4190,1397,"2026-06-01 21:31:19",assigned
4191,1397,"2026-06-02 01:12:38",resolved
4192,1398,"2026-05-17 01:47:00",created
4193,1398,"2026-05-17 02:09:32",assigned
4194,1398,"2026-05-17 03:39:44",resolved
4195,1399,"2026-05-26 20:11:00",created
4196,1399,"2026-05-27 01:37:05",assigned
4197,1399,"2026-05-27 23:21:29",resolved
4198,1400,"2026-06-16 02:39:00",created
4199,1400,"2026-06-16 04:46:19",assigned
4200,1400,"2026-06-16 13:15:37",resolved
4201,1401,"2026-05-22 21:41:00",created
4202,1401,"2026-05-22 23:01:55",assigned
4203,1401,"2026-05-23 04:25:39",resolved
4204,1402,"2026-06-23 07:13:00",created
4205,1402,"2026-06-23 10:36:27",assigned
4206,1402,"2026-06-24 00:10:16",resolved
4207,1403,"2026-07-28 08:39:00",created
4208,1403,"2026-07-28 11:28:56",assigned
4209,1403,"2026-07-28 22:48:43",resolved
4210,1404,"2026-06-08 06:34:00",created
4211,1404,"2026-06-08 08:43:30",assigned
4212,1404,"2026-06-08 17:21:30",resolved
4213,1405,"2026-07-19 12:53:00",created
4214,1405,"2026-07-19 13:31:18",assigned
4215,1405,"2026-07-19 16:04:32",resolved
4216,1406,"2026-07-14 20:41:00",created
4217,1406,"2026-07-14 21:22:55",assigned
4218,1406,"2026-07-15 00:10:39",resolved
4219,1407,"2026-06-29 05:22:00",created
4220,1407,"2026-06-29 05:53:41",assigned
4221,1407,"2026-06-29 08:00:28",resolved
4222,1408,"2026-07-26 17:00:00",created
4223,1408,"2026-07-26 19:14:25",assigned
4224,1408,"2026-07-27 04:12:07",resolved
4225,1409,"2026-07-17 04:15:00",created
4226,1409,"2026-07-17 05:39:14",assigned
4227,1409,"2026-07-17 11:16:10",resolved
4228,1410,"2026-06-03 13:01:00",created
4229,1410,"2026-06-03 14:28:07",assigned
4230,1410,"2026-06-03 20:16:38",resolved
4231,1411,"2026-07-18 21:31:00",created
4232,1411,"2026-07-18 22:05:31",assigned
4233,1411,"2026-07-19 00:23:35",resolved
4234,1412,"2026-05-24 03:35:00",created
4235,1412,"2026-05-24 04:14:49",assigned
4236,1412,"2026-05-24 06:54:07",resolved
4237,1413,"2026-07-13 15:15:00",created
4238,1413,"2026-07-13 16:02:23",assigned
4239,1413,"2026-07-13 19:11:58",resolved
4240,1414,"2026-07-27 21:58:00",created
4241,1414,"2026-07-28 01:44:00",assigned
4242,1414,"2026-07-28 16:48:04",resolved
4243,1415,"2026-07-26 23:57:00",created
4244,1415,"2026-07-27 02:11:41",assigned
4245,1415,"2026-07-27 11:10:28",resolved
4246,1416,"2026-06-07 12:26:00",created
4247,1416,"2026-06-07 15:40:46",assigned
4248,1416,"2026-06-08 04:39:51",resolved
4249,1417,"2026-06-09 07:00:00",created
4250,1417,"2026-06-09 08:40:22",assigned
4251,1417,"2026-06-09 15:21:50",resolved
4252,1418,"2026-06-19 04:12:00",created
4253,1418,"2026-06-19 08:35:39",assigned
4254,1418,"2026-06-20 02:10:15",resolved
4255,1419,"2026-06-16 06:30:00",created
4256,1419,"2026-06-16 07:03:49",assigned
4257,1419,"2026-06-16 09:19:05",resolved
4258,1420,"2026-05-24 08:04:00",created
4259,1420,"2026-05-24 09:38:41",assigned
4260,1420,"2026-05-24 15:57:25",resolved
4261,1421,"2026-05-29 11:23:00",created
4262,1421,"2026-05-29 13:18:19",assigned
4263,1421,"2026-05-29 20:59:36",resolved
4264,1422,"2026-05-10 08:18:00",created
4265,1422,"2026-05-10 09:31:35",assigned
4266,1422,"2026-05-10 14:25:56",resolved
4267,1423,"2026-05-01 23:14:00",created
4268,1423,"2026-05-02 00:03:45",assigned
4269,1423,"2026-05-02 03:22:47",resolved
4270,1424,"2026-07-08 12:26:00",created
4271,1424,"2026-07-08 13:47:03",assigned
4272,1424,"2026-07-08 19:11:17",resolved
4273,1425,"2026-06-27 06:20:00",created
4274,1425,"2026-06-27 09:32:51",assigned
4275,1425,"2026-06-27 22:24:19",resolved
4276,1426,"2026-07-20 13:53:00",created
4277,1426,"2026-07-20 16:02:54",assigned
4278,1426,"2026-07-21 00:42:30",resolved
4279,1427,"2026-06-15 05:41:00",created
4280,1427,"2026-06-15 06:56:08",assigned
4281,1427,"2026-06-15 11:56:41",resolved
4282,1428,"2026-07-26 04:09:00",created
4283,1428,"2026-07-26 05:50:18",assigned
4284,1428,"2026-07-26 12:35:32",resolved
4285,1429,"2026-07-05 18:12:00",created
4286,1429,"2026-07-05 19:27:02",assigned
4287,1429,"2026-07-06 00:27:13",resolved
4288,1430,"2026-05-13 07:33:00",created
4289,1430,"2026-05-13 08:37:30",assigned
4290,1430,"2026-05-13 12:55:31",resolved
4291,1431,"2026-07-28 20:23:00",created
4292,1431,"2026-07-28 20:53:58",assigned
4293,1431,"2026-07-28 22:57:50",resolved
4294,1432,"2026-05-26 22:01:00",created
4295,1432,"2026-05-26 22:51:52",assigned
4296,1432,"2026-05-27 02:15:22",resolved
4297,1433,"2026-05-07 09:36:00",created
4298,1433,"2026-05-07 11:29:06",assigned
4299,1433,"2026-05-07 19:01:33",resolved
4300,1434,"2026-07-14 18:33:00",created
4301,1434,"2026-07-14 19:21:33",assigned
4302,1434,"2026-07-14 22:35:49",resolved
4303,1435,"2026-05-26 02:06:00",created
4304,1435,"2026-05-26 02:50:44",assigned
4305,1435,"2026-05-26 05:49:40",resolved
4306,1436,"2026-06-05 23:16:00",created
4307,1436,"2026-06-06 02:08:51",assigned
4308,1436,"2026-06-06 13:40:15",resolved
4309,1437,"2026-05-13 18:42:00",created
4310,1437,"2026-05-13 20:38:39",assigned
4311,1437,"2026-05-14 04:25:15",resolved
4312,1438,"2026-07-15 20:20:00",created
4313,1438,"2026-07-15 21:40:04",assigned
4314,1438,"2026-07-16 03:00:20",resolved
4315,1439,"2026-06-23 05:47:00",created
4316,1439,"2026-06-23 08:12:30",assigned
4317,1439,"2026-06-23 17:54:31",resolved
4318,1440,"2026-05-19 10:24:00",created
4319,1440,"2026-05-19 15:05:29",assigned
4320,1440,"2026-05-20 09:51:29",resolved
4321,1441,"2026-05-13 20:58:00",created
4322,1441,"2026-05-13 22:21:13",assigned
4323,1441,"2026-05-14 03:54:08",resolved
4324,1442,"2026-05-07 20:00:00",created
4325,1442,"2026-05-07 20:27:32",assigned
4326,1442,"2026-05-07 22:17:42",resolved
4327,1443,"2026-06-06 07:39:00",created
4328,1443,"2026-06-06 08:13:36",assigned
4329,1443,"2026-06-06 10:32:02",resolved
4330,1444,"2026-06-09 04:07:00",created
4331,1444,"2026-06-09 05:58:39",assigned
4332,1444,"2026-06-09 13:25:18",resolved
4333,1445,"2026-06-22 09:31:00",created
4334,1445,"2026-06-22 10:51:09",assigned
4335,1445,"2026-06-22 16:11:49",resolved
4336,1446,"2026-07-04 02:22:00",created
4337,1446,"2026-07-04 03:16:30",assigned
4338,1446,"2026-07-04 06:54:30",resolved
4339,1447,"2026-06-29 05:29:00",created
4340,1447,"2026-06-29 05:50:25",assigned
4341,1447,"2026-06-29 07:16:05",resolved
4342,1448,"2026-06-05 08:36:00",created
4343,1448,"2026-06-05 10:14:17",assigned
4344,1448,"2026-06-05 16:47:28",resolved
4345,1449,"2026-05-30 06:19:00",created
4346,1449,"2026-05-30 07:33:15",assigned
4347,1449,"2026-05-30 12:30:18",resolved
4348,1450,"2026-07-28 18:07:00",created
4349,1450,"2026-07-28 19:36:14",assigned
4350,1450,"2026-07-29 01:33:10",resolved
4351,1451,"2026-06-15 06:02:00",created
4352,1451,"2026-06-15 07:00:02",assigned
4353,1451,"2026-06-15 10:52:10",resolved
4354,1452,"2026-06-13 11:41:00",created
4355,1452,"2026-06-13 13:58:50",assigned
4356,1452,"2026-06-13 23:10:10",resolved
4357,1453,"2026-06-15 09:10:00",created
4358,1453,"2026-06-15 10:36:54",assigned
4359,1453,"2026-06-15 16:24:31",resolved
4360,1454,"2026-06-13 22:22:00",created
4361,1454,"2026-06-14 00:16:34",assigned
4362,1454,"2026-06-14 07:54:53",resolved
4363,1455,"2026-05-16 09:08:00",created
4364,1455,"2026-05-16 10:30:15",assigned
4365,1455,"2026-05-16 15:59:17",resolved
4366,1456,"2026-06-27 08:29:00",created
4367,1456,"2026-06-27 09:53:52",assigned
4368,1456,"2026-06-27 15:33:22",resolved
4369,1457,"2026-06-07 01:51:00",created
4370,1457,"2026-06-07 03:50:45",assigned
4371,1457,"2026-06-07 11:49:46",resolved
4372,1458,"2026-07-24 18:47:00",created
4373,1458,"2026-07-24 19:58:32",assigned
4374,1458,"2026-07-25 00:44:42",resolved
4375,1459,"2026-07-06 10:05:00",created
4376,1459,"2026-07-06 11:13:30",assigned
4377,1459,"2026-07-06 15:47:32",resolved
4378,1460,"2026-07-03 16:42:00",created
4379,1460,"2026-07-03 19:12:06",assigned
4380,1460,"2026-07-04 05:12:34",resolved
4381,1461,"2026-06-21 05:00:00",created
4382,1461,"2026-06-21 05:46:08",assigned
4383,1461,"2026-06-21 08:50:42",resolved
4384,1462,"2026-06-25 12:14:00",created
4385,1462,"2026-06-25 13:52:28",assigned
4386,1462,"2026-06-25 20:26:23",resolved
4387,1463,"2026-06-16 20:23:00",created
4388,1463,"2026-06-16 21:55:59",assigned
4389,1463,"2026-06-17 04:07:59",resolved
4390,1464,"2026-05-19 15:41:00",created
4391,1464,"2026-05-19 16:55:41",assigned
4392,1464,"2026-05-19 21:54:25",resolved
4393,1465,"2026-06-07 03:16:00",created
4394,1465,"2026-06-07 04:37:28",assigned
4395,1465,"2026-06-07 10:03:22",resolved
4396,1466,"2026-06-09 21:57:00",created
4397,1466,"2026-06-09 22:48:45",assigned
4398,1466,"2026-06-10 02:15:49",resolved
4399,1467,"2026-07-23 13:52:00",created
4400,1467,"2026-07-23 15:22:10",assigned
4401,1467,"2026-07-23 21:22:51",resolved
4402,1468,"2026-06-30 03:57:00",created
4403,1468,"2026-06-30 06:18:11",assigned
4404,1468,"2026-06-30 15:42:56",resolved
4405,1469,"2026-06-23 18:49:00",created
4406,1469,"2026-06-23 19:32:40",assigned
4407,1469,"2026-06-23 22:27:21",resolved
4408,1470,"2026-07-17 23:19:00",created
4409,1470,"2026-07-18 02:24:04",assigned
4410,1470,"2026-07-18 14:44:24",resolved
4411,1471,"2026-07-21 00:42:00",created
4412,1471,"2026-07-21 01:52:08",assigned
4413,1471,"2026-07-21 06:32:40",resolved
4414,1472,"2026-05-08 02:04:00",created
4415,1472,"2026-05-08 02:46:09",assigned
4416,1472,"2026-05-08 05:34:47",resolved
4417,1473,"2026-06-25 22:52:00",created
4418,1473,"2026-06-26 02:46:46",assigned
4419,1473,"2026-06-26 18:25:53",resolved
4420,1474,"2026-05-27 19:31:00",created
4421,1474,"2026-05-27 22:38:50",assigned
4422,1474,"2026-05-28 11:10:13",resolved
4423,1475,"2026-05-08 16:30:00",created
4424,1475,"2026-05-08 17:14:29",assigned
4425,1475,"2026-05-08 20:12:25",resolved
4426,1476,"2026-07-09 16:01:00",created
4427,1476,"2026-07-09 19:32:03",assigned
4428,1476,"2026-07-10 09:36:19",resolved
4429,1477,"2026-05-05 17:11:00",created
4430,1477,"2026-05-05 19:45:18",assigned
4431,1477,"2026-05-06 06:02:34",resolved
4432,1478,"2026-07-12 00:34:00",created
4433,1478,"2026-07-12 03:46:18",assigned
4434,1478,"2026-07-12 16:35:30",resolved
4435,1479,"2026-05-30 12:47:00",created
4436,1479,"2026-05-30 16:39:09",assigned
4437,1479,"2026-05-31 08:07:49",resolved
4438,1480,"2026-06-05 14:39:00",created
4439,1480,"2026-06-05 15:13:48",assigned
4440,1480,"2026-06-05 17:33:03",resolved
4441,1481,"2026-07-08 16:15:00",created
4442,1481,"2026-07-08 18:20:58",assigned
4443,1481,"2026-07-09 02:44:50",resolved
4444,1482,"2026-05-24 21:28:00",created
4445,1482,"2026-05-24 23:18:17",assigned
4446,1482,"2026-05-25 06:39:25",resolved
4447,1483,"2026-07-05 16:30:00",created
4448,1483,"2026-07-05 17:27:09",assigned
4449,1483,"2026-07-05 21:15:45",resolved
4450,1484,"2026-07-01 06:54:00",created
4451,1484,"2026-07-01 07:34:45",assigned
4452,1484,"2026-07-01 10:17:49",resolved
4453,1485,"2026-07-11 08:09:00",created
4454,1485,"2026-07-11 10:35:53",assigned
4455,1485,"2026-07-11 20:23:26",resolved
4456,1486,"2026-07-03 18:25:00",created
4457,1486,"2026-07-03 20:25:25",assigned
4458,1486,"2026-07-04 04:27:07",resolved
4459,1487,"2026-06-13 07:59:00",created
4460,1487,"2026-06-13 09:06:36",assigned
4461,1487,"2026-06-13 13:37:03",resolved
4462,1488,"2026-06-16 11:45:00",created
4463,1488,"2026-06-16 14:23:15",assigned
4464,1488,"2026-06-17 00:56:18",resolved
4465,1489,"2026-07-18 10:19:00",created
4466,1489,"2026-07-18 14:41:05",assigned
4467,1489,"2026-07-19 08:09:26",resolved
4468,1490,"2026-06-13 20:13:00",created
4469,1490,"2026-06-13 21:19:54",assigned
4470,1490,"2026-06-14 01:47:33",resolved
4471,1491,"2026-05-25 23:22:00",created
4472,1491,"2026-05-26 02:34:19",assigned
4473,1491,"2026-05-26 15:23:37",resolved
4474,1492,"2026-06-25 21:45:00",created
4475,1492,"2026-06-25 23:38:44",assigned
4476,1492,"2026-06-26 07:13:42",resolved
4477,1493,"2026-07-02 12:12:00",created
4478,1493,"2026-07-02 13:18:20",assigned
4479,1493,"2026-07-02 17:43:44",resolved
4480,1494,"2026-06-30 01:37:00",created
4481,1494,"2026-06-30 02:57:00",assigned
4482,1494,"2026-06-30 08:17:01",resolved
4483,1495,"2026-06-16 06:07:00",created
4484,1495,"2026-06-16 08:54:31",assigned
4485,1495,"2026-06-16 20:04:38",resolved
4486,1496,"2026-06-12 13:50:00",created
4487,1496,"2026-06-12 14:36:22",assigned
4488,1496,"2026-06-12 17:41:54",resolved
4489,1497,"2026-07-22 02:26:00",created
4490,1497,"2026-07-22 04:09:49",assigned
4491,1497,"2026-07-22 11:05:07",resolved
4492,1498,"2026-07-28 17:32:00",created
4493,1498,"2026-07-28 19:56:16",assigned
4494,1498,"2026-07-29 05:33:22",resolved
4495,1499,"2026-05-28 08:28:00",created
4496,1499,"2026-05-28 09:40:20",assigned
4497,1499,"2026-05-28 14:29:44",resolved
4498,1500,"2026-06-08 10:48:00",created
4499,1500,"2026-06-08 11:32:53",assigned
4500,1500,"2026-06-08 14:32:29",resolved
4501,1501,"2026-05-09 13:06:00",created
4502,1501,"2026-05-09 15:01:27",assigned
4503,1501,"2026-05-09 22:43:16",resolved
4504,1502,"2026-06-28 04:08:00",created
4505,1502,"2026-06-28 07:36:09",assigned
4506,1502,"2026-06-28 21:28:48",resolved
4507,1503,"2026-07-13 09:21:00",created
4508,1503,"2026-07-13 10:32:22",assigned
4509,1503,"2026-07-13 15:17:52",resolved
4510,1504,"2026-05-11 02:28:00",created
4511,1504,"2026-05-11 05:21:28",assigned
4512,1504,"2026-05-11 16:55:23",resolved
4513,1505,"2026-06-15 08:15:00",created
4514,1505,"2026-06-15 10:15:40",assigned
4515,1505,"2026-06-15 18:18:20",resolved
4516,1506,"2026-05-07 14:37:00",created
4517,1506,"2026-05-07 16:36:22",assigned
4518,1506,"2026-05-08 00:33:50",resolved
4519,1507,"2026-05-07 16:21:00",created
4520,1507,"2026-05-07 17:03:44",assigned
4521,1507,"2026-05-07 19:54:42",resolved
4522,1508,"2026-07-25 00:19:00",created
4523,1508,"2026-07-25 01:38:22",assigned
4524,1508,"2026-07-25 06:55:53",resolved
4525,1509,"2026-06-27 14:10:00",created
4526,1509,"2026-06-27 15:52:58",assigned
4527,1509,"2026-06-27 22:44:50",resolved
4528,1510,"2026-05-22 15:13:00",created
4529,1510,"2026-05-22 17:02:31",assigned
4530,1510,"2026-05-23 00:20:39",resolved
4531,1511,"2026-05-11 09:42:00",created
4532,1511,"2026-05-11 12:40:09",assigned
4533,1511,"2026-05-12 00:32:48",resolved
4534,1512,"2026-05-17 15:40:00",created
4535,1512,"2026-05-17 19:00:22",assigned
4536,1512,"2026-05-18 08:21:51",resolved
4537,1513,"2026-06-26 18:21:00",created
4538,1513,"2026-06-26 19:53:41",assigned
4539,1513,"2026-06-27 02:04:25",resolved
4540,1514,"2026-06-10 07:55:00",created
4541,1514,"2026-06-10 08:44:02",assigned
4542,1514,"2026-06-10 12:00:11",resolved
4543,1515,"2026-05-05 04:42:00",created
4544,1515,"2026-05-05 06:06:18",assigned
4545,1515,"2026-05-05 11:43:34",resolved
4546,1516,"2026-05-16 17:37:00",created
4547,1516,"2026-05-16 18:20:54",assigned
4548,1516,"2026-05-16 21:16:34",resolved
4549,1517,"2026-05-30 00:13:00",created
4550,1517,"2026-05-30 02:56:02",assigned
4551,1517,"2026-05-30 13:48:12",resolved
4552,1518,"2026-05-19 19:26:00",created
4553,1518,"2026-05-19 20:27:01",assigned
4554,1518,"2026-05-20 00:31:07",resolved
4555,1519,"2026-05-31 11:23:00",created
4556,1519,"2026-05-31 12:36:11",assigned
4557,1519,"2026-05-31 17:28:55",resolved
4558,1520,"2026-07-18 05:33:00",created
4559,1520,"2026-07-18 07:02:49",assigned
4560,1520,"2026-07-18 13:02:09",resolved
4561,1521,"2026-07-02 08:53:00",created
4562,1521,"2026-07-02 11:43:09",assigned
4563,1521,"2026-07-02 23:03:45",resolved
4564,1522,"2026-06-26 01:03:00",created
4565,1522,"2026-06-26 04:09:43",assigned
4566,1522,"2026-06-26 16:36:36",resolved
4567,1523,"2026-07-25 10:53:00",created
4568,1523,"2026-07-25 11:42:44",assigned
4569,1523,"2026-07-25 15:01:44",resolved
4570,1524,"2026-07-22 12:56:00",created
4571,1524,"2026-07-22 13:45:34",assigned
4572,1524,"2026-07-22 17:03:50",resolved
4573,1525,"2026-06-02 11:48:00",created
4574,1525,"2026-06-02 12:15:33",assigned
4575,1525,"2026-06-02 14:05:46",resolved
4576,1526,"2026-05-25 07:36:00",created
4577,1526,"2026-05-25 09:01:39",assigned
4578,1526,"2026-05-25 14:44:17",resolved
4579,1527,"2026-05-20 04:26:00",created
4580,1527,"2026-05-20 06:20:47",assigned
4581,1527,"2026-05-20 13:59:59",resolved
4582,1528,"2026-07-29 08:33:00",created
4583,1528,"2026-07-29 10:14:56",assigned
4584,1528,"2026-07-29 17:02:43",resolved
4585,1529,"2026-05-24 23:33:00",created
4586,1529,"2026-05-25 00:53:22",assigned
4587,1529,"2026-05-25 06:14:50",resolved
4588,1530,"2026-07-09 00:28:00",created
4589,1530,"2026-07-09 01:29:26",assigned
4590,1530,"2026-07-09 05:35:12",resolved
4591,1531,"2026-06-14 19:57:00",created
4592,1531,"2026-06-14 23:48:27",assigned
4593,1531,"2026-06-15 15:14:17",resolved
4594,1532,"2026-06-03 03:19:00",created
4595,1532,"2026-06-03 07:21:09",assigned
4596,1532,"2026-06-03 23:29:45",resolved
4597,1533,"2026-06-10 18:32:00",created
4598,1533,"2026-06-10 19:35:03",assigned
4599,1533,"2026-06-10 23:47:16",resolved
4600,1534,"2026-05-12 17:55:00",created
4601,1534,"2026-05-12 20:00:49",assigned
4602,1534,"2026-05-13 04:24:05",resolved
4603,1535,"2026-07-07 19:51:00",created
4604,1535,"2026-07-07 21:18:00",assigned
4605,1535,"2026-07-08 03:06:04",resolved
4606,1536,"2026-05-04 23:01:00",created
4607,1536,"2026-05-05 00:11:41",assigned
4608,1536,"2026-05-05 04:54:25",resolved
4609,1537,"2026-06-14 19:22:00",created
4610,1537,"2026-06-14 20:43:32",assigned
4611,1537,"2026-06-15 02:09:40",resolved
4612,1538,"2026-06-26 19:42:00",created
4613,1538,"2026-06-26 20:15:38",assigned
4614,1538,"2026-06-26 22:30:12",resolved
4615,1539,"2026-05-14 12:15:00",created
4616,1539,"2026-05-14 12:38:58",assigned
4617,1539,"2026-05-14 14:14:52",resolved
4618,1540,"2026-07-25 20:27:00",created
4619,1540,"2026-07-25 21:33:12",assigned
4620,1540,"2026-07-26 01:58:03",resolved
4621,1541,"2026-07-07 03:28:00",created
4622,1541,"2026-07-07 04:18:04",assigned
4623,1541,"2026-07-07 07:38:21",resolved
4624,1542,"2026-05-04 11:09:00",created
4625,1542,"2026-05-04 14:47:46",assigned
4626,1542,"2026-05-05 05:22:53",resolved
4627,1543,"2026-05-30 11:02:00",created
4628,1543,"2026-05-30 12:41:27",assigned
4629,1543,"2026-05-30 19:19:15",resolved
4630,1544,"2026-06-11 18:10:00",created
4631,1544,"2026-06-11 19:02:15",assigned
4632,1544,"2026-06-11 22:31:17",resolved
4633,1545,"2026-05-10 08:09:00",created
4634,1545,"2026-05-10 09:35:24",assigned
4635,1545,"2026-05-10 15:21:01",resolved
4636,1546,"2026-06-19 21:31:00",created
4637,1546,"2026-06-19 22:33:38",assigned
4638,1546,"2026-06-20 02:44:11",resolved
4639,1547,"2026-05-08 18:32:00",created
4640,1547,"2026-05-08 20:30:15",assigned
4641,1547,"2026-05-09 04:23:19",resolved
4642,1548,"2026-07-28 20:45:00",created
4643,1548,"2026-07-28 22:23:11",assigned
4644,1548,"2026-07-29 04:55:56",resolved
4645,1549,"2026-05-02 11:12:00",created
4646,1549,"2026-05-02 11:53:44",assigned
4647,1549,"2026-05-02 14:40:43",resolved
4648,1550,"2026-05-10 10:16:00",created
4649,1550,"2026-05-10 12:39:30",assigned
4650,1550,"2026-05-10 22:13:32",resolved
4651,1551,"2026-06-20 15:49:00",created
4652,1551,"2026-06-20 16:50:45",assigned
4653,1551,"2026-06-20 20:57:49",resolved
4654,1552,"2026-05-23 16:33:00",created
4655,1552,"2026-05-23 18:25:15",assigned
4656,1552,"2026-05-24 01:54:16",resolved
4657,1553,"2026-06-04 22:22:00",created
4658,1553,"2026-06-04 22:56:34",assigned
4659,1553,"2026-06-05 01:14:52",resolved
4660,1554,"2026-07-21 15:23:00",created
4661,1554,"2026-07-21 17:08:00",assigned
4662,1554,"2026-07-22 00:08:02",resolved
4663,1555,"2026-06-27 22:22:00",created
4664,1555,"2026-06-28 01:39:29",assigned
4665,1555,"2026-06-28 14:49:27",resolved
4666,1556,"2026-05-05 15:22:00",created
4667,1556,"2026-05-05 20:58:48",assigned
4668,1556,"2026-05-06 19:26:04",resolved
4669,1557,"2026-05-23 23:08:00",created
4670,1557,"2026-05-24 00:52:53",assigned
4671,1557,"2026-05-24 07:52:26",resolved
4672,1558,"2026-06-27 01:40:00",created
4673,1558,"2026-06-27 02:48:02",assigned
4674,1558,"2026-06-27 07:20:14",resolved
4675,1559,"2026-05-04 03:54:00",created
4676,1559,"2026-05-04 05:06:01",assigned
4677,1559,"2026-05-04 09:54:09",resolved
4678,1560,"2026-07-22 23:58:00",created
4679,1560,"2026-07-23 04:11:52",assigned
4680,1560,"2026-07-23 21:07:20",resolved
4681,1561,"2026-05-20 10:21:00",created
4682,1561,"2026-05-20 12:05:36",assigned
4683,1561,"2026-05-20 19:04:03",resolved
4684,1562,"2026-06-22 14:02:00",created
4685,1562,"2026-06-22 18:22:10",assigned
4686,1562,"2026-06-23 11:42:53",resolved
4687,1563,"2026-07-23 17:26:00",created
4688,1563,"2026-07-23 19:52:59",assigned
4689,1563,"2026-07-24 05:40:57",resolved
4690,1564,"2026-07-10 06:59:00",created
4691,1564,"2026-07-10 10:36:46",assigned
4692,1564,"2026-07-11 01:07:54",resolved
4693,1565,"2026-06-21 17:09:00",created
4694,1565,"2026-06-21 19:11:23",assigned
4695,1565,"2026-06-22 03:20:57",resolved
4696,1566,"2026-07-09 07:49:00",created
4697,1566,"2026-07-09 09:08:40",assigned
4698,1566,"2026-07-09 14:27:20",resolved
4699,1567,"2026-07-13 22:21:00",created
4700,1567,"2026-07-13 23:16:34",assigned
4701,1567,"2026-07-14 02:58:51",resolved
4702,1568,"2026-07-03 08:36:00",created
4703,1568,"2026-07-03 10:07:24",assigned
4704,1568,"2026-07-03 16:13:03",resolved
4705,1569,"2026-06-03 03:27:00",created
4706,1569,"2026-06-03 04:55:53",assigned
4707,1569,"2026-06-03 10:51:29",resolved
4708,1570,"2026-06-12 06:21:00",created
4709,1570,"2026-06-12 06:52:36",assigned
4710,1570,"2026-06-12 08:59:01",resolved
4711,1571,"2026-07-25 12:23:00",created
4712,1571,"2026-07-25 15:56:57",assigned
4713,1571,"2026-07-26 06:12:48",resolved
4714,1572,"2026-07-22 06:29:00",created
4715,1572,"2026-07-22 07:24:17",assigned
4716,1572,"2026-07-22 11:05:25",resolved
4717,1573,"2026-07-27 05:53:00",created
4718,1573,"2026-07-27 06:40:52",assigned
4719,1573,"2026-07-27 09:52:23",resolved
4720,1574,"2026-05-27 09:05:00",created
4721,1574,"2026-05-27 10:38:57",assigned
4722,1574,"2026-05-27 16:54:47",resolved
4723,1575,"2026-05-13 22:00:00",created
4724,1575,"2026-05-14 00:33:36",assigned
4725,1575,"2026-05-14 10:48:01",resolved
4726,1576,"2026-05-13 11:38:00",created
4727,1576,"2026-05-13 15:20:48",assigned
4728,1576,"2026-05-14 06:12:04",resolved
4729,1577,"2026-05-20 12:52:00",created
4730,1577,"2026-05-20 13:22:39",assigned
4731,1577,"2026-05-20 15:25:19",resolved
4732,1578,"2026-06-03 02:07:00",created
4733,1578,"2026-06-03 03:40:39",assigned
4734,1578,"2026-06-03 09:55:16",resolved
4735,1579,"2026-05-07 06:19:00",created
4736,1579,"2026-05-07 06:50:08",assigned
4737,1579,"2026-05-07 08:54:40",resolved
4738,1580,"2026-06-02 00:51:00",created
4739,1580,"2026-06-02 04:30:51",assigned
4740,1580,"2026-06-02 19:10:17",resolved
4741,1581,"2026-05-20 19:57:00",created
4742,1581,"2026-05-20 23:30:35",assigned
4743,1581,"2026-05-21 13:44:55",resolved
4744,1582,"2026-05-18 15:07:00",created
4745,1582,"2026-05-18 15:47:56",assigned
4746,1582,"2026-05-18 18:31:41",resolved
4747,1583,"2026-05-02 14:31:00",created
4748,1583,"2026-05-02 17:36:13",assigned
4749,1583,"2026-05-03 05:57:07",resolved
4750,1584,"2026-05-03 17:18:00",created
4751,1584,"2026-05-03 20:18:19",assigned
4752,1584,"2026-05-04 08:19:35",resolved
4753,1585,"2026-06-05 15:33:00",created
4754,1585,"2026-06-05 17:35:49",assigned
4755,1585,"2026-06-06 01:47:06",resolved
4756,1586,"2026-06-01 17:30:00",created
4757,1586,"2026-06-01 18:25:03",assigned
4758,1586,"2026-06-01 22:05:18",resolved
4759,1587,"2026-06-23 06:51:00",created
4760,1587,"2026-06-23 08:36:46",assigned
4761,1587,"2026-06-23 15:39:50",resolved
4762,1588,"2026-05-31 10:32:00",created
4763,1588,"2026-05-31 13:18:14",assigned
4764,1588,"2026-06-01 00:23:11",resolved
4765,1589,"2026-07-17 02:22:00",created
4766,1589,"2026-07-17 05:13:19",assigned
4767,1589,"2026-07-17 16:38:38",resolved
4768,1590,"2026-07-25 10:38:00",created
4769,1590,"2026-07-25 12:49:51",assigned
4770,1590,"2026-07-25 21:37:16",resolved
4771,1591,"2026-07-13 18:43:00",created
4772,1591,"2026-07-13 20:20:32",assigned
4773,1591,"2026-07-14 02:50:41",resolved
4774,1592,"2026-07-12 11:33:00",created
4775,1592,"2026-07-12 14:00:31",assigned
4776,1592,"2026-07-12 23:50:38",resolved
4777,1593,"2026-06-13 10:08:00",created
4778,1593,"2026-06-13 11:24:25",assigned
4779,1593,"2026-06-13 16:30:08",resolved
4780,1594,"2026-07-03 01:07:00",created
4781,1594,"2026-07-03 01:56:10",assigned
4782,1594,"2026-07-03 05:12:54",resolved
4783,1595,"2026-07-07 00:16:00",created
4784,1595,"2026-07-07 01:22:35",assigned
4785,1595,"2026-07-07 05:48:55",resolved
4786,1596,"2026-07-03 04:27:00",created
4787,1596,"2026-07-03 06:13:19",assigned
4788,1596,"2026-07-03 13:18:38",resolved
4789,1597,"2026-05-29 11:04:00",created
4790,1597,"2026-05-29 12:00:58",assigned
4791,1597,"2026-05-29 15:48:54",resolved
4792,1598,"2026-06-05 14:54:00",created
4793,1598,"2026-06-05 15:55:32",assigned
4794,1598,"2026-06-05 20:01:42",resolved
4795,1599,"2026-07-26 15:51:00",created
4796,1599,"2026-07-26 17:42:33",assigned
4797,1599,"2026-07-27 01:08:48",resolved
4798,1600,"2026-07-08 03:18:00",created
4799,1600,"2026-07-08 05:42:16",assigned
4800,1600,"2026-07-08 15:19:24",resolved
4801,1601,"2026-05-18 12:52:00",created
4802,1601,"2026-05-18 14:40:33",assigned
4803,1601,"2026-05-18 21:54:47",resolved
4804,1602,"2026-05-12 09:59:00",created
4805,1602,"2026-05-12 10:39:58",assigned
4806,1602,"2026-05-12 13:23:50",resolved
4807,1603,"2026-07-21 13:32:00",created
4808,1603,"2026-07-21 14:28:06",assigned
4809,1603,"2026-07-21 18:12:34",resolved
4810,1604,"2026-07-16 14:32:00",created
4811,1604,"2026-07-16 18:27:33",assigned
4812,1604,"2026-07-17 10:09:48",resolved
4813,1605,"2026-05-17 23:38:00",created
4814,1605,"2026-05-18 01:03:00",assigned
4815,1605,"2026-05-18 06:43:03",resolved
4816,1606,"2026-07-14 18:06:00",created
4817,1606,"2026-07-14 19:23:19",assigned
4818,1606,"2026-07-15 00:32:37",resolved
4819,1607,"2026-07-02 15:08:00",created
4820,1607,"2026-07-02 15:58:03",assigned
4821,1607,"2026-07-02 19:18:17",resolved
4822,1608,"2026-07-27 17:10:00",created
4823,1608,"2026-07-27 17:31:44",assigned
4824,1608,"2026-07-27 18:58:43",resolved
4825,1609,"2026-06-16 10:03:00",created
4826,1609,"2026-06-16 10:53:50",assigned
4827,1609,"2026-06-16 14:17:11",resolved
4828,1610,"2026-05-25 08:49:00",created
4829,1610,"2026-05-25 11:07:38",assigned
4830,1610,"2026-05-25 20:22:13",resolved
4831,1611,"2026-05-09 04:32:00",created
4832,1611,"2026-05-09 05:01:56",assigned
4833,1611,"2026-05-09 07:01:40",resolved
4834,1612,"2026-07-25 20:33:00",created
4835,1612,"2026-07-25 22:09:10",assigned
4836,1612,"2026-07-26 04:33:52",resolved
4837,1613,"2026-07-04 05:36:00",created
4838,1613,"2026-07-04 06:36:14",assigned
4839,1613,"2026-07-04 10:37:12",resolved
4840,1614,"2026-07-16 22:01:00",created
4841,1614,"2026-07-17 00:09:02",assigned
4842,1614,"2026-07-17 08:41:11",resolved
4843,1615,"2026-05-05 03:25:00",created
4844,1615,"2026-05-05 05:08:35",assigned
4845,1615,"2026-05-05 12:02:56",resolved
4846,1616,"2026-06-06 22:54:00",created
4847,1616,"2026-06-07 02:22:50",assigned
4848,1616,"2026-06-07 16:18:13",resolved
4849,1617,"2026-07-02 07:36:00",created
4850,1617,"2026-07-02 10:27:06",assigned
4851,1617,"2026-07-02 21:51:31",resolved
4852,1618,"2026-06-23 11:05:00",created
4853,1618,"2026-06-23 14:20:22",assigned
4854,1618,"2026-06-24 03:21:50",resolved
4855,1619,"2026-05-16 21:15:00",created
4856,1619,"2026-05-16 23:52:48",assigned
4857,1619,"2026-05-17 10:24:02",resolved
4858,1620,"2026-07-09 03:42:00",created
4859,1620,"2026-07-09 07:17:39",assigned
4860,1620,"2026-07-09 21:40:17",resolved
4861,1621,"2026-05-20 22:57:00",created
4862,1621,"2026-05-21 00:02:04",assigned
4863,1621,"2026-05-21 04:22:22",resolved
4864,1622,"2026-05-04 00:47:00",created
4865,1622,"2026-05-04 02:51:05",assigned
4866,1622,"2026-05-04 11:07:25",resolved
4867,1623,"2026-07-28 13:20:00",created
4868,1623,"2026-07-28 15:40:40",assigned
4869,1623,"2026-07-29 01:03:21",resolved
4870,1624,"2026-05-27 16:47:00",created
4871,1624,"2026-05-27 17:21:13",assigned
4872,1624,"2026-05-27 19:38:06",resolved
4873,1625,"2026-06-06 08:45:00",created
4874,1625,"2026-06-06 09:04:59",assigned
4875,1625,"2026-06-06 10:24:58",resolved
4876,1626,"2026-06-30 13:11:00",created
4877,1626,"2026-06-30 14:12:39",assigned
4878,1626,"2026-06-30 18:19:17",resolved
4879,1627,"2026-05-17 00:34:00",created
4880,1627,"2026-05-17 01:29:25",assigned
4881,1627,"2026-05-17 05:11:06",resolved
4882,1628,"2026-06-06 22:43:00",created
4883,1628,"2026-06-06 23:42:16",assigned
4884,1628,"2026-06-07 03:39:22",resolved
4885,1629,"2026-06-05 18:17:00",created
4886,1629,"2026-06-05 22:13:01",assigned
4887,1629,"2026-06-06 13:57:07",resolved
4888,1630,"2026-05-07 15:42:00",created
4889,1630,"2026-05-07 17:43:06",assigned
4890,1630,"2026-05-08 01:47:33",resolved
4891,1631,"2026-05-15 23:21:00",created
4892,1631,"2026-05-16 01:46:42",assigned
4893,1631,"2026-05-16 11:29:30",resolved
4894,1632,"2026-07-23 20:05:00",created
4895,1632,"2026-07-24 06:26:53",assigned
4896,1632,"2026-07-25 23:54:26",resolved
4897,1633,"2026-05-27 19:55:00",created
4898,1633,"2026-05-27 20:59:12",assigned
4899,1633,"2026-05-28 01:16:01",resolved
4900,1634,"2026-05-20 19:26:00",created
4901,1634,"2026-05-20 22:44:52",assigned
4902,1634,"2026-05-21 12:00:20",resolved
4903,1635,"2026-06-05 07:44:00",created
4904,1635,"2026-06-05 09:20:34",assigned
4905,1635,"2026-06-05 15:46:53",resolved
4906,1636,"2026-06-26 01:52:00",created
4907,1636,"2026-06-26 02:27:03",assigned
4908,1636,"2026-06-26 04:47:15",resolved
4909,1637,"2026-07-25 21:32:00",created
4910,1637,"2026-07-25 22:42:06",assigned
4911,1637,"2026-07-26 03:22:32",resolved
4912,1638,"2026-07-25 13:36:00",created
4913,1638,"2026-07-25 15:12:07",assigned
4914,1638,"2026-07-25 21:36:38",resolved
4915,1639,"2026-07-07 13:24:00",created
4916,1639,"2026-07-07 14:01:37",assigned
4917,1639,"2026-07-07 16:32:05",resolved
4918,1640,"2026-06-09 16:02:00",created
4919,1640,"2026-06-09 17:56:38",assigned
4920,1640,"2026-06-10 01:35:10",resolved
4921,1641,"2026-06-02 20:16:00",created
4922,1641,"2026-06-02 23:08:48",assigned
4923,1641,"2026-06-03 10:40:01",resolved
4924,1642,"2026-05-08 21:41:00",created
4925,1642,"2026-05-09 00:47:06",assigned
4926,1642,"2026-05-09 13:11:31",resolved
4927,1643,"2026-06-14 07:23:00",created
4928,1643,"2026-06-14 08:45:36",assigned
4929,1643,"2026-06-14 14:16:03",resolved
4930,1644,"2026-06-24 16:02:00",created
4931,1644,"2026-06-24 19:01:41",assigned
4932,1644,"2026-06-25 07:00:28",resolved
4933,1645,"2026-07-04 16:22:00",created
4934,1645,"2026-07-04 20:10:02",assigned
4935,1645,"2026-07-05 11:22:12",resolved
4936,1646,"2026-07-13 15:03:00",created
4937,1646,"2026-07-13 16:38:21",assigned
4938,1646,"2026-07-13 22:59:49",resolved
4939,1647,"2026-06-04 07:04:00",created
4940,1647,"2026-06-04 11:20:22",assigned
4941,1647,"2026-06-05 04:25:50",resolved
4942,1648,"2026-07-14 19:53:00",created
4943,1648,"2026-07-14 23:08:21",assigned
4944,1648,"2026-07-15 12:09:46",resolved
4945,1649,"2026-06-11 22:06:00",created
4946,1649,"2026-06-12 00:56:08",assigned
4947,1649,"2026-06-12 12:16:43",resolved
4948,1650,"2026-07-12 22:10:00",created
4949,1650,"2026-07-12 23:20:04",assigned
4950,1650,"2026-07-13 04:00:24",resolved
4951,1651,"2026-06-24 10:19:00",created
4952,1651,"2026-06-24 12:41:54",assigned
4953,1651,"2026-06-24 22:13:33",resolved
4954,1652,"2026-05-20 01:03:00",created
4955,1652,"2026-05-20 01:50:59",assigned
4956,1652,"2026-05-20 05:02:58",resolved
4957,1653,"2026-06-04 04:14:00",created
4958,1653,"2026-06-04 06:48:04",assigned
4959,1653,"2026-06-04 17:04:20",resolved
4960,1654,"2026-05-03 04:31:00",created
4961,1654,"2026-05-03 07:02:23",assigned
4962,1654,"2026-05-03 17:07:56",resolved
4963,1655,"2026-05-27 16:49:00",created
4964,1655,"2026-05-27 18:21:22",assigned
4965,1655,"2026-05-28 00:30:53",resolved
4966,1656,"2026-06-01 20:59:00",created
4967,1656,"2026-06-01 22:17:21",assigned
4968,1656,"2026-06-02 03:30:49",resolved
4969,1657,"2026-06-22 14:12:00",created
4970,1657,"2026-06-22 18:44:19",assigned
4971,1657,"2026-06-23 12:53:37",resolved
4972,1658,"2026-07-02 05:48:00",created
4973,1658,"2026-07-02 08:10:18",assigned
4974,1658,"2026-07-02 17:39:34",resolved
4975,1659,"2026-05-20 06:27:00",created
4976,1659,"2026-05-20 07:48:14",assigned
4977,1659,"2026-05-20 13:13:10",resolved
4978,1660,"2026-06-20 04:03:00",created
4979,1660,"2026-06-20 05:33:11",assigned
4980,1660,"2026-06-20 11:33:59",resolved
4981,1661,"2026-05-31 15:04:00",created
4982,1661,"2026-05-31 16:50:02",assigned
4983,1661,"2026-05-31 23:54:11",resolved
4984,1662,"2026-07-01 00:24:00",created
4985,1662,"2026-07-01 02:02:19",assigned
4986,1662,"2026-07-01 08:35:39",resolved
4987,1663,"2026-05-02 13:16:00",created
4988,1663,"2026-05-02 14:04:37",assigned
4989,1663,"2026-05-02 17:19:08",resolved
4990,1664,"2026-05-24 19:08:00",created
4991,1664,"2026-05-24 20:58:35",assigned
4992,1664,"2026-05-25 04:20:58",resolved
4993,1665,"2026-05-30 10:36:00",created
4994,1665,"2026-05-30 12:50:17",assigned
4995,1665,"2026-05-30 21:47:28",resolved
4996,1666,"2026-05-20 20:43:00",created
4997,1666,"2026-05-20 22:23:14",assigned
4998,1666,"2026-05-21 05:04:11",resolved
4999,1667,"2026-05-13 22:02:00",created
5000,1667,"2026-05-13 22:41:25",assigned
5001,1667,"2026-05-14 01:19:08",resolved
5002,1668,"2026-05-21 04:48:00",created
5003,1668,"2026-05-21 09:12:40",assigned
5004,1668,"2026-05-22 02:51:21",resolved
5005,1669,"2026-05-23 08:39:00",created
5006,1669,"2026-05-23 09:11:01",assigned
5007,1669,"2026-05-23 11:19:07",resolved
5008,1670,"2026-05-20 02:55:00",created
5009,1670,"2026-05-20 05:31:19",assigned
5010,1670,"2026-05-20 15:56:39",resolved
5011,1671,"2026-07-06 20:23:00",created
5012,1671,"2026-07-06 21:04:42",assigned
5013,1671,"2026-07-06 23:51:33",resolved
5014,1672,"2026-05-13 19:56:00",created
5015,1672,"2026-05-13 22:14:04",assigned
5016,1672,"2026-05-14 07:26:22",resolved
5017,1673,"2026-07-06 20:21:00",created
5018,1673,"2026-07-06 23:04:44",assigned
5019,1673,"2026-07-07 09:59:40",resolved
5020,1674,"2026-07-17 03:55:00",created
5021,1674,"2026-07-17 04:48:38",assigned
5022,1674,"2026-07-17 08:23:14",resolved
5023,1675,"2026-05-05 16:01:00",created
5024,1675,"2026-05-05 17:41:04",assigned
5025,1675,"2026-05-06 00:21:22",resolved
5026,1676,"2026-07-24 00:02:00",created
5027,1676,"2026-07-24 03:50:56",assigned
5028,1676,"2026-07-24 19:06:41",resolved
5029,1677,"2026-06-27 12:21:00",created
5030,1677,"2026-06-27 13:29:34",assigned
5031,1677,"2026-06-27 18:03:51",resolved
5032,1678,"2026-05-29 06:38:00",created
5033,1678,"2026-05-29 10:01:10",assigned
5034,1678,"2026-05-29 23:33:50",resolved
5035,1679,"2026-05-23 15:38:00",created
5036,1679,"2026-05-23 17:09:48",assigned
5037,1679,"2026-05-23 23:17:00",resolved
5038,1680,"2026-06-09 03:38:00",created
5039,1680,"2026-06-09 04:27:50",assigned
5040,1680,"2026-06-09 07:47:13",resolved
5041,1681,"2026-06-12 23:24:00",created
5042,1681,"2026-06-13 00:35:40",assigned
5043,1681,"2026-06-13 05:22:24",resolved
5044,1682,"2026-05-17 17:56:00",created
5045,1682,"2026-05-17 19:24:49",assigned
5046,1682,"2026-05-18 01:20:08",resolved
5047,1683,"2026-07-02 15:56:00",created
5048,1683,"2026-07-02 19:32:27",assigned
5049,1683,"2026-07-03 09:58:17",resolved
5050,1684,"2026-07-04 07:33:00",created
5051,1684,"2026-07-04 09:34:00",assigned
5052,1684,"2026-07-04 17:38:01",resolved
5053,1685,"2026-06-26 01:21:00",created
5054,1685,"2026-06-26 02:47:12",assigned
5055,1685,"2026-06-26 08:32:01",resolved
5056,1686,"2026-06-25 00:35:00",created
5057,1686,"2026-06-25 05:58:26",assigned
5058,1686,"2026-06-26 03:32:10",resolved
5059,1687,"2026-05-09 07:16:00",created
5060,1687,"2026-05-09 07:54:50",assigned
5061,1687,"2026-05-09 10:30:13",resolved
5062,1688,"2026-05-12 19:40:00",created
5063,1688,"2026-05-12 20:12:39",assigned
5064,1688,"2026-05-12 22:23:19",resolved
5065,1689,"2026-07-28 17:27:00",created
5066,1689,"2026-07-28 19:28:07",assigned
5067,1689,"2026-07-29 03:32:35",resolved
5068,1690,"2026-07-18 08:24:00",created
5069,1690,"2026-07-18 09:57:30",assigned
5070,1690,"2026-07-18 16:11:33",resolved
5071,1691,"2026-07-02 03:45:00",created
5072,1691,"2026-07-02 04:35:26",assigned
5073,1691,"2026-07-02 07:57:12",resolved
5074,1692,"2026-06-28 23:53:00",created
5075,1692,"2026-06-29 00:11:25",assigned
5076,1692,"2026-06-29 01:25:05",resolved
5077,1693,"2026-05-11 10:23:00",created
5078,1693,"2026-05-11 13:07:58",assigned
5079,1693,"2026-05-12 00:07:51",resolved
5080,1694,"2026-07-10 16:39:00",created
5081,1694,"2026-07-10 20:09:00",assigned
5082,1694,"2026-07-11 10:09:03",resolved
5083,1695,"2026-06-08 16:36:00",created
5084,1695,"2026-06-08 17:41:07",assigned
5085,1695,"2026-06-08 22:01:39",resolved
5086,1696,"2026-07-28 13:23:00",created
5087,1696,"2026-07-28 15:21:33",assigned
5088,1696,"2026-07-28 23:15:49",resolved
5089,1697,"2026-06-01 06:20:00",created
5090,1697,"2026-06-01 07:12:06",assigned
5091,1697,"2026-06-01 10:40:33",resolved
5092,1698,"2026-07-13 02:28:00",created
5093,1698,"2026-07-13 05:22:04",assigned
5094,1698,"2026-07-13 16:58:22",resolved
5095,1699,"2026-06-10 02:11:00",created
5096,1699,"2026-06-10 02:37:24",assigned
5097,1699,"2026-06-10 04:23:00",resolved
5098,1700,"2026-06-08 08:25:00",created
5099,1700,"2026-06-08 11:10:13",assigned
5100,1700,"2026-06-08 22:11:09",resolved
5101,1701,"2026-06-15 06:22:00",created
5102,1701,"2026-06-15 08:10:44",assigned
5103,1701,"2026-06-15 15:25:40",resolved
5104,1702,"2026-06-25 07:48:00",created
5105,1702,"2026-06-25 08:42:44",assigned
5106,1702,"2026-06-25 12:21:42",resolved
5107,1703,"2026-06-16 17:23:00",created
5108,1703,"2026-06-16 18:56:22",assigned
5109,1703,"2026-06-17 01:09:54",resolved
5110,1704,"2026-06-20 14:56:00",created
5111,1704,"2026-06-20 15:48:16",assigned
5112,1704,"2026-06-20 19:17:24",resolved
5113,1705,"2026-06-13 16:00:00",created
5114,1705,"2026-06-13 18:58:09",assigned
5115,1705,"2026-06-14 06:50:47",resolved
5116,1706,"2026-07-08 16:32:00",created
5117,1706,"2026-07-08 18:05:10",assigned
5118,1706,"2026-07-09 00:17:53",resolved
5119,1707,"2026-05-09 16:33:00",created
5120,1707,"2026-05-09 17:08:26",assigned
5121,1707,"2026-05-09 19:30:10",resolved
5122,1708,"2026-07-28 20:13:00",created
5123,1708,"2026-07-28 21:38:35",assigned
5124,1708,"2026-07-29 03:20:59",resolved
5125,1709,"2026-07-13 07:34:00",created
5126,1709,"2026-07-13 09:11:48",assigned
5127,1709,"2026-07-13 15:43:02",resolved
5128,1710,"2026-05-06 04:14:00",created
5129,1710,"2026-05-06 05:02:42",assigned
5130,1710,"2026-05-06 08:17:34",resolved
5131,1711,"2026-06-16 01:58:00",created
5132,1711,"2026-06-16 02:34:54",assigned
5133,1711,"2026-06-16 05:02:31",resolved
5134,1712,"2026-07-20 22:38:00",created
5135,1712,"2026-07-21 00:04:54",assigned
5136,1712,"2026-07-21 05:52:33",resolved
5137,1713,"2026-07-04 10:32:00",created
5138,1713,"2026-07-04 12:55:35",assigned
5139,1713,"2026-07-04 22:29:55",resolved
5140,1714,"2026-05-11 06:10:00",created
5141,1714,"2026-05-11 06:34:24",assigned
5142,1714,"2026-05-11 08:12:04",resolved
5143,1715,"2026-05-03 22:58:00",created
5144,1715,"2026-05-04 00:03:24",assigned
5145,1715,"2026-05-04 04:25:01",resolved
5146,1716,"2026-05-07 08:59:00",created
5147,1716,"2026-05-07 10:28:14",assigned
5148,1716,"2026-05-07 16:25:12",resolved
5149,1717,"2026-06-13 08:02:00",created
5150,1717,"2026-06-13 10:58:47",assigned
5151,1717,"2026-06-13 22:45:58",resolved
5152,1718,"2026-06-05 01:59:00",created
5153,1718,"2026-06-05 03:18:59",assigned
5154,1718,"2026-06-05 08:38:55",resolved
5155,1719,"2026-07-25 01:29:00",created
5156,1719,"2026-07-25 03:36:19",assigned
5157,1719,"2026-07-25 12:05:38",resolved
5158,1720,"2026-06-26 11:31:00",created
5159,1720,"2026-06-26 13:13:11",assigned
5160,1720,"2026-06-26 20:01:59",resolved
5161,1721,"2026-07-06 04:41:00",created
5162,1721,"2026-07-06 05:35:16",assigned
5163,1721,"2026-07-06 09:12:23",resolved
5164,1722,"2026-06-09 15:11:00",created
5165,1722,"2026-06-09 19:59:48",assigned
5166,1722,"2026-06-10 15:15:01",resolved
5167,1723,"2026-07-01 13:17:00",created
5168,1723,"2026-07-01 15:37:17",assigned
5169,1723,"2026-07-02 00:58:28",resolved
5170,1724,"2026-07-05 03:27:00",created
5171,1724,"2026-07-05 05:10:21",assigned
5172,1724,"2026-07-05 12:03:47",resolved
5173,1725,"2026-05-31 12:13:00",created
5174,1725,"2026-05-31 16:43:01",assigned
5175,1725,"2026-06-01 10:43:09",resolved
5176,1726,"2026-07-12 03:11:00",created
5177,1726,"2026-07-12 05:28:48",assigned
5178,1726,"2026-07-12 14:40:03",resolved
5179,1727,"2026-05-26 16:44:00",created
5180,1727,"2026-05-26 18:43:04",assigned
5181,1727,"2026-05-27 02:39:21",resolved
5182,1728,"2026-07-29 17:36:00",created
5183,1728,"2026-07-29 20:08:22",assigned
5184,1728,"2026-07-30 06:17:52",resolved
5185,1729,"2026-06-08 20:36:00",created
5186,1729,"2026-06-08 22:01:01",assigned
5187,1729,"2026-06-09 03:41:08",resolved
5188,1730,"2026-07-08 02:51:00",created
5189,1730,"2026-07-08 04:36:09",assigned
5190,1730,"2026-07-08 11:36:47",resolved
5191,1731,"2026-07-03 06:58:00",created
5192,1731,"2026-07-03 09:20:46",assigned
5193,1731,"2026-07-03 18:51:53",resolved
5194,1732,"2026-05-22 03:41:00",created
5195,1732,"2026-05-22 04:32:24",assigned
5196,1732,"2026-05-22 07:58:00",resolved
5197,1733,"2026-05-14 13:03:00",created
5198,1733,"2026-05-14 14:37:36",assigned
5199,1733,"2026-05-14 20:56:04",resolved
5200,1734,"2026-07-10 10:58:00",created
5201,1734,"2026-07-10 12:52:12",assigned
5202,1734,"2026-07-10 20:29:04",resolved
5203,1735,"2026-06-27 17:20:00",created
5204,1735,"2026-06-28 00:27:38",assigned
5205,1735,"2026-06-29 04:58:13",resolved
5206,1736,"2026-07-28 15:18:00",created
5207,1736,"2026-07-28 16:59:08",assigned
5208,1736,"2026-07-28 23:43:44",resolved
5209,1737,"2026-07-08 12:32:00",created
5210,1737,"2026-07-08 14:06:51",assigned
5211,1737,"2026-07-08 20:26:19",resolved
5212,1738,"2026-05-05 19:01:00",created
5213,1738,"2026-05-05 20:02:44",assigned
5214,1738,"2026-05-06 00:09:42",resolved
5215,1739,"2026-06-19 15:45:00",created
5216,1739,"2026-06-19 17:32:38",assigned
5217,1739,"2026-06-20 00:43:14",resolved
5218,1740,"2026-06-15 16:16:00",created
5219,1740,"2026-06-15 20:18:42",assigned
5220,1740,"2026-06-16 12:29:34",resolved
5221,1741,"2026-06-02 02:07:00",created
5222,1741,"2026-06-02 04:38:57",assigned
5223,1741,"2026-06-02 14:46:46",resolved
5224,1742,"2026-07-25 16:25:00",created
5225,1742,"2026-07-25 17:36:21",assigned
5226,1742,"2026-07-25 22:21:46",resolved
5227,1743,"2026-05-21 01:25:00",created
5228,1743,"2026-05-21 03:58:35",assigned
5229,1743,"2026-05-21 14:12:58",resolved
5230,1744,"2026-05-26 06:46:00",created
5231,1744,"2026-05-26 07:25:29",assigned
5232,1744,"2026-05-26 10:03:26",resolved
5233,1745,"2026-05-31 09:05:00",created
5234,1745,"2026-05-31 10:29:31",assigned
5235,1745,"2026-05-31 16:07:36",resolved
5236,1746,"2026-05-28 03:30:00",created
5237,1746,"2026-05-28 07:11:15",assigned
5238,1746,"2026-05-28 21:56:15",resolved
5239,1747,"2026-07-23 18:29:00",created
5240,1747,"2026-07-23 23:27:38",assigned
5241,1747,"2026-07-24 19:22:10",resolved
5242,1748,"2026-06-11 17:32:00",created
5243,1748,"2026-06-11 19:31:07",assigned
5244,1748,"2026-06-12 03:27:37",resolved
5245,1749,"2026-06-17 18:18:00",created
5246,1749,"2026-06-17 19:29:58",assigned
5247,1749,"2026-06-18 00:17:50",resolved
5248,1750,"2026-07-29 15:03:00",created
5249,1750,"2026-07-29 17:28:44",assigned
5250,1750,"2026-07-30 03:11:43",resolved
5251,1751,"2026-06-03 13:27:00",created
5252,1751,"2026-06-03 16:32:35",assigned
5253,1751,"2026-06-04 04:54:55",resolved
5254,1752,"2026-05-14 17:14:00",created
5255,1752,"2026-05-14 18:00:41",assigned
5256,1752,"2026-05-14 21:07:28",resolved
5257,1753,"2026-06-21 11:41:00",created
5258,1753,"2026-06-21 17:30:12",assigned
5259,1753,"2026-06-22 16:47:00",resolved
5260,1754,"2026-06-14 06:27:00",created
5261,1754,"2026-06-14 09:05:09",assigned
5262,1754,"2026-06-14 19:37:49",resolved
5263,1755,"2026-06-09 09:12:00",created
5264,1755,"2026-06-09 10:52:28",assigned
5265,1755,"2026-06-09 17:34:21",resolved
5266,1756,"2026-07-20 04:25:00",created
5267,1756,"2026-07-20 06:02:32",assigned
5268,1756,"2026-07-20 12:32:42",resolved
5269,1757,"2026-07-07 03:26:00",created
5270,1757,"2026-07-07 04:53:57",assigned
5271,1757,"2026-07-07 10:45:46",resolved
5272,1758,"2026-06-28 07:18:00",created
5273,1758,"2026-06-28 08:18:07",assigned
5274,1758,"2026-06-28 12:18:38",resolved
5275,1759,"2026-07-25 21:19:00",created
5276,1759,"2026-07-26 03:09:16",assigned
5277,1759,"2026-07-27 02:30:21",resolved
5278,1760,"2026-07-28 06:27:00",created
5279,1760,"2026-07-28 08:34:14",assigned
5280,1760,"2026-07-28 17:03:13",resolved
5281,1761,"2026-05-29 00:10:00",created
5282,1761,"2026-05-29 01:21:28",assigned
5283,1761,"2026-05-29 06:07:20",resolved
5284,1762,"2026-05-19 01:55:00",created
5285,1762,"2026-05-19 04:34:55",assigned
5286,1762,"2026-05-19 15:14:39",resolved
5287,1763,"2026-05-09 02:37:00",created
5288,1763,"2026-05-09 03:03:13",assigned
5289,1763,"2026-05-09 04:48:07",resolved
5290,1764,"2026-06-23 22:39:00",created
5291,1764,"2026-06-23 23:52:15",assigned
5292,1764,"2026-06-24 04:45:16",resolved
5293,1765,"2026-06-25 05:21:00",created
5294,1765,"2026-06-25 07:34:41",assigned
5295,1765,"2026-06-25 16:29:26",resolved
5296,1766,"2026-06-04 08:54:00",created
5297,1766,"2026-06-04 09:41:35",assigned
5298,1766,"2026-06-04 12:51:58",resolved
5299,1767,"2026-06-22 07:33:00",created
5300,1767,"2026-06-22 09:37:18",assigned
5301,1767,"2026-06-22 17:54:31",resolved
5302,1768,"2026-05-25 21:09:00",created
5303,1768,"2026-05-25 22:37:58",assigned
5304,1768,"2026-05-26 04:33:54",resolved
5305,1769,"2026-06-26 03:08:00",created
5306,1769,"2026-06-26 07:48:58",assigned
5307,1769,"2026-06-27 02:32:52",resolved
5308,1770,"2026-05-23 12:39:00",created
5309,1770,"2026-05-23 14:14:06",assigned
5310,1770,"2026-05-23 20:34:34",resolved
5311,1771,"2026-06-17 01:52:00",created
5312,1771,"2026-06-17 07:52:12",assigned
5313,1771,"2026-06-18 07:53:02",resolved
5314,1772,"2026-07-13 10:43:00",created
5315,1772,"2026-07-13 11:46:31",assigned
5316,1772,"2026-07-13 16:00:39",resolved
5317,1773,"2026-06-04 13:01:00",created
5318,1773,"2026-06-04 14:39:06",assigned
5319,1773,"2026-06-04 21:11:30",resolved
5320,1774,"2026-07-23 13:07:00",created
5321,1774,"2026-07-23 14:33:48",assigned
5322,1774,"2026-07-23 20:21:03",resolved
5323,1775,"2026-06-05 10:20:00",created
5324,1775,"2026-06-05 11:46:10",assigned
5325,1775,"2026-06-05 17:30:51",resolved
5326,1776,"2026-05-05 01:46:00",created
5327,1776,"2026-05-05 03:39:23",assigned
5328,1776,"2026-05-05 11:12:59",resolved
5329,1777,"2026-06-30 22:34:00",created
5330,1777,"2026-07-01 00:01:57",assigned
5331,1777,"2026-07-01 05:53:47",resolved
5332,1778,"2026-07-28 23:20:00",created
5333,1778,"2026-07-28 23:38:47",assigned
5334,1778,"2026-07-29 00:53:55",resolved
5335,1779,"2026-05-25 12:40:00",created
5336,1779,"2026-05-25 13:43:38",assigned
5337,1779,"2026-05-25 17:58:13",resolved
5338,1780,"2026-05-29 17:37:00",created
5339,1780,"2026-05-29 18:16:30",assigned
5340,1780,"2026-05-29 20:54:31",resolved
5341,1781,"2026-05-28 07:43:00",created
5342,1781,"2026-05-28 08:50:19",assigned
5343,1781,"2026-05-28 13:19:37",resolved
5344,1782,"2026-07-11 02:05:00",created
5345,1782,"2026-07-11 02:21:32",assigned
5346,1782,"2026-07-11 03:27:40",resolved
5347,1783,"2026-07-24 16:06:00",created
5348,1783,"2026-07-24 18:09:45",assigned
5349,1783,"2026-07-25 02:24:46",resolved
5350,1784,"2026-05-18 23:12:00",created
5351,1784,"2026-05-19 00:18:41",assigned
5352,1784,"2026-05-19 04:45:26",resolved
5353,1785,"2026-05-21 13:39:00",created
5354,1785,"2026-05-21 16:28:05",assigned
5355,1785,"2026-05-22 03:44:26",resolved
5356,1786,"2026-05-31 21:51:00",created
5357,1786,"2026-06-01 00:38:14",assigned
5358,1786,"2026-06-01 11:47:10",resolved
5359,1787,"2026-06-12 21:26:00",created
5360,1787,"2026-06-12 23:33:48",assigned
5361,1787,"2026-06-13 08:05:03",resolved
5362,1788,"2026-06-18 00:49:00",created
5363,1788,"2026-06-18 01:43:25",assigned
5364,1788,"2026-06-18 05:21:09",resolved
5365,1789,"2026-06-04 21:47:00",created
5366,1789,"2026-06-04 22:57:47",assigned
5367,1789,"2026-06-05 03:40:59",resolved
5368,1790,"2026-05-10 04:55:00",created
5369,1790,"2026-05-10 06:15:18",assigned
5370,1790,"2026-05-10 11:36:33",resolved
5371,1791,"2026-05-30 00:05:00",created
5372,1791,"2026-05-30 01:22:02",assigned
5373,1791,"2026-05-30 06:30:14",resolved
5374,1792,"2026-05-07 09:56:00",created
5375,1792,"2026-05-07 10:47:34",assigned
5376,1792,"2026-05-07 14:13:52",resolved
5377,1793,"2026-07-29 14:57:00",created
5378,1793,"2026-07-29 15:32:44",assigned
5379,1793,"2026-07-29 17:55:42",resolved
5380,1794,"2026-07-24 13:52:00",created
5381,1794,"2026-07-24 14:37:19",assigned
5382,1794,"2026-07-24 17:38:38",resolved
5383,1795,"2026-07-03 23:30:00",created
5384,1795,"2026-07-04 00:43:38",assigned
5385,1795,"2026-07-04 05:38:11",resolved
5386,1796,"2026-05-17 03:13:00",created
5387,1796,"2026-05-17 06:27:28",assigned
5388,1796,"2026-05-17 19:25:23",resolved
5389,1797,"2026-06-25 20:31:00",created
5390,1797,"2026-06-25 21:39:39",assigned
5391,1797,"2026-06-26 02:14:17",resolved
5392,1798,"2026-06-04 03:43:00",created
5393,1798,"2026-06-04 04:34:14",assigned
5394,1798,"2026-06-04 07:59:11",resolved
5395,1799,"2026-07-20 07:01:00",created
5396,1799,"2026-07-20 08:49:49",assigned
5397,1799,"2026-07-20 16:05:08",resolved
5398,1800,"2026-05-01 09:16:00",created
5399,1800,"2026-05-01 10:53:09",assigned
5400,1800,"2026-05-01 17:21:49",resolved
5401,1801,"2026-07-18 19:21:00",created
5402,1801,"2026-07-18 20:22:59",assigned
5403,1801,"2026-07-19 00:30:57",resolved
5404,1802,"2026-07-10 16:51:00",created
5405,1802,"2026-07-10 18:01:45",assigned
5406,1802,"2026-07-10 22:44:47",resolved
5407,1803,"2026-06-09 20:28:00",created
5408,1803,"2026-06-09 22:04:31",assigned
5409,1803,"2026-06-10 04:30:38",resolved
5410,1804,"2026-06-27 08:37:00",created
5411,1804,"2026-06-27 09:35:18",assigned
5412,1804,"2026-06-27 13:28:30",resolved
5413,1805,"2026-06-08 03:23:00",created
5414,1805,"2026-06-08 04:00:38",assigned
5415,1805,"2026-06-08 06:31:12",resolved
5416,1806,"2026-05-23 17:17:00",created
5417,1806,"2026-05-23 18:37:29",assigned
5418,1806,"2026-05-23 23:59:29",resolved
5419,1807,"2026-05-11 19:12:00",created
5420,1807,"2026-05-11 19:58:58",assigned
5421,1807,"2026-05-11 23:06:53",resolved
5422,1808,"2026-05-05 03:33:00",created
5423,1808,"2026-05-05 04:07:07",assigned
5424,1808,"2026-05-05 06:23:35",resolved
5425,1809,"2026-06-23 05:49:00",created
5426,1809,"2026-06-23 07:18:25",assigned
5427,1809,"2026-06-23 13:16:09",resolved
5428,1810,"2026-05-13 01:24:00",created
5429,1810,"2026-05-13 02:12:45",assigned
5430,1810,"2026-05-13 05:27:48",resolved
5431,1811,"2026-05-18 01:46:00",created
5432,1811,"2026-05-18 03:17:45",assigned
5433,1811,"2026-05-18 09:24:47",resolved
5434,1812,"2026-05-04 00:06:00",created
5435,1812,"2026-05-04 01:04:25",assigned
5436,1812,"2026-05-04 04:58:09",resolved
5437,1813,"2026-06-14 05:01:00",created
5438,1813,"2026-06-14 07:27:58",assigned
5439,1813,"2026-06-14 17:15:50",resolved
5440,1814,"2026-06-18 17:20:00",created
5441,1814,"2026-06-18 18:13:40",assigned
5442,1814,"2026-06-18 21:48:24",resolved
5443,1815,"2026-05-29 04:35:00",created
5444,1815,"2026-05-29 05:34:42",assigned
5445,1815,"2026-05-29 09:33:31",resolved
5446,1816,"2026-06-07 07:30:00",created
5447,1816,"2026-06-07 08:45:10",assigned
5448,1816,"2026-06-07 13:45:50",resolved
5449,1817,"2026-05-21 05:55:00",created
5450,1817,"2026-05-21 14:13:07",assigned
5451,1817,"2026-05-22 23:25:35",resolved
5452,1818,"2026-07-22 23:49:00",created
5453,1818,"2026-07-23 00:41:58",assigned
5454,1818,"2026-07-23 04:13:50",resolved
5455,1819,"2026-07-10 14:04:00",created
5456,1819,"2026-07-10 15:32:16",assigned
5457,1819,"2026-07-10 21:25:22",resolved
5458,1820,"2026-05-14 16:28:00",created
5459,1820,"2026-05-14 22:47:27",assigned
5460,1820,"2026-05-16 00:05:17",resolved
5461,1821,"2026-07-06 08:17:00",created
5462,1821,"2026-07-06 11:53:04",assigned
5463,1821,"2026-07-07 02:17:24",resolved
5464,1822,"2026-05-07 15:13:00",created
5465,1822,"2026-05-07 16:11:04",assigned
5466,1822,"2026-05-07 20:03:22",resolved
5467,1823,"2026-07-04 21:18:00",created
5468,1823,"2026-07-04 22:43:03",assigned
5469,1823,"2026-07-05 04:23:16",resolved
5470,1824,"2026-06-18 11:07:00",created
5471,1824,"2026-06-18 12:08:19",assigned
5472,1824,"2026-06-18 16:13:35",resolved
5473,1825,"2026-06-03 18:32:00",created
5474,1825,"2026-06-03 19:23:33",assigned
5475,1825,"2026-06-03 22:49:49",resolved
5476,1826,"2026-05-07 05:40:00",created
5477,1826,"2026-05-07 07:33:41",assigned
5478,1826,"2026-05-07 15:08:25",resolved
5479,1827,"2026-07-03 03:22:00",created
5480,1827,"2026-07-03 06:25:18",assigned
5481,1827,"2026-07-03 18:38:32",resolved
5482,1828,"2026-06-27 23:25:00",created
5483,1828,"2026-06-28 00:46:59",assigned
5484,1828,"2026-06-28 06:14:59",resolved
5485,1829,"2026-05-21 16:19:00",created
5486,1829,"2026-05-21 19:11:01",assigned
5487,1829,"2026-05-22 06:39:06",resolved
5488,1830,"2026-06-09 02:49:00",created
5489,1830,"2026-06-09 04:06:36",assigned
5490,1830,"2026-06-09 09:17:02",resolved
5491,1831,"2026-07-14 16:46:00",created
5492,1831,"2026-07-14 18:51:23",assigned
5493,1831,"2026-07-15 03:12:58",resolved
5494,1832,"2026-07-25 20:11:00",created
5495,1832,"2026-07-25 21:27:06",assigned
5496,1832,"2026-07-26 02:31:32",resolved
5497,1833,"2026-05-20 12:50:00",created
5498,1833,"2026-05-20 13:42:41",assigned
5499,1833,"2026-05-20 17:13:27",resolved
5500,1834,"2026-05-13 09:22:00",created
5501,1834,"2026-05-13 11:38:52",assigned
5502,1834,"2026-05-13 20:46:24",resolved
5503,1835,"2026-06-10 13:32:00",created
5504,1835,"2026-06-10 14:46:01",assigned
5505,1835,"2026-06-10 19:42:06",resolved
5506,1836,"2026-06-06 15:25:00",created
5507,1836,"2026-06-06 17:28:59",assigned
5508,1836,"2026-06-07 01:44:57",resolved
5509,1837,"2026-07-19 08:55:00",created
5510,1837,"2026-07-19 11:09:52",assigned
5511,1837,"2026-07-19 20:09:23",resolved
5512,1838,"2026-06-26 05:31:00",created
5513,1838,"2026-06-26 06:04:18",assigned
5514,1838,"2026-06-26 08:17:33",resolved
5515,1839,"2026-05-06 20:25:00",created
5516,1839,"2026-05-06 21:57:54",assigned
5517,1839,"2026-05-07 04:09:34",resolved
5518,1840,"2026-06-05 18:55:00",created
5519,1840,"2026-06-05 20:38:40",assigned
5520,1840,"2026-06-06 03:33:21",resolved
5521,1841,"2026-07-24 06:17:00",created
5522,1841,"2026-07-24 16:31:59",assigned
5523,1841,"2026-07-26 09:31:58",resolved
5524,1842,"2026-07-06 08:46:00",created
5525,1842,"2026-07-06 09:46:07",assigned
5526,1842,"2026-07-06 13:46:39",resolved
5527,1843,"2026-07-26 18:18:00",created
5528,1843,"2026-07-26 19:22:14",assigned
5529,1843,"2026-07-26 23:39:14",resolved
5530,1844,"2026-06-06 18:21:00",created
5531,1844,"2026-06-06 19:59:55",assigned
5532,1844,"2026-06-07 02:35:36",resolved
5533,1845,"2026-05-10 12:17:00",created
5534,1845,"2026-05-10 12:57:18",assigned
5535,1845,"2026-05-10 15:38:33",resolved
5536,1846,"2026-05-06 14:18:00",created
5537,1846,"2026-05-06 15:22:57",assigned
5538,1846,"2026-05-06 19:42:46",resolved
5539,1847,"2026-05-17 22:48:00",created
5540,1847,"2026-05-18 01:04:21",assigned
5541,1847,"2026-05-18 10:09:46",resolved
5542,1848,"2026-05-28 08:55:00",created
5543,1848,"2026-05-28 10:14:41",assigned
5544,1848,"2026-05-28 15:33:28",resolved
5545,1849,"2026-07-15 17:24:00",created
5546,1849,"2026-07-15 19:16:32",assigned
5547,1849,"2026-07-16 02:46:41",resolved
5548,1850,"2026-07-23 21:51:00",created
5549,1850,"2026-07-23 22:52:30",assigned
5550,1850,"2026-07-24 02:58:30",resolved
5551,1851,"2026-06-14 22:31:00",created
5552,1851,"2026-06-15 01:38:46",assigned
5553,1851,"2026-06-15 14:09:51",resolved
5554,1852,"2026-05-30 15:44:00",created
5555,1852,"2026-05-30 18:23:53",assigned
5556,1852,"2026-05-31 05:03:26",resolved
5557,1853,"2026-07-23 11:40:00",created
5558,1853,"2026-07-23 13:07:32",assigned
5559,1853,"2026-07-23 18:57:41",resolved
5560,1854,"2026-07-03 03:15:00",created
5561,1854,"2026-07-03 04:04:45",assigned
5562,1854,"2026-07-03 07:23:49",resolved
5563,1855,"2026-07-22 23:54:00",created
5564,1855,"2026-07-23 02:17:09",assigned
5565,1855,"2026-07-23 11:49:46",resolved
5566,1856,"2026-06-12 00:20:00",created
5567,1856,"2026-06-12 03:35:21",assigned
5568,1856,"2026-06-12 16:36:47",resolved
5569,1857,"2026-06-08 16:30:00",created
5570,1857,"2026-06-08 18:08:20",assigned
5571,1857,"2026-06-09 00:41:43",resolved
5572,1858,"2026-05-02 03:38:00",created
5573,1858,"2026-05-02 05:20:12",assigned
5574,1858,"2026-05-02 12:09:01",resolved
5575,1859,"2026-05-03 05:39:00",created
5576,1859,"2026-05-03 06:41:54",assigned
5577,1859,"2026-05-03 10:53:32",resolved
5578,1860,"2026-06-21 01:04:00",created
5579,1860,"2026-06-21 01:55:36",assigned
5580,1860,"2026-06-21 05:22:03",resolved
5581,1861,"2026-06-20 14:19:00",created
5582,1861,"2026-06-20 16:33:57",assigned
5583,1861,"2026-06-21 01:33:49",resolved
5584,1862,"2026-06-16 23:01:00",created
5585,1862,"2026-06-16 23:43:32",assigned
5586,1862,"2026-06-17 02:33:41",resolved
5587,1863,"2026-07-08 19:11:00",created
5588,1863,"2026-07-08 20:38:12",assigned
5589,1863,"2026-07-09 02:27:03",resolved
5590,1864,"2026-07-28 01:00:00",created
5591,1864,"2026-07-28 01:26:24",assigned
5592,1864,"2026-07-28 03:12:00",resolved
5593,1865,"2026-07-16 11:22:00",created
5594,1865,"2026-07-16 12:32:43",assigned
5595,1865,"2026-07-16 17:15:35",resolved
5596,1866,"2026-05-13 03:02:00",created
5597,1866,"2026-05-13 08:15:04",assigned
5598,1866,"2026-05-14 05:07:22",resolved
5599,1867,"2026-07-29 13:06:00",created
5600,1867,"2026-07-29 15:19:55",assigned
5601,1867,"2026-07-30 00:15:37",resolved
5602,1868,"2026-07-07 13:57:00",created
5603,1868,"2026-07-07 16:30:55",assigned
5604,1868,"2026-07-08 02:46:38",resolved
5605,1869,"2026-06-30 09:27:00",created
5606,1869,"2026-06-30 13:47:53",assigned
5607,1869,"2026-07-01 07:11:25",resolved
5608,1870,"2026-07-21 17:23:00",created
5609,1870,"2026-07-21 19:10:41",assigned
5610,1870,"2026-07-22 02:21:26",resolved
5611,1871,"2026-05-16 23:12:00",created
5612,1871,"2026-05-17 01:25:41",assigned
5613,1871,"2026-05-17 10:20:25",resolved
5614,1872,"2026-07-13 02:12:00",created
5615,1872,"2026-07-13 06:26:01",assigned
5616,1872,"2026-07-13 23:22:07",resolved
5617,1873,"2026-05-19 04:12:00",created
5618,1873,"2026-05-19 04:43:22",assigned
5619,1873,"2026-05-19 06:48:54",resolved
5620,1874,"2026-05-27 13:08:00",created
5621,1874,"2026-05-27 14:30:28",assigned
5622,1874,"2026-05-27 20:00:24",resolved
5623,1875,"2026-07-10 00:53:00",created
5624,1875,"2026-07-10 01:59:44",assigned
5625,1875,"2026-07-10 06:26:40",resolved
5626,1876,"2026-05-17 21:24:00",created
5627,1876,"2026-05-18 08:09:07",assigned
5628,1876,"2026-05-20 03:09:35",resolved
5629,1877,"2026-06-11 00:41:00",created
5630,1877,"2026-06-11 03:15:03",assigned
5631,1877,"2026-06-11 13:31:16",resolved
5632,1878,"2026-06-27 18:36:00",created
5633,1878,"2026-06-27 19:12:44",assigned
5634,1878,"2026-06-27 21:39:40",resolved
5635,1879,"2026-06-01 04:17:00",created
5636,1879,"2026-06-01 05:43:11",assigned
5637,1879,"2026-06-01 11:27:58",resolved
5638,1880,"2026-06-14 07:30:00",created
5639,1880,"2026-06-14 08:34:51",assigned
5640,1880,"2026-06-14 12:54:15",resolved
5641,1881,"2026-07-24 02:44:00",created
5642,1881,"2026-07-24 09:04:57",assigned
5643,1881,"2026-07-25 10:28:47",resolved
5644,1882,"2026-07-23 16:50:00",created
5645,1882,"2026-07-23 19:45:44",assigned
5646,1882,"2026-07-24 07:28:42",resolved
5647,1883,"2026-06-20 20:01:00",created
5648,1883,"2026-06-20 21:38:19",assigned
5649,1883,"2026-06-21 04:07:37",resolved
5650,1884,"2026-07-12 08:52:00",created
5651,1884,"2026-07-12 10:25:22",assigned
5652,1884,"2026-07-12 16:38:54",resolved
5653,1885,"2026-06-07 02:44:00",created
5654,1885,"2026-06-07 06:20:35",assigned
5655,1885,"2026-06-07 20:46:57",resolved
5656,1886,"2026-07-10 17:50:00",created
5657,1886,"2026-07-10 22:08:19",assigned
5658,1886,"2026-07-11 15:21:36",resolved
5659,1887,"2026-05-25 22:56:00",created
5660,1887,"2026-05-25 23:39:32",assigned
5661,1887,"2026-05-26 02:33:42",resolved
5662,1888,"2026-05-24 23:10:00",created
5663,1888,"2026-05-24 23:50:40",assigned
5664,1888,"2026-05-25 02:33:24",resolved
5665,1889,"2026-07-28 01:20:00",created
5666,1889,"2026-07-28 02:50:16",assigned
5667,1889,"2026-07-28 08:51:20",resolved
5668,1890,"2026-06-28 01:49:00",created
5669,1890,"2026-06-28 03:55:45",assigned
5670,1890,"2026-06-28 12:22:46",resolved
5671,1891,"2026-07-29 07:08:00",created
5672,1891,"2026-07-29 09:02:52",assigned
5673,1891,"2026-07-29 16:42:23",resolved
5674,1892,"2026-07-10 02:01:00",created
5675,1892,"2026-07-10 03:35:54",assigned
5676,1892,"2026-07-10 09:55:34",resolved
5677,1893,"2026-05-10 15:14:00",created
5678,1893,"2026-05-10 16:40:38",assigned
5679,1893,"2026-05-10 22:27:11",resolved
5680,1894,"2026-06-26 02:59:00",created
5681,1894,"2026-06-26 04:36:40",assigned
5682,1894,"2026-06-26 11:07:20",resolved
5683,1895,"2026-07-08 19:33:00",created
5684,1895,"2026-07-08 23:18:07",assigned
5685,1895,"2026-07-09 14:18:35",resolved
5686,1896,"2026-06-08 21:42:00",created
5687,1896,"2026-06-08 22:50:31",assigned
5688,1896,"2026-06-09 03:24:37",resolved
5689,1897,"2026-06-04 21:37:00",created
5690,1897,"2026-06-05 01:08:58",assigned
5691,1897,"2026-06-05 15:16:53",resolved
5692,1898,"2026-05-10 01:25:00",created
5693,1898,"2026-05-10 02:15:43",assigned
5694,1898,"2026-05-10 05:38:36",resolved
5695,1899,"2026-06-21 01:54:00",created
5696,1899,"2026-06-21 03:01:18",assigned
5697,1899,"2026-06-21 07:30:34",resolved
5698,1900,"2026-06-06 01:46:00",created
5699,1900,"2026-06-06 03:44:45",assigned
5700,1900,"2026-06-06 11:39:49",resolved
5701,1901,"2026-07-27 21:44:00",created
5702,1901,"2026-07-27 23:23:07",assigned
5703,1901,"2026-07-28 05:59:35",resolved
5704,1902,"2026-06-16 20:56:00",created
5705,1902,"2026-06-16 22:32:05",assigned
5706,1902,"2026-06-17 04:56:28",resolved
5707,1903,"2026-07-19 15:39:00",created
5708,1903,"2026-07-19 18:24:28",assigned
5709,1903,"2026-07-20 05:26:22",resolved
5710,1904,"2026-07-09 04:41:00",created
5711,1904,"2026-07-09 07:56:31",assigned
5712,1904,"2026-07-09 20:58:38",resolved
5713,1905,"2026-05-22 16:08:00",created
5714,1905,"2026-05-22 17:32:07",assigned
5715,1905,"2026-05-22 23:08:38",resolved
5716,1906,"2026-07-19 21:28:00",created
5717,1906,"2026-07-19 23:58:43",assigned
5718,1906,"2026-07-20 10:01:38",resolved
5719,1907,"2026-06-08 19:31:00",created
5720,1907,"2026-06-08 21:00:19",assigned
5721,1907,"2026-06-09 02:57:39",resolved
5722,1908,"2026-07-04 17:25:00",created
5723,1908,"2026-07-04 19:22:49",assigned
5724,1908,"2026-07-05 03:14:08",resolved
5725,1909,"2026-05-20 07:29:00",created
5726,1909,"2026-05-20 09:12:37",assigned
5727,1909,"2026-05-20 16:07:07",resolved
5728,1910,"2026-06-24 12:44:00",created
5729,1910,"2026-06-24 13:23:45",assigned
5730,1910,"2026-06-24 16:02:48",resolved
5731,1911,"2026-05-28 03:53:00",created
5732,1911,"2026-05-28 04:54:01",assigned
5733,1911,"2026-05-28 08:58:05",resolved
5734,1912,"2026-07-08 11:24:00",created
5735,1912,"2026-07-08 14:43:09",assigned
5736,1912,"2026-07-09 03:59:49",resolved
5737,1913,"2026-06-23 02:35:00",created
5738,1913,"2026-06-23 03:52:08",assigned
5739,1913,"2026-06-23 09:00:42",resolved
5740,1914,"2026-06-08 02:38:00",created
5741,1914,"2026-06-08 03:43:20",assigned
5742,1914,"2026-06-08 08:04:44",resolved
5743,1915,"2026-07-02 06:07:00",created
5744,1915,"2026-07-02 13:36:38",assigned
5745,1915,"2026-07-03 19:35:14",resolved
5746,1916,"2026-06-30 11:42:00",created
5747,1916,"2026-06-30 14:06:24",assigned
5748,1916,"2026-06-30 23:44:02",resolved
5749,1917,"2026-05-08 01:43:00",created
5750,1917,"2026-05-08 02:50:12",assigned
5751,1917,"2026-05-08 07:19:01",resolved
5752,1918,"2026-07-09 06:12:00",created
5753,1918,"2026-07-09 07:55:08",assigned
5754,1918,"2026-07-09 14:47:42",resolved
5755,1919,"2026-06-09 21:37:00",created
5756,1919,"2026-06-10 03:16:14",assigned
5757,1919,"2026-06-11 01:53:10",resolved
5758,1920,"2026-06-17 03:43:00",created
5759,1920,"2026-06-17 06:23:28",assigned
5760,1920,"2026-06-17 17:05:23",resolved
5761,1921,"2026-06-01 06:30:00",created
5762,1921,"2026-06-01 08:56:57",assigned
5763,1921,"2026-06-01 18:44:45",resolved
5764,1922,"2026-07-22 23:07:00",created
5765,1922,"2026-07-23 00:40:23",assigned
5766,1922,"2026-07-23 06:53:56",resolved
5767,1923,"2026-06-01 02:34:00",created
5768,1923,"2026-06-01 05:33:55",assigned
5769,1923,"2026-06-01 17:33:36",resolved
5770,1924,"2026-05-04 05:50:00",created
5771,1924,"2026-05-04 07:44:13",assigned
5772,1924,"2026-05-04 15:21:08",resolved
5773,1925,"2026-06-21 21:36:00",created
5774,1925,"2026-06-21 23:53:03",assigned
5775,1925,"2026-06-22 09:01:17",resolved
5776,1926,"2026-06-27 12:49:00",created
5777,1926,"2026-06-27 14:13:24",assigned
5778,1926,"2026-06-27 19:51:01",resolved
5779,1927,"2026-07-20 17:27:00",created
5780,1927,"2026-07-20 20:59:28",assigned
5781,1927,"2026-07-21 11:09:22",resolved
5782,1928,"2026-07-14 19:11:00",created
5783,1928,"2026-07-14 22:24:46",assigned
5784,1928,"2026-07-15 11:19:51",resolved
5785,1929,"2026-06-04 05:04:00",created
5786,1929,"2026-06-04 05:57:49",assigned
5787,1929,"2026-06-04 09:33:06",resolved
5788,1930,"2026-05-01 11:15:00",created
5789,1930,"2026-05-01 14:46:54",assigned
5790,1930,"2026-05-02 04:54:30",resolved
5791,1931,"2026-07-02 21:16:00",created
5792,1931,"2026-07-02 22:04:55",assigned
5793,1931,"2026-07-03 01:20:37",resolved
5794,1932,"2026-05-18 23:46:00",created
5795,1932,"2026-05-19 02:47:48",assigned
5796,1932,"2026-05-19 14:55:02",resolved
5797,1933,"2026-07-14 06:49:00",created
5798,1933,"2026-07-14 07:16:01",assigned
5799,1933,"2026-07-14 09:04:05",resolved
5800,1934,"2026-05-03 01:32:00",created
5801,1934,"2026-05-03 02:28:16",assigned
5802,1934,"2026-05-03 06:13:23",resolved
5803,1935,"2026-07-12 00:43:00",created
5804,1935,"2026-07-12 02:51:29",assigned
5805,1935,"2026-07-12 11:25:29",resolved
5806,1936,"2026-07-16 05:03:00",created
5807,1936,"2026-07-16 06:44:11",assigned
5808,1936,"2026-07-16 13:28:55",resolved
5809,1937,"2026-06-01 16:15:00",created
5810,1937,"2026-06-01 18:29:17",assigned
5811,1937,"2026-06-02 03:26:25",resolved
5812,1938,"2026-06-24 05:36:00",created
5813,1938,"2026-06-24 06:20:04",assigned
5814,1938,"2026-06-24 09:16:20",resolved
5815,1939,"2026-05-03 02:52:00",created
5816,1939,"2026-05-03 03:56:43",assigned
5817,1939,"2026-05-03 08:15:35",resolved
5818,1940,"2026-07-11 09:40:00",created
5819,1940,"2026-07-11 14:08:33",assigned
5820,1940,"2026-07-12 08:02:45",resolved
5821,1941,"2026-07-23 08:23:00",created
5822,1941,"2026-07-23 09:31:38",assigned
5823,1941,"2026-07-23 14:06:13",resolved
5824,1942,"2026-07-06 04:23:00",created
5825,1942,"2026-07-06 07:02:41",assigned
5826,1942,"2026-07-06 17:41:25",resolved
5827,1943,"2026-05-18 17:28:00",created
5828,1943,"2026-05-18 20:41:20",assigned
5829,1943,"2026-05-19 09:34:43",resolved
5830,1944,"2026-07-08 07:16:00",created
5831,1944,"2026-07-08 08:01:33",assigned
5832,1944,"2026-07-08 11:03:47",resolved
5833,1945,"2026-06-13 17:30:00",created
5834,1945,"2026-06-13 20:48:16",assigned
5835,1945,"2026-06-14 10:01:22",resolved
5836,1946,"2026-06-15 10:06:00",created
5837,1946,"2026-06-15 11:06:18",assigned
5838,1946,"2026-06-15 15:07:33",resolved
5839,1947,"2026-07-03 06:35:00",created
5840,1947,"2026-07-03 08:51:08",assigned
5841,1947,"2026-07-03 17:55:42",resolved
5842,1948,"2026-06-07 23:43:00",created
5843,1948,"2026-06-08 01:09:42",assigned
5844,1948,"2026-06-08 06:56:31",resolved
5845,1949,"2026-05-30 20:29:00",created
5846,1949,"2026-05-30 21:49:45",assigned
5847,1949,"2026-05-31 03:12:46",resolved
5848,1950,"2026-07-14 03:32:00",created
5849,1950,"2026-07-14 04:13:13",assigned
5850,1950,"2026-07-14 06:58:06",resolved
5851,1951,"2026-05-04 21:52:00",created
5852,1951,"2026-05-04 22:41:25",assigned
5853,1951,"2026-05-05 01:59:05",resolved
5854,1952,"2026-06-27 20:19:00",created
5855,1952,"2026-06-27 20:54:59",assigned
5856,1952,"2026-06-27 23:18:59",resolved
5857,1953,"2026-05-05 15:20:00",created
5858,1953,"2026-05-05 16:00:30",assigned
5859,1953,"2026-05-05 18:42:33",resolved
5860,1954,"2026-05-16 17:38:00",created
5861,1954,"2026-05-16 19:31:53",assigned
5862,1954,"2026-05-17 03:07:25",resolved
5863,1955,"2026-06-05 19:29:00",created
5864,1955,"2026-06-05 20:39:24",assigned
5865,1955,"2026-06-06 01:21:03",resolved
5866,1956,"2026-07-29 20:16:00",created
5867,1956,"2026-07-29 21:07:26",assigned
5868,1956,"2026-07-30 00:33:14",resolved
5869,1957,"2026-05-08 04:53:00",created
5870,1957,"2026-05-08 09:30:24",assigned
5871,1957,"2026-05-09 04:00:01",resolved
5872,1958,"2026-05-22 17:56:00",created
5873,1958,"2026-05-22 18:46:47",assigned
5874,1958,"2026-05-22 22:09:57",resolved
5875,1959,"2026-05-05 07:00:00",created
5876,1959,"2026-05-05 08:59:20",assigned
5877,1959,"2026-05-05 16:56:43",resolved
5878,1960,"2026-07-17 08:28:00",created
5879,1960,"2026-07-17 14:24:02",assigned
5880,1960,"2026-07-18 14:08:13",resolved
5881,1961,"2026-07-20 22:57:00",created
5882,1961,"2026-07-21 01:39:48",assigned
5883,1961,"2026-07-21 12:31:00",resolved
5884,1962,"2026-06-02 23:41:00",created
5885,1962,"2026-06-03 01:15:56",assigned
5886,1962,"2026-06-03 07:35:43",resolved
5887,1963,"2026-07-02 04:37:00",created
5888,1963,"2026-07-02 05:33:22",assigned
5889,1963,"2026-07-02 09:18:51",resolved
5890,1964,"2026-07-01 00:43:00",created
5891,1964,"2026-07-01 03:08:07",assigned
5892,1964,"2026-07-01 12:48:39",resolved
5893,1965,"2026-05-12 13:25:00",created
5894,1965,"2026-05-12 15:39:18",assigned
5895,1965,"2026-05-13 00:36:34",resolved
5896,1966,"2026-06-28 09:44:00",created
5897,1966,"2026-06-28 11:05:42",assigned
5898,1966,"2026-06-28 16:32:32",resolved
5899,1967,"2026-05-08 09:24:00",created
5900,1967,"2026-05-08 11:47:09",assigned
5901,1967,"2026-05-08 21:19:47",resolved
5902,1968,"2026-05-14 05:13:00",created
5903,1968,"2026-05-14 07:25:32",assigned
5904,1968,"2026-05-14 16:15:42",resolved
5905,1969,"2026-07-25 05:45:00",created
5906,1969,"2026-07-25 06:42:02",assigned
5907,1969,"2026-07-25 10:30:13",resolved
5908,1970,"2026-07-23 06:48:00",created
5909,1970,"2026-07-23 09:12:48",assigned
5910,1970,"2026-07-23 18:52:02",resolved
5911,1971,"2026-06-01 08:27:00",created
5912,1971,"2026-06-01 09:24:57",assigned
5913,1971,"2026-06-01 13:16:46",resolved
5914,1972,"2026-05-30 09:56:00",created
5915,1972,"2026-05-30 11:45:14",assigned
5916,1972,"2026-05-30 19:02:13",resolved
5917,1973,"2026-05-03 03:37:00",created
5918,1973,"2026-05-03 04:35:57",assigned
5919,1973,"2026-05-03 08:31:46",resolved
5920,1974,"2026-07-10 04:53:00",created
5921,1974,"2026-07-10 06:16:33",assigned
5922,1974,"2026-07-10 11:50:46",resolved
5923,1975,"2026-05-10 14:57:00",created
5924,1975,"2026-05-10 16:09:23",assigned
5925,1975,"2026-05-10 20:58:56",resolved
5926,1976,"2026-07-06 23:51:00",created
5927,1976,"2026-07-07 02:03:13",assigned
5928,1976,"2026-07-07 10:52:09",resolved
5929,1977,"2026-05-24 20:08:00",created
5930,1977,"2026-05-24 22:40:39",assigned
5931,1977,"2026-05-25 08:51:16",resolved
5932,1978,"2026-05-14 00:08:00",created
5933,1978,"2026-05-14 02:38:42",assigned
5934,1978,"2026-05-14 12:41:33",resolved
5935,1979,"2026-05-31 11:33:00",created
5936,1979,"2026-05-31 13:00:33",assigned
5937,1979,"2026-05-31 18:50:47",resolved
5938,1980,"2026-05-27 20:40:00",created
5939,1980,"2026-05-27 22:27:43",assigned
5940,1980,"2026-05-28 05:38:39",resolved
5941,1981,"2026-07-22 20:34:00",created
5942,1981,"2026-07-22 22:39:01",assigned
5943,1981,"2026-07-23 06:59:07",resolved
5944,1982,"2026-05-04 08:20:00",created
5945,1982,"2026-05-04 10:07:50",assigned
5946,1982,"2026-05-04 17:19:11",resolved
5947,1983,"2026-05-11 08:56:00",created
5948,1983,"2026-05-11 10:29:46",assigned
5949,1983,"2026-05-11 16:44:50",resolved
5950,1984,"2026-05-29 08:03:00",created
5951,1984,"2026-05-29 12:08:20",assigned
5952,1984,"2026-05-30 04:29:41",resolved
5953,1985,"2026-05-24 00:12:00",created
5954,1985,"2026-05-24 01:01:56",assigned
5955,1985,"2026-05-24 04:21:44",resolved
5956,1986,"2026-07-13 20:42:00",created
5957,1986,"2026-07-13 22:38:23",assigned
5958,1986,"2026-07-14 06:23:55",resolved
5959,1987,"2026-05-04 05:03:00",created
5960,1987,"2026-05-04 08:06:37",assigned
5961,1987,"2026-05-04 20:21:06",resolved
5962,1988,"2026-05-09 13:02:00",created
5963,1988,"2026-05-09 15:53:54",assigned
5964,1988,"2026-05-10 03:21:31",resolved
5965,1989,"2026-06-13 01:35:00",created
5966,1989,"2026-06-13 02:20:50",assigned
5967,1989,"2026-06-13 05:24:13",resolved
5968,1990,"2026-05-06 09:11:00",created
5969,1990,"2026-05-06 12:37:41",assigned
5970,1990,"2026-05-07 02:24:26",resolved
5971,1991,"2026-06-06 05:04:00",created
5972,1991,"2026-06-06 07:54:20",assigned
5973,1991,"2026-06-06 19:15:40",resolved
5974,1992,"2026-07-25 11:06:00",created
5975,1992,"2026-07-25 14:33:12",assigned
5976,1992,"2026-07-26 04:22:04",resolved
5977,1993,"2026-06-13 03:21:00",created
5978,1993,"2026-06-13 04:03:03",assigned
5979,1993,"2026-06-13 06:51:15",resolved
5980,1994,"2026-07-05 23:48:00",created
5981,1994,"2026-07-06 00:33:53",assigned
5982,1994,"2026-07-06 03:37:25",resolved
5983,1995,"2026-07-01 08:11:00",created
5984,1995,"2026-07-01 09:13:10",assigned
5985,1995,"2026-07-01 13:21:51",resolved
5986,1996,"2026-07-12 21:14:00",created
5987,1996,"2026-07-12 23:44:37",assigned
5988,1996,"2026-07-13 09:47:06",resolved
5989,1997,"2026-06-09 13:52:00",created
5990,1997,"2026-06-09 14:58:57",assigned
5991,1997,"2026-06-09 19:26:49",resolved
5992,1998,"2026-06-06 15:52:00",created
5993,1998,"2026-06-06 16:32:13",assigned
5994,1998,"2026-06-06 19:13:06",resolved
5995,1999,"2026-07-14 08:56:00",created
5996,1999,"2026-07-14 09:55:43",assigned
5997,1999,"2026-07-14 13:54:37",resolved
5998,2000,"2026-07-18 14:04:00",created
5999,2000,"2026-07-18 17:06:03",assigned
6000,2000,"2026-07-19 05:14:17",resolved
6001,2001,"2026-07-15 08:15:00",created
6002,2001,"2026-07-15 10:39:15",assigned
6003,2001,"2026-07-15 20:16:16",resolved
6004,2002,"2026-06-03 14:46:00",created
6005,2002,"2026-06-03 16:30:10",assigned
6006,2002,"2026-06-03 23:26:51",resolved
6007,2003,"2026-07-07 23:49:00",created
6008,2003,"2026-07-08 00:29:13",assigned
6009,2003,"2026-07-08 03:10:08",resolved
6010,2004,"2026-05-12 19:28:00",created
6011,2004,"2026-05-12 20:52:35",assigned
6012,2004,"2026-05-13 02:30:59",resolved
6013,2005,"2026-06-09 18:09:00",created
6014,2005,"2026-06-09 19:49:51",assigned
6015,2005,"2026-06-10 02:33:18",resolved
6016,2006,"2026-07-14 22:10:00",created
6017,2006,"2026-07-14 23:09:08",assigned
6018,2006,"2026-07-15 03:05:44",resolved
6019,2007,"2026-05-10 01:56:00",created
6020,2007,"2026-05-10 03:25:07",assigned
6021,2007,"2026-05-10 09:21:38",resolved
6022,2008,"2026-05-01 03:48:00",created
6023,2008,"2026-05-01 04:21:50",assigned
6024,2008,"2026-05-01 06:37:10",resolved
6025,2009,"2026-07-22 09:54:00",created
6026,2009,"2026-07-22 14:30:08",assigned
6027,2009,"2026-07-23 08:54:44",resolved
6028,2010,"2026-06-10 15:47:00",created
6029,2010,"2026-06-10 18:09:00",assigned
6030,2010,"2026-06-11 03:37:04",resolved
6031,2011,"2026-07-20 09:48:00",created
6032,2011,"2026-07-20 11:15:34",assigned
6033,2011,"2026-07-20 17:05:50",resolved
6034,2012,"2026-07-11 23:57:00",created
6035,2012,"2026-07-12 04:04:05",assigned
6036,2012,"2026-07-12 20:32:26",resolved
6037,2013,"2026-07-24 10:44:00",created
6038,2013,"2026-07-24 14:05:45",assigned
6039,2013,"2026-07-25 03:32:47",resolved
6040,2014,"2026-05-02 12:10:00",created
6041,2014,"2026-05-02 12:59:31",assigned
6042,2014,"2026-05-02 16:17:36",resolved
6043,2015,"2026-06-12 05:50:00",created
6044,2015,"2026-06-12 06:16:52",assigned
6045,2015,"2026-06-12 08:04:21",resolved
6046,2016,"2026-07-08 03:01:00",created
6047,2016,"2026-07-08 05:43:29",assigned
6048,2016,"2026-07-08 16:33:26",resolved
6049,2017,"2026-07-29 05:24:00",created
6050,2017,"2026-07-29 06:40:22",assigned
6051,2017,"2026-07-29 11:45:52",resolved
6052,2018,"2026-05-20 21:02:00",created
6053,2018,"2026-05-21 00:34:16",assigned
6054,2018,"2026-05-21 14:43:20",resolved
6055,2019,"2026-05-30 15:29:00",created
6056,2019,"2026-05-30 18:29:56",assigned
6057,2019,"2026-05-31 06:33:44",resolved
6058,2020,"2026-05-05 08:44:00",created
6059,2020,"2026-05-05 10:28:12",assigned
6060,2020,"2026-05-05 17:25:00",resolved
6061,2021,"2026-07-16 03:57:00",created
6062,2021,"2026-07-16 04:54:07",assigned
6063,2021,"2026-07-16 08:42:39",resolved
6064,2022,"2026-05-01 05:20:00",created
6065,2022,"2026-05-01 06:20:04",assigned
6066,2022,"2026-05-01 10:20:20",resolved
6067,2023,"2026-06-07 01:53:00",created
6068,2023,"2026-06-07 03:39:31",assigned
6069,2023,"2026-06-07 10:45:38",resolved
6070,2024,"2026-07-29 19:08:00",created
6071,2024,"2026-07-29 21:06:04",assigned
6072,2024,"2026-07-30 04:58:22",resolved
6073,2025,"2026-07-23 20:35:00",created
6074,2025,"2026-07-23 22:04:45",assigned
6075,2025,"2026-07-24 04:03:49",resolved
6076,2026,"2026-06-29 16:01:00",created
6077,2026,"2026-06-29 19:20:40",assigned
6078,2026,"2026-06-30 08:39:20",resolved
6079,2027,"2026-07-20 23:21:00",created
6080,2027,"2026-07-21 00:55:49",assigned
6081,2027,"2026-07-21 07:15:05",resolved
6082,2028,"2026-07-13 09:20:00",created
6083,2028,"2026-07-13 11:56:02",assigned
6084,2028,"2026-07-13 22:20:11",resolved
6085,2029,"2026-05-16 22:22:00",created
6086,2029,"2026-05-17 01:12:54",assigned
6087,2029,"2026-05-17 12:36:30",resolved
6088,2030,"2026-06-20 18:50:00",created
6089,2030,"2026-06-20 19:43:45",assigned
6090,2030,"2026-06-20 23:18:47",resolved
6091,2031,"2026-05-23 04:49:00",created
6092,2031,"2026-05-23 05:45:23",assigned
6093,2031,"2026-05-23 09:30:56",resolved
6094,2032,"2026-06-13 10:03:00",created
6095,2032,"2026-06-13 11:24:42",assigned
6096,2032,"2026-06-13 16:51:31",resolved
6097,2033,"2026-06-05 00:56:00",created
6098,2033,"2026-06-05 03:18:42",assigned
6099,2033,"2026-06-05 12:49:32",resolved
6100,2034,"2026-06-25 03:29:00",created
6101,2034,"2026-06-25 04:50:34",assigned
6102,2034,"2026-06-25 10:16:50",resolved
6103,2035,"2026-05-14 18:40:00",created
6104,2035,"2026-05-14 20:26:49",assigned
6105,2035,"2026-05-15 03:34:05",resolved
6106,2036,"2026-07-05 03:26:00",created
6107,2036,"2026-07-05 04:52:06",assigned
6108,2036,"2026-07-05 10:36:31",resolved
6109,2037,"2026-06-19 18:08:00",created
6110,2037,"2026-06-19 21:13:10",assigned
6111,2037,"2026-06-20 09:33:52",resolved
6112,2038,"2026-06-20 15:47:00",created
6113,2038,"2026-06-20 16:20:12",assigned
6114,2038,"2026-06-20 18:33:01",resolved
6115,2039,"2026-07-03 22:26:00",created
6116,2039,"2026-07-04 00:12:09",assigned
6117,2039,"2026-07-04 07:16:47",resolved
6118,2040,"2026-07-08 09:36:00",created
6119,2040,"2026-07-08 10:25:56",assigned
6120,2040,"2026-07-08 13:45:43",resolved
6121,2041,"2026-07-27 13:06:00",created
6122,2041,"2026-07-27 14:14:23",assigned
6123,2041,"2026-07-27 18:47:55",resolved
6124,2042,"2026-06-07 04:00:00",created
6125,2042,"2026-06-07 04:42:42",assigned
6126,2042,"2026-06-07 07:33:32",resolved
6127,2043,"2026-07-12 16:27:00",created
6128,2043,"2026-07-12 17:10:38",assigned
6129,2043,"2026-07-12 20:05:14",resolved
6130,2044,"2026-06-09 04:38:00",created
6131,2044,"2026-06-09 06:56:01",assigned
6132,2044,"2026-06-09 16:08:07",resolved
6133,2045,"2026-05-19 23:09:00",created
6134,2045,"2026-05-20 00:01:20",assigned
6135,2045,"2026-05-20 03:30:41",resolved
6136,2046,"2026-06-12 21:44:00",created
6137,2046,"2026-06-12 23:07:00",assigned
6138,2046,"2026-06-13 04:39:00",resolved
6139,2047,"2026-05-31 08:06:00",created
6140,2047,"2026-05-31 10:31:56",assigned
6141,2047,"2026-05-31 20:15:40",resolved
6142,2048,"2026-06-29 13:05:00",created
6143,2048,"2026-06-29 13:21:10",assigned
6144,2048,"2026-06-29 14:25:54",resolved
6145,2049,"2026-06-21 01:39:00",created
6146,2049,"2026-06-21 02:13:36",assigned
6147,2049,"2026-06-21 04:32:02",resolved
6148,2050,"2026-06-06 22:18:00",created
6149,2050,"2026-06-07 00:55:34",assigned
6150,2050,"2026-06-07 11:25:54",resolved
6151,2051,"2026-05-20 08:09:00",created
6152,2051,"2026-05-20 11:15:34",assigned
6153,2051,"2026-05-20 23:41:50",resolved
6154,2052,"2026-06-30 18:06:00",created
6155,2052,"2026-06-30 18:38:49",assigned
6156,2052,"2026-06-30 20:50:05",resolved
6157,2053,"2026-05-10 07:18:00",created
6158,2053,"2026-05-10 08:27:07",assigned
6159,2053,"2026-05-10 13:03:37",resolved
6160,2054,"2026-07-24 12:06:00",created
6161,2054,"2026-07-24 14:22:28",assigned
6162,2054,"2026-07-24 23:28:23",resolved
6163,2055,"2026-05-05 10:53:00",created
6164,2055,"2026-05-05 11:50:14",assigned
6165,2055,"2026-05-05 15:39:11",resolved
6166,2056,"2026-05-06 20:16:00",created
6167,2056,"2026-05-06 22:37:10",assigned
6168,2056,"2026-05-07 08:01:53",resolved
6169,2057,"2026-07-12 08:46:00",created
6170,2057,"2026-07-12 09:06:09",assigned
6171,2057,"2026-07-12 10:26:45",resolved
6172,2058,"2026-05-25 03:20:00",created
6173,2058,"2026-05-25 05:04:09",assigned
6174,2058,"2026-05-25 12:00:48",resolved
6175,2059,"2026-05-03 16:27:00",created
6176,2059,"2026-05-03 18:13:19",assigned
6177,2059,"2026-05-04 01:18:36",resolved
6178,2060,"2026-07-28 14:29:00",created
6179,2060,"2026-07-28 15:01:33",assigned
6180,2060,"2026-07-28 17:11:46",resolved
6181,2061,"2026-05-28 13:40:00",created
6182,2061,"2026-05-28 14:59:20",assigned
6183,2061,"2026-05-28 20:16:42",resolved
6184,2062,"2026-05-22 22:09:00",created
6185,2062,"2026-05-22 23:21:12",assigned
6186,2062,"2026-05-23 04:10:00",resolved
6187,2063,"2026-07-13 23:13:00",created
6188,2063,"2026-07-14 00:26:38",assigned
6189,2063,"2026-07-14 05:21:10",resolved
6190,2064,"2026-06-06 04:17:00",created
6191,2064,"2026-06-06 05:43:41",assigned
6192,2064,"2026-06-06 11:30:26",resolved
6193,2065,"2026-06-08 05:20:00",created
6194,2065,"2026-06-08 06:14:20",assigned
6195,2065,"2026-06-08 09:51:42",resolved
6196,2066,"2026-06-16 23:33:00",created
6197,2066,"2026-06-17 00:15:49",assigned
6198,2066,"2026-06-17 03:07:06",resolved
6199,2067,"2026-05-20 01:32:00",created
6200,2067,"2026-05-20 03:10:06",assigned
6201,2067,"2026-05-20 09:42:32",resolved
6202,2068,"2026-07-08 20:39:00",created
6203,2068,"2026-07-08 22:23:04",assigned
6204,2068,"2026-07-09 05:19:23",resolved
6205,2069,"2026-06-13 10:06:00",created
6206,2069,"2026-06-13 10:47:20",assigned
6207,2069,"2026-06-13 13:32:40",resolved
6208,2070,"2026-07-20 04:40:00",created
6209,2070,"2026-07-20 07:01:22",assigned
6210,2070,"2026-07-20 16:26:54",resolved
6211,2071,"2026-07-22 03:15:00",created
6212,2071,"2026-07-22 04:24:22",assigned
6213,2071,"2026-07-22 09:01:52",resolved
6214,2072,"2026-07-12 08:19:00",created
6215,2072,"2026-07-12 09:09:33",assigned
6216,2072,"2026-07-12 12:31:47",resolved
6217,2073,"2026-05-09 00:04:00",created
6218,2073,"2026-05-09 00:41:14",assigned
6219,2073,"2026-05-09 03:10:13",resolved
6220,2074,"2026-07-18 17:27:00",created
6221,2074,"2026-07-18 19:07:03",assigned
6222,2074,"2026-07-19 01:47:19",resolved
6223,2075,"2026-07-18 02:52:00",created
6224,2075,"2026-07-18 04:27:45",assigned
6225,2075,"2026-07-18 10:50:48",resolved
6226,2076,"2026-05-26 11:22:00",created
6227,2076,"2026-05-26 11:52:45",assigned
6228,2076,"2026-05-26 13:55:49",resolved
6229,2077,"2026-07-14 15:16:00",created
6230,2077,"2026-07-14 16:34:43",assigned
6231,2077,"2026-07-14 21:49:38",resolved
6232,2078,"2026-05-21 06:07:00",created
6233,2078,"2026-05-21 08:09:56",assigned
6234,2078,"2026-05-21 16:21:42",resolved
6235,2079,"2026-07-08 12:11:00",created
6236,2079,"2026-07-08 13:10:00",assigned
6237,2079,"2026-07-08 17:06:00",resolved
6238,2080,"2026-05-28 13:54:00",created
6239,2080,"2026-05-28 15:22:05",assigned
6240,2080,"2026-05-28 21:14:27",resolved
6241,2081,"2026-05-28 18:17:00",created
6242,2081,"2026-05-28 19:31:11",assigned
6243,2081,"2026-05-29 00:27:59",resolved
6244,2082,"2026-06-30 07:52:00",created
6245,2082,"2026-06-30 10:20:13",assigned
6246,2082,"2026-06-30 20:13:05",resolved
6247,2083,"2026-05-28 09:52:00",created
6248,2083,"2026-05-28 14:47:32",assigned
6249,2083,"2026-05-29 10:29:42",resolved
6250,2084,"2026-05-21 04:19:00",created
6251,2084,"2026-05-21 05:45:13",assigned
6252,2084,"2026-05-21 11:30:09",resolved
6253,2085,"2026-06-09 00:52:00",created
6254,2085,"2026-06-09 02:18:10",assigned
6255,2085,"2026-06-09 08:02:52",resolved
6256,2086,"2026-05-30 04:37:00",created
6257,2086,"2026-05-30 05:10:49",assigned
6258,2086,"2026-05-30 07:26:07",resolved
6259,2087,"2026-05-24 23:50:00",created
6260,2087,"2026-05-25 02:45:30",assigned
6261,2087,"2026-05-25 14:27:34",resolved
6262,2088,"2026-07-09 03:44:00",created
6263,2088,"2026-07-09 05:18:39",assigned
6264,2088,"2026-07-09 11:37:19",resolved
6265,2089,"2026-05-24 15:21:00",created
6266,2089,"2026-05-24 16:29:40",assigned
6267,2089,"2026-05-24 21:04:23",resolved
6268,2090,"2026-05-26 17:25:00",created
6269,2090,"2026-05-26 20:51:58",assigned
6270,2090,"2026-05-27 10:39:54",resolved
6271,2091,"2026-07-04 23:44:00",created
6272,2091,"2026-07-05 02:03:14",assigned
6273,2091,"2026-07-05 11:20:13",resolved
6274,2092,"2026-06-24 07:29:00",created
6275,2092,"2026-06-24 09:15:44",assigned
6276,2092,"2026-06-24 16:22:41",resolved
6277,2093,"2026-05-08 22:21:00",created
6278,2093,"2026-05-09 00:35:43",assigned
6279,2093,"2026-05-09 09:34:38",resolved
6280,2094,"2026-05-27 09:29:00",created
6281,2094,"2026-05-27 10:34:58",assigned
6282,2094,"2026-05-27 14:58:51",resolved
6283,2095,"2026-07-03 05:02:00",created
6284,2095,"2026-07-03 10:30:27",assigned
6285,2095,"2026-07-04 08:24:18",resolved
6286,2096,"2026-05-16 10:21:00",created
6287,2096,"2026-05-16 12:33:26",assigned
6288,2096,"2026-05-16 21:23:13",resolved
6289,2097,"2026-05-11 00:44:00",created
6290,2097,"2026-05-11 01:19:58",assigned
6291,2097,"2026-05-11 03:43:54",resolved
6292,2098,"2026-07-11 06:03:00",created
6293,2098,"2026-07-11 07:35:39",assigned
6294,2098,"2026-07-11 13:46:17",resolved
6295,2099,"2026-07-12 23:06:00",created
6296,2099,"2026-07-13 00:25:36",assigned
6297,2099,"2026-07-13 05:44:01",resolved
6298,2100,"2026-06-22 20:23:00",created
6299,2100,"2026-06-22 21:08:51",assigned
6300,2100,"2026-06-23 00:12:15",resolved
6301,2101,"2026-06-02 01:44:00",created
6302,2101,"2026-06-02 02:55:33",assigned
6303,2101,"2026-06-02 07:41:48",resolved
6304,2102,"2026-06-22 20:36:00",created
6305,2102,"2026-06-22 20:57:05",assigned
6306,2102,"2026-06-22 22:21:26",resolved
6307,2103,"2026-06-08 11:44:00",created
6308,2103,"2026-06-08 12:33:11",assigned
6309,2103,"2026-06-08 15:49:55",resolved
6310,2104,"2026-06-26 07:43:00",created
6311,2104,"2026-06-26 08:34:23",assigned
6312,2104,"2026-06-26 11:59:55",resolved
6313,2105,"2026-07-17 14:32:00",created
6314,2105,"2026-07-17 17:11:33",assigned
6315,2105,"2026-07-18 03:49:48",resolved
6316,2106,"2026-06-25 11:31:00",created
6317,2106,"2026-06-25 12:16:02",assigned
6318,2106,"2026-06-25 15:16:11",resolved
6319,2107,"2026-06-04 06:02:00",created
6320,2107,"2026-06-04 08:20:44",assigned
6321,2107,"2026-06-04 17:35:42",resolved
6322,2108,"2026-05-15 05:18:00",created
6323,2108,"2026-05-15 07:15:47",assigned
6324,2108,"2026-05-15 15:06:58",resolved
6325,2109,"2026-07-11 00:17:00",created
6326,2109,"2026-07-11 00:57:05",assigned
6327,2109,"2026-07-11 03:37:25",resolved
6328,2110,"2026-06-07 08:45:00",created
6329,2110,"2026-06-07 10:30:16",assigned
6330,2110,"2026-06-07 17:31:22",resolved
6331,2111,"2026-06-11 00:19:00",created
6332,2111,"2026-06-11 02:18:57",assigned
6333,2111,"2026-06-11 10:18:48",resolved
6334,2112,"2026-07-22 08:27:00",created
6335,2112,"2026-07-22 11:48:17",assigned
6336,2112,"2026-07-23 01:13:28",resolved
6337,2113,"2026-06-28 10:30:00",created
6338,2113,"2026-06-28 12:47:55",assigned
6339,2113,"2026-06-28 21:59:35",resolved
6340,2114,"2026-07-17 05:57:00",created
6341,2114,"2026-07-17 08:11:05",assigned
6342,2114,"2026-07-17 17:07:29",resolved
6343,2115,"2026-06-29 22:19:00",created
6344,2115,"2026-06-30 04:30:06",assigned
6345,2115,"2026-07-01 05:14:32",resolved
6346,2116,"2026-06-18 14:45:00",created
6347,2116,"2026-06-18 16:35:41",assigned
6348,2116,"2026-06-18 23:58:27",resolved
6349,2117,"2026-07-03 06:49:00",created
6350,2117,"2026-07-03 08:48:50",assigned
6351,2117,"2026-07-03 16:48:10",resolved
6352,2118,"2026-07-27 02:00:00",created
6353,2118,"2026-07-27 04:32:46",assigned
6354,2118,"2026-07-27 14:43:52",resolved
6355,2119,"2026-06-06 13:33:00",created
6356,2119,"2026-06-06 14:46:22",assigned
6357,2119,"2026-06-06 19:39:52",resolved
6358,2120,"2026-06-26 22:25:00",created
6359,2120,"2026-06-27 00:27:10",assigned
6360,2120,"2026-06-27 08:35:54",resolved
6361,2121,"2026-05-29 20:52:00",created
6362,2121,"2026-05-29 22:15:24",assigned
6363,2121,"2026-05-30 03:49:02",resolved
6364,2122,"2026-07-27 07:13:00",created
6365,2122,"2026-07-27 07:57:13",assigned
6366,2122,"2026-07-27 10:54:09",resolved
6367,2123,"2026-05-30 18:03:00",created
6368,2123,"2026-05-30 19:28:17",assigned
6369,2123,"2026-05-31 01:09:27",resolved
6370,2124,"2026-07-24 12:06:00",created
6371,2124,"2026-07-24 12:53:54",assigned
6372,2124,"2026-07-24 16:05:34",resolved
6373,2125,"2026-07-02 16:58:00",created
6374,2125,"2026-07-02 21:50:51",assigned
6375,2125,"2026-07-03 17:22:16",resolved
6376,2126,"2026-07-27 21:31:00",created
6377,2126,"2026-07-27 22:35:20",assigned
6378,2126,"2026-07-28 02:52:41",resolved
6379,2127,"2026-07-16 15:14:00",created
6380,2127,"2026-07-16 16:31:47",assigned
6381,2127,"2026-07-16 21:42:55",resolved
6382,2128,"2026-06-16 10:57:00",created
6383,2128,"2026-06-16 11:46:45",assigned
6384,2128,"2026-06-16 15:05:45",resolved
6385,2129,"2026-06-16 22:12:00",created
6386,2129,"2026-06-16 23:58:50",assigned
6387,2129,"2026-06-17 07:06:13",resolved
6388,2130,"2026-07-14 13:27:00",created
6389,2130,"2026-07-14 14:52:51",assigned
6390,2130,"2026-07-14 20:36:16",resolved
6391,2131,"2026-06-11 12:42:00",created
6392,2131,"2026-06-11 13:59:36",assigned
6393,2131,"2026-06-11 19:10:04",resolved
6394,2132,"2026-06-02 12:40:00",created
6395,2132,"2026-06-02 15:52:43",assigned
6396,2132,"2026-06-03 04:43:37",resolved
6397,2133,"2026-06-21 20:38:00",created
6398,2133,"2026-06-21 22:22:56",assigned
6399,2133,"2026-06-22 05:22:40",resolved
6400,2134,"2026-06-22 19:09:00",created
6401,2134,"2026-06-22 19:56:30",assigned
6402,2134,"2026-06-22 23:06:30",resolved
6403,2135,"2026-06-05 20:02:00",created
6404,2135,"2026-06-05 21:10:20",assigned
6405,2135,"2026-06-06 01:43:44",resolved
6406,2136,"2026-07-05 11:01:00",created
6407,2136,"2026-07-05 12:51:02",assigned
6408,2136,"2026-07-05 20:11:11",resolved
6409,2137,"2026-06-23 15:48:00",created
6410,2137,"2026-06-23 18:04:27",assigned
6411,2137,"2026-06-24 03:10:15",resolved
6412,2138,"2026-06-28 15:12:00",created
6413,2138,"2026-06-28 19:15:30",assigned
6414,2138,"2026-06-29 11:29:31",resolved
6415,2139,"2026-06-06 01:38:00",created
6416,2139,"2026-06-06 02:17:15",assigned
6417,2139,"2026-06-06 04:54:19",resolved
6418,2140,"2026-06-03 19:19:00",created
6419,2140,"2026-06-03 20:01:39",assigned
6420,2140,"2026-06-03 22:52:15",resolved
6421,2141,"2026-07-09 18:20:00",created
6422,2141,"2026-07-09 20:22:18",assigned
6423,2141,"2026-07-10 04:31:32",resolved
6424,2142,"2026-07-10 09:58:00",created
6425,2142,"2026-07-10 10:31:17",assigned
6426,2142,"2026-07-10 12:44:27",resolved
6427,2143,"2026-06-10 07:08:00",created
6428,2143,"2026-06-10 09:47:02",assigned
6429,2143,"2026-06-10 20:23:12",resolved
6430,2144,"2026-07-29 10:52:00",created
6431,2144,"2026-07-29 17:14:02",assigned
6432,2144,"2026-07-30 18:42:11",resolved
6433,2145,"2026-05-14 03:51:00",created
6434,2145,"2026-05-14 05:10:15",assigned
6435,2145,"2026-05-14 10:27:15",resolved
6436,2146,"2026-07-04 19:38:00",created
6437,2146,"2026-07-04 21:00:43",assigned
6438,2146,"2026-07-05 02:31:36",resolved
6439,2147,"2026-07-04 09:38:00",created
6440,2147,"2026-07-04 20:20:09",assigned
6441,2147,"2026-07-06 15:08:45",resolved
6442,2148,"2026-05-25 02:22:00",created
6443,2148,"2026-05-25 04:34:48",assigned
6444,2148,"2026-05-25 13:26:01",resolved
6445,2149,"2026-05-15 07:20:00",created
6446,2149,"2026-05-15 09:47:47",assigned
6447,2149,"2026-05-15 19:38:56",resolved
6448,2150,"2026-05-14 07:27:00",created
6449,2150,"2026-05-14 08:12:33",assigned
6450,2150,"2026-05-14 11:14:47",resolved
6451,2151,"2026-05-04 00:21:00",created
6452,2151,"2026-05-04 01:18:05",assigned
6453,2151,"2026-05-04 05:06:27",resolved
6454,2152,"2026-07-17 12:41:00",created
6455,2152,"2026-07-17 13:15:21",assigned
6456,2152,"2026-07-17 15:32:46",resolved
6457,2153,"2026-05-13 20:09:00",created
6458,2153,"2026-05-13 21:24:17",assigned
6459,2153,"2026-05-14 02:25:25",resolved
6460,2154,"2026-06-11 17:37:00",created
6461,2154,"2026-06-11 18:58:16",assigned
6462,2154,"2026-06-12 00:23:21",resolved
6463,2155,"2026-06-30 00:30:00",created
6464,2155,"2026-06-30 00:55:40",assigned
6465,2155,"2026-06-30 02:38:20",resolved
6466,2156,"2026-07-03 03:20:00",created
6467,2156,"2026-07-03 05:53:54",assigned
6468,2156,"2026-07-03 16:09:31",resolved
6469,2157,"2026-05-18 19:01:00",created
6470,2157,"2026-05-18 20:19:13",assigned
6471,2157,"2026-05-19 01:32:06",resolved
6472,2158,"2026-06-26 20:36:00",created
6473,2158,"2026-06-26 23:15:37",assigned
6474,2158,"2026-06-27 09:54:07",resolved
6475,2159,"2026-07-09 14:01:00",created
6476,2159,"2026-07-09 16:13:56",assigned
6477,2159,"2026-07-10 01:05:42",resolved
6478,2160,"2026-07-16 14:16:00",created
6479,2160,"2026-07-16 15:50:08",assigned
6480,2160,"2026-07-16 22:06:43",resolved
6481,2161,"2026-06-17 00:03:00",created
6482,2161,"2026-06-17 00:52:07",assigned
6483,2161,"2026-06-17 04:08:36",resolved
6484,2162,"2026-07-26 05:52:00",created
6485,2162,"2026-07-26 06:40:54",assigned
6486,2162,"2026-07-26 09:56:32",resolved
6487,2163,"2026-06-26 15:57:00",created
6488,2163,"2026-06-26 17:57:41",assigned
6489,2163,"2026-06-27 02:00:28",resolved
6490,2164,"2026-06-22 03:10:00",created
6491,2164,"2026-06-22 04:54:38",assigned
6492,2164,"2026-06-22 11:53:12",resolved
6493,2165,"2026-07-28 21:15:00",created
6494,2165,"2026-07-28 21:39:43",assigned
6495,2165,"2026-07-28 23:18:39",resolved
6496,2166,"2026-05-26 13:19:00",created
6497,2166,"2026-05-26 15:20:35",assigned
6498,2166,"2026-05-26 23:26:57",resolved
6499,2167,"2026-06-04 02:12:00",created
6500,2167,"2026-06-04 06:37:35",assigned
6501,2167,"2026-06-05 00:19:59",resolved
6502,2168,"2026-06-10 04:40:00",created
6503,2168,"2026-06-10 07:04:07",assigned
6504,2168,"2026-06-10 16:40:39",resolved
6505,2169,"2026-05-19 20:20:00",created
6506,2169,"2026-05-19 21:31:12",assigned
6507,2169,"2026-05-20 02:16:00",resolved
6508,2170,"2026-05-27 13:48:00",created
6509,2170,"2026-05-27 15:18:41",assigned
6510,2170,"2026-05-27 21:21:25",resolved
6511,2171,"2026-05-10 12:14:00",created
6512,2171,"2026-05-10 14:04:56",assigned
6513,2171,"2026-05-10 21:28:40",resolved
6514,2172,"2026-07-02 22:38:00",created
6515,2172,"2026-07-02 23:43:45",assigned
6516,2172,"2026-07-03 04:06:46",resolved
6517,2173,"2026-07-07 11:35:00",created
6518,2173,"2026-07-07 12:47:30",assigned
6519,2173,"2026-07-07 17:37:32",resolved
6520,2174,"2026-07-16 17:34:00",created
6521,2174,"2026-07-16 19:25:31",assigned
6522,2174,"2026-07-17 02:51:39",resolved
6523,2175,"2026-06-14 19:05:00",created
6524,2175,"2026-06-14 20:36:54",assigned
6525,2175,"2026-06-15 02:44:32",resolved
6526,2176,"2026-05-17 20:50:00",created
6527,2176,"2026-05-17 21:55:12",assigned
6528,2176,"2026-05-18 02:16:02",resolved
6529,2177,"2026-06-17 04:27:00",created
6530,2177,"2026-06-17 07:03:58",assigned
6531,2177,"2026-06-17 17:31:54",resolved
6532,2178,"2026-05-03 15:56:00",created
6533,2178,"2026-05-03 18:01:46",assigned
6534,2178,"2026-05-04 02:24:50",resolved
6535,2179,"2026-05-17 03:00:00",created
6536,2179,"2026-05-17 04:35:05",assigned
6537,2179,"2026-05-17 10:55:25",resolved
6538,2180,"2026-07-11 08:34:00",created
6539,2180,"2026-07-11 09:41:48",assigned
6540,2180,"2026-07-11 14:13:00",resolved
6541,2181,"2026-07-08 08:42:00",created
6542,2181,"2026-07-08 11:17:02",assigned
6543,2181,"2026-07-08 21:37:14",resolved
6544,2182,"2026-05-18 14:23:00",created
6545,2182,"2026-05-18 16:10:24",assigned
6546,2182,"2026-05-18 23:20:02",resolved
6547,2183,"2026-07-04 10:27:00",created
6548,2183,"2026-07-04 12:07:52",assigned
6549,2183,"2026-07-04 18:51:21",resolved
6550,2184,"2026-06-03 15:39:00",created
6551,2184,"2026-06-03 19:46:07",assigned
6552,2184,"2026-06-04 12:14:35",resolved
6553,2185,"2026-06-21 23:23:00",created
6554,2185,"2026-06-22 00:20:33",assigned
6555,2185,"2026-06-22 04:10:48",resolved
6556,2186,"2026-07-10 06:29:00",created
6557,2186,"2026-07-10 08:49:55",assigned
6558,2186,"2026-07-10 18:13:37",resolved
6559,2187,"2026-06-13 16:08:00",created
6560,2187,"2026-06-13 17:34:57",assigned
6561,2187,"2026-06-13 23:22:45",resolved
6562,2188,"2026-06-23 09:26:00",created
6563,2188,"2026-06-23 10:40:42",assigned
6564,2188,"2026-06-23 15:39:30",resolved
6565,2189,"2026-07-06 13:02:00",created
6566,2189,"2026-07-06 14:00:31",assigned
6567,2189,"2026-07-06 17:54:35",resolved
6568,2190,"2026-05-09 07:22:00",created
6569,2190,"2026-05-09 08:43:25",assigned
6570,2190,"2026-05-09 14:09:05",resolved
6571,2191,"2026-05-02 19:46:00",created
6572,2191,"2026-05-02 21:33:26",assigned
6573,2191,"2026-05-03 04:43:12",resolved
6574,2192,"2026-06-30 00:53:00",created
6575,2192,"2026-06-30 01:57:11",assigned
6576,2192,"2026-06-30 06:13:55",resolved
6577,2193,"2026-07-22 11:58:00",created
6578,2193,"2026-07-22 12:44:37",assigned
6579,2193,"2026-07-22 15:51:06",resolved
6580,2194,"2026-07-26 08:18:00",created
6581,2194,"2026-07-26 09:03:49",assigned
6582,2194,"2026-07-26 12:07:09",resolved
6583,2195,"2026-05-29 14:50:00",created
6584,2195,"2026-05-29 16:19:03",assigned
6585,2195,"2026-05-29 22:15:18",resolved
6586,2196,"2026-07-29 00:02:00",created
6587,2196,"2026-07-29 00:33:52",assigned
6588,2196,"2026-07-29 02:41:24",resolved
6589,2197,"2026-06-15 13:45:00",created
6590,2197,"2026-06-15 14:59:44",assigned
6591,2197,"2026-06-15 19:58:44",resolved
6592,2198,"2026-05-08 13:08:00",created
6593,2198,"2026-05-08 13:43:55",assigned
6594,2198,"2026-05-08 16:07:37",resolved
6595,2199,"2026-05-11 08:54:00",created
6596,2199,"2026-05-11 11:03:04",assigned
6597,2199,"2026-05-11 19:39:22",resolved
6598,2200,"2026-07-29 10:54:00",created
6599,2200,"2026-07-29 12:31:53",assigned
6600,2200,"2026-07-29 19:03:29",resolved
6601,2201,"2026-07-01 06:25:00",created
6602,2201,"2026-07-01 07:15:20",assigned
6603,2201,"2026-07-01 10:36:44",resolved
6604,2202,"2026-07-05 07:29:00",created
6605,2202,"2026-07-05 11:52:46",assigned
6606,2202,"2026-07-06 05:27:50",resolved
6607,2203,"2026-07-12 18:33:00",created
6608,2203,"2026-07-12 19:20:39",assigned
6609,2203,"2026-07-12 22:31:18",resolved
6610,2204,"2026-05-20 00:41:00",created
6611,2204,"2026-05-20 01:06:01",assigned
6612,2204,"2026-05-20 02:46:07",resolved
6613,2205,"2026-06-10 10:38:00",created
6614,2205,"2026-06-10 12:00:33",assigned
6615,2205,"2026-06-10 17:30:47",resolved
6616,2206,"2026-07-27 17:20:00",created
6617,2206,"2026-07-27 20:15:37",assigned
6618,2206,"2026-07-28 07:58:09",resolved
6619,2207,"2026-05-27 01:45:00",created
6620,2207,"2026-05-27 04:53:57",assigned
6621,2207,"2026-05-27 17:29:47",resolved
6622,2208,"2026-06-03 20:11:00",created
6623,2208,"2026-06-03 23:40:44",assigned
6624,2208,"2026-06-04 13:39:44",resolved
6625,2209,"2026-05-26 06:39:00",created
6626,2209,"2026-05-26 09:25:12",assigned
6627,2209,"2026-05-26 20:30:04",resolved
6628,2210,"2026-05-17 06:07:00",created
6629,2210,"2026-05-17 08:53:20",assigned
6630,2210,"2026-05-17 19:58:44",resolved
6631,2211,"2026-06-05 06:29:00",created
6632,2211,"2026-06-05 08:06:01",assigned
6633,2211,"2026-06-05 14:34:07",resolved
6634,2212,"2026-07-17 05:31:00",created
6635,2212,"2026-07-17 07:07:15",assigned
6636,2212,"2026-07-17 13:32:18",resolved
6637,2213,"2026-06-30 02:04:00",created
6638,2213,"2026-06-30 02:44:32",assigned
6639,2213,"2026-06-30 05:26:44",resolved
6640,2214,"2026-07-04 23:15:00",created
6641,2214,"2026-07-05 02:39:38",assigned
6642,2214,"2026-07-05 16:18:10",resolved
6643,2215,"2026-07-05 17:18:00",created
6644,2215,"2026-07-05 18:29:04",assigned
6645,2215,"2026-07-05 23:13:20",resolved
6646,2216,"2026-07-20 03:11:00",created
6647,2216,"2026-07-20 05:42:27",assigned
6648,2216,"2026-07-20 15:48:16",resolved
6649,2217,"2026-07-22 22:00:00",created
6650,2217,"2026-07-22 23:55:36",assigned
6651,2217,"2026-07-23 07:38:01",resolved
6652,2218,"2026-05-14 20:30:00",created
6653,2218,"2026-05-14 21:51:45",assigned
6654,2218,"2026-05-15 03:18:46",resolved
6655,2219,"2026-05-31 19:02:00",created
6656,2219,"2026-05-31 19:38:00",assigned
6657,2219,"2026-05-31 22:02:02",resolved
6658,2220,"2026-06-02 16:56:00",created
6659,2220,"2026-06-02 17:31:54",assigned
6660,2220,"2026-06-02 19:55:32",resolved
6661,2221,"2026-07-09 01:44:00",created
6662,2221,"2026-07-09 03:10:45",assigned
6663,2221,"2026-07-09 08:57:46",resolved
6664,2222,"2026-06-15 22:19:00",created
6665,2222,"2026-06-15 23:18:26",assigned
6666,2222,"2026-06-16 03:16:11",resolved
6667,2223,"2026-06-13 02:54:00",created
6668,2223,"2026-06-13 03:29:55",assigned
6669,2223,"2026-06-13 05:53:39",resolved
6670,2224,"2026-05-10 05:15:00",created
6671,2224,"2026-05-10 06:40:22",assigned
6672,2224,"2026-05-10 12:21:54",resolved
6673,2225,"2026-05-08 05:29:00",created
6674,2225,"2026-05-08 06:52:57",assigned
6675,2225,"2026-05-08 12:28:48",resolved
6676,2226,"2026-06-26 17:43:00",created
6677,2226,"2026-06-26 18:18:21",assigned
6678,2226,"2026-06-26 20:39:48",resolved
6679,2227,"2026-05-20 00:19:00",created
6680,2227,"2026-05-20 01:29:45",assigned
6681,2227,"2026-05-20 06:12:45",resolved
6682,2228,"2026-06-17 21:44:00",created
6683,2228,"2026-06-17 23:28:18",assigned
6684,2228,"2026-06-18 06:25:31",resolved
6685,2229,"2026-07-16 02:21:00",created
6686,2229,"2026-07-16 03:42:05",assigned
6687,2229,"2026-07-16 09:06:27",resolved
6688,2230,"2026-07-12 09:19:00",created
6689,2230,"2026-07-12 10:58:03",assigned
6690,2230,"2026-07-12 17:34:15",resolved
6691,2231,"2026-07-13 13:12:00",created
6692,2231,"2026-07-13 14:47:29",assigned
6693,2231,"2026-07-13 21:09:25",resolved
6694,2232,"2026-06-16 20:20:00",created
6695,2232,"2026-06-16 22:25:15",assigned
6696,2232,"2026-06-17 06:46:17",resolved
6697,2233,"2026-06-07 18:05:00",created
6698,2233,"2026-06-07 18:55:33",assigned
6699,2233,"2026-06-07 22:17:49",resolved
6700,2234,"2026-07-26 12:27:00",created
6701,2234,"2026-07-26 15:15:00",assigned
6702,2234,"2026-07-27 02:27:03",resolved
6703,2235,"2026-05-12 17:44:00",created
6704,2235,"2026-05-12 18:26:55",assigned
6705,2235,"2026-05-12 21:18:38",resolved
6706,2236,"2026-06-23 11:33:00",created
6707,2236,"2026-06-23 14:08:49",assigned
6708,2236,"2026-06-24 00:32:05",resolved
6709,2237,"2026-05-17 08:00:00",created
6710,2237,"2026-05-17 08:42:14",assigned
6711,2237,"2026-05-17 11:31:13",resolved
6712,2238,"2026-07-03 17:25:00",created
6713,2238,"2026-07-03 21:29:30",assigned
6714,2238,"2026-07-04 13:47:30",resolved
6715,2239,"2026-07-21 07:06:00",created
6716,2239,"2026-07-21 08:53:02",assigned
6717,2239,"2026-07-21 16:01:14",resolved
6718,2240,"2026-05-23 16:44:00",created
6719,2240,"2026-05-23 19:03:29",assigned
6720,2240,"2026-05-24 04:21:28",resolved
6721,2241,"2026-05-22 22:00:00",created
6722,2241,"2026-05-22 23:20:22",assigned
6723,2241,"2026-05-23 04:41:53",resolved
6724,2242,"2026-05-13 02:37:00",created
6725,2242,"2026-05-13 03:58:36",assigned
6726,2242,"2026-05-13 09:25:01",resolved
6727,2243,"2026-05-30 09:38:00",created
6728,2243,"2026-05-30 10:53:03",assigned
6729,2243,"2026-05-30 15:53:18",resolved
6730,2244,"2026-05-06 04:40:00",created
6731,2244,"2026-05-06 07:51:37",assigned
6732,2244,"2026-05-06 20:38:08",resolved
6733,2245,"2026-05-23 08:14:00",created
6734,2245,"2026-05-23 09:26:16",assigned
6735,2245,"2026-05-23 14:15:22",resolved
6736,2246,"2026-06-10 13:25:00",created
6737,2246,"2026-06-10 14:40:32",assigned
6738,2246,"2026-06-10 19:42:41",resolved
6739,2247,"2026-05-23 12:05:00",created
6740,2247,"2026-05-23 13:16:46",assigned
6741,2247,"2026-05-23 18:03:52",resolved
6742,2248,"2026-07-25 11:54:00",created
6743,2248,"2026-07-25 15:22:28",assigned
6744,2248,"2026-07-26 05:16:20",resolved
6745,2249,"2026-05-31 00:16:00",created
6746,2249,"2026-05-31 02:55:45",assigned
6747,2249,"2026-05-31 13:34:46",resolved
6748,2250,"2026-07-27 08:51:00",created
6749,2250,"2026-07-27 10:31:43",assigned
6750,2250,"2026-07-27 17:14:35",resolved
6751,2251,"2026-05-24 12:36:00",created
6752,2251,"2026-05-24 14:17:54",assigned
6753,2251,"2026-05-24 21:05:30",resolved
6754,2252,"2026-07-01 15:42:00",created
6755,2252,"2026-07-01 17:00:10",assigned
6756,2252,"2026-07-01 22:12:54",resolved
6757,2253,"2026-06-08 14:29:00",created
6758,2253,"2026-06-08 17:11:45",assigned
6759,2253,"2026-06-09 04:02:47",resolved
6760,2254,"2026-06-09 11:19:00",created
6761,2254,"2026-06-09 13:43:08",assigned
6762,2254,"2026-06-09 23:19:40",resolved
6763,2255,"2026-07-11 05:22:00",created
6764,2255,"2026-07-11 08:08:36",assigned
6765,2255,"2026-07-11 19:15:00",resolved
6766,2256,"2026-07-13 18:36:00",created
6767,2256,"2026-07-13 20:56:20",assigned
6768,2256,"2026-07-14 06:17:43",resolved
6769,2257,"2026-05-30 07:04:00",created
6770,2257,"2026-05-30 07:33:42",assigned
6771,2257,"2026-05-30 09:32:31",resolved
6772,2258,"2026-07-07 02:22:00",created
6773,2258,"2026-07-07 04:06:10",assigned
6774,2258,"2026-07-07 11:02:51",resolved
6775,2259,"2026-05-12 14:20:00",created
6776,2259,"2026-05-12 15:05:10",assigned
6777,2259,"2026-05-12 18:05:53",resolved
6778,2260,"2026-07-02 21:56:00",created
6779,2260,"2026-07-02 23:06:42",assigned
6780,2260,"2026-07-03 03:49:33",resolved
6781,2261,"2026-06-09 05:39:00",created
6782,2261,"2026-06-09 07:33:07",assigned
6783,2261,"2026-06-09 15:09:38",resolved
6784,2262,"2026-06-18 07:27:00",created
6785,2262,"2026-06-18 09:53:24",assigned
6786,2262,"2026-06-18 19:39:01",resolved
6787,2263,"2026-06-09 05:16:00",created
6788,2263,"2026-06-09 06:54:27",assigned
6789,2263,"2026-06-09 13:28:18",resolved
6790,2264,"2026-06-02 13:46:00",created
6791,2264,"2026-06-02 17:07:42",assigned
6792,2264,"2026-06-03 06:34:31",resolved
6793,2265,"2026-05-29 15:40:00",created
6794,2265,"2026-05-29 17:13:12",assigned
6795,2265,"2026-05-29 23:26:00",resolved
6796,2266,"2026-06-20 16:12:00",created
6797,2266,"2026-06-20 17:58:42",assigned
6798,2266,"2026-06-21 01:05:32",resolved
6799,2267,"2026-06-26 06:06:00",created
6800,2267,"2026-06-26 07:56:36",assigned
6801,2267,"2026-06-26 15:19:03",resolved
6802,2268,"2026-05-16 06:11:00",created
6803,2268,"2026-05-16 07:09:49",assigned
6804,2268,"2026-05-16 11:05:06",resolved
6805,2269,"2026-06-22 15:20:00",created
6806,2269,"2026-06-22 20:51:47",assigned
6807,2269,"2026-06-23 18:58:55",resolved
6808,2270,"2026-06-01 16:14:00",created
6809,2270,"2026-06-01 17:41:49",assigned
6810,2270,"2026-06-01 23:33:08",resolved
6811,2271,"2026-05-13 22:39:00",created
6812,2271,"2026-05-13 22:57:04",assigned
6813,2271,"2026-05-14 00:09:24",resolved
6814,2272,"2026-06-07 08:00:00",created
6815,2272,"2026-06-07 09:27:57",assigned
6816,2272,"2026-06-07 15:19:45",resolved
6817,2273,"2026-06-22 14:53:00",created
6818,2273,"2026-06-22 18:52:16",assigned
6819,2273,"2026-06-23 10:49:20",resolved
6820,2274,"2026-06-27 16:58:00",created
6821,2274,"2026-06-27 17:55:47",assigned
6822,2274,"2026-06-27 21:46:55",resolved
6823,2275,"2026-07-12 13:36:00",created
6824,2275,"2026-07-12 16:09:53",assigned
6825,2275,"2026-07-13 02:25:27",resolved
6826,2276,"2026-07-05 00:48:00",created
6827,2276,"2026-07-05 02:36:55",assigned
6828,2276,"2026-07-05 09:52:38",resolved
6829,2277,"2026-05-11 21:42:00",created
6830,2277,"2026-05-11 23:57:08",assigned
6831,2277,"2026-05-12 08:57:41",resolved
6832,2278,"2026-07-21 06:24:00",created
6833,2278,"2026-07-21 08:13:51",assigned
6834,2278,"2026-07-21 15:33:15",resolved
6835,2279,"2026-07-07 21:13:00",created
6836,2279,"2026-07-07 22:55:55",assigned
6837,2279,"2026-07-08 05:47:35",resolved
6838,2280,"2026-06-07 04:41:00",created
6839,2280,"2026-06-07 06:06:52",assigned
6840,2280,"2026-06-07 11:50:24",resolved
6841,2281,"2026-05-28 08:53:00",created
6842,2281,"2026-05-28 10:23:49",assigned
6843,2281,"2026-05-28 16:27:08",resolved
6844,2282,"2026-05-17 17:53:00",created
6845,2282,"2026-05-17 18:43:51",assigned
6846,2282,"2026-05-17 22:07:18",resolved
6847,2283,"2026-06-09 15:33:00",created
6848,2283,"2026-06-09 16:26:00",assigned
6849,2283,"2026-06-09 19:58:01",resolved
6850,2284,"2026-07-11 09:17:00",created
6851,2284,"2026-07-11 10:53:12",assigned
6852,2284,"2026-07-11 17:18:00",resolved
6853,2285,"2026-06-19 11:21:00",created
6854,2285,"2026-06-19 13:32:36",assigned
6855,2285,"2026-06-19 22:19:00",resolved
6856,2286,"2026-05-08 08:28:00",created
6857,2286,"2026-05-08 09:59:41",assigned
6858,2286,"2026-05-08 16:06:25",resolved
6859,2287,"2026-06-16 14:45:00",created
6860,2287,"2026-06-16 15:43:06",assigned
6861,2287,"2026-06-16 19:35:31",resolved
6862,2288,"2026-07-19 00:55:00",created
6863,2288,"2026-07-19 01:48:54",assigned
6864,2288,"2026-07-19 05:24:32",resolved
6865,2289,"2026-06-08 10:24:00",created
6866,2289,"2026-06-08 11:41:37",assigned
6867,2289,"2026-06-08 16:52:07",resolved
6868,2290,"2026-07-25 06:46:00",created
6869,2290,"2026-07-25 18:27:49",assigned
6870,2290,"2026-07-27 17:15:09",resolved
6871,2291,"2026-07-15 18:35:00",created
6872,2291,"2026-07-15 19:59:18",assigned
6873,2291,"2026-07-16 01:36:32",resolved
6874,2292,"2026-07-05 14:52:00",created
6875,2292,"2026-07-05 16:21:50",assigned
6876,2292,"2026-07-05 22:21:10",resolved
6877,2293,"2026-06-04 20:33:00",created
6878,2293,"2026-06-04 21:14:58",assigned
6879,2293,"2026-06-05 00:02:51",resolved
6880,2294,"2026-05-14 10:56:00",created
6881,2294,"2026-05-14 13:24:20",assigned
6882,2294,"2026-05-14 23:17:41",resolved
6883,2295,"2026-07-21 04:50:00",created
6884,2295,"2026-07-21 05:44:53",assigned
6885,2295,"2026-07-21 09:24:29",resolved
6886,2296,"2026-07-17 00:02:00",created
6887,2296,"2026-07-17 01:03:29",assigned
6888,2296,"2026-07-17 05:09:25",resolved
6889,2297,"2026-05-01 15:04:00",created
6890,2297,"2026-05-01 15:49:18",assigned
6891,2297,"2026-05-01 18:50:32",resolved
6892,2298,"2026-07-25 19:28:00",created
6893,2298,"2026-07-25 21:43:26",assigned
6894,2298,"2026-07-26 06:45:12",resolved
6895,2299,"2026-05-23 03:05:00",created
6896,2299,"2026-05-23 04:15:02",assigned
6897,2299,"2026-05-23 08:55:12",resolved
6898,2300,"2026-06-21 05:01:00",created
6899,2300,"2026-06-21 06:37:27",assigned
6900,2300,"2026-06-21 13:03:18",resolved
6901,2301,"2026-05-17 21:18:00",created
6902,2301,"2026-05-17 22:37:04",assigned
6903,2301,"2026-05-18 03:53:22",resolved
6904,2302,"2026-06-14 01:21:00",created
6905,2302,"2026-06-14 04:13:24",assigned
6906,2302,"2026-06-14 15:43:02",resolved
6907,2303,"2026-07-05 16:40:00",created
6908,2303,"2026-07-05 18:38:02",assigned
6909,2303,"2026-07-06 02:30:11",resolved
6910,2304,"2026-06-26 11:18:00",created
6911,2304,"2026-06-26 12:56:41",assigned
6912,2304,"2026-06-26 19:31:25",resolved
6913,2305,"2026-07-09 10:26:00",created
6914,2305,"2026-07-09 14:01:32",assigned
6915,2305,"2026-07-10 04:23:41",resolved
6916,2306,"2026-07-05 18:12:00",created
6917,2306,"2026-07-05 19:48:27",assigned
6918,2306,"2026-07-06 02:14:19",resolved
6919,2307,"2026-06-24 06:07:00",created
6920,2307,"2026-06-24 07:16:37",assigned
6921,2307,"2026-06-24 11:55:07",resolved
6922,2308,"2026-05-24 06:07:00",created
6923,2308,"2026-05-24 09:26:47",assigned
6924,2308,"2026-05-24 22:45:59",resolved
6925,2309,"2026-07-10 18:11:00",created
6926,2309,"2026-07-11 01:56:40",assigned
6927,2309,"2026-07-12 08:59:23",resolved
6928,2310,"2026-05-22 05:35:00",created
6929,2310,"2026-05-22 08:20:27",assigned
6930,2310,"2026-05-22 19:22:15",resolved
6931,2311,"2026-07-18 00:40:00",created
6932,2311,"2026-07-18 03:42:53",assigned
6933,2311,"2026-07-18 15:54:29",resolved
6934,2312,"2026-07-03 23:23:00",created
6935,2312,"2026-07-04 00:58:26",assigned
6936,2312,"2026-07-04 07:20:12",resolved
6937,2313,"2026-07-01 12:35:00",created
6938,2313,"2026-07-01 14:56:12",assigned
6939,2313,"2026-07-02 00:21:01",resolved
6940,2314,"2026-06-14 21:00:00",created
6941,2314,"2026-06-14 22:04:05",assigned
6942,2314,"2026-06-15 02:20:25",resolved
6943,2315,"2026-06-14 05:09:00",created
6944,2315,"2026-06-14 07:10:13",assigned
6945,2315,"2026-06-14 15:15:07",resolved
6946,2316,"2026-05-24 21:37:00",created
6947,2316,"2026-05-24 23:17:12",assigned
6948,2316,"2026-05-25 05:58:04",resolved
6949,2317,"2026-05-08 16:22:00",created
6950,2317,"2026-05-08 21:04:59",assigned
6951,2317,"2026-05-09 15:56:57",resolved
6952,2318,"2026-07-24 00:55:00",created
6953,2318,"2026-07-24 01:57:31",assigned
6954,2318,"2026-07-24 06:07:35",resolved
6955,2319,"2026-07-08 03:03:00",created
6956,2319,"2026-07-08 03:55:46",assigned
6957,2319,"2026-07-08 07:26:54",resolved
6958,2320,"2026-07-07 13:17:00",created
6959,2320,"2026-07-07 14:42:53",assigned
6960,2320,"2026-07-07 20:26:28",resolved
6961,2321,"2026-06-22 15:51:00",created
6962,2321,"2026-06-22 17:04:28",assigned
6963,2321,"2026-06-22 21:58:20",resolved
6964,2322,"2026-05-26 13:55:00",created
6965,2322,"2026-05-26 14:31:41",assigned
6966,2322,"2026-05-26 16:58:29",resolved
6967,2323,"2026-06-10 02:48:00",created
6968,2323,"2026-06-10 06:42:12",assigned
6969,2323,"2026-06-10 22:19:04",resolved
6970,2324,"2026-06-24 13:27:00",created
6971,2324,"2026-06-24 16:15:34",assigned
6972,2324,"2026-06-25 03:29:51",resolved
6973,2325,"2026-07-18 19:24:00",created
6974,2325,"2026-07-18 21:45:37",assigned
6975,2325,"2026-07-19 07:12:06",resolved
6976,2326,"2026-06-25 00:28:00",created
6977,2326,"2026-06-25 01:33:35",assigned
6978,2326,"2026-06-25 05:55:57",resolved
6979,2327,"2026-05-09 18:01:00",created
6980,2327,"2026-05-09 18:51:16",assigned
6981,2327,"2026-05-09 22:12:20",resolved
6982,2328,"2026-05-24 21:11:00",created
6983,2328,"2026-05-24 22:19:14",assigned
6984,2328,"2026-05-25 02:52:14",resolved
6985,2329,"2026-05-14 13:53:00",created
6986,2329,"2026-05-14 15:10:00",assigned
6987,2329,"2026-05-14 20:18:04",resolved
6988,2330,"2026-07-16 00:53:00",created
6989,2330,"2026-07-16 04:04:39",assigned
6990,2330,"2026-07-16 16:51:15",resolved
6991,2331,"2026-05-21 11:17:00",created
6992,2331,"2026-05-21 12:05:39",assigned
6993,2331,"2026-05-21 15:20:19",resolved
6994,2332,"2026-05-29 18:06:00",created
6995,2332,"2026-05-29 20:14:50",assigned
6996,2332,"2026-05-30 04:50:13",resolved
6997,2333,"2026-06-09 22:05:00",created
6998,2333,"2026-06-09 23:22:41",assigned
6999,2333,"2026-06-10 04:33:26",resolved
7000,2334,"2026-06-09 20:52:00",created
7001,2334,"2026-06-09 22:04:17",assigned
7002,2334,"2026-06-10 02:53:25",resolved
7003,2335,"2026-05-16 03:32:00",created
7004,2335,"2026-05-16 04:20:47",assigned
7005,2335,"2026-05-16 07:35:59",resolved
7006,2336,"2026-07-15 00:29:00",created
7007,2336,"2026-07-15 03:29:10",assigned
7008,2336,"2026-07-15 15:29:54",resolved
7009,2337,"2026-07-04 07:42:00",created
7010,2337,"2026-07-04 09:24:31",assigned
7011,2337,"2026-07-04 16:14:39",resolved
7012,2338,"2026-07-15 15:12:00",created
7013,2338,"2026-07-15 17:09:53",assigned
7014,2338,"2026-07-16 01:01:25",resolved
7015,2339,"2026-06-12 23:51:00",created
7016,2339,"2026-06-13 03:30:37",assigned
7017,2339,"2026-06-13 18:09:05",resolved
7018,2340,"2026-07-21 21:16:00",created
7019,2340,"2026-07-22 00:01:49",assigned
7020,2340,"2026-07-22 11:05:05",resolved
7021,2341,"2026-05-14 13:34:00",created
7022,2341,"2026-05-14 14:11:55",assigned
7023,2341,"2026-05-14 16:43:38",resolved
7024,2342,"2026-05-16 05:42:00",created
7025,2342,"2026-05-16 06:50:23",assigned
7026,2342,"2026-05-16 11:23:57",resolved
7027,2343,"2026-05-17 04:55:00",created
7028,2343,"2026-05-17 06:07:29",assigned
7029,2343,"2026-05-17 10:57:25",resolved
7030,2344,"2026-06-30 10:30:00",created
7031,2344,"2026-06-30 15:06:46",assigned
7032,2344,"2026-07-01 09:33:53",resolved
7033,2345,"2026-05-02 15:00:00",created
7034,2345,"2026-05-02 17:52:27",assigned
7035,2345,"2026-05-03 05:22:18",resolved
7036,2346,"2026-06-15 17:08:00",created
7037,2346,"2026-06-15 18:48:58",assigned
7038,2346,"2026-06-16 01:32:51",resolved
7039,2347,"2026-05-07 05:30:00",created
7040,2347,"2026-05-07 06:23:03",assigned
7041,2347,"2026-05-07 09:55:19",resolved
7042,2348,"2026-05-31 21:53:00",created
7043,2348,"2026-06-01 00:32:54",assigned
7044,2348,"2026-06-01 11:12:32",resolved
7045,2349,"2026-07-09 01:37:00",created
7046,2349,"2026-07-09 03:50:10",assigned
7047,2349,"2026-07-09 12:42:52",resolved
7048,2350,"2026-07-17 02:54:00",created
7049,2350,"2026-07-17 04:21:24",assigned
7050,2350,"2026-07-17 10:11:04",resolved
7051,2351,"2026-06-03 11:28:00",created
7052,2351,"2026-06-03 14:57:05",assigned
7053,2351,"2026-06-04 04:53:28",resolved
7054,2352,"2026-06-23 03:03:00",created
7055,2352,"2026-06-23 06:25:54",assigned
7056,2352,"2026-06-23 19:57:31",resolved
7057,2353,"2026-06-26 08:44:00",created
7058,2353,"2026-06-26 11:07:49",assigned
7059,2353,"2026-06-26 20:43:09",resolved
7060,2354,"2026-07-10 03:29:00",created
7061,2354,"2026-07-10 07:31:31",assigned
7062,2354,"2026-07-10 23:41:35",resolved
7063,2355,"2026-05-14 15:02:00",created
7064,2355,"2026-05-14 21:01:01",assigned
7065,2355,"2026-05-15 20:57:09",resolved
7066,2356,"2026-07-26 03:09:00",created
7067,2356,"2026-07-26 03:59:26",assigned
7068,2356,"2026-07-26 07:21:12",resolved
7069,2357,"2026-05-14 08:02:00",created
7070,2357,"2026-05-15 02:29:49",assigned
7071,2357,"2026-05-18 04:21:08",resolved
7072,2358,"2026-07-10 03:25:00",created
7073,2358,"2026-07-10 05:54:20",assigned
7074,2358,"2026-07-10 15:51:42",resolved
7075,2359,"2026-07-29 00:31:00",created
7076,2359,"2026-07-29 03:06:33",assigned
7077,2359,"2026-07-29 13:28:46",resolved
7078,2360,"2026-06-22 11:07:00",created
7079,2360,"2026-06-22 12:56:10",assigned
7080,2360,"2026-06-22 20:12:50",resolved
7081,2361,"2026-06-09 13:17:00",created
7082,2361,"2026-06-09 13:53:24",assigned
7083,2361,"2026-06-09 16:19:03",resolved
7084,2362,"2026-06-17 02:38:00",created
7085,2362,"2026-06-17 03:19:58",assigned
7086,2362,"2026-06-17 06:07:51",resolved
7087,2363,"2026-06-03 08:49:00",created
7088,2363,"2026-06-03 13:03:59",assigned
7089,2363,"2026-06-04 06:03:57",resolved
7090,2364,"2026-06-11 13:48:00",created
7091,2364,"2026-06-11 15:28:10",assigned
7092,2364,"2026-06-11 22:08:50",resolved
7093,2365,"2026-05-12 00:41:00",created
7094,2365,"2026-05-12 01:58:45",assigned
7095,2365,"2026-05-12 07:09:48",resolved
7096,2366,"2026-06-13 16:41:00",created
7097,2366,"2026-06-13 20:28:06",assigned
7098,2366,"2026-06-14 11:36:31",resolved
7099,2367,"2026-06-26 18:59:00",created
7100,2367,"2026-06-26 23:27:00",assigned
7101,2367,"2026-06-27 17:19:04",resolved
7102,2368,"2026-06-02 10:07:00",created
7103,2368,"2026-06-02 12:10:24",assigned
7104,2368,"2026-06-02 20:24:02",resolved
7105,2369,"2026-05-17 14:56:00",created
7106,2369,"2026-05-17 18:01:58",assigned
7107,2369,"2026-05-18 06:25:51",resolved
7108,2370,"2026-05-13 22:24:00",created
7109,2370,"2026-05-14 00:01:59",assigned
7110,2370,"2026-05-14 06:33:56",resolved
7111,2371,"2026-06-12 16:14:00",created
7112,2371,"2026-06-12 17:53:58",assigned
7113,2371,"2026-06-13 00:33:53",resolved
7114,2372,"2026-05-29 10:47:00",created
7115,2372,"2026-05-29 12:07:06",assigned
7116,2372,"2026-05-29 17:27:34",resolved
7117,2373,"2026-05-25 08:51:00",created
7118,2373,"2026-05-25 13:38:06",assigned
7119,2373,"2026-05-26 08:46:30",resolved
7120,2374,"2026-07-25 12:33:00",created
7121,2374,"2026-07-25 13:20:08",assigned
7122,2374,"2026-07-25 16:28:44",resolved
7123,2375,"2026-06-01 22:58:00",created
7124,2375,"2026-06-02 02:01:50",assigned
7125,2375,"2026-06-02 14:17:10",resolved
7126,2376,"2026-07-03 16:29:00",created
7127,2376,"2026-07-03 17:19:19",assigned
7128,2376,"2026-07-03 20:40:38",resolved
7129,2377,"2026-07-01 21:52:00",created
7130,2377,"2026-07-01 23:28:22",assigned
7131,2377,"2026-07-02 05:53:51",resolved
7132,2378,"2026-06-13 18:48:00",created
7133,2378,"2026-06-13 19:12:30",assigned
7134,2378,"2026-06-13 20:50:30",resolved
7135,2379,"2026-06-14 23:53:00",created
7136,2379,"2026-06-15 02:10:15",assigned
7137,2379,"2026-06-15 11:19:16",resolved
7138,2380,"2026-07-01 19:13:00",created
7139,2380,"2026-07-01 21:24:02",assigned
7140,2380,"2026-07-02 06:08:13",resolved
7141,2381,"2026-06-14 11:16:00",created
7142,2381,"2026-06-14 17:17:34",assigned
7143,2381,"2026-06-15 17:23:52",resolved
7144,2382,"2026-07-02 16:19:00",created
7145,2382,"2026-07-02 17:38:56",assigned
7146,2382,"2026-07-02 22:58:43",resolved
7147,2383,"2026-07-14 04:56:00",created
7148,2383,"2026-07-14 07:45:56",assigned
7149,2383,"2026-07-14 19:05:43",resolved
7150,2384,"2026-05-07 12:20:00",created
7151,2384,"2026-05-07 15:11:50",assigned
7152,2384,"2026-05-08 02:39:12",resolved
7153,2385,"2026-06-14 04:13:00",created
7154,2385,"2026-06-14 06:18:08",assigned
7155,2385,"2026-06-14 14:38:42",resolved
7156,2386,"2026-06-18 23:49:00",created
7157,2386,"2026-06-19 01:02:27",assigned
7158,2386,"2026-06-19 05:56:15",resolved
7159,2387,"2026-07-21 11:36:00",created
7160,2387,"2026-07-21 12:15:29",assigned
7161,2387,"2026-07-21 14:53:26",resolved
7162,2388,"2026-07-23 23:26:00",created
7163,2388,"2026-07-24 00:33:36",assigned
7164,2388,"2026-07-24 05:04:04",resolved
7165,2389,"2026-07-13 19:31:00",created
7166,2389,"2026-07-13 20:37:33",assigned
7167,2389,"2026-07-14 01:03:46",resolved
7168,2390,"2026-05-16 01:42:00",created
7169,2390,"2026-05-16 02:30:09",assigned
7170,2390,"2026-05-16 05:42:49",resolved
7171,2391,"2026-07-25 19:27:00",created
7172,2391,"2026-07-25 20:52:43",assigned
7173,2391,"2026-07-26 02:35:35",resolved
7174,2392,"2026-07-29 12:51:00",created
7175,2392,"2026-07-29 15:14:35",assigned
7176,2392,"2026-07-30 00:48:56",resolved
7177,2393,"2026-05-12 05:05:00",created
7178,2393,"2026-05-12 06:31:52",assigned
7179,2393,"2026-05-12 12:19:21",resolved
7180,2394,"2026-07-06 02:23:00",created
7181,2394,"2026-07-06 05:39:45",assigned
7182,2394,"2026-07-06 18:46:45",resolved
7183,2395,"2026-06-02 01:40:00",created
7184,2395,"2026-06-02 04:53:04",assigned
7185,2395,"2026-06-02 17:45:23",resolved
7186,2396,"2026-07-02 00:16:00",created
7187,2396,"2026-07-02 01:03:23",assigned
7188,2396,"2026-07-02 04:12:56",resolved
7189,2397,"2026-07-26 19:32:00",created
7190,2397,"2026-07-26 20:13:37",assigned
7191,2397,"2026-07-26 23:00:05",resolved
7192,2398,"2026-05-28 17:48:00",created
7193,2398,"2026-05-28 18:27:19",assigned
7194,2398,"2026-05-28 21:04:38",resolved
7195,2399,"2026-07-07 10:20:00",created
7196,2399,"2026-07-07 11:20:42",assigned
7197,2399,"2026-07-07 15:23:32",resolved
7198,2400,"2026-06-20 13:05:00",created
7199,2400,"2026-06-20 14:38:53",assigned
7200,2400,"2026-06-20 20:54:26",resolved
7201,2401,"2026-05-14 17:05:00",created
7202,2401,"2026-05-14 17:49:50",assigned
7203,2401,"2026-05-14 20:49:14",resolved
7204,2402,"2026-07-24 18:49:00",created
7205,2402,"2026-07-24 20:44:29",assigned
7206,2402,"2026-07-25 04:26:28",resolved
7207,2403,"2026-05-13 19:49:00",created
7208,2403,"2026-05-13 21:46:21",assigned
7209,2403,"2026-05-14 05:35:48",resolved
7210,2404,"2026-05-29 23:40:00",created
7211,2404,"2026-05-30 01:41:33",assigned
7212,2404,"2026-05-30 09:47:46",resolved
7213,2405,"2026-07-13 08:41:00",created
7214,2405,"2026-07-13 09:50:30",assigned
7215,2405,"2026-07-13 14:28:31",resolved
7216,2406,"2026-06-17 20:16:00",created
7217,2406,"2026-06-17 21:44:06",assigned
7218,2406,"2026-06-18 03:36:31",resolved
7219,2407,"2026-05-11 12:27:00",created
7220,2407,"2026-05-11 16:45:28",assigned
7221,2407,"2026-05-12 09:59:24",resolved
7222,2408,"2026-07-19 11:31:00",created
7223,2408,"2026-07-19 12:38:45",assigned
7224,2408,"2026-07-19 17:09:48",resolved
7225,2409,"2026-07-01 12:39:00",created
7226,2409,"2026-07-01 13:53:06",assigned
7227,2409,"2026-07-01 18:49:31",resolved
7228,2410,"2026-05-13 18:23:00",created
7229,2410,"2026-05-13 19:53:12",assigned
7230,2410,"2026-05-14 01:54:00",resolved
7231,2411,"2026-06-28 02:25:00",created
7232,2411,"2026-06-28 03:23:49",assigned
7233,2411,"2026-06-28 07:19:09",resolved
7234,2412,"2026-06-10 21:37:00",created
7235,2412,"2026-06-10 23:32:11",assigned
7236,2412,"2026-06-11 07:12:56",resolved
7237,2413,"2026-07-15 06:30:00",created
7238,2413,"2026-07-15 10:20:05",assigned
7239,2413,"2026-07-16 01:40:29",resolved
7240,2414,"2026-07-29 17:10:00",created
7241,2414,"2026-07-29 19:18:58",assigned
7242,2414,"2026-07-30 03:54:54",resolved
7243,2415,"2026-06-18 04:45:00",created
7244,2415,"2026-06-18 05:38:06",assigned
7245,2415,"2026-06-18 09:10:32",resolved
7246,2416,"2026-06-12 19:03:00",created
7247,2416,"2026-06-12 22:35:49",assigned
7248,2416,"2026-06-13 12:47:06",resolved
7249,2417,"2026-06-21 19:32:00",created
7250,2417,"2026-06-21 20:54:20",assigned
7251,2417,"2026-06-22 02:23:44",resolved
7252,2418,"2026-05-29 18:30:00",created
7253,2418,"2026-05-29 20:06:00",assigned
7254,2418,"2026-05-30 02:30:00",resolved
7255,2419,"2026-05-08 03:42:00",created
7256,2419,"2026-05-08 05:14:22",assigned
7257,2419,"2026-05-08 11:23:51",resolved
7258,2420,"2026-06-22 09:59:00",created
7259,2420,"2026-06-22 12:35:44",assigned
7260,2420,"2026-06-22 23:02:40",resolved
7261,2421,"2026-06-15 07:06:00",created
7262,2421,"2026-06-15 07:37:13",assigned
7263,2421,"2026-06-15 09:42:08",resolved
7264,2422,"2026-06-09 11:12:00",created
7265,2422,"2026-06-09 12:54:17",assigned
7266,2422,"2026-06-09 19:43:27",resolved
7267,2423,"2026-07-27 05:58:00",created
7268,2423,"2026-07-27 08:08:57",assigned
7269,2423,"2026-07-27 16:52:45",resolved
7270,2424,"2026-06-28 23:27:00",created
7271,2424,"2026-06-29 00:06:45",assigned
7272,2424,"2026-06-29 02:45:48",resolved
7273,2425,"2026-05-20 14:53:00",created
7274,2425,"2026-05-20 16:17:03",assigned
7275,2425,"2026-05-20 21:53:17",resolved
7276,2426,"2026-06-13 00:14:00",created
7277,2426,"2026-06-13 01:35:30",assigned
7278,2426,"2026-06-13 07:01:32",resolved
7279,2427,"2026-07-02 02:54:00",created
7280,2427,"2026-07-02 03:46:58",assigned
7281,2427,"2026-07-02 07:18:51",resolved
7282,2428,"2026-06-20 22:17:00",created
7283,2428,"2026-06-20 23:04:17",assigned
7284,2428,"2026-06-21 02:13:26",resolved
7285,2429,"2026-06-30 07:32:00",created
7286,2429,"2026-06-30 08:45:40",assigned
7287,2429,"2026-06-30 13:40:22",resolved
7288,2430,"2026-06-19 08:49:00",created
7289,2430,"2026-06-19 11:41:08",assigned
7290,2430,"2026-06-19 23:09:42",resolved
7291,2431,"2026-05-11 03:39:00",created
7292,2431,"2026-05-11 05:31:27",assigned
7293,2431,"2026-05-11 13:01:15",resolved
7294,2432,"2026-06-24 13:29:00",created
7295,2432,"2026-06-24 14:28:00",assigned
7296,2432,"2026-06-24 18:24:04",resolved
7297,2433,"2026-07-16 17:21:00",created
7298,2433,"2026-07-16 18:32:43",assigned
7299,2433,"2026-07-16 23:19:35",resolved
7300,2434,"2026-06-24 12:18:00",created
7301,2434,"2026-06-24 13:35:00",assigned
7302,2434,"2026-06-24 18:43:02",resolved
7303,2435,"2026-07-03 04:02:00",created
7304,2435,"2026-07-03 04:37:49",assigned
7305,2435,"2026-07-03 07:01:08",resolved
7306,2436,"2026-05-15 19:46:00",created
7307,2436,"2026-05-15 20:16:42",assigned
7308,2436,"2026-05-15 22:19:32",resolved
7309,2437,"2026-06-10 14:01:00",created
7310,2437,"2026-06-10 15:29:06",assigned
7311,2437,"2026-06-10 21:21:33",resolved
7312,2438,"2026-05-26 16:08:00",created
7313,2438,"2026-05-26 18:53:16",assigned
7314,2438,"2026-05-27 05:54:24",resolved
7315,2439,"2026-06-08 17:48:00",created
7316,2439,"2026-06-08 18:35:03",assigned
7317,2439,"2026-06-08 21:43:19",resolved
7318,2440,"2026-05-15 23:54:00",created
7319,2440,"2026-05-16 00:40:06",assigned
7320,2440,"2026-05-16 03:44:34",resolved
7321,2441,"2026-07-14 22:30:00",created
7322,2441,"2026-07-14 23:29:37",assigned
7323,2441,"2026-07-15 03:28:08",resolved
7324,2442,"2026-05-30 06:11:00",created
7325,2442,"2026-05-30 08:00:28",assigned
7326,2442,"2026-05-30 15:18:22",resolved
7327,2443,"2026-07-12 07:02:00",created
7328,2443,"2026-07-12 08:30:19",assigned
7329,2443,"2026-07-12 14:23:37",resolved
7330,2444,"2026-07-02 02:41:00",created
7331,2444,"2026-07-02 04:41:48",assigned
7332,2444,"2026-07-02 12:45:01",resolved
7333,2445,"2026-06-28 15:48:00",created
7334,2445,"2026-06-28 18:29:40",assigned
7335,2445,"2026-06-29 05:16:20",resolved
7336,2446,"2026-06-16 22:50:00",created
7337,2446,"2026-06-16 23:45:11",assigned
7338,2446,"2026-06-17 03:25:59",resolved
7339,2447,"2026-05-18 02:02:00",created
7340,2447,"2026-05-18 03:10:12",assigned
7341,2447,"2026-05-18 07:43:02",resolved
7342,2448,"2026-07-19 11:54:00",created
7343,2448,"2026-07-19 12:13:24",assigned
7344,2448,"2026-07-19 13:31:01",resolved
7345,2449,"2026-07-01 16:13:00",created
7346,2449,"2026-07-01 16:39:58",assigned
7347,2449,"2026-07-01 18:27:51",resolved
7348,2450,"2026-07-24 18:17:00",created
7349,2450,"2026-07-24 18:52:47",assigned
7350,2450,"2026-07-24 21:15:56",resolved
7351,2451,"2026-07-19 02:46:00",created
7352,2451,"2026-07-19 04:40:12",assigned
7353,2451,"2026-07-19 12:17:02",resolved
7354,2452,"2026-07-23 20:11:00",created
7355,2452,"2026-07-23 21:27:11",assigned
7356,2452,"2026-07-24 02:31:55",resolved
7357,2453,"2026-05-05 05:43:00",created
7358,2453,"2026-05-05 08:59:15",assigned
7359,2453,"2026-05-05 22:04:19",resolved
7360,2454,"2026-06-25 12:58:00",created
7361,2454,"2026-06-25 19:28:42",assigned
7362,2454,"2026-06-26 21:31:34",resolved
7363,2455,"2026-06-25 19:34:00",created
7364,2455,"2026-06-26 01:29:29",assigned
7365,2455,"2026-06-27 01:11:27",resolved
7366,2456,"2026-06-01 04:10:00",created
7367,2456,"2026-06-01 07:01:11",assigned
7368,2456,"2026-06-01 18:25:56",resolved
7369,2457,"2026-06-16 21:48:00",created
7370,2457,"2026-06-16 22:33:03",assigned
7371,2457,"2026-06-17 01:33:17",resolved
7372,2458,"2026-06-24 05:31:00",created
7373,2458,"2026-06-24 07:26:21",assigned
7374,2458,"2026-06-24 15:07:45",resolved
7375,2459,"2026-05-29 15:04:00",created
7376,2459,"2026-05-29 16:25:10",assigned
7377,2459,"2026-05-29 21:49:52",resolved
7378,2460,"2026-06-30 19:59:00",created
7379,2460,"2026-06-30 21:17:10",assigned
7380,2460,"2026-07-01 02:29:54",resolved
7381,2461,"2026-07-05 22:01:00",created
7382,2461,"2026-07-05 23:38:45",assigned
7383,2461,"2026-07-06 06:09:48",resolved
7384,2462,"2026-07-28 05:08:00",created
7385,2462,"2026-07-28 07:52:27",assigned
7386,2462,"2026-07-28 18:50:18",resolved
7387,2463,"2026-07-23 19:55:00",created
7388,2463,"2026-07-23 21:14:14",assigned
7389,2463,"2026-07-24 02:31:12",resolved
7390,2464,"2026-05-18 17:36:00",created
7391,2464,"2026-05-18 18:45:26",assigned
7392,2464,"2026-05-18 23:23:14",resolved
7393,2465,"2026-07-14 20:16:00",created
7394,2465,"2026-07-14 21:51:59",assigned
7395,2465,"2026-07-15 04:15:55",resolved
7396,2466,"2026-06-23 02:35:00",created
7397,2466,"2026-06-23 05:08:11",assigned
7398,2466,"2026-06-23 15:20:55",resolved
7399,2467,"2026-06-13 11:54:00",created
7400,2467,"2026-06-13 16:53:34",assigned
7401,2467,"2026-06-14 12:51:51",resolved
7402,2468,"2026-05-03 03:04:00",created
7403,2468,"2026-05-03 04:51:56",assigned
7404,2468,"2026-05-03 12:03:44",resolved
7405,2469,"2026-07-01 12:30:00",created
7406,2469,"2026-07-01 14:18:05",assigned
7407,2469,"2026-07-01 21:30:27",resolved
7408,2470,"2026-06-26 02:03:00",created
7409,2470,"2026-06-26 02:49:18",assigned
7410,2470,"2026-06-26 05:54:31",resolved
7411,2471,"2026-06-03 20:29:00",created
7412,2471,"2026-06-03 21:28:05",assigned
7413,2471,"2026-06-04 01:24:29",resolved
7414,2472,"2026-07-18 17:16:00",created
7415,2472,"2026-07-18 18:17:06",assigned
7416,2472,"2026-07-18 22:21:33",resolved
7417,2473,"2026-07-07 03:38:00",created
7418,2473,"2026-07-07 06:07:59",assigned
7419,2473,"2026-07-07 16:07:55",resolved
7420,2474,"2026-06-22 09:32:00",created
7421,2474,"2026-06-22 10:37:34",assigned
7422,2474,"2026-06-22 14:59:52",resolved
7423,2475,"2026-05-07 02:22:00",created
7424,2475,"2026-05-07 04:25:30",assigned
7425,2475,"2026-05-07 12:39:34",resolved
7426,2476,"2026-07-22 22:27:00",created
7427,2476,"2026-07-22 23:48:43",assigned
7428,2476,"2026-07-23 05:15:36",resolved
7429,2477,"2026-07-26 00:32:00",created
7430,2477,"2026-07-26 01:46:31",assigned
7431,2477,"2026-07-26 06:44:37",resolved
7432,2478,"2026-05-07 04:55:00",created
7433,2478,"2026-05-07 05:49:48",assigned
7434,2478,"2026-05-07 09:29:04",resolved
7435,2479,"2026-06-27 08:17:00",created
7436,2479,"2026-06-27 09:12:17",assigned
7437,2479,"2026-06-27 12:53:25",resolved
7438,2480,"2026-07-13 17:56:00",created
7439,2480,"2026-07-13 18:36:03",assigned
7440,2480,"2026-07-13 21:16:16",resolved
7441,2481,"2026-06-05 19:16:00",created
7442,2481,"2026-06-05 20:06:10",assigned
7443,2481,"2026-06-05 23:26:53",resolved
7444,2482,"2026-06-29 07:26:00",created
7445,2482,"2026-06-29 09:32:21",assigned
7446,2482,"2026-06-29 17:57:49",resolved
7447,2483,"2026-07-15 10:15:00",created
7448,2483,"2026-07-15 13:01:51",assigned
7449,2483,"2026-07-16 00:09:15",resolved
7450,2484,"2026-07-10 13:04:00",created
7451,2484,"2026-07-10 14:15:06",assigned
7452,2484,"2026-07-10 18:59:34",resolved
7453,2485,"2026-06-06 03:15:00",created
7454,2485,"2026-06-06 03:55:27",assigned
7455,2485,"2026-06-06 06:37:17",resolved
7456,2486,"2026-07-22 11:54:00",created
7457,2486,"2026-07-22 12:56:26",assigned
7458,2486,"2026-07-22 17:06:13",resolved
7459,2487,"2026-07-16 13:36:00",created
7460,2487,"2026-07-16 14:59:29",assigned
7461,2487,"2026-07-16 20:33:29",resolved
7462,2488,"2026-07-26 03:47:00",created
7463,2488,"2026-07-26 04:31:00",assigned
7464,2488,"2026-07-26 07:27:00",resolved
7465,2489,"2026-06-10 06:14:00",created
7466,2489,"2026-06-10 07:49:35",assigned
7467,2489,"2026-06-10 14:11:56",resolved
7468,2490,"2026-05-02 23:49:00",created
7469,2490,"2026-05-03 00:19:46",assigned
7470,2490,"2026-05-03 02:22:53",resolved
7471,2491,"2026-05-24 10:17:00",created
7472,2491,"2026-05-24 15:07:42",assigned
7473,2491,"2026-05-25 10:30:33",resolved
7474,2492,"2026-06-16 02:25:00",created
7475,2492,"2026-06-16 03:45:36",assigned
7476,2492,"2026-06-16 09:08:00",resolved
7477,2493,"2026-05-29 00:12:00",created
7478,2493,"2026-05-29 02:40:55",assigned
7479,2493,"2026-05-29 12:36:38",resolved
7480,2494,"2026-06-11 19:04:00",created
7481,2494,"2026-06-11 20:22:40",assigned
7482,2494,"2026-06-12 01:37:23",resolved
7483,2495,"2026-05-10 16:01:00",created
7484,2495,"2026-05-10 16:29:53",assigned
7485,2495,"2026-05-10 18:25:29",resolved
7486,2496,"2026-06-08 21:35:00",created
7487,2496,"2026-06-08 22:50:57",assigned
7488,2496,"2026-06-09 03:54:46",resolved
7489,2497,"2026-07-27 00:25:00",created
7490,2497,"2026-07-27 01:56:33",assigned
7491,2497,"2026-07-27 08:02:47",resolved
7492,2498,"2026-05-12 15:43:00",created
7493,2498,"2026-05-12 17:08:47",assigned
7494,2498,"2026-05-12 22:51:57",resolved
7495,2499,"2026-06-18 17:49:00",created
7496,2499,"2026-06-18 18:56:08",assigned
7497,2499,"2026-06-18 23:24:41",resolved
7498,2500,"2026-05-03 17:31:00",created
7499,2500,"2026-05-03 18:54:19",assigned
7500,2500,"2026-05-04 00:27:39",resolved
7501,2501,"2026-06-12 06:49:00",created
7502,2501,"2026-06-12 10:25:20",assigned
7503,2501,"2026-06-13 00:50:42",resolved
7504,2502,"2026-07-11 14:08:00",created
7505,2502,"2026-07-11 15:29:58",assigned
7506,2502,"2026-07-11 20:57:52",resolved
7507,2503,"2026-06-22 03:13:00",created
7508,2503,"2026-06-22 04:07:15",assigned
7509,2503,"2026-06-22 07:44:19",resolved
7510,2504,"2026-06-24 01:39:00",created
7511,2504,"2026-06-24 02:54:41",assigned
7512,2504,"2026-06-24 07:57:25",resolved
7513,2505,"2026-05-05 20:10:00",created
7514,2505,"2026-05-05 21:50:53",assigned
7515,2505,"2026-05-06 04:34:25",resolved
7516,2506,"2026-05-04 03:42:00",created
7517,2506,"2026-05-04 05:38:12",assigned
7518,2506,"2026-05-04 13:23:03",resolved
7519,2507,"2026-05-06 12:58:00",created
7520,2507,"2026-05-06 14:22:24",assigned
7521,2507,"2026-05-06 20:00:03",resolved
7522,2508,"2026-05-01 08:08:00",created
7523,2508,"2026-05-01 08:48:00",assigned
7524,2508,"2026-05-01 11:28:03",resolved
7525,2509,"2026-07-10 05:06:00",created
7526,2509,"2026-07-10 05:26:47",assigned
7527,2509,"2026-07-10 06:49:56",resolved
7528,2510,"2026-07-13 18:26:00",created
7529,2510,"2026-07-13 20:08:18",assigned
7530,2510,"2026-07-14 02:57:34",resolved
7531,2511,"2026-06-04 22:56:00",created
7532,2511,"2026-06-05 02:10:44",assigned
7533,2511,"2026-06-05 15:09:44",resolved
7534,2512,"2026-05-22 23:26:00",created
7535,2512,"2026-05-23 01:41:02",assigned
7536,2512,"2026-05-23 10:41:10",resolved
7537,2513,"2026-07-04 08:10:00",created
7538,2513,"2026-07-04 08:28:35",assigned
7539,2513,"2026-07-04 09:42:58",resolved
7540,2514,"2026-07-27 17:56:00",created
7541,2514,"2026-07-27 19:02:21",assigned
7542,2514,"2026-07-27 23:27:48",resolved
7543,2515,"2026-06-18 13:24:00",created
7544,2515,"2026-06-18 15:09:56",assigned
7545,2515,"2026-06-18 22:13:41",resolved
7546,2516,"2026-06-07 18:53:00",created
7547,2516,"2026-06-07 20:21:59",assigned
7548,2516,"2026-06-08 02:17:55",resolved
7549,2517,"2026-07-20 01:55:00",created
7550,2517,"2026-07-20 03:34:29",assigned
7551,2517,"2026-07-20 10:12:27",resolved
7552,2518,"2026-05-07 20:41:00",created
7553,2518,"2026-05-07 23:05:03",assigned
7554,2518,"2026-05-08 08:41:15",resolved
7555,2519,"2026-06-30 12:07:00",created
7556,2519,"2026-06-30 13:07:57",assigned
7557,2519,"2026-06-30 17:11:46",resolved
7558,2520,"2026-06-08 02:32:00",created
7559,2520,"2026-06-08 04:20:36",assigned
7560,2520,"2026-06-08 11:35:02",resolved
7561,2521,"2026-07-04 06:35:00",created
7562,2521,"2026-07-04 07:28:29",assigned
7563,2521,"2026-07-04 11:02:29",resolved
7564,2522,"2026-07-02 23:18:00",created
7565,2522,"2026-07-03 00:26:05",assigned
7566,2522,"2026-07-03 04:58:26",resolved
7567,2523,"2026-07-04 18:14:00",created
7568,2523,"2026-07-04 18:43:29",assigned
7569,2523,"2026-07-04 20:41:29",resolved
7570,2524,"2026-06-07 06:29:00",created
7571,2524,"2026-06-07 08:24:24",assigned
7572,2524,"2026-06-07 16:06:04",resolved
7573,2525,"2026-07-24 19:57:00",created
7574,2525,"2026-07-24 20:49:13",assigned
7575,2525,"2026-07-25 00:18:05",resolved
7576,2526,"2026-07-19 11:16:00",created
7577,2526,"2026-07-19 12:40:14",assigned
7578,2526,"2026-07-19 18:17:13",resolved
7579,2527,"2026-06-08 09:02:00",created
7580,2527,"2026-06-08 09:31:52",assigned
7581,2527,"2026-06-08 11:31:23",resolved
7582,2528,"2026-05-16 21:30:00",created
7583,2528,"2026-05-16 23:23:49",assigned
7584,2528,"2026-05-17 06:59:05",resolved
7585,2529,"2026-07-09 17:45:00",created
7586,2529,"2026-07-09 18:11:48",assigned
7587,2529,"2026-07-09 19:59:00",resolved
7588,2530,"2026-05-16 05:00:00",created
7589,2530,"2026-05-16 06:20:57",assigned
7590,2530,"2026-05-16 11:44:45",resolved
7591,2531,"2026-07-17 06:20:00",created
7592,2531,"2026-07-17 07:01:08",assigned
7593,2531,"2026-07-17 09:45:41",resolved
7594,2532,"2026-05-31 12:09:00",created
7595,2532,"2026-05-31 14:04:40",assigned
7596,2532,"2026-05-31 21:47:20",resolved
7597,2533,"2026-06-24 20:58:00",created
7598,2533,"2026-06-24 21:50:45",assigned
7599,2533,"2026-06-25 01:21:47",resolved
7600,2534,"2026-07-20 13:24:00",created
7601,2534,"2026-07-20 15:11:26",assigned
7602,2534,"2026-07-20 22:21:14",resolved
7603,2535,"2026-05-18 02:52:00",created
7604,2535,"2026-05-18 04:39:25",assigned
7605,2535,"2026-05-18 11:49:07",resolved
7606,2536,"2026-05-19 02:49:00",created
7607,2536,"2026-05-19 03:50:30",assigned
7608,2536,"2026-05-19 07:56:34",resolved
7609,2537,"2026-06-19 10:03:00",created
7610,2537,"2026-06-19 11:14:22",assigned
7611,2537,"2026-06-19 15:59:50",resolved
7612,2538,"2026-05-31 04:37:00",created
7613,2538,"2026-05-31 05:55:38",assigned
7614,2538,"2026-05-31 11:10:10",resolved
7615,2539,"2026-07-22 03:06:00",created
7616,2539,"2026-07-22 04:05:21",assigned
7617,2539,"2026-07-22 08:02:48",resolved
7618,2540,"2026-06-07 02:27:00",created
7619,2540,"2026-06-07 04:28:33",assigned
7620,2540,"2026-06-07 12:34:47",resolved
7621,2541,"2026-07-07 18:34:00",created
7622,2541,"2026-07-07 19:15:28",assigned
7623,2541,"2026-07-07 22:01:22",resolved
7624,2542,"2026-07-08 03:13:00",created
7625,2542,"2026-07-08 05:59:14",assigned
7626,2542,"2026-07-08 17:04:13",resolved
7627,2543,"2026-05-16 15:17:00",created
7628,2543,"2026-05-16 17:00:12",assigned
7629,2543,"2026-05-16 23:53:01",resolved
7630,2544,"2026-06-04 00:59:00",created
7631,2544,"2026-06-04 04:49:10",assigned
7632,2544,"2026-06-04 20:09:51",resolved
7633,2545,"2026-05-25 02:22:00",created
7634,2545,"2026-05-25 04:04:26",assigned
7635,2545,"2026-05-25 10:54:11",resolved
7636,2546,"2026-05-17 21:34:00",created
7637,2546,"2026-05-18 01:36:42",assigned
7638,2546,"2026-05-18 17:47:32",resolved
7639,2547,"2026-07-04 03:17:00",created
7640,2547,"2026-07-04 04:21:53",assigned
7641,2547,"2026-07-04 08:41:27",resolved
7642,2548,"2026-07-05 09:32:00",created
7643,2548,"2026-07-05 12:02:30",assigned
7644,2548,"2026-07-05 22:04:32",resolved
7645,2549,"2026-05-08 06:25:00",created
7646,2549,"2026-05-08 09:12:18",assigned
7647,2549,"2026-05-08 20:21:34",resolved
7648,2550,"2026-05-24 01:36:00",created
7649,2550,"2026-05-24 03:01:28",assigned
7650,2550,"2026-05-24 08:43:24",resolved
7651,2551,"2026-06-30 23:30:00",created
7652,2551,"2026-07-01 00:50:40",assigned
7653,2551,"2026-07-01 06:13:24",resolved
7654,2552,"2026-06-07 02:07:00",created
7655,2552,"2026-06-07 05:54:41",assigned
7656,2552,"2026-06-07 21:05:27",resolved
7657,2553,"2026-05-17 12:03:00",created
7658,2553,"2026-05-17 12:38:58",assigned
7659,2553,"2026-05-17 15:02:53",resolved
7660,2554,"2026-06-03 16:57:00",created
7661,2554,"2026-06-03 18:28:02",assigned
7662,2554,"2026-06-04 00:32:14",resolved
7663,2555,"2026-06-11 18:59:00",created
7664,2555,"2026-06-11 23:48:07",assigned
7665,2555,"2026-06-12 19:04:36",resolved
7666,2556,"2026-07-22 10:14:00",created
7667,2556,"2026-07-22 11:08:13",assigned
7668,2556,"2026-07-22 14:45:07",resolved
7669,2557,"2026-06-07 09:34:00",created
7670,2557,"2026-06-07 11:07:14",assigned
7671,2557,"2026-06-07 17:20:14",resolved
7672,2558,"2026-05-24 05:36:00",created
7673,2558,"2026-05-24 08:29:45",assigned
7674,2558,"2026-05-24 20:04:45",resolved
7675,2559,"2026-05-29 12:54:00",created
7676,2559,"2026-05-29 16:13:07",assigned
7677,2559,"2026-05-30 05:29:38",resolved
7678,2560,"2026-06-27 18:08:00",created
7679,2560,"2026-06-27 20:51:03",assigned
7680,2560,"2026-06-28 07:43:18",resolved
7681,2561,"2026-05-10 10:33:00",created
7682,2561,"2026-05-10 12:34:10",assigned
7683,2561,"2026-05-10 20:38:50",resolved
7684,2562,"2026-05-13 04:06:00",created
7685,2562,"2026-05-13 05:41:56",assigned
7686,2562,"2026-05-13 12:05:42",resolved
7687,2563,"2026-05-29 06:05:00",created
7688,2563,"2026-05-29 07:51:30",assigned
7689,2563,"2026-05-29 14:57:30",resolved
7690,2564,"2026-06-25 08:32:00",created
7691,2564,"2026-06-25 09:34:41",assigned
7692,2564,"2026-06-25 13:45:26",resolved
7693,2565,"2026-06-10 04:29:00",created
7694,2565,"2026-06-10 06:27:51",assigned
7695,2565,"2026-06-10 14:23:17",resolved
7696,2566,"2026-06-21 00:37:00",created
7697,2566,"2026-06-21 02:49:38",assigned
7698,2566,"2026-06-21 11:40:11",resolved
7699,2567,"2026-05-16 16:14:00",created
7700,2567,"2026-05-16 16:43:50",assigned
7701,2567,"2026-05-16 18:43:11",resolved
7702,2568,"2026-06-24 00:54:00",created
7703,2568,"2026-06-24 01:47:40",assigned
7704,2568,"2026-06-24 05:22:20",resolved
7705,2569,"2026-06-29 09:39:00",created
7706,2569,"2026-06-29 10:55:38",assigned
7707,2569,"2026-06-29 16:02:13",resolved
7708,2570,"2026-07-01 19:54:00",created
7709,2570,"2026-07-01 21:55:22",assigned
7710,2570,"2026-07-02 06:00:50",resolved
7711,2571,"2026-05-17 01:57:00",created
7712,2571,"2026-05-17 03:40:01",assigned
7713,2571,"2026-05-17 10:32:08",resolved
7714,2572,"2026-05-19 00:23:00",created
7715,2572,"2026-05-19 01:51:33",assigned
7716,2572,"2026-05-19 07:45:48",resolved
7717,2573,"2026-06-02 23:08:00",created
7718,2573,"2026-06-03 00:22:03",assigned
7719,2573,"2026-06-03 05:18:18",resolved
7720,2574,"2026-06-25 00:56:00",created
7721,2574,"2026-06-25 04:34:08",assigned
7722,2574,"2026-06-25 19:06:44",resolved
7723,2575,"2026-05-20 00:49:00",created
7724,2575,"2026-05-20 03:20:37",assigned
7725,2575,"2026-05-20 13:27:06",resolved
7726,2576,"2026-06-15 11:32:00",created
7727,2576,"2026-06-15 12:26:28",assigned
7728,2576,"2026-06-15 16:04:21",resolved
7729,2577,"2026-06-29 14:21:00",created
7730,2577,"2026-06-29 15:10:39",assigned
7731,2577,"2026-06-29 18:29:16",resolved
7732,2578,"2026-06-13 07:02:00",created
7733,2578,"2026-06-13 09:13:45",assigned
7734,2578,"2026-06-13 18:00:45",resolved
7735,2579,"2026-05-02 07:24:00",created
7736,2579,"2026-05-02 11:15:23",assigned
7737,2579,"2026-05-03 02:40:56",resolved
7738,2580,"2026-07-13 02:40:00",created
7739,2580,"2026-07-13 04:09:39",assigned
7740,2580,"2026-07-13 10:08:18",resolved
7741,2581,"2026-06-27 17:25:00",created
7742,2581,"2026-06-27 19:18:52",assigned
7743,2581,"2026-06-28 02:54:23",resolved
7744,2582,"2026-05-25 01:40:00",created
7745,2582,"2026-05-25 04:00:45",assigned
7746,2582,"2026-05-25 13:23:47",resolved
7747,2583,"2026-05-08 19:28:00",created
7748,2583,"2026-05-08 20:32:27",assigned
7749,2583,"2026-05-09 00:50:19",resolved
7750,2584,"2026-05-31 07:13:00",created
7751,2584,"2026-05-31 10:28:19",assigned
7752,2584,"2026-05-31 23:29:39",resolved
7753,2585,"2026-07-14 01:38:00",created
7754,2585,"2026-07-14 08:27:00",assigned
7755,2585,"2026-07-15 11:43:04",resolved
7756,2586,"2026-05-07 02:36:00",created
7757,2586,"2026-05-07 05:05:49",assigned
7758,2586,"2026-05-07 15:05:06",resolved
7759,2587,"2026-07-03 07:35:00",created
7760,2587,"2026-07-03 08:20:52",assigned
7761,2587,"2026-07-03 11:24:22",resolved
7762,2588,"2026-05-04 14:23:00",created
7763,2588,"2026-05-04 15:36:22",assigned
7764,2588,"2026-05-04 20:29:54",resolved
7765,2589,"2026-07-28 19:43:00",created
7766,2589,"2026-07-28 20:31:15",assigned
7767,2589,"2026-07-28 23:44:16",resolved
7768,2590,"2026-06-25 06:48:00",created
7769,2590,"2026-06-25 08:03:22",assigned
7770,2590,"2026-06-25 13:04:51",resolved
7771,2591,"2026-05-02 04:35:00",created
7772,2591,"2026-05-02 07:51:43",assigned
7773,2591,"2026-05-02 20:58:36",resolved
7774,2592,"2026-06-30 15:14:00",created
7775,2592,"2026-06-30 16:50:02",assigned
7776,2592,"2026-06-30 23:14:11",resolved
7777,2593,"2026-06-29 07:26:00",created
7778,2593,"2026-06-29 08:25:09",assigned
7779,2593,"2026-06-29 12:21:46",resolved
7780,2594,"2026-06-05 08:01:00",created
7781,2594,"2026-06-05 08:52:24",assigned
7782,2594,"2026-06-05 12:18:04",resolved
7783,2595,"2026-05-20 10:06:00",created
7784,2595,"2026-05-20 11:06:52",assigned
7785,2595,"2026-05-20 15:10:22",resolved
7786,2596,"2026-05-29 18:44:00",created
7787,2596,"2026-05-29 22:22:34",assigned
7788,2596,"2026-05-30 12:56:53",resolved
7789,2597,"2026-07-27 05:02:00",created
7790,2597,"2026-07-27 05:55:38",assigned
7791,2597,"2026-07-27 09:30:13",resolved
7792,2598,"2026-07-10 10:29:00",created
7793,2598,"2026-07-10 13:34:09",assigned
7794,2598,"2026-07-11 01:54:47",resolved
7795,2599,"2026-05-28 18:12:00",created
7796,2599,"2026-05-28 20:34:49",assigned
7797,2599,"2026-05-29 06:06:09",resolved
7798,2600,"2026-05-30 01:22:00",created
7799,2600,"2026-05-30 02:13:44",assigned
7800,2600,"2026-05-30 05:40:40",resolved
7801,2601,"2026-05-13 07:25:00",created
7802,2601,"2026-05-13 09:00:51",assigned
7803,2601,"2026-05-13 15:24:18",resolved
7804,2602,"2026-06-26 20:23:00",created
7805,2602,"2026-06-26 21:24:14",assigned
7806,2602,"2026-06-27 01:29:10",resolved
7807,2603,"2026-05-29 13:04:00",created
7808,2603,"2026-05-29 13:37:21",assigned
7809,2603,"2026-05-29 15:50:47",resolved
7810,2604,"2026-06-20 16:38:00",created
7811,2604,"2026-06-20 21:23:59",assigned
7812,2604,"2026-06-21 16:27:58",resolved
7813,2605,"2026-06-14 09:15:00",created
7814,2605,"2026-06-14 11:44:27",assigned
7815,2605,"2026-06-14 21:42:19",resolved
7816,2606,"2026-06-03 22:26:00",created
7817,2606,"2026-06-04 00:39:31",assigned
7818,2606,"2026-06-04 09:33:36",resolved
7819,2607,"2026-05-28 17:09:00",created
7820,2607,"2026-05-28 19:19:19",assigned
7821,2607,"2026-05-29 04:00:36",resolved
7822,2608,"2026-06-29 11:43:00",created
7823,2608,"2026-06-29 12:08:19",assigned
7824,2608,"2026-06-29 13:49:37",resolved
7825,2609,"2026-05-04 09:49:00",created
7826,2609,"2026-05-04 10:56:02",assigned
7827,2609,"2026-05-04 15:24:12",resolved
7828,2610,"2026-05-05 09:01:00",created
7829,2610,"2026-05-05 11:48:31",assigned
7830,2610,"2026-05-05 22:58:35",resolved
7831,2611,"2026-05-07 17:48:00",created
7832,2611,"2026-05-07 19:04:56",assigned
7833,2611,"2026-05-08 00:12:43",resolved
7834,2612,"2026-05-12 00:03:00",created
7835,2612,"2026-05-12 03:38:48",assigned
7836,2612,"2026-05-12 18:02:01",resolved
7837,2613,"2026-06-07 10:59:00",created
7838,2613,"2026-06-07 12:04:37",assigned
7839,2613,"2026-06-07 16:27:06",resolved
7840,2614,"2026-05-25 16:55:00",created
7841,2614,"2026-05-25 22:23:33",assigned
7842,2614,"2026-05-26 20:17:49",resolved
7843,2615,"2026-06-29 13:05:00",created
7844,2615,"2026-06-29 15:42:28",assigned
7845,2615,"2026-06-30 02:12:20",resolved
7846,2616,"2026-05-05 13:18:00",created
7847,2616,"2026-05-05 14:57:06",assigned
7848,2616,"2026-05-05 21:33:34",resolved
7849,2617,"2026-05-23 05:26:00",created
7850,2617,"2026-05-23 08:46:20",assigned
7851,2617,"2026-05-23 22:07:41",resolved
7852,2618,"2026-05-14 09:09:00",created
7853,2618,"2026-05-14 09:56:37",assigned
7854,2618,"2026-05-14 13:07:08",resolved
7855,2619,"2026-05-07 17:19:00",created
7856,2619,"2026-05-07 18:18:19",assigned
7857,2619,"2026-05-07 22:15:35",resolved
7858,2620,"2026-05-25 20:12:00",created
7859,2620,"2026-05-25 23:35:16",assigned
7860,2620,"2026-05-26 13:08:21",resolved
7861,2621,"2026-07-27 02:09:00",created
7862,2621,"2026-07-27 04:29:04",assigned
7863,2621,"2026-07-27 13:49:24",resolved
7864,2622,"2026-05-09 22:22:00",created
7865,2622,"2026-05-09 23:42:02",assigned
7866,2622,"2026-05-10 05:02:13",resolved
7867,2623,"2026-06-05 19:17:00",created
7868,2623,"2026-06-05 20:51:49",assigned
7869,2623,"2026-06-06 03:11:08",resolved
7870,2624,"2026-06-28 05:56:00",created
7871,2624,"2026-06-28 07:01:32",assigned
7872,2624,"2026-06-28 11:23:43",resolved
7873,2625,"2026-05-29 02:42:00",created
7874,2625,"2026-05-29 09:06:59",assigned
7875,2625,"2026-05-30 10:46:57",resolved
7876,2626,"2026-05-22 15:22:00",created
7877,2626,"2026-05-22 15:59:38",assigned
7878,2626,"2026-05-22 18:30:14",resolved
7879,2627,"2026-07-21 19:18:00",created
7880,2627,"2026-07-21 21:36:19",assigned
7881,2627,"2026-07-22 06:49:35",resolved
7882,2628,"2026-07-08 03:41:00",created
7883,2628,"2026-07-08 05:20:52",assigned
7884,2628,"2026-07-08 12:00:24",resolved
7885,2629,"2026-06-16 00:39:00",created
7886,2629,"2026-06-16 01:24:57",assigned
7887,2629,"2026-06-16 04:28:45",resolved
7888,2630,"2026-05-24 22:52:00",created
7889,2630,"2026-05-25 00:18:58",assigned
7890,2630,"2026-05-25 06:06:53",resolved
7891,2631,"2026-05-13 16:16:00",created
7892,2631,"2026-05-13 20:12:25",assigned
7893,2631,"2026-05-14 11:58:08",resolved
7894,2632,"2026-07-18 09:55:00",created
7895,2632,"2026-07-18 10:57:53",assigned
7896,2632,"2026-07-18 15:09:28",resolved
7897,2633,"2026-07-10 10:47:00",created
7898,2633,"2026-07-10 16:05:42",assigned
7899,2633,"2026-07-11 13:20:30",resolved
7900,2634,"2026-05-31 17:39:00",created
7901,2634,"2026-05-31 19:08:30",assigned
7902,2634,"2026-06-01 01:06:33",resolved
7903,2635,"2026-05-15 08:39:00",created
7904,2635,"2026-05-15 12:59:15",assigned
7905,2635,"2026-05-16 06:20:17",resolved
7906,2636,"2026-07-28 03:31:00",created
7907,2636,"2026-07-28 04:40:41",assigned
7908,2636,"2026-07-28 09:19:29",resolved
7909,2637,"2026-06-17 22:14:00",created
7910,2637,"2026-06-17 22:54:14",assigned
7911,2637,"2026-06-18 01:35:11",resolved
7912,2638,"2026-05-07 10:29:00",created
7913,2638,"2026-05-07 12:36:08",assigned
7914,2638,"2026-05-07 21:04:42",resolved
7915,2639,"2026-05-05 14:37:00",created
7916,2639,"2026-05-05 18:22:25",assigned
7917,2639,"2026-05-06 09:24:08",resolved
7918,2640,"2026-05-08 19:50:00",created
7919,2640,"2026-05-08 21:53:01",assigned
7920,2640,"2026-05-09 06:05:08",resolved
7921,2641,"2026-06-16 01:46:00",created
7922,2641,"2026-06-16 02:53:58",assigned
7923,2641,"2026-06-16 07:25:50",resolved
7924,2642,"2026-05-14 16:16:00",created
7925,2642,"2026-05-14 17:28:20",assigned
7926,2642,"2026-05-14 22:17:44",resolved
7927,2643,"2026-05-10 17:26:00",created
7928,2643,"2026-05-10 18:19:24",assigned
7929,2643,"2026-05-10 21:53:01",resolved
7930,2644,"2026-05-15 15:52:00",created
7931,2644,"2026-05-15 17:50:43",assigned
7932,2644,"2026-05-16 01:45:35",resolved
7933,2645,"2026-06-16 20:11:00",created
7934,2645,"2026-06-16 22:39:15",assigned
7935,2645,"2026-06-17 08:32:15",resolved
7936,2646,"2026-07-09 18:15:00",created
7937,2646,"2026-07-09 20:08:18",assigned
7938,2646,"2026-07-10 03:41:33",resolved
7939,2647,"2026-06-10 21:28:00",created
7940,2647,"2026-06-11 01:06:33",assigned
7941,2647,"2026-06-11 15:40:49",resolved
7942,2648,"2026-06-15 18:56:00",created
7943,2648,"2026-06-15 19:57:24",assigned
7944,2648,"2026-06-16 00:03:03",resolved
7945,2649,"2026-07-22 07:45:00",created
7946,2649,"2026-07-22 10:00:38",assigned
7947,2649,"2026-07-22 19:03:14",resolved
7948,2650,"2026-06-18 04:11:00",created
7949,2650,"2026-06-18 05:49:17",assigned
7950,2650,"2026-06-18 12:22:28",resolved
7951,2651,"2026-07-15 10:00:00",created
7952,2651,"2026-07-15 11:27:48",assigned
7953,2651,"2026-07-15 17:19:01",resolved
7954,2652,"2026-07-25 04:08:00",created
7955,2652,"2026-07-25 04:31:37",assigned
7956,2652,"2026-07-25 06:06:09",resolved
7957,2653,"2026-05-24 08:01:00",created
7958,2653,"2026-05-24 09:57:19",assigned
7959,2653,"2026-05-24 17:42:39",resolved
7960,2654,"2026-05-12 06:45:00",created
7961,2654,"2026-05-12 07:44:06",assigned
7962,2654,"2026-05-12 11:40:32",resolved
7963,2655,"2026-07-05 16:56:00",created
7964,2655,"2026-07-05 19:08:05",assigned
7965,2655,"2026-07-06 03:56:25",resolved
7966,2656,"2026-07-21 15:49:00",created
7967,2656,"2026-07-21 17:06:08",assigned
7968,2656,"2026-07-21 22:14:40",resolved
7969,2657,"2026-06-28 07:45:00",created
7970,2657,"2026-06-28 08:45:04",assigned
7971,2657,"2026-06-28 12:45:21",resolved
7972,2658,"2026-06-16 21:00:00",created
7973,2658,"2026-06-17 00:47:36",assigned
7974,2658,"2026-06-17 15:58:02",resolved
7975,2659,"2026-06-26 01:17:00",created
7976,2659,"2026-06-26 02:24:50",assigned
7977,2659,"2026-06-26 06:56:12",resolved
7978,2660,"2026-05-29 16:17:00",created
7979,2660,"2026-05-29 17:39:04",assigned
7980,2660,"2026-05-29 23:07:21",resolved
7981,2661,"2026-07-05 13:52:00",created
7982,2661,"2026-07-05 15:48:33",assigned
7983,2661,"2026-07-05 23:34:48",resolved
7984,2662,"2026-07-24 14:55:00",created
7985,2662,"2026-07-24 15:37:55",assigned
7986,2662,"2026-07-24 18:29:35",resolved
7987,2663,"2026-05-10 13:02:00",created
7988,2663,"2026-05-10 13:15:51",assigned
7989,2663,"2026-05-10 14:11:19",resolved
7990,2664,"2026-06-01 22:27:00",created
7991,2664,"2026-06-02 00:13:34",assigned
7992,2664,"2026-06-02 07:19:53",resolved
7993,2665,"2026-07-10 18:57:00",created
7994,2665,"2026-07-10 20:12:24",assigned
7995,2665,"2026-07-11 01:14:04",resolved
7996,2666,"2026-06-14 02:08:00",created
7997,2666,"2026-06-14 02:54:06",assigned
7998,2666,"2026-06-14 05:58:32",resolved
7999,2667,"2026-06-11 06:37:00",created
8000,2667,"2026-06-11 07:44:31",assigned
8001,2667,"2026-06-11 12:14:38",resolved
8002,2668,"2026-05-26 05:57:00",created
8003,2668,"2026-05-26 09:39:27",assigned
8004,2668,"2026-05-27 00:29:18",resolved
8005,2669,"2026-05-31 16:53:00",created
8006,2669,"2026-05-31 19:07:45",assigned
8007,2669,"2026-06-01 04:06:48",resolved
8008,2670,"2026-07-09 06:08:00",created
8009,2670,"2026-07-09 06:45:15",assigned
8010,2670,"2026-07-09 09:14:17",resolved
8011,2671,"2026-07-03 04:47:00",created
8012,2671,"2026-07-03 05:38:13",assigned
8013,2671,"2026-07-03 09:03:09",resolved
8014,2672,"2026-07-09 18:16:00",created
8015,2672,"2026-07-09 18:46:17",assigned
8016,2672,"2026-07-09 20:47:27",resolved
8017,2673,"2026-06-04 04:54:00",created
8018,2673,"2026-06-04 06:59:24",assigned
8019,2673,"2026-06-04 15:21:02",resolved
8020,2674,"2026-06-03 20:22:00",created
8021,2674,"2026-06-03 21:53:45",assigned
8022,2674,"2026-06-04 04:00:47",resolved
8023,2675,"2026-05-22 01:25:00",created
8024,2675,"2026-05-22 02:30:12",assigned
8025,2675,"2026-05-22 06:51:00",resolved
8026,2676,"2026-05-01 14:17:00",created
8027,2676,"2026-05-01 15:08:26",assigned
8028,2676,"2026-05-01 18:34:11",resolved
8029,2677,"2026-06-28 01:36:00",created
8030,2677,"2026-06-28 04:22:59",assigned
8031,2677,"2026-06-28 15:30:59",resolved
8032,2678,"2026-05-20 14:07:00",created
8033,2678,"2026-05-20 15:34:15",assigned
8034,2678,"2026-05-20 21:23:18",resolved
8035,2679,"2026-06-26 10:48:00",created
8036,2679,"2026-06-26 15:34:30",assigned
8037,2679,"2026-06-27 10:40:33",resolved
8038,2680,"2026-06-26 12:14:00",created
8039,2680,"2026-06-26 14:37:13",assigned
8040,2680,"2026-06-27 00:10:07",resolved
8041,2681,"2026-06-12 05:06:00",created
8042,2681,"2026-06-12 08:22:50",assigned
8043,2681,"2026-06-12 21:30:13",resolved
8044,2682,"2026-06-21 19:19:00",created
8045,2682,"2026-06-21 20:43:30",assigned
8046,2682,"2026-06-22 02:21:32",resolved
8047,2683,"2026-07-04 18:21:00",created
8048,2683,"2026-07-04 20:14:06",assigned
8049,2683,"2026-07-05 03:46:34",resolved
8050,2684,"2026-07-13 01:17:00",created
8051,2684,"2026-07-13 04:59:22",assigned
8052,2684,"2026-07-13 19:48:54",resolved
8053,2685,"2026-05-26 02:10:00",created
8054,2685,"2026-05-26 03:35:29",assigned
8055,2685,"2026-05-26 09:17:27",resolved
8056,2686,"2026-06-06 02:19:00",created
8057,2686,"2026-06-06 02:56:41",assigned
8058,2686,"2026-06-06 05:27:28",resolved
8059,2687,"2026-05-08 03:30:00",created
8060,2687,"2026-05-08 05:32:28",assigned
8061,2687,"2026-05-08 13:42:20",resolved
8062,2688,"2026-05-12 15:50:00",created
8063,2688,"2026-05-12 16:38:56",assigned
8064,2688,"2026-05-12 19:54:40",resolved
8065,2689,"2026-05-21 11:33:00",created
8066,2689,"2026-05-21 18:22:13",assigned
8067,2689,"2026-05-22 21:39:07",resolved
8068,2690,"2026-05-25 11:41:00",created
8069,2690,"2026-05-25 13:06:00",assigned
8070,2690,"2026-05-25 18:46:00",resolved
8071,2691,"2026-06-17 23:37:00",created
8072,2691,"2026-06-18 03:01:35",assigned
8073,2691,"2026-06-18 16:39:58",resolved
8074,2692,"2026-07-04 05:28:00",created
8075,2692,"2026-07-04 08:22:13",assigned
8076,2692,"2026-07-04 19:59:06",resolved
8077,2693,"2026-06-27 10:42:00",created
8078,2693,"2026-06-27 13:14:04",assigned
8079,2693,"2026-06-27 23:22:20",resolved
8080,2694,"2026-06-04 22:37:00",created
8081,2694,"2026-06-05 01:13:44",assigned
8082,2694,"2026-06-05 11:40:44",resolved
8083,2695,"2026-05-26 05:22:00",created
8084,2695,"2026-05-26 05:53:23",assigned
8085,2695,"2026-05-26 07:58:57",resolved
8086,2696,"2026-06-20 14:17:00",created
8087,2696,"2026-06-20 15:22:34",assigned
8088,2696,"2026-06-20 19:44:51",resolved
8089,2697,"2026-06-02 05:28:00",created
8090,2697,"2026-06-02 06:44:01",assigned
8091,2697,"2026-06-02 11:48:09",resolved
8092,2698,"2026-06-11 04:36:00",created
8093,2698,"2026-06-11 05:29:20",assigned
8094,2698,"2026-06-11 09:02:43",resolved
8095,2699,"2026-07-29 11:58:00",created
8096,2699,"2026-07-29 12:51:46",assigned
8097,2699,"2026-07-29 16:26:54",resolved
8098,2700,"2026-05-25 10:37:00",created
8099,2700,"2026-05-25 14:28:27",assigned
8100,2700,"2026-05-26 05:54:18",resolved
8101,2701,"2026-06-30 20:01:00",created
8102,2701,"2026-06-30 21:28:04",assigned
8103,2701,"2026-07-01 03:16:20",resolved
8104,2702,"2026-05-01 20:32:00",created
8105,2702,"2026-05-01 23:08:20",assigned
8106,2702,"2026-05-02 09:33:41",resolved
8107,2703,"2026-06-09 15:09:00",created
8108,2703,"2026-06-09 17:53:37",assigned
8109,2703,"2026-06-10 04:52:08",resolved
8110,2704,"2026-05-18 13:08:00",created
8111,2704,"2026-05-18 14:17:45",assigned
8112,2704,"2026-05-18 18:56:45",resolved
8113,2705,"2026-07-15 06:22:00",created
8114,2705,"2026-07-15 11:46:03",assigned
8115,2705,"2026-07-16 09:22:15",resolved
8116,2706,"2026-07-16 20:18:00",created
8117,2706,"2026-07-16 21:47:59",assigned
8118,2706,"2026-07-17 03:47:55",resolved
8119,2707,"2026-05-01 10:00:00",created
8120,2707,"2026-05-01 11:15:03",assigned
8121,2707,"2026-05-01 16:15:17",resolved
8122,2708,"2026-05-23 16:11:00",created
8123,2708,"2026-05-23 16:58:47",assigned
8124,2708,"2026-05-23 20:09:59",resolved
8125,2709,"2026-07-26 22:50:00",created
8126,2709,"2026-07-26 23:56:49",assigned
8127,2709,"2026-07-27 04:24:06",resolved
8128,2710,"2026-05-11 23:36:00",created
8129,2710,"2026-05-12 01:19:00",assigned
8130,2710,"2026-05-12 08:11:02",resolved
8131,2711,"2026-06-15 16:43:00",created
8132,2711,"2026-06-15 18:20:23",assigned
8133,2711,"2026-06-16 00:49:57",resolved
8134,2712,"2026-06-13 16:43:00",created
8135,2712,"2026-06-13 17:15:48",assigned
8136,2712,"2026-06-13 19:27:04",resolved
8137,2713,"2026-05-23 17:35:00",created
8138,2713,"2026-05-23 19:31:07",assigned
8139,2713,"2026-05-24 03:15:36",resolved
8140,2714,"2026-06-25 07:14:00",created
8141,2714,"2026-06-25 09:49:57",assigned
8142,2714,"2026-06-25 20:13:48",resolved
8143,2715,"2026-05-23 18:21:00",created
8144,2715,"2026-05-23 21:16:54",assigned
8145,2715,"2026-05-24 09:00:30",resolved
8146,2716,"2026-05-11 18:04:00",created
8147,2716,"2026-05-11 19:58:50",assigned
8148,2716,"2026-05-12 03:38:12",resolved
8149,2717,"2026-06-23 05:14:00",created
8150,2717,"2026-06-23 08:12:18",assigned
8151,2717,"2026-06-23 20:05:34",resolved
8152,2718,"2026-06-06 21:54:00",created
8153,2718,"2026-06-06 22:39:01",assigned
8154,2718,"2026-06-07 01:39:09",resolved
8155,2719,"2026-06-01 13:53:00",created
8156,2719,"2026-06-01 14:49:06",assigned
8157,2719,"2026-06-01 18:33:31",resolved
8158,2720,"2026-05-12 04:50:00",created
8159,2720,"2026-05-12 10:07:37",assigned
8160,2720,"2026-05-13 07:18:09",resolved
8161,2721,"2026-06-17 23:58:00",created
8162,2721,"2026-06-18 00:37:43",assigned
8163,2721,"2026-06-18 03:16:36",resolved
8164,2722,"2026-06-16 05:50:00",created
8165,2722,"2026-06-16 07:44:11",assigned
8166,2722,"2026-06-16 15:20:59",resolved
8167,2723,"2026-07-01 16:20:00",created
8168,2723,"2026-07-01 17:32:43",assigned
8169,2723,"2026-07-01 22:23:37",resolved
8170,2724,"2026-05-01 19:02:00",created
8171,2724,"2026-05-01 21:55:05",assigned
8172,2724,"2026-05-02 09:27:28",resolved
8173,2725,"2026-07-26 08:38:00",created
8174,2725,"2026-07-26 09:33:53",assigned
8175,2725,"2026-07-26 13:17:28",resolved
8176,2726,"2026-07-23 18:56:00",created
8177,2726,"2026-07-23 19:42:57",assigned
8178,2726,"2026-07-23 22:50:48",resolved
8179,2727,"2026-07-23 08:45:00",created
8180,2727,"2026-07-23 10:46:44",assigned
8181,2727,"2026-07-23 18:53:40",resolved
8182,2728,"2026-05-06 10:25:00",created
8183,2728,"2026-05-06 11:00:26",assigned
8184,2728,"2026-05-06 13:22:13",resolved
8185,2729,"2026-06-27 22:01:00",created
8186,2729,"2026-06-28 00:04:50",assigned
8187,2729,"2026-06-28 08:20:13",resolved
8188,2730,"2026-07-12 21:18:00",created
8189,2730,"2026-07-12 23:13:46",assigned
8190,2730,"2026-07-13 06:56:50",resolved
8191,2731,"2026-07-14 22:31:00",created
8192,2731,"2026-07-14 23:08:23",assigned
8193,2731,"2026-07-15 01:37:57",resolved
8194,2732,"2026-05-05 00:46:00",created
8195,2732,"2026-05-05 01:48:02",assigned
8196,2732,"2026-05-05 05:56:12",resolved
8197,2733,"2026-06-13 07:40:00",created
8198,2733,"2026-06-13 09:09:20",assigned
8199,2733,"2026-06-13 15:06:42",resolved
8200,2734,"2026-06-20 16:03:00",created
8201,2734,"2026-06-20 17:44:09",assigned
8202,2734,"2026-06-21 00:28:49",resolved
8203,2735,"2026-05-09 07:23:00",created
8204,2735,"2026-05-09 10:02:04",assigned
8205,2735,"2026-05-09 20:38:20",resolved
8206,2736,"2026-05-18 05:21:00",created
8207,2736,"2026-05-18 07:54:46",assigned
8208,2736,"2026-05-18 18:09:50",resolved
8209,2737,"2026-07-17 20:51:00",created
8210,2737,"2026-07-17 21:52:46",assigned
8211,2737,"2026-07-18 01:59:50",resolved
8212,2738,"2026-05-22 04:12:00",created
8213,2738,"2026-05-22 05:49:37",assigned
8214,2738,"2026-05-22 12:20:09",resolved
8215,2739,"2026-07-18 01:43:00",created
8216,2739,"2026-07-18 03:08:36",assigned
8217,2739,"2026-07-18 08:51:03",resolved
8218,2740,"2026-06-19 23:42:00",created
8219,2740,"2026-06-20 02:59:40",assigned
8220,2740,"2026-06-20 16:10:20",resolved
8221,2741,"2026-05-20 19:58:00",created
8222,2741,"2026-05-20 21:17:56",assigned
8223,2741,"2026-05-21 02:37:44",resolved
8224,2742,"2026-07-23 07:18:00",created
8225,2742,"2026-07-23 11:01:24",assigned
8226,2742,"2026-07-24 01:55:00",resolved
8227,2743,"2026-05-26 09:35:00",created
8228,2743,"2026-05-26 15:58:26",assigned
8229,2743,"2026-05-27 17:32:12",resolved
8230,2744,"2026-07-08 17:30:00",created
8231,2744,"2026-07-08 19:39:23",assigned
8232,2744,"2026-07-09 04:16:59",resolved
8233,2745,"2026-06-29 19:00:00",created
8234,2745,"2026-06-29 20:10:34",assigned
8235,2745,"2026-06-30 00:52:52",resolved
8236,2746,"2026-06-13 10:10:00",created
8237,2746,"2026-06-13 11:35:55",assigned
8238,2746,"2026-06-13 17:19:39",resolved
8239,2747,"2026-06-12 22:16:00",created
8240,2747,"2026-06-12 22:43:25",assigned
8241,2747,"2026-06-13 00:33:07",resolved
8242,2748,"2026-05-29 05:53:00",created
8243,2748,"2026-05-29 07:37:43",assigned
8244,2748,"2026-05-29 14:36:35",resolved
8245,2749,"2026-06-22 01:17:00",created
8246,2749,"2026-06-22 03:17:37",assigned
8247,2749,"2026-06-22 11:20:05",resolved
8248,2750,"2026-07-27 09:10:00",created
8249,2750,"2026-07-27 09:27:20",assigned
8250,2750,"2026-07-27 10:36:42",resolved
8251,2751,"2026-07-08 18:20:00",created
8252,2751,"2026-07-08 19:55:22",assigned
8253,2751,"2026-07-09 02:16:54",resolved
8254,2752,"2026-06-19 22:41:00",created
8255,2752,"2026-06-19 23:27:00",assigned
8256,2752,"2026-06-20 02:31:00",resolved
8257,2753,"2026-07-10 11:55:00",created
8258,2753,"2026-07-10 12:41:57",assigned
8259,2753,"2026-07-10 15:49:46",resolved
8260,2754,"2026-07-19 16:57:00",created
8261,2754,"2026-07-19 17:40:19",assigned
8262,2754,"2026-07-19 20:33:37",resolved
8263,2755,"2026-06-27 05:17:00",created
8264,2755,"2026-06-27 06:34:17",assigned
8265,2755,"2026-06-27 11:43:29",resolved
8266,2756,"2026-07-29 06:44:00",created
8267,2756,"2026-07-29 08:10:51",assigned
8268,2756,"2026-07-29 13:58:18",resolved
8269,2757,"2026-05-25 20:23:00",created
8270,2757,"2026-05-25 21:06:11",assigned
8271,2757,"2026-05-25 23:58:56",resolved
8272,2758,"2026-06-14 14:01:00",created
8273,2758,"2026-06-14 15:05:57",assigned
8274,2758,"2026-06-14 19:25:47",resolved
8275,2759,"2026-06-05 16:55:00",created
8276,2759,"2026-06-05 18:01:40",assigned
8277,2759,"2026-06-05 22:28:24",resolved
8278,2760,"2026-07-10 16:40:00",created
8279,2760,"2026-07-10 17:17:53",assigned
8280,2760,"2026-07-10 19:49:25",resolved
8281,2761,"2026-06-23 10:02:00",created
8282,2761,"2026-06-23 14:37:02",assigned
8283,2761,"2026-06-24 08:57:10",resolved
8284,2762,"2026-06-13 02:17:00",created
8285,2762,"2026-06-13 05:56:37",assigned
8286,2762,"2026-06-13 20:35:09",resolved
8287,2763,"2026-05-07 17:03:00",created
8288,2763,"2026-05-07 21:14:39",assigned
8289,2763,"2026-05-08 14:01:18",resolved
8290,2764,"2026-05-22 09:41:00",created
8291,2764,"2026-05-22 11:48:49",assigned
8292,2764,"2026-05-22 20:20:05",resolved
8293,2765,"2026-05-13 15:06:00",created
8294,2765,"2026-05-13 16:02:21",assigned
8295,2765,"2026-05-13 19:47:49",resolved
8296,2766,"2026-07-06 10:53:00",created
8297,2766,"2026-07-06 12:45:58",assigned
8298,2766,"2026-07-06 20:17:50",resolved
8299,2767,"2026-07-24 10:47:00",created
8300,2767,"2026-07-24 13:12:42",assigned
8301,2767,"2026-07-24 22:55:30",resolved
8302,2768,"2026-05-16 12:32:00",created
8303,2768,"2026-05-16 15:38:14",assigned
8304,2768,"2026-05-17 04:03:12",resolved
8305,2769,"2026-06-19 23:00:00",created
8306,2769,"2026-06-20 00:03:00",assigned
8307,2769,"2026-06-20 04:15:04",resolved
8308,2770,"2026-06-29 19:16:00",created
8309,2770,"2026-06-29 23:11:29",assigned
8310,2770,"2026-06-30 14:53:26",resolved
8311,2771,"2026-05-02 03:42:00",created
8312,2771,"2026-05-02 04:53:24",assigned
8313,2771,"2026-05-02 09:39:01",resolved
8314,2772,"2026-07-28 12:55:00",created
8315,2772,"2026-07-28 13:50:25",assigned
8316,2772,"2026-07-28 17:32:05",resolved
8317,2773,"2026-06-16 00:47:00",created
8318,2773,"2026-06-16 03:39:45",assigned
8319,2773,"2026-06-16 15:10:47",resolved
8320,2774,"2026-05-19 17:10:00",created
8321,2774,"2026-05-19 19:44:48",assigned
8322,2774,"2026-05-20 06:04:01",resolved
8323,2775,"2026-05-12 23:52:00",created
8324,2775,"2026-05-13 01:06:44",assigned
8325,2775,"2026-05-13 06:05:41",resolved
8326,2776,"2026-05-02 15:22:00",created
8327,2776,"2026-05-02 16:54:47",assigned
8328,2776,"2026-05-02 23:05:57",resolved
8329,2777,"2026-05-02 23:20:00",created
8330,2777,"2026-05-03 02:20:25",assigned
8331,2777,"2026-05-03 14:22:08",resolved
8332,2778,"2026-07-08 20:57:00",created
8333,2778,"2026-07-08 22:15:41",assigned
8334,2778,"2026-07-09 03:30:28",resolved
8335,2779,"2026-05-05 22:22:00",created
8336,2779,"2026-05-06 04:17:35",assigned
8337,2779,"2026-05-07 03:59:55",resolved
8338,2780,"2026-07-20 00:26:00",created
8339,2780,"2026-07-20 01:35:02",assigned
8340,2780,"2026-07-20 06:11:13",resolved
8341,2781,"2026-06-11 04:55:00",created
8342,2781,"2026-06-11 06:39:09",assigned
8343,2781,"2026-06-11 13:35:48",resolved
8344,2782,"2026-06-17 03:22:00",created
8345,2782,"2026-06-17 04:24:10",assigned
8346,2782,"2026-06-17 08:32:50",resolved
8347,2783,"2026-05-18 12:25:00",created
8348,2783,"2026-05-18 13:00:54",assigned
8349,2783,"2026-05-18 15:24:32",resolved
8350,2784,"2026-06-16 01:33:00",created
8351,2784,"2026-06-16 03:00:29",assigned
8352,2784,"2026-06-16 08:50:25",resolved
8353,2785,"2026-06-21 04:10:00",created
8354,2785,"2026-06-21 05:00:20",assigned
8355,2785,"2026-06-21 08:21:43",resolved
8356,2786,"2026-05-09 22:06:00",created
8357,2786,"2026-05-10 00:31:54",assigned
8358,2786,"2026-05-10 10:15:31",resolved
8359,2787,"2026-07-27 13:09:00",created
8360,2787,"2026-07-27 15:43:20",assigned
8361,2787,"2026-07-28 02:00:40",resolved
8362,2788,"2026-05-04 15:44:00",created
8363,2788,"2026-05-04 17:05:14",assigned
8364,2788,"2026-05-04 22:30:12",resolved
8365,2789,"2026-05-26 10:21:00",created
8366,2789,"2026-05-26 11:29:28",assigned
8367,2789,"2026-05-26 16:03:23",resolved
8368,2790,"2026-06-26 10:12:00",created
8369,2790,"2026-06-26 11:30:13",assigned
8370,2790,"2026-06-26 16:43:08",resolved
8371,2791,"2026-05-17 07:19:00",created
8372,2791,"2026-05-17 07:59:53",assigned
8373,2791,"2026-05-17 10:43:25",resolved
8374,2792,"2026-06-16 00:27:00",created
8375,2792,"2026-06-16 01:48:56",assigned
8376,2792,"2026-06-16 07:16:44",resolved
8377,2793,"2026-07-20 07:43:00",created
8378,2793,"2026-07-20 08:19:45",assigned
8379,2793,"2026-07-20 10:46:45",resolved
8380,2794,"2026-05-03 07:56:00",created
8381,2794,"2026-05-03 10:08:33",assigned
8382,2794,"2026-05-03 18:58:45",resolved
8383,2795,"2026-05-25 12:59:00",created
8384,2795,"2026-05-25 14:52:52",assigned
8385,2795,"2026-05-25 22:28:20",resolved
8386,2796,"2026-06-12 16:53:00",created
8387,2796,"2026-06-12 18:56:28",assigned
8388,2796,"2026-06-13 03:10:22",resolved
8389,2797,"2026-05-22 19:18:00",created
8390,2797,"2026-05-22 20:06:18",assigned
8391,2797,"2026-05-22 23:19:33",resolved
8392,2798,"2026-07-07 08:57:00",created
8393,2798,"2026-07-07 11:26:21",assigned
8394,2798,"2026-07-07 21:23:47",resolved
8395,2799,"2026-06-14 00:50:00",created
8396,2799,"2026-06-14 02:11:29",assigned
8397,2799,"2026-06-14 07:37:25",resolved
8398,2800,"2026-07-04 18:40:00",created
8399,2800,"2026-07-04 19:22:15",assigned
8400,2800,"2026-07-04 22:11:18",resolved
8401,2801,"2026-06-19 05:51:00",created
8402,2801,"2026-06-19 09:25:19",assigned
8403,2801,"2026-06-19 23:42:36",resolved
8404,2802,"2026-07-13 04:11:00",created
8405,2802,"2026-07-13 05:20:42",assigned
8406,2802,"2026-07-13 09:59:30",resolved
8407,2803,"2026-05-17 07:05:00",created
8408,2803,"2026-05-17 08:10:51",assigned
8409,2803,"2026-05-17 12:34:17",resolved
8410,2804,"2026-06-22 14:30:00",created
8411,2804,"2026-06-22 19:05:56",assigned
8412,2804,"2026-06-23 13:29:44",resolved
8413,2805,"2026-07-06 19:51:00",created
8414,2805,"2026-07-06 21:15:55",assigned
8415,2805,"2026-07-07 02:55:37",resolved
8416,2806,"2026-06-08 13:26:00",created
8417,2806,"2026-06-08 14:38:37",assigned
8418,2806,"2026-06-08 19:29:06",resolved
8419,2807,"2026-07-27 07:06:00",created
8420,2807,"2026-07-27 07:55:13",assigned
8421,2807,"2026-07-27 11:12:08",resolved
8422,2808,"2026-07-27 08:49:00",created
8423,2808,"2026-07-27 09:53:47",assigned
8424,2808,"2026-07-27 14:12:58",resolved
8425,2809,"2026-06-03 12:35:00",created
8426,2809,"2026-06-03 14:15:47",assigned
8427,2809,"2026-06-03 20:58:56",resolved
8428,2810,"2026-05-21 19:50:00",created
8429,2810,"2026-05-21 22:29:58",assigned
8430,2810,"2026-05-22 09:09:53",resolved
8431,2811,"2026-07-29 02:39:00",created
8432,2811,"2026-07-29 03:12:50",assigned
8433,2811,"2026-07-29 05:28:12",resolved
8434,2812,"2026-05-04 12:53:00",created
8435,2812,"2026-05-04 16:16:46",assigned
8436,2812,"2026-05-05 05:51:54",resolved
8437,2813,"2026-07-04 08:37:00",created
8438,2813,"2026-07-04 11:14:30",assigned
8439,2813,"2026-07-04 21:44:34",resolved
8440,2814,"2026-06-22 14:52:00",created
8441,2814,"2026-06-22 17:41:13",assigned
8442,2814,"2026-06-23 04:58:07",resolved
8443,2815,"2026-07-11 15:57:00",created
8444,2815,"2026-07-11 17:26:54",assigned
8445,2815,"2026-07-11 23:26:31",resolved
8446,2816,"2026-07-23 17:56:00",created
8447,2816,"2026-07-23 18:55:10",assigned
8448,2816,"2026-07-23 22:51:52",resolved
8449,2817,"2026-07-25 17:20:00",created
8450,2817,"2026-07-25 19:18:09",assigned
8451,2817,"2026-07-26 03:10:49",resolved
8452,2818,"2026-07-20 11:14:00",created
8453,2818,"2026-07-20 12:14:44",assigned
8454,2818,"2026-07-20 16:17:44",resolved
8455,2819,"2026-07-13 22:10:00",created
8456,2819,"2026-07-13 23:59:21",assigned
8457,2819,"2026-07-14 07:16:49",resolved
8458,2820,"2026-07-16 13:40:00",created
8459,2820,"2026-07-16 15:15:07",assigned
8460,2820,"2026-07-16 21:35:38",resolved
8461,2821,"2026-05-21 22:09:00",created
8462,2821,"2026-05-21 23:54:48",assigned
8463,2821,"2026-05-22 06:58:03",resolved
8464,2822,"2026-05-31 17:28:00",created
8465,2822,"2026-05-31 19:10:38",assigned
8466,2822,"2026-06-01 02:01:14",resolved
8467,2823,"2026-06-01 03:49:00",created
8468,2823,"2026-06-01 06:45:29",assigned
8469,2823,"2026-06-01 18:31:28",resolved
8470,2824,"2026-05-23 10:43:00",created
8471,2824,"2026-05-23 13:11:54",assigned
8472,2824,"2026-05-23 23:07:34",resolved
8473,2825,"2026-06-08 09:40:00",created
8474,2825,"2026-06-08 13:35:10",assigned
8475,2825,"2026-06-09 05:15:53",resolved
8476,2826,"2026-05-10 06:42:00",created
8477,2826,"2026-05-10 07:26:53",assigned
8478,2826,"2026-05-10 10:26:27",resolved
8479,2827,"2026-07-28 21:19:00",created
8480,2827,"2026-07-28 22:17:15",assigned
8481,2827,"2026-07-29 02:10:18",resolved
8482,2828,"2026-05-12 03:44:00",created
8483,2828,"2026-05-12 05:01:05",assigned
8484,2828,"2026-05-12 10:09:29",resolved
8485,2829,"2026-07-07 06:39:00",created
8486,2829,"2026-07-07 08:12:22",assigned
8487,2829,"2026-07-07 14:25:50",resolved
8488,2830,"2026-06-22 07:27:00",created
8489,2830,"2026-06-22 10:20:28",assigned
8490,2830,"2026-06-22 21:54:20",resolved
8491,2831,"2026-05-17 08:38:00",created
8492,2831,"2026-05-17 09:09:02",assigned
8493,2831,"2026-05-17 11:13:10",resolved
8494,2832,"2026-07-24 16:04:00",created
8495,2832,"2026-07-24 16:58:33",assigned
8496,2832,"2026-07-24 20:36:49",resolved
8497,2833,"2026-05-15 11:25:00",created
8498,2833,"2026-05-15 14:01:08",assigned
8499,2833,"2026-05-16 00:25:42",resolved
8500,2834,"2026-06-06 07:22:00",created
8501,2834,"2026-06-06 09:25:57",assigned
8502,2834,"2026-06-06 17:41:49",resolved
8503,2835,"2026-06-13 13:34:00",created
8504,2835,"2026-06-13 15:22:35",assigned
8505,2835,"2026-06-13 22:36:58",resolved
8506,2836,"2026-07-03 11:10:00",created
8507,2836,"2026-07-03 12:29:16",assigned
8508,2836,"2026-07-03 17:46:24",resolved
8509,2837,"2026-07-06 12:33:00",created
8510,2837,"2026-07-06 13:18:28",assigned
8511,2837,"2026-07-06 16:20:24",resolved
8512,2838,"2026-05-03 08:59:00",created
8513,2838,"2026-05-03 11:31:45",assigned
8514,2838,"2026-05-03 21:42:45",resolved
8515,2839,"2026-06-10 06:50:00",created
8516,2839,"2026-06-10 07:55:58",assigned
8517,2839,"2026-06-10 12:19:50",resolved
8518,2840,"2026-06-12 08:00:00",created
8519,2840,"2026-06-12 09:14:58",assigned
8520,2840,"2026-06-12 14:14:54",resolved
8521,2841,"2026-05-05 08:05:00",created
8522,2841,"2026-05-05 09:04:24",assigned
8523,2841,"2026-05-05 13:02:04",resolved
8524,2842,"2026-05-05 15:29:00",created
8525,2842,"2026-05-05 16:52:16",assigned
8526,2842,"2026-05-05 22:25:23",resolved
8527,2843,"2026-07-23 11:44:00",created
8528,2843,"2026-07-23 13:39:41",assigned
8529,2843,"2026-07-23 21:22:29",resolved
8530,2844,"2026-07-03 02:34:00",created
8531,2844,"2026-07-03 06:51:11",assigned
8532,2844,"2026-07-03 23:59:57",resolved
8533,2845,"2026-07-09 12:01:00",created
8534,2845,"2026-07-09 14:29:20",assigned
8535,2845,"2026-07-10 00:22:41",resolved
8536,2846,"2026-06-29 07:30:00",created
8537,2846,"2026-06-29 12:13:28",assigned
8538,2846,"2026-06-30 07:07:22",resolved
8539,2847,"2026-07-24 21:04:00",created
8540,2847,"2026-07-24 23:49:26",assigned
8541,2847,"2026-07-25 10:51:14",resolved
8542,2848,"2026-05-13 19:43:00",created
8543,2848,"2026-05-13 21:12:58",assigned
8544,2848,"2026-05-14 03:12:53",resolved
8545,2849,"2026-05-07 17:00:00",created
8546,2849,"2026-05-07 17:23:03",assigned
8547,2849,"2026-05-07 18:55:18",resolved
8548,2850,"2026-07-24 22:48:00",created
8549,2850,"2026-07-24 23:57:51",assigned
8550,2850,"2026-07-25 04:37:17",resolved
8551,2851,"2026-05-16 00:59:00",created
8552,2851,"2026-05-16 03:46:04",assigned
8553,2851,"2026-05-16 14:54:24",resolved
8554,2852,"2026-05-15 08:11:00",created
8555,2852,"2026-05-15 09:12:24",assigned
8556,2852,"2026-05-15 13:18:04",resolved
8557,2853,"2026-06-17 19:22:00",created
8558,2853,"2026-06-17 21:04:41",assigned
8559,2853,"2026-06-18 03:55:28",resolved
8560,2854,"2026-06-05 03:56:00",created
8561,2854,"2026-06-05 07:51:57",assigned
8562,2854,"2026-06-05 23:35:48",resolved
8563,2855,"2026-05-27 08:26:00",created
8564,2855,"2026-05-27 09:44:11",assigned
8565,2855,"2026-05-27 14:56:58",resolved
8566,2856,"2026-06-25 11:33:00",created
8567,2856,"2026-06-25 12:38:26",assigned
8568,2856,"2026-06-25 17:00:12",resolved
8569,2857,"2026-05-06 17:35:00",created
8570,2857,"2026-05-06 20:15:04",assigned
8571,2857,"2026-05-07 06:55:21",resolved
8572,2858,"2026-05-15 13:24:00",created
8573,2858,"2026-05-15 14:56:51",assigned
8574,2858,"2026-05-15 21:08:15",resolved
8575,2859,"2026-07-19 01:53:00",created
8576,2859,"2026-07-19 05:46:43",assigned
8577,2859,"2026-07-19 21:21:37",resolved
8578,2860,"2026-05-20 19:37:00",created
8579,2860,"2026-05-20 22:15:04",assigned
8580,2860,"2026-05-21 08:47:22",resolved
8581,2861,"2026-05-14 06:57:00",created
8582,2861,"2026-05-14 09:25:10",assigned
8583,2861,"2026-05-14 19:17:54",resolved
8584,2862,"2026-05-28 04:00:00",created
8585,2862,"2026-05-28 05:32:07",assigned
8586,2862,"2026-05-28 11:40:36",resolved
8587,2863,"2026-05-22 09:27:00",created
8588,2863,"2026-05-22 10:50:03",assigned
8589,2863,"2026-05-22 16:22:15",resolved
8590,2864,"2026-06-24 11:40:00",created
8591,2864,"2026-06-24 13:03:05",assigned
8592,2864,"2026-06-24 18:35:29",resolved
8593,2865,"2026-06-19 05:33:00",created
8594,2865,"2026-06-19 08:40:21",assigned
8595,2865,"2026-06-19 21:09:45",resolved
8596,2866,"2026-05-17 04:57:00",created
8597,2866,"2026-05-17 06:45:05",assigned
8598,2866,"2026-05-17 13:57:26",resolved
8599,2867,"2026-06-19 11:38:00",created
8600,2867,"2026-06-19 16:26:25",assigned
8601,2867,"2026-06-20 11:40:07",resolved
8602,2868,"2026-05-03 23:55:00",created
8603,2868,"2026-05-04 01:04:19",assigned
8604,2868,"2026-05-04 05:41:37",resolved
8605,2869,"2026-05-10 18:50:00",created
8606,2869,"2026-05-10 20:48:46",assigned
8607,2869,"2026-05-11 04:43:50",resolved
8608,2870,"2026-05-08 22:19:00",created
8609,2870,"2026-05-09 00:47:01",assigned
8610,2870,"2026-05-09 10:39:08",resolved
8611,2871,"2026-05-17 00:29:00",created
8612,2871,"2026-05-17 02:21:18",assigned
8613,2871,"2026-05-17 09:50:31",resolved
8614,2872,"2026-05-13 07:39:00",created
8615,2872,"2026-05-13 08:34:36",assigned
8616,2872,"2026-05-13 12:17:02",resolved
8617,2873,"2026-07-09 20:54:00",created
8618,2873,"2026-07-09 22:17:33",assigned
8619,2873,"2026-07-10 03:51:45",resolved
8620,2874,"2026-06-23 16:01:00",created
8621,2874,"2026-06-23 19:39:26",assigned
8622,2874,"2026-06-24 10:13:13",resolved
8623,2875,"2026-07-20 05:06:00",created
8624,2875,"2026-07-20 05:59:20",assigned
8625,2875,"2026-07-20 09:32:42",resolved
8626,2876,"2026-06-20 09:31:00",created
8627,2876,"2026-06-20 10:47:32",assigned
8628,2876,"2026-06-20 15:53:44",resolved
8629,2877,"2026-07-14 21:10:00",created
8630,2877,"2026-07-14 22:49:59",assigned
8631,2877,"2026-07-15 05:29:55",resolved
8632,2878,"2026-05-02 08:05:00",created
8633,2878,"2026-05-02 09:29:56",assigned
8634,2878,"2026-05-02 15:09:44",resolved
8635,2879,"2026-06-22 03:13:00",created
8636,2879,"2026-06-22 03:38:21",assigned
8637,2879,"2026-06-22 05:19:47",resolved
8638,2880,"2026-06-07 04:33:00",created
8639,2880,"2026-06-07 05:47:25",assigned
8640,2880,"2026-06-07 10:45:08",resolved
8641,2881,"2026-07-20 06:33:00",created
8642,2881,"2026-07-20 08:02:26",assigned
8643,2881,"2026-07-20 14:00:10",resolved
8644,2882,"2026-06-09 22:38:00",created
8645,2882,"2026-06-10 00:06:54",assigned
8646,2882,"2026-06-10 06:02:32",resolved
8647,2883,"2026-05-01 13:48:00",created
8648,2883,"2026-05-01 15:10:07",assigned
8649,2883,"2026-05-01 20:38:35",resolved
8650,2884,"2026-06-13 14:30:00",created
8651,2884,"2026-06-13 14:56:02",assigned
8652,2884,"2026-06-13 16:40:14",resolved
8653,2885,"2026-07-20 04:46:00",created
8654,2885,"2026-07-20 09:33:28",assigned
8655,2885,"2026-07-21 04:43:22",resolved
8656,2886,"2026-05-17 18:27:00",created
8657,2886,"2026-05-17 20:16:51",assigned
8658,2886,"2026-05-18 03:36:16",resolved
8659,2887,"2026-07-16 18:32:00",created
8660,2887,"2026-07-17 00:33:29",assigned
8661,2887,"2026-07-18 00:39:29",resolved
8662,2888,"2026-05-26 23:17:00",created
8663,2888,"2026-05-27 01:18:45",assigned
8664,2888,"2026-05-27 09:25:49",resolved
8665,2889,"2026-05-29 11:16:00",created
8666,2889,"2026-05-29 14:05:25",assigned
8667,2889,"2026-05-30 01:23:07",resolved
8668,2890,"2026-07-11 03:12:00",created
8669,2890,"2026-07-11 06:56:04",assigned
8670,2890,"2026-07-11 21:52:20",resolved
8671,2891,"2026-06-09 08:40:00",created
8672,2891,"2026-06-09 10:12:15",assigned
8673,2891,"2026-06-09 16:21:18",resolved
8674,2892,"2026-07-14 19:11:00",created
8675,2892,"2026-07-14 19:52:31",assigned
8676,2892,"2026-07-14 22:38:37",resolved
8677,2893,"2026-06-05 01:12:00",created
8678,2893,"2026-06-05 02:34:24",assigned
8679,2893,"2026-06-05 08:04:03",resolved
8680,2894,"2026-05-14 21:41:00",created
8681,2894,"2026-05-14 22:46:48",assigned
8682,2894,"2026-05-15 03:10:01",resolved
8683,2895,"2026-07-09 15:59:00",created
8684,2895,"2026-07-09 17:56:42",assigned
8685,2895,"2026-07-10 01:47:32",resolved
8686,2896,"2026-05-05 16:38:00",created
8687,2896,"2026-05-05 17:39:54",assigned
8688,2896,"2026-05-05 21:47:34",resolved
8689,2897,"2026-06-09 23:03:00",created
8690,2897,"2026-06-10 01:22:53",assigned
8691,2897,"2026-06-10 10:42:29",resolved
8692,2898,"2026-06-16 19:09:00",created
8693,2898,"2026-06-16 20:21:35",assigned
8694,2898,"2026-06-17 01:11:59",resolved
8695,2899,"2026-07-04 21:03:00",created
8696,2899,"2026-07-04 22:47:14",assigned
8697,2899,"2026-07-05 05:44:12",resolved
8698,2900,"2026-06-01 04:13:00",created
8699,2900,"2026-06-01 06:08:01",assigned
8700,2900,"2026-06-01 13:48:06",resolved
8701,2901,"2026-07-01 21:14:00",created
8702,2901,"2026-07-01 23:28:44",assigned
8703,2901,"2026-07-02 08:27:41",resolved
8704,2902,"2026-06-13 06:42:00",created
8705,2902,"2026-06-13 07:50:13",assigned
8706,2902,"2026-06-13 12:23:09",resolved
8707,2903,"2026-06-30 05:30:00",created
8708,2903,"2026-06-30 08:36:49",assigned
8709,2903,"2026-06-30 21:04:06",resolved
8710,2904,"2026-05-16 04:47:00",created
8711,2904,"2026-05-16 06:22:56",assigned
8712,2904,"2026-05-16 12:46:41",resolved
8713,2905,"2026-06-29 16:37:00",created
8714,2905,"2026-06-29 22:33:23",assigned
8715,2905,"2026-06-30 22:18:57",resolved
8716,2906,"2026-06-14 11:18:00",created
8717,2906,"2026-06-14 12:06:27",assigned
8718,2906,"2026-06-14 15:20:15",resolved
8719,2907,"2026-05-03 14:48:00",created
8720,2907,"2026-05-03 15:30:45",assigned
8721,2907,"2026-05-03 18:21:46",resolved
8722,2908,"2026-07-04 10:24:00",created
8723,2908,"2026-07-04 11:16:04",assigned
8724,2908,"2026-07-04 14:44:22",resolved
8725,2909,"2026-07-24 08:55:00",created
8726,2909,"2026-07-24 10:13:52",assigned
8727,2909,"2026-07-24 15:29:24",resolved
8728,2910,"2026-06-21 20:49:00",created
8729,2910,"2026-06-21 22:22:37",assigned
8730,2910,"2026-06-22 04:37:08",resolved
8731,2911,"2026-07-06 21:17:00",created
8732,2911,"2026-07-06 22:25:19",assigned
8733,2911,"2026-07-07 02:58:38",resolved
8734,2912,"2026-07-21 06:52:00",created
8735,2912,"2026-07-21 07:43:30",assigned
8736,2912,"2026-07-21 11:09:34",resolved
8737,2913,"2026-06-02 21:55:00",created
8738,2913,"2026-06-02 23:21:00",assigned
8739,2913,"2026-06-03 05:05:02",resolved
8740,2914,"2026-05-22 03:21:00",created
8741,2914,"2026-05-22 04:51:04",assigned
8742,2914,"2026-05-22 10:51:21",resolved
8743,2915,"2026-07-15 15:12:00",created
8744,2915,"2026-07-15 15:57:45",assigned
8745,2915,"2026-07-15 19:00:48",resolved
8746,2916,"2026-05-14 09:35:00",created
8747,2916,"2026-05-14 10:53:07",assigned
8748,2916,"2026-05-14 16:05:36",resolved
8749,2917,"2026-06-02 17:45:00",created
8750,2917,"2026-06-02 19:06:21",assigned
8751,2917,"2026-06-03 00:31:47",resolved
8752,2918,"2026-06-11 22:42:00",created
8753,2918,"2026-06-12 01:34:24",assigned
8754,2918,"2026-06-12 13:04:00",resolved
8755,2919,"2026-05-03 12:23:00",created
8756,2919,"2026-05-03 13:02:10",assigned
8757,2919,"2026-05-03 15:38:53",resolved
8758,2920,"2026-07-04 06:14:00",created
8759,2920,"2026-07-04 08:46:22",assigned
8760,2920,"2026-07-04 18:55:51",resolved
8761,2921,"2026-07-08 07:47:00",created
8762,2921,"2026-07-08 08:33:39",assigned
8763,2921,"2026-07-08 11:40:17",resolved
8764,2922,"2026-06-14 00:18:00",created
8765,2922,"2026-06-14 02:55:55",assigned
8766,2922,"2026-06-14 13:27:36",resolved
8767,2923,"2026-05-18 10:25:00",created
8768,2923,"2026-05-18 11:49:41",assigned
8769,2923,"2026-05-18 17:28:25",resolved
8770,2924,"2026-05-11 16:52:00",created
8771,2924,"2026-05-11 18:17:12",assigned
8772,2924,"2026-05-11 23:58:00",resolved
8773,2925,"2026-07-05 03:36:00",created
8774,2925,"2026-07-05 04:08:08",assigned
8775,2925,"2026-07-05 06:16:44",resolved
8776,2926,"2026-06-22 09:15:00",created
8777,2926,"2026-06-22 10:19:14",assigned
8778,2926,"2026-06-22 14:36:10",resolved
8779,2927,"2026-05-13 16:26:00",created
8780,2927,"2026-05-13 17:45:07",assigned
8781,2927,"2026-05-13 23:01:35",resolved
8782,2928,"2026-05-22 02:04:00",created
8783,2928,"2026-05-22 03:48:08",assigned
8784,2928,"2026-05-22 10:44:41",resolved
8785,2929,"2026-06-15 20:02:00",created
8786,2929,"2026-06-15 21:28:24",assigned
8787,2929,"2026-06-16 03:14:01",resolved
8788,2930,"2026-05-08 09:02:00",created
8789,2930,"2026-05-08 09:50:52",assigned
8790,2930,"2026-05-08 13:06:24",resolved
8791,2931,"2026-05-26 06:54:00",created
8792,2931,"2026-05-26 11:27:45",assigned
8793,2931,"2026-05-27 05:42:49",resolved
8794,2932,"2026-06-28 08:02:00",created
8795,2932,"2026-06-28 13:37:53",assigned
8796,2932,"2026-06-29 12:01:25",resolved
8797,2933,"2026-05-28 14:31:00",created
8798,2933,"2026-05-28 16:01:46",assigned
8799,2933,"2026-05-28 22:04:50",resolved
8800,2934,"2026-06-23 13:33:00",created
8801,2934,"2026-06-23 18:17:50",assigned
8802,2934,"2026-06-24 13:17:12",resolved
8803,2935,"2026-06-01 01:43:00",created
8804,2935,"2026-06-01 02:55:55",assigned
8805,2935,"2026-06-01 07:47:35",resolved
8806,2936,"2026-06-03 03:46:00",created
8807,2936,"2026-06-03 07:26:18",assigned
8808,2936,"2026-06-03 22:07:30",resolved
8809,2937,"2026-06-30 17:19:00",created
8810,2937,"2026-06-30 18:31:01",assigned
8811,2937,"2026-06-30 23:19:09",resolved
8812,2938,"2026-07-29 13:10:00",created
8813,2938,"2026-07-29 14:33:47",assigned
8814,2938,"2026-07-29 20:08:56",resolved
8815,2939,"2026-07-05 11:35:00",created
8816,2939,"2026-07-05 16:19:20",assigned
8817,2939,"2026-07-06 11:16:41",resolved
8818,2940,"2026-06-02 19:35:00",created
8819,2940,"2026-06-02 21:14:38",assigned
8820,2940,"2026-06-03 03:53:11",resolved
8821,2941,"2026-06-06 13:47:00",created
8822,2941,"2026-06-06 17:36:19",assigned
8823,2941,"2026-06-07 08:53:37",resolved
8824,2942,"2026-05-02 04:20:00",created
8825,2942,"2026-05-02 05:36:27",assigned
8826,2942,"2026-05-02 10:42:17",resolved
8827,2943,"2026-07-25 06:52:00",created
8828,2943,"2026-07-25 08:03:02",assigned
8829,2943,"2026-07-25 12:47:14",resolved
8830,2944,"2026-07-21 13:25:00",created
8831,2944,"2026-07-21 15:58:06",assigned
8832,2944,"2026-07-22 02:10:33",resolved
8833,2945,"2026-07-19 07:33:00",created
8834,2945,"2026-07-19 10:25:03",assigned
8835,2945,"2026-07-19 21:53:15",resolved
8836,2946,"2026-05-20 01:38:00",created
8837,2946,"2026-05-20 05:29:54",assigned
8838,2946,"2026-05-20 20:57:30",resolved
8839,2947,"2026-05-30 09:10:00",created
8840,2947,"2026-05-30 11:20:45",assigned
8841,2947,"2026-05-30 20:03:47",resolved
8842,2948,"2026-06-22 08:18:00",created
8843,2948,"2026-06-22 10:12:34",assigned
8844,2948,"2026-06-22 17:50:51",resolved
8845,2949,"2026-07-19 15:49:00",created
8846,2949,"2026-07-19 21:33:20",assigned
8847,2949,"2026-07-20 20:30:41",resolved
8848,2950,"2026-06-15 06:59:00",created
8849,2950,"2026-06-15 10:12:05",assigned
8850,2950,"2026-06-15 23:04:25",resolved
8851,2951,"2026-07-12 18:17:00",created
8852,2951,"2026-07-12 19:52:50",assigned
8853,2951,"2026-07-13 02:16:10",resolved
8854,2952,"2026-05-19 20:42:00",created
8855,2952,"2026-05-19 23:04:57",assigned
8856,2952,"2026-05-20 08:36:47",resolved
8857,2953,"2026-07-10 23:42:00",created
8858,2953,"2026-07-11 00:19:18",assigned
8859,2953,"2026-07-11 02:48:30",resolved
8860,2954,"2026-05-21 15:55:00",created
8861,2954,"2026-05-21 16:44:39",assigned
8862,2954,"2026-05-21 20:03:15",resolved
8863,2955,"2026-07-29 00:31:00",created
8864,2955,"2026-07-29 01:16:20",assigned
8865,2955,"2026-07-29 04:17:44",resolved
8866,2956,"2026-06-05 08:50:00",created
8867,2956,"2026-06-05 10:03:35",assigned
8868,2956,"2026-06-05 14:57:55",resolved
8869,2957,"2026-06-21 00:23:00",created
8870,2957,"2026-06-21 04:00:52",assigned
8871,2957,"2026-06-21 18:32:20",resolved
8872,2958,"2026-05-22 16:25:00",created
8873,2958,"2026-05-22 17:18:21",assigned
8874,2958,"2026-05-22 20:51:47",resolved
8875,2959,"2026-07-27 14:28:00",created
8876,2959,"2026-07-27 15:55:52",assigned
8877,2959,"2026-07-27 21:47:22",resolved
8878,2960,"2026-07-09 21:22:00",created
8879,2960,"2026-07-09 23:20:32",assigned
8880,2960,"2026-07-10 07:14:42",resolved
8881,2961,"2026-07-02 16:30:00",created
8882,2961,"2026-07-02 23:02:43",assigned
8883,2961,"2026-07-04 01:13:38",resolved
8884,2962,"2026-07-18 09:01:00",created
8885,2962,"2026-07-18 09:37:00",assigned
8886,2962,"2026-07-18 12:01:00",resolved
8887,2963,"2026-06-29 10:18:00",created
8888,2963,"2026-06-29 12:34:27",assigned
8889,2963,"2026-06-29 21:40:15",resolved
8890,2964,"2026-06-22 08:31:00",created
8891,2964,"2026-06-22 08:51:13",assigned
8892,2964,"2026-06-22 10:12:08",resolved
8893,2965,"2026-07-13 04:40:00",created
8894,2965,"2026-07-13 07:35:09",assigned
8895,2965,"2026-07-13 19:15:47",resolved
8896,2966,"2026-07-23 16:37:00",created
8897,2966,"2026-07-23 18:02:27",assigned
8898,2966,"2026-07-23 23:44:18",resolved
8899,2967,"2026-05-27 08:17:00",created
8900,2967,"2026-05-27 09:14:39",assigned
8901,2967,"2026-05-27 13:05:19",resolved
8902,2968,"2026-06-28 04:15:00",created
8903,2968,"2026-06-28 05:36:50",assigned
8904,2968,"2026-06-28 11:04:10",resolved
8905,2969,"2026-05-01 15:01:00",created
8906,2969,"2026-05-01 16:57:14",assigned
8907,2969,"2026-05-02 00:42:10",resolved
8908,2970,"2026-05-27 07:06:00",created
8909,2970,"2026-05-27 09:12:38",assigned
8910,2970,"2026-05-27 17:39:11",resolved
8911,2971,"2026-06-11 00:34:00",created
8912,2971,"2026-06-11 03:48:36",assigned
8913,2971,"2026-06-11 16:47:01",resolved
8914,2972,"2026-05-30 22:41:00",created
8915,2972,"2026-05-30 23:57:04",assigned
8916,2972,"2026-05-31 05:01:22",resolved
8917,2973,"2026-05-02 06:35:00",created
8918,2973,"2026-05-02 07:55:55",assigned
8919,2973,"2026-05-02 13:19:38",resolved
8920,2974,"2026-07-28 08:00:00",created
8921,2974,"2026-07-28 08:29:57",assigned
8922,2974,"2026-07-28 10:29:49",resolved
8923,2975,"2026-05-31 21:06:00",created
8924,2975,"2026-06-01 00:36:06",assigned
8925,2975,"2026-06-01 14:36:33",resolved
8926,2976,"2026-07-01 03:06:00",created
8927,2976,"2026-07-01 04:28:35",assigned
8928,2976,"2026-07-01 09:58:56",resolved
8929,2977,"2026-06-15 08:14:00",created
8930,2977,"2026-06-15 09:45:12",assigned
8931,2977,"2026-06-15 15:50:00",resolved
8932,2978,"2026-06-13 18:36:00",created
8933,2978,"2026-06-13 19:33:50",assigned
8934,2978,"2026-06-13 23:25:12",resolved
8935,2979,"2026-06-27 21:54:00",created
8936,2979,"2026-06-28 02:31:40",assigned
8937,2979,"2026-06-28 21:02:24",resolved
8938,2980,"2026-06-13 02:27:00",created
8939,2980,"2026-06-13 03:54:14",assigned
8940,2980,"2026-06-13 09:43:11",resolved
8941,2981,"2026-07-11 21:51:00",created
8942,2981,"2026-07-12 00:58:07",assigned
8943,2981,"2026-07-12 13:26:38",resolved
8944,2982,"2026-06-12 03:35:00",created
8945,2982,"2026-06-12 04:54:19",assigned
8946,2982,"2026-06-12 10:11:38",resolved
8947,2983,"2026-06-04 14:34:00",created
8948,2983,"2026-06-04 17:14:51",assigned
8949,2983,"2026-06-05 03:58:18",resolved
8950,2984,"2026-05-10 20:59:00",created
8951,2984,"2026-05-10 22:49:52",assigned
8952,2984,"2026-05-11 06:13:24",resolved
8953,2985,"2026-06-14 20:37:00",created
8954,2985,"2026-06-14 21:35:34",assigned
8955,2985,"2026-06-15 01:29:51",resolved
8956,2986,"2026-07-28 19:14:00",created
8957,2986,"2026-07-28 21:55:47",assigned
8958,2986,"2026-07-29 08:42:56",resolved
8959,2987,"2026-07-13 09:22:00",created
8960,2987,"2026-07-13 12:36:03",assigned
8961,2987,"2026-07-14 01:32:15",resolved
8962,2988,"2026-07-07 09:22:00",created
8963,2988,"2026-07-07 11:28:19",assigned
8964,2988,"2026-07-07 19:53:37",resolved
8965,2989,"2026-05-08 04:16:00",created
8966,2989,"2026-05-08 08:04:47",assigned
8967,2989,"2026-05-08 23:19:57",resolved
8968,2990,"2026-07-11 12:45:00",created
8969,2990,"2026-07-11 14:35:43",assigned
8970,2990,"2026-07-11 21:58:38",resolved
8971,2991,"2026-06-08 01:40:00",created
8972,2991,"2026-06-08 03:06:23",assigned
8973,2991,"2026-06-08 08:51:59",resolved
8974,2992,"2026-05-24 07:37:00",created
8975,2992,"2026-05-24 11:14:18",assigned
8976,2992,"2026-05-25 01:43:33",resolved
8977,2993,"2026-07-07 14:09:00",created
8978,2993,"2026-07-07 17:11:18",assigned
8979,2993,"2026-07-08 05:20:34",resolved
8980,2994,"2026-06-20 16:29:00",created
8981,2994,"2026-06-20 17:02:58",assigned
8982,2994,"2026-06-20 19:18:50",resolved
8983,2995,"2026-06-01 11:08:00",created
8984,2995,"2026-06-01 12:42:04",assigned
8985,2995,"2026-06-01 18:58:21",resolved
8986,2996,"2026-06-06 02:32:00",created
8987,2996,"2026-06-06 03:51:21",assigned
8988,2996,"2026-06-06 09:08:49",resolved
8989,2997,"2026-06-20 00:04:00",created
8990,2997,"2026-06-20 02:12:42",assigned
8991,2997,"2026-06-20 10:47:31",resolved
8992,2998,"2026-06-01 23:52:00",created
8993,2998,"2026-06-02 01:42:32",assigned
8994,2998,"2026-06-02 09:04:41",resolved
8995,2999,"2026-06-22 22:34:00",created
8996,2999,"2026-06-22 23:34:12",assigned
8997,2999,"2026-06-23 03:35:04",resolved
8998,3000,"2026-05-18 07:36:00",created
8999,3000,"2026-05-18 09:16:02",assigned
9000,3000,"2026-05-18 15:56:11",resolved
9001,3001,"2026-06-25 14:14:00",created
9002,3001,"2026-06-25 15:01:50",assigned
9003,3001,"2026-06-25 18:13:13",resolved
9004,3002,"2026-06-11 04:41:00",created
9005,3002,"2026-06-11 05:54:12",assigned
9006,3002,"2026-06-11 10:47:00",resolved
9007,3003,"2026-05-15 00:09:00",created
9008,3003,"2026-05-15 01:29:24",assigned
9009,3003,"2026-05-15 06:51:00",resolved
9010,3004,"2026-06-22 11:01:00",created
9011,3004,"2026-06-22 12:59:26",assigned
9012,3004,"2026-06-22 20:53:14",resolved
9013,3005,"2026-07-12 19:49:00",created
9014,3005,"2026-07-12 20:54:06",assigned
9015,3005,"2026-07-13 01:14:32",resolved
9016,3006,"2026-07-19 09:49:00",created
9017,3006,"2026-07-19 10:17:12",assigned
9018,3006,"2026-07-19 12:10:03",resolved
9019,3007,"2026-05-21 16:09:00",created
9020,3007,"2026-05-21 18:30:11",assigned
9021,3007,"2026-05-22 03:54:59",resolved
9022,3008,"2026-07-12 16:20:00",created
9023,3008,"2026-07-12 17:48:37",assigned
9024,3008,"2026-07-12 23:43:06",resolved
9025,3009,"2026-06-24 18:52:00",created
9026,3009,"2026-06-24 22:51:56",assigned
9027,3009,"2026-06-25 14:51:42",resolved
9028,3010,"2026-06-28 12:11:00",created
9029,3010,"2026-06-28 13:28:19",assigned
9030,3010,"2026-06-28 18:37:36",resolved
9031,3011,"2026-07-15 00:28:00",created
9032,3011,"2026-07-15 02:47:13",assigned
9033,3011,"2026-07-15 12:04:06",resolved
9034,3012,"2026-07-04 14:08:00",created
9035,3012,"2026-07-04 15:37:00",assigned
9036,3012,"2026-07-04 21:33:00",resolved
9037,3013,"2026-07-27 15:56:00",created
9038,3013,"2026-07-27 16:24:56",assigned
9039,3013,"2026-07-27 18:20:42",resolved
9040,3014,"2026-05-14 04:28:00",created
9041,3014,"2026-05-14 05:21:11",assigned
9042,3014,"2026-05-14 08:53:56",resolved
9043,3015,"2026-06-14 08:15:00",created
9044,3015,"2026-06-14 09:23:23",assigned
9045,3015,"2026-06-14 13:56:59",resolved
9046,3016,"2026-06-18 13:22:00",created
9047,3016,"2026-06-18 14:22:51",assigned
9048,3016,"2026-06-18 18:26:16",resolved
9049,3017,"2026-07-01 01:40:00",created
9050,3017,"2026-07-01 02:52:42",assigned
9051,3017,"2026-07-01 07:43:32",resolved
9052,3018,"2026-05-24 15:57:00",created
9053,3018,"2026-05-24 16:56:32",assigned
9054,3018,"2026-05-24 20:54:40",resolved
9055,3019,"2026-05-05 01:08:00",created
9056,3019,"2026-05-05 02:19:01",assigned
9057,3019,"2026-05-05 07:03:09",resolved
9058,3020,"2026-05-22 20:03:00",created
9059,3020,"2026-05-22 21:20:59",assigned
9060,3020,"2026-05-23 02:32:56",resolved
9061,3021,"2026-07-11 12:45:00",created
9062,3021,"2026-07-11 13:46:06",assigned
9063,3021,"2026-07-11 17:50:32",resolved
9064,3022,"2026-07-02 11:30:00",created
9065,3022,"2026-07-02 13:50:48",assigned
9066,3022,"2026-07-02 23:14:02",resolved
9067,3023,"2026-06-22 10:04:00",created
9068,3023,"2026-06-22 11:26:58",assigned
9069,3023,"2026-06-22 16:58:50",resolved
9070,3024,"2026-07-14 07:10:00",created
9071,3024,"2026-07-14 08:28:34",assigned
9072,3024,"2026-07-14 13:42:52",resolved
9073,3025,"2026-07-27 14:38:00",created
9074,3025,"2026-07-27 17:21:14",assigned
9075,3025,"2026-07-28 04:14:11",resolved
9076,3026,"2026-05-23 08:03:00",created
9077,3026,"2026-05-23 08:52:53",assigned
9078,3026,"2026-05-23 12:12:29",resolved
9079,3027,"2026-07-22 04:21:00",created
9080,3027,"2026-07-22 04:58:10",assigned
9081,3027,"2026-07-22 07:26:51",resolved
9082,3028,"2026-07-17 12:52:00",created
9083,3028,"2026-07-17 13:31:12",assigned
9084,3028,"2026-07-17 16:08:02",resolved
9085,3029,"2026-07-07 19:46:00",created
9086,3029,"2026-07-07 20:55:50",assigned
9087,3029,"2026-07-08 01:35:13",resolved
9088,3030,"2026-05-03 03:33:00",created
9089,3030,"2026-05-03 04:17:04",assigned
9090,3030,"2026-05-03 07:13:23",resolved
9091,3031,"2026-07-01 19:22:00",created
9092,3031,"2026-07-01 20:12:36",assigned
9093,3031,"2026-07-01 23:35:00",resolved
9094,3032,"2026-07-28 17:18:00",created
9095,3032,"2026-07-28 18:10:41",assigned
9096,3032,"2026-07-28 21:41:29",resolved
9097,3033,"2026-07-25 00:42:00",created
9098,3033,"2026-07-25 01:37:47",assigned
9099,3033,"2026-07-25 05:20:57",resolved
9100,3034,"2026-05-16 23:07:00",created
9101,3034,"2026-05-17 01:59:07",assigned
9102,3034,"2026-05-17 13:27:38",resolved
9103,3035,"2026-05-15 17:05:00",created
9104,3035,"2026-05-15 17:56:11",assigned
9105,3035,"2026-05-15 21:20:58",resolved
9106,3036,"2026-06-27 23:49:00",created
9107,3036,"2026-06-28 00:53:26",assigned
9108,3036,"2026-06-28 05:11:11",resolved
9109,3037,"2026-06-23 02:59:00",created
9110,3037,"2026-06-23 04:32:32",assigned
9111,3037,"2026-06-23 10:46:42",resolved
9112,3038,"2026-06-05 14:51:00",created
9113,3038,"2026-06-05 17:23:28",assigned
9114,3038,"2026-06-06 03:33:21",resolved
9115,3039,"2026-06-15 15:20:00",created
9116,3039,"2026-06-15 17:56:56",assigned
9117,3039,"2026-06-16 04:24:41",resolved
9118,3040,"2026-06-06 10:16:00",created
9119,3040,"2026-06-06 10:46:15",assigned
9120,3040,"2026-06-06 12:47:15",resolved
9121,3041,"2026-05-25 03:08:00",created
9122,3041,"2026-05-25 05:01:07",assigned
9123,3041,"2026-05-25 12:33:39",resolved
9124,3042,"2026-07-21 02:59:00",created
9125,3042,"2026-07-21 05:45:31",assigned
9126,3042,"2026-07-21 16:51:35",resolved
9127,3043,"2026-07-09 19:30:00",created
9128,3043,"2026-07-09 20:06:32",assigned
9129,3043,"2026-07-09 22:32:40",resolved
9130,3044,"2026-07-02 10:15:00",created
9131,3044,"2026-07-02 11:04:39",assigned
9132,3044,"2026-07-02 14:23:17",resolved
9133,3045,"2026-05-16 19:18:00",created
9134,3045,"2026-05-16 19:49:26",assigned
9135,3045,"2026-05-16 21:55:10",resolved
9136,3046,"2026-05-04 01:47:00",created
9137,3046,"2026-05-04 02:34:03",assigned
9138,3046,"2026-05-04 05:42:16",resolved
9139,3047,"2026-06-25 10:37:00",created
9140,3047,"2026-06-25 13:15:30",assigned
9141,3047,"2026-06-25 23:49:31",resolved
9142,3048,"2026-05-24 20:31:00",created
9143,3048,"2026-05-24 21:32:52",assigned
9144,3048,"2026-05-25 01:40:23",resolved
9145,3049,"2026-05-13 06:14:00",created
9146,3049,"2026-05-13 07:41:42",assigned
9147,3049,"2026-05-13 13:32:30",resolved
9148,3050,"2026-06-08 05:33:00",created
9149,3050,"2026-06-08 08:51:09",assigned
9150,3050,"2026-06-08 22:03:45",resolved
9151,3051,"2026-06-19 15:57:00",created
9152,3051,"2026-06-19 17:56:55",assigned
9153,3051,"2026-06-20 01:56:39",resolved
9154,3052,"2026-05-10 00:50:00",created
9155,3052,"2026-05-10 01:37:00",assigned
9156,3052,"2026-05-10 04:45:01",resolved
9157,3053,"2026-07-24 14:22:00",created
9158,3053,"2026-07-24 15:48:16",assigned
9159,3053,"2026-07-24 21:33:22",resolved
9160,3054,"2026-06-03 15:31:00",created
9161,3054,"2026-06-03 16:37:52",assigned
9162,3054,"2026-06-03 21:05:20",resolved
9163,3055,"2026-07-06 06:08:00",created
9164,3055,"2026-07-06 07:38:25",assigned
9165,3055,"2026-07-06 13:40:09",resolved
9166,3056,"2026-05-26 22:05:00",created
9167,3056,"2026-05-26 23:45:13",assigned
9168,3056,"2026-05-27 06:26:07",resolved
9169,3057,"2026-07-12 18:39:00",created
9170,3057,"2026-07-12 19:45:54",assigned
9171,3057,"2026-07-13 00:13:30",resolved
9172,3058,"2026-05-19 23:40:00",created
9173,3058,"2026-05-20 01:52:48",assigned
9174,3058,"2026-05-20 10:44:04",resolved
9175,3059,"2026-07-09 14:11:00",created
9176,3059,"2026-07-09 15:44:23",assigned
9177,3059,"2026-07-09 21:57:59",resolved
9178,3060,"2026-07-21 10:14:00",created
9179,3060,"2026-07-21 13:23:09",assigned
9180,3060,"2026-07-22 01:59:49",resolved
9181,3061,"2026-07-24 06:34:00",created
9182,3061,"2026-07-24 07:26:14",assigned
9183,3061,"2026-07-24 10:55:11",resolved
9184,3062,"2026-05-01 05:45:00",created
9185,3062,"2026-05-01 15:36:45",assigned
9186,3062,"2026-05-03 07:03:48",resolved
9187,3063,"2026-07-23 02:01:00",created
9188,3063,"2026-07-23 03:29:14",assigned
9189,3063,"2026-07-23 09:22:10",resolved
9190,3064,"2026-05-29 06:35:00",created
9191,3064,"2026-05-29 07:35:29",assigned
9192,3064,"2026-05-29 11:37:25",resolved
9193,3065,"2026-05-15 11:47:00",created
9194,3065,"2026-05-15 12:35:54",assigned
9195,3065,"2026-05-15 15:51:32",resolved
9196,3066,"2026-05-29 06:43:00",created
9197,3066,"2026-05-29 09:04:20",assigned
9198,3066,"2026-05-29 18:29:41",resolved
9199,3067,"2026-05-15 16:27:00",created
9200,3067,"2026-05-15 20:19:23",assigned
9201,3067,"2026-05-16 11:48:59",resolved
9202,3068,"2026-06-14 06:15:00",created
9203,3068,"2026-06-14 08:16:36",assigned
9204,3068,"2026-06-14 16:23:00",resolved
9205,3069,"2026-05-02 03:57:00",created
9206,3069,"2026-05-02 06:10:37",assigned
9207,3069,"2026-05-02 15:05:07",resolved
9208,3070,"2026-06-04 01:05:00",created
9209,3070,"2026-06-04 02:50:35",assigned
9210,3070,"2026-06-04 09:52:57",resolved
9211,3071,"2026-06-01 05:24:00",created
9212,3071,"2026-06-01 07:42:53",assigned
9213,3071,"2026-06-01 16:58:25",resolved
9214,3072,"2026-05-30 21:41:00",created
9215,3072,"2026-05-30 23:15:11",assigned
9216,3072,"2026-05-31 05:31:57",resolved
9217,3073,"2026-07-23 10:20:00",created
9218,3073,"2026-07-23 12:00:16",assigned
9219,3073,"2026-07-23 18:41:23",resolved
9220,3074,"2026-05-24 03:08:00",created
9221,3074,"2026-05-24 07:12:39",assigned
9222,3074,"2026-05-24 23:31:15",resolved
9223,3075,"2026-05-03 04:54:00",created
9224,3075,"2026-05-03 05:44:21",assigned
9225,3075,"2026-05-03 09:05:46",resolved
9226,3076,"2026-06-25 22:22:00",created
9227,3076,"2026-06-26 00:12:58",assigned
9228,3076,"2026-06-26 07:36:50",resolved
9229,3077,"2026-05-01 04:24:00",created
9230,3077,"2026-05-01 04:58:02",assigned
9231,3077,"2026-05-01 07:14:14",resolved
9232,3078,"2026-06-18 17:00:00",created
9233,3078,"2026-06-18 21:28:33",assigned
9234,3078,"2026-06-19 15:22:45",resolved
9235,3079,"2026-06-12 22:49:00",created
9236,3079,"2026-06-13 04:16:32",assigned
9237,3079,"2026-06-14 02:06:43",resolved
9238,3080,"2026-07-21 18:47:00",created
9239,3080,"2026-07-21 20:54:23",assigned
9240,3080,"2026-07-22 05:23:55",resolved
9241,3081,"2026-05-18 12:49:00",created
9242,3081,"2026-05-18 13:31:07",assigned
9243,3081,"2026-05-18 16:19:36",resolved
9244,3082,"2026-06-22 14:07:00",created
9245,3082,"2026-06-22 16:07:14",assigned
9246,3082,"2026-06-23 00:08:13",resolved
9247,3083,"2026-06-26 20:16:00",created
9248,3083,"2026-06-26 22:20:07",assigned
9249,3083,"2026-06-27 06:36:35",resolved
9250,3084,"2026-06-07 17:59:00",created
9251,3084,"2026-06-07 19:45:10",assigned
9252,3084,"2026-06-08 02:49:51",resolved
9253,3085,"2026-05-03 06:06:00",created
9254,3085,"2026-05-03 11:56:02",assigned
9255,3085,"2026-05-04 11:16:14",resolved
9256,3086,"2026-07-10 15:11:00",created
9257,3086,"2026-07-10 16:02:05",assigned
9258,3086,"2026-07-10 19:26:26",resolved
9259,3087,"2026-05-12 20:53:00",created
9260,3087,"2026-05-12 21:57:28",assigned
9261,3087,"2026-05-13 02:15:24",resolved
9262,3088,"2026-05-14 23:11:00",created
9263,3088,"2026-05-15 02:00:20",assigned
9264,3088,"2026-05-15 13:17:42",resolved
9265,3089,"2026-05-27 12:49:00",created
9266,3089,"2026-05-27 13:54:42",assigned
9267,3089,"2026-05-27 18:17:33",resolved
9268,3090,"2026-07-01 12:59:00",created
9269,3090,"2026-07-01 16:23:01",assigned
9270,3090,"2026-07-02 05:59:08",resolved
9271,3091,"2026-06-28 03:20:00",created
9272,3091,"2026-06-28 05:05:05",assigned
9273,3091,"2026-06-28 12:05:28",resolved
9274,3092,"2026-05-01 12:05:00",created
9275,3092,"2026-05-01 13:02:25",assigned
9276,3092,"2026-05-01 16:52:09",resolved
9277,3093,"2026-05-01 17:44:00",created
9278,3093,"2026-05-01 19:28:35",assigned
9279,3093,"2026-05-02 02:26:56",resolved
9280,3094,"2026-07-28 15:19:00",created
9281,3094,"2026-07-28 17:40:33",assigned
9282,3094,"2026-07-29 03:06:48",resolved
9283,3095,"2026-06-07 21:53:00",created
9284,3095,"2026-06-07 23:48:00",assigned
9285,3095,"2026-06-08 07:28:00",resolved
9286,3096,"2026-07-09 11:58:00",created
9287,3096,"2026-07-09 13:12:30",assigned
9288,3096,"2026-07-09 18:10:34",resolved
9289,3097,"2026-07-05 17:27:00",created
9290,3097,"2026-07-05 23:38:13",assigned
9291,3097,"2026-07-07 00:23:09",resolved
9292,3098,"2026-07-03 09:22:00",created
9293,3098,"2026-07-03 10:08:36",assigned
9294,3098,"2026-07-03 13:15:00",resolved
9295,3099,"2026-06-25 15:09:00",created
9296,3099,"2026-06-25 16:48:58",assigned
9297,3099,"2026-06-25 23:28:52",resolved
9298,3100,"2026-07-20 12:38:00",created
9299,3100,"2026-07-20 14:23:14",assigned
9300,3100,"2026-07-20 21:24:12",resolved
9301,3101,"2026-06-13 01:57:00",created
9302,3101,"2026-06-13 03:13:15",assigned
9303,3101,"2026-06-13 08:18:18",resolved
9304,3102,"2026-06-06 16:29:00",created
9305,3102,"2026-06-06 17:25:28",assigned
9306,3102,"2026-06-06 21:11:24",resolved
9307,3103,"2026-06-28 10:59:00",created
9308,3103,"2026-06-28 11:17:20",assigned
9309,3103,"2026-06-28 12:30:41",resolved
9310,3104,"2026-05-15 20:46:00",created
9311,3104,"2026-05-15 22:19:17",assigned
9312,3104,"2026-05-16 04:32:27",resolved
9313,3105,"2026-06-07 12:59:00",created
9314,3105,"2026-06-07 15:19:47",assigned
9315,3105,"2026-06-08 00:42:57",resolved
9316,3106,"2026-06-27 02:20:00",created
9317,3106,"2026-06-27 02:57:11",assigned
9318,3106,"2026-06-27 05:25:56",resolved
9319,3107,"2026-06-16 07:14:00",created
9320,3107,"2026-06-16 10:26:14",assigned
9321,3107,"2026-06-16 23:15:13",resolved
9322,3108,"2026-05-02 07:51:00",created
9323,3108,"2026-05-02 09:12:40",assigned
9324,3108,"2026-05-02 14:39:21",resolved
9325,3109,"2026-07-23 23:01:00",created
9326,3109,"2026-07-23 23:42:35",assigned
9327,3109,"2026-07-24 02:28:57",resolved
9328,3110,"2026-05-04 12:42:00",created
9329,3110,"2026-05-04 16:37:45",assigned
9330,3110,"2026-05-05 08:20:48",resolved
9331,3111,"2026-05-26 08:20:00",created
9332,3111,"2026-05-26 10:59:42",assigned
9333,3111,"2026-05-26 21:38:31",resolved
9334,3112,"2026-06-02 21:24:00",created
9335,3112,"2026-06-02 22:54:48",assigned
9336,3112,"2026-06-03 04:58:04",resolved
9337,3113,"2026-06-30 12:55:00",created
9338,3113,"2026-06-30 13:55:39",assigned
9339,3113,"2026-06-30 17:58:16",resolved
9340,3114,"2026-06-26 07:41:00",created
9341,3114,"2026-06-26 09:58:30",assigned
9342,3114,"2026-06-26 19:08:30",resolved
9343,3115,"2026-07-18 07:06:00",created
9344,3115,"2026-07-18 09:10:01",assigned
9345,3115,"2026-07-18 17:26:08",resolved
9346,3116,"2026-07-28 06:09:00",created
9347,3116,"2026-07-28 08:11:42",assigned
9348,3116,"2026-07-28 16:22:33",resolved
9349,3117,"2026-06-04 01:05:00",created
9350,3117,"2026-06-04 02:47:13",assigned
9351,3117,"2026-06-04 09:36:05",resolved
9352,3118,"2026-05-13 10:07:00",created
9353,3118,"2026-05-13 14:50:51",assigned
9354,3118,"2026-05-14 09:46:18",resolved
9355,3119,"2026-05-23 10:48:00",created
9356,3119,"2026-05-23 11:27:25",assigned
9357,3119,"2026-05-23 14:05:06",resolved
9358,3120,"2026-05-08 07:03:00",created
9359,3120,"2026-05-08 08:33:14",assigned
9360,3120,"2026-05-08 14:34:14",resolved
9361,3121,"2026-06-17 16:38:00",created
9362,3121,"2026-06-17 17:09:14",assigned
9363,3121,"2026-06-17 19:14:14",resolved
9364,3122,"2026-07-11 07:33:00",created
9365,3122,"2026-07-11 09:56:59",assigned
9366,3122,"2026-07-11 19:32:58",resolved
9367,3123,"2026-06-29 23:20:00",created
9368,3123,"2026-06-30 00:58:35",assigned
9369,3123,"2026-06-30 07:32:57",resolved
9370,3124,"2026-05-04 15:18:00",created
9371,3124,"2026-05-04 17:46:58",assigned
9372,3124,"2026-05-05 03:42:53",resolved
9373,3125,"2026-07-17 17:47:00",created
9374,3125,"2026-07-17 18:51:09",assigned
9375,3125,"2026-07-17 23:07:47",resolved
9376,3126,"2026-05-24 21:59:00",created
9377,3126,"2026-05-25 05:34:30",assigned
9378,3126,"2026-05-26 11:56:32",resolved
9379,3127,"2026-06-30 21:11:00",created
9380,3127,"2026-06-30 23:33:52",assigned
9381,3127,"2026-07-01 09:05:23",resolved
9382,3128,"2026-06-22 12:04:00",created
9383,3128,"2026-06-22 13:50:05",assigned
9384,3128,"2026-06-22 20:54:28",resolved
9385,3129,"2026-05-02 15:30:00",created
9386,3129,"2026-05-02 17:16:24",assigned
9387,3129,"2026-05-03 00:22:01",resolved
9388,3130,"2026-07-08 04:34:00",created
9389,3130,"2026-07-08 06:48:29",assigned
9390,3130,"2026-07-08 15:46:26",resolved
9391,3131,"2026-07-21 18:20:00",created
9392,3131,"2026-07-21 21:05:19",assigned
9393,3131,"2026-07-22 08:06:36",resolved
9394,3132,"2026-07-09 03:44:00",created
9395,3132,"2026-07-09 04:35:09",assigned
9396,3132,"2026-07-09 07:59:49",resolved
9397,3133,"2026-06-18 03:48:00",created
9398,3133,"2026-06-18 05:13:50",assigned
9399,3133,"2026-06-18 10:57:11",resolved
9400,3134,"2026-06-06 10:05:00",created
9401,3134,"2026-06-06 11:59:42",assigned
9402,3134,"2026-06-06 19:38:32",resolved
9403,3135,"2026-07-02 02:22:00",created
9404,3135,"2026-07-02 03:48:52",assigned
9405,3135,"2026-07-02 09:36:23",resolved
9406,3136,"2026-05-21 19:00:00",created
9407,3136,"2026-05-21 19:50:28",assigned
9408,3136,"2026-05-21 23:12:24",resolved
9409,3137,"2026-07-13 05:49:00",created
9410,3137,"2026-07-13 07:14:26",assigned
9411,3137,"2026-07-13 12:56:13",resolved
9412,3138,"2026-07-21 22:56:00",created
9413,3138,"2026-07-22 01:12:15",assigned
9414,3138,"2026-07-22 10:17:17",resolved
9415,3139,"2026-05-31 20:12:00",created
9416,3139,"2026-05-31 20:41:03",assigned
9417,3139,"2026-05-31 22:37:19",resolved
9418,3140,"2026-06-20 23:31:00",created
9419,3140,"2026-06-21 02:57:46",assigned
9420,3140,"2026-06-21 16:44:51",resolved
9421,3141,"2026-07-07 00:56:00",created
9422,3141,"2026-07-07 03:20:03",assigned
9423,3141,"2026-07-07 12:56:18",resolved
9424,3142,"2026-05-02 16:04:00",created
9425,3142,"2026-05-02 18:01:12",assigned
9426,3142,"2026-05-03 01:50:03",resolved
9427,3143,"2026-07-02 08:55:00",created
9428,3143,"2026-07-02 09:41:03",assigned
9429,3143,"2026-07-02 12:45:16",resolved
9430,3144,"2026-07-03 08:09:00",created
9431,3144,"2026-07-03 09:00:56",assigned
9432,3144,"2026-07-03 12:28:44",resolved
9433,3145,"2026-06-25 21:27:00",created
9434,3145,"2026-06-25 22:14:17",assigned
9435,3145,"2026-06-26 01:23:26",resolved
9436,3146,"2026-07-11 21:05:00",created
9437,3146,"2026-07-11 21:54:09",assigned
9438,3146,"2026-07-12 01:10:45",resolved
9439,3147,"2026-05-23 11:13:00",created
9440,3147,"2026-05-23 13:22:10",assigned
9441,3147,"2026-05-23 21:58:54",resolved
9442,3148,"2026-07-27 23:14:00",created
9443,3148,"2026-07-28 02:27:59",assigned
9444,3148,"2026-07-28 15:23:59",resolved
9445,3149,"2026-06-20 02:13:00",created
9446,3149,"2026-06-20 04:32:34",assigned
9447,3149,"2026-06-20 13:50:52",resolved
9448,3150,"2026-07-10 20:46:00",created
9449,3150,"2026-07-10 21:34:05",assigned
9450,3150,"2026-07-11 00:46:29",resolved
9451,3151,"2026-05-25 12:06:00",created
9452,3151,"2026-05-25 13:37:58",assigned
9453,3151,"2026-05-25 19:45:54",resolved
9454,3152,"2026-06-27 20:55:00",created
9455,3152,"2026-06-27 21:21:50",assigned
9456,3152,"2026-06-27 23:09:14",resolved
9457,3153,"2026-05-27 10:03:00",created
9458,3153,"2026-05-27 12:01:57",assigned
9459,3153,"2026-05-27 19:57:48",resolved
9460,3154,"2026-05-01 11:14:00",created
9461,3154,"2026-05-01 12:31:29",assigned
9462,3154,"2026-05-01 17:41:25",resolved
9463,3155,"2026-06-30 00:18:00",created
9464,3155,"2026-06-30 02:01:59",assigned
9465,3155,"2026-06-30 08:57:57",resolved
9466,3156,"2026-05-07 16:43:00",created
9467,3156,"2026-05-07 17:50:03",assigned
9468,3156,"2026-05-07 22:18:16",resolved
9469,3157,"2026-05-02 13:01:00",created
9470,3157,"2026-05-02 15:16:02",assigned
9471,3157,"2026-05-03 00:16:14",resolved
9472,3158,"2026-05-22 08:45:00",created
9473,3158,"2026-05-22 11:18:06",assigned
9474,3158,"2026-05-22 21:30:31",resolved
9475,3159,"2026-05-18 09:49:00",created
9476,3159,"2026-05-18 11:14:09",assigned
9477,3159,"2026-05-18 16:54:45",resolved
9478,3160,"2026-07-08 01:55:00",created
9479,3160,"2026-07-08 06:08:59",assigned
9480,3160,"2026-07-08 23:04:57",resolved
9481,3161,"2026-06-21 23:17:00",created
9482,3161,"2026-06-22 01:02:23",assigned
9483,3161,"2026-06-22 08:03:59",resolved
9484,3162,"2026-06-26 23:17:00",created
9485,3162,"2026-06-27 01:49:35",assigned
9486,3162,"2026-06-27 11:59:59",resolved
9487,3163,"2026-06-24 03:43:00",created
9488,3163,"2026-06-24 04:32:39",assigned
9489,3163,"2026-06-24 07:51:19",resolved
9490,3164,"2026-06-17 15:56:00",created
9491,3164,"2026-06-17 17:05:11",assigned
9492,3164,"2026-06-17 21:41:59",resolved
9493,3165,"2026-07-01 15:02:00",created
9494,3165,"2026-07-01 18:51:21",assigned
9495,3165,"2026-07-02 10:08:49",resolved
9496,3166,"2026-05-26 20:06:00",created
9497,3166,"2026-05-27 00:16:33",assigned
9498,3166,"2026-05-27 16:58:47",resolved
9499,3167,"2026-05-05 07:02:00",created
9500,3167,"2026-05-05 10:07:48",assigned
9501,3167,"2026-05-05 22:31:02",resolved
9502,3168,"2026-05-07 18:51:00",created
9503,3168,"2026-05-07 20:10:27",assigned
9504,3168,"2026-05-08 01:28:15",resolved
9505,3169,"2026-07-24 16:09:00",created
9506,3169,"2026-07-24 18:16:05",assigned
9507,3169,"2026-07-25 02:44:26",resolved
9508,3170,"2026-07-14 20:47:00",created
9509,3170,"2026-07-14 22:21:56",assigned
9510,3170,"2026-07-15 04:41:44",resolved
9511,3171,"2026-05-12 19:33:00",created
9512,3171,"2026-05-12 20:53:12",assigned
9513,3171,"2026-05-13 02:14:03",resolved
9514,3172,"2026-06-02 00:34:00",created
9515,3172,"2026-06-02 01:47:41",assigned
9516,3172,"2026-06-02 06:42:28",resolved
9517,3173,"2026-06-03 04:48:00",created
9518,3173,"2026-06-03 05:09:54",assigned
9519,3173,"2026-06-03 06:37:33",resolved
9520,3174,"2026-07-28 05:26:00",created
9521,3174,"2026-07-28 10:06:57",assigned
9522,3174,"2026-07-29 04:50:46",resolved
9523,3175,"2026-06-28 12:20:00",created
9524,3175,"2026-06-28 13:30:37",assigned
9525,3175,"2026-06-28 18:13:07",resolved
9526,3176,"2026-07-20 09:56:00",created
9527,3176,"2026-07-20 11:58:01",assigned
9528,3176,"2026-07-20 20:06:07",resolved
9529,3177,"2026-06-12 03:22:00",created
9530,3177,"2026-06-12 04:35:51",assigned
9531,3177,"2026-06-12 09:31:19",resolved
9532,3178,"2026-07-17 09:42:00",created
9533,3178,"2026-07-17 11:24:53",assigned
9534,3178,"2026-07-17 18:16:25",resolved
9535,3179,"2026-06-25 01:49:00",created
9536,3179,"2026-06-25 02:57:25",assigned
9537,3179,"2026-06-25 07:31:08",resolved
9538,3180,"2026-06-19 04:24:00",created
9539,3180,"2026-06-19 08:53:53",assigned
9540,3180,"2026-06-20 02:53:26",resolved
9541,3181,"2026-05-13 10:55:00",created
9542,3181,"2026-05-13 15:01:47",assigned
9543,3181,"2026-05-14 07:28:58",resolved
9544,3182,"2026-06-12 15:20:00",created
9545,3182,"2026-06-12 16:00:48",assigned
9546,3182,"2026-06-12 18:44:03",resolved
9547,3183,"2026-07-04 01:28:00",created
9548,3183,"2026-07-04 03:07:06",assigned
9549,3183,"2026-07-04 09:43:34",resolved
9550,3184,"2026-06-07 16:17:00",created
9551,3184,"2026-06-07 16:54:20",assigned
9552,3184,"2026-06-07 19:23:42",resolved
9553,3185,"2026-06-19 23:51:00",created
9554,3185,"2026-06-20 00:31:33",assigned
9555,3185,"2026-06-20 03:13:47",resolved
9556,3186,"2026-07-05 18:38:00",created
9557,3186,"2026-07-05 21:30:03",assigned
9558,3186,"2026-07-06 08:58:19",resolved
9559,3187,"2026-05-13 22:53:00",created
9560,3187,"2026-05-14 00:33:58",assigned
9561,3187,"2026-05-14 07:17:51",resolved
9562,3188,"2026-05-22 11:54:00",created
9563,3188,"2026-05-22 15:45:46",assigned
9564,3188,"2026-05-23 07:12:51",resolved
9565,3189,"2026-06-08 23:02:00",created
9566,3189,"2026-06-08 23:52:08",assigned
9567,3189,"2026-06-09 03:12:44",resolved
9568,3190,"2026-05-16 19:38:00",created
9569,3190,"2026-05-16 23:24:20",assigned
9570,3190,"2026-05-17 14:29:40",resolved
9571,3191,"2026-07-28 11:04:00",created
9572,3191,"2026-07-28 12:25:10",assigned
9573,3191,"2026-07-28 17:49:53",resolved
9574,3192,"2026-06-21 17:15:00",created
9575,3192,"2026-06-22 00:00:38",assigned
9576,3192,"2026-06-23 03:03:10",resolved
9577,3193,"2026-07-01 22:47:00",created
9578,3193,"2026-07-02 00:58:14",assigned
9579,3193,"2026-07-02 09:43:10",resolved
9580,3194,"2026-06-19 01:37:00",created
9581,3194,"2026-06-19 02:29:06",assigned
9582,3194,"2026-06-19 05:57:31",resolved
9583,3195,"2026-06-15 20:18:00",created
9584,3195,"2026-06-15 22:18:10",assigned
9585,3195,"2026-06-16 06:18:53",resolved
9586,3196,"2026-06-06 16:30:00",created
9587,3196,"2026-06-06 18:37:15",assigned
9588,3196,"2026-06-07 03:06:19",resolved
9589,3197,"2026-05-24 05:56:00",created
9590,3197,"2026-05-24 07:05:54",assigned
9591,3197,"2026-05-24 11:45:33",resolved
9592,3198,"2026-06-18 09:56:00",created
9593,3198,"2026-06-18 11:46:44",assigned
9594,3198,"2026-06-18 19:09:41",resolved
9595,3199,"2026-06-26 03:24:00",created
9596,3199,"2026-06-26 04:00:51",assigned
9597,3199,"2026-06-26 06:28:18",resolved
9598,3200,"2026-06-14 09:40:00",created
9599,3200,"2026-06-14 11:09:00",assigned
9600,3200,"2026-06-14 17:05:02",resolved
9601,3201,"2026-06-27 03:59:00",created
9602,3201,"2026-06-27 07:21:04",assigned
9603,3201,"2026-06-27 20:49:23",resolved
9604,3202,"2026-06-09 04:19:00",created
9605,3202,"2026-06-09 05:38:23",assigned
9606,3202,"2026-06-09 10:55:57",resolved
9607,3203,"2026-07-01 10:25:00",created
9608,3203,"2026-07-01 11:39:11",assigned
9609,3203,"2026-07-01 16:35:58",resolved
9610,3204,"2026-06-15 12:45:00",created
9611,3204,"2026-06-15 16:03:05",assigned
9612,3204,"2026-06-16 05:15:26",resolved
9613,3205,"2026-05-03 21:48:00",created
9614,3205,"2026-05-03 22:46:40",assigned
9615,3205,"2026-05-04 02:41:22",resolved
9616,3206,"2026-05-18 20:48:00",created
9617,3206,"2026-05-18 23:01:17",assigned
9618,3206,"2026-05-19 07:54:26",resolved
9619,3207,"2026-07-03 01:14:00",created
9620,3207,"2026-07-03 02:59:58",assigned
9621,3207,"2026-07-03 10:03:51",resolved
9622,3208,"2026-07-01 19:54:00",created
9623,3208,"2026-07-01 23:49:45",assigned
9624,3208,"2026-07-02 15:32:49",resolved
9625,3209,"2026-07-03 09:49:00",created
9626,3209,"2026-07-03 11:18:05",assigned
9627,3209,"2026-07-03 17:14:25",resolved
9628,3210,"2026-07-29 19:13:00",created
9629,3210,"2026-07-29 19:42:15",assigned
9630,3210,"2026-07-29 21:39:19",resolved
9631,3211,"2026-05-12 18:28:00",created
9632,3211,"2026-05-12 20:07:20",assigned
9633,3211,"2026-05-13 02:44:43",resolved
9634,3212,"2026-05-30 20:03:00",created
9635,3212,"2026-05-30 21:32:04",assigned
9636,3212,"2026-05-31 03:28:20",resolved
9637,3213,"2026-07-02 20:04:00",created
9638,3213,"2026-07-02 21:01:07",assigned
9639,3213,"2026-07-03 00:49:36",resolved
9640,3214,"2026-07-22 18:44:00",created
9641,3214,"2026-07-22 19:19:57",assigned
9642,3214,"2026-07-22 21:43:49",resolved
9643,3215,"2026-05-18 18:49:00",created
9644,3215,"2026-05-18 19:58:15",assigned
9645,3215,"2026-05-19 00:35:15",resolved
9646,3216,"2026-06-04 04:50:00",created
9647,3216,"2026-06-04 05:44:37",assigned
9648,3216,"2026-06-04 09:23:09",resolved
9649,3217,"2026-05-28 17:27:00",created
9650,3217,"2026-05-28 18:53:54",assigned
9651,3217,"2026-05-29 00:41:33",resolved
9652,3218,"2026-06-08 14:13:00",created
9653,3218,"2026-06-08 16:13:01",assigned
9654,3218,"2026-06-09 00:13:05",resolved
9655,3219,"2026-06-01 03:34:00",created
9656,3219,"2026-06-01 05:37:22",assigned
9657,3219,"2026-06-01 13:50:52",resolved
9658,3220,"2026-06-11 14:51:00",created
9659,3220,"2026-06-11 17:03:20",assigned
9660,3220,"2026-06-12 01:52:43",resolved
9661,3221,"2026-07-19 05:40:00",created
9662,3221,"2026-07-19 09:16:31",assigned
9663,3221,"2026-07-19 23:42:37",resolved
9664,3222,"2026-06-24 22:43:00",created
9665,3222,"2026-06-24 23:16:29",assigned
9666,3222,"2026-06-25 01:30:28",resolved
9667,3223,"2026-06-04 06:30:00",created
9668,3223,"2026-06-04 07:53:11",assigned
9669,3223,"2026-06-04 13:25:57",resolved
9670,3224,"2026-05-26 05:39:00",created
9671,3224,"2026-05-26 07:52:45",assigned
9672,3224,"2026-05-26 16:47:45",resolved
9673,3225,"2026-05-04 05:45:00",created
9674,3225,"2026-05-04 07:01:27",assigned
9675,3225,"2026-05-04 12:07:16",resolved
9676,3226,"2026-05-21 10:17:00",created
9677,3226,"2026-05-21 12:16:13",assigned
9678,3226,"2026-05-21 20:13:06",resolved
9679,3227,"2026-05-23 04:38:00",created
9680,3227,"2026-05-23 06:07:58",assigned
9681,3227,"2026-05-23 12:07:54",resolved
9682,3228,"2026-05-03 20:18:00",created
9683,3228,"2026-05-03 22:18:07",assigned
9684,3228,"2026-05-04 06:18:39",resolved
9685,3229,"2026-07-13 11:12:00",created
9686,3229,"2026-07-13 14:31:29",assigned
9687,3229,"2026-07-14 03:49:28",resolved
9688,3230,"2026-06-09 22:54:00",created
9689,3230,"2026-06-10 00:31:07",assigned
9690,3230,"2026-06-10 06:59:35",resolved
9691,3231,"2026-07-28 07:17:00",created
9692,3231,"2026-07-28 09:26:33",assigned
9693,3231,"2026-07-28 18:04:45",resolved
9694,3232,"2026-05-05 16:50:00",created
9695,3232,"2026-05-05 20:05:29",assigned
9696,3232,"2026-05-06 09:07:25",resolved
9697,3233,"2026-06-06 16:27:00",created
9698,3233,"2026-06-06 17:18:53",assigned
9699,3233,"2026-06-06 20:46:25",resolved
9700,3234,"2026-05-24 03:15:00",created
9701,3234,"2026-05-24 05:01:27",assigned
9702,3234,"2026-05-24 12:07:16",resolved
9703,3235,"2026-06-29 13:15:00",created
9704,3235,"2026-06-29 14:33:09",assigned
9705,3235,"2026-06-29 19:45:47",resolved
9706,3236,"2026-07-07 09:40:00",created
9707,3236,"2026-07-07 10:49:54",assigned
9708,3236,"2026-07-07 15:29:33",resolved
9709,3237,"2026-07-02 21:03:00",created
9710,3237,"2026-07-02 23:13:11",assigned
9711,3237,"2026-07-03 07:53:57",resolved
9712,3238,"2026-06-06 19:04:00",created
9713,3238,"2026-06-06 19:34:47",assigned
9714,3238,"2026-06-06 21:37:59",resolved
9715,3239,"2026-07-09 17:00:00",created
9716,3239,"2026-07-09 18:26:15",assigned
9717,3239,"2026-07-10 00:11:17",resolved
9718,3240,"2026-07-28 16:40:00",created
9719,3240,"2026-07-28 17:19:21",assigned
9720,3240,"2026-07-28 19:56:47",resolved
9721,3241,"2026-05-12 19:13:00",created
9722,3241,"2026-05-12 21:34:11",assigned
9723,3241,"2026-05-13 06:58:55",resolved
9724,3242,"2026-05-23 10:26:00",created
9725,3242,"2026-05-23 12:24:46",assigned
9726,3242,"2026-05-23 20:19:54",resolved
9727,3243,"2026-05-04 13:25:00",created
9728,3243,"2026-05-04 16:42:53",assigned
9729,3243,"2026-05-05 05:54:26",resolved
9730,3244,"2026-06-06 19:17:00",created
9731,3244,"2026-06-06 21:27:41",assigned
9732,3244,"2026-06-07 06:10:26",resolved
9733,3245,"2026-07-12 13:29:00",created
9734,3245,"2026-07-12 14:25:25",assigned
9735,3245,"2026-07-12 18:11:08",resolved
9736,3246,"2026-07-15 17:49:00",created
9737,3246,"2026-07-15 19:01:28",assigned
9738,3246,"2026-07-15 23:51:24",resolved
9739,3247,"2026-07-26 02:37:00",created
9740,3247,"2026-07-26 03:17:05",assigned
9741,3247,"2026-07-26 05:57:26",resolved
9742,3248,"2026-07-12 06:08:00",created
9743,3248,"2026-07-12 07:06:07",assigned
9744,3248,"2026-07-12 10:58:36",resolved
9745,3249,"2026-07-14 06:29:00",created
9746,3249,"2026-07-14 09:09:41",assigned
9747,3249,"2026-07-14 19:52:25",resolved
9748,3250,"2026-06-08 15:19:00",created
9749,3250,"2026-06-08 16:07:47",assigned
9750,3250,"2026-06-08 19:22:57",resolved
9751,3251,"2026-07-17 03:30:00",created
9752,3251,"2026-07-17 05:36:51",assigned
9753,3251,"2026-07-17 14:04:19",resolved
9754,3252,"2026-07-17 01:45:00",created
9755,3252,"2026-07-17 03:22:11",assigned
9756,3252,"2026-07-17 09:50:57",resolved
9757,3253,"2026-07-04 06:17:00",created
9758,3253,"2026-07-04 07:43:47",assigned
9759,3253,"2026-07-04 13:30:55",resolved
9760,3254,"2026-06-07 08:54:00",created
9761,3254,"2026-06-07 11:29:49",assigned
9762,3254,"2026-06-07 21:53:06",resolved
9763,3255,"2026-06-25 03:50:00",created
9764,3255,"2026-06-25 06:07:40",assigned
9765,3255,"2026-06-25 15:18:20",resolved
9766,3256,"2026-06-26 14:31:00",created
9767,3256,"2026-06-26 16:07:48",assigned
9768,3256,"2026-06-26 22:35:01",resolved
9769,3257,"2026-06-25 22:42:00",created
9770,3257,"2026-06-26 02:33:29",assigned
9771,3257,"2026-06-26 17:59:28",resolved
9772,3258,"2026-06-04 00:46:00",created
9773,3258,"2026-06-04 03:38:27",assigned
9774,3258,"2026-06-04 15:08:17",resolved
9775,3259,"2026-07-08 12:46:00",created
9776,3259,"2026-07-08 16:33:03",assigned
9777,3259,"2026-07-09 07:41:19",resolved
9778,3260,"2026-06-02 22:58:00",created
9779,3260,"2026-06-03 00:45:07",assigned
9780,3260,"2026-06-03 07:53:36",resolved
9781,3261,"2026-07-06 08:40:00",created
9782,3261,"2026-07-06 11:59:02",assigned
9783,3261,"2026-07-07 01:15:11",resolved
9784,3262,"2026-06-08 02:50:00",created
9785,3262,"2026-06-08 04:01:24",assigned
9786,3262,"2026-06-08 08:47:03",resolved
9787,3263,"2026-05-29 21:05:00",created
9788,3263,"2026-05-29 22:47:13",assigned
9789,3263,"2026-05-30 05:36:06",resolved
9790,3264,"2026-05-08 08:41:00",created
9791,3264,"2026-05-08 09:47:05",assigned
9792,3264,"2026-05-08 14:11:27",resolved
9793,3265,"2026-07-18 17:24:00",created
9794,3265,"2026-07-18 18:21:23",assigned
9795,3265,"2026-07-18 22:10:56",resolved
9796,3266,"2026-07-01 02:08:00",created
9797,3266,"2026-07-01 03:42:03",assigned
9798,3266,"2026-07-01 09:58:17",resolved
9799,3267,"2026-05-12 18:20:00",created
9800,3267,"2026-05-12 19:05:35",assigned
9801,3267,"2026-05-12 22:07:59",resolved
9802,3268,"2026-07-21 02:46:00",created
9803,3268,"2026-07-21 05:51:29",assigned
9804,3268,"2026-07-21 18:13:26",resolved
9805,3269,"2026-06-01 09:01:00",created
9806,3269,"2026-06-01 10:29:57",assigned
9807,3269,"2026-06-01 16:25:49",resolved
9808,3270,"2026-05-02 10:27:00",created
9809,3270,"2026-05-02 12:33:08",assigned
9810,3270,"2026-05-02 20:57:41",resolved
9811,3271,"2026-06-18 21:10:00",created
9812,3271,"2026-06-18 23:17:18",assigned
9813,3271,"2026-06-19 07:46:32",resolved
9814,3272,"2026-06-11 17:20:00",created
9815,3272,"2026-06-11 20:47:16",assigned
9816,3272,"2026-06-12 10:36:24",resolved
9817,3273,"2026-07-24 09:08:00",created
9818,3273,"2026-07-24 09:41:33",assigned
9819,3273,"2026-07-24 11:55:46",resolved
9820,3274,"2026-07-06 17:42:00",created
9821,3274,"2026-07-06 18:53:08",assigned
9822,3274,"2026-07-06 23:37:41",resolved
9823,3275,"2026-06-15 04:54:00",created
9824,3275,"2026-06-15 08:23:25",assigned
9825,3275,"2026-06-15 22:21:09",resolved
9826,3276,"2026-06-27 14:54:00",created
9827,3276,"2026-06-27 17:16:11",assigned
9828,3276,"2026-06-28 02:44:57",resolved
9829,3277,"2026-05-18 10:00:00",created
9830,3277,"2026-05-18 11:38:45",assigned
9831,3277,"2026-05-18 18:13:48",resolved
9832,3278,"2026-06-25 19:33:00",created
9833,3278,"2026-06-25 20:36:32",assigned
9834,3278,"2026-06-26 00:50:44",resolved
9835,3279,"2026-07-29 16:03:00",created
9836,3279,"2026-07-29 17:18:47",assigned
9837,3279,"2026-07-29 22:21:56",resolved
9838,3280,"2026-05-22 00:40:00",created
9839,3280,"2026-05-22 02:50:02",assigned
9840,3280,"2026-05-22 11:30:12",resolved
9841,3281,"2026-06-03 13:28:00",created
9842,3281,"2026-06-03 14:36:32",assigned
9843,3281,"2026-06-03 19:10:43",resolved
9844,3282,"2026-07-29 07:01:00",created
9845,3282,"2026-07-29 08:16:41",assigned
9846,3282,"2026-07-29 13:19:26",resolved
9847,3283,"2026-05-19 06:15:00",created
9848,3283,"2026-05-19 07:48:54",assigned
9849,3283,"2026-05-19 14:04:33",resolved
9850,3284,"2026-05-10 11:32:00",created
9851,3284,"2026-05-10 12:52:16",assigned
9852,3284,"2026-05-10 18:13:22",resolved
9853,3285,"2026-05-15 12:43:00",created
9854,3285,"2026-05-15 14:29:40",assigned
9855,3285,"2026-05-15 21:36:20",resolved
9856,3286,"2026-05-27 00:01:00",created
9857,3286,"2026-05-27 01:18:13",assigned
9858,3286,"2026-05-27 06:27:06",resolved
9859,3287,"2026-07-07 10:31:00",created
9860,3287,"2026-07-07 12:05:14",assigned
9861,3287,"2026-07-07 18:22:12",resolved
9862,3288,"2026-07-20 05:19:00",created
9863,3288,"2026-07-20 06:52:24",assigned
9864,3288,"2026-07-20 13:06:01",resolved
9865,3289,"2026-07-15 21:20:00",created
9866,3289,"2026-07-15 23:41:19",assigned
9867,3289,"2026-07-16 09:06:35",resolved
9868,3290,"2026-06-11 12:31:00",created
9869,3290,"2026-06-11 14:04:01",assigned
9870,3290,"2026-06-11 20:16:05",resolved
9871,3291,"2026-06-28 13:21:00",created
9872,3291,"2026-06-28 16:52:24",assigned
9873,3291,"2026-06-29 06:58:04",resolved
9874,3292,"2026-05-03 20:45:00",created
9875,3292,"2026-05-03 21:52:33",assigned
9876,3292,"2026-05-04 02:22:49",resolved
9877,3293,"2026-06-15 00:16:00",created
9878,3293,"2026-06-15 02:23:30",assigned
9879,3293,"2026-06-15 10:53:31",resolved
9880,3294,"2026-06-04 08:06:00",created
9881,3294,"2026-06-04 14:21:43",assigned
9882,3294,"2026-06-05 15:24:35",resolved
9883,3295,"2026-07-11 21:06:00",created
9884,3295,"2026-07-12 00:10:14",assigned
9885,3295,"2026-07-12 12:27:13",resolved
9886,3296,"2026-06-15 04:30:00",created
9887,3296,"2026-06-15 05:08:07",assigned
9888,3296,"2026-06-15 07:40:37",resolved
9889,3297,"2026-06-21 08:22:00",created
9890,3297,"2026-06-21 09:51:38",assigned
9891,3297,"2026-06-21 15:50:11",resolved
9892,3298,"2026-06-28 14:04:00",created
9893,3298,"2026-06-28 14:43:30",assigned
9894,3298,"2026-06-28 17:21:32",resolved
9895,3299,"2026-06-08 06:29:00",created
9896,3299,"2026-06-08 08:40:08",assigned
9897,3299,"2026-06-08 17:24:40",resolved
9898,3300,"2026-05-23 12:08:00",created
9899,3300,"2026-05-23 13:14:24",assigned
9900,3300,"2026-05-23 17:40:02",resolved
9901,3301,"2026-05-14 11:58:00",created
9902,3301,"2026-05-14 12:37:40",assigned
9903,3301,"2026-05-14 15:16:22",resolved
9904,3302,"2026-06-11 10:49:00",created
9905,3302,"2026-06-11 12:51:43",assigned
9906,3302,"2026-06-11 21:02:38",resolved
9907,3303,"2026-06-12 20:31:00",created
9908,3303,"2026-06-12 21:25:41",assigned
9909,3303,"2026-06-13 01:04:29",resolved
9910,3304,"2026-05-25 09:43:00",created
9911,3304,"2026-05-25 10:18:09",assigned
9912,3304,"2026-05-25 12:38:45",resolved
9913,3305,"2026-05-08 02:49:00",created
9914,3305,"2026-05-08 04:20:34",assigned
9915,3305,"2026-05-08 10:26:51",resolved
9916,3306,"2026-05-11 08:29:00",created
9917,3306,"2026-05-11 09:26:13",assigned
9918,3306,"2026-05-11 13:15:09",resolved
9919,3307,"2026-06-28 11:18:00",created
9920,3307,"2026-06-28 13:05:03",assigned
9921,3307,"2026-06-28 20:13:16",resolved
9922,3308,"2026-05-30 14:15:00",created
9923,3308,"2026-05-30 15:15:04",assigned
9924,3308,"2026-05-30 19:15:23",resolved
9925,3309,"2026-07-28 02:16:00",created
9926,3309,"2026-07-28 05:04:18",assigned
9927,3309,"2026-07-28 16:17:34",resolved
9928,3310,"2026-06-21 14:37:00",created
9929,3310,"2026-06-21 19:04:18",assigned
9930,3310,"2026-06-22 12:53:32",resolved
9931,3311,"2026-07-20 11:47:00",created
9932,3311,"2026-07-20 13:36:46",assigned
9933,3311,"2026-07-20 20:55:54",resolved
9934,3312,"2026-06-16 15:31:00",created
9935,3312,"2026-06-16 16:30:44",assigned
9936,3312,"2026-06-16 20:29:40",resolved
9937,3313,"2026-05-12 17:46:00",created
9938,3313,"2026-05-12 20:46:49",assigned
9939,3313,"2026-05-13 08:50:08",resolved
9940,3314,"2026-07-03 09:07:00",created
9941,3314,"2026-07-03 12:48:18",assigned
9942,3314,"2026-07-04 03:33:32",resolved
9943,3315,"2026-05-03 21:56:00",created
9944,3315,"2026-05-03 23:36:23",assigned
9945,3315,"2026-05-04 06:17:58",resolved
9946,3316,"2026-06-11 16:44:00",created
9947,3316,"2026-06-11 19:52:58",assigned
9948,3316,"2026-06-12 08:28:54",resolved
9949,3317,"2026-06-26 05:04:00",created
9950,3317,"2026-06-26 06:32:05",assigned
9951,3317,"2026-06-26 12:24:25",resolved
9952,3318,"2026-07-02 21:59:00",created
9953,3318,"2026-07-03 00:30:32",assigned
9954,3318,"2026-07-03 10:36:40",resolved
9955,3319,"2026-05-24 12:31:00",created
9956,3319,"2026-05-24 14:59:19",assigned
9957,3319,"2026-05-25 00:52:38",resolved
9958,3320,"2026-05-17 14:26:00",created
9959,3320,"2026-05-17 18:56:20",assigned
9960,3320,"2026-05-18 12:57:43",resolved
9961,3321,"2026-05-17 23:12:00",created
9962,3321,"2026-05-18 01:32:34",assigned
9963,3321,"2026-05-18 10:54:50",resolved
9964,3322,"2026-06-01 05:45:00",created
9965,3322,"2026-06-01 06:53:52",assigned
9966,3322,"2026-06-01 11:29:21",resolved
9967,3323,"2026-06-10 14:32:00",created
9968,3323,"2026-06-10 15:09:19",assigned
9969,3323,"2026-06-10 17:38:39",resolved
9970,3324,"2026-06-14 21:31:00",created
9971,3324,"2026-06-14 23:23:35",assigned
9972,3324,"2026-06-15 06:53:58",resolved
9973,3325,"2026-05-07 19:19:00",created
9974,3325,"2026-05-07 20:24:01",assigned
9975,3325,"2026-05-08 00:44:07",resolved
9976,3326,"2026-05-05 10:14:00",created
9977,3326,"2026-05-05 11:57:48",assigned
9978,3326,"2026-05-05 18:53:02",resolved
9979,3327,"2026-07-14 04:43:00",created
9980,3327,"2026-07-14 07:05:39",assigned
9981,3327,"2026-07-14 16:36:18",resolved
9982,3328,"2026-06-07 19:23:00",created
9983,3328,"2026-06-07 21:09:35",assigned
9984,3328,"2026-06-08 04:15:58",resolved
9985,3329,"2026-05-20 02:17:00",created
9986,3329,"2026-05-20 03:29:04",assigned
9987,3329,"2026-05-20 08:17:22",resolved
9988,3330,"2026-06-09 20:54:00",created
9989,3330,"2026-06-09 21:57:16",assigned
9990,3330,"2026-06-10 02:10:21",resolved
9991,3331,"2026-06-03 20:36:00",created
9992,3331,"2026-06-03 22:36:30",assigned
9993,3331,"2026-06-04 06:38:31",resolved
9994,3332,"2026-05-18 15:28:00",created
9995,3332,"2026-05-18 16:35:22",assigned
9996,3332,"2026-05-18 21:04:52",resolved
9997,3333,"2026-05-28 21:29:00",created
9998,3333,"2026-05-28 23:09:17",assigned
9999,3333,"2026-05-29 05:50:26",resolved
10000,3334,"2026-05-11 00:50:00",created
10001,3334,"2026-05-11 01:30:49",assigned
10002,3334,"2026-05-11 04:14:09",resolved
10003,3335,"2026-07-07 20:02:00",created
10004,3335,"2026-07-07 22:36:34",assigned
10005,3335,"2026-07-08 08:54:53",resolved
10006,3336,"2026-07-28 01:22:00",created
10007,3336,"2026-07-28 04:51:56",assigned
10008,3336,"2026-07-28 18:51:43",resolved
10009,3337,"2026-05-26 14:23:00",created
10010,3337,"2026-05-26 15:56:20",assigned
10011,3337,"2026-05-26 22:09:42",resolved
10012,3338,"2026-06-13 21:00:00",created
10013,3338,"2026-06-13 21:39:03",assigned
10014,3338,"2026-06-14 00:15:16",resolved
10015,3339,"2026-07-17 06:46:00",created
10016,3339,"2026-07-17 08:02:34",assigned
10017,3339,"2026-07-17 13:08:50",resolved
10018,3340,"2026-06-23 17:40:00",created
10019,3340,"2026-06-23 18:58:00",assigned
10020,3340,"2026-06-24 00:10:00",resolved
10021,3341,"2026-06-07 05:29:00",created
10022,3341,"2026-06-07 07:50:03",assigned
10023,3341,"2026-06-07 17:14:15",resolved
10024,3342,"2026-06-26 05:07:00",created
10025,3342,"2026-06-26 06:01:47",assigned
10026,3342,"2026-06-26 09:40:55",resolved
10027,3343,"2026-07-05 09:29:00",created
10028,3343,"2026-07-05 10:56:53",assigned
10029,3343,"2026-07-05 16:48:26",resolved
10030,3344,"2026-06-20 22:27:00",created
10031,3344,"2026-06-21 00:14:23",assigned
10032,3344,"2026-06-21 07:23:55",resolved
10033,3345,"2026-07-12 16:18:00",created
10034,3345,"2026-07-12 18:35:59",assigned
10035,3345,"2026-07-13 03:47:55",resolved
10036,3346,"2026-06-03 20:49:00",created
10037,3346,"2026-06-03 21:59:28",assigned
10038,3346,"2026-06-04 02:41:20",resolved
10039,3347,"2026-06-01 22:53:00",created
10040,3347,"2026-06-02 00:26:49",assigned
10041,3347,"2026-06-02 06:42:09",resolved
10042,3348,"2026-05-18 07:43:00",created
10043,3348,"2026-05-18 09:03:37",assigned
10044,3348,"2026-05-18 14:26:07",resolved
10045,3349,"2026-05-11 03:02:00",created
10046,3349,"2026-05-11 06:42:32",assigned
10047,3349,"2026-05-11 21:24:41",resolved
10048,3350,"2026-06-04 12:01:00",created
10049,3350,"2026-06-04 12:52:01",assigned
10050,3350,"2026-06-04 16:16:07",resolved
10051,3351,"2026-06-06 06:56:00",created
10052,3351,"2026-06-06 08:11:09",assigned
10053,3351,"2026-06-06 13:11:45",resolved
10054,3352,"2026-07-14 03:45:00",created
10055,3352,"2026-07-14 05:15:16",assigned
10056,3352,"2026-07-14 11:16:24",resolved
10057,3353,"2026-05-23 01:07:00",created
10058,3353,"2026-05-23 03:13:38",assigned
10059,3353,"2026-05-23 11:40:12",resolved
10060,3354,"2026-07-08 06:01:00",created
10061,3354,"2026-07-08 07:10:06",assigned
10062,3354,"2026-07-08 11:46:33",resolved
10063,3355,"2026-05-26 01:34:00",created
10064,3355,"2026-05-26 02:18:32",assigned
10065,3355,"2026-05-26 05:16:40",resolved
10066,3356,"2026-05-30 11:57:00",created
10067,3356,"2026-05-30 13:20:02",assigned
10068,3356,"2026-05-30 18:52:12",resolved
10069,3357,"2026-05-14 22:10:00",created
10070,3357,"2026-05-14 23:18:35",assigned
10071,3357,"2026-05-15 03:52:56",resolved
10072,3358,"2026-05-02 00:12:00",created
10073,3358,"2026-05-02 01:13:34",assigned
10074,3358,"2026-05-02 05:19:51",resolved
10075,3359,"2026-06-15 23:10:00",created
10076,3359,"2026-06-16 02:34:00",assigned
10077,3359,"2026-06-16 16:10:02",resolved
10078,3360,"2026-06-21 17:49:00",created
10079,3360,"2026-06-21 18:33:54",assigned
10080,3360,"2026-06-21 21:33:30",resolved
10081,3361,"2026-05-21 05:55:00",created
10082,3361,"2026-05-21 08:49:24",assigned
10083,3361,"2026-05-21 20:27:01",resolved
10084,3362,"2026-05-17 08:00:00",created
10085,3362,"2026-05-17 08:46:49",assigned
10086,3362,"2026-05-17 11:54:09",resolved
10087,3363,"2026-06-06 05:05:00",created
10088,3363,"2026-06-06 07:59:13",assigned
10089,3363,"2026-06-06 19:36:08",resolved
10090,3364,"2026-06-26 17:01:00",created
10091,3364,"2026-06-26 17:42:38",assigned
10092,3364,"2026-06-26 20:29:13",resolved
10093,3365,"2026-05-28 23:28:00",created
10094,3365,"2026-05-29 01:47:41",assigned
10095,3365,"2026-05-29 11:06:26",resolved
10096,3366,"2026-05-21 06:33:00",created
10097,3366,"2026-05-21 09:06:09",assigned
10098,3366,"2026-05-21 19:18:47",resolved
10099,3367,"2026-05-20 05:05:00",created
10100,3367,"2026-05-20 06:31:51",assigned
10101,3367,"2026-05-20 12:19:19",resolved
10102,3368,"2026-05-28 07:25:00",created
10103,3368,"2026-05-28 08:02:30",assigned
10104,3368,"2026-05-28 10:32:32",resolved
10105,3369,"2026-07-05 19:49:00",created
10106,3369,"2026-07-05 20:37:34",assigned
10107,3369,"2026-07-05 23:51:52",resolved
10108,3370,"2026-06-06 05:23:00",created
10109,3370,"2026-06-06 05:52:27",assigned
10110,3370,"2026-06-06 07:50:15",resolved
10111,3371,"2026-07-10 09:44:00",created
10112,3371,"2026-07-10 12:01:33",assigned
10113,3371,"2026-07-10 21:11:46",resolved
10114,3372,"2026-07-19 08:14:00",created
10115,3372,"2026-07-19 09:25:19",assigned
10116,3372,"2026-07-19 14:10:35",resolved
10117,3373,"2026-06-10 14:39:00",created
10118,3373,"2026-06-10 15:34:51",assigned
10119,3373,"2026-06-10 19:18:17",resolved
10120,3374,"2026-05-05 11:20:00",created
10121,3374,"2026-05-05 12:35:35",assigned
10122,3374,"2026-05-05 17:37:59",resolved
10123,3375,"2026-06-29 13:30:00",created
10124,3375,"2026-06-29 15:43:13",assigned
10125,3375,"2026-06-30 00:36:09",resolved
10126,3376,"2026-05-13 20:31:00",created
10127,3376,"2026-05-13 22:07:09",assigned
10128,3376,"2026-05-14 04:31:49",resolved
10129,3377,"2026-05-30 02:20:00",created
10130,3377,"2026-05-30 05:01:23",assigned
10131,3377,"2026-05-30 15:46:59",resolved
10132,3378,"2026-06-17 22:40:00",created
10133,3378,"2026-06-18 02:53:27",assigned
10134,3378,"2026-06-18 19:47:16",resolved
10135,3379,"2026-06-01 19:51:00",created
10136,3379,"2026-06-01 21:02:06",assigned
10137,3379,"2026-06-02 01:46:34",resolved
10138,3380,"2026-07-23 01:52:00",created
10139,3380,"2026-07-23 03:08:08",assigned
10140,3380,"2026-07-23 08:12:43",resolved
10141,3381,"2026-06-26 06:39:00",created
10142,3381,"2026-06-26 08:42:30",assigned
10143,3381,"2026-06-26 16:56:32",resolved
10144,3382,"2026-06-16 17:27:00",created
10145,3382,"2026-06-16 20:25:05",assigned
10146,3382,"2026-06-17 08:17:27",resolved
10147,3383,"2026-06-09 17:02:00",created
10148,3383,"2026-06-09 18:06:25",assigned
10149,3383,"2026-06-09 22:24:05",resolved
10150,3384,"2026-07-13 19:47:00",created
10151,3384,"2026-07-13 20:31:34",assigned
10152,3384,"2026-07-13 23:29:51",resolved
10153,3385,"2026-07-12 14:02:00",created
10154,3385,"2026-07-12 14:49:02",assigned
10155,3385,"2026-07-12 17:57:13",resolved
10156,3386,"2026-05-23 06:44:00",created
10157,3386,"2026-05-23 08:14:01",assigned
10158,3386,"2026-05-23 14:14:06",resolved
10159,3387,"2026-07-01 06:34:00",created
10160,3387,"2026-07-01 08:08:38",assigned
10161,3387,"2026-07-01 14:27:11",resolved
10162,3388,"2026-07-14 09:22:00",created
10163,3388,"2026-07-14 11:56:06",assigned
10164,3388,"2026-07-14 22:12:31",resolved
10165,3389,"2026-06-24 02:47:00",created
10166,3389,"2026-06-24 04:46:13",assigned
10167,3389,"2026-06-24 12:43:07",resolved
10168,3390,"2026-05-18 23:42:00",created
10169,3390,"2026-05-19 01:46:22",assigned
10170,3390,"2026-05-19 10:03:54",resolved
10171,3391,"2026-05-23 10:26:00",created
10172,3391,"2026-05-23 11:21:30",assigned
10173,3391,"2026-05-23 15:03:30",resolved
10174,3392,"2026-05-01 20:13:00",created
10175,3392,"2026-05-01 23:21:43",assigned
10176,3392,"2026-05-02 11:56:37",resolved
10177,3393,"2026-05-15 09:00:00",created
10178,3393,"2026-05-15 09:43:27",assigned
10179,3393,"2026-05-15 12:37:18",resolved
10180,3394,"2026-07-28 08:09:00",created
10181,3394,"2026-07-28 09:38:49",assigned
10182,3394,"2026-07-28 15:38:06",resolved
10183,3395,"2026-07-04 10:18:00",created
10184,3395,"2026-07-04 11:37:06",assigned
10185,3395,"2026-07-04 16:53:32",resolved
10186,3396,"2026-07-28 16:09:00",created
10187,3396,"2026-07-28 17:21:52",assigned
10188,3396,"2026-07-28 22:13:23",resolved
10189,3397,"2026-05-25 06:32:00",created
10190,3397,"2026-05-25 07:39:41",assigned
10191,3397,"2026-05-25 12:10:28",resolved
10192,3398,"2026-05-07 05:59:00",created
10193,3398,"2026-05-07 09:21:23",assigned
10194,3398,"2026-05-07 22:50:58",resolved
10195,3399,"2026-05-07 15:29:00",created
10196,3399,"2026-05-07 17:29:15",assigned
10197,3399,"2026-05-08 01:30:18",resolved
10198,3400,"2026-06-25 01:29:00",created
10199,3400,"2026-06-25 02:16:05",assigned
10200,3400,"2026-06-25 05:24:27",resolved
10201,3401,"2026-07-16 05:16:00",created
10202,3401,"2026-07-16 08:04:44",assigned
10203,3401,"2026-07-16 19:19:40",resolved
10204,3402,"2026-06-01 02:27:00",created
10205,3402,"2026-06-01 03:28:12",assigned
10206,3402,"2026-06-01 07:33:03",resolved
10207,3403,"2026-07-11 05:57:00",created
10208,3403,"2026-07-11 07:31:07",assigned
10209,3403,"2026-07-11 13:47:38",resolved
10210,3404,"2026-05-01 11:39:00",created
10211,3404,"2026-05-01 12:20:29",assigned
10212,3404,"2026-05-01 15:06:27",resolved
10213,3405,"2026-06-10 17:06:00",created
10214,3405,"2026-06-10 17:41:58",assigned
10215,3405,"2026-06-10 20:05:50",resolved
10216,3406,"2026-07-27 23:46:00",created
10217,3406,"2026-07-28 04:35:29",assigned
10218,3406,"2026-07-28 23:53:27",resolved
10219,3407,"2026-05-11 05:10:00",created
10220,3407,"2026-05-11 07:24:01",assigned
10221,3407,"2026-05-11 16:20:05",resolved
10222,3408,"2026-06-27 14:31:00",created
10223,3408,"2026-06-27 15:09:58",assigned
10224,3408,"2026-06-27 17:45:53",resolved
10225,3409,"2026-06-22 08:49:00",created
10226,3409,"2026-06-22 09:51:34",assigned
10227,3409,"2026-06-22 14:01:51",resolved
10228,3410,"2026-06-07 19:34:00",created
10229,3410,"2026-06-07 20:23:00",assigned
10230,3410,"2026-06-07 23:39:00",resolved
10231,3411,"2026-05-26 00:27:00",created
10232,3411,"2026-05-26 03:31:28",assigned
10233,3411,"2026-05-26 15:49:21",resolved
10234,3412,"2026-06-18 12:13:00",created
10235,3412,"2026-06-18 13:54:39",assigned
10236,3412,"2026-06-18 20:41:16",resolved
10237,3413,"2026-05-11 23:54:00",created
10238,3413,"2026-05-12 02:16:14",assigned
10239,3413,"2026-05-12 11:45:11",resolved
10240,3414,"2026-05-02 11:12:00",created
10241,3414,"2026-05-02 12:44:47",assigned
10242,3414,"2026-05-02 18:55:57",resolved
10243,3415,"2026-06-11 03:06:00",created
10244,3415,"2026-06-11 04:26:01",assigned
10245,3415,"2026-06-11 09:46:05",resolved
10246,3416,"2026-07-04 04:30:00",created
10247,3416,"2026-07-04 05:28:16",assigned
10248,3416,"2026-07-04 09:21:22",resolved
10249,3417,"2026-05-25 02:53:00",created
10250,3417,"2026-05-25 03:34:13",assigned
10251,3417,"2026-05-25 06:19:08",resolved
10252,3418,"2026-07-12 02:40:00",created
10253,3418,"2026-07-12 04:37:15",assigned
10254,3418,"2026-07-12 12:26:17",resolved
10255,3419,"2026-05-31 01:04:00",created
10256,3419,"2026-05-31 02:57:49",assigned
10257,3419,"2026-05-31 10:33:07",resolved
10258,3420,"2026-05-29 12:00:00",created
10259,3420,"2026-05-29 13:43:18",assigned
10260,3420,"2026-05-29 20:36:33",resolved
10261,3421,"2026-07-17 06:45:00",created
10262,3421,"2026-07-17 08:31:35",assigned
10263,3421,"2026-07-17 15:37:55",resolved
10264,3422,"2026-05-19 01:37:00",created
10265,3422,"2026-05-19 03:04:46",assigned
10266,3422,"2026-05-19 08:55:50",resolved
10267,3423,"2026-07-17 20:12:00",created
10268,3423,"2026-07-17 22:23:26",assigned
10269,3423,"2026-07-18 07:09:12",resolved
10270,3424,"2026-06-21 13:19:00",created
10271,3424,"2026-06-21 17:15:59",assigned
10272,3424,"2026-06-22 09:03:59",resolved
10273,3425,"2026-05-17 22:54:00",created
10274,3425,"2026-05-18 02:54:59",assigned
10275,3425,"2026-05-18 18:58:55",resolved
10276,3426,"2026-06-19 17:12:00",created
10277,3426,"2026-06-19 18:31:04",assigned
10278,3426,"2026-06-19 23:47:21",resolved
10279,3427,"2026-06-26 05:09:00",created
10280,3427,"2026-06-26 06:13:44",assigned
10281,3427,"2026-06-26 10:32:42",resolved
10282,3428,"2026-07-09 23:22:00",created
10283,3428,"2026-07-10 01:04:08",assigned
10284,3428,"2026-07-10 07:52:43",resolved
10285,3429,"2026-06-01 19:38:00",created
10286,3429,"2026-06-01 20:45:48",assigned
10287,3429,"2026-06-02 01:17:03",resolved
10288,3430,"2026-07-07 06:15:00",created
10289,3430,"2026-07-07 08:19:57",assigned
10290,3430,"2026-07-07 16:39:47",resolved
10291,3431,"2026-05-01 12:56:00",created
10292,3431,"2026-05-01 15:22:03",assigned
10293,3431,"2026-05-02 01:06:15",resolved
10294,3432,"2026-06-13 06:17:00",created
10295,3432,"2026-06-13 07:53:19",assigned
10296,3432,"2026-06-13 14:18:39",resolved
10297,3433,"2026-05-17 23:18:00",created
10298,3433,"2026-05-18 00:55:12",assigned
10299,3433,"2026-05-18 07:24:04",resolved
10300,3434,"2026-06-12 05:04:00",created
10301,3434,"2026-06-12 06:48:50",assigned
10302,3434,"2026-06-12 13:48:10",resolved
10303,3435,"2026-07-24 14:24:00",created
10304,3435,"2026-07-24 16:01:34",assigned
10305,3435,"2026-07-24 22:31:53",resolved
10306,3436,"2026-05-24 01:50:00",created
10307,3436,"2026-05-24 03:01:19",assigned
10308,3436,"2026-05-24 07:46:35",resolved
10309,3437,"2026-07-18 18:32:00",created
10310,3437,"2026-07-18 20:14:53",assigned
10311,3437,"2026-07-19 03:06:26",resolved
10312,3438,"2026-05-16 12:43:00",created
10313,3438,"2026-05-16 14:31:19",assigned
10314,3438,"2026-05-16 21:44:39",resolved
10315,3439,"2026-06-25 15:46:00",created
10316,3439,"2026-06-25 19:01:47",assigned
10317,3439,"2026-06-26 08:04:59",resolved
10318,3440,"2026-05-21 07:29:00",created
10319,3440,"2026-05-21 08:19:05",assigned
10320,3440,"2026-05-21 11:39:28",resolved
10321,3441,"2026-06-29 05:16:00",created
10322,3441,"2026-06-29 07:07:22",assigned
10323,3441,"2026-06-29 14:32:51",resolved
10324,3442,"2026-05-06 01:45:00",created
10325,3442,"2026-05-06 04:01:30",assigned
10326,3442,"2026-05-06 13:07:34",resolved
10327,3443,"2026-06-07 11:44:00",created
10328,3443,"2026-06-07 12:31:39",assigned
10329,3443,"2026-06-07 15:42:15",resolved
10330,3444,"2026-05-21 07:57:00",created
10331,3444,"2026-05-21 08:59:20",assigned
10332,3444,"2026-05-21 13:08:40",resolved
10333,3445,"2026-07-06 00:10:00",created
10334,3445,"2026-07-06 01:38:58",assigned
10335,3445,"2026-07-06 07:34:50",resolved
10336,3446,"2026-06-12 23:35:00",created
10337,3446,"2026-06-13 00:24:43",assigned
10338,3446,"2026-06-13 03:43:39",resolved
10339,3447,"2026-06-30 21:00:00",created
10340,3447,"2026-07-01 01:27:14",assigned
10341,3447,"2026-07-01 19:16:14",resolved
10342,3448,"2026-07-06 02:03:00",created
10343,3448,"2026-07-06 04:37:52",assigned
10344,3448,"2026-07-06 14:57:22",resolved
10345,3449,"2026-07-27 08:31:00",created
10346,3449,"2026-07-27 10:01:08",assigned
10347,3449,"2026-07-27 16:01:41",resolved
10348,3450,"2026-05-22 00:14:00",created
10349,3450,"2026-05-22 01:29:04",assigned
10350,3450,"2026-05-22 06:29:24",resolved
10351,3451,"2026-05-07 12:36:00",created
10352,3451,"2026-05-07 13:46:35",assigned
10353,3451,"2026-05-07 18:28:56",resolved
10354,3452,"2026-07-06 02:07:00",created
10355,3452,"2026-07-06 03:01:37",assigned
10356,3452,"2026-07-06 06:40:09",resolved
10357,3453,"2026-06-22 23:04:00",created
10358,3453,"2026-06-23 01:12:48",assigned
10359,3453,"2026-06-23 09:48:04",resolved
10360,3454,"2026-05-12 18:13:00",created
10361,3454,"2026-05-12 19:33:48",assigned
10362,3454,"2026-05-13 00:57:02",resolved
10363,3455,"2026-05-13 16:02:00",created
10364,3455,"2026-05-13 17:23:59",assigned
10365,3455,"2026-05-13 22:51:59",resolved
10366,3456,"2026-06-20 04:24:00",created
10367,3456,"2026-06-20 07:05:09",assigned
10368,3456,"2026-06-20 17:49:45",resolved
10369,3457,"2026-05-06 04:53:00",created
10370,3457,"2026-05-06 06:36:32",assigned
10371,3457,"2026-05-06 13:30:42",resolved
10372,3458,"2026-07-14 02:25:00",created
10373,3458,"2026-07-14 04:07:46",assigned
10374,3458,"2026-07-14 10:58:50",resolved
10375,3459,"2026-07-06 00:28:00",created
10376,3459,"2026-07-06 02:47:52",assigned
10377,3459,"2026-07-06 12:07:21",resolved
10378,3460,"2026-06-15 19:16:00",created
10379,3460,"2026-06-15 23:30:05",assigned
10380,3460,"2026-06-16 16:26:28",resolved
10381,3461,"2026-06-16 08:35:00",created
10382,3461,"2026-06-16 11:59:08",assigned
10383,3461,"2026-06-17 01:35:44",resolved
10384,3462,"2026-05-27 14:55:00",created
10385,3462,"2026-05-27 16:14:44",assigned
10386,3462,"2026-05-27 21:33:41",resolved
10387,3463,"2026-07-21 13:49:00",created
10388,3463,"2026-07-21 15:39:26",assigned
10389,3463,"2026-07-21 23:01:11",resolved
10390,3464,"2026-05-02 22:30:00",created
10391,3464,"2026-05-03 00:35:02",assigned
10392,3464,"2026-05-03 08:55:12",resolved
10393,3465,"2026-06-21 18:47:00",created
10394,3465,"2026-06-21 19:16:49",assigned
10395,3465,"2026-06-21 21:16:06",resolved
10396,3466,"2026-05-19 16:56:00",created
10397,3466,"2026-05-19 18:00:58",assigned
10398,3466,"2026-05-19 22:20:52",resolved
10399,3467,"2026-05-31 19:39:00",created
10400,3467,"2026-05-31 20:49:55",assigned
10401,3467,"2026-06-01 01:33:38",resolved
10402,3468,"2026-06-19 18:03:00",created
10403,3468,"2026-06-19 20:55:22",assigned
10404,3468,"2026-06-20 08:24:50",resolved
10405,3469,"2026-06-15 00:50:00",created
10406,3469,"2026-06-15 02:05:38",assigned
10407,3469,"2026-06-15 07:08:11",resolved
10408,3470,"2026-05-14 03:51:00",created
10409,3470,"2026-05-14 06:09:31",assigned
10410,3470,"2026-05-14 15:23:38",resolved
10411,3471,"2026-07-24 07:11:00",created
10412,3471,"2026-07-24 09:14:57",assigned
10413,3471,"2026-07-24 17:30:49",resolved
10414,3472,"2026-07-28 08:07:00",created
10415,3472,"2026-07-28 08:47:31",assigned
10416,3472,"2026-07-28 11:29:38",resolved
10417,3473,"2026-06-30 00:57:00",created
10418,3473,"2026-06-30 02:36:24",assigned
10419,3473,"2026-06-30 09:14:02",resolved
10420,3474,"2026-05-21 20:08:00",created
10421,3474,"2026-05-21 21:17:50",assigned
10422,3474,"2026-05-22 01:57:14",resolved
10423,3475,"2026-05-05 01:25:00",created
10424,3475,"2026-05-05 03:32:17",assigned
10425,3475,"2026-05-05 12:01:29",resolved
10426,3476,"2026-07-16 23:49:00",created
10427,3476,"2026-07-17 00:32:03",assigned
10428,3476,"2026-07-17 03:24:16",resolved
10429,3477,"2026-06-07 08:31:00",created
10430,3477,"2026-06-07 09:10:50",assigned
10431,3477,"2026-06-07 11:50:11",resolved
10432,3478,"2026-07-03 02:45:00",created
10433,3478,"2026-07-03 08:14:21",assigned
10434,3478,"2026-07-04 06:11:47",resolved
10435,3479,"2026-05-29 09:41:00",created
10436,3479,"2026-05-29 10:50:34",assigned
10437,3479,"2026-05-29 15:28:53",resolved
10438,3480,"2026-06-30 01:20:00",created
10439,3480,"2026-06-30 03:28:35",assigned
10440,3480,"2026-06-30 12:02:55",resolved
10441,3481,"2026-07-27 04:30:00",created
10442,3481,"2026-07-27 06:34:51",assigned
10443,3481,"2026-07-27 14:54:17",resolved
10444,3482,"2026-07-22 07:31:00",created
10445,3482,"2026-07-22 09:58:59",assigned
10446,3482,"2026-07-22 19:50:58",resolved
10447,3483,"2026-05-10 12:33:00",created
10448,3483,"2026-05-10 14:06:12",assigned
10449,3483,"2026-05-10 20:19:03",resolved
10450,3484,"2026-05-09 17:29:00",created
10451,3484,"2026-05-09 18:52:19",assigned
10452,3484,"2026-05-10 00:25:38",resolved
10453,3485,"2026-06-04 15:55:00",created
10454,3485,"2026-06-04 17:26:01",assigned
10455,3485,"2026-06-04 23:30:06",resolved
10456,3486,"2026-05-11 10:44:00",created
10457,3486,"2026-05-11 11:18:40",assigned
10458,3486,"2026-05-11 13:37:22",resolved
10459,3487,"2026-06-27 11:50:00",created
10460,3487,"2026-06-27 14:57:14",assigned
10461,3487,"2026-06-28 03:26:13",resolved
10462,3488,"2026-07-28 04:14:00",created
10463,3488,"2026-07-28 05:01:35",assigned
10464,3488,"2026-07-28 08:11:57",resolved
10465,3489,"2026-07-09 05:19:00",created
10466,3489,"2026-07-09 08:07:18",assigned
10467,3489,"2026-07-09 19:20:30",resolved
10468,3490,"2026-06-02 08:16:00",created
10469,3490,"2026-06-02 09:20:40",assigned
10470,3490,"2026-06-02 13:39:20",resolved
10471,3491,"2026-06-06 15:20:00",created
10472,3491,"2026-06-06 19:29:00",assigned
10473,3491,"2026-06-07 12:05:03",resolved
10474,3492,"2026-05-02 13:12:00",created
10475,3492,"2026-05-02 14:42:38",assigned
10476,3492,"2026-05-02 20:45:10",resolved
10477,3493,"2026-05-09 04:33:00",created
10478,3493,"2026-05-09 06:58:48",assigned
10479,3493,"2026-05-09 16:42:02",resolved
10480,3494,"2026-07-15 07:19:00",created
10481,3494,"2026-07-15 12:20:30",assigned
10482,3494,"2026-07-16 08:26:32",resolved
10483,3495,"2026-06-05 11:58:00",created
10484,3495,"2026-06-05 14:21:52",assigned
10485,3495,"2026-06-05 23:57:23",resolved
10486,3496,"2026-05-13 17:13:00",created
10487,3496,"2026-05-13 17:52:47",assigned
10488,3496,"2026-05-13 20:31:57",resolved
10489,3497,"2026-05-13 01:24:00",created
10490,3497,"2026-05-13 03:22:04",assigned
10491,3497,"2026-05-13 11:14:22",resolved
10492,3498,"2026-06-04 02:06:00",created
10493,3498,"2026-06-04 03:34:53",assigned
10494,3498,"2026-06-04 09:30:26",resolved
10495,3499,"2026-06-19 00:56:00",created
10496,3499,"2026-06-19 01:59:37",assigned
10497,3499,"2026-06-19 06:14:05",resolved
10498,3500,"2026-05-07 14:15:00",created
10499,3500,"2026-05-07 17:01:19",assigned
10500,3500,"2026-05-08 04:06:39",resolved
10501,3501,"2026-07-15 22:41:00",created
10502,3501,"2026-07-16 00:10:23",assigned
10503,3501,"2026-07-16 06:07:56",resolved
10504,3502,"2026-06-02 19:58:00",created
10505,3502,"2026-06-02 21:58:21",assigned
10506,3502,"2026-06-03 05:59:45",resolved
10507,3503,"2026-06-08 20:19:00",created
10508,3503,"2026-06-08 20:54:52",assigned
10509,3503,"2026-06-08 23:18:22",resolved
10510,3504,"2026-06-23 03:34:00",created
10511,3504,"2026-06-23 04:45:38",assigned
10512,3504,"2026-06-23 09:32:12",resolved
10513,3505,"2026-07-09 02:22:00",created
10514,3505,"2026-07-09 05:19:51",assigned
10515,3505,"2026-07-09 17:11:19",resolved
10516,3506,"2026-07-15 05:59:00",created
10517,3506,"2026-07-15 07:34:53",assigned
10518,3506,"2026-07-15 13:58:26",resolved
10519,3507,"2026-05-08 05:49:00",created
10520,3507,"2026-05-08 09:06:44",assigned
10521,3507,"2026-05-08 22:17:43",resolved
10522,3508,"2026-06-06 00:17:00",created
10523,3508,"2026-06-06 03:16:32",assigned
10524,3508,"2026-06-06 15:14:42",resolved
10525,3509,"2026-05-13 20:46:00",created
10526,3509,"2026-05-13 22:04:13",assigned
10527,3509,"2026-05-14 03:17:05",resolved
10528,3510,"2026-07-09 17:26:00",created
10529,3510,"2026-07-09 18:53:05",assigned
10530,3510,"2026-07-10 00:41:26",resolved
10531,3511,"2026-06-11 14:42:00",created
10532,3511,"2026-06-11 16:09:20",assigned
10533,3511,"2026-06-11 21:58:40",resolved
10534,3512,"2026-06-01 08:45:00",created
10535,3512,"2026-06-01 10:28:57",assigned
10536,3512,"2026-06-01 17:24:47",resolved
10537,3513,"2026-06-13 12:39:00",created
10538,3513,"2026-06-13 16:23:15",assigned
10539,3513,"2026-06-14 07:20:18",resolved
10540,3514,"2026-06-30 16:18:00",created
10541,3514,"2026-06-30 17:15:42",assigned
10542,3514,"2026-06-30 21:06:31",resolved
10543,3515,"2026-06-22 16:48:00",created
10544,3515,"2026-06-22 19:27:20",assigned
10545,3515,"2026-06-23 06:04:42",resolved
10546,3516,"2026-05-19 18:38:00",created
10547,3516,"2026-05-19 19:58:22",assigned
10548,3516,"2026-05-20 01:19:52",resolved
10549,3517,"2026-06-30 04:13:00",created
10550,3517,"2026-06-30 05:34:34",assigned
10551,3517,"2026-06-30 11:00:51",resolved
10552,3518,"2026-06-29 21:36:00",created
10553,3518,"2026-06-29 23:16:17",assigned
10554,3518,"2026-06-30 05:57:25",resolved
10555,3519,"2026-07-23 02:26:00",created
10556,3519,"2026-07-23 03:34:35",assigned
10557,3519,"2026-07-23 08:08:55",resolved
10558,3520,"2026-06-17 22:23:00",created
10559,3520,"2026-06-18 00:42:41",assigned
10560,3520,"2026-06-18 10:01:26",resolved
10561,3521,"2026-06-16 14:20:00",created
10562,3521,"2026-06-16 15:40:23",assigned
10563,3521,"2026-06-16 21:01:58",resolved
10564,3522,"2026-07-11 00:05:00",created
10565,3522,"2026-07-11 01:33:09",assigned
10566,3522,"2026-07-11 07:25:48",resolved
10567,3523,"2026-05-29 18:41:00",created
10568,3523,"2026-05-29 21:25:22",assigned
10569,3523,"2026-05-30 08:22:51",resolved
10570,3524,"2026-06-24 21:34:00",created
10571,3524,"2026-06-24 23:07:20",assigned
10572,3524,"2026-06-25 05:20:41",resolved
10573,3525,"2026-05-08 19:00:00",created
10574,3525,"2026-05-08 22:26:55",assigned
10575,3525,"2026-05-09 12:14:39",resolved
10576,3526,"2026-05-30 14:54:00",created
10577,3526,"2026-05-30 15:40:36",assigned
10578,3526,"2026-05-30 18:47:04",resolved
10579,3527,"2026-07-24 17:25:00",created
10580,3527,"2026-07-24 18:27:23",assigned
10581,3527,"2026-07-24 22:36:58",resolved
10582,3528,"2026-05-01 01:34:00",created
10583,3528,"2026-05-01 03:48:15",assigned
10584,3528,"2026-05-01 12:45:19",resolved
10585,3529,"2026-06-30 04:28:00",created
10586,3529,"2026-06-30 05:14:57",assigned
10587,3529,"2026-06-30 08:22:46",resolved
10588,3530,"2026-05-15 17:24:00",created
10589,3530,"2026-05-15 19:00:40",assigned
10590,3530,"2026-05-16 01:27:21",resolved
10591,3531,"2026-05-23 14:27:00",created
10592,3531,"2026-05-23 15:24:56",assigned
10593,3531,"2026-05-23 19:16:44",resolved
10594,3532,"2026-07-26 10:56:00",created
10595,3532,"2026-07-26 12:58:41",assigned
10596,3532,"2026-07-26 21:09:29",resolved
10597,3533,"2026-05-18 17:31:00",created
10598,3533,"2026-05-18 20:12:06",assigned
10599,3533,"2026-05-19 06:56:33",resolved
10600,3534,"2026-07-24 04:45:00",created
10601,3534,"2026-07-24 05:52:00",assigned
10602,3534,"2026-07-24 10:20:01",resolved
10603,3535,"2026-06-09 04:15:00",created
10604,3535,"2026-06-09 09:06:50",assigned
10605,3535,"2026-06-10 04:34:11",resolved
10606,3536,"2026-06-20 06:43:00",created
10607,3536,"2026-06-20 10:12:10",assigned
10608,3536,"2026-06-21 00:08:54",resolved
10609,3537,"2026-07-10 05:42:00",created
10610,3537,"2026-07-10 07:00:50",assigned
10611,3537,"2026-07-10 12:16:14",resolved
10612,3538,"2026-05-17 03:49:00",created
10613,3538,"2026-05-17 05:59:29",assigned
10614,3538,"2026-05-17 14:41:28",resolved
10615,3539,"2026-06-07 10:39:00",created
10616,3539,"2026-06-07 11:39:22",assigned
10617,3539,"2026-06-07 15:40:51",resolved
10618,3540,"2026-05-25 17:25:00",created
10619,3540,"2026-05-25 18:35:16",assigned
10620,3540,"2026-05-25 23:16:23",resolved
10621,3541,"2026-07-17 17:28:00",created
10622,3541,"2026-07-17 18:58:07",assigned
10623,3541,"2026-07-18 00:58:35",resolved
10624,3542,"2026-06-10 20:50:00",created
10625,3542,"2026-06-10 23:05:30",assigned
10626,3542,"2026-06-11 08:07:33",resolved
10627,3543,"2026-05-08 05:39:00",created
10628,3543,"2026-05-08 12:52:07",assigned
10629,3543,"2026-05-09 17:44:38",resolved
10630,3544,"2026-05-24 18:06:00",created
10631,3544,"2026-05-24 18:59:48",assigned
10632,3544,"2026-05-24 22:35:01",resolved
10633,3545,"2026-07-28 07:30:00",created
10634,3545,"2026-07-28 11:00:41",assigned
10635,3545,"2026-07-29 01:03:29",resolved
10636,3546,"2026-05-14 12:32:00",created
10637,3546,"2026-05-14 15:54:22",assigned
10638,3546,"2026-05-15 05:23:50",resolved
10639,3547,"2026-05-31 18:28:00",created
10640,3547,"2026-05-31 20:53:14",assigned
10641,3547,"2026-06-01 06:34:12",resolved
10642,3548,"2026-06-16 21:47:00",created
10643,3548,"2026-06-16 23:24:59",assigned
10644,3548,"2026-06-17 05:56:59",resolved
10645,3549,"2026-05-15 20:22:00",created
10646,3549,"2026-05-15 21:25:47",assigned
10647,3549,"2026-05-16 01:40:57",resolved
10648,3550,"2026-06-22 17:03:00",created
10649,3550,"2026-06-22 18:53:12",assigned
10650,3550,"2026-06-23 02:14:02",resolved
10651,3551,"2026-07-28 20:08:00",created
10652,3551,"2026-07-28 21:18:01",assigned
10653,3551,"2026-07-29 01:58:08",resolved
10654,3552,"2026-07-07 20:35:00",created
10655,3552,"2026-07-07 22:51:31",assigned
10656,3552,"2026-07-08 07:57:38",resolved
10657,3553,"2026-06-16 07:46:00",created
10658,3553,"2026-06-16 09:24:31",assigned
10659,3553,"2026-06-16 15:58:39",resolved
10660,3554,"2026-07-04 22:40:00",created
10661,3554,"2026-07-05 01:55:46",assigned
10662,3554,"2026-07-05 14:58:51",resolved
10663,3555,"2026-06-18 06:25:00",created
10664,3555,"2026-06-18 07:56:24",assigned
10665,3555,"2026-06-18 14:02:02",resolved
10666,3556,"2026-06-24 21:36:00",created
10667,3556,"2026-06-25 00:21:59",assigned
10668,3556,"2026-06-25 11:25:56",resolved
10669,3557,"2026-07-29 10:33:00",created
10670,3557,"2026-07-29 12:57:59",assigned
10671,3557,"2026-07-29 22:37:57",resolved
10672,3558,"2026-05-22 16:19:00",created
10673,3558,"2026-05-22 21:01:23",assigned
10674,3558,"2026-05-23 15:50:57",resolved
10675,3559,"2026-07-13 14:32:00",created
10676,3559,"2026-07-13 16:52:26",assigned
10677,3559,"2026-07-14 02:14:12",resolved
10678,3560,"2026-05-09 12:29:00",created
10679,3560,"2026-05-09 14:55:58",assigned
10680,3560,"2026-05-10 00:43:51",resolved
10681,3561,"2026-06-20 13:51:00",created
10682,3561,"2026-06-20 14:21:58",assigned
10683,3561,"2026-06-20 16:25:51",resolved
10684,3562,"2026-05-25 02:12:00",created
10685,3562,"2026-05-25 04:19:44",assigned
10686,3562,"2026-05-25 12:50:42",resolved
10687,3563,"2026-06-19 02:44:00",created
10688,3563,"2026-06-19 08:54:42",assigned
10689,3563,"2026-06-20 09:37:32",resolved
10690,3564,"2026-05-23 02:06:00",created
10691,3564,"2026-05-23 03:40:15",assigned
10692,3564,"2026-05-23 09:57:16",resolved
10693,3565,"2026-06-25 03:13:00",created
10694,3565,"2026-06-25 04:48:05",assigned
10695,3565,"2026-06-25 11:08:28",resolved
10696,3566,"2026-06-08 12:55:00",created
10697,3566,"2026-06-08 13:34:32",assigned
10698,3566,"2026-06-08 16:12:44",resolved
10699,3567,"2026-06-18 11:22:00",created
10700,3567,"2026-06-18 12:34:52",assigned
10701,3567,"2026-06-18 17:26:21",resolved
10702,3568,"2026-07-09 23:55:00",created
10703,3568,"2026-07-10 01:50:48",assigned
10704,3568,"2026-07-10 09:34:00",resolved
10705,3569,"2026-07-16 03:17:00",created
10706,3569,"2026-07-16 04:15:16",assigned
10707,3569,"2026-07-16 08:08:20",resolved
10708,3570,"2026-06-22 21:34:00",created
10709,3570,"2026-06-22 23:23:08",assigned
10710,3570,"2026-06-23 06:39:44",resolved
10711,3571,"2026-06-17 13:56:00",created
10712,3571,"2026-06-17 15:38:59",assigned
10713,3571,"2026-06-17 22:30:55",resolved
10714,3572,"2026-07-05 16:14:00",created
10715,3572,"2026-07-05 16:59:56",assigned
10716,3572,"2026-07-05 20:03:40",resolved
10717,3573,"2026-07-27 04:39:00",created
10718,3573,"2026-07-27 06:42:07",assigned
10719,3573,"2026-07-27 14:54:38",resolved
10720,3574,"2026-07-01 15:37:00",created
10721,3574,"2026-07-01 17:38:34",assigned
10722,3574,"2026-07-02 01:44:53",resolved
10723,3575,"2026-06-28 11:40:00",created
10724,3575,"2026-06-28 12:34:29",assigned
10725,3575,"2026-06-28 16:12:28",resolved
10726,3576,"2026-06-28 09:32:00",created
10727,3576,"2026-06-28 12:20:03",assigned
10728,3576,"2026-06-28 23:32:16",resolved
10729,3577,"2026-07-10 16:59:00",created
10730,3577,"2026-07-10 17:50:02",assigned
10731,3577,"2026-07-10 21:14:10",resolved
10732,3578,"2026-05-22 19:45:00",created
10733,3578,"2026-05-22 22:07:37",assigned
10734,3578,"2026-05-23 07:38:06",resolved
10735,3579,"2026-07-24 05:13:00",created
10736,3579,"2026-07-24 06:15:33",assigned
10737,3579,"2026-07-24 10:25:45",resolved
10738,3580,"2026-07-24 22:49:00",created
10739,3580,"2026-07-24 23:25:44",assigned
10740,3580,"2026-07-25 01:52:42",resolved
10741,3581,"2026-07-04 17:33:00",created
10742,3581,"2026-07-04 18:55:46",assigned
10743,3581,"2026-07-05 00:26:53",resolved
10744,3582,"2026-07-12 04:28:00",created
10745,3582,"2026-07-12 06:36:46",assigned
10746,3582,"2026-07-12 15:11:52",resolved
10747,3583,"2026-05-25 11:35:00",created
10748,3583,"2026-05-25 12:22:49",assigned
10749,3583,"2026-05-25 15:34:05",resolved
10750,3584,"2026-07-14 11:54:00",created
10751,3584,"2026-07-14 13:19:32",assigned
10752,3584,"2026-07-14 19:01:43",resolved
10753,3585,"2026-07-27 11:26:00",created
10754,3585,"2026-07-27 13:04:54",assigned
10755,3585,"2026-07-27 19:40:31",resolved
10756,3586,"2026-05-16 23:51:00",created
10757,3586,"2026-05-17 01:19:18",assigned
10758,3586,"2026-05-17 07:12:33",resolved
10759,3587,"2026-05-14 18:49:00",created
10760,3587,"2026-05-14 21:06:18",assigned
10761,3587,"2026-05-15 06:15:31",resolved
10762,3588,"2026-06-07 05:55:00",created
10763,3588,"2026-06-07 07:23:10",assigned
10764,3588,"2026-06-07 13:15:52",resolved
10765,3589,"2026-06-01 08:38:00",created
10766,3589,"2026-06-01 10:10:12",assigned
10767,3589,"2026-06-01 16:19:03",resolved
10768,3590,"2026-05-06 07:02:00",created
10769,3590,"2026-05-06 09:34:58",assigned
10770,3590,"2026-05-06 19:46:51",resolved
10771,3591,"2026-05-21 15:26:00",created
10772,3591,"2026-05-21 16:16:04",assigned
10773,3591,"2026-05-21 19:36:24",resolved
10774,3592,"2026-06-01 13:09:00",created
10775,3592,"2026-06-01 17:30:15",assigned
10776,3592,"2026-06-02 10:55:16",resolved
10777,3593,"2026-05-31 22:49:00",created
10778,3593,"2026-05-31 23:33:09",assigned
10779,3593,"2026-06-01 02:29:48",resolved
10780,3594,"2026-06-01 04:02:00",created
10781,3594,"2026-06-01 08:12:18",assigned
10782,3594,"2026-06-02 00:53:34",resolved
10783,3595,"2026-07-26 06:04:00",created
10784,3595,"2026-07-26 07:42:54",assigned
10785,3595,"2026-07-26 14:18:33",resolved
10786,3596,"2026-05-16 13:38:00",created
10787,3596,"2026-05-16 15:08:09",assigned
10788,3596,"2026-05-16 21:08:46",resolved
10789,3597,"2026-07-03 15:26:00",created
10790,3597,"2026-07-03 18:04:34",assigned
10791,3597,"2026-07-04 04:38:53",resolved
10792,3598,"2026-07-28 22:36:00",created
10793,3598,"2026-07-29 00:40:00",assigned
10794,3598,"2026-07-29 08:56:02",resolved
10795,3599,"2026-06-07 12:55:00",created
10796,3599,"2026-06-07 16:27:29",assigned
10797,3599,"2026-06-08 06:37:28",resolved
10798,3600,"2026-05-07 23:34:00",created
10799,3600,"2026-05-08 03:07:47",assigned
10800,3600,"2026-05-08 17:22:58",resolved
10801,3601,"2026-07-16 21:50:00",created
10802,3601,"2026-07-17 02:40:47",assigned
10803,3601,"2026-07-17 22:03:59",resolved
10804,3602,"2026-05-21 21:43:00",created
10805,3602,"2026-05-22 08:58:47",assigned
10806,3602,"2026-05-24 06:01:59",resolved
10807,3603,"2026-05-01 07:47:00",created
10808,3603,"2026-05-01 08:57:07",assigned
10809,3603,"2026-05-01 13:37:36",resolved
10810,3604,"2026-07-19 16:14:00",created
10811,3604,"2026-07-19 17:20:47",assigned
10812,3604,"2026-07-19 21:47:57",resolved
10813,3605,"2026-05-02 20:58:00",created
10814,3605,"2026-05-03 00:20:11",assigned
10815,3605,"2026-05-03 13:48:58",resolved
10816,3606,"2026-06-26 03:31:00",created
10817,3606,"2026-06-26 07:06:21",assigned
10818,3606,"2026-06-26 21:27:45",resolved
10819,3607,"2026-05-22 17:11:00",created
10820,3607,"2026-05-22 17:42:41",assigned
10821,3607,"2026-05-22 19:49:28",resolved
10822,3608,"2026-06-03 09:15:00",created
10823,3608,"2026-06-03 10:33:51",assigned
10824,3608,"2026-06-03 15:49:16",resolved
10825,3609,"2026-07-01 09:57:00",created
10826,3609,"2026-07-01 10:54:45",assigned
10827,3609,"2026-07-01 14:45:46",resolved
10828,3610,"2026-07-12 14:23:00",created
10829,3610,"2026-07-12 16:12:45",assigned
10830,3610,"2026-07-12 23:31:45",resolved
10831,3611,"2026-07-01 04:01:00",created
10832,3611,"2026-07-01 05:11:45",assigned
10833,3611,"2026-07-01 09:54:46",resolved
10834,3612,"2026-07-24 20:59:00",created
10835,3612,"2026-07-24 21:53:54",assigned
10836,3612,"2026-07-25 01:33:34",resolved
10837,3613,"2026-06-05 01:55:00",created
10838,3613,"2026-06-05 06:27:46",assigned
10839,3613,"2026-06-06 00:38:54",resolved
10840,3614,"2026-05-24 19:30:00",created
10841,3614,"2026-05-24 20:35:38",assigned
10842,3614,"2026-05-25 00:58:13",resolved
10843,3615,"2026-06-25 23:40:00",created
10844,3615,"2026-06-26 01:33:05",assigned
10845,3615,"2026-06-26 09:05:25",resolved
10846,3616,"2026-07-09 05:05:00",created
10847,3616,"2026-07-09 05:25:19",assigned
10848,3616,"2026-07-09 06:46:38",resolved
10849,3617,"2026-06-03 17:29:00",created
10850,3617,"2026-06-03 19:34:21",assigned
10851,3617,"2026-06-04 03:55:46",resolved
10852,3618,"2026-05-08 00:45:00",created
10853,3618,"2026-05-08 02:11:41",assigned
10854,3618,"2026-05-08 07:58:25",resolved
10855,3619,"2026-05-07 19:48:00",created
10856,3619,"2026-05-07 20:28:31",assigned
10857,3619,"2026-05-07 23:10:37",resolved
10858,3620,"2026-06-06 17:37:00",created
10859,3620,"2026-06-06 18:30:08",assigned
10860,3620,"2026-06-06 22:02:41",resolved
10861,3621,"2026-06-15 11:55:00",created
10862,3621,"2026-06-15 15:21:19",assigned
10863,3621,"2026-06-16 05:06:35",resolved
10864,3622,"2026-07-26 18:35:00",created
10865,3622,"2026-07-26 21:07:53",assigned
10866,3622,"2026-07-27 07:19:28",resolved
10867,3623,"2026-05-28 11:28:00",created
10868,3623,"2026-05-28 13:19:19",assigned
10869,3623,"2026-05-28 20:44:37",resolved
10870,3624,"2026-07-14 01:14:00",created
10871,3624,"2026-07-14 04:05:50",assigned
10872,3624,"2026-07-14 15:33:12",resolved
10873,3625,"2026-06-22 14:33:00",created
10874,3625,"2026-06-22 15:23:07",assigned
10875,3625,"2026-06-22 18:43:39",resolved
10876,3626,"2026-06-30 17:37:00",created
10877,3626,"2026-06-30 18:07:22",assigned
10878,3626,"2026-06-30 20:08:53",resolved
10879,3627,"2026-07-25 07:43:00",created
10880,3627,"2026-07-25 09:24:27",assigned
10881,3627,"2026-07-25 16:10:19",resolved
10882,3628,"2026-05-15 04:26:00",created
10883,3628,"2026-05-15 06:11:39",assigned
10884,3628,"2026-05-15 13:14:17",resolved
10885,3629,"2026-05-11 06:55:00",created
10886,3629,"2026-05-11 08:38:34",assigned
10887,3629,"2026-05-11 15:32:52",resolved
10888,3630,"2026-06-24 22:58:00",created
10889,3630,"2026-06-25 01:48:57",assigned
10890,3630,"2026-06-25 13:12:45",resolved
10891,3631,"2026-05-04 18:21:00",created
10892,3631,"2026-05-04 19:53:34",assigned
10893,3631,"2026-05-05 02:03:54",resolved
10894,3632,"2026-05-20 06:28:00",created
10895,3632,"2026-05-20 08:09:40",assigned
10896,3632,"2026-05-20 14:56:20",resolved
10897,3633,"2026-05-31 02:39:00",created
10898,3633,"2026-05-31 04:05:05",assigned
10899,3633,"2026-05-31 09:49:25",resolved
10900,3634,"2026-07-12 18:19:00",created
10901,3634,"2026-07-12 18:55:52",assigned
10902,3634,"2026-07-12 21:23:22",resolved
10903,3635,"2026-06-04 23:36:00",created
10904,3635,"2026-06-05 01:46:10",assigned
10905,3635,"2026-06-05 10:26:53",resolved
10906,3636,"2026-07-14 02:11:00",created
10907,3636,"2026-07-14 03:00:18",assigned
10908,3636,"2026-07-14 06:17:31",resolved
10909,3637,"2026-06-27 04:27:00",created
10910,3637,"2026-06-27 06:58:46",assigned
10911,3637,"2026-06-27 17:05:51",resolved
10912,3638,"2026-06-17 00:34:00",created
10913,3638,"2026-06-17 01:29:42",assigned
10914,3638,"2026-06-17 05:12:34",resolved
10915,3639,"2026-07-25 22:07:00",created
10916,3639,"2026-07-25 22:47:31",assigned
10917,3639,"2026-07-26 01:29:35",resolved
10918,3640,"2026-06-19 10:22:00",created
10919,3640,"2026-06-19 11:19:55",assigned
10920,3640,"2026-06-19 15:11:36",resolved
10921,3641,"2026-07-13 23:38:00",created
10922,3641,"2026-07-14 01:23:33",assigned
10923,3641,"2026-07-14 08:25:45",resolved
10924,3642,"2026-06-04 02:47:00",created
10925,3642,"2026-06-04 03:32:10",assigned
10926,3642,"2026-06-04 06:32:54",resolved
10927,3643,"2026-05-30 22:02:00",created
10928,3643,"2026-05-30 23:44:53",assigned
10929,3643,"2026-05-31 06:36:29",resolved
10930,3644,"2026-06-27 18:53:00",created
10931,3644,"2026-06-27 21:15:10",assigned
10932,3644,"2026-06-28 06:43:53",resolved
10933,3645,"2026-07-13 12:41:00",created
10934,3645,"2026-07-13 14:00:33",assigned
10935,3645,"2026-07-13 19:18:46",resolved
10936,3646,"2026-06-19 12:34:00",created
10937,3646,"2026-06-19 13:53:44",assigned
10938,3646,"2026-06-19 19:12:42",resolved
10939,3647,"2026-05-08 22:32:00",created
10940,3647,"2026-05-09 01:36:02",assigned
10941,3647,"2026-05-09 13:52:10",resolved
10942,3648,"2026-07-26 20:56:00",created
10943,3648,"2026-07-26 22:40:16",assigned
10944,3648,"2026-07-27 05:37:23",resolved
10945,3649,"2026-05-04 05:18:00",created
10946,3649,"2026-05-04 09:16:15",assigned
10947,3649,"2026-05-05 01:09:15",resolved
10948,3650,"2026-06-12 04:04:00",created
10949,3650,"2026-06-12 05:24:00",assigned
10950,3650,"2026-06-12 10:44:01",resolved
10951,3651,"2026-05-10 17:27:00",created
10952,3651,"2026-05-10 18:10:51",assigned
10953,3651,"2026-05-10 21:06:17",resolved
10954,3652,"2026-05-22 23:44:00",created
10955,3652,"2026-05-23 01:43:35",assigned
10956,3652,"2026-05-23 09:41:59",resolved
10957,3653,"2026-05-29 00:43:00",created
10958,3653,"2026-05-29 04:16:33",assigned
10959,3653,"2026-05-29 18:30:49",resolved
10960,3654,"2026-06-18 13:07:00",created
10961,3654,"2026-06-18 14:41:38",assigned
10962,3654,"2026-06-18 21:00:11",resolved
10963,3655,"2026-07-03 11:11:00",created
10964,3655,"2026-07-03 12:39:02",assigned
10965,3655,"2026-07-03 18:31:12",resolved
10966,3656,"2026-07-15 02:51:00",created
10967,3656,"2026-07-15 03:52:28",assigned
10968,3656,"2026-07-15 07:58:24",resolved
10969,3657,"2026-07-28 10:40:00",created
10970,3657,"2026-07-28 11:59:29",assigned
10971,3657,"2026-07-28 17:17:27",resolved
10972,3658,"2026-06-09 05:07:00",created
10973,3658,"2026-06-09 07:31:01",assigned
10974,3658,"2026-06-09 17:07:06",resolved
10975,3659,"2026-07-22 13:36:00",created
10976,3659,"2026-07-22 15:43:58",assigned
10977,3659,"2026-07-23 00:15:53",resolved
10978,3660,"2026-06-03 01:58:00",created
10979,3660,"2026-06-03 03:18:54",assigned
10980,3660,"2026-06-03 08:42:32",resolved
10981,3661,"2026-06-15 14:38:00",created
10982,3661,"2026-06-15 15:26:47",assigned
10983,3661,"2026-06-15 18:41:59",resolved
10984,3662,"2026-06-03 22:37:00",created
10985,3662,"2026-06-04 01:27:13",assigned
10986,3662,"2026-06-04 12:48:08",resolved
10987,3663,"2026-07-14 04:31:00",created
10988,3663,"2026-07-14 05:38:19",assigned
10989,3663,"2026-07-14 10:07:38",resolved
10990,3664,"2026-07-07 22:37:00",created
10991,3664,"2026-07-08 03:27:24",assigned
10992,3664,"2026-07-08 22:49:02",resolved
10993,3665,"2026-05-21 15:22:00",created
10994,3665,"2026-05-21 16:07:44",assigned
10995,3665,"2026-05-21 19:10:44",resolved
10996,3666,"2026-06-03 22:36:00",created
10997,3666,"2026-06-03 23:31:26",assigned
10998,3666,"2026-06-04 03:13:11",resolved
10999,3667,"2026-05-15 03:44:00",created
11000,3667,"2026-05-15 04:45:25",assigned
11001,3667,"2026-05-15 08:51:09",resolved
11002,3668,"2026-06-15 11:24:00",created
11003,3668,"2026-06-15 13:39:59",assigned
11004,3668,"2026-06-15 22:43:58",resolved
11005,3669,"2026-05-25 17:59:00",created
11006,3669,"2026-05-25 20:04:06",assigned
11007,3669,"2026-05-26 04:24:30",resolved
11008,3670,"2026-05-20 21:31:00",created
11009,3670,"2026-05-20 23:06:21",assigned
11010,3670,"2026-05-21 05:27:48",resolved
11011,3671,"2026-06-09 05:30:00",created
11012,3671,"2026-06-09 07:28:00",assigned
11013,3671,"2026-06-09 15:20:03",resolved
11014,3672,"2026-06-02 18:08:00",created
11015,3672,"2026-06-02 19:03:25",assigned
11016,3672,"2026-06-02 22:45:08",resolved
11017,3673,"2026-06-12 04:21:00",created
11018,3673,"2026-06-12 05:55:48",assigned
11019,3673,"2026-06-12 12:15:03",resolved
11020,3674,"2026-07-05 06:48:00",created
11021,3674,"2026-07-05 07:15:39",assigned
11022,3674,"2026-07-05 09:06:16",resolved
11023,3675,"2026-07-15 10:34:00",created
11024,3675,"2026-07-15 15:21:09",assigned
11025,3675,"2026-07-16 10:29:48",resolved
11026,3676,"2026-07-04 17:45:00",created
11027,3676,"2026-07-04 19:46:36",assigned
11028,3676,"2026-07-05 03:53:02",resolved
11029,3677,"2026-07-10 07:57:00",created
11030,3677,"2026-07-10 10:01:42",assigned
11031,3677,"2026-07-10 18:20:31",resolved
11032,3678,"2026-07-15 19:40:00",created
11033,3678,"2026-07-15 21:30:33",assigned
11034,3678,"2026-07-16 04:52:48",resolved
11035,3679,"2026-07-01 05:38:00",created
11036,3679,"2026-07-01 07:54:47",assigned
11037,3679,"2026-07-01 17:01:57",resolved
11038,3680,"2026-06-05 21:44:00",created
11039,3680,"2026-06-06 02:24:08",assigned
11040,3680,"2026-06-06 21:04:42",resolved
11041,3681,"2026-06-23 06:03:00",created
11042,3681,"2026-06-23 09:05:30",assigned
11043,3681,"2026-06-23 21:15:31",resolved
11044,3682,"2026-07-13 13:29:00",created
11045,3682,"2026-07-13 17:08:35",assigned
11046,3682,"2026-07-14 07:46:56",resolved
11047,3683,"2026-07-17 08:07:00",created
11048,3683,"2026-07-17 09:27:40",assigned
11049,3683,"2026-07-17 14:50:24",resolved
11050,3684,"2026-07-10 17:00:00",created
11051,3684,"2026-07-10 17:23:48",assigned
11052,3684,"2026-07-10 18:59:00",resolved
11053,3685,"2026-06-06 15:24:00",created
11054,3685,"2026-06-06 16:05:53",assigned
11055,3685,"2026-06-06 18:53:26",resolved
11056,3686,"2026-05-22 18:23:00",created
11057,3686,"2026-05-22 21:52:19",assigned
11058,3686,"2026-05-23 11:49:35",resolved
11059,3687,"2026-06-27 10:03:00",created
11060,3687,"2026-06-27 11:15:07",assigned
11061,3687,"2026-06-27 16:03:38",resolved
11062,3688,"2026-06-17 02:30:00",created
11063,3688,"2026-06-17 03:35:32",assigned
11064,3688,"2026-06-17 07:57:42",resolved
11065,3689,"2026-07-04 09:44:00",created
11066,3689,"2026-07-04 10:27:46",assigned
11067,3689,"2026-07-04 13:22:50",resolved
11068,3690,"2026-06-13 10:49:00",created
11069,3690,"2026-06-13 12:49:08",assigned
11070,3690,"2026-06-13 20:49:41",resolved
11071,3691,"2026-07-18 03:56:00",created
11072,3691,"2026-07-18 05:49:59",assigned
11073,3691,"2026-07-18 13:25:55",resolved
11074,3692,"2026-06-06 04:58:00",created
11075,3692,"2026-06-06 06:34:21",assigned
11076,3692,"2026-06-06 12:59:47",resolved
11077,3693,"2026-07-07 03:51:00",created
11078,3693,"2026-07-07 05:02:03",assigned
11079,3693,"2026-07-07 09:46:19",resolved
11080,3694,"2026-05-15 17:47:00",created
11081,3694,"2026-05-15 18:42:20",assigned
11082,3694,"2026-05-15 22:23:43",resolved
11083,3695,"2026-06-03 17:21:00",created
11084,3695,"2026-06-03 21:22:13",assigned
11085,3695,"2026-06-04 13:27:06",resolved
11086,3696,"2026-07-23 08:33:00",created
11087,3696,"2026-07-23 09:42:14",assigned
11088,3696,"2026-07-23 14:19:10",resolved
11089,3697,"2026-05-16 07:31:00",created
11090,3697,"2026-05-16 10:41:59",assigned
11091,3697,"2026-05-16 23:25:56",resolved
11092,3698,"2026-06-07 12:42:00",created
11093,3698,"2026-06-07 14:27:43",assigned
11094,3698,"2026-06-07 21:30:38",resolved
11095,3699,"2026-07-14 08:35:00",created
11096,3699,"2026-07-14 11:02:04",assigned
11097,3699,"2026-07-14 20:50:22",resolved
11098,3700,"2026-07-21 22:32:00",created
11099,3700,"2026-07-22 00:33:17",assigned
11100,3700,"2026-07-22 08:38:27",resolved
11101,3701,"2026-05-01 01:06:00",created
11102,3701,"2026-05-01 03:18:53",assigned
11103,3701,"2026-05-01 12:10:26",resolved
11104,3702,"2026-07-08 05:13:00",created
11105,3702,"2026-07-08 05:57:02",assigned
11106,3702,"2026-07-08 08:53:11",resolved
11107,3703,"2026-05-19 13:24:00",created
11108,3703,"2026-05-19 15:12:29",assigned
11109,3703,"2026-05-19 22:26:25",resolved
11110,3704,"2026-05-22 11:09:00",created
11111,3704,"2026-05-22 13:28:29",assigned
11112,3704,"2026-05-22 22:46:25",resolved
11113,3705,"2026-06-12 03:09:00",created
11114,3705,"2026-06-12 06:06:14",assigned
11115,3705,"2026-06-12 17:55:13",resolved
11116,3706,"2026-06-19 15:39:00",created
11117,3706,"2026-06-19 16:07:29",assigned
11118,3706,"2026-06-19 18:01:28",resolved
11119,3707,"2026-05-29 23:30:00",created
11120,3707,"2026-05-30 00:18:55",assigned
11121,3707,"2026-05-30 03:34:38",resolved
11122,3708,"2026-07-02 03:21:00",created
11123,3708,"2026-07-02 05:08:55",assigned
11124,3708,"2026-07-02 12:20:39",resolved
11125,3709,"2026-05-10 15:18:00",created
11126,3709,"2026-05-10 18:49:02",assigned
11127,3709,"2026-05-11 08:53:11",resolved
11128,3710,"2026-07-01 18:55:00",created
11129,3710,"2026-07-01 22:25:54",assigned
11130,3710,"2026-07-02 12:29:33",resolved
11131,3711,"2026-07-04 11:43:00",created
11132,3711,"2026-07-04 13:45:25",assigned
11133,3711,"2026-07-04 21:55:07",resolved
11134,3712,"2026-06-17 21:03:00",created
11135,3712,"2026-06-17 22:27:48",assigned
11136,3712,"2026-06-18 04:07:04",resolved
11137,3713,"2026-07-06 10:45:00",created
11138,3713,"2026-07-06 11:59:07",assigned
11139,3713,"2026-07-06 16:55:36",resolved
11140,3714,"2026-05-29 14:51:00",created
11141,3714,"2026-05-29 18:51:36",assigned
11142,3714,"2026-05-30 10:54:01",resolved
11143,3715,"2026-06-27 10:49:00",created
11144,3715,"2026-06-27 12:14:41",assigned
11145,3715,"2026-06-27 17:57:25",resolved
11146,3716,"2026-05-17 17:36:00",created
11147,3716,"2026-05-17 18:20:52",assigned
11148,3716,"2026-05-17 21:20:21",resolved
11149,3717,"2026-05-18 02:55:00",created
11150,3717,"2026-05-18 04:31:56",assigned
11151,3717,"2026-05-18 10:59:42",resolved
11152,3718,"2026-07-22 18:15:00",created
11153,3718,"2026-07-22 19:54:59",assigned
11154,3718,"2026-07-23 02:34:55",resolved
11155,3719,"2026-07-18 18:14:00",created
11156,3719,"2026-07-18 19:42:19",assigned
11157,3719,"2026-07-19 01:35:37",resolved
11158,3720,"2026-05-17 10:19:00",created
11159,3720,"2026-05-17 11:51:21",assigned
11160,3720,"2026-05-17 18:00:49",resolved
11161,3721,"2026-07-23 19:41:00",created
11162,3721,"2026-07-23 22:13:25",assigned
11163,3721,"2026-07-24 08:23:07",resolved
11164,3722,"2026-05-31 23:28:00",created
11165,3722,"2026-06-01 02:31:30",assigned
11166,3722,"2026-06-01 14:45:30",resolved
11167,3723,"2026-06-10 21:55:00",created
11168,3723,"2026-06-10 23:23:40",assigned
11169,3723,"2026-06-11 05:18:20",resolved
11170,3724,"2026-06-13 14:37:00",created
11171,3724,"2026-06-13 16:31:00",assigned
11172,3724,"2026-06-14 00:07:02",resolved
11173,3725,"2026-06-04 20:40:00",created
11174,3725,"2026-06-04 23:49:44",assigned
11175,3725,"2026-06-05 12:28:41",resolved
11176,3726,"2026-05-10 13:54:00",created
11177,3726,"2026-05-10 14:50:19",assigned
11178,3726,"2026-05-10 18:35:35",resolved
11179,3727,"2026-06-12 00:34:00",created
11180,3727,"2026-06-12 04:39:33",assigned
11181,3727,"2026-06-12 21:01:47",resolved
11182,3728,"2026-05-31 10:38:00",created
11183,3728,"2026-05-31 13:26:16",assigned
11184,3728,"2026-06-01 00:39:22",resolved
11185,3729,"2026-07-22 06:14:00",created
11186,3729,"2026-07-22 07:41:55",assigned
11187,3729,"2026-07-22 13:33:39",resolved
11188,3730,"2026-07-27 07:06:00",created
11189,3730,"2026-07-27 07:24:23",assigned
11190,3730,"2026-07-27 08:37:55",resolved
11191,3731,"2026-07-01 19:17:00",created
11192,3731,"2026-07-01 21:03:27",assigned
11193,3731,"2026-07-02 04:09:17",resolved
11194,3732,"2026-06-15 08:15:00",created
11195,3732,"2026-06-15 10:24:59",assigned
11196,3732,"2026-06-15 19:04:55",resolved
11197,3733,"2026-06-22 16:55:00",created
11198,3733,"2026-06-22 19:56:28",assigned
11199,3733,"2026-06-23 08:02:23",resolved
11200,3734,"2026-07-16 08:35:00",created
11201,3734,"2026-07-16 09:06:44",assigned
11202,3734,"2026-07-16 11:13:41",resolved
11203,3735,"2026-07-01 07:07:00",created
11204,3735,"2026-07-01 09:50:13",assigned
11205,3735,"2026-07-01 20:43:09",resolved
11206,3736,"2026-07-27 15:32:00",created
11207,3736,"2026-07-27 17:46:28",assigned
11208,3736,"2026-07-28 02:44:20",resolved
11209,3737,"2026-06-12 13:25:00",created
11210,3737,"2026-06-12 16:00:04",assigned
11211,3737,"2026-06-13 02:20:20",resolved
11212,3738,"2026-05-02 08:33:00",created
11213,3738,"2026-05-02 12:31:06",assigned
11214,3738,"2026-05-03 04:23:33",resolved
11215,3739,"2026-06-06 23:59:00",created
11216,3739,"2026-06-07 07:43:51",assigned
11217,3739,"2026-06-08 14:43:19",resolved
11218,3740,"2026-05-27 16:09:00",created
11219,3740,"2026-05-27 16:46:24",assigned
11220,3740,"2026-05-27 19:16:04",resolved
11221,3741,"2026-07-17 05:42:00",created
11222,3741,"2026-07-17 09:14:53",assigned
11223,3741,"2026-07-17 23:26:28",resolved
11224,3742,"2026-06-10 18:08:00",created
11225,3742,"2026-06-10 20:23:27",assigned
11226,3742,"2026-06-11 05:25:19",resolved
11227,3743,"2026-06-25 17:45:00",created
11228,3743,"2026-06-25 18:39:45",assigned
11229,3743,"2026-06-25 22:18:49",resolved
11230,3744,"2026-05-20 03:51:00",created
11231,3744,"2026-05-20 07:22:15",assigned
11232,3744,"2026-05-20 21:27:19",resolved
11233,3745,"2026-05-01 03:36:00",created
11234,3745,"2026-05-01 04:07:21",assigned
11235,3745,"2026-05-01 06:12:46",resolved
11236,3746,"2026-06-08 00:06:00",created
11237,3746,"2026-06-08 01:06:58",assigned
11238,3746,"2026-06-08 05:10:53",resolved
11239,3747,"2026-05-21 11:28:00",created
11240,3747,"2026-05-21 16:36:09",assigned
11241,3747,"2026-05-22 13:08:47",resolved
11242,3748,"2026-07-21 02:00:00",created
11243,3748,"2026-07-21 04:05:42",assigned
11244,3748,"2026-07-21 12:28:30",resolved
11245,3749,"2026-06-24 12:10:00",created
11246,3749,"2026-06-24 13:32:44",assigned
11247,3749,"2026-06-24 19:03:43",resolved
11248,3750,"2026-05-03 01:16:00",created
11249,3750,"2026-05-03 03:06:10",assigned
11250,3750,"2026-05-03 10:26:53",resolved
11251,3751,"2026-06-18 06:16:00",created
11252,3751,"2026-06-18 13:23:55",assigned
11253,3751,"2026-06-19 17:55:37",resolved
11254,3752,"2026-06-12 01:58:00",created
11255,3752,"2026-06-12 03:02:53",assigned
11256,3752,"2026-06-12 07:22:29",resolved
11257,3753,"2026-06-29 00:29:00",created
11258,3753,"2026-06-29 00:54:49",assigned
11259,3753,"2026-06-29 02:38:09",resolved
11260,3754,"2026-05-31 09:26:00",created
11261,3754,"2026-05-31 11:25:56",assigned
11262,3754,"2026-05-31 19:25:40",resolved
11263,3755,"2026-06-14 15:39:00",created
11264,3755,"2026-06-14 16:40:13",assigned
11265,3755,"2026-06-14 20:45:08",resolved
11266,3756,"2026-06-11 23:27:00",created
11267,3756,"2026-06-12 01:56:40",assigned
11268,3756,"2026-06-12 11:55:23",resolved
11269,3757,"2026-07-16 05:49:00",created
11270,3757,"2026-07-16 07:14:55",assigned
11271,3757,"2026-07-16 12:58:38",resolved
11272,3758,"2026-06-02 16:44:00",created
11273,3758,"2026-06-02 22:23:09",assigned
11274,3758,"2026-06-03 20:59:45",resolved
11275,3759,"2026-07-05 02:16:00",created
11276,3759,"2026-07-05 03:25:29",assigned
11277,3759,"2026-07-05 08:03:27",resolved
11278,3760,"2026-06-19 17:38:00",created
11279,3760,"2026-06-19 20:24:30",assigned
11280,3760,"2026-06-20 07:30:33",resolved
11281,3761,"2026-07-16 10:25:00",created
11282,3761,"2026-07-16 11:45:24",assigned
11283,3761,"2026-07-16 17:07:01",resolved
11284,3762,"2026-06-17 22:03:00",created
11285,3762,"2026-06-18 00:32:40",assigned
11286,3762,"2026-06-18 10:31:20",resolved
11287,3763,"2026-07-12 09:56:00",created
11288,3763,"2026-07-12 11:24:50",assigned
11289,3763,"2026-07-12 17:20:11",resolved
11290,3764,"2026-05-22 14:24:00",created
11291,3764,"2026-05-22 16:49:54",assigned
11292,3764,"2026-05-23 02:33:34",resolved
11293,3765,"2026-07-18 00:19:00",created
11294,3765,"2026-07-18 02:27:09",assigned
11295,3765,"2026-07-18 10:59:48",resolved
11296,3766,"2026-07-16 21:16:00",created
11297,3766,"2026-07-16 23:02:13",assigned
11298,3766,"2026-07-17 06:07:07",resolved
11299,3767,"2026-06-29 05:50:00",created
11300,3767,"2026-06-29 07:06:25",assigned
11301,3767,"2026-06-29 12:12:09",resolved
11302,3768,"2026-07-21 23:54:00",created
11303,3768,"2026-07-22 00:55:16",assigned
11304,3768,"2026-07-22 05:00:21",resolved
11305,3769,"2026-05-31 13:02:00",created
11306,3769,"2026-05-31 15:28:19",assigned
11307,3769,"2026-06-01 01:13:38",resolved
11308,3770,"2026-07-20 16:32:00",created
11309,3770,"2026-07-20 20:55:58",assigned
11310,3770,"2026-07-21 14:31:52",resolved
11311,3771,"2026-06-07 19:13:00",created
11312,3771,"2026-06-07 20:10:15",assigned
11313,3771,"2026-06-07 23:59:17",resolved
11314,3772,"2026-06-05 07:42:00",created
11315,3772,"2026-06-05 12:29:47",assigned
11316,3772,"2026-06-06 07:40:59",resolved
11317,3773,"2026-07-04 03:19:00",created
11318,3773,"2026-07-04 05:40:44",assigned
11319,3773,"2026-07-04 15:07:44",resolved
11320,3774,"2026-05-28 10:25:00",created
11321,3774,"2026-05-28 14:05:48",assigned
11322,3774,"2026-05-29 04:49:00",resolved
11323,3775,"2026-06-16 18:05:00",created
11324,3775,"2026-06-16 20:13:10",assigned
11325,3775,"2026-06-17 04:45:50",resolved
11326,3776,"2026-07-24 03:12:00",created
11327,3776,"2026-07-24 03:59:02",assigned
11328,3776,"2026-07-24 07:07:11",resolved
11329,3777,"2026-07-21 13:52:00",created
11330,3777,"2026-07-21 14:59:04",assigned
11331,3777,"2026-07-21 19:27:21",resolved
11332,3778,"2026-05-24 08:02:00",created
11333,3778,"2026-05-24 09:24:30",assigned
11334,3778,"2026-05-24 14:54:31",resolved
11335,3779,"2026-06-08 16:25:00",created
11336,3779,"2026-06-08 17:08:36",assigned
11337,3779,"2026-06-08 20:03:03",resolved
11338,3780,"2026-05-18 00:01:00",created
11339,3780,"2026-05-18 02:16:58",assigned
11340,3780,"2026-05-18 11:20:52",resolved
11341,3781,"2026-05-31 14:11:00",created
11342,3781,"2026-05-31 19:12:55",assigned
11343,3781,"2026-06-01 15:20:35",resolved
11344,3782,"2026-07-27 21:17:00",created
11345,3782,"2026-07-27 21:48:45",assigned
11346,3782,"2026-07-27 23:55:46",resolved
11347,3783,"2026-07-07 09:46:00",created
11348,3783,"2026-07-07 13:26:32",assigned
11349,3783,"2026-07-08 04:08:44",resolved
11350,3784,"2026-07-04 18:10:00",created
11351,3784,"2026-07-04 20:11:55",assigned
11352,3784,"2026-07-05 04:19:38",resolved
11353,3785,"2026-05-10 03:35:00",created
11354,3785,"2026-05-10 03:57:14",assigned
11355,3785,"2026-05-10 05:26:14",resolved
11356,3786,"2026-07-22 07:26:00",created
11357,3786,"2026-07-22 09:56:38",assigned
11358,3786,"2026-07-22 19:59:12",resolved
11359,3787,"2026-05-01 03:31:00",created
11360,3787,"2026-05-01 05:14:17",assigned
11361,3787,"2026-05-01 12:07:26",resolved
11362,3788,"2026-06-28 01:43:00",created
11363,3788,"2026-06-28 02:33:21",assigned
11364,3788,"2026-06-28 05:54:48",resolved
11365,3789,"2026-05-09 16:08:00",created
11366,3789,"2026-05-09 18:43:59",assigned
11367,3789,"2026-05-10 05:07:57",resolved
11368,3790,"2026-05-04 12:24:00",created
11369,3790,"2026-05-04 13:41:47",assigned
11370,3790,"2026-05-04 18:52:58",resolved
11371,3791,"2026-07-28 13:48:00",created
11372,3791,"2026-07-28 14:24:58",assigned
11373,3791,"2026-07-28 16:52:52",resolved
11374,3792,"2026-07-11 19:18:00",created
11375,3792,"2026-07-11 21:16:05",assigned
11376,3792,"2026-07-12 05:08:27",resolved
11377,3793,"2026-05-14 21:22:00",created
11378,3793,"2026-05-14 23:40:50",assigned
11379,3793,"2026-05-15 08:56:13",resolved
11380,3794,"2026-05-23 22:24:00",created
11381,3794,"2026-05-23 23:05:11",assigned
11382,3794,"2026-05-24 01:49:55",resolved
11383,3795,"2026-07-16 14:13:00",created
11384,3795,"2026-07-16 15:21:14",assigned
11385,3795,"2026-07-16 19:54:13",resolved
11386,3796,"2026-06-19 11:32:00",created
11387,3796,"2026-06-19 13:14:45",assigned
11388,3796,"2026-06-19 20:05:49",resolved
11389,3797,"2026-07-10 02:38:00",created
11390,3797,"2026-07-10 04:24:49",assigned
11391,3797,"2026-07-10 11:32:08",resolved
11392,3798,"2026-07-01 13:11:00",created
11393,3798,"2026-07-01 14:33:41",assigned
11394,3798,"2026-07-01 20:04:25",resolved
11395,3799,"2026-06-05 18:50:00",created
11396,3799,"2026-06-05 19:18:38",assigned
11397,3799,"2026-06-05 21:13:14",resolved
11398,3800,"2026-07-18 10:47:00",created
11399,3800,"2026-07-18 12:50:19",assigned
11400,3800,"2026-07-18 21:03:39",resolved
11401,3801,"2026-05-08 20:06:00",created
11402,3801,"2026-05-08 21:05:12",assigned
11403,3801,"2026-05-09 01:02:04",resolved
11404,3802,"2026-05-02 18:57:00",created
11405,3802,"2026-05-02 19:50:20",assigned
11406,3802,"2026-05-02 23:23:40",resolved
11407,3803,"2026-07-09 23:44:00",created
11408,3803,"2026-07-10 01:50:04",assigned
11409,3803,"2026-07-10 10:14:24",resolved
11410,3804,"2026-05-22 11:38:00",created
11411,3804,"2026-05-22 12:14:03",assigned
11412,3804,"2026-05-22 14:38:19",resolved
11413,3805,"2026-07-17 02:15:00",created
11414,3805,"2026-07-17 04:22:54",assigned
11415,3805,"2026-07-17 12:54:30",resolved
11416,3806,"2026-06-01 04:58:00",created
11417,3806,"2026-06-01 06:04:49",assigned
11418,3806,"2026-06-01 10:32:07",resolved
11419,3807,"2026-05-22 10:30:00",created
11420,3807,"2026-05-22 11:36:07",assigned
11421,3807,"2026-05-22 16:00:39",resolved
11422,3808,"2026-05-27 11:27:00",created
11423,3808,"2026-05-27 13:47:20",assigned
11424,3808,"2026-05-27 23:08:42",resolved
11425,3809,"2026-07-05 08:08:00",created
11426,3809,"2026-07-05 09:29:42",assigned
11427,3809,"2026-07-05 14:56:32",resolved
11428,3810,"2026-06-24 10:44:00",created
11429,3810,"2026-06-24 11:25:23",assigned
11430,3810,"2026-06-24 14:10:59",resolved
11431,3811,"2026-05-06 16:42:00",created
11432,3811,"2026-05-06 19:00:14",assigned
11433,3811,"2026-05-07 04:13:11",resolved
11434,3812,"2026-05-02 22:15:00",created
11435,3812,"2026-05-03 01:18:14",assigned
11436,3812,"2026-05-03 13:31:10",resolved
11437,3813,"2026-07-19 00:42:00",created
11438,3813,"2026-07-19 02:31:13",assigned
11439,3813,"2026-07-19 09:48:07",resolved
11440,3814,"2026-05-25 04:05:00",created
11441,3814,"2026-05-25 05:21:58",assigned
11442,3814,"2026-05-25 10:29:52",resolved
11443,3815,"2026-06-02 03:38:00",created
11444,3815,"2026-06-02 04:19:12",assigned
11445,3815,"2026-06-02 07:04:02",resolved
11446,3816,"2026-07-09 13:31:00",created
11447,3816,"2026-07-09 14:10:44",assigned
11448,3816,"2026-07-09 16:49:40",resolved
11449,3817,"2026-05-31 00:07:00",created
11450,3817,"2026-05-31 01:11:34",assigned
11451,3817,"2026-05-31 05:29:50",resolved
11452,3818,"2026-06-26 08:08:00",created
11453,3818,"2026-06-26 11:12:05",assigned
11454,3818,"2026-06-26 23:28:29",resolved
11455,3819,"2026-05-03 08:33:00",created
11456,3819,"2026-05-03 11:59:32",assigned
11457,3819,"2026-05-04 01:45:41",resolved
11458,3820,"2026-05-14 20:53:00",created
11459,3820,"2026-05-15 01:04:57",assigned
11460,3820,"2026-05-15 17:52:45",resolved
11461,3821,"2026-07-15 16:09:00",created
11462,3821,"2026-07-15 17:05:17",assigned
11463,3821,"2026-07-15 20:50:28",resolved
11464,3822,"2026-06-23 09:00:00",created
11465,3822,"2026-06-23 12:00:23",assigned
11466,3822,"2026-06-24 00:01:56",resolved
11467,3823,"2026-05-02 03:50:00",created
11468,3823,"2026-05-02 04:45:05",assigned
11469,3823,"2026-05-02 08:25:29",resolved
11470,3824,"2026-05-10 21:55:00",created
11471,3824,"2026-05-11 00:30:11",assigned
11472,3824,"2026-05-11 10:50:57",resolved
11473,3825,"2026-07-21 07:48:00",created
11474,3825,"2026-07-21 08:39:22",assigned
11475,3825,"2026-07-21 12:04:54",resolved
11476,3826,"2026-06-06 13:36:00",created
11477,3826,"2026-06-06 16:16:28",assigned
11478,3826,"2026-06-07 02:58:21",resolved
11479,3827,"2026-05-16 14:48:00",created
11480,3827,"2026-05-16 16:58:36",assigned
11481,3827,"2026-05-17 01:41:02",resolved
11482,3828,"2026-07-25 15:26:00",created
11483,3828,"2026-07-25 18:13:14",assigned
11484,3828,"2026-07-26 05:22:13",resolved
11485,3829,"2026-06-11 18:28:00",created
11486,3829,"2026-06-11 20:49:33",assigned
11487,3829,"2026-06-12 06:15:48",resolved
11488,3830,"2026-06-18 22:28:00",created
11489,3830,"2026-06-19 03:05:32",assigned
11490,3830,"2026-06-19 21:35:44",resolved
11491,3831,"2026-05-08 11:14:00",created
11492,3831,"2026-05-08 14:23:37",assigned
11493,3831,"2026-05-09 03:02:06",resolved
11494,3832,"2026-05-28 05:33:00",created
11495,3832,"2026-05-28 07:27:33",assigned
11496,3832,"2026-05-28 15:05:47",resolved
11497,3833,"2026-07-13 06:58:00",created
11498,3833,"2026-07-13 07:33:19",assigned
11499,3833,"2026-07-13 09:54:35",resolved
11500,3834,"2026-06-23 08:26:00",created
11501,3834,"2026-06-23 11:17:47",assigned
11502,3834,"2026-06-23 22:44:57",resolved
11503,3835,"2026-07-16 12:56:00",created
11504,3835,"2026-07-16 13:54:35",assigned
11505,3835,"2026-07-16 17:48:59",resolved
11506,3836,"2026-06-01 03:14:00",created
11507,3836,"2026-06-01 03:43:26",assigned
11508,3836,"2026-06-01 05:41:13",resolved
11509,3837,"2026-07-20 15:35:00",created
11510,3837,"2026-07-20 16:24:27",assigned
11511,3837,"2026-07-20 19:42:16",resolved
11512,3838,"2026-05-25 02:37:00",created
11513,3838,"2026-05-25 04:15:54",assigned
11514,3838,"2026-05-25 10:51:32",resolved
11515,3839,"2026-06-05 18:43:00",created
11516,3839,"2026-06-05 19:24:17",assigned
11517,3839,"2026-06-05 22:09:29",resolved
11518,3840,"2026-06-21 09:38:00",created
11519,3840,"2026-06-21 11:50:37",assigned
11520,3840,"2026-06-21 20:41:08",resolved
11521,3841,"2026-06-20 19:15:00",created
11522,3841,"2026-06-20 21:57:21",assigned
11523,3841,"2026-06-21 08:46:48",resolved
11524,3842,"2026-06-07 05:48:00",created
11525,3842,"2026-06-07 07:11:26",assigned
11526,3842,"2026-06-07 12:45:13",resolved
11527,3843,"2026-06-12 20:03:00",created
11528,3843,"2026-06-12 20:38:26",assigned
11529,3843,"2026-06-12 23:00:10",resolved
11530,3844,"2026-06-07 05:03:00",created
11531,3844,"2026-06-07 06:56:02",assigned
11532,3844,"2026-06-07 14:28:12",resolved
11533,3845,"2026-05-04 05:15:00",created
11534,3845,"2026-05-04 06:09:20",assigned
11535,3845,"2026-05-04 09:46:44",resolved
11536,3846,"2026-06-08 05:41:00",created
11537,3846,"2026-06-08 07:36:17",assigned
11538,3846,"2026-06-08 15:17:26",resolved
11539,3847,"2026-07-23 19:51:00",created
11540,3847,"2026-07-23 22:46:37",assigned
11541,3847,"2026-07-24 10:29:06",resolved
11542,3848,"2026-05-04 06:22:00",created
11543,3848,"2026-05-04 08:45:38",assigned
11544,3848,"2026-05-04 18:20:10",resolved
11545,3849,"2026-06-13 12:33:00",created
11546,3849,"2026-06-13 13:46:45",assigned
11547,3849,"2026-06-13 18:41:48",resolved
11548,3850,"2026-05-25 12:17:00",created
11549,3850,"2026-05-25 13:27:41",assigned
11550,3850,"2026-05-25 18:10:28",resolved
11551,3851,"2026-06-17 22:47:00",created
11552,3851,"2026-06-18 01:38:53",assigned
11553,3851,"2026-06-18 13:06:26",resolved
11554,3852,"2026-07-24 05:40:00",created
11555,3852,"2026-07-24 06:14:39",assigned
11556,3852,"2026-07-24 08:33:19",resolved
11557,3853,"2026-06-10 04:46:00",created
11558,3853,"2026-06-10 05:52:00",assigned
11559,3853,"2026-06-10 10:16:03",resolved
11560,3854,"2026-07-10 05:05:00",created
11561,3854,"2026-07-10 05:56:30",assigned
11562,3854,"2026-07-10 09:22:30",resolved
11563,3855,"2026-05-16 06:53:00",created
11564,3855,"2026-05-16 09:28:11",assigned
11565,3855,"2026-05-16 19:48:57",resolved
11566,3856,"2026-07-21 04:30:00",created
11567,3856,"2026-07-21 05:50:28",assigned
11568,3856,"2026-07-21 11:12:20",resolved
11569,3857,"2026-07-11 18:39:00",created
11570,3857,"2026-07-11 23:59:11",assigned
11571,3857,"2026-07-12 21:19:59",resolved
11572,3858,"2026-07-12 19:03:00",created
11573,3858,"2026-07-12 22:08:30",assigned
11574,3858,"2026-07-13 10:30:32",resolved
11575,3859,"2026-07-02 19:23:00",created
11576,3859,"2026-07-02 23:14:17",assigned
11577,3859,"2026-07-03 14:39:29",resolved
11578,3860,"2026-07-28 14:59:00",created
11579,3860,"2026-07-28 15:25:15",assigned
11580,3860,"2026-07-28 17:10:16",resolved
11581,3861,"2026-06-15 19:54:00",created
11582,3861,"2026-06-15 21:19:37",assigned
11583,3861,"2026-06-16 03:02:06",resolved
11584,3862,"2026-05-29 04:44:00",created
11585,3862,"2026-05-29 05:29:04",assigned
11586,3862,"2026-05-29 08:29:21",resolved
11587,3863,"2026-06-19 17:49:00",created
11588,3863,"2026-06-19 18:56:30",assigned
11589,3863,"2026-06-19 23:26:33",resolved
11590,3864,"2026-05-09 08:39:00",created
11591,3864,"2026-05-09 10:28:51",assigned
11592,3864,"2026-05-09 17:48:19",resolved
11593,3865,"2026-05-29 20:48:00",created
11594,3865,"2026-05-30 00:39:20",assigned
11595,3865,"2026-05-30 16:04:44",resolved
11596,3866,"2026-07-26 20:54:00",created
11597,3866,"2026-07-26 21:54:57",assigned
11598,3866,"2026-07-27 01:58:45",resolved
11599,3867,"2026-05-15 00:28:00",created
11600,3867,"2026-05-15 01:10:15",assigned
11601,3867,"2026-05-15 03:59:16",resolved
11602,3868,"2026-05-17 23:56:00",created
11603,3868,"2026-05-18 02:12:47",assigned
11604,3868,"2026-05-18 11:19:58",resolved
11605,3869,"2026-05-04 16:09:00",created
11606,3869,"2026-05-04 16:55:05",assigned
11607,3869,"2026-05-04 19:59:26",resolved
11608,3870,"2026-06-01 04:03:00",created
11609,3870,"2026-06-01 06:07:55",assigned
11610,3870,"2026-06-01 14:27:37",resolved
11611,3871,"2026-06-29 23:22:00",created
11612,3871,"2026-06-29 23:46:53",assigned
11613,3871,"2026-06-30 01:26:28",resolved
11614,3872,"2026-06-17 17:20:00",created
11615,3872,"2026-06-17 19:07:30",assigned
11616,3872,"2026-06-18 02:17:34",resolved
11617,3873,"2026-05-19 08:14:00",created
11618,3873,"2026-05-19 08:31:15",assigned
11619,3873,"2026-05-19 09:40:18",resolved
11620,3874,"2026-07-02 22:56:00",created
11621,3874,"2026-07-03 00:13:34",assigned
11622,3874,"2026-07-03 05:23:53",resolved
11623,3875,"2026-06-25 11:58:00",created
11624,3875,"2026-06-25 14:08:05",assigned
11625,3875,"2026-06-25 22:48:25",resolved
11626,3876,"2026-06-03 06:43:00",created
11627,3876,"2026-06-03 07:23:01",assigned
11628,3876,"2026-06-03 10:03:06",resolved
11629,3877,"2026-06-22 11:13:00",created
11630,3877,"2026-06-22 12:22:38",assigned
11631,3877,"2026-06-22 17:01:13",resolved
11632,3878,"2026-07-12 00:58:00",created
11633,3878,"2026-07-12 02:17:02",assigned
11634,3878,"2026-07-12 07:33:12",resolved
11635,3879,"2026-06-28 08:35:00",created
11636,3879,"2026-06-28 09:16:49",assigned
11637,3879,"2026-06-28 12:04:08",resolved
11638,3880,"2026-06-20 14:01:00",created
11639,3880,"2026-06-20 18:35:01",assigned
11640,3880,"2026-06-21 12:51:07",resolved
11641,3881,"2026-05-27 01:01:00",created
11642,3881,"2026-05-27 03:32:45",assigned
11643,3881,"2026-05-27 13:39:49",resolved
11644,3882,"2026-06-17 02:47:00",created
11645,3882,"2026-06-17 03:34:21",assigned
11646,3882,"2026-06-17 06:43:47",resolved
11647,3883,"2026-06-03 23:02:00",created
11648,3883,"2026-06-04 05:16:43",assigned
11649,3883,"2026-06-05 06:15:39",resolved
11650,3884,"2026-06-22 19:15:00",created
11651,3884,"2026-06-23 01:08:16",assigned
11652,3884,"2026-06-24 00:41:24",resolved
11653,3885,"2026-07-26 10:30:00",created
11654,3885,"2026-07-26 10:58:06",assigned
11655,3885,"2026-07-26 12:50:33",resolved
11656,3886,"2026-07-13 23:33:00",created
11657,3886,"2026-07-14 01:48:59",assigned
11658,3886,"2026-07-14 10:52:56",resolved
11659,3887,"2026-06-18 22:17:00",created
11660,3887,"2026-06-18 23:43:34",assigned
11661,3887,"2026-06-19 05:29:50",resolved
11662,3888,"2026-07-08 22:11:00",created
11663,3888,"2026-07-09 00:42:37",assigned
11664,3888,"2026-07-09 10:49:07",resolved
11665,3889,"2026-06-29 04:11:00",created
11666,3889,"2026-06-29 05:45:47",assigned
11667,3889,"2026-06-29 12:04:55",resolved
11668,3890,"2026-06-09 10:38:00",created
11669,3890,"2026-06-09 11:40:18",assigned
11670,3890,"2026-06-09 15:49:31",resolved
11671,3891,"2026-07-02 01:15:00",created
11672,3891,"2026-07-02 02:13:11",assigned
11673,3891,"2026-07-02 06:05:56",resolved
11674,3892,"2026-07-19 18:26:00",created
11675,3892,"2026-07-19 20:02:57",assigned
11676,3892,"2026-07-20 02:30:46",resolved
11677,3893,"2026-07-25 05:36:00",created
11678,3893,"2026-07-25 06:15:44",assigned
11679,3893,"2026-07-25 08:54:41",resolved
11680,3894,"2026-06-10 00:58:00",created
11681,3894,"2026-06-10 02:37:37",assigned
11682,3894,"2026-06-10 09:16:07",resolved
11683,3895,"2026-07-10 12:47:00",created
11684,3895,"2026-07-10 14:29:49",assigned
11685,3895,"2026-07-10 21:21:07",resolved
11686,3896,"2026-06-01 17:04:00",created
11687,3896,"2026-06-01 21:41:27",assigned
11688,3896,"2026-06-02 16:11:18",resolved
11689,3897,"2026-05-12 04:52:00",created
11690,3897,"2026-05-12 07:48:58",assigned
11691,3897,"2026-05-12 19:36:53",resolved
11692,3898,"2026-05-10 22:39:00",created
11693,3898,"2026-05-11 00:54:50",assigned
11694,3898,"2026-05-11 09:58:13",resolved
11695,3899,"2026-06-17 01:08:00",created
11696,3899,"2026-06-17 01:44:46",assigned
11697,3899,"2026-06-17 04:11:54",resolved
11698,3900,"2026-07-02 06:05:00",created
11699,3900,"2026-07-02 07:33:38",assigned
11700,3900,"2026-07-02 13:28:12",resolved
11701,3901,"2026-07-01 09:27:00",created
11702,3901,"2026-07-01 10:41:11",assigned
11703,3901,"2026-07-01 15:37:58",resolved
11704,3902,"2026-05-29 03:18:00",created
11705,3902,"2026-05-29 04:40:37",assigned
11706,3902,"2026-05-29 10:11:05",resolved
11707,3903,"2026-07-12 08:34:00",created
11708,3903,"2026-07-12 10:54:57",assigned
11709,3903,"2026-07-12 20:18:45",resolved
11710,3904,"2026-07-14 09:28:00",created
11711,3904,"2026-07-14 10:27:44",assigned
11712,3904,"2026-07-14 14:26:43",resolved
11713,3905,"2026-05-23 15:03:00",created
11714,3905,"2026-05-23 17:00:26",assigned
11715,3905,"2026-05-24 00:50:14",resolved
11716,3906,"2026-07-28 10:09:00",created
11717,3906,"2026-07-28 11:19:32",assigned
11718,3906,"2026-07-28 16:01:44",resolved
11719,3907,"2026-05-01 11:01:00",created
11720,3907,"2026-05-01 12:04:05",assigned
11721,3907,"2026-05-01 16:16:26",resolved
11722,3908,"2026-05-14 14:20:00",created
11723,3908,"2026-05-14 19:03:40",assigned
11724,3908,"2026-05-15 13:58:23",resolved
11725,3909,"2026-06-08 13:52:00",created
11726,3909,"2026-06-08 14:47:02",assigned
11727,3909,"2026-06-08 18:27:14",resolved
11728,3910,"2026-05-23 09:00:00",created
11729,3910,"2026-05-23 10:13:50",assigned
11730,3910,"2026-05-23 15:09:13",resolved
11731,3911,"2026-06-10 01:40:00",created
11732,3911,"2026-06-10 03:17:23",assigned
11733,3911,"2026-06-10 09:46:57",resolved
11734,3912,"2026-05-21 14:58:00",created
11735,3912,"2026-05-21 18:08:22",assigned
11736,3912,"2026-05-22 06:49:53",resolved
11737,3913,"2026-06-14 01:39:00",created
11738,3913,"2026-06-14 02:17:55",assigned
11739,3913,"2026-06-14 04:53:35",resolved
11740,3914,"2026-06-19 01:41:00",created
11741,3914,"2026-06-19 04:27:30",assigned
11742,3914,"2026-06-19 15:33:32",resolved
11743,3915,"2026-07-18 21:17:00",created
11744,3915,"2026-07-18 22:02:24",assigned
11745,3915,"2026-07-19 01:04:00",resolved
11746,3916,"2026-07-17 17:38:00",created
11747,3916,"2026-07-17 20:56:01",assigned
11748,3916,"2026-07-18 10:08:09",resolved
11749,3917,"2026-07-08 02:05:00",created
11750,3917,"2026-07-08 05:34:18",assigned
11751,3917,"2026-07-08 19:31:34",resolved
11752,3918,"2026-06-29 08:42:00",created
11753,3918,"2026-06-29 09:32:19",assigned
11754,3918,"2026-06-29 12:53:35",resolved
11755,3919,"2026-05-11 03:12:00",created
11756,3919,"2026-05-11 09:03:54",assigned
11757,3919,"2026-05-12 08:31:34",resolved
11758,3920,"2026-05-23 04:48:00",created
11759,3920,"2026-05-23 06:50:47",assigned
11760,3920,"2026-05-23 15:01:59",resolved
11761,3921,"2026-07-10 08:52:00",created
11762,3921,"2026-07-10 14:47:42",assigned
11763,3921,"2026-07-11 14:30:30",resolved
11764,3922,"2026-06-22 20:17:00",created
11765,3922,"2026-06-22 20:57:34",assigned
11766,3922,"2026-06-22 23:39:50",resolved
11767,3923,"2026-05-20 00:18:00",created
11768,3923,"2026-05-20 02:41:52",assigned
11769,3923,"2026-05-20 12:17:20",resolved
11770,3924,"2026-07-08 10:39:00",created
11771,3924,"2026-07-08 13:15:11",assigned
11772,3924,"2026-07-08 23:39:55",resolved
11773,3925,"2026-06-07 11:17:00",created
11774,3925,"2026-06-07 13:15:21",assigned
11775,3925,"2026-06-07 21:08:48",resolved
11776,3926,"2026-05-18 16:03:00",created
11777,3926,"2026-05-18 17:42:23",assigned
11778,3926,"2026-05-19 00:19:57",resolved
11779,3927,"2026-05-25 06:14:00",created
11780,3927,"2026-05-25 08:28:04",assigned
11781,3927,"2026-05-25 17:24:24",resolved
11782,3928,"2026-07-22 13:18:00",created
11783,3928,"2026-07-22 14:15:34",assigned
11784,3928,"2026-07-22 18:05:53",resolved
11785,3929,"2026-06-29 10:53:00",created
11786,3929,"2026-06-29 13:00:10",assigned
11787,3929,"2026-06-29 21:28:53",resolved
11788,3930,"2026-05-25 20:38:00",created
11789,3930,"2026-05-25 23:29:55",assigned
11790,3930,"2026-05-26 10:57:35",resolved
11791,3931,"2026-07-04 09:49:00",created
11792,3931,"2026-07-04 11:41:31",assigned
11793,3931,"2026-07-04 19:11:39",resolved
11794,3932,"2026-05-22 14:50:00",created
11795,3932,"2026-05-22 16:10:36",assigned
11796,3932,"2026-05-22 21:33:01",resolved
11797,3933,"2026-05-17 20:58:00",created
11798,3933,"2026-05-17 21:58:26",assigned
11799,3933,"2026-05-18 02:00:12",resolved
11800,3934,"2026-05-15 16:39:00",created
11801,3934,"2026-05-15 18:46:51",assigned
11802,3934,"2026-05-16 03:18:15",resolved
11803,3935,"2026-05-19 07:51:00",created
11804,3935,"2026-05-19 11:49:54",assigned
11805,3935,"2026-05-20 03:45:34",resolved
11806,3936,"2026-07-24 07:04:00",created
11807,3936,"2026-07-24 11:07:51",assigned
11808,3936,"2026-07-25 03:23:17",resolved
11809,3937,"2026-07-29 05:03:00",created
11810,3937,"2026-07-29 06:58:43",assigned
11811,3937,"2026-07-29 14:41:36",resolved
11812,3938,"2026-07-03 16:15:00",created
11813,3938,"2026-07-03 17:52:11",assigned
11814,3938,"2026-07-04 00:20:58",resolved
11815,3939,"2026-07-20 03:01:00",created
11816,3939,"2026-07-20 05:03:13",assigned
11817,3939,"2026-07-20 13:12:09",resolved
11818,3940,"2026-06-29 14:38:00",created
11819,3940,"2026-06-29 15:33:33",assigned
11820,3940,"2026-06-29 19:15:48",resolved
11821,3941,"2026-07-13 16:05:00",created
11822,3941,"2026-07-14 02:16:29",assigned
11823,3941,"2026-07-15 19:02:28",resolved
11824,3942,"2026-07-02 17:28:00",created
11825,3942,"2026-07-02 19:54:54",assigned
11826,3942,"2026-07-03 05:42:33",resolved
11827,3943,"2026-07-10 19:09:00",created
11828,3943,"2026-07-10 20:43:02",assigned
11829,3943,"2026-07-11 02:59:11",resolved
11830,3944,"2026-06-01 16:24:00",created
11831,3944,"2026-06-01 18:27:40",assigned
11832,3944,"2026-06-02 02:42:21",resolved
11833,3945,"2026-05-05 02:20:00",created
11834,3945,"2026-05-05 03:56:07",assigned
11835,3945,"2026-05-05 10:20:35",resolved
11836,3946,"2026-07-27 21:27:00",created
11837,3946,"2026-07-27 23:32:38",assigned
11838,3946,"2026-07-28 07:55:11",resolved
11839,3947,"2026-05-06 06:51:00",created
11840,3947,"2026-05-06 08:02:02",assigned
11841,3947,"2026-05-06 12:46:11",resolved
11842,3948,"2026-07-06 06:06:00",created
11843,3948,"2026-07-06 08:17:10",assigned
11844,3948,"2026-07-06 17:01:53",resolved
11845,3949,"2026-06-02 23:30:00",created
11846,3949,"2026-06-03 00:57:10",assigned
11847,3949,"2026-06-03 06:45:54",resolved
11848,3950,"2026-07-29 12:36:00",created
11849,3950,"2026-07-29 16:37:47",assigned
11850,3950,"2026-07-30 08:44:58",resolved
11851,3951,"2026-05-21 20:58:00",created
11852,3951,"2026-05-21 22:13:13",assigned
11853,3951,"2026-05-22 03:14:07",resolved
11854,3952,"2026-07-14 23:48:00",created
11855,3952,"2026-07-15 02:21:49",assigned
11856,3952,"2026-07-15 12:37:06",resolved
11857,3953,"2026-05-03 18:48:00",created
11858,3953,"2026-05-03 20:16:11",assigned
11859,3953,"2026-05-04 02:08:55",resolved
11860,3954,"2026-06-05 14:08:00",created
11861,3954,"2026-06-05 17:29:04",assigned
11862,3954,"2026-06-06 06:53:24",resolved
11863,3955,"2026-05-26 20:00:00",created
11864,3955,"2026-05-26 20:56:44",assigned
11865,3955,"2026-05-27 00:43:44",resolved
11866,3956,"2026-06-21 13:03:00",created
11867,3956,"2026-06-21 13:53:52",assigned
11868,3956,"2026-06-21 17:17:23",resolved
11869,3957,"2026-07-28 14:47:00",created
11870,3957,"2026-07-28 15:58:39",assigned
11871,3957,"2026-07-28 20:45:19",resolved
11872,3958,"2026-06-27 12:41:00",created
11873,3958,"2026-06-27 14:29:11",assigned
11874,3958,"2026-06-27 21:41:59",resolved
11875,3959,"2026-06-16 22:44:00",created
11876,3959,"2026-06-17 05:06:53",assigned
11877,3959,"2026-06-18 06:38:28",resolved
11878,3960,"2026-05-04 06:30:00",created
11879,3960,"2026-05-04 10:01:12",assigned
11880,3960,"2026-05-05 00:06:01",resolved
11881,3961,"2026-05-30 04:48:00",created
11882,3961,"2026-05-30 08:37:28",assigned
11883,3961,"2026-05-30 23:55:21",resolved
11884,3962,"2026-06-01 10:51:00",created
11885,3962,"2026-06-01 11:35:39",assigned
11886,3962,"2026-06-01 14:34:15",resolved
11887,3963,"2026-07-13 19:47:00",created
11888,3963,"2026-07-13 20:50:45",assigned
11889,3963,"2026-07-14 01:05:47",resolved
11890,3964,"2026-06-11 21:45:00",created
11891,3964,"2026-06-11 23:58:52",assigned
11892,3964,"2026-06-12 08:54:24",resolved
11893,3965,"2026-05-25 14:09:00",created
11894,3965,"2026-05-25 17:56:31",assigned
11895,3965,"2026-05-26 09:06:37",resolved
11896,3966,"2026-07-21 18:59:00",created
11897,3966,"2026-07-21 20:38:49",assigned
11898,3966,"2026-07-22 03:18:09",resolved
11899,3967,"2026-06-22 13:48:00",created
11900,3967,"2026-06-22 15:41:28",assigned
11901,3967,"2026-06-22 23:15:22",resolved
11902,3968,"2026-06-04 11:59:00",created
11903,3968,"2026-06-04 13:53:18",assigned
11904,3968,"2026-06-04 21:30:34",resolved
11905,3969,"2026-07-10 07:26:00",created
11906,3969,"2026-07-10 10:50:54",assigned
11907,3969,"2026-07-11 00:30:33",resolved
11908,3970,"2026-05-19 11:53:00",created
11909,3970,"2026-05-19 12:41:53",assigned
11910,3970,"2026-05-19 15:57:28",resolved
11911,3971,"2026-05-22 19:08:00",created
11912,3971,"2026-05-22 20:46:54",assigned
11913,3971,"2026-05-23 03:22:31",resolved
11914,3972,"2026-07-20 21:42:00",created
11915,3972,"2026-07-20 23:31:09",assigned
11916,3972,"2026-07-21 06:47:46",resolved
11917,3973,"2026-07-05 16:37:00",created
11918,3973,"2026-07-05 17:39:33",assigned
11919,3973,"2026-07-05 21:49:48",resolved
11920,3974,"2026-07-14 05:13:00",created
11921,3974,"2026-07-14 09:18:36",assigned
11922,3974,"2026-07-15 01:41:04",resolved
11923,3975,"2026-07-17 11:11:00",created
11924,3975,"2026-07-17 12:51:10",assigned
11925,3975,"2026-07-17 19:31:50",resolved
11926,3976,"2026-06-07 06:36:00",created
11927,3976,"2026-06-07 07:49:19",assigned
11928,3976,"2026-06-07 12:42:36",resolved
11929,3977,"2026-07-21 16:23:00",created
11930,3977,"2026-07-21 19:06:59",assigned
11931,3977,"2026-07-22 06:02:57",resolved
11932,3978,"2026-07-21 20:33:00",created
11933,3978,"2026-07-21 21:09:33",assigned
11934,3978,"2026-07-21 23:35:45",resolved
11935,3979,"2026-05-27 01:48:00",created
11936,3979,"2026-05-27 03:24:37",assigned
11937,3979,"2026-05-27 09:51:06",resolved
11938,3980,"2026-06-05 21:11:00",created
11939,3980,"2026-06-05 22:46:09",assigned
11940,3980,"2026-06-06 05:06:46",resolved
11941,3981,"2026-05-26 18:20:00",created
11942,3981,"2026-05-26 19:22:57",assigned
11943,3981,"2026-05-26 23:34:46",resolved
11944,3982,"2026-06-07 10:14:00",created
11945,3982,"2026-06-07 11:22:20",assigned
11946,3982,"2026-06-07 15:55:41",resolved
11947,3983,"2026-05-22 17:14:00",created
11948,3983,"2026-05-22 18:18:49",assigned
11949,3983,"2026-05-22 22:38:06",resolved
11950,3984,"2026-06-21 05:44:00",created
11951,3984,"2026-06-21 07:52:38",assigned
11952,3984,"2026-06-21 16:27:11",resolved
11953,3985,"2026-06-02 22:21:00",created
11954,3985,"2026-06-02 23:23:04",assigned
11955,3985,"2026-06-03 03:31:21",resolved
11956,3986,"2026-06-15 11:37:00",created
11957,3986,"2026-06-15 12:08:21",assigned
11958,3986,"2026-06-15 14:13:46",resolved
11959,3987,"2026-05-27 21:33:00",created
11960,3987,"2026-05-27 23:34:04",assigned
11961,3987,"2026-05-28 07:38:21",resolved
11962,3988,"2026-05-07 23:55:00",created
11963,3988,"2026-05-08 07:17:46",assigned
11964,3988,"2026-05-09 12:48:52",resolved
11965,3989,"2026-07-08 02:04:00",created
11966,3989,"2026-07-08 03:01:42",assigned
11967,3989,"2026-07-08 06:52:30",resolved
11968,3990,"2026-07-15 23:02:00",created
11969,3990,"2026-07-16 00:41:42",assigned
11970,3990,"2026-07-16 07:20:33",resolved
11971,3991,"2026-07-28 07:00:00",created
11972,3991,"2026-07-28 08:25:55",assigned
11973,3991,"2026-07-28 14:09:35",resolved
11974,3992,"2026-06-24 03:10:00",created
11975,3992,"2026-06-24 04:10:00",assigned
11976,3992,"2026-06-24 08:10:00",resolved
11977,3993,"2026-06-30 00:47:00",created
11978,3993,"2026-06-30 02:18:40",assigned
11979,3993,"2026-06-30 08:25:24",resolved
11980,3994,"2026-05-05 23:32:00",created
11981,3994,"2026-05-06 04:49:59",assigned
11982,3994,"2026-05-07 02:01:59",resolved
11983,3995,"2026-05-02 12:27:00",created
11984,3995,"2026-05-02 15:45:22",assigned
11985,3995,"2026-05-03 04:58:50",resolved
11986,3996,"2026-06-15 18:45:00",created
11987,3996,"2026-06-15 19:31:20",assigned
11988,3996,"2026-06-15 22:36:43",resolved
11989,3997,"2026-06-20 10:15:00",created
11990,3997,"2026-06-20 13:03:09",assigned
11991,3997,"2026-06-21 00:15:48",resolved
11992,3998,"2026-06-27 22:26:00",created
11993,3998,"2026-06-28 00:38:19",assigned
11994,3998,"2026-06-28 09:27:37",resolved
11995,3999,"2026-05-03 16:51:00",created
11996,3999,"2026-05-03 18:18:09",assigned
11997,3999,"2026-05-04 00:06:47",resolved
11998,4000,"2026-06-13 08:31:00",created
11999,4000,"2026-06-13 13:00:47",assigned
12000,4000,"2026-06-14 06:59:56",resolved
12001,4001,"2026-07-05 21:25:00",created
12002,4001,"2026-07-05 23:10:47",assigned
12003,4001,"2026-07-06 06:13:58",resolved
12004,4002,"2026-07-07 05:39:00",created
12005,4002,"2026-07-07 06:06:57",assigned
12006,4002,"2026-07-07 07:58:48",resolved
12007,4003,"2026-05-30 02:59:00",created
12008,4003,"2026-05-30 03:36:10",assigned
12009,4003,"2026-05-30 06:04:54",resolved
12010,4004,"2026-07-12 17:43:00",created
12011,4004,"2026-07-12 18:46:31",assigned
12012,4004,"2026-07-12 23:00:38",resolved
12013,4005,"2026-07-01 21:29:00",created
12014,4005,"2026-07-01 23:12:03",assigned
12015,4005,"2026-07-02 06:04:15",resolved
12016,4006,"2026-07-15 09:00:00",created
12017,4006,"2026-07-15 11:19:15",assigned
12018,4006,"2026-07-15 20:36:17",resolved
12019,4007,"2026-07-01 04:19:00",created
12020,4007,"2026-07-01 05:43:30",assigned
12021,4007,"2026-07-01 11:21:32",resolved
12022,4008,"2026-05-15 15:11:00",created
12023,4008,"2026-05-15 16:42:08",assigned
12024,4008,"2026-05-15 22:46:42",resolved
12025,4009,"2026-05-02 05:42:00",created
12026,4009,"2026-05-02 07:43:25",assigned
12027,4009,"2026-05-02 15:49:06",resolved
12028,4010,"2026-07-11 23:24:00",created
12029,4010,"2026-07-12 01:27:39",assigned
12030,4010,"2026-07-12 09:42:18",resolved
12031,4011,"2026-05-11 09:17:00",created
12032,4011,"2026-05-11 10:20:43",assigned
12033,4011,"2026-05-11 14:35:37",resolved
12034,4012,"2026-06-11 20:03:00",created
12035,4012,"2026-06-11 20:34:38",assigned
12036,4012,"2026-06-11 22:41:13",resolved
12037,4013,"2026-06-11 10:39:00",created
12038,4013,"2026-06-11 12:30:40",assigned
12039,4013,"2026-06-11 19:57:24",resolved
12040,4014,"2026-06-01 06:02:00",created
12041,4014,"2026-06-01 10:04:17",assigned
12042,4014,"2026-06-02 02:13:29",resolved
12043,4015,"2026-07-29 02:57:00",created
12044,4015,"2026-07-29 03:42:40",assigned
12045,4015,"2026-07-29 06:45:20",resolved
12046,4016,"2026-05-30 16:01:00",created
12047,4016,"2026-05-30 20:06:16",assigned
12048,4016,"2026-05-31 12:27:24",resolved
12049,4017,"2026-07-09 07:41:00",created
12050,4017,"2026-07-09 11:14:47",assigned
12051,4017,"2026-07-10 01:29:57",resolved
12052,4018,"2026-07-03 18:03:00",created
12053,4018,"2026-07-03 19:14:19",assigned
12054,4018,"2026-07-03 23:59:37",resolved
12055,4019,"2026-06-04 07:48:00",created
12056,4019,"2026-06-04 08:30:58",assigned
12057,4019,"2026-06-04 11:22:53",resolved
12058,4020,"2026-07-19 21:12:00",created
12059,4020,"2026-07-19 23:18:00",assigned
12060,4020,"2026-07-20 07:42:02",resolved
12061,4021,"2026-05-14 10:55:00",created
12062,4021,"2026-05-14 12:07:28",assigned
12063,4021,"2026-05-14 16:57:21",resolved
12064,4022,"2026-05-03 17:38:00",created
12065,4022,"2026-05-03 19:38:51",assigned
12066,4022,"2026-05-04 03:42:19",resolved
12067,4023,"2026-07-12 22:35:00",created
12068,4023,"2026-07-13 02:19:30",assigned
12069,4023,"2026-07-13 17:17:30",resolved
12070,4024,"2026-05-26 13:29:00",created
12071,4024,"2026-05-26 16:11:07",assigned
12072,4024,"2026-05-27 02:59:35",resolved
12073,4025,"2026-05-06 20:22:00",created
12074,4025,"2026-05-06 22:30:29",assigned
12075,4025,"2026-05-07 07:04:26",resolved
12076,4026,"2026-06-15 04:15:00",created
12077,4026,"2026-06-15 06:14:42",assigned
12078,4026,"2026-06-15 14:13:30",resolved
12079,4027,"2026-05-23 04:32:00",created
12080,4027,"2026-05-23 05:09:28",assigned
12081,4027,"2026-05-23 07:39:20",resolved
12082,4028,"2026-07-18 05:50:00",created
12083,4028,"2026-07-18 07:00:08",assigned
12084,4028,"2026-07-18 11:40:43",resolved
12085,4029,"2026-06-25 00:40:00",created
12086,4029,"2026-06-25 03:48:05",assigned
12087,4029,"2026-06-25 16:20:26",resolved
12088,4030,"2026-07-26 09:31:00",created
12089,4030,"2026-07-26 12:54:44",assigned
12090,4030,"2026-07-27 02:29:41",resolved
12091,4031,"2026-06-01 04:51:00",created
12092,4031,"2026-06-01 08:08:10",assigned
12093,4031,"2026-06-01 21:16:50",resolved
12094,4032,"2026-05-22 20:24:00",created
12095,4032,"2026-05-22 21:15:14",assigned
12096,4032,"2026-05-23 00:40:13",resolved
12097,4033,"2026-07-01 20:06:00",created
12098,4033,"2026-07-01 22:12:47",assigned
12099,4033,"2026-07-02 06:39:57",resolved
12100,4034,"2026-06-19 07:25:00",created
12101,4034,"2026-06-19 10:24:29",assigned
12102,4034,"2026-06-19 22:22:25",resolved
12103,4035,"2026-06-23 12:43:00",created
12104,4035,"2026-06-23 14:12:08",assigned
12105,4035,"2026-06-23 20:08:41",resolved
12106,4036,"2026-07-12 08:19:00",created
12107,4036,"2026-07-12 10:00:54",assigned
12108,4036,"2026-07-12 16:48:30",resolved
12109,4037,"2026-07-12 13:10:00",created
12110,4037,"2026-07-12 14:38:39",assigned
12111,4037,"2026-07-12 20:33:18",resolved
12112,4038,"2026-07-06 12:33:00",created
12113,4038,"2026-07-06 13:52:14",assigned
12114,4038,"2026-07-06 19:09:11",resolved
12115,4039,"2026-07-03 16:47:00",created
12116,4039,"2026-07-03 17:08:31",assigned
12117,4039,"2026-07-03 18:34:36",resolved
12118,4040,"2026-06-24 05:22:00",created
12119,4040,"2026-06-24 07:23:43",assigned
12120,4040,"2026-06-24 15:30:39",resolved
12121,4041,"2026-05-23 05:05:00",created
12122,4041,"2026-05-23 07:06:25",assigned
12123,4041,"2026-05-23 15:12:09",resolved
12124,4042,"2026-07-11 11:44:00",created
12125,4042,"2026-07-11 17:18:15",assigned
12126,4042,"2026-07-12 15:35:17",resolved
12127,4043,"2026-05-30 19:42:00",created
12128,4043,"2026-05-30 20:37:23",assigned
12129,4043,"2026-05-31 00:18:59",resolved
12130,4044,"2026-07-29 22:02:00",created
12131,4044,"2026-07-29 22:39:48",assigned
12132,4044,"2026-07-30 01:11:03",resolved
12133,4045,"2026-06-17 02:48:00",created
12134,4045,"2026-06-17 05:09:40",assigned
12135,4045,"2026-06-17 14:36:22",resolved
12136,4046,"2026-07-26 04:03:00",created
12137,4046,"2026-07-26 05:27:41",assigned
12138,4046,"2026-07-26 11:06:29",resolved
12139,4047,"2026-07-02 21:11:00",created
12140,4047,"2026-07-02 22:41:11",assigned
12141,4047,"2026-07-03 04:41:55",resolved
12142,4048,"2026-07-08 21:58:00",created
12143,4048,"2026-07-08 23:43:40",assigned
12144,4048,"2026-07-09 06:46:24",resolved
12145,4049,"2026-06-03 03:31:00",created
12146,4049,"2026-06-03 05:36:47",assigned
12147,4049,"2026-06-03 13:59:58",resolved
12148,4050,"2026-07-19 16:59:00",created
12149,4050,"2026-07-19 17:13:22",assigned
12150,4050,"2026-07-19 18:10:52",resolved
12151,4051,"2026-07-08 23:41:00",created
12152,4051,"2026-07-09 00:49:53",assigned
12153,4051,"2026-07-09 05:25:25",resolved
12154,4052,"2026-05-28 16:05:00",created
12155,4052,"2026-05-28 17:07:22",assigned
12156,4052,"2026-05-28 21:16:51",resolved
12157,4053,"2026-06-10 02:29:00",created
12158,4053,"2026-06-10 03:26:23",assigned
12159,4053,"2026-06-10 07:15:59",resolved
12160,4054,"2026-07-27 00:34:00",created
12161,4054,"2026-07-27 01:26:50",assigned
12162,4054,"2026-07-27 04:58:14",resolved
12163,4055,"2026-06-20 19:06:00",created
12164,4055,"2026-06-20 20:40:12",assigned
12165,4055,"2026-06-21 02:57:04",resolved
12166,4056,"2026-07-07 04:50:00",created
12167,4056,"2026-07-07 05:48:12",assigned
12168,4056,"2026-07-07 09:41:01",resolved
12169,4057,"2026-06-07 09:09:00",created
12170,4057,"2026-06-07 10:37:51",assigned
12171,4057,"2026-06-07 16:33:18",resolved
12172,4058,"2026-07-02 05:31:00",created
12173,4058,"2026-07-02 06:56:29",assigned
12174,4058,"2026-07-02 12:38:29",resolved
12175,4059,"2026-05-31 03:00:00",created
12176,4059,"2026-05-31 05:50:55",assigned
12177,4059,"2026-05-31 17:14:35",resolved
12178,4060,"2026-07-05 16:21:00",created
12179,4060,"2026-07-05 17:02:55",assigned
12180,4060,"2026-07-05 19:50:35",resolved
12181,4061,"2026-06-26 00:20:00",created
12182,4061,"2026-06-26 02:16:32",assigned
12183,4061,"2026-06-26 10:02:43",resolved
12184,4062,"2026-05-17 04:21:00",created
12185,4062,"2026-05-17 05:49:59",assigned
12186,4062,"2026-05-17 11:45:58",resolved
12187,4063,"2026-05-04 10:03:00",created
12188,4063,"2026-05-04 12:37:07",assigned
12189,4063,"2026-05-04 22:53:35",resolved
12190,4064,"2026-07-26 15:58:00",created
12191,4064,"2026-07-26 16:26:06",assigned
12192,4064,"2026-07-26 18:18:31",resolved
12193,4065,"2026-06-16 18:23:00",created
12194,4065,"2026-06-16 19:48:54",assigned
12195,4065,"2026-06-17 01:32:33",resolved
12196,4066,"2026-06-15 11:43:00",created
12197,4066,"2026-06-15 14:09:00",assigned
12198,4066,"2026-06-15 23:53:04",resolved
12199,4067,"2026-05-20 01:43:00",created
12200,4067,"2026-05-20 02:57:20",assigned
12201,4067,"2026-05-20 07:54:42",resolved
12202,4068,"2026-07-14 16:03:00",created
12203,4068,"2026-07-14 19:18:01",assigned
12204,4068,"2026-07-15 08:18:06",resolved
12205,4069,"2026-05-20 12:47:00",created
12206,4069,"2026-05-20 13:58:29",assigned
12207,4069,"2026-05-20 18:44:25",resolved
12208,4070,"2026-05-24 01:04:00",created
12209,4070,"2026-05-24 01:45:53",assigned
12210,4070,"2026-05-24 04:33:29",resolved
12211,4071,"2026-06-19 12:24:00",created
12212,4071,"2026-06-19 15:26:34",assigned
12213,4071,"2026-06-20 03:36:51",resolved
12214,4072,"2026-06-16 23:02:00",created
12215,4072,"2026-06-17 01:19:35",assigned
12216,4072,"2026-06-17 10:29:59",resolved
12217,4073,"2026-07-28 18:47:00",created
12218,4073,"2026-07-28 20:13:26",assigned
12219,4073,"2026-07-29 01:59:12",resolved
12220,4074,"2026-06-16 13:23:00",created
12221,4074,"2026-06-16 14:03:03",assigned
12222,4074,"2026-06-16 16:43:17",resolved
12223,4075,"2026-05-18 10:55:00",created
12224,4075,"2026-05-18 12:22:11",assigned
12225,4075,"2026-05-18 18:10:55",resolved
12226,4076,"2026-07-02 05:24:00",created
12227,4076,"2026-07-02 09:38:45",assigned
12228,4076,"2026-07-03 02:37:46",resolved
12229,4077,"2026-07-24 15:42:00",created
12230,4077,"2026-07-24 18:04:57",assigned
12231,4077,"2026-07-25 03:36:46",resolved
12232,4078,"2026-06-01 23:37:00",created
12233,4078,"2026-06-02 00:03:22",assigned
12234,4078,"2026-06-02 01:48:53",resolved
12235,4079,"2026-05-05 17:40:00",created
12236,4079,"2026-05-05 18:24:04",assigned
12237,4079,"2026-05-05 21:20:24",resolved
12238,4080,"2026-06-21 06:08:00",created
12239,4080,"2026-06-21 07:16:15",assigned
12240,4080,"2026-06-21 11:49:16",resolved
12241,4081,"2026-06-23 16:11:00",created
12242,4081,"2026-06-23 17:03:22",assigned
12243,4081,"2026-06-23 20:32:50",resolved
12244,4082,"2026-05-06 09:44:00",created
12245,4082,"2026-05-06 10:31:17",assigned
12246,4082,"2026-05-06 13:40:27",resolved
12247,4083,"2026-07-01 17:55:00",created
12248,4083,"2026-07-01 19:26:50",assigned
12249,4083,"2026-07-02 01:34:10",resolved
12250,4084,"2026-07-28 11:02:00",created
12251,4084,"2026-07-28 13:26:01",assigned
12252,4084,"2026-07-28 23:02:06",resolved
12253,4085,"2026-06-06 00:22:00",created
12254,4085,"2026-06-06 01:14:42",assigned
12255,4085,"2026-06-06 04:45:31",resolved
12256,4086,"2026-06-26 05:11:00",created
12257,4086,"2026-06-26 07:49:45",assigned
12258,4086,"2026-06-26 18:24:47",resolved
12259,4087,"2026-05-02 21:39:00",created
12260,4087,"2026-05-02 22:11:25",assigned
12261,4087,"2026-05-03 00:21:05",resolved
12262,4088,"2026-05-23 00:24:00",created
12263,4088,"2026-05-23 02:42:50",assigned
12264,4088,"2026-05-23 11:58:14",resolved
12265,4089,"2026-05-02 19:02:00",created
12266,4089,"2026-05-02 20:41:06",assigned
12267,4089,"2026-05-03 03:17:33",resolved
12268,4090,"2026-06-26 02:32:00",created
12269,4090,"2026-06-26 04:53:13",assigned
12270,4090,"2026-06-26 14:18:07",resolved
12271,4091,"2026-07-01 09:24:00",created
12272,4091,"2026-07-01 11:54:02",assigned
12273,4091,"2026-07-01 21:54:11",resolved
12274,4092,"2026-05-06 00:47:00",created
12275,4092,"2026-05-06 02:04:18",assigned
12276,4092,"2026-05-06 07:13:32",resolved
12277,4093,"2026-06-09 10:32:00",created
12278,4093,"2026-06-09 11:09:48",assigned
12279,4093,"2026-06-09 13:41:04",resolved
12280,4094,"2026-06-29 01:31:00",created
12281,4094,"2026-06-29 04:05:08",assigned
12282,4094,"2026-06-29 14:21:41",resolved
12283,4095,"2026-05-30 15:11:00",created
12284,4095,"2026-05-30 18:43:34",assigned
12285,4095,"2026-05-31 08:53:50",resolved
12286,4096,"2026-07-13 23:11:00",created
12287,4096,"2026-07-14 00:17:37",assigned
12288,4096,"2026-07-14 04:44:06",resolved
12289,4097,"2026-07-11 00:43:00",created
12290,4097,"2026-07-11 01:31:04",assigned
12291,4097,"2026-07-11 04:43:23",resolved
12292,4098,"2026-07-13 14:36:00",created
12293,4098,"2026-07-13 16:29:09",assigned
12294,4098,"2026-07-14 00:01:45",resolved
12295,4099,"2026-07-24 07:23:00",created
12296,4099,"2026-07-24 08:24:12",assigned
12297,4099,"2026-07-24 12:29:00",resolved
12298,4100,"2026-07-08 19:45:00",created
12299,4100,"2026-07-08 21:53:32",assigned
12300,4100,"2026-07-09 06:27:42",resolved
12301,4101,"2026-05-11 17:27:00",created
12302,4101,"2026-05-11 20:29:40",assigned
12303,4101,"2026-05-12 08:40:24",resolved
12304,4102,"2026-05-18 12:09:00",created
12305,4102,"2026-05-18 13:27:30",assigned
12306,4102,"2026-05-18 18:41:34",resolved
12307,4103,"2026-06-18 15:58:00",created
12308,4103,"2026-06-18 18:41:58",assigned
12309,4103,"2026-06-19 05:37:54",resolved
12310,4104,"2026-07-10 13:41:00",created
12311,4104,"2026-07-10 15:07:33",assigned
12312,4104,"2026-07-10 20:53:47",resolved
12313,4105,"2026-07-20 08:14:00",created
12314,4105,"2026-07-20 09:15:39",assigned
12315,4105,"2026-07-20 13:22:16",resolved
12316,4106,"2026-06-16 02:14:00",created
12317,4106,"2026-06-16 04:30:29",assigned
12318,4106,"2026-06-16 13:36:25",resolved
12319,4107,"2026-06-03 22:02:00",created
12320,4107,"2026-06-03 22:52:27",assigned
12321,4107,"2026-06-04 02:14:16",resolved
12322,4108,"2026-06-05 12:44:00",created
12323,4108,"2026-06-05 14:05:08",assigned
12324,4108,"2026-06-05 19:29:40",resolved
12325,4109,"2026-06-26 14:51:00",created
12326,4109,"2026-06-26 16:51:24",assigned
12327,4109,"2026-06-27 00:53:04",resolved
12328,4110,"2026-07-16 13:15:00",created
12329,4110,"2026-07-16 15:09:56",assigned
12330,4110,"2026-07-16 22:49:44",resolved
12331,4111,"2026-06-30 05:03:00",created
12332,4111,"2026-06-30 05:31:17",assigned
12333,4111,"2026-06-30 07:24:27",resolved
12334,4112,"2026-05-20 06:39:00",created
12335,4112,"2026-05-20 08:03:56",assigned
12336,4112,"2026-05-20 13:43:40",resolved
12337,4113,"2026-06-03 15:42:00",created
12338,4113,"2026-06-03 16:56:44",assigned
12339,4113,"2026-06-03 21:55:43",resolved
12340,4114,"2026-06-09 07:56:00",created
12341,4114,"2026-06-09 10:15:42",assigned
12342,4114,"2026-06-09 19:34:31",resolved
12343,4115,"2026-06-09 21:44:00",created
12344,4115,"2026-06-09 23:17:13",assigned
12345,4115,"2026-06-10 05:30:08",resolved
12346,4116,"2026-05-22 23:37:00",created
12347,4116,"2026-05-23 02:43:58",assigned
12348,4116,"2026-05-23 15:11:51",resolved
12349,4117,"2026-07-06 11:02:00",created
12350,4117,"2026-07-06 12:22:19",assigned
12351,4117,"2026-07-06 17:43:37",resolved
12352,4118,"2026-07-21 09:34:00",created
12353,4118,"2026-07-21 11:29:25",assigned
12354,4118,"2026-07-21 19:11:09",resolved
12355,4119,"2026-07-22 04:43:00",created
12356,4119,"2026-07-22 06:15:26",assigned
12357,4119,"2026-07-22 12:25:11",resolved
12358,4120,"2026-05-15 08:29:00",created
12359,4120,"2026-05-15 11:06:57",assigned
12360,4120,"2026-05-15 21:38:46",resolved
12361,4121,"2026-07-17 08:08:00",created
12362,4121,"2026-07-17 09:24:04",assigned
12363,4121,"2026-07-17 14:28:23",resolved
12364,4122,"2026-06-18 15:28:00",created
12365,4122,"2026-06-18 17:09:54",assigned
12366,4122,"2026-06-18 23:57:33",resolved
12367,4123,"2026-07-25 17:45:00",created
12368,4123,"2026-07-25 19:06:46",assigned
12369,4123,"2026-07-26 00:33:53",resolved
12370,4124,"2026-07-27 18:19:00",created
12371,4124,"2026-07-27 20:00:19",assigned
12372,4124,"2026-07-28 02:45:39",resolved
12373,4125,"2026-06-11 06:07:00",created
12374,4125,"2026-06-11 08:59:45",assigned
12375,4125,"2026-06-11 20:30:46",resolved
12376,4126,"2026-07-23 05:14:00",created
12377,4126,"2026-07-23 07:28:32",assigned
12378,4126,"2026-07-23 16:26:43",resolved
12379,4127,"2026-05-20 15:39:00",created
12380,4127,"2026-05-20 17:18:56",assigned
12381,4127,"2026-05-20 23:58:43",resolved
12382,4128,"2026-05-09 00:27:00",created
12383,4128,"2026-05-09 01:49:09",assigned
12384,4128,"2026-05-09 07:17:46",resolved
12385,4129,"2026-07-09 02:06:00",created
12386,4129,"2026-07-09 03:26:23",assigned
12387,4129,"2026-07-09 08:47:56",resolved
12388,4130,"2026-06-10 07:20:00",created
12389,4130,"2026-06-10 08:37:38",assigned
12390,4130,"2026-06-10 13:48:11",resolved
12391,4131,"2026-07-16 00:35:00",created
12392,4131,"2026-07-16 02:46:47",assigned
12393,4131,"2026-07-16 11:33:57",resolved
12394,4132,"2026-07-27 15:09:00",created
12395,4132,"2026-07-27 16:32:48",assigned
12396,4132,"2026-07-27 22:08:01",resolved
12397,4133,"2026-07-17 19:03:00",created
12398,4133,"2026-07-17 19:39:15",assigned
12399,4133,"2026-07-17 22:04:16",resolved
12400,4134,"2026-05-14 00:46:00",created
12401,4134,"2026-05-14 01:53:13",assigned
12402,4134,"2026-05-14 06:22:07",resolved
12403,4135,"2026-07-19 00:19:00",created
12404,4135,"2026-07-19 01:10:10",assigned
12405,4135,"2026-07-19 04:34:51",resolved
12406,4136,"2026-06-07 13:19:00",created
12407,4136,"2026-06-07 14:26:16",assigned
12408,4136,"2026-06-07 18:55:24",resolved
12409,4137,"2026-06-26 14:22:00",created
12410,4137,"2026-06-26 15:24:25",assigned
12411,4137,"2026-06-26 19:34:06",resolved
12412,4138,"2026-07-24 21:19:00",created
12413,4138,"2026-07-24 22:58:49",assigned
12414,4138,"2026-07-25 05:38:09",resolved
12415,4139,"2026-05-09 06:58:00",created
12416,4139,"2026-05-09 08:41:08",assigned
12417,4139,"2026-05-09 15:33:44",resolved
12418,4140,"2026-07-23 02:53:00",created
12419,4140,"2026-07-23 04:37:25",assigned
12420,4140,"2026-07-23 11:35:06",resolved
12421,4141,"2026-06-01 05:43:00",created
12422,4141,"2026-06-01 06:35:47",assigned
12423,4141,"2026-06-01 10:06:55",resolved
12424,4142,"2026-07-07 14:01:00",created
12425,4142,"2026-07-07 14:33:09",assigned
12426,4142,"2026-07-07 16:41:45",resolved
12427,4143,"2026-05-19 18:46:00",created
12428,4143,"2026-05-19 20:25:31",assigned
12429,4143,"2026-05-20 03:03:36",resolved
12430,4144,"2026-06-13 09:01:00",created
12431,4144,"2026-06-13 11:43:06",assigned
12432,4144,"2026-06-13 22:31:31",resolved
12433,4145,"2026-07-04 19:18:00",created
12434,4145,"2026-07-04 20:58:39",assigned
12435,4145,"2026-07-05 03:41:19",resolved
12436,4146,"2026-06-15 18:52:00",created
12437,4146,"2026-06-15 20:05:02",assigned
12438,4146,"2026-06-16 00:57:10",resolved
12439,4147,"2026-05-22 21:41:00",created
12440,4147,"2026-05-22 23:52:14",assigned
12441,4147,"2026-05-23 08:37:10",resolved
12442,4148,"2026-05-12 14:01:00",created
12443,4148,"2026-05-12 15:54:49",assigned
12444,4148,"2026-05-12 23:30:05",resolved
12445,4149,"2026-06-23 05:00:00",created
12446,4149,"2026-06-23 05:35:06",assigned
12447,4149,"2026-06-23 07:55:34",resolved
12448,4150,"2026-07-14 09:59:00",created
12449,4150,"2026-07-14 13:01:49",assigned
12450,4150,"2026-07-15 01:13:07",resolved
12451,4151,"2026-06-22 23:01:00",created
12452,4151,"2026-06-23 00:43:28",assigned
12453,4151,"2026-06-23 07:33:20",resolved
12454,4152,"2026-06-30 00:08:00",created
12455,4152,"2026-06-30 01:01:22",assigned
12456,4152,"2026-06-30 04:34:53",resolved
12457,4153,"2026-07-19 04:38:00",created
12458,4153,"2026-07-19 05:46:49",assigned
12459,4153,"2026-07-19 10:22:05",resolved
12460,4154,"2026-06-15 10:31:00",created
12461,4154,"2026-06-15 11:27:11",assigned
12462,4154,"2026-06-15 15:11:59",resolved
12463,4155,"2026-05-29 04:10:00",created
12464,4155,"2026-05-29 04:36:08",assigned
12465,4155,"2026-05-29 06:20:42",resolved
12466,4156,"2026-05-11 08:04:00",created
12467,4156,"2026-05-11 14:40:24",assigned
12468,4156,"2026-05-12 17:06:00",resolved
12469,4157,"2026-07-25 12:09:00",created
12470,4157,"2026-07-25 13:21:27",assigned
12471,4157,"2026-07-25 18:11:16",resolved
12472,4158,"2026-07-28 17:13:00",created
12473,4158,"2026-07-28 18:59:17",assigned
12474,4158,"2026-07-29 02:04:29",resolved
12475,4159,"2026-05-06 14:44:00",created
12476,4159,"2026-05-06 16:24:38",assigned
12477,4159,"2026-05-06 23:07:11",resolved
12478,4160,"2026-07-09 11:47:00",created
12479,4160,"2026-07-09 14:02:01",assigned
12480,4160,"2026-07-09 23:02:09",resolved
12481,4161,"2026-05-20 15:21:00",created
12482,4161,"2026-05-20 16:19:26",assigned
12483,4161,"2026-05-20 20:13:10",resolved
12484,4162,"2026-05-06 11:51:00",created
12485,4162,"2026-05-06 13:48:22",assigned
12486,4162,"2026-05-06 21:37:52",resolved
12487,4163,"2026-07-20 18:33:00",created
12488,4163,"2026-07-20 19:34:34",assigned
12489,4163,"2026-07-20 23:40:52",resolved
12490,4164,"2026-07-02 03:21:00",created
12491,4164,"2026-07-02 06:10:15",assigned
12492,4164,"2026-07-02 17:27:19",resolved
12493,4165,"2026-05-23 02:29:00",created
12494,4165,"2026-05-23 05:45:48",assigned
12495,4165,"2026-05-23 18:53:00",resolved
12496,4166,"2026-06-29 17:52:00",created
12497,4166,"2026-06-29 18:29:22",assigned
12498,4166,"2026-06-29 20:58:53",resolved
12499,4167,"2026-05-16 06:31:00",created
12500,4167,"2026-05-16 08:43:35",assigned
12501,4167,"2026-05-16 17:33:56",resolved
12502,4168,"2026-06-18 07:38:00",created
12503,4168,"2026-06-18 08:59:08",assigned
12504,4168,"2026-06-18 14:23:41",resolved
12505,4169,"2026-05-21 16:05:00",created
12506,4169,"2026-05-21 17:34:05",assigned
12507,4169,"2026-05-21 23:30:29",resolved
12508,4170,"2026-05-03 23:23:00",created
12509,4170,"2026-05-04 01:08:10",assigned
12510,4170,"2026-05-04 08:08:53",resolved
12511,4171,"2026-07-08 18:16:00",created
12512,4171,"2026-07-08 19:24:08",assigned
12513,4171,"2026-07-08 23:56:42",resolved
12514,4172,"2026-06-08 07:00:00",created
12515,4172,"2026-06-08 09:18:25",assigned
12516,4172,"2026-06-08 18:32:07",resolved
12517,4173,"2026-07-25 15:54:00",created
12518,4173,"2026-07-25 18:02:00",assigned
12519,4173,"2026-07-26 02:34:04",resolved
12520,4174,"2026-06-14 21:46:00",created
12521,4174,"2026-06-14 23:06:06",assigned
12522,4174,"2026-06-15 04:26:31",resolved
12523,4175,"2026-07-10 09:41:00",created
12524,4175,"2026-07-10 11:09:13",assigned
12525,4175,"2026-07-10 17:02:07",resolved
12526,4176,"2026-05-13 11:14:00",created
12527,4176,"2026-05-13 11:41:24",assigned
12528,4176,"2026-05-13 13:31:02",resolved
12529,4177,"2026-06-06 09:36:00",created
12530,4177,"2026-06-06 14:11:09",assigned
12531,4177,"2026-06-07 08:31:48",resolved
12532,4178,"2026-07-06 07:22:00",created
12533,4178,"2026-07-06 09:36:34",assigned
12534,4178,"2026-07-06 18:34:50",resolved
12535,4179,"2026-06-17 19:08:00",created
12536,4179,"2026-06-17 20:39:12",assigned
12537,4179,"2026-06-18 02:44:04",resolved
12538,4180,"2026-05-05 01:12:00",created
12539,4180,"2026-05-05 02:08:54",assigned
12540,4180,"2026-05-05 05:56:33",resolved
12541,4181,"2026-05-20 00:10:00",created
12542,4181,"2026-05-20 02:12:04",assigned
12543,4181,"2026-05-20 10:20:21",resolved
12544,4182,"2026-06-22 11:57:00",created
12545,4182,"2026-06-22 14:28:25",assigned
12546,4182,"2026-06-23 00:34:07",resolved
12547,4183,"2026-07-17 16:48:00",created
12548,4183,"2026-07-17 19:12:59",assigned
12549,4183,"2026-07-18 04:52:59",resolved
12550,4184,"2026-06-08 11:33:00",created
12551,4184,"2026-06-08 13:35:55",assigned
12552,4184,"2026-06-08 21:47:35",resolved
12553,4185,"2026-05-04 04:34:00",created
12554,4185,"2026-05-04 06:18:45",assigned
12555,4185,"2026-05-04 13:17:47",resolved
12556,4186,"2026-05-24 18:11:00",created
12557,4186,"2026-05-24 19:11:19",assigned
12558,4186,"2026-05-24 23:12:37",resolved
12559,4187,"2026-07-08 16:22:00",created
12560,4187,"2026-07-08 17:31:41",assigned
12561,4187,"2026-07-08 22:10:28",resolved
12562,4188,"2026-06-26 06:00:00",created
12563,4188,"2026-06-26 06:59:10",assigned
12564,4188,"2026-06-26 10:55:50",resolved
12565,4189,"2026-06-13 18:22:00",created
12566,4189,"2026-06-13 21:42:48",assigned
12567,4189,"2026-06-14 11:06:02",resolved
12568,4190,"2026-07-23 22:14:00",created
12569,4190,"2026-07-23 23:36:07",assigned
12570,4190,"2026-07-24 05:04:37",resolved
12571,4191,"2026-05-17 12:44:00",created
12572,4191,"2026-05-17 17:05:35",assigned
12573,4191,"2026-05-18 10:31:58",resolved
12574,4192,"2026-07-21 00:10:00",created
12575,4192,"2026-07-21 00:59:39",assigned
12576,4192,"2026-07-21 04:18:18",resolved
12577,4193,"2026-05-03 07:57:00",created
12578,4193,"2026-05-03 11:41:46",assigned
12579,4193,"2026-05-04 02:40:52",resolved
12580,4194,"2026-05-12 07:01:00",created
12581,4194,"2026-05-12 09:33:05",assigned
12582,4194,"2026-05-12 19:41:28",resolved
12583,4195,"2026-05-20 10:55:00",created
12584,4195,"2026-05-20 14:43:10",assigned
12585,4195,"2026-05-21 05:55:51",resolved
12586,4196,"2026-06-21 03:32:00",created
12587,4196,"2026-06-21 07:10:12",assigned
12588,4196,"2026-06-21 21:43:02",resolved
12589,4197,"2026-05-25 18:18:00",created
12590,4197,"2026-05-25 20:47:46",assigned
12591,4197,"2026-05-26 06:46:54",resolved
12592,4198,"2026-06-24 15:58:00",created
12593,4198,"2026-06-24 19:20:11",assigned
12594,4198,"2026-06-25 08:48:58",resolved
12595,4199,"2026-07-07 21:30:00",created
12596,4199,"2026-07-07 22:23:54",assigned
12597,4199,"2026-07-08 01:59:32",resolved
12598,4200,"2026-06-22 22:20:00",created
12599,4200,"2026-06-22 23:27:41",assigned
12600,4200,"2026-06-23 03:58:26",resolved
12601,4201,"2026-05-30 00:07:00",created
12602,4201,"2026-05-30 01:53:15",assigned
12603,4201,"2026-05-30 08:58:18",resolved
12604,4202,"2026-05-12 00:04:00",created
12605,4202,"2026-05-12 01:14:13",assigned
12606,4202,"2026-05-12 05:55:09",resolved
12607,4203,"2026-07-15 03:10:00",created
12608,4203,"2026-07-15 04:43:55",assigned
12609,4203,"2026-07-15 10:59:37",resolved
12610,4204,"2026-07-08 19:51:00",created
12611,4204,"2026-07-08 22:48:31",assigned
12612,4204,"2026-07-09 10:38:39",resolved
12613,4205,"2026-05-23 14:04:00",created
12614,4205,"2026-05-23 15:30:42",assigned
12615,4205,"2026-05-23 21:17:32",resolved
12616,4206,"2026-07-04 02:36:00",created
12617,4206,"2026-07-04 04:53:23",assigned
12618,4206,"2026-07-04 14:02:56",resolved
12619,4207,"2026-05-08 09:20:00",created
12620,4207,"2026-05-08 11:00:41",assigned
12621,4207,"2026-05-08 17:43:29",resolved
12622,4208,"2026-05-31 22:56:00",created
12623,4208,"2026-06-01 01:07:30",assigned
12624,4208,"2026-06-01 09:53:30",resolved
12625,4209,"2026-07-17 04:43:00",created
12626,4209,"2026-07-17 05:36:23",assigned
12627,4209,"2026-07-17 09:09:55",resolved
12628,4210,"2026-07-17 12:24:00",created
12629,4210,"2026-07-17 15:08:45",assigned
12630,4210,"2026-07-18 02:07:46",resolved
12631,4211,"2026-06-01 20:36:00",created
12632,4211,"2026-06-01 23:12:33",assigned
12633,4211,"2026-06-02 09:38:46",resolved
12634,4212,"2026-06-07 03:28:00",created
12635,4212,"2026-06-07 04:11:59",assigned
12636,4212,"2026-06-07 07:07:55",resolved
12637,4213,"2026-06-17 08:49:00",created
12638,4213,"2026-06-17 09:50:29",assigned
12639,4213,"2026-06-17 13:56:29",resolved
12640,4214,"2026-06-18 17:12:00",created
12641,4214,"2026-06-18 19:51:09",assigned
12642,4214,"2026-06-19 06:27:45",resolved
12643,4215,"2026-07-26 20:13:00",created
12644,4215,"2026-07-26 21:24:31",assigned
12645,4215,"2026-07-27 02:10:37",resolved
12646,4216,"2026-05-05 18:43:00",created
12647,4216,"2026-05-05 22:00:39",assigned
12648,4216,"2026-05-06 11:11:15",resolved
12649,4217,"2026-06-22 20:28:00",created
12650,4217,"2026-06-22 21:44:23",assigned
12651,4217,"2026-06-23 02:49:59",resolved
12652,4218,"2026-06-25 02:27:00",created
12653,4218,"2026-06-25 04:04:16",assigned
12654,4218,"2026-06-25 10:33:21",resolved
12655,4219,"2026-05-20 18:52:00",created
12656,4219,"2026-05-20 20:04:59",assigned
12657,4219,"2026-05-21 00:56:58",resolved
12658,4220,"2026-05-16 00:39:00",created
12659,4220,"2026-05-16 02:18:27",assigned
12660,4220,"2026-05-16 08:56:18",resolved
12661,4221,"2026-05-23 11:46:00",created
12662,4221,"2026-05-23 12:29:01",assigned
12663,4221,"2026-05-23 15:21:07",resolved
12664,4222,"2026-06-15 07:42:00",created
12665,4222,"2026-06-15 08:26:10",assigned
12666,4222,"2026-06-15 11:22:51",resolved
12667,4223,"2026-06-22 22:03:00",created
12668,4223,"2026-06-22 22:39:58",assigned
12669,4223,"2026-06-23 01:07:52",resolved
12670,4224,"2026-06-20 03:37:00",created
12671,4224,"2026-06-20 04:42:27",assigned
12672,4224,"2026-06-20 09:04:18",resolved
12673,4225,"2026-07-27 03:48:00",created
12674,4225,"2026-07-27 05:26:56",assigned
12675,4225,"2026-07-27 12:02:40",resolved
12676,4226,"2026-07-05 19:09:00",created
12677,4226,"2026-07-05 20:05:20",assigned
12678,4226,"2026-07-05 23:50:41",resolved
12679,4227,"2026-07-05 14:36:00",created
12680,4227,"2026-07-05 15:52:01",assigned
12681,4227,"2026-07-05 20:56:08",resolved
12682,4228,"2026-07-18 07:54:00",created
12683,4228,"2026-07-18 10:10:06",assigned
12684,4228,"2026-07-18 19:14:31",resolved
12685,4229,"2026-07-11 20:32:00",created
12686,4229,"2026-07-12 00:10:33",assigned
12687,4229,"2026-07-12 14:44:47",resolved
12688,4230,"2026-06-02 06:58:00",created
12689,4230,"2026-06-02 09:00:22",assigned
12690,4230,"2026-06-02 17:09:53",resolved
12691,4231,"2026-07-16 19:19:00",created
12692,4231,"2026-07-16 21:33:26",assigned
12693,4231,"2026-07-17 06:31:12",resolved
12694,4232,"2026-07-17 07:48:00",created
12695,4232,"2026-07-17 09:26:56",assigned
12696,4232,"2026-07-17 16:02:43",resolved
12697,4233,"2026-07-13 04:52:00",created
12698,4233,"2026-07-13 05:57:01",assigned
12699,4233,"2026-07-13 10:17:05",resolved
12700,4234,"2026-07-08 05:45:00",created
12701,4234,"2026-07-08 08:30:14",assigned
12702,4234,"2026-07-08 19:31:14",resolved
12703,4235,"2026-07-17 03:51:00",created
12704,4235,"2026-07-17 06:40:02",assigned
12705,4235,"2026-07-17 17:56:14",resolved
12706,4236,"2026-05-02 06:48:00",created
12707,4236,"2026-05-02 12:20:01",assigned
12708,4236,"2026-05-03 10:28:06",resolved
12709,4237,"2026-05-18 08:05:00",created
12710,4237,"2026-05-18 09:53:19",assigned
12711,4237,"2026-05-18 17:06:37",resolved
12712,4238,"2026-05-09 09:36:00",created
12713,4238,"2026-05-09 10:33:42",assigned
12714,4238,"2026-05-09 14:24:33",resolved
12715,4239,"2026-06-07 19:04:00",created
12716,4239,"2026-06-07 21:20:55",assigned
12717,4239,"2026-06-08 06:28:35",resolved
12718,4240,"2026-07-08 23:23:00",created
12719,4240,"2026-07-09 01:12:58",assigned
12720,4240,"2026-07-09 08:32:51",resolved
12721,4241,"2026-06-13 19:38:00",created
12722,4241,"2026-06-14 01:39:29",assigned
12723,4241,"2026-06-15 01:45:27",resolved
12724,4242,"2026-07-14 18:46:00",created
12725,4242,"2026-07-14 20:34:25",assigned
12726,4242,"2026-07-15 03:48:08",resolved
12727,4243,"2026-06-04 12:04:00",created
12728,4243,"2026-06-04 13:41:08",assigned
12729,4243,"2026-06-04 20:09:43",resolved
12730,4244,"2026-05-14 19:31:00",created
12731,4244,"2026-05-14 21:19:36",assigned
12732,4244,"2026-05-15 04:34:02",resolved
12733,4245,"2026-05-16 00:46:00",created
12734,4245,"2026-05-16 02:13:17",assigned
12735,4245,"2026-05-16 08:02:25",resolved
12736,4246,"2026-06-04 21:36:00",created
12737,4246,"2026-06-04 22:33:25",assigned
12738,4246,"2026-06-05 02:23:05",resolved
12739,4247,"2026-06-14 02:05:00",created
12740,4247,"2026-06-14 02:56:43",assigned
12741,4247,"2026-06-14 06:23:38",resolved
12742,4248,"2026-07-20 07:04:00",created
12743,4248,"2026-07-20 07:59:18",assigned
12744,4248,"2026-07-20 11:40:31",resolved
12745,4249,"2026-07-05 11:38:00",created
12746,4249,"2026-07-05 12:40:27",assigned
12747,4249,"2026-07-05 16:50:16",resolved
12748,4250,"2026-06-13 10:45:00",created
12749,4250,"2026-06-13 11:50:44",assigned
12750,4250,"2026-06-13 16:13:41",resolved
12751,4251,"2026-05-29 09:57:00",created
12752,4251,"2026-05-29 12:54:09",assigned
12753,4251,"2026-05-30 00:42:49",resolved
12754,4252,"2026-06-26 03:50:00",created
12755,4252,"2026-06-26 05:30:13",assigned
12756,4252,"2026-06-26 12:11:09",resolved
12757,4253,"2026-05-21 23:00:00",created
12758,4253,"2026-05-22 03:27:13",assigned
12759,4253,"2026-05-22 21:16:09",resolved
12760,4254,"2026-07-16 19:49:00",created
12761,4254,"2026-07-16 21:34:00",assigned
12762,4254,"2026-07-17 04:34:01",resolved
12763,4255,"2026-07-27 20:39:00",created
12764,4255,"2026-07-27 22:00:44",assigned
12765,4255,"2026-07-28 03:27:42",resolved
12766,4256,"2026-07-12 06:30:00",created
12767,4256,"2026-07-12 07:59:17",assigned
12768,4256,"2026-07-12 13:56:25",resolved
12769,4257,"2026-06-14 10:58:00",created
12770,4257,"2026-06-14 12:59:49",assigned
12771,4257,"2026-06-14 21:07:08",resolved
12772,4258,"2026-06-18 19:18:00",created
12773,4258,"2026-06-18 20:21:48",assigned
12774,4258,"2026-06-19 00:37:01",resolved
12775,4259,"2026-05-01 17:25:00",created
12776,4259,"2026-05-01 19:36:21",assigned
12777,4259,"2026-05-02 04:21:45",resolved
12778,4260,"2026-07-26 04:55:00",created
12779,4260,"2026-07-26 06:01:20",assigned
12780,4260,"2026-07-26 10:26:40",resolved
12781,4261,"2026-06-22 17:17:00",created
12782,4261,"2026-06-22 18:00:34",assigned
12783,4261,"2026-06-22 20:54:50",resolved
12784,4262,"2026-05-06 07:52:00",created
12785,4262,"2026-05-06 09:40:33",assigned
12786,4262,"2026-05-06 16:54:45",resolved
12787,4263,"2026-06-11 11:47:00",created
12788,4263,"2026-06-11 13:16:02",assigned
12789,4263,"2026-06-11 19:12:13",resolved
12790,4264,"2026-07-16 22:37:00",created
12791,4264,"2026-07-17 00:22:44",assigned
12792,4264,"2026-07-17 07:25:42",resolved
12793,4265,"2026-06-25 10:38:00",created
12794,4265,"2026-06-25 11:28:25",assigned
12795,4265,"2026-06-25 14:50:06",resolved
12796,4266,"2026-07-14 06:04:00",created
12797,4266,"2026-07-14 10:41:40",assigned
12798,4266,"2026-07-15 05:12:23",resolved
12799,4267,"2026-07-05 07:03:00",created
12800,4267,"2026-07-05 11:47:18",assigned
12801,4267,"2026-07-06 06:44:32",resolved
12802,4268,"2026-06-04 19:13:00",created
12803,4268,"2026-06-04 20:26:08",assigned
12804,4268,"2026-06-05 01:18:40",resolved
12805,4269,"2026-05-09 10:09:00",created
12806,4269,"2026-05-09 13:03:10",assigned
12807,4269,"2026-05-10 00:39:54",resolved
12808,4270,"2026-06-22 07:21:00",created
12809,4270,"2026-06-22 08:48:59",assigned
12810,4270,"2026-06-22 14:40:55",resolved
12811,4271,"2026-06-08 09:05:00",created
12812,4271,"2026-06-08 11:56:30",assigned
12813,4271,"2026-06-08 23:22:30",resolved
12814,4272,"2026-07-16 00:36:00",created
12815,4272,"2026-07-16 01:29:41",assigned
12816,4272,"2026-07-16 05:04:29",resolved
12817,4273,"2026-07-02 15:31:00",created
12818,4273,"2026-07-02 20:42:31",assigned
12819,4273,"2026-07-03 17:28:35",resolved
12820,4274,"2026-05-30 16:53:00",created
12821,4274,"2026-05-30 17:26:32",assigned
12822,4274,"2026-05-30 19:40:43",resolved
12823,4275,"2026-05-08 02:39:00",created
12824,4275,"2026-05-08 03:15:04",assigned
12825,4275,"2026-05-08 05:39:24",resolved
12826,4276,"2026-07-08 12:06:00",created
12827,4276,"2026-07-08 14:22:34",assigned
12828,4276,"2026-07-08 23:28:53",resolved
12829,4277,"2026-05-23 16:37:00",created
12830,4277,"2026-05-23 18:33:23",assigned
12831,4277,"2026-05-24 02:18:55",resolved
12832,4278,"2026-07-07 18:20:00",created
12833,4278,"2026-07-07 19:24:18",assigned
12834,4278,"2026-07-07 23:41:31",resolved
12835,4279,"2026-06-04 21:13:00",created
12836,4279,"2026-06-04 22:33:53",assigned
12837,4279,"2026-06-05 03:57:29",resolved
12838,4280,"2026-07-18 15:52:00",created
12839,4280,"2026-07-18 17:07:06",assigned
12840,4280,"2026-07-18 22:07:30",resolved
12841,4281,"2026-07-04 02:34:00",created
12842,4281,"2026-07-04 03:48:21",assigned
12843,4281,"2026-07-04 08:45:45",resolved
12844,4282,"2026-07-19 17:50:00",created
12845,4282,"2026-07-19 20:33:49",assigned
12846,4282,"2026-07-20 07:29:06",resolved
12847,4283,"2026-06-04 02:45:00",created
12848,4283,"2026-06-04 04:29:36",assigned
12849,4283,"2026-06-04 11:28:03",resolved
12850,4284,"2026-06-25 14:25:00",created
12851,4284,"2026-06-25 16:50:52",assigned
12852,4284,"2026-06-26 02:34:21",resolved
12853,4285,"2026-06-02 10:31:00",created
12854,4285,"2026-06-02 11:23:30",assigned
12855,4285,"2026-06-02 14:53:30",resolved
12856,4286,"2026-05-04 23:53:00",created
12857,4286,"2026-05-05 02:08:19",assigned
12858,4286,"2026-05-05 11:09:37",resolved
12859,4287,"2026-07-08 22:26:00",created
12860,4287,"2026-07-09 01:03:08",assigned
12861,4287,"2026-07-09 11:31:42",resolved
12862,4288,"2026-07-06 16:08:00",created
12863,4288,"2026-07-06 18:34:36",assigned
12864,4288,"2026-07-07 04:21:01",resolved
12865,4289,"2026-07-05 11:44:00",created
12866,4289,"2026-07-05 14:26:00",assigned
12867,4289,"2026-07-06 01:14:00",resolved
12868,4290,"2026-06-02 15:21:00",created
12869,4290,"2026-06-02 15:57:49",assigned
12870,4290,"2026-06-02 18:25:05",resolved
12871,4291,"2026-07-10 16:11:00",created
12872,4291,"2026-07-10 18:25:11",assigned
12873,4291,"2026-07-11 03:21:55",resolved
12874,4292,"2026-06-28 09:08:00",created
12875,4292,"2026-06-28 10:06:56",assigned
12876,4292,"2026-06-28 14:02:42",resolved
12877,4293,"2026-06-03 03:51:00",created
12878,4293,"2026-06-03 04:45:43",assigned
12879,4293,"2026-06-03 08:24:39",resolved
12880,4294,"2026-06-19 02:27:00",created
12881,4294,"2026-06-19 03:42:32",assigned
12882,4294,"2026-06-19 08:44:40",resolved
12883,4295,"2026-06-07 03:23:00",created
12884,4295,"2026-06-07 04:21:15",assigned
12885,4295,"2026-06-07 08:14:18",resolved
12886,4296,"2026-06-02 09:49:00",created
12887,4296,"2026-06-02 11:00:42",assigned
12888,4296,"2026-06-02 15:47:32",resolved
12889,4297,"2026-07-03 20:51:00",created
12890,4297,"2026-07-03 22:02:59",assigned
12891,4297,"2026-07-04 02:50:56",resolved
12892,4298,"2026-06-24 18:32:00",created
12893,4298,"2026-06-24 20:50:01",assigned
12894,4298,"2026-06-25 06:02:05",resolved
12895,4299,"2026-05-10 21:36:00",created
12896,4299,"2026-05-11 00:36:35",assigned
12897,4299,"2026-05-11 12:38:56",resolved
12898,4300,"2026-06-19 06:13:00",created
12899,4300,"2026-06-19 07:31:51",assigned
12900,4300,"2026-06-19 12:47:17",resolved
12901,4301,"2026-05-03 03:29:00",created
12902,4301,"2026-05-03 04:19:54",assigned
12903,4301,"2026-05-03 07:43:32",resolved
12904,4302,"2026-06-18 02:51:00",created
12905,4302,"2026-06-18 04:33:00",assigned
12906,4302,"2026-06-18 11:21:01",resolved
12907,4303,"2026-05-17 09:55:00",created
12908,4303,"2026-05-17 11:23:34",assigned
12909,4303,"2026-05-17 17:17:50",resolved
12910,4304,"2026-05-14 11:46:00",created
12911,4304,"2026-05-14 13:17:35",assigned
12912,4304,"2026-05-14 19:23:56",resolved
12913,4305,"2026-06-19 18:57:00",created
12914,4305,"2026-06-19 22:29:02",assigned
12915,4305,"2026-06-20 12:37:10",resolved
12916,4306,"2026-07-17 15:56:00",created
12917,4306,"2026-07-17 20:06:49",assigned
12918,4306,"2026-07-18 12:50:08",resolved
12919,4307,"2026-07-29 10:48:00",created
12920,4307,"2026-07-29 11:27:44",assigned
12921,4307,"2026-07-29 14:06:43",resolved
12922,4308,"2026-05-27 07:20:00",created
12923,4308,"2026-05-27 08:19:31",assigned
12924,4308,"2026-05-27 12:17:38",resolved
12925,4309,"2026-07-10 00:03:00",created
12926,4309,"2026-07-10 01:03:04",assigned
12927,4309,"2026-07-10 05:03:24",resolved
12928,4310,"2026-05-28 17:00:00",created
12929,4310,"2026-05-28 18:13:23",assigned
12930,4310,"2026-05-28 23:06:58",resolved
12931,4311,"2026-05-23 14:34:00",created
12932,4311,"2026-05-23 22:09:40",assigned
12933,4311,"2026-05-25 04:32:23",resolved
12934,4312,"2026-05-06 13:32:00",created
12935,4312,"2026-05-06 16:14:49",assigned
12936,4312,"2026-05-07 03:06:09",resolved
12937,4313,"2026-07-11 21:18:00",created
12938,4313,"2026-07-11 22:11:29",assigned
12939,4313,"2026-07-12 01:45:25",resolved
12940,4314,"2026-07-26 04:30:00",created
12941,4314,"2026-07-26 06:20:59",assigned
12942,4314,"2026-07-26 13:44:55",resolved
12943,4315,"2026-06-05 18:29:00",created
12944,4315,"2026-06-05 19:17:59",assigned
12945,4315,"2026-06-05 22:33:59",resolved
12946,4316,"2026-06-13 13:32:00",created
12947,4316,"2026-06-13 14:05:23",assigned
12948,4316,"2026-06-13 16:18:56",resolved
12949,4317,"2026-05-14 06:11:00",created
12950,4317,"2026-05-14 08:15:36",assigned
12951,4317,"2026-05-14 16:34:03",resolved
12952,4318,"2026-07-13 01:46:00",created
12953,4318,"2026-07-13 03:02:17",assigned
12954,4318,"2026-07-13 08:07:26",resolved
12955,4319,"2026-05-04 02:21:00",created
12956,4319,"2026-05-04 03:13:48",assigned
12957,4319,"2026-05-04 06:45:01",resolved
12958,4320,"2026-06-01 13:16:00",created
12959,4320,"2026-06-01 15:45:00",assigned
12960,4320,"2026-06-02 01:41:03",resolved
12961,4321,"2026-07-19 12:09:00",created
12962,4321,"2026-07-19 13:42:20",assigned
12963,4321,"2026-07-19 19:55:40",resolved
12964,4322,"2026-07-27 22:37:00",created
12965,4322,"2026-07-27 23:19:03",assigned
12966,4322,"2026-07-28 02:07:18",resolved
12967,4323,"2026-05-27 16:01:00",created
12968,4323,"2026-05-27 19:52:57",assigned
12969,4323,"2026-05-28 11:20:45",resolved
12970,4324,"2026-07-29 09:18:00",created
12971,4324,"2026-07-29 10:31:07",assigned
12972,4324,"2026-07-29 15:23:36",resolved
12973,4325,"2026-06-19 12:20:00",created
12974,4325,"2026-06-19 13:26:55",assigned
12975,4325,"2026-06-19 17:54:37",resolved
12976,4326,"2026-05-23 09:11:00",created
12977,4326,"2026-05-23 11:37:23",assigned
12978,4326,"2026-05-23 21:22:55",resolved
12979,4327,"2026-07-22 14:01:00",created
12980,4327,"2026-07-22 14:57:59",assigned
12981,4327,"2026-07-22 18:45:58",resolved
12982,4328,"2026-07-20 00:03:00",created
12983,4328,"2026-07-20 02:16:12",assigned
12984,4328,"2026-07-20 11:09:02",resolved
12985,4329,"2026-07-09 19:25:00",created
12986,4329,"2026-07-09 21:30:48",assigned
12987,4329,"2026-07-10 05:54:04",resolved
12988,4330,"2026-06-14 19:03:00",created
12989,4330,"2026-06-14 21:12:33",assigned
12990,4330,"2026-06-15 05:50:45",resolved
12991,4331,"2026-06-25 15:03:00",created
12992,4331,"2026-06-25 18:30:15",assigned
12993,4331,"2026-06-26 08:19:18",resolved
12994,4332,"2026-07-06 05:10:00",created
12995,4332,"2026-07-06 07:09:15",assigned
12996,4332,"2026-07-06 15:06:16",resolved
12997,4333,"2026-06-26 11:27:00",created
12998,4333,"2026-06-26 13:23:06",assigned
12999,4333,"2026-06-26 21:07:31",resolved
13000,4334,"2026-06-17 10:24:00",created
13001,4334,"2026-06-17 11:03:26",assigned
13002,4334,"2026-06-17 13:41:11",resolved
13003,4335,"2026-06-29 01:29:00",created
13004,4335,"2026-06-29 03:04:31",assigned
13005,4335,"2026-06-29 09:26:35",resolved
13006,4336,"2026-06-03 08:41:00",created
13007,4336,"2026-06-03 09:59:29",assigned
13008,4336,"2026-06-03 15:13:29",resolved
13009,4337,"2026-06-19 00:01:00",created
13010,4337,"2026-06-19 02:23:05",assigned
13011,4337,"2026-06-19 11:51:29",resolved
13012,4338,"2026-05-28 17:10:00",created
13013,4338,"2026-05-28 19:06:37",assigned
13014,4338,"2026-05-29 02:53:09",resolved
13015,4339,"2026-05-26 21:08:00",created
13016,4339,"2026-05-26 21:49:35",assigned
13017,4339,"2026-05-27 00:35:59",resolved
13018,4340,"2026-07-17 22:10:00",created
13019,4340,"2026-07-17 23:08:35",assigned
13020,4340,"2026-07-18 03:02:58",resolved
13021,4341,"2026-07-23 19:59:00",created
13022,4341,"2026-07-23 21:16:15",assigned
13023,4341,"2026-07-24 02:25:17",resolved
13024,4342,"2026-06-11 00:19:00",created
13025,4342,"2026-06-11 01:14:55",assigned
13026,4342,"2026-06-11 04:58:38",resolved
13027,4343,"2026-07-05 13:11:00",created
13028,4343,"2026-07-05 14:39:09",assigned
13029,4343,"2026-07-05 20:31:46",resolved
13030,4344,"2026-06-20 17:26:00",created
13031,4344,"2026-06-20 19:02:10",assigned
13032,4344,"2026-06-21 01:26:51",resolved
13033,4345,"2026-06-19 23:58:00",created
13034,4345,"2026-06-20 00:45:44",assigned
13035,4345,"2026-06-20 03:56:40",resolved
13036,4346,"2026-07-22 12:13:00",created
13037,4346,"2026-07-22 13:49:08",assigned
13038,4346,"2026-07-22 20:13:42",resolved
13039,4347,"2026-06-24 10:02:00",created
13040,4347,"2026-06-24 10:47:45",assigned
13041,4347,"2026-06-24 13:50:49",resolved
13042,4348,"2026-06-26 15:35:00",created
13043,4348,"2026-06-26 18:04:02",assigned
13044,4348,"2026-06-27 04:00:10",resolved
13045,4349,"2026-06-25 15:58:00",created
13046,4349,"2026-06-25 17:43:22",assigned
13047,4349,"2026-06-26 00:44:53",resolved
13048,4350,"2026-05-17 22:59:00",created
13049,4350,"2026-05-18 01:03:03",assigned
13050,4350,"2026-05-18 09:19:19",resolved
13051,4351,"2026-06-12 15:36:00",created
13052,4351,"2026-06-12 16:28:53",assigned
13053,4351,"2026-06-12 20:00:25",resolved
13054,4352,"2026-06-12 01:48:00",created
13055,4352,"2026-06-12 04:53:48",assigned
13056,4352,"2026-06-12 17:17:00",resolved
13057,4353,"2026-07-04 16:56:00",created
13058,4353,"2026-07-04 17:59:15",assigned
13059,4353,"2026-07-04 22:12:16",resolved
13060,4354,"2026-05-03 19:29:00",created
13061,4354,"2026-05-03 21:39:35",assigned
13062,4354,"2026-05-04 06:21:57",resolved
13063,4355,"2026-05-21 06:04:00",created
13064,4355,"2026-05-21 07:35:31",assigned
13065,4355,"2026-05-21 13:41:37",resolved
13066,4356,"2026-05-22 05:54:00",created
13067,4356,"2026-05-22 07:15:32",assigned
13068,4356,"2026-05-22 12:41:40",resolved
13069,4357,"2026-06-08 09:54:00",created
13070,4357,"2026-06-08 13:17:07",assigned
13071,4357,"2026-06-09 02:49:35",resolved
13072,4358,"2026-05-04 04:28:00",created
13073,4358,"2026-05-04 08:09:36",assigned
13074,4358,"2026-05-04 22:56:02",resolved
13075,4359,"2026-06-29 07:10:00",created
13076,4359,"2026-06-29 07:54:02",assigned
13077,4359,"2026-06-29 10:50:14",resolved
13078,4360,"2026-06-13 00:27:00",created
13079,4360,"2026-06-13 02:40:54",assigned
13080,4360,"2026-06-13 11:36:33",resolved
13081,4361,"2026-06-01 17:14:00",created
13082,4361,"2026-06-01 18:59:12",assigned
13083,4361,"2026-06-02 02:00:00",resolved
13084,4362,"2026-07-03 09:16:00",created
13085,4362,"2026-07-03 10:57:34",assigned
13086,4362,"2026-07-03 17:43:54",resolved
13087,4363,"2026-06-23 04:22:00",created
13088,4363,"2026-06-23 05:25:33",assigned
13089,4363,"2026-06-23 09:39:47",resolved
13090,4364,"2026-07-06 07:13:00",created
13091,4364,"2026-07-06 11:44:33",assigned
13092,4364,"2026-07-07 05:50:48",resolved
13093,4365,"2026-06-12 12:10:00",created
13094,4365,"2026-06-12 13:24:01",assigned
13095,4365,"2026-06-12 18:20:07",resolved
13096,4366,"2026-06-15 05:00:00",created
13097,4366,"2026-06-15 07:33:39",assigned
13098,4366,"2026-06-15 17:48:19",resolved
13099,4367,"2026-07-26 07:28:00",created
13100,4367,"2026-07-26 08:49:47",assigned
13101,4367,"2026-07-26 14:16:58",resolved
13102,4368,"2026-06-06 21:59:00",created
13103,4368,"2026-06-06 23:49:26",assigned
13104,4368,"2026-06-07 07:11:11",resolved
13105,4369,"2026-05-24 14:03:00",created
13106,4369,"2026-05-24 16:20:17",assigned
13107,4369,"2026-05-25 01:29:29",resolved
13108,4370,"2026-06-15 14:49:00",created
13109,4370,"2026-06-15 17:07:30",assigned
13110,4370,"2026-06-16 02:21:32",resolved
13111,4371,"2026-07-29 03:03:00",created
13112,4371,"2026-07-29 04:23:58",assigned
13113,4371,"2026-07-29 09:47:50",resolved
13114,4372,"2026-05-28 23:16:00",created
13115,4372,"2026-05-29 01:34:00",assigned
13116,4372,"2026-05-29 10:46:04",resolved
13117,4373,"2026-07-18 07:20:00",created
13118,4373,"2026-07-18 09:31:25",assigned
13119,4373,"2026-07-18 18:17:09",resolved
13120,4374,"2026-06-11 15:32:00",created
13121,4374,"2026-06-11 17:38:59",assigned
13122,4374,"2026-06-12 02:06:55",resolved
13123,4375,"2026-06-04 04:52:00",created
13124,4375,"2026-06-04 07:06:10",assigned
13125,4375,"2026-06-04 16:02:52",resolved
13126,4376,"2026-05-22 12:44:00",created
13127,4376,"2026-05-22 14:37:41",assigned
13128,4376,"2026-05-22 22:12:26",resolved
13129,4377,"2026-07-19 13:09:00",created
13130,4377,"2026-07-19 14:58:58",assigned
13131,4377,"2026-07-19 22:18:54",resolved
13132,4378,"2026-05-25 10:14:00",created
13133,4378,"2026-05-25 13:16:45",assigned
13134,4378,"2026-05-26 01:27:47",resolved
13135,4379,"2026-06-16 14:52:00",created
13136,4379,"2026-06-16 20:05:46",assigned
13137,4379,"2026-06-17 17:00:54",resolved
13138,4380,"2026-06-28 19:11:00",created
13139,4380,"2026-06-28 20:43:21",assigned
13140,4380,"2026-06-29 02:52:45",resolved
13141,4381,"2026-05-25 04:26:00",created
13142,4381,"2026-05-25 04:58:51",assigned
13143,4381,"2026-05-25 07:10:15",resolved
13144,4382,"2026-05-15 13:04:00",created
13145,4382,"2026-05-15 14:42:49",assigned
13146,4382,"2026-05-15 21:18:09",resolved
13147,4383,"2026-05-17 03:55:00",created
13148,4383,"2026-05-17 04:59:10",assigned
13149,4383,"2026-05-17 09:15:53",resolved
13150,4384,"2026-07-21 00:25:00",created
13151,4384,"2026-07-21 01:19:05",assigned
13152,4384,"2026-07-21 04:55:29",resolved
13153,4385,"2026-07-18 08:42:00",created
13154,4385,"2026-07-18 09:35:56",assigned
13155,4385,"2026-07-18 13:11:42",resolved
13156,4386,"2026-07-08 13:36:00",created
13157,4386,"2026-07-08 14:52:03",assigned
13158,4386,"2026-07-08 19:56:17",resolved
13159,4387,"2026-05-03 22:53:00",created
13160,4387,"2026-05-04 00:09:14",assigned
13161,4387,"2026-05-04 05:14:12",resolved
13162,4388,"2026-05-03 09:18:00",created
13163,4388,"2026-05-03 10:05:23",assigned
13164,4388,"2026-05-03 13:14:57",resolved
13165,4389,"2026-05-17 09:07:00",created
13166,4389,"2026-05-17 12:25:49",assigned
13167,4389,"2026-05-18 01:41:07",resolved
13168,4390,"2026-07-21 22:55:00",created
13169,4390,"2026-07-21 23:30:42",assigned
13170,4390,"2026-07-22 01:53:31",resolved
13171,4391,"2026-06-13 23:53:00",created
13172,4391,"2026-06-14 00:37:21",assigned
13173,4391,"2026-06-14 03:34:47",resolved
13174,4392,"2026-07-08 10:11:00",created
13175,4392,"2026-07-08 14:31:36",assigned
13176,4392,"2026-07-09 07:54:04",resolved
13177,4393,"2026-07-01 11:54:00",created
13178,4393,"2026-07-01 14:44:32",assigned
13179,4393,"2026-07-02 02:06:41",resolved
13180,4394,"2026-06-25 05:38:00",created
13181,4394,"2026-06-25 06:28:43",assigned
13182,4394,"2026-06-25 09:51:38",resolved
13183,4395,"2026-07-25 08:02:00",created
13184,4395,"2026-07-25 15:19:11",assigned
13185,4395,"2026-07-26 20:27:58",resolved
13186,4396,"2026-05-16 03:01:00",created
13187,4396,"2026-05-16 04:44:17",assigned
13188,4396,"2026-05-16 11:37:28",resolved
13189,4397,"2026-07-23 04:20:00",created
13190,4397,"2026-07-23 06:10:02",assigned
13191,4397,"2026-07-23 13:30:11",resolved
13192,4398,"2026-05-16 09:32:00",created
13193,4398,"2026-05-16 11:28:21",assigned
13194,4398,"2026-05-16 19:13:46",resolved
13195,4399,"2026-07-12 00:29:00",created
13196,4399,"2026-07-12 02:03:39",assigned
13197,4399,"2026-07-12 08:22:16",resolved
13198,4400,"2026-07-23 08:11:00",created
13199,4400,"2026-07-23 08:52:13",assigned
13200,4400,"2026-07-23 11:37:07",resolved
13201,4401,"2026-05-04 06:53:00",created
13202,4401,"2026-05-04 07:19:39",assigned
13203,4401,"2026-05-04 09:06:17",resolved
13204,4402,"2026-06-03 12:54:00",created
13205,4402,"2026-06-03 14:54:25",assigned
13206,4402,"2026-06-03 22:56:08",resolved
13207,4403,"2026-07-12 18:22:00",created
13208,4403,"2026-07-12 20:12:59",assigned
13209,4403,"2026-07-13 03:36:55",resolved
13210,4404,"2026-07-08 05:21:00",created
13211,4404,"2026-07-08 08:55:23",assigned
13212,4404,"2026-07-08 23:12:55",resolved
13213,4405,"2026-05-06 11:58:00",created
13214,4405,"2026-05-06 13:21:36",assigned
13215,4405,"2026-05-06 18:56:00",resolved
13216,4406,"2026-05-26 17:44:00",created
13217,4406,"2026-05-26 19:15:17",assigned
13218,4406,"2026-05-27 01:20:26",resolved
13219,4407,"2026-05-08 02:57:00",created
13220,4407,"2026-05-08 03:26:21",assigned
13221,4407,"2026-05-08 05:23:48",resolved
13222,4408,"2026-07-05 07:40:00",created
13223,4408,"2026-07-05 08:20:48",assigned
13224,4408,"2026-07-05 11:04:01",resolved
13225,4409,"2026-05-05 11:09:00",created
13226,4409,"2026-05-05 13:41:39",assigned
13227,4409,"2026-05-05 23:52:16",resolved
13228,4410,"2026-06-01 18:14:00",created
13229,4410,"2026-06-01 20:00:09",assigned
13230,4410,"2026-06-02 03:04:47",resolved
13231,4411,"2026-06-11 15:57:00",created
13232,4411,"2026-06-11 17:13:07",assigned
13233,4411,"2026-06-11 22:17:35",resolved
13234,4412,"2026-07-11 13:16:00",created
13235,4412,"2026-07-11 15:25:17",assigned
13236,4412,"2026-07-12 00:02:28",resolved
13237,4413,"2026-07-08 18:42:00",created
13238,4413,"2026-07-08 19:11:37",assigned
13239,4413,"2026-07-08 21:10:06",resolved
13240,4414,"2026-06-11 20:30:00",created
13241,4414,"2026-06-11 22:21:15",assigned
13242,4414,"2026-06-12 05:46:17",resolved
13243,4415,"2026-06-25 15:16:00",created
13244,4415,"2026-06-25 17:13:38",assigned
13245,4415,"2026-06-26 01:04:11",resolved
13246,4416,"2026-07-13 13:18:00",created
13247,4416,"2026-07-13 14:15:52",assigned
13248,4416,"2026-07-13 18:07:21",resolved
13249,4417,"2026-05-12 05:02:00",created
13250,4417,"2026-05-12 06:47:07",assigned
13251,4417,"2026-05-12 13:47:39",resolved
13252,4418,"2026-05-27 10:33:00",created
13253,4418,"2026-05-27 11:53:58",assigned
13254,4418,"2026-05-27 17:17:53",resolved
13255,4419,"2026-06-25 03:23:00",created
13256,4419,"2026-06-25 04:33:33",assigned
13257,4419,"2026-06-25 09:15:46",resolved
13258,4420,"2026-07-21 12:23:00",created
13259,4420,"2026-07-21 13:00:59",assigned
13260,4420,"2026-07-21 15:32:59",resolved
13261,4421,"2026-05-24 02:25:00",created
13262,4421,"2026-05-24 04:03:05",assigned
13263,4421,"2026-05-24 10:35:25",resolved
13264,4422,"2026-06-15 08:24:00",created
13265,4422,"2026-06-15 11:47:18",assigned
13266,4422,"2026-06-16 01:20:33",resolved
13267,4423,"2026-06-11 10:42:00",created
13268,4423,"2026-06-11 12:27:36",assigned
13269,4423,"2026-06-11 19:30:03",resolved
13270,4424,"2026-07-13 07:25:00",created
13271,4424,"2026-07-13 09:06:42",assigned
13272,4424,"2026-07-13 15:53:33",resolved
13273,4425,"2026-06-26 05:53:00",created
13274,4425,"2026-06-26 06:55:30",assigned
13275,4425,"2026-06-26 11:05:31",resolved
13276,4426,"2026-06-15 14:34:00",created
13277,4426,"2026-06-15 15:20:21",assigned
13278,4426,"2026-06-15 18:25:46",resolved
13279,4427,"2026-07-17 18:42:00",created
13280,4427,"2026-07-17 19:48:46",assigned
13281,4427,"2026-07-18 00:15:50",resolved
13282,4428,"2026-07-08 14:34:00",created
13283,4428,"2026-07-08 15:01:55",assigned
13284,4428,"2026-07-08 16:53:39",resolved
13285,4429,"2026-06-08 15:14:00",created
13286,4429,"2026-06-08 15:45:25",assigned
13287,4429,"2026-06-08 17:51:09",resolved
13288,4430,"2026-07-25 19:27:00",created
13289,4430,"2026-07-25 20:18:11",assigned
13290,4430,"2026-07-25 23:42:56",resolved
13291,4431,"2026-07-23 04:08:00",created
13292,4431,"2026-07-23 13:45:57",assigned
13293,4431,"2026-07-25 04:17:48",resolved
13294,4432,"2026-05-11 19:00:00",created
13295,4432,"2026-05-11 22:22:53",assigned
13296,4432,"2026-05-12 11:54:25",resolved
13297,4433,"2026-06-02 15:35:00",created
13298,4433,"2026-06-02 19:07:35",assigned
13299,4433,"2026-06-03 09:17:56",resolved
13300,4434,"2026-07-12 02:25:00",created
13301,4434,"2026-07-12 03:35:53",assigned
13302,4434,"2026-07-12 08:19:29",resolved
13303,4435,"2026-05-31 07:48:00",created
13304,4435,"2026-05-31 09:47:57",assigned
13305,4435,"2026-05-31 17:47:49",resolved
13306,4436,"2026-05-13 13:21:00",created
13307,4436,"2026-05-13 16:04:03",assigned
13308,4436,"2026-05-14 02:56:18",resolved
13309,4437,"2026-05-04 15:05:00",created
13310,4437,"2026-05-04 15:50:12",assigned
13311,4437,"2026-05-04 18:51:03",resolved
13312,4438,"2026-05-01 17:02:00",created
13313,4438,"2026-05-01 18:00:26",assigned
13314,4438,"2026-05-01 21:54:12",resolved
13315,4439,"2026-07-07 09:47:00",created
13316,4439,"2026-07-07 11:57:11",assigned
13317,4439,"2026-07-07 20:37:55",resolved
13318,4440,"2026-05-20 14:54:00",created
13319,4440,"2026-05-20 15:55:56",assigned
13320,4440,"2026-05-20 20:03:44",resolved
13321,4441,"2026-07-15 23:01:00",created
13322,4441,"2026-07-16 00:09:31",assigned
13323,4441,"2026-07-16 04:43:39",resolved
13324,4442,"2026-05-03 07:43:00",created
13325,4442,"2026-05-03 08:48:18",assigned
13326,4442,"2026-05-03 13:09:32",resolved
13327,4443,"2026-05-20 01:24:00",created
13328,4443,"2026-05-20 03:50:14",assigned
13329,4443,"2026-05-20 13:35:14",resolved
13330,4444,"2026-06-25 10:20:00",created
13331,4444,"2026-06-25 12:09:22",assigned
13332,4444,"2026-06-25 19:26:51",resolved
13333,4445,"2026-06-15 20:46:00",created
13334,4445,"2026-06-15 21:35:52",assigned
13335,4445,"2026-06-16 00:55:23",resolved
13336,4446,"2026-06-06 00:21:00",created
13337,4446,"2026-06-06 03:57:11",assigned
13338,4446,"2026-06-06 18:21:56",resolved
13339,4447,"2026-05-09 21:06:00",created
13340,4447,"2026-05-09 22:45:15",assigned
13341,4447,"2026-05-10 05:22:19",resolved
13342,4448,"2026-07-20 23:07:00",created
13343,4448,"2026-07-21 03:01:47",assigned
13344,4448,"2026-07-21 18:40:55",resolved
13345,4449,"2026-06-10 11:48:00",created
13346,4449,"2026-06-10 13:07:53",assigned
13347,4449,"2026-06-10 18:27:27",resolved
13348,4450,"2026-05-01 16:56:00",created
13349,4450,"2026-05-01 19:29:35",assigned
13350,4450,"2026-05-02 05:43:56",resolved
13351,4451,"2026-06-24 03:47:00",created
13352,4451,"2026-06-24 04:32:35",assigned
13353,4451,"2026-06-24 07:34:56",resolved
13354,4452,"2026-05-11 23:14:00",created
13355,4452,"2026-05-12 00:10:05",assigned
13356,4452,"2026-05-12 03:54:26",resolved
13357,4453,"2026-07-22 20:01:00",created
13358,4453,"2026-07-22 21:02:21",assigned
13359,4453,"2026-07-23 01:07:45",resolved
13360,4454,"2026-07-06 10:59:00",created
13361,4454,"2026-07-06 12:26:13",assigned
13362,4454,"2026-07-06 18:15:05",resolved
13363,4455,"2026-05-09 10:11:00",created
13364,4455,"2026-05-09 14:09:45",assigned
13365,4455,"2026-05-10 06:04:45",resolved
13366,4456,"2026-06-15 12:17:00",created
13367,4456,"2026-06-15 13:26:17",assigned
13368,4456,"2026-06-15 18:03:27",resolved
13369,4457,"2026-06-25 07:18:00",created
13370,4457,"2026-06-25 08:55:33",assigned
13371,4457,"2026-06-25 15:25:49",resolved
13372,4458,"2026-05-15 05:21:00",created
13373,4458,"2026-05-15 07:51:53",assigned
13374,4458,"2026-05-15 17:55:27",resolved
13375,4459,"2026-07-08 09:09:00",created
13376,4459,"2026-07-08 11:15:56",assigned
13377,4459,"2026-07-08 19:43:42",resolved
13378,4460,"2026-07-07 06:37:00",created
13379,4460,"2026-07-07 09:18:15",assigned
13380,4460,"2026-07-07 20:03:17",resolved
13381,4461,"2026-07-05 12:26:00",created
13382,4461,"2026-07-05 13:20:00",assigned
13383,4461,"2026-07-05 16:56:02",resolved
13384,4462,"2026-06-12 23:19:00",created
13385,4462,"2026-06-13 00:07:25",assigned
13386,4462,"2026-06-13 03:21:07",resolved
13387,4463,"2026-05-14 19:19:00",created
13388,4463,"2026-05-14 20:14:45",assigned
13389,4463,"2026-05-14 23:57:48",resolved
13390,4464,"2026-06-14 06:38:00",created
13391,4464,"2026-06-14 07:15:52",assigned
13392,4464,"2026-06-14 09:47:22",resolved
13393,4465,"2026-05-23 22:20:00",created
13394,4465,"2026-05-24 00:25:56",assigned
13395,4465,"2026-05-24 08:49:41",resolved
13396,4466,"2026-06-25 17:05:00",created
13397,4466,"2026-06-25 17:57:18",assigned
13398,4466,"2026-06-25 21:26:32",resolved
13399,4467,"2026-06-23 08:47:00",created
13400,4467,"2026-06-23 11:15:52",assigned
13401,4467,"2026-06-23 21:11:24",resolved
13402,4468,"2026-05-29 17:12:00",created
13403,4468,"2026-05-29 18:33:38",assigned
13404,4468,"2026-05-30 00:00:13",resolved
13405,4469,"2026-06-12 11:25:00",created
13406,4469,"2026-06-12 13:31:01",assigned
13407,4469,"2026-06-12 21:55:06",resolved
13408,4470,"2026-07-27 15:32:00",created
13409,4470,"2026-07-27 17:42:09",assigned
13410,4470,"2026-07-28 02:22:47",resolved
13411,4471,"2026-06-08 10:43:00",created
13412,4471,"2026-06-08 11:26:50",assigned
13413,4471,"2026-06-08 14:22:10",resolved
13414,4472,"2026-05-17 16:26:00",created
13415,4472,"2026-05-17 20:29:48",assigned
13416,4472,"2026-05-18 12:45:02",resolved
13417,4473,"2026-06-06 07:53:00",created
13418,4473,"2026-06-06 09:37:52",assigned
13419,4473,"2026-06-06 16:37:20",resolved
13420,4474,"2026-06-06 15:37:00",created
13421,4474,"2026-06-06 16:23:09",assigned
13422,4474,"2026-06-06 19:27:49",resolved
13423,4475,"2026-06-16 17:51:00",created
13424,4475,"2026-06-16 19:44:01",assigned
13425,4475,"2026-06-17 03:16:09",resolved
13426,4476,"2026-06-05 00:23:00",created
13427,4476,"2026-06-05 01:11:05",assigned
13428,4476,"2026-06-05 04:23:25",resolved
13429,4477,"2026-07-06 13:33:00",created
13430,4477,"2026-07-06 17:19:43",assigned
13431,4477,"2026-07-07 08:26:38",resolved
13432,4478,"2026-07-22 00:05:00",created
13433,4478,"2026-07-22 03:41:24",assigned
13434,4478,"2026-07-22 18:07:04",resolved
13435,4479,"2026-06-20 14:20:00",created
13436,4479,"2026-06-20 14:49:51",assigned
13437,4479,"2026-06-20 16:49:16",resolved
13438,4480,"2026-05-25 05:49:00",created
13439,4480,"2026-05-25 06:47:25",assigned
13440,4480,"2026-05-25 10:41:05",resolved
13441,4481,"2026-07-19 12:35:00",created
13442,4481,"2026-07-19 13:47:54",assigned
13443,4481,"2026-07-19 18:39:32",resolved
13444,4482,"2026-05-01 22:49:00",created
13445,4482,"2026-05-01 23:56:07",assigned
13446,4482,"2026-05-02 04:24:39",resolved
13447,4483,"2026-07-21 07:50:00",created
13448,4483,"2026-07-21 08:10:55",assigned
13449,4483,"2026-07-21 09:34:36",resolved
13450,4484,"2026-05-15 09:36:00",created
13451,4484,"2026-05-15 11:52:42",assigned
13452,4484,"2026-05-15 20:59:32",resolved
13453,4485,"2026-05-19 08:04:00",created
13454,4485,"2026-05-19 08:53:46",assigned
13455,4485,"2026-05-19 12:12:54",resolved
13456,4486,"2026-06-12 11:27:00",created
13457,4486,"2026-06-12 12:21:23",assigned
13458,4486,"2026-06-12 15:58:55",resolved
13459,4487,"2026-05-12 18:44:00",created
13460,4487,"2026-05-12 20:57:49",assigned
13461,4487,"2026-05-13 05:53:07",resolved
13462,4488,"2026-07-04 20:39:00",created
13463,4488,"2026-07-05 01:17:04",assigned
13464,4488,"2026-07-05 19:49:23",resolved
13465,4489,"2026-06-30 19:31:00",created
13466,4489,"2026-06-30 21:19:06",assigned
13467,4489,"2026-07-01 04:31:32",resolved
13468,4490,"2026-07-23 23:22:00",created
13469,4490,"2026-07-24 01:18:35",assigned
13470,4490,"2026-07-24 09:04:58",resolved
13471,4491,"2026-07-18 12:37:00",created
13472,4491,"2026-07-18 13:27:09",assigned
13473,4491,"2026-07-18 16:47:47",resolved
13474,4492,"2026-05-31 23:49:00",created
13475,4492,"2026-06-01 01:51:51",assigned
13476,4492,"2026-06-01 10:03:18",resolved
13477,4493,"2026-07-07 16:03:00",created
13478,4493,"2026-07-07 17:36:32",assigned
13479,4493,"2026-07-07 23:50:40",resolved
13480,4494,"2026-06-11 10:11:00",created
13481,4494,"2026-06-11 11:13:40",assigned
13482,4494,"2026-06-11 15:24:23",resolved
13483,4495,"2026-05-27 12:03:00",created
13484,4495,"2026-05-27 13:25:45",assigned
13485,4495,"2026-05-27 18:56:45",resolved
13486,4496,"2026-06-07 21:28:00",created
13487,4496,"2026-06-07 23:47:02",assigned
13488,4496,"2026-06-08 09:03:14",resolved
13489,4497,"2026-05-30 21:42:00",created
13490,4497,"2026-05-30 23:56:48",assigned
13491,4497,"2026-05-31 08:56:03",resolved
13492,4498,"2026-06-07 06:56:00",created
13493,4498,"2026-06-07 08:11:53",assigned
13494,4498,"2026-06-07 13:15:28",resolved
13495,4499,"2026-05-24 01:27:00",created
13496,4499,"2026-05-24 02:32:17",assigned
13497,4499,"2026-05-24 06:53:26",resolved
13498,4500,"2026-05-26 15:47:00",created
13499,4500,"2026-05-26 16:44:51",assigned
13500,4500,"2026-05-26 20:36:17",resolved
13501,4501,"2026-07-01 00:39:00",created
13502,4501,"2026-07-01 03:03:49",assigned
13503,4501,"2026-07-01 12:43:05",resolved
13504,4502,"2026-07-17 17:45:00",created
13505,4502,"2026-07-17 20:24:39",assigned
13506,4502,"2026-07-18 07:03:18",resolved
13507,4503,"2026-06-23 11:24:00",created
13508,4503,"2026-06-23 12:11:28",assigned
13509,4503,"2026-06-23 15:21:21",resolved
13510,4504,"2026-06-02 16:11:00",created
13511,4504,"2026-06-02 17:03:18",assigned
13512,4504,"2026-06-02 20:32:34",resolved
13513,4505,"2026-05-27 05:58:00",created
13514,4505,"2026-05-27 09:42:20",assigned
13515,4505,"2026-05-28 00:39:43",resolved
13516,4506,"2026-07-26 03:38:00",created
13517,4506,"2026-07-26 04:28:03",assigned
13518,4506,"2026-07-26 07:48:18",resolved
13519,4507,"2026-07-03 00:34:00",created
13520,4507,"2026-07-03 01:24:38",assigned
13521,4507,"2026-07-03 04:47:14",resolved
13522,4508,"2026-07-14 22:39:00",created
13523,4508,"2026-07-15 00:45:21",assigned
13524,4508,"2026-07-15 09:10:49",resolved
13525,4509,"2026-05-03 01:58:00",created
13526,4509,"2026-05-03 03:10:07",assigned
13527,4509,"2026-05-03 07:58:36",resolved
13528,4510,"2026-07-10 08:05:00",created
13529,4510,"2026-07-10 10:26:02",assigned
13530,4510,"2026-07-10 19:50:13",resolved
13531,4511,"2026-05-24 23:41:00",created
13532,4511,"2026-05-25 01:22:23",assigned
13533,4511,"2026-05-25 08:07:58",resolved
13534,4512,"2026-07-10 13:26:00",created
13535,4512,"2026-07-10 16:08:30",assigned
13536,4512,"2026-07-11 02:58:33",resolved
13537,4513,"2026-07-06 05:14:00",created
13538,4513,"2026-07-06 07:26:34",assigned
13539,4513,"2026-07-06 16:16:50",resolved
13540,4514,"2026-05-28 00:32:00",created
13541,4514,"2026-05-28 01:19:25",assigned
13542,4514,"2026-05-28 04:29:07",resolved
13543,4515,"2026-06-21 14:43:00",created
13544,4515,"2026-06-21 18:43:56",assigned
13545,4515,"2026-06-22 10:47:41",resolved
13546,4516,"2026-06-28 21:14:00",created
13547,4516,"2026-06-28 22:54:23",assigned
13548,4516,"2026-06-29 05:35:56",resolved
13549,4517,"2026-07-06 07:50:00",created
13550,4517,"2026-07-06 08:39:07",assigned
13551,4517,"2026-07-06 11:55:35",resolved
13552,4518,"2026-07-22 19:54:00",created
13553,4518,"2026-07-22 22:44:18",assigned
13554,4518,"2026-07-23 10:05:32",resolved
13555,4519,"2026-07-11 11:00:00",created
13556,4519,"2026-07-11 13:47:52",assigned
13557,4519,"2026-07-12 00:59:23",resolved
13558,4520,"2026-06-03 09:56:00",created
13559,4520,"2026-06-03 12:41:34",assigned
13560,4520,"2026-06-03 23:43:53",resolved
13561,4521,"2026-05-24 15:36:00",created
13562,4521,"2026-05-24 17:53:59",assigned
13563,4521,"2026-05-25 03:05:57",resolved
13564,4522,"2026-06-10 03:46:00",created
13565,4522,"2026-06-10 05:49:05",assigned
13566,4522,"2026-06-10 14:01:25",resolved
13567,4523,"2026-06-16 08:33:00",created
13568,4523,"2026-06-16 09:39:46",assigned
13569,4523,"2026-06-16 14:06:50",resolved
13570,4524,"2026-05-07 18:54:00",created
13571,4524,"2026-05-07 21:14:38",assigned
13572,4524,"2026-05-08 06:37:10",resolved
13573,4525,"2026-07-16 12:25:00",created
13574,4525,"2026-07-16 14:37:15",assigned
13575,4525,"2026-07-16 23:26:16",resolved
13576,4526,"2026-05-18 13:37:00",created
13577,4526,"2026-05-18 22:18:31",assigned
13578,4526,"2026-05-20 09:04:35",resolved
13579,4527,"2026-05-21 13:56:00",created
13580,4527,"2026-05-21 16:34:05",assigned
13581,4527,"2026-05-22 03:06:25",resolved
13582,4528,"2026-07-29 23:53:00",created
13583,4528,"2026-07-30 04:37:04",assigned
13584,4528,"2026-07-30 23:33:21",resolved
13585,4529,"2026-07-05 02:09:00",created
13586,4529,"2026-07-05 04:45:22",assigned
13587,4529,"2026-07-05 15:10:52",resolved
13588,4530,"2026-05-20 09:18:00",created
13589,4530,"2026-05-20 12:38:27",assigned
13590,4530,"2026-05-21 02:00:18",resolved
13591,4531,"2026-07-25 16:54:00",created
13592,4531,"2026-07-25 17:54:55",assigned
13593,4531,"2026-07-25 21:58:39",resolved
13594,4532,"2026-06-14 21:07:00",created
13595,4532,"2026-06-14 22:55:20",assigned
13596,4532,"2026-06-15 06:08:40",resolved
13597,4533,"2026-07-14 21:52:00",created
13598,4533,"2026-07-14 23:52:14",assigned
13599,4533,"2026-07-15 07:53:10",resolved
13600,4534,"2026-06-03 19:42:00",created
13601,4534,"2026-06-03 21:29:03",assigned
13602,4534,"2026-06-04 04:37:15",resolved
13603,4535,"2026-05-28 03:55:00",created
13604,4535,"2026-05-28 06:44:45",assigned
13605,4535,"2026-05-28 18:03:48",resolved
13606,4536,"2026-07-07 23:32:00",created
13607,4536,"2026-07-08 02:12:43",assigned
13608,4536,"2026-07-08 12:55:39",resolved
13609,4537,"2026-06-26 21:23:00",created
13610,4537,"2026-06-26 22:36:37",assigned
13611,4537,"2026-06-27 03:31:08",resolved
13612,4538,"2026-05-13 05:58:00",created
13613,4538,"2026-05-13 07:10:50",assigned
13614,4538,"2026-05-13 12:02:11",resolved
13615,4539,"2026-05-14 16:27:00",created
13616,4539,"2026-05-14 19:35:32",assigned
13617,4539,"2026-05-15 08:09:44",resolved
13618,4540,"2026-05-14 23:25:00",created
13619,4540,"2026-05-15 00:31:25",assigned
13620,4540,"2026-05-15 04:57:05",resolved
13621,4541,"2026-05-14 04:25:00",created
13622,4541,"2026-05-14 05:18:41",assigned
13623,4541,"2026-05-14 08:53:27",resolved
13624,4542,"2026-06-23 03:46:00",created
13625,4542,"2026-06-23 08:36:18",assigned
13626,4542,"2026-06-24 03:57:31",resolved
13627,4543,"2026-06-22 16:36:00",created
13628,4543,"2026-06-22 16:58:19",assigned
13629,4543,"2026-06-22 18:27:38",resolved
13630,4544,"2026-06-05 16:48:00",created
13631,4544,"2026-06-05 17:55:16",assigned
13632,4544,"2026-06-05 22:24:21",resolved
13633,4545,"2026-07-28 12:58:00",created
13634,4545,"2026-07-28 14:12:42",assigned
13635,4545,"2026-07-28 19:11:34",resolved
13636,4546,"2026-07-16 07:10:00",created
13637,4546,"2026-07-16 10:15:19",assigned
13638,4546,"2026-07-16 22:36:37",resolved
13639,4547,"2026-05-04 08:44:00",created
13640,4547,"2026-05-04 11:09:54",assigned
13641,4547,"2026-05-04 20:53:34",resolved
13642,4548,"2026-05-17 19:28:00",created
13643,4548,"2026-05-17 20:22:42",assigned
13644,4548,"2026-05-18 00:01:33",resolved
13645,4549,"2026-06-30 16:27:00",created
13646,4549,"2026-06-30 18:02:49",assigned
13647,4549,"2026-07-01 00:26:07",resolved
13648,4550,"2026-06-11 13:08:00",created
13649,4550,"2026-06-11 14:30:02",assigned
13650,4550,"2026-06-11 19:58:14",resolved
13651,4551,"2026-07-05 06:57:00",created
13652,4551,"2026-07-05 08:05:35",assigned
13653,4551,"2026-07-05 12:39:58",resolved
13654,4552,"2026-06-08 18:17:00",created
13655,4552,"2026-06-08 19:20:29",assigned
13656,4552,"2026-06-08 23:34:29",resolved
13657,4553,"2026-06-22 07:17:00",created
13658,4553,"2026-06-22 09:14:17",assigned
13659,4553,"2026-06-22 17:03:25",resolved
13660,4554,"2026-05-30 08:45:00",created
13661,4554,"2026-05-30 11:50:08",assigned
13662,4554,"2026-05-31 00:10:40",resolved
13663,4555,"2026-06-17 21:42:00",created
13664,4555,"2026-06-17 22:19:43",assigned
13665,4555,"2026-06-18 00:50:35",resolved
13666,4556,"2026-06-14 08:01:00",created
13667,4556,"2026-06-14 11:20:37",assigned
13668,4556,"2026-06-15 00:39:09",resolved
13669,4557,"2026-05-29 06:09:00",created
13670,4557,"2026-05-29 06:37:21",assigned
13671,4557,"2026-05-29 08:30:45",resolved
13672,4558,"2026-07-11 05:38:00",created
13673,4558,"2026-07-11 07:09:03",assigned
13674,4558,"2026-07-11 13:13:18",resolved
13675,4559,"2026-05-22 08:50:00",created
13676,4559,"2026-05-22 10:25:24",assigned
13677,4559,"2026-05-22 16:47:04",resolved
13678,4560,"2026-05-20 02:18:00",created
13679,4560,"2026-05-20 02:45:42",assigned
13680,4560,"2026-05-20 04:36:31",resolved
13681,4561,"2026-07-25 20:41:00",created
13682,4561,"2026-07-25 21:45:21",assigned
13683,4561,"2026-07-26 02:02:47",resolved
13684,4562,"2026-05-02 22:03:00",created
13685,4562,"2026-05-02 23:42:13",assigned
13686,4562,"2026-05-03 06:19:08",resolved
13687,4563,"2026-05-19 20:54:00",created
13688,4563,"2026-05-19 22:29:32",assigned
13689,4563,"2026-05-20 04:51:40",resolved
13690,4564,"2026-06-02 07:07:00",created
13691,4564,"2026-06-02 09:44:33",assigned
13692,4564,"2026-06-02 20:14:45",resolved
13693,4565,"2026-07-18 19:16:00",created
13694,4565,"2026-07-18 21:53:40",assigned
13695,4565,"2026-07-19 08:24:23",resolved
13696,4566,"2026-06-08 22:53:00",created
13697,4566,"2026-06-08 23:23:50",assigned
13698,4566,"2026-06-09 01:27:14",resolved
13699,4567,"2026-07-16 13:29:00",created
13700,4567,"2026-07-16 17:40:13",assigned
13701,4567,"2026-07-17 10:25:05",resolved
13702,4568,"2026-07-21 05:39:00",created
13703,4568,"2026-07-21 06:27:20",assigned
13704,4568,"2026-07-21 09:40:41",resolved
13705,4569,"2026-05-20 04:59:00",created
13706,4569,"2026-05-20 08:21:43",assigned
13707,4569,"2026-05-20 21:52:38",resolved
13708,4570,"2026-05-31 14:33:00",created
13709,4570,"2026-05-31 15:49:09",assigned
13710,4570,"2026-05-31 20:53:45",resolved
13711,4571,"2026-07-27 11:36:00",created
13712,4571,"2026-07-27 14:04:41",assigned
13713,4571,"2026-07-27 23:59:25",resolved
13714,4572,"2026-06-01 08:34:00",created
13715,4572,"2026-06-01 09:17:52",assigned
13716,4572,"2026-06-01 12:13:21",resolved
13717,4573,"2026-05-11 07:39:00",created
13718,4573,"2026-05-11 08:02:03",assigned
13719,4573,"2026-05-11 09:34:15",resolved
13720,4574,"2026-05-09 10:45:00",created
13721,4574,"2026-05-09 12:33:52",assigned
13722,4574,"2026-05-09 19:49:20",resolved
13723,4575,"2026-06-18 04:53:00",created
13724,4575,"2026-06-18 06:02:18",assigned
13725,4575,"2026-06-18 10:39:34",resolved
13726,4576,"2026-06-17 15:17:00",created
13727,4576,"2026-06-17 16:18:39",assigned
13728,4576,"2026-06-17 20:25:18",resolved
13729,4577,"2026-07-27 22:24:00",created
13730,4577,"2026-07-28 01:43:47",assigned
13731,4577,"2026-07-28 15:02:59",resolved
13732,4578,"2026-06-29 13:59:00",created
13733,4578,"2026-06-29 16:48:39",assigned
13734,4578,"2026-06-30 04:07:19",resolved
13735,4579,"2026-06-06 21:06:00",created
13736,4579,"2026-06-06 22:22:15",assigned
13737,4579,"2026-06-07 03:27:15",resolved
13738,4580,"2026-07-19 03:59:00",created
13739,4580,"2026-07-19 04:44:32",assigned
13740,4580,"2026-07-19 07:46:41",resolved
13741,4581,"2026-07-13 00:49:00",created
13742,4581,"2026-07-13 02:08:51",assigned
13743,4581,"2026-07-13 07:28:16",resolved
13744,4582,"2026-06-05 13:31:00",created
13745,4582,"2026-06-05 16:48:08",assigned
13746,4582,"2026-06-06 05:56:44",resolved
13747,4583,"2026-06-27 01:48:00",created
13748,4583,"2026-06-27 02:47:13",assigned
13749,4583,"2026-06-27 06:44:08",resolved
13750,4584,"2026-07-10 14:19:00",created
13751,4584,"2026-07-10 15:32:26",assigned
13752,4584,"2026-07-10 20:26:14",resolved
13753,4585,"2026-07-20 07:55:00",created
13754,4585,"2026-07-20 10:09:20",assigned
13755,4585,"2026-07-20 19:06:40",resolved
13756,4586,"2026-07-16 10:18:00",created
13757,4586,"2026-07-16 11:47:00",assigned
13758,4586,"2026-07-16 17:43:04",resolved
13759,4587,"2026-05-06 14:33:00",created
13760,4587,"2026-05-06 16:51:45",assigned
13761,4587,"2026-05-07 02:06:47",resolved
13762,4588,"2026-06-06 01:59:00",created
13763,4588,"2026-06-06 02:45:34",assigned
13764,4588,"2026-06-06 05:51:52",resolved
13765,4589,"2026-05-25 18:57:00",created
13766,4589,"2026-05-25 22:38:39",assigned
13767,4589,"2026-05-26 13:25:18",resolved
13768,4590,"2026-05-09 22:55:00",created
13769,4590,"2026-05-09 23:51:08",assigned
13770,4590,"2026-05-10 03:35:44",resolved
13771,4591,"2026-05-28 22:27:00",created
13772,4591,"2026-05-28 23:40:18",assigned
13773,4591,"2026-05-29 04:33:34",resolved
13774,4592,"2026-06-10 07:46:00",created
13775,4592,"2026-06-10 08:23:54",assigned
13776,4592,"2026-06-10 10:55:31",resolved
13777,4593,"2026-05-03 16:22:00",created
13778,4593,"2026-05-03 17:40:12",assigned
13779,4593,"2026-05-03 22:53:00",resolved
13780,4594,"2026-05-25 02:09:00",created
13781,4594,"2026-05-25 02:52:59",assigned
13782,4594,"2026-05-25 05:48:55",resolved
13783,4595,"2026-06-08 16:41:00",created
13784,4595,"2026-06-08 19:04:01",assigned
13785,4595,"2026-06-09 04:36:06",resolved
13786,4596,"2026-05-31 18:13:00",created
13787,4596,"2026-05-31 20:29:38",assigned
13788,4596,"2026-06-01 05:36:11",resolved
13789,4597,"2026-07-10 12:13:00",created
13790,4597,"2026-07-10 13:06:58",assigned
13791,4597,"2026-07-10 16:42:50",resolved
13792,4598,"2026-06-19 08:55:00",created
13793,4598,"2026-06-19 09:20:16",assigned
13794,4598,"2026-06-19 11:01:21",resolved
13795,4599,"2026-07-05 17:05:00",created
13796,4599,"2026-07-05 18:28:13",assigned
13797,4599,"2026-07-06 00:01:09",resolved
13798,4600,"2026-05-15 01:35:00",created
13799,4600,"2026-05-15 02:14:24",assigned
13800,4600,"2026-05-15 04:52:04",resolved
13801,4601,"2026-05-02 10:07:00",created
13802,4601,"2026-05-02 12:07:40",assigned
13803,4601,"2026-05-02 20:10:21",resolved
13804,4602,"2026-06-03 22:54:00",created
13805,4602,"2026-06-04 00:59:12",assigned
13806,4602,"2026-06-04 09:20:04",resolved
13807,4603,"2026-07-02 22:08:00",created
13808,4603,"2026-07-02 23:06:55",assigned
13809,4603,"2026-07-03 03:02:36",resolved
13810,4604,"2026-05-19 06:28:00",created
13811,4604,"2026-05-19 08:29:54",assigned
13812,4604,"2026-05-19 16:37:34",resolved
13813,4605,"2026-06-14 17:50:00",created
13814,4605,"2026-06-14 18:50:19",assigned
13815,4605,"2026-06-14 22:51:36",resolved
13816,4606,"2026-07-11 09:55:00",created
13817,4606,"2026-07-11 12:03:36",assigned
13818,4606,"2026-07-11 20:38:04",resolved
13819,4607,"2026-07-07 16:33:00",created
13820,4607,"2026-07-07 18:58:40",assigned
13821,4607,"2026-07-08 04:41:20",resolved
13822,4608,"2026-06-01 03:37:00",created
13823,4608,"2026-06-01 03:57:06",assigned
13824,4608,"2026-06-01 05:17:31",resolved
13825,4609,"2026-05-04 04:37:00",created
13826,4609,"2026-05-04 05:44:33",assigned
13827,4609,"2026-05-04 10:14:49",resolved
13828,4610,"2026-07-27 01:54:00",created
13829,4610,"2026-07-27 03:02:08",assigned
13830,4610,"2026-07-27 07:34:43",resolved
13831,4611,"2026-06-23 21:03:00",created
13832,4611,"2026-06-23 23:16:11",assigned
13833,4611,"2026-06-24 08:08:57",resolved
13834,4612,"2026-06-14 19:25:00",created
13835,4612,"2026-06-14 20:10:32",assigned
13836,4612,"2026-06-14 23:12:44",resolved
13837,4613,"2026-05-28 15:52:00",created
13838,4613,"2026-05-28 22:09:53",assigned
13839,4613,"2026-05-29 23:21:26",resolved
13840,4614,"2026-07-13 11:04:00",created
13841,4614,"2026-07-13 13:30:10",assigned
13842,4614,"2026-07-13 23:14:51",resolved
13843,4615,"2026-07-27 02:27:00",created
13844,4615,"2026-07-27 03:26:57",assigned
13845,4615,"2026-07-27 07:26:46",resolved
13846,4616,"2026-07-07 23:46:00",created
13847,4616,"2026-07-08 01:53:56",assigned
13848,4616,"2026-07-08 10:25:41",resolved
13849,4617,"2026-06-05 16:17:00",created
13850,4617,"2026-06-05 18:12:10",assigned
13851,4617,"2026-06-06 01:52:50",resolved
13852,4618,"2026-06-01 05:44:00",created
13853,4618,"2026-06-01 09:31:07",assigned
13854,4618,"2026-06-02 00:39:36",resolved
13855,4619,"2026-06-16 09:10:00",created
13856,4619,"2026-06-16 11:38:10",assigned
13857,4619,"2026-06-16 21:30:52",resolved
13858,4620,"2026-05-14 00:21:00",created
13859,4620,"2026-05-14 03:05:29",assigned
13860,4620,"2026-05-14 14:03:27",resolved
13861,4621,"2026-06-15 17:00:00",created
13862,4621,"2026-06-15 19:41:14",assigned
13863,4621,"2026-06-16 06:26:14",resolved
13864,4622,"2026-05-26 19:47:00",created
13865,4622,"2026-05-26 21:01:27",assigned
13866,4622,"2026-05-27 01:59:18",resolved
13867,4623,"2026-06-20 03:12:00",created
13868,4623,"2026-06-20 04:08:21",assigned
13869,4623,"2026-06-20 07:53:45",resolved
13870,4624,"2026-05-19 16:45:00",created
13871,4624,"2026-05-19 18:13:22",assigned
13872,4624,"2026-05-20 00:06:52",resolved
13873,4625,"2026-07-08 20:47:00",created
13874,4625,"2026-07-08 23:00:23",assigned
13875,4625,"2026-07-09 07:53:59",resolved
13876,4626,"2026-05-27 21:09:00",created
13877,4626,"2026-05-27 23:52:51",assigned
13878,4626,"2026-05-28 10:48:15",resolved
13879,4627,"2026-07-21 06:05:00",created
13880,4627,"2026-07-21 08:05:16",assigned
13881,4627,"2026-07-21 16:06:21",resolved
13882,4628,"2026-07-09 14:58:00",created
13883,4628,"2026-07-09 16:15:50",assigned
13884,4628,"2026-07-09 21:27:12",resolved
13885,4629,"2026-07-24 21:44:00",created
13886,4629,"2026-07-24 22:20:07",assigned
13887,4629,"2026-07-25 00:44:36",resolved
13888,4630,"2026-05-16 04:55:00",created
13889,4630,"2026-05-16 07:17:01",assigned
13890,4630,"2026-05-16 16:45:08",resolved
13891,4631,"2026-05-29 03:24:00",created
13892,4631,"2026-05-29 04:18:50",assigned
13893,4631,"2026-05-29 07:58:12",resolved
13894,4632,"2026-05-12 19:16:00",created
13895,4632,"2026-05-12 22:03:00",assigned
13896,4632,"2026-05-13 09:11:02",resolved
13897,4633,"2026-06-17 13:24:00",created
13898,4633,"2026-06-17 17:01:13",assigned
13899,4633,"2026-06-18 07:30:08",resolved
13900,4634,"2026-06-25 01:41:00",created
13901,4634,"2026-06-25 03:19:12",assigned
13902,4634,"2026-06-25 09:52:02",resolved
13903,4635,"2026-05-03 02:22:00",created
13904,4635,"2026-05-03 03:25:21",assigned
13905,4635,"2026-05-03 07:38:48",resolved
13906,4636,"2026-06-24 23:15:00",created
13907,4636,"2026-06-25 01:09:11",assigned
13908,4636,"2026-06-25 08:45:55",resolved
13909,4637,"2026-07-24 09:01:00",created
13910,4637,"2026-07-24 11:34:22",assigned
13911,4637,"2026-07-24 21:47:53",resolved
13912,4638,"2026-06-17 07:36:00",created
13913,4638,"2026-06-17 08:28:34",assigned
13914,4638,"2026-06-17 11:58:50",resolved
13915,4639,"2026-07-26 11:34:00",created
13916,4639,"2026-07-26 12:26:08",assigned
13917,4639,"2026-07-26 15:54:40",resolved
13918,4640,"2026-07-25 02:38:00",created
13919,4640,"2026-07-25 05:29:00",assigned
13920,4640,"2026-07-25 16:53:02",resolved
13921,4641,"2026-07-10 03:14:00",created
13922,4641,"2026-07-10 04:31:45",assigned
13923,4641,"2026-07-10 09:42:49",resolved
13924,4642,"2026-05-21 05:17:00",created
13925,4642,"2026-05-21 06:53:33",assigned
13926,4642,"2026-05-21 13:19:46",resolved
13927,4643,"2026-07-09 10:10:00",created
13928,4643,"2026-07-09 13:46:27",assigned
13929,4643,"2026-07-10 04:12:19",resolved
13930,4644,"2026-07-12 09:34:00",created
13931,4644,"2026-07-12 10:14:22",assigned
13932,4644,"2026-07-12 12:55:52",resolved
13933,4645,"2026-06-01 16:12:00",created
13934,4645,"2026-06-01 18:38:18",assigned
13935,4645,"2026-06-02 04:23:34",resolved
13936,4646,"2026-05-06 18:09:00",created
13937,4646,"2026-05-06 18:32:00",assigned
13938,4646,"2026-05-06 20:04:01",resolved
13939,4647,"2026-05-14 06:27:00",created
13940,4647,"2026-05-14 09:17:08",assigned
13941,4647,"2026-05-14 20:37:40",resolved
13942,4648,"2026-06-03 14:29:00",created
13943,4648,"2026-06-03 18:02:14",assigned
13944,4648,"2026-06-04 08:15:14",resolved
13945,4649,"2026-07-21 17:22:00",created
13946,4649,"2026-07-21 21:45:00",assigned
13947,4649,"2026-07-22 15:17:04",resolved
13948,4650,"2026-05-29 09:30:00",created
13949,4650,"2026-05-29 10:45:09",assigned
13950,4650,"2026-05-29 15:45:47",resolved
13951,4651,"2026-07-22 23:33:00",created
13952,4651,"2026-07-23 00:59:22",assigned
13953,4651,"2026-07-23 06:44:51",resolved
13954,4652,"2026-07-08 11:53:00",created
13955,4652,"2026-07-08 12:41:12",assigned
13956,4652,"2026-07-08 15:54:04",resolved
13957,4653,"2026-06-25 04:29:00",created
13958,4653,"2026-06-25 07:53:22",assigned
13959,4653,"2026-06-25 21:30:52",resolved
13960,4654,"2026-05-19 06:38:00",created
13961,4654,"2026-05-19 07:42:47",assigned
13962,4654,"2026-05-19 12:01:57",resolved
13963,4655,"2026-07-27 23:40:00",created
13964,4655,"2026-07-28 00:30:15",assigned
13965,4655,"2026-07-28 03:51:16",resolved
13966,4656,"2026-06-04 09:49:00",created
13967,4656,"2026-06-04 10:43:39",assigned
13968,4656,"2026-06-04 14:22:18",resolved
13969,4657,"2026-06-05 18:09:00",created
13970,4657,"2026-06-05 20:08:38",assigned
13971,4657,"2026-06-06 04:07:12",resolved
13972,4658,"2026-07-19 14:31:00",created
13973,4658,"2026-07-19 22:12:06",assigned
13974,4658,"2026-07-21 04:56:33",resolved
13975,4659,"2026-07-14 07:44:00",created
13976,4659,"2026-07-14 08:30:57",assigned
13977,4659,"2026-07-14 11:38:46",resolved
13978,4660,"2026-06-24 09:29:00",created
13979,4660,"2026-06-24 10:11:51",assigned
13980,4660,"2026-06-24 13:03:18",resolved
13981,4661,"2026-05-27 16:23:00",created
13982,4661,"2026-05-27 19:27:35",assigned
13983,4661,"2026-05-28 07:45:55",resolved
13984,4662,"2026-07-22 11:56:00",created
13985,4662,"2026-07-22 13:31:28",assigned
13986,4662,"2026-07-22 19:53:21",resolved
13987,4663,"2026-05-20 16:44:00",created
13988,4663,"2026-05-20 17:44:27",assigned
13989,4663,"2026-05-20 21:46:19",resolved
13990,4664,"2026-05-23 15:51:00",created
13991,4664,"2026-05-23 17:37:46",assigned
13992,4664,"2026-05-24 00:44:53",resolved
13993,4665,"2026-06-15 08:48:00",created
13994,4665,"2026-06-15 10:24:54",assigned
13995,4665,"2026-06-15 16:52:32",resolved
13996,4666,"2026-05-20 21:01:00",created
13997,4666,"2026-05-21 01:10:17",assigned
13998,4666,"2026-05-21 17:47:28",resolved
13999,4667,"2026-05-19 16:57:00",created
14000,4667,"2026-05-19 18:37:58",assigned
14001,4667,"2026-05-20 01:21:52",resolved
14002,4668,"2026-06-09 15:03:00",created
14003,4668,"2026-06-09 15:56:29",assigned
14004,4668,"2026-06-09 19:30:26",resolved
14005,4669,"2026-06-17 01:04:00",created
14006,4669,"2026-06-17 04:13:08",assigned
14007,4669,"2026-06-17 16:49:43",resolved
14008,4670,"2026-06-21 01:47:00",created
14009,4670,"2026-06-21 03:02:01",assigned
14010,4670,"2026-06-21 08:02:06",resolved
14011,4671,"2026-06-19 00:34:00",created
14012,4671,"2026-06-19 02:20:47",assigned
14013,4671,"2026-06-19 09:27:56",resolved
14014,4672,"2026-06-08 16:35:00",created
14015,4672,"2026-06-08 17:34:04",assigned
14016,4672,"2026-06-08 21:30:23",resolved
14017,4673,"2026-07-11 13:32:00",created
14018,4673,"2026-07-11 15:07:29",assigned
14019,4673,"2026-07-11 21:29:28",resolved
14020,4674,"2026-07-07 11:18:00",created
14021,4674,"2026-07-07 12:14:11",assigned
14022,4674,"2026-07-07 15:58:59",resolved
14023,4675,"2026-06-02 07:48:00",created
14024,4675,"2026-06-02 09:35:52",assigned
14025,4675,"2026-06-02 16:47:20",resolved
14026,4676,"2026-05-25 14:30:00",created
14027,4676,"2026-05-25 15:34:54",assigned
14028,4676,"2026-05-25 19:54:34",resolved
14029,4677,"2026-06-15 02:32:00",created
14030,4677,"2026-06-15 04:30:25",assigned
14031,4677,"2026-06-15 12:24:09",resolved
14032,4678,"2026-07-18 02:57:00",created
14033,4678,"2026-07-18 04:35:27",assigned
14034,4678,"2026-07-18 11:09:19",resolved
14035,4679,"2026-07-20 19:03:00",created
14036,4679,"2026-07-20 20:35:46",assigned
14037,4679,"2026-07-21 02:46:52",resolved
14038,4680,"2026-05-12 10:22:00",created
14039,4680,"2026-05-12 12:27:13",assigned
14040,4680,"2026-05-12 20:48:07",resolved
14041,4681,"2026-06-04 20:26:00",created
14042,4681,"2026-06-05 00:59:38",assigned
14043,4681,"2026-06-05 19:14:14",resolved
14044,4682,"2026-05-24 00:19:00",created
14045,4682,"2026-05-24 01:29:48",assigned
14046,4682,"2026-05-24 06:13:00",resolved
14047,4683,"2026-05-27 21:10:00",created
14048,4683,"2026-05-27 22:14:43",assigned
14049,4683,"2026-05-28 02:33:39",resolved
14050,4684,"2026-05-25 19:47:00",created
14051,4684,"2026-05-25 22:10:16",assigned
14052,4684,"2026-05-26 07:43:23",resolved
14053,4685,"2026-06-01 11:41:00",created
14054,4685,"2026-06-01 14:51:03",assigned
14055,4685,"2026-06-02 03:31:19",resolved
14056,4686,"2026-07-07 08:07:00",created
14057,4686,"2026-07-07 09:12:02",assigned
14058,4686,"2026-07-07 13:32:13",resolved
14059,4687,"2026-05-09 17:52:00",created
14060,4687,"2026-05-09 20:08:36",assigned
14061,4687,"2026-05-10 05:15:04",resolved
14062,4688,"2026-07-01 22:04:00",created
14063,4688,"2026-07-02 00:11:27",assigned
14064,4688,"2026-07-02 08:41:15",resolved
14065,4689,"2026-06-20 16:12:00",created
14066,4689,"2026-06-20 18:55:03",assigned
14067,4689,"2026-06-21 05:47:17",resolved
14068,4690,"2026-07-13 07:46:00",created
14069,4690,"2026-07-13 09:41:49",assigned
14070,4690,"2026-07-13 17:25:07",resolved
14071,4691,"2026-07-03 10:43:00",created
14072,4691,"2026-07-03 12:31:10",assigned
14073,4691,"2026-07-03 19:43:50",resolved
14074,4692,"2026-07-16 12:05:00",created
14075,4692,"2026-07-16 13:00:31",assigned
14076,4692,"2026-07-16 16:42:36",resolved
14077,4693,"2026-06-15 13:56:00",created
14078,4693,"2026-06-15 17:22:55",assigned
14079,4693,"2026-06-16 07:10:36",resolved
14080,4694,"2026-05-18 20:28:00",created
14081,4694,"2026-05-18 21:10:04",assigned
14082,4694,"2026-05-18 23:58:22",resolved
14083,4695,"2026-07-28 10:22:00",created
14084,4695,"2026-07-28 13:38:50",assigned
14085,4695,"2026-07-29 02:46:10",resolved
14086,4696,"2026-07-15 00:45:00",created
14087,4696,"2026-07-15 02:29:19",assigned
14088,4696,"2026-07-15 09:26:39",resolved
14089,4697,"2026-07-02 22:10:00",created
14090,4697,"2026-07-02 23:14:03",assigned
14091,4697,"2026-07-03 03:30:19",resolved
14092,4698,"2026-06-06 09:10:00",created
14093,4698,"2026-06-06 10:33:05",assigned
14094,4698,"2026-06-06 16:05:26",resolved
14095,4699,"2026-07-16 22:04:00",created
14096,4699,"2026-07-16 22:52:50",assigned
14097,4699,"2026-07-17 02:08:10",resolved
14098,4700,"2026-06-14 15:54:00",created
14099,4700,"2026-06-14 16:59:38",assigned
14100,4700,"2026-06-14 21:22:11",resolved
14101,4701,"2026-07-15 13:13:00",created
14102,4701,"2026-07-15 15:46:30",assigned
14103,4701,"2026-07-16 02:00:34",resolved
14104,4702,"2026-07-26 19:13:00",created
14105,4702,"2026-07-26 19:45:07",assigned
14106,4702,"2026-07-26 21:53:37",resolved
14107,4703,"2026-05-04 00:33:00",created
14108,4703,"2026-05-04 01:27:32",assigned
14109,4703,"2026-05-04 05:05:44",resolved
14110,4704,"2026-06-02 05:05:00",created
14111,4704,"2026-06-02 06:50:53",assigned
14112,4704,"2026-06-02 13:54:29",resolved
14113,4705,"2026-07-12 05:15:00",created
14114,4705,"2026-07-12 06:28:22",assigned
14115,4705,"2026-07-12 11:21:51",resolved
14116,4706,"2026-06-06 07:25:00",created
14117,4706,"2026-06-06 07:56:28",assigned
14118,4706,"2026-06-06 10:02:24",resolved
14119,4707,"2026-06-10 03:18:00",created
14120,4707,"2026-06-10 05:33:25",assigned
14121,4707,"2026-06-10 14:35:08",resolved
14122,4708,"2026-05-23 15:36:00",created
14123,4708,"2026-05-23 16:44:55",assigned
14124,4708,"2026-05-23 21:20:39",resolved
14125,4709,"2026-05-27 13:54:00",created
14126,4709,"2026-05-27 15:08:36",assigned
14127,4709,"2026-05-27 20:07:01",resolved
14128,4710,"2026-05-02 14:15:00",created
14129,4710,"2026-05-02 14:36:53",assigned
14130,4710,"2026-05-02 16:04:25",resolved
14131,4711,"2026-05-28 18:30:00",created
14132,4711,"2026-05-28 20:44:55",assigned
14133,4711,"2026-05-29 05:44:35",resolved
14134,4712,"2026-06-16 10:57:00",created
14135,4712,"2026-06-16 11:44:44",assigned
14136,4712,"2026-06-16 14:55:40",resolved
14137,4713,"2026-07-16 21:35:00",created
14138,4713,"2026-07-16 23:10:10",assigned
14139,4713,"2026-07-17 05:30:53",resolved
14140,4714,"2026-07-07 22:53:00",created
14141,4714,"2026-07-07 23:59:26",assigned
14142,4714,"2026-07-08 04:25:14",resolved
14143,4715,"2026-06-20 13:22:00",created
14144,4715,"2026-06-20 15:09:05",assigned
14145,4715,"2026-06-20 22:17:28",resolved
14146,4716,"2026-07-04 00:57:00",created
14147,4716,"2026-07-04 03:24:02",assigned
14148,4716,"2026-07-04 13:12:13",resolved
14149,4717,"2026-05-12 09:28:00",created
14150,4717,"2026-05-12 10:14:39",assigned
14151,4717,"2026-05-12 13:21:16",resolved
14152,4718,"2026-07-01 04:04:00",created
14153,4718,"2026-07-01 06:22:23",assigned
14154,4718,"2026-07-01 15:35:57",resolved
14155,4719,"2026-05-20 02:25:00",created
14156,4719,"2026-05-20 03:43:21",assigned
14157,4719,"2026-05-20 08:56:46",resolved
14158,4720,"2026-07-21 11:36:00",created
14159,4720,"2026-07-21 13:39:35",assigned
14160,4720,"2026-07-21 21:53:55",resolved
14161,4721,"2026-06-04 22:37:00",created
14162,4721,"2026-06-05 01:22:48",assigned
14163,4721,"2026-06-05 12:26:03",resolved
14164,4722,"2026-06-16 21:18:00",created
14165,4722,"2026-06-16 22:16:51",assigned
14166,4722,"2026-06-17 02:12:16",resolved
14167,4723,"2026-06-10 03:02:00",created
14168,4723,"2026-06-10 05:00:15",assigned
14169,4723,"2026-06-10 12:53:19",resolved
14170,4724,"2026-06-25 06:07:00",created
14171,4724,"2026-06-25 06:56:11",assigned
14172,4724,"2026-06-25 10:12:56",resolved
14173,4725,"2026-05-18 06:10:00",created
14174,4725,"2026-05-18 07:38:19",assigned
14175,4725,"2026-05-18 13:31:35",resolved
14176,4726,"2026-06-12 11:56:00",created
14177,4726,"2026-06-12 13:15:10",assigned
14178,4726,"2026-06-12 18:31:51",resolved
14179,4727,"2026-06-30 01:43:00",created
14180,4727,"2026-06-30 04:52:52",assigned
14181,4727,"2026-06-30 17:32:20",resolved
14182,4728,"2026-06-28 10:13:00",created
14183,4728,"2026-06-28 11:41:14",assigned
14184,4728,"2026-06-28 17:34:13",resolved
14185,4729,"2026-07-18 17:10:00",created
14186,4729,"2026-07-18 18:41:41",assigned
14187,4729,"2026-07-19 00:48:27",resolved
14188,4730,"2026-05-09 18:48:00",created
14189,4730,"2026-05-09 20:21:52",assigned
14190,4730,"2026-05-10 02:37:20",resolved
14191,4731,"2026-06-06 05:30:00",created
14192,4731,"2026-06-06 07:04:50",assigned
14193,4731,"2026-06-06 13:24:13",resolved
14194,4732,"2026-07-08 10:30:00",created
14195,4732,"2026-07-08 11:39:45",assigned
14196,4732,"2026-07-08 16:18:48",resolved
14197,4733,"2026-06-04 15:22:00",created
14198,4733,"2026-06-04 16:39:03",assigned
14199,4733,"2026-06-04 21:47:15",resolved
14200,4734,"2026-05-12 16:26:00",created
14201,4734,"2026-05-12 17:38:10",assigned
14202,4734,"2026-05-12 22:26:53",resolved
14203,4735,"2026-05-08 20:32:00",created
14204,4735,"2026-05-09 00:21:58",assigned
14205,4735,"2026-05-09 15:41:51",resolved
14206,4736,"2026-06-13 11:58:00",created
14207,4736,"2026-06-13 14:28:58",assigned
14208,4736,"2026-06-14 00:32:51",resolved
14209,4737,"2026-07-26 08:42:00",created
14210,4737,"2026-07-26 09:17:00",assigned
14211,4737,"2026-07-26 11:37:02",resolved
14212,4738,"2026-06-12 01:20:00",created
14213,4738,"2026-06-12 04:58:58",assigned
14214,4738,"2026-06-12 19:34:51",resolved
14215,4739,"2026-05-09 04:48:00",created
14216,4739,"2026-05-09 06:47:34",assigned
14217,4739,"2026-05-09 14:45:50",resolved
14218,4740,"2026-07-29 13:14:00",created
14219,4740,"2026-07-29 13:56:04",assigned
14220,4740,"2026-07-29 16:44:22",resolved
14221,4741,"2026-06-19 12:03:00",created
14222,4741,"2026-06-19 13:22:15",assigned
14223,4741,"2026-06-19 18:39:15",resolved
14224,4742,"2026-07-05 09:48:00",created
14225,4742,"2026-07-05 11:30:57",assigned
14226,4742,"2026-07-05 18:22:47",resolved
14227,4743,"2026-07-28 07:19:00",created
14228,4743,"2026-07-28 08:18:12",assigned
14229,4743,"2026-07-28 12:15:03",resolved
14230,4744,"2026-05-11 18:13:00",created
14231,4744,"2026-05-11 19:49:18",assigned
14232,4744,"2026-05-12 02:14:33",resolved
14233,4745,"2026-07-22 21:32:00",created
14234,4745,"2026-07-22 22:39:25",assigned
14235,4745,"2026-07-23 03:09:08",resolved
14236,4746,"2026-05-28 13:51:00",created
14237,4746,"2026-05-28 14:34:24",assigned
14238,4746,"2026-05-28 17:28:04",resolved
14239,4747,"2026-07-04 14:30:00",created
14240,4747,"2026-07-04 16:39:06",assigned
14241,4747,"2026-07-05 01:15:34",resolved
14242,4748,"2026-05-12 09:23:00",created
14243,4748,"2026-05-12 09:55:22",assigned
14244,4748,"2026-05-12 12:04:53",resolved
14245,4749,"2026-06-08 11:37:00",created
14246,4749,"2026-06-08 13:52:52",assigned
14247,4749,"2026-06-08 22:56:22",resolved
14248,4750,"2026-05-07 16:43:00",created
14249,4750,"2026-05-07 17:26:36",assigned
14250,4750,"2026-05-07 20:21:04",resolved
14251,4751,"2026-05-08 19:24:00",created
14252,4751,"2026-05-08 22:19:08",assigned
14253,4751,"2026-05-09 09:59:44",resolved
14254,4752,"2026-06-15 19:51:00",created
14255,4752,"2026-06-15 21:21:48",assigned
14256,4752,"2026-06-16 03:25:04",resolved
14257,4753,"2026-07-26 22:23:00",created
14258,4753,"2026-07-26 22:41:37",assigned
14259,4753,"2026-07-26 23:56:09",resolved
14260,4754,"2026-07-27 12:39:00",created
14261,4754,"2026-07-27 18:50:47",assigned
14262,4754,"2026-07-28 19:37:59",resolved
14263,4755,"2026-07-19 04:38:00",created
14264,4755,"2026-07-19 05:19:52",assigned
14265,4755,"2026-07-19 08:07:21",resolved
14266,4756,"2026-05-12 18:31:00",created
14267,4756,"2026-05-12 20:34:03",assigned
14268,4756,"2026-05-13 04:46:15",resolved
14269,4757,"2026-05-14 13:36:00",created
14270,4757,"2026-05-14 14:59:21",assigned
14271,4757,"2026-05-14 20:32:49",resolved
14272,4758,"2026-06-01 03:37:00",created
14273,4758,"2026-06-01 05:50:29",assigned
14274,4758,"2026-06-01 14:44:27",resolved
14275,4759,"2026-06-22 19:33:00",created
14276,4759,"2026-06-23 02:04:59",assigned
14277,4759,"2026-06-24 04:12:56",resolved
14278,4760,"2026-05-07 08:31:00",created
14279,4760,"2026-05-07 12:10:59",assigned
14280,4760,"2026-05-08 02:50:59",resolved
14281,4761,"2026-05-16 12:09:00",created
14282,4761,"2026-05-16 13:06:53",assigned
14283,4761,"2026-05-16 16:58:25",resolved
14284,4762,"2026-06-09 17:06:00",created
14285,4762,"2026-06-09 18:54:53",assigned
14286,4762,"2026-06-10 02:10:28",resolved
14287,4763,"2026-06-21 20:42:00",created
14288,4763,"2026-06-21 22:12:51",assigned
14289,4763,"2026-06-22 04:16:18",resolved
14290,4764,"2026-07-15 02:04:00",created
14291,4764,"2026-07-15 04:01:11",assigned
14292,4764,"2026-07-15 11:49:55",resolved
14293,4765,"2026-07-15 08:48:00",created
14294,4765,"2026-07-15 16:51:04",assigned
14295,4765,"2026-07-17 01:03:23",resolved
14296,4766,"2026-05-31 09:24:00",created
14297,4766,"2026-05-31 13:28:38",assigned
14298,4766,"2026-06-01 05:47:12",resolved
14299,4767,"2026-06-23 16:10:00",created
14300,4767,"2026-06-23 19:29:14",assigned
14301,4767,"2026-06-24 08:46:12",resolved
14302,4768,"2026-05-22 01:41:00",created
14303,4768,"2026-05-22 02:42:22",assigned
14304,4768,"2026-05-22 06:47:52",resolved
14305,4769,"2026-07-09 23:15:00",created
14306,4769,"2026-07-10 00:49:55",assigned
14307,4769,"2026-07-10 07:09:37",resolved
14308,4770,"2026-06-17 01:22:00",created
14309,4770,"2026-06-17 03:00:44",assigned
14310,4770,"2026-06-17 09:35:43",resolved
14311,4771,"2026-06-13 16:08:00",created
14312,4771,"2026-06-13 19:20:43",assigned
14313,4771,"2026-06-14 08:11:39",resolved
14314,4772,"2026-07-11 06:14:00",created
14315,4772,"2026-07-11 07:48:09",assigned
14316,4772,"2026-07-11 14:04:45",resolved
14317,4773,"2026-07-18 12:54:00",created
14318,4773,"2026-07-18 13:31:42",assigned
14319,4773,"2026-07-18 16:02:31",resolved
14320,4774,"2026-07-16 06:18:00",created
14321,4774,"2026-07-16 06:49:05",assigned
14322,4774,"2026-07-16 08:53:28",resolved
14323,4775,"2026-05-03 13:44:00",created
14324,4775,"2026-05-03 17:05:28",assigned
14325,4775,"2026-05-04 06:31:21",resolved
14326,4776,"2026-06-07 07:01:00",created
14327,4776,"2026-06-07 08:30:41",assigned
14328,4776,"2026-06-07 14:29:25",resolved
14329,4777,"2026-05-27 15:33:00",created
14330,4777,"2026-05-27 17:59:04",assigned
14331,4777,"2026-05-28 03:43:22",resolved
14332,4778,"2026-05-18 18:16:00",created
14333,4778,"2026-05-18 20:31:09",assigned
14334,4778,"2026-05-19 05:31:47",resolved
14335,4779,"2026-05-12 14:08:00",created
14336,4779,"2026-05-12 15:29:56",assigned
14337,4779,"2026-05-12 20:57:42",resolved
14338,4780,"2026-07-02 19:35:00",created
14339,4780,"2026-07-02 22:28:10",assigned
14340,4780,"2026-07-03 10:00:51",resolved
14341,4781,"2026-07-17 16:57:00",created
14342,4781,"2026-07-17 19:34:44",assigned
14343,4781,"2026-07-18 06:05:43",resolved
14344,4782,"2026-05-04 21:16:00",created
14345,4782,"2026-05-04 21:57:52",assigned
14346,4782,"2026-05-05 00:45:22",resolved
14347,4783,"2026-05-02 11:45:00",created
14348,4783,"2026-05-02 12:27:15",assigned
14349,4783,"2026-05-02 15:16:18",resolved
14350,4784,"2026-06-20 10:59:00",created
14351,4784,"2026-06-20 12:08:18",assigned
14352,4784,"2026-06-20 16:45:33",resolved
14353,4785,"2026-07-19 03:53:00",created
14354,4785,"2026-07-19 05:22:37",assigned
14355,4785,"2026-07-19 11:21:07",resolved
14356,4786,"2026-05-22 08:50:00",created
14357,4786,"2026-05-22 10:32:50",assigned
14358,4786,"2026-05-22 17:24:12",resolved
14359,4787,"2026-06-13 04:00:00",created
14360,4787,"2026-06-13 05:01:07",assigned
14361,4787,"2026-06-13 09:05:35",resolved
14362,4788,"2026-05-04 00:20:00",created
14363,4788,"2026-05-04 01:42:35",assigned
14364,4788,"2026-05-04 07:12:56",resolved
14365,4789,"2026-05-27 04:20:00",created
14366,4789,"2026-05-27 06:11:33",assigned
14367,4789,"2026-05-27 13:37:49",resolved
14368,4790,"2026-06-03 07:06:00",created
14369,4790,"2026-06-03 10:24:12",assigned
14370,4790,"2026-06-03 23:37:02",resolved
14371,4791,"2026-07-28 07:18:00",created
14372,4791,"2026-07-28 14:08:47",assigned
14373,4791,"2026-07-29 17:31:56",resolved
14374,4792,"2026-05-27 11:41:00",created
14375,4792,"2026-05-27 15:09:08",assigned
14376,4792,"2026-05-28 05:01:43",resolved
14377,4793,"2026-06-19 08:07:00",created
14378,4793,"2026-06-19 08:54:10",assigned
14379,4793,"2026-06-19 12:02:51",resolved
14380,4794,"2026-07-26 20:33:00",created
14381,4794,"2026-07-26 22:09:02",assigned
14382,4794,"2026-07-27 04:33:14",resolved
14383,4795,"2026-05-10 10:59:00",created
14384,4795,"2026-05-10 14:21:24",assigned
14385,4795,"2026-05-11 03:51:01",resolved
14386,4796,"2026-07-04 09:32:00",created
14387,4796,"2026-07-04 15:44:42",assigned
14388,4796,"2026-07-05 16:35:33",resolved
14389,4797,"2026-05-13 23:53:00",created
14390,4797,"2026-05-14 01:49:06",assigned
14391,4797,"2026-05-14 09:33:31",resolved
14392,4798,"2026-05-12 22:21:00",created
14393,4798,"2026-05-13 00:36:19",assigned
14394,4798,"2026-05-13 09:37:36",resolved
14395,4799,"2026-06-12 08:41:00",created
14396,4799,"2026-06-12 09:58:15",assigned
14397,4799,"2026-06-12 15:07:19",resolved
14398,4800,"2026-06-09 05:08:00",created
14399,4800,"2026-06-09 05:49:50",assigned
14400,4800,"2026-06-09 08:37:11",resolved
14401,4801,"2026-07-14 15:31:00",created
14402,4801,"2026-07-14 17:50:54",assigned
14403,4801,"2026-07-15 03:10:30",resolved
14404,4802,"2026-06-27 23:17:00",created
14405,4802,"2026-06-28 02:40:32",assigned
14406,4802,"2026-06-28 16:14:41",resolved
14407,4803,"2026-07-26 01:31:00",created
14408,4803,"2026-07-26 02:35:24",assigned
14409,4803,"2026-07-26 06:53:00",resolved
14410,4804,"2026-07-11 08:23:00",created
14411,4804,"2026-07-11 09:39:27",assigned
14412,4804,"2026-07-11 14:45:15",resolved
14413,4805,"2026-05-07 06:33:00",created
14414,4805,"2026-05-07 09:09:38",assigned
14415,4805,"2026-05-07 19:36:11",resolved
14416,4806,"2026-07-01 21:10:00",created
14417,4806,"2026-07-01 23:29:52",assigned
14418,4806,"2026-07-02 08:49:23",resolved
14419,4807,"2026-05-25 12:48:00",created
14420,4807,"2026-05-25 13:25:06",assigned
14421,4807,"2026-05-25 15:53:30",resolved
14422,4808,"2026-06-27 23:00:00",created
14423,4808,"2026-06-27 23:25:28",assigned
14424,4808,"2026-06-28 01:07:21",resolved
14425,4809,"2026-07-19 04:08:00",created
14426,4809,"2026-07-19 05:19:16",assigned
14427,4809,"2026-07-19 10:04:20",resolved
14428,4810,"2026-05-27 03:54:00",created
14429,4810,"2026-05-27 04:30:03",assigned
14430,4810,"2026-05-27 06:54:17",resolved
14431,4811,"2026-06-25 00:07:00",created
14432,4811,"2026-06-25 01:58:45",assigned
14433,4811,"2026-06-25 09:25:49",resolved
14434,4812,"2026-07-07 10:32:00",created
14435,4812,"2026-07-07 12:26:46",assigned
14436,4812,"2026-07-07 20:05:54",resolved
14437,4813,"2026-07-02 22:45:00",created
14438,4813,"2026-07-03 01:32:32",assigned
14439,4813,"2026-07-03 12:42:42",resolved
14440,4814,"2026-05-22 10:49:00",created
14441,4814,"2026-05-22 12:51:19",assigned
14442,4814,"2026-05-22 21:00:36",resolved
14443,4815,"2026-07-04 06:50:00",created
14444,4815,"2026-07-04 08:31:59",assigned
14445,4815,"2026-07-04 15:19:58",resolved
14446,4816,"2026-07-09 20:07:00",created
14447,4816,"2026-07-09 21:49:27",assigned
14448,4816,"2026-07-10 04:39:18",resolved
14449,4817,"2026-06-11 09:54:00",created
14450,4817,"2026-06-11 10:48:17",assigned
14451,4817,"2026-06-11 14:25:25",resolved
14452,4818,"2026-06-23 16:51:00",created
14453,4818,"2026-06-23 18:37:19",assigned
14454,4818,"2026-06-24 01:42:37",resolved
14455,4819,"2026-05-31 16:33:00",created
14456,4819,"2026-05-31 19:26:24",assigned
14457,4819,"2026-06-01 07:00:01",resolved
14458,4820,"2026-06-29 15:07:00",created
14459,4820,"2026-06-29 17:05:12",assigned
14460,4820,"2026-06-30 00:58:01",resolved
14461,4821,"2026-06-30 04:15:00",created
14462,4821,"2026-06-30 06:50:49",assigned
14463,4821,"2026-06-30 17:14:09",resolved
14464,4822,"2026-05-03 22:23:00",created
14465,4822,"2026-05-03 23:25:38",assigned
14466,4822,"2026-05-04 03:36:13",resolved
14467,4823,"2026-07-15 13:45:00",created
14468,4823,"2026-07-15 14:54:15",assigned
14469,4823,"2026-07-15 19:31:18",resolved
14470,4824,"2026-06-09 19:05:00",created
14471,4824,"2026-06-09 19:44:24",assigned
14472,4824,"2026-06-09 22:22:04",resolved
14473,4825,"2026-07-20 15:51:00",created
14474,4825,"2026-07-20 16:51:57",assigned
14475,4825,"2026-07-20 20:55:45",resolved
14476,4826,"2026-05-20 22:49:00",created
14477,4826,"2026-05-21 06:58:09",assigned
14478,4826,"2026-05-22 15:34:48",resolved
14479,4827,"2026-05-14 09:27:00",created
14480,4827,"2026-05-14 09:39:31",assigned
14481,4827,"2026-05-14 10:29:37",resolved
14482,4828,"2026-06-18 05:38:00",created
14483,4828,"2026-06-18 07:21:21",assigned
14484,4828,"2026-06-18 14:14:46",resolved
14485,4829,"2026-07-09 18:58:00",created
14486,4829,"2026-07-09 20:19:05",assigned
14487,4829,"2026-07-10 01:43:27",resolved
14488,4830,"2026-07-24 14:52:00",created
14489,4830,"2026-07-24 16:52:58",assigned
14490,4830,"2026-07-25 00:56:54",resolved
14491,4831,"2026-07-24 01:45:00",created
14492,4831,"2026-07-24 03:06:27",assigned
14493,4831,"2026-07-24 08:32:16",resolved
14494,4832,"2026-06-20 00:21:00",created
14495,4832,"2026-06-20 02:09:34",assigned
14496,4832,"2026-06-20 09:23:52",resolved
14497,4833,"2026-05-29 15:01:00",created
14498,4833,"2026-05-29 19:38:55",assigned
14499,4833,"2026-05-30 14:10:39",resolved
14500,4834,"2026-05-25 09:10:00",created
14501,4834,"2026-05-25 10:07:21",assigned
14502,4834,"2026-05-25 13:56:45",resolved
14503,4835,"2026-06-28 17:15:00",created
14504,4835,"2026-06-28 19:15:10",assigned
14505,4835,"2026-06-29 03:15:52",resolved
14506,4836,"2026-07-07 06:18:00",created
14507,4836,"2026-07-07 08:45:34",assigned
14508,4836,"2026-07-07 18:35:50",resolved
14509,4837,"2026-05-02 13:18:00",created
14510,4837,"2026-05-02 15:05:13",assigned
14511,4837,"2026-05-02 22:14:05",resolved
14512,4838,"2026-06-30 08:33:00",created
14513,4838,"2026-06-30 11:01:42",assigned
14514,4838,"2026-06-30 20:56:30",resolved
14515,4839,"2026-05-21 02:53:00",created
14516,4839,"2026-05-21 04:19:49",assigned
14517,4839,"2026-05-21 10:07:08",resolved
14518,4840,"2026-05-01 04:01:00",created
14519,4840,"2026-05-01 05:55:38",assigned
14520,4840,"2026-05-01 13:34:11",resolved
14521,4841,"2026-05-10 21:18:00",created
14522,4841,"2026-05-10 22:18:06",assigned
14523,4841,"2026-05-11 02:18:34",resolved
14524,4842,"2026-05-02 19:21:00",created
14525,4842,"2026-05-02 21:45:10",assigned
14526,4842,"2026-05-03 07:21:52",resolved
14527,4843,"2026-06-08 01:45:00",created
14528,4843,"2026-06-08 03:55:35",assigned
14529,4843,"2026-06-08 12:37:59",resolved
14530,4844,"2026-05-09 06:20:00",created
14531,4844,"2026-05-09 07:05:29",assigned
14532,4844,"2026-05-09 10:07:29",resolved
14533,4845,"2026-07-24 10:59:00",created
14534,4845,"2026-07-24 13:05:07",assigned
14535,4845,"2026-07-24 21:29:38",resolved
14536,4846,"2026-05-04 02:04:00",created
14537,4846,"2026-05-04 03:03:00",assigned
14538,4846,"2026-05-04 06:59:02",resolved
14539,4847,"2026-07-14 06:28:00",created
14540,4847,"2026-07-14 08:21:07",assigned
14541,4847,"2026-07-14 15:53:39",resolved
14542,4848,"2026-07-05 18:42:00",created
14543,4848,"2026-07-05 20:22:23",assigned
14544,4848,"2026-07-06 03:03:59",resolved
14545,4849,"2026-07-17 12:21:00",created
14546,4849,"2026-07-17 13:09:00",assigned
14547,4849,"2026-07-17 16:21:00",resolved
14548,4850,"2026-06-15 07:41:00",created
14549,4850,"2026-06-15 10:16:10",assigned
14550,4850,"2026-06-15 20:36:52",resolved
14551,4851,"2026-06-09 01:07:00",created
14552,4851,"2026-06-09 02:00:32",assigned
14553,4851,"2026-06-09 05:34:40",resolved
14554,4852,"2026-06-04 12:40:00",created
14555,4852,"2026-06-04 13:44:06",assigned
14556,4852,"2026-06-04 18:00:31",resolved
14557,4853,"2026-06-16 00:53:00",created
14558,4853,"2026-06-16 05:51:05",assigned
14559,4853,"2026-06-17 01:43:29",resolved
14560,4854,"2026-05-28 18:13:00",created
14561,4854,"2026-05-28 20:06:43",assigned
14562,4854,"2026-05-29 03:41:35",resolved
14563,4855,"2026-05-26 15:15:00",created
14564,4855,"2026-05-26 17:16:25",assigned
14565,4855,"2026-05-27 01:22:07",resolved
14566,4856,"2026-07-18 05:56:00",created
14567,4856,"2026-07-18 09:04:16",assigned
14568,4856,"2026-07-18 21:37:22",resolved
14569,4857,"2026-07-18 14:12:00",created
14570,4857,"2026-07-18 16:21:06",assigned
14571,4857,"2026-07-19 00:57:33",resolved
14572,4858,"2026-05-23 00:12:00",created
14573,4858,"2026-05-23 01:30:36",assigned
14574,4858,"2026-05-23 06:45:00",resolved
14575,4859,"2026-06-09 14:17:00",created
14576,4859,"2026-06-09 15:06:36",assigned
14577,4859,"2026-06-09 18:25:01",resolved
14578,4860,"2026-06-23 12:59:00",created
14579,4860,"2026-06-23 13:16:52",assigned
14580,4860,"2026-06-23 14:28:23",resolved
14581,4861,"2026-07-13 12:50:00",created
14582,4861,"2026-07-13 14:21:04",assigned
14583,4861,"2026-07-13 20:25:22",resolved
14584,4862,"2026-07-17 20:48:00",created
14585,4862,"2026-07-17 23:13:55",assigned
14586,4862,"2026-07-18 08:57:37",resolved
14587,4863,"2026-07-02 13:48:00",created
14588,4863,"2026-07-02 14:23:46",assigned
14589,4863,"2026-07-02 16:46:53",resolved
14590,4864,"2026-07-04 02:20:00",created
14591,4864,"2026-07-04 03:22:51",assigned
14592,4864,"2026-07-04 07:34:19",resolved
14593,4865,"2026-05-25 04:21:00",created
14594,4865,"2026-05-25 05:20:50",assigned
14595,4865,"2026-05-25 09:20:11",resolved
14596,4866,"2026-06-07 07:49:00",created
14597,4866,"2026-06-07 11:29:42",assigned
14598,4866,"2026-06-08 02:12:33",resolved
14599,4867,"2026-06-06 16:36:00",created
14600,4867,"2026-06-06 17:55:03",assigned
14601,4867,"2026-06-06 23:11:19",resolved
14602,4868,"2026-06-23 17:20:00",created
14603,4868,"2026-06-23 20:38:55",assigned
14604,4868,"2026-06-24 09:54:36",resolved
14605,4869,"2026-07-25 03:57:00",created
14606,4869,"2026-07-25 04:55:11",assigned
14607,4869,"2026-07-25 08:47:57",resolved
14608,4870,"2026-06-28 18:11:00",created
14609,4870,"2026-06-28 19:28:09",assigned
14610,4870,"2026-06-29 00:36:46",resolved
14611,4871,"2026-06-27 13:04:00",created
14612,4871,"2026-06-27 15:00:26",assigned
14613,4871,"2026-06-27 22:46:13",resolved
14614,4872,"2026-07-08 10:40:00",created
14615,4872,"2026-07-08 11:16:35",assigned
14616,4872,"2026-07-08 13:42:58",resolved
14617,4873,"2026-05-22 08:57:00",created
14618,4873,"2026-05-22 11:32:31",assigned
14619,4873,"2026-05-22 21:54:37",resolved
14620,4874,"2026-05-13 11:41:00",created
14621,4874,"2026-05-13 12:53:23",assigned
14622,4874,"2026-05-13 17:42:55",resolved
14623,4875,"2026-07-22 18:55:00",created
14624,4875,"2026-07-22 21:25:17",assigned
14625,4875,"2026-07-23 07:26:25",resolved
14626,4876,"2026-07-20 08:28:00",created
14627,4876,"2026-07-20 09:17:33",assigned
14628,4876,"2026-07-20 12:35:48",resolved
14629,4877,"2026-05-15 19:13:00",created
14630,4877,"2026-05-15 23:56:25",assigned
14631,4877,"2026-05-16 18:50:07",resolved
14632,4878,"2026-06-10 20:27:00",created
14633,4878,"2026-06-10 21:33:16",assigned
14634,4878,"2026-06-11 01:58:20",resolved
14635,4879,"2026-05-19 06:29:00",created
14636,4879,"2026-05-19 08:31:37",assigned
14637,4879,"2026-05-19 16:42:09",resolved
14638,4880,"2026-07-24 12:31:00",created
14639,4880,"2026-07-24 13:58:05",assigned
14640,4880,"2026-07-24 19:46:25",resolved
14641,4881,"2026-07-19 07:35:00",created
14642,4881,"2026-07-19 08:44:52",assigned
14643,4881,"2026-07-19 13:24:24",resolved
14644,4882,"2026-05-28 05:30:00",created
14645,4882,"2026-05-28 06:19:59",assigned
14646,4882,"2026-05-28 09:39:56",resolved
14647,4883,"2026-06-28 04:45:00",created
14648,4883,"2026-06-28 05:02:57",assigned
14649,4883,"2026-06-28 06:14:48",resolved
14650,4884,"2026-05-20 23:30:00",created
14651,4884,"2026-05-21 01:44:21",assigned
14652,4884,"2026-05-21 10:41:48",resolved
14653,4885,"2026-07-22 16:14:00",created
14654,4885,"2026-07-22 17:01:35",assigned
14655,4885,"2026-07-22 20:11:58",resolved
14656,4886,"2026-06-12 11:27:00",created
14657,4886,"2026-06-12 15:11:17",assigned
14658,4886,"2026-06-13 06:08:28",resolved
14659,4887,"2026-05-16 12:32:00",created
14660,4887,"2026-05-16 15:21:35",assigned
14661,4887,"2026-05-17 02:39:55",resolved
14662,4888,"2026-05-14 21:10:00",created
14663,4888,"2026-05-14 22:00:17",assigned
14664,4888,"2026-05-15 01:21:29",resolved
14665,4889,"2026-06-28 15:23:00",created
14666,4889,"2026-06-28 16:33:13",assigned
14667,4889,"2026-06-28 21:14:06",resolved
14668,4890,"2026-06-07 13:26:00",created
14669,4890,"2026-06-07 18:03:35",assigned
14670,4890,"2026-06-08 12:33:56",resolved
14671,4891,"2026-06-29 07:21:00",created
14672,4891,"2026-06-29 08:31:44",assigned
14673,4891,"2026-06-29 13:14:42",resolved
14674,4892,"2026-07-17 18:36:00",created
14675,4892,"2026-07-17 19:39:36",assigned
14676,4892,"2026-07-17 23:54:01",resolved
14677,4893,"2026-05-02 21:32:00",created
14678,4893,"2026-05-02 22:06:21",assigned
14679,4893,"2026-05-03 00:23:46",resolved
14680,4894,"2026-05-09 19:39:00",created
14681,4894,"2026-05-10 00:27:16",assigned
14682,4894,"2026-05-10 19:40:21",resolved
14683,4895,"2026-07-11 03:43:00",created
14684,4895,"2026-07-11 04:37:30",assigned
14685,4895,"2026-07-11 08:15:34",resolved
14686,4896,"2026-05-24 11:24:00",created
14687,4896,"2026-05-24 13:25:25",assigned
14688,4896,"2026-05-24 21:31:05",resolved
14689,4897,"2026-06-11 14:05:00",created
14690,4897,"2026-06-11 14:50:15",assigned
14691,4897,"2026-06-11 17:51:15",resolved
14692,4898,"2026-05-04 21:45:00",created
14693,4898,"2026-05-05 00:18:16",assigned
14694,4898,"2026-05-05 10:31:24",resolved
14695,4899,"2026-07-26 09:47:00",created
14696,4899,"2026-07-26 10:46:12",assigned
14697,4899,"2026-07-26 14:43:02",resolved
14698,4900,"2026-05-02 19:08:00",created
14699,4900,"2026-05-02 20:53:40",assigned
14700,4900,"2026-05-03 03:56:23",resolved
14701,4901,"2026-06-30 13:09:00",created
14702,4901,"2026-06-30 14:06:34",assigned
14703,4901,"2026-06-30 17:56:51",resolved
14704,4902,"2026-05-03 08:15:00",created
14705,4902,"2026-05-03 10:15:31",assigned
14706,4902,"2026-05-03 18:17:35",resolved
14707,4903,"2026-05-07 23:01:00",created
14708,4903,"2026-05-08 00:46:05",assigned
14709,4903,"2026-05-08 07:46:28",resolved
14710,4904,"2026-05-05 16:49:00",created
14711,4904,"2026-05-05 18:46:23",assigned
14712,4904,"2026-05-06 02:35:56",resolved
14713,4905,"2026-06-03 17:48:00",created
14714,4905,"2026-06-03 19:28:23",assigned
14715,4905,"2026-06-04 02:09:59",resolved
14716,4906,"2026-05-14 06:06:00",created
14717,4906,"2026-05-14 06:40:04",assigned
14718,4906,"2026-05-14 08:56:20",resolved
14719,4907,"2026-07-10 08:46:00",created
14720,4907,"2026-07-10 13:13:28",assigned
14721,4907,"2026-07-11 07:03:23",resolved
14722,4908,"2026-07-16 17:10:00",created
14723,4908,"2026-07-16 18:02:35",assigned
14724,4908,"2026-07-16 21:32:58",resolved
14725,4909,"2026-06-01 22:59:00",created
14726,4909,"2026-06-02 00:00:22",assigned
14727,4909,"2026-06-02 04:05:51",resolved
14728,4910,"2026-05-28 21:56:00",created
14729,4910,"2026-05-29 02:07:18",assigned
14730,4910,"2026-05-29 18:52:33",resolved
14731,4911,"2026-06-06 07:48:00",created
14732,4911,"2026-06-06 10:46:48",assigned
14733,4911,"2026-06-06 22:42:02",resolved
14734,4912,"2026-07-13 15:21:00",created
14735,4912,"2026-07-13 16:14:30",assigned
14736,4912,"2026-07-13 19:48:30",resolved
14737,4913,"2026-06-16 16:43:00",created
14738,4913,"2026-06-16 19:04:23",assigned
14739,4913,"2026-06-17 04:29:58",resolved
14740,4914,"2026-07-09 02:48:00",created
14741,4914,"2026-07-09 05:43:30",assigned
14742,4914,"2026-07-09 17:25:31",resolved
14743,4915,"2026-07-10 04:30:00",created
14744,4915,"2026-07-10 06:56:42",assigned
14745,4915,"2026-07-10 16:43:30",resolved
14746,4916,"2026-06-20 05:44:00",created
14747,4916,"2026-06-20 07:47:42",assigned
14748,4916,"2026-06-20 16:02:34",resolved
14749,4917,"2026-06-13 07:55:00",created
14750,4917,"2026-06-13 09:59:57",assigned
14751,4917,"2026-06-13 18:19:49",resolved
14752,4918,"2026-07-29 13:03:00",created
14753,4918,"2026-07-29 14:22:58",assigned
14754,4918,"2026-07-29 19:42:52",resolved
14755,4919,"2026-07-26 11:45:00",created
14756,4919,"2026-07-26 13:43:40",assigned
14757,4919,"2026-07-26 21:38:21",resolved
14758,4920,"2026-05-25 08:49:00",created
14759,4920,"2026-05-25 14:29:33",assigned
14760,4920,"2026-05-26 13:11:47",resolved
14761,4921,"2026-05-23 15:48:00",created
14762,4921,"2026-05-23 19:19:12",assigned
14763,4921,"2026-05-24 09:24:02",resolved
14764,4922,"2026-05-19 07:43:00",created
14765,4922,"2026-05-19 12:26:46",assigned
14766,4922,"2026-05-20 07:21:53",resolved
14767,4923,"2026-05-16 22:16:00",created
14768,4923,"2026-05-17 01:17:41",assigned
14769,4923,"2026-05-17 13:24:26",resolved
14770,4924,"2026-07-21 15:12:00",created
14771,4924,"2026-07-21 16:13:41",assigned
14772,4924,"2026-07-21 20:20:25",resolved
14773,4925,"2026-06-09 17:18:00",created
14774,4925,"2026-06-09 18:15:24",assigned
14775,4925,"2026-06-09 22:05:01",resolved
14776,4926,"2026-06-18 18:55:00",created
14777,4926,"2026-06-18 22:30:38",assigned
14778,4926,"2026-06-19 12:53:10",resolved
14779,4927,"2026-05-26 19:41:00",created
14780,4927,"2026-05-26 21:44:24",assigned
14781,4927,"2026-05-27 05:58:02",resolved
14782,4928,"2026-07-20 09:45:00",created
14783,4928,"2026-07-20 12:10:17",assigned
14784,4928,"2026-07-20 21:51:26",resolved
14785,4929,"2026-06-10 20:06:00",created
14786,4929,"2026-06-11 00:57:33",assigned
14787,4929,"2026-06-11 20:23:46",resolved
14788,4930,"2026-05-13 05:50:00",created
14789,4930,"2026-05-13 07:16:35",assigned
14790,4930,"2026-05-13 13:02:57",resolved
14791,4931,"2026-05-29 01:34:00",created
14792,4931,"2026-05-29 02:49:43",assigned
14793,4931,"2026-05-29 07:52:36",resolved
14794,4932,"2026-05-18 16:37:00",created
14795,4932,"2026-05-18 18:25:12",assigned
14796,4932,"2026-05-19 01:38:02",resolved
14797,4933,"2026-06-12 20:44:00",created
14798,4933,"2026-06-13 01:36:25",assigned
14799,4933,"2026-06-13 21:06:07",resolved
14800,4934,"2026-05-06 13:07:00",created
14801,4934,"2026-05-06 15:44:23",assigned
14802,4934,"2026-05-07 02:13:59",resolved
14803,4935,"2026-05-04 07:57:00",created
14804,4935,"2026-05-04 11:06:36",assigned
14805,4935,"2026-05-04 23:45:04",resolved
14806,4936,"2026-05-15 04:09:00",created
14807,4936,"2026-05-15 05:18:01",assigned
14808,4936,"2026-05-15 09:54:08",resolved
14809,4937,"2026-05-20 10:30:00",created
14810,4937,"2026-05-20 11:11:21",assigned
14811,4937,"2026-05-20 13:56:48",resolved
14812,4938,"2026-05-19 09:18:00",created
14813,4938,"2026-05-19 11:10:49",assigned
14814,4938,"2026-05-19 18:42:05",resolved
14815,4939,"2026-07-15 07:54:00",created
14816,4939,"2026-07-15 10:01:09",assigned
14817,4939,"2026-07-15 18:29:47",resolved
14818,4940,"2026-07-06 20:14:00",created
14819,4940,"2026-07-06 23:09:41",assigned
14820,4940,"2026-07-07 10:52:28",resolved
14821,4941,"2026-07-01 15:54:00",created
14822,4941,"2026-07-01 17:11:50",assigned
14823,4941,"2026-07-01 22:23:12",resolved
14824,4942,"2026-05-26 03:00:00",created
14825,4942,"2026-05-26 05:13:01",assigned
14826,4942,"2026-05-26 14:05:07",resolved
14827,4943,"2026-06-09 01:25:00",created
14828,4943,"2026-06-09 05:54:23",assigned
14829,4943,"2026-06-09 23:51:56",resolved
14830,4944,"2026-06-17 23:38:00",created
14831,4944,"2026-06-18 00:42:31",assigned
14832,4944,"2026-06-18 05:00:39",resolved
14833,4945,"2026-05-15 18:18:00",created
14834,4945,"2026-05-15 20:39:42",assigned
14835,4945,"2026-05-16 06:06:34",resolved
14836,4946,"2026-05-04 05:10:00",created
14837,4946,"2026-05-04 05:53:02",assigned
14838,4946,"2026-05-04 08:45:13",resolved
14839,4947,"2026-06-02 16:03:00",created
14840,4947,"2026-06-02 17:27:53",assigned
14841,4947,"2026-06-02 23:07:26",resolved
14842,4948,"2026-07-11 02:22:00",created
14843,4948,"2026-07-11 03:43:55",assigned
14844,4948,"2026-07-11 09:11:37",resolved
14845,4949,"2026-05-09 14:48:00",created
14846,4949,"2026-05-09 18:03:58",assigned
14847,4949,"2026-05-10 07:07:52",resolved
14848,4950,"2026-05-14 09:53:00",created
14849,4950,"2026-05-14 10:22:23",assigned
14850,4950,"2026-05-14 12:19:58",resolved
14851,4951,"2026-07-21 20:11:00",created
14852,4951,"2026-07-21 21:53:45",assigned
14853,4951,"2026-07-22 04:44:46",resolved
14854,4952,"2026-05-21 17:44:00",created
14855,4952,"2026-05-21 19:55:52",assigned
14856,4952,"2026-05-22 04:43:20",resolved
14857,4953,"2026-05-06 02:58:00",created
14858,4953,"2026-05-06 04:57:43",assigned
14859,4953,"2026-05-06 12:56:36",resolved
14860,4954,"2026-06-04 09:43:00",created
14861,4954,"2026-06-04 11:51:19",assigned
14862,4954,"2026-06-04 20:24:39",resolved
14863,4955,"2026-05-24 09:55:00",created
14864,4955,"2026-05-24 12:48:07",assigned
14865,4955,"2026-05-25 00:20:35",resolved
14866,4956,"2026-06-16 18:05:00",created
14867,4956,"2026-06-16 18:55:39",assigned
14868,4956,"2026-06-16 22:18:16",resolved
14869,4957,"2026-06-02 07:33:00",created
14870,4957,"2026-06-02 08:22:04",assigned
14871,4957,"2026-06-02 11:38:21",resolved
14872,4958,"2026-05-01 09:45:00",created
14873,4958,"2026-05-01 12:29:10",assigned
14874,4958,"2026-05-01 23:25:53",resolved
14875,4959,"2026-07-13 16:39:00",created
14876,4959,"2026-07-13 17:32:05",assigned
14877,4959,"2026-07-13 21:04:29",resolved
14878,4960,"2026-05-07 09:30:00",created
14879,4960,"2026-05-07 12:15:43",assigned
14880,4960,"2026-05-07 23:18:38",resolved
14881,4961,"2026-05-28 22:42:00",created
14882,4961,"2026-05-29 01:09:42",assigned
14883,4961,"2026-05-29 11:00:33",resolved
14884,4962,"2026-07-04 13:39:00",created
14885,4962,"2026-07-04 17:54:53",assigned
14886,4962,"2026-07-05 10:58:28",resolved
14887,4963,"2026-05-22 20:51:00",created
14888,4963,"2026-05-22 22:39:01",assigned
14889,4963,"2026-05-23 05:51:09",resolved
14890,4964,"2026-05-03 01:01:00",created
14891,4964,"2026-05-03 02:20:27",assigned
14892,4964,"2026-05-03 07:38:17",resolved
14893,4965,"2026-06-20 04:13:00",created
14894,4965,"2026-06-20 06:06:20",assigned
14895,4965,"2026-06-20 13:39:42",resolved
14896,4966,"2026-07-29 13:59:00",created
14897,4966,"2026-07-29 15:28:12",assigned
14898,4966,"2026-07-29 21:25:03",resolved
14899,4967,"2026-06-14 16:16:00",created
14900,4967,"2026-06-14 19:04:21",assigned
14901,4967,"2026-06-15 06:17:45",resolved
14902,4968,"2026-05-08 03:49:00",created
14903,4968,"2026-05-08 06:32:25",assigned
14904,4968,"2026-05-08 17:26:05",resolved
14905,4969,"2026-06-13 02:22:00",created
14906,4969,"2026-06-13 04:17:43",assigned
14907,4969,"2026-06-13 12:00:36",resolved
14908,4970,"2026-05-05 13:49:00",created
14909,4970,"2026-05-05 15:38:00",assigned
14910,4970,"2026-05-05 22:54:03",resolved
14911,4971,"2026-07-27 07:27:00",created
14912,4971,"2026-07-27 08:30:34",assigned
14913,4971,"2026-07-27 12:44:51",resolved
14914,4972,"2026-07-29 19:35:00",created
14915,4972,"2026-07-29 20:18:23",assigned
14916,4972,"2026-07-29 23:11:59",resolved
14917,4973,"2026-07-20 22:12:00",created
14918,4973,"2026-07-21 00:36:20",assigned
14919,4973,"2026-07-21 10:13:41",resolved
14920,4974,"2026-07-07 16:41:00",created
14921,4974,"2026-07-07 19:16:58",assigned
14922,4974,"2026-07-08 05:40:52",resolved
14923,4975,"2026-07-08 18:46:00",created
14924,4975,"2026-07-08 19:58:36",assigned
14925,4975,"2026-07-09 00:49:04",resolved
14926,4976,"2026-05-06 00:52:00",created
14927,4976,"2026-05-06 03:27:57",assigned
14928,4976,"2026-05-06 13:51:45",resolved
14929,4977,"2026-07-21 17:46:00",created
14930,4977,"2026-07-21 18:15:58",assigned
14931,4977,"2026-07-21 20:15:53",resolved
14932,4978,"2026-06-02 21:59:00",created
14933,4978,"2026-06-03 02:39:30",assigned
14934,4978,"2026-06-03 21:21:33",resolved
14935,4979,"2026-06-06 16:44:00",created
14936,4979,"2026-06-06 21:09:41",assigned
14937,4979,"2026-06-07 14:52:28",resolved
14938,4980,"2026-05-29 14:07:00",created
14939,4980,"2026-05-29 17:05:33",assigned
14940,4980,"2026-05-30 04:59:47",resolved
14941,4981,"2026-05-10 11:51:00",created
14942,4981,"2026-05-10 12:37:39",assigned
14943,4981,"2026-05-10 15:44:16",resolved
14944,4982,"2026-06-01 17:48:00",created
14945,4982,"2026-06-01 19:19:27",assigned
14946,4982,"2026-06-02 01:25:19",resolved
14947,4983,"2026-07-03 21:47:00",created
14948,4983,"2026-07-03 23:18:50",assigned
14949,4983,"2026-07-04 05:26:10",resolved
14950,4984,"2026-06-23 20:29:00",created
14951,4984,"2026-06-23 21:39:36",assigned
14952,4984,"2026-06-24 02:22:01",resolved
14953,4985,"2026-05-03 23:20:00",created
14954,4985,"2026-05-04 03:23:48",assigned
14955,4985,"2026-05-04 19:39:00",resolved
14956,4986,"2026-05-07 14:54:00",created
14957,4986,"2026-05-07 18:16:19",assigned
14958,4986,"2026-05-08 07:45:35",resolved
14959,4987,"2026-05-05 16:11:00",created
14960,4987,"2026-05-05 17:34:10",assigned
14961,4987,"2026-05-05 23:06:53",resolved
14962,4988,"2026-05-26 11:08:00",created
14963,4988,"2026-05-26 11:54:55",assigned
14964,4988,"2026-05-26 15:02:37",resolved
14965,4989,"2026-05-26 12:49:00",created
14966,4989,"2026-05-26 16:06:34",assigned
14967,4989,"2026-05-27 05:16:52",resolved
14968,4990,"2026-06-30 16:57:00",created
14969,4990,"2026-06-30 19:08:22",assigned
14970,4990,"2026-07-01 03:53:53",resolved
14971,4991,"2026-07-04 07:51:00",created
14972,4991,"2026-07-04 11:13:41",assigned
14973,4991,"2026-07-05 00:44:25",resolved
14974,4992,"2026-05-21 02:26:00",created
14975,4992,"2026-05-21 03:18:10",assigned
14976,4992,"2026-05-21 06:46:51",resolved
14977,4993,"2026-06-20 05:44:00",created
14978,4993,"2026-06-20 07:36:19",assigned
14979,4993,"2026-06-20 15:05:38",resolved
14980,4994,"2026-05-06 15:04:00",created
14981,4994,"2026-05-06 17:21:09",assigned
14982,4994,"2026-05-07 02:29:48",resolved
14983,4995,"2026-07-24 20:04:00",created
14984,4995,"2026-07-24 23:44:13",assigned
14985,4995,"2026-07-25 14:25:06",resolved
14986,4996,"2026-06-05 05:43:00",created
14987,4996,"2026-06-05 07:17:30",assigned
14988,4996,"2026-06-05 13:35:31",resolved
14989,4997,"2026-07-12 16:01:00",created
14990,4997,"2026-07-12 17:32:07",assigned
14991,4997,"2026-07-12 23:36:39",resolved
14992,4998,"2026-07-17 22:02:00",created
14993,4998,"2026-07-17 23:31:13",assigned
14994,4998,"2026-07-18 05:28:06",resolved
14995,4999,"2026-05-27 13:12:00",created
14996,4999,"2026-05-27 16:12:14",assigned
14997,4999,"2026-05-28 04:13:10",resolved
14998,5000,"2026-07-26 18:30:00",created
14999,5000,"2026-07-26 19:47:37",assigned
15000,5000,"2026-07-27 00:58:09",resolved
15001,5001,"2026-07-23 17:19:00",created
15002,5001,"2026-07-23 18:04:22",assigned
15003,5001,"2026-07-23 21:05:51",resolved
15004,5002,"2026-07-21 09:53:00",created
15005,5002,"2026-07-21 10:47:09",assigned
15006,5002,"2026-07-21 14:23:46",resolved
15007,5003,"2026-07-09 18:35:00",created
15008,5003,"2026-07-09 19:40:53",assigned
15009,5003,"2026-07-10 00:04:27",resolved
15010,5004,"2026-05-20 20:35:00",created
15011,5004,"2026-05-21 01:48:41",assigned
15012,5004,"2026-05-21 22:43:26",resolved
15013,5005,"2026-07-14 10:47:00",created
15014,5005,"2026-07-14 12:27:21",assigned
15015,5005,"2026-07-14 19:08:49",resolved
15016,5006,"2026-07-10 00:58:00",created
15017,5006,"2026-07-10 03:39:28",assigned
15018,5006,"2026-07-10 14:25:24",resolved
15019,5007,"2026-06-24 22:23:00",created
15020,5007,"2026-06-25 01:01:36",assigned
15021,5007,"2026-06-25 11:36:00",resolved
15022,5008,"2026-07-17 11:26:00",created
15023,5008,"2026-07-17 13:02:23",assigned
15024,5008,"2026-07-17 19:27:57",resolved
15025,5009,"2026-07-02 20:21:00",created
15026,5009,"2026-07-02 23:22:59",assigned
15027,5009,"2026-07-03 11:30:57",resolved
15028,5010,"2026-07-12 15:31:00",created
15029,5010,"2026-07-12 16:24:41",assigned
15030,5010,"2026-07-12 19:59:26",resolved
15031,5011,"2026-05-19 12:10:00",created
15032,5011,"2026-05-19 14:01:10",assigned
15033,5011,"2026-05-19 21:25:51",resolved
15034,5012,"2026-05-05 23:34:00",created
15035,5012,"2026-05-06 02:02:22",assigned
15036,5012,"2026-05-06 11:55:51",resolved
15037,5013,"2026-05-04 00:04:00",created
15038,5013,"2026-05-04 01:43:45",assigned
15039,5013,"2026-05-04 08:22:48",resolved
15040,5014,"2026-05-09 04:43:00",created
15041,5014,"2026-05-09 07:51:11",assigned
15042,5014,"2026-05-09 20:23:55",resolved
15043,5015,"2026-07-25 07:23:00",created
15044,5015,"2026-07-25 11:01:24",assigned
15045,5015,"2026-07-26 01:35:01",resolved
15046,5016,"2026-06-01 15:16:00",created
15047,5016,"2026-06-01 18:33:04",assigned
15048,5016,"2026-06-02 07:41:21",resolved
15049,5017,"2026-07-02 08:32:00",created
15050,5017,"2026-07-02 10:10:19",assigned
15051,5017,"2026-07-02 16:43:35",resolved
15052,5018,"2026-07-27 09:01:00",created
15053,5018,"2026-07-27 10:09:17",assigned
15054,5018,"2026-07-27 14:42:28",resolved
15055,5019,"2026-06-08 07:31:00",created
15056,5019,"2026-06-08 17:35:54",assigned
15057,5019,"2026-06-10 09:55:30",resolved
15058,5020,"2026-07-19 17:40:00",created
15059,5020,"2026-07-19 20:44:35",assigned
15060,5020,"2026-07-20 09:02:59",resolved
15061,5021,"2026-07-09 18:47:00",created
15062,5021,"2026-07-09 21:29:32",assigned
15063,5021,"2026-07-10 08:19:40",resolved
15064,5022,"2026-06-06 11:04:00",created
15065,5022,"2026-06-06 12:07:07",assigned
15066,5022,"2026-06-06 16:19:35",resolved
15067,5023,"2026-05-11 22:55:00",created
15068,5023,"2026-05-11 23:41:13",assigned
15069,5023,"2026-05-12 02:46:06",resolved
15070,5024,"2026-06-14 02:38:00",created
15071,5024,"2026-06-14 03:42:31",assigned
15072,5024,"2026-06-14 08:00:36",resolved
15073,5025,"2026-06-24 23:04:00",created
15074,5025,"2026-06-24 23:58:25",assigned
15075,5025,"2026-06-25 03:36:05",resolved
15076,5026,"2026-06-22 09:25:00",created
15077,5026,"2026-06-22 10:13:17",assigned
15078,5026,"2026-06-22 13:26:28",resolved
15079,5027,"2026-06-15 10:55:00",created
15080,5027,"2026-06-15 18:00:06",assigned
15081,5027,"2026-06-16 22:20:30",resolved
15082,5028,"2026-07-09 14:55:00",created
15083,5028,"2026-07-09 17:36:56",assigned
15084,5028,"2026-07-10 04:24:40",resolved
15085,5029,"2026-05-11 05:26:00",created
15086,5029,"2026-05-11 06:25:39",assigned
15087,5029,"2026-05-11 10:24:18",resolved
15088,5030,"2026-06-15 18:54:00",created
15089,5030,"2026-06-15 21:25:03",assigned
15090,5030,"2026-06-16 07:29:16",resolved
15091,5031,"2026-05-15 18:28:00",created
15092,5031,"2026-05-15 19:33:59",assigned
15093,5031,"2026-05-15 23:57:55",resolved
15094,5032,"2026-06-15 09:51:00",created
15095,5032,"2026-06-15 11:36:22",assigned
15096,5032,"2026-06-15 18:37:54",resolved
15097,5033,"2026-06-14 13:34:00",created
15098,5033,"2026-06-14 15:28:23",assigned
15099,5033,"2026-06-14 23:05:57",resolved
15100,5034,"2026-06-30 12:34:00",created
15101,5034,"2026-06-30 14:04:22",assigned
15102,5034,"2026-06-30 20:05:52",resolved
15103,5035,"2026-06-06 04:02:00",created
15104,5035,"2026-06-06 05:33:31",assigned
15105,5035,"2026-06-06 11:39:36",resolved
15106,5036,"2026-06-02 23:47:00",created
15107,5036,"2026-06-03 01:17:45",assigned
15108,5036,"2026-06-03 07:20:48",resolved
15109,5037,"2026-07-25 03:38:00",created
15110,5037,"2026-07-25 04:33:06",assigned
15111,5037,"2026-07-25 08:13:31",resolved
15112,5038,"2026-07-12 09:38:00",created
15113,5038,"2026-07-12 15:35:32",assigned
15114,5038,"2026-07-13 15:25:41",resolved
15115,5039,"2026-06-26 20:10:00",created
15116,5039,"2026-06-26 20:57:56",assigned
15117,5039,"2026-06-27 00:09:44",resolved
15118,5040,"2026-07-19 14:52:00",created
15119,5040,"2026-07-19 15:22:35",assigned
15120,5040,"2026-07-19 17:24:59",resolved
15121,5041,"2026-05-20 23:49:00",created
15122,5041,"2026-05-21 01:18:08",assigned
15123,5041,"2026-05-21 07:14:42",resolved
15124,5042,"2026-06-23 20:25:00",created
15125,5042,"2026-06-23 22:02:33",assigned
15126,5042,"2026-06-24 04:32:48",resolved
15127,5043,"2026-06-07 01:00:00",created
15128,5043,"2026-06-07 04:40:21",assigned
15129,5043,"2026-06-07 19:21:48",resolved
15130,5044,"2026-07-09 15:16:00",created
15131,5044,"2026-07-09 16:53:15",assigned
15132,5044,"2026-07-09 23:22:15",resolved
15133,5045,"2026-06-13 12:07:00",created
15134,5045,"2026-06-13 13:23:06",assigned
15135,5045,"2026-06-13 18:27:30",resolved
15136,5046,"2026-07-27 23:52:00",created
15137,5046,"2026-07-28 00:18:58",assigned
15138,5046,"2026-07-28 02:06:51",resolved
15139,5047,"2026-06-19 16:59:00",created
15140,5047,"2026-06-19 17:47:58",assigned
15141,5047,"2026-06-19 21:03:53",resolved
15142,5048,"2026-06-25 23:50:00",created
15143,5048,"2026-06-26 01:44:12",assigned
15144,5048,"2026-06-26 09:21:01",resolved
15145,5049,"2026-07-22 05:50:00",created
15146,5049,"2026-07-22 07:16:53",assigned
15147,5049,"2026-07-22 13:04:27",resolved
15148,5050,"2026-05-02 16:20:00",created
15149,5050,"2026-05-02 19:11:51",assigned
15150,5050,"2026-05-03 06:39:16",resolved
15151,5051,"2026-06-25 03:43:00",created
15152,5051,"2026-06-25 04:50:46",assigned
15153,5051,"2026-06-25 09:21:52",resolved
15154,5052,"2026-06-30 20:20:00",created
15155,5052,"2026-06-30 22:42:16",assigned
15156,5052,"2026-07-01 08:11:21",resolved
15157,5053,"2026-05-20 17:19:00",created
15158,5053,"2026-05-20 19:38:14",assigned
15159,5053,"2026-05-21 04:55:13",resolved
15160,5054,"2026-07-20 10:11:00",created
15161,5054,"2026-07-20 11:52:39",assigned
15162,5054,"2026-07-20 18:39:18",resolved
15163,5055,"2026-07-10 21:58:00",created
15164,5055,"2026-07-10 23:22:29",assigned
15165,5055,"2026-07-11 05:00:27",resolved
15166,5056,"2026-06-16 20:13:00",created
15167,5056,"2026-06-16 21:22:02",assigned
15168,5056,"2026-06-17 01:58:14",resolved
15169,5057,"2026-06-19 02:58:00",created
15170,5057,"2026-06-19 03:23:34",assigned
15171,5057,"2026-06-19 05:05:52",resolved
15172,5058,"2026-07-20 06:37:00",created
15173,5058,"2026-07-20 08:19:35",assigned
15174,5058,"2026-07-20 15:09:56",resolved
15175,5059,"2026-05-19 07:08:00",created
15176,5059,"2026-05-19 09:26:22",assigned
15177,5059,"2026-05-19 18:39:51",resolved
15178,5060,"2026-06-05 04:42:00",created
15179,5060,"2026-06-05 05:13:44",assigned
15180,5060,"2026-06-05 07:20:44",resolved
15181,5061,"2026-07-27 19:08:00",created
15182,5061,"2026-07-27 20:53:48",assigned
15183,5061,"2026-07-28 03:57:04",resolved
15184,5062,"2026-05-04 04:20:00",created
15185,5062,"2026-05-04 05:26:41",assigned
15186,5062,"2026-05-04 09:53:27",resolved
15187,5063,"2026-06-07 20:51:00",created
15188,5063,"2026-06-07 21:20:01",assigned
15189,5063,"2026-06-07 23:16:08",resolved
15190,5064,"2026-06-18 08:33:00",created
15191,5064,"2026-06-18 09:07:43",assigned
15192,5064,"2026-06-18 11:26:38",resolved
15193,5065,"2026-05-22 15:10:00",created
15194,5065,"2026-05-22 15:52:56",assigned
15195,5065,"2026-05-22 18:44:43",resolved
15196,5066,"2026-06-27 22:34:00",created
15197,5066,"2026-06-27 23:13:44",assigned
15198,5066,"2026-06-28 01:52:41",resolved
15199,5067,"2026-05-17 17:08:00",created
15200,5067,"2026-05-17 21:06:54",assigned
15201,5067,"2026-05-18 13:02:32",resolved
15202,5068,"2026-07-13 07:47:00",created
15203,5068,"2026-07-13 08:32:18",assigned
15204,5068,"2026-07-13 11:33:32",resolved
15205,5069,"2026-06-28 13:35:00",created
15206,5069,"2026-06-28 15:47:11",assigned
15207,5069,"2026-06-29 00:35:58",resolved
15208,5070,"2026-06-12 14:05:00",created
15209,5070,"2026-06-12 14:47:56",assigned
15210,5070,"2026-06-12 17:39:43",resolved
15211,5071,"2026-05-15 23:23:00",created
15212,5071,"2026-05-16 01:56:59",assigned
15213,5071,"2026-05-16 12:12:56",resolved
15214,5072,"2026-05-09 04:11:00",created
15215,5072,"2026-05-09 05:19:20",assigned
15216,5072,"2026-05-09 09:52:41",resolved
15217,5073,"2026-05-29 03:32:00",created
15218,5073,"2026-05-29 09:04:51",assigned
15219,5073,"2026-05-30 07:16:18",resolved
15220,5074,"2026-06-26 06:43:00",created
15221,5074,"2026-06-26 08:00:41",assigned
15222,5074,"2026-06-26 13:11:26",resolved
15223,5075,"2026-05-30 00:15:00",created
15224,5075,"2026-05-30 01:03:32",assigned
15225,5075,"2026-05-30 04:17:40",resolved
15226,5076,"2026-06-10 21:44:00",created
15227,5076,"2026-06-10 22:37:16",assigned
15228,5076,"2026-06-11 02:10:24",resolved
15229,5077,"2026-06-19 18:18:00",created
15230,5077,"2026-06-19 18:54:32",assigned
15231,5077,"2026-06-19 21:20:41",resolved
15232,5078,"2026-05-16 00:16:00",created
15233,5078,"2026-05-16 02:02:44",assigned
15234,5078,"2026-05-16 09:09:40",resolved
15235,5079,"2026-06-02 00:47:00",created
15236,5079,"2026-06-02 03:23:40",assigned
15237,5079,"2026-06-02 13:50:21",resolved
15238,5080,"2026-07-14 13:21:00",created
15239,5080,"2026-07-14 14:24:37",assigned
15240,5080,"2026-07-14 18:39:05",resolved
15241,5081,"2026-05-06 18:45:00",created
15242,5081,"2026-05-06 22:30:19",assigned
15243,5081,"2026-05-07 13:31:35",resolved
15244,5082,"2026-05-25 17:51:00",created
15245,5082,"2026-05-25 19:14:25",assigned
15246,5082,"2026-05-26 00:48:07",resolved
15247,5083,"2026-05-13 19:49:00",created
15248,5083,"2026-05-13 20:31:39",assigned
15249,5083,"2026-05-13 23:22:17",resolved
15250,5084,"2026-05-09 16:50:00",created
15251,5084,"2026-05-09 17:29:44",assigned
15252,5084,"2026-05-09 20:08:40",resolved
15253,5085,"2026-06-08 05:05:00",created
15254,5085,"2026-06-08 05:56:10",assigned
15255,5085,"2026-06-08 09:20:53",resolved
15256,5086,"2026-05-01 14:31:00",created
15257,5086,"2026-05-01 15:13:15",assigned
15258,5086,"2026-05-01 18:02:16",resolved
15259,5087,"2026-06-15 03:57:00",created
15260,5087,"2026-06-15 04:48:27",assigned
15261,5087,"2026-06-15 08:14:17",resolved
15262,5088,"2026-06-02 21:13:00",created
15263,5088,"2026-06-02 22:22:30",assigned
15264,5088,"2026-06-03 03:00:34",resolved
15265,5089,"2026-05-05 20:15:00",created
15266,5089,"2026-05-05 21:26:52",assigned
15267,5089,"2026-05-06 02:14:21",resolved
15268,5090,"2026-05-16 05:07:00",created
15269,5090,"2026-05-16 06:48:15",assigned
15270,5090,"2026-05-16 13:33:17",resolved
15271,5091,"2026-06-08 10:53:00",created
15272,5091,"2026-06-08 13:19:17",assigned
15273,5091,"2026-06-08 23:04:29",resolved
15274,5092,"2026-07-12 02:24:00",created
15275,5092,"2026-07-12 04:21:39",assigned
15276,5092,"2026-07-12 12:12:17",resolved
15277,5093,"2026-06-14 12:09:00",created
15278,5093,"2026-06-14 13:14:00",assigned
15279,5093,"2026-06-14 17:34:00",resolved
15280,5094,"2026-07-03 23:21:00",created
15281,5094,"2026-07-04 02:34:02",assigned
15282,5094,"2026-07-04 15:26:11",resolved
15283,5095,"2026-07-13 12:07:00",created
15284,5095,"2026-07-13 13:35:57",assigned
15285,5095,"2026-07-13 19:31:49",resolved
15286,5096,"2026-07-13 06:23:00",created
15287,5096,"2026-07-13 08:39:31",assigned
15288,5096,"2026-07-13 17:45:38",resolved
15289,5097,"2026-05-02 08:00:00",created
15290,5097,"2026-05-02 11:06:39",assigned
15291,5097,"2026-05-02 23:33:18",resolved
15292,5098,"2026-06-18 19:25:00",created
15293,5098,"2026-06-18 20:59:21",assigned
15294,5098,"2026-06-19 03:16:49",resolved
15295,5099,"2026-06-25 13:42:00",created
15296,5099,"2026-06-25 15:19:35",assigned
15297,5099,"2026-06-25 21:49:55",resolved
15298,5100,"2026-07-02 14:10:00",created
15299,5100,"2026-07-02 16:55:13",assigned
15300,5100,"2026-07-03 03:56:05",resolved
15301,5101,"2026-06-06 12:23:00",created
15302,5101,"2026-06-06 14:07:01",assigned
15303,5101,"2026-06-06 21:03:06",resolved
15304,5102,"2026-05-23 03:36:00",created
15305,5102,"2026-05-23 04:14:19",assigned
15306,5102,"2026-05-23 06:47:39",resolved
15307,5103,"2026-06-22 11:31:00",created
15308,5103,"2026-06-22 15:03:32",assigned
15309,5103,"2026-06-23 05:13:43",resolved
15310,5104,"2026-06-05 04:57:00",created
15311,5104,"2026-06-05 05:45:06",assigned
15312,5104,"2026-06-05 08:57:33",resolved
15313,5105,"2026-07-24 21:48:00",created
15314,5105,"2026-07-24 22:56:48",assigned
15315,5105,"2026-07-25 03:32:00",resolved
15316,5106,"2026-07-24 14:30:00",created
15317,5106,"2026-07-24 15:53:17",assigned
15318,5106,"2026-07-24 21:26:29",resolved
15319,5107,"2026-06-24 14:32:00",created
15320,5107,"2026-06-24 15:15:13",assigned
15321,5107,"2026-06-24 18:08:07",resolved
15322,5108,"2026-07-07 15:16:00",created
15323,5108,"2026-07-07 16:38:08",assigned
15324,5108,"2026-07-07 22:06:44",resolved
15325,5109,"2026-05-08 04:10:00",created
15326,5109,"2026-05-08 06:38:13",assigned
15327,5109,"2026-05-08 16:31:05",resolved
15328,5110,"2026-06-03 03:26:00",created
15329,5110,"2026-06-03 05:07:41",assigned
15330,5110,"2026-06-03 11:54:26",resolved
15331,5111,"2026-07-18 17:26:00",created
15332,5111,"2026-07-18 18:27:42",assigned
15333,5111,"2026-07-18 22:34:30",resolved
15334,5112,"2026-05-20 15:52:00",created
15335,5112,"2026-05-20 17:30:18",assigned
15336,5112,"2026-05-21 00:03:34",resolved
15337,5113,"2026-06-25 05:48:00",created
15338,5113,"2026-06-25 07:34:20",assigned
15339,5113,"2026-06-25 14:39:43",resolved
15340,5114,"2026-07-20 11:16:00",created
15341,5114,"2026-07-20 13:03:13",assigned
15342,5114,"2026-07-20 20:12:06",resolved
15343,5115,"2026-07-15 02:52:00",created
15344,5115,"2026-07-15 03:55:16",assigned
15345,5115,"2026-07-15 08:08:22",resolved
15346,5116,"2026-07-17 08:27:00",created
15347,5116,"2026-07-17 09:22:00",assigned
15348,5116,"2026-07-17 13:02:04",resolved
15349,5117,"2026-07-20 09:58:00",created
15350,5117,"2026-07-20 10:50:14",assigned
15351,5117,"2026-07-20 14:19:12",resolved
15352,5118,"2026-05-01 09:21:00",created
15353,5118,"2026-05-01 11:38:31",assigned
15354,5118,"2026-05-01 20:48:38",resolved
15355,5119,"2026-06-23 16:57:00",created
15356,5119,"2026-06-23 17:49:34",assigned
15357,5119,"2026-06-23 21:19:50",resolved
15358,5120,"2026-05-10 00:17:00",created
15359,5120,"2026-05-10 00:39:03",assigned
15360,5120,"2026-05-10 02:07:15",resolved
15361,5121,"2026-05-19 10:09:00",created
15362,5121,"2026-05-19 11:57:22",assigned
15363,5121,"2026-05-19 19:10:52",resolved
15364,5122,"2026-07-04 04:39:00",created
15365,5122,"2026-07-04 06:01:41",assigned
15366,5122,"2026-07-04 11:32:29",resolved
15367,5123,"2026-07-29 07:36:00",created
15368,5123,"2026-07-29 08:22:58",assigned
15369,5123,"2026-07-29 11:30:53",resolved
15370,5124,"2026-05-04 15:01:00",created
15371,5124,"2026-05-04 18:14:51",assigned
15372,5124,"2026-05-05 07:10:17",resolved
15373,5125,"2026-06-20 20:01:00",created
15374,5125,"2026-06-20 22:59:01",assigned
15375,5125,"2026-06-21 10:51:09",resolved
15376,5126,"2026-06-03 21:34:00",created
15377,5126,"2026-06-03 22:19:48",assigned
15378,5126,"2026-06-04 01:23:00",resolved
15379,5127,"2026-05-19 18:16:00",created
15380,5127,"2026-05-19 19:16:05",assigned
15381,5127,"2026-05-19 23:16:25",resolved
15382,5128,"2026-07-21 00:48:00",created
15383,5128,"2026-07-21 03:16:44",assigned
15384,5128,"2026-07-21 13:11:40",resolved
15385,5129,"2026-06-28 05:13:00",created
15386,5129,"2026-06-28 06:00:44",assigned
15387,5129,"2026-06-28 09:11:43",resolved
15388,5130,"2026-07-21 13:40:00",created
15389,5130,"2026-07-21 15:24:36",assigned
15390,5130,"2026-07-21 22:23:00",resolved
15391,5131,"2026-05-27 21:18:00",created
15392,5131,"2026-05-27 23:32:38",assigned
15393,5131,"2026-05-28 08:31:10",resolved
15394,5132,"2026-06-02 06:42:00",created
15395,5132,"2026-06-02 08:49:30",assigned
15396,5132,"2026-06-02 17:19:32",resolved
15397,5133,"2026-05-29 15:20:00",created
15398,5133,"2026-05-29 16:50:33",assigned
15399,5133,"2026-05-29 22:52:45",resolved
15400,5134,"2026-06-08 17:12:00",created
15401,5134,"2026-06-08 18:39:59",assigned
15402,5134,"2026-06-09 00:31:55",resolved
15403,5135,"2026-05-17 07:59:00",created
15404,5135,"2026-05-17 09:27:21",assigned
15405,5135,"2026-05-17 15:20:49",resolved
15406,5136,"2026-05-10 07:45:00",created
15407,5136,"2026-05-10 08:38:14",assigned
15408,5136,"2026-05-10 12:11:14",resolved
15409,5137,"2026-05-17 16:20:00",created
15410,5137,"2026-05-17 17:17:06",assigned
15411,5137,"2026-05-17 21:05:30",resolved
15412,5138,"2026-06-06 07:23:00",created
15413,5138,"2026-06-06 08:47:04",assigned
15414,5138,"2026-06-06 14:23:20",resolved
15415,5139,"2026-06-29 13:34:00",created
15416,5139,"2026-06-29 16:08:08",assigned
15417,5139,"2026-06-30 02:24:41",resolved
15418,5140,"2026-06-24 13:30:00",created
15419,5140,"2026-06-24 14:29:22",assigned
15420,5140,"2026-06-24 18:26:53",resolved
15421,5141,"2026-05-30 17:05:00",created
15422,5141,"2026-05-30 19:27:11",assigned
15423,5141,"2026-05-31 04:55:57",resolved
15424,5142,"2026-05-13 00:48:00",created
15425,5142,"2026-05-13 01:02:42",assigned
15426,5142,"2026-05-13 02:01:34",resolved
15427,5143,"2026-07-18 21:20:00",created
15428,5143,"2026-07-18 21:44:13",assigned
15429,5143,"2026-07-18 23:21:06",resolved
15430,5144,"2026-05-15 11:23:00",created
15431,5144,"2026-05-15 12:33:55",assigned
15432,5144,"2026-05-15 17:17:39",resolved
15433,5145,"2026-06-24 01:24:00",created
15434,5145,"2026-06-24 02:09:34",assigned
15435,5145,"2026-06-24 05:11:53",resolved
15436,5146,"2026-06-30 11:02:00",created
15437,5146,"2026-06-30 13:35:39",assigned
15438,5146,"2026-06-30 23:50:19",resolved
15439,5147,"2026-07-14 15:19:00",created
15440,5147,"2026-07-14 16:33:07",assigned
15441,5147,"2026-07-14 21:29:36",resolved
15442,5148,"2026-07-27 09:10:00",created
15443,5148,"2026-07-27 11:38:32",assigned
15444,5148,"2026-07-27 21:32:40",resolved
15445,5149,"2026-05-25 01:21:00",created
15446,5149,"2026-05-25 03:29:54",assigned
15447,5149,"2026-05-25 12:05:32",resolved
15448,5150,"2026-06-07 05:43:00",created
15449,5150,"2026-06-07 09:16:30",assigned
15450,5150,"2026-06-07 23:30:31",resolved
15451,5151,"2026-05-10 13:27:00",created
15452,5151,"2026-05-10 21:00:18",assigned
15453,5151,"2026-05-12 03:13:32",resolved
15454,5152,"2026-05-28 11:43:00",created
15455,5152,"2026-05-28 13:55:54",assigned
15456,5152,"2026-05-28 22:47:34",resolved
15457,5153,"2026-05-19 16:58:00",created
15458,5153,"2026-05-19 19:14:08",assigned
15459,5153,"2026-05-20 04:18:42",resolved
15460,5154,"2026-07-05 12:54:00",created
15461,5154,"2026-07-05 15:58:43",assigned
15462,5154,"2026-07-06 04:17:35",resolved
15463,5155,"2026-07-15 08:31:00",created
15464,5155,"2026-07-15 09:53:18",assigned
15465,5155,"2026-07-15 15:22:31",resolved
15466,5156,"2026-07-15 12:41:00",created
15467,5156,"2026-07-15 15:09:33",assigned
15468,5156,"2026-07-16 01:03:46",resolved
15469,5157,"2026-05-28 20:58:00",created
15470,5157,"2026-05-28 21:42:55",assigned
15471,5157,"2026-05-29 00:42:35",resolved
15472,5158,"2026-06-06 22:01:00",created
15473,5158,"2026-06-07 00:56:10",assigned
15474,5158,"2026-06-07 12:36:53",resolved
15475,5159,"2026-07-16 20:39:00",created
15476,5159,"2026-07-16 22:44:07",assigned
15477,5159,"2026-07-17 07:04:36",resolved
15478,5160,"2026-07-21 08:02:00",created
15479,5160,"2026-07-21 10:36:34",assigned
15480,5160,"2026-07-21 20:54:50",resolved
15481,5161,"2026-06-20 07:23:00",created
15482,5161,"2026-06-20 08:36:57",assigned
15483,5161,"2026-06-20 13:32:48",resolved
15484,5162,"2026-07-07 14:34:00",created
15485,5162,"2026-07-07 16:06:45",assigned
15486,5162,"2026-07-07 22:17:45",resolved
15487,5163,"2026-06-04 10:22:00",created
15488,5163,"2026-06-04 13:44:22",assigned
15489,5163,"2026-06-05 03:13:53",resolved
15490,5164,"2026-06-27 04:05:00",created
15491,5164,"2026-06-27 04:52:21",assigned
15492,5164,"2026-06-27 08:01:46",resolved
15493,5165,"2026-06-15 11:21:00",created
15494,5165,"2026-06-15 12:33:51",assigned
15495,5165,"2026-06-15 17:25:17",resolved
15496,5166,"2026-06-06 20:14:00",created
15497,5166,"2026-06-07 00:25:18",assigned
15498,5166,"2026-06-07 17:10:32",resolved
15499,5167,"2026-05-22 07:27:00",created
15500,5167,"2026-05-22 08:27:49",assigned
15501,5167,"2026-05-22 12:31:09",resolved
15502,5168,"2026-06-24 17:13:00",created
15503,5168,"2026-06-24 21:14:38",assigned
15504,5168,"2026-06-25 13:21:13",resolved
15505,5169,"2026-05-19 04:32:00",created
15506,5169,"2026-05-19 09:59:47",assigned
15507,5169,"2026-05-20 07:50:59",resolved
15508,5170,"2026-07-13 21:39:00",created
15509,5170,"2026-07-13 23:04:16",assigned
15510,5170,"2026-07-14 04:45:21",resolved
15511,5171,"2026-05-24 07:34:00",created
15512,5171,"2026-05-24 09:21:47",assigned
15513,5171,"2026-05-24 16:32:58",resolved
15514,5172,"2026-05-11 21:15:00",created
15515,5172,"2026-05-11 22:48:49",assigned
15516,5172,"2026-05-12 05:04:09",resolved
15517,5173,"2026-05-19 00:52:00",created
15518,5173,"2026-05-19 02:11:33",assigned
15519,5173,"2026-05-19 07:29:49",resolved
15520,5174,"2026-07-27 17:54:00",created
15521,5174,"2026-07-27 19:40:57",assigned
15522,5174,"2026-07-28 02:48:49",resolved
15523,5175,"2026-06-15 11:18:00",created
15524,5175,"2026-06-15 18:20:45",assigned
15525,5175,"2026-06-16 22:31:46",resolved
15526,5176,"2026-05-08 03:00:00",created
15527,5176,"2026-05-08 04:35:33",assigned
15528,5176,"2026-05-08 10:57:45",resolved
15529,5177,"2026-06-04 17:22:00",created
15530,5177,"2026-06-04 22:30:21",assigned
15531,5177,"2026-06-05 19:03:47",resolved
15532,5178,"2026-05-28 05:46:00",created
15533,5178,"2026-05-28 09:32:57",assigned
15534,5178,"2026-05-29 00:40:48",resolved
15535,5179,"2026-07-18 17:51:00",created
15536,5179,"2026-07-18 20:13:00",assigned
15537,5179,"2026-07-19 05:41:00",resolved
15538,5180,"2026-05-07 18:12:00",created
15539,5180,"2026-05-07 20:18:32",assigned
15540,5180,"2026-05-08 04:44:41",resolved
15541,5181,"2026-07-09 03:45:00",created
15542,5181,"2026-07-09 05:30:17",assigned
15543,5181,"2026-07-09 12:31:25",resolved
15544,5182,"2026-05-29 23:49:00",created
15545,5182,"2026-05-30 02:52:03",assigned
15546,5182,"2026-05-30 15:04:17",resolved
15547,5183,"2026-07-26 18:09:00",created
15548,5183,"2026-07-26 20:38:49",assigned
15549,5183,"2026-07-27 06:38:07",resolved
15550,5184,"2026-05-18 15:55:00",created
15551,5184,"2026-05-18 17:58:21",assigned
15552,5184,"2026-05-19 02:11:49",resolved
15553,5185,"2026-06-15 04:11:00",created
15554,5185,"2026-06-15 04:58:46",assigned
15555,5185,"2026-06-15 08:09:52",resolved
15556,5186,"2026-06-13 01:28:00",created
15557,5186,"2026-06-13 02:32:07",assigned
15558,5186,"2026-06-13 06:48:35",resolved
15559,5187,"2026-07-15 04:26:00",created
15560,5187,"2026-07-15 05:13:52",assigned
15561,5187,"2026-07-15 08:25:21",resolved
15562,5188,"2026-07-03 02:27:00",created
15563,5188,"2026-07-03 04:06:46",assigned
15564,5188,"2026-07-03 10:45:50",resolved
15565,5189,"2026-05-31 18:55:00",created
15566,5189,"2026-05-31 19:52:54",assigned
15567,5189,"2026-05-31 23:44:34",resolved
15568,5190,"2026-07-27 12:15:00",created
15569,5190,"2026-07-27 12:50:11",assigned
15570,5190,"2026-07-27 15:10:56",resolved
15571,5191,"2026-07-11 05:28:00",created
15572,5191,"2026-07-11 08:40:03",assigned
15573,5191,"2026-07-11 21:28:15",resolved
15574,5192,"2026-05-09 10:03:00",created
15575,5192,"2026-05-09 11:16:34",assigned
15576,5192,"2026-05-09 16:10:50",resolved
15577,5193,"2026-07-25 22:57:00",created
15578,5193,"2026-07-26 00:27:01",assigned
15579,5193,"2026-07-26 06:27:09",resolved
15580,5194,"2026-06-23 13:44:00",created
15581,5194,"2026-06-23 15:12:32",assigned
15582,5194,"2026-06-23 21:06:40",resolved
15583,5195,"2026-05-03 21:27:00",created
15584,5195,"2026-05-03 23:03:24",assigned
15585,5195,"2026-05-04 05:29:00",resolved
15586,5196,"2026-07-03 10:33:00",created
15587,5196,"2026-07-03 12:06:18",assigned
15588,5196,"2026-07-03 18:19:34",resolved
15589,5197,"2026-05-20 05:56:00",created
15590,5197,"2026-05-20 08:06:37",assigned
15591,5197,"2026-05-20 16:49:07",resolved
15592,5198,"2026-05-17 19:26:00",created
15593,5198,"2026-05-17 20:07:19",assigned
15594,5198,"2026-05-17 22:52:35",resolved
15595,5199,"2026-07-20 12:12:00",created
15596,5199,"2026-07-20 14:05:59",assigned
15597,5199,"2026-07-20 21:41:55",resolved
15598,5200,"2026-07-13 03:18:00",created
15599,5200,"2026-07-13 04:37:21",assigned
15600,5200,"2026-07-13 09:54:47",resolved
15601,5201,"2026-05-05 15:40:00",created
15602,5201,"2026-05-05 17:12:59",assigned
15603,5201,"2026-05-05 23:24:56",resolved
15604,5202,"2026-07-29 14:46:00",created
15605,5202,"2026-07-29 16:16:09",assigned
15606,5202,"2026-07-29 22:16:47",resolved
15607,5203,"2026-07-13 14:02:00",created
15608,5203,"2026-07-13 15:11:24",assigned
15609,5203,"2026-07-13 19:49:00",resolved
15610,5204,"2026-06-13 21:40:00",created
15611,5204,"2026-06-13 22:12:37",assigned
15612,5204,"2026-06-14 00:23:06",resolved
15613,5205,"2026-05-29 19:47:00",created
15614,5205,"2026-05-29 22:14:25",assigned
15615,5205,"2026-05-30 08:04:06",resolved
15616,5206,"2026-07-12 11:46:00",created
15617,5206,"2026-07-12 14:09:49",assigned
15618,5206,"2026-07-12 23:45:05",resolved
15619,5207,"2026-07-07 20:31:00",created
15620,5207,"2026-07-07 21:06:08",assigned
15621,5207,"2026-07-07 23:26:43",resolved
15622,5208,"2026-07-09 15:47:00",created
15623,5208,"2026-07-09 17:13:32",assigned
15624,5208,"2026-07-09 22:59:44",resolved
15625,5209,"2026-07-02 21:56:00",created
15626,5209,"2026-07-02 23:48:04",assigned
15627,5209,"2026-07-03 07:16:23",resolved
15628,5210,"2026-06-28 12:37:00",created
15629,5210,"2026-06-28 15:49:18",assigned
15630,5210,"2026-06-29 04:38:32",resolved
15631,5211,"2026-07-06 20:49:00",created
15632,5211,"2026-07-06 22:22:38",assigned
15633,5211,"2026-07-07 04:37:11",resolved
15634,5212,"2026-05-27 10:16:00",created
15635,5212,"2026-05-27 11:40:21",assigned
15636,5212,"2026-05-27 17:17:46",resolved
15637,5213,"2026-05-02 15:37:00",created
15638,5213,"2026-05-02 17:21:25",assigned
15639,5213,"2026-05-03 00:19:07",resolved
15640,5214,"2026-06-30 05:25:00",created
15641,5214,"2026-06-30 06:10:25",assigned
15642,5214,"2026-06-30 09:12:07",resolved
15643,5215,"2026-05-25 23:54:00",created
15644,5215,"2026-05-26 03:18:20",assigned
15645,5215,"2026-05-26 16:55:42",resolved
15646,5216,"2026-06-07 23:20:00",created
15647,5216,"2026-06-08 01:15:45",assigned
15648,5216,"2026-06-08 08:58:45",resolved
15649,5217,"2026-06-03 05:29:00",created
15650,5217,"2026-06-03 07:12:47",assigned
15651,5217,"2026-06-03 14:07:59",resolved
15652,5218,"2026-06-06 09:09:00",created
15653,5218,"2026-06-06 12:18:31",assigned
15654,5218,"2026-06-07 00:56:35",resolved
15655,5219,"2026-05-19 22:16:00",created
15656,5219,"2026-05-19 23:17:28",assigned
15657,5219,"2026-05-20 03:23:20",resolved
15658,5220,"2026-07-13 14:12:00",created
15659,5220,"2026-07-13 14:55:08",assigned
15660,5220,"2026-07-13 17:47:43",resolved
15661,5221,"2026-05-28 13:24:00",created
15662,5221,"2026-05-28 14:37:11",assigned
15663,5221,"2026-05-28 19:29:58",resolved
15664,5222,"2026-05-20 07:13:00",created
15665,5222,"2026-05-20 08:00:15",assigned
15666,5222,"2026-05-20 11:09:18",resolved
15667,5223,"2026-06-09 19:37:00",created
15668,5223,"2026-06-09 22:51:20",assigned
15669,5223,"2026-06-10 11:48:44",resolved
15670,5224,"2026-06-21 01:13:00",created
15671,5224,"2026-06-21 03:48:41",assigned
15672,5224,"2026-06-21 14:11:28",resolved
15673,5225,"2026-05-13 10:18:00",created
15674,5225,"2026-05-13 14:22:47",assigned
15675,5225,"2026-05-14 06:41:55",resolved
15676,5226,"2026-05-03 08:46:00",created
15677,5226,"2026-05-03 11:10:21",assigned
15678,5226,"2026-05-03 20:47:49",resolved
15679,5227,"2026-07-08 13:24:00",created
15680,5227,"2026-07-08 14:35:12",assigned
15681,5227,"2026-07-08 19:20:01",resolved
15682,5228,"2026-05-04 12:51:00",created
15683,5228,"2026-05-04 14:24:41",assigned
15684,5228,"2026-05-04 20:39:26",resolved
15685,5229,"2026-06-15 17:00:00",created
15686,5229,"2026-06-15 18:12:25",assigned
15687,5229,"2026-06-15 23:02:08",resolved
15688,5230,"2026-06-21 02:17:00",created
15689,5230,"2026-06-21 03:46:30",assigned
15690,5230,"2026-06-21 09:44:32",resolved
15691,5231,"2026-05-22 16:56:00",created
15692,5231,"2026-05-22 17:26:13",assigned
15693,5231,"2026-05-22 19:27:08",resolved
15694,5232,"2026-05-12 10:28:00",created
15695,5232,"2026-05-12 11:25:55",assigned
15696,5232,"2026-05-12 15:17:37",resolved
15697,5233,"2026-07-26 16:58:00",created
15698,5233,"2026-07-26 17:44:36",assigned
15699,5233,"2026-07-26 20:51:00",resolved
15700,5234,"2026-07-19 04:32:00",created
15701,5234,"2026-07-19 05:43:58",assigned
15702,5234,"2026-07-19 10:31:54",resolved
15703,5235,"2026-05-17 01:49:00",created
15704,5235,"2026-05-17 05:08:38",assigned
15705,5235,"2026-05-17 18:27:13",resolved
15706,5236,"2026-06-19 02:23:00",created
15707,5236,"2026-06-19 06:23:00",assigned
15708,5236,"2026-06-19 22:23:01",resolved
15709,5237,"2026-07-09 00:58:00",created
15710,5237,"2026-07-09 01:42:39",assigned
15711,5237,"2026-07-09 04:41:15",resolved
15712,5238,"2026-06-07 18:17:00",created
15713,5238,"2026-06-07 22:25:57",assigned
15714,5238,"2026-06-08 15:01:45",resolved
15715,5239,"2026-06-09 08:17:00",created
15716,5239,"2026-06-09 11:35:01",assigned
15717,5239,"2026-06-10 00:47:09",resolved
15718,5240,"2026-06-03 13:56:00",created
15719,5240,"2026-06-03 15:28:06",assigned
15720,5240,"2026-06-03 21:36:31",resolved
15721,5241,"2026-06-01 04:30:00",created
15722,5241,"2026-06-01 07:37:07",assigned
15723,5241,"2026-06-01 20:05:36",resolved
15724,5242,"2026-06-23 04:38:00",created
15725,5242,"2026-06-23 05:20:18",assigned
15726,5242,"2026-06-23 08:09:34",resolved
15727,5243,"2026-06-01 17:01:00",created
15728,5243,"2026-06-01 20:08:12",assigned
15729,5243,"2026-06-02 08:37:04",resolved
15730,5244,"2026-05-19 19:49:00",created
15731,5244,"2026-05-19 20:34:01",assigned
15732,5244,"2026-05-19 23:34:08",resolved
15733,5245,"2026-05-09 16:17:00",created
15734,5245,"2026-05-09 17:03:51",assigned
15735,5245,"2026-05-09 20:11:19",resolved
15736,5246,"2026-05-02 22:24:00",created
15737,5246,"2026-05-03 00:29:44",assigned
15738,5246,"2026-05-03 08:52:42",resolved
15739,5247,"2026-05-18 04:06:00",created
15740,5247,"2026-05-18 05:57:05",assigned
15741,5247,"2026-05-18 13:21:27",resolved
15742,5248,"2026-06-05 18:44:00",created
15743,5248,"2026-06-05 19:36:20",assigned
15744,5248,"2026-06-05 23:05:44",resolved
15745,5249,"2026-05-12 06:42:00",created
15746,5249,"2026-05-12 08:04:43",assigned
15747,5249,"2026-05-12 13:35:36",resolved
15748,5250,"2026-06-01 05:10:00",created
15749,5250,"2026-06-01 06:54:08",assigned
15750,5250,"2026-06-01 13:50:44",resolved
15751,5251,"2026-05-25 16:33:00",created
15752,5251,"2026-05-25 18:30:46",assigned
15753,5251,"2026-05-26 02:21:54",resolved
15754,5252,"2026-07-24 19:30:00",created
15755,5252,"2026-07-24 22:35:49",assigned
15756,5252,"2026-07-25 10:59:06",resolved
15757,5253,"2026-05-26 04:57:00",created
15758,5253,"2026-05-26 07:33:50",assigned
15759,5253,"2026-05-26 18:01:14",resolved
15760,5254,"2026-05-26 15:45:00",created
15761,5254,"2026-05-26 16:03:10",assigned
15762,5254,"2026-05-26 17:15:50",resolved
15763,5255,"2026-06-22 06:08:00",created
15764,5255,"2026-06-22 06:56:02",assigned
15765,5255,"2026-06-22 10:08:13",resolved
15766,5256,"2026-07-14 12:10:00",created
15767,5256,"2026-07-14 16:53:15",assigned
15768,5256,"2026-07-15 11:46:18",resolved
15769,5257,"2026-05-16 14:43:00",created
15770,5257,"2026-05-16 15:49:29",assigned
15771,5257,"2026-05-16 20:15:27",resolved
15772,5258,"2026-07-05 03:49:00",created
15773,5258,"2026-07-05 04:40:00",assigned
15774,5258,"2026-07-05 08:04:04",resolved
15775,5259,"2026-05-17 02:51:00",created
15776,5259,"2026-05-17 03:28:05",assigned
15777,5259,"2026-05-17 05:56:27",resolved
15778,5260,"2026-05-24 01:57:00",created
15779,5260,"2026-05-24 02:58:06",assigned
15780,5260,"2026-05-24 07:02:30",resolved
15781,5261,"2026-06-13 10:53:00",created
15782,5261,"2026-06-13 12:51:13",assigned
15783,5261,"2026-06-13 20:44:08",resolved
15784,5262,"2026-07-12 17:24:00",created
15785,5262,"2026-07-12 18:26:01",assigned
15786,5262,"2026-07-12 22:34:05",resolved
15787,5263,"2026-05-13 16:04:00",created
15788,5263,"2026-05-13 17:21:34",assigned
15789,5263,"2026-05-13 22:31:50",resolved
15790,5264,"2026-05-17 03:19:00",created
15791,5264,"2026-05-17 04:36:32",assigned
15792,5264,"2026-05-17 09:46:44",resolved
15793,5265,"2026-07-29 14:38:00",created
15794,5265,"2026-07-29 16:02:03",assigned
15795,5265,"2026-07-29 21:38:15",resolved
15796,5266,"2026-06-23 00:34:00",created
15797,5266,"2026-06-23 04:08:16",assigned
15798,5266,"2026-06-23 18:25:23",resolved
15799,5267,"2026-06-10 04:19:00",created
15800,5267,"2026-06-10 05:20:51",assigned
15801,5267,"2026-06-10 09:28:19",resolved
15802,5268,"2026-05-27 17:41:00",created
15803,5268,"2026-05-27 19:24:36",assigned
15804,5268,"2026-05-28 02:19:03",resolved
15805,5269,"2026-05-13 18:54:00",created
15806,5269,"2026-05-13 20:27:13",assigned
15807,5269,"2026-05-14 02:40:08",resolved
15808,5270,"2026-07-21 03:32:00",created
15809,5270,"2026-07-21 05:49:50",assigned
15810,5270,"2026-07-21 15:01:12",resolved
15811,5271,"2026-07-21 23:24:00",created
15812,5271,"2026-07-22 01:07:23",assigned
15813,5271,"2026-07-22 08:00:55",resolved
15814,5272,"2026-07-04 18:25:00",created
15815,5272,"2026-07-04 20:15:42",assigned
15816,5272,"2026-07-05 03:38:32",resolved
15817,5273,"2026-06-18 14:39:00",created
15818,5273,"2026-06-18 16:01:18",assigned
15819,5273,"2026-06-18 21:30:32",resolved
15820,5274,"2026-07-10 02:05:00",created
15821,5274,"2026-07-10 02:50:54",assigned
15822,5274,"2026-07-10 05:54:33",resolved
15823,5275,"2026-06-15 04:07:00",created
15824,5275,"2026-06-15 05:08:04",assigned
15825,5275,"2026-06-15 09:12:20",resolved
15826,5276,"2026-07-24 20:08:00",created
15827,5276,"2026-07-24 21:34:12",assigned
15828,5276,"2026-07-25 03:19:00",resolved
15829,5277,"2026-05-29 19:18:00",created
15830,5277,"2026-05-29 22:41:27",assigned
15831,5277,"2026-05-30 12:15:17",resolved
15832,5278,"2026-05-30 15:09:00",created
15833,5278,"2026-05-30 16:17:56",assigned
15834,5278,"2026-05-30 20:53:44",resolved
15835,5279,"2026-06-06 17:43:00",created
15836,5279,"2026-06-06 22:23:45",assigned
15837,5279,"2026-06-07 17:06:45",resolved
15838,5280,"2026-07-04 15:15:00",created
15839,5280,"2026-07-04 16:19:07",assigned
15840,5280,"2026-07-04 20:35:35",resolved
15841,5281,"2026-07-07 23:53:00",created
15842,5281,"2026-07-08 04:11:24",assigned
15843,5281,"2026-07-08 21:25:02",resolved
15844,5282,"2026-05-21 20:21:00",created
15845,5282,"2026-05-21 22:10:58",assigned
15846,5282,"2026-05-22 05:30:50",resolved
15847,5283,"2026-07-11 06:22:00",created
15848,5283,"2026-07-11 09:49:07",assigned
15849,5283,"2026-07-11 23:37:36",resolved
15850,5284,"2026-07-27 19:36:00",created
15851,5284,"2026-07-27 20:11:20",assigned
15852,5284,"2026-07-27 22:32:43",resolved
15853,5285,"2026-05-03 05:21:00",created
15854,5285,"2026-05-03 06:22:57",assigned
15855,5285,"2026-05-03 10:30:48",resolved
15856,5286,"2026-06-28 15:03:00",created
15857,5286,"2026-06-28 15:36:15",assigned
15858,5286,"2026-06-28 17:49:18",resolved
15859,5287,"2026-07-17 17:30:00",created
15860,5287,"2026-07-17 18:35:12",assigned
15861,5287,"2026-07-17 22:56:01",resolved
15862,5288,"2026-07-10 14:45:00",created
15863,5288,"2026-07-10 16:11:46",assigned
15864,5288,"2026-07-10 21:58:53",resolved
15865,5289,"2026-07-18 18:32:00",created
15866,5289,"2026-07-18 21:11:15",assigned
15867,5289,"2026-07-19 07:48:18",resolved
15868,5290,"2026-06-22 15:44:00",created
15869,5290,"2026-06-22 17:25:51",assigned
15870,5290,"2026-06-23 00:13:16",resolved
15871,5291,"2026-07-22 07:15:00",created
15872,5291,"2026-07-22 08:04:02",assigned
15873,5291,"2026-07-22 11:20:12",resolved
15874,5292,"2026-07-19 06:16:00",created
15875,5292,"2026-07-19 09:25:11",assigned
15876,5292,"2026-07-19 22:01:59",resolved
15877,5293,"2026-06-08 14:25:00",created
15878,5293,"2026-06-08 15:07:38",assigned
15879,5293,"2026-06-08 17:58:10",resolved
15880,5294,"2026-06-14 02:56:00",created
15881,5294,"2026-06-14 04:34:56",assigned
15882,5294,"2026-06-14 11:10:44",resolved
15883,5295,"2026-05-09 11:41:00",created
15884,5295,"2026-05-09 13:24:45",assigned
15885,5295,"2026-05-09 20:19:47",resolved
15886,5296,"2026-06-27 14:03:00",created
15887,5296,"2026-06-27 15:49:00",assigned
15888,5296,"2026-06-27 22:53:00",resolved
15889,5297,"2026-07-10 13:58:00",created
15890,5297,"2026-07-10 15:30:05",assigned
15891,5297,"2026-07-10 21:38:25",resolved
15892,5298,"2026-07-28 08:49:00",created
15893,5298,"2026-07-28 09:14:23",assigned
15894,5298,"2026-07-28 10:55:59",resolved
15895,5299,"2026-06-23 22:33:00",created
15896,5299,"2026-06-23 23:10:12",assigned
15897,5299,"2026-06-24 01:39:02",resolved
15898,5300,"2026-05-13 22:50:00",created
15899,5300,"2026-05-14 01:20:29",assigned
15900,5300,"2026-05-14 11:22:27",resolved
15901,5301,"2026-07-20 15:03:00",created
15902,5301,"2026-07-20 15:51:34",assigned
15903,5301,"2026-07-20 19:05:53",resolved
15904,5302,"2026-07-23 13:14:00",created
15905,5302,"2026-07-23 14:06:56",assigned
15906,5302,"2026-07-23 17:38:43",resolved
15907,5303,"2026-05-29 21:37:00",created
15908,5303,"2026-05-29 22:13:28",assigned
15909,5303,"2026-05-30 00:39:23",resolved
15910,5304,"2026-05-09 13:16:00",created
15911,5304,"2026-05-09 16:08:47",assigned
15912,5304,"2026-05-10 03:39:59",resolved
15913,5305,"2026-05-23 18:21:00",created
15914,5305,"2026-05-23 19:14:08",assigned
15915,5305,"2026-05-23 22:46:44",resolved
15916,5306,"2026-06-03 06:21:00",created
15917,5306,"2026-06-03 10:55:12",assigned
15918,5306,"2026-06-04 05:12:02",resolved
15919,5307,"2026-07-21 09:59:00",created
15920,5307,"2026-07-21 13:12:20",assigned
15921,5307,"2026-07-22 02:05:44",resolved
15922,5308,"2026-05-19 20:33:00",created
15923,5308,"2026-05-19 22:07:10",assigned
15924,5308,"2026-05-20 04:23:52",resolved
15925,5309,"2026-06-05 23:56:00",created
15926,5309,"2026-06-06 02:35:11",assigned
15927,5309,"2026-06-06 13:11:57",resolved
15928,5310,"2026-07-08 09:40:00",created
15929,5310,"2026-07-08 10:28:13",assigned
15930,5310,"2026-07-08 13:41:07",resolved
15931,5311,"2026-06-25 23:38:00",created
15932,5311,"2026-06-26 00:22:29",assigned
15933,5311,"2026-06-26 03:20:25",resolved
15934,5312,"2026-06-29 13:54:00",created
15935,5312,"2026-06-29 14:59:58",assigned
15936,5312,"2026-06-29 19:23:52",resolved
15937,5313,"2026-05-18 21:39:00",created
15938,5313,"2026-05-18 23:20:39",assigned
15939,5313,"2026-05-19 06:07:16",resolved
15940,5314,"2026-05-21 02:45:00",created
15941,5314,"2026-05-21 06:02:25",assigned
15942,5314,"2026-05-21 19:12:08",resolved
15943,5315,"2026-06-25 17:03:00",created
15944,5315,"2026-06-25 17:33:26",assigned
15945,5315,"2026-06-25 19:35:12",resolved
15946,5316,"2026-07-27 06:59:00",created
15947,5316,"2026-07-27 12:47:42",assigned
15948,5316,"2026-07-28 12:02:33",resolved
15949,5317,"2026-07-04 13:25:00",created
15950,5317,"2026-07-04 17:28:54",assigned
15951,5317,"2026-07-05 09:44:32",resolved
15952,5318,"2026-07-03 10:01:00",created
15953,5318,"2026-07-03 12:31:27",assigned
15954,5318,"2026-07-03 22:33:17",resolved
15955,5319,"2026-06-20 21:19:00",created
15956,5319,"2026-06-20 22:42:37",assigned
15957,5319,"2026-06-21 04:17:06",resolved
15958,5320,"2026-06-01 03:25:00",created
15959,5320,"2026-06-01 06:25:10",assigned
15960,5320,"2026-06-01 18:25:53",resolved
15961,5321,"2026-07-25 04:23:00",created
15962,5321,"2026-07-25 05:47:32",assigned
15963,5321,"2026-07-25 11:25:44",resolved
15964,5322,"2026-06-25 07:49:00",created
15965,5322,"2026-06-25 09:20:28",assigned
15966,5322,"2026-06-25 15:26:21",resolved
15967,5323,"2026-05-11 06:49:00",created
15968,5323,"2026-05-11 11:06:01",assigned
15969,5323,"2026-05-12 04:14:05",resolved
15970,5324,"2026-05-25 18:40:00",created
15971,5324,"2026-05-25 20:54:49",assigned
15972,5324,"2026-05-26 05:54:06",resolved
15973,5325,"2026-07-15 22:38:00",created
15974,5325,"2026-07-15 23:03:48",assigned
15975,5325,"2026-07-16 00:47:02",resolved
15976,5326,"2026-05-28 19:38:00",created
15977,5326,"2026-05-28 20:13:28",assigned
15978,5326,"2026-05-28 22:35:20",resolved
15979,5327,"2026-05-12 12:47:00",created
15980,5327,"2026-05-12 14:18:20",assigned
15981,5327,"2026-05-12 20:23:41",resolved
15982,5328,"2026-05-20 13:25:00",created
15983,5328,"2026-05-20 15:20:12",assigned
15984,5328,"2026-05-20 23:01:00",resolved
15985,5329,"2026-07-12 01:33:00",created
15986,5329,"2026-07-12 03:13:49",assigned
15987,5329,"2026-07-12 09:57:08",resolved
15988,5330,"2026-05-22 07:50:00",created
15989,5330,"2026-05-22 10:18:21",assigned
15990,5330,"2026-05-22 20:11:47",resolved
15991,5331,"2026-05-11 21:15:00",created
15992,5331,"2026-05-11 22:47:06",assigned
15993,5331,"2026-05-12 04:55:34",resolved
15994,5332,"2026-06-07 15:37:00",created
15995,5332,"2026-06-07 18:48:38",assigned
15996,5332,"2026-06-08 07:35:11",resolved
15997,5333,"2026-05-30 07:40:00",created
15998,5333,"2026-05-30 09:02:32",assigned
15999,5333,"2026-05-30 14:32:41",resolved
16000,5334,"2026-07-09 07:37:00",created
16001,5334,"2026-07-09 08:00:41",assigned
16002,5334,"2026-07-09 09:35:26",resolved
16003,5335,"2026-07-15 08:28:00",created
16004,5335,"2026-07-15 09:46:26",assigned
16005,5335,"2026-07-15 15:00:11",resolved
16006,5336,"2026-07-02 01:18:00",created
16007,5336,"2026-07-02 02:20:01",assigned
16008,5336,"2026-07-02 06:28:05",resolved
16009,5337,"2026-07-28 16:39:00",created
16010,5337,"2026-07-28 17:22:55",assigned
16011,5337,"2026-07-28 20:18:37",resolved
16012,5338,"2026-05-28 12:40:00",created
16013,5338,"2026-05-28 13:32:14",assigned
16014,5338,"2026-05-28 17:01:12",resolved
16015,5339,"2026-05-24 00:09:00",created
16016,5339,"2026-05-24 01:49:08",assigned
16017,5339,"2026-05-24 08:29:42",resolved
16018,5340,"2026-07-07 11:24:00",created
16019,5340,"2026-07-07 13:16:39",assigned
16020,5340,"2026-07-07 20:47:18",resolved
16021,5341,"2026-05-28 17:51:00",created
16022,5341,"2026-05-28 18:59:12",assigned
16023,5341,"2026-05-28 23:32:04",resolved
16024,5342,"2026-05-30 10:41:00",created
16025,5342,"2026-05-30 14:11:22",assigned
16026,5342,"2026-05-31 04:12:52",resolved
16027,5343,"2026-05-23 13:40:00",created
16028,5343,"2026-05-23 14:37:43",assigned
16029,5343,"2026-05-23 18:28:38",resolved
16030,5344,"2026-07-22 00:41:00",created
16031,5344,"2026-07-22 01:55:55",assigned
16032,5344,"2026-07-22 06:55:37",resolved
16033,5345,"2026-05-21 05:32:00",created
16034,5345,"2026-05-21 07:37:36",assigned
16035,5345,"2026-05-21 16:00:04",resolved
16036,5346,"2026-07-29 02:16:00",created
16037,5346,"2026-07-29 04:43:37",assigned
16038,5346,"2026-07-29 14:34:09",resolved
16039,5347,"2026-06-25 17:19:00",created
16040,5347,"2026-06-25 18:34:10",assigned
16041,5347,"2026-06-25 23:34:50",resolved
16042,5348,"2026-07-20 12:34:00",created
16043,5348,"2026-07-20 16:20:17",assigned
16044,5348,"2026-07-21 07:25:26",resolved
16045,5349,"2026-07-23 18:42:00",created
16046,5349,"2026-07-23 20:18:59",assigned
16047,5349,"2026-07-24 02:46:57",resolved
16048,5350,"2026-06-25 20:16:00",created
16049,5350,"2026-06-25 20:54:54",assigned
16050,5350,"2026-06-25 23:30:32",resolved
16051,5351,"2026-05-22 06:57:00",created
16052,5351,"2026-05-22 09:21:28",assigned
16053,5351,"2026-05-22 18:59:23",resolved
16054,5352,"2026-06-10 03:59:00",created
16055,5352,"2026-06-10 05:30:36",assigned
16056,5352,"2026-06-10 11:37:03",resolved
16057,5353,"2026-06-12 09:02:00",created
16058,5353,"2026-06-12 09:38:55",assigned
16059,5353,"2026-06-12 12:06:39",resolved
16060,5354,"2026-07-17 13:38:00",created
16061,5354,"2026-07-17 15:46:25",assigned
16062,5354,"2026-07-18 00:20:08",resolved
16063,5355,"2026-06-26 11:42:00",created
16064,5355,"2026-06-26 14:39:22",assigned
16065,5355,"2026-06-27 02:28:52",resolved
16066,5356,"2026-06-14 14:15:00",created
16067,5356,"2026-06-14 15:25:39",assigned
16068,5356,"2026-06-14 20:08:19",resolved
16069,5357,"2026-06-17 01:54:00",created
16070,5357,"2026-06-17 03:14:06",assigned
16071,5357,"2026-06-17 08:34:30",resolved
16072,5358,"2026-06-21 11:52:00",created
16073,5358,"2026-06-21 13:37:04",assigned
16074,5358,"2026-06-21 20:37:22",resolved
16075,5359,"2026-05-11 04:40:00",created
16076,5359,"2026-05-11 06:04:02",assigned
16077,5359,"2026-05-11 11:40:14",resolved
16078,5360,"2026-07-20 05:03:00",created
16079,5360,"2026-07-20 06:49:55",assigned
16080,5360,"2026-07-20 13:57:37",resolved
16081,5361,"2026-06-23 12:01:00",created
16082,5361,"2026-06-23 13:09:59",assigned
16083,5361,"2026-06-23 17:45:57",resolved
16084,5362,"2026-07-08 00:30:00",created
16085,5362,"2026-07-08 02:36:23",assigned
16086,5362,"2026-07-08 11:01:55",resolved
16087,5363,"2026-06-29 03:29:00",created
16088,5363,"2026-06-29 04:27:17",assigned
16089,5363,"2026-06-29 08:20:25",resolved
16090,5364,"2026-05-30 16:35:00",created
16091,5364,"2026-05-30 19:59:12",assigned
16092,5364,"2026-05-31 09:36:01",resolved
16093,5365,"2026-05-30 16:32:00",created
16094,5365,"2026-05-30 19:38:17",assigned
16095,5365,"2026-05-31 08:03:27",resolved
16096,5366,"2026-06-30 00:28:00",created
16097,5366,"2026-06-30 02:19:06",assigned
16098,5366,"2026-06-30 09:43:31",resolved
16099,5367,"2026-07-17 04:54:00",created
16100,5367,"2026-07-17 05:34:04",assigned
16101,5367,"2026-07-17 08:14:21",resolved
16102,5368,"2026-06-24 11:06:00",created
16103,5368,"2026-06-24 11:52:24",assigned
16104,5368,"2026-06-24 14:58:03",resolved
16105,5369,"2026-05-31 20:47:00",created
16106,5369,"2026-06-01 01:02:37",assigned
16107,5369,"2026-06-01 18:05:06",resolved
16108,5370,"2026-07-19 14:20:00",created
16109,5370,"2026-07-19 16:59:20",assigned
16110,5370,"2026-07-20 03:36:40",resolved
16111,5371,"2026-07-25 14:00:00",created
16112,5371,"2026-07-25 15:14:34",assigned
16113,5371,"2026-07-25 20:12:54",resolved
16114,5372,"2026-05-26 07:57:00",created
16115,5372,"2026-05-26 12:32:04",assigned
16116,5372,"2026-05-27 06:52:22",resolved
16117,5373,"2026-06-19 12:05:00",created
16118,5373,"2026-06-19 12:34:12",assigned
16119,5373,"2026-06-19 14:31:03",resolved
16120,5374,"2026-07-26 23:06:00",created
16121,5374,"2026-07-27 02:38:07",assigned
16122,5374,"2026-07-27 16:46:37",resolved
16123,5375,"2026-07-15 18:56:00",created
16124,5375,"2026-07-15 19:26:14",assigned
16125,5375,"2026-07-15 21:27:12",resolved
16126,5376,"2026-05-24 18:45:00",created
16127,5376,"2026-05-24 21:38:17",assigned
16128,5376,"2026-05-25 09:11:25",resolved
16129,5377,"2026-06-29 07:30:00",created
16130,5377,"2026-06-29 08:49:23",assigned
16131,5377,"2026-06-29 14:06:59",resolved
16132,5378,"2026-05-26 02:43:00",created
16133,5378,"2026-05-26 06:07:35",assigned
16134,5378,"2026-05-26 19:45:56",resolved
16135,5379,"2026-06-01 13:46:00",created
16136,5379,"2026-06-01 15:55:44",assigned
16137,5379,"2026-06-02 00:34:44",resolved
16138,5380,"2026-05-20 13:11:00",created
16139,5380,"2026-05-20 15:28:13",assigned
16140,5380,"2026-05-21 00:37:05",resolved
16141,5381,"2026-05-02 09:35:00",created
16142,5381,"2026-05-02 12:17:41",assigned
16143,5381,"2026-05-02 23:08:27",resolved
16144,5382,"2026-06-29 10:59:00",created
16145,5382,"2026-06-29 12:06:12",assigned
16146,5382,"2026-06-29 16:35:01",resolved
16147,5383,"2026-05-04 17:40:00",created
16148,5383,"2026-05-04 19:09:57",assigned
16149,5383,"2026-05-05 01:09:48",resolved
16150,5384,"2026-05-23 13:51:00",created
16151,5384,"2026-05-23 14:39:00",assigned
16152,5384,"2026-05-23 17:51:04",resolved
16153,5385,"2026-05-13 14:10:00",created
16154,5385,"2026-05-13 15:13:00",assigned
16155,5385,"2026-05-13 19:25:02",resolved
16156,5386,"2026-07-19 19:24:00",created
16157,5386,"2026-07-19 22:11:58",assigned
16158,5386,"2026-07-20 09:23:50",resolved
16159,5387,"2026-07-17 06:02:00",created
16160,5387,"2026-07-17 07:16:18",assigned
16161,5387,"2026-07-17 12:13:34",resolved
16162,5388,"2026-05-08 23:52:00",created
16163,5388,"2026-05-09 00:59:57",assigned
16164,5388,"2026-05-09 05:31:46",resolved
16165,5389,"2026-07-08 16:03:00",created
16166,5389,"2026-07-08 16:55:10",assigned
16167,5389,"2026-07-08 20:23:54",resolved
16168,5390,"2026-07-14 02:08:00",created
16169,5390,"2026-07-14 03:38:33",assigned
16170,5390,"2026-07-14 09:40:46",resolved
16171,5391,"2026-06-18 21:15:00",created
16172,5391,"2026-06-18 22:18:39",assigned
16173,5391,"2026-06-19 02:33:15",resolved
16174,5392,"2026-07-12 00:05:00",created
16175,5392,"2026-07-12 02:58:08",assigned
16176,5392,"2026-07-12 14:30:44",resolved
16177,5393,"2026-06-28 13:16:00",created
16178,5393,"2026-06-28 14:14:21",assigned
16179,5393,"2026-06-28 18:07:45",resolved
16180,5394,"2026-07-18 01:35:00",created
16181,5394,"2026-07-18 05:16:21",assigned
16182,5394,"2026-07-18 20:01:46",resolved
16183,5395,"2026-05-23 10:34:00",created
16184,5395,"2026-05-23 12:19:24",assigned
16185,5395,"2026-05-23 19:21:02",resolved
16186,5396,"2026-06-14 09:21:00",created
16187,5396,"2026-06-14 11:25:06",assigned
16188,5396,"2026-06-14 19:41:32",resolved
16189,5397,"2026-06-08 17:49:00",created
16190,5397,"2026-06-08 18:29:03",assigned
16191,5397,"2026-06-08 21:09:18",resolved
16192,5398,"2026-06-10 02:27:00",created
16193,5398,"2026-06-10 03:25:27",assigned
16194,5398,"2026-06-10 07:19:15",resolved
16195,5399,"2026-07-25 23:22:00",created
16196,5399,"2026-07-26 00:49:05",assigned
16197,5399,"2026-07-26 06:37:29",resolved
16198,5400,"2026-07-19 17:57:00",created
16199,5400,"2026-07-19 19:33:36",assigned
16200,5400,"2026-07-20 02:00:00",resolved
16201,5401,"2026-05-03 12:48:00",created
16202,5401,"2026-05-03 15:48:51",assigned
16203,5401,"2026-05-04 03:52:15",resolved
16204,5402,"2026-07-13 03:29:00",created
16205,5402,"2026-07-13 05:51:06",assigned
16206,5402,"2026-07-13 15:19:33",resolved
16207,5403,"2026-05-07 07:40:00",created
16208,5403,"2026-05-07 10:17:42",assigned
16209,5403,"2026-05-07 20:48:32",resolved
16210,5404,"2026-07-08 11:54:00",created
16211,5404,"2026-07-08 13:42:48",assigned
16212,5404,"2026-07-08 20:58:01",resolved
16213,5405,"2026-06-10 13:00:00",created
16214,5405,"2026-06-10 14:41:15",assigned
16215,5405,"2026-06-10 21:26:15",resolved
16216,5406,"2026-06-20 08:08:00",created
16217,5406,"2026-06-20 09:23:12",assigned
16218,5406,"2026-06-20 14:24:03",resolved
16219,5407,"2026-07-08 09:11:00",created
16220,5407,"2026-07-08 10:32:24",assigned
16221,5407,"2026-07-08 15:58:01",resolved
16222,5408,"2026-06-28 17:19:00",created
16223,5408,"2026-06-28 19:01:46",assigned
16224,5408,"2026-06-29 01:52:52",resolved
16225,5409,"2026-06-13 14:42:00",created
16226,5409,"2026-06-13 16:29:34",assigned
16227,5409,"2026-06-13 23:39:53",resolved
16228,5410,"2026-06-19 14:57:00",created
16229,5410,"2026-06-19 15:35:26",assigned
16230,5410,"2026-06-19 18:09:13",resolved
16231,5411,"2026-07-27 13:57:00",created
16232,5411,"2026-07-27 20:32:00",assigned
16233,5411,"2026-07-28 22:52:02",resolved
16234,5412,"2026-06-20 07:49:00",created
16235,5412,"2026-06-20 09:48:34",assigned
16236,5412,"2026-06-20 17:46:53",resolved
16237,5413,"2026-07-06 11:31:00",created
16238,5413,"2026-07-06 12:16:54",assigned
16239,5413,"2026-07-06 15:20:33",resolved
16240,5414,"2026-06-24 06:02:00",created
16241,5414,"2026-06-24 07:56:39",assigned
16242,5414,"2026-06-24 15:35:17",resolved
16243,5415,"2026-05-21 21:24:00",created
16244,5415,"2026-05-21 22:51:44",assigned
16245,5415,"2026-05-22 04:42:42",resolved
16246,5416,"2026-06-24 16:36:00",created
16247,5416,"2026-06-24 17:51:13",assigned
16248,5416,"2026-06-24 22:52:07",resolved
16249,5417,"2026-07-07 15:06:00",created
16250,5417,"2026-07-07 15:51:32",assigned
16251,5417,"2026-07-07 18:53:44",resolved
16252,5418,"2026-05-05 20:39:00",created
16253,5418,"2026-05-06 05:48:33",assigned
16254,5418,"2026-05-07 18:26:47",resolved
16255,5419,"2026-07-16 07:03:00",created
16256,5419,"2026-07-16 08:42:27",assigned
16257,5419,"2026-07-16 15:20:18",resolved
16258,5420,"2026-05-15 01:34:00",created
16259,5420,"2026-05-15 02:33:17",assigned
16260,5420,"2026-05-15 06:30:26",resolved
16261,5421,"2026-07-21 14:47:00",created
16262,5421,"2026-07-21 17:11:57",assigned
16263,5421,"2026-07-22 02:51:46",resolved
16264,5422,"2026-06-20 15:57:00",created
16265,5422,"2026-06-20 17:46:58",assigned
16266,5422,"2026-06-21 01:06:51",resolved
16267,5423,"2026-05-22 23:03:00",created
16268,5423,"2026-05-23 03:28:58",assigned
16269,5423,"2026-05-23 21:12:51",resolved
16270,5424,"2026-05-16 09:49:00",created
16271,5424,"2026-05-16 10:53:19",assigned
16272,5424,"2026-05-16 15:10:37",resolved
16273,5425,"2026-05-05 19:27:00",created
16274,5425,"2026-05-05 21:09:23",assigned
16275,5425,"2026-05-06 03:58:55",resolved
16276,5426,"2026-05-30 04:04:00",created
16277,5426,"2026-05-30 04:49:58",assigned
16278,5426,"2026-05-30 07:53:50",resolved
16279,5427,"2026-07-22 10:17:00",created
16280,5427,"2026-07-22 11:08:30",assigned
16281,5427,"2026-07-22 14:34:30",resolved
16282,5428,"2026-05-23 05:26:00",created
16283,5428,"2026-05-23 09:39:34",assigned
16284,5428,"2026-05-24 02:33:54",resolved
16285,5429,"2026-06-08 01:04:00",created
16286,5429,"2026-06-08 05:42:49",assigned
16287,5429,"2026-06-09 00:18:06",resolved
16288,5430,"2026-06-05 21:52:00",created
16289,5430,"2026-06-05 23:12:09",assigned
16290,5430,"2026-06-06 04:32:47",resolved
16291,5431,"2026-05-22 04:01:00",created
16292,5431,"2026-05-22 07:10:46",assigned
16293,5431,"2026-05-22 19:49:53",resolved
16294,5432,"2026-05-22 02:18:00",created
16295,5432,"2026-05-22 03:31:24",assigned
16296,5432,"2026-05-22 08:25:00",resolved
16297,5433,"2026-06-04 12:52:00",created
16298,5433,"2026-06-04 15:01:01",assigned
16299,5433,"2026-06-04 23:37:09",resolved
16300,5434,"2026-05-17 00:11:00",created
16301,5434,"2026-05-17 01:28:10",assigned
16302,5434,"2026-05-17 06:36:54",resolved
16303,5435,"2026-06-25 04:32:00",created
16304,5435,"2026-06-25 06:15:16",assigned
16305,5435,"2026-06-25 13:08:20",resolved
16306,5436,"2026-05-16 09:31:00",created
16307,5436,"2026-05-16 10:47:37",assigned
16308,5436,"2026-05-16 15:54:06",resolved
16309,5437,"2026-05-28 00:49:00",created
16310,5437,"2026-05-28 01:28:54",assigned
16311,5437,"2026-05-28 04:08:32",resolved
16312,5438,"2026-07-28 22:34:00",created
16313,5438,"2026-07-29 02:19:37",assigned
16314,5438,"2026-07-29 17:22:05",resolved
16315,5439,"2026-06-29 12:30:00",created
16316,5439,"2026-06-29 13:24:31",assigned
16317,5439,"2026-06-29 17:02:36",resolved
16318,5440,"2026-06-15 17:07:00",created
16319,5440,"2026-06-15 17:36:46",assigned
16320,5440,"2026-06-15 19:35:53",resolved
16321,5441,"2026-05-22 05:21:00",created
16322,5441,"2026-05-22 12:20:32",assigned
16323,5441,"2026-05-23 16:18:44",resolved
16324,5442,"2026-05-19 08:33:00",created
16325,5442,"2026-05-19 10:05:54",assigned
16326,5442,"2026-05-19 16:17:30",resolved
16327,5443,"2026-05-31 20:09:00",created
16328,5443,"2026-05-31 21:49:32",assigned
16329,5443,"2026-06-01 04:31:41",resolved
16330,5444,"2026-06-04 13:48:00",created
16331,5444,"2026-06-04 14:35:55",assigned
16332,5444,"2026-06-04 17:47:39",resolved
16333,5445,"2026-07-24 03:12:00",created
16334,5445,"2026-07-24 04:21:05",assigned
16335,5445,"2026-07-24 08:57:27",resolved
16336,5446,"2026-07-24 06:44:00",created
16337,5446,"2026-07-24 10:16:46",assigned
16338,5446,"2026-07-25 00:27:53",resolved
16339,5447,"2026-07-19 08:46:00",created
16340,5447,"2026-07-19 09:40:55",assigned
16341,5447,"2026-07-19 13:20:35",resolved
16342,5448,"2026-06-10 00:11:00",created
16343,5448,"2026-06-10 01:44:51",assigned
16344,5448,"2026-06-10 08:00:15",resolved
16345,5449,"2026-07-14 16:43:00",created
16346,5449,"2026-07-14 17:43:05",assigned
16347,5449,"2026-07-14 21:43:25",resolved
16348,5450,"2026-05-02 20:23:00",created
16349,5450,"2026-05-02 21:21:27",assigned
16350,5450,"2026-05-03 01:15:16",resolved
16351,5451,"2026-05-04 01:54:00",created
16352,5451,"2026-05-04 06:32:28",assigned
16353,5451,"2026-05-05 01:06:20",resolved
16354,5452,"2026-05-08 23:30:00",created
16355,5452,"2026-05-09 00:34:12",assigned
16356,5452,"2026-05-09 04:51:04",resolved
16357,5453,"2026-07-04 17:22:00",created
16358,5453,"2026-07-04 18:43:01",assigned
16359,5453,"2026-07-05 00:07:08",resolved
16360,5454,"2026-06-18 10:57:00",created
16361,5454,"2026-06-18 12:45:39",assigned
16362,5454,"2026-06-18 20:00:15",resolved
16363,5455,"2026-06-06 03:45:00",created
16364,5455,"2026-06-06 04:56:29",assigned
16365,5455,"2026-06-06 09:42:28",resolved
16366,5456,"2026-06-25 03:31:00",created
16367,5456,"2026-06-25 06:01:53",assigned
16368,5456,"2026-06-25 16:05:25",resolved
16369,5457,"2026-05-13 22:28:00",created
16370,5457,"2026-05-13 23:41:50",assigned
16371,5457,"2026-05-14 04:37:14",resolved
16372,5458,"2026-06-19 01:55:00",created
16373,5458,"2026-06-19 03:34:33",assigned
16374,5458,"2026-06-19 10:12:45",resolved
16375,5459,"2026-05-31 06:35:00",created
16376,5459,"2026-05-31 08:38:13",assigned
16377,5459,"2026-05-31 16:51:09",resolved
16378,5460,"2026-07-21 15:00:00",created
16379,5460,"2026-07-21 16:59:03",assigned
16380,5460,"2026-07-22 00:55:15",resolved
16381,5461,"2026-07-08 21:19:00",created
16382,5461,"2026-07-08 22:01:21",assigned
16383,5461,"2026-07-09 00:50:45",resolved
16384,5462,"2026-07-06 02:28:00",created
16385,5462,"2026-07-06 04:52:04",assigned
16386,5462,"2026-07-06 14:28:22",resolved
16387,5463,"2026-06-26 16:03:00",created
16388,5463,"2026-06-26 18:14:19",assigned
16389,5463,"2026-06-27 02:59:38",resolved
16390,5464,"2026-05-15 17:39:00",created
16391,5464,"2026-05-15 19:03:23",assigned
16392,5464,"2026-05-16 00:40:56",resolved
16393,5465,"2026-06-22 01:10:00",created
16394,5465,"2026-06-22 04:18:33",assigned
16395,5465,"2026-06-22 16:52:46",resolved
16396,5466,"2026-05-19 17:20:00",created
16397,5466,"2026-05-19 18:26:49",assigned
16398,5466,"2026-05-19 22:54:08",resolved
16399,5467,"2026-07-21 18:09:00",created
16400,5467,"2026-07-22 00:51:22",assigned
16401,5467,"2026-07-23 03:40:52",resolved
16402,5468,"2026-05-09 22:39:00",created
16403,5468,"2026-05-10 00:54:37",assigned
16404,5468,"2026-05-10 09:57:09",resolved
16405,5469,"2026-07-12 10:40:00",created
16406,5469,"2026-07-12 12:19:10",assigned
16407,5469,"2026-07-12 18:55:50",resolved
16408,5470,"2026-06-04 23:48:00",created
16409,5470,"2026-06-05 01:16:14",assigned
16410,5470,"2026-06-05 07:09:13",resolved
16411,5471,"2026-07-10 01:32:00",created
16412,5471,"2026-07-10 05:36:53",assigned
16413,5471,"2026-07-10 21:56:28",resolved
16414,5472,"2026-07-24 17:10:00",created
16415,5472,"2026-07-24 19:00:21",assigned
16416,5472,"2026-07-25 02:21:45",resolved
16417,5473,"2026-06-16 00:17:00",created
16418,5473,"2026-06-16 03:25:17",assigned
16419,5473,"2026-06-16 15:58:28",resolved
16420,5474,"2026-05-18 02:31:00",created
16421,5474,"2026-05-18 03:24:22",assigned
16422,5474,"2026-05-18 06:57:54",resolved
16423,5475,"2026-06-29 23:42:00",created
16424,5475,"2026-06-30 01:18:05",assigned
16425,5475,"2026-06-30 07:42:29",resolved
16426,5476,"2026-05-19 14:11:00",created
16427,5476,"2026-05-19 16:08:29",assigned
16428,5476,"2026-05-19 23:58:25",resolved
16429,5477,"2026-07-14 11:33:00",created
16430,5477,"2026-07-14 12:23:00",assigned
16431,5477,"2026-07-14 15:43:00",resolved
16432,5478,"2026-06-03 21:31:00",created
16433,5478,"2026-06-04 00:07:08",assigned
16434,5478,"2026-06-04 10:31:40",resolved
16435,5479,"2026-05-09 08:05:00",created
16436,5479,"2026-05-09 08:57:23",assigned
16437,5479,"2026-05-09 12:26:55",resolved
16438,5480,"2026-06-05 09:25:00",created
16439,5480,"2026-06-05 10:33:45",assigned
16440,5480,"2026-06-05 15:08:46",resolved
16441,5481,"2026-05-30 08:30:00",created
16442,5481,"2026-05-30 09:44:31",assigned
16443,5481,"2026-05-30 14:42:38",resolved
16444,5482,"2026-06-05 15:06:00",created
16445,5482,"2026-06-05 17:25:18",assigned
16446,5482,"2026-06-06 02:42:32",resolved
16447,5483,"2026-07-26 10:09:00",created
16448,5483,"2026-07-26 11:20:04",assigned
16449,5483,"2026-07-26 16:04:23",resolved
16450,5484,"2026-05-17 06:36:00",created
16451,5484,"2026-05-17 07:38:02",assigned
16452,5484,"2026-05-17 11:46:13",resolved
16453,5485,"2026-07-23 11:23:00",created
16454,5485,"2026-07-23 12:32:07",assigned
16455,5485,"2026-07-23 17:08:35",resolved
16456,5486,"2026-07-06 07:46:00",created
16457,5486,"2026-07-06 08:39:25",assigned
16458,5486,"2026-07-06 12:13:05",resolved
16459,5487,"2026-05-30 10:14:00",created
16460,5487,"2026-05-30 12:06:42",assigned
16461,5487,"2026-05-30 19:37:31",resolved
16462,5488,"2026-06-15 12:13:00",created
16463,5488,"2026-06-15 13:40:12",assigned
16464,5488,"2026-06-15 19:29:03",resolved
16465,5489,"2026-05-17 21:47:00",created
16466,5489,"2026-05-17 22:20:32",assigned
16467,5489,"2026-05-18 00:34:40",resolved
16468,5490,"2026-06-07 22:48:00",created
16469,5490,"2026-06-07 23:28:35",assigned
16470,5490,"2026-06-08 02:10:55",resolved
16471,5491,"2026-07-13 00:16:00",created
16472,5491,"2026-07-13 01:37:48",assigned
16473,5491,"2026-07-13 07:05:02",resolved
16474,5492,"2026-06-28 15:55:00",created
16475,5492,"2026-06-28 17:21:35",assigned
16476,5492,"2026-06-28 23:07:59",resolved
16477,5493,"2026-06-13 19:00:00",created
16478,5493,"2026-06-13 20:07:51",assigned
16479,5493,"2026-06-14 00:39:18",resolved
16480,5494,"2026-06-17 23:23:00",created
16481,5494,"2026-06-18 02:31:55",assigned
16482,5494,"2026-06-18 15:07:39",resolved
16483,5495,"2026-06-13 15:27:00",created
16484,5495,"2026-06-13 17:06:00",assigned
16485,5495,"2026-06-13 23:42:01",resolved
16486,5496,"2026-07-15 19:44:00",created
16487,5496,"2026-07-15 21:03:41",assigned
16488,5496,"2026-07-16 02:22:29",resolved
16489,5497,"2026-06-16 01:57:00",created
16490,5497,"2026-06-16 03:30:59",assigned
16491,5497,"2026-06-16 09:46:58",resolved
16492,5498,"2026-06-15 19:32:00",created
16493,5498,"2026-06-15 20:09:34",assigned
16494,5498,"2026-06-15 22:39:51",resolved
16495,5499,"2026-07-12 10:02:00",created
16496,5499,"2026-07-12 11:34:24",assigned
16497,5499,"2026-07-12 17:44:01",resolved
16498,5500,"2026-05-14 22:44:00",created
16499,5500,"2026-05-15 00:20:49",assigned
16500,5500,"2026-05-15 06:48:09",resolved
16501,5501,"2026-05-03 10:13:00",created
16502,5501,"2026-05-03 13:19:00",assigned
16503,5501,"2026-05-04 01:43:00",resolved
16504,5502,"2026-07-13 01:37:00",created
16505,5502,"2026-07-13 07:20:51",assigned
16506,5502,"2026-07-14 06:16:15",resolved
16507,5503,"2026-07-16 20:14:00",created
16508,5503,"2026-07-16 20:51:47",assigned
16509,5503,"2026-07-16 23:22:59",resolved
16510,5504,"2026-06-29 14:25:00",created
16511,5504,"2026-06-29 15:11:45",assigned
16512,5504,"2026-06-29 18:18:49",resolved
16513,5505,"2026-07-13 17:06:00",created
16514,5505,"2026-07-13 17:50:08",assigned
16515,5505,"2026-07-13 20:46:41",resolved
16516,5506,"2026-07-09 17:52:00",created
16517,5506,"2026-07-09 21:18:52",assigned
16518,5506,"2026-07-10 11:06:21",resolved
16519,5507,"2026-05-13 16:26:00",created
16520,5507,"2026-05-13 18:41:28",assigned
16521,5507,"2026-05-14 03:43:21",resolved
16522,5508,"2026-05-27 09:38:00",created
16523,5508,"2026-05-27 10:19:22",assigned
16524,5508,"2026-05-27 13:04:51",resolved
16525,5509,"2026-07-23 19:17:00",created
16526,5509,"2026-07-23 19:45:31",assigned
16527,5509,"2026-07-23 21:39:37",resolved
16528,5510,"2026-06-01 06:33:00",created
16529,5510,"2026-06-01 09:46:21",assigned
16530,5510,"2026-06-01 22:39:47",resolved
16531,5511,"2026-06-08 17:26:00",created
16532,5511,"2026-06-08 18:38:11",assigned
16533,5511,"2026-06-08 23:26:58",resolved
16534,5512,"2026-06-27 06:36:00",created
16535,5512,"2026-06-27 07:24:33",assigned
16536,5512,"2026-06-27 10:38:49",resolved
16537,5513,"2026-07-28 15:04:00",created
16538,5513,"2026-07-28 16:22:36",assigned
16539,5513,"2026-07-28 21:37:02",resolved
16540,5514,"2026-06-29 14:44:00",created
16541,5514,"2026-06-29 16:10:20",assigned
16542,5514,"2026-06-29 21:55:42",resolved
16543,5515,"2026-07-21 18:23:00",created
16544,5515,"2026-07-21 18:49:25",assigned
16545,5515,"2026-07-21 20:35:06",resolved
16546,5516,"2026-05-03 06:18:00",created
16547,5516,"2026-05-03 08:44:58",assigned
16548,5516,"2026-05-03 18:32:54",resolved
16549,5517,"2026-07-01 02:36:00",created
16550,5517,"2026-07-01 03:19:01",assigned
16551,5517,"2026-07-01 06:11:09",resolved
16552,5518,"2026-05-03 08:44:00",created
16553,5518,"2026-05-03 10:20:48",assigned
16554,5518,"2026-05-03 16:48:00",resolved
16555,5519,"2026-07-21 20:16:00",created
16556,5519,"2026-07-21 22:41:17",assigned
16557,5519,"2026-07-22 08:22:27",resolved
16558,5520,"2026-05-23 05:36:00",created
16559,5520,"2026-05-23 06:14:58",assigned
16560,5520,"2026-05-23 08:50:50",resolved
16561,5521,"2026-06-25 18:59:00",created
16562,5521,"2026-06-25 21:35:43",assigned
16563,5521,"2026-06-26 08:02:36",resolved
16564,5522,"2026-05-18 09:45:00",created
16565,5522,"2026-05-18 12:53:16",assigned
16566,5522,"2026-05-19 01:26:20",resolved
16567,5523,"2026-06-23 19:00:00",created
16568,5523,"2026-06-23 19:25:58",assigned
16569,5523,"2026-06-23 21:09:54",resolved
16570,5524,"2026-07-15 13:41:00",created
16571,5524,"2026-07-15 15:53:41",assigned
16572,5524,"2026-07-16 00:44:26",resolved
16573,5525,"2026-05-15 08:34:00",created
16574,5525,"2026-05-15 09:35:05",assigned
16575,5525,"2026-05-15 13:39:29",resolved
16576,5526,"2026-06-16 21:56:00",created
16577,5526,"2026-06-17 02:02:41",assigned
16578,5526,"2026-06-17 18:29:26",resolved
16579,5527,"2026-07-22 16:51:00",created
16580,5527,"2026-07-22 18:31:41",assigned
16581,5527,"2026-07-23 01:14:25",resolved
16582,5528,"2026-06-23 07:41:00",created
16583,5528,"2026-06-23 09:25:27",assigned
16584,5528,"2026-06-23 16:23:18",resolved
16585,5529,"2026-05-23 16:05:00",created
16586,5529,"2026-05-23 17:26:16",assigned
16587,5529,"2026-05-23 22:51:22",resolved
16588,5530,"2026-05-19 09:23:00",created
16589,5530,"2026-05-19 11:49:09",assigned
16590,5530,"2026-05-19 21:33:49",resolved
16591,5531,"2026-06-02 17:18:00",created
16592,5531,"2026-06-02 19:05:14",assigned
16593,5531,"2026-06-03 02:14:12",resolved
16594,5532,"2026-05-07 10:44:00",created
16595,5532,"2026-05-07 11:54:03",assigned
16596,5532,"2026-05-07 16:34:19",resolved
16597,5533,"2026-06-28 01:41:00",created
16598,5533,"2026-06-28 02:54:52",assigned
16599,5533,"2026-06-28 07:50:20",resolved
16600,5534,"2026-07-11 14:51:00",created
16601,5534,"2026-07-11 16:36:25",assigned
16602,5534,"2026-07-11 23:38:07",resolved
16603,5535,"2026-05-06 23:09:00",created
16604,5535,"2026-05-07 00:39:43",assigned
16605,5535,"2026-05-07 06:42:38",resolved
16606,5536,"2026-05-16 20:18:00",created
16607,5536,"2026-05-17 01:15:13",assigned
16608,5536,"2026-05-17 21:04:08",resolved
16609,5537,"2026-06-01 16:33:00",created
16610,5537,"2026-06-01 18:07:41",assigned
16611,5537,"2026-06-02 00:26:28",resolved
16612,5538,"2026-05-31 08:14:00",created
16613,5538,"2026-05-31 11:01:13",assigned
16614,5538,"2026-05-31 22:10:08",resolved
16615,5539,"2026-07-14 20:48:00",created
16616,5539,"2026-07-14 23:54:49",assigned
16617,5539,"2026-07-15 12:22:07",resolved
16618,5540,"2026-07-29 13:32:00",created
16619,5540,"2026-07-29 14:08:30",assigned
16620,5540,"2026-07-29 16:34:30",resolved
16621,5541,"2026-06-09 18:20:00",created
16622,5541,"2026-06-09 19:49:43",assigned
16623,5541,"2026-06-10 01:48:35",resolved
16624,5542,"2026-07-21 16:16:00",created
16625,5542,"2026-07-21 17:17:45",assigned
16626,5542,"2026-07-21 21:24:49",resolved
16627,5543,"2026-05-15 18:48:00",created
16628,5543,"2026-05-15 19:52:09",assigned
16629,5543,"2026-05-16 00:08:45",resolved
16630,5544,"2026-06-23 17:02:00",created
16631,5544,"2026-06-23 21:36:22",assigned
16632,5544,"2026-06-24 15:53:53",resolved
16633,5545,"2026-06-12 01:28:00",created
16634,5545,"2026-06-12 04:08:19",assigned
16635,5545,"2026-06-12 14:49:36",resolved
16636,5546,"2026-07-06 20:44:00",created
16637,5546,"2026-07-06 22:37:48",assigned
16638,5546,"2026-07-07 06:13:00",resolved
16639,5547,"2026-05-04 16:00:00",created
16640,5547,"2026-05-04 17:28:13",assigned
16641,5547,"2026-05-04 23:21:05",resolved
16642,5548,"2026-06-26 17:18:00",created
16643,5548,"2026-06-26 18:34:57",assigned
16644,5548,"2026-06-26 23:42:49",resolved
16645,5549,"2026-07-28 11:50:00",created
16646,5549,"2026-07-28 13:53:08",assigned
16647,5549,"2026-07-28 22:05:44",resolved
16648,5550,"2026-05-05 22:27:00",created
16649,5550,"2026-05-06 02:01:45",assigned
16650,5550,"2026-05-06 16:20:49",resolved
16651,5551,"2026-05-20 12:50:00",created
16652,5551,"2026-05-20 14:54:58",assigned
16653,5551,"2026-05-20 23:14:53",resolved
16654,5552,"2026-05-14 08:37:00",created
16655,5552,"2026-05-14 10:30:52",assigned
16656,5552,"2026-05-14 18:06:23",resolved
16657,5553,"2026-05-01 01:01:00",created
16658,5553,"2026-05-01 02:44:36",assigned
16659,5553,"2026-05-01 09:39:01",resolved
16660,5554,"2026-07-22 23:20:00",created
16661,5554,"2026-07-23 00:48:49",assigned
16662,5554,"2026-07-23 06:44:09",resolved
16663,5555,"2026-06-13 20:33:00",created
16664,5555,"2026-06-13 21:36:31",assigned
16665,5555,"2026-06-14 01:50:38",resolved
16666,5556,"2026-05-09 23:17:00",created
16667,5556,"2026-05-10 02:01:43",assigned
16668,5556,"2026-05-10 13:00:35",resolved
16669,5557,"2026-06-11 08:14:00",created
16670,5557,"2026-06-11 09:06:19",assigned
16671,5557,"2026-06-11 12:35:37",resolved
16672,5558,"2026-05-31 23:06:00",created
16673,5558,"2026-06-01 00:35:13",assigned
16674,5558,"2026-06-01 06:32:09",resolved
16675,5559,"2026-07-16 18:09:00",created
16676,5559,"2026-07-16 20:43:12",assigned
16677,5559,"2026-07-17 07:00:03",resolved
16678,5560,"2026-06-11 23:02:00",created
16679,5560,"2026-06-12 00:45:50",assigned
16680,5560,"2026-06-12 07:41:13",resolved
16681,5561,"2026-05-03 17:59:00",created
16682,5561,"2026-05-03 22:00:18",assigned
16683,5561,"2026-05-04 14:05:31",resolved
16684,5562,"2026-05-27 09:49:00",created
16685,5562,"2026-05-27 11:17:42",assigned
16686,5562,"2026-05-27 17:12:33",resolved
16687,5563,"2026-07-06 18:33:00",created
16688,5563,"2026-07-06 21:11:04",assigned
16689,5563,"2026-07-07 07:43:22",resolved
16690,5564,"2026-06-26 19:09:00",created
16691,5564,"2026-06-26 20:47:05",assigned
16692,5564,"2026-06-27 03:19:28",resolved
16693,5565,"2026-05-20 13:28:00",created
16694,5565,"2026-05-20 14:18:07",assigned
16695,5565,"2026-05-20 17:38:36",resolved
16696,5566,"2026-06-14 12:51:00",created
16697,5566,"2026-06-14 14:46:28",assigned
16698,5566,"2026-06-14 22:28:24",resolved
16699,5567,"2026-05-01 09:59:00",created
16700,5567,"2026-05-01 11:07:11",assigned
16701,5567,"2026-05-01 15:39:56",resolved
16702,5568,"2026-05-17 23:46:00",created
16703,5568,"2026-05-18 02:10:30",assigned
16704,5568,"2026-05-18 11:48:34",resolved
16705,5569,"2026-06-29 02:41:00",created
16706,5569,"2026-06-29 04:40:05",assigned
16707,5569,"2026-06-29 12:36:28",resolved
16708,5570,"2026-05-21 14:44:00",created
16709,5570,"2026-05-21 15:44:01",assigned
16710,5570,"2026-05-21 19:44:09",resolved
16711,5571,"2026-07-29 16:01:00",created
16712,5571,"2026-07-29 17:20:04",assigned
16713,5571,"2026-07-29 22:36:23",resolved
16714,5572,"2026-05-18 12:11:00",created
16715,5572,"2026-05-18 13:22:44",assigned
16716,5572,"2026-05-18 18:09:43",resolved
16717,5573,"2026-07-13 04:55:00",created
16718,5573,"2026-07-13 06:45:07",assigned
16719,5573,"2026-07-13 14:05:35",resolved
16720,5574,"2026-05-15 09:25:00",created
16721,5574,"2026-05-15 10:28:25",assigned
16722,5574,"2026-05-15 14:42:06",resolved
16723,5575,"2026-05-29 07:40:00",created
16724,5575,"2026-05-29 08:48:52",assigned
16725,5575,"2026-05-29 13:24:21",resolved
16726,5576,"2026-05-15 01:23:00",created
16727,5576,"2026-05-15 02:32:26",assigned
16728,5576,"2026-05-15 07:10:12",resolved
16729,5577,"2026-06-06 05:10:00",created
16730,5577,"2026-06-06 06:27:01",assigned
16731,5577,"2026-06-06 11:35:05",resolved
16732,5578,"2026-07-01 05:33:00",created
16733,5578,"2026-07-01 05:54:20",assigned
16734,5578,"2026-07-01 07:19:44",resolved
16735,5579,"2026-06-05 02:17:00",created
16736,5579,"2026-06-05 03:01:52",assigned
16737,5579,"2026-06-05 06:01:21",resolved
16738,5580,"2026-06-24 04:29:00",created
16739,5580,"2026-06-24 04:45:54",assigned
16740,5580,"2026-06-24 05:53:31",resolved
16741,5581,"2026-06-10 11:01:00",created
16742,5581,"2026-06-10 13:27:10",assigned
16743,5581,"2026-06-10 23:11:52",resolved
16744,5582,"2026-06-23 18:39:00",created
16745,5582,"2026-06-23 21:42:45",assigned
16746,5582,"2026-06-24 09:57:45",resolved
16747,5583,"2026-05-15 09:48:00",created
16748,5583,"2026-05-15 10:59:06",assigned
16749,5583,"2026-05-15 15:43:34",resolved
16750,5584,"2026-07-18 15:24:00",created
16751,5584,"2026-07-18 16:30:19",assigned
16752,5584,"2026-07-18 20:55:36",resolved
16753,5585,"2026-06-08 13:38:00",created
16754,5585,"2026-06-08 18:21:25",assigned
16755,5585,"2026-06-09 13:15:07",resolved
16756,5586,"2026-05-05 09:52:00",created
16757,5586,"2026-05-05 12:07:19",assigned
16758,5586,"2026-05-05 21:08:36",resolved
16759,5587,"2026-06-07 12:49:00",created
16760,5587,"2026-06-07 14:31:10",assigned
16761,5587,"2026-06-07 21:19:52",resolved
16762,5588,"2026-07-21 12:03:00",created
16763,5588,"2026-07-21 12:29:02",assigned
16764,5588,"2026-07-21 14:13:12",resolved
16765,5589,"2026-06-12 04:10:00",created
16766,5589,"2026-06-12 04:58:59",assigned
16767,5589,"2026-06-12 08:14:59",resolved
16768,5590,"2026-05-04 17:09:00",created
16769,5590,"2026-05-04 18:01:08",assigned
16770,5590,"2026-05-04 21:29:42",resolved
16771,5591,"2026-05-28 01:32:00",created
16772,5591,"2026-05-28 03:06:49",assigned
16773,5591,"2026-05-28 09:26:06",resolved
16774,5592,"2026-05-08 10:24:00",created
16775,5592,"2026-05-08 11:38:03",assigned
16776,5592,"2026-05-08 16:34:18",resolved
16777,5593,"2026-05-17 03:18:00",created
16778,5593,"2026-05-17 04:45:25",assigned
16779,5593,"2026-05-17 10:35:07",resolved
16780,5594,"2026-06-25 02:24:00",created
16781,5594,"2026-06-25 04:21:57",assigned
16782,5594,"2026-06-25 12:13:45",resolved
16783,5595,"2026-06-10 03:42:00",created
16784,5595,"2026-06-10 08:32:47",assigned
16785,5595,"2026-06-11 03:55:58",resolved
16786,5596,"2026-06-03 05:45:00",created
16787,5596,"2026-06-03 08:43:01",assigned
16788,5596,"2026-06-03 20:35:09",resolved
16789,5597,"2026-05-24 04:48:00",created
16790,5597,"2026-05-24 06:07:17",assigned
16791,5597,"2026-05-24 11:24:25",resolved
16792,5598,"2026-06-18 17:02:00",created
16793,5598,"2026-06-18 18:44:33",assigned
16794,5598,"2026-06-19 01:34:45",resolved
16795,5599,"2026-06-28 22:04:00",created
16796,5599,"2026-06-28 23:44:25",assigned
16797,5599,"2026-06-29 06:26:08",resolved
16798,5600,"2026-05-27 01:19:00",created
16799,5600,"2026-05-27 02:26:21",assigned
16800,5600,"2026-05-27 06:55:49",resolved
16801,5601,"2026-07-06 12:30:00",created
16802,5601,"2026-07-06 13:04:47",assigned
16803,5601,"2026-07-06 15:23:58",resolved
16804,5602,"2026-05-31 11:56:00",created
16805,5602,"2026-05-31 14:47:59",assigned
16806,5602,"2026-06-01 02:15:58",resolved
16807,5603,"2026-07-18 09:37:00",created
16808,5603,"2026-07-18 11:13:03",assigned
16809,5603,"2026-07-18 17:37:18",resolved
16810,5604,"2026-05-28 16:38:00",created
16811,5604,"2026-05-28 17:12:32",assigned
16812,5604,"2026-05-28 19:30:44",resolved
16813,5605,"2026-07-26 05:36:00",created
16814,5605,"2026-07-26 07:30:46",assigned
16815,5605,"2026-07-26 15:09:54",resolved
16816,5606,"2026-07-25 06:15:00",created
16817,5606,"2026-07-25 08:19:08",assigned
16818,5606,"2026-07-25 16:35:41",resolved
16819,5607,"2026-05-10 08:33:00",created
16820,5607,"2026-05-10 09:10:19",assigned
16821,5607,"2026-05-10 11:39:36",resolved
16822,5608,"2026-06-22 11:03:00",created
16823,5608,"2026-06-22 13:30:15",assigned
16824,5608,"2026-06-22 23:19:18",resolved
16825,5609,"2026-06-23 09:53:00",created
16826,5609,"2026-06-23 10:40:50",assigned
16827,5609,"2026-06-23 13:52:12",resolved
16828,5610,"2026-05-16 00:14:00",created
16829,5610,"2026-05-16 02:11:40",assigned
16830,5610,"2026-05-16 10:02:21",resolved
16831,5611,"2026-07-24 04:15:00",created
16832,5611,"2026-07-24 05:43:08",assigned
16833,5611,"2026-07-24 11:35:44",resolved
16834,5612,"2026-05-27 05:57:00",created
16835,5612,"2026-05-27 08:16:34",assigned
16836,5612,"2026-05-27 17:34:52",resolved
16837,5613,"2026-07-25 06:03:00",created
16838,5613,"2026-07-25 06:55:29",assigned
16839,5613,"2026-07-25 10:25:26",resolved
16840,5614,"2026-06-14 11:47:00",created
16841,5614,"2026-06-14 13:40:34",assigned
16842,5614,"2026-06-14 21:14:54",resolved
16843,5615,"2026-05-02 08:25:00",created
16844,5615,"2026-05-02 12:21:03",assigned
16845,5615,"2026-05-03 04:05:15",resolved
16846,5616,"2026-06-30 15:19:00",created
16847,5616,"2026-06-30 16:44:09",assigned
16848,5616,"2026-06-30 22:24:49",resolved
16849,5617,"2026-07-03 14:00:00",created
16850,5617,"2026-07-03 15:08:21",assigned
16851,5617,"2026-07-03 19:41:48",resolved
16852,5618,"2026-06-05 02:12:00",created
16853,5618,"2026-06-05 02:46:59",assigned
16854,5618,"2026-06-05 05:06:59",resolved
16855,5619,"2026-06-09 04:46:00",created
16856,5619,"2026-06-09 05:25:32",assigned
16857,5619,"2026-06-09 08:03:44",resolved
16858,5620,"2026-06-28 16:37:00",created
16859,5620,"2026-06-28 17:58:05",assigned
16860,5620,"2026-06-28 23:22:26",resolved
16861,5621,"2026-07-15 17:03:00",created
16862,5621,"2026-07-15 17:44:46",assigned
16863,5621,"2026-07-15 20:31:54",resolved
16864,5622,"2026-07-15 13:21:00",created
16865,5622,"2026-07-15 15:50:25",assigned
16866,5622,"2026-07-16 01:48:07",resolved
16867,5623,"2026-06-02 01:18:00",created
16868,5623,"2026-06-02 02:14:45",assigned
16869,5623,"2026-06-02 06:01:47",resolved
16870,5624,"2026-07-11 02:48:00",created
16871,5624,"2026-07-11 04:44:54",assigned
16872,5624,"2026-07-11 12:32:34",resolved
16873,5625,"2026-06-01 06:32:00",created
16874,5625,"2026-06-01 08:58:25",assigned
16875,5625,"2026-06-01 18:44:06",resolved
16876,5626,"2026-06-29 05:39:00",created
16877,5626,"2026-06-29 07:18:17",assigned
16878,5626,"2026-06-29 13:55:28",resolved
16879,5627,"2026-05-27 21:36:00",created
16880,5627,"2026-05-27 22:50:23",assigned
16881,5627,"2026-05-28 03:47:57",resolved
16882,5628,"2026-05-13 10:43:00",created
16883,5628,"2026-05-13 12:50:10",assigned
16884,5628,"2026-05-13 21:18:52",resolved
16885,5629,"2026-06-09 16:00:00",created
16886,5629,"2026-06-09 16:41:34",assigned
16887,5629,"2026-06-09 19:27:53",resolved
16888,5630,"2026-05-23 11:38:00",created
16889,5630,"2026-05-23 14:56:17",assigned
16890,5630,"2026-05-24 04:09:27",resolved
16891,5631,"2026-05-24 01:05:00",created
16892,5631,"2026-05-24 01:51:13",assigned
16893,5631,"2026-05-24 04:56:05",resolved
16894,5632,"2026-06-16 05:36:00",created
16895,5632,"2026-06-16 09:17:43",assigned
16896,5632,"2026-06-17 00:04:38",resolved
16897,5633,"2026-07-07 13:15:00",created
16898,5633,"2026-07-07 14:40:19",assigned
16899,5633,"2026-07-07 20:21:36",resolved
16900,5634,"2026-05-12 19:53:00",created
16901,5634,"2026-05-12 21:11:40",assigned
16902,5634,"2026-05-13 02:26:23",resolved
16903,5635,"2026-05-16 12:50:00",created
16904,5635,"2026-05-16 13:24:22",assigned
16905,5635,"2026-05-16 15:41:53",resolved
16906,5636,"2026-05-09 20:23:00",created
16907,5636,"2026-05-09 23:25:06",assigned
16908,5636,"2026-05-10 11:33:31",resolved
16909,5637,"2026-07-08 03:06:00",created
16910,5637,"2026-07-08 03:41:19",assigned
16911,5637,"2026-07-08 06:02:35",resolved
16912,5638,"2026-06-26 03:21:00",created
16913,5638,"2026-06-26 04:17:56",assigned
16914,5638,"2026-06-26 08:05:43",resolved
16915,5639,"2026-06-22 01:32:00",created
16916,5639,"2026-06-22 03:21:48",assigned
16917,5639,"2026-06-22 10:41:01",resolved
16918,5640,"2026-06-06 01:45:00",created
16919,5640,"2026-06-06 02:59:38",assigned
16920,5640,"2026-06-06 07:58:11",resolved
16921,5641,"2026-06-04 00:21:00",created
16922,5641,"2026-06-04 04:00:16",assigned
16923,5641,"2026-06-04 18:37:24",resolved
16924,5642,"2026-06-30 15:21:00",created
16925,5642,"2026-06-30 16:09:35",assigned
16926,5642,"2026-06-30 19:23:58",resolved
16927,5643,"2026-05-21 10:56:00",created
16928,5643,"2026-05-21 12:32:31",assigned
16929,5643,"2026-05-21 18:58:37",resolved
16930,5644,"2026-05-05 05:32:00",created
16931,5644,"2026-05-05 08:28:00",assigned
16932,5644,"2026-05-05 20:12:00",resolved
16933,5645,"2026-07-10 05:59:00",created
16934,5645,"2026-07-10 09:36:04",assigned
16935,5645,"2026-07-11 00:04:24",resolved
16936,5646,"2026-05-18 16:03:00",created
16937,5646,"2026-05-18 17:22:16",assigned
16938,5646,"2026-05-18 22:39:20",resolved
16939,5647,"2026-06-08 16:44:00",created
16940,5647,"2026-06-08 18:32:20",assigned
16941,5647,"2026-06-09 01:45:43",resolved
16942,5648,"2026-06-17 00:55:00",created
16943,5648,"2026-06-17 05:23:19",assigned
16944,5648,"2026-06-17 23:16:35",resolved
16945,5649,"2026-06-13 04:19:00",created
16946,5649,"2026-06-13 05:41:36",assigned
16947,5649,"2026-06-13 11:12:02",resolved
16948,5650,"2026-05-02 05:12:00",created
16949,5650,"2026-05-02 06:07:34",assigned
16950,5650,"2026-05-02 09:49:50",resolved
16951,5651,"2026-05-08 22:53:00",created
16952,5651,"2026-05-08 23:47:38",assigned
16953,5651,"2026-05-09 03:26:12",resolved
16954,5652,"2026-06-06 18:18:00",created
16955,5652,"2026-06-06 19:29:38",assigned
16956,5652,"2026-06-07 00:16:10",resolved
16957,5653,"2026-06-17 01:46:00",created
16958,5653,"2026-06-17 02:29:00",assigned
16959,5653,"2026-06-17 05:21:03",resolved
16960,5654,"2026-07-05 02:27:00",created
16961,5654,"2026-07-05 03:41:27",assigned
16962,5654,"2026-07-05 08:39:16",resolved
16963,5655,"2026-05-30 04:18:00",created
16964,5655,"2026-05-30 04:54:54",assigned
16965,5655,"2026-05-30 07:22:30",resolved
16966,5656,"2026-06-13 09:58:00",created
16967,5656,"2026-06-13 12:18:48",assigned
16968,5656,"2026-06-13 21:42:02",resolved
16969,5657,"2026-05-06 06:59:00",created
16970,5657,"2026-05-06 09:31:09",assigned
16971,5657,"2026-05-06 19:39:49",resolved
16972,5658,"2026-06-26 05:50:00",created
16973,5658,"2026-06-26 06:20:39",assigned
16974,5658,"2026-06-26 08:23:18",resolved
16975,5659,"2026-07-28 12:07:00",created
16976,5659,"2026-07-28 13:57:37",assigned
16977,5659,"2026-07-28 21:20:08",resolved
16978,5660,"2026-07-19 12:08:00",created
16979,5660,"2026-07-19 13:18:20",assigned
16980,5660,"2026-07-19 17:59:44",resolved
16981,5661,"2026-05-18 19:44:00",created
16982,5661,"2026-05-19 02:43:08",assigned
16983,5661,"2026-05-20 06:39:44",resolved
16984,5662,"2026-06-12 05:44:00",created
16985,5662,"2026-06-12 06:35:23",assigned
16986,5662,"2026-06-12 10:00:59",resolved
16987,5663,"2026-06-10 21:12:00",created
16988,5663,"2026-06-10 22:21:02",assigned
16989,5663,"2026-06-11 02:57:13",resolved
16990,5664,"2026-06-11 07:26:00",created
16991,5664,"2026-06-11 08:32:16",assigned
16992,5664,"2026-06-11 12:57:20",resolved
16993,5665,"2026-05-16 05:34:00",created
16994,5665,"2026-05-16 06:20:32",assigned
16995,5665,"2026-05-16 09:26:44",resolved
16996,5666,"2026-07-16 18:46:00",created
16997,5666,"2026-07-16 20:28:26",assigned
16998,5666,"2026-07-17 03:18:14",resolved
16999,5667,"2026-06-16 16:25:00",created
17000,5667,"2026-06-16 17:51:13",assigned
17001,5667,"2026-06-16 23:36:07",resolved
17002,5668,"2026-06-11 08:17:00",created
17003,5668,"2026-06-11 09:23:47",assigned
17004,5668,"2026-06-11 13:50:59",resolved
17005,5669,"2026-07-23 01:30:00",created
17006,5669,"2026-07-23 03:30:41",assigned
17007,5669,"2026-07-23 11:33:29",resolved
17008,5670,"2026-07-06 13:29:00",created
17009,5670,"2026-07-06 15:25:30",assigned
17010,5670,"2026-07-06 23:11:34",resolved
17011,5671,"2026-05-02 12:40:00",created
17012,5671,"2026-05-02 13:24:42",assigned
17013,5671,"2026-05-02 16:23:31",resolved
17014,5672,"2026-06-21 07:50:00",created
17015,5672,"2026-06-21 08:38:44",assigned
17016,5672,"2026-06-21 11:53:42",resolved
17017,5673,"2026-06-24 14:03:00",created
17018,5673,"2026-06-24 14:57:38",assigned
17019,5673,"2026-06-24 18:36:13",resolved
17020,5674,"2026-06-12 19:49:00",created
17021,5674,"2026-06-12 22:24:38",assigned
17022,5674,"2026-06-13 08:47:11",resolved
17023,5675,"2026-05-03 13:15:00",created
17024,5675,"2026-05-03 15:42:59",assigned
17025,5675,"2026-05-04 01:34:58",resolved
17026,5676,"2026-07-20 18:50:00",created
17027,5676,"2026-07-21 00:15:00",assigned
17028,5676,"2026-07-21 21:55:02",resolved
17029,5677,"2026-07-03 17:01:00",created
17030,5677,"2026-07-03 17:21:42",assigned
17031,5677,"2026-07-03 18:44:32",resolved
17032,5678,"2026-07-24 10:54:00",created
17033,5678,"2026-07-24 12:06:19",assigned
17034,5678,"2026-07-24 16:55:36",resolved
17035,5679,"2026-05-30 18:14:00",created
17036,5679,"2026-05-31 00:22:16",assigned
17037,5679,"2026-06-01 00:55:24",resolved
17038,5680,"2026-07-15 04:50:00",created
17039,5680,"2026-07-15 07:06:23",assigned
17040,5680,"2026-07-15 16:11:55",resolved
17041,5681,"2026-06-29 00:52:00",created
17042,5681,"2026-06-29 04:27:34",assigned
17043,5681,"2026-06-29 18:49:53",resolved
17044,5682,"2026-07-20 09:02:00",created
17045,5682,"2026-07-20 11:45:23",assigned
17046,5682,"2026-07-20 22:38:55",resolved
17047,5683,"2026-07-23 04:31:00",created
17048,5683,"2026-07-23 10:05:34",assigned
17049,5683,"2026-07-24 08:23:51",resolved
17050,5684,"2026-05-26 07:48:00",created
17051,5684,"2026-05-26 09:34:10",assigned
17052,5684,"2026-05-26 16:38:52",resolved
17053,5685,"2026-05-15 03:05:00",created
17054,5685,"2026-05-15 03:48:24",assigned
17055,5685,"2026-05-15 06:42:01",resolved
17056,5686,"2026-06-26 01:08:00",created
17057,5686,"2026-06-26 03:03:45",assigned
17058,5686,"2026-06-26 10:46:48",resolved
17059,5687,"2026-06-19 18:12:00",created
17060,5687,"2026-06-19 18:58:50",assigned
17061,5687,"2026-06-19 22:06:10",resolved
17062,5688,"2026-06-16 10:33:00",created
17063,5688,"2026-06-16 13:01:23",assigned
17064,5688,"2026-06-16 22:54:55",resolved
17065,5689,"2026-05-25 19:41:00",created
17066,5689,"2026-05-25 21:23:55",assigned
17067,5689,"2026-05-26 04:15:35",resolved
17068,5690,"2026-05-03 06:49:00",created
17069,5690,"2026-05-03 08:24:25",assigned
17070,5690,"2026-05-03 14:46:09",resolved
17071,5691,"2026-07-02 12:33:00",created
17072,5691,"2026-07-02 13:08:05",assigned
17073,5691,"2026-07-02 15:28:26",resolved
17074,5692,"2026-05-10 06:19:00",created
17075,5692,"2026-05-10 08:26:46",assigned
17076,5692,"2026-05-10 16:57:52",resolved
17077,5693,"2026-06-14 16:24:00",created
17078,5693,"2026-06-14 19:51:48",assigned
17079,5693,"2026-06-15 09:43:03",resolved
17080,5694,"2026-07-10 20:12:00",created
17081,5694,"2026-07-10 23:11:20",assigned
17082,5694,"2026-07-11 11:08:44",resolved
17083,5695,"2026-06-04 01:41:00",created
17084,5695,"2026-06-04 02:47:48",assigned
17085,5695,"2026-06-04 07:15:01",resolved
17086,5696,"2026-06-28 00:43:00",created
17087,5696,"2026-06-28 02:27:30",assigned
17088,5696,"2026-06-28 09:25:31",resolved
17089,5697,"2026-07-18 15:44:00",created
17090,5697,"2026-07-18 21:08:46",assigned
17091,5697,"2026-07-19 18:47:54",resolved
17092,5698,"2026-07-07 10:41:00",created
17093,5698,"2026-07-07 13:31:14",assigned
17094,5698,"2026-07-08 00:52:10",resolved
17095,5699,"2026-07-14 15:59:00",created
17096,5699,"2026-07-14 19:44:08",assigned
17097,5699,"2026-07-15 10:44:41",resolved
17098,5700,"2026-05-16 00:33:00",created
17099,5700,"2026-05-16 03:34:49",assigned
17100,5700,"2026-05-16 15:42:07",resolved
17101,5701,"2026-05-20 20:40:00",created
17102,5701,"2026-05-21 00:27:21",assigned
17103,5701,"2026-05-21 15:36:47",resolved
17104,5702,"2026-06-25 09:46:00",created
17105,5702,"2026-06-25 10:40:57",assigned
17106,5702,"2026-06-25 14:20:45",resolved
17107,5703,"2026-07-24 23:09:00",created
17108,5703,"2026-07-25 01:07:29",assigned
17109,5703,"2026-07-25 09:01:29",resolved
17110,5704,"2026-06-09 23:11:00",created
17111,5704,"2026-06-10 00:12:50",assigned
17112,5704,"2026-06-10 04:20:10",resolved
17113,5705,"2026-06-09 17:33:00",created
17114,5705,"2026-06-09 18:09:04",assigned
17115,5705,"2026-06-09 20:33:20",resolved
17116,5706,"2026-07-26 12:53:00",created
17117,5706,"2026-07-26 13:47:47",assigned
17118,5706,"2026-07-26 17:26:57",resolved
17119,5707,"2026-05-03 16:39:00",created
17120,5707,"2026-05-03 17:55:13",assigned
17121,5707,"2026-05-03 23:00:05",resolved
17122,5708,"2026-05-17 03:32:00",created
17123,5708,"2026-05-17 05:01:56",assigned
17124,5708,"2026-05-17 11:01:41",resolved
17125,5709,"2026-06-18 10:03:00",created
17126,5709,"2026-06-18 10:41:42",assigned
17127,5709,"2026-06-18 13:16:30",resolved
17128,5710,"2026-06-18 09:14:00",created
17129,5710,"2026-06-18 12:28:46",assigned
17130,5710,"2026-06-19 01:27:54",resolved
17131,5711,"2026-07-03 15:21:00",created
17132,5711,"2026-07-03 18:46:34",assigned
17133,5711,"2026-07-04 08:28:54",resolved
17134,5712,"2026-05-11 13:08:00",created
17135,5712,"2026-05-11 13:37:06",assigned
17136,5712,"2026-05-11 15:33:32",resolved
17137,5713,"2026-07-15 20:22:00",created
17138,5713,"2026-07-15 21:50:44",assigned
17139,5713,"2026-07-16 03:45:44",resolved
17140,5714,"2026-06-03 08:02:00",created
17141,5714,"2026-06-03 11:12:47",assigned
17142,5714,"2026-06-03 23:55:59",resolved
17143,5715,"2026-05-19 13:12:00",created
17144,5715,"2026-05-19 13:53:02",assigned
17145,5715,"2026-05-19 16:37:12",resolved
17146,5716,"2026-06-05 21:52:00",created
17147,5716,"2026-06-05 23:50:28",assigned
17148,5716,"2026-06-06 07:44:23",resolved
17149,5717,"2026-05-13 23:14:00",created
17150,5717,"2026-05-14 00:26:47",assigned
17151,5717,"2026-05-14 05:17:59",resolved
17152,5718,"2026-07-18 23:10:00",created
17153,5718,"2026-07-19 00:34:41",assigned
17154,5718,"2026-07-19 06:13:26",resolved
17155,5719,"2026-07-23 19:09:00",created
17156,5719,"2026-07-23 21:30:52",assigned
17157,5719,"2026-07-24 06:58:23",resolved
17158,5720,"2026-05-31 01:23:00",created
17159,5720,"2026-05-31 02:16:23",assigned
17160,5720,"2026-05-31 05:49:56",resolved
17161,5721,"2026-07-19 04:17:00",created
17162,5721,"2026-07-19 05:25:50",assigned
17163,5721,"2026-07-19 10:01:14",resolved
17164,5722,"2026-05-26 18:56:00",created
17165,5722,"2026-05-27 03:01:14",assigned
17166,5722,"2026-05-28 11:22:13",resolved
17167,5723,"2026-05-08 11:49:00",created
17168,5723,"2026-05-08 12:28:47",assigned
17169,5723,"2026-05-08 15:07:59",resolved
17170,5724,"2026-05-16 07:44:00",created
17171,5724,"2026-05-16 09:33:06",assigned
17172,5724,"2026-05-16 16:49:32",resolved
17173,5725,"2026-07-24 23:10:00",created
17174,5725,"2026-07-25 00:58:17",assigned
17175,5725,"2026-07-25 08:11:25",resolved
17176,5726,"2026-05-27 06:30:00",created
17177,5726,"2026-05-27 07:40:07",assigned
17178,5726,"2026-05-27 12:20:35",resolved
17179,5727,"2026-05-03 02:48:00",created
17180,5727,"2026-05-03 04:47:38",assigned
17181,5727,"2026-05-03 12:46:13",resolved
17182,5728,"2026-07-13 12:56:00",created
17183,5728,"2026-07-13 13:55:34",assigned
17184,5728,"2026-07-13 17:53:54",resolved
17185,5729,"2026-06-17 12:34:00",created
17186,5729,"2026-06-17 13:54:11",assigned
17187,5729,"2026-06-17 19:14:57",resolved
17188,5730,"2026-07-25 01:55:00",created
17189,5730,"2026-07-25 03:54:08",assigned
17190,5730,"2026-07-25 11:50:43",resolved
17191,5731,"2026-06-30 08:00:00",created
17192,5731,"2026-06-30 10:48:06",assigned
17193,5731,"2026-06-30 22:00:32",resolved
17194,5732,"2026-05-05 04:28:00",created
17195,5732,"2026-05-05 06:14:27",assigned
17196,5732,"2026-05-05 13:20:19",resolved
17197,5733,"2026-05-22 21:38:00",created
17198,5733,"2026-05-22 22:39:56",assigned
17199,5733,"2026-05-23 02:47:43",resolved
17200,5734,"2026-07-11 02:02:00",created
17201,5734,"2026-07-11 05:14:16",assigned
17202,5734,"2026-07-11 18:03:21",resolved
17203,5735,"2026-05-25 14:32:00",created
17204,5735,"2026-05-25 15:31:26",assigned
17205,5735,"2026-05-25 19:29:13",resolved
17206,5736,"2026-05-31 22:23:00",created
17207,5736,"2026-05-31 23:46:21",assigned
17208,5736,"2026-06-01 05:19:47",resolved
17209,5737,"2026-06-05 04:24:00",created
17210,5737,"2026-06-05 06:15:38",assigned
17211,5737,"2026-06-05 13:42:12",resolved
17212,5738,"2026-06-19 19:15:00",created
17213,5738,"2026-06-19 19:44:00",assigned
17214,5738,"2026-06-19 21:40:02",resolved
17215,5739,"2026-05-28 21:36:00",created
17216,5739,"2026-05-28 22:31:50",assigned
17217,5739,"2026-05-29 02:15:11",resolved
17218,5740,"2026-05-06 16:23:00",created
17219,5740,"2026-05-06 16:56:53",assigned
17220,5740,"2026-05-06 19:12:29",resolved
17221,5741,"2026-05-01 13:52:00",created
17222,5741,"2026-05-01 16:15:58",assigned
17223,5741,"2026-05-02 01:51:53",resolved
17224,5742,"2026-07-22 06:58:00",created
17225,5742,"2026-07-22 07:47:21",assigned
17226,5742,"2026-07-22 11:04:48",resolved
17227,5743,"2026-05-25 15:05:00",created
17228,5743,"2026-05-25 18:30:29",assigned
17229,5743,"2026-05-26 08:12:29",resolved
17230,5744,"2026-06-11 15:33:00",created
17231,5744,"2026-06-11 16:25:32",assigned
17232,5744,"2026-06-11 19:55:42",resolved
17233,5745,"2026-07-29 16:20:00",created
17234,5745,"2026-07-29 18:36:23",assigned
17235,5745,"2026-07-30 03:41:57",resolved
17236,5746,"2026-05-09 22:01:00",created
17237,5746,"2026-05-10 00:55:47",assigned
17238,5746,"2026-05-10 12:34:59",resolved
17239,5747,"2026-06-09 22:15:00",created
17240,5747,"2026-06-10 03:55:09",assigned
17241,5747,"2026-06-11 02:35:49",resolved
17242,5748,"2026-07-24 01:39:00",created
17243,5748,"2026-07-24 02:40:45",assigned
17244,5748,"2026-07-24 06:47:49",resolved
17245,5749,"2026-05-27 17:26:00",created
17246,5749,"2026-05-27 23:00:19",assigned
17247,5749,"2026-05-28 21:17:36",resolved
17248,5750,"2026-06-09 06:29:00",created
17249,5750,"2026-06-09 07:31:23",assigned
17250,5750,"2026-06-09 11:40:58",resolved
17251,5751,"2026-06-19 07:51:00",created
17252,5751,"2026-06-19 08:56:30",assigned
17253,5751,"2026-06-19 13:18:34",resolved
17254,5752,"2026-05-05 08:43:00",created
17255,5752,"2026-05-05 10:00:29",assigned
17256,5752,"2026-05-05 15:10:25",resolved
17257,5753,"2026-06-16 07:46:00",created
17258,5753,"2026-06-16 09:06:33",assigned
17259,5753,"2026-06-16 14:28:46",resolved
17260,5754,"2026-06-08 16:43:00",created
17261,5754,"2026-06-08 18:22:54",assigned
17262,5754,"2026-06-09 01:02:32",resolved
17263,5755,"2026-05-05 21:22:00",created
17264,5755,"2026-05-05 22:11:21",assigned
17265,5755,"2026-05-06 01:28:49",resolved
17266,5756,"2026-07-17 01:14:00",created
17267,5756,"2026-07-17 02:16:59",assigned
17268,5756,"2026-07-17 06:28:57",resolved
17269,5757,"2026-06-13 17:03:00",created
17270,5757,"2026-06-13 18:22:28",assigned
17271,5757,"2026-06-13 23:40:23",resolved
17272,5758,"2026-05-02 19:51:00",created
17273,5758,"2026-05-02 21:31:20",assigned
17274,5758,"2026-05-03 04:12:40",resolved
17275,5759,"2026-06-16 15:37:00",created
17276,5759,"2026-06-16 16:53:08",assigned
17277,5759,"2026-06-16 21:57:44",resolved
17278,5760,"2026-05-17 14:57:00",created
17279,5760,"2026-05-17 15:44:00",assigned
17280,5760,"2026-05-17 18:52:00",resolved
17281,5761,"2026-05-05 00:55:00",created
17282,5761,"2026-05-05 05:17:12",assigned
17283,5761,"2026-05-05 22:46:04",resolved
17284,5762,"2026-07-18 17:24:00",created
17285,5762,"2026-07-18 20:10:55",assigned
17286,5762,"2026-07-19 07:18:39",resolved
17287,5763,"2026-07-04 05:20:00",created
17288,5763,"2026-07-04 07:21:44",assigned
17289,5763,"2026-07-04 15:28:41",resolved
17290,5764,"2026-07-24 13:05:00",created
17291,5764,"2026-07-24 16:19:43",assigned
17292,5764,"2026-07-25 05:18:39",resolved
17293,5765,"2026-07-01 03:59:00",created
17294,5765,"2026-07-01 04:46:42",assigned
17295,5765,"2026-07-01 07:57:32",resolved
17296,5766,"2026-06-10 02:11:00",created
17297,5766,"2026-06-10 03:24:55",assigned
17298,5766,"2026-06-10 08:20:37",resolved
17299,5767,"2026-07-22 04:47:00",created
17300,5767,"2026-07-22 05:15:46",assigned
17301,5767,"2026-07-22 07:10:50",resolved
17302,5768,"2026-06-09 00:20:00",created
17303,5768,"2026-06-09 01:26:13",assigned
17304,5768,"2026-06-09 05:51:08",resolved
17305,5769,"2026-06-05 18:07:00",created
17306,5769,"2026-06-05 18:38:11",assigned
17307,5769,"2026-06-05 20:42:55",resolved
17308,5770,"2026-05-20 21:46:00",created
17309,5770,"2026-05-20 23:18:07",assigned
17310,5770,"2026-05-21 05:26:37",resolved
17311,5771,"2026-06-16 03:25:00",created
17312,5771,"2026-06-16 04:49:45",assigned
17313,5771,"2026-06-16 10:28:47",resolved
17314,5772,"2026-05-23 16:06:00",created
17315,5772,"2026-05-23 18:13:54",assigned
17316,5772,"2026-05-24 02:45:33",resolved
17317,5773,"2026-06-04 14:34:00",created
17318,5773,"2026-06-04 17:07:36",assigned
17319,5773,"2026-06-05 03:22:03",resolved
17320,5774,"2026-06-02 23:53:00",created
17321,5774,"2026-06-03 01:05:40",assigned
17322,5774,"2026-06-03 05:56:22",resolved
17323,5775,"2026-07-01 20:15:00",created
17324,5775,"2026-07-01 21:27:43",assigned
17325,5775,"2026-07-02 02:18:37",resolved
17326,5776,"2026-05-10 01:54:00",created
17327,5776,"2026-05-10 02:48:35",assigned
17328,5776,"2026-05-10 06:26:57",resolved
17329,5777,"2026-06-13 14:28:00",created
17330,5777,"2026-06-13 15:19:02",assigned
17331,5777,"2026-06-13 18:43:13",resolved
17332,5778,"2026-05-09 22:51:00",created
17333,5778,"2026-05-10 02:31:53",assigned
17334,5778,"2026-05-10 17:15:29",resolved
17335,5779,"2026-07-07 03:30:00",created
17336,5779,"2026-07-07 05:12:34",assigned
17337,5779,"2026-07-07 12:02:54",resolved
17338,5780,"2026-05-30 12:39:00",created
17339,5780,"2026-05-30 14:28:50",assigned
17340,5780,"2026-05-30 21:48:13",resolved
17341,5781,"2026-06-15 12:18:00",created
17342,5781,"2026-06-15 13:10:52",assigned
17343,5781,"2026-06-15 16:42:22",resolved
17344,5782,"2026-07-04 22:33:00",created
17345,5782,"2026-07-05 00:03:57",assigned
17346,5782,"2026-07-05 06:07:48",resolved
17347,5783,"2026-07-02 09:09:00",created
17348,5783,"2026-07-02 10:15:57",assigned
17349,5783,"2026-07-02 14:43:49",resolved
17350,5784,"2026-06-16 01:44:00",created
17351,5784,"2026-06-16 04:52:33",assigned
17352,5784,"2026-06-16 17:26:45",resolved
17353,5785,"2026-05-12 17:13:00",created
17354,5785,"2026-05-12 19:38:41",assigned
17355,5785,"2026-05-13 05:21:26",resolved
17356,5786,"2026-06-11 04:13:00",created
17357,5786,"2026-06-11 07:34:01",assigned
17358,5786,"2026-06-11 20:58:05",resolved
17359,5787,"2026-07-12 14:14:00",created
17360,5787,"2026-07-12 15:04:24",assigned
17361,5787,"2026-07-12 18:26:03",resolved
17362,5788,"2026-05-18 13:46:00",created
17363,5788,"2026-05-18 15:43:58",assigned
17364,5788,"2026-05-18 23:35:54",resolved
17365,5789,"2026-05-06 14:47:00",created
17366,5789,"2026-05-06 18:35:56",assigned
17367,5789,"2026-05-07 09:51:42",resolved
17368,5790,"2026-06-14 05:01:00",created
17369,5790,"2026-06-14 05:42:11",assigned
17370,5790,"2026-06-14 08:26:59",resolved
17371,5791,"2026-05-16 03:31:00",created
17372,5791,"2026-05-16 06:31:54",assigned
17373,5791,"2026-05-16 18:35:32",resolved
17374,5792,"2026-07-15 11:34:00",created
17375,5792,"2026-07-15 12:19:29",assigned
17376,5792,"2026-07-15 15:21:28",resolved
17377,5793,"2026-06-17 07:57:00",created
17378,5793,"2026-06-17 09:04:04",assigned
17379,5793,"2026-06-17 13:32:20",resolved
17380,5794,"2026-05-20 09:06:00",created
17381,5794,"2026-05-20 11:22:02",assigned
17382,5794,"2026-05-20 20:26:10",resolved
17383,5795,"2026-07-07 16:49:00",created
17384,5795,"2026-07-07 18:15:51",assigned
17385,5795,"2026-07-08 00:03:15",resolved
17386,5796,"2026-06-07 13:06:00",created
17387,5796,"2026-06-07 14:52:07",assigned
17388,5796,"2026-06-07 21:56:37",resolved
17389,5797,"2026-07-19 20:40:00",created
17390,5797,"2026-07-19 21:55:37",assigned
17391,5797,"2026-07-20 02:58:06",resolved
17392,5798,"2026-06-21 00:39:00",created
17393,5798,"2026-06-21 02:04:29",assigned
17394,5798,"2026-06-21 07:46:27",resolved
17395,5799,"2026-06-23 18:35:00",created
17396,5799,"2026-06-23 19:24:27",assigned
17397,5799,"2026-06-23 22:42:19",resolved
17398,5800,"2026-06-15 21:15:00",created
17399,5800,"2026-06-16 00:28:25",assigned
17400,5800,"2026-06-16 13:22:08",resolved
17401,5801,"2026-05-18 23:17:00",created
17402,5801,"2026-05-19 03:29:40",assigned
17403,5801,"2026-05-19 20:20:21",resolved
17404,5802,"2026-06-16 10:32:00",created
17405,5802,"2026-06-16 12:45:13",assigned
17406,5802,"2026-06-16 21:38:07",resolved
17407,5803,"2026-07-22 15:00:00",created
17408,5803,"2026-07-22 15:40:32",assigned
17409,5803,"2026-07-22 18:22:43",resolved
17410,5804,"2026-05-31 17:11:00",created
17411,5804,"2026-05-31 18:37:42",assigned
17412,5804,"2026-06-01 00:24:30",resolved
17413,5805,"2026-07-06 11:36:00",created
17414,5805,"2026-07-06 13:34:55",assigned
17415,5805,"2026-07-06 21:30:36",resolved
17416,5806,"2026-06-13 17:39:00",created
17417,5806,"2026-06-13 19:59:45",assigned
17418,5806,"2026-06-14 05:22:49",resolved
17419,5807,"2026-06-17 11:37:00",created
17420,5807,"2026-06-17 13:08:19",assigned
17421,5807,"2026-06-17 19:13:38",resolved
17422,5808,"2026-07-08 21:01:00",created
17423,5808,"2026-07-08 21:27:20",assigned
17424,5808,"2026-07-08 23:12:42",resolved
17425,5809,"2026-07-11 21:57:00",created
17426,5809,"2026-07-12 00:12:16",assigned
17427,5809,"2026-07-12 09:13:21",resolved
17428,5810,"2026-07-01 08:24:00",created
17429,5810,"2026-07-01 09:41:14",assigned
17430,5810,"2026-07-01 14:50:12",resolved
17431,5811,"2026-05-12 05:41:00",created
17432,5811,"2026-05-12 08:55:51",assigned
17433,5811,"2026-05-12 21:55:19",resolved
17434,5812,"2026-06-18 07:54:00",created
17435,5812,"2026-06-18 08:41:44",assigned
17436,5812,"2026-06-18 11:52:44",resolved
17437,5813,"2026-05-26 07:40:00",created
17438,5813,"2026-05-26 08:47:55",assigned
17439,5813,"2026-05-26 13:19:37",resolved
17440,5814,"2026-07-07 15:30:00",created
17441,5814,"2026-07-07 16:40:18",assigned
17442,5814,"2026-07-07 21:21:33",resolved
17443,5815,"2026-06-05 17:42:00",created
17444,5815,"2026-06-05 19:02:27",assigned
17445,5815,"2026-06-06 00:24:16",resolved
17446,5816,"2026-07-19 13:03:00",created
17447,5816,"2026-07-19 14:43:05",assigned
17448,5816,"2026-07-19 21:23:28",resolved
17449,5817,"2026-06-30 22:48:00",created
17450,5817,"2026-06-30 23:25:49",assigned
17451,5817,"2026-07-01 01:57:08",resolved
17452,5818,"2026-05-22 15:59:00",created
17453,5818,"2026-05-22 18:41:38",assigned
17454,5818,"2026-05-23 05:32:11",resolved
17455,5819,"2026-05-10 17:05:00",created
17456,5819,"2026-05-10 17:48:33",assigned
17457,5819,"2026-05-10 20:42:49",resolved
17458,5820,"2026-06-26 01:49:00",created
17459,5820,"2026-06-26 03:06:58",assigned
17460,5820,"2026-06-26 08:18:52",resolved
17461,5821,"2026-05-15 07:39:00",created
17462,5821,"2026-05-15 09:37:17",assigned
17463,5821,"2026-05-15 17:30:25",resolved
17464,5822,"2026-05-24 09:55:00",created
17465,5822,"2026-05-24 10:29:17",assigned
17466,5822,"2026-05-24 12:46:29",resolved
17467,5823,"2026-05-28 16:58:00",created
17468,5823,"2026-05-28 20:25:14",assigned
17469,5823,"2026-05-29 10:14:12",resolved
17470,5824,"2026-05-13 14:29:00",created
17471,5824,"2026-05-13 16:05:17",assigned
17472,5824,"2026-05-13 22:30:26",resolved
17473,5825,"2026-05-07 04:39:00",created
17474,5825,"2026-05-07 06:01:51",assigned
17475,5825,"2026-05-07 11:33:17",resolved
17476,5826,"2026-05-28 22:17:00",created
17477,5826,"2026-05-28 23:26:05",assigned
17478,5826,"2026-05-29 04:02:26",resolved
17479,5827,"2026-05-27 13:27:00",created
17480,5827,"2026-05-27 14:05:49",assigned
17481,5827,"2026-05-27 16:41:08",resolved
17482,5828,"2026-06-26 08:23:00",created
17483,5828,"2026-06-26 09:29:16",assigned
17484,5828,"2026-06-26 13:54:22",resolved
17485,5829,"2026-06-03 21:46:00",created
17486,5829,"2026-06-04 02:36:23",assigned
17487,5829,"2026-06-04 21:57:59",resolved
17488,5830,"2026-07-19 15:40:00",created
17489,5830,"2026-07-19 16:07:07",assigned
17490,5830,"2026-07-19 17:55:37",resolved
17491,5831,"2026-05-29 22:32:00",created
17492,5831,"2026-05-30 01:02:05",assigned
17493,5831,"2026-05-30 11:02:28",resolved
17494,5832,"2026-06-01 12:47:00",created
17495,5832,"2026-06-01 14:14:23",assigned
17496,5832,"2026-06-01 20:03:58",resolved
17497,5833,"2026-05-02 11:38:00",created
17498,5833,"2026-05-02 14:00:49",assigned
17499,5833,"2026-05-02 23:32:06",resolved
17500,5834,"2026-07-07 23:15:00",created
17501,5834,"2026-07-08 01:20:03",assigned
17502,5834,"2026-07-08 09:40:18",resolved
17503,5835,"2026-05-06 00:29:00",created
17504,5835,"2026-05-06 01:43:11",assigned
17505,5835,"2026-05-06 06:39:59",resolved
17506,5836,"2026-07-14 02:18:00",created
17507,5836,"2026-07-14 03:45:09",assigned
17508,5836,"2026-07-14 09:33:49",resolved
17509,5837,"2026-06-28 13:59:00",created
17510,5837,"2026-06-28 16:59:10",assigned
17511,5837,"2026-06-29 04:59:51",resolved
17512,5838,"2026-07-12 06:12:00",created
17513,5838,"2026-07-12 07:45:39",assigned
17514,5838,"2026-07-12 14:00:17",resolved
17515,5839,"2026-06-21 00:37:00",created
17516,5839,"2026-06-21 02:01:37",assigned
17517,5839,"2026-06-21 07:40:09",resolved
17518,5840,"2026-07-02 20:21:00",created
17519,5840,"2026-07-02 21:36:20",assigned
17520,5840,"2026-07-03 02:37:43",resolved
17521,5841,"2026-05-06 03:36:00",created
17522,5841,"2026-05-06 04:57:07",assigned
17523,5841,"2026-05-06 10:21:37",resolved
17524,5842,"2026-05-14 08:12:00",created
17525,5842,"2026-05-14 10:34:22",assigned
17526,5842,"2026-05-14 20:03:51",resolved
17527,5843,"2026-06-17 23:39:00",created
17528,5843,"2026-06-18 01:01:04",assigned
17529,5843,"2026-06-18 06:29:21",resolved
17530,5844,"2026-05-28 02:10:00",created
17531,5844,"2026-05-28 03:35:05",assigned
17532,5844,"2026-05-28 09:15:29",resolved
17533,5845,"2026-07-21 14:14:00",created
17534,5845,"2026-07-21 15:12:20",assigned
17535,5845,"2026-07-21 19:05:43",resolved
17536,5846,"2026-07-09 16:13:00",created
17537,5846,"2026-07-10 02:11:57",assigned
17538,5846,"2026-07-11 18:07:47",resolved
17539,5847,"2026-07-04 02:34:00",created
17540,5847,"2026-07-04 03:29:15",assigned
17541,5847,"2026-07-04 07:10:18",resolved
17542,5848,"2026-06-17 08:57:00",created
17543,5848,"2026-06-17 10:37:03",assigned
17544,5848,"2026-06-17 17:17:17",resolved
17545,5849,"2026-06-14 02:13:00",created
17546,5849,"2026-06-14 03:41:28",assigned
17547,5849,"2026-06-14 09:35:22",resolved
17548,5850,"2026-06-01 10:39:00",created
17549,5850,"2026-06-01 15:43:38",assigned
17550,5850,"2026-06-02 12:02:12",resolved
17551,5851,"2026-06-25 23:35:00",created
17552,5851,"2026-06-26 01:22:41",assigned
17553,5851,"2026-06-26 08:33:25",resolved
17554,5852,"2026-05-03 21:30:00",created
17555,5852,"2026-05-03 23:33:04",assigned
17556,5852,"2026-05-04 07:45:22",resolved
17557,5853,"2026-05-18 19:41:00",created
17558,5853,"2026-05-18 22:15:08",assigned
17559,5853,"2026-05-19 08:31:40",resolved
17560,5854,"2026-07-09 23:16:00",created
17561,5854,"2026-07-10 00:50:30",assigned
17562,5854,"2026-07-10 07:08:32",resolved
17563,5855,"2026-06-20 03:14:00",created
17564,5855,"2026-06-20 05:19:17",assigned
17565,5855,"2026-06-20 13:40:26",resolved
17566,5856,"2026-06-22 16:56:00",created
17567,5856,"2026-06-23 01:12:05",assigned
17568,5856,"2026-06-24 10:16:29",resolved
17569,5857,"2026-06-27 19:43:00",created
17570,5857,"2026-06-27 21:40:46",assigned
17571,5857,"2026-06-28 05:31:52",resolved
17572,5858,"2026-07-06 14:53:00",created
17573,5858,"2026-07-06 16:41:37",assigned
17574,5858,"2026-07-06 23:56:05",resolved
17575,5859,"2026-05-30 16:25:00",created
17576,5859,"2026-05-30 17:26:53",assigned
17577,5859,"2026-05-30 21:34:26",resolved
17578,5860,"2026-07-28 10:37:00",created
17579,5860,"2026-07-28 13:07:17",assigned
17580,5860,"2026-07-28 23:08:25",resolved
17581,5861,"2026-06-25 00:39:00",created
17582,5861,"2026-06-25 02:32:49",assigned
17583,5861,"2026-06-25 10:08:08",resolved
17584,5862,"2026-05-30 21:02:00",created
17585,5862,"2026-05-30 21:53:57",assigned
17586,5862,"2026-05-31 01:21:49",resolved
17587,5863,"2026-05-18 19:35:00",created
17588,5863,"2026-05-18 20:23:08",assigned
17589,5863,"2026-05-18 23:35:42",resolved
17590,5864,"2026-05-13 16:29:00",created
17591,5864,"2026-05-13 21:32:12",assigned
17592,5864,"2026-05-14 17:45:00",resolved
17593,5865,"2026-06-08 14:21:00",created
17594,5865,"2026-06-08 15:11:06",assigned
17595,5865,"2026-06-08 18:31:30",resolved
17596,5866,"2026-05-24 05:01:00",created
17597,5866,"2026-05-24 07:03:10",assigned
17598,5866,"2026-05-24 15:11:53",resolved
17599,5867,"2026-05-24 20:01:00",created
17600,5867,"2026-05-24 23:06:08",assigned
17601,5867,"2026-05-25 11:26:43",resolved
17602,5868,"2026-07-28 20:41:00",created
17603,5868,"2026-07-28 21:44:28",assigned
17604,5868,"2026-07-29 01:58:24",resolved
17605,5869,"2026-07-23 14:07:00",created
17606,5869,"2026-07-23 16:18:04",assigned
17607,5869,"2026-07-24 01:02:20",resolved
17608,5870,"2026-05-21 22:29:00",created
17609,5870,"2026-05-21 23:17:13",assigned
17610,5870,"2026-05-22 02:30:09",resolved
17611,5871,"2026-06-21 02:42:00",created
17612,5871,"2026-06-21 07:58:31",assigned
17613,5871,"2026-06-22 05:04:38",resolved
17614,5872,"2026-05-25 22:06:00",created
17615,5872,"2026-05-26 00:48:52",assigned
17616,5872,"2026-05-26 11:40:21",resolved
17617,5873,"2026-07-13 23:13:00",created
17618,5873,"2026-07-14 00:41:44",assigned
17619,5873,"2026-07-14 06:36:40",resolved
17620,5874,"2026-06-04 13:25:00",created
17621,5874,"2026-06-04 16:41:16",assigned
17622,5874,"2026-06-05 05:46:20",resolved
17623,5875,"2026-07-28 15:26:00",created
17624,5875,"2026-07-28 19:46:41",assigned
17625,5875,"2026-07-29 13:09:28",resolved
17626,5876,"2026-05-27 21:33:00",created
17627,5876,"2026-05-28 00:28:46",assigned
17628,5876,"2026-05-28 12:11:54",resolved
17629,5877,"2026-05-08 21:30:00",created
17630,5877,"2026-05-09 00:06:18",assigned
17631,5877,"2026-05-09 10:31:30",resolved
17632,5878,"2026-06-20 02:04:00",created
17633,5878,"2026-06-20 05:05:04",assigned
17634,5878,"2026-06-20 17:09:24",resolved
17635,5879,"2026-05-15 23:48:00",created
17636,5879,"2026-05-16 02:00:51",assigned
17637,5879,"2026-05-16 10:52:17",resolved
17638,5880,"2026-06-07 14:22:00",created
17639,5880,"2026-06-07 16:16:18",assigned
17640,5880,"2026-06-07 23:53:33",resolved
17641,5881,"2026-06-16 08:00:00",created
17642,5881,"2026-06-16 10:50:14",assigned
17643,5881,"2026-06-16 22:11:10",resolved
17644,5882,"2026-06-25 02:00:00",created
17645,5882,"2026-06-25 08:39:02",assigned
17646,5882,"2026-06-26 11:15:10",resolved
17647,5883,"2026-07-17 02:21:00",created
17648,5883,"2026-07-17 03:35:14",assigned
17649,5883,"2026-07-17 08:32:11",resolved
17650,5884,"2026-05-26 23:20:00",created
17651,5884,"2026-05-27 00:55:08",assigned
17652,5884,"2026-05-27 07:15:44",resolved
17653,5885,"2026-06-26 10:18:00",created
17654,5885,"2026-06-26 11:17:10",assigned
17655,5885,"2026-06-26 15:13:51",resolved
17656,5886,"2026-06-01 13:26:00",created
17657,5886,"2026-06-01 14:09:11",assigned
17658,5886,"2026-06-01 17:01:57",resolved
17659,5887,"2026-06-23 09:35:00",created
17660,5887,"2026-06-23 11:37:35",assigned
17661,5887,"2026-06-23 19:47:56",resolved
17662,5888,"2026-06-12 04:40:00",created
17663,5888,"2026-06-12 05:50:01",assigned
17664,5888,"2026-06-12 10:30:09",resolved
17665,5889,"2026-05-15 04:21:00",created
17666,5889,"2026-05-15 05:10:12",assigned
17667,5889,"2026-05-15 08:27:02",resolved
17668,5890,"2026-06-06 21:18:00",created
17669,5890,"2026-06-06 21:58:40",assigned
17670,5890,"2026-06-07 00:41:20",resolved
17671,5891,"2026-07-02 22:06:00",created
17672,5891,"2026-07-03 00:13:48",assigned
17673,5891,"2026-07-03 08:45:01",resolved
17674,5892,"2026-05-20 22:24:00",created
17675,5892,"2026-05-20 23:55:13",assigned
17676,5892,"2026-05-21 06:00:05",resolved
17677,5893,"2026-06-28 12:55:00",created
17678,5893,"2026-06-28 18:53:54",assigned
17679,5893,"2026-06-29 18:49:32",resolved
17680,5894,"2026-07-24 18:52:00",created
17681,5894,"2026-07-24 20:04:32",assigned
17682,5894,"2026-07-25 00:54:44",resolved
17683,5895,"2026-06-10 05:13:00",created
17684,5895,"2026-06-10 07:05:18",assigned
17685,5895,"2026-06-10 14:34:33",resolved
17686,5896,"2026-05-17 20:41:00",created
17687,5896,"2026-05-17 23:04:51",assigned
17688,5896,"2026-05-18 08:40:18",resolved
17689,5897,"2026-05-01 09:23:00",created
17690,5897,"2026-05-01 12:36:42",assigned
17691,5897,"2026-05-02 01:31:34",resolved
17692,5898,"2026-05-16 07:26:00",created
17693,5898,"2026-05-16 08:30:17",assigned
17694,5898,"2026-05-16 12:47:29",resolved
17695,5899,"2026-05-03 08:59:00",created
17696,5899,"2026-05-03 10:16:32",assigned
17697,5899,"2026-05-03 15:26:41",resolved
17698,5900,"2026-07-01 19:03:00",created
17699,5900,"2026-07-01 19:48:57",assigned
17700,5900,"2026-07-01 22:52:45",resolved
17701,5901,"2026-06-25 21:50:00",created
17702,5901,"2026-06-25 22:53:30",assigned
17703,5901,"2026-06-26 03:07:33",resolved
17704,5902,"2026-05-31 01:52:00",created
17705,5902,"2026-05-31 03:03:57",assigned
17706,5902,"2026-05-31 07:51:46",resolved
17707,5903,"2026-06-17 23:32:00",created
17708,5903,"2026-06-18 00:13:37",assigned
17709,5903,"2026-06-18 03:00:09",resolved
17710,5904,"2026-07-23 01:30:00",created
17711,5904,"2026-07-23 04:12:46",assigned
17712,5904,"2026-07-23 15:03:53",resolved
17713,5905,"2026-05-05 14:27:00",created
17714,5905,"2026-05-05 15:37:00",assigned
17715,5905,"2026-05-05 20:17:04",resolved
17716,5906,"2026-07-22 05:24:00",created
17717,5906,"2026-07-22 08:00:18",assigned
17718,5906,"2026-07-22 18:25:34",resolved
17719,5907,"2026-05-27 00:52:00",created
17720,5907,"2026-05-27 03:02:48",assigned
17721,5907,"2026-05-27 11:46:03",resolved
17722,5908,"2026-05-25 20:58:00",created
17723,5908,"2026-05-25 23:28:09",assigned
17724,5908,"2026-05-26 09:28:49",resolved
17725,5909,"2026-07-24 06:58:00",created
17726,5909,"2026-07-24 08:17:42",assigned
17727,5909,"2026-07-24 13:36:34",resolved
17728,5910,"2026-07-17 05:30:00",created
17729,5910,"2026-07-17 09:43:14",assigned
17730,5910,"2026-07-18 02:36:11",resolved
17731,5911,"2026-07-05 18:32:00",created
17732,5911,"2026-07-05 20:43:04",assigned
17733,5911,"2026-07-06 05:27:23",resolved
17734,5912,"2026-06-14 18:17:00",created
17735,5912,"2026-06-14 19:47:21",assigned
17736,5912,"2026-06-15 01:48:47",resolved
17737,5913,"2026-05-14 12:17:00",created
17738,5913,"2026-05-14 15:41:19",assigned
17739,5913,"2026-05-15 05:18:37",resolved
17740,5914,"2026-05-06 21:26:00",created
17741,5914,"2026-05-06 22:30:47",assigned
17742,5914,"2026-05-07 02:49:56",resolved
17743,5915,"2026-05-17 00:48:00",created
17744,5915,"2026-05-17 03:09:22",assigned
17745,5915,"2026-05-17 12:34:51",resolved
17746,5916,"2026-07-29 16:25:00",created
17747,5916,"2026-07-29 17:31:41",assigned
17748,5916,"2026-07-29 21:58:28",resolved
17749,5917,"2026-07-22 23:22:00",created
17750,5917,"2026-07-23 00:21:43",assigned
17751,5917,"2026-07-23 04:20:36",resolved
17752,5918,"2026-05-17 22:40:00",created
17753,5918,"2026-05-18 01:20:00",assigned
17754,5918,"2026-05-18 12:00:03",resolved
17755,5919,"2026-05-02 04:29:00",created
17756,5919,"2026-05-02 05:42:55",assigned
17757,5919,"2026-05-02 10:38:37",resolved
17758,5920,"2026-07-08 14:32:00",created
17759,5920,"2026-07-08 15:42:45",assigned
17760,5920,"2026-07-08 20:25:48",resolved
17761,5921,"2026-06-08 18:30:00",created
17762,5921,"2026-06-08 20:07:26",assigned
17763,5921,"2026-06-09 02:37:11",resolved
17764,5922,"2026-06-08 11:59:00",created
17765,5922,"2026-06-08 13:31:07",assigned
17766,5922,"2026-06-08 19:39:35",resolved
17767,5923,"2026-05-21 15:56:00",created
17768,5923,"2026-05-21 17:19:39",assigned
17769,5923,"2026-05-21 22:54:18",resolved
17770,5924,"2026-07-18 04:20:00",created
17771,5924,"2026-07-18 05:24:54",assigned
17772,5924,"2026-07-18 09:44:34",resolved
17773,5925,"2026-05-17 13:00:00",created
17774,5925,"2026-05-17 14:38:02",assigned
17775,5925,"2026-05-17 21:10:14",resolved
17776,5926,"2026-05-09 01:17:00",created
17777,5926,"2026-05-09 02:18:59",assigned
17778,5926,"2026-05-09 06:26:56",resolved
17779,5927,"2026-05-21 22:01:00",created
17780,5927,"2026-05-21 23:50:39",assigned
17781,5927,"2026-05-22 07:09:16",resolved
17782,5928,"2026-05-24 23:13:00",created
17783,5928,"2026-05-25 00:04:14",assigned
17784,5928,"2026-05-25 03:29:12",resolved
17785,5929,"2026-05-22 09:58:00",created
17786,5929,"2026-05-22 11:31:03",assigned
17787,5929,"2026-05-22 17:43:15",resolved
17788,5930,"2026-05-24 02:45:00",created
17789,5930,"2026-05-24 05:27:23",assigned
17790,5930,"2026-05-24 16:16:57",resolved
17791,5931,"2026-07-01 18:15:00",created
17792,5931,"2026-07-01 20:22:14",assigned
17793,5931,"2026-07-02 04:51:11",resolved
17794,5932,"2026-06-20 00:57:00",created
17795,5932,"2026-06-20 02:10:59",assigned
17796,5932,"2026-06-20 07:06:55",resolved
17797,5933,"2026-05-19 07:11:00",created
17798,5933,"2026-05-19 07:59:48",assigned
17799,5933,"2026-05-19 11:15:02",resolved
17800,5934,"2026-05-16 02:03:00",created
17801,5934,"2026-05-16 02:42:38",assigned
17802,5934,"2026-05-16 05:21:14",resolved
17803,5935,"2026-07-16 15:39:00",created
17804,5935,"2026-07-16 17:15:14",assigned
17805,5935,"2026-07-16 23:40:12",resolved
17806,5936,"2026-06-10 13:24:00",created
17807,5936,"2026-06-10 15:00:52",assigned
17808,5936,"2026-06-10 21:28:23",resolved
17809,5937,"2026-07-07 17:50:00",created
17810,5937,"2026-07-07 19:59:13",assigned
17811,5937,"2026-07-08 04:36:06",resolved
17812,5938,"2026-06-03 20:45:00",created
17813,5938,"2026-06-03 21:40:20",assigned
17814,5938,"2026-06-04 01:21:44",resolved
17815,5939,"2026-06-25 00:18:00",created
17816,5939,"2026-06-25 01:36:47",assigned
17817,5939,"2026-06-25 06:51:59",resolved
17818,5940,"2026-05-11 10:26:00",created
17819,5940,"2026-05-11 12:00:55",assigned
17820,5940,"2026-05-11 18:20:39",resolved
17821,5941,"2026-06-26 15:35:00",created
17822,5941,"2026-06-26 21:58:48",assigned
17823,5941,"2026-06-27 23:34:01",resolved
17824,5942,"2026-07-03 15:11:00",created
17825,5942,"2026-07-03 16:08:02",assigned
17826,5942,"2026-07-03 19:56:13",resolved
17827,5943,"2026-07-28 09:46:00",created
17828,5943,"2026-07-28 10:40:36",assigned
17829,5943,"2026-07-28 14:19:01",resolved
17830,5944,"2026-07-03 19:49:00",created
17831,5944,"2026-07-03 22:29:19",assigned
17832,5944,"2026-07-04 09:10:38",resolved
17833,5945,"2026-07-02 18:19:00",created
17834,5945,"2026-07-02 20:07:42",assigned
17835,5945,"2026-07-03 03:22:32",resolved
17836,5946,"2026-05-15 12:43:00",created
17837,5946,"2026-05-15 14:44:41",assigned
17838,5946,"2026-05-15 22:51:28",resolved
17839,5947,"2026-07-08 08:40:00",created
17840,5947,"2026-07-08 10:17:45",assigned
17841,5947,"2026-07-08 16:48:47",resolved
17842,5948,"2026-05-04 12:29:00",created
17843,5948,"2026-05-04 15:09:05",assigned
17844,5948,"2026-05-05 01:49:28",resolved
17845,5949,"2026-07-26 16:27:00",created
17846,5949,"2026-07-26 16:53:10",assigned
17847,5949,"2026-07-26 18:37:51",resolved
17848,5950,"2026-07-16 12:38:00",created
17849,5950,"2026-07-16 13:42:22",assigned
17850,5950,"2026-07-16 17:59:50",resolved
17851,5951,"2026-05-08 05:13:00",created
17852,5951,"2026-05-08 06:35:02",assigned
17853,5951,"2026-05-08 12:03:12",resolved
17854,5952,"2026-06-26 16:40:00",created
17855,5952,"2026-06-26 21:35:24",assigned
17856,5952,"2026-06-27 17:17:03",resolved
17857,5953,"2026-05-23 17:26:00",created
17858,5953,"2026-05-23 18:08:40",assigned
17859,5953,"2026-05-23 20:59:22",resolved
17860,5954,"2026-05-05 02:16:00",created
17861,5954,"2026-05-05 03:47:45",assigned
17862,5954,"2026-05-05 09:54:46",resolved
17863,5955,"2026-05-16 07:09:00",created
17864,5955,"2026-05-16 09:04:35",assigned
17865,5955,"2026-05-16 16:46:59",resolved
17866,5956,"2026-07-13 20:12:00",created
17867,5956,"2026-07-13 22:36:56",assigned
17868,5956,"2026-07-14 08:16:42",resolved
17869,5957,"2026-06-04 09:17:00",created
17870,5957,"2026-06-04 10:26:14",assigned
17871,5957,"2026-06-04 15:03:11",resolved
17872,5958,"2026-07-06 09:53:00",created
17873,5958,"2026-07-06 10:23:57",assigned
17874,5958,"2026-07-06 12:27:45",resolved
17875,5959,"2026-06-19 20:58:00",created
17876,5959,"2026-06-20 00:48:57",assigned
17877,5959,"2026-06-20 16:12:45",resolved
17878,5960,"2026-05-04 08:32:00",created
17879,5960,"2026-05-04 09:30:29",assigned
17880,5960,"2026-05-04 13:24:25",resolved
17881,5961,"2026-05-26 05:10:00",created
17882,5961,"2026-05-26 06:22:08",assigned
17883,5961,"2026-05-26 11:10:44",resolved
17884,5962,"2026-06-05 19:45:00",created
17885,5962,"2026-06-05 20:44:19",assigned
17886,5962,"2026-06-06 00:41:38",resolved
17887,5963,"2026-05-15 06:03:00",created
17888,5963,"2026-05-15 07:16:53",assigned
17889,5963,"2026-05-15 12:12:28",resolved
17890,5964,"2026-05-05 21:01:00",created
17891,5964,"2026-05-05 21:40:34",assigned
17892,5964,"2026-05-06 00:18:51",resolved
17893,5965,"2026-05-21 06:38:00",created
17894,5965,"2026-05-21 07:22:12",assigned
17895,5965,"2026-05-21 10:19:01",resolved
17896,5966,"2026-06-29 05:50:00",created
17897,5966,"2026-06-29 07:01:27",assigned
17898,5966,"2026-06-29 11:47:19",resolved
17899,5967,"2026-05-10 09:40:00",created
17900,5967,"2026-05-10 11:13:44",assigned
17901,5967,"2026-05-10 17:28:42",resolved
17902,5968,"2026-06-06 06:32:00",created
17903,5968,"2026-06-06 07:20:10",assigned
17904,5968,"2026-06-06 10:32:51",resolved
17905,5969,"2026-05-22 10:58:00",created
17906,5969,"2026-05-22 12:33:02",assigned
17907,5969,"2026-05-22 18:53:10",resolved
17908,5970,"2026-05-06 00:43:00",created
17909,5970,"2026-05-06 01:30:25",assigned
17910,5970,"2026-05-06 04:40:07",resolved
17911,5971,"2026-05-20 21:45:00",created
17912,5971,"2026-05-20 23:09:52",assigned
17913,5971,"2026-05-21 04:49:22",resolved
17914,5972,"2026-05-15 17:01:00",created
17915,5972,"2026-05-15 18:19:20",assigned
17916,5972,"2026-05-15 23:32:41",resolved
17917,5973,"2026-05-09 14:27:00",created
17918,5973,"2026-05-09 15:57:46",assigned
17919,5973,"2026-05-09 22:00:53",resolved
17920,5974,"2026-05-23 21:50:00",created
17921,5974,"2026-05-23 22:36:03",assigned
17922,5974,"2026-05-24 01:40:15",resolved
17923,5975,"2026-07-12 03:56:00",created
17924,5975,"2026-07-12 05:34:12",assigned
17925,5975,"2026-07-12 12:07:04",resolved
17926,5976,"2026-05-04 20:57:00",created
17927,5976,"2026-05-04 22:46:31",assigned
17928,5976,"2026-05-05 06:04:36",resolved
17929,5977,"2026-07-16 07:45:00",created
17930,5977,"2026-07-16 13:46:57",assigned
17931,5977,"2026-07-17 13:54:49",resolved
17932,5978,"2026-05-22 16:46:00",created
17933,5978,"2026-05-22 19:29:26",assigned
17934,5978,"2026-05-23 06:23:11",resolved
17935,5979,"2026-07-11 10:37:00",created
17936,5979,"2026-07-11 11:51:32",assigned
17937,5979,"2026-07-11 16:49:41",resolved
17938,5980,"2026-06-25 07:08:00",created
17939,5980,"2026-06-25 08:28:09",assigned
17940,5980,"2026-06-25 13:48:47",resolved
17941,5981,"2026-05-27 03:05:00",created
17942,5981,"2026-05-27 08:41:27",assigned
17943,5981,"2026-05-28 07:07:18",resolved
17944,5982,"2026-06-09 01:32:00",created
17945,5982,"2026-06-09 02:22:33",assigned
17946,5982,"2026-06-09 05:44:48",resolved
17947,5983,"2026-07-24 12:06:00",created
17948,5983,"2026-07-24 13:27:25",assigned
17949,5983,"2026-07-24 18:53:07",resolved
17950,5984,"2026-06-13 10:09:00",created
17951,5984,"2026-06-13 10:55:43",assigned
17952,5984,"2026-06-13 14:02:38",resolved
17953,5985,"2026-06-13 16:01:00",created
17954,5985,"2026-06-13 16:58:17",assigned
17955,5985,"2026-06-13 20:47:26",resolved
17956,5986,"2026-07-17 00:41:00",created
17957,5986,"2026-07-17 01:16:26",assigned
17958,5986,"2026-07-17 03:38:10",resolved
17959,5987,"2026-05-18 07:52:00",created
17960,5987,"2026-05-18 09:52:37",assigned
17961,5987,"2026-05-18 17:55:06",resolved
17962,5988,"2026-07-15 08:44:00",created
17963,5988,"2026-07-15 09:57:22",assigned
17964,5988,"2026-07-15 14:50:54",resolved
17965,5989,"2026-07-01 18:19:00",created
17966,5989,"2026-07-01 20:09:07",assigned
17967,5989,"2026-07-02 03:29:37",resolved
17968,5990,"2026-06-07 10:16:00",created
17969,5990,"2026-06-07 13:00:34",assigned
17970,5990,"2026-06-07 23:58:51",resolved
17971,5991,"2026-05-17 10:15:00",created
17972,5991,"2026-05-17 12:55:56",assigned
17973,5991,"2026-05-17 23:39:43",resolved
17974,5992,"2026-06-05 20:34:00",created
17975,5992,"2026-06-05 21:31:54",assigned
17976,5992,"2026-06-06 01:23:31",resolved
17977,5993,"2026-06-07 22:28:00",created
17978,5993,"2026-06-08 04:06:32",assigned
17979,5993,"2026-06-09 02:40:44",resolved
17980,5994,"2026-05-26 09:11:00",created
17981,5994,"2026-05-26 10:09:27",assigned
17982,5994,"2026-05-26 14:03:17",resolved
17983,5995,"2026-05-18 03:29:00",created
17984,5995,"2026-05-18 05:15:04",assigned
17985,5995,"2026-05-18 12:19:24",resolved
17986,5996,"2026-07-26 17:01:00",created
17987,5996,"2026-07-26 17:53:15",assigned
17988,5996,"2026-07-26 21:22:19",resolved
17989,5997,"2026-05-19 17:40:00",created
17990,5997,"2026-05-20 00:15:10",assigned
17991,5997,"2026-05-21 02:35:54",resolved
17992,5998,"2026-06-27 22:47:00",created
17993,5998,"2026-06-28 02:36:29",assigned
17994,5998,"2026-06-28 17:54:28",resolved
17995,5999,"2026-06-13 06:12:00",created
17996,5999,"2026-06-13 08:02:12",assigned
17997,5999,"2026-06-13 15:23:04",resolved
17998,6000,"2026-07-20 19:37:00",created
17999,6000,"2026-07-20 21:00:35",assigned
18000,6000,"2026-07-21 02:34:59",resolved
18001,6001,"2026-07-23 05:49:00",created
18002,6001,"2026-07-23 08:25:16",assigned
18003,6001,"2026-07-23 18:50:24",resolved
18004,6002,"2026-07-04 15:17:00",created
18005,6002,"2026-07-04 16:19:30",assigned
18006,6002,"2026-07-04 20:29:30",resolved
18007,6003,"2026-07-28 11:19:00",created
18008,6003,"2026-07-28 16:18:11",assigned
18009,6003,"2026-07-29 12:14:55",resolved
18010,6004,"2026-05-11 12:50:00",created
18011,6004,"2026-05-11 14:18:36",assigned
18012,6004,"2026-05-11 20:13:00",resolved
18013,6005,"2026-07-01 06:15:00",created
18014,6005,"2026-07-01 10:55:45",assigned
18015,6005,"2026-07-02 05:38:46",resolved
18016,6006,"2026-07-10 19:37:00",created
18017,6006,"2026-07-10 20:33:44",assigned
18018,6006,"2026-07-11 00:20:43",resolved
18019,6007,"2026-06-28 07:24:00",created
18020,6007,"2026-06-28 10:57:38",assigned
18021,6007,"2026-06-29 01:12:10",resolved
18022,6008,"2026-07-07 13:51:00",created
18023,6008,"2026-07-07 18:40:15",assigned
18024,6008,"2026-07-08 13:57:18",resolved
18025,6009,"2026-06-20 05:43:00",created
18026,6009,"2026-06-20 08:25:51",assigned
18027,6009,"2026-06-20 19:17:15",resolved
18028,6010,"2026-07-16 21:18:00",created
18029,6010,"2026-07-17 00:10:07",assigned
18030,6010,"2026-07-17 11:38:38",resolved
18031,6011,"2026-05-27 17:23:00",created
18032,6011,"2026-05-27 18:22:33",assigned
18033,6011,"2026-05-27 22:20:49",resolved
18034,6012,"2026-06-16 12:24:00",created
18035,6012,"2026-06-16 16:26:38",assigned
18036,6012,"2026-06-17 08:37:14",resolved
18037,6013,"2026-07-12 19:18:00",created
18038,6013,"2026-07-12 20:18:29",assigned
18039,6013,"2026-07-13 00:20:25",resolved
18040,6014,"2026-07-20 05:14:00",created
18041,6014,"2026-07-20 08:33:18",assigned
18042,6014,"2026-07-20 21:50:31",resolved
18043,6015,"2026-05-07 19:43:00",created
18044,6015,"2026-05-07 22:00:38",assigned
18045,6015,"2026-05-08 07:11:13",resolved
18046,6016,"2026-06-09 19:11:00",created
18047,6016,"2026-06-09 21:45:00",assigned
18048,6016,"2026-06-10 08:01:01",resolved
18049,6017,"2026-05-28 10:23:00",created
18050,6017,"2026-05-28 11:50:58",assigned
18051,6017,"2026-05-28 17:42:52",resolved
18052,6018,"2026-05-01 06:20:00",created
18053,6018,"2026-05-01 08:53:21",assigned
18054,6018,"2026-05-01 19:06:45",resolved
18055,6019,"2026-07-07 05:15:00",created
18056,6019,"2026-07-07 06:58:26",assigned
18057,6019,"2026-07-07 13:52:10",resolved
18058,6020,"2026-06-01 05:47:00",created
18059,6020,"2026-06-01 09:06:42",assigned
18060,6020,"2026-06-01 22:25:32",resolved
18061,6021,"2026-06-15 02:09:00",created
18062,6021,"2026-06-15 02:51:37",assigned
18063,6021,"2026-06-15 05:42:09",resolved
18064,6022,"2026-05-21 03:46:00",created
18065,6022,"2026-05-21 04:20:30",assigned
18066,6022,"2026-05-21 06:38:31",resolved
18067,6023,"2026-05-05 08:12:00",created
18068,6023,"2026-05-05 11:56:30",assigned
18069,6023,"2026-05-06 02:54:33",resolved
18070,6024,"2026-06-30 19:16:00",created
18071,6024,"2026-06-30 20:22:19",assigned
18072,6024,"2026-07-01 00:47:38",resolved
18073,6025,"2026-05-20 07:29:00",created
18074,6025,"2026-05-20 09:03:25",assigned
18075,6025,"2026-05-20 15:21:07",resolved
18076,6026,"2026-07-08 13:13:00",created
18077,6026,"2026-07-08 16:51:32",assigned
18078,6026,"2026-07-09 07:25:44",resolved
18079,6027,"2026-05-19 17:17:00",created
18080,6027,"2026-05-19 18:20:46",assigned
18081,6027,"2026-05-19 22:35:51",resolved
18082,6028,"2026-07-12 04:53:00",created
18083,6028,"2026-07-12 06:40:51",assigned
18084,6028,"2026-07-12 13:52:15",resolved
18085,6029,"2026-06-08 22:46:00",created
18086,6029,"2026-06-09 00:04:14",assigned
18087,6029,"2026-06-09 05:17:13",resolved
18088,6030,"2026-07-20 14:45:00",created
18089,6030,"2026-07-20 16:46:55",assigned
18090,6030,"2026-07-21 00:54:35",resolved
18091,6031,"2026-06-25 11:26:00",created
18092,6031,"2026-06-25 11:49:24",assigned
18093,6031,"2026-06-25 13:23:02",resolved
18094,6032,"2026-05-22 05:06:00",created
18095,6032,"2026-05-22 06:47:31",assigned
18096,6032,"2026-05-22 13:33:38",resolved
18097,6033,"2026-07-05 06:02:00",created
18098,6033,"2026-07-05 07:38:53",assigned
18099,6033,"2026-07-05 14:06:25",resolved
18100,6034,"2026-06-28 10:24:00",created
18101,6034,"2026-06-28 13:19:53",assigned
18102,6034,"2026-06-29 01:03:27",resolved
18103,6035,"2026-07-23 04:05:00",created
18104,6035,"2026-07-23 05:24:31",assigned
18105,6035,"2026-07-23 10:42:35",resolved
18106,6036,"2026-05-28 11:17:00",created
18107,6036,"2026-05-28 13:42:32",assigned
18108,6036,"2026-05-28 23:24:41",resolved
18109,6037,"2026-05-26 16:06:00",created
18110,6037,"2026-05-26 20:23:44",assigned
18111,6037,"2026-05-27 13:34:43",resolved
18112,6038,"2026-06-21 09:54:00",created
18113,6038,"2026-06-21 11:01:48",assigned
18114,6038,"2026-06-21 15:33:02",resolved
18115,6039,"2026-06-19 11:25:00",created
18116,6039,"2026-06-19 14:49:47",assigned
18117,6039,"2026-06-20 04:28:59",resolved
18118,6040,"2026-05-26 12:36:00",created
18119,6040,"2026-05-26 15:32:26",assigned
18120,6040,"2026-05-27 03:18:10",resolved
18121,6041,"2026-07-15 10:50:00",created
18122,6041,"2026-07-15 15:08:36",assigned
18123,6041,"2026-07-16 08:23:04",resolved
18124,6042,"2026-05-13 02:35:00",created
18125,6042,"2026-05-13 04:56:12",assigned
18126,6042,"2026-05-13 14:21:04",resolved
18127,6043,"2026-06-26 04:48:00",created
18128,6043,"2026-06-26 12:55:33",assigned
18129,6043,"2026-06-27 21:25:47",resolved
18130,6044,"2026-06-13 02:29:00",created
18131,6044,"2026-06-13 04:26:58",assigned
18132,6044,"2026-06-13 12:18:52",resolved
18133,6045,"2026-07-20 19:13:00",created
18134,6045,"2026-07-20 20:50:55",assigned
18135,6045,"2026-07-21 03:22:36",resolved
18136,6046,"2026-07-21 11:06:00",created
18137,6046,"2026-07-21 11:52:01",assigned
18138,6046,"2026-07-21 14:56:09",resolved
18139,6047,"2026-05-03 23:05:00",created
18140,6047,"2026-05-04 01:55:32",assigned
18141,6047,"2026-05-04 13:17:41",resolved
18142,6048,"2026-05-12 04:29:00",created
18143,6048,"2026-05-12 05:00:33",assigned
18144,6048,"2026-05-12 07:06:49",resolved
18145,6049,"2026-05-30 08:37:00",created
18146,6049,"2026-05-30 10:23:28",assigned
18147,6049,"2026-05-30 17:29:24",resolved
18148,6050,"2026-05-29 22:37:00",created
18149,6050,"2026-05-29 23:48:00",assigned
18150,6050,"2026-05-30 04:32:02",resolved
18151,6051,"2026-05-07 03:08:00",created
18152,6051,"2026-05-07 04:39:10",assigned
18153,6051,"2026-05-07 10:43:51",resolved
18154,6052,"2026-07-16 22:05:00",created
18155,6052,"2026-07-16 23:37:03",assigned
18156,6052,"2026-07-17 05:45:16",resolved
18157,6053,"2026-06-08 12:41:00",created
18158,6053,"2026-06-08 15:02:33",assigned
18159,6053,"2026-06-09 00:28:46",resolved
18160,6054,"2026-07-04 12:33:00",created
18161,6054,"2026-07-04 15:43:57",assigned
18162,6054,"2026-07-05 04:27:47",resolved
18163,6055,"2026-07-05 22:05:00",created
18164,6055,"2026-07-05 23:10:56",assigned
18165,6055,"2026-07-06 03:34:42",resolved
18166,6056,"2026-07-26 06:55:00",created
18167,6056,"2026-07-26 08:30:52",assigned
18168,6056,"2026-07-26 14:54:20",resolved
18169,6057,"2026-07-23 02:04:00",created
18170,6057,"2026-07-23 02:35:49",assigned
18171,6057,"2026-07-23 04:43:06",resolved
18172,6058,"2026-07-03 15:36:00",created
18173,6058,"2026-07-03 18:00:36",assigned
18174,6058,"2026-07-04 03:39:00",resolved
18175,6059,"2026-05-12 05:52:00",created
18176,6059,"2026-05-12 07:40:00",assigned
18177,6059,"2026-05-12 14:52:03",resolved
18178,6060,"2026-05-29 08:47:00",created
18179,6060,"2026-05-29 11:18:32",assigned
18180,6060,"2026-05-29 21:24:42",resolved
18181,6061,"2026-07-01 10:29:00",created
18182,6061,"2026-07-01 12:30:22",assigned
18183,6061,"2026-07-01 20:35:52",resolved
18184,6062,"2026-07-14 04:47:00",created
18185,6062,"2026-07-14 06:29:34",assigned
18186,6062,"2026-07-14 13:19:54",resolved
18187,6063,"2026-05-20 12:43:00",created
18188,6063,"2026-05-20 13:26:43",assigned
18189,6063,"2026-05-20 16:21:37",resolved
18190,6064,"2026-06-11 10:37:00",created
18191,6064,"2026-06-11 11:43:24",assigned
18192,6064,"2026-06-11 16:09:03",resolved
18193,6065,"2026-06-09 00:56:00",created
18194,6065,"2026-06-09 01:51:13",assigned
18195,6065,"2026-06-09 05:32:08",resolved
18196,6066,"2026-05-07 12:36:00",created
18197,6066,"2026-05-07 13:10:22",assigned
18198,6066,"2026-05-07 15:27:52",resolved
18199,6067,"2026-05-01 22:43:00",created
18200,6067,"2026-05-01 23:39:15",assigned
18201,6067,"2026-05-02 03:24:19",resolved
18202,6068,"2026-06-15 06:34:00",created
18203,6068,"2026-06-15 07:14:08",assigned
18204,6068,"2026-06-15 09:54:44",resolved
18205,6069,"2026-05-16 11:14:00",created
18206,6069,"2026-05-16 11:51:17",assigned
18207,6069,"2026-05-16 14:20:27",resolved
18208,6070,"2026-07-26 09:46:00",created
18209,6070,"2026-07-26 11:07:35",assigned
18210,6070,"2026-07-26 16:33:59",resolved
18211,6071,"2026-06-19 14:17:00",created
18212,6071,"2026-06-19 16:26:44",assigned
18213,6071,"2026-06-20 01:05:42",resolved
18214,6072,"2026-05-06 21:08:00",created
18215,6072,"2026-05-06 23:58:55",assigned
18216,6072,"2026-05-07 11:22:35",resolved
18217,6073,"2026-05-15 12:52:00",created
18218,6073,"2026-05-15 14:19:50",assigned
18219,6073,"2026-05-15 20:11:14",resolved
18220,6074,"2026-07-27 06:09:00",created
18221,6074,"2026-07-27 10:07:34",assigned
18222,6074,"2026-07-28 02:01:54",resolved
18223,6075,"2026-05-28 06:42:00",created
18224,6075,"2026-05-28 10:55:04",assigned
18225,6075,"2026-05-29 03:47:24",resolved
18226,6076,"2026-07-29 06:13:00",created
18227,6076,"2026-07-29 07:14:12",assigned
18228,6076,"2026-07-29 11:19:00",resolved
18229,6077,"2026-07-05 16:01:00",created
18230,6077,"2026-07-05 18:54:20",assigned
18231,6077,"2026-07-06 06:27:44",resolved
18232,6078,"2026-07-02 14:28:00",created
18233,6078,"2026-07-02 16:36:11",assigned
18234,6078,"2026-07-03 01:08:56",resolved
18235,6079,"2026-07-21 09:49:00",created
18236,6079,"2026-07-21 11:00:39",assigned
18237,6079,"2026-07-21 15:47:17",resolved
18238,6080,"2026-07-02 10:47:00",created
18239,6080,"2026-07-02 12:21:32",assigned
18240,6080,"2026-07-02 18:39:44",resolved
18241,6081,"2026-07-24 06:32:00",created
18242,6081,"2026-07-24 07:52:58",assigned
18243,6081,"2026-07-24 13:16:53",resolved
18244,6082,"2026-06-01 23:09:00",created
18245,6082,"2026-06-02 00:40:32",assigned
18246,6082,"2026-06-02 06:46:42",resolved
18247,6083,"2026-05-03 14:27:00",created
18248,6083,"2026-05-03 14:51:42",assigned
18249,6083,"2026-05-03 16:30:33",resolved
18250,6084,"2026-05-20 11:53:00",created
18251,6084,"2026-05-20 16:46:34",assigned
18252,6084,"2026-05-21 12:20:51",resolved
18253,6085,"2026-05-20 18:20:00",created
18254,6085,"2026-05-20 21:14:44",assigned
18255,6085,"2026-05-21 08:53:42",resolved
18256,6086,"2026-07-22 18:52:00",created
18257,6086,"2026-07-22 19:15:02",assigned
18258,6086,"2026-07-22 20:47:11",resolved
18259,6087,"2026-06-21 21:15:00",created
18260,6087,"2026-06-21 22:19:38",assigned
18261,6087,"2026-06-22 02:38:13",resolved
18262,6088,"2026-05-06 00:35:00",created
18263,6088,"2026-05-06 03:30:48",assigned
18264,6088,"2026-05-06 15:14:03",resolved
18265,6089,"2026-05-03 05:45:00",created
18266,6089,"2026-05-03 08:04:51",assigned
18267,6089,"2026-05-03 17:24:19",resolved
18268,6090,"2026-05-12 02:57:00",created
18269,6090,"2026-05-12 03:57:39",assigned
18270,6090,"2026-05-12 08:00:18",resolved
18271,6091,"2026-07-21 04:12:00",created
18272,6091,"2026-07-21 05:20:57",assigned
18273,6091,"2026-07-21 09:56:45",resolved
18274,6092,"2026-05-19 09:24:00",created
18275,6092,"2026-05-19 11:08:30",assigned
18276,6092,"2026-05-19 18:06:33",resolved
18277,6093,"2026-07-22 01:17:00",created
18278,6093,"2026-07-22 02:05:25",assigned
18279,6093,"2026-07-22 05:19:08",resolved
18280,6094,"2026-07-03 19:47:00",created
18281,6094,"2026-07-03 20:23:41",assigned
18282,6094,"2026-07-03 22:50:26",resolved
18283,6095,"2026-06-24 01:41:00",created
18284,6095,"2026-06-24 04:25:52",assigned
18285,6095,"2026-06-24 15:25:23",resolved
18286,6096,"2026-07-03 18:48:00",created
18287,6096,"2026-07-03 22:31:12",assigned
18288,6096,"2026-07-04 13:24:01",resolved
18289,6097,"2026-06-17 18:31:00",created
18290,6097,"2026-06-17 20:46:18",assigned
18291,6097,"2026-06-18 05:47:31",resolved
18292,6098,"2026-07-12 14:21:00",created
18293,6098,"2026-07-12 14:56:28",assigned
18294,6098,"2026-07-12 17:18:23",resolved
18295,6099,"2026-05-23 05:44:00",created
18296,6099,"2026-05-23 07:33:31",assigned
18297,6099,"2026-05-23 14:51:38",resolved
18298,6100,"2026-05-11 09:13:00",created
18299,6100,"2026-05-11 10:06:48",assigned
18300,6100,"2026-05-11 13:42:00",resolved
18301,6101,"2026-05-03 09:04:00",created
18302,6101,"2026-05-03 11:33:27",assigned
18303,6101,"2026-05-03 21:31:15",resolved
18304,6102,"2026-06-14 00:35:00",created
18305,6102,"2026-06-14 01:58:51",assigned
18306,6102,"2026-06-14 07:34:19",resolved
18307,6103,"2026-06-24 23:47:00",created
18308,6103,"2026-06-25 03:53:33",assigned
18309,6103,"2026-06-25 20:19:49",resolved
18310,6104,"2026-07-24 01:51:00",created
18311,6104,"2026-07-24 04:48:07",assigned
18312,6104,"2026-07-24 16:36:35",resolved
18313,6105,"2026-07-25 03:48:00",created
18314,6105,"2026-07-25 04:47:12",assigned
18315,6105,"2026-07-25 08:44:03",resolved
18316,6106,"2026-07-27 15:32:00",created
18317,6106,"2026-07-27 18:16:58",assigned
18318,6106,"2026-07-28 05:16:52",resolved
18319,6107,"2026-07-27 08:30:00",created
18320,6107,"2026-07-27 11:05:09",assigned
18321,6107,"2026-07-27 21:25:48",resolved
18322,6108,"2026-05-30 06:50:00",created
18323,6108,"2026-05-30 10:08:27",assigned
18324,6108,"2026-05-30 23:22:19",resolved
18325,6109,"2026-05-04 17:04:00",created
18326,6109,"2026-05-04 17:51:47",assigned
18327,6109,"2026-05-04 21:02:57",resolved
18328,6110,"2026-06-24 13:44:00",created
18329,6110,"2026-06-24 16:11:49",assigned
18330,6110,"2026-06-25 02:03:05",resolved
18331,6111,"2026-07-26 06:44:00",created
18332,6111,"2026-07-26 07:33:34",assigned
18333,6111,"2026-07-26 10:51:51",resolved
18334,6112,"2026-07-14 13:49:00",created
18335,6112,"2026-07-14 14:38:25",assigned
18336,6112,"2026-07-14 17:56:05",resolved
18337,6113,"2026-07-25 09:21:00",created
18338,6113,"2026-07-25 10:35:22",assigned
18339,6113,"2026-07-25 15:32:52",resolved
18340,6114,"2026-07-27 16:53:00",created
18341,6114,"2026-07-27 20:04:32",assigned
18342,6114,"2026-07-28 08:50:43",resolved
18343,6115,"2026-07-22 05:08:00",created
18344,6115,"2026-07-22 05:47:47",assigned
18345,6115,"2026-07-22 08:26:58",resolved
18346,6116,"2026-05-07 20:09:00",created
18347,6116,"2026-05-07 22:22:58",assigned
18348,6116,"2026-05-08 07:18:50",resolved
18349,6117,"2026-07-19 12:33:00",created
18350,6117,"2026-07-19 14:22:55",assigned
18351,6117,"2026-07-19 21:42:35",resolved
18352,6118,"2026-07-15 00:29:00",created
18353,6118,"2026-07-15 01:46:08",assigned
18354,6118,"2026-07-15 06:54:41",resolved
18355,6119,"2026-06-24 03:49:00",created
18356,6119,"2026-06-24 07:34:02",assigned
18357,6119,"2026-06-24 22:34:14",resolved
18358,6120,"2026-07-24 17:35:00",created
18359,6120,"2026-07-24 19:28:56",assigned
18360,6120,"2026-07-25 03:04:40",resolved
18361,6121,"2026-06-27 19:10:00",created
18362,6121,"2026-06-27 20:42:19",assigned
18363,6121,"2026-06-28 02:51:35",resolved
18364,6122,"2026-06-29 13:54:00",created
18365,6122,"2026-06-29 15:47:33",assigned
18366,6122,"2026-06-29 23:21:48",resolved
18367,6123,"2026-05-12 03:36:00",created
18368,6123,"2026-05-12 06:15:25",assigned
18369,6123,"2026-05-12 16:53:05",resolved
18370,6124,"2026-06-21 13:42:00",created
18371,6124,"2026-06-21 15:07:38",assigned
18372,6124,"2026-06-21 20:50:14",resolved
18373,6125,"2026-07-11 19:59:00",created
18374,6125,"2026-07-11 21:35:22",assigned
18375,6125,"2026-07-12 04:00:51",resolved
18376,6126,"2026-05-20 09:37:00",created
18377,6126,"2026-05-20 10:41:06",assigned
18378,6126,"2026-05-20 14:57:34",resolved
18379,6127,"2026-07-21 20:40:00",created
18380,6127,"2026-07-21 21:50:58",assigned
18381,6127,"2026-07-22 02:34:52",resolved
18382,6128,"2026-05-23 10:58:00",created
18383,6128,"2026-05-23 12:02:49",assigned
18384,6128,"2026-05-23 16:22:09",resolved
18385,6129,"2026-07-28 05:13:00",created
18386,6129,"2026-07-28 06:06:33",assigned
18387,6129,"2026-07-28 09:40:48",resolved
18388,6130,"2026-06-14 10:13:00",created
18389,6130,"2026-06-14 14:23:09",assigned
18390,6130,"2026-06-15 07:03:45",resolved
18391,6131,"2026-06-30 13:12:00",created
18392,6131,"2026-06-30 14:25:00",assigned
18393,6131,"2026-06-30 19:17:01",resolved
18394,6132,"2026-05-10 06:26:00",created
18395,6132,"2026-05-10 07:12:57",assigned
18396,6132,"2026-05-10 10:20:46",resolved
18397,6133,"2026-07-11 16:10:00",created
18398,6133,"2026-07-11 21:20:32",assigned
18399,6133,"2026-07-12 18:02:41",resolved
18400,6134,"2026-07-09 08:22:00",created
18401,6134,"2026-07-09 09:32:20",assigned
18402,6134,"2026-07-09 14:13:43",resolved
18403,6135,"2026-06-15 02:05:00",created
18404,6135,"2026-06-15 04:01:50",assigned
18405,6135,"2026-06-15 11:49:14",resolved
18406,6136,"2026-06-23 02:02:00",created
18407,6136,"2026-06-23 02:39:27",assigned
18408,6136,"2026-06-23 05:09:15",resolved
18409,6137,"2026-05-16 17:44:00",created
18410,6137,"2026-05-16 18:32:04",assigned
18411,6137,"2026-05-16 21:44:21",resolved
18412,6138,"2026-06-09 08:58:00",created
18413,6138,"2026-06-09 12:26:15",assigned
18414,6138,"2026-06-10 02:19:18",resolved
18415,6139,"2026-07-03 01:47:00",created
18416,6139,"2026-07-03 05:27:37",assigned
18417,6139,"2026-07-03 20:10:06",resolved
18418,6140,"2026-05-20 16:09:00",created
18419,6140,"2026-05-20 17:52:07",assigned
18420,6140,"2026-05-21 00:44:39",resolved
18421,6141,"2026-05-19 09:50:00",created
18422,6141,"2026-05-19 10:18:54",assigned
18423,6141,"2026-05-19 12:14:33",resolved
18424,6142,"2026-06-26 16:54:00",created
18425,6142,"2026-06-26 17:32:52",assigned
18426,6142,"2026-06-26 20:08:21",resolved
18427,6143,"2026-07-27 13:16:00",created
18428,6143,"2026-07-27 14:59:26",assigned
18429,6143,"2026-07-27 21:53:13",resolved
18430,6144,"2026-05-06 02:35:00",created
18431,6144,"2026-05-06 03:37:03",assigned
18432,6144,"2026-05-06 07:45:17",resolved
18433,6145,"2026-07-24 03:24:00",created
18434,6145,"2026-07-24 04:52:22",assigned
18435,6145,"2026-07-24 10:45:52",resolved
18436,6146,"2026-05-16 13:19:00",created
18437,6146,"2026-05-16 14:14:55",assigned
18438,6146,"2026-05-16 17:58:39",resolved
18439,6147,"2026-06-27 14:24:00",created
18440,6147,"2026-06-27 15:17:54",assigned
18441,6147,"2026-06-27 18:53:30",resolved
18442,6148,"2026-05-01 03:32:00",created
18443,6148,"2026-05-01 07:49:10",assigned
18444,6148,"2026-05-02 00:57:51",resolved
18445,6149,"2026-05-30 03:57:00",created
18446,6149,"2026-05-30 05:34:04",assigned
18447,6149,"2026-05-30 12:02:24",resolved
18448,6150,"2026-05-02 15:01:00",created
18449,6150,"2026-05-02 16:35:19",assigned
18450,6150,"2026-05-02 22:52:36",resolved
18451,6151,"2026-07-15 21:38:00",created
18452,6151,"2026-07-15 23:35:35",assigned
18453,6151,"2026-07-16 07:25:56",resolved
18454,6152,"2026-05-19 11:18:00",created
18455,6152,"2026-05-19 13:34:42",assigned
18456,6152,"2026-05-19 22:41:32",resolved
18457,6153,"2026-05-13 21:10:00",created
18458,6153,"2026-05-13 22:09:14",assigned
18459,6153,"2026-05-14 02:06:11",resolved
18460,6154,"2026-05-31 04:33:00",created
18461,6154,"2026-05-31 07:06:36",assigned
18462,6154,"2026-05-31 17:21:01",resolved
18463,6155,"2026-06-22 19:29:00",created
18464,6155,"2026-06-22 20:06:20",assigned
18465,6155,"2026-06-22 22:35:44",resolved
18466,6156,"2026-07-18 07:54:00",created
18467,6156,"2026-07-18 09:44:42",assigned
18468,6156,"2026-07-18 17:07:33",resolved
18469,6157,"2026-05-31 19:33:00",created
18470,6157,"2026-05-31 21:12:32",assigned
18471,6157,"2026-06-01 03:50:42",resolved
18472,6158,"2026-06-12 12:31:00",created
18473,6158,"2026-06-12 13:24:31",assigned
18474,6158,"2026-06-12 16:58:37",resolved
18475,6159,"2026-06-01 17:25:00",created
18476,6159,"2026-06-01 17:45:43",assigned
18477,6159,"2026-06-01 19:08:38",resolved
18478,6160,"2026-05-07 18:58:00",created
18479,6160,"2026-05-07 22:25:26",assigned
18480,6160,"2026-05-08 12:15:13",resolved
18481,6161,"2026-05-08 10:28:00",created
18482,6161,"2026-05-08 11:57:06",assigned
18483,6161,"2026-05-08 17:53:31",resolved
18484,6162,"2026-05-28 23:37:00",created
18485,6162,"2026-05-29 00:24:21",assigned
18486,6162,"2026-05-29 03:33:46",resolved
18487,6163,"2026-07-18 16:08:00",created
18488,6163,"2026-07-18 16:48:26",assigned
18489,6163,"2026-07-18 19:30:11",resolved
18490,6164,"2026-07-15 18:14:00",created
18491,6164,"2026-07-15 21:08:22",assigned
18492,6164,"2026-07-16 08:45:53",resolved
18493,6165,"2026-06-13 01:25:00",created
18494,6165,"2026-06-13 02:22:23",assigned
18495,6165,"2026-06-13 06:11:58",resolved
18496,6166,"2026-06-24 09:23:00",created
18497,6166,"2026-06-24 10:06:35",assigned
18498,6166,"2026-06-24 13:00:58",resolved
18499,6167,"2026-05-06 08:32:00",created
18500,6167,"2026-05-06 08:56:06",assigned
18501,6167,"2026-05-06 10:32:33",resolved
18502,6168,"2026-07-08 15:34:00",created
18503,6168,"2026-07-08 21:06:09",assigned
18504,6168,"2026-07-09 19:14:48",resolved
18505,6169,"2026-07-03 05:38:00",created
18506,6169,"2026-07-03 11:13:58",assigned
18507,6169,"2026-07-04 09:37:53",resolved
18508,6170,"2026-07-03 06:49:00",created
18509,6170,"2026-07-03 07:33:02",assigned
18510,6170,"2026-07-03 10:29:12",resolved
18511,6171,"2026-07-17 05:10:00",created
18512,6171,"2026-07-17 06:38:14",assigned
18513,6171,"2026-07-17 12:31:11",resolved
18514,6172,"2026-05-28 17:07:00",created
18515,6172,"2026-05-28 20:33:31",assigned
18516,6172,"2026-05-29 10:19:38",resolved
18517,6173,"2026-05-02 14:54:00",created
18518,6173,"2026-05-02 20:43:17",assigned
18519,6173,"2026-05-03 20:00:25",resolved
18520,6174,"2026-07-13 12:18:00",created
18521,6174,"2026-07-13 17:09:07",assigned
18522,6174,"2026-07-14 12:33:37",resolved
18523,6175,"2026-06-21 14:15:00",created
18524,6175,"2026-06-21 15:13:59",assigned
18525,6175,"2026-06-21 19:09:56",resolved
18526,6176,"2026-05-07 17:13:00",created
18527,6176,"2026-05-07 17:59:22",assigned
18528,6176,"2026-05-07 21:04:50",resolved
18529,6177,"2026-06-14 15:52:00",created
18530,6177,"2026-06-14 18:03:02",assigned
18531,6177,"2026-06-15 02:47:11",resolved
18532,6178,"2026-06-27 06:59:00",created
18533,6178,"2026-06-27 08:54:18",assigned
18534,6178,"2026-06-27 16:35:30",resolved
18535,6179,"2026-06-29 15:45:00",created
18536,6179,"2026-06-29 19:20:21",assigned
18537,6179,"2026-06-30 09:41:48",resolved
18538,6180,"2026-05-30 05:24:00",created
18539,6180,"2026-05-30 07:14:52",assigned
18540,6180,"2026-05-30 14:38:20",resolved
18541,6181,"2026-06-07 00:32:00",created
18542,6181,"2026-06-07 01:38:55",assigned
18543,6181,"2026-06-07 06:06:35",resolved
18544,6182,"2026-06-04 01:31:00",created
18545,6182,"2026-06-04 04:12:29",assigned
18546,6182,"2026-06-04 14:58:28",resolved
18547,6183,"2026-07-15 20:29:00",created
18548,6183,"2026-07-15 21:14:07",assigned
18549,6183,"2026-07-16 00:14:37",resolved
18550,6184,"2026-06-16 21:38:00",created
18551,6184,"2026-06-17 01:37:21",assigned
18552,6184,"2026-06-17 17:34:47",resolved
18553,6185,"2026-06-16 15:02:00",created
18554,6185,"2026-06-16 19:45:14",assigned
18555,6185,"2026-06-17 14:38:11",resolved
18556,6186,"2026-05-01 15:39:00",created
18557,6186,"2026-05-01 17:22:56",assigned
18558,6186,"2026-05-02 00:18:44",resolved
18559,6187,"2026-07-24 08:16:00",created
18560,6187,"2026-07-24 08:55:02",assigned
18561,6187,"2026-07-24 11:31:11",resolved
18562,6188,"2026-05-28 08:22:00",created
18563,6188,"2026-05-28 10:02:42",assigned
18564,6188,"2026-05-28 16:45:34",resolved
18565,6189,"2026-06-08 21:07:00",created
18566,6189,"2026-06-09 00:16:01",assigned
18567,6189,"2026-06-09 12:52:09",resolved
18568,6190,"2026-07-10 17:51:00",created
18569,6190,"2026-07-10 19:08:54",assigned
18570,6190,"2026-07-11 00:20:32",resolved
18571,6191,"2026-06-23 23:48:00",created
18572,6191,"2026-06-24 00:47:55",assigned
18573,6191,"2026-06-24 04:47:37",resolved
18574,6192,"2026-06-22 14:56:00",created
18575,6192,"2026-06-22 16:19:35",assigned
18576,6192,"2026-06-22 21:53:57",resolved
18577,6193,"2026-07-21 16:20:00",created
18578,6193,"2026-07-21 17:35:19",assigned
18579,6193,"2026-07-21 22:36:39",resolved
18580,6194,"2026-05-06 13:01:00",created
18581,6194,"2026-05-06 19:55:45",assigned
18582,6194,"2026-05-07 23:34:46",resolved
18583,6195,"2026-05-23 08:34:00",created
18584,6195,"2026-05-23 09:39:06",assigned
18585,6195,"2026-05-23 13:59:33",resolved
18586,6196,"2026-06-23 17:14:00",created
18587,6196,"2026-06-23 19:42:41",assigned
18588,6196,"2026-06-24 05:37:27",resolved
18589,6197,"2026-05-27 16:47:00",created
18590,6197,"2026-05-27 17:44:18",assigned
18591,6197,"2026-05-27 21:33:32",resolved
18592,6198,"2026-06-07 17:28:00",created
18593,6198,"2026-06-07 21:03:49",assigned
18594,6198,"2026-06-08 11:27:07",resolved
18595,6199,"2026-07-07 11:12:00",created
18596,6199,"2026-07-07 12:20:46",assigned
18597,6199,"2026-07-07 16:55:52",resolved
18598,6200,"2026-07-09 11:51:00",created
18599,6200,"2026-07-09 13:19:49",assigned
18600,6200,"2026-07-09 19:15:09",resolved
18601,6201,"2026-07-27 16:08:00",created
18602,6201,"2026-07-27 18:00:20",assigned
18603,6201,"2026-07-28 01:29:42",resolved
18604,6202,"2026-07-11 01:51:00",created
18605,6202,"2026-07-11 02:47:19",assigned
18606,6202,"2026-07-11 06:32:36",resolved
18607,6203,"2026-05-07 18:24:00",created
18608,6203,"2026-05-07 20:44:16",assigned
18609,6203,"2026-05-08 06:05:22",resolved
18610,6204,"2026-06-05 13:02:00",created
18611,6204,"2026-06-05 14:32:32",assigned
18612,6204,"2026-06-05 20:34:43",resolved
18613,6205,"2026-07-12 20:09:00",created
18614,6205,"2026-07-12 20:57:03",assigned
18615,6205,"2026-07-13 00:09:16",resolved
18616,6206,"2026-07-28 10:47:00",created
18617,6206,"2026-07-28 13:57:55",assigned
18618,6206,"2026-07-29 02:41:35",resolved
18619,6207,"2026-05-26 17:30:00",created
18620,6207,"2026-05-26 18:11:40",assigned
18621,6207,"2026-05-26 20:58:22",resolved
18622,6208,"2026-07-21 18:21:00",created
18623,6208,"2026-07-21 19:22:20",assigned
18624,6208,"2026-07-21 23:27:40",resolved
18625,6209,"2026-06-03 15:19:00",created
18626,6209,"2026-06-03 17:04:55",assigned
18627,6209,"2026-06-04 00:08:39",resolved
18628,6210,"2026-05-16 02:03:00",created
18629,6210,"2026-05-16 09:07:11",assigned
18630,6210,"2026-05-17 13:23:56",resolved
18631,6211,"2026-06-29 08:23:00",created
18632,6211,"2026-06-29 09:14:53",assigned
18633,6211,"2026-06-29 12:42:28",resolved
18634,6212,"2026-07-09 20:34:00",created
18635,6212,"2026-07-09 21:08:28",assigned
18636,6212,"2026-07-09 23:26:24",resolved
18637,6213,"2026-06-04 00:23:00",created
18638,6213,"2026-06-04 01:42:26",assigned
18639,6213,"2026-06-04 07:00:12",resolved
18640,6214,"2026-05-05 08:30:00",created
18641,6214,"2026-05-05 09:27:20",assigned
18642,6214,"2026-05-05 13:16:42",resolved
18643,6215,"2026-06-27 04:30:00",created
18644,6215,"2026-06-27 09:05:58",assigned
18645,6215,"2026-06-28 03:29:53",resolved
18646,6216,"2026-07-10 15:38:00",created
18647,6216,"2026-07-10 17:47:18",assigned
18648,6216,"2026-07-11 02:24:32",resolved
18649,6217,"2026-06-26 19:02:00",created
18650,6217,"2026-06-26 20:03:11",assigned
18651,6217,"2026-06-27 00:07:58",resolved
18652,6218,"2026-05-14 16:56:00",created
18653,6218,"2026-05-14 20:13:46",assigned
18654,6218,"2026-05-15 09:24:50",resolved
18655,6219,"2026-06-09 18:31:00",created
18656,6219,"2026-06-09 20:33:26",assigned
18657,6219,"2026-06-10 04:43:11",resolved
18658,6220,"2026-06-30 09:34:00",created
18659,6220,"2026-06-30 11:39:40",assigned
18660,6220,"2026-06-30 20:02:20",resolved
18661,6221,"2026-05-28 12:23:00",created
18662,6221,"2026-05-28 13:17:03",assigned
18663,6221,"2026-05-28 16:53:17",resolved
18664,6222,"2026-05-14 10:57:00",created
18665,6222,"2026-05-14 11:58:43",assigned
18666,6222,"2026-05-14 16:05:36",resolved
18667,6223,"2026-06-30 14:19:00",created
18668,6223,"2026-06-30 15:09:05",assigned
18669,6223,"2026-06-30 18:29:26",resolved
18670,6224,"2026-05-04 01:18:00",created
18671,6224,"2026-05-04 01:56:41",assigned
18672,6224,"2026-05-04 04:31:28",resolved
18673,6225,"2026-06-15 08:48:00",created
18674,6225,"2026-06-15 09:29:41",assigned
18675,6225,"2026-06-15 12:16:27",resolved
18676,6226,"2026-06-06 03:48:00",created
18677,6226,"2026-06-06 04:48:58",assigned
18678,6226,"2026-06-06 08:52:52",resolved
18679,6227,"2026-06-04 17:30:00",created
18680,6227,"2026-06-04 20:13:06",assigned
18681,6227,"2026-06-05 07:05:32",resolved
18682,6228,"2026-06-27 16:19:00",created
18683,6228,"2026-06-27 17:26:28",assigned
18684,6228,"2026-06-27 21:56:23",resolved
18685,6229,"2026-07-17 09:10:00",created
18686,6229,"2026-07-17 10:20:12",assigned
18687,6229,"2026-07-17 15:01:01",resolved
18688,6230,"2026-06-24 23:23:00",created
18689,6230,"2026-06-25 01:39:03",assigned
18690,6230,"2026-06-25 10:43:19",resolved
18691,6231,"2026-05-11 04:33:00",created
18692,6231,"2026-05-11 05:42:48",assigned
18693,6231,"2026-05-11 10:22:04",resolved
18694,6232,"2026-06-26 21:31:00",created
18695,6232,"2026-06-26 23:07:21",assigned
18696,6232,"2026-06-27 05:32:45",resolved
18697,6233,"2026-07-03 22:00:00",created
18698,6233,"2026-07-03 23:00:05",assigned
18699,6233,"2026-07-04 03:00:27",resolved
18700,6234,"2026-07-07 23:23:00",created
18701,6234,"2026-07-08 01:01:05",assigned
18702,6234,"2026-07-08 07:33:28",resolved
18703,6235,"2026-06-05 11:35:00",created
18704,6235,"2026-06-05 13:37:19",assigned
18705,6235,"2026-06-05 21:46:38",resolved
18706,6236,"2026-05-20 15:02:00",created
18707,6236,"2026-05-20 16:41:00",assigned
18708,6236,"2026-05-20 23:17:04",resolved
18709,6237,"2026-05-08 11:31:00",created
18710,6237,"2026-05-08 12:40:41",assigned
18711,6237,"2026-05-08 17:19:27",resolved
18712,6238,"2026-06-23 01:07:00",created
18713,6238,"2026-06-23 03:38:40",assigned
18714,6238,"2026-06-23 13:45:22",resolved
18715,6239,"2026-07-05 19:13:00",created
18716,6239,"2026-07-05 21:06:49",assigned
18717,6239,"2026-07-06 04:42:06",resolved
18718,6240,"2026-05-24 17:20:00",created
18719,6240,"2026-05-25 00:05:58",assigned
18720,6240,"2026-05-26 03:09:52",resolved
18721,6241,"2026-06-15 19:28:00",created
18722,6241,"2026-06-15 21:01:18",assigned
18723,6241,"2026-06-16 03:14:34",resolved
18724,6242,"2026-05-24 22:29:00",created
18725,6242,"2026-05-24 23:07:18",assigned
18726,6242,"2026-05-25 01:40:33",resolved
18727,6243,"2026-05-03 15:40:00",created
18728,6243,"2026-05-03 17:00:23",assigned
18729,6243,"2026-05-03 22:21:57",resolved
18730,6244,"2026-05-12 15:26:00",created
18731,6244,"2026-05-12 17:33:48",assigned
18732,6244,"2026-05-13 02:05:01",resolved
18733,6245,"2026-05-08 01:33:00",created
18734,6245,"2026-05-08 02:54:37",assigned
18735,6245,"2026-05-08 08:21:07",resolved
18736,6246,"2026-06-14 02:52:00",created
18737,6246,"2026-06-14 04:24:48",assigned
18738,6246,"2026-06-14 10:36:02",resolved
18739,6247,"2026-05-04 17:15:00",created
18740,6247,"2026-05-04 17:59:33",assigned
18741,6247,"2026-05-04 20:57:49",resolved
18742,6248,"2026-07-03 14:47:00",created
18743,6248,"2026-07-03 17:05:28",assigned
18744,6248,"2026-07-04 02:19:22",resolved
18745,6249,"2026-06-01 22:03:00",created
18746,6249,"2026-06-01 22:36:45",assigned
18747,6249,"2026-06-02 00:51:48",resolved
18748,6250,"2026-07-13 23:38:00",created
18749,6250,"2026-07-14 00:41:38",assigned
18750,6250,"2026-07-14 04:56:10",resolved
18751,6251,"2026-06-28 10:59:00",created
18752,6251,"2026-06-28 12:48:48",assigned
18753,6251,"2026-06-28 20:08:03",resolved
18754,6252,"2026-05-07 03:38:00",created
18755,6252,"2026-05-07 04:49:27",assigned
18756,6252,"2026-05-07 09:35:19",resolved
18757,6253,"2026-05-18 11:49:00",created
18758,6253,"2026-05-18 13:58:54",assigned
18759,6253,"2026-05-18 22:38:30",resolved
18760,6254,"2026-07-05 23:07:00",created
18761,6254,"2026-07-06 01:34:18",assigned
18762,6254,"2026-07-06 11:23:34",resolved
18763,6255,"2026-05-28 08:57:00",created
18764,6255,"2026-05-28 12:20:43",assigned
18765,6255,"2026-05-29 01:55:39",resolved
18766,6256,"2026-06-09 12:34:00",created
18767,6256,"2026-06-09 14:54:13",assigned
18768,6256,"2026-06-10 00:15:08",resolved
18769,6257,"2026-07-23 21:12:00",created
18770,6257,"2026-07-23 23:09:58",assigned
18771,6257,"2026-07-24 07:01:54",resolved
18772,6258,"2026-05-25 07:37:00",created
18773,6258,"2026-05-25 08:56:44",assigned
18774,6258,"2026-05-25 14:15:44",resolved
18775,6259,"2026-05-07 16:07:00",created
18776,6259,"2026-05-07 18:57:58",assigned
18777,6259,"2026-05-08 06:21:54",resolved
18778,6260,"2026-05-06 02:03:00",created
18779,6260,"2026-05-06 02:58:09",assigned
18780,6260,"2026-05-06 06:38:45",resolved
18781,6261,"2026-06-03 09:14:00",created
18782,6261,"2026-06-03 10:36:10",assigned
18783,6261,"2026-06-03 16:04:52",resolved
18784,6262,"2026-05-24 04:26:00",created
18785,6262,"2026-05-24 05:17:36",assigned
18786,6262,"2026-05-24 08:44:04",resolved
18787,6263,"2026-07-16 18:53:00",created
18788,6263,"2026-07-16 23:39:13",assigned
18789,6263,"2026-07-17 18:44:05",resolved
18790,6264,"2026-05-21 05:31:00",created
18791,6264,"2026-05-21 06:10:01",assigned
18792,6264,"2026-05-21 08:46:05",resolved
18793,6265,"2026-06-04 03:48:00",created
18794,6265,"2026-06-04 04:09:06",assigned
18795,6265,"2026-06-04 05:33:30",resolved
18796,6266,"2026-05-23 06:56:00",created
18797,6266,"2026-05-23 08:44:36",assigned
18798,6266,"2026-05-23 15:59:03",resolved
18799,6267,"2026-07-08 20:05:00",created
18800,6267,"2026-07-08 21:04:10",assigned
18801,6267,"2026-07-09 01:00:52",resolved
18802,6268,"2026-05-09 08:31:00",created
18803,6268,"2026-05-09 09:17:54",assigned
18804,6268,"2026-05-09 12:25:34",resolved
18805,6269,"2026-05-28 11:49:00",created
18806,6269,"2026-05-28 12:50:02",assigned
18807,6269,"2026-05-28 16:54:13",resolved
18808,6270,"2026-05-25 02:18:00",created
18809,6270,"2026-05-25 03:53:32",assigned
18810,6270,"2026-05-25 10:15:40",resolved
18811,6271,"2026-06-05 19:10:00",created
18812,6271,"2026-06-05 20:36:23",assigned
18813,6271,"2026-06-06 02:21:57",resolved
18814,6272,"2026-05-22 03:18:00",created
18815,6272,"2026-05-22 04:04:17",assigned
18816,6272,"2026-05-22 07:09:29",resolved
18817,6273,"2026-05-09 04:22:00",created
18818,6273,"2026-05-09 07:05:16",assigned
18819,6273,"2026-05-09 17:58:23",resolved
18820,6274,"2026-06-10 07:25:00",created
18821,6274,"2026-06-10 09:59:19",assigned
18822,6274,"2026-06-10 20:16:39",resolved
18823,6275,"2026-07-17 05:19:00",created
18824,6275,"2026-07-17 06:04:34",assigned
18825,6275,"2026-07-17 09:06:52",resolved
18826,6276,"2026-07-15 02:49:00",created
18827,6276,"2026-07-15 04:54:07",assigned
18828,6276,"2026-07-15 13:14:37",resolved
18829,6277,"2026-05-21 04:27:00",created
18830,6277,"2026-05-21 05:53:38",assigned
18831,6277,"2026-05-21 11:40:14",resolved
18832,6278,"2026-05-31 14:58:00",created
18833,6278,"2026-05-31 17:39:40",assigned
18834,6278,"2026-06-01 04:26:23",resolved
18835,6279,"2026-06-21 12:52:00",created
18836,6279,"2026-06-21 14:32:41",assigned
18837,6279,"2026-06-21 21:15:27",resolved
18838,6280,"2026-06-09 09:43:00",created
18839,6280,"2026-06-09 15:45:54",assigned
18840,6280,"2026-06-10 15:57:33",resolved
18841,6281,"2026-05-02 14:01:00",created
18842,6281,"2026-05-02 16:11:09",assigned
18843,6281,"2026-05-03 00:51:49",resolved
18844,6282,"2026-06-26 18:06:00",created
18845,6282,"2026-06-26 20:32:29",assigned
18846,6282,"2026-06-27 06:18:28",resolved
18847,6283,"2026-05-29 08:54:00",created
18848,6283,"2026-05-29 10:25:30",assigned
18849,6283,"2026-05-29 16:31:30",resolved
18850,6284,"2026-07-19 00:09:00",created
18851,6284,"2026-07-19 01:15:27",assigned
18852,6284,"2026-07-19 05:41:19",resolved
18853,6285,"2026-05-23 08:13:00",created
18854,6285,"2026-05-23 08:57:00",assigned
18855,6285,"2026-05-23 11:53:01",resolved
18856,6286,"2026-06-16 03:45:00",created
18857,6286,"2026-06-16 05:58:34",assigned
18858,6286,"2026-06-16 14:52:52",resolved
18859,6287,"2026-05-25 15:34:00",created
18860,6287,"2026-05-25 19:15:02",assigned
18861,6287,"2026-05-26 09:59:14",resolved
18862,6288,"2026-05-25 06:33:00",created
18863,6288,"2026-05-25 07:14:37",assigned
18864,6288,"2026-05-25 10:01:08",resolved
18865,6289,"2026-07-09 18:35:00",created
18866,6289,"2026-07-09 19:44:27",assigned
18867,6289,"2026-07-10 00:22:18",resolved
18868,6290,"2026-06-13 22:32:00",created
18869,6290,"2026-06-14 01:24:52",assigned
18870,6290,"2026-06-14 12:56:24",resolved
18871,6291,"2026-05-25 18:34:00",created
18872,6291,"2026-05-25 20:29:50",assigned
18873,6291,"2026-05-26 04:13:10",resolved
18874,6292,"2026-07-24 23:57:00",created
18875,6292,"2026-07-25 00:52:41",assigned
18876,6292,"2026-07-25 04:35:29",resolved
18877,6293,"2026-06-28 04:46:00",created
18878,6293,"2026-06-28 07:04:53",assigned
18879,6293,"2026-06-28 16:20:26",resolved
18880,6294,"2026-05-30 23:34:00",created
18881,6294,"2026-05-31 02:21:01",assigned
18882,6294,"2026-05-31 13:29:08",resolved
18883,6295,"2026-06-25 04:14:00",created
18884,6295,"2026-06-25 05:57:11",assigned
18885,6295,"2026-06-25 12:49:57",resolved
18886,6296,"2026-05-26 18:14:00",created
18887,6296,"2026-05-26 19:14:02",assigned
18888,6296,"2026-05-26 23:14:11",resolved
18889,6297,"2026-05-19 08:40:00",created
18890,6297,"2026-05-19 09:36:39",assigned
18891,6297,"2026-05-19 13:23:17",resolved
18892,6298,"2026-07-29 19:41:00",created
18893,6298,"2026-07-29 23:04:33",assigned
18894,6298,"2026-07-30 12:38:45",resolved
18895,6299,"2026-07-09 08:52:00",created
18896,6299,"2026-07-09 10:45:53",assigned
18897,6299,"2026-07-09 18:21:29",resolved
18898,6300,"2026-07-14 21:35:00",created
18899,6300,"2026-07-14 22:57:56",assigned
18900,6300,"2026-07-15 04:29:41",resolved
18901,6301,"2026-05-08 11:07:00",created
18902,6301,"2026-05-08 13:02:17",assigned
18903,6301,"2026-05-08 20:43:25",resolved
18904,6302,"2026-07-22 16:21:00",created
18905,6302,"2026-07-22 18:14:25",assigned
18906,6302,"2026-07-23 01:48:09",resolved
18907,6303,"2026-06-26 22:28:00",created
18908,6303,"2026-06-27 00:38:10",assigned
18909,6303,"2026-06-27 09:18:54",resolved
18910,6304,"2026-07-19 16:23:00",created
18911,6304,"2026-07-19 17:22:51",assigned
18912,6304,"2026-07-19 21:22:18",resolved
18913,6305,"2026-06-28 20:39:00",created
18914,6305,"2026-06-28 21:02:07",assigned
18915,6305,"2026-06-28 22:34:38",resolved
18916,6306,"2026-07-28 08:54:00",created
18917,6306,"2026-07-28 10:32:59",assigned
18918,6306,"2026-07-28 17:08:55",resolved
18919,6307,"2026-07-22 19:06:00",created
18920,6307,"2026-07-22 20:24:10",assigned
18921,6307,"2026-07-23 01:36:51",resolved
18922,6308,"2026-06-15 16:39:00",created
18923,6308,"2026-06-15 18:03:04",assigned
18924,6308,"2026-06-15 23:39:23",resolved
18925,6309,"2026-06-23 16:39:00",created
18926,6309,"2026-06-23 17:50:41",assigned
18927,6309,"2026-06-23 22:37:29",resolved
18928,6310,"2026-05-04 00:11:00",created
18929,6310,"2026-05-04 01:24:44",assigned
18930,6310,"2026-05-04 06:19:44",resolved
18931,6311,"2026-05-09 13:32:00",created
18932,6311,"2026-05-09 14:55:14",assigned
18933,6311,"2026-05-09 20:28:14",resolved
18934,6312,"2026-07-04 05:24:00",created
18935,6312,"2026-07-04 06:41:59",assigned
18936,6312,"2026-07-04 11:53:59",resolved
18937,6313,"2026-07-21 19:32:00",created
18938,6313,"2026-07-21 20:30:10",assigned
18939,6313,"2026-07-22 00:22:52",resolved
18940,6314,"2026-05-11 23:35:00",created
18941,6314,"2026-05-12 01:05:43",assigned
18942,6314,"2026-05-12 07:08:35",resolved
18943,6315,"2026-06-01 04:15:00",created
18944,6315,"2026-06-01 05:36:33",assigned
18945,6315,"2026-06-01 11:02:45",resolved
18946,6316,"2026-07-14 03:55:00",created
18947,6316,"2026-07-14 05:20:43",assigned
18948,6316,"2026-07-14 11:03:35",resolved
18949,6317,"2026-07-25 18:58:00",created
18950,6317,"2026-07-25 21:07:10",assigned
18951,6317,"2026-07-26 05:43:51",resolved
18952,6318,"2026-06-28 08:16:00",created
18953,6318,"2026-06-28 09:37:54",assigned
18954,6318,"2026-06-28 15:05:34",resolved
18955,6319,"2026-07-04 16:12:00",created
18956,6319,"2026-07-04 18:01:04",assigned
18957,6319,"2026-07-05 01:17:20",resolved
18958,6320,"2026-06-15 20:31:00",created
18959,6320,"2026-06-15 21:36:34",assigned
18960,6320,"2026-06-16 01:58:53",resolved
18961,6321,"2026-05-26 10:08:00",created
18962,6321,"2026-05-26 13:03:10",assigned
18963,6321,"2026-05-27 00:43:52",resolved
18964,6322,"2026-06-12 07:18:00",created
18965,6322,"2026-06-12 08:16:11",assigned
18966,6322,"2026-06-12 12:08:59",resolved
18967,6323,"2026-06-20 01:52:00",created
18968,6323,"2026-06-20 04:04:21",assigned
18969,6323,"2026-06-20 12:53:49",resolved
18970,6324,"2026-06-25 19:38:00",created
18971,6324,"2026-06-25 21:34:50",assigned
18972,6324,"2026-06-26 05:22:12",resolved
18973,6325,"2026-05-08 20:58:00",created
18974,6325,"2026-05-08 21:38:17",assigned
18975,6325,"2026-05-09 00:19:27",resolved
18976,6326,"2026-06-22 20:37:00",created
18977,6326,"2026-06-22 22:15:58",assigned
18978,6326,"2026-06-23 04:51:52",resolved
18979,6327,"2026-06-07 00:51:00",created
18980,6327,"2026-06-07 03:05:10",assigned
18981,6327,"2026-06-07 12:01:51",resolved
18982,6328,"2026-07-15 18:59:00",created
18983,6328,"2026-07-15 20:13:02",assigned
18984,6328,"2026-07-16 01:09:13",resolved
18985,6329,"2026-05-14 10:04:00",created
18986,6329,"2026-05-14 13:54:12",assigned
18987,6329,"2026-05-15 05:15:00",resolved
18988,6330,"2026-07-14 19:48:00",created
18989,6330,"2026-07-14 21:57:25",assigned
18990,6330,"2026-07-15 06:35:09",resolved
18991,6331,"2026-07-22 19:56:00",created
18992,6331,"2026-07-22 20:51:08",assigned
18993,6331,"2026-07-23 00:31:40",resolved
18994,6332,"2026-07-07 22:54:00",created
18995,6332,"2026-07-08 00:47:51",assigned
18996,6332,"2026-07-08 08:23:15",resolved
18997,6333,"2026-06-19 16:58:00",created
18998,6333,"2026-06-19 17:56:26",assigned
18999,6333,"2026-06-19 21:50:11",resolved
19000,6334,"2026-07-05 19:16:00",created
19001,6334,"2026-07-05 22:46:36",assigned
19002,6334,"2026-07-06 12:49:02",resolved
19003,6335,"2026-06-02 07:22:00",created
19004,6335,"2026-06-02 08:36:52",assigned
19005,6335,"2026-06-02 13:36:20",resolved
19006,6336,"2026-05-02 21:46:00",created
19007,6336,"2026-05-03 00:33:46",assigned
19008,6336,"2026-05-03 11:44:52",resolved
19009,6337,"2026-06-20 07:02:00",created
19010,6337,"2026-06-20 08:12:53",assigned
19011,6337,"2026-06-20 12:56:27",resolved
19012,6338,"2026-07-08 10:24:00",created
19013,6338,"2026-07-08 11:23:20",assigned
19014,6338,"2026-07-08 15:20:40",resolved
19015,6339,"2026-06-22 15:22:00",created
19016,6339,"2026-06-22 18:31:38",assigned
19017,6339,"2026-06-23 07:10:14",resolved
19018,6340,"2026-07-28 06:03:00",created
19019,6340,"2026-07-28 07:32:14",assigned
19020,6340,"2026-07-28 13:29:14",resolved
19021,6341,"2026-05-24 02:18:00",created
19022,6341,"2026-05-24 03:17:24",assigned
19023,6341,"2026-05-24 07:15:04",resolved
19024,6342,"2026-06-26 09:06:00",created
19025,6342,"2026-06-26 10:03:01",assigned
19026,6342,"2026-06-26 13:51:07",resolved
19027,6343,"2026-05-06 13:29:00",created
19028,6343,"2026-05-06 14:49:48",assigned
19029,6343,"2026-05-06 20:13:00",resolved
19030,6344,"2026-05-30 14:10:00",created
19031,6344,"2026-05-30 15:21:47",assigned
19032,6344,"2026-05-30 20:08:58",resolved
19033,6345,"2026-07-15 23:16:00",created
19034,6345,"2026-07-16 03:57:31",assigned
19035,6345,"2026-07-16 22:43:39",resolved
19036,6346,"2026-06-28 07:49:00",created
19037,6346,"2026-06-28 08:25:13",assigned
19038,6346,"2026-06-28 10:50:09",resolved
19039,6347,"2026-07-17 16:16:00",created
19040,6347,"2026-07-17 16:56:46",assigned
19041,6347,"2026-07-17 19:39:53",resolved
19042,6348,"2026-06-03 08:06:00",created
19043,6348,"2026-06-03 09:46:27",assigned
19044,6348,"2026-06-03 16:28:17",resolved
19045,6349,"2026-05-12 16:18:00",created
19046,6349,"2026-05-12 17:04:16",assigned
19047,6349,"2026-05-12 20:09:21",resolved
19048,6350,"2026-06-04 23:33:00",created
19049,6350,"2026-06-05 01:20:56",assigned
19050,6350,"2026-06-05 08:32:44",resolved
19051,6351,"2026-06-07 00:40:00",created
19052,6351,"2026-06-07 02:52:48",assigned
19053,6351,"2026-06-07 11:44:00",resolved
19054,6352,"2026-07-24 18:06:00",created
19055,6352,"2026-07-24 19:53:59",assigned
19056,6352,"2026-07-25 03:05:58",resolved
19057,6353,"2026-06-29 05:42:00",created
19058,6353,"2026-06-29 08:41:24",assigned
19059,6353,"2026-06-29 20:39:02",resolved
19060,6354,"2026-07-19 09:41:00",created
19061,6354,"2026-07-19 12:07:35",assigned
19062,6354,"2026-07-19 21:53:55",resolved
19063,6355,"2026-05-03 16:53:00",created
19064,6355,"2026-05-03 18:11:10",assigned
19065,6355,"2026-05-03 23:23:53",resolved
19066,6356,"2026-05-04 11:41:00",created
19067,6356,"2026-05-04 13:38:56",assigned
19068,6356,"2026-05-04 21:30:42",resolved
19069,6357,"2026-05-13 16:27:00",created
19070,6357,"2026-05-13 17:10:21",assigned
19071,6357,"2026-05-13 20:03:49",resolved
19072,6358,"2026-07-28 07:33:00",created
19073,6358,"2026-07-28 08:30:37",assigned
19074,6358,"2026-07-28 12:21:06",resolved
19075,6359,"2026-05-24 23:57:00",created
19076,6359,"2026-05-25 00:56:02",assigned
19077,6359,"2026-05-25 04:52:14",resolved
19078,6360,"2026-06-05 23:38:00",created
19079,6360,"2026-06-06 03:47:48",assigned
19080,6360,"2026-06-06 20:27:03",resolved
19081,6361,"2026-06-16 05:03:00",created
19082,6361,"2026-06-16 06:04:48",assigned
19083,6361,"2026-06-16 10:12:02",resolved
19084,6362,"2026-07-18 06:55:00",created
19085,6362,"2026-07-18 09:16:22",assigned
19086,6362,"2026-07-18 18:41:54",resolved
19087,6363,"2026-07-14 22:42:00",created
19088,6363,"2026-07-15 00:51:58",assigned
19089,6363,"2026-07-15 09:31:54",resolved
19090,6364,"2026-05-12 02:02:00",created
19091,6364,"2026-05-12 03:06:24",assigned
19092,6364,"2026-05-12 07:24:02",resolved
19093,6365,"2026-05-12 23:09:00",created
19094,6365,"2026-05-13 00:54:29",assigned
19095,6365,"2026-05-13 07:56:25",resolved
19096,6366,"2026-06-28 22:05:00",created
19097,6366,"2026-06-29 02:39:45",assigned
19098,6366,"2026-06-29 20:58:46",resolved
19099,6367,"2026-06-14 14:13:00",created
19100,6367,"2026-06-14 15:07:32",assigned
19101,6367,"2026-06-14 18:45:40",resolved
19102,6368,"2026-05-13 04:40:00",created
19103,6368,"2026-05-13 06:16:45",assigned
19104,6368,"2026-05-13 12:43:45",resolved
19105,6369,"2026-06-21 14:22:00",created
19106,6369,"2026-06-21 15:23:53",assigned
19107,6369,"2026-06-21 19:31:29",resolved
19108,6370,"2026-07-09 09:25:00",created
19109,6370,"2026-07-09 10:41:36",assigned
19110,6370,"2026-07-09 15:48:03",resolved
19111,6371,"2026-05-28 12:29:00",created
19112,6371,"2026-05-28 13:30:38",assigned
19113,6371,"2026-05-28 17:37:12",resolved
19114,6372,"2026-05-23 08:12:00",created
19115,6372,"2026-05-23 09:58:49",assigned
19116,6372,"2026-05-23 17:06:07",resolved
19117,6373,"2026-05-09 20:51:00",created
19118,6373,"2026-05-10 01:01:15",assigned
19119,6373,"2026-05-10 17:42:18",resolved
19120,6374,"2026-07-28 07:12:00",created
19121,6374,"2026-07-28 08:32:13",assigned
19122,6374,"2026-07-28 13:53:08",resolved
19123,6375,"2026-05-03 14:35:00",created
19124,6375,"2026-05-03 15:04:22",assigned
19125,6375,"2026-05-03 17:01:50",resolved
19126,6376,"2026-05-19 13:42:00",created
19127,6376,"2026-05-19 15:25:01",assigned
19128,6376,"2026-05-19 22:17:08",resolved
19129,6377,"2026-06-26 05:27:00",created
19130,6377,"2026-06-26 08:33:50",assigned
19131,6377,"2026-06-26 21:01:10",resolved
19132,6378,"2026-05-28 05:39:00",created
19133,6378,"2026-05-28 07:07:13",assigned
19134,6378,"2026-05-28 13:00:06",resolved
19135,6379,"2026-05-07 13:11:00",created
19136,6379,"2026-05-07 15:11:49",assigned
19137,6379,"2026-05-07 23:15:06",resolved
19138,6380,"2026-06-26 07:46:00",created
19139,6380,"2026-06-26 08:45:02",assigned
19140,6380,"2026-06-26 12:41:12",resolved
19141,6381,"2026-05-06 12:05:00",created
19142,6381,"2026-05-06 12:26:17",assigned
19143,6381,"2026-05-06 13:51:26",resolved
19144,6382,"2026-05-09 00:03:00",created
19145,6382,"2026-05-09 01:00:39",assigned
19146,6382,"2026-05-09 04:51:18",resolved
19147,6383,"2026-05-30 19:03:00",created
19148,6383,"2026-05-30 20:59:38",assigned
19149,6383,"2026-05-31 04:46:12",resolved
19150,6384,"2026-05-08 04:13:00",created
19151,6384,"2026-05-08 05:40:19",assigned
19152,6384,"2026-05-08 11:29:37",resolved
19153,6385,"2026-05-10 16:37:00",created
19154,6385,"2026-05-10 17:59:32",assigned
19155,6385,"2026-05-10 23:29:44",resolved
19156,6386,"2026-07-21 22:04:00",created
19157,6386,"2026-07-21 22:57:51",assigned
19158,6386,"2026-07-22 02:33:19",resolved
19159,6387,"2026-05-12 20:22:00",created
19160,6387,"2026-05-12 23:13:49",assigned
19161,6387,"2026-05-13 10:41:08",resolved
19162,6388,"2026-06-08 14:13:00",created
19163,6388,"2026-06-08 15:15:34",assigned
19164,6388,"2026-06-08 19:25:50",resolved
19165,6389,"2026-05-27 07:57:00",created
19166,6389,"2026-05-27 09:30:05",assigned
19167,6389,"2026-05-27 15:42:29",resolved
19168,6390,"2026-07-20 08:15:00",created
19169,6390,"2026-07-20 12:26:55",assigned
19170,6390,"2026-07-21 05:14:37",resolved
19171,6391,"2026-07-22 04:53:00",created
19172,6391,"2026-07-22 05:35:45",assigned
19173,6391,"2026-07-22 08:26:47",resolved
19174,6392,"2026-06-02 17:58:00",created
19175,6392,"2026-06-02 19:05:06",assigned
19176,6392,"2026-06-02 23:33:31",resolved
19177,6393,"2026-07-18 16:02:00",created
19178,6393,"2026-07-18 16:39:35",assigned
19179,6393,"2026-07-18 19:09:59",resolved
19180,6394,"2026-07-01 17:53:00",created
19181,6394,"2026-07-01 19:39:32",assigned
19182,6394,"2026-07-02 02:45:42",resolved
19183,6395,"2026-05-05 23:45:00",created
19184,6395,"2026-05-06 00:20:42",assigned
19185,6395,"2026-05-06 02:43:33",resolved
19186,6396,"2026-06-12 02:27:00",created
19187,6396,"2026-06-12 05:25:04",assigned
19188,6396,"2026-06-12 17:17:21",resolved
19189,6397,"2026-07-26 05:47:00",created
19190,6397,"2026-07-26 06:40:09",assigned
19191,6397,"2026-07-26 10:12:45",resolved
19192,6398,"2026-06-18 19:06:00",created
19193,6398,"2026-06-18 21:39:28",assigned
19194,6398,"2026-06-19 07:53:23",resolved
19195,6399,"2026-07-01 04:43:00",created
19196,6399,"2026-07-01 18:38:28",assigned
19197,6399,"2026-07-04 02:20:24",resolved
19198,6400,"2026-05-12 11:47:00",created
19199,6400,"2026-05-12 13:08:29",assigned
19200,6400,"2026-05-12 18:34:26",resolved
19201,6401,"2026-06-17 21:46:00",created
19202,6401,"2026-06-17 22:36:07",assigned
19203,6401,"2026-06-18 01:56:39",resolved
19204,6402,"2026-07-26 01:13:00",created
19205,6402,"2026-07-26 03:08:44",assigned
19206,6402,"2026-07-26 10:51:42",resolved
19207,6403,"2026-05-09 12:38:00",created
19208,6403,"2026-05-09 14:27:00",assigned
19209,6403,"2026-05-09 21:43:03",resolved
19210,6404,"2026-06-08 23:32:00",created
19211,6404,"2026-06-09 01:07:35",assigned
19212,6404,"2026-06-09 07:29:58",resolved
19213,6405,"2026-06-18 06:18:00",created
19214,6405,"2026-06-18 08:15:13",assigned
19215,6405,"2026-06-18 16:04:08",resolved
19216,6406,"2026-06-02 10:04:00",created
19217,6406,"2026-06-02 12:05:50",assigned
19218,6406,"2026-06-02 20:13:14",resolved
19219,6407,"2026-05-01 05:44:00",created
19220,6407,"2026-05-01 06:49:36",assigned
19221,6407,"2026-05-01 11:12:01",resolved
19222,6408,"2026-06-26 04:26:00",created
19223,6408,"2026-06-26 05:40:36",assigned
19224,6408,"2026-06-26 10:39:00",resolved
19225,6409,"2026-05-29 23:25:00",created
19226,6409,"2026-05-30 01:12:32",assigned
19227,6409,"2026-05-30 08:22:40",resolved
19228,6410,"2026-06-06 03:21:00",created
19229,6410,"2026-06-06 05:34:21",assigned
19230,6410,"2026-06-06 14:27:49",resolved
19231,6411,"2026-06-18 00:31:00",created
19232,6411,"2026-06-18 05:28:03",assigned
19233,6411,"2026-06-19 01:16:18",resolved
19234,6412,"2026-06-14 06:10:00",created
19235,6412,"2026-06-14 07:39:31",assigned
19236,6412,"2026-06-14 13:37:36",resolved
19237,6413,"2026-06-03 05:57:00",created
19238,6413,"2026-06-03 07:07:15",assigned
19239,6413,"2026-06-03 11:48:16",resolved
19240,6414,"2026-06-24 01:37:00",created
19241,6414,"2026-06-24 03:22:29",assigned
19242,6414,"2026-06-24 10:24:26",resolved
19243,6415,"2026-05-10 07:08:00",created
19244,6415,"2026-05-10 08:04:37",assigned
19245,6415,"2026-05-10 11:51:07",resolved
19246,6416,"2026-05-22 23:26:00",created
19247,6416,"2026-05-23 00:02:35",assigned
19248,6416,"2026-05-23 02:28:56",resolved
19249,6417,"2026-07-28 06:47:00",created
19250,6417,"2026-07-28 07:52:29",assigned
19251,6417,"2026-07-28 12:14:26",resolved
19252,6418,"2026-07-15 01:19:00",created
19253,6418,"2026-07-15 03:16:43",assigned
19254,6418,"2026-07-15 11:07:36",resolved
19255,6419,"2026-07-22 20:12:00",created
19256,6419,"2026-07-22 21:33:13",assigned
19257,6419,"2026-07-23 02:58:06",resolved
19258,6420,"2026-07-18 12:48:00",created
19259,6420,"2026-07-18 16:22:31",assigned
19260,6420,"2026-07-19 06:40:39",resolved
19261,6421,"2026-05-28 14:12:00",created
19262,6421,"2026-05-28 16:07:29",assigned
19263,6421,"2026-05-28 23:49:29",resolved
19264,6422,"2026-06-14 11:06:00",created
19265,6422,"2026-06-14 12:57:35",assigned
19266,6422,"2026-06-14 20:23:58",resolved
19267,6423,"2026-06-18 08:05:00",created
19268,6423,"2026-06-18 09:10:34",assigned
19269,6423,"2026-06-18 13:32:51",resolved
19270,6424,"2026-05-02 15:50:00",created
19271,6424,"2026-05-02 17:30:45",assigned
19272,6424,"2026-05-03 00:13:46",resolved
19273,6425,"2026-06-01 21:58:00",created
19274,6425,"2026-06-01 23:31:32",assigned
19275,6425,"2026-06-02 05:45:44",resolved
19276,6426,"2026-06-26 09:45:00",created
19277,6426,"2026-06-26 13:11:36",assigned
19278,6426,"2026-06-27 02:58:02",resolved
19279,6427,"2026-07-22 17:50:00",created
19280,6427,"2026-07-22 20:49:01",assigned
19281,6427,"2026-07-23 08:45:05",resolved
19282,6428,"2026-05-13 05:52:00",created
19283,6428,"2026-05-13 08:53:41",assigned
19284,6428,"2026-05-13 21:00:29",resolved
19285,6429,"2026-07-03 13:29:00",created
19286,6429,"2026-07-03 14:47:00",assigned
19287,6429,"2026-07-03 19:59:03",resolved
19288,6430,"2026-05-19 22:44:00",created
19289,6430,"2026-05-20 05:45:19",assigned
19290,6430,"2026-05-21 09:50:35",resolved
19291,6431,"2026-06-11 09:53:00",created
19292,6431,"2026-06-11 11:42:57",assigned
19293,6431,"2026-06-11 19:02:49",resolved
19294,6432,"2026-05-01 09:48:00",created
19295,6432,"2026-05-01 10:56:09",assigned
19296,6432,"2026-05-01 15:28:45",resolved
19297,6433,"2026-07-18 04:32:00",created
19298,6433,"2026-07-18 07:40:56",assigned
19299,6433,"2026-07-18 20:16:42",resolved
19300,6434,"2026-07-14 08:09:00",created
19301,6434,"2026-07-14 09:28:04",assigned
19302,6434,"2026-07-14 14:44:20",resolved
19303,6435,"2026-07-06 07:25:00",created
19304,6435,"2026-07-06 10:01:50",assigned
19305,6435,"2026-07-06 20:29:14",resolved
19306,6436,"2026-07-09 15:48:00",created
19307,6436,"2026-07-09 18:30:23",assigned
19308,6436,"2026-07-10 05:19:55",resolved
19309,6437,"2026-07-08 04:30:00",created
19310,6437,"2026-07-08 06:51:43",assigned
19311,6437,"2026-07-08 16:18:36",resolved
19312,6438,"2026-07-18 15:55:00",created
19313,6438,"2026-07-18 17:29:58",assigned
19314,6438,"2026-07-18 23:49:50",resolved
19315,6439,"2026-05-18 08:43:00",created
19316,6439,"2026-05-18 09:21:19",assigned
19317,6439,"2026-05-18 11:54:38",resolved
19318,6440,"2026-07-04 19:16:00",created
19319,6440,"2026-07-04 20:07:30",assigned
19320,6440,"2026-07-04 23:33:33",resolved
19321,6441,"2026-06-10 12:47:00",created
19322,6441,"2026-06-10 14:20:29",assigned
19323,6441,"2026-06-10 20:34:26",resolved
19324,6442,"2026-07-08 05:03:00",created
19325,6442,"2026-07-08 06:23:18",assigned
19326,6442,"2026-07-08 11:44:34",resolved
19327,6443,"2026-06-17 04:03:00",created
19328,6443,"2026-06-17 06:05:14",assigned
19329,6443,"2026-06-17 14:14:14",resolved
19330,6444,"2026-07-03 06:17:00",created
19331,6444,"2026-07-03 07:11:19",assigned
19332,6444,"2026-07-03 10:48:37",resolved
19333,6445,"2026-06-20 04:11:00",created
19334,6445,"2026-06-20 06:01:12",assigned
19335,6445,"2026-06-20 13:22:02",resolved
19336,6446,"2026-07-29 23:40:00",created
19337,6446,"2026-07-30 00:30:48",assigned
19338,6446,"2026-07-30 03:54:00",resolved
19339,6447,"2026-07-14 16:58:00",created
19340,6447,"2026-07-14 20:34:43",assigned
19341,6447,"2026-07-15 11:01:36",resolved
19342,6448,"2026-06-24 12:43:00",created
19343,6448,"2026-06-24 13:48:47",assigned
19344,6448,"2026-06-24 18:11:55",resolved
19345,6449,"2026-07-24 15:05:00",created
19346,6449,"2026-07-24 16:06:44",assigned
19347,6449,"2026-07-24 20:13:44",resolved
19348,6450,"2026-07-11 11:42:00",created
19349,6450,"2026-07-11 13:22:42",assigned
19350,6450,"2026-07-11 20:05:34",resolved
19351,6451,"2026-07-04 01:55:00",created
19352,6451,"2026-07-04 04:41:19",assigned
19353,6451,"2026-07-04 15:46:38",resolved
19354,6452,"2026-06-15 13:24:00",created
19355,6452,"2026-06-15 15:58:26",assigned
19356,6452,"2026-06-16 02:16:12",resolved
19357,6453,"2026-05-10 11:02:00",created
19358,6453,"2026-05-10 11:56:54",assigned
19359,6453,"2026-05-10 15:36:31",resolved
19360,6454,"2026-06-17 16:28:00",created
19361,6454,"2026-06-17 18:50:21",assigned
19362,6454,"2026-06-18 04:19:49",resolved
19363,6455,"2026-05-16 09:53:00",created
19364,6455,"2026-05-16 12:13:26",assigned
19365,6455,"2026-05-16 21:35:12",resolved
19366,6456,"2026-05-14 06:15:00",created
19367,6456,"2026-05-14 08:06:00",assigned
19368,6456,"2026-05-14 15:30:00",resolved
19369,6457,"2026-06-30 14:17:00",created
19370,6457,"2026-06-30 15:30:34",assigned
19371,6457,"2026-06-30 20:24:50",resolved
19372,6458,"2026-06-18 15:23:00",created
19373,6458,"2026-06-18 16:32:12",assigned
19374,6458,"2026-06-18 21:09:02",resolved
19375,6459,"2026-07-20 21:56:00",created
19376,6459,"2026-07-20 22:57:33",assigned
19377,6459,"2026-07-21 03:03:48",resolved
19378,6460,"2026-06-26 23:51:00",created
19379,6460,"2026-06-27 01:07:09",assigned
19380,6460,"2026-06-27 06:11:45",resolved
19381,6461,"2026-07-05 05:44:00",created
19382,6461,"2026-07-05 08:03:38",assigned
19383,6461,"2026-07-05 17:22:10",resolved
19384,6462,"2026-06-11 15:05:00",created
19385,6462,"2026-06-11 16:08:48",assigned
19386,6462,"2026-06-11 20:24:03",resolved
19387,6463,"2026-05-04 15:05:00",created
19388,6463,"2026-05-04 17:00:02",assigned
19389,6463,"2026-05-05 00:40:13",resolved
19390,6464,"2026-07-02 11:03:00",created
19391,6464,"2026-07-02 13:42:32",assigned
19392,6464,"2026-07-03 00:20:42",resolved
19393,6465,"2026-07-16 15:44:00",created
19394,6465,"2026-07-16 16:41:40",assigned
19395,6465,"2026-07-16 20:32:20",resolved
19396,6466,"2026-05-14 09:52:00",created
19397,6466,"2026-05-14 10:42:22",assigned
19398,6466,"2026-05-14 14:03:53",resolved
19399,6467,"2026-06-26 22:47:00",created
19400,6467,"2026-06-26 23:48:46",assigned
19401,6467,"2026-06-27 03:55:51",resolved
19402,6468,"2026-07-17 19:38:00",created
19403,6468,"2026-07-17 23:06:24",assigned
19404,6468,"2026-07-18 13:00:04",resolved
19405,6469,"2026-07-04 19:22:00",created
19406,6469,"2026-07-04 20:47:11",assigned
19407,6469,"2026-07-05 02:27:58",resolved
19408,6470,"2026-06-05 21:23:00",created
19409,6470,"2026-06-05 23:23:23",assigned
19410,6470,"2026-06-06 07:24:56",resolved
19411,6471,"2026-07-01 15:34:00",created
19412,6471,"2026-07-01 16:28:02",assigned
19413,6471,"2026-07-01 20:04:11",resolved
19414,6472,"2026-05-14 07:01:00",created
19415,6472,"2026-05-14 08:06:58",assigned
19416,6472,"2026-05-14 12:30:53",resolved
19417,6473,"2026-07-22 07:00:00",created
19418,6473,"2026-07-22 10:13:01",assigned
19419,6473,"2026-07-22 23:05:06",resolved
19420,6474,"2026-06-30 15:22:00",created
19421,6474,"2026-06-30 16:30:32",assigned
19422,6474,"2026-06-30 21:04:43",resolved
19423,6475,"2026-07-06 20:19:00",created
19424,6475,"2026-07-06 21:29:01",assigned
19425,6475,"2026-07-07 02:09:09",resolved
19426,6476,"2026-07-26 18:55:00",created
19427,6476,"2026-07-26 21:06:38",assigned
19428,6476,"2026-07-27 05:53:11",resolved
19429,6477,"2026-07-12 16:04:00",created
19430,6477,"2026-07-12 16:35:16",assigned
19431,6477,"2026-07-12 18:40:24",resolved
19432,6478,"2026-06-19 04:37:00",created
19433,6478,"2026-06-19 06:58:31",assigned
19434,6478,"2026-06-19 16:24:37",resolved
19435,6479,"2026-05-04 14:52:00",created
19436,6479,"2026-05-04 17:08:36",assigned
19437,6479,"2026-05-05 02:15:02",resolved
19438,6480,"2026-07-08 08:24:00",created
19439,6480,"2026-07-08 10:51:37",assigned
19440,6480,"2026-07-08 20:42:07",resolved
19441,6481,"2026-05-15 22:05:00",created
19442,6481,"2026-05-16 00:58:38",assigned
19443,6481,"2026-05-16 12:33:10",resolved
19444,6482,"2026-07-23 18:56:00",created
19445,6482,"2026-07-23 20:10:25",assigned
19446,6482,"2026-07-24 01:08:06",resolved
19447,6483,"2026-05-13 06:02:00",created
19448,6483,"2026-05-13 07:45:51",assigned
19449,6483,"2026-05-13 14:41:18",resolved
19450,6484,"2026-05-15 22:10:00",created
19451,6484,"2026-05-16 00:12:29",assigned
19452,6484,"2026-05-16 08:22:29",resolved
19453,6485,"2026-06-30 01:00:00",created
19454,6485,"2026-06-30 03:06:20",assigned
19455,6485,"2026-06-30 11:31:44",resolved
19456,6486,"2026-05-03 23:26:00",created
19457,6486,"2026-05-04 02:32:07",assigned
19458,6486,"2026-05-04 14:56:38",resolved
19459,6487,"2026-06-22 20:44:00",created
19460,6487,"2026-06-22 23:03:16",assigned
19461,6487,"2026-06-23 08:20:24",resolved
19462,6488,"2026-06-28 16:05:00",created
19463,6488,"2026-06-28 17:13:05",assigned
19464,6488,"2026-06-28 21:45:29",resolved
19465,6489,"2026-05-09 00:45:00",created
19466,6489,"2026-05-09 02:17:38",assigned
19467,6489,"2026-05-09 08:28:13",resolved
19468,6490,"2026-06-21 01:47:00",created
19469,6490,"2026-06-21 03:25:10",assigned
19470,6490,"2026-06-21 09:57:54",resolved
19471,6491,"2026-07-24 19:12:00",created
19472,6491,"2026-07-24 20:30:34",assigned
19473,6491,"2026-07-25 01:44:52",resolved
19474,6492,"2026-06-08 07:20:00",created
19475,6492,"2026-06-08 08:58:10",assigned
19476,6492,"2026-06-08 15:30:51",resolved
19477,6493,"2026-06-24 21:28:00",created
19478,6493,"2026-06-25 00:27:18",assigned
19479,6493,"2026-06-25 12:24:34",resolved
19480,6494,"2026-06-13 19:45:00",created
19481,6494,"2026-06-13 20:41:47",assigned
19482,6494,"2026-06-14 00:28:56",resolved
19483,6495,"2026-07-20 14:31:00",created
19484,6495,"2026-07-20 14:56:13",assigned
19485,6495,"2026-07-20 16:37:06",resolved
19486,6496,"2026-07-01 07:29:00",created
19487,6496,"2026-07-01 11:41:27",assigned
19488,6496,"2026-07-02 04:31:19",resolved
19489,6497,"2026-07-28 10:38:00",created
19490,6497,"2026-07-28 12:03:40",assigned
19491,6497,"2026-07-28 17:46:22",resolved
19492,6498,"2026-06-14 03:22:00",created
19493,6498,"2026-06-14 05:11:09",assigned
19494,6498,"2026-06-14 12:27:46",resolved
19495,6499,"2026-06-23 22:33:00",created
19496,6499,"2026-06-23 23:45:25",assigned
19497,6499,"2026-06-24 04:35:08",resolved
19498,6500,"2026-06-10 16:26:00",created
19499,6500,"2026-06-10 17:58:20",assigned
19500,6500,"2026-06-11 00:07:42",resolved
