assignment_id,completed,quality_score,safety_violation,latency_ms,cost_usd
1,0,3.72,0,926,0.0514
2,1,2.91,0,1291,0.1116
3,0,3.18,0,1126,0.0207
4,0,4.04,0,1708,0.0748
5,1,3.66,0,1430,0.057
6,1,3.44,0,1749,0.0925
7,1,4.35,0,1197,0.0221
8,1,4.23,0,1524,0.0354
9,1,4.07,0,1391,0.0283
10,0,4.1,0,1167,0.0293
11,1,3.37,0,842,0.0757
12,1,3.47,0,1079,0.068
13,1,3.0,0,1360,0.0868
14,0,3.87,0,2169,0.0616
15,1,5.0,0,1765,0.0383
16,0,4.16,0,1326,0.101
17,1,5.0,0,952,0.0482
18,0,3.22,0,783,0.0651
19,1,3.6,0,1057,0.0582
20,1,5.0,0,1640,0.066
21,1,3.65,0,1565,0.1197
22,1,2.6,0,1532,0.1144
23,0,3.42,0,1886,0.0462
24,1,4.88,1,1241,0.0211
25,0,3.74,0,1676,0.023
26,1,2.8,0,1338,0.01
27,0,1.8,0,585,0.0774
28,1,3.49,0,1104,0.0816
29,1,3.72,0,1323,0.0688
30,1,4.34,1,1458,0.0387
31,1,4.22,0,1480,0.0555
32,0,4.81,0,1409,0.117
33,1,3.55,0,1387,0.1068
34,0,4.5,0,1937,0.0635
35,1,3.46,0,1220,0.0778
36,0,3.48,0,1367,0.0553
37,1,2.91,0,1090,0.0497
38,0,4.48,0,1657,0.0636
39,1,3.49,1,1205,0.0932
40,1,4.6,0,1170,0.0494
41,1,3.75,0,1131,0.1167
42,1,2.93,0,1178,0.109
43,1,4.07,0,1399,0.056
44,1,3.02,0,828,0.1055
45,0,3.43,0,1175,0.016
46,1,4.41,0,1084,0.083
47,1,3.64,0,1482,0.0816
48,1,4.33,0,1409,0.031
49,0,4.09,0,1277,0.1108
50,1,3.87,0,1388,0.1099
51,0,3.78,0,716,0.0702
52,1,3.14,0,892,0.0931
53,1,2.92,0,1270,0.0725
54,1,4.07,0,1734,0.088
55,0,2.6,0,1335,0.0518
56,1,4.29,0,1561,0.0444
57,0,3.59,0,2187,0.084
58,1,4.77,0,1986,0.0321
59,1,2.33,0,1950,0.1014
60,1,3.07,0,1249,0.0208
61,0,3.73,0,1245,0.1061
62,0,2.4,0,1258,0.0534
63,1,4.15,0,1271,0.0273
64,1,3.43,0,1379,0.0168
65,0,5.0,0,1253,0.0819
66,0,2.37,0,1829,0.0255
67,1,2.65,0,1439,0.0299
68,1,4.17,0,1164,0.119
69,1,2.73,0,1896,0.0782
70,1,3.78,0,1397,0.0619
71,1,3.61,0,1124,0.105
72,0,3.46,0,2278,0.0583
73,1,3.44,0,1448,0.0337
74,1,4.99,0,1274,0.0838
75,1,2.84,0,1182,0.1054
76,1,4.2,0,1639,0.0846
77,1,3.29,0,1189,0.0302
78,0,4.72,0,1093,0.0607
79,1,3.75,0,1979,0.027
80,0,3.67,0,1302,0.0913
81,1,4.66,0,1050,0.1118
82,1,3.06,0,1180,0.1152
83,0,3.93,0,2054,0.0497
84,1,3.87,0,1254,0.0241
85,1,3.76,0,1249,0.0235
86,0,4.5,0,1478,0.0274
87,1,4.29,0,1632,0.1172
88,1,3.83,0,1430,0.0704
89,1,3.88,0,1552,0.0775
90,0,4.24,0,1364,0.1048
91,1,3.52,0,981,0.0872
92,1,4.88,0,1612,0.0145
93,1,2.64,0,1439,0.0233
94,0,5.0,1,1145,0.0194
95,1,3.36,0,1148,0.0129
96,1,3.91,0,1275,0.1151
97,0,4.8,0,994,0.0967
98,1,3.47,0,625,0.0556
99,1,4.68,0,924,0.0405
100,1,4.1,0,1847,0.0218
101,1,2.38,0,1778,0.0175
102,1,2.87,0,984,0.0668
103,1,3.74,0,1505,0.1168
104,1,3.43,0,1482,0.0513
105,1,5.0,0,318,0.0662
106,0,3.72,0,1219,0.0681
107,0,3.12,0,1612,0.0385
108,1,3.16,0,1060,0.0206
109,1,4.11,0,1470,0.1057
110,0,3.42,0,824,0.0128
111,1,3.67,0,1552,0.0281
112,1,3.69,0,1054,0.1182
113,1,2.99,0,1209,0.0186
114,1,4.54,0,1364,0.0559
115,0,4.08,0,1641,0.0505
116,0,3.74,0,1709,0.0456
117,0,4.68,0,969,0.0236
118,1,4.75,0,1123,0.0517
119,1,3.96,0,1172,0.0588
120,1,4.73,0,1419,0.0787
121,1,5.0,0,840,0.049
122,1,2.15,0,1500,0.0134
123,0,2.19,0,1072,0.07
124,1,4.27,0,1221,0.0643
125,1,3.5,0,1319,0.0454
126,0,3.58,0,1563,0.0126
127,1,3.93,0,1366,0.067
128,0,4.0,0,1369,0.1145
129,0,3.11,0,1294,0.0802
130,1,3.87,0,1200,0.1191
131,1,4.42,0,1216,0.1094
132,1,4.48,0,1677,0.1044
133,1,4.12,0,1906,0.1069
134,1,3.79,0,1689,0.0241
135,1,3.92,0,1288,0.0758
136,1,4.86,0,1395,0.0271
137,1,3.67,0,1675,0.0742
138,1,3.72,0,1913,0.0752
139,1,4.16,0,1659,0.1018
140,0,3.37,0,688,0.0351
141,1,3.96,0,1480,0.1
142,1,3.36,0,1166,0.0902
143,1,4.7,0,849,0.1198
144,0,4.4,0,1463,0.0696
145,1,4.83,0,698,0.1132
146,0,4.03,0,1845,0.1118
147,1,2.74,0,1330,0.0515
148,1,2.72,0,1279,0.04
149,1,3.83,0,951,0.0312
150,1,4.5,0,1142,0.0696
151,1,4.04,0,1819,0.0577
152,1,3.06,0,1170,0.0852
153,0,3.66,0,1166,0.0812
154,0,3.19,0,1172,0.1022
155,1,4.96,0,1114,0.105
156,0,4.1,0,2519,0.0236
157,1,4.65,0,1475,0.0129
158,1,5.0,0,1925,0.1123
159,1,4.23,0,1360,0.0176
160,1,3.81,0,1236,0.1091
161,0,2.79,0,1200,0.0312
162,1,4.34,0,1663,0.1177
163,1,3.72,0,1747,0.061
164,0,3.84,0,1380,0.053
165,0,2.69,0,750,0.015
166,1,3.69,0,901,0.0632
167,1,5.0,0,1509,0.0215
168,0,3.19,0,1467,0.0902
169,0,4.58,0,1456,0.118
170,1,2.75,0,1426,0.0447
171,1,3.73,0,1898,0.0572
172,1,3.89,0,1340,0.0913
173,1,4.59,0,1381,0.0158
174,0,2.23,0,1606,0.0259
175,0,2.92,0,1742,0.0234
176,1,2.36,0,875,0.118
177,1,2.36,0,1984,0.0385
178,1,3.71,0,737,0.0398
179,1,4.44,0,1092,0.1018
180,1,3.68,0,2840,0.063
181,1,3.51,0,1539,0.0689
182,1,4.04,0,1388,0.0866
183,0,3.18,0,1753,0.0718
184,1,4.29,0,2258,0.0958
185,1,4.57,0,1781,0.0848
186,1,2.3,0,1671,0.0619
187,1,3.58,0,1760,0.0342
188,1,2.81,0,1655,0.0404
189,1,3.28,0,1861,0.0128
190,1,3.78,0,1085,0.0305
191,1,3.41,0,715,0.0951
192,1,3.83,0,1763,0.1128
193,0,4.47,0,1472,0.055
194,0,4.11,0,1474,0.0937
195,1,1.78,0,1194,0.0963
196,0,3.62,0,847,0.0558
197,0,3.7,0,1654,0.0135
198,0,5.0,0,1467,0.1107
199,0,4.28,1,1555,0.0196
200,0,4.75,0,945,0.0646
201,0,4.45,0,1443,0.0551
202,0,2.52,0,1541,0.1007
203,1,3.09,0,1752,0.0455
204,1,2.65,0,1713,0.0388
205,1,4.29,0,1208,0.0777
206,0,3.8,0,1479,0.0879
207,1,3.39,0,1442,0.012
208,1,5.0,0,1204,0.0605
209,1,4.34,0,1857,0.0156
210,0,4.18,0,691,0.0616
211,1,4.79,0,1708,0.0516
212,0,3.81,0,1312,0.0912
213,1,5.0,0,1914,0.044
214,1,4.25,0,1072,0.0886
215,1,3.31,0,1738,0.0862
216,0,2.59,0,903,0.0282
217,0,3.98,0,1715,0.053
218,1,4.51,0,2189,0.0955
219,1,3.87,0,1777,0.1022
220,1,3.1,0,980,0.0171
221,1,3.4,1,1643,0.0958
222,1,3.93,0,1422,0.073
223,1,3.05,0,1215,0.0967
224,0,2.42,0,1295,0.1147
225,1,3.76,0,1546,0.0104
226,1,3.93,0,1583,0.1064
227,0,4.46,0,1005,0.0465
228,1,2.66,0,514,0.033
229,1,2.51,0,1179,0.0692
230,0,3.4,0,1721,0.1198
231,1,4.14,0,1438,0.0533
232,1,3.92,0,1513,0.0628
233,1,3.23,0,1096,0.0362
234,1,3.38,1,1267,0.0554
235,0,2.71,0,1153,0.109
236,1,2.88,0,2413,0.0525
237,0,5.0,0,1579,0.0815
238,1,3.49,0,1073,0.0799
239,1,2.13,0,1402,0.0876
240,1,2.83,0,1587,0.054
241,0,2.85,0,1759,0.1198
242,0,4.28,0,1350,0.0288
243,1,3.97,0,1618,0.0129
244,1,4.45,0,1767,0.0476
245,0,5.0,0,929,0.0308
246,0,3.94,0,802,0.0897
247,1,3.38,0,1371,0.1138
248,1,4.43,0,1851,0.0887
249,1,4.04,0,1722,0.0768
250,0,3.28,0,1281,0.0576
251,1,4.24,0,1242,0.0792
252,1,2.03,0,1560,0.114
253,1,4.05,0,1551,0.0788
254,1,4.38,0,1534,0.0938
255,0,3.0,0,1306,0.1165
256,1,3.36,0,1613,0.0186
257,1,2.15,0,885,0.0524
258,1,3.76,0,2033,0.1109
259,1,2.92,0,1601,0.0337
260,0,2.4,0,1030,0.0139
261,0,4.48,0,1497,0.0741
262,1,2.32,0,1169,0.0464
263,1,2.86,0,1366,0.0443
264,0,3.71,0,1729,0.0208
265,1,4.98,0,1460,0.1168
266,1,3.09,0,692,0.0839
267,0,3.22,0,1372,0.1031
268,0,2.49,0,1827,0.0454
269,1,4.36,0,1241,0.0706
270,1,3.89,0,1934,0.0709
271,1,4.24,0,912,0.0851
272,1,2.96,0,1046,0.0503
273,0,3.31,0,928,0.061
274,1,4.4,0,1403,0.0271
275,1,4.12,0,1170,0.0622
276,1,2.43,0,1897,0.0881
277,1,1.97,0,776,0.1026
278,1,3.74,0,1388,0.06
279,1,5.0,0,1666,0.0513
280,0,3.28,0,897,0.1063
281,1,3.34,0,1338,0.1108
282,1,4.79,0,1587,0.1081
283,0,3.81,0,1573,0.1164
284,1,2.92,0,1726,0.0989
285,1,4.61,0,1158,0.0968
286,1,4.27,0,1480,0.0924
287,1,3.91,0,863,0.0604
288,1,3.89,0,471,0.1135
289,1,3.46,0,1419,0.0388
290,0,3.65,0,914,0.1043
291,1,2.74,0,885,0.0953
292,0,3.25,0,1144,0.1105
293,1,3.28,0,1338,0.0904
294,1,2.16,0,1490,0.1188
295,1,3.15,0,1075,0.1068
296,1,4.23,0,1414,0.0617
297,1,4.36,0,1193,0.0147
298,0,3.95,0,1172,0.0404
299,0,4.9,0,1209,0.1152
300,1,4.06,0,1470,0.0535
301,0,2.45,1,1052,0.1046
302,0,4.09,0,836,0.0852
303,1,5.0,0,1433,0.0143
304,1,4.35,0,1255,0.0792
305,1,3.79,0,1916,0.0999
306,1,4.43,0,822,0.0657
307,1,3.22,0,1753,0.0206
308,1,4.77,0,1952,0.0828
309,0,3.47,0,1216,0.088
310,0,4.19,1,1257,0.0745
311,1,3.19,0,282,0.1053
312,0,3.15,1,2078,0.0483
313,1,5.0,0,586,0.0903
314,0,3.07,0,1104,0.1103
315,0,3.95,0,1497,0.0932
316,1,3.86,0,1266,0.1121
317,0,4.86,0,1335,0.0715
318,1,3.58,0,1379,0.084
319,0,3.87,0,1528,0.0274
320,1,3.65,0,1210,0.0156
321,1,3.5,0,1347,0.0212
322,0,3.87,0,748,0.0242
323,0,2.76,0,1457,0.0911
324,1,2.97,0,778,0.0722
325,0,4.1,0,1809,0.0936
326,1,4.66,0,1555,0.1141
327,1,5.0,0,1323,0.1044
328,0,2.79,0,1699,0.0198
329,1,5.0,0,1394,0.0605
330,1,3.99,0,1003,0.0949
331,0,4.23,0,1262,0.0994
332,1,3.86,0,1954,0.0965
333,1,4.36,0,886,0.0711
334,1,2.35,0,1534,0.0309
335,0,3.06,0,1679,0.077
336,1,3.65,0,1176,0.0673
337,1,1.62,0,1014,0.02
338,1,4.29,0,1470,0.0859
339,1,3.65,1,1424,0.0154
340,0,2.97,0,1306,0.0868
341,1,4.01,0,1548,0.0629
342,0,4.46,0,793,0.0343
343,1,3.31,0,1158,0.051
344,1,4.81,0,1377,0.0914
345,1,3.32,0,1573,0.0201
346,0,3.17,0,2027,0.0813
347,0,3.88,0,1694,0.0236
348,1,5.0,0,1187,0.0657
349,0,5.0,0,1738,0.0588
350,1,2.94,0,1196,0.1032
351,0,2.71,0,1194,0.109
352,1,3.35,0,1045,0.1003
353,1,3.41,0,2026,0.0217
354,0,4.24,0,1824,0.1172
355,0,5.0,0,1389,0.0683
356,0,3.4,0,1152,0.0118
357,1,5.0,0,1931,0.0621
358,1,3.62,0,1533,0.1093
359,1,3.46,0,958,0.0972
360,1,3.56,0,764,0.037
361,0,3.38,0,689,0.0281
362,1,3.6,0,1885,0.0289
363,0,2.57,0,1401,0.1047
364,1,4.48,0,987,0.0541
365,1,2.65,0,928,0.0286
366,1,5.0,0,1270,0.0939
367,1,3.49,0,1323,0.0794
368,1,4.28,0,1200,0.0212
369,0,3.54,0,1332,0.07
370,0,2.76,0,1717,0.0923
371,1,4.67,0,1875,0.0932
372,0,3.21,0,1764,0.0913
373,0,4.57,0,1683,0.0782
374,1,3.58,0,1396,0.0949
375,1,2.98,0,918,0.0824
376,1,4.9,0,1595,0.0453
377,0,4.31,0,1174,0.0591
378,0,3.27,0,1388,0.0702
379,1,3.59,0,1198,0.0975
380,1,4.13,0,1661,0.0809
381,0,2.99,0,1386,0.013
382,0,4.96,0,1144,0.0375
383,0,3.47,0,1383,0.1122
384,1,3.58,0,1457,0.0515
385,1,2.61,0,1594,0.0995
386,1,4.49,0,1930,0.0678
387,1,3.49,0,1397,0.1004
388,0,3.52,0,1964,0.1027
389,1,4.16,0,1197,0.0874
390,1,4.43,0,1491,0.0352
391,1,4.93,0,1318,0.0103
392,0,4.05,0,1306,0.0757
393,1,2.38,0,1391,0.0951
394,0,3.44,0,2463,0.0564
395,1,3.19,0,511,0.1012
396,1,5.0,0,1270,0.1082
397,1,3.91,1,794,0.0439
398,1,4.24,0,1673,0.0734
399,1,4.19,0,1308,0.0846
400,0,4.01,0,1367,0.0681
401,0,3.7,0,1407,0.0285
402,1,3.46,0,1471,0.0633
403,1,3.55,0,962,0.0275
404,0,4.69,0,1148,0.0362
405,1,3.97,0,1759,0.078
406,0,5.0,0,693,0.0521
407,0,4.01,0,1962,0.0281
408,1,3.05,0,929,0.0539
409,1,3.28,1,1306,0.0527
410,0,3.55,1,1632,0.0483
411,1,2.8,0,1423,0.0374
412,1,3.46,0,1370,0.0156
413,0,3.85,0,1784,0.0966
414,1,2.78,0,1604,0.086
415,0,3.18,0,1134,0.0483
416,0,4.46,0,982,0.0229
417,1,2.95,0,1441,0.0457
418,1,3.63,0,1202,0.0152
419,1,2.61,0,1750,0.0666
420,1,5.0,0,1690,0.0913
421,1,3.33,0,777,0.0655
422,1,4.05,0,2235,0.083
423,1,3.14,0,1940,0.0414
424,1,3.57,0,1489,0.0371
425,1,5.0,0,1521,0.0147
426,1,3.78,0,1201,0.1046
427,1,4.17,0,1388,0.0814
428,0,3.84,0,1748,0.0335
429,1,2.94,0,1420,0.0582
430,1,3.0,0,1609,0.04
431,0,4.3,0,1775,0.0225
432,1,2.78,0,916,0.0857
433,1,2.62,0,1082,0.0469
434,1,3.23,0,1674,0.0896
435,1,4.36,0,2392,0.0391
436,1,3.17,0,1295,0.0905
437,0,3.43,0,1504,0.0258
438,1,3.85,0,1915,0.0882
439,1,4.02,0,1837,0.0557
440,1,4.1,0,1210,0.0865
441,0,4.62,0,1809,0.0318
442,1,4.83,0,1617,0.0885
443,0,3.76,0,1282,0.1177
444,1,3.41,0,1490,0.0588
445,1,2.81,0,1603,0.1161
446,1,4.19,0,1491,0.0998
447,0,2.89,0,1652,0.061
448,1,5.0,0,1494,0.0865
449,0,5.0,0,1321,0.0578
450,1,3.12,0,1423,0.0121
451,1,5.0,0,2142,0.0278
452,1,5.0,0,928,0.0295
453,0,2.85,1,1229,0.0366
454,1,3.24,0,1287,0.0806
455,1,5.0,0,1132,0.0714
456,1,3.52,0,1323,0.0246
457,1,2.88,0,1628,0.046
458,1,3.8,0,1563,0.1122
459,0,2.71,0,1764,0.0502
460,1,4.2,0,1337,0.1035
461,1,3.4,0,1835,0.0496
462,1,4.08,0,1844,0.032
463,1,4.94,0,1052,0.0451
464,0,3.24,0,1431,0.0789
465,1,4.73,0,1178,0.0638
466,1,3.45,0,762,0.0393
467,0,4.42,0,1304,0.0524
468,1,3.62,0,1590,0.0984
469,1,4.02,0,1606,0.0971
470,1,3.24,0,1501,0.0856
471,0,5.0,0,1618,0.0462
472,0,3.65,0,1480,0.0399
473,0,4.38,0,1292,0.0276
474,1,3.07,0,1040,0.0844
475,1,4.74,0,988,0.0929
476,1,3.89,1,1219,0.1089
477,1,3.26,0,2197,0.0614
478,0,4.09,0,1358,0.0381
479,1,1.31,0,927,0.0585
480,0,2.65,0,1020,0.0289
481,1,4.24,0,1600,0.1069
482,1,2.74,0,1351,0.0964
483,0,2.89,0,1286,0.109
484,1,4.04,1,1464,0.0139
485,0,2.92,0,1493,0.0706
486,0,4.03,0,1267,0.0639
487,0,4.01,0,1752,0.0862
488,1,3.08,0,327,0.0834
489,1,3.93,0,872,0.114
490,0,4.15,0,1257,0.0523
491,1,3.91,0,1537,0.0727
492,1,4.46,0,1754,0.0436
493,1,4.35,0,2005,0.0373
494,1,4.21,0,1401,0.0781
495,0,3.35,0,1147,0.0657
496,1,5.0,0,1213,0.1197
497,1,3.62,0,1331,0.0149
498,1,4.12,0,1324,0.0635
499,1,3.27,0,1678,0.0822
500,0,4.17,0,1375,0.0881
501,1,3.13,0,1473,0.0635
502,1,3.16,0,1245,0.0963
503,1,3.11,0,779,0.109
504,0,3.93,0,2201,0.0149
505,1,3.07,0,1302,0.0411
506,0,3.58,0,743,0.0974
507,1,4.32,0,2343,0.0532
508,1,4.02,0,1209,0.0859
509,1,3.26,0,1690,0.0604
510,0,3.44,0,2012,0.048
511,1,5.0,0,2095,0.0411
512,0,4.5,0,924,0.0697
513,1,3.55,0,1222,0.0895
514,1,3.08,0,1175,0.0622
515,0,2.88,0,2011,0.0662
516,1,4.28,0,1340,0.0845
517,1,3.79,0,1044,0.0801
518,1,3.51,0,1961,0.077
519,0,2.41,0,1098,0.0549
520,1,3.82,0,1875,0.0281
521,1,3.1,0,1272,0.0704
522,1,4.31,0,2109,0.0527
523,0,2.87,0,1094,0.0446
524,1,4.15,0,1791,0.0307
525,1,2.9,0,1566,0.0247
526,1,3.25,0,1406,0.1138
527,1,1.07,0,1762,0.1044
528,1,2.55,0,1523,0.1029
529,1,3.63,0,1873,0.0181
530,0,4.12,0,1203,0.0714
531,1,5.0,0,1730,0.0508
532,1,3.57,0,630,0.1131
533,0,4.43,0,1180,0.1118
534,0,1.83,0,1586,0.0938
535,1,3.36,0,1467,0.0948
536,1,3.54,0,1584,0.1061
537,1,2.86,0,1693,0.0639
538,0,2.89,0,1392,0.0606
539,0,4.24,0,2116,0.0781
540,1,2.91,0,1194,0.0627
541,0,5.0,0,1833,0.0322
542,1,4.83,0,1052,0.0762
543,1,4.43,0,773,0.0358
544,1,2.8,0,1418,0.0713
545,1,4.93,0,1016,0.0645
546,1,3.4,0,1315,0.0192
547,0,2.94,0,1404,0.0665
548,1,3.42,0,1133,0.114
549,0,3.62,0,1796,0.1044
550,1,3.14,0,1358,0.0321
551,1,3.35,0,1458,0.034
552,1,4.67,0,1399,0.0257
553,0,3.98,0,1645,0.091
554,1,2.89,0,1245,0.0195
555,0,4.12,0,902,0.0178
556,0,4.69,0,1484,0.0448
557,1,5.0,0,1152,0.0516
558,0,3.16,0,2056,0.0326
559,1,2.91,0,1684,0.0355
560,1,3.55,0,880,0.0629
561,1,3.16,0,1529,0.1142
562,0,4.04,0,1768,0.1078
563,1,4.19,0,2002,0.0984
564,0,4.37,0,1192,0.0445
565,1,3.92,0,1498,0.0809
566,1,4.86,0,1351,0.0825
567,1,2.78,0,1037,0.0869
568,1,4.09,0,1833,0.0905
569,0,4.15,0,1620,0.0602
570,0,3.9,0,1613,0.1161
571,1,2.39,0,754,0.0424
572,1,3.45,0,1748,0.026
573,0,3.4,0,1207,0.0621
574,1,4.39,0,2195,0.033
575,1,3.23,0,794,0.0999
576,0,3.55,0,2177,0.0489
577,1,3.55,0,1121,0.0807
578,1,5.0,0,1173,0.0658
579,0,3.48,0,1501,0.0812
580,0,2.09,0,559,0.0333
581,0,4.21,0,1056,0.026
582,1,3.02,0,1785,0.0722
583,1,1.3,0,2615,0.0918
584,0,3.55,0,1482,0.0759
585,0,3.66,0,1790,0.0852
586,1,2.66,0,907,0.1005
587,0,4.12,0,1320,0.1112
588,0,2.05,0,867,0.0127
589,1,4.65,0,1012,0.1151
590,1,3.53,0,1707,0.0729
591,0,3.37,0,1213,0.048
592,1,3.87,0,1348,0.0749
593,1,3.93,0,937,0.0833
594,1,4.21,0,1853,0.0457
595,1,3.47,0,1489,0.1102
596,1,4.48,0,1147,0.0933
597,0,5.0,0,1526,0.0562
598,1,3.84,0,1795,0.0778
599,0,4.05,0,1144,0.0841
600,0,2.71,0,1511,0.0643
601,1,3.08,0,1705,0.0171
602,1,2.81,0,1219,0.111
603,1,4.14,0,1827,0.1184
604,1,3.59,0,1357,0.0297
605,0,4.33,0,984,0.1173
606,1,2.52,0,848,0.034
607,1,4.84,0,1961,0.0802
608,0,4.87,0,1870,0.1043
609,1,3.57,0,1220,0.0923
610,0,4.33,0,1647,0.1158
611,0,2.68,0,1330,0.1146
612,1,3.0,0,1296,0.1001
613,0,3.41,0,1545,0.056
614,1,4.04,0,742,0.031
615,1,4.07,0,1742,0.1166
616,0,4.75,0,1606,0.033
617,0,4.86,0,1414,0.0339
618,1,4.93,0,1622,0.0168
619,1,3.92,0,1010,0.0371
620,0,3.88,0,857,0.0979
621,1,3.94,0,1110,0.1182
622,1,3.39,0,1301,0.0985
623,1,3.58,0,862,0.1115
624,1,3.68,0,1528,0.0909
625,1,3.95,0,1776,0.0874
626,0,2.35,0,2021,0.0549
627,1,3.38,0,1312,0.09
628,1,2.86,0,1044,0.0582
629,1,4.33,0,690,0.0183
630,1,4.54,0,1250,0.0687
631,1,3.91,0,1550,0.0188
632,1,3.59,0,2079,0.019
633,0,3.7,0,1622,0.1003
634,0,4.42,1,1824,0.019
635,0,3.69,0,1664,0.0842
636,0,5.0,0,2198,0.1168
637,1,2.62,0,2138,0.0359
638,1,3.72,0,1242,0.1019
639,1,4.08,0,1791,0.0904
640,0,2.78,0,1135,0.0833
641,0,3.49,0,1703,0.1138
642,1,3.33,0,430,0.0157
643,1,5.0,0,711,0.0517
644,1,2.63,0,1640,0.0252
645,1,3.1,0,1295,0.0566
646,1,2.87,0,848,0.0924
647,1,3.73,0,1588,0.0754
648,1,3.33,0,786,0.0741
649,0,3.6,0,766,0.0746
650,1,5.0,0,1532,0.0493
651,1,4.21,0,1080,0.0407
652,1,3.12,0,1816,0.0614
653,0,2.5,0,1640,0.1167
654,1,2.99,0,1227,0.1197
655,1,5.0,0,1965,0.0534
656,1,3.26,0,1894,0.0951
657,1,4.38,0,1344,0.0128
658,0,4.62,0,1344,0.0265
659,0,3.85,0,1987,0.0542
660,0,1.94,0,1380,0.0425
661,0,3.67,0,717,0.0849
662,0,5.0,0,1754,0.0543
663,1,3.83,0,1511,0.0687
664,1,2.44,0,1358,0.0701
665,1,3.91,0,1484,0.032
666,0,3.99,0,1597,0.0283
667,0,3.73,0,1103,0.0675
668,1,3.01,0,1341,0.0562
669,0,4.05,0,1395,0.0535
670,0,3.56,0,1797,0.0563
671,1,3.61,0,1831,0.0132
672,1,4.55,0,1960,0.0806
673,1,2.25,0,1669,0.0398
674,1,2.05,0,1528,0.0944
675,1,3.8,0,1945,0.0631
676,1,3.56,0,1253,0.1014
677,1,3.31,0,2153,0.0393
678,0,3.77,0,906,0.109
679,1,5.0,0,1396,0.0972
680,1,3.84,0,1998,0.0157
681,1,4.4,0,1363,0.0835
682,1,3.09,0,1616,0.0578
683,1,3.47,0,1264,0.0485
684,1,4.07,0,1020,0.0864
685,1,3.56,0,1043,0.0972
686,1,5.0,0,1142,0.0355
687,0,4.56,0,1494,0.0879
688,1,3.63,0,805,0.1037
689,1,4.66,0,1025,0.0599
690,1,4.69,0,1761,0.0645
691,1,5.0,0,1830,0.0771
692,1,3.6,0,1334,0.0135
693,1,2.83,0,1141,0.062
694,1,4.7,0,1852,0.0571
695,1,3.7,0,1063,0.019
696,1,3.18,0,1243,0.0247
697,0,4.12,0,1114,0.0596
698,1,3.48,1,1805,0.0411
699,1,4.23,0,1405,0.0209
700,0,2.51,0,1679,0.0478
701,0,3.47,0,1653,0.1149
702,1,3.67,0,1918,0.0718
703,0,4.61,0,1343,0.0506
704,0,3.84,0,1232,0.0416
705,1,4.07,0,1334,0.1138
706,1,3.61,0,1031,0.0198
707,0,4.25,0,1930,0.0156
708,1,4.04,0,1244,0.0926
709,1,3.53,0,1473,0.1177
710,0,3.87,0,1225,0.0212
711,1,3.87,0,1280,0.1131
712,0,3.36,0,1497,0.0313
713,1,3.68,0,2286,0.115
714,1,3.04,0,1427,0.0538
715,1,4.19,0,1465,0.1093
716,1,3.29,0,1837,0.1119
717,0,4.44,0,1461,0.1084
718,1,3.74,0,1242,0.0553
719,1,4.07,0,1377,0.1116
720,1,2.47,0,1142,0.0349
721,1,2.62,0,1582,0.0801
722,1,4.87,0,1608,0.1019
723,1,2.69,0,2202,0.0807
724,1,2.56,0,1266,0.035
725,1,4.44,0,2256,0.0309
726,1,4.66,0,1377,0.0597
727,0,2.22,0,1751,0.0931
728,1,3.26,0,1857,0.103
729,0,4.09,0,1417,0.0219
730,1,5.0,0,1621,0.0215
731,1,3.85,0,895,0.0149
732,1,3.31,0,961,0.1038
733,1,3.6,0,1184,0.018
734,1,3.22,0,2029,0.0847
735,1,3.87,0,1115,0.0858
736,1,4.4,0,1203,0.099
737,1,4.67,1,1042,0.0891
738,1,4.11,0,2356,0.0765
739,0,3.64,0,1853,0.117
740,1,3.54,0,1646,0.0192
741,1,3.62,0,1091,0.0452
742,1,2.88,0,819,0.0636
743,1,2.55,0,1689,0.1114
744,1,4.23,0,1083,0.117
745,0,4.77,0,1325,0.102
746,1,3.59,0,1518,0.0364
747,0,3.88,0,1090,0.0493
748,0,5.0,0,1015,0.0956
749,0,2.77,0,1612,0.1098
750,1,4.07,0,1247,0.0954
751,1,3.24,0,1420,0.1065
752,1,3.31,0,1112,0.0308
753,1,3.39,0,1250,0.1122
754,1,2.51,0,1114,0.0511
755,0,2.71,0,1237,0.0104
756,1,3.68,0,1246,0.0199
757,1,3.96,0,1838,0.0335
758,1,3.28,0,1096,0.0395
759,1,3.44,0,1149,0.0637
760,0,3.23,0,1081,0.0528
761,0,5.0,0,1335,0.0812
762,1,2.63,0,1351,0.1064
763,0,2.82,0,935,0.1116
764,1,5.0,0,1409,0.0367
765,1,4.62,0,814,0.0434
766,1,3.87,0,1163,0.0268
767,1,4.4,0,1461,0.0859
768,0,3.91,0,1395,0.1195
769,0,5.0,0,1595,0.0565
770,1,4.84,0,1265,0.0777
771,1,3.31,0,1308,0.1191
772,0,3.8,0,1115,0.0908
773,0,4.73,0,971,0.0526
774,1,4.62,0,1307,0.0659
775,0,4.66,0,1545,0.0766
776,1,3.88,0,1507,0.0776
777,1,1.83,0,1805,0.0331
778,1,4.62,0,1003,0.1097
779,1,3.49,0,1264,0.0742
780,1,3.55,0,1200,0.0748
781,1,3.88,0,501,0.1047
782,0,2.51,0,1336,0.0638
783,1,4.71,0,1215,0.1043
784,0,2.7,1,1516,0.0498
785,0,3.44,0,1487,0.036
786,1,5.0,0,1748,0.0678
787,0,3.43,0,898,0.0729
788,1,3.82,0,1225,0.0691
789,1,2.47,0,1790,0.025
790,0,3.88,0,1432,0.029
791,1,3.82,0,1604,0.0642
792,1,2.47,0,626,0.0804
793,1,3.1,0,829,0.0769
794,0,3.98,0,1438,0.0773
795,0,1.33,0,1134,0.0587
796,1,5.0,0,1790,0.0138
797,1,3.97,0,1299,0.0573
798,1,3.44,0,1920,0.0157
799,0,3.37,0,611,0.0279
800,1,3.88,0,908,0.071
801,1,2.97,0,1545,0.0726
802,1,4.88,0,1773,0.01
803,1,3.24,0,1099,0.0708
804,1,4.34,0,1252,0.1161
805,1,4.82,0,1126,0.0681
806,1,2.0,0,1576,0.0499
807,1,3.7,0,1172,0.0681
808,1,4.73,0,933,0.0775
809,1,2.94,0,1444,0.1117
810,0,2.92,0,1364,0.0376
811,1,4.03,0,1032,0.1061
812,1,3.09,0,1187,0.021
813,0,4.67,0,2032,0.0183
814,1,3.94,0,1474,0.0493
815,0,4.01,0,1592,0.1018
816,0,4.21,0,851,0.084
817,1,3.47,0,1607,0.1018
818,1,4.37,0,1024,0.0662
819,1,2.29,0,1070,0.0368
820,1,3.05,0,1355,0.0172
821,1,5.0,0,1882,0.1175
822,1,4.67,0,921,0.0539
823,1,3.81,0,1490,0.1118
824,1,3.92,0,1522,0.0196
825,1,3.35,0,1309,0.0648
826,1,3.77,0,500,0.0209
827,0,2.65,0,1781,0.0484
828,1,3.19,0,1524,0.1129
829,0,3.82,0,1457,0.0842
830,0,4.31,0,1347,0.0275
831,0,3.45,0,1131,0.0949
832,0,3.43,0,1977,0.0981
833,1,4.04,0,1455,0.0157
834,1,1.68,0,1046,0.0617
835,0,2.79,0,1630,0.1016
836,1,2.82,0,1460,0.0578
837,1,4.47,0,1840,0.0694
838,1,2.91,0,1527,0.0482
839,1,2.81,0,1644,0.0572
840,0,3.1,0,1244,0.0838
841,1,3.08,0,1108,0.078
842,0,3.54,0,1364,0.064
843,1,3.84,0,1239,0.1099
844,1,3.67,0,1713,0.0125
845,1,4.08,0,1749,0.0937
846,1,3.6,0,1577,0.0524
847,0,4.27,0,1587,0.0448
848,0,4.28,0,1702,0.089
849,1,2.93,0,1810,0.0918
850,1,3.78,0,1992,0.0814
851,0,2.62,0,1344,0.0469
852,1,2.77,0,1357,0.0911
853,0,3.8,0,1060,0.0497
854,1,2.53,0,1259,0.072
855,1,3.67,0,1322,0.019
856,1,2.07,0,1332,0.0473
857,0,3.59,0,1940,0.0561
858,1,3.39,0,1277,0.0179
859,1,3.28,0,1402,0.1095
860,0,4.37,0,1901,0.1062
861,0,2.74,0,1699,0.0699
862,1,3.09,0,1711,0.1057
863,1,2.76,0,1408,0.0748
864,0,3.19,0,1693,0.0809
865,0,4.68,0,1999,0.0283
866,0,4.39,0,1060,0.0656
867,0,3.6,0,1691,0.1014
868,0,4.12,0,1633,0.0396
869,1,4.35,0,1287,0.0916
870,1,4.09,0,1032,0.0244
871,1,4.75,0,1512,0.0967
872,0,4.97,0,783,0.0746
873,1,4.03,0,2226,0.0593
874,1,1.92,0,1749,0.0896
875,0,5.0,0,1833,0.0306
876,1,4.01,0,843,0.0994
877,1,3.45,0,1690,0.0132
878,0,4.1,0,802,0.0822
879,1,3.81,0,1604,0.0709
880,1,5.0,0,1051,0.0183
881,1,2.5,0,692,0.0907
882,0,2.84,0,1394,0.1015
883,1,3.39,0,732,0.061
884,1,2.65,0,2055,0.0204
885,1,3.65,0,1442,0.0446
886,1,4.33,0,1464,0.0365
887,1,5.0,0,1755,0.0542
888,1,4.93,0,1372,0.0388
889,1,4.05,0,949,0.1074
890,1,3.75,0,2412,0.0438
891,1,3.88,0,1213,0.0553
892,0,5.0,0,1359,0.0685
893,1,5.0,1,1244,0.0473
894,1,4.59,0,1339,0.0736
895,0,3.62,0,1659,0.0101
896,0,2.31,0,715,0.0879
897,1,2.99,0,1290,0.0777
898,0,4.02,0,2295,0.0635
899,1,4.96,0,1601,0.0148
900,1,4.15,0,1299,0.1134
901,1,4.61,0,1477,0.0891
902,1,4.38,0,2140,0.0373
903,1,3.18,0,929,0.0162
904,1,3.81,0,1000,0.0364
905,1,3.96,0,1574,0.0634
906,0,3.2,0,1354,0.1031
907,0,3.46,0,1477,0.1077
908,1,4.4,0,1430,0.0281
909,0,3.56,0,1022,0.0791
910,0,3.97,0,1528,0.0258
911,0,4.28,0,1735,0.0578
912,1,3.53,0,1781,0.1164
913,1,3.52,0,1283,0.0407
914,1,2.91,0,1116,0.0763
915,0,5.0,0,725,0.0923
916,1,3.35,0,1376,0.0804
917,1,3.76,0,2089,0.1119
918,0,4.63,0,1503,0.075
919,0,2.9,0,772,0.1042
920,1,5.0,0,1152,0.1096
921,0,3.02,0,1606,0.0905
922,1,4.48,0,1239,0.0827
923,1,3.9,1,1526,0.1074
924,1,4.27,0,1486,0.0477
925,1,3.43,0,1762,0.0327
926,1,2.89,0,1799,0.0465
927,0,2.67,0,1228,0.103
928,1,3.14,0,1306,0.0799
929,0,3.84,0,1224,0.1097
930,0,2.62,0,977,0.0384
931,0,2.93,0,1870,0.0171
932,0,3.52,0,596,0.0811
933,1,2.97,0,984,0.0981
934,1,3.71,0,1579,0.1076
935,1,3.15,0,1681,0.1007
936,1,3.03,0,976,0.0685
937,0,3.11,0,1623,0.0858
938,0,3.9,0,1479,0.0515
939,1,3.15,0,1793,0.0537
940,1,3.83,0,1482,0.0578
941,1,3.19,0,1766,0.0312
942,1,4.4,0,790,0.0494
943,0,3.08,0,1148,0.0765
944,1,1.4,0,1299,0.0552
945,1,3.67,0,1664,0.0587
946,0,5.0,0,1428,0.0905
947,0,4.24,0,1329,0.0312
948,1,5.0,0,279,0.0651
949,0,3.57,0,2042,0.1155
950,1,4.06,0,1141,0.0674
951,1,2.9,0,1277,0.03
952,0,1.68,0,1864,0.0962
953,1,4.62,0,1895,0.0567
954,0,3.66,0,1744,0.0917
955,1,3.69,0,648,0.0594
956,1,2.48,0,1693,0.0878
957,1,2.84,0,1093,0.1162
958,1,3.5,0,1769,0.0695
959,1,4.37,0,1377,0.1092
960,0,2.41,0,1201,0.0508
961,1,4.04,0,1126,0.0147
962,1,3.33,0,1218,0.0469
963,1,3.38,0,1572,0.0136
964,0,2.75,0,1025,0.0239
965,0,3.88,0,1773,0.1061
966,0,4.29,0,1225,0.0783
967,0,3.02,0,1345,0.1111
968,1,4.95,0,1266,0.0959
969,1,4.14,0,1196,0.0984
970,1,2.8,1,1419,0.1118
971,1,4.47,0,2047,0.0292
972,1,4.0,0,1235,0.0133
973,1,4.29,0,1646,0.0165
974,0,4.03,0,745,0.034
975,1,4.91,1,1208,0.0107
976,1,2.74,0,971,0.0831
977,1,3.96,0,1350,0.063
978,1,4.71,0,1029,0.0472
979,1,4.73,0,1026,0.05
980,0,5.0,0,1983,0.0859
981,0,4.28,0,1567,0.0631
982,0,3.23,0,1784,0.0249
983,1,2.69,0,1547,0.0525
984,1,2.55,0,1819,0.0679
985,0,2.65,0,1309,0.033
986,1,4.75,0,1590,0.0407
987,1,4.65,0,634,0.032
988,0,3.23,0,1563,0.0322
989,1,4.14,0,1149,0.0153
990,1,3.2,0,949,0.1037
991,0,4.27,0,1036,0.0958
992,1,5.0,0,1597,0.0124
993,0,3.87,0,1438,0.0993
994,1,3.28,0,1835,0.0758
995,1,2.49,0,1650,0.0338
996,1,2.97,0,1660,0.0986
997,1,3.61,0,1530,0.1135
998,0,2.59,0,2291,0.0424
999,0,3.35,0,1437,0.1043
1000,1,3.69,0,1218,0.1198
1001,1,5.0,0,1229,0.1027
1002,1,4.1,0,1594,0.062
1003,1,2.68,0,1773,0.0513
1004,1,4.32,0,1631,0.0225
1005,0,3.41,0,2216,0.0995
1006,1,1.72,0,1719,0.1059
1007,0,3.07,0,1312,0.1061
1008,1,4.21,0,1703,0.033
1009,1,2.67,0,1251,0.116
1010,0,3.9,0,847,0.0253
1011,1,2.8,0,1353,0.096
1012,0,4.45,0,1421,0.0732
1013,1,3.3,0,1318,0.0262
1014,0,3.48,0,1501,0.0545
1015,1,3.94,0,1494,0.0997
1016,1,4.7,1,1676,0.0884
1017,0,3.78,1,1517,0.0834
1018,0,3.93,0,1104,0.0676
1019,0,4.25,0,1453,0.0431
1020,1,5.0,0,1687,0.0312
1021,1,4.06,0,1390,0.0902
1022,1,3.94,0,1567,0.1154
1023,1,5.0,0,1478,0.0134
1024,1,3.38,0,1228,0.0458
1025,1,4.31,0,1320,0.0835
1026,1,2.62,0,1322,0.0439
1027,1,4.86,0,1405,0.0972
1028,0,3.49,0,1995,0.0638
1029,0,2.94,0,1489,0.0331
1030,1,3.69,0,1508,0.0811
1031,1,3.93,0,1459,0.0754
1032,1,4.9,1,1264,0.0589
1033,1,3.65,0,1440,0.09
1034,1,4.0,0,1440,0.1019
1035,1,3.08,0,1871,0.1135
1036,1,3.54,0,1672,0.055
1037,1,4.56,0,1503,0.0439
1038,1,4.01,0,1502,0.0349
1039,1,3.02,0,1275,0.1091
1040,1,4.16,0,1603,0.1035
1041,1,3.66,0,1265,0.0932
1042,1,3.03,0,1471,0.0753
1043,0,3.84,0,1480,0.1037
1044,1,4.11,0,1234,0.0696
1045,1,4.32,0,1413,0.0493
1046,1,2.47,0,1200,0.0562
1047,1,3.8,0,1443,0.0581
1048,0,5.0,0,1692,0.0634
1049,1,4.0,0,1244,0.0423
1050,0,3.25,0,1711,0.0815
1051,0,4.05,0,2271,0.073
1052,1,4.18,0,1189,0.1023
1053,1,4.44,0,2365,0.1084
1054,1,2.98,0,1346,0.016
1055,1,3.53,0,1237,0.0661
1056,1,4.84,0,1113,0.0374
1057,1,3.64,0,952,0.059
1058,1,2.73,0,1698,0.0338
1059,0,3.05,0,1090,0.0156
1060,1,3.73,0,1873,0.0435
1061,0,4.25,0,742,0.0561
1062,0,5.0,0,1341,0.0685
1063,1,4.76,0,1129,0.0873
1064,0,3.5,0,615,0.0931
1065,1,2.49,0,1468,0.0306
1066,1,2.53,0,1222,0.0321
1067,0,3.58,0,1467,0.063
1068,1,3.5,0,1789,0.0433
1069,0,4.71,0,1851,0.0847
1070,0,3.82,0,1176,0.0948
1071,1,3.65,0,544,0.0536
1072,1,3.88,0,2092,0.052
1073,1,3.76,0,1147,0.0834
1074,1,4.2,0,1443,0.1163
1075,1,3.06,0,1663,0.0714
1076,1,4.78,0,1607,0.116
1077,1,3.52,0,1781,0.0653
1078,1,2.8,0,1515,0.0691
1079,1,4.28,0,1818,0.1058
1080,0,2.96,0,1096,0.0892
1081,1,3.59,0,1553,0.0252
1082,1,3.42,0,1596,0.0135
1083,0,3.48,0,1399,0.0143
1084,1,3.15,0,1379,0.0697
1085,1,4.21,0,2411,0.0389
1086,1,4.8,0,1929,0.0764
1087,0,2.75,0,1717,0.1168
1088,0,4.63,0,1512,0.0193
1089,1,4.08,0,2085,0.1081
1090,1,5.0,0,1366,0.061
1091,1,4.08,0,1806,0.0838
1092,0,3.42,0,1783,0.0563
1093,0,3.8,0,1531,0.0494
1094,0,2.21,0,1441,0.081
1095,1,3.89,0,1150,0.046
1096,1,4.24,0,1400,0.063
1097,1,4.25,0,1330,0.0732
1098,1,3.25,0,1989,0.0602
1099,1,1.82,0,1287,0.0466
1100,0,2.25,0,1508,0.0121
1101,1,4.06,0,616,0.0744
1102,1,3.33,0,542,0.0331
1103,1,4.32,0,1149,0.099
1104,1,5.0,0,1498,0.0736
1105,0,3.15,0,1391,0.0403
1106,1,3.71,1,1576,0.0611
1107,1,2.47,0,842,0.0369
1108,1,3.13,0,1394,0.0431
1109,1,4.73,0,2066,0.0131
1110,0,4.18,0,1637,0.0149
1111,0,4.21,0,890,0.0535
1112,1,4.28,0,1656,0.0227
1113,0,2.68,0,1428,0.1122
1114,1,5.0,0,757,0.0384
1115,1,2.31,0,1529,0.0607
1116,1,5.0,0,1959,0.0213
1117,1,5.0,0,1331,0.0243
1118,0,4.13,0,1048,0.1081
1119,1,2.69,0,1716,0.0989
1120,1,4.26,0,1395,0.0324
1121,1,3.37,0,1622,0.0376
1122,1,3.13,0,1244,0.0402
1123,0,2.54,0,1118,0.0237
1124,0,3.87,0,1248,0.1195
1125,1,4.13,0,1513,0.0169
1126,1,3.22,0,1556,0.0793
1127,0,5.0,0,1162,0.1146
1128,1,4.8,0,1101,0.0209
1129,1,3.92,0,1674,0.1096
1130,1,3.4,0,618,0.023
1131,0,4.07,0,2004,0.0241
1132,0,4.06,0,2374,0.0276
1133,1,5.0,0,1161,0.0267
1134,1,2.86,0,1680,0.0122
1135,0,4.0,0,1016,0.0931
1136,0,5.0,0,754,0.0893
1137,1,2.05,0,1045,0.0515
1138,1,5.0,0,1780,0.0705
1139,1,4.32,0,981,0.0899
1140,0,3.81,0,1107,0.0941
1141,1,3.69,0,1370,0.0415
1142,1,3.46,0,1582,0.0249
1143,0,2.59,0,1955,0.1072
1144,1,4.59,0,1179,0.0223
1145,0,3.41,0,1061,0.0177
1146,1,2.66,0,1736,0.0177
1147,1,3.51,0,1869,0.0596
1148,0,3.93,0,1484,0.0438
1149,1,2.81,0,1492,0.0705
1150,0,3.58,0,1844,0.0858
1151,1,3.59,0,1670,0.0322
1152,1,4.21,0,1076,0.0454
1153,1,4.83,0,1659,0.0383
1154,1,3.93,0,1274,0.0151
1155,1,3.02,0,1149,0.1072
1156,1,3.61,0,969,0.0224
1157,1,4.33,0,1944,0.0228
1158,1,3.7,0,1757,0.0647
1159,1,3.01,0,1363,0.0197
1160,1,4.1,0,1478,0.0128
1161,1,2.79,0,1071,0.0614
1162,0,2.69,0,1578,0.0824
1163,1,4.85,0,2287,0.0997
1164,1,4.73,0,1211,0.0281
1165,0,4.43,1,1542,0.0768
1166,1,3.59,0,1964,0.0586
1167,1,3.32,0,1474,0.0772
1168,0,4.16,0,1316,0.1077
1169,1,3.14,0,1053,0.0935
1170,1,3.34,0,1104,0.1111
1171,1,2.91,0,1543,0.0723
1172,1,4.27,0,1748,0.1112
1173,1,3.43,0,1061,0.0786
1174,1,4.64,0,1847,0.1011
1175,1,4.99,0,1348,0.1041
1176,0,3.39,0,932,0.0784
1177,1,3.23,0,722,0.0819
1178,1,3.41,0,1807,0.0958
1179,1,3.39,0,1201,0.0579
1180,0,3.73,0,1161,0.0672
1181,1,5.0,0,1856,0.0274
1182,0,4.1,0,1567,0.0169
1183,1,4.06,0,1386,0.1084
1184,1,3.38,0,1785,0.0993
1185,1,3.85,0,1247,0.0903
1186,1,5.0,0,904,0.1025
1187,1,4.01,0,1647,0.081
1188,1,4.16,0,1297,0.1087
1189,1,5.0,0,1101,0.0775
1190,1,4.33,0,1659,0.0126
1191,1,4.37,0,1959,0.0353
1192,0,3.01,0,855,0.0322
1193,1,4.16,0,1628,0.0779
1194,0,4.8,0,1417,0.0321
1195,0,3.89,0,1207,0.051
1196,1,4.21,0,877,0.0597
1197,1,3.35,0,1679,0.0358
1198,1,3.96,0,1523,0.0875
1199,1,4.04,0,1052,0.0985
1200,0,4.02,0,1212,0.116
1201,1,3.75,0,1540,0.1121
1202,1,3.62,0,1535,0.0315
1203,1,2.86,0,2301,0.0275
1204,1,3.48,0,1273,0.0998
1205,0,3.21,1,1506,0.093
1206,1,3.7,0,1530,0.0489
1207,1,5.0,0,1156,0.0251
1208,1,2.36,0,1259,0.0839
1209,0,5.0,0,1317,0.0158
1210,0,4.4,0,1174,0.1156
1211,1,3.94,0,721,0.0889
1212,0,3.96,0,1209,0.1047
1213,0,2.53,0,1787,0.0978
1214,1,3.4,0,1226,0.0787
1215,0,3.03,0,1324,0.0652
1216,1,3.46,1,1917,0.0924
1217,1,3.76,0,1655,0.0187
1218,1,3.94,0,1631,0.0268
1219,1,3.03,0,1090,0.0733
1220,1,4.53,0,1308,0.1117
1221,1,2.74,0,1878,0.1051
1222,1,3.2,0,1674,0.035
1223,1,3.13,0,1301,0.0157
1224,0,4.5,0,890,0.084
1225,0,3.37,0,1267,0.0975
1226,1,4.9,0,1439,0.0173
1227,0,4.22,0,1558,0.0915
1228,1,4.04,0,1079,0.0729
1229,1,2.79,0,561,0.0355
1230,1,2.94,0,1585,0.025
1231,0,2.56,0,1545,0.0764
1232,0,2.31,0,917,0.0445
1233,0,3.33,0,1590,0.0623
1234,0,4.01,0,1577,0.1061
1235,1,3.36,0,1347,0.0584
1236,1,3.79,0,1253,0.0705
1237,0,3.4,0,1004,0.0383
1238,1,3.0,0,1581,0.105
1239,1,4.15,0,1617,0.0636
1240,1,3.26,0,1392,0.1096
1241,0,3.61,0,1970,0.0422
1242,1,3.78,0,1210,0.0458
1243,1,2.9,0,759,0.0325
1244,1,4.92,1,1464,0.1114
1245,0,4.22,0,1443,0.0799
1246,1,3.11,1,1494,0.0487
1247,1,4.53,0,1957,0.1167
1248,1,2.44,0,1347,0.0958
1249,1,2.95,0,1658,0.1147
1250,1,3.04,1,1631,0.1038
1251,0,3.21,0,1176,0.033
1252,1,3.51,0,706,0.0192
1253,0,2.85,0,1515,0.0608
1254,0,4.19,0,1174,0.0734
1255,0,3.8,0,1338,0.0236
1256,1,4.98,0,1393,0.0797
1257,1,4.62,1,1569,0.0145
1258,0,3.74,0,1932,0.0655
1259,0,4.14,0,1665,0.0165
1260,0,3.77,0,1227,0.0278
1261,0,3.3,0,2271,0.0114
1262,0,3.72,0,1358,0.1148
1263,1,3.57,0,1116,0.1031
1264,1,3.19,0,1237,0.0357
1265,1,3.47,0,1210,0.0432
1266,0,4.37,0,1061,0.0649
1267,1,4.95,0,1737,0.0793
1268,1,4.58,0,1150,0.0152
1269,1,3.22,0,1112,0.0626
1270,1,3.35,0,1691,0.0762
1271,1,3.41,0,976,0.018
1272,0,4.94,0,1236,0.0713
1273,1,3.58,0,958,0.0959
1274,1,3.88,0,1256,0.0822
1275,1,5.0,0,1525,0.0845
1276,1,1.91,0,1463,0.05
1277,1,4.63,0,1060,0.0135
1278,0,3.67,0,1337,0.0575
1279,1,2.71,0,967,0.0541
1280,1,4.06,0,1946,0.0473
1281,1,2.94,0,829,0.0394
1282,1,4.49,0,1359,0.0497
1283,1,2.95,0,991,0.095
1284,0,3.49,0,1125,0.1156
1285,0,4.01,0,1258,0.0791
1286,1,3.26,0,951,0.0392
1287,1,3.8,0,1006,0.0384
1288,0,2.93,0,770,0.0775
1289,1,4.98,0,1846,0.0119
1290,0,5.0,0,2000,0.0738
1291,1,4.35,0,1139,0.0613
1292,1,3.7,0,1549,0.0962
1293,0,2.49,0,1413,0.0419
1294,1,3.34,0,789,0.0843
1295,1,4.37,0,735,0.0901
1296,1,3.15,0,1015,0.0883
1297,1,4.15,0,988,0.1023
1298,1,1.95,0,1541,0.0422
1299,0,3.7,0,1457,0.1131
1300,1,3.43,0,1390,0.0682
1301,1,5.0,0,1223,0.0966
1302,1,3.21,0,1117,0.0831
1303,0,2.53,0,1122,0.0822
1304,1,2.98,0,1568,0.0846
1305,1,3.33,1,1024,0.0583
1306,1,2.2,0,1734,0.0154
1307,0,3.21,0,1284,0.0387
1308,1,2.06,0,1975,0.0219
1309,1,4.3,0,1073,0.105
1310,0,4.32,0,1815,0.0684
1311,0,3.33,0,1553,0.0346
1312,0,3.3,0,1376,0.087
1313,1,3.42,0,1370,0.017
1314,1,4.64,0,1541,0.0833
1315,1,3.94,0,899,0.0448
1316,0,4.38,0,1163,0.0575
1317,1,4.14,0,1211,0.0723
1318,0,5.0,0,1208,0.0321
1319,1,2.25,0,1797,0.029
1320,1,3.88,0,2144,0.0938
1321,0,3.03,0,1565,0.066
1322,0,3.03,0,2445,0.1122
1323,1,5.0,0,1696,0.0683
1324,1,3.22,1,1695,0.0934
1325,1,5.0,0,938,0.0955
1326,0,5.0,0,1311,0.0929
1327,0,2.96,0,1134,0.0506
1328,1,3.83,0,1229,0.0323
1329,0,3.79,0,1642,0.0148
1330,1,2.99,0,1216,0.0545
1331,1,2.95,0,2006,0.0168
1332,1,3.82,0,1387,0.0342
1333,0,3.16,0,1142,0.0819
1334,1,5.0,0,2283,0.0899
1335,1,4.03,0,1521,0.0155
1336,1,3.55,0,1137,0.0108
1337,1,4.15,0,1571,0.0592
1338,1,2.93,0,1619,0.1034
1339,1,4.06,0,989,0.019
1340,1,3.32,0,1043,0.1068
1341,1,4.07,0,992,0.0444
1342,1,3.38,0,820,0.0944
1343,0,4.92,0,1265,0.1016
1344,0,4.29,0,650,0.0205
1345,1,3.26,0,1488,0.0382
1346,1,5.0,0,1204,0.0773
1347,1,3.5,0,1261,0.0838
1348,1,3.31,0,951,0.0457
1349,0,4.31,0,1100,0.0501
1350,1,4.28,0,1287,0.0487
1351,1,1.98,0,897,0.0163
1352,1,4.34,0,1074,0.0629
1353,1,3.68,0,1846,0.0517
1354,1,3.31,0,592,0.0301
1355,1,5.0,0,1206,0.1044
1356,1,4.56,0,1313,0.0956
1357,0,4.33,0,1052,0.11
1358,0,2.87,0,1233,0.0772
1359,1,3.23,0,1302,0.0134
1360,0,4.52,0,1346,0.0203
1361,1,2.82,0,1679,0.0783
1362,1,3.32,0,604,0.0499
1363,1,3.24,1,1381,0.092
1364,1,4.68,0,1395,0.0768
1365,1,3.28,0,1916,0.0257
1366,1,3.68,0,1184,0.0895
1367,1,5.0,0,1125,0.0669
1368,0,4.72,0,1760,0.0922
1369,0,4.86,0,1574,0.0424
1370,1,3.85,0,1710,0.1085
1371,1,2.9,0,1483,0.054
1372,0,3.84,0,914,0.054
1373,1,4.5,0,1162,0.0388
1374,0,2.57,0,1027,0.0559
1375,1,3.64,0,1181,0.016
1376,1,5.0,0,1427,0.0169
1377,1,3.06,0,1268,0.0905
1378,1,3.52,0,1089,0.033
1379,0,4.08,0,1896,0.021
1380,1,3.91,0,1377,0.1179
1381,0,3.11,0,1233,0.0612
1382,1,3.3,0,1085,0.0628
1383,1,3.59,0,675,0.02
1384,1,4.0,0,585,0.0192
1385,1,3.23,0,1691,0.1121
1386,1,3.12,0,1943,0.0965
1387,1,4.75,0,1544,0.0517
1388,1,3.41,1,1257,0.0728
1389,1,3.89,0,1196,0.0633
1390,1,2.99,0,1436,0.0455
1391,1,4.69,0,2092,0.0503
1392,1,2.5,0,954,0.1189
1393,1,4.57,0,1381,0.0957
1394,1,5.0,0,1386,0.1126
1395,1,3.33,0,1583,0.0598
1396,1,4.5,0,878,0.0815
1397,0,3.05,0,2027,0.105
1398,0,3.14,0,1707,0.1034
1399,1,3.83,0,883,0.016
1400,1,2.51,0,1426,0.0159
1401,1,4.6,0,820,0.074
1402,1,4.93,0,1838,0.1016
1403,0,3.83,0,1921,0.0526
1404,1,4.95,0,906,0.1058
1405,1,4.04,0,1519,0.0146
1406,1,3.82,0,1562,0.1001
1407,1,2.89,0,1140,0.0152
1408,1,2.64,0,1623,0.0124
1409,0,3.14,0,1354,0.103
1410,1,4.28,0,1679,0.1014
1411,1,3.56,0,2173,0.0879
1412,0,3.55,0,1920,0.1036
1413,1,3.17,0,1133,0.0181
1414,1,1.8,0,2000,0.091
1415,1,4.79,0,1606,0.0462
1416,1,3.17,0,1236,0.077
1417,1,3.68,0,1301,0.0176
1418,1,2.58,0,1641,0.0488
1419,0,2.78,0,1758,0.017
1420,0,3.27,0,1534,0.1082
1421,1,4.94,0,1420,0.0924
1422,0,2.94,0,742,0.1063
1423,1,2.4,0,1400,0.0471
1424,1,2.86,0,1266,0.0559
1425,1,2.21,0,1100,0.0936
1426,1,3.81,0,1579,0.0482
1427,0,3.28,0,1368,0.1045
1428,1,4.76,0,1519,0.0604
1429,0,3.56,0,1631,0.1134
1430,1,3.89,0,1650,0.0637
1431,1,3.3,0,1082,0.0984
1432,1,3.09,0,1057,0.0178
1433,1,5.0,0,1570,0.1138
1434,1,3.91,0,1536,0.106
1435,0,4.23,0,1745,0.0791
1436,1,5.0,0,1360,0.0695
1437,1,3.83,0,1893,0.0395
1438,1,4.44,0,1110,0.1165
1439,0,4.12,0,1052,0.0871
1440,1,2.96,0,1928,0.0563
1441,0,4.14,0,1232,0.0268
1442,1,2.71,0,1517,0.1013
1443,1,2.59,0,2206,0.0726
1444,0,3.78,0,1473,0.1144
1445,1,4.2,0,1040,0.0132
1446,1,2.65,0,1171,0.0311
1447,1,4.41,0,1406,0.0305
1448,1,3.36,0,1174,0.1039
1449,0,4.05,0,732,0.0925
1450,1,3.41,0,1139,0.0897
1451,1,4.0,0,1117,0.0268
1452,1,4.72,0,1898,0.0963
1453,1,4.18,0,1507,0.0257
1454,0,3.64,0,1513,0.1043
1455,0,4.74,0,948,0.0448
1456,1,2.92,0,2033,0.0779
1457,1,4.01,0,597,0.0492
1458,0,4.13,1,1917,0.0616
1459,1,4.38,0,1729,0.1019
1460,1,2.93,0,1412,0.0391
1461,1,4.43,0,844,0.1136
1462,1,4.43,0,1544,0.0482
1463,1,4.58,0,1415,0.1118
1464,1,3.32,0,1776,0.1106
1465,1,3.74,0,1631,0.0104
1466,1,4.82,0,1146,0.0376
1467,1,3.94,0,1544,0.0915
1468,0,3.32,0,1280,0.035
1469,0,4.69,0,1461,0.1187
1470,0,2.91,1,855,0.0362
1471,0,3.74,0,1215,0.1056
1472,1,3.92,0,1685,0.0184
1473,0,3.74,0,1684,0.1144
1474,0,2.87,0,512,0.1056
1475,0,3.89,0,1598,0.0574
1476,1,2.93,0,996,0.0827
1477,0,3.46,0,961,0.0296
1478,0,3.34,0,1554,0.0103
1479,1,3.84,0,1371,0.0416
1480,0,1.75,0,864,0.0936
1481,1,5.0,0,1161,0.0138
1482,0,4.93,0,1790,0.0666
1483,1,3.85,0,1161,0.102
1484,0,1.88,0,998,0.055
1485,1,3.37,0,1342,0.1036
1486,1,2.75,0,1817,0.0444
1487,0,4.87,0,1542,0.0426
1488,1,3.71,0,1015,0.1163
1489,1,4.65,0,1294,0.1021
1490,1,2.12,0,1434,0.0649
1491,1,2.79,0,969,0.0104
1492,1,4.02,0,1157,0.0373
1493,0,4.38,0,1524,0.0147
1494,0,4.75,0,1291,0.0279
1495,1,5.0,0,1565,0.0478
1496,1,3.7,0,1215,0.0341
1497,0,5.0,0,1677,0.0831
1498,1,3.92,0,958,0.0827
1499,1,4.74,1,1789,0.0666
1500,1,3.38,0,671,0.0704
1501,1,3.53,0,1534,0.0784
1502,0,2.48,0,2135,0.031
1503,1,2.9,0,1384,0.0593
1504,1,4.92,0,1197,0.0533
1505,1,3.62,0,1085,0.053
1506,1,2.73,0,1482,0.1153
1507,1,5.0,0,1073,0.0756
1508,0,3.81,0,1244,0.0134
1509,0,4.58,0,1694,0.033
1510,1,4.26,0,1411,0.02
1511,1,3.1,0,1386,0.0189
1512,1,3.47,0,1377,0.118
1513,1,4.41,0,1491,0.0804
1514,1,3.6,0,1534,0.0145
1515,1,3.17,0,689,0.0338
1516,0,3.5,0,1215,0.0736
1517,0,3.37,0,1507,0.0223
1518,0,3.03,0,1328,0.0807
1519,1,5.0,0,1465,0.114
1520,0,2.88,0,1064,0.0429
1521,1,3.29,0,824,0.0552
1522,0,2.62,0,1098,0.1035
1523,1,4.21,0,1315,0.1136
1524,1,4.36,0,1412,0.0614
1525,1,2.82,0,972,0.0911
1526,1,2.61,0,1612,0.0694
1527,1,4.2,0,1477,0.0746
1528,1,3.68,0,1581,0.017
1529,0,3.33,0,1847,0.0218
1530,1,4.43,0,1247,0.0419
1531,0,4.68,0,1181,0.102
1532,1,3.0,0,1788,0.0916
1533,0,3.54,0,1375,0.0494
1534,1,3.03,0,1242,0.0173
1535,1,3.59,0,1100,0.0279
1536,1,3.37,0,1787,0.1148
1537,1,3.67,0,1311,0.0388
1538,0,4.18,0,1310,0.0257
1539,0,5.0,0,968,0.0122
1540,1,2.31,0,1311,0.055
1541,1,4.85,0,535,0.1195
1542,1,3.57,0,1793,0.0251
1543,1,4.92,0,1072,0.115
1544,0,3.22,0,2100,0.0441
1545,0,2.45,0,1554,0.0176
1546,0,3.51,0,1260,0.0829
1547,1,2.67,0,1373,0.0552
1548,1,4.82,0,1331,0.1142
1549,1,4.86,0,532,0.0955
1550,1,3.9,0,1065,0.094
1551,1,3.59,0,1862,0.1005
1552,1,5.0,0,1751,0.112
1553,0,4.29,0,1089,0.1149
1554,1,4.65,0,993,0.1026
1555,1,4.76,0,1101,0.1011
1556,0,5.0,0,1088,0.0256
1557,1,2.99,0,1016,0.0506
1558,1,3.77,0,865,0.0725
1559,1,3.22,0,1955,0.0615
1560,1,3.05,0,1226,0.05
1561,1,3.59,1,1731,0.0935
1562,1,3.72,0,1937,0.0298
1563,1,3.81,0,2073,0.1045
1564,1,4.04,0,1755,0.0545
1565,1,4.18,0,1854,0.0859
1566,0,1.82,0,1110,0.0709
1567,1,4.21,0,878,0.0291
1568,1,3.87,0,1382,0.0294
1569,0,2.78,0,1515,0.0244
1570,0,4.82,0,1535,0.0278
1571,0,3.31,0,890,0.0899
1572,1,4.51,0,2016,0.0377
1573,1,3.92,0,1864,0.1164
1574,1,4.32,0,1203,0.1068
1575,1,2.6,0,1243,0.0898
1576,1,5.0,0,912,0.0459
1577,1,4.08,0,1419,0.0672
1578,0,2.51,0,1321,0.091
1579,0,4.31,0,1519,0.0195
1580,1,2.89,0,1241,0.0743
1581,1,4.5,0,1276,0.0101
1582,1,4.33,0,709,0.1012
1583,1,3.02,0,1149,0.0176
1584,1,3.36,0,1892,0.055
1585,0,3.54,0,785,0.1016
1586,1,3.06,0,1468,0.1095
1587,1,4.2,0,738,0.0373
1588,0,3.12,0,1893,0.0137
1589,0,3.72,0,1344,0.0315
1590,1,3.64,0,1157,0.0371
1591,0,3.7,0,1056,0.098
1592,1,2.98,0,1166,0.0427
1593,1,3.91,0,1450,0.045
1594,1,3.54,0,915,0.0665
1595,1,3.66,0,937,0.0194
1596,0,3.06,0,1544,0.0157
1597,1,3.92,0,1805,0.0287
1598,0,3.25,0,1009,0.0611
1599,1,3.99,0,1465,0.0575
1600,0,4.35,0,1342,0.1
1601,0,2.79,0,907,0.0106
1602,0,2.66,0,1652,0.027
1603,0,3.27,0,2062,0.0982
1604,1,2.41,0,1331,0.0576
1605,0,3.88,0,1276,0.0323
1606,0,3.27,0,1321,0.0421
1607,0,4.51,0,1271,0.1188
1608,1,1.46,0,1413,0.0252
1609,1,4.09,0,2026,0.0733
1610,1,2.86,0,1670,0.0209
1611,1,1.93,1,1815,0.06
1612,1,2.98,0,1595,0.0779
1613,1,3.99,0,2049,0.0563
1614,1,4.8,0,1540,0.0907
1615,0,5.0,0,1277,0.1032
1616,0,2.64,0,1115,0.0189
1617,0,3.01,0,1786,0.0671
1618,0,2.71,0,1720,0.0636
1619,0,4.23,0,923,0.0915
1620,1,3.38,0,1198,0.0691
1621,1,3.17,0,1471,0.0341
1622,1,4.08,0,1133,0.0223
1623,1,3.18,0,738,0.0774
1624,1,3.33,0,1945,0.0414
1625,1,3.15,0,1196,0.0423
1626,1,2.87,0,1665,0.0124
1627,0,3.03,0,1397,0.0561
1628,0,3.79,0,1186,0.0911
1629,1,2.76,0,1384,0.0562
1630,0,3.01,0,1567,0.0802
1631,1,2.95,0,1682,0.0798
1632,1,3.73,0,1787,0.0409
1633,0,4.23,0,960,0.058
1634,1,2.61,0,1342,0.0219
1635,1,3.72,0,1287,0.0931
1636,1,2.63,0,942,0.1163
1637,0,5.0,0,651,0.0305
1638,1,4.96,0,1462,0.0235
1639,1,3.82,0,1435,0.1006
1640,1,3.66,0,2027,0.0649
1641,1,3.96,0,1419,0.0613
1642,1,4.01,0,1007,0.0485
1643,0,2.43,0,1721,0.082
1644,1,3.02,0,1431,0.1171
1645,1,3.3,0,1397,0.0903
1646,1,4.44,0,1688,0.0649
1647,1,3.94,0,1716,0.0849
1648,1,3.54,0,1537,0.1043
1649,1,4.99,0,1232,0.0227
1650,1,4.8,0,1513,0.1055
1651,0,3.97,0,1298,0.065
1652,0,4.08,0,1072,0.057
1653,0,2.87,0,1551,0.0148
1654,0,2.69,0,1730,0.0211
1655,0,2.97,0,1451,0.1022
1656,0,2.54,0,1064,0.0672
1657,1,4.72,0,1549,0.0283
1658,1,3.66,0,1691,0.0704
1659,1,3.08,0,1326,0.1088
1660,1,4.77,0,1445,0.0718
1661,1,3.51,0,1103,0.0431
1662,1,4.31,0,1325,0.1071
1663,0,4.11,0,1273,0.064
1664,1,2.53,0,1474,0.055
1665,0,3.96,0,1254,0.0817
1666,1,2.9,0,1347,0.1151
1667,1,3.0,0,885,0.0865
1668,0,3.36,0,1427,0.0231
1669,1,3.88,0,1839,0.0685
1670,1,3.8,0,891,0.1127
1671,0,2.88,0,715,0.0324
1672,1,4.05,0,1426,0.024
1673,0,3.16,0,1562,0.0794
1674,1,2.66,0,1259,0.0194
1675,1,3.88,0,859,0.0228
1676,1,3.56,0,1163,0.0946
1677,1,2.71,1,1619,0.0115
1678,0,1.96,0,1617,0.0758
1679,1,4.53,0,960,0.0299
1680,1,2.82,0,1352,0.1003
1681,0,3.19,0,1892,0.0652
1682,0,3.55,0,1548,0.0627
1683,0,2.63,0,1849,0.0749
1684,1,4.95,0,1007,0.1157
1685,1,3.85,0,727,0.0581
1686,1,3.83,0,1845,0.0191
1687,0,3.52,0,1934,0.0922
1688,1,3.21,0,1065,0.0202
1689,1,2.99,0,963,0.0668
1690,1,2.9,0,1690,0.0177
1691,0,3.73,0,1536,0.109
1692,0,3.96,0,1422,0.0922
1693,0,2.26,0,1958,0.0382
1694,1,4.32,0,1623,0.0779
1695,0,2.47,0,1370,0.1117
1696,0,4.52,0,1320,0.0925
1697,0,4.5,0,1219,0.0158
1698,1,4.16,0,831,0.0434
1699,1,4.59,0,1787,0.0459
1700,1,3.96,0,853,0.0757
1701,1,3.85,0,1888,0.1077
1702,1,3.94,0,1775,0.0587
1703,0,4.22,0,1890,0.0404
1704,1,2.05,0,1421,0.0303
1705,1,4.04,0,1607,0.0737
1706,1,5.0,0,1455,0.0518
1707,0,3.21,0,934,0.0243
1708,0,1.76,0,1694,0.1035
1709,1,3.77,0,1520,0.0942
1710,1,2.89,0,1309,0.0519
1711,1,2.26,0,1821,0.0242
1712,0,3.04,0,1249,0.1194
1713,1,4.57,0,831,0.0254
1714,1,5.0,0,972,0.0146
1715,0,3.6,0,1251,0.0705
1716,0,2.57,0,1136,0.0116
1717,1,5.0,0,857,0.0809
1718,1,4.21,0,1232,0.1182
1719,1,4.55,0,1599,0.0387
1720,1,4.7,0,1532,0.0258
1721,1,3.15,0,1517,0.088
1722,1,3.95,0,1548,0.0576
1723,1,3.23,0,1730,0.0472
1724,1,3.2,0,848,0.012
1725,0,3.69,0,2159,0.0301
1726,1,4.26,0,1398,0.0524
1727,1,4.39,0,1104,0.0659
1728,1,3.04,0,1259,0.0538
1729,0,4.8,0,1608,0.0831
1730,1,5.0,0,1842,0.064
1731,1,3.87,0,1170,0.0749
1732,1,5.0,0,1952,0.0555
1733,0,4.35,0,1096,0.1085
1734,1,3.48,0,1497,0.029
1735,1,2.89,0,1378,0.0525
1736,0,3.23,0,1226,0.099
1737,1,4.19,0,1083,0.0442
1738,1,2.98,0,1212,0.0474
1739,1,3.63,0,1620,0.0914
1740,0,4.11,0,1191,0.0864
1741,0,2.91,0,1681,0.0546
1742,1,4.93,0,1648,0.101
1743,1,3.62,0,1177,0.1148
1744,1,3.23,0,826,0.1121
1745,1,3.64,0,845,0.1012
1746,1,3.06,0,1476,0.1008
1747,1,2.81,0,1419,0.0382
1748,1,4.25,0,1559,0.1057
1749,0,3.58,0,1560,0.0692
1750,1,3.74,0,888,0.0498
1751,0,3.03,0,1290,0.0444
1752,0,3.99,0,1307,0.0196
1753,1,4.42,0,1447,0.0797
1754,1,3.74,0,1312,0.0205
1755,0,3.71,0,1740,0.0696
1756,1,3.45,0,1490,0.0287
1757,1,3.51,0,940,0.0866
1758,0,3.53,0,1297,0.0753
1759,1,3.6,0,1731,0.0855
1760,1,4.34,0,1422,0.0785
1761,1,4.16,0,1795,0.1005
1762,0,3.93,0,1447,0.1147
1763,1,2.38,0,828,0.0661
1764,1,4.8,0,1766,0.0603
1765,0,5.0,0,1192,0.05
1766,1,3.7,0,1633,0.0524
1767,0,3.69,0,1307,0.042
1768,1,2.94,0,1462,0.0236
1769,0,4.54,0,1482,0.0594
1770,1,3.74,0,1280,0.117
1771,0,3.84,0,1353,0.0915
1772,0,2.94,1,1645,0.0287
1773,1,2.07,0,1491,0.0512
1774,1,4.27,0,1714,0.0867
1775,1,3.66,0,1021,0.1103
1776,1,4.48,0,1738,0.0275
1777,0,2.94,0,1139,0.0605
1778,0,3.84,0,1913,0.0955
1779,1,2.94,0,1497,0.0438
1780,1,4.51,0,1997,0.0164
1781,1,4.26,0,1037,0.0744
1782,1,3.14,0,1723,0.0939
1783,1,4.64,0,933,0.0542
1784,1,3.57,0,1213,0.0321
1785,1,3.17,0,1954,0.0712
1786,0,1.92,0,1282,0.0257
1787,1,2.42,0,773,0.0881
1788,0,2.62,0,1860,0.0545
1789,1,3.69,0,1801,0.0214
1790,0,4.78,0,1519,0.022
1791,1,3.83,0,1453,0.0548
1792,1,3.72,0,1255,0.0661
1793,0,3.82,0,1061,0.0891
1794,1,4.2,0,1208,0.0737
1795,0,5.0,0,2073,0.1082
1796,0,3.86,0,1400,0.0225
1797,0,3.31,0,1604,0.0988
1798,1,3.0,0,1271,0.0918
1799,0,2.95,0,1290,0.0623
1800,1,2.31,0,1502,0.1196
1801,1,2.88,0,459,0.0357
1802,1,2.91,0,1465,0.1057
1803,1,2.88,0,1425,0.0361
1804,0,4.97,0,2069,0.0613
1805,1,4.45,0,1228,0.0868
1806,1,3.42,0,1775,0.017
1807,1,3.4,0,1727,0.0392
1808,1,5.0,0,1801,0.0341
1809,1,4.34,0,1145,0.1046
1810,0,2.52,0,1119,0.0844
1811,1,3.8,0,1336,0.0969
1812,1,3.92,0,1012,0.066
1813,0,5.0,0,1916,0.0843
1814,1,4.78,0,1296,0.0284
1815,1,2.93,0,1660,0.0999
1816,0,2.81,1,1339,0.0422
1817,1,3.19,1,1497,0.1104
1818,0,4.14,0,1529,0.0846
1819,0,3.97,0,1273,0.0708
1820,0,5.0,1,1675,0.0111
1821,1,4.65,0,1706,0.0329
1822,0,4.22,0,1210,0.1112
1823,0,2.15,0,648,0.0617
1824,1,4.57,0,1387,0.064
1825,1,3.6,0,973,0.108
1826,0,2.96,0,1641,0.0668
1827,1,4.19,0,1209,0.1146
1828,1,4.0,0,1668,0.025
1829,1,3.04,0,2067,0.0917
1830,1,3.37,0,1544,0.0107
1831,1,5.0,0,1313,0.0501
1832,1,3.1,0,2020,0.0655
1833,0,3.19,0,1463,0.0726
1834,1,3.07,0,1117,0.0111
1835,1,5.0,0,1059,0.1183
1836,0,3.85,0,1080,0.0247
1837,1,3.86,0,608,0.0474
1838,1,2.72,0,949,0.0887
1839,1,4.12,0,621,0.0706
1840,1,3.69,0,764,0.1078
1841,0,4.36,0,1997,0.0612
1842,1,4.18,0,1045,0.066
1843,1,3.85,0,1994,0.0187
1844,1,3.88,0,1896,0.0114
1845,1,2.75,0,1411,0.0931
1846,1,2.43,0,1707,0.0309
1847,1,3.72,0,1309,0.0389
1848,0,5.0,0,1168,0.114
1849,1,3.41,0,2136,0.0612
1850,0,3.88,0,1320,0.0283
1851,1,5.0,0,1502,0.105
1852,1,3.55,0,424,0.047
1853,0,4.53,0,1688,0.0927
1854,1,4.02,0,1912,0.096
1855,1,3.39,0,1541,0.097
1856,0,3.81,0,1462,0.0626
1857,1,3.39,0,1356,0.0783
1858,1,3.99,0,1741,0.0166
1859,1,3.35,0,1623,0.0978
1860,0,4.02,0,1640,0.1059
1861,0,4.36,0,1583,0.0282
1862,1,3.51,0,2004,0.0871
1863,1,3.26,0,1309,0.1183
1864,0,2.07,0,1482,0.0253
1865,1,4.8,0,1474,0.1008
1866,1,3.89,0,1460,0.0629
1867,1,4.96,0,1663,0.0595
1868,1,3.46,0,649,0.1005
1869,1,2.98,0,1677,0.0751
1870,1,3.79,0,1154,0.0156
1871,1,2.3,0,1476,0.0691
1872,1,5.0,0,1238,0.0581
1873,1,3.53,0,613,0.0219
1874,1,3.4,0,699,0.0545
1875,0,2.72,0,1432,0.1091
1876,1,3.91,0,1437,0.0495
1877,1,3.92,1,1177,0.0374
1878,1,4.19,0,1125,0.1055
1879,0,2.26,0,1292,0.0633
1880,0,5.0,0,1393,0.0297
1881,1,3.17,0,1546,0.0824
1882,0,3.68,0,1606,0.0774
1883,1,3.16,0,1790,0.1021
1884,0,3.72,0,795,0.0584
1885,0,4.11,0,1736,0.0761
1886,1,3.44,0,1376,0.0473
1887,1,4.1,0,1569,0.0497
1888,1,3.4,0,1224,0.0826
1889,1,3.03,0,1569,0.1007
1890,1,4.59,0,1087,0.0376
1891,0,3.9,0,1276,0.0458
1892,0,3.37,0,969,0.0171
1893,1,4.45,0,1852,0.0581
1894,1,4.24,0,1410,0.1033
1895,1,2.45,0,1874,0.086
1896,1,3.19,0,1175,0.0434
1897,1,4.13,0,1173,0.0904
1898,1,3.6,0,1514,0.0808
1899,0,5.0,0,1297,0.0241
1900,0,4.27,0,645,0.0968
1901,1,2.92,0,1373,0.0514
1902,1,3.79,0,1299,0.0481
1903,0,2.65,0,1217,0.0254
1904,0,2.3,0,1626,0.0448
1905,1,2.85,0,1331,0.073
1906,0,3.93,0,1112,0.0884
1907,1,4.23,0,1401,0.0315
1908,1,3.59,1,1268,0.0457
1909,1,3.86,0,1242,0.0824
1910,0,2.85,0,1294,0.1103
1911,1,4.52,0,1204,0.0656
1912,1,3.78,0,1539,0.0669
1913,0,5.0,0,1214,0.0474
1914,0,4.23,0,1930,0.0669
1915,1,3.38,0,1691,0.0423
1916,0,5.0,0,1095,0.0486
1917,1,3.48,0,946,0.0875
1918,1,3.08,1,1353,0.0385
1919,1,4.3,0,1377,0.1073
1920,1,3.94,0,1517,0.0104
1921,1,3.95,0,1559,0.0337
1922,1,4.21,0,1436,0.0398
1923,1,4.69,0,1210,0.0187
1924,0,3.2,0,1765,0.1191
1925,1,4.04,0,1444,0.0496
1926,1,3.77,0,1856,0.0735
1927,1,5.0,0,1889,0.0259
1928,0,4.21,0,1644,0.0905
1929,1,2.74,0,1261,0.0424
1930,1,3.88,0,1651,0.0416
1931,1,3.96,0,1317,0.0921
1932,1,5.0,0,1118,0.0769
1933,1,4.61,0,1640,0.082
1934,0,4.32,0,1451,0.1184
1935,0,3.94,0,1694,0.0208
1936,1,3.56,0,1595,0.0857
1937,1,4.03,0,1477,0.0951
1938,1,3.71,0,1216,0.0435
1939,1,4.8,0,1910,0.0594
1940,0,3.37,0,1877,0.0794
1941,1,3.95,0,1837,0.0964
1942,0,3.39,0,1570,0.0449
1943,1,3.47,0,1494,0.0202
1944,1,3.61,0,1314,0.0925
1945,1,3.41,0,1657,0.0308
1946,1,5.0,0,1597,0.0834
1947,1,4.77,0,1548,0.0677
1948,1,3.15,0,1089,0.1176
1949,1,3.39,0,1388,0.1131
1950,0,3.5,0,1150,0.0502
1951,0,2.94,0,1168,0.0765
1952,1,3.91,1,1227,0.0176
1953,1,3.73,0,1049,0.1018
1954,0,3.37,0,1210,0.0145
1955,0,3.33,0,912,0.0697
1956,1,2.8,0,822,0.0635
1957,1,3.87,0,1757,0.0766
1958,0,2.87,0,1156,0.0794
1959,1,5.0,0,1473,0.0527
1960,1,4.12,0,1008,0.0732
1961,0,2.54,0,2033,0.0878
1962,1,3.8,0,1251,0.0996
1963,1,2.88,0,1648,0.0106
1964,1,3.79,0,1777,0.1111
1965,0,3.75,0,1664,0.1027
1966,0,4.6,0,1357,0.0271
1967,1,4.14,0,1341,0.0994
1968,0,2.98,0,1303,0.1035
1969,0,3.11,0,1210,0.0205
1970,0,3.77,0,1400,0.0125
1971,1,2.68,0,1185,0.0699
1972,1,3.25,0,1216,0.0159
1973,1,3.97,0,1161,0.064
1974,1,4.6,0,1755,0.0442
1975,1,3.64,0,1454,0.0968
1976,1,5.0,0,1394,0.0912
1977,1,5.0,0,911,0.0592
1978,1,3.2,0,1735,0.0511
1979,0,4.7,0,1472,0.0147
1980,1,4.94,0,886,0.1008
1981,1,4.6,0,1567,0.12
1982,1,3.1,0,1835,0.1072
1983,1,4.02,0,1411,0.0718
1984,1,4.26,0,1739,0.0298
1985,1,4.16,0,1093,0.1119
1986,1,3.15,0,1958,0.0614
1987,1,4.29,0,416,0.12
1988,1,3.31,0,1324,0.0713
1989,1,2.72,0,1627,0.0743
1990,0,3.76,0,890,0.034
1991,1,3.4,0,1630,0.0357
1992,1,4.39,0,1930,0.0773
1993,1,3.69,0,1329,0.0764
1994,0,2.32,0,1160,0.0863
1995,1,4.87,0,2182,0.0549
1996,1,3.09,0,1658,0.0512
1997,1,4.4,0,1165,0.1013
1998,1,3.65,0,1128,0.0609
1999,1,3.52,0,1400,0.0324
2000,1,3.45,0,1265,0.0168
2001,0,4.63,0,1380,0.1058
2002,1,5.0,0,1534,0.0531
2003,0,2.43,0,1295,0.0943
2004,0,4.83,0,1711,0.0765
2005,1,3.55,0,1147,0.1084
2006,0,3.09,0,1677,0.0569
2007,1,2.43,0,1259,0.0173
2008,1,2.93,0,1163,0.0403
2009,1,4.33,0,1188,0.037
2010,0,3.46,0,541,0.0105
2011,1,2.52,0,1567,0.0832
2012,1,4.26,0,1440,0.0149
2013,1,3.57,0,1639,0.0663
2014,1,3.73,0,1823,0.1117
2015,0,4.88,0,856,0.0458
2016,1,5.0,0,1575,0.0374
2017,0,2.17,0,1400,0.0415
2018,1,1.72,0,1410,0.1158
2019,1,3.95,0,1776,0.0525
2020,1,3.59,0,1431,0.0899
2021,1,4.66,1,1469,0.1133
2022,1,2.83,0,2041,0.0304
2023,1,3.42,0,902,0.0324
2024,0,5.0,0,1457,0.0948
2025,0,3.43,0,1451,0.0586
2026,1,3.47,0,1561,0.0882
2027,1,4.69,0,780,0.115
2028,1,3.89,0,1762,0.1182
2029,1,2.16,0,1407,0.0154
2030,1,4.01,0,1890,0.0199
2031,1,4.62,0,1581,0.0141
2032,1,3.82,0,922,0.0879
2033,1,3.46,0,1881,0.0582
2034,1,2.16,0,984,0.0638
2035,1,3.48,0,1308,0.0425
2036,1,4.41,0,1254,0.0854
2037,1,4.0,0,883,0.064
2038,1,2.31,0,1819,0.0704
2039,1,3.63,0,1548,0.0172
2040,1,2.6,0,1164,0.0334
2041,1,4.98,0,1958,0.0136
2042,1,3.88,0,2150,0.0452
2043,1,4.32,0,1365,0.063
2044,0,5.0,0,1502,0.1132
2045,0,3.7,0,1653,0.1013
2046,1,4.49,0,1902,0.0952
2047,0,3.42,0,1978,0.0499
2048,1,3.19,0,1285,0.06
2049,1,4.55,0,1775,0.0337
2050,1,3.31,0,1417,0.0533
2051,1,4.16,0,1572,0.0389
2052,0,4.1,0,1361,0.0233
2053,1,3.34,0,946,0.0453
2054,1,4.29,0,1175,0.0281
2055,1,3.31,0,1113,0.024
2056,0,3.96,0,1316,0.0533
2057,0,2.43,0,1000,0.0364
2058,1,4.31,0,1589,0.0475
2059,1,3.93,0,1759,0.1104
2060,1,3.93,0,1447,0.096
2061,0,3.87,0,2085,0.0608
2062,0,3.1,0,1773,0.0791
2063,1,3.79,0,1132,0.0748
2064,1,4.92,0,1369,0.0529
2065,0,3.99,0,875,0.0401
2066,0,4.6,0,1267,0.1074
2067,0,3.68,0,1541,0.0448
2068,1,4.02,0,746,0.0426
2069,1,4.2,0,1847,0.1196
2070,1,3.93,0,1779,0.1135
2071,0,4.13,0,1581,0.1112
2072,0,3.79,0,1122,0.1032
2073,0,4.14,0,1173,0.0404
2074,1,3.62,0,1004,0.0965
2075,1,5.0,0,1566,0.0219
2076,1,3.84,0,1564,0.0415
2077,0,3.85,0,1203,0.1063
2078,0,4.34,0,570,0.0806
2079,0,2.24,0,1315,0.0634
2080,1,4.23,0,1935,0.0622
2081,1,3.87,0,1057,0.0374
2082,0,4.81,0,1189,0.0104
2083,0,3.33,0,1884,0.0911
2084,1,2.54,0,542,0.0509
2085,0,2.6,0,1906,0.0125
2086,0,2.48,0,1934,0.0721
2087,0,2.68,0,880,0.118
2088,1,2.65,0,1532,0.0797
2089,1,3.91,0,1414,0.0446
2090,0,3.41,0,804,0.077
2091,1,5.0,0,1351,0.0475
2092,1,4.93,0,1213,0.0305
2093,0,3.62,0,1051,0.0612
2094,0,4.2,0,1233,0.055
2095,0,3.57,0,1175,0.02
2096,1,3.99,0,1877,0.0636
2097,1,5.0,0,1878,0.0264
2098,1,2.88,0,1484,0.1158
2099,1,4.27,0,1656,0.0145
2100,1,3.19,0,1543,0.0673
2101,0,3.1,0,1895,0.1147
2102,1,2.25,1,2209,0.0227
2103,1,3.13,0,1980,0.0301
2104,0,3.51,0,1160,0.0581
2105,1,3.74,0,1600,0.0668
2106,0,3.14,0,1766,0.0224
2107,1,1.89,0,1822,0.1187
2108,1,3.04,0,1488,0.0226
2109,1,3.37,0,1199,0.0506
2110,0,3.04,1,1880,0.0923
2111,0,4.43,0,1390,0.0207
2112,1,2.59,0,1210,0.0453
2113,1,3.84,0,1369,0.0798
2114,0,4.08,0,1609,0.1192
2115,1,5.0,0,1507,0.0972
2116,1,3.64,0,1982,0.1143
2117,0,3.34,0,1459,0.0676
2118,1,4.45,0,1356,0.0185
2119,0,3.92,0,1423,0.0126
2120,1,3.54,0,1353,0.0602
2121,1,3.95,0,1454,0.0542
2122,1,3.25,0,1680,0.0629
2123,1,3.82,0,1376,0.0716
2124,1,3.2,0,1143,0.118
2125,1,3.58,0,1490,0.0422
2126,0,3.81,0,1313,0.0998
2127,1,3.29,0,939,0.0731
2128,0,3.09,0,1429,0.0586
2129,1,3.68,0,1538,0.1122
2130,0,3.71,1,1995,0.045
2131,1,3.82,0,1182,0.075
2132,1,5.0,0,1087,0.0256
2133,1,3.31,0,678,0.0438
2134,1,4.78,0,1398,0.0359
2135,1,1.46,0,1423,0.1054
2136,1,4.21,0,1559,0.0465
2137,0,3.38,0,1596,0.0257
2138,0,2.89,0,970,0.0714
2139,1,4.67,0,1134,0.0397
2140,1,4.53,0,1666,0.11
2141,0,3.25,0,1463,0.1143
2142,1,2.76,0,821,0.0176
2143,1,4.67,0,829,0.0718
2144,1,2.48,0,1406,0.0936
2145,1,3.6,0,2130,0.0925
2146,1,4.4,0,1230,0.0717
2147,1,3.86,0,1433,0.0172
2148,1,3.48,0,1696,0.0492
2149,1,5.0,0,1407,0.1086
2150,1,4.46,0,1115,0.0336
2151,1,3.89,0,1415,0.103
2152,1,4.74,0,932,0.1043
2153,0,3.16,0,893,0.0214
2154,1,3.6,0,1534,0.0642
2155,1,4.26,1,1308,0.0465
2156,1,2.74,0,1294,0.0461
2157,1,3.66,0,570,0.1083
2158,1,3.47,1,1293,0.0533
2159,1,3.78,0,1890,0.1176
2160,0,4.56,0,1238,0.0782
2161,0,3.03,0,1567,0.0371
2162,0,2.57,0,2123,0.1164
2163,1,3.34,0,1711,0.0969
2164,0,3.68,0,1519,0.111
2165,1,4.26,0,1544,0.1063
2166,1,3.92,0,1327,0.04
2167,0,3.71,0,1781,0.0722
2168,1,4.05,0,986,0.1068
2169,1,3.89,0,1558,0.1045
2170,1,4.57,0,1599,0.0929
2171,1,2.2,0,1305,0.0456
2172,1,5.0,0,1690,0.0728
2173,1,3.89,0,1211,0.0799
2174,0,3.59,0,973,0.0973
2175,1,3.61,0,1363,0.0122
2176,1,4.12,0,589,0.0837
2177,1,2.33,0,1211,0.0784
2178,0,4.83,0,1395,0.0729
2179,1,1.91,0,1191,0.0545
2180,1,4.51,0,2352,0.0738
2181,1,3.13,0,1933,0.0872
2182,1,4.29,0,1214,0.0337
2183,1,3.94,0,1091,0.1159
2184,1,3.25,0,1014,0.0594
2185,1,3.22,0,1486,0.0281
2186,1,5.0,0,1463,0.0174
2187,1,5.0,0,994,0.075
2188,1,3.71,0,1702,0.0431
2189,1,3.98,0,903,0.1118
2190,0,3.75,0,1048,0.0687
2191,1,4.33,0,1873,0.0477
2192,0,2.46,0,788,0.0938
2193,0,3.8,0,1036,0.1186
2194,0,3.17,0,1069,0.0358
2195,1,4.31,0,1345,0.0719
2196,0,3.67,0,1285,0.0306
2197,1,5.0,0,898,0.0799
2198,1,4.29,0,1587,0.028
2199,0,4.79,0,294,0.0785
2200,1,3.02,0,540,0.1046
2201,1,3.58,0,566,0.0488
2202,0,2.69,0,574,0.0578
2203,1,3.29,0,1165,0.1124
2204,1,3.21,0,2010,0.0547
2205,0,3.9,0,1459,0.1015
2206,1,4.32,0,1706,0.054
2207,0,3.75,0,802,0.0378
2208,1,3.93,0,1919,0.0912
2209,0,3.71,0,1220,0.0162
2210,0,3.84,0,1837,0.0104
2211,0,4.05,0,1462,0.0812
2212,0,4.29,0,1434,0.0715
2213,1,4.77,0,1962,0.0158
2214,1,4.43,0,2561,0.0111
2215,1,3.06,0,1488,0.0858
2216,0,4.29,0,1379,0.1047
2217,0,3.61,0,1394,0.0156
2218,0,2.71,0,1144,0.1135
2219,1,3.64,0,1405,0.022
2220,0,5.0,0,1161,0.0804
2221,1,3.72,0,858,0.0973
2222,1,4.17,0,1467,0.0305
2223,1,3.71,0,1057,0.1056
2224,1,4.64,0,1307,0.0947
2225,1,3.05,0,1718,0.0386
2226,1,2.58,0,1566,0.048
2227,1,3.58,0,1719,0.0601
2228,1,5.0,0,617,0.0988
2229,1,4.05,0,1899,0.0433
2230,1,1.85,0,1519,0.0883
2231,0,4.32,0,1080,0.0375
2232,0,3.19,0,1411,0.0563
2233,1,4.38,0,1061,0.0454
2234,1,3.67,0,1366,0.0894
2235,1,4.63,0,1525,0.1002
2236,1,3.68,0,990,0.0566
2237,1,5.0,0,2049,0.0129
2238,0,4.7,0,1738,0.1083
2239,0,3.94,0,2135,0.0129
2240,0,3.54,0,1830,0.1117
2241,1,3.06,0,1657,0.1132
2242,1,4.6,0,1114,0.1099
2243,0,4.95,0,1417,0.1064
2244,1,5.0,0,1862,0.0872
2245,1,3.89,1,1232,0.031
2246,1,2.38,0,1429,0.0463
2247,0,5.0,0,1432,0.0711
2248,1,3.37,0,1210,0.0893
2249,0,4.08,0,708,0.0109
2250,1,3.56,0,1384,0.0616
2251,1,3.3,0,1256,0.0506
2252,0,3.77,0,1791,0.0436
2253,1,4.22,0,1733,0.0796
2254,1,3.96,0,912,0.1
2255,1,4.58,0,1503,0.0465
2256,1,2.9,0,1735,0.0308
2257,0,4.17,0,1519,0.0222
2258,1,4.48,0,830,0.0545
2259,1,3.81,0,757,0.0122
2260,0,3.46,0,1326,0.096
2261,0,4.74,1,805,0.0986
2262,1,3.94,0,1267,0.0674
2263,1,3.89,0,1646,0.0936
2264,1,5.0,0,834,0.0684
2265,1,3.78,0,1835,0.0755
2266,1,3.86,0,1937,0.1136
2267,1,2.96,0,1191,0.0111
2268,1,4.75,0,1921,0.0498
2269,1,5.0,0,1416,0.0211
2270,0,2.72,0,1128,0.1137
2271,0,4.5,0,1654,0.0345
2272,0,3.11,0,1773,0.0467
2273,1,4.16,0,1355,0.0283
2274,0,3.64,0,1314,0.0958
2275,0,3.18,0,1208,0.0527
2276,1,4.62,0,1088,0.1183
2277,1,3.14,0,997,0.1128
2278,1,3.4,1,1450,0.1016
2279,0,2.8,0,1112,0.097
2280,1,4.55,0,1742,0.1053
2281,1,2.81,0,1077,0.073
2282,0,5.0,0,1345,0.0544
2283,1,3.57,0,1284,0.0721
2284,1,3.73,0,1238,0.1052
2285,1,4.42,0,1645,0.0364
2286,0,3.21,0,1320,0.1164
2287,1,3.23,0,1605,0.0878
2288,1,4.14,0,748,0.0681
2289,0,3.8,0,1249,0.0896
2290,1,3.91,0,1513,0.0319
2291,1,3.07,0,1167,0.1084
2292,1,2.71,0,1377,0.0225
2293,1,4.42,0,1492,0.0252
2294,1,3.05,0,867,0.1014
2295,1,2.63,0,1544,0.0819
2296,1,2.12,0,1295,0.0156
2297,0,4.54,0,1232,0.0117
2298,1,3.95,0,1749,0.0981
2299,1,2.06,0,1629,0.046
2300,0,3.99,0,1926,0.0983
2301,0,2.71,0,1535,0.1046
2302,0,3.17,0,1839,0.1096
2303,1,2.96,0,1992,0.0772
2304,1,3.21,0,1477,0.0161
2305,0,3.81,0,1404,0.0278
2306,1,3.85,0,800,0.0825
2307,1,4.48,0,288,0.046
2308,0,3.74,0,1713,0.1039
2309,0,4.43,0,1161,0.0587
2310,0,4.03,0,1353,0.0418
2311,0,4.09,0,1600,0.0638
2312,1,3.42,0,886,0.0231
2313,1,2.53,0,1107,0.1169
2314,1,3.06,0,527,0.0771
2315,1,3.87,0,1545,0.0385
2316,1,2.46,0,1911,0.1172
2317,1,1.42,0,1266,0.0171
2318,1,2.39,0,1187,0.0386
2319,0,3.35,0,1210,0.0209
2320,0,3.97,0,1322,0.0382
2321,1,4.25,0,1762,0.0638
2322,1,4.66,0,1510,0.056
2323,0,4.43,0,1765,0.0153
2324,0,4.12,0,780,0.0547
2325,1,4.27,0,812,0.0202
2326,0,3.38,0,1099,0.0852
2327,1,2.69,0,1119,0.0907
2328,1,4.74,0,771,0.0605
2329,1,3.71,0,1028,0.072
2330,1,2.75,0,811,0.1076
2331,0,4.68,0,753,0.0189
2332,1,5.0,0,783,0.0513
2333,0,3.08,0,1643,0.0541
2334,1,4.17,0,1248,0.0119
2335,1,4.72,0,1175,0.0319
2336,1,3.66,0,1518,0.0623
2337,1,4.42,0,1646,0.1119
2338,1,3.7,0,1079,0.037
2339,1,3.17,0,903,0.0607
2340,1,3.41,0,965,0.0873
2341,1,3.19,0,1818,0.0566
2342,1,5.0,0,1070,0.0767
2343,1,3.39,0,927,0.0121
2344,1,2.58,0,1064,0.0806
2345,1,3.53,0,1425,0.0445
2346,1,4.9,0,1427,0.0337
2347,1,4.53,0,936,0.0989
2348,0,4.66,0,2091,0.0105
2349,0,3.39,0,857,0.0668
2350,0,2.05,0,1035,0.0332
2351,1,3.64,0,1460,0.0106
2352,0,3.29,0,1062,0.018
2353,1,3.89,0,1127,0.112
2354,1,3.54,0,908,0.0658
2355,1,3.11,0,1805,0.0314
2356,1,3.36,0,1099,0.0348
2357,0,3.79,0,1336,0.0241
2358,1,3.69,0,1036,0.1033
2359,1,3.35,0,1509,0.0584
2360,0,4.32,0,1550,0.0277
2361,0,3.57,0,1139,0.0872
2362,0,3.66,0,2078,0.0845
2363,1,3.71,0,1087,0.0363
2364,1,2.13,0,1609,0.019
2365,1,4.93,0,1328,0.04
2366,1,5.0,0,1425,0.089
2367,1,2.31,0,847,0.0515
2368,0,2.56,0,1884,0.1176
2369,1,3.97,0,1321,0.0304
2370,1,5.0,0,1161,0.0172
2371,1,4.58,0,1744,0.0341
2372,1,3.32,0,1230,0.0641
2373,1,3.82,0,1754,0.0908
2374,0,3.84,0,1744,0.0861
2375,1,3.91,0,1266,0.1037
2376,0,3.18,0,702,0.0149
2377,1,3.39,0,1768,0.0445
2378,1,2.55,0,2064,0.0579
2379,1,3.15,0,970,0.0693
2380,0,5.0,0,1281,0.0934
2381,0,3.64,0,607,0.0311
2382,0,2.75,1,1366,0.066
2383,1,4.68,0,1353,0.0258
2384,1,4.5,0,1688,0.1147
2385,1,2.9,0,1179,0.0771
2386,1,4.97,0,1780,0.0887
2387,1,3.83,0,1662,0.0871
2388,0,3.56,0,1690,0.072
2389,0,3.76,0,1531,0.0432
2390,1,4.69,0,1332,0.0441
2391,0,3.93,0,1583,0.0163
2392,0,3.67,0,1096,0.0626
2393,1,4.47,0,2014,0.0765
2394,0,5.0,0,1730,0.0539
2395,1,2.82,0,1394,0.0812
2396,1,4.37,0,1083,0.0665
2397,0,5.0,0,1706,0.0264
2398,1,4.59,0,632,0.0513
2399,1,4.04,0,1249,0.0156
2400,1,2.8,0,1080,0.1117
2401,1,4.13,1,890,0.1185
2402,1,5.0,0,1498,0.0302
2403,1,4.87,0,1621,0.036
2404,1,3.9,0,859,0.0658
2405,1,3.93,0,1135,0.1179
2406,1,3.0,0,1686,0.0141
2407,0,5.0,0,1290,0.0805
2408,1,2.44,0,1357,0.0471
2409,1,5.0,0,1593,0.0207
2410,1,3.63,0,1310,0.0595
2411,1,2.78,0,1674,0.06
2412,1,4.05,0,1269,0.0575
2413,0,2.22,0,1064,0.0947
2414,1,4.07,0,1091,0.0137
2415,1,3.79,0,1441,0.0255
2416,1,3.1,0,1339,0.0649
2417,1,2.39,0,1484,0.1197
2418,0,4.86,0,1618,0.0727
2419,0,4.91,0,1586,0.0634
2420,1,3.11,0,1232,0.0186
2421,1,3.54,0,1300,0.0528
2422,0,5.0,0,1089,0.1173
2423,0,3.36,0,2282,0.0819
2424,1,3.51,0,1628,0.0712
2425,1,2.36,0,1323,0.0486
2426,1,4.22,0,1043,0.0405
2427,1,4.19,0,1211,0.0203
2428,1,3.12,0,1561,0.0985
2429,1,3.19,0,1565,0.0917
2430,0,3.35,0,1434,0.1188
2431,1,3.6,0,1839,0.0217
2432,0,3.71,0,1744,0.0787
2433,1,4.41,0,1549,0.0622
2434,1,4.9,0,622,0.0112
2435,1,4.34,0,1005,0.119
2436,1,4.05,0,1093,0.0586
2437,1,3.45,0,1288,0.0146
2438,0,4.75,0,1894,0.0637
2439,1,3.3,0,1133,0.0251
2440,1,4.04,0,1353,0.1003
2441,1,2.9,0,1536,0.0932
2442,1,3.7,0,556,0.0784
2443,1,2.09,0,1697,0.0633
2444,1,2.11,0,1427,0.0151
2445,1,4.89,0,1427,0.0189
2446,0,2.77,0,1942,0.1119
2447,0,4.8,0,1521,0.0314
2448,1,4.11,0,955,0.0732
2449,1,4.14,0,926,0.0717
2450,1,3.53,0,1049,0.0486
2451,1,3.46,0,1163,0.0439
2452,0,3.51,0,1632,0.0266
2453,1,3.41,0,836,0.113
2454,1,3.88,0,1421,0.0672
2455,1,3.72,0,1743,0.1153
2456,1,5.0,0,664,0.0289
2457,1,3.25,0,1786,0.0701
2458,1,3.97,0,1379,0.0701
2459,1,1.8,0,1689,0.0238
2460,1,4.34,0,2275,0.0316
2461,0,4.31,0,1216,0.0362
2462,0,2.77,0,1202,0.0528
2463,1,3.46,0,1709,0.0557
2464,0,4.31,0,639,0.0487
2465,1,4.62,0,1209,0.0578
2466,1,3.59,0,1167,0.0942
2467,1,4.36,0,1341,0.1035
2468,1,4.88,0,1308,0.0782
2469,1,3.34,0,1440,0.0131
2470,1,2.88,0,1683,0.0788
2471,1,3.59,0,1176,0.0871
2472,1,4.84,0,1703,0.0627
2473,1,3.29,0,1652,0.0772
2474,1,4.51,0,1081,0.0574
2475,1,3.8,0,1071,0.0665
2476,1,2.8,0,698,0.1077
2477,1,3.84,0,681,0.1054
2478,1,3.88,0,1217,0.083
2479,0,4.6,0,939,0.1044
2480,0,1.77,0,1406,0.0623
2481,1,4.39,0,1964,0.0624
2482,1,3.05,0,1073,0.0445
2483,1,3.74,0,1705,0.0415
2484,0,3.57,0,1420,0.0974
2485,1,4.54,0,1108,0.0889
2486,0,3.47,0,1059,0.0433
2487,1,4.15,0,1672,0.0148
2488,1,4.91,0,899,0.116
2489,1,4.02,0,1287,0.1034
2490,1,5.0,0,644,0.0238
2491,1,2.94,0,1018,0.0171
2492,0,4.25,0,955,0.0847
2493,0,5.0,0,1825,0.0324
2494,1,4.37,0,1680,0.1161
2495,0,2.82,0,1093,0.0225
2496,0,1.9,0,1647,0.0234
2497,1,4.64,0,1863,0.0243
2498,0,3.49,0,1201,0.0648
2499,1,1.99,0,1786,0.0538
2500,0,4.65,0,806,0.1115
2501,0,4.64,0,1175,0.0597
2502,1,1.66,0,1305,0.1005
2503,1,3.05,0,829,0.0234
2504,0,4.92,0,499,0.0563
2505,1,3.45,0,1122,0.0372
2506,1,2.82,0,1529,0.0501
2507,1,4.5,0,1339,0.0867
2508,1,2.54,0,2014,0.1097
2509,1,5.0,0,1022,0.0562
2510,1,2.83,0,1070,0.0751
2511,1,3.25,0,2008,0.1176
2512,0,4.03,0,1501,0.0298
2513,1,4.65,0,1641,0.0201
2514,1,4.56,0,1616,0.0293
2515,1,2.98,0,1429,0.0635
2516,1,5.0,0,1213,0.0679
2517,0,4.97,0,870,0.0499
2518,1,5.0,0,1299,0.0144
2519,0,3.88,0,1318,0.116
2520,0,3.51,0,1614,0.0656
2521,1,2.76,0,661,0.0354
2522,1,4.6,0,1011,0.0462
2523,0,4.43,0,1212,0.0862
2524,0,3.29,0,2055,0.0248
2525,0,4.16,0,515,0.0599
2526,1,2.98,1,1802,0.0486
2527,1,3.37,0,1818,0.0903
2528,1,4.74,1,1380,0.059
2529,1,3.71,0,1555,0.07
2530,1,2.04,0,1345,0.0882
2531,1,2.95,0,1042,0.0387
2532,1,3.39,0,1127,0.0814
2533,1,3.77,0,1069,0.1023
2534,0,3.9,0,1697,0.0723
2535,0,3.35,0,1330,0.0692
2536,1,3.6,0,1162,0.0258
2537,1,4.69,0,1768,0.0793
2538,1,4.43,0,1602,0.0253
2539,1,4.67,0,631,0.0184
2540,1,3.84,0,1194,0.049
2541,1,3.5,0,1068,0.052
2542,1,3.35,0,1361,0.1062
2543,1,4.0,0,1645,0.0503
2544,1,2.68,0,967,0.0444
2545,1,3.99,0,1078,0.0728
2546,1,3.79,0,952,0.0302
2547,1,2.31,0,517,0.0429
2548,1,4.24,0,1307,0.017
2549,0,5.0,0,2312,0.0556
2550,1,4.97,0,1507,0.0836
2551,1,3.92,0,1831,0.0519
2552,1,3.31,0,1270,0.065
2553,0,2.56,0,985,0.071
2554,1,4.74,0,1297,0.023
2555,1,2.43,0,1688,0.073
2556,0,3.07,0,1587,0.0555
2557,1,3.64,0,1276,0.0671
2558,1,3.35,0,1273,0.012
2559,0,3.58,0,1584,0.0668
2560,1,3.85,0,1388,0.0708
2561,1,1.41,0,1258,0.0268
2562,1,2.75,0,598,0.0744
2563,1,3.25,0,1131,0.0894
2564,1,4.49,1,1665,0.0288
2565,1,3.52,0,1446,0.0236
2566,0,4.35,0,1053,0.1017
2567,1,3.78,0,1223,0.0508
2568,1,4.43,0,1506,0.0193
2569,1,2.87,0,1347,0.0434
2570,1,2.88,0,1486,0.0425
2571,0,2.9,0,1685,0.0854
2572,1,5.0,0,1821,0.1166
2573,1,5.0,0,2037,0.0883
2574,1,3.0,1,1375,0.1084
2575,0,4.28,0,1324,0.0365
2576,0,4.01,0,1409,0.1104
2577,1,3.11,0,1245,0.0518
2578,1,3.82,0,1560,0.067
2579,1,5.0,0,1964,0.0242
2580,0,3.49,0,1593,0.0954
2581,1,3.92,0,1485,0.0342
2582,1,5.0,0,1993,0.094
2583,1,1.82,0,1475,0.1193
2584,1,2.76,0,1297,0.0528
2585,1,3.6,0,683,0.0867
2586,1,3.73,0,1137,0.0329
2587,1,3.34,0,1498,0.044
2588,1,3.64,0,2039,0.1152
2589,1,2.98,0,727,0.0462
2590,1,3.82,0,1351,0.0306
2591,1,3.77,0,1673,0.0214
2592,1,3.88,0,1632,0.0249
2593,1,3.12,0,1055,0.1178
2594,1,3.06,0,1209,0.1113
2595,0,2.74,0,1304,0.0867
2596,0,4.41,0,1279,0.0939
2597,0,2.27,0,1129,0.0826
2598,1,4.16,0,1433,0.0111
2599,0,2.75,0,1537,0.0744
2600,1,3.02,0,656,0.1082
2601,1,3.37,0,1483,0.0558
2602,1,3.9,0,1550,0.1155
2603,1,3.37,0,1506,0.0518
2604,0,3.61,0,1564,0.0504
2605,1,4.7,0,1109,0.0611
2606,1,4.31,0,1484,0.0872
2607,1,3.28,0,1388,0.0912
2608,0,4.05,0,1099,0.0986
2609,1,3.05,0,1408,0.0602
2610,1,2.28,0,1500,0.088
2611,0,3.66,0,1017,0.0476
2612,1,4.0,0,2211,0.1147
2613,0,4.38,0,1234,0.0301
2614,1,3.69,0,823,0.0134
2615,1,4.11,0,1128,0.0793
2616,1,5.0,0,1738,0.0214
2617,1,3.79,0,576,0.1169
2618,1,3.35,0,1071,0.0969
2619,1,3.97,0,1365,0.0155
2620,1,4.74,0,1223,0.0164
2621,1,4.41,0,1831,0.0254
2622,1,3.2,0,1117,0.0993
2623,1,3.71,0,1122,0.0996
2624,1,3.3,0,1407,0.0355
2625,1,3.5,0,1170,0.0125
2626,1,4.09,0,1448,0.0894
2627,0,4.05,0,2007,0.0827
2628,0,3.72,0,1053,0.0928
2629,1,4.6,0,1173,0.1033
2630,1,2.68,0,1434,0.1083
2631,1,3.11,0,1195,0.0162
2632,0,3.33,0,976,0.0629
2633,1,2.69,0,1317,0.0298
2634,0,2.96,0,1502,0.0199
2635,1,3.93,0,939,0.0793
2636,1,3.07,0,1192,0.0589
2637,1,3.15,0,1119,0.0493
2638,1,1.87,0,1270,0.0484
2639,1,4.0,0,1022,0.0652
2640,1,3.28,0,1379,0.0582
2641,1,3.26,0,1109,0.1069
2642,1,4.71,0,1381,0.0304
2643,0,4.66,0,1680,0.0538
2644,1,3.33,0,1485,0.0904
2645,0,3.85,0,1009,0.0278
2646,0,3.13,0,1749,0.028
2647,1,2.96,0,578,0.0196
2648,1,3.31,0,2085,0.1122
2649,0,4.21,0,1176,0.0924
2650,0,3.54,0,1392,0.1011
2651,1,3.47,0,1337,0.0407
2652,1,4.17,0,1302,0.0974
2653,1,4.76,0,947,0.0741
2654,1,2.75,0,1537,0.0143
2655,1,3.6,0,1073,0.1126
2656,1,3.49,0,789,0.0443
2657,1,3.27,0,1472,0.02
2658,1,3.14,0,1406,0.0619
2659,1,4.23,0,1223,0.0635
2660,1,4.51,0,1440,0.0174
2661,1,3.92,0,1165,0.0434
2662,1,2.98,0,760,0.0813
2663,0,2.76,0,642,0.0338
2664,1,4.16,0,1218,0.0906
2665,0,2.27,0,2042,0.0813
2666,1,2.51,0,1627,0.0374
2667,1,3.85,0,1474,0.1177
2668,1,3.64,0,1584,0.0678
2669,0,4.6,0,922,0.0959
2670,1,2.67,0,1291,0.0264
2671,1,4.02,0,1360,0.1045
2672,0,2.99,0,2116,0.0661
2673,0,4.29,0,1670,0.1011
2674,0,2.62,0,1643,0.1028
2675,0,3.54,0,1225,0.0529
2676,1,3.22,0,1390,0.0753
2677,0,2.7,0,1179,0.0724
2678,1,4.88,0,1616,0.0793
2679,1,3.17,1,988,0.0568
2680,0,4.27,0,1542,0.0912
2681,0,3.77,0,1606,0.0515
2682,1,3.56,0,1490,0.0883
2683,1,2.22,0,1929,0.105
2684,1,4.31,0,2349,0.0428
2685,1,3.04,0,1417,0.0263
2686,1,3.58,0,1250,0.1013
2687,0,3.69,0,1028,0.1001
2688,1,4.14,0,1698,0.0657
2689,0,3.86,0,1982,0.1009
2690,0,4.53,0,1259,0.1183
2691,1,2.26,0,1224,0.047
2692,0,3.63,0,1249,0.0924
2693,1,3.11,0,1249,0.0788
2694,1,3.19,1,1178,0.0215
2695,1,4.05,0,562,0.0387
2696,1,4.0,0,1324,0.1115
2697,1,4.37,0,1963,0.0975
2698,0,3.67,0,1796,0.1104
2699,0,3.52,0,903,0.0293
2700,1,5.0,0,1206,0.0247
2701,1,4.32,0,1534,0.0895
2702,0,3.65,0,1091,0.0814
2703,0,3.47,0,1004,0.0267
2704,1,4.24,0,1623,0.0399
2705,0,2.11,0,1701,0.0739
2706,1,2.97,0,932,0.0143
2707,1,3.47,0,1621,0.0536
2708,1,3.1,0,1385,0.1114
2709,1,4.27,0,1039,0.0981
2710,1,2.88,0,2038,0.0966
2711,1,4.02,0,1863,0.0876
2712,1,2.78,0,1270,0.1044
2713,1,2.69,0,1717,0.0714
2714,1,4.11,0,1946,0.1148
2715,0,3.89,0,981,0.0867
2716,1,5.0,0,1407,0.0249
2717,0,2.35,0,1400,0.054
2718,1,3.38,0,685,0.0906
2719,1,3.4,0,2302,0.024
2720,0,4.29,0,2019,0.0407
2721,1,3.79,0,1545,0.0582
2722,0,3.25,0,551,0.0144
2723,1,3.94,0,1036,0.0349
2724,1,2.76,0,1504,0.0361
2725,1,3.64,0,923,0.0669
2726,1,4.66,0,1221,0.1092
2727,1,4.26,0,1674,0.0292
2728,1,3.51,0,1350,0.0947
2729,1,4.43,0,1273,0.1047
2730,1,2.61,0,1118,0.0155
2731,1,5.0,0,1790,0.0398
2732,1,3.37,0,1215,0.0929
2733,1,3.24,0,1011,0.0625
2734,0,3.38,0,1075,0.0394
2735,1,2.59,0,1607,0.0747
2736,1,2.85,0,1873,0.0488
2737,1,3.87,0,1625,0.0447
2738,1,3.85,0,2190,0.1097
2739,1,4.18,0,1263,0.0748
2740,0,3.95,0,1682,0.0841
2741,1,4.63,0,1244,0.0248
2742,1,4.08,0,1730,0.0308
2743,1,3.64,0,1541,0.0386
2744,0,3.59,0,1058,0.014
2745,0,3.73,0,1688,0.0797
2746,1,4.46,0,589,0.0348
2747,1,3.53,0,1358,0.019
2748,1,2.44,0,1266,0.0642
2749,0,4.28,0,974,0.0817
2750,1,2.18,0,885,0.0751
2751,1,3.69,0,1122,0.0375
2752,1,3.97,0,1831,0.0866
2753,1,2.3,0,1433,0.102
2754,1,3.62,0,1567,0.1189
2755,1,4.09,0,1405,0.1149
2756,1,2.33,0,1525,0.1195
2757,1,2.4,0,1095,0.105
2758,1,4.59,0,1513,0.0928
2759,1,3.07,0,1711,0.0712
2760,1,3.69,0,1403,0.0624
2761,1,5.0,0,1534,0.0847
2762,0,2.85,0,787,0.1073
2763,1,4.31,0,968,0.0185
2764,1,3.87,0,1647,0.0499
2765,1,2.7,0,1474,0.0197
2766,1,3.78,0,956,0.011
2767,1,3.62,0,1831,0.0251
2768,1,3.49,0,2142,0.0202
2769,0,4.41,0,578,0.0751
2770,1,4.57,0,1110,0.0686
2771,0,2.38,0,2025,0.1151
2772,0,4.1,0,1774,0.0696
2773,1,3.43,0,1552,0.0697
2774,1,5.0,0,1980,0.0566
2775,1,4.29,0,1266,0.0813
2776,1,2.73,0,1373,0.0208
2777,1,4.22,0,1419,0.019
2778,1,4.69,0,1780,0.0101
2779,1,2.58,1,954,0.0494
2780,0,3.45,0,1562,0.021
2781,0,2.06,0,1784,0.0658
2782,1,3.09,0,1984,0.0786
2783,1,4.34,0,874,0.0488
2784,1,3.16,0,1354,0.0311
2785,0,3.68,0,1237,0.1175
2786,1,2.82,0,1078,0.0178
2787,1,4.04,0,1710,0.0489
2788,1,4.47,0,850,0.1137
2789,0,3.67,0,732,0.112
2790,1,3.44,0,1221,0.0495
2791,1,2.77,0,1417,0.0767
2792,0,4.94,0,1235,0.0845
2793,1,4.55,0,1505,0.114
2794,1,2.39,0,1688,0.0109
2795,0,4.89,0,1489,0.0545
2796,1,3.72,0,1758,0.061
2797,0,3.28,0,1762,0.0271
2798,1,1.91,0,871,0.0845
2799,1,3.8,0,1329,0.1118
2800,1,3.68,0,1839,0.0944
2801,1,3.18,0,749,0.0313
2802,1,5.0,0,993,0.0797
2803,1,3.39,0,1186,0.0567
2804,0,3.5,0,1548,0.0114
2805,0,3.63,0,1515,0.0945
2806,1,4.29,0,1816,0.0895
2807,0,3.4,0,744,0.1132
2808,1,3.78,0,1465,0.0187
2809,1,3.72,0,2190,0.0913
2810,1,3.77,0,1227,0.0339
2811,0,3.88,0,1188,0.0379
2812,1,3.97,0,1218,0.0546
2813,1,4.42,0,1605,0.0465
2814,1,4.95,0,715,0.0168
2815,1,3.63,0,1138,0.0866
2816,1,3.23,0,960,0.025
2817,0,4.96,1,1616,0.0216
2818,0,4.62,0,1689,0.0193
2819,1,3.92,0,1292,0.0137
2820,1,3.15,0,1310,0.0407
2821,1,3.73,0,1813,0.0167
2822,0,3.05,0,1140,0.0813
2823,1,2.43,0,1388,0.0551
2824,0,3.92,0,1403,0.0533
2825,0,4.05,0,1704,0.116
2826,0,3.8,0,877,0.028
2827,1,2.8,0,1078,0.0928
2828,1,1.94,0,1352,0.0572
2829,1,3.32,0,1472,0.0197
2830,1,3.89,0,1960,0.0275
2831,1,3.25,0,1429,0.0254
2832,1,3.6,0,1318,0.1141
2833,0,3.84,0,1187,0.0217
2834,1,3.93,0,1397,0.0981
2835,1,3.58,0,1390,0.0315
2836,1,4.65,0,1552,0.0405
2837,1,3.68,0,1162,0.0942
2838,1,4.23,0,1146,0.0762
2839,1,4.07,1,1257,0.0159
2840,0,3.41,0,1579,0.0728
2841,0,4.45,0,1177,0.0126
2842,1,3.61,1,1091,0.0377
2843,0,4.45,0,1693,0.108
2844,1,2.74,0,1807,0.1043
2845,1,3.07,0,1615,0.089
2846,0,3.35,0,1385,0.0571
2847,0,2.87,0,1123,0.0758
2848,1,4.24,0,1599,0.1059
2849,1,3.26,0,1286,0.0154
2850,1,3.21,0,1533,0.0262
2851,1,4.51,0,878,0.0838
2852,1,4.65,0,1987,0.0187
2853,1,2.92,0,1455,0.0181
2854,0,3.69,0,1645,0.0453
2855,0,3.74,0,1146,0.051
2856,1,2.61,0,1421,0.095
2857,1,3.35,0,1436,0.1196
2858,1,2.54,0,910,0.0587
2859,0,2.82,0,1604,0.0816
2860,1,3.41,0,2055,0.114
2861,0,4.62,0,1192,0.0133
2862,1,3.94,0,1465,0.0282
2863,1,3.46,0,1415,0.0449
2864,1,4.05,0,1189,0.0135
2865,0,2.78,0,1715,0.0377
2866,1,3.07,0,878,0.0826
2867,1,4.7,0,1120,0.0179
2868,1,4.93,0,1691,0.0494
2869,1,5.0,0,1490,0.1154
2870,0,2.87,0,1842,0.0854
2871,0,3.04,0,1226,0.0463
2872,1,3.67,0,960,0.0102
2873,1,2.59,0,1459,0.0329
2874,0,3.7,0,1201,0.09
2875,1,4.43,0,1442,0.0187
2876,0,4.1,0,1104,0.1113
2877,0,3.05,0,1958,0.0112
2878,1,3.94,0,1615,0.0945
2879,1,4.29,0,1235,0.0933
2880,1,3.49,0,1386,0.0382
2881,0,4.38,0,1154,0.0418
2882,0,4.58,0,1283,0.0702
2883,0,1.88,0,1388,0.0523
2884,1,2.8,0,1687,0.0689
2885,1,3.53,0,1215,0.061
2886,0,5.0,0,941,0.1159
2887,0,1.77,0,1005,0.1058
2888,1,3.69,0,1716,0.0755
2889,1,5.0,0,1163,0.0169
2890,1,3.79,0,883,0.0642
2891,1,3.58,0,1013,0.0952
2892,0,3.3,0,1873,0.0349
2893,1,3.35,0,1057,0.1109
2894,1,3.66,0,1451,0.0139
2895,1,2.57,0,1349,0.0735
2896,1,3.15,0,1325,0.0869
2897,1,4.08,0,1522,0.0164
2898,1,4.59,0,1519,0.1099
2899,0,4.22,0,1595,0.0906
2900,1,2.81,0,1268,0.0891
2901,0,5.0,0,1498,0.0861
2902,1,4.37,0,429,0.052
2903,1,3.5,0,1487,0.0802
2904,1,3.84,0,1049,0.0989
2905,0,2.38,0,1690,0.0693
2906,1,2.85,0,1711,0.0724
2907,1,3.83,0,1609,0.0486
2908,0,3.76,0,1367,0.084
2909,0,3.76,0,1666,0.0377
2910,1,2.77,0,816,0.0731
2911,0,4.0,0,1323,0.034
2912,0,4.95,0,708,0.0914
2913,0,3.74,0,1757,0.031
2914,1,4.01,0,1058,0.027
2915,0,3.25,0,1286,0.1189
2916,0,4.02,0,1132,0.042
2917,1,3.99,0,1281,0.0206
2918,1,2.78,0,1257,0.1142
2919,1,4.26,0,1966,0.0228
2920,1,2.4,0,1156,0.0822
2921,1,3.16,0,1745,0.0467
2922,0,2.32,0,1440,0.013
2923,1,4.14,0,1267,0.0541
2924,1,2.82,0,1181,0.0541
2925,0,4.08,0,1452,0.0717
2926,0,3.87,0,1805,0.0356
2927,1,3.78,0,1141,0.0813
2928,0,4.39,0,1522,0.0882
2929,1,4.36,0,1290,0.1162
2930,1,4.63,0,1615,0.0986
2931,1,3.66,0,1764,0.1124
2932,1,2.87,0,965,0.0453
2933,0,4.48,0,847,0.0288
2934,1,3.67,0,1499,0.0537
2935,1,5.0,0,1181,0.0574
2936,1,2.93,0,1461,0.0154
2937,1,4.35,0,1319,0.0691
2938,1,3.73,0,1386,0.0573
2939,1,4.81,0,1138,0.0625
2940,0,3.55,0,1847,0.0904
2941,1,4.45,0,1921,0.046
2942,0,3.66,0,1496,0.0864
2943,0,2.38,0,493,0.0373
2944,1,3.92,0,1695,0.0682
2945,1,4.31,0,1402,0.116
2946,1,3.99,0,1819,0.0102
2947,1,4.86,0,1354,0.0684
2948,1,4.03,0,1088,0.032
2949,0,3.69,0,1288,0.0966
2950,1,2.05,0,699,0.0162
2951,1,3.4,0,1571,0.0288
2952,0,3.85,0,1653,0.0163
2953,1,3.14,0,1133,0.0155
2954,1,3.67,0,1529,0.0595
2955,1,3.92,0,1334,0.0668
2956,1,3.76,0,1360,0.0134
2957,0,4.18,0,1459,0.1101
2958,1,2.23,0,1189,0.0928
2959,1,3.98,0,1861,0.0262
2960,1,3.93,0,1303,0.0923
2961,0,3.02,0,779,0.1107
2962,0,3.01,0,1480,0.1168
2963,1,2.49,0,1322,0.0646
2964,0,5.0,0,1670,0.043
2965,0,4.92,0,1489,0.0468
2966,1,3.01,0,1036,0.0246
2967,1,3.73,0,1388,0.1013
2968,1,5.0,0,1527,0.0792
2969,1,4.99,0,1566,0.1197
2970,0,3.69,0,2361,0.12
2971,0,2.67,0,1523,0.113
2972,1,2.55,0,1980,0.0905
2973,1,3.42,0,896,0.0616
2974,1,3.08,0,1261,0.0795
2975,1,4.63,0,1501,0.1122
2976,1,4.41,0,1174,0.076
2977,1,2.87,0,1820,0.029
2978,1,4.18,0,1485,0.0655
2979,1,4.21,0,963,0.0838
2980,1,3.95,0,1570,0.0506
2981,1,2.8,0,1624,0.0195
2982,1,3.88,0,1235,0.1181
2983,0,4.09,0,879,0.0135
2984,0,3.68,0,1313,0.0771
2985,0,4.44,0,856,0.1029
2986,1,3.01,0,1700,0.086
2987,0,1.34,0,378,0.0594
2988,0,3.34,0,892,0.0618
2989,1,3.92,0,978,0.0916
2990,1,2.74,0,1788,0.0332
2991,0,3.87,0,1756,0.0184
2992,1,3.44,0,2087,0.1109
2993,1,4.03,0,1286,0.1037
2994,1,4.05,0,1288,0.0783
2995,1,4.99,0,1157,0.0602
2996,0,3.09,0,1333,0.053
2997,1,3.83,0,1196,0.0626
2998,0,3.45,0,1576,0.0485
2999,1,2.79,0,1296,0.0742
3000,1,4.25,0,1387,0.0997
3001,0,3.14,0,1225,0.086
3002,1,3.71,0,583,0.1113
3003,1,4.09,0,1199,0.0916
3004,1,4.5,0,1631,0.0549
3005,0,3.78,0,2112,0.1113
3006,1,3.16,0,1724,0.0988
3007,1,3.62,0,1332,0.0807
3008,1,4.78,0,1921,0.1071
3009,1,3.84,0,1289,0.0625
3010,1,3.74,0,1833,0.0502
3011,0,2.87,0,1359,0.108
3012,1,3.21,0,1085,0.0743
3013,1,2.94,0,1212,0.0527
3014,1,5.0,0,1308,0.0667
3015,1,2.11,0,1172,0.118
3016,1,3.24,0,2122,0.0742
3017,1,4.02,0,1284,0.0261
3018,1,2.02,0,1501,0.1055
3019,1,2.66,0,1584,0.0714
3020,1,2.42,0,1486,0.0681
3021,1,3.2,0,1182,0.0567
3022,1,3.33,0,1180,0.051
3023,0,3.96,0,1534,0.013
3024,0,4.99,0,1678,0.0109
3025,0,3.67,0,1591,0.0463
3026,0,1.9,0,1921,0.0771
3027,1,5.0,0,1222,0.0749
3028,1,3.92,0,1846,0.0645
3029,1,3.04,0,1712,0.0639
3030,0,4.04,0,1209,0.1116
3031,1,2.68,0,1623,0.0726
3032,0,3.42,0,1231,0.1022
3033,0,3.38,0,898,0.026
3034,1,2.42,0,1287,0.048
3035,1,4.64,0,1092,0.0304
3036,1,4.15,0,928,0.1188
3037,0,4.3,0,1085,0.1068
3038,1,3.32,0,1389,0.0453
3039,1,3.5,0,1367,0.0501
3040,1,3.74,1,1674,0.0314
3041,1,4.7,0,1483,0.103
3042,0,3.96,0,1206,0.1179
3043,0,4.03,0,1213,0.0701
3044,1,3.18,0,1285,0.1011
3045,1,4.74,0,1521,0.0719
3046,1,3.6,0,1808,0.0592
3047,1,3.03,0,1708,0.0821
3048,1,5.0,0,653,0.0334
3049,0,4.26,0,1829,0.0601
3050,1,3.67,0,1511,0.0599
3051,0,3.39,0,2190,0.0554
3052,0,4.09,0,2108,0.0898
3053,1,4.73,0,1375,0.0227
3054,1,4.31,0,1302,0.0642
3055,0,4.43,0,1260,0.0439
3056,1,3.29,0,1707,0.0788
3057,1,2.48,0,1935,0.0654
3058,1,3.46,0,917,0.0446
3059,1,3.42,0,1612,0.0943
3060,1,4.07,0,1047,0.0289
3061,0,4.53,0,1797,0.0695
3062,1,3.7,0,1330,0.0902
3063,1,4.68,0,1878,0.0853
3064,1,4.71,0,1238,0.0429
3065,1,4.7,0,1323,0.0767
3066,1,3.01,0,409,0.1141
3067,1,4.25,0,1477,0.1198
3068,1,3.61,0,1368,0.0129
3069,0,4.22,0,1226,0.1022
3070,1,4.57,0,1177,0.0215
3071,0,4.05,0,1568,0.0692
3072,1,1.74,0,1378,0.0976
3073,1,4.4,0,1495,0.0881
3074,1,3.52,0,1712,0.0101
3075,1,3.79,0,1314,0.0916
3076,0,4.57,0,1620,0.0233
3077,1,4.24,0,1544,0.0757
3078,0,4.02,0,2024,0.0292
3079,1,4.34,0,1667,0.047
3080,1,4.59,0,1529,0.0236
3081,1,2.76,0,695,0.0887
3082,1,3.93,0,1298,0.0776
3083,1,4.15,0,1670,0.0521
3084,1,3.55,0,1187,0.097
3085,1,3.44,0,1688,0.0473
3086,1,3.35,0,1313,0.0786
3087,0,4.63,0,965,0.0906
3088,0,3.21,0,1297,0.0119
3089,0,3.97,0,828,0.0273
3090,0,5.0,0,801,0.106
3091,1,3.97,0,1818,0.103
3092,0,4.56,0,1449,0.0757
3093,0,3.39,0,1769,0.0498
3094,1,4.16,0,2259,0.0305
3095,1,4.48,0,1561,0.1179
3096,1,5.0,0,1211,0.048
3097,0,4.16,0,1552,0.0599
3098,1,5.0,0,1431,0.0813
3099,1,2.88,0,1403,0.0458
3100,1,3.14,0,1304,0.0353
3101,1,3.27,0,1122,0.0573
3102,0,4.99,0,1680,0.0847
3103,0,3.33,0,1270,0.1091
3104,1,4.44,0,1302,0.0646
3105,0,3.21,0,970,0.0873
3106,0,3.3,0,1173,0.0399
3107,1,2.62,0,1433,0.0522
3108,1,2.24,0,881,0.0591
3109,0,4.08,0,1545,0.0451
3110,1,3.55,0,223,0.064
3111,1,5.0,0,1765,0.1144
3112,1,3.43,0,992,0.0248
3113,1,3.34,0,1237,0.1034
3114,1,5.0,0,872,0.1034
3115,0,4.21,0,1302,0.0188
3116,1,3.01,0,773,0.028
3117,1,3.59,0,1401,0.0402
3118,1,4.86,0,1713,0.1161
3119,1,4.17,0,1567,0.0985
3120,1,3.56,0,1020,0.0326
3121,0,4.74,0,1496,0.0144
3122,1,3.59,0,2100,0.0433
3123,1,3.81,0,1290,0.0784
3124,1,3.14,0,1543,0.0572
3125,0,1.69,0,1379,0.087
3126,1,3.75,0,1793,0.0531
3127,1,4.0,0,1952,0.0185
3128,1,3.0,0,821,0.023
3129,1,3.89,0,1102,0.0827
3130,1,5.0,0,1513,0.1183
3131,1,4.53,0,1175,0.0667
3132,1,3.13,0,1852,0.0965
3133,0,4.72,0,1203,0.0244
3134,0,2.88,0,962,0.0336
3135,1,3.99,0,1155,0.0488
3136,1,3.74,0,928,0.0411
3137,1,4.25,0,811,0.0254
3138,0,3.08,0,848,0.093
3139,1,4.54,0,1722,0.078
3140,1,3.96,0,1079,0.0128
3141,1,3.08,0,1511,0.1135
3142,0,2.72,0,1851,0.0661
3143,1,2.51,0,1454,0.0701
3144,1,4.35,0,1325,0.0161
3145,1,4.53,0,1438,0.0168
3146,0,5.0,0,1353,0.0222
3147,1,4.12,0,1135,0.114
3148,0,3.0,0,1230,0.0482
3149,1,2.97,0,1148,0.0714
3150,1,3.16,0,1535,0.0516
3151,0,3.7,0,1586,0.0512
3152,1,2.59,0,1180,0.0955
3153,1,4.05,0,1997,0.0454
3154,1,3.36,0,1131,0.066
3155,0,3.13,0,1691,0.0147
3156,0,4.83,0,1399,0.1037
3157,1,3.13,0,1236,0.0462
3158,0,3.62,0,899,0.0782
3159,1,4.88,0,1773,0.0196
3160,1,3.47,0,1278,0.044
3161,1,4.71,0,2134,0.0695
3162,1,3.57,0,2004,0.0491
3163,1,3.9,0,1918,0.0368
3164,1,2.8,0,1192,0.0854
3165,0,3.81,0,1223,0.1167
3166,1,4.05,0,1419,0.0572
3167,0,4.28,0,1370,0.0107
3168,0,4.27,0,1517,0.0752
3169,1,3.16,0,1019,0.0354
3170,0,4.7,0,1070,0.0604
3171,0,4.62,0,1176,0.0292
3172,1,3.59,0,1569,0.0952
3173,1,4.02,1,1566,0.0728
3174,0,2.62,0,2119,0.0163
3175,0,2.44,0,1407,0.0921
3176,0,3.48,0,2203,0.0919
3177,0,3.86,0,1632,0.0592
3178,1,3.07,0,839,0.0323
3179,1,1.0,0,1048,0.0999
3180,0,3.18,0,891,0.0416
3181,1,3.22,1,200,0.0881
3182,0,2.57,0,1019,0.0625
3183,0,3.67,0,1206,0.0336
3184,1,3.82,0,853,0.0962
3185,1,3.93,0,1216,0.038
3186,1,3.91,0,1584,0.0731
3187,1,3.96,0,1493,0.0982
3188,1,5.0,0,1387,0.092
3189,1,2.88,0,1128,0.0316
3190,1,2.41,0,1190,0.037
3191,1,3.94,0,893,0.0461
3192,1,4.59,0,1059,0.0449
3193,1,2.9,0,1090,0.0624
3194,1,3.33,0,1563,0.0863
3195,1,4.16,0,1578,0.0615
3196,1,2.48,0,1154,0.1171
3197,1,3.98,0,1147,0.0345
3198,1,3.57,0,1823,0.0315
3199,1,3.97,0,985,0.0847
3200,0,3.32,0,2295,0.1193
3201,1,3.84,0,1381,0.0646
3202,1,4.26,0,1383,0.0614
3203,1,3.65,0,1250,0.0141
3204,1,3.2,0,1593,0.0464
3205,1,3.6,0,1254,0.0793
3206,1,3.68,0,1442,0.1045
3207,1,5.0,0,1492,0.0742
3208,0,3.57,0,1966,0.0737
3209,1,4.49,0,1107,0.0185
3210,1,3.41,0,1267,0.0408
3211,0,3.94,0,1087,0.0905
3212,1,3.4,0,1998,0.0896
3213,1,3.27,0,1560,0.0739
3214,1,2.23,0,1211,0.0653
3215,1,2.77,0,1654,0.0596
3216,1,4.12,0,342,0.049
3217,1,5.0,0,1620,0.0826
3218,1,3.3,0,1416,0.0119
3219,1,4.36,0,588,0.1112
3220,1,3.37,0,1767,0.0712
3221,1,4.11,0,1399,0.0535
3222,1,4.01,0,1636,0.107
3223,1,4.47,0,703,0.0291
3224,1,3.64,0,1347,0.112
3225,0,4.91,0,1934,0.0879
3226,1,2.1,0,1317,0.0454
3227,1,2.71,0,1036,0.0595
3228,0,3.5,0,1080,0.0134
3229,1,2.7,0,2014,0.046
3230,1,4.18,0,1384,0.1052
3231,0,3.66,0,1331,0.0366
3232,1,4.33,0,1916,0.0958
3233,1,4.2,0,1401,0.0944
3234,1,4.58,0,1603,0.0814
3235,1,4.7,0,1546,0.0395
3236,1,2.6,0,1952,0.0432
3237,0,4.17,0,1918,0.0626
3238,0,4.65,0,1538,0.0816
3239,1,3.65,0,946,0.0908
3240,0,3.81,0,1451,0.1072
3241,1,2.01,0,1492,0.0684
3242,1,3.64,0,410,0.1141
3243,1,4.26,0,2236,0.1169
3244,1,4.99,0,1203,0.0173
3245,0,2.25,0,1001,0.0874
3246,0,3.5,0,960,0.0789
3247,0,3.63,0,1238,0.023
3248,1,2.26,0,1553,0.0525
3249,1,2.21,0,1404,0.0338
3250,1,3.21,0,895,0.0101
3251,1,3.84,1,789,0.037
3252,1,4.94,0,1998,0.0516
3253,0,4.56,0,958,0.0959
3254,1,3.28,0,1777,0.0305
3255,0,2.5,0,566,0.0317
3256,1,3.56,0,1619,0.0129
3257,1,4.16,0,1569,0.098
3258,0,2.91,0,1751,0.092
3259,1,3.44,0,842,0.0896
3260,1,3.24,0,1248,0.0877
3261,1,4.29,0,907,0.0932
3262,1,2.69,0,1674,0.0931
3263,1,2.31,0,1421,0.079
3264,1,3.65,0,1378,0.0173
3265,1,3.71,0,1424,0.0264
3266,0,3.27,0,1677,0.0962
3267,1,3.66,0,762,0.0389
3268,1,3.04,0,985,0.0419
3269,1,2.93,1,2078,0.0987
3270,1,4.67,0,1104,0.061
3271,1,3.66,1,716,0.0194
3272,0,2.81,0,1974,0.0373
3273,1,3.5,0,1999,0.0876
3274,0,2.95,0,1423,0.0277
3275,1,3.99,0,1167,0.1042
3276,1,3.02,0,1630,0.0333
3277,0,2.99,0,1334,0.0442
3278,1,3.4,0,1229,0.1181
3279,1,4.08,0,1114,0.0511
3280,0,3.56,0,1448,0.0603
3281,1,4.15,0,2062,0.0893
3282,0,4.49,0,1415,0.1037
3283,0,3.81,0,1328,0.075
3284,0,4.06,0,1925,0.0458
3285,0,2.78,0,1540,0.038
3286,0,2.73,0,973,0.0869
3287,0,4.6,0,1488,0.0837
3288,1,4.43,0,1234,0.0242
3289,0,4.62,0,2021,0.0206
3290,1,4.22,1,1298,0.1094
3291,1,3.42,0,2125,0.0765
3292,1,4.13,0,1748,0.0576
3293,1,2.93,0,1297,0.0364
3294,1,4.07,0,1555,0.0152
3295,1,3.73,0,605,0.0177
3296,1,3.98,0,1134,0.0675
3297,1,3.76,1,1110,0.0757
3298,1,4.11,0,1202,0.0859
3299,1,4.78,0,1634,0.0941
3300,1,3.06,0,1227,0.0539
3301,1,4.6,0,1506,0.0332
3302,1,3.89,0,1839,0.0947
3303,1,4.21,0,1619,0.0502
3304,1,3.47,0,1310,0.0914
3305,1,2.14,0,1183,0.0369
3306,1,3.16,0,1261,0.0976
3307,0,4.62,0,887,0.0761
3308,0,3.67,0,2382,0.0233
3309,1,3.67,0,1010,0.0629
3310,1,5.0,0,1352,0.0209
3311,1,4.59,0,2109,0.0359
3312,1,2.04,0,1315,0.0916
3313,1,5.0,0,1109,0.0927
3314,1,4.95,0,1206,0.0933
3315,1,3.65,0,1210,0.0627
3316,1,4.76,0,627,0.0965
3317,1,2.9,0,933,0.0372
3318,1,4.44,0,1385,0.0572
3319,1,3.55,0,646,0.1027
3320,1,1.35,0,1644,0.0331
3321,1,3.04,0,1095,0.086
3322,1,4.8,0,1741,0.0165
3323,0,4.29,0,1696,0.1192
3324,0,4.28,0,1306,0.0892
3325,0,5.0,0,1731,0.0328
3326,1,5.0,0,1624,0.0763
3327,0,3.45,0,1160,0.0983
3328,1,4.0,0,2122,0.1027
3329,1,3.47,0,2090,0.0383
3330,1,2.68,0,1547,0.0235
3331,1,4.4,0,1489,0.0382
3332,1,4.53,0,2074,0.0639
3333,0,3.2,0,848,0.0489
3334,0,1.68,0,2137,0.0987
3335,1,2.71,0,1285,0.0667
3336,1,2.44,0,2323,0.1038
3337,1,3.63,0,1786,0.0735
3338,0,5.0,0,1517,0.0208
3339,1,3.8,0,1836,0.0666
3340,1,3.48,0,1787,0.0202
3341,1,3.08,0,1330,0.1035
3342,1,3.12,0,1027,0.0541
3343,1,5.0,0,2215,0.08
3344,1,3.75,0,1025,0.0141
3345,0,3.61,0,1145,0.0449
3346,0,3.87,0,1132,0.0215
3347,1,4.91,0,1837,0.0503
3348,0,2.45,0,1440,0.1171
3349,0,3.52,0,1373,0.1023
3350,1,3.56,0,1127,0.1136
3351,0,4.71,0,1844,0.0118
3352,1,4.12,0,1443,0.0264
3353,1,3.78,0,638,0.0846
3354,0,3.46,0,1853,0.0265
3355,0,3.55,1,1993,0.0321
3356,1,3.66,0,1140,0.048
3357,1,5.0,0,1399,0.04
3358,1,2.51,0,1561,0.0851
3359,1,4.76,0,1289,0.0643
3360,1,4.17,0,1697,0.0671
3361,1,3.49,0,1363,0.1048
3362,1,3.8,1,1337,0.0818
3363,0,4.15,0,1138,0.0496
3364,0,3.71,0,1238,0.0475
3365,1,3.37,0,1524,0.0957
3366,0,4.12,0,1377,0.019
3367,1,3.99,0,1233,0.0962
3368,0,3.53,0,1098,0.0435
3369,0,4.37,0,1727,0.0387
3370,0,4.44,0,894,0.0403
3371,1,3.57,0,419,0.0131
3372,1,3.28,0,1895,0.1006
3373,1,3.46,0,1966,0.0815
3374,0,4.1,0,1208,0.1026
3375,1,4.15,0,1318,0.0812
3376,1,3.48,0,1752,0.115
3377,0,3.61,0,1207,0.0444
3378,0,2.11,0,1924,0.1079
3379,0,3.72,0,1409,0.1192
3380,0,4.33,0,2208,0.1199
3381,0,4.26,0,1359,0.0756
3382,0,2.99,0,1263,0.1085
3383,1,3.02,0,1440,0.0372
3384,1,4.99,0,1039,0.0755
3385,1,4.8,0,1466,0.0646
3386,0,4.08,0,1981,0.076
3387,0,3.2,0,1660,0.0136
3388,1,3.18,0,1358,0.0914
3389,1,3.6,0,1037,0.0499
3390,1,4.03,0,1452,0.0433
3391,1,4.2,0,1504,0.0284
3392,1,3.38,0,994,0.0484
3393,0,2.9,0,932,0.0756
3394,0,4.55,0,1268,0.1007
3395,1,3.17,0,2094,0.0171
3396,0,4.13,0,1221,0.0791
3397,0,3.56,0,1754,0.0253
3398,1,4.01,0,2095,0.0255
3399,1,4.28,0,1371,0.1028
3400,1,2.27,0,819,0.0115
3401,0,3.79,0,1265,0.1154
3402,0,2.58,0,1171,0.0561
3403,1,4.1,0,808,0.0407
3404,0,3.39,0,1307,0.0769
3405,1,4.67,0,1534,0.0256
3406,0,4.66,0,1839,0.107
3407,1,3.19,0,1502,0.0239
3408,1,2.76,0,1496,0.0783
3409,1,3.12,0,1160,0.023
3410,1,4.36,0,1606,0.0647
3411,0,4.31,0,1860,0.1125
3412,0,4.36,0,1304,0.0708
3413,1,2.47,0,1399,0.0842
3414,1,3.15,0,913,0.0281
3415,1,4.64,0,1740,0.0478
3416,1,4.46,0,1373,0.1103
3417,0,4.44,0,1782,0.049
3418,1,3.05,0,1142,0.065
3419,0,4.12,0,1157,0.0434
3420,0,3.04,0,912,0.0557
3421,1,3.49,0,1066,0.0362
3422,1,4.52,1,632,0.0402
3423,1,3.77,0,1309,0.0789
3424,1,3.87,0,1174,0.0981
3425,1,4.12,0,1502,0.0679
3426,1,3.33,0,1187,0.1032
3427,0,2.88,0,1415,0.0841
3428,1,3.79,0,1022,0.0412
3429,0,4.28,0,796,0.0877
3430,0,2.9,0,1347,0.0817
3431,1,3.61,0,1184,0.0946
3432,1,3.44,0,1409,0.0921
3433,0,5.0,0,2378,0.054
3434,1,4.96,0,1793,0.023
3435,0,2.74,1,1539,0.0585
3436,1,3.88,0,1180,0.0593
3437,1,3.02,0,601,0.0203
3438,1,4.12,0,1747,0.0459
3439,1,3.53,0,1362,0.0241
3440,1,5.0,0,1897,0.0491
3441,1,3.97,0,1881,0.0681
3442,1,4.21,0,1256,0.025
3443,1,4.92,0,1344,0.0425
3444,0,3.59,0,1653,0.1058
3445,1,3.39,0,1166,0.0766
3446,1,3.55,0,756,0.0222
3447,1,5.0,0,1675,0.1198
3448,0,3.04,0,1833,0.0813
3449,1,2.8,0,814,0.0713
3450,1,3.91,0,1439,0.108
3451,0,4.45,0,1449,0.0658
3452,1,3.73,0,1848,0.0661
3453,1,2.72,1,1375,0.0296
3454,0,4.91,0,937,0.0279
3455,1,4.61,0,1227,0.0557
3456,1,3.91,0,1101,0.0632
3457,0,3.67,0,1165,0.0106
3458,1,4.69,0,1755,0.1098
3459,1,3.85,0,1093,0.0805
3460,1,2.8,0,1222,0.1064
3461,1,3.74,0,1715,0.1125
3462,0,3.38,0,2002,0.0379
3463,0,3.32,0,1418,0.0333
3464,1,3.11,0,1750,0.0694
3465,1,4.49,0,535,0.0626
3466,1,5.0,0,1521,0.0295
3467,1,4.09,0,1494,0.0266
3468,1,4.29,0,1524,0.1132
3469,1,3.49,0,1168,0.057
3470,1,3.05,0,1666,0.0536
3471,1,2.87,0,1527,0.1135
3472,1,2.94,0,1594,0.1079
3473,1,4.15,0,1243,0.0151
3474,0,4.42,0,1361,0.0505
3475,1,3.87,0,1352,0.0837
3476,0,3.41,0,1717,0.0774
3477,1,2.82,0,648,0.1087
3478,1,3.88,0,2104,0.0546
3479,1,5.0,0,1490,0.0181
3480,0,3.1,0,818,0.041
3481,1,4.68,0,1135,0.0113
3482,1,3.83,0,906,0.0614
3483,1,2.34,0,1899,0.0418
3484,0,2.99,0,1390,0.0912
3485,1,3.69,0,1096,0.011
3486,1,3.6,0,592,0.1004
3487,0,4.3,0,2225,0.1137
3488,1,3.94,0,1565,0.0277
3489,1,3.13,0,1693,0.0351
3490,0,4.27,0,1244,0.085
3491,1,3.41,0,1495,0.0121
3492,1,3.49,0,959,0.0368
3493,1,3.46,0,1679,0.0696
3494,1,4.08,0,1977,0.0479
3495,0,4.06,0,1693,0.0733
3496,1,3.8,0,1379,0.0905
3497,1,4.16,0,1111,0.0467
3498,1,4.39,0,1065,0.0912
3499,0,3.87,0,1588,0.0795
3500,1,4.12,0,1642,0.0438
3501,1,3.76,0,1216,0.1055
3502,1,3.27,0,1225,0.1194
3503,1,2.93,0,769,0.066
3504,1,3.8,0,1461,0.0185
3505,0,2.78,0,1028,0.0188
3506,1,3.09,0,1611,0.0708
3507,1,3.46,0,1473,0.0821
3508,0,5.0,0,1333,0.0792
3509,1,3.91,0,1839,0.1174
3510,1,3.3,0,1229,0.049
3511,1,2.47,0,1762,0.0993
3512,0,3.54,0,1817,0.0611
3513,0,3.96,0,2037,0.0395
3514,0,3.4,0,1118,0.0526
3515,1,3.0,0,1476,0.0391
3516,1,3.86,0,995,0.0801
3517,1,2.88,0,1257,0.0869
3518,0,4.09,0,1355,0.0391
3519,0,2.7,0,909,0.0277
3520,1,3.76,0,577,0.0248
3521,1,4.04,0,1489,0.0834
3522,0,3.51,0,1480,0.1035
3523,0,4.03,0,1435,0.0449
3524,1,3.61,0,1676,0.0754
3525,1,2.07,1,1501,0.1028
3526,1,2.68,1,1134,0.0769
3527,1,4.96,0,1215,0.0814
3528,1,4.77,0,1734,0.0809
3529,1,3.36,0,1378,0.0163
3530,1,3.77,0,1256,0.0786
3531,1,3.98,0,1417,0.0198
3532,1,3.92,0,1536,0.0257
3533,1,5.0,0,1241,0.0693
3534,1,3.65,0,1669,0.0133
3535,1,2.14,0,1139,0.0445
3536,1,3.93,0,1802,0.0632
3537,1,3.96,0,816,0.1126
3538,0,4.67,0,1783,0.0762
3539,1,1.83,0,698,0.0292
3540,1,5.0,0,1231,0.1014
3541,1,3.99,0,1322,0.0839
3542,1,4.11,0,1330,0.039
3543,0,4.65,0,1435,0.0121
3544,1,3.23,0,1686,0.0288
3545,0,2.92,0,1637,0.1031
3546,1,3.54,0,1234,0.0829
3547,0,3.31,0,1513,0.1081
3548,1,4.93,0,1868,0.1193
3549,1,5.0,0,1746,0.0862
3550,0,3.58,0,1230,0.0593
3551,1,5.0,0,1733,0.1016
3552,1,4.19,0,1479,0.0811
3553,1,3.74,0,1469,0.015
3554,1,3.7,0,1617,0.0743
3555,1,4.93,0,899,0.0789
3556,1,3.75,0,1533,0.0753
3557,1,3.52,0,200,0.0288
3558,1,5.0,0,1851,0.0924
3559,1,4.41,0,1227,0.0735
3560,0,3.5,0,2044,0.085
3561,1,3.43,0,1638,0.0436
3562,0,2.13,0,1203,0.0159
3563,1,4.55,0,842,0.047
3564,0,3.87,0,1305,0.0743
3565,0,4.22,0,1927,0.0105
3566,0,4.15,0,1663,0.0141
3567,1,2.91,0,1526,0.0946
3568,1,2.76,0,1141,0.0176
3569,1,3.2,0,1762,0.0992
3570,0,3.87,0,1269,0.0867
3571,1,3.8,0,860,0.0979
3572,1,5.0,0,1550,0.0945
3573,1,4.55,0,1495,0.0374
3574,1,3.67,1,1572,0.1189
3575,1,3.46,0,1398,0.0797
3576,0,3.08,0,1326,0.1189
3577,0,4.95,0,1412,0.1169
3578,1,3.56,0,1646,0.0928
3579,1,3.1,0,1795,0.0898
3580,1,4.88,0,1201,0.112
3581,1,4.28,0,1059,0.0239
3582,0,2.9,0,1656,0.0189
3583,1,4.43,0,1650,0.0692
3584,0,3.99,0,1584,0.0883
3585,1,5.0,0,1383,0.0415
3586,1,3.57,0,1340,0.0985
3587,1,3.07,0,1925,0.0596
3588,0,4.44,0,1924,0.0827
3589,1,3.72,0,1316,0.035
3590,1,4.03,0,1280,0.0313
3591,0,3.82,0,2019,0.0193
3592,0,4.55,0,1210,0.034
3593,1,4.98,0,1306,0.0633
3594,1,3.98,0,1047,0.0519
3595,1,3.62,0,1401,0.1155
3596,1,3.42,0,888,0.0836
3597,1,3.91,0,1650,0.0823
3598,1,3.35,0,1320,0.0915
3599,1,2.57,0,1883,0.0664
3600,0,5.0,0,1267,0.1004
3601,1,3.0,0,1145,0.0694
3602,1,3.78,0,972,0.0217
3603,0,3.27,0,1252,0.0711
3604,1,4.55,0,1618,0.1106
3605,0,2.6,0,2015,0.0454
3606,0,4.0,0,1252,0.0395
3607,0,2.96,0,849,0.029
3608,1,3.94,0,672,0.1031
3609,0,3.48,0,1451,0.0624
3610,1,3.21,0,1006,0.0448
3611,1,4.87,1,1340,0.0324
3612,0,3.62,0,1450,0.0405
3613,1,3.78,0,995,0.0486
3614,1,3.28,0,1408,0.0968
3615,0,3.06,0,1707,0.07
3616,0,4.17,0,1499,0.066
3617,0,4.58,0,1293,0.1147
3618,1,3.42,0,1114,0.1142
3619,1,5.0,0,1047,0.0918
3620,1,4.24,0,1160,0.1191
3621,1,3.83,0,1592,0.0848
3622,1,3.15,0,1831,0.051
3623,1,4.34,0,1347,0.1194
3624,1,3.48,0,1574,0.0987
3625,1,2.01,0,1287,0.0755
3626,1,4.35,0,1102,0.1149
3627,0,4.51,0,1488,0.0894
3628,0,1.95,0,1601,0.0961
3629,1,3.93,0,660,0.0913
3630,1,2.69,0,1175,0.1047
3631,1,4.63,0,1286,0.0282
3632,0,3.82,0,1657,0.0566
3633,0,3.19,0,1189,0.1045
3634,1,4.47,0,1882,0.0973
3635,1,4.86,0,1341,0.0525
3636,1,3.33,0,848,0.0944
3637,0,3.54,0,1722,0.0393
3638,1,2.71,0,1772,0.0462
3639,1,2.37,0,1337,0.0809
3640,1,3.35,0,1187,0.0273
3641,1,4.43,0,1251,0.0789
3642,1,2.54,0,1492,0.1167
3643,0,3.23,0,2034,0.0485
3644,0,4.64,0,1486,0.0898
3645,1,3.3,0,1508,0.0323
3646,1,4.35,0,1186,0.1112
3647,1,3.61,0,837,0.0482
3648,1,4.48,0,1339,0.095
3649,0,3.36,0,761,0.0865
3650,0,3.62,0,1431,0.0976
3651,0,3.25,0,1122,0.0543
3652,1,4.02,0,1691,0.0897
3653,0,2.98,0,1540,0.0751
3654,0,3.38,0,1575,0.0584
3655,1,3.27,0,1121,0.0865
3656,0,3.77,0,1355,0.0176
3657,1,3.87,0,1465,0.0476
3658,1,2.23,0,1341,0.1175
3659,1,2.83,0,924,0.0527
3660,1,3.56,0,1640,0.0284
3661,0,2.32,0,955,0.0639
3662,1,4.29,0,1185,0.1005
3663,1,3.18,0,1325,0.0475
3664,1,3.36,0,1439,0.0131
3665,1,3.51,0,1114,0.0419
3666,1,4.46,0,1278,0.0279
3667,1,3.56,0,2143,0.0721
3668,1,3.81,0,1524,0.0605
3669,0,3.15,0,839,0.0529
3670,0,4.45,0,1467,0.0843
3671,1,2.65,0,940,0.0371
3672,1,3.13,0,1330,0.057
3673,1,3.75,0,1364,0.0453
3674,1,4.69,0,1659,0.0775
3675,0,3.39,0,1210,0.0871
3676,1,3.48,0,1050,0.0244
3677,1,4.82,0,1100,0.0246
3678,0,4.65,0,1255,0.0272
3679,1,3.51,0,1348,0.0332
3680,0,4.08,0,1231,0.0227
3681,1,5.0,0,1709,0.0284
3682,1,4.02,0,1483,0.1041
3683,1,4.62,0,1470,0.1082
3684,0,4.13,0,801,0.0515
3685,0,3.41,0,1677,0.0661
3686,1,4.06,0,1377,0.0757
3687,0,3.33,0,1724,0.0478
3688,1,4.66,0,1014,0.032
3689,1,4.05,0,1006,0.0141
3690,0,3.72,0,1031,0.0666
3691,0,4.81,0,1874,0.0204
3692,1,4.28,0,514,0.0177
3693,0,4.4,0,1292,0.0192
3694,0,4.27,0,747,0.025
3695,1,4.89,0,1043,0.0885
3696,1,3.81,0,1717,0.0878
3697,1,3.4,0,1652,0.0199
3698,1,3.29,0,1601,0.0281
3699,1,4.7,0,1230,0.079
3700,1,4.35,0,1001,0.0157
3701,1,3.43,0,1436,0.0877
3702,1,3.76,0,1357,0.0398
3703,1,4.15,0,1350,0.0197
3704,1,3.5,0,1172,0.1127
3705,1,4.63,0,1304,0.0377
3706,1,2.76,0,1912,0.0564
3707,1,3.97,0,1704,0.024
3708,1,4.41,1,1502,0.0594
3709,1,4.05,0,1028,0.0995
3710,0,4.05,0,1452,0.0102
3711,0,4.51,0,1146,0.0334
3712,1,4.56,0,1257,0.0591
3713,0,3.29,0,1814,0.1125
3714,1,2.58,0,1976,0.051
3715,1,2.69,0,1369,0.1163
3716,1,5.0,0,1000,0.0928
3717,0,3.99,0,1091,0.0974
3718,0,2.85,0,1621,0.0824
3719,1,4.68,0,698,0.0822
3720,1,4.61,0,1358,0.1158
3721,0,2.66,0,785,0.0332
3722,1,3.72,0,966,0.1061
3723,1,3.73,0,1602,0.1182
3724,1,2.32,0,1535,0.0136
3725,1,2.98,0,1346,0.0736
3726,1,3.51,0,1856,0.0991
3727,0,3.64,0,1472,0.0704
3728,1,3.92,0,990,0.0642
3729,0,3.92,0,1814,0.1078
3730,1,3.07,0,1312,0.015
3731,0,3.79,0,1220,0.1183
3732,1,3.3,0,1493,0.0355
3733,1,3.31,0,1939,0.101
3734,0,3.11,0,1141,0.1144
3735,0,4.38,0,1276,0.0552
3736,0,2.81,0,1141,0.0549
3737,1,3.61,0,1956,0.0366
3738,1,4.29,1,1176,0.0613
3739,1,3.27,0,1737,0.0727
3740,1,3.35,0,1257,0.0926
3741,1,3.94,0,1308,0.0128
3742,1,3.49,0,1717,0.1019
3743,0,4.35,0,509,0.1
3744,1,5.0,0,849,0.0712
3745,1,4.4,1,1434,0.0117
3746,0,5.0,0,1431,0.0383
3747,1,3.31,0,1219,0.1029
3748,1,4.28,0,1425,0.107
3749,1,4.28,0,1015,0.0367
3750,1,4.64,0,1670,0.0564
3751,1,3.6,0,1136,0.0603
3752,0,3.43,0,807,0.0858
3753,0,3.46,0,1313,0.0494
3754,1,3.99,0,1363,0.1042
3755,1,3.06,0,1129,0.0653
3756,1,4.79,0,953,0.0526
3757,1,2.73,0,776,0.0566
3758,1,3.83,0,1489,0.0705
3759,1,3.94,1,1254,0.022
3760,1,4.43,0,1119,0.0484
3761,1,4.11,0,1732,0.0391
3762,1,3.76,0,1111,0.0595
3763,1,3.93,0,1489,0.0633
3764,1,4.89,0,1172,0.0258
3765,1,4.29,0,1253,0.0179
3766,1,2.95,0,1446,0.0189
3767,1,2.79,0,1053,0.1102
3768,1,4.98,0,1600,0.0512
3769,0,3.25,0,1094,0.1075
3770,1,3.66,0,1137,0.0486
3771,0,4.66,0,1947,0.1007
3772,1,2.23,0,1933,0.0862
3773,1,4.09,0,1136,0.0447
3774,1,3.97,0,2352,0.048
3775,0,3.72,0,1919,0.0138
3776,1,4.75,0,1736,0.0385
3777,1,4.11,0,1805,0.1119
3778,1,2.84,0,1708,0.093
3779,1,4.03,0,1149,0.0434
3780,0,3.73,0,1342,0.069
3781,0,2.94,0,1296,0.0785
3782,1,5.0,0,720,0.038
3783,1,4.1,0,672,0.114
3784,1,4.2,0,1514,0.0525
3785,1,3.26,0,930,0.086
3786,0,4.17,0,704,0.0172
3787,0,5.0,0,1191,0.0867
3788,0,3.28,0,623,0.0145
3789,1,3.72,0,982,0.0297
3790,1,3.07,0,1869,0.0596
3791,1,3.38,0,1239,0.0528
3792,1,3.09,0,2142,0.0272
3793,0,2.86,0,1455,0.0889
3794,0,1.44,0,760,0.0951
3795,1,3.27,0,1603,0.0325
3796,0,3.85,0,866,0.0612
3797,1,4.11,0,1994,0.026
3798,0,4.12,0,1770,0.1015
3799,1,3.0,0,1277,0.0941
3800,1,2.83,0,1696,0.1107
3801,0,4.24,0,1640,0.0569
3802,1,2.85,0,1692,0.0206
3803,1,3.59,0,1327,0.1126
3804,0,3.52,0,1027,0.082
3805,0,4.39,0,1150,0.0304
3806,0,3.11,0,1004,0.1147
3807,1,3.63,0,1206,0.016
3808,1,3.59,0,1664,0.0586
3809,1,3.36,0,1604,0.0922
3810,1,3.79,0,1620,0.0223
3811,1,4.36,0,1466,0.0816
3812,0,4.69,0,1142,0.1165
3813,1,5.0,0,1241,0.0401
3814,1,5.0,0,873,0.0176
3815,1,4.28,0,965,0.0372
3816,1,3.31,0,2016,0.064
3817,1,5.0,0,1459,0.0916
3818,1,3.98,0,847,0.0144
3819,1,2.86,0,768,0.0648
3820,1,4.3,0,1750,0.0591
3821,1,3.97,0,1249,0.104
3822,0,2.41,0,1221,0.1082
3823,0,2.46,0,995,0.1176
3824,1,5.0,0,1665,0.0457
3825,0,3.45,0,1376,0.0542
3826,1,4.47,0,1202,0.0809
3827,1,2.1,0,1451,0.0743
3828,1,4.43,0,1006,0.029
3829,0,4.37,0,1345,0.1095
3830,1,2.95,0,1724,0.0215
3831,0,3.4,0,1323,0.1003
3832,1,4.35,0,1475,0.0794
3833,1,3.51,0,930,0.0836
3834,0,2.73,0,1551,0.0844
3835,0,3.17,0,1367,0.0827
3836,0,4.37,0,674,0.1155
3837,1,2.96,0,1667,0.0219
3838,1,3.36,0,568,0.041
3839,0,2.67,0,832,0.0639
3840,1,4.72,0,1482,0.0753
3841,1,3.37,0,1365,0.07
3842,1,3.03,0,859,0.0637
3843,1,3.66,0,1745,0.0209
3844,1,3.07,0,1597,0.0555
3845,1,2.58,0,1062,0.0747
3846,1,4.94,0,1363,0.0857
3847,1,4.01,0,1285,0.0966
3848,0,4.44,0,1639,0.0704
3849,1,4.04,0,1704,0.0492
3850,1,3.7,0,1533,0.0161
3851,0,3.74,0,1775,0.0552
3852,0,3.49,0,1448,0.0201
3853,0,3.49,0,1190,0.0143
3854,1,4.63,0,1289,0.0516
3855,1,5.0,0,593,0.0426
3856,0,4.07,0,1054,0.1148
3857,1,3.87,0,1715,0.085
3858,1,3.04,0,1314,0.0527
3859,0,3.08,0,212,0.0537
3860,1,4.78,0,1170,0.0386
3861,0,2.71,0,2071,0.0804
3862,1,3.42,0,1210,0.0889
3863,1,4.78,0,1501,0.039
3864,1,4.3,0,1695,0.0165
3865,0,4.06,1,1326,0.051
3866,1,4.49,0,1784,0.0427
3867,1,3.77,0,1128,0.0285
3868,0,4.03,0,1108,0.119
3869,1,3.63,0,1262,0.112
3870,1,3.91,0,1216,0.0612
3871,0,3.94,0,1648,0.1183
3872,1,3.38,0,1278,0.0594
3873,1,3.16,0,934,0.0212
3874,0,3.44,0,1301,0.105
3875,0,4.16,0,1522,0.0702
3876,1,2.23,0,1364,0.0278
3877,0,3.79,0,1499,0.0703
3878,0,3.48,0,1543,0.0296
3879,1,4.72,0,1909,0.0581
3880,0,2.71,0,1554,0.0935
3881,1,3.49,0,1050,0.1024
3882,1,3.72,0,1569,0.0873
3883,1,4.87,0,1067,0.1086
3884,1,3.75,0,1436,0.0393
3885,1,4.49,0,1620,0.0587
3886,1,2.86,0,998,0.0229
3887,0,5.0,0,1671,0.0288
3888,1,4.11,0,996,0.0283
3889,1,2.14,0,2129,0.0796
3890,1,2.2,0,1072,0.0608
3891,1,3.84,0,862,0.0381
3892,1,3.77,0,871,0.0366
3893,0,3.87,0,1018,0.0131
3894,1,5.0,0,1014,0.0666
3895,1,4.12,0,773,0.1075
3896,1,2.84,0,2545,0.0807
3897,1,3.83,0,1456,0.0351
3898,0,2.79,0,1152,0.011
3899,1,3.31,0,1479,0.0666
3900,0,4.33,0,1091,0.1067
3901,0,3.33,0,1206,0.1153
3902,1,4.75,0,732,0.1136
3903,0,4.58,0,1297,0.0957
3904,1,4.36,0,1820,0.0568
3905,1,4.6,0,1768,0.1091
3906,1,3.72,0,756,0.0911
3907,1,3.67,0,1011,0.0741
3908,0,2.59,0,1110,0.0835
3909,1,1.47,0,1569,0.1151
3910,1,3.02,0,1448,0.0807
3911,1,3.93,0,1980,0.1019
3912,1,3.79,0,1564,0.0323
3913,0,4.66,0,1586,0.1128
3914,1,2.38,0,1324,0.0369
3915,0,3.67,0,1478,0.0799
3916,1,4.16,0,1199,0.0759
3917,1,3.26,0,698,0.0715
3918,0,3.96,0,737,0.0474
3919,1,4.68,0,1481,0.0209
3920,1,3.77,0,987,0.0333
3921,0,2.28,0,1463,0.0154
3922,1,4.57,0,1649,0.0269
3923,1,4.31,0,1607,0.117
3924,1,4.0,0,2090,0.1059
3925,1,3.29,0,1023,0.1109
3926,1,4.21,0,879,0.0895
3927,1,3.62,0,1166,0.0496
3928,1,3.98,0,1556,0.1126
3929,1,3.55,0,1563,0.1121
3930,1,4.42,0,946,0.0899
3931,1,4.29,0,999,0.06
3932,1,4.23,0,1407,0.09
3933,1,3.51,0,1276,0.1078
3934,1,3.37,0,1718,0.012
3935,1,4.17,0,1109,0.0383
3936,1,5.0,0,1692,0.0941
3937,0,4.55,0,1844,0.0283
3938,0,3.44,0,2424,0.0158
3939,1,3.83,0,1608,0.1186
3940,0,3.36,0,1094,0.1103
3941,0,2.64,0,889,0.0959
3942,1,2.75,0,1866,0.0761
3943,1,4.13,0,1779,0.0468
3944,0,4.81,0,1464,0.1065
3945,1,2.97,0,1840,0.0416
3946,1,2.59,0,829,0.0939
3947,1,4.05,0,1292,0.1086
3948,1,2.21,0,942,0.1169
3949,1,4.06,0,1163,0.0991
3950,0,2.63,0,1610,0.1102
3951,0,3.69,0,1274,0.0729
3952,0,3.76,0,2092,0.1009
3953,1,4.35,0,1333,0.1025
3954,1,4.11,0,1400,0.0224
3955,1,4.27,0,1534,0.0921
3956,1,3.98,0,1292,0.0965
3957,1,4.21,0,1514,0.0871
3958,0,4.81,0,1292,0.0158
3959,1,3.75,0,1332,0.1167
3960,1,4.17,0,1267,0.027
3961,1,3.12,0,788,0.0252
3962,0,3.01,0,1873,0.056
3963,1,4.57,0,1603,0.1082
3964,1,3.09,0,1398,0.0239
3965,1,3.23,0,1013,0.0588
3966,0,2.34,0,805,0.0103
3967,1,2.88,0,794,0.0981
3968,1,4.67,0,1216,0.0623
3969,1,3.93,0,1539,0.0349
3970,0,3.04,0,1268,0.0197
3971,1,1.96,0,1465,0.0222
3972,0,3.21,0,1773,0.0787
3973,1,4.37,0,1628,0.0937
3974,0,3.88,0,956,0.0108
3975,1,3.4,0,1313,0.1072
3976,1,4.67,0,960,0.0712
3977,0,4.5,0,1056,0.0575
3978,1,4.73,0,1169,0.0882
3979,1,4.6,0,1027,0.0415
3980,1,4.98,0,1195,0.068
3981,1,3.88,0,1186,0.0613
3982,0,3.32,0,1391,0.0305
3983,0,2.98,0,780,0.0791
3984,0,3.44,0,1041,0.0467
3985,1,3.8,0,1312,0.1187
3986,1,4.5,1,1319,0.1178
3987,1,3.75,0,1202,0.0958
3988,1,2.58,0,1547,0.0462
3989,1,3.28,0,1629,0.0195
3990,1,4.71,0,1325,0.027
3991,0,3.01,0,1357,0.0481
3992,0,3.52,0,732,0.0741
3993,1,3.92,0,1131,0.0213
3994,1,4.47,0,1442,0.0184
3995,0,2.39,0,1179,0.0717
3996,0,4.01,0,774,0.0608
3997,1,4.18,0,1249,0.0427
3998,1,4.33,0,1095,0.0602
3999,1,4.77,0,1488,0.0715
4000,1,3.58,0,1435,0.1043
4001,1,4.06,0,1737,0.0844
4002,1,4.84,0,1448,0.1141
4003,1,3.19,0,2108,0.0474
4004,0,3.91,0,1049,0.0222
4005,1,3.13,0,1038,0.0456
4006,0,5.0,0,1065,0.0544
4007,1,4.83,0,1736,0.0996
4008,1,2.94,0,1640,0.0839
4009,1,3.43,0,1354,0.0555
4010,1,2.73,0,1240,0.0973
4011,1,5.0,0,1735,0.0431
4012,1,5.0,0,1038,0.1154
4013,0,2.2,0,890,0.0428
4014,1,2.74,0,1201,0.0798
4015,0,4.24,0,1371,0.0448
4016,1,3.98,0,617,0.0941
4017,1,4.4,0,1630,0.1149
4018,1,3.41,0,1061,0.0846
4019,0,5.0,0,1187,0.0729
4020,1,3.29,0,1738,0.0814
4021,1,3.8,0,1246,0.102
4022,1,2.71,0,1165,0.0596
4023,1,5.0,0,1430,0.0501
4024,1,1.85,0,1922,0.0821
4025,0,5.0,0,1943,0.069
4026,0,4.16,0,1628,0.0295
4027,1,4.58,0,811,0.0163
4028,1,4.32,0,2363,0.0745
4029,1,3.46,0,1073,0.1019
4030,1,5.0,0,1300,0.0692
4031,1,3.83,0,1151,0.1178
4032,1,3.54,0,1362,0.0928
4033,1,4.56,0,1441,0.0359
4034,1,3.0,0,1345,0.0826
4035,1,3.07,0,1668,0.0178
4036,1,3.29,0,324,0.0259
4037,1,4.56,0,842,0.0542
4038,0,3.97,0,1765,0.021
4039,0,4.26,0,938,0.0166
4040,1,2.99,0,915,0.0561
4041,1,2.9,0,983,0.0949
4042,1,5.0,0,1929,0.0157
4043,1,2.97,0,1534,0.0982
4044,0,4.8,0,1283,0.084
4045,1,2.45,0,1219,0.0258
4046,1,4.5,0,1572,0.0786
4047,1,3.92,0,1085,0.043
4048,1,2.99,0,670,0.0613
4049,1,3.76,0,1382,0.0565
4050,0,2.26,0,1016,0.0876
4051,0,1.72,0,2060,0.1157
4052,1,3.29,0,1505,0.1087
4053,0,5.0,0,1896,0.0706
4054,0,2.54,0,1225,0.0602
4055,1,4.62,1,1465,0.1169
4056,0,4.45,0,2029,0.0189
4057,1,3.75,0,1760,0.0506
4058,1,4.14,0,904,0.0373
4059,0,4.55,0,1966,0.0604
4060,1,2.8,0,1419,0.0353
4061,0,3.44,0,1569,0.0777
4062,1,3.09,0,1602,0.076
4063,1,4.98,0,1279,0.0923
4064,0,4.5,0,806,0.0724
4065,1,3.51,0,1063,0.0967
4066,1,5.0,0,1298,0.1036
4067,1,3.86,0,215,0.0638
4068,1,3.93,0,1191,0.0268
4069,1,2.21,0,1464,0.0701
4070,0,3.11,0,976,0.066
4071,0,3.55,0,1244,0.0487
4072,1,3.01,0,1231,0.0541
4073,1,3.54,0,1187,0.0993
4074,0,4.3,0,1036,0.0128
4075,1,2.92,0,1320,0.0814
4076,1,3.34,0,707,0.0292
4077,0,2.83,0,1715,0.0241
4078,0,2.72,0,1212,0.0467
4079,1,3.15,0,1677,0.0691
4080,0,3.64,0,1724,0.0724
4081,0,3.03,0,1005,0.022
4082,1,4.24,0,2002,0.0769
4083,1,3.12,0,1741,0.0489
4084,0,4.34,0,2102,0.047
4085,1,4.05,0,1235,0.044
4086,1,4.49,0,1049,0.0865
4087,0,3.36,0,1776,0.1001
4088,1,1.38,0,1453,0.1022
4089,1,4.26,0,1526,0.0785
4090,1,4.67,0,1154,0.0855
4091,1,4.71,0,1238,0.0352
4092,1,3.56,0,1640,0.0785
4093,1,4.66,0,1379,0.0835
4094,0,4.41,0,1591,0.0799
4095,1,3.25,0,1594,0.1058
4096,1,4.75,0,1199,0.0473
4097,1,5.0,0,1705,0.0287
4098,0,3.71,0,1762,0.0896
4099,1,3.98,0,692,0.0282
4100,0,4.88,0,1493,0.0477
4101,1,2.76,0,1762,0.0193
4102,0,4.46,0,1521,0.0746
4103,0,4.48,0,1821,0.114
4104,1,4.82,0,1599,0.0104
4105,1,3.46,0,1371,0.044
4106,1,3.58,0,1345,0.0165
4107,0,4.92,0,1221,0.0882
4108,1,4.17,0,1441,0.0343
4109,1,4.44,0,1698,0.1084
4110,1,5.0,0,1339,0.0996
4111,1,2.61,0,1503,0.0105
4112,0,3.18,0,1156,0.0904
4113,1,1.81,0,997,0.0609
4114,1,2.99,0,1331,0.0199
4115,1,4.2,0,1568,0.0517
4116,0,3.21,0,2193,0.1005
4117,0,3.7,0,1969,0.023
4118,0,3.81,0,888,0.0896
4119,1,3.11,0,1956,0.0526
4120,0,2.92,0,1224,0.0128
4121,1,4.25,0,1415,0.0879
4122,1,4.08,0,1952,0.0829
4123,0,3.58,0,1251,0.0349
4124,0,2.9,0,674,0.0337
4125,1,5.0,0,1595,0.0249
4126,0,3.17,0,1806,0.0274
4127,0,3.66,0,891,0.0231
4128,1,5.0,0,1294,0.0553
4129,1,3.86,0,1652,0.0409
4130,1,2.74,0,1525,0.0491
4131,1,2.96,0,1318,0.0145
4132,1,5.0,0,1130,0.0928
4133,1,4.15,0,1596,0.094
4134,1,3.78,0,1716,0.0255
4135,1,2.4,0,1428,0.0721
4136,0,4.05,0,1037,0.0525
4137,0,1.63,0,1155,0.0488
4138,1,4.32,0,1450,0.0619
4139,0,4.06,0,1507,0.0295
4140,1,4.92,0,1692,0.0469
4141,1,3.84,0,1715,0.0248
4142,1,3.6,0,1209,0.0827
4143,0,2.99,0,1456,0.1116
4144,1,2.99,0,1295,0.0886
4145,1,4.17,0,1289,0.1145
4146,0,3.03,0,1550,0.1172
4147,1,3.55,0,1048,0.0105
4148,0,3.93,0,2066,0.0214
4149,0,2.51,0,1082,0.0411
4150,0,3.91,0,1801,0.0235
4151,1,2.55,0,1154,0.0352
4152,0,4.21,0,1286,0.0299
4153,1,3.89,0,1132,0.0539
4154,0,2.72,0,1626,0.0442
4155,1,4.38,0,1162,0.0766
4156,1,3.76,0,1914,0.0153
4157,1,3.35,0,1562,0.0166
4158,1,3.05,0,1263,0.1066
4159,1,4.17,0,1441,0.0802
4160,0,3.01,0,1408,0.1063
4161,1,4.64,0,1954,0.0208
4162,1,3.16,1,1020,0.0452
4163,1,3.4,0,1796,0.1123
4164,1,4.36,0,1075,0.0301
4165,0,3.4,0,2078,0.1022
4166,0,4.14,0,904,0.1071
4167,0,4.26,0,1127,0.0349
4168,1,4.48,0,1525,0.0201
4169,1,3.72,0,1889,0.0581
4170,0,2.51,0,401,0.0422
4171,1,2.52,0,1768,0.0815
4172,1,1.75,0,781,0.0484
4173,1,3.58,0,1356,0.0364
4174,1,2.31,0,1044,0.0486
4175,1,3.78,0,1632,0.097
4176,0,3.93,0,1172,0.0591
4177,0,4.82,0,1632,0.0288
4178,0,3.19,0,1291,0.0177
4179,1,2.72,0,1326,0.1072
4180,1,4.67,0,1077,0.1171
4181,1,5.0,0,1240,0.1082
4182,0,3.82,0,1577,0.052
4183,1,3.33,0,1413,0.0985
4184,1,3.81,0,1136,0.0476
4185,0,3.96,0,1021,0.0954
4186,1,3.76,0,1297,0.0299
4187,1,4.19,0,1234,0.1192
4188,1,4.33,0,1340,0.0655
4189,1,4.65,0,1772,0.0787
4190,0,3.76,0,830,0.1077
4191,1,3.79,0,806,0.0205
4192,1,4.39,0,1939,0.0863
4193,1,3.37,0,1711,0.0894
4194,1,5.0,0,949,0.0803
4195,1,3.54,0,2031,0.0189
4196,1,3.29,0,1746,0.032
4197,0,5.0,0,1463,0.0148
4198,0,4.5,0,1672,0.0905
4199,0,3.88,0,465,0.0208
4200,1,3.48,0,1552,0.0765
4201,0,3.07,0,1161,0.0907
4202,0,3.64,0,1308,0.0384
4203,1,3.67,0,1663,0.0243
4204,1,3.47,0,1871,0.0973
4205,1,4.61,0,1302,0.0715
4206,1,2.6,0,836,0.1133
4207,1,4.08,0,1349,0.041
4208,0,3.32,0,1200,0.1101
4209,0,4.13,0,1560,0.0886
4210,1,2.16,0,1482,0.0158
4211,0,3.8,0,1323,0.0954
4212,1,3.18,0,1377,0.0846
4213,0,3.21,0,1352,0.1177
4214,1,5.0,0,1600,0.0275
4215,0,5.0,0,1366,0.014
4216,1,4.69,0,1622,0.0717
4217,0,5.0,0,1559,0.0153
4218,1,4.64,0,1111,0.0627
4219,0,2.38,0,1058,0.1146
4220,1,4.54,0,2023,0.1044
4221,1,3.92,0,1373,0.0552
4222,0,4.19,0,1231,0.1193
4223,0,4.16,0,1586,0.1078
4224,1,5.0,0,307,0.0278
4225,1,3.34,0,978,0.1183
4226,1,2.84,0,1627,0.085
4227,1,3.78,0,1802,0.0398
4228,0,4.25,0,1411,0.0173
4229,1,1.0,0,1308,0.1027
4230,1,2.49,0,1446,0.0409
4231,1,4.35,0,1530,0.1116
4232,1,4.47,0,1554,0.0111
4233,1,3.06,0,906,0.0355
4234,0,3.99,0,771,0.0301
4235,1,2.48,0,765,0.1187
4236,1,4.31,0,2014,0.1131
4237,1,4.61,0,1743,0.0688
4238,0,2.29,0,1455,0.0136
4239,1,3.86,0,844,0.108
4240,1,3.35,0,2197,0.0834
4241,1,5.0,0,1581,0.1002
4242,1,4.48,0,1496,0.105
4243,1,4.5,0,1042,0.035
4244,0,5.0,0,1638,0.116
4245,1,5.0,0,1306,0.0489
4246,1,3.55,0,1130,0.0537
4247,1,2.72,0,959,0.0139
4248,1,4.05,0,1349,0.0703
4249,0,3.12,0,1490,0.0937
4250,0,4.03,0,1701,0.1065
4251,1,2.68,0,1484,0.0555
4252,1,3.41,0,1195,0.0922
4253,1,2.76,0,864,0.0144
4254,1,3.38,0,946,0.1075
4255,0,4.54,0,1311,0.0756
4256,1,3.79,0,1386,0.0403
4257,1,4.36,0,1695,0.0602
4258,1,4.47,0,1161,0.0291
4259,0,4.54,0,1048,0.0571
4260,0,2.07,0,1181,0.092
4261,1,2.33,0,1858,0.1082
4262,1,5.0,0,1469,0.0837
4263,1,5.0,0,1250,0.0927
4264,1,1.53,0,723,0.0908
4265,1,3.95,0,969,0.036
4266,0,3.73,0,1575,0.0977
4267,1,5.0,0,1612,0.0215
4268,0,3.59,0,1580,0.0293
4269,1,5.0,0,1315,0.0502
4270,1,3.66,0,1687,0.0269
4271,0,3.17,0,1318,0.0821
4272,0,2.38,0,626,0.1095
4273,0,3.84,0,1175,0.0994
4274,1,4.93,0,1509,0.0583
4275,0,5.0,0,2028,0.0146
4276,0,3.85,0,1664,0.0962
4277,1,3.87,0,1450,0.0496
4278,1,3.58,0,1543,0.0913
4279,1,3.12,0,1276,0.1087
4280,1,2.27,0,1921,0.0312
4281,1,2.85,0,1281,0.0799
4282,1,4.3,0,942,0.0959
4283,0,3.81,0,1608,0.0468
4284,1,4.31,0,1564,0.0674
4285,1,3.61,0,1321,0.0983
4286,1,4.11,0,1478,0.0265
4287,1,4.02,0,1206,0.078
4288,1,4.02,0,1182,0.0977
4289,1,2.88,0,808,0.0668
4290,0,4.11,0,1548,0.0315
4291,1,3.85,0,1493,0.0177
4292,1,3.42,0,1952,0.0116
4293,0,3.48,0,1259,0.0421
4294,1,4.75,0,1594,0.0116
4295,1,4.22,0,1936,0.0947
4296,0,1.87,0,1617,0.0568
4297,1,5.0,0,860,0.1198
4298,1,4.12,0,1577,0.0983
4299,1,3.94,0,1919,0.0335
4300,1,3.12,0,1542,0.09
4301,0,4.4,0,1248,0.0195
4302,1,4.18,0,1737,0.0351
4303,1,2.7,0,1513,0.0246
4304,1,2.43,0,751,0.0407
4305,1,4.94,0,1596,0.115
4306,1,4.54,0,1426,0.0155
4307,1,3.46,0,1469,0.0258
4308,1,5.0,0,1351,0.0282
4309,0,3.62,0,1381,0.0765
4310,0,4.32,0,1517,0.0815
4311,0,2.92,0,1176,0.0255
4312,1,3.31,0,1509,0.0694
4313,1,4.85,0,1698,0.0354
4314,1,3.16,0,2417,0.0881
4315,0,2.81,0,1520,0.0817
4316,1,3.31,0,828,0.0993
4317,1,3.07,0,1816,0.0186
4318,1,4.64,0,1141,0.0118
4319,1,4.88,0,1491,0.0765
4320,0,4.83,0,1132,0.0671
4321,1,3.56,0,624,0.0516
4322,1,3.37,0,1492,0.0691
4323,0,4.6,0,1194,0.1111
4324,1,3.65,0,1214,0.0695
4325,1,3.27,0,1281,0.1149
4326,1,2.94,0,1336,0.0883
4327,0,3.38,0,1023,0.0486
4328,1,2.33,0,1277,0.1148
4329,0,4.02,0,1973,0.0397
4330,1,3.89,0,1716,0.0807
4331,0,3.65,0,1419,0.015
4332,1,3.92,0,1508,0.0762
4333,1,2.73,0,1490,0.1003
4334,0,4.57,0,1372,0.0179
4335,0,3.81,0,1517,0.0878
4336,1,3.29,0,1482,0.0481
4337,0,2.31,0,1702,0.0876
4338,1,3.58,0,1281,0.0566
4339,1,2.69,0,942,0.0188
4340,0,2.87,0,1803,0.0552
4341,1,4.8,0,939,0.044
4342,1,5.0,0,1248,0.1006
4343,1,4.31,0,1251,0.0392
4344,1,3.93,0,1602,0.0901
4345,1,3.9,0,1850,0.0553
4346,1,3.98,0,1381,0.0728
4347,0,4.73,0,1620,0.0639
4348,0,3.0,0,1599,0.0514
4349,0,3.8,0,1620,0.0613
4350,0,3.41,0,1612,0.013
4351,0,2.9,0,1931,0.1191
4352,0,4.51,0,1170,0.0428
4353,1,4.04,0,1513,0.0162
4354,1,3.86,0,1244,0.1061
4355,1,4.08,0,1181,0.0379
4356,1,3.74,0,1459,0.0295
4357,0,2.81,0,1299,0.0309
4358,1,4.2,0,1788,0.0627
4359,1,4.75,0,808,0.0678
4360,0,5.0,0,1802,0.0612
4361,1,2.95,0,2178,0.084
4362,1,3.86,0,1940,0.0248
4363,1,2.51,0,1141,0.1099
4364,1,3.16,0,1097,0.0123
4365,1,3.9,0,1579,0.0143
4366,0,3.37,0,368,0.0777
4367,0,3.52,0,1399,0.0535
4368,0,3.85,0,1803,0.1194
4369,1,3.98,0,909,0.0655
4370,0,4.18,0,1618,0.0619
4371,1,2.89,0,863,0.0975
4372,1,2.83,0,1703,0.0846
4373,1,3.54,0,1272,0.0238
4374,1,3.98,0,1730,0.0726
4375,1,4.41,0,1455,0.1048
4376,0,2.54,0,1199,0.0735
4377,1,5.0,0,1405,0.0331
4378,1,4.2,0,2188,0.0698
4379,1,5.0,0,1158,0.0219
4380,1,3.48,0,1063,0.0541
4381,0,4.39,0,1248,0.0578
4382,1,4.43,0,1682,0.0461
4383,1,4.74,0,1332,0.0571
4384,0,1.9,0,1321,0.0131
4385,1,3.89,0,1485,0.0409
4386,1,5.0,0,1643,0.0195
4387,0,4.66,0,1037,0.0951
4388,1,4.01,0,1180,0.0278
4389,0,4.11,0,1858,0.0945
4390,1,4.13,0,1819,0.029
4391,1,3.81,0,815,0.0651
4392,1,4.15,0,1292,0.0617
4393,1,3.96,0,1718,0.0523
4394,0,3.96,0,1018,0.0993
4395,1,3.08,0,1410,0.0112
4396,1,4.2,0,1416,0.0632
4397,1,4.32,0,1264,0.0129
4398,0,2.74,0,1556,0.0549
4399,1,3.49,0,932,0.05
4400,1,3.08,0,717,0.0659
4401,1,2.73,0,1129,0.0597
4402,1,3.42,0,1669,0.046
4403,1,2.93,0,1578,0.0216
4404,1,2.46,0,1994,0.0151
4405,1,3.58,0,1431,0.0627
4406,0,4.3,0,1682,0.0418
4407,1,2.63,0,1073,0.0303
4408,1,4.39,0,1610,0.0915
4409,0,3.85,0,1855,0.0821
4410,0,4.26,0,1267,0.0898
4411,1,4.24,0,1740,0.1075
4412,1,4.58,0,946,0.0792
4413,0,5.0,0,1528,0.0401
4414,0,4.7,0,1397,0.0673
4415,1,4.07,0,1090,0.0659
4416,1,4.86,0,981,0.0451
4417,1,4.4,0,1713,0.0211
4418,0,4.78,0,1450,0.0903
4419,1,3.86,0,835,0.097
4420,1,3.03,0,1642,0.0972
4421,1,3.07,0,1697,0.0362
4422,1,4.48,0,963,0.0887
4423,1,4.43,0,1070,0.0203
4424,0,3.58,0,936,0.0244
4425,0,4.23,0,1617,0.0397
4426,1,3.26,0,867,0.028
4427,0,3.25,0,1487,0.0889
4428,0,3.62,0,823,0.1077
4429,1,4.28,0,1365,0.0369
4430,1,4.94,0,483,0.0676
4431,0,2.92,0,1248,0.0183
4432,1,1.84,0,560,0.0342
4433,0,3.48,0,1599,0.1094
4434,0,4.13,0,1378,0.0124
4435,1,2.06,0,1385,0.092
4436,1,3.77,0,1810,0.0495
4437,1,2.88,0,1894,0.0226
4438,1,3.19,0,1687,0.0946
4439,1,2.37,0,2141,0.1014
4440,1,2.41,0,797,0.0195
4441,1,4.42,0,1744,0.1162
4442,1,2.78,0,1941,0.0299
4443,1,2.56,0,1680,0.0859
4444,1,3.42,0,1333,0.1123
4445,0,1.75,0,940,0.016
4446,1,3.81,0,975,0.0458
4447,0,4.93,0,1751,0.0365
4448,0,3.9,0,1212,0.0162
4449,0,3.49,0,1332,0.1168
4450,0,4.08,0,1825,0.013
4451,0,5.0,0,1436,0.0623
4452,1,3.75,0,1362,0.1189
4453,0,4.25,0,791,0.0192
4454,0,3.33,0,476,0.0183
4455,1,4.9,0,962,0.1165
4456,0,4.25,1,1070,0.0586
4457,0,3.24,0,1475,0.0168
4458,1,4.35,0,2275,0.0223
4459,1,3.96,0,1493,0.0158
4460,1,4.22,0,1199,0.0763
4461,1,5.0,0,1573,0.1039
4462,1,4.2,0,1496,0.0431
4463,1,3.84,0,1257,0.0161
4464,0,2.56,1,1369,0.0207
4465,1,4.11,0,1196,0.0941
4466,0,3.62,0,1699,0.0456
4467,1,4.58,0,1494,0.0298
4468,1,2.99,0,1417,0.0685
4469,1,2.93,0,2007,0.0878
4470,1,4.65,0,1114,0.0188
4471,1,4.81,0,1302,0.0883
4472,0,3.64,0,1491,0.0339
4473,1,3.6,0,1528,0.0947
4474,1,2.35,0,1020,0.0706
4475,0,3.49,0,2010,0.1093
4476,1,3.4,0,1488,0.0458
4477,1,3.68,0,1363,0.0758
4478,1,3.65,0,987,0.1097
4479,1,3.37,0,1258,0.051
4480,0,2.97,0,1346,0.0406
4481,0,3.25,0,1404,0.0425
4482,0,3.32,0,1399,0.0758
4483,1,3.79,0,860,0.1095
4484,1,5.0,0,1031,0.0431
4485,1,4.43,0,1664,0.1122
4486,1,3.39,0,1123,0.112
4487,0,4.01,0,2063,0.0588
4488,1,4.32,0,963,0.0912
4489,1,4.35,0,1464,0.1134
4490,1,4.25,0,1114,0.0904
4491,0,2.72,0,1400,0.0974
4492,0,4.71,0,1497,0.02
4493,0,2.51,0,1070,0.0103
4494,0,2.76,0,1507,0.0864
4495,1,3.19,0,1356,0.089
4496,0,3.26,0,1621,0.0962
4497,1,2.68,0,1250,0.0309
4498,0,3.81,0,509,0.1136
4499,1,3.31,0,784,0.0731
4500,0,3.39,0,1179,0.1023
4501,1,3.07,0,1750,0.1064
4502,1,2.69,0,1675,0.0891
4503,1,4.01,0,1524,0.1163
4504,0,4.02,0,1965,0.0575
4505,0,5.0,0,1252,0.0924
4506,1,3.06,0,1511,0.0524
4507,0,4.27,0,861,0.0991
4508,0,2.21,0,1811,0.0834
4509,1,4.23,0,1520,0.0291
4510,0,4.25,0,1489,0.0468
4511,1,4.36,0,1363,0.0331
4512,1,3.0,0,1580,0.1115
4513,1,2.85,0,1677,0.0242
4514,1,5.0,0,1596,0.0481
4515,1,3.76,0,1347,0.0808
4516,1,5.0,0,483,0.0843
4517,0,4.96,0,1203,0.0501
4518,1,2.28,0,795,0.1125
4519,1,2.63,0,1150,0.0141
4520,1,4.1,0,1174,0.0942
4521,1,3.87,0,1758,0.0387
4522,0,3.42,0,1542,0.0757
4523,0,4.46,0,1453,0.0647
4524,1,3.44,0,1254,0.0749
4525,0,3.7,0,1205,0.0344
4526,0,4.97,0,1512,0.0353
4527,1,2.58,0,1238,0.0773
4528,1,3.91,0,1438,0.0157
4529,1,4.02,0,1427,0.0839
4530,0,4.04,0,1089,0.063
4531,0,3.92,0,1334,0.0252
4532,0,2.48,0,889,0.1195
4533,1,3.59,0,1427,0.0242
4534,1,3.43,0,1848,0.0575
4535,1,2.7,0,1622,0.045
4536,0,3.08,0,1769,0.0751
4537,1,2.97,0,1048,0.0961
4538,1,3.98,0,990,0.0995
4539,1,3.18,1,823,0.0429
4540,0,3.92,0,1660,0.0658
4541,1,3.4,0,943,0.1075
4542,1,4.88,0,1741,0.0374
4543,0,3.53,0,1505,0.087
4544,1,4.9,0,779,0.0435
4545,1,5.0,0,1171,0.1059
4546,0,3.96,0,1984,0.0549
4547,0,5.0,0,1207,0.0819
4548,0,2.69,0,1307,0.04
4549,0,2.52,0,1849,0.0795
4550,1,3.57,0,1950,0.0435
4551,0,4.3,0,1627,0.1135
4552,1,4.15,0,1443,0.0541
4553,1,4.36,0,1574,0.1162
4554,1,3.13,0,1686,0.0905
4555,0,3.2,0,1598,0.0313
4556,1,4.15,0,1648,0.0297
4557,1,3.9,0,804,0.0542
4558,1,3.56,0,1572,0.0375
4559,1,3.37,0,1618,0.0433
4560,1,3.75,0,1910,0.1016
4561,1,2.61,0,1574,0.0333
4562,1,4.3,0,1069,0.0334
4563,1,4.39,0,2125,0.0751
4564,1,3.12,0,1004,0.0785
4565,1,3.69,0,1154,0.0462
4566,1,3.89,1,1191,0.0979
4567,0,3.89,0,1076,0.023
4568,0,3.06,0,1395,0.0346
4569,1,4.22,0,1052,0.0743
4570,1,4.57,0,1691,0.0767
4571,1,2.97,0,1072,0.1089
4572,1,3.47,0,2069,0.1131
4573,1,2.67,0,1692,0.089
4574,1,3.68,0,2004,0.0708
4575,1,5.0,0,1839,0.0727
4576,1,4.35,0,1822,0.018
4577,1,4.32,1,1348,0.021
4578,1,3.26,0,1071,0.0392
4579,0,4.0,0,2009,0.0954
4580,1,2.62,0,776,0.0565
4581,0,3.72,0,1116,0.0618
4582,1,4.86,0,775,0.0438
4583,0,4.6,0,949,0.093
4584,0,3.24,0,1589,0.0452
4585,1,3.34,0,1208,0.0561
4586,0,3.75,0,2249,0.0595
4587,1,2.31,0,1840,0.0521
4588,1,4.14,0,1260,0.0689
4589,1,5.0,0,1657,0.05
4590,1,3.58,0,835,0.0427
4591,1,4.45,0,1260,0.0456
4592,1,4.26,0,1577,0.0949
4593,0,4.77,0,1713,0.1188
4594,0,4.85,0,1058,0.0578
4595,1,3.57,0,1031,0.0738
4596,0,4.24,0,1090,0.0883
4597,1,3.68,1,767,0.0403
4598,0,3.97,0,1168,0.1025
4599,1,2.6,0,997,0.0808
4600,1,3.21,0,897,0.054
4601,0,3.01,0,1749,0.043
4602,1,4.12,0,1827,0.1013
4603,1,4.23,0,353,0.1136
4604,1,3.61,0,1178,0.0799
4605,1,3.03,0,1348,0.0565
4606,1,3.6,0,1494,0.0876
4607,0,4.91,0,1271,0.0743
4608,1,4.87,0,1825,0.0784
4609,1,2.4,0,1036,0.0195
4610,0,2.42,0,1295,0.1072
4611,0,3.19,0,1742,0.0644
4612,1,4.44,0,1790,0.1175
4613,0,4.07,0,1250,0.0189
4614,1,3.34,0,1904,0.0696
4615,0,3.56,0,1220,0.0218
4616,1,4.18,0,2003,0.0154
4617,1,4.18,0,1359,0.0329
4618,0,2.68,0,1864,0.0684
4619,1,3.39,0,1666,0.026
4620,1,3.81,0,1187,0.0587
4621,0,3.28,0,1836,0.0649
4622,0,2.33,0,1320,0.1025
4623,1,3.33,0,857,0.092
4624,0,3.54,0,1271,0.0117
4625,0,2.72,0,1410,0.0454
4626,0,3.99,0,1839,0.0247
4627,1,4.44,0,1645,0.0453
4628,1,2.82,0,1552,0.0528
4629,0,3.28,0,1317,0.0753
4630,1,4.36,0,1539,0.0146
4631,1,3.64,0,696,0.039
4632,1,3.62,0,877,0.0545
4633,1,2.45,0,1800,0.0978
4634,1,2.92,0,1294,0.0372
4635,0,3.23,0,1445,0.0683
4636,1,3.19,0,1003,0.0982
4637,1,3.56,0,1197,0.102
4638,0,2.34,0,1379,0.0975
4639,1,4.58,0,2141,0.0934
4640,1,4.58,0,1445,0.0691
4641,1,4.27,0,1497,0.0479
4642,1,4.29,0,547,0.0574
4643,0,4.89,0,1818,0.0508
4644,1,4.82,0,1194,0.0708
4645,0,4.26,0,1214,0.0196
4646,1,3.43,0,1072,0.0767
4647,1,4.36,0,1368,0.1147
4648,1,3.93,0,696,0.0762
4649,1,3.59,0,1349,0.0945
4650,1,4.6,0,1471,0.0934
4651,1,3.06,0,1223,0.0225
4652,1,3.21,0,1835,0.0521
4653,1,4.44,0,1429,0.0976
4654,1,3.49,1,1762,0.0719
4655,0,4.93,0,662,0.0896
4656,1,3.7,0,1029,0.0875
4657,1,2.69,0,1793,0.057
4658,0,2.77,0,1690,0.025
4659,1,4.64,0,1363,0.0694
4660,1,3.04,0,731,0.0593
4661,0,3.56,0,1428,0.0977
4662,1,3.21,0,1751,0.024
4663,1,3.09,0,1330,0.0997
4664,0,3.85,0,1442,0.0262
4665,1,4.37,0,945,0.0114
4666,1,2.86,0,1460,0.0443
4667,1,4.24,0,509,0.118
4668,1,3.97,0,944,0.1193
4669,1,5.0,0,1431,0.0138
4670,1,2.71,0,742,0.0478
4671,1,3.06,0,1272,0.104
4672,1,4.3,0,1650,0.0889
4673,0,2.85,0,1729,0.025
4674,1,4.15,1,2181,0.0624
4675,1,3.53,0,1809,0.0488
4676,1,3.87,0,1483,0.061
4677,1,2.5,0,1242,0.0465
4678,0,4.52,0,987,0.0748
4679,1,4.99,0,1488,0.0186
4680,0,4.07,0,1819,0.058
4681,1,4.8,0,993,0.0707
4682,1,3.87,0,1616,0.0282
4683,1,4.03,0,607,0.0346
4684,1,4.74,0,576,0.0527
4685,1,3.9,0,1449,0.0623
4686,1,3.29,0,1485,0.1007
4687,1,2.54,0,1213,0.0605
4688,0,3.93,0,1523,0.099
4689,1,4.38,0,1960,0.0613
4690,1,4.22,0,1414,0.0541
4691,1,2.17,0,1505,0.0149
4692,0,3.26,0,1055,0.101
4693,1,4.06,0,1641,0.1051
4694,1,4.45,0,1488,0.0466
4695,1,4.06,0,1978,0.0484
4696,0,4.11,0,1027,0.0154
4697,1,4.05,0,1684,0.1105
4698,1,3.15,0,1551,0.0286
4699,0,3.37,0,1995,0.0466
4700,1,4.47,0,1135,0.0719
4701,1,2.71,0,2181,0.0592
4702,1,4.3,0,2127,0.1139
4703,1,4.06,0,1488,0.0322
4704,1,2.23,0,1635,0.0306
4705,1,4.23,0,814,0.0457
4706,1,3.95,1,435,0.118
4707,1,3.08,0,1680,0.0345
4708,1,4.0,0,1196,0.0965
4709,0,4.12,0,1722,0.0501
4710,1,4.39,0,2084,0.1019
4711,0,3.59,0,1461,0.012
4712,1,3.84,0,1518,0.0202
4713,1,4.21,0,2517,0.0663
4714,0,4.08,0,1444,0.115
4715,0,1.66,0,815,0.1148
4716,1,3.67,0,923,0.0877
4717,1,3.29,0,1363,0.0911
4718,1,3.62,0,1280,0.0836
4719,1,4.86,0,1330,0.013
4720,1,4.43,0,1328,0.0849
4721,1,3.78,0,1768,0.1013
4722,0,3.53,0,1620,0.0866
4723,1,4.45,0,1558,0.0933
4724,1,5.0,0,1112,0.0651
4725,1,3.91,0,934,0.0101
4726,1,5.0,0,1002,0.0169
4727,0,2.45,0,1166,0.1177
4728,1,3.63,0,1572,0.0709
4729,1,4.7,0,1490,0.0649
4730,1,3.83,0,1737,0.0194
4731,0,3.01,0,1438,0.0636
4732,1,3.72,0,1383,0.1058
4733,0,2.78,0,1552,0.0414
4734,1,4.88,0,2287,0.1087
4735,0,3.3,0,1002,0.0508
4736,0,1.75,0,1674,0.113
4737,0,4.25,0,1254,0.0372
4738,1,2.69,0,936,0.1178
4739,0,3.59,0,1732,0.1055
4740,0,2.41,0,1247,0.0832
4741,0,3.1,0,1761,0.0913
4742,0,4.69,0,1706,0.0195
4743,1,3.6,0,1280,0.0218
4744,0,3.74,0,938,0.0617
4745,1,3.32,0,1212,0.1048
4746,1,4.22,0,1256,0.0652
4747,1,3.66,0,1880,0.0198
4748,1,2.1,0,724,0.1071
4749,1,3.31,0,1496,0.0377
4750,0,2.9,0,1557,0.1162
4751,1,4.0,0,1474,0.0496
4752,0,4.77,0,1153,0.0494
4753,0,2.77,0,1226,0.0787
4754,1,3.59,0,992,0.0989
4755,1,5.0,0,1239,0.0633
4756,0,3.47,0,1553,0.0364
4757,1,4.06,0,1155,0.1076
4758,1,4.02,0,1252,0.0326
4759,1,3.15,0,924,0.1177
4760,1,4.38,0,1160,0.078
4761,1,2.57,0,1039,0.0924
4762,1,3.64,0,941,0.047
4763,1,5.0,0,2004,0.0777
4764,1,4.08,0,1358,0.0712
4765,0,3.1,0,1624,0.0405
4766,0,3.06,0,715,0.0693
4767,0,3.41,0,1236,0.1088
4768,1,2.63,0,1673,0.0915
4769,1,4.34,0,1054,0.0158
4770,1,3.92,0,845,0.0537
4771,1,2.62,0,1802,0.0855
4772,1,3.43,0,1979,0.1199
4773,1,4.58,0,2007,0.0981
4774,0,4.39,0,1962,0.0451
4775,1,4.4,0,1486,0.0995
4776,0,3.24,0,1595,0.0639
4777,1,4.52,0,1822,0.1103
4778,0,3.17,0,1613,0.0488
4779,1,2.94,0,1980,0.0591
4780,1,2.41,0,1398,0.0132
4781,0,4.33,0,892,0.0873
4782,1,3.61,0,980,0.0988
4783,1,3.93,0,761,0.0842
4784,1,3.25,0,836,0.0429
4785,0,5.0,0,1225,0.1066
4786,1,3.68,0,881,0.0768
4787,1,4.09,0,1302,0.0105
4788,1,5.0,0,1562,0.0214
4789,0,4.98,0,1189,0.0436
4790,1,4.78,1,1698,0.1095
4791,0,5.0,0,1628,0.1037
4792,0,4.15,0,1498,0.0924
4793,0,5.0,0,1409,0.0553
4794,1,4.91,0,1826,0.1012
4795,1,3.26,0,1308,0.0404
4796,1,4.51,0,1703,0.1184
4797,1,4.94,0,1492,0.0519
4798,1,3.03,0,1143,0.0963
4799,1,4.48,0,1347,0.1103
4800,1,4.27,0,1309,0.1158
4801,1,3.25,0,1390,0.1019
4802,1,4.19,0,1244,0.031
4803,1,3.96,0,1317,0.1103
4804,1,5.0,0,1605,0.0532
4805,1,3.55,0,802,0.0423
4806,0,4.7,0,1467,0.0281
4807,1,3.96,0,1487,0.1038
4808,1,3.8,0,1871,0.1129
4809,1,4.36,0,1484,0.0559
4810,0,3.67,0,834,0.1157
4811,1,3.95,0,1714,0.0636
4812,0,4.2,0,1282,0.0142
4813,1,3.64,0,1817,0.055
4814,0,3.66,0,1239,0.0759
4815,1,3.89,0,1170,0.0466
4816,1,3.44,0,1610,0.1029
4817,0,4.45,0,1632,0.0901
4818,0,4.96,0,1427,0.1068
4819,0,4.3,0,1305,0.0486
4820,1,3.17,0,1387,0.0873
4821,0,3.77,0,1054,0.0477
4822,1,5.0,0,1878,0.0112
4823,1,3.86,0,1580,0.0541
4824,0,2.87,0,1523,0.0521
4825,1,4.54,0,1670,0.0901
4826,0,3.27,0,1344,0.0543
4827,1,4.03,0,1375,0.0604
4828,1,4.73,0,1574,0.0349
4829,0,4.82,0,1796,0.1084
4830,1,2.66,0,1884,0.0125
4831,1,4.89,1,1687,0.0576
4832,1,3.47,0,962,0.0378
4833,1,4.51,0,1080,0.0727
4834,0,3.49,0,1765,0.0396
4835,0,2.8,0,901,0.1187
4836,1,3.52,0,1172,0.0646
4837,1,3.73,0,1537,0.076
4838,0,4.92,0,681,0.0679
4839,0,3.46,0,1126,0.0679
4840,0,3.92,0,1171,0.0424
4841,0,4.89,0,1797,0.0978
4842,1,3.26,0,1288,0.059
4843,0,4.07,0,1699,0.1066
4844,1,3.92,0,1347,0.0155
4845,1,4.13,1,2183,0.109
4846,1,4.28,0,1613,0.0964
4847,1,1.78,0,1060,0.0863
4848,1,5.0,0,952,0.1044
4849,0,2.08,0,2382,0.0691
4850,0,4.38,0,1229,0.1169
4851,1,2.99,0,1129,0.0199
4852,1,4.39,0,1113,0.0921
4853,0,5.0,0,1628,0.112
4854,1,4.41,0,1559,0.0804
4855,1,3.87,0,1134,0.0742
4856,1,4.72,0,1586,0.0351
4857,1,3.74,0,1502,0.0947
4858,1,3.6,0,948,0.0989
4859,1,3.33,0,1621,0.0133
4860,1,4.37,0,968,0.064
4861,1,2.94,0,730,0.0844
4862,1,5.0,0,1903,0.093
4863,1,4.53,0,1313,0.1111
4864,1,3.74,0,1618,0.0636
4865,0,2.64,0,991,0.1154
4866,1,4.75,0,1954,0.0694
4867,0,4.22,0,1589,0.1064
4868,1,3.94,0,1537,0.0398
4869,0,4.19,0,1244,0.021
4870,1,4.68,0,1146,0.1018
4871,1,5.0,0,1510,0.0766
4872,1,3.42,0,1390,0.0882
4873,0,4.4,0,1425,0.0331
4874,1,4.64,0,1455,0.0363
4875,1,2.67,0,1788,0.0444
4876,1,3.77,0,1586,0.063
4877,1,3.22,0,1872,0.0648
4878,1,4.34,0,1458,0.103
4879,1,3.52,0,933,0.1034
4880,0,1.7,0,1497,0.0247
4881,1,3.39,0,722,0.0333
4882,0,3.4,0,1586,0.0319
4883,1,2.58,0,1745,0.1042
4884,1,3.95,0,939,0.0772
4885,0,2.99,0,1713,0.0641
4886,1,4.05,0,1410,0.0858
4887,1,4.84,0,1473,0.0879
4888,1,3.75,0,1744,0.0231
4889,1,2.94,0,1417,0.0425
4890,0,4.1,0,1344,0.1078
4891,0,3.88,0,1739,0.0912
4892,0,3.44,0,1391,0.0681
4893,1,5.0,0,1821,0.0484
4894,1,3.31,0,1620,0.0151
4895,1,3.82,0,1470,0.1141
4896,0,4.22,0,1604,0.0623
4897,1,5.0,0,1874,0.1015
4898,1,3.75,0,1357,0.041
4899,1,2.67,0,1239,0.0735
4900,0,4.84,0,1585,0.021
4901,0,4.29,0,752,0.051
4902,1,3.76,0,320,0.0424
4903,1,4.84,0,1420,0.1198
4904,0,3.08,0,1076,0.0283
4905,1,2.54,0,1082,0.0305
4906,0,4.31,0,1181,0.1152
4907,1,4.81,0,1258,0.0659
4908,1,4.07,0,1527,0.0873
4909,1,2.87,0,844,0.0759
4910,0,4.69,0,814,0.0352
4911,1,4.99,0,1884,0.0789
4912,1,2.82,0,1611,0.1156
4913,1,4.72,0,1781,0.0363
4914,1,3.91,0,1505,0.0143
4915,0,3.15,0,1227,0.1104
4916,1,4.53,0,761,0.059
4917,0,4.47,0,1000,0.0975
4918,1,4.17,0,1360,0.0786
4919,1,2.61,0,957,0.0632
4920,1,4.79,0,1256,0.0501
4921,1,3.97,0,1419,0.0152
4922,0,4.17,0,2266,0.0356
4923,1,4.69,0,1270,0.0429
4924,1,3.56,0,1339,0.0246
4925,1,3.64,0,930,0.052
4926,0,3.88,0,1069,0.1147
4927,1,3.65,0,1184,0.0529
4928,1,3.55,0,1829,0.0291
4929,1,2.68,0,1739,0.045
4930,1,3.36,0,1566,0.0489
4931,1,3.46,0,1112,0.078
4932,1,2.3,0,1517,0.1092
4933,1,4.46,0,1613,0.0515
4934,0,3.96,0,1687,0.0306
4935,1,3.55,0,2031,0.0358
4936,0,3.69,0,2026,0.0977
4937,0,3.97,0,782,0.0752
4938,1,3.48,0,1632,0.1188
4939,0,4.23,0,1348,0.0845
4940,0,2.02,0,2767,0.0516
4941,1,3.27,0,1792,0.0735
4942,1,3.5,0,1023,0.0548
4943,1,4.79,0,1197,0.0985
4944,0,2.95,0,1017,0.0989
4945,1,4.03,0,1081,0.0601
4946,1,3.67,0,1889,0.115
4947,1,3.57,0,1180,0.0327
4948,0,4.82,0,1200,0.0684
4949,0,4.52,0,1086,0.0865
4950,1,3.45,0,1064,0.0565
4951,1,3.29,0,1394,0.0704
4952,1,4.24,0,1603,0.011
4953,1,3.66,0,1403,0.035
4954,1,4.37,0,1903,0.1169
4955,1,4.49,0,2196,0.0143
4956,1,3.54,0,1484,0.1188
4957,1,4.46,0,1423,0.0108
4958,1,5.0,0,1745,0.0829
4959,0,4.28,0,972,0.1197
4960,1,4.69,0,1114,0.0721
4961,1,5.0,1,1507,0.1037
4962,1,3.73,0,1705,0.0572
4963,0,3.03,0,1094,0.0831
4964,0,4.97,0,1344,0.051
4965,1,3.78,0,2180,0.0429
4966,1,2.91,0,1333,0.0438
4967,0,3.48,0,393,0.1149
4968,0,4.09,0,2312,0.1166
4969,0,3.1,0,867,0.11
4970,1,2.44,0,1412,0.015
4971,0,3.0,0,1249,0.1118
4972,1,3.08,0,1271,0.0351
4973,1,4.11,0,1502,0.0456
4974,0,4.27,0,1715,0.1055
4975,1,3.99,0,1038,0.0426
4976,1,2.89,0,1201,0.0855
4977,1,4.66,0,1604,0.0318
4978,1,4.03,0,414,0.0339
4979,1,2.56,1,1387,0.0984
4980,0,3.64,0,1225,0.0202
4981,1,2.28,0,942,0.1116
4982,1,2.84,0,1094,0.0875
4983,1,3.35,0,1613,0.1054
4984,0,3.17,0,2442,0.0219
4985,1,3.33,0,1438,0.0943
4986,1,3.71,0,1892,0.1144
4987,1,4.17,0,1918,0.0192
4988,1,4.63,0,1363,0.0693
4989,1,2.63,0,682,0.0923
4990,1,3.65,0,1196,0.024
4991,1,3.14,0,1987,0.0854
4992,1,2.75,0,1020,0.0199
4993,1,4.23,0,579,0.1093
4994,0,3.9,0,1297,0.0291
4995,0,3.92,0,1520,0.0201
4996,1,3.48,1,1280,0.074
4997,1,3.41,0,1363,0.0853
4998,1,4.25,0,1487,0.0111
4999,1,1.96,0,1522,0.1131
5000,1,3.07,0,1283,0.1096
