case_id,industry,region,risk_tier,stream_hour,selected_for_label,selection_probability,label_cost_usd
1,healthcare,EMEA,medium,14,0,0.178,15.17
2,education,EMEA,medium,14,1,0.345,2.2
3,healthcare,APAC,high,1,0,0.195,13.35
4,finance,EMEA,low,6,0,0.152,5.87
5,finance,NA,low,19,0,0.059,13.0
6,healthcare,APAC,low,2,1,0.233,9.17
7,public_sector,NA,medium,15,0,0.15,13.14
8,education,NA,low,15,0,0.071,4.52
9,public_sector,NA,low,23,0,0.3,4.4
10,public_sector,APAC,medium,13,0,0.202,2.96
11,healthcare,EMEA,low,2,1,0.258,3.29
12,healthcare,EMEA,low,3,0,0.168,15.66
13,healthcare,APAC,medium,5,0,0.349,5.93
14,retail,APAC,low,5,0,0.349,5.52
15,healthcare,NA,medium,8,0,0.226,17.35
16,retail,EMEA,medium,15,0,0.136,10.03
17,retail,NA,medium,2,0,0.096,10.25
18,finance,EMEA,low,21,0,0.122,2.43
19,public_sector,APAC,high,20,0,0.106,10.78
20,education,APAC,low,13,1,0.173,2.44
21,healthcare,NA,high,22,0,0.236,3.42
22,education,NA,medium,20,0,0.079,12.8
23,public_sector,APAC,high,21,0,0.263,13.13
24,education,APAC,medium,20,1,0.192,11.94
25,retail,NA,low,8,0,0.278,2.82
26,retail,APAC,low,6,1,0.293,1.52
27,public_sector,NA,low,10,0,0.085,6.97
28,public_sector,NA,low,8,0,0.2,7.84
29,education,NA,high,16,0,0.287,16.15
30,public_sector,EMEA,medium,8,0,0.108,5.39
31,finance,APAC,low,19,0,0.231,17.41
32,healthcare,NA,low,11,0,0.061,12.34
33,public_sector,NA,high,19,0,0.06,14.33
34,education,EMEA,medium,9,0,0.219,11.34
35,public_sector,NA,medium,21,1,0.172,10.25
36,public_sector,NA,low,23,0,0.07,7.71
37,education,EMEA,medium,21,0,0.349,17.79
38,retail,APAC,low,3,0,0.339,9.25
39,finance,APAC,low,0,0,0.127,13.79
40,finance,NA,low,18,0,0.122,3.17
41,finance,APAC,low,7,0,0.251,13.39
42,finance,APAC,low,5,0,0.182,7.01
43,retail,EMEA,medium,2,1,0.139,15.18
44,public_sector,EMEA,medium,8,0,0.23,4.18
45,public_sector,EMEA,medium,23,0,0.094,5.91
46,education,NA,low,11,0,0.269,6.55
47,public_sector,EMEA,medium,7,1,0.125,10.97
48,retail,EMEA,high,5,0,0.316,7.34
49,healthcare,EMEA,low,21,0,0.312,12.85
50,finance,NA,medium,3,0,0.195,16.07
51,healthcare,EMEA,medium,22,0,0.274,6.85
52,public_sector,APAC,low,23,0,0.054,7.8
53,public_sector,NA,high,5,0,0.282,5.28
54,healthcare,EMEA,low,6,0,0.187,2.44
55,finance,EMEA,medium,5,0,0.161,7.15
56,retail,APAC,low,22,0,0.219,15.84
57,retail,NA,medium,2,1,0.087,8.73
58,healthcare,APAC,medium,6,0,0.254,2.06
59,public_sector,EMEA,low,12,0,0.164,2.04
60,public_sector,NA,medium,10,0,0.098,13.52
61,education,NA,low,0,0,0.123,4.48
62,finance,NA,medium,12,0,0.212,14.21
63,healthcare,APAC,medium,9,0,0.232,6.09
64,education,APAC,medium,10,0,0.217,9.79
65,retail,NA,medium,21,0,0.308,9.13
66,public_sector,APAC,low,14,0,0.105,7.32
67,finance,APAC,high,1,0,0.168,14.06
68,public_sector,NA,high,5,0,0.121,6.89
69,public_sector,APAC,medium,21,0,0.187,8.89
70,retail,NA,low,1,0,0.213,7.33
71,public_sector,NA,medium,21,0,0.092,7.29
72,education,NA,low,4,0,0.243,7.41
73,retail,NA,low,23,0,0.294,7.37
74,healthcare,EMEA,low,22,1,0.21,8.78
75,retail,NA,medium,15,0,0.229,9.46
76,retail,NA,low,21,0,0.084,4.59
77,public_sector,NA,low,15,0,0.213,3.13
78,education,APAC,medium,13,0,0.343,15.69
79,healthcare,NA,medium,2,1,0.255,4.66
80,retail,APAC,low,13,0,0.338,10.08
81,finance,APAC,low,7,0,0.106,16.72
82,education,NA,medium,10,0,0.188,6.26
83,retail,EMEA,medium,2,0,0.31,15.63
84,healthcare,APAC,low,5,0,0.254,15.56
85,retail,EMEA,low,12,0,0.205,15.91
86,healthcare,EMEA,low,3,0,0.325,7.52
87,education,APAC,medium,7,0,0.19,10.42
88,public_sector,EMEA,medium,15,0,0.313,5.25
89,public_sector,APAC,low,17,0,0.338,14.39
90,retail,NA,low,2,0,0.053,4.2
91,retail,EMEA,low,21,0,0.3,13.92
92,public_sector,NA,low,21,0,0.176,9.38
93,finance,NA,low,4,0,0.24,10.91
94,finance,NA,low,8,0,0.117,15.88
95,finance,NA,low,1,0,0.173,9.55
96,finance,APAC,low,15,0,0.306,4.66
97,healthcare,EMEA,medium,12,0,0.278,17.94
98,education,APAC,medium,9,0,0.327,17.23
99,healthcare,APAC,low,5,0,0.07,9.76
100,healthcare,EMEA,low,8,0,0.06,12.99
101,education,EMEA,low,21,0,0.339,7.12
102,education,EMEA,low,17,0,0.105,10.53
103,education,NA,low,22,0,0.167,13.82
104,public_sector,APAC,high,6,0,0.316,5.89
105,finance,APAC,low,4,0,0.313,16.48
106,education,EMEA,high,17,0,0.202,11.13
107,finance,EMEA,low,7,0,0.307,11.83
108,public_sector,APAC,low,15,0,0.224,11.22
109,education,EMEA,medium,4,1,0.337,16.73
110,finance,APAC,low,7,1,0.075,3.58
111,public_sector,EMEA,medium,7,0,0.188,14.3
112,education,NA,low,21,0,0.193,11.82
113,education,EMEA,low,20,0,0.087,14.73
114,education,EMEA,low,15,0,0.28,11.28
115,retail,NA,low,18,0,0.14,6.05
116,public_sector,EMEA,low,20,0,0.349,8.84
117,public_sector,NA,low,20,0,0.204,6.51
118,retail,EMEA,high,11,0,0.264,6.46
119,healthcare,EMEA,high,12,1,0.242,1.66
120,retail,NA,medium,8,0,0.15,17.16
121,finance,NA,medium,8,0,0.292,6.1
122,healthcare,APAC,low,2,0,0.201,16.24
123,finance,NA,medium,21,1,0.134,17.15
124,education,NA,low,23,0,0.12,17.59
125,retail,APAC,low,21,0,0.268,14.08
126,retail,APAC,low,5,0,0.177,10.47
127,retail,EMEA,low,7,0,0.284,4.63
128,retail,NA,low,14,0,0.341,10.75
129,healthcare,APAC,medium,12,0,0.128,12.89
130,education,EMEA,medium,7,0,0.151,9.88
131,finance,APAC,high,6,0,0.089,3.47
132,public_sector,EMEA,high,17,0,0.257,14.98
133,retail,APAC,low,1,0,0.167,9.49
134,retail,NA,medium,19,0,0.318,16.25
135,finance,APAC,low,0,0,0.232,7.47
136,healthcare,NA,medium,2,0,0.291,6.39
137,healthcare,NA,low,2,0,0.167,17.69
138,education,NA,low,23,0,0.096,9.55
139,public_sector,APAC,low,17,0,0.307,16.41
140,education,APAC,medium,12,0,0.328,7.84
141,finance,EMEA,medium,16,0,0.268,7.19
142,public_sector,NA,low,17,0,0.253,15.59
143,education,NA,medium,21,0,0.091,1.85
144,healthcare,EMEA,low,1,0,0.34,11.04
145,healthcare,EMEA,low,19,0,0.074,7.22
146,retail,NA,medium,15,0,0.19,3.8
147,finance,NA,low,22,0,0.291,14.89
148,finance,APAC,high,22,1,0.224,5.9
149,finance,NA,medium,4,0,0.101,15.38
150,healthcare,EMEA,low,1,0,0.342,10.0
151,education,APAC,low,5,1,0.118,17.7
152,healthcare,APAC,high,15,0,0.274,9.84
153,education,APAC,medium,4,0,0.32,1.85
154,public_sector,NA,medium,18,0,0.257,10.45
155,finance,NA,low,21,0,0.066,3.16
156,education,NA,low,7,0,0.07,16.02
157,education,NA,low,7,0,0.22,5.45
158,healthcare,APAC,high,16,0,0.278,13.91
159,education,NA,medium,18,1,0.252,15.75
160,public_sector,NA,low,6,0,0.159,4.78
161,retail,APAC,medium,16,0,0.317,7.09
162,healthcare,NA,medium,17,0,0.266,4.82
163,public_sector,APAC,low,5,0,0.148,13.89
164,healthcare,NA,low,20,0,0.244,2.08
165,healthcare,EMEA,high,0,0,0.248,4.63
166,retail,NA,medium,15,0,0.26,15.14
167,healthcare,APAC,medium,21,0,0.074,5.39
168,healthcare,NA,low,7,1,0.099,7.13
169,healthcare,APAC,low,13,0,0.212,9.41
170,retail,EMEA,low,8,0,0.154,11.06
171,healthcare,NA,low,23,0,0.299,1.75
172,education,EMEA,medium,10,0,0.256,5.35
173,education,APAC,medium,20,1,0.111,14.85
174,finance,EMEA,high,10,0,0.15,9.12
175,public_sector,NA,medium,1,0,0.057,13.09
176,public_sector,NA,high,2,0,0.088,14.62
177,retail,NA,low,15,0,0.159,6.68
178,public_sector,NA,high,3,1,0.088,1.58
179,education,EMEA,medium,20,1,0.311,4.35
180,retail,APAC,low,14,0,0.3,7.54
181,finance,APAC,low,14,0,0.132,13.97
182,education,NA,medium,1,0,0.155,15.79
183,healthcare,EMEA,low,3,1,0.298,4.22
184,finance,NA,low,13,0,0.112,6.06
185,healthcare,NA,low,2,0,0.227,10.48
186,retail,NA,low,10,0,0.166,16.83
187,retail,NA,low,11,0,0.278,7.02
188,healthcare,NA,low,9,0,0.241,12.0
189,retail,APAC,low,17,0,0.07,14.5
190,public_sector,APAC,medium,18,0,0.227,4.21
191,retail,NA,low,2,0,0.16,4.12
192,public_sector,APAC,low,3,0,0.102,12.88
193,finance,EMEA,medium,15,0,0.284,12.07
194,retail,NA,low,5,0,0.203,6.64
195,healthcare,APAC,low,10,0,0.059,2.57
196,finance,NA,low,19,0,0.128,13.23
197,public_sector,EMEA,low,19,0,0.221,1.91
198,retail,NA,low,17,0,0.084,15.33
199,finance,EMEA,low,22,0,0.184,3.82
200,education,APAC,low,17,0,0.115,6.85
201,finance,EMEA,low,16,0,0.271,13.13
202,retail,NA,low,13,0,0.275,10.29
203,retail,APAC,medium,0,0,0.315,17.79
204,finance,APAC,medium,11,0,0.14,13.25
205,finance,NA,low,12,0,0.292,10.6
206,finance,NA,medium,22,0,0.254,14.57
207,retail,EMEA,medium,19,1,0.101,14.06
208,finance,NA,low,1,0,0.279,11.66
209,healthcare,EMEA,low,10,1,0.109,15.49
210,education,APAC,low,0,0,0.241,8.49
211,public_sector,EMEA,low,19,0,0.327,14.89
212,public_sector,APAC,low,16,0,0.283,17.52
213,healthcare,APAC,medium,9,0,0.109,4.18
214,education,NA,low,20,0,0.342,4.83
215,public_sector,EMEA,high,15,1,0.193,14.53
216,finance,APAC,medium,18,0,0.183,7.12
217,retail,NA,medium,3,1,0.142,10.43
218,retail,APAC,low,21,0,0.289,8.46
219,healthcare,APAC,low,19,0,0.339,13.43
220,healthcare,APAC,low,2,0,0.318,1.65
221,education,APAC,medium,23,0,0.234,8.24
222,retail,NA,low,5,0,0.314,8.41
223,public_sector,NA,low,6,0,0.317,10.58
224,education,NA,low,18,1,0.34,8.14
225,public_sector,APAC,medium,12,0,0.34,7.01
226,finance,APAC,low,15,0,0.117,5.96
227,education,APAC,low,13,0,0.053,8.29
228,finance,NA,low,10,0,0.199,4.09
229,public_sector,APAC,low,23,0,0.226,8.57
230,retail,NA,low,20,1,0.233,10.48
231,retail,APAC,low,12,0,0.055,4.08
232,public_sector,APAC,low,9,0,0.206,8.89
233,education,APAC,low,7,0,0.185,6.05
234,retail,APAC,medium,7,1,0.335,10.97
235,education,NA,medium,17,0,0.27,14.36
236,finance,NA,medium,9,0,0.207,12.51
237,public_sector,APAC,low,21,0,0.108,4.79
238,finance,APAC,medium,8,0,0.092,14.72
239,public_sector,EMEA,low,15,0,0.197,5.18
240,healthcare,EMEA,low,0,0,0.103,7.72
241,public_sector,EMEA,high,14,0,0.065,8.51
242,education,EMEA,high,19,1,0.214,5.13
243,healthcare,APAC,low,21,0,0.113,14.65
244,retail,APAC,low,2,1,0.147,6.58
245,education,APAC,medium,12,0,0.12,4.46
246,education,APAC,high,17,0,0.317,17.31
247,education,NA,low,12,0,0.346,10.54
248,public_sector,APAC,medium,19,0,0.268,12.49
249,public_sector,APAC,high,8,0,0.078,4.75
250,finance,EMEA,low,3,1,0.267,3.51
251,retail,APAC,low,15,0,0.056,10.63
252,finance,NA,low,10,0,0.335,14.5
253,education,APAC,low,6,0,0.09,3.85
254,education,APAC,low,8,0,0.207,8.8
255,finance,EMEA,medium,5,0,0.329,11.89
256,retail,NA,medium,15,0,0.198,17.04
257,education,APAC,high,22,0,0.341,6.61
258,retail,EMEA,low,18,0,0.124,1.85
259,education,APAC,low,10,0,0.203,6.03
260,public_sector,EMEA,low,2,0,0.057,5.06
261,public_sector,NA,low,2,0,0.16,10.63
262,public_sector,NA,low,8,0,0.201,4.26
263,healthcare,NA,medium,7,0,0.236,2.0
264,healthcare,NA,low,4,0,0.08,10.52
265,public_sector,EMEA,low,5,0,0.229,14.52
266,education,APAC,low,21,0,0.103,11.87
267,education,APAC,low,5,0,0.328,4.12
268,finance,EMEA,low,18,0,0.173,10.55
269,retail,NA,low,6,0,0.264,16.28
270,retail,APAC,low,6,0,0.091,12.78
271,public_sector,NA,low,19,0,0.142,16.86
272,finance,EMEA,medium,17,0,0.307,1.89
273,retail,APAC,low,16,0,0.264,8.0
274,public_sector,EMEA,low,14,0,0.302,14.54
275,public_sector,EMEA,low,7,0,0.224,11.54
276,healthcare,NA,high,9,0,0.284,10.83
277,finance,APAC,low,9,0,0.266,2.88
278,retail,NA,low,16,0,0.07,10.6
279,education,APAC,medium,23,1,0.185,15.21
280,healthcare,APAC,medium,5,0,0.273,12.83
281,finance,APAC,medium,0,0,0.255,12.31
282,public_sector,APAC,medium,17,0,0.15,9.7
283,education,EMEA,low,20,1,0.229,9.04
284,retail,APAC,medium,14,0,0.207,9.21
285,finance,APAC,high,17,0,0.264,12.51
286,education,NA,low,17,0,0.308,4.86
287,retail,NA,low,19,0,0.145,17.72
288,education,APAC,medium,9,0,0.158,15.55
289,education,EMEA,low,12,0,0.183,17.34
290,public_sector,EMEA,medium,20,0,0.101,17.89
291,retail,APAC,low,7,0,0.279,15.62
292,education,APAC,medium,12,0,0.083,11.8
293,public_sector,EMEA,low,5,1,0.222,8.64
294,retail,EMEA,low,0,0,0.076,10.78
295,public_sector,EMEA,low,22,0,0.141,9.1
296,education,EMEA,medium,0,0,0.212,6.51
297,healthcare,APAC,high,16,0,0.333,11.89
298,finance,EMEA,high,20,0,0.093,12.75
299,retail,APAC,medium,8,1,0.253,6.3
300,finance,APAC,medium,7,1,0.267,6.75
301,retail,APAC,low,6,0,0.15,11.4
302,retail,APAC,low,2,0,0.17,5.72
303,public_sector,APAC,low,1,1,0.21,2.37
304,finance,EMEA,high,6,0,0.241,3.59
305,finance,APAC,low,16,1,0.178,4.77
306,finance,APAC,low,1,0,0.074,7.88
307,education,EMEA,low,6,0,0.304,8.75
308,healthcare,APAC,medium,10,0,0.164,15.39
309,finance,APAC,high,7,0,0.221,17.61
310,education,EMEA,low,16,0,0.347,15.79
311,education,APAC,high,21,0,0.07,17.9
312,finance,APAC,medium,13,0,0.111,13.42
313,finance,NA,medium,13,1,0.272,1.75
314,healthcare,EMEA,low,19,0,0.266,5.36
315,finance,NA,low,23,0,0.103,2.04
316,education,EMEA,low,4,0,0.194,7.79
317,public_sector,APAC,medium,15,0,0.053,4.96
318,finance,NA,high,9,0,0.295,2.85
319,public_sector,EMEA,low,6,0,0.129,12.34
320,public_sector,EMEA,low,19,1,0.199,10.14
321,retail,EMEA,low,10,0,0.118,1.66
322,finance,NA,low,0,0,0.074,4.37
323,retail,APAC,medium,2,0,0.287,13.44
324,retail,NA,high,12,0,0.273,12.91
325,retail,APAC,medium,4,0,0.245,4.5
326,public_sector,NA,low,3,0,0.108,9.49
327,finance,NA,high,22,1,0.157,4.26
328,retail,EMEA,medium,16,0,0.182,10.58
329,education,EMEA,medium,5,0,0.153,10.86
330,healthcare,EMEA,low,0,0,0.312,9.1
331,public_sector,APAC,low,12,0,0.157,16.53
332,public_sector,APAC,medium,3,1,0.19,5.53
333,finance,APAC,low,23,0,0.24,8.42
334,finance,APAC,high,16,0,0.175,2.19
335,retail,APAC,low,4,0,0.312,11.84
336,finance,EMEA,low,22,0,0.073,3.69
337,finance,EMEA,low,21,0,0.181,12.17
338,education,NA,high,13,0,0.076,3.34
339,finance,NA,low,22,0,0.252,8.32
340,finance,APAC,high,21,1,0.16,12.0
341,public_sector,APAC,low,8,0,0.131,17.91
342,healthcare,APAC,low,21,0,0.062,7.78
343,finance,NA,low,4,1,0.159,12.44
344,education,APAC,medium,10,0,0.258,13.7
345,public_sector,NA,low,13,0,0.156,7.38
346,public_sector,EMEA,low,23,0,0.083,2.22
347,retail,EMEA,medium,3,0,0.236,10.48
348,retail,NA,low,1,0,0.189,7.19
349,healthcare,NA,low,0,0,0.301,16.95
350,public_sector,EMEA,medium,11,0,0.105,5.93
351,finance,EMEA,low,15,0,0.091,11.97
352,education,EMEA,low,5,1,0.134,14.06
353,public_sector,EMEA,low,5,0,0.321,6.28
354,public_sector,NA,medium,7,0,0.084,13.35
355,education,NA,medium,14,0,0.273,12.78
356,education,NA,low,20,0,0.285,17.83
357,education,APAC,low,7,0,0.157,16.61
358,finance,APAC,low,13,0,0.272,16.18
359,finance,NA,low,0,0,0.071,5.34
360,retail,NA,high,2,0,0.35,9.98
361,healthcare,EMEA,low,11,0,0.197,10.37
362,public_sector,EMEA,high,17,0,0.209,5.63
363,public_sector,APAC,medium,1,0,0.167,9.34
364,retail,EMEA,high,16,0,0.289,12.53
365,education,APAC,low,14,0,0.14,1.54
366,public_sector,EMEA,low,3,0,0.111,2.9
367,retail,EMEA,low,1,0,0.057,3.26
368,healthcare,NA,medium,7,0,0.184,4.7
369,healthcare,EMEA,medium,10,0,0.179,1.81
370,finance,APAC,low,21,0,0.109,8.31
371,public_sector,APAC,low,22,1,0.167,8.94
372,finance,APAC,medium,18,0,0.215,1.73
373,healthcare,APAC,low,7,0,0.237,6.55
374,public_sector,APAC,high,23,0,0.117,9.06
375,public_sector,NA,medium,10,1,0.204,6.88
376,public_sector,EMEA,high,7,0,0.3,15.94
377,education,EMEA,low,22,1,0.146,16.03
378,retail,EMEA,low,4,0,0.097,7.23
379,finance,EMEA,medium,10,0,0.105,7.44
380,education,NA,high,23,0,0.238,10.42
381,public_sector,EMEA,medium,1,0,0.255,16.77
382,retail,NA,low,9,1,0.099,3.97
383,education,EMEA,medium,14,0,0.082,6.89
384,public_sector,EMEA,medium,9,0,0.059,9.47
385,healthcare,EMEA,medium,21,0,0.303,9.12
386,education,APAC,medium,4,1,0.324,13.98
387,healthcare,EMEA,medium,23,1,0.347,16.03
388,finance,APAC,low,17,1,0.156,2.55
389,healthcare,APAC,low,15,0,0.246,15.71
390,education,EMEA,medium,12,1,0.291,10.82
391,finance,EMEA,medium,23,0,0.264,2.47
392,retail,NA,medium,19,0,0.215,10.6
393,healthcare,APAC,medium,21,1,0.307,7.81
394,public_sector,NA,medium,4,0,0.28,15.01
395,finance,APAC,low,21,0,0.317,16.43
396,retail,APAC,low,5,0,0.334,8.32
397,retail,NA,medium,13,0,0.088,10.03
398,retail,EMEA,low,19,0,0.08,15.63
399,finance,APAC,low,3,0,0.313,6.49
400,retail,NA,medium,21,0,0.191,10.22
401,healthcare,EMEA,medium,9,0,0.253,16.32
402,public_sector,APAC,low,18,0,0.254,14.84
403,public_sector,APAC,low,23,0,0.083,14.9
404,healthcare,APAC,low,2,0,0.242,7.65
405,retail,APAC,low,5,0,0.1,4.59
406,healthcare,EMEA,medium,23,0,0.286,15.01
407,finance,APAC,low,8,0,0.251,7.05
408,healthcare,NA,medium,4,0,0.263,11.34
409,healthcare,EMEA,medium,6,0,0.192,7.86
410,education,NA,medium,2,0,0.273,9.58
411,education,APAC,low,12,0,0.279,4.12
412,education,EMEA,medium,1,0,0.258,2.67
413,retail,NA,medium,2,0,0.264,17.37
414,education,NA,low,9,1,0.184,2.46
415,finance,APAC,high,18,0,0.284,5.48
416,finance,EMEA,low,4,0,0.195,2.44
417,education,NA,low,17,0,0.333,12.66
418,retail,EMEA,medium,5,1,0.185,10.95
419,education,EMEA,low,21,0,0.13,6.98
420,healthcare,NA,medium,23,0,0.092,13.19
421,healthcare,NA,low,13,0,0.097,6.17
422,healthcare,APAC,high,11,0,0.319,13.7
423,retail,NA,low,7,0,0.293,13.35
424,public_sector,EMEA,low,15,0,0.271,2.53
425,healthcare,APAC,medium,7,0,0.055,14.82
426,retail,EMEA,low,11,0,0.338,11.51
427,finance,NA,low,0,0,0.075,1.91
428,public_sector,APAC,high,6,0,0.108,11.16
429,retail,NA,low,8,0,0.313,15.1
430,public_sector,APAC,low,17,0,0.337,4.67
431,healthcare,EMEA,low,20,0,0.189,4.31
432,finance,NA,low,8,0,0.142,6.81
433,finance,APAC,medium,9,0,0.089,3.81
434,education,NA,low,18,0,0.064,15.92
435,education,EMEA,low,9,0,0.329,13.04
436,healthcare,EMEA,low,12,0,0.173,16.34
437,finance,NA,low,17,1,0.326,15.77
438,healthcare,EMEA,low,7,1,0.257,5.45
439,public_sector,EMEA,medium,12,0,0.063,5.11
440,finance,EMEA,medium,9,0,0.225,17.5
441,public_sector,EMEA,high,1,0,0.078,13.82
442,public_sector,EMEA,low,13,0,0.234,5.99
443,finance,NA,medium,13,0,0.107,13.11
444,education,APAC,medium,16,0,0.164,7.6
445,healthcare,EMEA,low,9,0,0.123,4.29
446,public_sector,APAC,medium,1,1,0.05,15.35
447,finance,APAC,low,23,0,0.312,6.86
448,healthcare,NA,low,20,0,0.274,9.03
449,public_sector,EMEA,medium,9,0,0.235,4.42
450,finance,APAC,low,6,0,0.085,15.32
451,public_sector,APAC,low,20,0,0.23,6.32
452,public_sector,EMEA,medium,15,0,0.245,13.57
453,healthcare,NA,low,17,0,0.116,15.12
454,healthcare,NA,low,15,0,0.344,5.03
455,finance,NA,low,20,0,0.204,12.13
456,finance,APAC,medium,23,0,0.121,11.88
457,public_sector,EMEA,medium,1,0,0.273,4.43
458,education,EMEA,low,14,0,0.151,10.23
459,healthcare,APAC,high,14,0,0.232,4.08
460,healthcare,EMEA,low,15,1,0.193,14.7
461,finance,APAC,low,6,0,0.317,4.43
462,healthcare,EMEA,medium,13,0,0.287,9.38
463,public_sector,APAC,medium,2,0,0.124,5.0
464,finance,EMEA,low,6,1,0.298,11.0
465,healthcare,NA,low,15,0,0.151,6.36
466,retail,EMEA,high,22,0,0.307,16.27
467,healthcare,EMEA,medium,4,1,0.183,7.98
468,retail,EMEA,low,12,0,0.091,11.92
469,healthcare,NA,low,21,0,0.177,5.68
470,finance,APAC,low,2,0,0.177,16.28
471,public_sector,NA,low,8,0,0.294,2.17
472,healthcare,NA,low,19,0,0.181,4.46
473,education,EMEA,high,6,0,0.199,5.67
474,retail,APAC,low,20,0,0.292,9.91
475,public_sector,EMEA,medium,11,0,0.332,14.22
476,finance,EMEA,medium,1,0,0.248,14.94
477,education,APAC,medium,2,0,0.078,15.36
478,healthcare,NA,low,3,1,0.054,7.88
479,public_sector,EMEA,medium,13,1,0.156,2.35
480,finance,APAC,low,0,0,0.344,17.5
481,public_sector,EMEA,medium,17,1,0.095,9.67
482,retail,APAC,high,2,0,0.218,5.73
483,public_sector,NA,low,5,0,0.142,13.54
484,education,EMEA,low,3,0,0.322,12.06
485,retail,APAC,low,21,0,0.165,16.62
486,finance,NA,high,4,0,0.12,8.96
487,finance,EMEA,low,0,0,0.055,6.43
488,education,APAC,medium,5,0,0.069,8.97
489,retail,APAC,low,14,0,0.261,2.97
490,healthcare,NA,low,12,0,0.296,14.69
491,public_sector,APAC,medium,13,0,0.086,5.19
492,education,EMEA,low,17,1,0.086,9.48
493,finance,EMEA,high,18,0,0.266,14.52
494,finance,EMEA,high,5,0,0.251,3.0
495,finance,NA,low,7,0,0.345,9.43
496,finance,EMEA,high,21,0,0.14,12.78
497,education,EMEA,medium,9,0,0.053,13.35
498,healthcare,EMEA,low,7,1,0.115,3.99
499,retail,NA,low,15,0,0.276,14.77
500,healthcare,EMEA,low,1,0,0.078,2.77
501,retail,EMEA,low,9,0,0.166,6.51
502,public_sector,EMEA,high,23,0,0.253,15.6
503,retail,NA,high,9,0,0.341,7.77
504,healthcare,APAC,low,9,0,0.196,8.18
505,healthcare,APAC,high,5,0,0.247,11.92
506,public_sector,NA,low,3,0,0.29,17.06
507,education,APAC,medium,23,0,0.273,9.43
508,public_sector,NA,low,21,0,0.302,1.98
509,retail,APAC,low,19,0,0.232,12.35
510,healthcare,APAC,medium,5,0,0.065,8.57
511,finance,EMEA,low,13,0,0.108,10.0
512,retail,NA,low,7,0,0.067,12.05
513,public_sector,APAC,low,21,1,0.276,10.02
514,healthcare,APAC,medium,16,0,0.343,5.58
515,public_sector,NA,high,12,1,0.172,6.37
516,retail,APAC,medium,0,1,0.097,14.78
517,education,EMEA,medium,5,1,0.319,3.5
518,finance,APAC,low,1,0,0.065,12.22
519,finance,NA,medium,12,0,0.308,4.09
520,finance,APAC,medium,0,0,0.077,7.71
521,retail,APAC,low,7,1,0.085,12.94
522,retail,EMEA,low,10,0,0.12,13.9
523,education,EMEA,medium,10,0,0.241,6.85
524,education,NA,medium,5,0,0.285,17.1
525,education,EMEA,low,7,0,0.288,7.51
526,retail,EMEA,low,21,0,0.102,8.39
527,finance,NA,low,10,0,0.099,11.83
528,healthcare,NA,medium,13,0,0.117,16.01
529,retail,EMEA,high,17,0,0.31,14.27
530,public_sector,APAC,high,13,0,0.093,10.42
531,public_sector,EMEA,low,3,1,0.136,2.63
532,retail,APAC,medium,2,0,0.203,12.56
533,retail,EMEA,high,20,0,0.201,16.44
534,education,NA,high,14,0,0.085,8.17
535,education,NA,low,16,1,0.061,2.38
536,healthcare,EMEA,low,18,0,0.104,2.17
537,education,NA,low,0,0,0.213,7.98
538,finance,NA,medium,2,0,0.324,11.0
539,public_sector,NA,high,5,0,0.186,2.43
540,healthcare,EMEA,medium,18,0,0.154,5.79
541,education,APAC,medium,7,0,0.139,17.24
542,public_sector,EMEA,high,20,0,0.15,14.45
543,education,EMEA,medium,11,1,0.332,5.24
544,healthcare,EMEA,low,15,0,0.067,13.38
545,public_sector,EMEA,low,2,0,0.208,11.26
546,healthcare,NA,low,21,0,0.196,5.47
547,retail,NA,low,15,0,0.301,15.17
548,retail,NA,low,11,0,0.138,2.39
549,education,EMEA,low,14,0,0.335,5.41
550,healthcare,NA,medium,10,0,0.052,1.59
551,retail,NA,low,7,0,0.068,7.08
552,public_sector,APAC,low,8,0,0.1,12.29
553,retail,NA,low,1,0,0.263,2.79
554,finance,EMEA,medium,5,0,0.346,14.75
555,education,EMEA,medium,18,1,0.341,9.36
556,finance,NA,low,8,0,0.188,5.39
557,retail,EMEA,low,22,0,0.257,17.81
558,finance,NA,low,13,1,0.101,10.32
559,finance,APAC,low,22,0,0.066,3.03
560,finance,APAC,medium,21,0,0.242,9.69
561,public_sector,APAC,low,10,0,0.116,16.6
562,education,EMEA,low,0,0,0.231,12.1
563,education,EMEA,high,0,0,0.134,3.62
564,education,APAC,medium,13,0,0.199,16.2
565,finance,NA,medium,2,0,0.236,8.37
566,finance,EMEA,low,14,0,0.249,5.78
567,public_sector,APAC,medium,21,0,0.297,17.91
568,healthcare,APAC,medium,6,1,0.284,10.06
569,finance,APAC,low,15,0,0.338,7.3
570,finance,EMEA,high,22,0,0.314,15.98
571,education,APAC,medium,7,0,0.26,4.56
572,public_sector,APAC,high,10,0,0.153,7.97
573,retail,APAC,low,9,0,0.107,2.37
574,healthcare,EMEA,low,22,0,0.156,15.23
575,education,APAC,high,14,0,0.33,8.91
576,retail,NA,medium,22,0,0.247,9.07
577,healthcare,NA,low,3,0,0.09,9.06
578,healthcare,NA,low,2,1,0.127,6.49
579,healthcare,NA,low,6,0,0.144,9.27
580,healthcare,EMEA,low,6,1,0.061,14.72
581,retail,NA,low,2,0,0.271,10.77
582,finance,APAC,low,21,0,0.193,16.76
583,finance,NA,low,18,0,0.059,17.7
584,retail,APAC,low,14,0,0.13,15.19
585,finance,EMEA,high,0,0,0.178,16.43
586,finance,APAC,low,12,0,0.263,16.52
587,retail,EMEA,low,11,0,0.289,5.11
588,retail,APAC,medium,16,0,0.076,9.66
589,healthcare,EMEA,high,8,0,0.163,7.99
590,finance,EMEA,medium,13,0,0.063,16.03
591,healthcare,NA,medium,5,0,0.106,6.44
592,retail,NA,low,16,0,0.23,11.33
593,healthcare,NA,medium,22,0,0.131,3.5
594,education,EMEA,high,18,0,0.158,9.46
595,finance,APAC,high,23,0,0.312,7.31
596,public_sector,APAC,low,5,0,0.238,1.57
597,retail,EMEA,medium,13,0,0.316,3.2
598,public_sector,EMEA,medium,14,0,0.095,11.06
599,finance,EMEA,low,6,0,0.296,6.98
600,public_sector,EMEA,high,13,0,0.19,9.85
601,education,APAC,high,0,0,0.313,5.92
602,retail,EMEA,medium,5,0,0.055,2.08
603,healthcare,APAC,low,13,0,0.078,14.67
604,healthcare,EMEA,low,1,0,0.079,4.8
605,education,APAC,medium,12,0,0.138,4.07
606,healthcare,EMEA,low,5,0,0.236,14.38
607,healthcare,NA,medium,4,0,0.135,4.18
608,education,EMEA,medium,21,0,0.298,13.33
609,healthcare,NA,high,7,0,0.119,12.85
610,finance,NA,medium,11,0,0.205,17.8
611,retail,NA,medium,15,0,0.342,15.56
612,retail,NA,high,9,0,0.22,7.38
613,retail,EMEA,low,8,0,0.155,8.57
614,education,NA,low,15,0,0.144,2.8
615,finance,APAC,high,18,0,0.227,10.5
616,public_sector,APAC,low,7,0,0.182,1.64
617,finance,EMEA,medium,21,0,0.069,6.17
618,education,EMEA,low,5,0,0.316,7.64
619,finance,NA,low,10,0,0.314,12.99
620,education,NA,medium,1,0,0.171,13.9
621,retail,NA,medium,12,0,0.078,7.66
622,finance,NA,medium,12,0,0.25,5.2
623,retail,EMEA,low,18,0,0.101,11.04
624,finance,EMEA,low,23,0,0.335,7.81
625,education,APAC,low,6,0,0.124,17.02
626,education,NA,low,15,0,0.053,6.71
627,public_sector,NA,low,0,1,0.083,14.26
628,finance,NA,medium,18,0,0.162,7.5
629,retail,APAC,low,6,0,0.26,7.78
630,retail,EMEA,medium,19,0,0.155,16.95
631,public_sector,EMEA,low,22,0,0.254,7.24
632,public_sector,NA,low,21,0,0.313,10.89
633,retail,EMEA,medium,12,0,0.087,3.7
634,retail,NA,low,2,0,0.101,13.07
635,public_sector,NA,medium,18,0,0.201,7.62
636,public_sector,NA,low,15,0,0.309,3.04
637,public_sector,NA,medium,11,0,0.273,2.73
638,finance,NA,high,5,0,0.348,10.95
639,retail,APAC,high,13,0,0.274,16.59
640,education,NA,medium,10,0,0.104,8.23
641,retail,EMEA,high,5,1,0.19,6.91
642,education,NA,low,0,0,0.102,6.16
643,retail,NA,medium,0,0,0.311,4.81
644,healthcare,APAC,low,0,0,0.15,13.48
645,education,NA,high,10,0,0.284,10.17
646,finance,EMEA,medium,3,0,0.145,7.34
647,retail,APAC,low,18,0,0.251,16.4
648,healthcare,EMEA,low,22,0,0.202,7.37
649,education,APAC,low,23,0,0.27,12.72
650,education,APAC,low,4,0,0.322,10.52
651,retail,NA,medium,17,0,0.254,15.17
652,education,EMEA,high,13,0,0.131,8.72
653,healthcare,EMEA,low,18,0,0.174,16.59
654,education,NA,low,21,1,0.099,5.56
655,retail,APAC,medium,10,1,0.149,7.45
656,healthcare,EMEA,low,11,0,0.337,11.68
657,public_sector,EMEA,medium,0,0,0.179,12.52
658,finance,NA,low,16,0,0.117,8.32
659,public_sector,EMEA,high,18,0,0.174,9.77
660,retail,EMEA,medium,0,0,0.286,16.02
661,education,NA,medium,6,0,0.109,17.91
662,education,EMEA,low,22,0,0.098,9.44
663,finance,EMEA,medium,1,0,0.249,12.77
664,healthcare,NA,low,7,0,0.3,1.63
665,healthcare,NA,high,12,0,0.111,3.75
666,finance,APAC,low,1,0,0.096,5.09
667,education,NA,medium,5,0,0.326,7.89
668,healthcare,NA,medium,0,0,0.268,15.64
669,healthcare,APAC,high,21,0,0.329,5.26
670,healthcare,NA,medium,16,0,0.322,9.97
671,education,EMEA,low,12,0,0.245,11.82
672,retail,EMEA,high,6,1,0.273,4.24
673,retail,EMEA,low,16,0,0.242,5.13
674,public_sector,NA,high,0,0,0.211,4.91
675,public_sector,NA,medium,19,1,0.247,14.21
676,public_sector,APAC,high,20,0,0.133,6.85
677,public_sector,EMEA,low,17,0,0.282,9.37
678,education,NA,low,6,0,0.249,11.24
679,retail,APAC,high,18,0,0.289,13.34
680,public_sector,APAC,medium,11,1,0.318,9.99
681,public_sector,NA,medium,1,0,0.252,10.84
682,education,NA,low,10,0,0.282,17.41
683,public_sector,EMEA,low,5,1,0.215,3.15
684,public_sector,EMEA,low,11,0,0.272,16.74
685,healthcare,NA,medium,18,0,0.1,8.43
686,healthcare,EMEA,medium,16,0,0.104,5.44
687,education,EMEA,low,9,0,0.273,15.9
688,finance,NA,high,19,0,0.326,2.69
689,healthcare,NA,high,8,0,0.263,10.51
690,retail,NA,medium,1,0,0.26,10.99
691,retail,NA,low,2,0,0.257,16.33
692,public_sector,NA,low,13,0,0.089,14.41
693,healthcare,NA,low,17,1,0.256,12.52
694,retail,APAC,high,2,1,0.124,2.96
695,education,APAC,high,19,0,0.132,10.87
696,retail,NA,medium,0,0,0.132,10.45
697,retail,EMEA,low,1,0,0.339,3.02
698,finance,APAC,low,21,0,0.133,9.79
699,education,NA,low,4,1,0.276,4.82
700,public_sector,NA,low,14,0,0.263,8.35
701,finance,APAC,low,3,0,0.102,14.1
702,finance,NA,high,0,0,0.169,7.02
703,retail,NA,medium,12,0,0.175,8.98
704,education,EMEA,medium,18,0,0.194,11.4
705,finance,APAC,high,18,0,0.184,10.93
706,retail,NA,low,23,0,0.153,12.45
707,public_sector,NA,high,0,0,0.052,6.11
708,finance,APAC,medium,8,0,0.234,12.43
709,retail,EMEA,medium,1,0,0.234,9.45
710,healthcare,NA,low,22,0,0.268,2.8
711,education,EMEA,low,11,0,0.337,14.59
712,healthcare,EMEA,low,22,0,0.099,14.38
713,public_sector,NA,low,8,0,0.099,13.79
714,public_sector,APAC,high,3,0,0.053,9.44
715,public_sector,NA,low,8,0,0.263,6.16
716,retail,APAC,low,19,0,0.137,2.87
717,education,EMEA,low,8,1,0.322,4.55
718,healthcare,APAC,low,3,0,0.262,11.83
719,education,EMEA,medium,8,0,0.229,8.58
720,education,NA,medium,10,0,0.145,4.65
721,education,APAC,medium,11,0,0.217,13.98
722,retail,EMEA,high,1,0,0.066,9.12
723,healthcare,APAC,medium,1,0,0.112,2.89
724,finance,EMEA,low,9,1,0.156,6.88
725,education,EMEA,low,10,0,0.275,6.56
726,education,NA,medium,12,0,0.055,1.94
727,healthcare,APAC,high,17,0,0.298,3.61
728,healthcare,APAC,low,8,0,0.074,2.57
729,retail,EMEA,low,13,0,0.127,7.32
730,finance,NA,low,11,0,0.136,12.4
731,public_sector,EMEA,low,21,0,0.313,1.76
732,healthcare,APAC,low,15,0,0.121,12.65
733,healthcare,APAC,low,16,0,0.285,6.47
734,finance,EMEA,low,22,0,0.324,7.85
735,healthcare,EMEA,medium,14,1,0.189,13.52
736,education,NA,low,2,0,0.159,12.17
737,education,APAC,medium,8,0,0.194,12.45
738,healthcare,EMEA,medium,4,0,0.167,4.85
739,education,APAC,high,21,1,0.208,12.36
740,public_sector,APAC,high,3,1,0.183,14.02
741,retail,APAC,low,19,0,0.207,8.37
742,education,APAC,low,1,0,0.206,2.54
743,healthcare,NA,low,5,0,0.348,3.42
744,retail,APAC,low,21,0,0.055,12.31
745,education,NA,low,6,0,0.17,6.96
746,retail,EMEA,low,0,0,0.103,4.24
747,education,NA,medium,6,0,0.126,15.49
748,retail,EMEA,low,11,0,0.314,15.26
749,education,NA,low,10,0,0.197,13.22
750,retail,EMEA,low,17,0,0.236,12.73
751,finance,EMEA,medium,5,0,0.227,10.72
752,education,NA,medium,16,0,0.319,4.18
753,healthcare,APAC,low,19,0,0.23,10.33
754,retail,APAC,high,14,0,0.327,13.08
755,finance,APAC,medium,23,0,0.126,11.17
756,public_sector,APAC,medium,13,1,0.278,7.01
757,retail,APAC,low,1,0,0.143,5.17
758,retail,EMEA,high,15,0,0.241,3.3
759,healthcare,NA,medium,12,0,0.295,9.86
760,education,APAC,low,5,0,0.122,2.92
761,finance,APAC,medium,1,0,0.298,16.06
762,healthcare,EMEA,high,12,1,0.272,11.14
763,healthcare,EMEA,low,14,1,0.195,6.35
764,public_sector,APAC,low,6,1,0.308,14.49
765,finance,APAC,low,20,0,0.123,14.23
766,retail,NA,low,19,1,0.243,14.27
767,education,APAC,high,7,0,0.188,2.34
768,healthcare,APAC,low,23,0,0.061,10.3
769,finance,EMEA,low,20,0,0.213,11.39
770,public_sector,NA,low,0,0,0.112,16.79
771,education,NA,medium,11,1,0.081,13.84
772,retail,EMEA,medium,8,0,0.197,7.67
773,finance,APAC,low,5,0,0.246,13.49
774,healthcare,APAC,low,16,0,0.13,15.38
775,finance,EMEA,medium,4,0,0.301,17.54
776,public_sector,NA,low,19,0,0.107,15.31
777,finance,NA,medium,4,0,0.068,8.17
778,healthcare,APAC,medium,16,0,0.136,5.72
779,finance,NA,low,5,0,0.343,6.16
780,finance,EMEA,medium,15,0,0.327,14.46
781,education,EMEA,low,22,0,0.26,17.55
782,finance,NA,medium,1,0,0.119,2.77
783,public_sector,APAC,low,10,0,0.138,15.51
784,public_sector,APAC,medium,21,1,0.11,4.23
785,education,NA,low,22,0,0.123,13.8
786,healthcare,APAC,low,5,0,0.268,16.96
787,healthcare,EMEA,medium,7,0,0.093,16.06
788,public_sector,APAC,low,2,0,0.173,7.92
789,public_sector,NA,low,1,1,0.175,11.46
790,finance,EMEA,low,9,1,0.107,4.96
791,healthcare,NA,low,14,1,0.095,7.35
792,public_sector,EMEA,low,18,0,0.239,11.12
793,education,EMEA,low,22,0,0.2,12.98
794,education,NA,low,9,0,0.176,5.64
795,finance,NA,low,23,0,0.248,5.49
796,education,NA,high,12,0,0.074,4.65
797,finance,EMEA,medium,19,0,0.262,13.89
798,healthcare,NA,medium,10,1,0.32,13.74
799,healthcare,APAC,medium,10,0,0.096,17.37
800,healthcare,EMEA,low,8,0,0.201,12.48
801,finance,APAC,medium,10,0,0.268,17.02
802,education,EMEA,low,7,0,0.1,13.5
803,public_sector,NA,medium,20,0,0.311,3.67
804,public_sector,NA,low,9,0,0.131,5.42
805,public_sector,EMEA,low,2,0,0.295,3.05
806,public_sector,APAC,low,16,0,0.082,9.3
807,finance,APAC,low,6,0,0.151,2.19
808,public_sector,APAC,low,23,0,0.164,7.12
809,public_sector,EMEA,low,14,0,0.179,16.97
810,education,NA,medium,5,1,0.164,16.95
811,finance,APAC,low,4,1,0.218,17.66
812,retail,NA,low,17,0,0.305,16.23
813,retail,EMEA,medium,19,0,0.225,12.13
814,education,APAC,low,13,0,0.325,10.66
815,public_sector,NA,medium,13,0,0.061,3.32
816,education,NA,low,12,0,0.284,4.26
817,retail,APAC,high,13,0,0.081,11.43
818,retail,EMEA,high,13,0,0.053,6.6
819,education,EMEA,low,18,0,0.227,14.19
820,finance,EMEA,low,23,0,0.204,7.59
821,public_sector,NA,medium,16,0,0.106,6.65
822,healthcare,NA,high,6,0,0.306,6.62
823,finance,APAC,low,4,0,0.072,13.63
824,retail,NA,low,4,0,0.224,15.76
825,education,EMEA,low,20,0,0.264,13.98
826,education,EMEA,low,0,0,0.298,3.77
827,healthcare,NA,low,15,0,0.139,4.78
828,retail,APAC,low,4,0,0.278,13.2
829,finance,NA,low,10,0,0.26,16.31
830,education,EMEA,low,4,0,0.266,17.83
831,retail,NA,high,4,0,0.098,14.48
832,public_sector,APAC,low,10,0,0.343,9.72
833,education,EMEA,low,14,0,0.23,4.04
834,public_sector,NA,low,5,0,0.295,3.03
835,healthcare,APAC,medium,7,0,0.31,12.5
836,public_sector,NA,medium,19,0,0.295,6.58
837,healthcare,APAC,low,7,0,0.117,11.36
838,education,NA,low,20,0,0.331,3.3
839,public_sector,APAC,medium,21,0,0.181,4.76
840,healthcare,EMEA,medium,2,0,0.153,14.65
841,education,EMEA,high,23,0,0.315,7.41
842,retail,NA,low,23,0,0.264,2.08
843,healthcare,APAC,low,22,0,0.261,3.42
844,education,NA,low,17,0,0.106,7.59
845,education,APAC,medium,6,0,0.185,8.59
846,finance,EMEA,low,15,0,0.227,11.76
847,healthcare,APAC,medium,18,0,0.209,5.1
848,finance,NA,high,5,0,0.215,15.83
849,retail,APAC,low,8,0,0.088,8.96
850,healthcare,NA,high,21,0,0.339,7.13
851,healthcare,APAC,high,14,1,0.111,17.87
852,public_sector,APAC,medium,9,0,0.236,8.12
853,healthcare,APAC,medium,15,0,0.097,16.29
854,public_sector,NA,low,12,0,0.318,8.72
855,finance,EMEA,high,2,0,0.292,6.27
856,healthcare,APAC,low,11,0,0.138,14.02
857,education,EMEA,low,17,0,0.196,6.17
858,education,EMEA,low,20,0,0.135,9.27
859,finance,NA,low,10,0,0.318,8.52
860,education,APAC,low,20,0,0.109,13.99
861,finance,APAC,medium,19,0,0.251,2.55
862,healthcare,EMEA,medium,17,0,0.202,3.4
863,public_sector,NA,low,23,0,0.075,17.6
864,finance,NA,low,16,0,0.196,10.18
865,public_sector,EMEA,medium,17,0,0.138,11.07
866,education,NA,low,17,1,0.066,8.16
867,healthcare,EMEA,low,21,0,0.073,11.69
868,finance,NA,medium,5,0,0.053,15.45
869,healthcare,EMEA,low,2,0,0.111,12.84
870,healthcare,EMEA,medium,19,0,0.173,6.03
871,retail,EMEA,medium,23,0,0.295,13.92
872,education,APAC,low,16,1,0.146,10.24
873,public_sector,EMEA,medium,7,0,0.255,10.76
874,finance,APAC,low,6,0,0.216,11.02
875,finance,EMEA,medium,2,0,0.219,2.67
876,finance,EMEA,medium,13,0,0.243,6.84
877,public_sector,APAC,high,8,0,0.314,1.81
878,healthcare,APAC,low,14,1,0.261,14.14
879,finance,EMEA,medium,14,0,0.093,2.75
880,education,EMEA,low,15,0,0.327,3.16
881,public_sector,NA,low,1,0,0.082,10.17
882,education,APAC,medium,21,0,0.244,10.34
883,education,NA,low,22,0,0.252,17.53
884,healthcare,EMEA,high,4,0,0.167,2.83
885,finance,EMEA,medium,20,0,0.311,5.55
886,education,APAC,high,22,1,0.068,3.02
887,education,NA,high,17,0,0.318,17.8
888,public_sector,EMEA,medium,23,0,0.114,12.72
889,healthcare,NA,medium,14,0,0.055,5.78
890,retail,APAC,medium,12,1,0.335,10.91
891,finance,EMEA,medium,19,0,0.192,17.79
892,finance,NA,low,20,0,0.166,17.34
893,finance,EMEA,medium,11,0,0.142,1.89
894,healthcare,EMEA,low,3,0,0.127,8.09
895,public_sector,NA,medium,12,0,0.194,3.43
896,finance,NA,medium,12,0,0.065,11.92
897,healthcare,APAC,medium,23,0,0.23,13.78
898,retail,NA,medium,23,0,0.147,13.39
899,education,APAC,low,3,0,0.175,17.75
900,finance,NA,low,16,1,0.349,13.98
901,healthcare,EMEA,low,8,0,0.26,11.98
902,healthcare,APAC,medium,4,0,0.33,3.72
903,retail,APAC,low,1,0,0.071,11.91
904,healthcare,EMEA,medium,13,0,0.293,9.72
905,healthcare,EMEA,low,13,0,0.108,5.35
906,education,APAC,medium,17,0,0.214,12.54
907,public_sector,EMEA,high,10,0,0.124,7.07
908,public_sector,EMEA,low,13,0,0.348,2.0
909,public_sector,APAC,medium,16,0,0.116,7.79
910,education,EMEA,medium,9,0,0.257,13.74
911,finance,NA,high,13,0,0.077,5.79
912,healthcare,EMEA,medium,22,0,0.11,2.69
913,public_sector,APAC,low,19,0,0.091,14.67
914,public_sector,EMEA,low,1,1,0.115,3.08
915,retail,NA,low,15,0,0.121,5.04
916,healthcare,EMEA,high,0,0,0.084,14.0
917,healthcare,NA,low,19,0,0.096,4.34
918,finance,APAC,low,14,0,0.257,8.31
919,public_sector,APAC,medium,23,0,0.153,16.94
920,public_sector,NA,low,6,1,0.142,5.18
921,education,APAC,low,11,0,0.175,6.5
922,healthcare,EMEA,low,22,0,0.175,9.44
923,public_sector,NA,medium,23,0,0.083,9.91
924,retail,EMEA,low,18,0,0.092,12.77
925,education,NA,low,4,1,0.089,5.44
926,finance,NA,high,23,0,0.284,6.71
927,finance,APAC,low,1,0,0.203,3.63
928,public_sector,APAC,high,0,0,0.093,6.61
929,public_sector,EMEA,low,19,1,0.107,10.6
930,education,APAC,low,5,0,0.161,4.07
931,healthcare,NA,medium,4,0,0.088,5.59
932,retail,NA,medium,4,0,0.325,13.35
933,finance,EMEA,low,10,0,0.327,9.58
934,finance,APAC,medium,8,0,0.157,15.17
935,retail,EMEA,low,1,0,0.177,16.82
936,retail,EMEA,low,6,0,0.257,11.08
937,healthcare,APAC,low,3,0,0.343,15.37
938,public_sector,APAC,low,8,0,0.113,15.03
939,public_sector,APAC,low,10,1,0.212,12.05
940,public_sector,APAC,low,13,0,0.252,16.51
941,education,APAC,low,5,0,0.254,17.29
942,healthcare,NA,high,22,0,0.22,4.84
943,healthcare,NA,medium,12,0,0.345,3.41
944,finance,APAC,low,17,0,0.211,14.23
945,healthcare,APAC,low,2,1,0.128,6.39
946,healthcare,APAC,low,15,1,0.341,3.2
947,public_sector,NA,medium,16,0,0.297,6.69
948,public_sector,NA,low,2,0,0.11,13.97
949,healthcare,NA,low,17,0,0.065,11.91
950,retail,APAC,low,11,0,0.183,17.92
951,education,APAC,low,23,0,0.201,9.0
952,finance,EMEA,low,7,0,0.133,14.55
953,healthcare,NA,low,19,0,0.329,3.56
954,public_sector,EMEA,low,10,0,0.346,16.37
955,public_sector,NA,low,12,0,0.121,2.4
956,public_sector,NA,low,2,0,0.253,3.1
957,public_sector,EMEA,low,19,0,0.33,15.91
958,retail,APAC,medium,3,0,0.124,11.9
959,retail,NA,low,19,0,0.11,11.63
960,finance,NA,low,21,0,0.317,11.98
961,retail,NA,high,2,0,0.314,3.71
962,public_sector,NA,medium,2,1,0.253,4.78
963,education,EMEA,medium,11,0,0.29,5.52
964,retail,EMEA,low,15,0,0.099,12.02
965,education,APAC,low,12,0,0.157,4.99
966,education,EMEA,low,22,0,0.281,9.5
967,retail,APAC,low,9,0,0.074,7.49
968,public_sector,NA,low,9,1,0.126,16.83
969,public_sector,EMEA,low,13,0,0.162,6.76
970,public_sector,EMEA,low,15,0,0.333,6.18
971,finance,NA,low,22,0,0.277,9.93
972,retail,EMEA,high,9,0,0.076,3.32
973,retail,NA,low,8,0,0.272,16.66
974,education,NA,medium,6,0,0.185,10.26
975,education,NA,medium,6,0,0.204,4.74
976,retail,APAC,medium,18,0,0.111,9.24
977,healthcare,APAC,high,6,0,0.067,2.16
978,finance,EMEA,medium,14,0,0.334,12.09
979,retail,EMEA,high,18,0,0.104,16.96
980,healthcare,EMEA,high,7,0,0.323,4.1
981,finance,APAC,low,16,0,0.156,9.34
982,retail,EMEA,medium,23,0,0.228,16.74
983,healthcare,NA,medium,11,0,0.221,13.95
984,public_sector,NA,high,5,0,0.215,16.66
985,healthcare,EMEA,low,9,0,0.121,16.9
986,retail,EMEA,low,5,0,0.189,16.3
987,education,EMEA,low,8,0,0.203,16.55
988,healthcare,APAC,low,14,0,0.216,2.56
989,public_sector,APAC,high,19,0,0.325,8.75
990,finance,EMEA,low,4,0,0.203,4.99
991,healthcare,APAC,medium,14,0,0.119,9.2
992,healthcare,APAC,low,14,1,0.256,11.36
993,retail,EMEA,low,19,0,0.265,7.11
994,retail,EMEA,medium,11,0,0.233,5.87
995,finance,NA,low,0,1,0.18,2.73
996,retail,APAC,low,8,0,0.152,9.62
997,finance,NA,medium,2,0,0.164,14.95
998,education,APAC,low,3,0,0.236,2.15
999,finance,NA,low,10,1,0.305,15.1
1000,retail,NA,medium,4,0,0.072,4.15
1001,retail,EMEA,low,17,0,0.314,9.0
1002,public_sector,NA,low,7,0,0.172,17.7
1003,healthcare,EMEA,low,11,0,0.293,2.45
1004,healthcare,EMEA,low,21,0,0.182,17.12
1005,public_sector,EMEA,medium,10,0,0.058,17.58
1006,finance,APAC,low,17,0,0.277,13.14
1007,finance,NA,low,8,0,0.345,15.65
1008,public_sector,APAC,medium,19,0,0.284,13.9
1009,finance,APAC,medium,4,1,0.051,8.05
1010,retail,EMEA,medium,7,1,0.222,3.62
1011,retail,APAC,low,19,0,0.255,16.06
1012,education,EMEA,low,15,0,0.35,15.49
1013,finance,NA,medium,3,0,0.078,4.34
1014,public_sector,APAC,medium,12,1,0.28,9.96
1015,education,NA,medium,11,0,0.113,5.65
1016,education,APAC,low,17,0,0.122,17.79
1017,education,APAC,medium,7,1,0.18,6.54
1018,finance,NA,high,15,0,0.319,4.01
1019,healthcare,APAC,medium,23,1,0.263,12.81
1020,public_sector,APAC,low,1,1,0.309,8.8
1021,healthcare,APAC,medium,22,0,0.207,15.33
1022,finance,APAC,medium,17,0,0.136,8.2
1023,public_sector,APAC,medium,16,0,0.168,2.24
1024,retail,APAC,low,4,0,0.15,14.91
1025,education,APAC,low,19,0,0.286,15.0
1026,healthcare,EMEA,high,5,0,0.144,1.99
1027,public_sector,NA,low,21,0,0.321,11.82
1028,finance,NA,low,19,0,0.119,11.76
1029,public_sector,NA,high,21,0,0.064,14.92
1030,healthcare,EMEA,low,12,0,0.135,11.73
1031,public_sector,EMEA,low,18,1,0.146,16.34
1032,public_sector,NA,low,19,0,0.085,2.97
1033,retail,EMEA,medium,16,0,0.092,14.44
1034,education,APAC,low,10,0,0.243,7.09
1035,education,APAC,low,12,0,0.32,15.06
1036,retail,APAC,low,18,0,0.119,13.0
1037,finance,NA,low,3,0,0.29,9.71
1038,retail,APAC,low,18,0,0.314,5.56
1039,public_sector,EMEA,low,16,0,0.199,5.38
1040,public_sector,NA,medium,11,0,0.253,15.93
1041,finance,NA,high,3,0,0.309,9.12
1042,retail,NA,low,1,0,0.282,3.28
1043,retail,EMEA,low,0,0,0.22,16.01
1044,public_sector,NA,low,10,0,0.329,15.56
1045,healthcare,EMEA,low,5,1,0.18,7.5
1046,education,APAC,low,2,0,0.236,14.3
1047,finance,NA,high,3,0,0.204,15.35
1048,education,EMEA,low,13,0,0.268,2.87
1049,finance,EMEA,low,17,0,0.275,6.16
1050,public_sector,APAC,medium,1,0,0.098,3.14
1051,education,APAC,medium,23,0,0.256,14.88
1052,public_sector,EMEA,low,8,0,0.083,3.78
1053,education,NA,low,8,0,0.071,15.1
1054,finance,EMEA,low,19,0,0.251,12.63
1055,finance,APAC,low,13,0,0.275,14.95
1056,retail,EMEA,low,23,0,0.279,15.94
1057,education,EMEA,medium,5,1,0.145,16.89
1058,retail,APAC,low,3,1,0.311,1.8
1059,retail,APAC,high,20,0,0.083,3.56
1060,education,NA,low,11,0,0.18,2.2
1061,public_sector,NA,low,20,0,0.349,6.39
1062,healthcare,EMEA,low,20,0,0.291,15.6
1063,public_sector,EMEA,low,7,0,0.195,15.8
1064,healthcare,NA,medium,8,0,0.215,15.59
1065,public_sector,NA,medium,5,0,0.192,16.26
1066,public_sector,NA,medium,21,0,0.118,5.63
1067,education,EMEA,low,20,0,0.195,7.08
1068,finance,APAC,low,10,0,0.167,12.58
1069,education,NA,low,5,0,0.098,12.11
1070,retail,APAC,low,20,0,0.104,16.78
1071,healthcare,NA,medium,17,0,0.258,13.62
1072,retail,APAC,high,3,0,0.337,12.99
1073,retail,APAC,low,15,1,0.206,5.95
1074,public_sector,APAC,low,21,0,0.218,14.03
1075,finance,EMEA,medium,15,0,0.272,7.84
1076,education,APAC,medium,13,0,0.335,6.89
1077,retail,NA,low,20,0,0.088,1.91
1078,healthcare,APAC,medium,12,0,0.115,12.58
1079,retail,APAC,low,6,0,0.25,12.01
1080,healthcare,NA,medium,23,0,0.237,5.87
1081,education,EMEA,medium,14,0,0.186,17.83
1082,public_sector,EMEA,low,11,0,0.295,10.55
1083,retail,EMEA,low,13,0,0.27,9.64
1084,finance,EMEA,low,16,0,0.349,14.7
1085,public_sector,EMEA,low,18,1,0.222,6.19
1086,finance,NA,low,4,1,0.054,1.92
1087,retail,NA,low,19,0,0.239,7.45
1088,retail,NA,medium,1,0,0.212,11.66
1089,retail,APAC,low,4,0,0.175,12.62
1090,public_sector,EMEA,low,10,0,0.265,14.2
1091,finance,EMEA,medium,6,0,0.168,4.18
1092,healthcare,APAC,medium,22,1,0.346,10.01
1093,finance,APAC,low,23,0,0.131,13.62
1094,healthcare,NA,low,0,1,0.324,15.34
1095,healthcare,EMEA,medium,11,0,0.123,12.12
1096,finance,EMEA,medium,20,1,0.129,5.9
1097,healthcare,APAC,low,23,0,0.164,7.41
1098,education,APAC,medium,1,0,0.28,12.12
1099,public_sector,EMEA,low,6,0,0.264,5.68
1100,education,APAC,low,11,0,0.332,12.97
1101,retail,APAC,medium,5,0,0.28,2.33
1102,finance,APAC,medium,2,0,0.095,13.29
1103,finance,NA,low,10,0,0.091,15.77
1104,public_sector,EMEA,low,0,0,0.112,12.38
1105,healthcare,NA,low,20,0,0.326,8.21
1106,healthcare,NA,low,3,0,0.236,3.93
1107,public_sector,NA,low,21,0,0.285,11.5
1108,public_sector,EMEA,high,3,0,0.296,12.61
1109,retail,EMEA,high,4,0,0.347,10.19
1110,healthcare,NA,low,13,0,0.058,13.16
1111,public_sector,NA,medium,18,0,0.261,13.72
1112,public_sector,APAC,low,18,0,0.204,9.06
1113,finance,APAC,medium,23,0,0.226,5.42
1114,public_sector,NA,low,2,0,0.272,12.72
1115,healthcare,APAC,medium,22,0,0.293,15.6
1116,healthcare,APAC,low,18,0,0.247,6.47
1117,finance,APAC,low,19,0,0.148,8.28
1118,healthcare,NA,low,13,0,0.215,9.62
1119,finance,APAC,low,20,0,0.234,4.41
1120,finance,NA,medium,3,0,0.307,9.44
1121,retail,NA,medium,16,0,0.335,9.42
1122,retail,EMEA,high,14,0,0.263,13.43
1123,public_sector,APAC,low,8,0,0.146,6.19
1124,public_sector,NA,low,7,0,0.225,14.91
1125,public_sector,EMEA,medium,6,0,0.09,4.66
1126,retail,EMEA,high,7,0,0.151,6.42
1127,finance,NA,low,12,0,0.274,3.72
1128,retail,EMEA,low,11,0,0.178,14.24
1129,finance,NA,low,19,1,0.207,17.91
1130,finance,APAC,medium,8,0,0.301,16.82
1131,healthcare,EMEA,high,3,0,0.131,13.03
1132,retail,APAC,low,18,0,0.269,10.59
1133,education,EMEA,high,21,0,0.306,17.77
1134,retail,EMEA,medium,0,0,0.213,8.18
1135,healthcare,EMEA,low,23,0,0.273,13.47
1136,education,APAC,medium,4,0,0.107,5.46
1137,public_sector,APAC,low,14,0,0.125,10.42
1138,finance,APAC,medium,17,0,0.135,17.96
1139,healthcare,NA,medium,14,0,0.231,7.9
1140,retail,EMEA,low,5,0,0.103,5.49
1141,retail,EMEA,high,9,0,0.182,6.15
1142,finance,APAC,high,9,0,0.297,9.87
1143,public_sector,EMEA,low,11,0,0.069,2.82
1144,retail,EMEA,low,11,0,0.294,17.43
1145,public_sector,NA,low,14,1,0.156,9.98
1146,education,NA,medium,17,0,0.326,9.03
1147,retail,EMEA,high,11,0,0.331,5.35
1148,healthcare,EMEA,medium,23,0,0.118,7.32
1149,finance,EMEA,medium,8,1,0.201,6.7
1150,public_sector,APAC,low,5,0,0.101,6.92
1151,finance,APAC,medium,23,1,0.114,7.95
1152,education,APAC,low,15,0,0.238,16.64
1153,retail,EMEA,medium,12,1,0.25,2.13
1154,public_sector,APAC,low,5,0,0.216,16.45
1155,public_sector,APAC,low,1,1,0.251,9.73
1156,healthcare,APAC,low,21,0,0.085,17.08
1157,public_sector,APAC,low,9,1,0.283,17.37
1158,public_sector,APAC,low,14,0,0.196,15.11
1159,education,EMEA,low,0,0,0.328,11.34
1160,public_sector,NA,high,3,0,0.118,10.95
1161,education,EMEA,low,0,1,0.12,15.54
1162,healthcare,APAC,medium,11,0,0.167,12.77
1163,public_sector,EMEA,medium,7,1,0.065,16.2
1164,public_sector,EMEA,low,7,0,0.094,5.48
1165,healthcare,NA,medium,3,0,0.203,13.37
1166,education,NA,low,18,1,0.302,8.46
1167,finance,NA,low,21,0,0.153,4.4
1168,healthcare,APAC,medium,2,0,0.089,12.78
1169,healthcare,APAC,medium,5,0,0.341,6.51
1170,education,EMEA,medium,19,0,0.284,3.22
1171,education,EMEA,low,8,0,0.289,12.55
1172,healthcare,APAC,low,1,0,0.193,7.47
1173,public_sector,NA,medium,20,0,0.178,7.76
1174,public_sector,NA,low,12,0,0.25,9.22
1175,retail,NA,high,19,0,0.098,8.49
1176,retail,EMEA,low,17,1,0.294,10.39
1177,finance,NA,medium,15,0,0.097,7.96
1178,healthcare,NA,low,22,0,0.235,13.44
1179,education,APAC,high,15,1,0.265,5.53
1180,healthcare,NA,low,21,0,0.329,9.9
1181,healthcare,NA,medium,16,1,0.132,17.23
1182,healthcare,EMEA,low,16,0,0.138,6.24
1183,finance,NA,low,13,1,0.216,4.12
1184,finance,EMEA,low,22,0,0.323,15.61
1185,education,EMEA,medium,11,0,0.156,2.75
1186,finance,NA,medium,1,0,0.277,6.51
1187,education,APAC,medium,12,0,0.334,11.21
1188,retail,EMEA,low,21,0,0.247,2.3
1189,healthcare,EMEA,medium,16,0,0.125,8.02
1190,finance,APAC,high,16,0,0.149,17.88
1191,public_sector,NA,low,18,0,0.307,17.49
1192,retail,EMEA,medium,2,0,0.281,13.15
1193,finance,NA,low,19,0,0.155,8.02
1194,public_sector,EMEA,medium,10,0,0.302,11.38
1195,education,EMEA,low,21,0,0.05,17.53
1196,finance,APAC,low,22,0,0.23,17.78
1197,retail,EMEA,low,13,0,0.331,15.21
1198,public_sector,EMEA,low,8,0,0.134,1.81
1199,education,NA,medium,0,0,0.19,13.83
1200,retail,NA,medium,8,0,0.148,5.23
1201,education,APAC,low,2,0,0.116,12.47
1202,education,EMEA,high,1,0,0.107,5.5
1203,healthcare,APAC,low,3,1,0.175,13.36
1204,public_sector,EMEA,medium,14,1,0.341,7.28
1205,education,APAC,medium,16,0,0.341,6.7
1206,healthcare,EMEA,low,15,0,0.144,8.21
1207,education,NA,medium,21,0,0.184,6.1
1208,education,NA,high,7,0,0.347,10.57
1209,public_sector,EMEA,low,10,0,0.091,7.19
1210,healthcare,EMEA,low,18,0,0.076,7.24
1211,finance,EMEA,medium,5,0,0.138,10.6
1212,finance,NA,low,9,0,0.121,10.26
1213,public_sector,EMEA,low,15,0,0.326,9.03
1214,finance,APAC,low,6,1,0.285,8.85
1215,healthcare,APAC,high,1,0,0.282,5.6
1216,retail,NA,low,20,0,0.218,17.82
1217,finance,NA,low,0,0,0.211,10.43
1218,education,EMEA,low,21,0,0.247,5.85
1219,education,EMEA,low,3,1,0.109,12.2
1220,retail,NA,high,3,0,0.068,8.99
1221,finance,NA,medium,12,0,0.228,3.97
1222,finance,APAC,low,10,0,0.342,15.99
1223,finance,NA,medium,2,0,0.287,11.63
1224,public_sector,APAC,low,2,0,0.319,2.48
1225,public_sector,NA,low,7,0,0.246,12.16
1226,education,EMEA,high,15,0,0.111,8.09
1227,education,EMEA,low,21,0,0.231,2.46
1228,education,APAC,low,1,0,0.179,16.22
1229,finance,APAC,low,13,1,0.165,12.33
1230,healthcare,EMEA,medium,8,0,0.128,10.29
1231,retail,APAC,high,9,0,0.124,9.61
1232,education,EMEA,low,6,1,0.282,11.26
1233,public_sector,EMEA,medium,5,0,0.201,16.04
1234,healthcare,NA,medium,20,0,0.14,15.43
1235,retail,EMEA,low,11,0,0.206,11.81
1236,public_sector,EMEA,low,22,1,0.284,13.09
1237,healthcare,APAC,low,13,1,0.058,17.4
1238,retail,APAC,low,3,0,0.275,2.21
1239,finance,NA,low,22,0,0.291,4.87
1240,education,APAC,medium,13,0,0.15,6.25
1241,finance,EMEA,medium,12,0,0.227,10.69
1242,finance,APAC,medium,16,0,0.158,4.58
1243,healthcare,APAC,low,4,0,0.143,15.2
1244,healthcare,EMEA,low,2,0,0.185,15.91
1245,education,APAC,low,19,1,0.109,3.56
1246,healthcare,NA,low,1,0,0.275,11.28
1247,retail,EMEA,low,3,0,0.183,16.86
1248,finance,NA,high,12,0,0.246,6.2
1249,retail,APAC,high,9,0,0.301,4.51
1250,education,EMEA,low,13,0,0.158,5.2
1251,finance,NA,low,21,0,0.257,7.05
1252,healthcare,EMEA,medium,19,0,0.126,8.26
1253,retail,APAC,medium,11,0,0.168,10.43
1254,finance,NA,low,17,0,0.139,6.94
1255,retail,EMEA,high,20,0,0.138,7.38
1256,healthcare,EMEA,high,23,0,0.24,14.74
1257,retail,EMEA,low,1,1,0.251,15.65
1258,finance,NA,low,19,1,0.322,17.19
1259,education,EMEA,high,16,0,0.254,13.32
1260,retail,APAC,medium,15,0,0.326,15.49
1261,finance,EMEA,low,4,0,0.119,14.71
1262,education,NA,medium,23,0,0.164,11.97
1263,finance,APAC,medium,2,0,0.15,3.66
1264,finance,EMEA,medium,6,0,0.072,16.92
1265,public_sector,NA,low,0,0,0.145,5.93
1266,public_sector,NA,low,9,1,0.173,9.78
1267,education,APAC,low,4,0,0.126,12.41
1268,healthcare,EMEA,low,20,0,0.299,15.37
1269,public_sector,NA,low,17,1,0.253,4.29
1270,education,NA,medium,17,1,0.26,17.46
1271,retail,EMEA,low,16,0,0.099,11.15
1272,retail,EMEA,medium,10,1,0.24,10.67
1273,finance,EMEA,medium,1,0,0.145,6.6
1274,retail,NA,medium,3,0,0.127,15.37
1275,education,NA,low,9,0,0.149,14.71
1276,retail,EMEA,medium,0,0,0.21,7.88
1277,retail,EMEA,high,1,0,0.192,4.47
1278,public_sector,NA,low,21,0,0.282,9.1
1279,finance,EMEA,high,22,0,0.308,8.46
1280,education,NA,low,19,0,0.268,9.04
1281,public_sector,EMEA,high,21,0,0.139,3.02
1282,finance,APAC,low,12,0,0.123,10.14
1283,public_sector,APAC,low,12,1,0.264,13.76
1284,public_sector,NA,medium,12,0,0.066,17.1
1285,public_sector,EMEA,low,23,1,0.316,7.79
1286,education,APAC,medium,19,0,0.15,12.16
1287,education,NA,medium,23,0,0.175,2.28
1288,public_sector,EMEA,low,9,0,0.282,4.07
1289,education,APAC,low,18,0,0.233,8.41
1290,healthcare,EMEA,medium,16,0,0.176,14.42
1291,retail,NA,low,23,1,0.343,12.82
1292,education,NA,medium,4,0,0.298,16.28
1293,retail,NA,low,6,1,0.346,10.62
1294,education,APAC,medium,18,0,0.181,4.42
1295,retail,EMEA,medium,22,0,0.125,9.8
1296,education,EMEA,medium,8,0,0.205,17.74
1297,healthcare,APAC,low,16,0,0.133,2.77
1298,finance,NA,medium,10,0,0.079,3.86
1299,education,NA,medium,2,0,0.325,5.11
1300,retail,NA,low,10,0,0.24,15.79
1301,education,APAC,low,19,0,0.246,7.91
1302,finance,EMEA,medium,20,0,0.062,2.56
1303,finance,APAC,low,17,0,0.297,7.65
1304,public_sector,EMEA,low,8,0,0.072,12.0
1305,finance,NA,low,3,0,0.309,6.74
1306,education,NA,low,10,0,0.206,1.96
1307,healthcare,APAC,low,3,0,0.084,13.8
1308,education,NA,high,5,0,0.323,16.32
1309,education,NA,low,10,0,0.17,16.97
1310,healthcare,NA,medium,6,0,0.228,8.11
1311,education,NA,medium,22,0,0.254,2.12
1312,education,NA,high,11,0,0.065,15.77
1313,retail,NA,low,7,0,0.344,16.97
1314,finance,NA,low,10,0,0.225,4.97
1315,education,NA,low,16,0,0.174,8.6
1316,education,EMEA,medium,1,0,0.141,8.48
1317,public_sector,NA,medium,1,0,0.15,11.41
1318,retail,APAC,low,12,0,0.073,11.23
1319,finance,NA,medium,19,1,0.334,7.66
1320,education,NA,low,16,0,0.051,3.63
1321,public_sector,NA,low,17,0,0.197,12.52
1322,public_sector,APAC,high,7,0,0.235,8.24
1323,retail,EMEA,low,22,0,0.263,10.27
1324,finance,EMEA,medium,3,0,0.197,2.45
1325,retail,EMEA,medium,3,0,0.214,10.07
1326,healthcare,NA,low,23,0,0.148,9.31
1327,public_sector,EMEA,medium,5,0,0.275,9.65
1328,education,APAC,low,14,0,0.342,14.12
1329,retail,EMEA,low,12,0,0.083,6.57
1330,public_sector,EMEA,medium,19,0,0.128,13.44
1331,public_sector,NA,medium,21,0,0.238,13.85
1332,education,APAC,low,7,0,0.307,10.7
1333,public_sector,NA,low,16,0,0.086,5.4
1334,retail,APAC,low,6,1,0.171,8.58
1335,healthcare,APAC,medium,7,0,0.147,10.2
1336,finance,APAC,low,15,0,0.141,11.64
1337,public_sector,APAC,medium,1,1,0.129,1.72
1338,healthcare,EMEA,low,5,0,0.17,15.43
1339,healthcare,EMEA,medium,19,0,0.176,15.71
1340,public_sector,EMEA,low,16,1,0.128,6.28
1341,education,EMEA,medium,19,0,0.051,16.02
1342,education,NA,medium,15,0,0.232,1.67
1343,finance,EMEA,low,20,0,0.139,8.33
1344,education,EMEA,high,0,0,0.202,10.83
1345,healthcare,APAC,low,18,0,0.238,9.89
1346,education,EMEA,low,6,0,0.159,13.28
1347,healthcare,EMEA,medium,12,0,0.106,2.16
1348,healthcare,EMEA,medium,22,1,0.109,12.75
1349,public_sector,APAC,medium,6,0,0.174,2.45
1350,finance,NA,low,3,0,0.295,14.62
1351,public_sector,EMEA,low,20,1,0.3,15.26
1352,retail,APAC,low,9,0,0.129,12.19
1353,retail,NA,low,23,1,0.195,11.35
1354,public_sector,EMEA,low,6,1,0.241,8.61
1355,education,APAC,low,15,0,0.095,3.41
1356,healthcare,NA,high,9,1,0.07,8.74
1357,education,APAC,low,16,0,0.12,2.71
1358,finance,NA,low,16,0,0.226,16.61
1359,public_sector,EMEA,high,23,0,0.077,12.3
1360,retail,APAC,medium,8,0,0.057,15.7
1361,education,APAC,high,22,0,0.125,2.95
1362,education,APAC,medium,11,0,0.106,17.98
1363,healthcare,APAC,low,8,1,0.065,16.41
1364,retail,EMEA,low,11,1,0.309,16.37
1365,retail,EMEA,high,4,0,0.267,9.46
1366,education,APAC,low,8,0,0.277,9.22
1367,retail,NA,high,21,0,0.288,7.66
1368,public_sector,NA,medium,18,0,0.133,15.82
1369,public_sector,EMEA,medium,18,0,0.14,14.04
1370,education,EMEA,low,15,0,0.197,13.52
1371,finance,APAC,medium,15,0,0.185,4.5
1372,public_sector,APAC,low,1,0,0.326,8.62
1373,retail,EMEA,low,6,0,0.326,14.68
1374,finance,EMEA,low,7,0,0.111,14.13
1375,public_sector,NA,low,15,0,0.308,2.9
1376,education,NA,low,4,0,0.102,6.04
1377,retail,EMEA,low,2,0,0.204,11.16
1378,healthcare,EMEA,high,6,0,0.1,2.89
1379,finance,APAC,medium,15,0,0.329,8.54
1380,public_sector,EMEA,low,9,0,0.062,17.48
1381,finance,APAC,low,16,0,0.118,14.36
1382,healthcare,EMEA,low,0,0,0.06,13.16
1383,education,NA,low,5,0,0.235,5.04
1384,finance,NA,medium,1,0,0.24,3.72
1385,public_sector,EMEA,low,14,0,0.293,12.25
1386,healthcare,EMEA,high,1,0,0.284,15.54
1387,retail,NA,low,5,0,0.25,5.87
1388,education,APAC,high,18,0,0.289,12.11
1389,education,APAC,low,0,0,0.287,4.07
1390,education,NA,low,4,1,0.107,5.68
1391,retail,EMEA,low,20,0,0.134,16.14
1392,public_sector,EMEA,low,0,0,0.292,12.47
1393,public_sector,APAC,medium,3,0,0.281,10.79
1394,public_sector,NA,low,9,0,0.199,7.75
1395,public_sector,APAC,low,12,1,0.117,4.52
1396,public_sector,NA,high,15,1,0.251,6.84
1397,finance,NA,medium,4,0,0.091,1.85
1398,retail,APAC,low,4,1,0.322,2.92
1399,education,APAC,medium,3,0,0.241,16.32
1400,education,APAC,low,21,0,0.253,5.36
1401,education,EMEA,medium,13,0,0.243,16.1
1402,healthcare,APAC,medium,0,0,0.105,8.86
1403,education,NA,medium,7,0,0.187,14.89
1404,retail,APAC,medium,19,0,0.136,5.82
1405,healthcare,EMEA,high,2,0,0.336,17.47
1406,retail,NA,low,0,0,0.104,1.9
1407,healthcare,NA,medium,12,0,0.259,4.52
1408,healthcare,NA,high,8,0,0.114,13.67
1409,public_sector,APAC,low,4,0,0.074,11.48
1410,finance,APAC,low,22,0,0.334,12.38
1411,finance,EMEA,low,0,0,0.166,15.28
1412,retail,APAC,high,21,0,0.262,13.13
1413,finance,NA,high,7,0,0.327,12.65
1414,public_sector,EMEA,low,12,0,0.261,3.19
1415,education,EMEA,low,2,1,0.257,10.79
1416,education,EMEA,medium,13,0,0.12,17.46
1417,education,APAC,medium,7,0,0.229,13.67
1418,retail,APAC,medium,17,0,0.25,11.24
1419,retail,APAC,medium,4,0,0.312,17.18
1420,healthcare,APAC,medium,6,0,0.077,11.56
1421,public_sector,APAC,medium,6,0,0.159,5.56
1422,education,EMEA,medium,17,0,0.106,4.66
1423,education,EMEA,low,14,0,0.327,17.44
1424,education,APAC,high,10,0,0.122,5.76
1425,public_sector,APAC,low,23,0,0.054,16.92
1426,retail,APAC,low,18,0,0.122,8.73
1427,finance,APAC,low,13,0,0.254,2.0
1428,finance,EMEA,high,11,0,0.27,8.61
1429,retail,EMEA,medium,11,0,0.338,15.19
1430,public_sector,NA,low,19,0,0.296,2.16
1431,retail,EMEA,low,15,0,0.108,14.32
1432,education,EMEA,low,16,0,0.205,7.89
1433,education,APAC,high,17,0,0.101,13.71
1434,education,NA,low,10,0,0.348,12.43
1435,public_sector,EMEA,high,7,0,0.315,5.02
1436,healthcare,EMEA,low,18,0,0.167,5.08
1437,healthcare,APAC,medium,13,0,0.135,10.35
1438,healthcare,NA,medium,8,0,0.252,13.07
1439,healthcare,NA,low,3,0,0.211,16.03
1440,public_sector,EMEA,low,23,0,0.082,8.01
1441,healthcare,APAC,medium,18,0,0.227,4.86
1442,education,EMEA,medium,19,1,0.283,2.33
1443,retail,APAC,low,18,0,0.096,10.37
1444,retail,NA,low,18,1,0.051,8.91
1445,healthcare,EMEA,high,4,0,0.064,10.1
1446,retail,NA,medium,17,0,0.105,12.01
1447,retail,NA,medium,23,0,0.129,5.58
1448,healthcare,APAC,medium,11,0,0.115,14.47
1449,public_sector,NA,high,11,0,0.199,7.04
1450,finance,EMEA,high,19,0,0.256,10.61
1451,healthcare,APAC,low,2,0,0.081,8.27
1452,healthcare,APAC,medium,20,0,0.318,13.44
1453,retail,EMEA,low,1,0,0.271,2.38
1454,retail,NA,medium,17,1,0.173,4.94
1455,retail,EMEA,medium,6,0,0.229,7.22
1456,retail,NA,low,9,0,0.321,6.93
1457,public_sector,APAC,low,22,0,0.265,11.31
1458,retail,NA,low,11,0,0.288,13.63
1459,retail,NA,high,15,0,0.094,15.22
1460,finance,APAC,low,15,0,0.117,11.48
1461,education,EMEA,medium,12,0,0.263,17.97
1462,retail,EMEA,low,6,0,0.151,10.12
1463,education,APAC,high,1,0,0.159,16.61
1464,finance,APAC,low,18,0,0.094,6.97
1465,education,APAC,high,4,0,0.092,8.68
1466,retail,EMEA,medium,2,1,0.071,8.9
1467,retail,EMEA,low,22,0,0.164,10.0
1468,finance,NA,high,2,0,0.227,2.16
1469,public_sector,APAC,medium,19,0,0.205,6.18
1470,public_sector,APAC,low,15,0,0.209,3.04
1471,retail,APAC,medium,4,0,0.247,14.14
1472,healthcare,NA,low,3,0,0.065,8.7
1473,education,NA,low,2,0,0.248,1.85
1474,finance,APAC,low,0,0,0.29,14.89
1475,retail,APAC,medium,14,0,0.19,14.4
1476,retail,EMEA,low,23,0,0.298,12.43
1477,public_sector,NA,low,6,0,0.254,3.86
1478,public_sector,NA,low,7,0,0.295,13.77
1479,public_sector,NA,medium,8,0,0.348,12.13
1480,finance,APAC,medium,5,0,0.05,13.45
1481,education,EMEA,low,4,0,0.224,3.05
1482,education,EMEA,low,9,0,0.102,7.96
1483,public_sector,APAC,low,19,0,0.307,12.34
1484,healthcare,EMEA,low,9,1,0.276,15.12
1485,healthcare,NA,medium,14,1,0.298,3.41
1486,healthcare,EMEA,low,10,0,0.12,13.1
1487,finance,APAC,low,5,1,0.086,17.37
1488,retail,APAC,low,11,0,0.164,9.24
1489,finance,EMEA,high,16,0,0.157,5.98
1490,retail,NA,low,15,0,0.187,3.97
1491,public_sector,EMEA,medium,5,0,0.235,14.59
1492,public_sector,NA,low,15,1,0.072,1.66
1493,retail,APAC,low,7,0,0.221,7.98
1494,public_sector,NA,medium,12,0,0.29,11.65
1495,finance,NA,low,11,1,0.061,2.16
1496,healthcare,APAC,high,1,0,0.231,3.5
1497,retail,APAC,high,11,0,0.228,3.44
1498,public_sector,NA,low,20,0,0.314,6.69
1499,public_sector,APAC,low,21,0,0.337,3.91
1500,healthcare,NA,medium,19,0,0.153,5.84
1501,education,NA,low,1,0,0.218,11.31
1502,public_sector,APAC,medium,5,0,0.299,2.33
1503,public_sector,EMEA,low,20,0,0.329,6.59
1504,healthcare,NA,low,14,0,0.335,7.01
1505,finance,APAC,low,16,0,0.165,6.5
1506,education,APAC,low,15,0,0.346,6.24
1507,retail,APAC,high,5,0,0.174,8.99
1508,healthcare,EMEA,medium,1,0,0.158,16.11
1509,healthcare,NA,medium,15,1,0.193,14.36
1510,education,APAC,low,3,1,0.314,11.48
1511,healthcare,EMEA,low,3,0,0.279,11.21
1512,finance,EMEA,low,21,0,0.213,2.99
1513,healthcare,EMEA,high,16,0,0.14,2.77
1514,retail,APAC,low,3,0,0.149,12.92
1515,education,EMEA,low,15,0,0.308,3.35
1516,finance,NA,low,1,0,0.128,14.48
1517,finance,EMEA,low,15,0,0.346,14.05
1518,public_sector,APAC,medium,19,0,0.2,17.11
1519,healthcare,EMEA,high,18,0,0.147,9.72
1520,healthcare,NA,medium,2,0,0.339,6.43
1521,retail,EMEA,medium,0,0,0.154,7.97
1522,healthcare,EMEA,medium,6,0,0.304,8.16
1523,finance,APAC,low,2,1,0.129,15.25
1524,retail,EMEA,low,10,0,0.077,11.23
1525,finance,NA,medium,21,1,0.079,5.41
1526,retail,EMEA,low,11,0,0.1,17.04
1527,education,APAC,medium,2,0,0.306,2.78
1528,education,NA,medium,20,0,0.054,2.77
1529,public_sector,APAC,medium,8,0,0.256,13.17
1530,public_sector,APAC,low,12,0,0.216,9.69
1531,healthcare,EMEA,low,18,0,0.063,3.15
1532,public_sector,NA,low,9,0,0.061,4.5
1533,education,APAC,low,6,1,0.267,4.87
1534,finance,EMEA,low,0,0,0.101,10.0
1535,education,NA,low,7,0,0.337,15.6
1536,finance,APAC,high,12,0,0.285,14.57
1537,public_sector,EMEA,medium,9,0,0.306,17.13
1538,public_sector,APAC,medium,17,0,0.121,12.33
1539,public_sector,APAC,medium,6,0,0.107,6.31
1540,retail,NA,low,13,0,0.18,4.59
1541,retail,APAC,low,23,0,0.34,2.44
1542,education,EMEA,medium,14,0,0.144,13.48
1543,healthcare,NA,low,2,0,0.059,2.49
1544,retail,APAC,medium,10,0,0.101,2.08
1545,healthcare,EMEA,low,7,0,0.086,6.58
1546,public_sector,NA,medium,9,0,0.085,5.16
1547,healthcare,EMEA,high,1,0,0.179,3.54
1548,healthcare,EMEA,low,0,0,0.181,5.26
1549,healthcare,EMEA,low,0,0,0.315,11.13
1550,healthcare,EMEA,medium,0,0,0.314,14.07
1551,healthcare,APAC,low,16,0,0.349,11.55
1552,healthcare,APAC,medium,22,0,0.203,5.6
1553,retail,EMEA,low,21,0,0.319,2.35
1554,retail,EMEA,low,12,0,0.309,9.45
1555,finance,APAC,low,4,0,0.322,3.57
1556,public_sector,EMEA,high,17,0,0.153,2.81
1557,retail,EMEA,low,19,0,0.227,15.03
1558,retail,EMEA,low,12,0,0.193,15.57
1559,healthcare,EMEA,high,15,0,0.062,12.75
1560,retail,APAC,low,10,0,0.145,3.6
1561,public_sector,EMEA,high,11,1,0.107,11.17
1562,healthcare,NA,medium,16,0,0.195,5.01
1563,public_sector,APAC,high,4,0,0.111,7.82
1564,finance,APAC,medium,13,0,0.218,15.45
1565,healthcare,APAC,medium,20,0,0.137,9.11
1566,finance,APAC,medium,6,0,0.234,6.99
1567,retail,NA,low,15,0,0.261,4.5
1568,education,NA,low,12,0,0.15,12.42
1569,education,APAC,medium,2,0,0.288,4.13
1570,public_sector,NA,low,22,0,0.1,7.72
1571,public_sector,APAC,low,16,0,0.223,8.14
1572,public_sector,EMEA,medium,7,0,0.102,2.98
1573,finance,EMEA,low,17,0,0.291,14.24
1574,finance,EMEA,medium,0,0,0.141,11.33
1575,finance,NA,high,17,0,0.301,16.74
1576,healthcare,APAC,low,2,0,0.273,8.47
1577,healthcare,NA,low,15,0,0.181,10.19
1578,healthcare,NA,low,4,0,0.052,7.52
1579,retail,APAC,low,11,0,0.125,4.3
1580,education,EMEA,medium,9,0,0.221,5.01
1581,finance,APAC,medium,5,0,0.175,2.8
1582,public_sector,NA,medium,16,0,0.297,7.38
1583,finance,APAC,low,1,0,0.111,5.25
1584,education,APAC,low,23,0,0.072,6.95
1585,retail,EMEA,low,22,0,0.061,15.01
1586,public_sector,NA,low,19,0,0.269,5.62
1587,healthcare,APAC,medium,7,0,0.332,10.28
1588,public_sector,EMEA,low,9,0,0.218,11.75
1589,healthcare,NA,low,11,0,0.222,6.84
1590,education,EMEA,low,16,0,0.173,12.53
1591,finance,APAC,low,5,1,0.18,13.96
1592,healthcare,EMEA,low,23,0,0.17,10.83
1593,education,EMEA,medium,1,0,0.092,10.93
1594,retail,EMEA,low,23,1,0.068,2.69
1595,public_sector,NA,medium,1,0,0.281,14.94
1596,retail,EMEA,low,7,0,0.139,11.67
1597,healthcare,NA,low,12,0,0.059,12.85
1598,retail,NA,low,9,1,0.204,15.49
1599,education,APAC,low,7,0,0.251,8.91
1600,healthcare,APAC,low,14,0,0.075,9.53
1601,education,APAC,low,19,0,0.095,14.6
1602,healthcare,APAC,medium,1,0,0.225,15.19
1603,education,APAC,medium,3,0,0.233,15.44
1604,retail,APAC,high,17,0,0.17,12.61
1605,retail,APAC,low,23,1,0.226,9.15
1606,healthcare,EMEA,medium,4,0,0.184,9.9
1607,education,APAC,low,20,0,0.251,5.55
1608,retail,EMEA,medium,10,0,0.09,9.12
1609,retail,NA,low,21,0,0.213,13.59
1610,retail,EMEA,high,4,0,0.219,13.34
1611,finance,APAC,low,4,0,0.21,3.45
1612,public_sector,EMEA,low,5,0,0.13,17.43
1613,education,APAC,low,16,0,0.199,7.29
1614,finance,EMEA,high,22,0,0.065,6.22
1615,finance,APAC,low,0,0,0.342,15.7
1616,public_sector,EMEA,low,15,0,0.239,5.72
1617,retail,APAC,low,13,0,0.231,13.02
1618,retail,EMEA,low,12,0,0.233,17.39
1619,education,APAC,low,14,0,0.154,5.75
1620,finance,APAC,low,22,0,0.286,11.75
1621,retail,NA,high,10,1,0.35,17.74
1622,retail,APAC,medium,13,0,0.132,3.14
1623,public_sector,NA,medium,17,0,0.254,16.34
1624,education,APAC,medium,1,0,0.056,3.73
1625,education,NA,low,5,0,0.293,3.4
1626,education,NA,low,13,0,0.274,2.02
1627,public_sector,APAC,low,0,0,0.227,10.52
1628,retail,NA,low,16,0,0.085,8.94
1629,education,NA,low,1,0,0.304,13.74
1630,retail,EMEA,high,20,0,0.243,5.08
1631,retail,EMEA,low,18,0,0.189,13.33
1632,finance,EMEA,low,20,1,0.068,6.33
1633,retail,APAC,medium,18,0,0.179,14.64
1634,retail,APAC,low,19,1,0.171,2.76
1635,retail,APAC,low,22,1,0.05,5.38
1636,healthcare,NA,low,9,0,0.267,14.4
1637,finance,NA,low,4,0,0.302,15.74
1638,education,EMEA,low,1,0,0.072,11.88
1639,education,EMEA,low,14,0,0.329,7.47
1640,public_sector,NA,low,1,0,0.112,7.84
1641,public_sector,NA,high,14,0,0.256,2.52
1642,public_sector,EMEA,low,7,0,0.346,14.01
1643,healthcare,NA,medium,18,1,0.212,9.62
1644,retail,APAC,medium,15,0,0.254,16.99
1645,education,NA,medium,13,0,0.328,17.84
1646,public_sector,NA,medium,8,0,0.124,17.31
1647,public_sector,EMEA,medium,15,0,0.256,9.52
1648,education,NA,low,9,0,0.113,10.77
1649,education,NA,low,13,0,0.092,10.98
1650,healthcare,NA,high,15,0,0.29,8.14
1651,finance,EMEA,medium,12,0,0.19,14.47
1652,public_sector,APAC,high,13,1,0.279,9.88
1653,public_sector,NA,low,9,0,0.319,4.94
1654,healthcare,NA,medium,15,0,0.136,15.14
1655,healthcare,EMEA,high,15,0,0.081,3.25
1656,education,NA,low,23,0,0.244,8.93
1657,healthcare,EMEA,low,21,0,0.287,12.67
1658,retail,NA,low,19,0,0.113,7.15
1659,education,APAC,medium,11,0,0.179,3.93
1660,education,NA,low,18,0,0.267,1.99
1661,public_sector,APAC,low,5,0,0.116,3.39
1662,public_sector,APAC,high,7,1,0.05,3.58
1663,education,APAC,medium,9,1,0.103,1.85
1664,public_sector,APAC,low,19,0,0.303,12.14
1665,public_sector,NA,low,4,0,0.084,10.1
1666,finance,EMEA,low,20,0,0.17,17.71
1667,healthcare,APAC,medium,14,0,0.321,11.39
1668,public_sector,EMEA,high,1,0,0.227,6.39
1669,public_sector,NA,low,9,0,0.337,15.9
1670,education,EMEA,low,16,0,0.14,6.86
1671,healthcare,EMEA,low,23,0,0.263,15.94
1672,education,NA,high,17,1,0.193,3.52
1673,finance,EMEA,low,15,0,0.273,2.51
1674,public_sector,EMEA,low,21,0,0.157,7.79
1675,public_sector,NA,low,20,0,0.08,4.95
1676,retail,EMEA,low,0,0,0.081,9.29
1677,finance,EMEA,medium,6,0,0.199,11.16
1678,public_sector,NA,low,2,0,0.293,9.79
1679,retail,NA,high,22,0,0.287,3.19
1680,retail,APAC,high,13,0,0.103,6.65
1681,public_sector,EMEA,low,23,0,0.121,15.02
1682,public_sector,EMEA,low,21,0,0.195,7.5
1683,retail,EMEA,low,14,0,0.23,7.94
1684,healthcare,EMEA,medium,15,0,0.252,12.68
1685,retail,NA,low,14,0,0.084,11.41
1686,education,EMEA,low,17,0,0.294,10.62
1687,healthcare,NA,high,15,0,0.255,15.57
1688,education,NA,low,12,0,0.293,10.86
1689,finance,APAC,low,22,0,0.224,7.52
1690,finance,NA,medium,22,0,0.065,15.46
1691,finance,EMEA,high,22,0,0.1,11.1
1692,finance,EMEA,medium,5,0,0.243,1.78
1693,healthcare,NA,low,0,0,0.089,3.29
1694,healthcare,EMEA,low,21,0,0.197,5.48
1695,finance,APAC,medium,8,1,0.307,12.6
1696,healthcare,EMEA,medium,23,0,0.334,2.62
1697,retail,EMEA,low,19,1,0.145,4.49
1698,retail,EMEA,medium,3,0,0.338,13.05
1699,healthcare,APAC,low,20,0,0.141,8.22
1700,healthcare,NA,low,12,0,0.104,16.75
1701,finance,NA,low,7,0,0.331,15.25
1702,education,EMEA,low,0,0,0.09,14.51
1703,public_sector,EMEA,high,0,0,0.182,8.11
1704,finance,NA,medium,1,0,0.099,7.65
1705,public_sector,EMEA,high,22,0,0.332,13.8
1706,education,APAC,medium,19,0,0.276,3.42
1707,education,EMEA,low,14,0,0.271,7.17
1708,finance,APAC,medium,9,0,0.305,3.07
1709,finance,APAC,low,21,0,0.078,11.68
1710,public_sector,EMEA,high,12,0,0.272,3.61
1711,healthcare,NA,low,8,0,0.204,6.64
1712,finance,EMEA,low,13,0,0.23,4.96
1713,finance,NA,low,0,1,0.224,16.21
1714,education,APAC,low,21,0,0.113,10.02
1715,education,EMEA,low,18,0,0.107,10.36
1716,public_sector,EMEA,low,1,0,0.317,12.91
1717,public_sector,EMEA,low,5,0,0.288,5.34
1718,healthcare,EMEA,high,0,0,0.05,2.62
1719,retail,EMEA,low,6,0,0.091,13.58
1720,healthcare,EMEA,low,20,0,0.142,9.66
1721,public_sector,APAC,high,16,0,0.107,11.64
1722,healthcare,APAC,low,19,1,0.195,6.09
1723,retail,NA,medium,16,0,0.246,10.51
1724,public_sector,EMEA,medium,8,0,0.179,11.53
1725,retail,APAC,low,8,0,0.064,5.58
1726,healthcare,EMEA,low,2,1,0.083,9.69
1727,healthcare,APAC,low,14,0,0.327,17.93
1728,finance,APAC,low,20,0,0.283,13.16
1729,finance,EMEA,high,22,0,0.159,7.07
1730,education,APAC,low,13,0,0.205,17.86
1731,education,APAC,low,3,0,0.17,15.9
1732,education,APAC,high,7,0,0.176,14.96
1733,retail,APAC,low,14,0,0.185,5.95
1734,public_sector,NA,high,12,0,0.208,4.38
1735,healthcare,EMEA,low,0,0,0.314,8.87
1736,healthcare,NA,medium,11,0,0.097,11.84
1737,healthcare,EMEA,low,3,0,0.166,7.14
1738,healthcare,APAC,medium,15,0,0.314,6.58
1739,healthcare,NA,medium,11,0,0.104,10.25
1740,education,APAC,high,16,0,0.179,14.58
1741,healthcare,APAC,medium,19,0,0.098,15.72
1742,finance,NA,low,9,0,0.33,9.06
1743,finance,EMEA,low,0,0,0.166,3.91
1744,education,EMEA,low,3,1,0.115,2.68
1745,education,APAC,low,11,0,0.182,3.42
1746,finance,NA,low,17,0,0.155,5.09
1747,healthcare,EMEA,medium,10,0,0.245,8.18
1748,retail,NA,low,21,0,0.154,17.47
1749,finance,NA,high,7,0,0.309,16.71
1750,retail,EMEA,low,2,1,0.291,14.66
1751,finance,EMEA,low,21,0,0.332,12.58
1752,education,EMEA,high,0,0,0.301,13.03
1753,public_sector,APAC,low,16,0,0.308,9.69
1754,healthcare,NA,low,1,0,0.101,11.12
1755,finance,NA,low,0,0,0.062,13.3
1756,healthcare,NA,medium,6,0,0.215,8.27
1757,public_sector,APAC,low,12,0,0.343,9.09
1758,public_sector,APAC,medium,6,0,0.21,10.95
1759,healthcare,APAC,low,13,0,0.261,5.66
1760,retail,NA,low,7,0,0.288,17.59
1761,healthcare,EMEA,low,2,0,0.089,4.48
1762,healthcare,EMEA,high,15,0,0.3,14.41
1763,education,NA,low,2,1,0.308,9.62
1764,healthcare,NA,medium,12,0,0.137,5.24
1765,education,APAC,low,10,0,0.251,8.88
1766,finance,APAC,low,11,0,0.128,15.1
1767,finance,NA,high,4,0,0.099,15.91
1768,finance,EMEA,low,19,0,0.177,8.57
1769,public_sector,EMEA,low,18,1,0.245,14.68
1770,healthcare,EMEA,medium,7,0,0.163,10.96
1771,public_sector,EMEA,low,12,0,0.214,12.28
1772,education,NA,medium,1,0,0.146,14.8
1773,retail,NA,high,2,0,0.261,17.06
1774,finance,NA,low,12,0,0.259,6.96
1775,retail,EMEA,low,6,0,0.199,3.83
1776,healthcare,EMEA,high,22,0,0.088,10.72
1777,finance,NA,low,4,0,0.229,4.2
1778,finance,APAC,medium,6,0,0.113,6.2
1779,healthcare,NA,medium,9,0,0.275,12.81
1780,healthcare,APAC,low,14,0,0.117,9.4
1781,healthcare,APAC,low,23,0,0.139,7.84
1782,public_sector,APAC,low,10,0,0.086,11.79
1783,finance,NA,high,5,0,0.349,7.79
1784,healthcare,APAC,low,15,0,0.122,10.53
1785,finance,EMEA,low,23,1,0.142,12.69
1786,healthcare,NA,low,10,0,0.203,17.5
1787,education,APAC,low,0,0,0.319,6.66
1788,education,EMEA,low,1,0,0.091,17.11
1789,public_sector,NA,low,16,0,0.138,15.15
1790,education,APAC,medium,12,0,0.23,3.04
1791,retail,APAC,low,20,0,0.28,6.34
1792,healthcare,APAC,low,18,0,0.192,8.98
1793,education,NA,low,0,1,0.204,4.64
1794,finance,APAC,medium,5,0,0.294,4.11
1795,public_sector,NA,medium,11,1,0.266,8.91
1796,retail,NA,low,21,0,0.279,1.6
1797,finance,NA,low,17,0,0.171,14.62
1798,public_sector,APAC,medium,9,1,0.081,5.08
1799,retail,APAC,high,14,0,0.322,4.27
1800,healthcare,APAC,low,0,0,0.098,13.8
1801,retail,NA,medium,22,1,0.089,9.52
1802,healthcare,NA,low,2,0,0.273,3.04
1803,finance,NA,low,4,1,0.179,16.28
1804,finance,APAC,low,11,0,0.31,9.24
1805,retail,EMEA,low,19,0,0.327,3.85
1806,finance,EMEA,low,3,0,0.142,5.35
1807,education,NA,low,8,0,0.326,16.52
1808,retail,EMEA,low,4,1,0.064,8.2
1809,public_sector,NA,medium,21,0,0.284,1.73
1810,retail,APAC,low,8,0,0.248,14.98
1811,public_sector,EMEA,low,1,0,0.083,10.82
1812,finance,NA,low,21,1,0.196,11.83
1813,retail,EMEA,medium,9,0,0.27,12.58
1814,education,EMEA,medium,8,0,0.32,10.28
1815,education,APAC,low,2,0,0.062,7.77
1816,healthcare,APAC,low,23,1,0.093,8.83
1817,education,EMEA,medium,10,1,0.289,10.98
1818,finance,NA,medium,18,0,0.224,1.79
1819,healthcare,EMEA,medium,9,0,0.235,3.73
1820,education,NA,low,5,0,0.175,16.98
1821,education,APAC,medium,22,0,0.222,10.0
1822,finance,EMEA,medium,1,0,0.318,15.71
1823,public_sector,NA,medium,20,0,0.126,6.05
1824,healthcare,EMEA,low,19,0,0.289,17.45
1825,retail,EMEA,low,22,1,0.161,16.89
1826,education,EMEA,medium,1,1,0.223,7.57
1827,finance,EMEA,low,2,0,0.254,11.04
1828,public_sector,NA,low,10,0,0.083,5.84
1829,healthcare,EMEA,medium,18,0,0.206,2.06
1830,healthcare,NA,high,13,0,0.219,1.85
1831,healthcare,EMEA,high,17,1,0.157,4.54
1832,public_sector,EMEA,low,22,0,0.218,3.94
1833,public_sector,EMEA,low,5,0,0.177,15.17
1834,retail,APAC,low,9,0,0.326,9.4
1835,public_sector,EMEA,low,16,0,0.205,8.85
1836,public_sector,EMEA,medium,2,0,0.295,8.47
1837,education,NA,low,1,0,0.217,13.73
1838,retail,NA,low,12,0,0.262,17.14
1839,retail,NA,low,14,1,0.105,4.44
1840,finance,NA,high,4,1,0.32,6.35
1841,public_sector,EMEA,low,23,0,0.09,15.14
1842,healthcare,NA,medium,16,0,0.184,1.89
1843,education,EMEA,low,21,0,0.257,9.26
1844,public_sector,NA,low,10,0,0.071,16.64
1845,education,NA,low,4,0,0.08,14.18
1846,education,APAC,low,8,0,0.168,2.98
1847,finance,APAC,low,0,0,0.128,6.43
1848,healthcare,EMEA,medium,6,0,0.254,10.25
1849,retail,APAC,medium,8,0,0.297,9.48
1850,retail,EMEA,medium,0,0,0.235,16.88
1851,public_sector,NA,low,4,1,0.195,8.22
1852,education,EMEA,low,12,0,0.147,2.01
1853,public_sector,APAC,low,11,0,0.231,3.55
1854,retail,EMEA,medium,14,1,0.068,5.14
1855,healthcare,NA,medium,14,0,0.304,9.33
1856,healthcare,APAC,high,11,0,0.214,12.91
1857,retail,APAC,medium,13,0,0.331,15.23
1858,public_sector,EMEA,low,18,0,0.071,12.45
1859,finance,EMEA,high,11,0,0.14,7.99
1860,retail,APAC,low,2,1,0.31,15.18
1861,education,NA,low,15,0,0.073,8.06
1862,finance,APAC,low,21,0,0.169,10.16
1863,finance,EMEA,low,21,0,0.127,5.78
1864,healthcare,EMEA,medium,4,0,0.326,17.6
1865,education,EMEA,low,13,1,0.247,4.21
1866,education,APAC,high,22,0,0.334,11.76
1867,healthcare,NA,low,16,0,0.347,5.07
1868,retail,NA,low,22,1,0.259,9.49
1869,education,EMEA,low,20,0,0.296,12.58
1870,public_sector,NA,low,23,0,0.321,4.88
1871,retail,EMEA,medium,1,0,0.152,7.38
1872,education,APAC,low,11,0,0.115,6.18
1873,healthcare,EMEA,medium,21,0,0.125,2.19
1874,healthcare,NA,low,19,0,0.308,1.64
1875,healthcare,EMEA,medium,4,0,0.142,14.84
1876,healthcare,NA,medium,10,1,0.314,10.19
1877,education,NA,low,17,0,0.11,2.45
1878,education,APAC,high,16,0,0.281,12.92
1879,public_sector,NA,high,16,0,0.151,2.09
1880,finance,NA,low,4,0,0.318,11.62
1881,healthcare,EMEA,high,18,0,0.225,5.69
1882,finance,NA,medium,6,0,0.182,3.75
1883,public_sector,APAC,low,16,0,0.105,16.79
1884,healthcare,NA,low,15,0,0.217,15.65
1885,finance,APAC,low,20,0,0.157,11.17
1886,healthcare,NA,low,15,0,0.234,10.22
1887,finance,NA,high,23,0,0.348,3.54
1888,education,APAC,high,6,0,0.091,14.57
1889,finance,APAC,low,3,0,0.256,16.87
1890,retail,EMEA,low,1,0,0.273,6.63
1891,finance,EMEA,medium,13,0,0.191,13.84
1892,healthcare,APAC,low,7,1,0.265,15.73
1893,public_sector,EMEA,low,2,0,0.096,12.32
1894,finance,NA,medium,12,0,0.341,3.42
1895,retail,NA,medium,21,0,0.233,15.45
1896,retail,APAC,low,10,1,0.317,2.08
1897,healthcare,NA,medium,12,0,0.301,9.03
1898,retail,APAC,medium,0,1,0.095,7.76
1899,retail,APAC,low,10,0,0.097,8.18
1900,retail,EMEA,medium,5,0,0.237,7.19
1901,retail,NA,low,9,0,0.141,6.63
1902,public_sector,APAC,high,16,0,0.222,13.8
1903,education,APAC,low,2,0,0.12,11.46
1904,healthcare,EMEA,low,21,0,0.25,10.78
1905,healthcare,NA,low,21,1,0.094,14.8
1906,public_sector,APAC,low,17,0,0.249,5.46
1907,education,APAC,low,15,0,0.329,7.46
1908,finance,EMEA,low,22,0,0.32,10.01
1909,retail,EMEA,low,1,0,0.099,16.7
1910,education,NA,low,1,1,0.284,14.39
1911,public_sector,NA,low,8,0,0.06,12.64
1912,finance,APAC,high,21,1,0.253,6.32
1913,healthcare,NA,medium,20,0,0.083,2.0
1914,healthcare,EMEA,low,13,1,0.207,11.54
1915,finance,EMEA,high,8,0,0.254,7.79
1916,healthcare,APAC,medium,8,1,0.25,12.0
1917,public_sector,NA,high,3,0,0.304,10.35
1918,finance,EMEA,medium,22,0,0.113,14.47
1919,public_sector,EMEA,medium,16,0,0.132,1.51
1920,education,EMEA,low,23,0,0.197,10.15
1921,finance,APAC,low,6,0,0.305,1.57
1922,healthcare,NA,medium,0,0,0.276,7.61
1923,healthcare,APAC,low,16,0,0.347,5.85
1924,public_sector,NA,low,17,0,0.061,13.01
1925,public_sector,EMEA,low,16,0,0.192,15.48
1926,public_sector,APAC,low,21,0,0.33,6.3
1927,healthcare,NA,high,21,0,0.127,3.42
1928,education,NA,low,13,1,0.066,11.29
1929,public_sector,APAC,high,17,0,0.29,16.04
1930,healthcare,APAC,medium,20,0,0.25,16.56
1931,public_sector,NA,high,10,0,0.306,15.41
1932,healthcare,NA,low,12,0,0.286,14.6
1933,finance,APAC,medium,12,0,0.253,17.3
1934,public_sector,APAC,low,22,0,0.281,4.05
1935,education,NA,low,11,0,0.249,10.79
1936,healthcare,NA,low,6,0,0.314,7.91
1937,healthcare,EMEA,low,1,0,0.104,17.92
1938,public_sector,NA,high,2,0,0.119,8.26
1939,finance,EMEA,low,17,0,0.132,14.36
1940,healthcare,EMEA,low,9,0,0.228,7.94
1941,finance,EMEA,low,22,0,0.237,16.38
1942,finance,NA,medium,10,0,0.295,6.64
1943,finance,APAC,medium,10,0,0.307,7.85
1944,retail,APAC,low,8,0,0.246,16.41
1945,finance,NA,high,2,0,0.177,14.55
1946,healthcare,NA,medium,8,0,0.276,9.4
1947,retail,EMEA,medium,1,0,0.33,17.36
1948,public_sector,EMEA,medium,2,0,0.231,2.19
1949,education,EMEA,medium,4,0,0.284,9.05
1950,finance,APAC,medium,16,0,0.284,17.92
1951,education,NA,low,11,0,0.322,12.04
1952,education,APAC,high,4,1,0.246,2.55
1953,healthcare,APAC,medium,20,0,0.22,6.61
1954,public_sector,NA,low,14,0,0.105,8.5
1955,healthcare,EMEA,low,7,0,0.348,12.83
1956,public_sector,APAC,low,8,0,0.21,13.6
1957,public_sector,APAC,medium,9,1,0.053,8.25
1958,healthcare,APAC,high,8,0,0.16,15.15
1959,education,APAC,low,14,0,0.255,10.37
1960,healthcare,NA,medium,4,1,0.142,15.62
1961,finance,APAC,low,8,1,0.312,12.95
1962,finance,APAC,medium,10,0,0.18,15.31
1963,education,EMEA,medium,22,0,0.305,16.4
1964,education,EMEA,medium,2,0,0.243,15.71
1965,finance,APAC,low,0,0,0.284,5.84
1966,education,NA,low,10,0,0.323,17.03
1967,finance,EMEA,low,9,0,0.16,8.54
1968,education,EMEA,medium,1,0,0.116,14.19
1969,finance,NA,low,0,0,0.069,3.39
1970,education,EMEA,medium,20,0,0.178,1.76
1971,public_sector,EMEA,medium,10,0,0.26,6.91
1972,public_sector,NA,high,17,0,0.175,2.08
1973,finance,NA,medium,11,1,0.186,5.29
1974,public_sector,EMEA,low,18,1,0.075,5.87
1975,public_sector,EMEA,low,9,0,0.132,5.67
1976,retail,APAC,low,17,0,0.055,5.6
1977,public_sector,NA,low,8,0,0.249,16.53
1978,healthcare,EMEA,low,23,0,0.206,8.31
1979,finance,APAC,low,18,0,0.168,1.78
1980,finance,NA,low,12,1,0.091,9.59
1981,retail,NA,low,9,0,0.114,9.94
1982,retail,EMEA,low,12,0,0.069,3.56
1983,healthcare,APAC,low,18,0,0.281,3.84
1984,public_sector,APAC,high,11,0,0.14,17.03
1985,retail,EMEA,high,18,0,0.338,7.72
1986,education,APAC,low,8,0,0.287,14.03
1987,finance,EMEA,medium,23,0,0.29,1.67
1988,healthcare,NA,high,2,0,0.174,15.09
1989,finance,APAC,low,14,0,0.251,1.99
1990,finance,EMEA,medium,8,0,0.193,12.71
1991,education,NA,high,22,0,0.235,8.51
1992,public_sector,NA,medium,18,0,0.063,6.09
1993,finance,NA,medium,7,0,0.195,14.4
1994,education,APAC,low,20,0,0.228,16.15
1995,retail,EMEA,medium,18,0,0.248,14.99
1996,education,NA,high,5,0,0.303,17.93
1997,education,EMEA,low,21,0,0.115,9.89
1998,public_sector,APAC,low,13,0,0.307,14.76
1999,healthcare,EMEA,low,14,1,0.318,3.79
2000,retail,EMEA,medium,16,0,0.169,7.02
2001,finance,EMEA,low,17,0,0.128,6.27
2002,finance,APAC,low,11,0,0.121,16.8
2003,public_sector,NA,low,20,0,0.283,2.68
2004,healthcare,EMEA,medium,16,0,0.291,6.51
2005,finance,EMEA,low,4,0,0.294,3.08
2006,education,EMEA,medium,18,0,0.269,17.16
2007,retail,EMEA,low,6,0,0.288,1.75
2008,education,NA,medium,6,1,0.341,6.91
2009,retail,APAC,low,1,0,0.072,5.26
2010,retail,APAC,low,2,0,0.146,17.36
2011,public_sector,NA,low,21,0,0.126,13.46
2012,finance,EMEA,low,8,0,0.077,12.18
2013,retail,EMEA,low,6,0,0.281,3.24
2014,public_sector,EMEA,low,1,0,0.192,8.43
2015,education,EMEA,low,15,0,0.332,8.09
2016,healthcare,APAC,low,4,0,0.101,6.39
2017,finance,EMEA,high,22,0,0.133,5.83
2018,finance,EMEA,high,8,0,0.121,3.11
2019,finance,APAC,medium,22,0,0.336,9.85
2020,education,EMEA,low,4,0,0.277,7.77
2021,public_sector,APAC,low,13,0,0.345,2.6
2022,healthcare,NA,low,14,0,0.116,6.32
2023,finance,NA,low,14,0,0.073,2.85
2024,healthcare,APAC,low,20,0,0.332,5.1
2025,public_sector,EMEA,low,22,1,0.059,11.23
2026,retail,APAC,low,22,0,0.309,9.74
2027,public_sector,EMEA,low,14,0,0.076,9.15
2028,education,APAC,low,10,0,0.142,9.51
2029,healthcare,APAC,low,11,0,0.331,8.2
2030,education,APAC,low,9,1,0.065,15.08
2031,finance,APAC,medium,14,0,0.081,4.6
2032,education,APAC,medium,13,1,0.115,15.44
2033,education,EMEA,medium,14,0,0.088,12.47
2034,finance,EMEA,low,0,0,0.129,4.92
2035,finance,EMEA,low,6,0,0.063,4.72
2036,healthcare,EMEA,low,10,0,0.325,13.24
2037,finance,EMEA,low,4,0,0.195,16.33
2038,retail,APAC,low,5,0,0.158,7.54
2039,education,EMEA,low,1,0,0.262,12.64
2040,retail,APAC,high,23,1,0.326,3.14
2041,finance,NA,low,8,0,0.188,12.02
2042,public_sector,NA,medium,2,0,0.069,5.87
2043,finance,APAC,low,19,0,0.189,16.45
2044,public_sector,APAC,medium,1,0,0.175,1.55
2045,education,APAC,low,12,0,0.088,9.27
2046,education,EMEA,low,12,0,0.102,15.83
2047,healthcare,NA,medium,3,0,0.175,12.19
2048,healthcare,EMEA,low,6,0,0.21,5.95
2049,healthcare,NA,low,11,1,0.254,9.5
2050,retail,APAC,low,9,0,0.187,11.48
2051,retail,EMEA,low,3,0,0.215,10.92
2052,retail,NA,low,1,0,0.23,5.2
2053,retail,APAC,low,0,0,0.249,5.12
2054,education,APAC,medium,13,0,0.246,1.78
2055,public_sector,APAC,low,13,0,0.079,16.27
2056,retail,APAC,medium,14,0,0.183,13.45
2057,healthcare,EMEA,medium,10,0,0.324,13.45
2058,public_sector,EMEA,medium,3,0,0.249,8.4
2059,public_sector,NA,low,6,0,0.098,9.6
2060,public_sector,NA,high,6,0,0.124,2.75
2061,public_sector,EMEA,high,8,0,0.078,3.23
2062,finance,NA,low,15,0,0.12,4.34
2063,education,EMEA,medium,22,0,0.117,7.94
2064,healthcare,NA,medium,4,0,0.107,7.19
2065,public_sector,NA,low,7,0,0.317,13.49
2066,healthcare,APAC,high,1,0,0.267,2.95
2067,public_sector,APAC,medium,3,0,0.238,14.75
2068,finance,APAC,low,2,0,0.187,16.93
2069,public_sector,APAC,high,2,0,0.103,5.72
2070,retail,NA,low,14,0,0.102,12.87
2071,education,APAC,medium,15,0,0.244,8.72
2072,education,NA,low,22,0,0.267,1.69
2073,retail,APAC,low,23,0,0.261,11.84
2074,healthcare,NA,low,8,0,0.14,7.28
2075,healthcare,EMEA,low,7,0,0.153,4.93
2076,public_sector,NA,low,2,0,0.173,10.64
2077,retail,NA,low,16,0,0.322,5.97
2078,retail,NA,low,5,1,0.166,17.2
2079,finance,EMEA,high,10,1,0.205,3.27
2080,finance,EMEA,medium,6,0,0.221,15.14
2081,finance,NA,medium,2,0,0.178,16.87
2082,public_sector,EMEA,low,13,0,0.079,10.35
2083,public_sector,APAC,medium,1,0,0.195,8.23
2084,public_sector,EMEA,low,21,0,0.091,10.02
2085,healthcare,APAC,low,4,0,0.248,5.72
2086,public_sector,APAC,medium,4,0,0.159,2.02
2087,education,NA,high,16,1,0.213,14.34
2088,public_sector,EMEA,low,22,1,0.309,9.94
2089,healthcare,APAC,medium,4,1,0.078,17.42
2090,finance,APAC,high,12,0,0.176,2.41
2091,finance,NA,high,4,1,0.261,9.09
2092,healthcare,APAC,low,6,0,0.307,4.74
2093,public_sector,EMEA,high,5,1,0.121,17.74
2094,education,EMEA,medium,10,0,0.204,11.2
2095,retail,EMEA,low,6,0,0.315,9.62
2096,education,EMEA,low,21,0,0.078,3.63
2097,finance,EMEA,low,3,0,0.274,2.62
2098,retail,NA,low,0,0,0.309,8.95
2099,healthcare,NA,low,23,0,0.225,1.8
2100,public_sector,APAC,low,2,0,0.153,13.43
2101,finance,APAC,medium,15,0,0.063,3.92
2102,finance,APAC,medium,17,0,0.229,16.36
2103,retail,APAC,medium,3,0,0.064,5.53
2104,retail,NA,low,20,0,0.165,8.78
2105,education,EMEA,low,16,0,0.281,17.39
2106,healthcare,EMEA,low,19,0,0.062,16.37
2107,healthcare,EMEA,low,1,0,0.087,11.58
2108,public_sector,APAC,medium,11,0,0.132,6.28
2109,education,NA,medium,23,0,0.229,15.12
2110,healthcare,NA,medium,1,0,0.139,17.68
2111,education,NA,low,2,0,0.218,6.39
2112,healthcare,APAC,low,7,0,0.338,10.61
2113,education,EMEA,low,7,0,0.125,12.27
2114,education,APAC,high,23,0,0.128,3.2
2115,finance,APAC,low,14,0,0.194,6.52
2116,education,EMEA,low,14,0,0.144,13.36
2117,healthcare,APAC,medium,18,0,0.145,2.91
2118,retail,EMEA,medium,14,0,0.219,6.07
2119,retail,NA,low,1,0,0.298,17.62
2120,finance,EMEA,low,15,0,0.272,1.79
2121,education,NA,low,21,0,0.207,10.91
2122,healthcare,EMEA,low,23,0,0.109,11.33
2123,finance,APAC,low,4,0,0.235,17.88
2124,public_sector,NA,medium,7,0,0.255,9.95
2125,healthcare,APAC,low,5,0,0.115,5.49
2126,education,NA,medium,22,0,0.168,8.11
2127,finance,EMEA,medium,23,0,0.218,9.8
2128,education,NA,low,8,0,0.235,4.13
2129,healthcare,EMEA,high,2,0,0.113,8.6
2130,education,NA,high,19,0,0.186,2.43
2131,public_sector,NA,low,19,0,0.264,9.14
2132,finance,APAC,low,2,0,0.259,15.27
2133,retail,APAC,medium,1,0,0.077,15.85
2134,finance,EMEA,low,22,0,0.177,4.08
2135,education,NA,low,7,0,0.256,16.31
2136,finance,EMEA,low,1,0,0.339,14.5
2137,public_sector,EMEA,medium,9,0,0.275,6.43
2138,finance,EMEA,low,5,0,0.219,14.96
2139,education,APAC,low,23,0,0.068,6.87
2140,public_sector,EMEA,low,19,0,0.341,11.57
2141,healthcare,NA,low,16,0,0.269,17.72
2142,finance,APAC,medium,3,0,0.203,6.38
2143,healthcare,EMEA,medium,3,0,0.139,14.15
2144,public_sector,EMEA,medium,5,0,0.119,11.93
2145,finance,APAC,medium,20,0,0.23,16.39
2146,education,EMEA,high,7,0,0.228,6.52
2147,public_sector,NA,low,4,0,0.154,5.95
2148,public_sector,EMEA,high,14,1,0.181,2.98
2149,healthcare,EMEA,medium,13,0,0.069,14.22
2150,public_sector,NA,high,21,0,0.125,12.18
2151,healthcare,NA,low,12,0,0.335,15.26
2152,public_sector,EMEA,low,1,1,0.05,8.47
2153,finance,NA,medium,11,0,0.054,4.71
2154,healthcare,APAC,low,5,0,0.089,5.31
2155,finance,NA,low,3,0,0.24,10.63
2156,public_sector,EMEA,medium,9,0,0.109,8.74
2157,healthcare,EMEA,medium,2,0,0.193,3.09
2158,education,NA,medium,6,0,0.329,14.63
2159,retail,EMEA,low,15,0,0.133,10.94
2160,healthcare,APAC,medium,10,0,0.141,2.16
2161,finance,EMEA,medium,21,0,0.075,9.44
2162,healthcare,EMEA,medium,18,1,0.111,10.32
2163,education,NA,low,5,0,0.217,10.56
2164,retail,APAC,low,2,0,0.094,14.71
2165,public_sector,NA,low,18,0,0.053,4.3
2166,education,EMEA,low,20,1,0.33,9.83
2167,public_sector,APAC,medium,23,1,0.181,5.05
2168,public_sector,EMEA,medium,17,0,0.066,8.34
2169,education,EMEA,medium,12,0,0.207,11.36
2170,public_sector,EMEA,low,18,0,0.21,6.02
2171,education,APAC,low,9,0,0.145,1.98
2172,retail,APAC,low,8,0,0.062,12.06
2173,finance,NA,low,9,0,0.158,4.28
2174,public_sector,APAC,high,10,0,0.172,11.74
2175,public_sector,NA,medium,3,1,0.337,3.33
2176,healthcare,EMEA,low,20,0,0.155,15.92
2177,finance,NA,medium,0,0,0.214,4.16
2178,retail,APAC,low,18,0,0.193,5.46
2179,finance,EMEA,medium,11,0,0.059,3.59
2180,retail,NA,low,8,0,0.113,12.1
2181,finance,EMEA,medium,7,0,0.146,16.25
2182,education,NA,high,7,0,0.161,11.5
2183,education,NA,low,14,0,0.089,1.8
2184,education,EMEA,medium,0,0,0.171,13.54
2185,education,NA,medium,21,0,0.063,6.21
2186,retail,APAC,low,19,0,0.172,4.48
2187,healthcare,EMEA,low,12,1,0.07,17.4
2188,public_sector,EMEA,low,18,1,0.16,13.29
2189,healthcare,NA,medium,22,0,0.088,1.5
2190,finance,EMEA,medium,22,0,0.252,17.04
2191,finance,EMEA,low,10,0,0.164,12.27
2192,education,NA,low,22,0,0.246,17.8
2193,education,NA,low,6,0,0.344,2.54
2194,retail,APAC,low,1,0,0.062,7.95
2195,public_sector,NA,low,9,0,0.25,1.69
2196,education,NA,low,14,0,0.155,7.78
2197,finance,EMEA,low,1,1,0.154,11.29
2198,education,EMEA,high,8,0,0.109,4.79
2199,finance,NA,high,18,0,0.246,9.24
2200,public_sector,EMEA,medium,18,0,0.137,16.66
2201,public_sector,APAC,low,8,0,0.193,8.96
2202,public_sector,NA,low,2,1,0.107,3.31
2203,healthcare,NA,high,20,0,0.327,11.44
2204,retail,EMEA,high,9,0,0.165,11.49
2205,public_sector,APAC,low,22,0,0.209,10.08
2206,healthcare,APAC,medium,6,0,0.073,6.93
2207,healthcare,APAC,medium,3,0,0.318,4.24
2208,retail,NA,low,8,0,0.059,12.73
2209,retail,NA,medium,4,0,0.114,6.23
2210,public_sector,EMEA,low,1,0,0.072,8.98
2211,public_sector,EMEA,medium,0,0,0.105,11.51
2212,retail,APAC,low,12,0,0.3,5.68
2213,healthcare,NA,low,21,0,0.327,8.05
2214,retail,EMEA,medium,9,0,0.057,14.26
2215,retail,EMEA,low,23,0,0.118,12.43
2216,healthcare,EMEA,low,14,0,0.312,3.26
2217,retail,APAC,high,2,0,0.073,4.73
2218,education,APAC,low,13,0,0.199,8.69
2219,retail,NA,medium,3,0,0.065,6.81
2220,public_sector,NA,high,13,1,0.129,7.14
2221,education,NA,high,1,0,0.335,3.99
2222,education,APAC,low,5,0,0.076,6.15
2223,healthcare,NA,low,18,0,0.278,14.78
2224,healthcare,NA,medium,5,1,0.33,12.51
2225,retail,EMEA,medium,23,0,0.082,8.46
2226,retail,EMEA,low,9,0,0.13,2.3
2227,education,APAC,low,22,0,0.095,4.84
2228,retail,EMEA,medium,12,1,0.229,2.41
2229,healthcare,APAC,medium,12,1,0.054,8.52
2230,finance,NA,medium,3,0,0.305,6.61
2231,finance,EMEA,low,4,0,0.314,14.06
2232,healthcare,APAC,low,6,0,0.27,1.55
2233,finance,APAC,medium,11,1,0.059,8.01
2234,education,APAC,medium,6,0,0.306,2.62
2235,public_sector,APAC,high,20,0,0.124,11.45
2236,education,EMEA,high,19,0,0.222,14.07
2237,healthcare,APAC,medium,7,0,0.083,15.97
2238,public_sector,EMEA,medium,15,0,0.164,13.22
2239,education,APAC,medium,7,1,0.34,3.83
2240,retail,EMEA,low,13,0,0.262,1.51
2241,healthcare,APAC,low,11,0,0.213,17.13
2242,retail,NA,medium,17,0,0.267,5.85
2243,public_sector,EMEA,low,9,0,0.183,7.28
2244,public_sector,APAC,low,18,1,0.237,14.42
2245,education,NA,medium,4,0,0.218,12.29
2246,finance,APAC,low,5,0,0.147,6.74
2247,education,NA,low,12,0,0.232,2.66
2248,retail,NA,medium,1,0,0.27,3.16
2249,education,NA,low,20,0,0.202,2.72
2250,retail,NA,medium,18,0,0.099,16.95
2251,finance,EMEA,medium,7,0,0.28,12.27
2252,public_sector,NA,low,2,0,0.275,17.43
2253,public_sector,EMEA,low,7,0,0.082,2.62
2254,healthcare,APAC,low,22,1,0.228,1.78
2255,public_sector,APAC,low,22,0,0.284,14.23
2256,education,NA,medium,3,1,0.145,2.15
2257,public_sector,EMEA,medium,23,0,0.154,12.3
2258,healthcare,EMEA,low,15,0,0.113,9.12
2259,finance,NA,low,4,0,0.056,5.82
2260,finance,EMEA,low,6,0,0.2,2.23
2261,public_sector,EMEA,low,22,0,0.264,9.16
2262,finance,APAC,low,7,1,0.298,4.61
2263,finance,EMEA,low,22,0,0.153,3.07
2264,retail,NA,medium,1,0,0.16,13.18
2265,education,APAC,medium,23,0,0.217,5.18
2266,finance,APAC,high,1,0,0.195,4.97
2267,public_sector,EMEA,low,1,0,0.309,2.13
2268,healthcare,EMEA,low,13,0,0.309,7.29
2269,finance,EMEA,medium,5,0,0.196,6.86
2270,finance,NA,low,20,0,0.171,9.88
2271,public_sector,APAC,medium,16,1,0.135,7.55
2272,finance,EMEA,low,11,0,0.291,4.27
2273,education,APAC,low,9,0,0.145,10.93
2274,finance,NA,medium,11,0,0.137,1.89
2275,public_sector,NA,low,14,0,0.087,14.98
2276,finance,APAC,low,7,0,0.174,4.29
2277,healthcare,EMEA,low,2,0,0.101,10.46
2278,finance,APAC,low,0,1,0.159,5.25
2279,public_sector,NA,low,18,0,0.109,11.79
2280,healthcare,APAC,medium,2,0,0.204,13.92
2281,education,NA,low,8,0,0.337,6.66
2282,finance,NA,high,4,0,0.326,5.23
2283,finance,APAC,low,22,0,0.323,8.6
2284,finance,NA,low,15,0,0.225,5.77
2285,finance,APAC,high,16,0,0.115,10.21
2286,finance,NA,medium,17,0,0.175,11.0
2287,finance,APAC,low,11,0,0.169,7.5
2288,finance,EMEA,low,11,0,0.321,2.16
2289,healthcare,APAC,low,22,0,0.15,5.11
2290,education,APAC,low,13,0,0.345,17.43
2291,public_sector,NA,low,2,0,0.06,4.09
2292,education,APAC,medium,7,1,0.126,3.58
2293,education,NA,low,13,0,0.287,2.79
2294,education,NA,low,2,1,0.349,4.89
2295,public_sector,NA,low,23,1,0.052,17.91
2296,public_sector,APAC,low,22,0,0.318,13.46
2297,healthcare,NA,medium,20,0,0.184,14.7
2298,education,APAC,low,17,0,0.323,7.01
2299,finance,EMEA,low,0,0,0.164,1.9
2300,education,APAC,low,7,0,0.134,7.94
2301,retail,EMEA,low,17,0,0.197,17.1
2302,retail,APAC,low,17,1,0.317,3.45
2303,public_sector,NA,low,1,0,0.25,4.01
2304,retail,APAC,low,22,0,0.159,11.34
2305,healthcare,EMEA,low,19,0,0.248,11.66
2306,healthcare,NA,low,9,1,0.35,8.56
2307,education,NA,medium,18,0,0.145,16.5
2308,public_sector,EMEA,low,21,0,0.236,5.6
2309,finance,EMEA,low,17,1,0.275,3.41
2310,retail,NA,low,14,0,0.217,13.39
2311,public_sector,NA,low,23,0,0.181,11.74
2312,healthcare,APAC,low,16,0,0.275,2.94
2313,public_sector,EMEA,medium,8,0,0.233,14.61
2314,retail,NA,low,0,0,0.282,17.28
2315,healthcare,APAC,medium,2,0,0.252,11.61
2316,public_sector,APAC,low,20,0,0.13,2.83
2317,retail,APAC,medium,12,0,0.154,15.02
2318,education,EMEA,medium,9,0,0.322,10.4
2319,healthcare,NA,high,4,0,0.214,11.14
2320,healthcare,EMEA,low,0,0,0.293,3.57
2321,finance,NA,low,5,0,0.058,3.77
2322,finance,EMEA,medium,14,0,0.144,14.16
2323,finance,EMEA,low,20,1,0.157,11.06
2324,finance,APAC,medium,17,0,0.316,9.37
2325,healthcare,APAC,low,13,1,0.163,3.9
2326,education,APAC,low,2,0,0.052,7.09
2327,finance,APAC,medium,11,1,0.121,10.57
2328,public_sector,EMEA,medium,4,0,0.11,3.47
2329,healthcare,APAC,medium,15,0,0.328,13.17
2330,finance,NA,medium,2,0,0.274,5.22
2331,healthcare,NA,low,10,0,0.22,12.56
2332,retail,EMEA,medium,16,0,0.201,12.32
2333,finance,NA,medium,12,0,0.215,17.27
2334,education,EMEA,medium,1,0,0.273,1.81
2335,public_sector,APAC,low,11,1,0.108,17.26
2336,retail,NA,low,2,0,0.172,1.69
2337,finance,EMEA,high,20,1,0.072,8.64
2338,education,EMEA,low,21,0,0.095,4.0
2339,retail,EMEA,medium,23,0,0.061,15.61
2340,education,NA,medium,20,1,0.139,9.73
2341,education,APAC,low,20,0,0.231,13.13
2342,retail,EMEA,low,4,0,0.17,3.79
2343,finance,APAC,low,21,0,0.2,10.33
2344,retail,EMEA,high,7,0,0.121,7.11
2345,retail,APAC,medium,21,0,0.251,13.8
2346,healthcare,NA,medium,16,0,0.07,8.96
2347,retail,EMEA,low,12,0,0.275,14.99
2348,education,EMEA,low,18,1,0.19,17.11
2349,public_sector,EMEA,low,4,0,0.172,17.07
2350,finance,APAC,low,11,0,0.06,8.01
2351,education,NA,low,14,0,0.233,7.16
2352,finance,NA,medium,15,0,0.057,14.11
2353,healthcare,NA,low,2,0,0.163,2.68
2354,retail,EMEA,low,3,0,0.348,7.37
2355,healthcare,EMEA,low,12,0,0.205,5.04
2356,education,APAC,high,4,0,0.118,10.66
2357,retail,EMEA,low,9,0,0.104,5.19
2358,healthcare,NA,low,6,0,0.286,2.08
2359,education,EMEA,low,12,0,0.332,4.91
2360,public_sector,EMEA,low,6,0,0.276,13.73
2361,healthcare,NA,low,9,0,0.305,5.9
2362,healthcare,EMEA,low,5,0,0.294,3.94
2363,finance,EMEA,high,18,0,0.336,15.35
2364,retail,EMEA,low,20,0,0.254,16.64
2365,retail,EMEA,low,0,1,0.064,14.56
2366,education,NA,high,20,0,0.123,12.89
2367,education,APAC,medium,4,0,0.079,16.06
2368,healthcare,EMEA,low,14,0,0.345,15.26
2369,public_sector,APAC,high,15,0,0.095,6.11
2370,finance,APAC,low,16,0,0.07,6.51
2371,education,NA,low,15,0,0.216,17.85
2372,healthcare,APAC,low,15,0,0.177,11.92
2373,finance,EMEA,high,21,0,0.13,7.07
2374,education,APAC,high,17,0,0.219,8.23
2375,healthcare,NA,low,14,0,0.197,3.82
2376,finance,NA,low,14,0,0.34,16.38
2377,public_sector,EMEA,medium,20,0,0.084,15.53
2378,public_sector,NA,low,12,0,0.125,9.92
2379,retail,EMEA,low,4,0,0.125,6.79
2380,healthcare,EMEA,medium,4,1,0.071,17.44
2381,public_sector,APAC,low,13,0,0.072,9.82
2382,retail,EMEA,low,17,0,0.267,17.39
2383,education,APAC,low,12,0,0.11,6.73
2384,finance,NA,low,14,0,0.224,16.9
2385,education,APAC,medium,6,0,0.18,11.6
2386,public_sector,APAC,high,5,0,0.152,13.07
2387,education,EMEA,medium,22,0,0.301,16.17
2388,education,NA,medium,22,0,0.212,16.24
2389,public_sector,NA,medium,23,0,0.218,9.98
2390,retail,APAC,low,3,1,0.052,10.92
2391,public_sector,APAC,medium,14,0,0.264,15.75
2392,public_sector,APAC,medium,13,0,0.08,16.32
2393,public_sector,APAC,low,8,0,0.159,4.09
2394,education,EMEA,medium,5,1,0.226,11.09
2395,public_sector,APAC,medium,3,0,0.158,11.21
2396,education,EMEA,medium,7,0,0.217,17.07
2397,public_sector,APAC,low,15,0,0.25,1.83
2398,education,EMEA,low,11,0,0.305,17.48
2399,public_sector,APAC,medium,12,0,0.207,14.98
2400,healthcare,NA,high,17,0,0.163,17.78
2401,education,EMEA,medium,1,0,0.233,17.22
2402,healthcare,EMEA,medium,17,0,0.117,2.08
2403,education,NA,medium,20,0,0.219,15.58
2404,public_sector,NA,medium,22,0,0.263,16.78
2405,finance,EMEA,low,3,0,0.129,11.33
2406,public_sector,APAC,medium,20,0,0.156,3.98
2407,retail,APAC,medium,11,0,0.191,3.34
2408,finance,EMEA,low,17,0,0.185,6.16
2409,retail,EMEA,low,10,0,0.163,6.39
2410,public_sector,APAC,medium,13,0,0.243,11.24
2411,public_sector,APAC,low,20,0,0.092,16.02
2412,finance,EMEA,low,4,0,0.141,3.8
2413,retail,EMEA,high,4,0,0.082,10.48
2414,healthcare,EMEA,low,8,0,0.298,12.14
2415,healthcare,EMEA,low,4,0,0.29,14.67
2416,retail,APAC,medium,3,0,0.224,10.56
2417,finance,APAC,low,0,0,0.275,15.45
2418,finance,APAC,medium,10,1,0.198,17.08
2419,finance,EMEA,low,9,0,0.203,14.04
2420,finance,NA,high,2,0,0.181,1.53
2421,public_sector,APAC,low,15,0,0.233,2.62
2422,public_sector,EMEA,medium,12,1,0.282,11.48
2423,healthcare,APAC,low,9,0,0.136,16.72
2424,education,EMEA,low,14,0,0.199,15.81
2425,retail,APAC,medium,1,0,0.126,14.01
2426,retail,APAC,medium,14,0,0.145,7.85
2427,retail,NA,high,10,0,0.245,4.07
2428,finance,NA,low,20,0,0.057,8.91
2429,healthcare,APAC,low,6,0,0.331,3.32
2430,healthcare,APAC,low,15,0,0.08,17.37
2431,retail,APAC,low,18,0,0.205,6.58
2432,healthcare,NA,high,8,0,0.341,13.13
2433,finance,EMEA,low,0,0,0.225,15.63
2434,retail,APAC,medium,15,0,0.097,5.84
2435,retail,NA,low,22,0,0.287,10.34
2436,finance,NA,medium,6,0,0.15,5.04
2437,finance,APAC,low,19,0,0.133,9.51
2438,retail,APAC,medium,4,0,0.092,10.83
2439,public_sector,NA,low,16,0,0.287,2.4
2440,education,NA,high,20,0,0.213,17.87
2441,healthcare,NA,low,13,0,0.069,17.15
2442,education,NA,low,1,0,0.054,15.49
2443,finance,EMEA,medium,18,0,0.114,15.22
2444,public_sector,EMEA,low,12,1,0.242,4.06
2445,healthcare,APAC,low,3,0,0.14,10.13
2446,public_sector,APAC,medium,5,0,0.305,16.24
2447,finance,APAC,low,0,0,0.271,1.74
2448,education,NA,medium,5,1,0.057,8.07
2449,retail,NA,medium,23,1,0.06,3.48
2450,healthcare,NA,low,6,0,0.207,9.53
2451,healthcare,NA,low,6,0,0.302,10.88
2452,finance,APAC,low,14,1,0.242,7.37
2453,healthcare,EMEA,low,18,0,0.27,4.93
2454,healthcare,EMEA,medium,10,0,0.345,13.9
2455,healthcare,EMEA,low,21,0,0.318,17.93
2456,finance,NA,medium,10,0,0.073,11.09
2457,finance,NA,low,7,0,0.105,15.78
2458,healthcare,NA,low,16,0,0.111,13.46
2459,public_sector,EMEA,low,9,0,0.319,2.71
2460,finance,APAC,high,12,0,0.176,3.48
2461,finance,EMEA,low,4,0,0.267,15.34
2462,public_sector,EMEA,low,13,0,0.202,15.83
2463,finance,APAC,low,7,0,0.276,11.23
2464,finance,APAC,medium,2,0,0.345,13.12
2465,healthcare,EMEA,low,12,0,0.116,10.58
2466,finance,APAC,low,12,0,0.148,3.88
2467,healthcare,APAC,low,5,0,0.201,4.53
2468,finance,EMEA,low,13,0,0.293,12.86
2469,healthcare,APAC,low,2,0,0.324,13.07
2470,healthcare,APAC,low,8,0,0.254,17.13
2471,education,EMEA,low,23,0,0.296,5.62
2472,retail,EMEA,medium,10,1,0.17,10.42
2473,healthcare,NA,medium,8,0,0.193,5.81
2474,healthcare,NA,medium,4,0,0.237,15.34
2475,public_sector,NA,low,4,0,0.155,17.62
2476,finance,EMEA,low,7,1,0.204,10.6
2477,finance,NA,low,21,0,0.068,2.01
2478,finance,APAC,low,11,0,0.225,10.13
2479,education,APAC,high,22,0,0.153,8.27
2480,healthcare,NA,low,22,0,0.191,12.52
2481,education,APAC,medium,21,0,0.255,11.45
2482,public_sector,APAC,high,4,0,0.13,11.4
2483,finance,APAC,low,8,0,0.275,16.17
2484,finance,NA,medium,20,0,0.246,10.15
2485,public_sector,NA,low,6,0,0.29,6.93
2486,healthcare,APAC,low,19,0,0.325,16.23
2487,retail,APAC,low,14,1,0.116,16.27
2488,public_sector,APAC,medium,14,0,0.235,10.64
2489,finance,APAC,medium,1,1,0.149,11.38
2490,retail,NA,low,13,0,0.097,4.77
2491,retail,NA,high,10,0,0.142,5.01
2492,public_sector,APAC,high,16,1,0.177,15.28
2493,public_sector,APAC,low,1,1,0.056,1.66
2494,public_sector,APAC,medium,23,0,0.237,12.48
2495,retail,APAC,low,18,0,0.145,4.33
2496,education,APAC,medium,13,0,0.199,12.72
2497,retail,EMEA,low,20,0,0.122,7.39
2498,retail,NA,medium,12,0,0.278,8.51
2499,retail,APAC,low,10,0,0.286,14.55
2500,healthcare,NA,low,15,0,0.054,14.65
2501,education,APAC,low,5,0,0.229,5.93
2502,healthcare,EMEA,high,0,0,0.297,13.27
2503,retail,APAC,low,7,0,0.121,6.55
2504,public_sector,NA,low,20,0,0.161,1.83
2505,retail,APAC,high,13,0,0.313,2.72
2506,retail,APAC,medium,21,1,0.191,7.56
2507,healthcare,NA,low,19,0,0.139,17.86
2508,finance,NA,low,11,0,0.315,17.62
2509,education,NA,high,16,1,0.169,5.95
2510,finance,APAC,low,17,1,0.077,9.96
2511,education,NA,low,17,0,0.163,7.72
2512,education,APAC,low,14,0,0.349,10.02
2513,education,NA,low,19,0,0.063,17.96
2514,public_sector,APAC,low,14,1,0.081,3.21
2515,finance,APAC,low,23,1,0.092,2.4
2516,finance,EMEA,medium,12,0,0.152,6.1
2517,healthcare,APAC,medium,5,0,0.091,14.64
2518,finance,NA,medium,7,0,0.13,15.99
2519,finance,APAC,low,14,0,0.081,12.41
2520,education,APAC,medium,10,0,0.197,17.19
2521,healthcare,NA,high,3,0,0.129,11.32
2522,healthcare,APAC,low,4,0,0.108,12.96
2523,retail,NA,low,10,1,0.192,2.88
2524,education,APAC,medium,3,1,0.099,10.56
2525,public_sector,EMEA,high,23,0,0.085,3.75
2526,finance,APAC,low,8,0,0.237,16.43
2527,healthcare,EMEA,medium,20,0,0.322,5.78
2528,retail,EMEA,low,2,0,0.111,4.31
2529,retail,APAC,low,4,0,0.17,1.57
2530,finance,EMEA,medium,8,0,0.168,8.75
2531,finance,NA,high,22,0,0.297,15.72
2532,public_sector,EMEA,low,20,1,0.15,6.85
2533,public_sector,EMEA,medium,20,0,0.165,12.72
2534,finance,APAC,low,8,0,0.074,16.29
2535,finance,NA,high,9,0,0.31,13.82
2536,education,APAC,low,12,0,0.197,6.73
2537,finance,NA,medium,20,0,0.29,2.35
2538,finance,NA,medium,6,0,0.054,1.53
2539,finance,NA,medium,4,0,0.067,1.56
2540,retail,NA,high,20,0,0.13,6.61
2541,education,APAC,medium,19,0,0.327,16.07
2542,finance,APAC,low,17,0,0.313,15.57
2543,finance,NA,medium,2,0,0.116,14.41
2544,public_sector,NA,low,15,0,0.161,17.73
2545,education,NA,medium,0,0,0.22,14.08
2546,public_sector,EMEA,low,23,0,0.318,13.08
2547,finance,EMEA,medium,3,0,0.092,5.89
2548,retail,APAC,low,12,1,0.232,8.03
2549,education,NA,low,14,0,0.138,12.49
2550,public_sector,EMEA,low,23,0,0.138,16.77
2551,retail,EMEA,high,1,0,0.166,9.62
2552,retail,EMEA,medium,7,0,0.054,3.35
2553,public_sector,EMEA,low,2,0,0.302,6.25
2554,healthcare,NA,low,14,0,0.196,12.87
2555,education,APAC,low,15,0,0.068,3.18
2556,healthcare,EMEA,low,8,0,0.089,11.7
2557,education,APAC,medium,10,0,0.252,9.24
2558,retail,APAC,low,10,0,0.205,11.18
2559,retail,APAC,medium,4,0,0.136,17.27
2560,healthcare,APAC,low,7,1,0.301,14.33
2561,finance,EMEA,low,7,0,0.086,15.22
2562,finance,EMEA,low,6,0,0.062,12.53
2563,public_sector,EMEA,high,0,0,0.175,2.74
2564,education,NA,low,0,0,0.077,3.95
2565,education,NA,low,11,0,0.216,15.5
2566,public_sector,APAC,low,13,1,0.308,11.74
2567,finance,NA,low,9,0,0.056,15.01
2568,healthcare,EMEA,medium,3,0,0.134,11.09
2569,public_sector,APAC,medium,12,0,0.148,12.71
2570,finance,EMEA,high,11,0,0.098,1.83
2571,public_sector,NA,high,20,1,0.094,1.51
2572,education,NA,low,10,1,0.058,2.92
2573,retail,APAC,high,3,1,0.063,16.17
2574,education,EMEA,low,13,1,0.268,17.03
2575,finance,APAC,low,20,0,0.25,9.62
2576,education,EMEA,medium,0,1,0.132,4.86
2577,education,APAC,medium,5,1,0.166,10.39
2578,retail,NA,low,23,0,0.14,14.2
2579,public_sector,EMEA,medium,0,0,0.173,1.91
2580,public_sector,EMEA,low,12,1,0.234,11.73
2581,education,NA,medium,12,0,0.209,12.39
2582,finance,NA,medium,16,0,0.181,6.45
2583,healthcare,EMEA,low,23,0,0.19,12.23
2584,education,APAC,low,17,1,0.081,17.45
2585,retail,NA,high,4,0,0.208,16.19
2586,education,NA,high,22,1,0.314,4.54
2587,education,EMEA,low,9,0,0.16,10.56
2588,retail,APAC,medium,16,0,0.247,6.33
2589,public_sector,NA,low,1,0,0.178,10.3
2590,finance,NA,low,4,1,0.076,4.57
2591,finance,APAC,medium,18,1,0.268,12.97
2592,public_sector,APAC,low,1,0,0.118,8.9
2593,finance,NA,medium,5,0,0.197,11.07
2594,healthcare,APAC,low,9,0,0.075,4.48
2595,public_sector,APAC,high,7,0,0.325,10.85
2596,retail,APAC,low,4,0,0.14,2.94
2597,healthcare,APAC,low,0,0,0.09,17.29
2598,retail,NA,low,1,0,0.111,13.29
2599,public_sector,EMEA,low,15,1,0.243,10.01
2600,finance,NA,low,13,1,0.341,17.06
2601,retail,NA,low,23,1,0.197,5.97
2602,public_sector,EMEA,low,14,0,0.081,15.29
2603,healthcare,NA,high,8,0,0.083,2.67
2604,public_sector,EMEA,medium,23,0,0.231,9.72
2605,public_sector,EMEA,low,12,0,0.252,16.78
2606,retail,APAC,low,2,1,0.061,5.87
2607,healthcare,NA,high,23,0,0.19,2.43
2608,healthcare,NA,low,2,1,0.11,4.51
2609,public_sector,NA,high,5,0,0.317,17.28
2610,healthcare,NA,low,13,0,0.139,12.67
2611,retail,EMEA,medium,1,0,0.336,15.68
2612,finance,APAC,medium,16,1,0.267,6.74
2613,public_sector,APAC,low,19,0,0.164,12.05
2614,education,EMEA,low,18,0,0.217,8.93
2615,education,NA,medium,18,0,0.323,9.38
2616,healthcare,APAC,medium,20,1,0.07,2.4
2617,healthcare,NA,medium,18,0,0.104,4.26
2618,public_sector,APAC,medium,6,1,0.09,4.4
2619,finance,EMEA,low,21,0,0.09,15.56
2620,healthcare,NA,medium,6,0,0.215,17.19
2621,finance,EMEA,medium,18,0,0.304,4.6
2622,finance,APAC,low,11,0,0.184,4.31
2623,retail,APAC,high,3,0,0.2,13.1
2624,public_sector,EMEA,low,2,0,0.06,5.42
2625,public_sector,NA,medium,15,1,0.303,4.96
2626,healthcare,APAC,low,16,0,0.27,12.77
2627,retail,EMEA,low,4,1,0.287,9.89
2628,retail,APAC,low,23,0,0.218,12.18
2629,retail,EMEA,medium,16,0,0.221,11.53
2630,healthcare,APAC,low,1,0,0.149,9.5
2631,education,NA,low,5,0,0.187,10.05
2632,public_sector,APAC,low,8,0,0.3,4.36
2633,healthcare,EMEA,low,1,0,0.094,3.6
2634,public_sector,NA,medium,21,0,0.202,3.94
2635,retail,NA,high,11,0,0.237,13.95
2636,finance,APAC,low,17,0,0.251,6.74
2637,education,EMEA,low,15,0,0.108,17.31
2638,retail,APAC,low,9,0,0.111,15.36
2639,education,NA,medium,3,0,0.261,4.95
2640,finance,NA,low,3,0,0.077,10.86
2641,education,EMEA,low,0,0,0.057,15.46
2642,retail,EMEA,low,7,0,0.213,7.39
2643,public_sector,APAC,low,22,0,0.1,11.01
2644,finance,EMEA,high,1,0,0.182,15.27
2645,finance,NA,low,5,0,0.17,7.78
2646,public_sector,APAC,medium,23,0,0.225,2.5
2647,public_sector,APAC,low,11,0,0.137,9.2
2648,education,EMEA,medium,5,0,0.329,8.76
2649,public_sector,EMEA,low,22,0,0.136,6.45
2650,public_sector,EMEA,high,10,0,0.167,9.52
2651,healthcare,APAC,high,16,0,0.071,16.28
2652,finance,NA,low,8,0,0.339,17.11
2653,retail,NA,low,14,0,0.205,14.2
2654,finance,APAC,low,11,0,0.134,13.85
2655,healthcare,APAC,low,13,1,0.329,7.49
2656,education,APAC,high,13,1,0.094,8.14
2657,education,EMEA,high,13,0,0.185,5.53
2658,retail,APAC,high,20,0,0.078,10.75
2659,public_sector,EMEA,low,11,0,0.226,13.11
2660,retail,APAC,low,21,0,0.093,5.09
2661,education,APAC,low,4,0,0.059,7.53
2662,education,NA,high,4,0,0.053,8.19
2663,retail,NA,high,4,1,0.085,17.43
2664,education,APAC,low,18,0,0.281,5.45
2665,finance,EMEA,low,23,1,0.151,8.0
2666,public_sector,EMEA,medium,6,1,0.344,13.45
2667,healthcare,EMEA,medium,8,0,0.236,11.09
2668,finance,EMEA,high,10,0,0.132,17.29
2669,public_sector,EMEA,medium,20,0,0.338,15.74
2670,retail,EMEA,medium,7,0,0.3,9.1
2671,healthcare,APAC,medium,20,1,0.303,13.4
2672,healthcare,APAC,low,22,0,0.273,10.92
2673,healthcare,NA,low,15,0,0.237,13.77
2674,retail,EMEA,low,10,0,0.331,12.32
2675,education,NA,high,23,0,0.34,17.25
2676,public_sector,EMEA,low,14,0,0.093,5.6
2677,finance,EMEA,low,5,0,0.234,1.66
2678,education,EMEA,medium,15,0,0.246,3.9
2679,public_sector,NA,medium,21,0,0.279,6.23
2680,public_sector,NA,high,0,0,0.162,4.71
2681,finance,NA,low,13,0,0.091,1.98
2682,finance,APAC,low,22,0,0.287,7.98
2683,public_sector,NA,high,9,1,0.176,12.2
2684,retail,EMEA,low,12,0,0.253,17.53
2685,public_sector,EMEA,low,16,1,0.335,13.11
2686,healthcare,EMEA,low,7,1,0.333,12.93
2687,healthcare,NA,medium,3,0,0.339,5.54
2688,healthcare,EMEA,low,6,0,0.243,9.72
2689,finance,APAC,low,17,0,0.154,9.27
2690,retail,APAC,medium,7,0,0.22,5.75
2691,retail,APAC,low,11,0,0.058,3.92
2692,education,APAC,low,1,1,0.176,3.93
2693,finance,APAC,low,12,0,0.183,2.37
2694,public_sector,APAC,low,13,0,0.107,4.68
2695,education,EMEA,low,17,0,0.222,13.55
2696,education,APAC,low,15,0,0.114,8.99
2697,retail,NA,high,7,1,0.087,16.54
2698,education,EMEA,medium,15,0,0.253,6.15
2699,finance,EMEA,medium,14,0,0.093,8.78
2700,public_sector,EMEA,low,7,0,0.086,5.52
2701,healthcare,APAC,high,9,0,0.249,11.22
2702,public_sector,NA,low,3,0,0.163,8.01
2703,finance,NA,medium,21,0,0.14,14.15
2704,healthcare,APAC,low,22,0,0.075,8.69
2705,public_sector,NA,low,17,1,0.213,4.01
2706,retail,NA,low,5,0,0.281,13.31
2707,finance,EMEA,low,15,0,0.322,6.24
2708,education,NA,low,1,0,0.255,9.2
2709,public_sector,NA,low,18,0,0.081,16.44
2710,healthcare,APAC,low,14,0,0.293,16.19
2711,finance,NA,medium,1,0,0.247,17.01
2712,retail,EMEA,low,10,0,0.147,11.71
2713,public_sector,APAC,low,18,1,0.251,17.53
2714,finance,NA,high,10,0,0.063,17.14
2715,education,APAC,low,4,0,0.15,10.53
2716,healthcare,EMEA,medium,20,1,0.109,8.17
2717,education,EMEA,low,10,0,0.313,5.73
2718,healthcare,EMEA,low,7,0,0.283,4.16
2719,healthcare,EMEA,high,20,0,0.102,7.65
2720,education,EMEA,low,7,0,0.349,7.43
2721,retail,APAC,low,14,0,0.196,14.46
2722,education,NA,medium,10,0,0.298,7.62
2723,finance,NA,low,18,0,0.109,12.59
2724,healthcare,APAC,low,19,0,0.145,14.55
2725,finance,EMEA,low,22,1,0.255,1.55
2726,public_sector,EMEA,medium,15,0,0.184,15.56
2727,finance,APAC,low,22,0,0.083,17.62
2728,retail,NA,low,15,0,0.174,4.58
2729,retail,APAC,low,21,0,0.291,12.77
2730,healthcare,APAC,low,7,0,0.059,4.73
2731,finance,APAC,low,17,0,0.228,15.46
2732,public_sector,APAC,low,1,0,0.212,4.3
2733,education,APAC,medium,17,0,0.114,7.17
2734,public_sector,APAC,low,8,0,0.339,12.84
2735,retail,EMEA,low,19,0,0.116,6.41
2736,retail,NA,medium,11,0,0.16,17.96
2737,retail,APAC,low,0,1,0.158,6.08
2738,education,NA,low,12,0,0.07,10.52
2739,finance,EMEA,low,11,0,0.229,12.92
2740,healthcare,EMEA,low,15,0,0.259,8.97
2741,healthcare,EMEA,low,19,0,0.277,9.36
2742,education,EMEA,low,0,0,0.118,4.24
2743,healthcare,NA,low,0,0,0.225,6.86
2744,public_sector,EMEA,medium,12,0,0.147,2.95
2745,finance,EMEA,low,17,0,0.109,5.53
2746,retail,NA,medium,4,1,0.093,13.49
2747,healthcare,NA,medium,23,0,0.283,14.45
2748,education,APAC,low,7,1,0.339,7.13
2749,finance,NA,low,13,0,0.277,2.8
2750,education,NA,low,1,1,0.148,11.77
2751,education,NA,low,19,0,0.211,13.38
2752,retail,NA,medium,7,0,0.268,8.12
2753,finance,NA,low,15,1,0.176,13.84
2754,retail,APAC,medium,9,0,0.281,12.73
2755,healthcare,APAC,low,19,0,0.137,6.01
2756,education,EMEA,low,7,0,0.287,9.92
2757,finance,NA,medium,2,0,0.158,11.49
2758,retail,EMEA,medium,20,0,0.215,6.37
2759,public_sector,NA,high,0,1,0.262,15.28
2760,education,APAC,low,7,0,0.324,14.6
2761,public_sector,EMEA,high,0,0,0.192,5.81
2762,finance,EMEA,high,1,0,0.104,4.51
2763,education,APAC,low,13,0,0.109,15.05
2764,retail,NA,medium,2,0,0.075,11.98
2765,education,APAC,low,21,0,0.269,13.71
2766,education,APAC,low,12,0,0.348,4.43
2767,retail,EMEA,high,14,0,0.243,15.26
2768,public_sector,EMEA,medium,9,0,0.122,2.29
2769,healthcare,EMEA,medium,2,0,0.301,5.47
2770,public_sector,EMEA,low,12,0,0.182,5.62
2771,public_sector,NA,medium,12,0,0.061,17.48
2772,finance,APAC,low,12,0,0.264,15.41
2773,healthcare,EMEA,low,21,0,0.344,14.89
2774,healthcare,APAC,medium,11,0,0.111,10.66
2775,finance,EMEA,medium,1,0,0.281,10.93
2776,education,APAC,medium,6,0,0.203,11.35
2777,public_sector,APAC,medium,14,0,0.342,3.8
2778,retail,EMEA,low,18,0,0.106,14.18
2779,finance,NA,high,0,1,0.079,5.84
2780,retail,EMEA,medium,2,0,0.076,15.96
2781,healthcare,APAC,low,7,0,0.244,4.51
2782,public_sector,APAC,high,11,1,0.128,16.17
2783,finance,APAC,medium,6,0,0.334,12.27
2784,public_sector,NA,medium,17,0,0.243,12.02
2785,healthcare,EMEA,high,7,0,0.106,17.13
2786,public_sector,NA,low,13,0,0.103,7.48
2787,education,EMEA,low,6,0,0.291,17.09
2788,public_sector,EMEA,medium,4,0,0.318,17.83
2789,finance,EMEA,low,3,0,0.082,12.61
2790,education,APAC,low,1,0,0.341,10.07
2791,retail,NA,low,14,0,0.342,11.28
2792,retail,APAC,low,14,0,0.286,11.81
2793,retail,APAC,low,2,0,0.212,7.94
2794,education,APAC,low,8,0,0.167,14.92
2795,healthcare,APAC,low,9,0,0.208,1.79
2796,finance,APAC,low,14,0,0.188,3.63
2797,public_sector,APAC,medium,14,0,0.076,2.19
2798,retail,NA,low,21,0,0.331,5.38
2799,finance,NA,low,17,1,0.264,5.14
2800,retail,EMEA,medium,0,0,0.331,14.71
2801,healthcare,APAC,low,16,1,0.273,4.14
2802,public_sector,APAC,low,9,0,0.202,6.46
2803,healthcare,EMEA,medium,7,0,0.292,10.29
2804,education,APAC,low,10,0,0.157,13.54
2805,education,EMEA,medium,6,1,0.216,15.88
2806,education,APAC,medium,13,0,0.064,16.83
2807,retail,NA,low,1,0,0.334,13.03
2808,healthcare,APAC,low,2,0,0.108,16.91
2809,healthcare,APAC,medium,21,1,0.292,10.78
2810,education,EMEA,low,10,0,0.145,7.04
2811,retail,APAC,low,14,0,0.077,12.46
2812,public_sector,EMEA,low,12,0,0.225,13.4
2813,healthcare,EMEA,high,19,0,0.074,3.56
2814,education,APAC,high,9,0,0.219,6.9
2815,education,APAC,low,0,0,0.199,11.58
2816,healthcare,EMEA,high,15,0,0.142,8.34
2817,education,EMEA,low,15,0,0.298,16.56
2818,education,APAC,medium,13,0,0.211,7.81
2819,public_sector,APAC,high,22,0,0.18,9.25
2820,finance,APAC,medium,3,0,0.074,5.92
2821,healthcare,APAC,low,4,0,0.087,9.36
2822,education,NA,medium,13,1,0.191,7.12
2823,public_sector,NA,low,14,0,0.255,2.91
2824,healthcare,APAC,medium,13,0,0.17,5.62
2825,retail,APAC,low,13,0,0.151,7.46
2826,education,EMEA,medium,20,0,0.092,5.21
2827,retail,NA,low,6,0,0.226,16.8
2828,retail,APAC,low,6,0,0.257,17.03
2829,education,EMEA,medium,22,0,0.131,3.7
2830,education,NA,medium,14,0,0.206,2.24
2831,retail,NA,medium,18,0,0.335,11.44
2832,retail,NA,high,0,0,0.17,2.08
2833,public_sector,EMEA,medium,3,0,0.261,7.78
2834,finance,EMEA,medium,6,0,0.277,2.85
2835,finance,NA,low,21,0,0.317,7.43
2836,retail,NA,high,6,0,0.066,16.06
2837,public_sector,NA,low,7,0,0.1,9.05
2838,healthcare,NA,medium,9,0,0.321,14.53
2839,finance,APAC,medium,16,0,0.243,14.43
2840,education,EMEA,medium,14,0,0.286,9.83
2841,public_sector,APAC,low,9,0,0.057,8.73
2842,education,EMEA,high,15,0,0.133,7.45
2843,retail,EMEA,low,20,1,0.07,15.65
2844,healthcare,APAC,low,17,0,0.332,6.33
2845,healthcare,APAC,medium,12,0,0.188,17.83
2846,finance,EMEA,low,21,0,0.238,4.18
2847,healthcare,APAC,low,23,0,0.264,9.59
2848,public_sector,EMEA,high,3,0,0.343,2.82
2849,finance,NA,medium,12,0,0.276,15.38
2850,finance,APAC,low,14,0,0.2,2.89
2851,finance,EMEA,medium,8,0,0.292,8.49
2852,healthcare,NA,low,12,0,0.144,9.72
2853,retail,NA,low,19,0,0.126,9.91
2854,education,APAC,low,11,0,0.32,6.24
2855,finance,EMEA,low,15,0,0.309,15.03
2856,healthcare,NA,low,15,0,0.29,13.26
2857,finance,APAC,low,15,1,0.073,7.11
2858,finance,NA,medium,6,0,0.072,17.25
2859,healthcare,APAC,low,17,1,0.26,8.76
2860,finance,EMEA,medium,11,0,0.332,8.0
2861,finance,NA,medium,23,0,0.084,3.06
2862,finance,EMEA,medium,1,0,0.245,13.63
2863,public_sector,EMEA,high,18,1,0.089,13.6
2864,education,EMEA,low,3,1,0.109,8.47
2865,retail,EMEA,medium,8,0,0.323,6.91
2866,retail,APAC,low,18,0,0.304,5.17
2867,finance,APAC,medium,5,0,0.305,8.22
2868,retail,NA,medium,11,0,0.208,4.84
2869,retail,NA,low,22,0,0.247,7.06
2870,public_sector,NA,medium,1,1,0.109,4.01
2871,finance,NA,medium,11,0,0.134,2.03
2872,public_sector,NA,low,7,0,0.231,5.12
2873,public_sector,APAC,low,0,0,0.212,13.77
2874,healthcare,NA,low,6,0,0.264,2.52
2875,healthcare,NA,low,3,1,0.292,13.11
2876,public_sector,NA,low,9,0,0.121,4.52
2877,education,APAC,low,4,0,0.208,17.79
2878,retail,EMEA,medium,16,0,0.054,17.3
2879,public_sector,NA,medium,1,0,0.212,15.47
2880,healthcare,APAC,low,17,0,0.22,1.51
2881,finance,NA,low,14,0,0.209,6.98
2882,public_sector,APAC,medium,17,0,0.06,2.49
2883,healthcare,EMEA,low,17,0,0.119,6.02
2884,finance,EMEA,low,13,1,0.328,6.91
2885,healthcare,EMEA,low,9,0,0.339,5.37
2886,finance,APAC,low,4,0,0.153,17.51
2887,public_sector,EMEA,low,17,0,0.262,17.9
2888,retail,NA,high,12,0,0.347,6.39
2889,retail,EMEA,low,1,0,0.106,11.28
2890,healthcare,EMEA,low,18,1,0.257,6.67
2891,public_sector,APAC,low,15,0,0.229,8.58
2892,finance,APAC,low,22,0,0.338,16.83
2893,finance,EMEA,low,11,0,0.127,1.91
2894,public_sector,EMEA,low,18,0,0.195,4.12
2895,public_sector,EMEA,high,3,0,0.116,3.82
2896,healthcare,NA,medium,18,0,0.284,13.05
2897,education,NA,high,19,0,0.18,14.31
2898,retail,APAC,medium,15,0,0.205,5.03
2899,healthcare,NA,medium,14,0,0.297,10.16
2900,retail,EMEA,low,3,0,0.129,14.44
2901,healthcare,APAC,high,5,0,0.142,3.88
2902,education,EMEA,low,4,0,0.157,11.17
2903,education,APAC,medium,10,1,0.125,13.7
2904,education,NA,medium,19,0,0.263,9.54
2905,retail,APAC,low,12,0,0.246,5.5
2906,finance,APAC,low,10,0,0.112,15.62
2907,healthcare,APAC,medium,3,0,0.098,14.76
2908,education,APAC,low,9,1,0.214,11.68
2909,public_sector,NA,high,21,0,0.201,1.71
2910,healthcare,APAC,low,13,0,0.191,13.93
2911,public_sector,APAC,medium,19,0,0.289,12.01
2912,healthcare,NA,low,15,0,0.294,16.49
2913,healthcare,APAC,medium,4,0,0.062,17.65
2914,public_sector,EMEA,low,15,1,0.299,7.5
2915,education,APAC,high,11,1,0.167,15.07
2916,education,NA,high,4,1,0.061,14.5
2917,education,EMEA,low,5,0,0.247,5.03
2918,finance,NA,medium,10,0,0.24,8.73
2919,education,NA,low,13,0,0.173,5.12
2920,public_sector,EMEA,medium,10,0,0.301,16.7
2921,public_sector,EMEA,low,21,0,0.091,7.14
2922,healthcare,NA,low,22,0,0.201,8.79
2923,finance,APAC,medium,10,0,0.206,8.95
2924,education,APAC,low,3,0,0.133,10.94
2925,finance,APAC,medium,16,0,0.08,12.38
2926,education,APAC,medium,21,0,0.114,7.57
2927,retail,NA,medium,11,1,0.07,7.92
2928,public_sector,EMEA,medium,9,0,0.183,4.74
2929,healthcare,NA,high,6,1,0.246,13.27
2930,public_sector,NA,low,10,0,0.117,14.32
2931,finance,EMEA,low,9,0,0.184,15.99
2932,public_sector,EMEA,low,17,0,0.123,5.42
2933,public_sector,APAC,medium,8,0,0.085,12.52
2934,finance,EMEA,low,10,0,0.11,9.57
2935,retail,NA,low,10,1,0.24,17.03
2936,finance,NA,low,15,0,0.076,17.56
2937,healthcare,EMEA,low,0,0,0.231,10.92
2938,retail,EMEA,low,8,0,0.171,7.55
2939,public_sector,NA,medium,16,0,0.343,13.74
2940,finance,NA,high,23,0,0.329,6.99
2941,finance,EMEA,low,15,0,0.136,7.82
2942,healthcare,NA,medium,14,0,0.341,13.79
2943,finance,APAC,medium,16,0,0.212,8.26
2944,retail,APAC,medium,13,0,0.185,1.91
2945,finance,EMEA,low,17,1,0.077,11.26
2946,public_sector,EMEA,low,6,0,0.156,3.78
2947,retail,APAC,medium,18,0,0.072,11.3
2948,public_sector,NA,high,22,0,0.341,1.66
2949,public_sector,NA,low,18,0,0.261,15.93
2950,public_sector,EMEA,low,4,0,0.085,11.16
2951,healthcare,NA,high,12,0,0.204,4.61
2952,education,APAC,medium,11,0,0.208,4.2
2953,education,NA,medium,11,0,0.197,9.65
2954,retail,APAC,high,1,0,0.279,7.92
2955,public_sector,EMEA,low,5,0,0.311,15.04
2956,education,EMEA,high,0,1,0.246,2.66
2957,finance,APAC,medium,18,0,0.228,10.77
2958,healthcare,APAC,medium,12,0,0.131,3.54
2959,retail,APAC,high,23,0,0.242,8.48
2960,retail,EMEA,low,1,0,0.082,3.19
2961,retail,NA,medium,0,0,0.182,1.73
2962,healthcare,NA,low,8,0,0.31,5.27
2963,public_sector,NA,medium,4,0,0.221,5.02
2964,healthcare,APAC,low,9,0,0.192,16.49
2965,healthcare,APAC,medium,1,0,0.183,10.86
2966,healthcare,EMEA,high,17,0,0.288,9.83
2967,retail,EMEA,low,4,0,0.221,11.09
2968,public_sector,EMEA,high,11,0,0.344,4.1
2969,public_sector,APAC,low,1,0,0.119,16.0
2970,finance,APAC,medium,18,0,0.19,3.13
2971,education,NA,low,4,0,0.253,8.37
2972,healthcare,APAC,low,10,0,0.334,6.82
2973,public_sector,EMEA,low,21,1,0.33,1.99
2974,public_sector,APAC,low,0,0,0.14,12.35
2975,retail,EMEA,low,3,0,0.2,12.69
2976,education,EMEA,medium,1,0,0.217,2.71
2977,healthcare,EMEA,low,15,0,0.261,11.29
2978,education,EMEA,medium,22,0,0.239,8.04
2979,healthcare,EMEA,low,2,1,0.208,12.74
2980,finance,APAC,medium,8,0,0.097,4.6
2981,public_sector,APAC,low,19,1,0.168,14.65
2982,healthcare,EMEA,low,10,1,0.346,16.68
2983,retail,EMEA,high,9,0,0.272,11.0
2984,public_sector,NA,low,19,0,0.261,11.28
2985,education,NA,low,18,0,0.148,14.96
2986,finance,NA,high,17,0,0.177,3.84
2987,healthcare,APAC,low,5,1,0.127,2.08
2988,finance,NA,medium,13,0,0.271,17.68
2989,retail,EMEA,low,23,0,0.328,13.05
2990,healthcare,NA,low,15,0,0.33,16.78
2991,healthcare,EMEA,high,9,0,0.092,4.38
2992,healthcare,EMEA,medium,15,0,0.304,10.64
2993,healthcare,EMEA,low,21,0,0.223,15.78
2994,retail,APAC,low,20,0,0.056,11.79
2995,retail,NA,high,17,0,0.24,9.37
2996,retail,APAC,high,13,0,0.183,7.91
2997,public_sector,NA,low,16,1,0.337,16.33
2998,education,NA,medium,16,0,0.349,17.03
2999,healthcare,NA,low,15,1,0.152,2.25
3000,finance,NA,low,17,0,0.181,5.25
3001,retail,NA,high,11,0,0.245,11.65
3002,public_sector,NA,medium,17,0,0.084,17.16
3003,healthcare,APAC,low,10,0,0.175,11.95
3004,public_sector,NA,low,23,1,0.192,12.63
3005,education,EMEA,medium,4,0,0.183,8.43
3006,finance,EMEA,medium,6,1,0.156,2.61
3007,retail,NA,high,15,0,0.105,2.34
3008,education,NA,high,7,0,0.185,15.17
3009,healthcare,APAC,low,7,0,0.141,7.34
3010,healthcare,APAC,high,16,0,0.125,5.79
3011,finance,NA,low,15,0,0.194,1.91
3012,finance,NA,low,14,1,0.082,7.4
3013,public_sector,NA,high,10,0,0.248,6.0
3014,finance,APAC,low,9,0,0.342,2.47
3015,healthcare,NA,high,11,0,0.133,12.3
3016,education,EMEA,low,14,0,0.234,7.84
3017,retail,APAC,high,23,0,0.208,7.19
3018,public_sector,EMEA,low,3,0,0.06,5.61
3019,retail,EMEA,high,8,0,0.063,7.15
3020,public_sector,APAC,low,3,0,0.216,15.45
3021,education,APAC,low,6,0,0.128,16.25
3022,healthcare,APAC,medium,0,0,0.154,9.07
3023,healthcare,APAC,low,12,0,0.315,1.79
3024,public_sector,NA,low,4,0,0.138,15.26
3025,retail,NA,low,10,0,0.108,8.24
3026,public_sector,EMEA,medium,22,0,0.122,10.45
3027,finance,EMEA,low,11,0,0.204,11.6
3028,education,NA,medium,16,1,0.161,4.89
3029,education,EMEA,high,22,0,0.09,9.78
3030,education,APAC,low,14,0,0.11,14.42
3031,retail,NA,medium,3,0,0.278,4.96
3032,public_sector,APAC,low,7,0,0.338,1.88
3033,retail,APAC,medium,22,1,0.061,12.33
3034,retail,APAC,low,11,0,0.302,5.2
3035,finance,NA,medium,8,0,0.348,11.9
3036,healthcare,NA,low,18,0,0.185,7.12
3037,healthcare,NA,medium,10,0,0.254,3.5
3038,retail,APAC,medium,18,0,0.301,6.11
3039,public_sector,APAC,high,3,0,0.05,13.77
3040,public_sector,EMEA,low,23,1,0.053,4.94
3041,education,NA,low,21,0,0.309,12.23
3042,retail,APAC,low,14,0,0.085,5.64
3043,public_sector,EMEA,low,12,0,0.141,15.29
3044,education,NA,low,15,0,0.334,9.14
3045,finance,NA,medium,16,0,0.267,8.69
3046,healthcare,APAC,medium,10,1,0.28,5.65
3047,finance,EMEA,low,13,0,0.119,8.23
3048,finance,EMEA,medium,10,0,0.305,9.38
3049,retail,EMEA,low,10,0,0.078,16.44
3050,education,EMEA,low,23,0,0.088,3.4
3051,healthcare,APAC,low,8,0,0.209,10.22
3052,healthcare,EMEA,low,20,1,0.307,11.0
3053,education,EMEA,low,8,1,0.229,13.94
3054,education,APAC,low,21,1,0.183,16.06
3055,healthcare,APAC,low,21,0,0.067,1.72
3056,finance,APAC,low,15,0,0.05,12.93
3057,public_sector,APAC,medium,1,0,0.314,13.92
3058,education,EMEA,low,8,0,0.245,2.0
3059,education,NA,high,20,0,0.345,6.57
3060,finance,APAC,low,19,0,0.253,6.48
3061,retail,EMEA,medium,12,1,0.183,14.31
3062,retail,APAC,low,22,0,0.095,10.91
3063,education,NA,low,17,0,0.234,12.38
3064,retail,APAC,high,17,0,0.189,14.51
3065,finance,EMEA,low,10,0,0.096,15.59
3066,finance,NA,high,4,1,0.253,5.4
3067,finance,APAC,low,12,1,0.269,12.34
3068,education,EMEA,low,11,0,0.307,16.19
3069,finance,EMEA,medium,16,0,0.287,14.9
3070,finance,EMEA,low,5,0,0.144,12.71
3071,finance,NA,low,20,1,0.128,4.46
3072,healthcare,NA,low,19,0,0.183,7.29
3073,public_sector,APAC,medium,1,0,0.312,17.97
3074,retail,EMEA,medium,0,0,0.333,16.49
3075,public_sector,NA,low,2,0,0.11,5.93
3076,finance,APAC,low,15,0,0.329,16.59
3077,education,NA,low,4,0,0.21,2.95
3078,public_sector,EMEA,medium,9,1,0.163,9.21
3079,education,EMEA,low,14,0,0.24,10.38
3080,public_sector,EMEA,high,15,0,0.238,5.91
3081,healthcare,EMEA,medium,0,0,0.238,10.1
3082,public_sector,APAC,low,2,1,0.306,14.49
3083,education,NA,low,5,0,0.294,2.1
3084,retail,APAC,low,8,0,0.209,6.68
3085,education,NA,medium,1,0,0.071,9.9
3086,retail,APAC,low,13,0,0.207,10.97
3087,healthcare,NA,medium,5,0,0.308,11.13
3088,retail,APAC,medium,1,0,0.05,8.48
3089,healthcare,EMEA,low,19,0,0.223,2.3
3090,public_sector,APAC,low,12,0,0.316,8.45
3091,public_sector,NA,high,5,0,0.28,2.48
3092,finance,APAC,low,23,0,0.129,6.87
3093,healthcare,APAC,low,9,0,0.237,14.69
3094,retail,APAC,medium,6,0,0.144,16.89
3095,retail,EMEA,medium,5,0,0.281,8.22
3096,retail,EMEA,low,6,0,0.291,8.45
3097,education,EMEA,medium,3,0,0.16,3.43
3098,public_sector,EMEA,low,15,0,0.313,3.76
3099,finance,APAC,low,23,1,0.073,15.22
3100,retail,EMEA,medium,21,0,0.151,16.64
3101,finance,NA,low,6,0,0.286,14.69
3102,retail,NA,medium,6,0,0.228,12.38
3103,retail,NA,medium,22,0,0.091,3.0
3104,finance,APAC,medium,20,0,0.249,1.93
3105,retail,NA,medium,13,0,0.261,6.99
3106,education,NA,low,13,0,0.149,8.51
3107,retail,APAC,medium,12,1,0.271,15.24
3108,healthcare,NA,medium,18,0,0.247,15.0
3109,finance,APAC,low,0,0,0.079,8.74
3110,education,EMEA,high,1,0,0.142,10.58
3111,finance,APAC,medium,12,0,0.194,5.81
3112,finance,NA,medium,21,0,0.264,7.07
3113,public_sector,EMEA,low,12,0,0.241,15.64
3114,finance,EMEA,medium,13,0,0.236,5.03
3115,education,NA,medium,6,0,0.233,2.86
3116,finance,EMEA,low,9,1,0.264,4.24
3117,retail,APAC,low,8,0,0.076,11.21
3118,education,EMEA,low,18,0,0.276,14.08
3119,retail,NA,low,19,0,0.251,13.31
3120,public_sector,NA,medium,12,0,0.213,14.74
3121,healthcare,APAC,high,5,0,0.272,16.37
3122,retail,EMEA,medium,10,0,0.341,4.18
3123,retail,NA,medium,23,0,0.331,2.61
3124,retail,NA,low,8,0,0.277,14.56
3125,retail,NA,low,14,0,0.17,4.55
3126,finance,EMEA,low,2,0,0.333,2.62
3127,public_sector,APAC,low,19,0,0.202,7.31
3128,retail,NA,medium,10,1,0.325,17.85
3129,public_sector,APAC,low,1,0,0.273,3.08
3130,public_sector,APAC,medium,7,1,0.317,6.43
3131,education,NA,medium,5,0,0.143,17.2
3132,finance,EMEA,low,7,0,0.279,3.9
3133,finance,EMEA,medium,14,0,0.053,16.43
3134,education,APAC,low,6,0,0.214,16.75
3135,finance,EMEA,low,16,1,0.106,9.0
3136,education,NA,low,15,0,0.085,3.17
3137,public_sector,EMEA,low,20,1,0.199,12.65
3138,finance,EMEA,low,6,0,0.198,14.04
3139,finance,EMEA,medium,2,0,0.327,3.9
3140,retail,NA,high,10,0,0.287,13.2
3141,healthcare,NA,low,15,0,0.141,11.05
3142,retail,NA,medium,8,0,0.285,3.25
3143,education,EMEA,low,3,1,0.326,14.88
3144,retail,APAC,low,2,0,0.185,17.04
3145,retail,EMEA,low,14,0,0.076,2.0
3146,public_sector,NA,low,20,0,0.324,16.75
3147,retail,EMEA,medium,6,0,0.105,14.61
3148,education,NA,high,12,0,0.067,5.22
3149,healthcare,NA,medium,3,0,0.173,7.86
3150,healthcare,NA,medium,0,0,0.073,8.42
3151,healthcare,NA,low,19,0,0.214,12.86
3152,public_sector,EMEA,low,7,0,0.346,4.04
3153,healthcare,APAC,low,13,0,0.202,14.27
3154,education,EMEA,low,14,1,0.066,6.63
3155,finance,APAC,low,5,0,0.313,7.68
3156,healthcare,EMEA,low,15,0,0.116,11.2
3157,healthcare,APAC,high,23,0,0.071,8.25
3158,healthcare,APAC,low,20,0,0.164,14.22
3159,public_sector,APAC,medium,18,0,0.112,3.49
3160,healthcare,NA,medium,9,0,0.283,15.9
3161,retail,EMEA,low,4,0,0.067,4.61
3162,retail,APAC,high,23,0,0.171,7.79
3163,education,EMEA,low,18,0,0.142,11.52
3164,retail,EMEA,medium,0,0,0.066,10.54
3165,finance,NA,medium,16,0,0.253,15.32
3166,public_sector,APAC,medium,23,0,0.197,12.82
3167,public_sector,NA,low,9,0,0.325,14.77
3168,public_sector,APAC,low,22,0,0.199,6.86
3169,healthcare,EMEA,low,21,0,0.111,10.3
3170,public_sector,EMEA,low,2,0,0.263,4.56
3171,public_sector,EMEA,low,21,0,0.236,13.51
3172,retail,APAC,low,8,0,0.193,10.64
3173,healthcare,EMEA,low,9,0,0.08,7.86
3174,finance,EMEA,low,15,0,0.2,6.99
3175,retail,NA,low,18,0,0.289,14.56
3176,finance,APAC,low,2,0,0.282,1.85
3177,finance,NA,medium,0,0,0.294,13.74
3178,finance,NA,low,1,0,0.144,16.82
3179,healthcare,APAC,medium,8,0,0.334,9.68
3180,healthcare,EMEA,medium,17,0,0.161,5.93
3181,finance,NA,low,18,0,0.106,1.81
3182,education,NA,low,5,0,0.345,17.06
3183,healthcare,APAC,low,7,0,0.106,4.52
3184,healthcare,EMEA,high,4,0,0.052,13.71
3185,healthcare,APAC,low,23,0,0.27,4.35
3186,public_sector,EMEA,medium,16,0,0.244,6.86
3187,public_sector,APAC,low,3,1,0.208,14.12
3188,healthcare,EMEA,high,3,0,0.339,13.05
3189,education,EMEA,low,12,0,0.306,13.06
3190,healthcare,EMEA,low,0,0,0.219,4.11
3191,finance,NA,low,1,0,0.31,16.57
3192,healthcare,NA,low,6,0,0.094,14.34
3193,education,NA,low,15,1,0.064,6.71
3194,healthcare,EMEA,medium,17,0,0.101,14.06
3195,education,EMEA,low,4,0,0.245,11.87
3196,healthcare,EMEA,low,12,0,0.189,10.04
3197,retail,APAC,low,5,0,0.331,5.06
3198,public_sector,NA,low,21,0,0.201,11.99
3199,retail,APAC,low,6,0,0.085,3.15
3200,finance,APAC,high,13,0,0.313,12.85
3201,healthcare,NA,medium,19,1,0.322,16.49
3202,education,NA,low,3,1,0.17,6.11
3203,healthcare,NA,high,0,0,0.097,16.13
3204,healthcare,NA,low,5,0,0.132,12.31
3205,healthcare,EMEA,medium,17,0,0.145,17.96
3206,education,APAC,low,4,0,0.253,8.85
3207,finance,APAC,low,12,0,0.253,6.43
3208,public_sector,APAC,medium,9,0,0.119,2.23
3209,retail,APAC,low,6,0,0.331,17.91
3210,retail,NA,low,21,1,0.295,3.53
3211,finance,EMEA,high,23,0,0.202,10.97
3212,finance,APAC,medium,23,0,0.217,4.59
3213,retail,EMEA,low,6,1,0.148,17.23
3214,retail,NA,low,14,1,0.227,3.62
3215,finance,NA,low,1,0,0.242,7.24
3216,education,NA,medium,12,0,0.075,10.03
3217,finance,EMEA,low,20,0,0.335,16.57
3218,finance,NA,low,20,0,0.064,10.25
3219,education,EMEA,medium,21,0,0.21,12.69
3220,retail,APAC,medium,19,0,0.115,2.24
3221,healthcare,EMEA,low,1,0,0.179,15.32
3222,education,APAC,medium,8,0,0.121,11.43
3223,healthcare,NA,low,6,1,0.083,13.67
3224,retail,APAC,low,16,0,0.244,10.92
3225,retail,EMEA,medium,11,0,0.225,17.24
3226,retail,EMEA,high,22,0,0.172,17.21
3227,finance,NA,medium,16,0,0.07,16.09
3228,public_sector,NA,high,3,0,0.206,2.68
3229,public_sector,EMEA,low,14,0,0.187,11.59
3230,finance,NA,medium,12,1,0.337,8.44
3231,public_sector,APAC,high,11,1,0.138,15.43
3232,public_sector,EMEA,low,4,0,0.051,16.03
3233,healthcare,EMEA,medium,20,0,0.113,17.75
3234,healthcare,NA,medium,4,0,0.348,6.37
3235,education,EMEA,medium,11,0,0.053,10.66
3236,retail,NA,medium,19,1,0.228,2.71
3237,education,EMEA,low,12,0,0.18,10.56
3238,retail,NA,low,21,0,0.153,17.46
3239,education,APAC,low,10,0,0.121,13.41
3240,retail,NA,medium,0,0,0.166,14.53
3241,retail,EMEA,low,19,0,0.244,6.4
3242,healthcare,APAC,low,5,0,0.216,11.63
3243,finance,EMEA,low,18,0,0.112,12.7
3244,finance,EMEA,medium,13,0,0.141,9.59
3245,healthcare,EMEA,low,23,0,0.096,16.61
3246,healthcare,NA,low,15,1,0.322,12.79
3247,finance,NA,low,0,0,0.344,9.47
3248,finance,APAC,medium,18,0,0.318,5.8
3249,public_sector,APAC,medium,18,1,0.317,8.14
3250,healthcare,EMEA,low,20,0,0.183,5.44
3251,retail,EMEA,medium,6,0,0.109,13.99
3252,retail,NA,low,21,0,0.132,6.34
3253,healthcare,EMEA,high,14,0,0.295,16.14
3254,retail,NA,low,13,0,0.101,16.09
3255,education,NA,low,8,0,0.286,13.49
3256,education,APAC,low,16,0,0.334,2.15
3257,public_sector,EMEA,high,16,0,0.246,14.43
3258,public_sector,EMEA,low,23,0,0.229,11.07
3259,education,NA,low,18,1,0.237,14.48
3260,retail,APAC,high,14,0,0.123,7.93
3261,healthcare,APAC,low,18,0,0.308,3.9
3262,education,NA,low,6,0,0.307,8.68
3263,healthcare,NA,high,22,0,0.195,3.95
3264,education,EMEA,medium,9,0,0.127,2.34
3265,retail,EMEA,low,18,0,0.272,13.96
3266,education,APAC,medium,18,0,0.118,11.11
3267,healthcare,NA,high,3,0,0.282,3.62
3268,public_sector,APAC,low,17,0,0.332,15.87
3269,finance,EMEA,low,12,0,0.242,2.12
3270,finance,EMEA,medium,4,0,0.349,13.15
3271,public_sector,NA,medium,17,0,0.254,15.43
3272,healthcare,APAC,high,8,0,0.063,15.69
3273,education,APAC,medium,10,0,0.35,4.9
3274,finance,NA,low,10,0,0.329,8.9
3275,education,NA,low,1,0,0.112,6.39
3276,retail,APAC,low,16,0,0.261,11.38
3277,education,APAC,low,3,0,0.066,16.44
3278,finance,APAC,low,0,0,0.228,15.86
3279,finance,APAC,low,5,0,0.087,15.38
3280,education,APAC,low,5,0,0.092,15.76
3281,education,EMEA,low,8,0,0.107,2.5
3282,education,NA,high,23,0,0.205,4.86
3283,finance,APAC,medium,8,0,0.331,4.53
3284,education,APAC,high,2,1,0.147,10.01
3285,finance,APAC,high,9,0,0.11,8.52
3286,public_sector,NA,high,14,0,0.257,4.59
3287,healthcare,NA,medium,22,0,0.138,12.51
3288,healthcare,APAC,high,5,1,0.186,14.32
3289,healthcare,EMEA,low,21,1,0.134,11.55
3290,public_sector,EMEA,low,14,0,0.097,2.9
3291,education,EMEA,medium,2,0,0.088,15.06
3292,education,APAC,high,11,1,0.342,16.26
3293,retail,EMEA,low,20,1,0.234,2.42
3294,retail,NA,medium,16,0,0.221,6.99
3295,finance,APAC,medium,21,0,0.273,6.44
3296,public_sector,APAC,low,19,0,0.176,12.48
3297,finance,EMEA,low,12,0,0.244,9.0
3298,retail,APAC,low,7,0,0.058,12.46
3299,finance,NA,medium,8,0,0.076,14.46
3300,finance,APAC,low,20,0,0.26,9.34
3301,healthcare,NA,low,13,0,0.305,15.95
3302,education,NA,high,22,1,0.343,1.5
3303,healthcare,EMEA,medium,12,0,0.065,3.4
3304,education,NA,low,12,0,0.269,7.93
3305,retail,APAC,medium,5,0,0.302,17.19
3306,education,NA,low,10,0,0.065,13.08
3307,education,APAC,low,18,0,0.16,6.3
3308,education,EMEA,medium,21,0,0.331,3.83
3309,education,NA,low,18,0,0.12,5.2
3310,finance,APAC,low,4,0,0.168,6.3
3311,public_sector,APAC,low,12,0,0.13,11.89
3312,healthcare,NA,medium,0,0,0.114,14.37
3313,retail,NA,low,16,0,0.256,15.18
3314,education,APAC,high,3,1,0.229,8.28
3315,public_sector,EMEA,medium,14,0,0.068,10.7
3316,finance,EMEA,low,15,1,0.222,6.98
3317,education,APAC,low,6,0,0.331,13.63
3318,finance,NA,low,3,0,0.331,15.21
3319,finance,APAC,low,13,0,0.297,7.57
3320,education,EMEA,medium,9,0,0.221,7.25
3321,retail,EMEA,low,11,0,0.112,5.44
3322,education,NA,high,8,1,0.245,3.82
3323,healthcare,APAC,low,7,0,0.297,10.86
3324,public_sector,APAC,low,7,0,0.241,1.59
3325,finance,APAC,low,4,0,0.269,16.86
3326,public_sector,NA,high,18,1,0.17,1.82
3327,finance,APAC,low,19,0,0.112,11.95
3328,education,EMEA,low,21,0,0.197,4.46
3329,public_sector,APAC,low,17,0,0.318,5.4
3330,public_sector,NA,low,11,1,0.07,11.96
3331,healthcare,APAC,low,21,0,0.134,11.86
3332,education,APAC,medium,1,1,0.237,12.28
3333,public_sector,APAC,low,2,1,0.05,5.31
3334,healthcare,APAC,medium,11,0,0.22,13.61
3335,education,APAC,high,7,0,0.091,2.39
3336,retail,NA,low,1,0,0.213,3.83
3337,education,NA,low,21,0,0.085,16.66
3338,retail,EMEA,medium,22,1,0.108,3.19
3339,finance,APAC,medium,20,0,0.218,15.44
3340,education,NA,low,15,1,0.28,8.59
3341,healthcare,EMEA,medium,18,0,0.105,4.93
3342,education,APAC,medium,7,0,0.139,14.12
3343,public_sector,EMEA,medium,23,0,0.108,3.49
3344,retail,APAC,medium,8,0,0.31,11.43
3345,retail,APAC,low,22,0,0.078,2.9
3346,healthcare,NA,low,4,0,0.092,12.69
3347,healthcare,NA,low,3,0,0.121,17.38
3348,finance,EMEA,low,10,0,0.256,2.49
3349,public_sector,NA,medium,5,0,0.192,4.92
3350,healthcare,APAC,medium,16,0,0.246,15.36
3351,public_sector,APAC,low,14,0,0.229,6.58
3352,retail,EMEA,medium,4,0,0.17,6.7
3353,finance,EMEA,medium,19,0,0.163,14.89
3354,finance,EMEA,medium,23,0,0.066,16.04
3355,retail,APAC,low,4,1,0.261,2.77
3356,healthcare,NA,low,6,0,0.114,5.67
3357,public_sector,NA,low,17,0,0.221,5.19
3358,retail,APAC,medium,12,0,0.166,15.15
3359,public_sector,NA,medium,5,0,0.106,6.3
3360,public_sector,NA,low,13,0,0.083,7.83
3361,finance,EMEA,low,18,0,0.261,13.31
3362,healthcare,EMEA,medium,5,0,0.346,15.26
3363,finance,NA,medium,16,0,0.131,13.97
3364,education,APAC,low,18,0,0.323,17.56
3365,retail,NA,low,8,0,0.1,5.74
3366,public_sector,NA,high,15,0,0.131,10.61
3367,education,APAC,low,11,0,0.278,8.6
3368,healthcare,APAC,medium,15,0,0.285,11.43
3369,education,NA,high,7,0,0.231,12.91
3370,retail,NA,medium,19,1,0.188,3.32
3371,public_sector,APAC,low,1,0,0.093,17.46
3372,retail,APAC,low,2,0,0.083,15.42
3373,education,APAC,medium,1,0,0.323,3.98
3374,education,NA,low,11,0,0.101,11.72
3375,healthcare,APAC,medium,20,0,0.329,12.68
3376,retail,APAC,low,6,1,0.319,17.95
3377,finance,EMEA,low,10,0,0.1,8.77
3378,healthcare,EMEA,low,8,0,0.184,12.23
3379,education,NA,low,15,0,0.187,5.6
3380,finance,APAC,low,4,0,0.083,4.94
3381,public_sector,EMEA,medium,6,1,0.192,12.2
3382,finance,NA,low,16,0,0.155,12.01
3383,finance,APAC,low,4,0,0.142,7.53
3384,education,NA,high,18,0,0.095,3.41
3385,public_sector,NA,low,2,0,0.127,1.97
3386,public_sector,NA,medium,3,0,0.172,8.46
3387,retail,EMEA,low,2,0,0.077,13.31
3388,finance,APAC,medium,17,0,0.156,8.47
3389,retail,APAC,medium,19,0,0.112,9.32
3390,retail,EMEA,medium,18,1,0.332,7.68
3391,public_sector,EMEA,low,5,0,0.181,3.91
3392,finance,APAC,high,12,0,0.229,13.56
3393,retail,APAC,low,5,1,0.271,3.77
3394,retail,APAC,low,14,0,0.319,13.69
3395,public_sector,APAC,low,0,0,0.065,7.28
3396,education,NA,low,9,0,0.184,16.02
3397,healthcare,EMEA,low,11,0,0.317,13.53
3398,retail,EMEA,low,11,0,0.063,17.65
3399,education,NA,medium,16,0,0.169,10.9
3400,finance,APAC,high,6,0,0.108,9.57
3401,healthcare,EMEA,low,10,0,0.209,10.82
3402,finance,APAC,high,8,0,0.295,14.13
3403,healthcare,NA,low,5,0,0.241,4.54
3404,healthcare,EMEA,medium,8,0,0.094,17.04
3405,public_sector,APAC,medium,14,0,0.131,4.52
3406,retail,APAC,low,6,0,0.143,15.72
3407,finance,EMEA,low,12,0,0.065,17.49
3408,finance,NA,high,19,0,0.164,11.08
3409,healthcare,EMEA,low,22,0,0.068,6.33
3410,retail,APAC,medium,8,0,0.07,15.97
3411,retail,APAC,high,15,0,0.161,5.86
3412,retail,EMEA,high,17,0,0.191,10.27
3413,healthcare,NA,high,5,0,0.245,9.08
3414,finance,APAC,low,18,0,0.096,9.06
3415,healthcare,EMEA,medium,22,0,0.237,9.16
3416,finance,APAC,low,9,1,0.327,3.87
3417,public_sector,NA,low,4,0,0.206,3.81
3418,retail,APAC,low,16,1,0.182,4.05
3419,public_sector,EMEA,low,21,0,0.09,3.4
3420,healthcare,NA,low,19,0,0.346,14.63
3421,education,NA,medium,1,0,0.328,14.3
3422,education,EMEA,medium,20,0,0.295,12.74
3423,healthcare,EMEA,medium,2,0,0.165,5.86
3424,public_sector,NA,medium,6,0,0.259,14.18
3425,public_sector,NA,low,17,1,0.099,1.58
3426,education,NA,low,0,0,0.226,6.59
3427,public_sector,APAC,high,3,0,0.331,3.48
3428,education,APAC,low,21,0,0.067,16.9
3429,education,APAC,low,13,0,0.115,15.85
3430,retail,EMEA,medium,18,0,0.088,15.48
3431,public_sector,APAC,low,22,0,0.268,14.65
3432,finance,NA,low,18,1,0.08,10.35
3433,education,NA,low,1,0,0.064,7.75
3434,public_sector,APAC,high,4,0,0.21,13.68
3435,public_sector,EMEA,low,14,1,0.096,17.3
3436,education,EMEA,high,8,0,0.091,6.28
3437,retail,APAC,high,23,0,0.193,17.98
3438,healthcare,EMEA,low,18,0,0.31,2.86
3439,education,EMEA,medium,10,1,0.124,15.22
3440,retail,NA,high,8,0,0.119,17.6
3441,retail,EMEA,medium,8,0,0.23,10.96
3442,retail,EMEA,low,14,0,0.256,10.36
3443,public_sector,APAC,low,19,0,0.093,3.22
3444,finance,NA,low,8,0,0.101,8.84
3445,retail,EMEA,high,5,0,0.27,5.07
3446,healthcare,NA,low,2,0,0.33,16.41
3447,finance,EMEA,low,23,0,0.24,1.54
3448,retail,APAC,low,23,0,0.256,12.83
3449,education,APAC,medium,13,0,0.146,11.01
3450,public_sector,NA,medium,15,0,0.161,15.35
3451,finance,APAC,medium,1,0,0.192,10.79
3452,retail,NA,medium,7,0,0.299,8.39
3453,finance,EMEA,medium,22,0,0.191,16.13
3454,finance,NA,high,8,0,0.293,2.5
3455,education,EMEA,low,10,0,0.149,7.39
3456,finance,NA,medium,0,1,0.126,11.21
3457,retail,EMEA,low,23,0,0.16,13.28
3458,public_sector,APAC,medium,3,0,0.338,11.56
3459,education,APAC,low,5,0,0.189,4.86
3460,retail,APAC,low,21,0,0.194,17.07
3461,healthcare,APAC,medium,11,0,0.115,1.63
3462,public_sector,NA,low,8,0,0.288,5.32
3463,education,APAC,medium,1,0,0.156,13.75
3464,healthcare,APAC,low,16,0,0.302,11.28
3465,healthcare,NA,medium,9,0,0.302,3.27
3466,retail,EMEA,low,20,1,0.322,11.08
3467,finance,NA,low,4,0,0.284,8.83
3468,education,APAC,low,22,0,0.314,7.49
3469,education,APAC,low,14,1,0.177,12.61
3470,public_sector,NA,low,11,0,0.348,16.0
3471,public_sector,EMEA,high,23,0,0.099,7.31
3472,finance,EMEA,low,15,0,0.061,2.32
3473,healthcare,NA,low,8,0,0.316,5.84
3474,public_sector,EMEA,medium,22,0,0.107,12.67
3475,education,EMEA,low,9,0,0.25,14.94
3476,education,NA,low,20,0,0.289,14.49
3477,education,APAC,high,9,0,0.174,8.53
3478,finance,NA,low,3,0,0.111,13.88
3479,healthcare,EMEA,low,5,0,0.261,11.8
3480,finance,EMEA,low,14,0,0.116,10.46
3481,education,NA,low,15,0,0.051,16.69
3482,healthcare,APAC,low,13,0,0.273,3.16
3483,healthcare,NA,low,20,0,0.258,16.23
3484,public_sector,EMEA,high,5,0,0.303,1.74
3485,finance,EMEA,medium,22,0,0.255,15.77
3486,education,EMEA,low,20,0,0.12,8.62
3487,retail,APAC,medium,23,0,0.309,14.88
3488,healthcare,APAC,medium,6,0,0.183,4.17
3489,healthcare,EMEA,low,1,0,0.182,3.31
3490,finance,NA,low,16,0,0.085,17.04
3491,education,NA,low,1,1,0.197,9.81
3492,healthcare,APAC,medium,21,0,0.321,4.15
3493,education,NA,low,18,0,0.065,15.36
3494,healthcare,NA,medium,13,0,0.198,9.64
3495,public_sector,EMEA,high,18,0,0.166,12.83
3496,finance,EMEA,low,4,0,0.233,5.95
3497,public_sector,NA,low,8,0,0.233,9.13
3498,retail,EMEA,medium,5,1,0.276,12.01
3499,finance,EMEA,low,5,1,0.335,4.18
3500,retail,APAC,low,10,0,0.337,6.59
3501,education,APAC,low,21,0,0.085,3.07
3502,education,EMEA,medium,16,1,0.23,12.39
3503,education,NA,low,17,0,0.257,8.18
3504,retail,EMEA,medium,15,0,0.135,9.95
3505,healthcare,NA,medium,10,0,0.324,11.42
3506,education,APAC,medium,17,0,0.291,13.05
3507,public_sector,NA,medium,13,0,0.184,4.39
3508,retail,APAC,medium,23,0,0.132,3.19
3509,public_sector,EMEA,medium,16,0,0.215,8.48
3510,retail,APAC,low,9,0,0.163,4.29
3511,healthcare,APAC,low,18,0,0.131,7.29
3512,education,NA,medium,9,0,0.326,5.42
3513,public_sector,EMEA,low,23,0,0.109,14.36
3514,finance,APAC,medium,22,0,0.134,10.74
3515,healthcare,EMEA,low,23,0,0.051,6.71
3516,finance,EMEA,medium,7,0,0.281,9.64
3517,finance,EMEA,medium,3,1,0.321,5.89
3518,public_sector,EMEA,medium,19,0,0.111,8.68
3519,retail,EMEA,medium,3,0,0.283,3.03
3520,finance,NA,low,18,0,0.326,4.16
3521,finance,NA,low,3,0,0.183,15.73
3522,public_sector,EMEA,low,11,0,0.2,8.55
3523,healthcare,APAC,medium,7,0,0.17,9.9
3524,finance,NA,medium,2,0,0.192,17.72
3525,healthcare,EMEA,low,8,0,0.314,14.12
3526,healthcare,NA,high,2,0,0.173,8.63
3527,retail,APAC,low,13,0,0.256,16.57
3528,retail,NA,high,4,0,0.175,8.65
3529,education,EMEA,low,14,0,0.287,17.94
3530,finance,NA,high,22,0,0.263,6.95
3531,education,EMEA,low,3,0,0.05,17.43
3532,healthcare,APAC,low,11,1,0.202,3.76
3533,finance,NA,low,7,0,0.285,13.96
3534,retail,NA,medium,18,0,0.139,9.31
3535,finance,APAC,low,5,0,0.145,10.89
3536,education,NA,medium,20,0,0.112,2.17
3537,public_sector,NA,high,9,0,0.268,12.58
3538,healthcare,EMEA,low,9,0,0.213,14.73
3539,education,APAC,high,4,0,0.209,10.33
3540,retail,NA,low,5,0,0.162,14.93
3541,education,EMEA,high,22,0,0.191,5.7
3542,education,EMEA,low,20,1,0.252,2.08
3543,healthcare,NA,low,1,0,0.164,9.13
3544,finance,APAC,low,6,0,0.17,16.5
3545,retail,APAC,medium,21,0,0.343,8.38
3546,finance,NA,low,2,1,0.307,6.16
3547,education,APAC,high,10,1,0.058,1.9
3548,education,EMEA,low,20,0,0.189,8.44
3549,education,NA,medium,5,0,0.284,13.94
3550,education,EMEA,low,3,0,0.279,5.03
3551,retail,APAC,high,6,0,0.063,13.59
3552,retail,APAC,medium,19,0,0.251,14.76
3553,education,NA,medium,1,0,0.115,8.98
3554,public_sector,EMEA,low,14,0,0.088,5.7
3555,public_sector,NA,low,18,0,0.079,11.01
3556,education,EMEA,low,0,0,0.219,6.75
3557,retail,EMEA,medium,8,0,0.085,8.5
3558,education,APAC,low,10,0,0.307,9.9
3559,retail,NA,medium,9,0,0.091,15.97
3560,education,APAC,low,11,0,0.276,3.95
3561,public_sector,APAC,low,1,0,0.064,4.07
3562,finance,NA,high,10,0,0.321,13.52
3563,healthcare,NA,low,7,0,0.282,13.26
3564,healthcare,NA,medium,3,1,0.274,16.79
3565,finance,APAC,low,6,0,0.321,10.82
3566,retail,NA,low,17,0,0.31,13.28
3567,healthcare,EMEA,medium,12,1,0.295,6.58
3568,public_sector,APAC,low,21,0,0.164,9.51
3569,finance,NA,high,6,0,0.197,15.79
3570,finance,EMEA,medium,14,0,0.053,3.62
3571,finance,EMEA,low,10,0,0.326,10.71
3572,public_sector,EMEA,low,19,0,0.181,17.42
3573,healthcare,APAC,low,7,1,0.295,17.24
3574,retail,NA,low,8,0,0.204,4.31
3575,public_sector,APAC,low,18,0,0.244,7.15
3576,public_sector,EMEA,low,12,0,0.234,4.79
3577,healthcare,EMEA,high,8,0,0.16,14.27
3578,finance,EMEA,low,16,0,0.209,16.64
3579,public_sector,APAC,low,14,0,0.09,13.71
3580,education,APAC,medium,20,0,0.104,15.71
3581,finance,EMEA,low,16,0,0.121,1.99
3582,public_sector,NA,medium,11,0,0.318,2.75
3583,finance,NA,low,6,0,0.167,10.73
3584,finance,EMEA,low,15,0,0.224,15.15
3585,healthcare,NA,high,9,0,0.086,3.16
3586,education,NA,medium,9,0,0.309,5.54
3587,healthcare,EMEA,low,18,1,0.174,14.64
3588,education,EMEA,low,17,0,0.246,17.92
3589,education,EMEA,low,8,0,0.051,2.24
3590,education,NA,medium,8,0,0.053,11.17
3591,finance,APAC,medium,5,0,0.107,3.48
3592,public_sector,APAC,medium,20,0,0.271,16.51
3593,finance,APAC,low,8,1,0.078,8.2
3594,retail,NA,high,21,0,0.211,12.84
3595,education,NA,low,7,0,0.153,14.84
3596,retail,EMEA,low,11,0,0.253,9.52
3597,retail,NA,medium,18,0,0.212,6.09
3598,public_sector,EMEA,high,10,0,0.336,13.03
3599,retail,APAC,medium,9,0,0.221,13.26
3600,public_sector,APAC,low,9,0,0.128,3.46
3601,education,EMEA,medium,15,0,0.05,1.74
3602,public_sector,EMEA,medium,13,0,0.239,16.56
3603,education,EMEA,low,17,0,0.121,9.75
3604,public_sector,APAC,medium,22,0,0.102,10.5
3605,public_sector,EMEA,low,5,0,0.325,13.97
3606,retail,EMEA,medium,4,0,0.276,9.72
3607,healthcare,NA,low,10,0,0.265,9.02
3608,education,NA,low,3,0,0.087,17.15
3609,education,NA,low,12,0,0.226,15.15
3610,finance,EMEA,medium,7,0,0.274,17.36
3611,finance,EMEA,medium,18,0,0.336,8.51
3612,healthcare,EMEA,low,3,1,0.302,9.65
3613,retail,EMEA,medium,6,0,0.094,7.29
3614,retail,EMEA,low,17,0,0.28,5.76
3615,retail,EMEA,low,3,0,0.311,10.51
3616,retail,APAC,high,4,1,0.283,14.98
3617,healthcare,NA,medium,0,0,0.106,3.53
3618,finance,EMEA,medium,22,0,0.3,13.51
3619,education,EMEA,low,7,0,0.311,17.4
3620,finance,NA,high,19,0,0.172,9.33
3621,public_sector,APAC,low,11,0,0.176,15.45
3622,retail,APAC,low,18,0,0.288,14.02
3623,education,NA,low,3,0,0.284,6.19
3624,healthcare,APAC,low,12,1,0.243,14.1
3625,finance,NA,low,6,0,0.308,10.34
3626,retail,NA,low,12,0,0.179,11.68
3627,retail,EMEA,low,15,1,0.281,6.3
3628,finance,NA,low,9,0,0.235,14.24
3629,healthcare,APAC,medium,7,0,0.089,3.16
3630,healthcare,NA,high,13,0,0.095,16.26
3631,education,EMEA,low,5,0,0.152,14.0
3632,education,NA,low,6,0,0.095,10.93
3633,finance,APAC,medium,10,0,0.099,14.07
3634,healthcare,APAC,high,3,0,0.092,3.76
3635,healthcare,EMEA,low,6,0,0.194,4.32
3636,healthcare,APAC,high,15,0,0.311,11.02
3637,healthcare,NA,low,4,1,0.277,10.4
3638,healthcare,NA,low,17,0,0.173,7.24
3639,retail,EMEA,low,10,0,0.27,14.11
3640,healthcare,EMEA,low,13,0,0.12,17.13
3641,retail,NA,low,0,0,0.342,16.01
3642,healthcare,APAC,medium,10,0,0.188,15.17
3643,retail,NA,high,15,0,0.218,13.95
3644,healthcare,NA,low,12,0,0.344,6.98
3645,education,APAC,high,12,0,0.208,3.29
3646,education,APAC,low,4,0,0.143,9.87
3647,healthcare,EMEA,medium,22,1,0.259,4.47
3648,finance,EMEA,medium,8,0,0.1,13.31
3649,healthcare,APAC,low,17,1,0.054,16.37
3650,healthcare,EMEA,medium,7,0,0.125,3.15
3651,healthcare,APAC,low,19,0,0.117,11.2
3652,public_sector,APAC,medium,10,0,0.151,10.56
3653,education,NA,low,8,0,0.254,8.11
3654,healthcare,EMEA,low,5,0,0.117,6.46
3655,healthcare,EMEA,low,8,0,0.308,6.84
3656,healthcare,APAC,medium,19,0,0.343,17.48
3657,public_sector,NA,low,8,0,0.179,2.16
3658,retail,APAC,medium,0,0,0.087,11.57
3659,retail,EMEA,medium,11,0,0.32,17.72
3660,public_sector,EMEA,high,1,0,0.298,15.31
3661,finance,NA,low,4,0,0.112,14.69
3662,retail,APAC,low,4,0,0.127,2.08
3663,education,EMEA,low,18,0,0.288,4.6
3664,education,APAC,low,5,1,0.056,15.15
3665,retail,NA,low,3,0,0.202,14.76
3666,healthcare,EMEA,low,0,0,0.188,16.86
3667,retail,NA,low,1,0,0.184,9.86
3668,finance,APAC,medium,13,1,0.302,10.27
3669,education,APAC,high,20,0,0.202,9.85
3670,finance,APAC,medium,23,0,0.167,4.73
3671,education,EMEA,low,8,0,0.051,10.02
3672,finance,APAC,low,22,0,0.061,3.65
3673,finance,NA,low,9,0,0.063,13.12
3674,finance,EMEA,medium,1,1,0.15,8.26
3675,education,NA,low,17,0,0.287,6.02
3676,education,APAC,low,6,0,0.174,10.09
3677,finance,EMEA,medium,22,1,0.125,5.52
3678,retail,NA,low,9,0,0.27,14.4
3679,finance,APAC,low,8,0,0.097,10.81
3680,healthcare,EMEA,medium,17,0,0.24,13.23
3681,finance,EMEA,low,5,0,0.219,8.76
3682,finance,APAC,low,20,0,0.293,6.28
3683,finance,NA,low,23,0,0.159,17.04
3684,retail,APAC,low,10,0,0.166,17.54
3685,public_sector,APAC,high,16,1,0.1,6.73
3686,public_sector,APAC,medium,0,0,0.295,9.72
3687,finance,NA,low,22,0,0.105,11.18
3688,healthcare,NA,low,23,1,0.083,10.47
3689,healthcare,APAC,low,15,0,0.191,12.23
3690,finance,EMEA,high,10,1,0.239,4.4
3691,education,NA,high,19,0,0.283,10.78
3692,retail,NA,low,2,0,0.055,6.66
3693,education,NA,medium,0,0,0.293,14.74
3694,retail,EMEA,low,12,1,0.166,16.73
3695,public_sector,EMEA,high,4,0,0.145,13.54
3696,education,NA,low,5,0,0.28,5.74
3697,retail,EMEA,low,6,0,0.232,6.95
3698,healthcare,NA,medium,17,0,0.188,10.04
3699,public_sector,NA,low,19,1,0.05,9.23
3700,education,NA,medium,17,0,0.307,7.95
3701,public_sector,EMEA,low,23,0,0.099,6.57
3702,retail,NA,medium,19,0,0.124,8.09
3703,healthcare,APAC,low,20,0,0.276,17.05
3704,healthcare,EMEA,low,11,0,0.209,7.77
3705,retail,APAC,medium,8,0,0.203,5.7
3706,public_sector,APAC,low,11,0,0.347,16.63
3707,finance,EMEA,low,8,0,0.27,14.72
3708,healthcare,APAC,low,8,0,0.194,6.28
3709,finance,EMEA,medium,8,1,0.12,14.45
3710,public_sector,NA,medium,1,0,0.278,11.03
3711,education,APAC,low,8,1,0.227,15.91
3712,healthcare,EMEA,low,6,0,0.102,4.58
3713,healthcare,EMEA,low,11,0,0.33,16.95
3714,finance,APAC,low,1,0,0.215,4.88
3715,finance,APAC,medium,2,0,0.281,16.61
3716,retail,NA,low,7,0,0.235,10.05
3717,finance,APAC,medium,6,0,0.229,9.8
3718,healthcare,APAC,low,2,0,0.105,17.46
3719,finance,APAC,medium,22,0,0.346,10.89
3720,finance,APAC,low,23,0,0.156,15.93
3721,healthcare,NA,low,12,0,0.054,13.44
3722,retail,APAC,low,12,1,0.145,7.13
3723,education,EMEA,low,14,0,0.153,11.42
3724,healthcare,APAC,low,9,0,0.18,8.11
3725,retail,APAC,low,16,0,0.256,15.08
3726,public_sector,NA,medium,8,0,0.102,4.72
3727,healthcare,EMEA,low,1,0,0.273,6.34
3728,finance,EMEA,medium,8,0,0.319,11.59
3729,public_sector,EMEA,high,23,0,0.169,11.85
3730,finance,APAC,medium,7,0,0.081,14.75
3731,finance,EMEA,high,6,0,0.283,12.2
3732,healthcare,APAC,high,14,0,0.17,6.37
3733,finance,NA,low,4,0,0.335,6.98
3734,public_sector,EMEA,low,21,0,0.117,17.57
3735,healthcare,EMEA,medium,15,0,0.342,14.13
3736,healthcare,NA,low,17,0,0.331,7.21
3737,education,NA,low,8,0,0.058,14.44
3738,public_sector,EMEA,low,7,0,0.287,15.81
3739,healthcare,NA,low,7,0,0.243,4.24
3740,retail,APAC,low,12,0,0.062,6.46
3741,retail,EMEA,low,7,0,0.255,12.42
3742,healthcare,NA,high,8,0,0.262,16.65
3743,public_sector,EMEA,medium,0,0,0.239,10.87
3744,finance,EMEA,medium,0,0,0.338,8.87
3745,public_sector,APAC,high,12,0,0.344,8.6
3746,healthcare,APAC,low,7,0,0.073,10.33
3747,retail,APAC,medium,15,0,0.306,4.17
3748,public_sector,EMEA,low,3,0,0.331,9.47
3749,finance,NA,low,7,0,0.239,15.94
3750,education,NA,low,23,0,0.214,4.64
3751,retail,APAC,low,23,0,0.334,7.11
3752,finance,EMEA,low,12,0,0.348,9.8
3753,public_sector,APAC,medium,12,0,0.181,1.89
3754,finance,NA,medium,1,1,0.333,4.1
3755,finance,NA,low,12,0,0.344,9.37
3756,retail,APAC,medium,0,0,0.35,2.56
3757,healthcare,EMEA,low,7,0,0.326,8.37
3758,public_sector,APAC,low,4,0,0.09,2.68
3759,healthcare,NA,low,8,0,0.342,5.02
3760,education,NA,low,10,0,0.188,10.1
3761,education,APAC,medium,11,0,0.311,13.24
3762,retail,APAC,low,16,0,0.338,5.56
3763,finance,NA,low,13,0,0.156,14.14
3764,healthcare,APAC,medium,16,0,0.341,12.14
3765,finance,NA,low,14,0,0.188,3.24
3766,healthcare,NA,low,10,1,0.066,2.91
3767,healthcare,APAC,low,13,0,0.243,14.08
3768,education,APAC,low,8,1,0.336,14.63
3769,healthcare,EMEA,medium,3,0,0.137,10.0
3770,education,APAC,medium,2,0,0.223,17.72
3771,retail,EMEA,low,9,0,0.152,9.51
3772,retail,NA,low,11,0,0.149,15.79
3773,finance,APAC,medium,15,0,0.33,5.34
3774,education,NA,low,3,0,0.311,3.56
3775,retail,NA,medium,19,0,0.199,9.69
3776,public_sector,EMEA,high,0,0,0.125,2.65
3777,retail,NA,low,14,0,0.096,11.24
3778,education,APAC,medium,9,1,0.064,17.88
3779,finance,APAC,high,23,0,0.199,15.94
3780,education,EMEA,low,2,1,0.208,16.5
3781,healthcare,APAC,low,17,0,0.319,3.29
3782,public_sector,NA,high,21,0,0.098,12.46
3783,public_sector,APAC,high,23,1,0.233,1.91
3784,finance,EMEA,low,21,0,0.225,1.61
3785,finance,APAC,low,18,0,0.076,15.61
3786,public_sector,APAC,medium,7,0,0.318,16.09
3787,education,EMEA,medium,22,0,0.184,4.67
3788,education,NA,low,19,0,0.097,3.88
3789,finance,EMEA,low,2,0,0.237,12.34
3790,healthcare,NA,low,14,1,0.198,16.69
3791,finance,APAC,low,17,0,0.334,14.58
3792,education,APAC,medium,14,0,0.318,9.51
3793,public_sector,NA,low,5,0,0.075,3.37
3794,healthcare,APAC,low,1,0,0.158,11.27
3795,retail,NA,low,23,0,0.123,2.19
3796,finance,EMEA,low,22,0,0.339,4.8
3797,education,APAC,low,6,0,0.163,12.56
3798,finance,APAC,low,14,0,0.276,6.86
3799,finance,NA,medium,10,0,0.31,15.5
3800,healthcare,EMEA,low,15,0,0.083,7.72
3801,retail,APAC,low,11,0,0.069,13.24
3802,healthcare,APAC,low,9,0,0.078,3.14
3803,public_sector,APAC,high,20,0,0.069,13.44
3804,retail,APAC,high,4,1,0.127,5.22
3805,education,EMEA,medium,19,1,0.123,17.65
3806,public_sector,NA,high,8,1,0.085,4.0
3807,healthcare,NA,low,1,0,0.161,9.51
3808,retail,NA,medium,17,1,0.173,6.13
3809,retail,APAC,low,5,0,0.187,5.4
3810,healthcare,EMEA,low,12,1,0.316,7.16
3811,education,EMEA,medium,13,0,0.111,5.53
3812,education,APAC,low,14,0,0.232,14.86
3813,healthcare,APAC,low,10,0,0.331,8.09
3814,education,NA,low,20,0,0.103,15.13
3815,finance,APAC,low,10,0,0.322,6.29
3816,healthcare,EMEA,low,3,1,0.069,8.87
3817,education,EMEA,low,17,0,0.11,7.21
3818,finance,EMEA,low,2,1,0.225,14.85
3819,public_sector,EMEA,medium,10,1,0.317,9.04
3820,finance,EMEA,high,6,0,0.112,14.53
3821,education,EMEA,medium,22,0,0.32,12.42
3822,healthcare,EMEA,medium,1,0,0.154,16.52
3823,retail,EMEA,medium,9,0,0.077,8.14
3824,healthcare,EMEA,medium,20,0,0.233,4.77
3825,public_sector,EMEA,medium,11,0,0.232,17.22
3826,education,EMEA,low,3,0,0.227,7.8
3827,healthcare,EMEA,medium,22,0,0.222,9.71
3828,healthcare,EMEA,high,16,0,0.306,14.42
3829,education,EMEA,low,16,0,0.15,2.97
3830,finance,APAC,medium,5,0,0.309,6.79
3831,healthcare,NA,low,19,0,0.294,10.77
3832,public_sector,EMEA,medium,4,0,0.261,12.44
3833,retail,APAC,low,11,0,0.224,2.28
3834,finance,NA,medium,10,0,0.237,6.6
3835,healthcare,NA,high,17,1,0.326,10.94
3836,education,NA,medium,20,0,0.185,15.44
3837,retail,APAC,low,11,0,0.337,3.11
3838,public_sector,NA,low,16,0,0.129,9.9
3839,finance,EMEA,high,3,0,0.083,6.85
3840,healthcare,APAC,low,14,1,0.066,12.64
3841,healthcare,APAC,high,6,0,0.278,6.17
3842,finance,EMEA,low,23,0,0.219,12.92
3843,healthcare,APAC,high,8,1,0.104,9.98
3844,retail,APAC,medium,12,0,0.095,7.12
3845,education,EMEA,medium,18,0,0.171,4.69
3846,public_sector,NA,low,5,0,0.219,12.95
3847,finance,NA,low,9,0,0.194,9.66
3848,education,NA,low,4,0,0.287,12.29
3849,healthcare,EMEA,medium,16,0,0.138,15.1
3850,retail,EMEA,low,12,0,0.19,4.86
3851,healthcare,EMEA,low,15,0,0.333,8.16
3852,public_sector,APAC,low,14,0,0.188,2.25
3853,finance,NA,medium,14,0,0.244,10.1
3854,public_sector,NA,medium,5,0,0.096,15.68
3855,finance,NA,low,20,0,0.138,13.72
3856,healthcare,NA,low,6,0,0.081,12.23
3857,healthcare,NA,medium,4,0,0.229,9.84
3858,public_sector,EMEA,medium,6,0,0.211,14.21
3859,healthcare,NA,low,23,0,0.059,8.79
3860,education,APAC,medium,15,0,0.088,13.95
3861,healthcare,APAC,medium,9,1,0.284,12.38
3862,healthcare,EMEA,low,11,0,0.297,7.48
3863,education,EMEA,medium,21,0,0.327,7.27
3864,finance,APAC,low,20,0,0.121,10.65
3865,healthcare,EMEA,medium,22,0,0.099,12.26
3866,public_sector,APAC,low,21,0,0.158,4.26
3867,education,EMEA,medium,16,1,0.25,5.74
3868,retail,APAC,low,16,0,0.28,13.09
3869,retail,EMEA,medium,1,0,0.077,16.94
3870,healthcare,EMEA,medium,14,0,0.24,12.69
3871,retail,EMEA,medium,19,0,0.08,4.81
3872,education,APAC,low,7,0,0.326,4.41
3873,retail,NA,high,13,1,0.117,7.57
3874,education,EMEA,low,15,0,0.299,4.58
3875,finance,APAC,low,21,0,0.108,3.76
3876,public_sector,APAC,low,20,0,0.166,16.79
3877,retail,NA,low,2,1,0.077,11.32
3878,retail,NA,low,22,0,0.177,5.21
3879,public_sector,NA,low,7,0,0.111,3.97
3880,finance,EMEA,low,23,0,0.074,5.04
3881,education,NA,low,2,0,0.13,3.87
3882,healthcare,APAC,medium,15,0,0.207,11.3
3883,healthcare,NA,medium,11,0,0.126,15.84
3884,education,NA,low,13,0,0.072,10.72
3885,education,NA,high,20,0,0.09,12.5
3886,finance,APAC,low,21,0,0.118,2.27
3887,healthcare,APAC,medium,13,1,0.16,7.21
3888,finance,EMEA,low,20,1,0.093,15.24
3889,retail,NA,low,17,0,0.178,4.41
3890,retail,APAC,medium,18,0,0.344,6.76
3891,public_sector,EMEA,medium,21,0,0.115,11.06
3892,healthcare,EMEA,low,7,0,0.336,13.19
3893,finance,APAC,medium,7,0,0.237,3.32
3894,finance,APAC,medium,6,0,0.266,11.78
3895,healthcare,EMEA,low,12,1,0.092,3.35
3896,retail,NA,medium,22,1,0.302,16.08
3897,public_sector,EMEA,low,10,0,0.137,13.9
3898,finance,NA,low,23,0,0.294,9.8
3899,public_sector,APAC,low,4,0,0.14,16.06
3900,education,EMEA,low,9,0,0.196,7.58
3901,healthcare,APAC,low,22,1,0.319,3.45
3902,education,EMEA,medium,16,0,0.122,9.72
3903,healthcare,EMEA,medium,19,0,0.245,14.41
3904,finance,EMEA,high,15,0,0.171,16.67
3905,retail,NA,high,10,0,0.18,4.72
3906,public_sector,NA,low,19,0,0.212,13.12
3907,public_sector,EMEA,low,11,0,0.239,15.61
3908,retail,EMEA,medium,8,0,0.263,4.19
3909,healthcare,NA,low,12,0,0.152,11.21
3910,retail,APAC,medium,12,0,0.281,16.98
3911,healthcare,NA,low,18,1,0.221,5.98
3912,public_sector,APAC,low,19,0,0.226,2.29
3913,retail,NA,low,20,1,0.22,4.97
3914,healthcare,EMEA,low,21,0,0.166,17.4
3915,education,APAC,low,15,0,0.284,16.76
3916,retail,EMEA,low,3,0,0.076,2.39
3917,retail,APAC,low,15,0,0.298,13.02
3918,healthcare,EMEA,low,13,0,0.069,9.77
3919,healthcare,EMEA,medium,0,0,0.285,2.01
3920,healthcare,NA,medium,17,1,0.119,16.52
3921,finance,APAC,low,15,0,0.249,13.0
3922,retail,APAC,low,3,0,0.093,9.72
3923,education,EMEA,low,13,0,0.19,4.32
3924,healthcare,EMEA,medium,2,0,0.159,4.76
3925,education,APAC,low,12,0,0.122,4.23
3926,retail,EMEA,low,10,0,0.333,4.46
3927,healthcare,EMEA,medium,6,0,0.163,16.47
3928,retail,NA,low,14,1,0.056,12.63
3929,healthcare,APAC,medium,23,0,0.237,14.74
3930,education,EMEA,high,14,1,0.162,6.35
3931,education,APAC,medium,10,0,0.055,13.48
3932,finance,NA,high,10,0,0.069,13.96
3933,healthcare,NA,low,14,0,0.102,11.65
3934,education,APAC,medium,14,0,0.238,6.94
3935,retail,NA,low,17,0,0.123,17.51
3936,finance,NA,high,14,0,0.056,5.28
3937,education,NA,low,20,0,0.055,5.57
3938,healthcare,NA,high,13,0,0.147,12.17
3939,public_sector,NA,low,10,0,0.308,5.02
3940,education,EMEA,medium,16,0,0.287,11.91
3941,public_sector,EMEA,medium,7,0,0.094,14.1
3942,healthcare,APAC,low,12,0,0.219,4.74
3943,education,APAC,high,16,1,0.186,13.28
3944,education,APAC,low,13,1,0.134,5.08
3945,healthcare,APAC,high,15,0,0.167,16.76
3946,healthcare,APAC,low,14,0,0.091,11.41
3947,finance,NA,medium,14,0,0.29,6.38
3948,finance,NA,low,11,0,0.093,5.03
3949,finance,APAC,medium,21,0,0.299,12.22
3950,retail,EMEA,medium,1,0,0.089,10.34
3951,public_sector,EMEA,low,4,0,0.138,12.22
3952,public_sector,EMEA,low,5,0,0.192,1.53
3953,healthcare,NA,low,6,0,0.191,5.6
3954,healthcare,NA,low,14,0,0.341,8.49
3955,healthcare,APAC,low,8,0,0.105,4.88
3956,finance,EMEA,low,16,1,0.211,10.89
3957,education,APAC,low,7,0,0.203,5.73
3958,finance,EMEA,low,21,0,0.233,5.68
3959,finance,APAC,medium,2,0,0.203,8.11
3960,public_sector,APAC,low,10,0,0.251,12.7
3961,retail,EMEA,low,23,1,0.094,5.56
3962,public_sector,NA,medium,14,0,0.059,8.26
3963,public_sector,NA,medium,10,1,0.069,3.89
3964,education,EMEA,medium,2,0,0.209,6.45
3965,healthcare,APAC,medium,8,1,0.214,8.06
3966,education,EMEA,medium,21,0,0.3,6.38
3967,public_sector,APAC,medium,6,0,0.122,2.46
3968,finance,APAC,low,4,0,0.107,10.95
3969,retail,EMEA,high,9,0,0.31,6.93
3970,education,NA,high,8,0,0.079,3.39
3971,retail,EMEA,low,3,0,0.228,13.19
3972,public_sector,APAC,low,17,0,0.178,15.44
3973,retail,EMEA,low,14,0,0.337,14.98
3974,finance,APAC,high,4,1,0.238,1.71
3975,education,APAC,high,21,0,0.054,9.05
3976,education,EMEA,high,14,0,0.294,3.6
3977,retail,NA,low,22,0,0.057,8.01
3978,healthcare,EMEA,high,9,0,0.239,16.98
3979,retail,NA,low,13,0,0.258,16.65
3980,public_sector,APAC,low,12,0,0.209,5.22
3981,finance,APAC,low,1,0,0.279,14.28
3982,public_sector,APAC,low,17,0,0.162,11.01
3983,retail,NA,low,5,0,0.072,15.46
3984,education,APAC,medium,2,0,0.295,4.9
3985,public_sector,NA,medium,16,0,0.135,17.35
3986,finance,EMEA,high,4,1,0.185,5.49
3987,public_sector,EMEA,low,13,0,0.147,11.89
3988,public_sector,NA,low,20,0,0.176,11.99
3989,retail,NA,low,17,1,0.294,10.07
3990,public_sector,NA,low,15,0,0.128,13.29
3991,education,APAC,low,18,0,0.131,14.5
3992,healthcare,APAC,low,12,0,0.277,11.03
3993,finance,APAC,low,0,1,0.247,9.36
3994,public_sector,APAC,high,9,0,0.231,2.67
3995,education,APAC,high,21,0,0.088,9.35
3996,finance,NA,low,4,0,0.123,5.46
3997,education,APAC,low,17,0,0.148,4.66
3998,finance,NA,low,10,0,0.182,16.58
3999,public_sector,NA,low,16,1,0.121,12.27
4000,healthcare,APAC,low,2,0,0.27,4.92
